tick,timestamp,node_id,node_type,disrupted,available_supply,production_capacity,mortality_rate,processing_capacity,output_stock,inventory_level,pending_shipments,retail_inventory,safety_stock,stockout_flag,shortage_duration,sales_rate,reorder_request,scenario_id,mode
0,2026-05-01 06:00,supplier_1,supplier,0,921.14,,,,,,,,,,,,,61,hitl
0,2026-05-01 06:00,farm_1,farm,0,,767.0,0.0184,,,,,,,,,,,61,hitl
0,2026-05-01 06:00,slaughterhouse_1,slaughterhouse,0,,,,403.0,221.78,,,,,,,,,61,hitl
0,2026-05-01 06:00,wholesaler_1,wholesaler,0,,,,,,156.26,8.3,,,,,,,61,hitl
0,2026-05-01 06:00,retail_1,retail,0,,,,,,,,87.6,30.0,0.0,0.0,2.8,0.0,61,hitl
1,2026-05-01 06:15,supplier_1,supplier,0,919.93,,,,,,,,,,,,,61,hitl
1,2026-05-01 06:15,farm_1,farm,0,,767.0,0.0184,,,,,,,,,,,61,hitl
1,2026-05-01 06:15,slaughterhouse_1,slaughterhouse,0,,,,403.0,233.47,,,,,,,,,61,hitl
1,2026-05-01 06:15,wholesaler_1,wholesaler,0,,,,,,177.94,8.3,,,,,,,61,hitl
1,2026-05-01 06:15,retail_1,retail,0,,,,,,,,94.96,30.0,0.0,0.0,2.8,0.0,61,hitl
2,2026-05-01 06:30,supplier_1,supplier,0,918.82,,,,,,,,,,,,,61,hitl
2,2026-05-01 06:30,farm_1,farm,0,,767.0,0.0184,,,,,,,,,,,61,hitl
2,2026-05-01 06:30,slaughterhouse_1,slaughterhouse,0,,,,403.0,244.0,,,,,,,,,61,hitl
2,2026-05-01 06:30,wholesaler_1,wholesaler,0,,,,,,176.38,8.3,,,,,,,61,hitl
2,2026-05-01 06:30,retail_1,retail,0,,,,,,,,94.18,30.0,0.0,0.0,2.8,0.0,61,hitl
3,2026-05-01 06:45,supplier_1,supplier,0,917.89,,,,,,,,,,,,,61,hitl
3,2026-05-01 06:45,farm_1,farm,0,,767.0,0.0184,,,,,,,,,,,61,hitl
3,2026-05-01 06:45,slaughterhouse_1,slaughterhouse,0,,,,403.0,255.54,,,,,,,,,61,hitl
3,2026-05-01 06:45,wholesaler_1,wholesaler,0,,,,,,174.45,8.3,,,,,,,61,hitl
3,2026-05-01 06:45,retail_1,retail,0,,,,,,,,93.46,30.0,0.0,0.0,2.8,0.0,61,hitl
4,2026-05-01 07:00,supplier_1,supplier,0,916.73,,,,,,,,,,,,,61,hitl
4,2026-05-01 07:00,farm_1,farm,0,,767.0,0.0184,,,,,,,,,,,61,hitl
4,2026-05-01 07:00,slaughterhouse_1,slaughterhouse,0,,,,403.0,267.53,,,,,,,,,61,hitl
4,2026-05-01 07:00,wholesaler_1,wholesaler,0,,,,,,163.94,8.3,,,,,,,61,hitl
4,2026-05-01 07:00,retail_1,retail,0,,,,,,,,92.7,30.0,0.0,0.0,2.8,0.0,61,hitl
5,2026-05-01 07:15,supplier_1,supplier,0,915.81,,,,,,,,,,,,,61,hitl
5,2026-05-01 07:15,farm_1,farm,0,,767.0,0.0184,,,,,,,,,,,61,hitl
5,2026-05-01 07:15,slaughterhouse_1,slaughterhouse,0,,,,403.0,279.03,,,,,,,,,61,hitl
5,2026-05-01 07:15,wholesaler_1,wholesaler,0,,,,,,162.18,8.3,,,,,,,61,hitl
5,2026-05-01 07:15,retail_1,retail,0,,,,,,,,100.06,30.0,0.0,0.0,2.8,0.0,61,hitl
6,2026-05-01 07:30,supplier_1,supplier,0,914.46,,,,,,,,,,,,,61,hitl
6,2026-05-01 07:30,farm_1,farm,0,,767.0,0.0184,,,,,,,,,,,61,hitl
6,2026-05-01 07:30,slaughterhouse_1,slaughterhouse,0,,,,403.0,289.64,,,,,,,,,61,hitl
6,2026-05-01 07:30,wholesaler_1,wholesaler,0,,,,,,159.77,8.3,,,,,,,61,hitl
6,2026-05-01 07:30,retail_1,retail,0,,,,,,,,99.34,30.0,0.0,0.0,2.8,0.0,61,hitl
7,2026-05-01 07:45,supplier_1,supplier,0,913.73,,,,,,,,,,,,,61,hitl
7,2026-05-01 07:45,farm_1,farm,0,,767.0,0.0184,,,,,,,,,,,61,hitl
7,2026-05-01 07:45,slaughterhouse_1,slaughterhouse,0,,,,403.0,300.2,,,,,,,,,61,hitl
7,2026-05-01 07:45,wholesaler_1,wholesaler,0,,,,,,156.92,8.3,,,,,,,61,hitl
7,2026-05-01 07:45,retail_1,retail,0,,,,,,,,98.6,30.0,0.0,0.0,2.8,0.0,61,hitl
8,2026-05-01 08:00,supplier_1,supplier,0,912.71,,,,,,,,,,,,,61,hitl
8,2026-05-01 08:00,farm_1,farm,0,,767.0,0.0184,,,,,,,,,,,61,hitl
8,2026-05-01 08:00,slaughterhouse_1,slaughterhouse,0,,,,403.0,286.69,,,,,,,,,61,hitl
8,2026-05-01 08:00,wholesaler_1,wholesaler,0,,,,,,147.65,8.3,,,,,,,61,hitl
8,2026-05-01 08:00,retail_1,retail,0,,,,,,,,97.85,30.0,0.0,0.0,2.8,0.0,61,hitl
9,2026-05-01 08:15,supplier_1,supplier,0,911.75,,,,,,,,,,,,,61,hitl
9,2026-05-01 08:15,farm_1,farm,0,,767.0,0.0184,,,,,,,,,,,61,hitl
9,2026-05-01 08:15,slaughterhouse_1,slaughterhouse,0,,,,403.0,298.02,,,,,,,,,61,hitl
9,2026-05-01 08:15,wholesaler_1,wholesaler,0,,,,,,168.76,8.3,,,,,,,61,hitl
9,2026-05-01 08:15,retail_1,retail,0,,,,,,,,104.25,30.0,0.0,0.0,2.8,0.0,61,hitl
10,2026-05-01 08:30,supplier_1,supplier,0,910.58,,,,,,,,,,,,,61,hitl
10,2026-05-01 08:30,farm_1,farm,0,,767.0,0.0184,,,,,,,,,,,61,hitl
10,2026-05-01 08:30,slaughterhouse_1,slaughterhouse,0,,,,403.0,309.23,,,,,,,,,61,hitl
10,2026-05-01 08:30,wholesaler_1,wholesaler,0,,,,,,166.33,8.3,,,,,,,61,hitl
10,2026-05-01 08:30,retail_1,retail,0,,,,,,,,103.55,30.0,0.0,0.0,2.8,0.0,61,hitl
11,2026-05-01 08:45,supplier_1,supplier,0,909.2,,,,,,,,,,,,,61,hitl
11,2026-05-01 08:45,farm_1,farm,0,,767.0,0.0184,,,,,,,,,,,61,hitl
11,2026-05-01 08:45,slaughterhouse_1,slaughterhouse,0,,,,403.0,321.0,,,,,,,,,61,hitl
11,2026-05-01 08:45,wholesaler_1,wholesaler,0,,,,,,164.39,8.3,,,,,,,61,hitl
11,2026-05-01 08:45,retail_1,retail,0,,,,,,,,102.82,30.0,0.0,0.0,2.8,0.0,61,hitl
12,2026-05-01 09:00,supplier_1,supplier,0,908.67,,,,,,,,,,,,,61,hitl
12,2026-05-01 09:00,farm_1,farm,0,,767.0,0.0184,,,,,,,,,,,61,hitl
12,2026-05-01 09:00,slaughterhouse_1,slaughterhouse,0,,,,403.0,332.13,,,,,,,,,61,hitl
12,2026-05-01 09:00,wholesaler_1,wholesaler,0,,,,,,159.55,8.3,,,,,,,61,hitl
12,2026-05-01 09:00,retail_1,retail,0,,,,,,,,102.06,30.0,0.0,0.0,2.8,0.0,61,hitl
13,2026-05-01 09:15,supplier_1,supplier,0,907.61,,,,,,,,,,,,,61,hitl
13,2026-05-01 09:15,farm_1,farm,0,,767.0,0.0184,,,,,,,,,,,61,hitl
13,2026-05-01 09:15,slaughterhouse_1,slaughterhouse,0,,,,403.0,343.08,,,,,,,,,61,hitl
13,2026-05-01 09:15,wholesaler_1,wholesaler,0,,,,,,157.59,8.3,,,,,,,61,hitl
13,2026-05-01 09:15,retail_1,retail,0,,,,,,,,104.23,30.0,0.0,0.0,2.8,0.0,61,hitl
14,2026-05-01 09:30,supplier_1,supplier,0,906.26,,,,,,,,,,,,,61,hitl
14,2026-05-01 09:30,farm_1,farm,0,,767.0,0.0184,,,,,,,,,,,61,hitl
14,2026-05-01 09:30,slaughterhouse_1,slaughterhouse,0,,,,403.0,353.73,,,,,,,,,61,hitl
14,2026-05-01 09:30,wholesaler_1,wholesaler,0,,,,,,155.47,8.3,,,,,,,61,hitl
14,2026-05-01 09:30,retail_1,retail,0,,,,,,,,103.51,30.0,0.0,0.0,2.8,0.0,61,hitl
15,2026-05-01 09:45,supplier_1,supplier,0,904.97,,,,,,,,,,,,,61,hitl
15,2026-05-01 09:45,farm_1,farm,0,,767.0,0.0184,,,,,,,,,,,61,hitl
15,2026-05-01 09:45,slaughterhouse_1,slaughterhouse,0,,,,403.0,365.65,,,,,,,,,61,hitl
15,2026-05-01 09:45,wholesaler_1,wholesaler,0,,,,,,153.66,8.3,,,,,,,61,hitl
15,2026-05-01 09:45,retail_1,retail,0,,,,,,,,102.81,30.0,0.0,0.0,2.8,0.0,61,hitl
16,2026-05-01 10:00,supplier_1,supplier,0,904.04,,,,,,,,,,,,,61,hitl
16,2026-05-01 10:00,farm_1,farm,0,,767.0,0.0184,,,,,,,,,,,61,hitl
16,2026-05-01 10:00,slaughterhouse_1,slaughterhouse,0,,,,403.0,351.93,,,,,,,,,61,hitl
16,2026-05-01 10:00,wholesaler_1,wholesaler,0,,,,,,148.83,8.3,,,,,,,61,hitl
16,2026-05-01 10:00,retail_1,retail,0,,,,,,,,102.18,30.0,0.0,0.0,2.8,0.0,61,hitl
17,2026-05-01 10:15,supplier_1,supplier,0,903.13,,,,,,,,,,,,,61,hitl
17,2026-05-01 10:15,farm_1,farm,0,,767.0,0.0184,,,,,,,,,,,61,hitl
17,2026-05-01 10:15,slaughterhouse_1,slaughterhouse,0,,,,403.0,363.82,,,,,,,,,61,hitl
17,2026-05-01 10:15,wholesaler_1,wholesaler,0,,,,,,170.1,8.3,,,,,,,61,hitl
17,2026-05-01 10:15,retail_1,retail,0,,,,,,,,104.3,30.0,0.0,0.0,2.8,0.0,61,hitl
18,2026-05-01 10:30,supplier_1,supplier,0,902.46,,,,,,,,,,,,,61,hitl
18,2026-05-01 10:30,farm_1,farm,0,,767.0,0.0184,,,,,,,,,,,61,hitl
18,2026-05-01 10:30,slaughterhouse_1,slaughterhouse,0,,,,403.0,374.54,,,,,,,,,61,hitl
18,2026-05-01 10:30,wholesaler_1,wholesaler,0,,,,,,167.42,8.3,,,,,,,61,hitl
18,2026-05-01 10:30,retail_1,retail,0,,,,,,,,103.53,30.0,0.0,0.0,2.8,0.0,61,hitl
19,2026-05-01 10:45,supplier_1,supplier,0,901.9,,,,,,,,,,,,,61,hitl
19,2026-05-01 10:45,farm_1,farm,0,,767.0,0.0184,,,,,,,,,,,61,hitl
19,2026-05-01 10:45,slaughterhouse_1,slaughterhouse,0,,,,403.0,385.5,,,,,,,,,61,hitl
19,2026-05-01 10:45,wholesaler_1,wholesaler,0,,,,,,164.74,8.3,,,,,,,61,hitl
19,2026-05-01 10:45,retail_1,retail,0,,,,,,,,102.87,30.0,0.0,0.0,2.8,0.0,61,hitl
20,2026-05-01 11:00,supplier_1,supplier,0,900.88,,,,,,,,,,,,,61,hitl
20,2026-05-01 11:00,farm_1,farm,0,,767.0,0.0184,,,,,,,,,,,61,hitl
20,2026-05-01 11:00,slaughterhouse_1,slaughterhouse,0,,,,403.0,396.45,,,,,,,,,61,hitl
20,2026-05-01 11:00,wholesaler_1,wholesaler,0,,,,,,159.04,8.3,,,,,,,61,hitl
20,2026-05-01 11:00,retail_1,retail,0,,,,,,,,102.15,30.0,0.0,0.0,2.8,0.0,61,hitl
21,2026-05-01 11:15,supplier_1,supplier,0,899.79,,,,,,,,,,,,,61,hitl
21,2026-05-01 11:15,farm_1,farm,0,,767.0,0.0184,,,,,,,,,,,61,hitl
21,2026-05-01 11:15,slaughterhouse_1,slaughterhouse,0,,,,403.0,400.0,,,,,,,,,61,hitl
21,2026-05-01 11:15,wholesaler_1,wholesaler,0,,,,,,157.39,8.3,,,,,,,61,hitl
21,2026-05-01 11:15,retail_1,retail,0,,,,,,,,104.22,30.0,0.0,0.0,2.8,0.0,61,hitl
22,2026-05-01 11:30,supplier_1,supplier,0,898.72,,,,,,,,,,,,,61,hitl
22,2026-05-01 11:30,farm_1,farm,0,,767.0,0.0184,,,,,,,,,,,61,hitl
22,2026-05-01 11:30,slaughterhouse_1,slaughterhouse,0,,,,403.0,400.0,,,,,,,,,61,hitl
22,2026-05-01 11:30,wholesaler_1,wholesaler,0,,,,,,155.27,8.3,,,,,,,61,hitl
22,2026-05-01 11:30,retail_1,retail,0,,,,,,,,103.44,30.0,0.0,0.0,2.8,0.0,61,hitl
23,2026-05-01 11:45,supplier_1,supplier,0,897.33,,,,,,,,,,,,,61,hitl
23,2026-05-01 11:45,farm_1,farm,0,,767.0,0.0184,,,,,,,,,,,61,hitl
23,2026-05-01 11:45,slaughterhouse_1,slaughterhouse,0,,,,403.0,400.0,,,,,,,,,61,hitl
23,2026-05-01 11:45,wholesaler_1,wholesaler,0,,,,,,153.64,8.3,,,,,,,61,hitl
23,2026-05-01 11:45,retail_1,retail,0,,,,,,,,102.71,30.0,0.0,0.0,2.8,0.0,61,hitl
24,2026-05-01 12:00,supplier_1,supplier,0,895.92,,,,,,,,,,,,,61,hitl
24,2026-05-01 12:00,farm_1,farm,0,,767.0,0.0184,,,,,,,,,,,61,hitl
24,2026-05-01 12:00,slaughterhouse_1,slaughterhouse,0,,,,403.0,376.0,,,,,,,,,61,hitl
24,2026-05-01 12:00,wholesaler_1,wholesaler,0,,,,,,147.87,8.3,,,,,,,61,hitl
24,2026-05-01 12:00,retail_1,retail,0,,,,,,,,102.01,30.0,0.0,0.0,2.8,0.0,61,hitl
25,2026-05-01 12:15,supplier_1,supplier,0,894.69,,,,,,,,,,,,,61,hitl
25,2026-05-01 12:15,farm_1,farm,0,,767.0,0.0184,,,,,,,,,,,61,hitl
25,2026-05-01 12:15,slaughterhouse_1,slaughterhouse,0,,,,403.0,387.65,,,,,,,,,61,hitl
25,2026-05-01 12:15,wholesaler_1,wholesaler,0,,,,,,169.49,8.3,,,,,,,61,hitl
25,2026-05-01 12:15,retail_1,retail,0,,,,,,,,104.27,30.0,0.0,0.0,2.8,0.0,61,hitl
26,2026-05-01 12:30,supplier_1,supplier,0,893.22,,,,,,,,,,,,,61,hitl
26,2026-05-01 12:30,farm_1,farm,0,,767.0,0.0184,,,,,,,,,,,61,hitl
26,2026-05-01 12:30,slaughterhouse_1,slaughterhouse,0,,,,403.0,398.46,,,,,,,,,61,hitl
26,2026-05-01 12:30,wholesaler_1,wholesaler,0,,,,,,167.1,8.3,,,,,,,61,hitl
26,2026-05-01 12:30,retail_1,retail,0,,,,,,,,103.5,30.0,0.0,0.0,2.8,0.0,61,hitl
27,2026-05-01 12:45,supplier_1,supplier,0,892.27,,,,,,,,,,,,,61,hitl
27,2026-05-01 12:45,farm_1,farm,0,,767.0,0.0184,,,,,,,,,,,61,hitl
27,2026-05-01 12:45,slaughterhouse_1,slaughterhouse,0,,,,403.0,400.0,,,,,,,,,61,hitl
27,2026-05-01 12:45,wholesaler_1,wholesaler,0,,,,,,164.37,8.3,,,,,,,61,hitl
27,2026-05-01 12:45,retail_1,retail,0,,,,,,,,102.8,30.0,0.0,0.0,2.8,0.0,61,hitl
28,2026-05-01 13:00,supplier_1,supplier,0,890.84,,,,,,,,,,,,,61,hitl
28,2026-05-01 13:00,farm_1,farm,0,,767.0,0.0184,,,,,,,,,,,61,hitl
28,2026-05-01 13:00,slaughterhouse_1,slaughterhouse,0,,,,403.0,400.0,,,,,,,,,61,hitl
28,2026-05-01 13:00,wholesaler_1,wholesaler,0,,,,,,159.76,8.3,,,,,,,61,hitl
28,2026-05-01 13:00,retail_1,retail,0,,,,,,,,102.17,30.0,0.0,0.0,2.8,0.0,61,hitl
29,2026-05-01 13:15,supplier_1,supplier,0,889.59,,,,,,,,,,,,,61,hitl
29,2026-05-01 13:15,farm_1,farm,0,,767.0,0.0184,,,,,,,,,,,61,hitl
29,2026-05-01 13:15,slaughterhouse_1,slaughterhouse,0,,,,403.0,400.0,,,,,,,,,61,hitl
29,2026-05-01 13:15,wholesaler_1,wholesaler,0,,,,,,157.0,8.3,,,,,,,61,hitl
29,2026-05-01 13:15,retail_1,retail,0,,,,,,,,104.34,30.0,0.0,0.0,2.8,0.0,61,hitl
30,2026-05-01 13:30,supplier_1,supplier,0,888.28,,,,,,,,,,,,,61,hitl
30,2026-05-01 13:30,farm_1,farm,0,,767.0,0.0184,,,,,,,,,,,61,hitl
30,2026-05-01 13:30,slaughterhouse_1,slaughterhouse,0,,,,403.0,400.0,,,,,,,,,61,hitl
30,2026-05-01 13:30,wholesaler_1,wholesaler,0,,,,,,155.39,8.3,,,,,,,61,hitl
30,2026-05-01 13:30,retail_1,retail,0,,,,,,,,103.58,30.0,0.0,0.0,2.8,0.0,61,hitl
31,2026-05-01 13:45,supplier_1,supplier,0,887.28,,,,,,,,,,,,,61,hitl
31,2026-05-01 13:45,farm_1,farm,0,,767.0,0.0184,,,,,,,,,,,61,hitl
31,2026-05-01 13:45,slaughterhouse_1,slaughterhouse,0,,,,403.0,400.0,,,,,,,,,61,hitl
31,2026-05-01 13:45,wholesaler_1,wholesaler,0,,,,,,152.84,8.3,,,,,,,61,hitl
31,2026-05-01 13:45,retail_1,retail,0,,,,,,,,102.85,30.0,0.0,0.0,2.8,0.0,61,hitl
32,2026-05-01 14:00,supplier_1,supplier,0,886.26,,,,,,,,,,,,,61,hitl
32,2026-05-01 14:00,farm_1,farm,0,,767.0,0.0184,,,,,,,,,,,61,hitl
32,2026-05-01 14:00,slaughterhouse_1,slaughterhouse,0,,,,403.0,376.0,,,,,,,,,61,hitl
32,2026-05-01 14:00,wholesaler_1,wholesaler,0,,,,,,147.15,8.3,,,,,,,61,hitl
32,2026-05-01 14:00,retail_1,retail,0,,,,,,,,102.16,30.0,0.0,0.0,2.8,0.0,61,hitl
33,2026-05-01 14:15,supplier_1,supplier,0,885.18,,,,,,,,,,,,,61,hitl
33,2026-05-01 14:15,farm_1,farm,0,,767.0,0.0184,,,,,,,,,,,61,hitl
33,2026-05-01 14:15,slaughterhouse_1,slaughterhouse,0,,,,403.0,387.19,,,,,,,,,61,hitl
33,2026-05-01 14:15,wholesaler_1,wholesaler,0,,,,,,168.41,8.3,,,,,,,61,hitl
33,2026-05-01 14:15,retail_1,retail,0,,,,,,,,104.35,30.0,0.0,0.0,2.8,0.0,61,hitl
34,2026-05-01 14:30,supplier_1,supplier,0,884.62,,,,,,,,,,,,,61,hitl
34,2026-05-01 14:30,farm_1,farm,0,,767.0,0.0184,,,,,,,,,,,61,hitl
34,2026-05-01 14:30,slaughterhouse_1,slaughterhouse,0,,,,403.0,398.38,,,,,,,,,61,hitl
34,2026-05-01 14:30,wholesaler_1,wholesaler,0,,,,,,165.88,8.3,,,,,,,61,hitl
34,2026-05-01 14:30,retail_1,retail,0,,,,,,,,103.73,30.0,0.0,0.0,2.8,0.0,61,hitl
35,2026-05-01 14:45,supplier_1,supplier,0,883.44,,,,,,,,,,,,,61,hitl
35,2026-05-01 14:45,farm_1,farm,0,,767.0,0.0184,,,,,,,,,,,61,hitl
35,2026-05-01 14:45,slaughterhouse_1,slaughterhouse,0,,,,403.0,400.0,,,,,,,,,61,hitl
35,2026-05-01 14:45,wholesaler_1,wholesaler,0,,,,,,163.45,8.3,,,,,,,61,hitl
35,2026-05-01 14:45,retail_1,retail,0,,,,,,,,102.99,30.0,0.0,0.0,2.8,0.0,61,hitl
36,2026-05-01 15:00,supplier_1,supplier,0,882.15,,,,,,,,,,,,,61,hitl
36,2026-05-01 15:00,farm_1,farm,1,,767.0,0.0184,,,,,,,,,,,61,hitl
36,2026-05-01 15:00,slaughterhouse_1,slaughterhouse,0,,,,322.4,400.0,,,,,,,,,61,hitl
36,2026-05-01 15:00,wholesaler_1,wholesaler,0,,,,,,158.69,8.3,,,,,,,61,hitl
36,2026-05-01 15:00,retail_1,retail,0,,,,,,,,102.22,30.0,0.0,0.0,2.8,20.0,61,hitl
37,2026-05-01 15:15,supplier_1,supplier,0,880.92,,,,,,,,,,,,,61,hitl
37,2026-05-01 15:15,farm_1,farm,1,,767.0,0.0184,,,,,,,,,,,61,hitl
37,2026-05-01 15:15,slaughterhouse_1,slaughterhouse,0,,,,322.4,400.0,,,,,,,,,61,hitl
37,2026-05-01 15:15,wholesaler_1,wholesaler,0,,,,,,156.49,8.3,,,,,,,61,hitl
37,2026-05-01 15:15,retail_1,retail,0,,,,,,,,104.27,30.0,0.0,0.0,2.8,20.0,61,hitl
38,2026-05-01 15:30,supplier_1,supplier,0,880.24,,,,,,,,,,,,,61,hitl
38,2026-05-01 15:30,farm_1,farm,1,,767.0,0.0184,,,,,,,,,,,61,hitl
38,2026-05-01 15:30,slaughterhouse_1,slaughterhouse,0,,,,322.4,400.0,,,,,,,,,61,hitl
38,2026-05-01 15:30,wholesaler_1,wholesaler,0,,,,,,154.25,8.3,,,,,,,61,hitl
38,2026-05-01 15:30,retail_1,retail,0,,,,,,,,103.65,30.0,0.0,0.0,2.8,20.0,61,hitl
39,2026-05-01 15:45,supplier_1,supplier,0,879.49,,,,,,,,,,,,,61,hitl
39,2026-05-01 15:45,farm_1,farm,1,,767.0,0.0184,,,,,,,,,,,61,hitl
39,2026-05-01 15:45,slaughterhouse_1,slaughterhouse,0,,,,322.4,400.0,,,,,,,,,61,hitl
39,2026-05-01 15:45,wholesaler_1,wholesaler,0,,,,,,151.87,8.3,,,,,,,61,hitl
39,2026-05-01 15:45,retail_1,retail,0,,,,,,,,102.88,30.0,0.0,0.0,2.8,20.0,61,hitl
40,2026-05-01 16:00,supplier_1,supplier,0,878.33,,,,,,,,,,,,,61,hitl
40,2026-05-01 16:00,farm_1,farm,1,,767.0,0.0184,,,,,,,,,,,61,hitl
40,2026-05-01 16:00,slaughterhouse_1,slaughterhouse,0,,,,322.4,376.0,,,,,,,,,61,hitl
40,2026-05-01 16:00,wholesaler_1,wholesaler,0,,,,,,146.7,8.3,,,,,,,61,hitl
40,2026-05-01 16:00,retail_1,retail,0,,,,,,,,102.19,30.0,0.0,0.0,2.8,20.0,61,hitl
41,2026-05-01 16:15,supplier_1,supplier,0,877.49,,,,,,,,,,,,,61,hitl
41,2026-05-01 16:15,farm_1,farm,1,,767.0,0.0184,,,,,,,,,,,61,hitl
41,2026-05-01 16:15,slaughterhouse_1,slaughterhouse,0,,,,322.4,385.09,,,,,,,,,61,hitl
41,2026-05-01 16:15,wholesaler_1,wholesaler,0,,,,,,167.82,8.3,,,,,,,61,hitl
41,2026-05-01 16:15,retail_1,retail,0,,,,,,,,104.27,30.0,0.0,0.0,2.8,20.0,61,hitl
42,2026-05-01 16:30,supplier_1,supplier,0,876.51,,,,,,,,,,,,,61,hitl
42,2026-05-01 16:30,farm_1,farm,1,,767.0,0.0184,,,,,,,,,,,61,hitl
42,2026-05-01 16:30,slaughterhouse_1,slaughterhouse,0,,,,322.4,393.36,,,,,,,,,61,hitl
42,2026-05-01 16:30,wholesaler_1,wholesaler,0,,,,,,165.07,8.3,,,,,,,61,hitl
42,2026-05-01 16:30,retail_1,retail,0,,,,,,,,103.64,30.0,0.0,0.0,2.8,20.0,61,hitl
43,2026-05-01 16:45,supplier_1,supplier,0,875.48,,,,,,,,,,,,,61,hitl
43,2026-05-01 16:45,farm_1,farm,1,,767.0,0.0184,,,,,,,,,,,61,hitl
43,2026-05-01 16:45,slaughterhouse_1,slaughterhouse,0,,,,322.4,400.0,,,,,,,,,61,hitl
43,2026-05-01 16:45,wholesaler_1,wholesaler,0,,,,,,163.16,8.3,,,,,,,61,hitl
43,2026-05-01 16:45,retail_1,retail,0,,,,,,,,102.93,30.0,0.0,0.0,2.8,20.0,61,hitl
44,2026-05-01 17:00,supplier_1,supplier,0,874.45,,,,,,,,,,,,,61,hitl
44,2026-05-01 17:00,farm_1,farm,1,,767.0,0.0184,,,,,,,,,,,61,hitl
44,2026-05-01 17:00,slaughterhouse_1,slaughterhouse,0,,,,322.4,400.0,,,,,,,,,61,hitl
44,2026-05-01 17:00,wholesaler_1,wholesaler,0,,,,,,158.25,8.3,,,,,,,61,hitl
44,2026-05-01 17:00,retail_1,retail,0,,,,,,,,102.28,30.0,0.0,0.0,2.8,20.0,61,hitl
45,2026-05-01 17:15,supplier_1,supplier,0,873.75,,,,,,,,,,,,,61,hitl
45,2026-05-01 17:15,farm_1,farm,1,,767.0,0.0184,,,,,,,,,,,61,hitl
45,2026-05-01 17:15,slaughterhouse_1,slaughterhouse,0,,,,322.4,400.0,,,,,,,,,61,hitl
45,2026-05-01 17:15,wholesaler_1,wholesaler,0,,,,,,155.27,8.3,,,,,,,61,hitl
45,2026-05-01 17:15,retail_1,retail,0,,,,,,,,104.28,30.0,0.0,0.0,2.8,20.0,61,hitl
46,2026-05-01 17:30,supplier_1,supplier,0,872.27,,,,,,,,,,,,,61,hitl
46,2026-05-01 17:30,farm_1,farm,1,,767.0,0.0184,,,,,,,,,,,61,hitl
46,2026-05-01 17:30,slaughterhouse_1,slaughterhouse,0,,,,322.4,400.0,,,,,,,,,61,hitl
46,2026-05-01 17:30,wholesaler_1,wholesaler,0,,,,,,152.92,8.3,,,,,,,61,hitl
46,2026-05-01 17:30,retail_1,retail,0,,,,,,,,103.62,30.0,0.0,0.0,2.8,20.0,61,hitl
47,2026-05-01 17:45,supplier_1,supplier,0,871.58,,,,,,,,,,,,,61,hitl
47,2026-05-01 17:45,farm_1,farm,1,,767.0,0.0184,,,,,,,,,,,61,hitl
47,2026-05-01 17:45,slaughterhouse_1,slaughterhouse,0,,,,322.4,400.0,,,,,,,,,61,hitl
47,2026-05-01 17:45,wholesaler_1,wholesaler,0,,,,,,150.3,8.3,,,,,,,61,hitl
47,2026-05-01 17:45,retail_1,retail,0,,,,,,,,102.88,30.0,0.0,0.0,2.8,20.0,61,hitl
48,2026-05-01 18:00,supplier_1,supplier,0,870.76,,,,,,,,,,,,,61,hitl
48,2026-05-01 18:00,farm_1,farm,1,,767.0,0.0184,,,,,,,,,,,61,hitl
48,2026-05-01 18:00,slaughterhouse_1,slaughterhouse,0,,,,322.4,376.0,,,,,,,,,61,hitl
48,2026-05-01 18:00,wholesaler_1,wholesaler,0,,,,,,144.58,8.3,,,,,,,61,hitl
48,2026-05-01 18:00,retail_1,retail,0,,,,,,,,102.19,30.0,0.0,0.0,2.8,20.0,61,hitl
49,2026-05-01 18:15,supplier_1,supplier,0,870.07,,,,,,,,,,,,,61,hitl
49,2026-05-01 18:15,farm_1,farm,1,,767.0,0.0184,,,,,,,,,,,61,hitl
49,2026-05-01 18:15,slaughterhouse_1,slaughterhouse,0,,,,322.4,385.1,,,,,,,,,61,hitl
49,2026-05-01 18:15,wholesaler_1,wholesaler,0,,,,,,166.56,8.3,,,,,,,61,hitl
49,2026-05-01 18:15,retail_1,retail,0,,,,,,,,104.32,30.0,0.0,0.0,2.8,20.0,61,hitl
50,2026-05-01 18:30,supplier_1,supplier,0,869.09,,,,,,,,,,,,,61,hitl
50,2026-05-01 18:30,farm_1,farm,1,,767.0,0.0184,,,,,,,,,,,61,hitl
50,2026-05-01 18:30,slaughterhouse_1,slaughterhouse,0,,,,322.4,394.39,,,,,,,,,61,hitl
50,2026-05-01 18:30,wholesaler_1,wholesaler,0,,,,,,164.03,8.3,,,,,,,61,hitl
50,2026-05-01 18:30,retail_1,retail,0,,,,,,,,103.6,30.0,0.0,0.0,2.8,20.0,61,hitl
51,2026-05-01 18:45,supplier_1,supplier,0,868.52,,,,,,,,,,,,,61,hitl
51,2026-05-01 18:45,farm_1,farm,1,,767.0,0.0184,,,,,,,,,,,61,hitl
51,2026-05-01 18:45,slaughterhouse_1,slaughterhouse,0,,,,322.4,400.0,,,,,,,,,61,hitl
51,2026-05-01 18:45,wholesaler_1,wholesaler,0,,,,,,162.16,8.3,,,,,,,61,hitl
51,2026-05-01 18:45,retail_1,retail,0,,,,,,,,102.91,30.0,0.0,0.0,2.8,20.0,61,hitl
52,2026-05-01 19:00,supplier_1,supplier,0,867.24,,,,,,,,,,,,,61,hitl
52,2026-05-01 19:00,farm_1,farm,1,,767.0,0.0184,,,,,,,,,,,61,hitl
52,2026-05-01 19:00,slaughterhouse_1,slaughterhouse,0,,,,322.4,400.0,,,,,,,,,61,hitl
52,2026-05-01 19:00,wholesaler_1,wholesaler,0,,,,,,157.73,8.3,,,,,,,61,hitl
52,2026-05-01 19:00,retail_1,retail,0,,,,,,,,102.14,30.0,0.0,0.0,2.8,20.0,61,hitl
53,2026-05-01 19:15,supplier_1,supplier,0,866.02,,,,,,,,,,,,,61,hitl
53,2026-05-01 19:15,farm_1,farm,1,,767.0,0.0184,,,,,,,,,,,61,hitl
53,2026-05-01 19:15,slaughterhouse_1,slaughterhouse,0,,,,322.4,400.0,,,,,,,,,61,hitl
53,2026-05-01 19:15,wholesaler_1,wholesaler,0,,,,,,155.57,8.3,,,,,,,61,hitl
53,2026-05-01 19:15,retail_1,retail,0,,,,,,,,104.29,30.0,0.0,0.0,2.8,20.0,61,hitl
54,2026-05-01 19:30,supplier_1,supplier,0,865.47,,,,,,,,,,,,,61,hitl
54,2026-05-01 19:30,farm_1,farm,1,,767.0,0.0184,,,,,,,,,,,61,hitl
54,2026-05-01 19:30,slaughterhouse_1,slaughterhouse,0,,,,322.4,400.0,,,,,,,,,61,hitl
54,2026-05-01 19:30,wholesaler_1,wholesaler,0,,,,,,153.59,8.3,,,,,,,61,hitl
54,2026-05-01 19:30,retail_1,retail,0,,,,,,,,103.53,30.0,0.0,0.0,2.8,20.0,61,hitl
55,2026-05-01 19:45,supplier_1,supplier,0,864.05,,,,,,,,,,,,,61,hitl
55,2026-05-01 19:45,farm_1,farm,1,,767.0,0.0184,,,,,,,,,,,61,hitl
55,2026-05-01 19:45,slaughterhouse_1,slaughterhouse,0,,,,322.4,400.0,,,,,,,,,61,hitl
55,2026-05-01 19:45,wholesaler_1,wholesaler,0,,,,,,151.2,8.3,,,,,,,61,hitl
55,2026-05-01 19:45,retail_1,retail,0,,,,,,,,102.78,30.0,0.0,0.0,2.8,20.0,61,hitl
56,2026-05-01 20:00,supplier_1,supplier,0,862.73,,,,,,,,,,,,,61,hitl
56,2026-05-01 20:00,farm_1,farm,1,,767.0,0.0184,,,,,,,,,,,61,hitl
56,2026-05-01 20:00,slaughterhouse_1,slaughterhouse,0,,,,322.4,376.0,,,,,,,,,61,hitl
56,2026-05-01 20:00,wholesaler_1,wholesaler,0,,,,,,146.42,8.3,,,,,,,61,hitl
56,2026-05-01 20:00,retail_1,retail,0,,,,,,,,102.11,30.0,0.0,0.0,2.8,20.0,61,hitl
57,2026-05-01 20:15,supplier_1,supplier,0,862.19,,,,,,,,,,,,,61,hitl
57,2026-05-01 20:15,farm_1,farm,1,,767.0,0.0184,,,,,,,,,,,61,hitl
57,2026-05-01 20:15,slaughterhouse_1,slaughterhouse,0,,,,322.4,384.23,,,,,,,,,61,hitl
57,2026-05-01 20:15,wholesaler_1,wholesaler,0,,,,,,168.46,8.3,,,,,,,61,hitl
57,2026-05-01 20:15,retail_1,retail,0,,,,,,,,104.29,30.0,0.0,0.0,2.8,20.0,61,hitl
58,2026-05-01 20:30,supplier_1,supplier,0,861.06,,,,,,,,,,,,,61,hitl
58,2026-05-01 20:30,farm_1,farm,1,,767.0,0.0184,,,,,,,,,,,61,hitl
58,2026-05-01 20:30,slaughterhouse_1,slaughterhouse,0,,,,322.4,393.56,,,,,,,,,61,hitl
58,2026-05-01 20:30,wholesaler_1,wholesaler,0,,,,,,165.76,8.3,,,,,,,61,hitl
58,2026-05-01 20:30,retail_1,retail,0,,,,,,,,103.64,30.0,0.0,0.0,2.8,20.0,61,hitl
59,2026-05-01 20:45,supplier_1,supplier,0,860.05,,,,,,,,,,,,,61,hitl
59,2026-05-01 20:45,farm_1,farm,1,,767.0,0.0184,,,,,,,,,,,61,hitl
59,2026-05-01 20:45,slaughterhouse_1,slaughterhouse,0,,,,322.4,400.0,,,,,,,,,61,hitl
59,2026-05-01 20:45,wholesaler_1,wholesaler,0,,,,,,162.89,8.3,,,,,,,61,hitl
59,2026-05-01 20:45,retail_1,retail,0,,,,,,,,102.97,30.0,0.0,0.0,2.8,20.0,61,hitl
60,2026-05-01 21:00,supplier_1,supplier,0,859.28,,,,,,,,,,,,,61,hitl
60,2026-05-01 21:00,farm_1,farm,1,,767.0,0.0184,,,,,,,,,,,61,hitl
60,2026-05-01 21:00,slaughterhouse_1,slaughterhouse,0,,,,322.4,400.0,,,,,,,,,61,hitl
60,2026-05-01 21:00,wholesaler_1,wholesaler,0,,,,,,158.0,8.3,,,,,,,61,hitl
60,2026-05-01 21:00,retail_1,retail,0,,,,,,,,102.24,30.0,0.0,0.0,2.8,20.0,61,hitl
61,2026-05-01 21:15,supplier_1,supplier,0,858.23,,,,,,,,,,,,,61,hitl
61,2026-05-01 21:15,farm_1,farm,1,,767.0,0.0184,,,,,,,,,,,61,hitl
61,2026-05-01 21:15,slaughterhouse_1,slaughterhouse,0,,,,322.4,400.0,,,,,,,,,61,hitl
61,2026-05-01 21:15,wholesaler_1,wholesaler,0,,,,,,155.1,8.3,,,,,,,61,hitl
61,2026-05-01 21:15,retail_1,retail,0,,,,,,,,104.35,30.0,0.0,0.0,2.8,20.0,61,hitl
62,2026-05-01 21:30,supplier_1,supplier,0,857.53,,,,,,,,,,,,,61,hitl
62,2026-05-01 21:30,farm_1,farm,1,,767.0,0.0184,,,,,,,,,,,61,hitl
62,2026-05-01 21:30,slaughterhouse_1,slaughterhouse,0,,,,322.4,400.0,,,,,,,,,61,hitl
62,2026-05-01 21:30,wholesaler_1,wholesaler,0,,,,,,152.18,8.3,,,,,,,61,hitl
62,2026-05-01 21:30,retail_1,retail,0,,,,,,,,103.61,30.0,0.0,0.0,2.8,20.0,61,hitl
63,2026-05-01 21:45,supplier_1,supplier,0,856.38,,,,,,,,,,,,,61,hitl
63,2026-05-01 21:45,farm_1,farm,1,,767.0,0.0184,,,,,,,,,,,61,hitl
63,2026-05-01 21:45,slaughterhouse_1,slaughterhouse,0,,,,322.4,400.0,,,,,,,,,61,hitl
63,2026-05-01 21:45,wholesaler_1,wholesaler,0,,,,,,150.67,8.3,,,,,,,61,hitl
63,2026-05-01 21:45,retail_1,retail,0,,,,,,,,102.85,30.0,0.0,0.0,2.8,20.0,61,hitl
64,2026-05-01 22:00,supplier_1,supplier,0,854.96,,,,,,,,,,,,,61,hitl
64,2026-05-01 22:00,farm_1,farm,1,,767.0,0.0184,,,,,,,,,,,61,hitl
64,2026-05-01 22:00,slaughterhouse_1,slaughterhouse,0,,,,322.4,376.0,,,,,,,,,61,hitl
64,2026-05-01 22:00,wholesaler_1,wholesaler,0,,,,,,145.76,8.3,,,,,,,61,hitl
64,2026-05-01 22:00,retail_1,retail,0,,,,,,,,102.15,30.0,0.0,0.0,2.8,20.0,61,hitl
65,2026-05-01 22:15,supplier_1,supplier,0,853.85,,,,,,,,,,,,,61,hitl
65,2026-05-01 22:15,farm_1,farm,1,,767.0,0.0184,,,,,,,,,,,61,hitl
65,2026-05-01 22:15,slaughterhouse_1,slaughterhouse,0,,,,322.4,385.33,,,,,,,,,61,hitl
65,2026-05-01 22:15,wholesaler_1,wholesaler,0,,,,,,167.23,8.3,,,,,,,61,hitl
65,2026-05-01 22:15,retail_1,retail,0,,,,,,,,104.27,30.0,0.0,0.0,2.8,20.0,61,hitl
66,2026-05-01 22:30,supplier_1,supplier,0,853.34,,,,,,,,,,,,,61,hitl
66,2026-05-01 22:30,farm_1,farm,1,,767.0,0.0184,,,,,,,,,,,61,hitl
66,2026-05-01 22:30,slaughterhouse_1,slaughterhouse,0,,,,322.4,393.74,,,,,,,,,61,hitl
66,2026-05-01 22:30,wholesaler_1,wholesaler,0,,,,,,165.63,8.3,,,,,,,61,hitl
66,2026-05-01 22:30,retail_1,retail,0,,,,,,,,103.61,30.0,0.0,0.0,2.8,20.0,61,hitl
67,2026-05-01 22:45,supplier_1,supplier,0,852.19,,,,,,,,,,,,,61,hitl
67,2026-05-01 22:45,farm_1,farm,1,,767.0,0.0184,,,,,,,,,,,61,hitl
67,2026-05-01 22:45,slaughterhouse_1,slaughterhouse,0,,,,322.4,400.0,,,,,,,,,61,hitl
67,2026-05-01 22:45,wholesaler_1,wholesaler,0,,,,,,163.23,8.3,,,,,,,61,hitl
67,2026-05-01 22:45,retail_1,retail,0,,,,,,,,102.89,30.0,0.0,0.0,2.8,20.0,61,hitl
68,2026-05-01 23:00,supplier_1,supplier,0,851.15,,,,,,,,,,,,,61,hitl
68,2026-05-01 23:00,farm_1,farm,1,,767.0,0.0184,,,,,,,,,,,61,hitl
68,2026-05-01 23:00,slaughterhouse_1,slaughterhouse,0,,,,322.4,400.0,,,,,,,,,61,hitl
68,2026-05-01 23:00,wholesaler_1,wholesaler,0,,,,,,158.52,8.3,,,,,,,61,hitl
68,2026-05-01 23:00,retail_1,retail,0,,,,,,,,102.13,30.0,0.0,0.0,2.8,20.0,61,hitl
69,2026-05-01 23:15,supplier_1,supplier,0,849.86,,,,,,,,,,,,,61,hitl
69,2026-05-01 23:15,farm_1,farm,1,,767.0,0.0184,,,,,,,,,,,61,hitl
69,2026-05-01 23:15,slaughterhouse_1,slaughterhouse,0,,,,322.4,400.0,,,,,,,,,61,hitl
69,2026-05-01 23:15,wholesaler_1,wholesaler,0,,,,,,155.59,8.3,,,,,,,61,hitl
69,2026-05-01 23:15,retail_1,retail,0,,,,,,,,104.3,30.0,0.0,0.0,2.8,20.0,61,hitl
70,2026-05-01 23:30,supplier_1,supplier,0,849.18,,,,,,,,,,,,,61,hitl
70,2026-05-01 23:30,farm_1,farm,1,,767.0,0.0184,,,,,,,,,,,61,hitl
70,2026-05-01 23:30,slaughterhouse_1,slaughterhouse,0,,,,322.4,400.0,,,,,,,,,61,hitl
70,2026-05-01 23:30,wholesaler_1,wholesaler,0,,,,,,153.64,8.3,,,,,,,61,hitl
70,2026-05-01 23:30,retail_1,retail,0,,,,,,,,103.57,30.0,0.0,0.0,2.8,20.0,61,hitl
71,2026-05-01 23:45,supplier_1,supplier,0,847.86,,,,,,,,,,,,,61,hitl
71,2026-05-01 23:45,farm_1,farm,1,,767.0,0.0184,,,,,,,,,,,61,hitl
71,2026-05-01 23:45,slaughterhouse_1,slaughterhouse,0,,,,322.4,400.0,,,,,,,,,61,hitl
71,2026-05-01 23:45,wholesaler_1,wholesaler,0,,,,,,152.13,8.3,,,,,,,61,hitl
71,2026-05-01 23:45,retail_1,retail,0,,,,,,,,102.82,30.0,0.0,0.0,2.8,20.0,61,hitl
72,2026-05-02 00:00,supplier_1,supplier,0,847.2,,,,,,,,,,,,,61,hitl
72,2026-05-02 00:00,farm_1,farm,0,,767.0,0.0184,,,,,,,,,,,61,hitl
72,2026-05-02 00:00,slaughterhouse_1,slaughterhouse,0,,,,322.4,376.0,,,,,,,,,61,hitl
72,2026-05-02 00:00,wholesaler_1,wholesaler,0,,,,,,147.71,8.3,,,,,,,61,hitl
72,2026-05-02 00:00,retail_1,retail,0,,,,,,,,102.11,30.0,0.0,0.0,2.8,20.0,61,hitl
73,2026-05-02 00:15,supplier_1,supplier,0,846.43,,,,,,,,,,,,,61,hitl
73,2026-05-02 00:15,farm_1,farm,0,,767.0,0.0184,,,,,,,,,,,61,hitl
73,2026-05-02 00:15,slaughterhouse_1,slaughterhouse,0,,,,322.4,385.22,,,,,,,,,61,hitl
73,2026-05-02 00:15,wholesaler_1,wholesaler,0,,,,,,169.27,8.3,,,,,,,61,hitl
73,2026-05-02 00:15,retail_1,retail,0,,,,,,,,104.34,30.0,0.0,0.0,2.8,20.0,61,hitl
74,2026-05-02 00:30,supplier_1,supplier,0,845.01,,,,,,,,,,,,,61,hitl
74,2026-05-02 00:30,farm_1,farm,0,,767.0,0.0184,,,,,,,,,,,61,hitl
74,2026-05-02 00:30,slaughterhouse_1,slaughterhouse,0,,,,322.4,394.17,,,,,,,,,61,hitl
74,2026-05-02 00:30,wholesaler_1,wholesaler,0,,,,,,167.6,8.3,,,,,,,61,hitl
74,2026-05-02 00:30,retail_1,retail,0,,,,,,,,103.6,30.0,0.0,0.0,2.8,20.0,61,hitl
75,2026-05-02 00:45,supplier_1,supplier,0,843.65,,,,,,,,,,,,,61,hitl
75,2026-05-02 00:45,farm_1,farm,0,,767.0,0.0184,,,,,,,,,,,61,hitl
75,2026-05-02 00:45,slaughterhouse_1,slaughterhouse,0,,,,322.4,400.0,,,,,,,,,61,hitl
75,2026-05-02 00:45,wholesaler_1,wholesaler,0,,,,,,165.9,8.3,,,,,,,61,hitl
75,2026-05-02 00:45,retail_1,retail,0,,,,,,,,102.85,30.0,0.0,0.0,2.8,20.0,61,hitl
76,2026-05-02 01:00,supplier_1,supplier,0,842.82,,,,,,,,,,,,,61,hitl
76,2026-05-02 01:00,farm_1,farm,1,,380.0,0.14,,,,,,,,,,,61,hitl
76,2026-05-02 01:00,slaughterhouse_1,slaughterhouse,0,,,,322.4,400.0,,,,,,,,,61,hitl
76,2026-05-02 01:00,wholesaler_1,wholesaler,0,,,,,,160.07,8.3,,,,,,,61,hitl
76,2026-05-02 01:00,retail_1,retail,0,,,,,,,,102.17,30.0,0.0,0.0,2.8,20.0,61,hitl
77,2026-05-02 01:15,supplier_1,supplier,0,841.95,,,,,,,,,,,,,61,hitl
77,2026-05-02 01:15,farm_1,farm,1,,380.0,0.14,,,,,,,,,,,61,hitl
77,2026-05-02 01:15,slaughterhouse_1,slaughterhouse,0,,,,322.4,400.0,,,,,,,,,61,hitl
77,2026-05-02 01:15,wholesaler_1,wholesaler,0,,,,,,157.16,8.3,,,,,,,61,hitl
77,2026-05-02 01:15,retail_1,retail,0,,,,,,,,104.32,30.0,0.0,0.0,2.8,20.0,61,hitl
78,2026-05-02 01:30,supplier_1,supplier,0,841.11,,,,,,,,,,,,,61,hitl
78,2026-05-02 01:30,farm_1,farm,1,,380.0,0.14,,,,,,,,,,,61,hitl
78,2026-05-02 01:30,slaughterhouse_1,slaughterhouse,0,,,,322.4,400.0,,,,,,,,,61,hitl
78,2026-05-02 01:30,wholesaler_1,wholesaler,0,,,,,,155.42,8.3,,,,,,,61,hitl
78,2026-05-02 01:30,retail_1,retail,0,,,,,,,,103.65,30.0,0.0,0.0,2.8,20.0,61,hitl
79,2026-05-02 01:45,supplier_1,supplier,0,840.48,,,,,,,,,,,,,61,hitl
79,2026-05-02 01:45,farm_1,farm,1,,380.0,0.14,,,,,,,,,,,61,hitl
79,2026-05-02 01:45,slaughterhouse_1,slaughterhouse,0,,,,322.4,400.0,,,,,,,,,61,hitl
79,2026-05-02 01:45,wholesaler_1,wholesaler,0,,,,,,153.43,8.3,,,,,,,61,hitl
79,2026-05-02 01:45,retail_1,retail,0,,,,,,,,103.02,30.0,0.0,0.0,2.8,20.0,61,hitl
80,2026-05-02 02:00,supplier_1,supplier,0,839.76,,,,,,,,,,,,,61,hitl
80,2026-05-02 02:00,farm_1,farm,1,,380.0,0.14,,,,,,,,,,,61,hitl
80,2026-05-02 02:00,slaughterhouse_1,slaughterhouse,0,,,,322.4,376.0,,,,,,,,,61,hitl
80,2026-05-02 02:00,wholesaler_1,wholesaler,0,,,,,,149.18,8.3,,,,,,,61,hitl
80,2026-05-02 02:00,retail_1,retail,0,,,,,,,,102.4,30.0,0.0,0.0,2.8,20.0,61,hitl
81,2026-05-02 02:15,supplier_1,supplier,0,839.2,,,,,,,,,,,,,61,hitl
81,2026-05-02 02:15,farm_1,farm,1,,380.0,0.14,,,,,,,,,,,61,hitl
81,2026-05-02 02:15,slaughterhouse_1,slaughterhouse,0,,,,322.4,384.4,,,,,,,,,61,hitl
81,2026-05-02 02:15,wholesaler_1,wholesaler,0,,,,,,170.59,8.3,,,,,,,61,hitl
81,2026-05-02 02:15,retail_1,retail,0,,,,,,,,104.23,30.0,0.0,0.0,2.8,20.0,61,hitl
82,2026-05-02 02:30,supplier_1,supplier,0,838.51,,,,,,,,,,,,,61,hitl
82,2026-05-02 02:30,farm_1,farm,1,,380.0,0.14,,,,,,,,,,,61,hitl
82,2026-05-02 02:30,slaughterhouse_1,slaughterhouse,0,,,,322.4,393.6,,,,,,,,,61,hitl
82,2026-05-02 02:30,wholesaler_1,wholesaler,0,,,,,,168.06,8.3,,,,,,,61,hitl
82,2026-05-02 02:30,retail_1,retail,0,,,,,,,,103.56,30.0,0.0,0.0,2.8,20.0,61,hitl
83,2026-05-02 02:45,supplier_1,supplier,0,837.46,,,,,,,,,,,,,61,hitl
83,2026-05-02 02:45,farm_1,farm,1,,380.0,0.14,,,,,,,,,,,61,hitl
83,2026-05-02 02:45,slaughterhouse_1,slaughterhouse,0,,,,322.4,400.0,,,,,,,,,61,hitl
83,2026-05-02 02:45,wholesaler_1,wholesaler,0,,,,,,165.68,8.3,,,,,,,61,hitl
83,2026-05-02 02:45,retail_1,retail,0,,,,,,,,102.85,30.0,0.0,0.0,2.8,20.0,61,hitl
84,2026-05-02 03:00,supplier_1,supplier,0,836.89,,,,,,,,,,,,,61,hitl
84,2026-05-02 03:00,farm_1,farm,1,,380.0,0.14,,,,,,,,,,,61,hitl
84,2026-05-02 03:00,slaughterhouse_1,slaughterhouse,0,,,,322.4,400.0,,,,,,,,,61,hitl
84,2026-05-02 03:00,wholesaler_1,wholesaler,0,,,,,,160.62,8.3,,,,,,,61,hitl
84,2026-05-02 03:00,retail_1,retail,0,,,,,,,,102.21,30.0,0.0,0.0,2.8,20.0,61,hitl
85,2026-05-02 03:15,supplier_1,supplier,0,835.62,,,,,,,,,,,,,61,hitl
85,2026-05-02 03:15,farm_1,farm,1,,380.0,0.14,,,,,,,,,,,61,hitl
85,2026-05-02 03:15,slaughterhouse_1,slaughterhouse,0,,,,322.4,400.0,,,,,,,,,61,hitl
85,2026-05-02 03:15,wholesaler_1,wholesaler,0,,,,,,158.96,8.3,,,,,,,61,hitl
85,2026-05-02 03:15,retail_1,retail,0,,,,,,,,104.27,30.0,0.0,0.0,2.8,20.0,61,hitl
86,2026-05-02 03:30,supplier_1,supplier,0,834.4,,,,,,,,,,,,,61,hitl
86,2026-05-02 03:30,farm_1,farm,1,,380.0,0.14,,,,,,,,,,,61,hitl
86,2026-05-02 03:30,slaughterhouse_1,slaughterhouse,0,,,,322.4,400.0,,,,,,,,,61,hitl
86,2026-05-02 03:30,wholesaler_1,wholesaler,0,,,,,,156.68,8.3,,,,,,,61,hitl
86,2026-05-02 03:30,retail_1,retail,0,,,,,,,,103.6,30.0,0.0,0.0,2.8,20.0,61,hitl
87,2026-05-02 03:45,supplier_1,supplier,0,832.92,,,,,,,,,,,,,61,hitl
87,2026-05-02 03:45,farm_1,farm,1,,380.0,0.14,,,,,,,,,,,61,hitl
87,2026-05-02 03:45,slaughterhouse_1,slaughterhouse,0,,,,322.4,400.0,,,,,,,,,61,hitl
87,2026-05-02 03:45,wholesaler_1,wholesaler,0,,,,,,154.41,8.3,,,,,,,61,hitl
87,2026-05-02 03:45,retail_1,retail,0,,,,,,,,102.98,30.0,0.0,0.0,2.8,20.0,61,hitl
88,2026-05-02 04:00,supplier_1,supplier,0,831.45,,,,,,,,,,,,,61,hitl
88,2026-05-02 04:00,farm_1,farm,1,,380.0,0.14,,,,,,,,,,,61,hitl
88,2026-05-02 04:00,slaughterhouse_1,slaughterhouse,0,,,,322.4,376.0,,,,,,,,,61,hitl
88,2026-05-02 04:00,wholesaler_1,wholesaler,0,,,,,,149.9,8.3,,,,,,,61,hitl
88,2026-05-02 04:00,retail_1,retail,0,,,,,,,,102.36,30.0,0.0,0.0,2.8,20.0,61,hitl
89,2026-05-02 04:15,supplier_1,supplier,0,830.25,,,,,,,,,,,,,61,hitl
89,2026-05-02 04:15,farm_1,farm,1,,380.0,0.14,,,,,,,,,,,61,hitl
89,2026-05-02 04:15,slaughterhouse_1,slaughterhouse,0,,,,322.4,385.0,,,,,,,,,61,hitl
89,2026-05-02 04:15,wholesaler_1,wholesaler,0,,,,,,171.87,8.3,,,,,,,61,hitl
89,2026-05-02 04:15,retail_1,retail,0,,,,,,,,104.37,30.0,0.0,0.0,2.8,20.0,61,hitl
90,2026-05-02 04:30,supplier_1,supplier,0,829.47,,,,,,,,,,,,,61,hitl
90,2026-05-02 04:30,farm_1,farm,1,,380.0,0.14,,,,,,,,,,,61,hitl
90,2026-05-02 04:30,slaughterhouse_1,slaughterhouse,0,,,,322.4,394.05,,,,,,,,,61,hitl
90,2026-05-02 04:30,wholesaler_1,wholesaler,0,,,,,,170.13,8.3,,,,,,,61,hitl
90,2026-05-02 04:30,retail_1,retail,0,,,,,,,,103.66,30.0,0.0,0.0,2.8,20.0,61,hitl
91,2026-05-02 04:45,supplier_1,supplier,0,828.16,,,,,,,,,,,,,61,hitl
91,2026-05-02 04:45,farm_1,farm,1,,380.0,0.14,,,,,,,,,,,61,hitl
91,2026-05-02 04:45,slaughterhouse_1,slaughterhouse,0,,,,322.4,400.0,,,,,,,,,61,hitl
91,2026-05-02 04:45,wholesaler_1,wholesaler,0,,,,,,168.24,8.3,,,,,,,61,hitl
91,2026-05-02 04:45,retail_1,retail,0,,,,,,,,102.88,30.0,0.0,0.0,2.8,20.0,61,hitl
92,2026-05-02 05:00,supplier_1,supplier,0,827.01,,,,,,,,,,,,,61,hitl
92,2026-05-02 05:00,farm_1,farm,1,,380.0,0.14,,,,,,,,,,,61,hitl
92,2026-05-02 05:00,slaughterhouse_1,slaughterhouse,0,,,,322.4,400.0,,,,,,,,,61,hitl
92,2026-05-02 05:00,wholesaler_1,wholesaler,0,,,,,,162.4,8.3,,,,,,,61,hitl
92,2026-05-02 05:00,retail_1,retail,0,,,,,,,,102.15,30.0,0.0,0.0,2.8,20.0,61,hitl
93,2026-05-02 05:15,supplier_1,supplier,0,825.93,,,,,,,,,,,,,61,hitl
93,2026-05-02 05:15,farm_1,farm,1,,380.0,0.14,,,,,,,,,,,61,hitl
93,2026-05-02 05:15,slaughterhouse_1,slaughterhouse,0,,,,322.4,400.0,,,,,,,,,61,hitl
93,2026-05-02 05:15,wholesaler_1,wholesaler,0,,,,,,160.69,8.3,,,,,,,61,hitl
93,2026-05-02 05:15,retail_1,retail,0,,,,,,,,104.23,30.0,0.0,0.0,2.8,20.0,61,hitl
94,2026-05-02 05:30,supplier_1,supplier,0,824.67,,,,,,,,,,,,,61,hitl
94,2026-05-02 05:30,farm_1,farm,1,,380.0,0.14,,,,,,,,,,,61,hitl
94,2026-05-02 05:30,slaughterhouse_1,slaughterhouse,0,,,,322.4,400.0,,,,,,,,,61,hitl
94,2026-05-02 05:30,wholesaler_1,wholesaler,0,,,,,,158.25,8.3,,,,,,,61,hitl
94,2026-05-02 05:30,retail_1,retail,0,,,,,,,,103.48,30.0,0.0,0.0,2.8,20.0,61,hitl
95,2026-05-02 05:45,supplier_1,supplier,0,823.5,,,,,,,,,,,,,61,hitl
95,2026-05-02 05:45,farm_1,farm,1,,380.0,0.14,,,,,,,,,,,61,hitl
95,2026-05-02 05:45,slaughterhouse_1,slaughterhouse,0,,,,322.4,400.0,,,,,,,,,61,hitl
95,2026-05-02 05:45,wholesaler_1,wholesaler,0,,,,,,156.37,8.3,,,,,,,61,hitl
95,2026-05-02 05:45,retail_1,retail,0,,,,,,,,102.82,30.0,0.0,0.0,2.8,20.0,61,hitl
96,2026-05-02 06:00,supplier_1,supplier,0,822.68,,,,,,,,,,,,,61,hitl
96,2026-05-02 06:00,farm_1,farm,1,,380.0,0.14,,,,,,,,,,,61,hitl
96,2026-05-02 06:00,slaughterhouse_1,slaughterhouse,0,,,,322.4,376.0,,,,,,,,,61,hitl
96,2026-05-02 06:00,wholesaler_1,wholesaler,0,,,,,,150.62,8.3,,,,,,,61,hitl
96,2026-05-02 06:00,retail_1,retail,0,,,,,,,,102.18,30.0,0.0,0.0,2.8,20.0,61,hitl
97,2026-05-02 06:15,supplier_1,supplier,0,821.36,,,,,,,,,,,,,61,hitl
97,2026-05-02 06:15,farm_1,farm,1,,380.0,0.14,,,,,,,,,,,61,hitl
97,2026-05-02 06:15,slaughterhouse_1,slaughterhouse,0,,,,322.4,384.25,,,,,,,,,61,hitl
97,2026-05-02 06:15,wholesaler_1,wholesaler,0,,,,,,172.48,8.3,,,,,,,61,hitl
97,2026-05-02 06:15,retail_1,retail,0,,,,,,,,104.38,30.0,0.0,0.0,2.8,20.0,61,hitl
98,2026-05-02 06:30,supplier_1,supplier,0,820.68,,,,,,,,,,,,,61,hitl
98,2026-05-02 06:30,farm_1,farm,1,,380.0,0.14,,,,,,,,,,,61,hitl
98,2026-05-02 06:30,slaughterhouse_1,slaughterhouse,0,,,,322.4,392.53,,,,,,,,,61,hitl
98,2026-05-02 06:30,wholesaler_1,wholesaler,0,,,,,,169.6,8.3,,,,,,,61,hitl
98,2026-05-02 06:30,retail_1,retail,0,,,,,,,,103.68,30.0,0.0,0.0,2.8,20.0,61,hitl
99,2026-05-02 06:45,supplier_1,supplier,0,819.76,,,,,,,,,,,,,61,hitl
99,2026-05-02 06:45,farm_1,farm,1,,380.0,0.14,,,,,,,,,,,61,hitl
99,2026-05-02 06:45,slaughterhouse_1,slaughterhouse,0,,,,322.4,400.0,,,,,,,,,61,hitl
99,2026-05-02 06:45,wholesaler_1,wholesaler,0,,,,,,167.63,8.3,,,,,,,61,hitl
99,2026-05-02 06:45,retail_1,retail,0,,,,,,,,103.04,30.0,0.0,0.0,2.8,20.0,61,hitl
100,2026-05-02 07:00,supplier_1,supplier,0,818.73,,,,,,,,,,,,,61,hitl
100,2026-05-02 07:00,farm_1,farm,1,,380.0,0.14,,,,,,,,,,,61,hitl
100,2026-05-02 07:00,slaughterhouse_1,slaughterhouse,0,,,,322.4,400.0,,,,,,,,,61,hitl
100,2026-05-02 07:00,wholesaler_1,wholesaler,0,,,,,,162.88,8.3,,,,,,,61,hitl
100,2026-05-02 07:00,retail_1,retail,0,,,,,,,,102.36,30.0,0.0,0.0,2.8,20.0,61,hitl
101,2026-05-02 07:15,supplier_1,supplier,0,817.3,,,,,,,,,,,,,61,hitl
101,2026-05-02 07:15,farm_1,farm,1,,380.0,0.14,,,,,,,,,,,61,hitl
101,2026-05-02 07:15,slaughterhouse_1,slaughterhouse,0,,,,322.4,400.0,,,,,,,,,61,hitl
101,2026-05-02 07:15,wholesaler_1,wholesaler,0,,,,,,160.72,8.3,,,,,,,61,hitl
101,2026-05-02 07:15,retail_1,retail,0,,,,,,,,104.36,30.0,0.0,0.0,2.8,20.0,61,hitl
102,2026-05-02 07:30,supplier_1,supplier,0,816.11,,,,,,,,,,,,,61,hitl
102,2026-05-02 07:30,farm_1,farm,1,,380.0,0.14,,,,,,,,,,,61,hitl
102,2026-05-02 07:30,slaughterhouse_1,slaughterhouse,0,,,,322.4,400.0,,,,,,,,,61,hitl
102,2026-05-02 07:30,wholesaler_1,wholesaler,0,,,,,,158.94,8.3,,,,,,,61,hitl
102,2026-05-02 07:30,retail_1,retail,0,,,,,,,,103.74,30.0,0.0,0.0,2.8,20.0,61,hitl
103,2026-05-02 07:45,supplier_1,supplier,0,814.71,,,,,,,,,,,,,61,hitl
103,2026-05-02 07:45,farm_1,farm,1,,380.0,0.14,,,,,,,,,,,61,hitl
103,2026-05-02 07:45,slaughterhouse_1,slaughterhouse,0,,,,322.4,400.0,,,,,,,,,61,hitl
103,2026-05-02 07:45,wholesaler_1,wholesaler,0,,,,,,156.92,8.3,,,,,,,61,hitl
103,2026-05-02 07:45,retail_1,retail,0,,,,,,,,103.01,30.0,0.0,0.0,2.8,20.0,61,hitl
104,2026-05-02 08:00,supplier_1,supplier,0,814.07,,,,,,,,,,,,,61,hitl
104,2026-05-02 08:00,farm_1,farm,1,,380.0,0.14,,,,,,,,,,,61,hitl
104,2026-05-02 08:00,slaughterhouse_1,slaughterhouse,0,,,,322.4,376.0,,,,,,,,,61,hitl
104,2026-05-02 08:00,wholesaler_1,wholesaler,0,,,,,,151.5,8.3,,,,,,,61,hitl
104,2026-05-02 08:00,retail_1,retail,0,,,,,,,,102.29,30.0,0.0,0.0,2.8,20.0,61,hitl
105,2026-05-02 08:15,supplier_1,supplier,0,812.74,,,,,,,,,,,,,61,hitl
105,2026-05-02 08:15,farm_1,farm,1,,380.0,0.14,,,,,,,,,,,61,hitl
105,2026-05-02 08:15,slaughterhouse_1,slaughterhouse,0,,,,322.4,384.32,,,,,,,,,61,hitl
105,2026-05-02 08:15,wholesaler_1,wholesaler,0,,,,,,172.76,8.3,,,,,,,61,hitl
105,2026-05-02 08:15,retail_1,retail,0,,,,,,,,104.26,30.0,0.0,0.0,2.8,20.0,61,hitl
106,2026-05-02 08:30,supplier_1,supplier,0,811.88,,,,,,,,,,,,,61,hitl
106,2026-05-02 08:30,farm_1,farm,1,,380.0,0.14,,,,,,,,,,,61,hitl
106,2026-05-02 08:30,slaughterhouse_1,slaughterhouse,0,,,,322.4,393.96,,,,,,,,,61,hitl
106,2026-05-02 08:30,wholesaler_1,wholesaler,0,,,,,,170.5,8.3,,,,,,,61,hitl
106,2026-05-02 08:30,retail_1,retail,0,,,,,,,,103.53,30.0,0.0,0.0,2.8,20.0,61,hitl
107,2026-05-02 08:45,supplier_1,supplier,0,811.31,,,,,,,,,,,,,61,hitl
107,2026-05-02 08:45,farm_1,farm,1,,380.0,0.14,,,,,,,,,,,61,hitl
107,2026-05-02 08:45,slaughterhouse_1,slaughterhouse,0,,,,322.4,400.0,,,,,,,,,61,hitl
107,2026-05-02 08:45,wholesaler_1,wholesaler,0,,,,,,168.11,8.3,,,,,,,61,hitl
107,2026-05-02 08:45,retail_1,retail,0,,,,,,,,102.91,30.0,0.0,0.0,2.8,20.0,61,hitl
108,2026-05-02 09:00,supplier_1,supplier,0,810.58,,,,,,,,,,,,,61,hitl
108,2026-05-02 09:00,farm_1,farm,1,,380.0,0.14,,,,,,,,,,,61,hitl
108,2026-05-02 09:00,slaughterhouse_1,slaughterhouse,0,,,,322.4,400.0,,,,,,,,,61,hitl
108,2026-05-02 09:00,wholesaler_1,wholesaler,0,,,,,,162.77,8.3,,,,,,,61,hitl
108,2026-05-02 09:00,retail_1,retail,0,,,,,,,,102.22,30.0,0.0,0.0,2.8,20.0,61,hitl
109,2026-05-02 09:15,supplier_1,supplier,0,809.18,,,,,,,,,,,,,61,hitl
109,2026-05-02 09:15,farm_1,farm,1,,380.0,0.14,,,,,,,,,,,61,hitl
109,2026-05-02 09:15,slaughterhouse_1,slaughterhouse,0,,,,322.4,400.0,,,,,,,,,61,hitl
109,2026-05-02 09:15,wholesaler_1,wholesaler,0,,,,,,160.2,8.3,,,,,,,61,hitl
109,2026-05-02 09:15,retail_1,retail,0,,,,,,,,104.38,30.0,0.0,0.0,2.8,20.0,61,hitl
110,2026-05-02 09:30,supplier_1,supplier,0,808.58,,,,,,,,,,,,,61,hitl
110,2026-05-02 09:30,farm_1,farm,1,,380.0,0.14,,,,,,,,,,,61,hitl
110,2026-05-02 09:30,slaughterhouse_1,slaughterhouse,0,,,,322.4,400.0,,,,,,,,,61,hitl
110,2026-05-02 09:30,wholesaler_1,wholesaler,0,,,,,,157.68,8.3,,,,,,,61,hitl
110,2026-05-02 09:30,retail_1,retail,0,,,,,,,,103.67,30.0,0.0,0.0,2.8,20.0,61,hitl
111,2026-05-02 09:45,supplier_1,supplier,0,807.42,,,,,,,,,,,,,61,hitl
111,2026-05-02 09:45,farm_1,farm,1,,380.0,0.14,,,,,,,,,,,61,hitl
111,2026-05-02 09:45,slaughterhouse_1,slaughterhouse,0,,,,322.4,400.0,,,,,,,,,61,hitl
111,2026-05-02 09:45,wholesaler_1,wholesaler,0,,,,,,155.02,8.3,,,,,,,61,hitl
111,2026-05-02 09:45,retail_1,retail,0,,,,,,,,103.05,30.0,0.0,0.0,2.8,20.0,61,hitl
112,2026-05-02 10:00,supplier_1,supplier,0,806.33,,,,,,,,,,,,,61,hitl
112,2026-05-02 10:00,farm_1,farm,1,,380.0,0.14,,,,,,,,,,,61,hitl
112,2026-05-02 10:00,slaughterhouse_1,slaughterhouse,0,,,,322.4,376.0,,,,,,,,,61,hitl
112,2026-05-02 10:00,wholesaler_1,wholesaler,0,,,,,,149.98,8.3,,,,,,,61,hitl
112,2026-05-02 10:00,retail_1,retail,0,,,,,,,,102.38,30.0,0.0,0.0,2.8,20.0,61,hitl
113,2026-05-02 10:15,supplier_1,supplier,0,804.93,,,,,,,,,,,,,61,hitl
113,2026-05-02 10:15,farm_1,farm,1,,380.0,0.14,,,,,,,,,,,61,hitl
113,2026-05-02 10:15,slaughterhouse_1,slaughterhouse,0,,,,322.4,384.8,,,,,,,,,61,hitl
113,2026-05-02 10:15,wholesaler_1,wholesaler,0,,,,,,171.69,8.3,,,,,,,61,hitl
113,2026-05-02 10:15,retail_1,retail,0,,,,,,,,104.22,30.0,0.0,0.0,2.8,20.0,61,hitl
114,2026-05-02 10:30,supplier_1,supplier,0,804.3,,,,,,,,,,,,,61,hitl
114,2026-05-02 10:30,farm_1,farm,1,,380.0,0.14,,,,,,,,,,,61,hitl
114,2026-05-02 10:30,slaughterhouse_1,slaughterhouse,0,,,,322.4,393.7,,,,,,,,,61,hitl
114,2026-05-02 10:30,wholesaler_1,wholesaler,0,,,,,,169.81,8.3,,,,,,,61,hitl
114,2026-05-02 10:30,retail_1,retail,0,,,,,,,,103.52,30.0,0.0,0.0,2.8,20.0,61,hitl
115,2026-05-02 10:45,supplier_1,supplier,0,803.31,,,,,,,,,,,,,61,hitl
115,2026-05-02 10:45,farm_1,farm,1,,380.0,0.14,,,,,,,,,,,61,hitl
115,2026-05-02 10:45,slaughterhouse_1,slaughterhouse,0,,,,322.4,400.0,,,,,,,,,61,hitl
115,2026-05-02 10:45,wholesaler_1,wholesaler,0,,,,,,167.86,8.3,,,,,,,61,hitl
115,2026-05-02 10:45,retail_1,retail,0,,,,,,,,102.83,30.0,0.0,0.0,2.8,20.0,61,hitl
116,2026-05-02 11:00,supplier_1,supplier,0,801.86,,,,,,,,,,,,,61,hitl
116,2026-05-02 11:00,farm_1,farm,1,,380.0,0.14,,,,,,,,,,,61,hitl
116,2026-05-02 11:00,slaughterhouse_1,slaughterhouse,0,,,,322.4,400.0,,,,,,,,,61,hitl
116,2026-05-02 11:00,wholesaler_1,wholesaler,0,,,,,,162.76,8.3,,,,,,,61,hitl
116,2026-05-02 11:00,retail_1,retail,0,,,,,,,,102.07,30.0,0.0,0.0,2.8,20.0,61,hitl
117,2026-05-02 11:15,supplier_1,supplier,0,800.49,,,,,,,,,,,,,61,hitl
117,2026-05-02 11:15,farm_1,farm,1,,380.0,0.14,,,,,,,,,,,61,hitl
117,2026-05-02 11:15,slaughterhouse_1,slaughterhouse,0,,,,322.4,400.0,,,,,,,,,61,hitl
117,2026-05-02 11:15,wholesaler_1,wholesaler,0,,,,,,160.0,8.3,,,,,,,61,hitl
117,2026-05-02 11:15,retail_1,retail,0,,,,,,,,104.38,30.0,0.0,0.0,2.8,20.0,61,hitl
118,2026-05-02 11:30,supplier_1,supplier,0,799.77,,,,,,,,,,,,,61,hitl
118,2026-05-02 11:30,farm_1,farm,1,,380.0,0.14,,,,,,,,,,,61,hitl
118,2026-05-02 11:30,slaughterhouse_1,slaughterhouse,0,,,,322.4,400.0,,,,,,,,,61,hitl
118,2026-05-02 11:30,wholesaler_1,wholesaler,0,,,,,,157.46,8.3,,,,,,,61,hitl
118,2026-05-02 11:30,retail_1,retail,0,,,,,,,,103.76,30.0,0.0,0.0,2.8,20.0,61,hitl
119,2026-05-02 11:45,supplier_1,supplier,0,798.37,,,,,,,,,,,,,61,hitl
119,2026-05-02 11:45,farm_1,farm,1,,380.0,0.14,,,,,,,,,,,61,hitl
119,2026-05-02 11:45,slaughterhouse_1,slaughterhouse,0,,,,322.4,400.0,,,,,,,,,61,hitl
119,2026-05-02 11:45,wholesaler_1,wholesaler,0,,,,,,154.52,8.3,,,,,,,61,hitl
119,2026-05-02 11:45,retail_1,retail,0,,,,,,,,103.06,30.0,0.0,0.0,2.8,20.0,61,hitl
120,2026-05-02 12:00,supplier_1,supplier,0,797.4,,,,,,,,,,,,,61,hitl
120,2026-05-02 12:00,farm_1,farm,1,,380.0,0.14,,,,,,,,,,,61,hitl
120,2026-05-02 12:00,slaughterhouse_1,slaughterhouse,0,,,,322.4,376.0,,,,,,,,,61,hitl
120,2026-05-02 12:00,wholesaler_1,wholesaler,0,,,,,,150.04,8.3,,,,,,,61,hitl
120,2026-05-02 12:00,retail_1,retail,0,,,,,,,,102.32,30.0,0.0,0.0,2.8,20.0,61,hitl
121,2026-05-02 12:15,supplier_1,supplier,0,795.96,,,,,,,,,,,,,61,hitl
121,2026-05-02 12:15,farm_1,farm,1,,380.0,0.14,,,,,,,,,,,61,hitl
121,2026-05-02 12:15,slaughterhouse_1,slaughterhouse,0,,,,322.4,385.12,,,,,,,,,61,hitl
121,2026-05-02 12:15,wholesaler_1,wholesaler,0,,,,,,172.4,8.3,,,,,,,61,hitl
121,2026-05-02 12:15,retail_1,retail,0,,,,,,,,104.35,30.0,0.0,0.0,2.8,20.0,61,hitl
122,2026-05-02 12:30,supplier_1,supplier,0,795.29,,,,,,,,,,,,,61,hitl
122,2026-05-02 12:30,farm_1,farm,1,,380.0,0.14,,,,,,,,,,,61,hitl
122,2026-05-02 12:30,slaughterhouse_1,slaughterhouse,0,,,,322.4,393.71,,,,,,,,,61,hitl
122,2026-05-02 12:30,wholesaler_1,wholesaler,0,,,,,,170.36,8.3,,,,,,,61,hitl
122,2026-05-02 12:30,retail_1,retail,0,,,,,,,,103.73,30.0,0.0,0.0,2.8,20.0,61,hitl
123,2026-05-02 12:45,supplier_1,supplier,0,793.82,,,,,,,,,,,,,61,hitl
123,2026-05-02 12:45,farm_1,farm,1,,380.0,0.14,,,,,,,,,,,61,hitl
123,2026-05-02 12:45,slaughterhouse_1,slaughterhouse,0,,,,322.4,400.0,,,,,,,,,61,hitl
123,2026-05-02 12:45,wholesaler_1,wholesaler,0,,,,,,168.11,8.3,,,,,,,61,hitl
123,2026-05-02 12:45,retail_1,retail,0,,,,,,,,102.98,30.0,0.0,0.0,2.8,20.0,61,hitl
124,2026-05-02 13:00,supplier_1,supplier,0,793.15,,,,,,,,,,,,,61,hitl
124,2026-05-02 13:00,farm_1,farm,1,,380.0,0.14,,,,,,,,,,,61,hitl
124,2026-05-02 13:00,slaughterhouse_1,slaughterhouse,0,,,,322.4,400.0,,,,,,,,,61,hitl
124,2026-05-02 13:00,wholesaler_1,wholesaler,0,,,,,,162.53,8.3,,,,,,,61,hitl
124,2026-05-02 13:00,retail_1,retail,0,,,,,,,,102.22,30.0,0.0,0.0,2.8,20.0,61,hitl
125,2026-05-02 13:15,supplier_1,supplier,0,792.11,,,,,,,,,,,,,61,hitl
125,2026-05-02 13:15,farm_1,farm,1,,380.0,0.14,,,,,,,,,,,61,hitl
125,2026-05-02 13:15,slaughterhouse_1,slaughterhouse,0,,,,322.4,400.0,,,,,,,,,61,hitl
125,2026-05-02 13:15,wholesaler_1,wholesaler,0,,,,,,160.73,8.3,,,,,,,61,hitl
125,2026-05-02 13:15,retail_1,retail,0,,,,,,,,104.33,30.0,0.0,0.0,2.8,20.0,61,hitl
126,2026-05-02 13:30,supplier_1,supplier,0,790.62,,,,,,,,,,,,,61,hitl
126,2026-05-02 13:30,farm_1,farm,1,,380.0,0.14,,,,,,,,,,,61,hitl
126,2026-05-02 13:30,slaughterhouse_1,slaughterhouse,0,,,,322.4,400.0,,,,,,,,,61,hitl
126,2026-05-02 13:30,wholesaler_1,wholesaler,0,,,,,,158.96,8.3,,,,,,,61,hitl
126,2026-05-02 13:30,retail_1,retail,0,,,,,,,,103.6,30.0,0.0,0.0,2.8,20.0,61,hitl
127,2026-05-02 13:45,supplier_1,supplier,0,790.02,,,,,,,,,,,,,61,hitl
127,2026-05-02 13:45,farm_1,farm,1,,380.0,0.14,,,,,,,,,,,61,hitl
127,2026-05-02 13:45,slaughterhouse_1,slaughterhouse,0,,,,322.4,400.0,,,,,,,,,61,hitl
127,2026-05-02 13:45,wholesaler_1,wholesaler,0,,,,,,157.45,8.3,,,,,,,61,hitl
127,2026-05-02 13:45,retail_1,retail,0,,,,,,,,102.82,30.0,0.0,0.0,2.8,20.0,61,hitl
128,2026-05-02 14:00,supplier_1,supplier,0,789.47,,,,,,,,,,,,,61,hitl
128,2026-05-02 14:00,farm_1,farm,1,,380.0,0.14,,,,,,,,,,,61,hitl
128,2026-05-02 14:00,slaughterhouse_1,slaughterhouse,0,,,,322.4,376.0,,,,,,,,,61,hitl
128,2026-05-02 14:00,wholesaler_1,wholesaler,0,,,,,,152.06,8.3,,,,,,,61,hitl
128,2026-05-02 14:00,retail_1,retail,0,,,,,,,,102.13,30.0,0.0,0.0,2.8,20.0,61,hitl
129,2026-05-02 14:15,supplier_1,supplier,0,788.66,,,,,,,,,,,,,61,hitl
129,2026-05-02 14:15,farm_1,farm,1,,380.0,0.14,,,,,,,,,,,61,hitl
129,2026-05-02 14:15,slaughterhouse_1,slaughterhouse,0,,,,322.4,384.27,,,,,,,,,61,hitl
129,2026-05-02 14:15,wholesaler_1,wholesaler,0,,,,,,173.45,8.3,,,,,,,61,hitl
129,2026-05-02 14:15,retail_1,retail,0,,,,,,,,104.24,30.0,0.0,0.0,2.8,20.0,61,hitl
130,2026-05-02 14:30,supplier_1,supplier,0,788.09,,,,,,,,,,,,,61,hitl
130,2026-05-02 14:30,farm_1,farm,1,,380.0,0.14,,,,,,,,,,,61,hitl
130,2026-05-02 14:30,slaughterhouse_1,slaughterhouse,0,,,,322.4,392.52,,,,,,,,,61,hitl
130,2026-05-02 14:30,wholesaler_1,wholesaler,0,,,,,,171.73,8.3,,,,,,,61,hitl
130,2026-05-02 14:30,retail_1,retail,0,,,,,,,,103.52,30.0,0.0,0.0,2.8,20.0,61,hitl
131,2026-05-02 14:45,supplier_1,supplier,0,787.32,,,,,,,,,,,,,61,hitl
131,2026-05-02 14:45,farm_1,farm,1,,380.0,0.14,,,,,,,,,,,61,hitl
131,2026-05-02 14:45,slaughterhouse_1,slaughterhouse,0,,,,322.4,400.0,,,,,,,,,61,hitl
131,2026-05-02 14:45,wholesaler_1,wholesaler,0,,,,,,169.16,8.3,,,,,,,61,hitl
131,2026-05-02 14:45,retail_1,retail,0,,,,,,,,102.79,30.0,0.0,0.0,2.8,20.0,61,hitl
132,2026-05-02 15:00,supplier_1,supplier,0,786.18,,,,,,,,,,,,,61,hitl
132,2026-05-02 15:00,farm_1,farm,1,,380.0,0.14,,,,,,,,,,,61,hitl
132,2026-05-02 15:00,slaughterhouse_1,slaughterhouse,0,,,,322.4,400.0,,,,,,,,,61,hitl
132,2026-05-02 15:00,wholesaler_1,wholesaler,0,,,,,,163.93,8.3,,,,,,,61,hitl
132,2026-05-02 15:00,retail_1,retail,0,,,,,,,,102.03,30.0,0.0,0.0,2.8,20.0,61,hitl
133,2026-05-02 15:15,supplier_1,supplier,0,784.86,,,,,,,,,,,,,61,hitl
133,2026-05-02 15:15,farm_1,farm,1,,380.0,0.14,,,,,,,,,,,61,hitl
133,2026-05-02 15:15,slaughterhouse_1,slaughterhouse,0,,,,322.4,400.0,,,,,,,,,61,hitl
133,2026-05-02 15:15,wholesaler_1,wholesaler,0,,,,,,162.06,8.3,,,,,,,61,hitl
133,2026-05-02 15:15,retail_1,retail,0,,,,,,,,104.27,30.0,0.0,0.0,2.8,20.0,61,hitl
134,2026-05-02 15:30,supplier_1,supplier,0,783.71,,,,,,,,,,,,,61,hitl
134,2026-05-02 15:30,farm_1,farm,1,,380.0,0.14,,,,,,,,,,,61,hitl
134,2026-05-02 15:30,slaughterhouse_1,slaughterhouse,0,,,,322.4,400.0,,,,,,,,,61,hitl
134,2026-05-02 15:30,wholesaler_1,wholesaler,0,,,,,,159.32,8.3,,,,,,,61,hitl
134,2026-05-02 15:30,retail_1,retail,0,,,,,,,,103.58,30.0,0.0,0.0,2.8,20.0,61,hitl
135,2026-05-02 15:45,supplier_1,supplier,0,782.66,,,,,,,,,,,,,61,hitl
135,2026-05-02 15:45,farm_1,farm,1,,380.0,0.14,,,,,,,,,,,61,hitl
135,2026-05-02 15:45,slaughterhouse_1,slaughterhouse,0,,,,322.4,400.0,,,,,,,,,61,hitl
135,2026-05-02 15:45,wholesaler_1,wholesaler,0,,,,,,157.19,8.3,,,,,,,61,hitl
135,2026-05-02 15:45,retail_1,retail,0,,,,,,,,102.81,30.0,0.0,0.0,2.8,20.0,61,hitl
136,2026-05-02 16:00,supplier_1,supplier,0,781.65,,,,,,,,,,,,,61,hitl
136,2026-05-02 16:00,farm_1,farm,1,,380.0,0.14,,,,,,,,,,,61,hitl
136,2026-05-02 16:00,slaughterhouse_1,slaughterhouse,0,,,,322.4,376.0,,,,,,,,,61,hitl
136,2026-05-02 16:00,wholesaler_1,wholesaler,0,,,,,,151.87,8.3,,,,,,,61,hitl
136,2026-05-02 16:00,retail_1,retail,0,,,,,,,,102.17,30.0,0.0,0.0,2.8,20.0,61,hitl
137,2026-05-02 16:15,supplier_1,supplier,0,780.71,,,,,,,,,,,,,61,hitl
137,2026-05-02 16:15,farm_1,farm,1,,380.0,0.14,,,,,,,,,,,61,hitl
137,2026-05-02 16:15,slaughterhouse_1,slaughterhouse,0,,,,322.4,385.11,,,,,,,,,61,hitl
137,2026-05-02 16:15,wholesaler_1,wholesaler,0,,,,,,173.29,8.3,,,,,,,61,hitl
137,2026-05-02 16:15,retail_1,retail,0,,,,,,,,104.36,30.0,0.0,0.0,2.8,20.0,61,hitl
138,2026-05-02 16:30,supplier_1,supplier,0,779.24,,,,,,,,,,,,,61,hitl
138,2026-05-02 16:30,farm_1,farm,1,,380.0,0.14,,,,,,,,,,,61,hitl
138,2026-05-02 16:30,slaughterhouse_1,slaughterhouse,0,,,,322.4,393.99,,,,,,,,,61,hitl
138,2026-05-02 16:30,wholesaler_1,wholesaler,0,,,,,,171.4,8.3,,,,,,,61,hitl
138,2026-05-02 16:30,retail_1,retail,0,,,,,,,,103.6,30.0,0.0,0.0,2.8,20.0,61,hitl
139,2026-05-02 16:45,supplier_1,supplier,0,778.0,,,,,,,,,,,,,61,hitl
139,2026-05-02 16:45,farm_1,farm,1,,380.0,0.14,,,,,,,,,,,61,hitl
139,2026-05-02 16:45,slaughterhouse_1,slaughterhouse,0,,,,322.4,400.0,,,,,,,,,61,hitl
139,2026-05-02 16:45,wholesaler_1,wholesaler,0,,,,,,168.64,8.3,,,,,,,61,hitl
139,2026-05-02 16:45,retail_1,retail,0,,,,,,,,102.88,30.0,0.0,0.0,2.8,20.0,61,hitl
140,2026-05-02 17:00,supplier_1,supplier,0,777.06,,,,,,,,,,,,,61,hitl
140,2026-05-02 17:00,farm_1,farm,1,,380.0,0.14,,,,,,,,,,,61,hitl
140,2026-05-02 17:00,slaughterhouse_1,slaughterhouse,0,,,,322.4,400.0,,,,,,,,,61,hitl
140,2026-05-02 17:00,wholesaler_1,wholesaler,0,,,,,,163.78,8.3,,,,,,,61,hitl
140,2026-05-02 17:00,retail_1,retail,0,,,,,,,,102.25,30.0,0.0,0.0,2.8,20.0,61,hitl
141,2026-05-02 17:15,supplier_1,supplier,0,776.36,,,,,,,,,,,,,61,hitl
141,2026-05-02 17:15,farm_1,farm,1,,380.0,0.14,,,,,,,,,,,61,hitl
141,2026-05-02 17:15,slaughterhouse_1,slaughterhouse,0,,,,322.4,400.0,,,,,,,,,61,hitl
141,2026-05-02 17:15,wholesaler_1,wholesaler,0,,,,,,161.73,8.3,,,,,,,61,hitl
141,2026-05-02 17:15,retail_1,retail,0,,,,,,,,104.35,30.0,0.0,0.0,2.8,20.0,61,hitl
142,2026-05-02 17:30,supplier_1,supplier,0,774.91,,,,,,,,,,,,,61,hitl
142,2026-05-02 17:30,farm_1,farm,1,,380.0,0.14,,,,,,,,,,,61,hitl
142,2026-05-02 17:30,slaughterhouse_1,slaughterhouse,0,,,,322.4,400.0,,,,,,,,,61,hitl
142,2026-05-02 17:30,wholesaler_1,wholesaler,0,,,,,,159.16,8.3,,,,,,,61,hitl
142,2026-05-02 17:30,retail_1,retail,0,,,,,,,,103.69,30.0,0.0,0.0,2.8,20.0,61,hitl
143,2026-05-02 17:45,supplier_1,supplier,0,773.96,,,,,,,,,,,,,61,hitl
143,2026-05-02 17:45,farm_1,farm,1,,380.0,0.14,,,,,,,,,,,61,hitl
143,2026-05-02 17:45,slaughterhouse_1,slaughterhouse,0,,,,322.4,400.0,,,,,,,,,61,hitl
143,2026-05-02 17:45,wholesaler_1,wholesaler,0,,,,,,157.12,8.3,,,,,,,61,hitl
143,2026-05-02 17:45,retail_1,retail,0,,,,,,,,103.0,30.0,0.0,0.0,2.8,20.0,61,hitl
144,2026-05-02 18:00,supplier_1,supplier,0,773.23,,,,,,,,,,,,,61,hitl
144,2026-05-02 18:00,farm_1,farm,1,,380.0,0.14,,,,,,,,,,,61,hitl
144,2026-05-02 18:00,slaughterhouse_1,slaughterhouse,0,,,,322.4,376.0,,,,,,,,,61,hitl
144,2026-05-02 18:00,wholesaler_1,wholesaler,0,,,,,,151.57,8.3,,,,,,,61,hitl
144,2026-05-02 18:00,retail_1,retail,0,,,,,,,,102.36,30.0,0.0,0.0,2.8,20.0,61,hitl
145,2026-05-02 18:15,supplier_1,supplier,0,772.38,,,,,,,,,,,,,61,hitl
145,2026-05-02 18:15,farm_1,farm,1,,380.0,0.14,,,,,,,,,,,61,hitl
145,2026-05-02 18:15,slaughterhouse_1,slaughterhouse,0,,,,322.4,384.27,,,,,,,,,61,hitl
145,2026-05-02 18:15,wholesaler_1,wholesaler,0,,,,,,173.04,8.3,,,,,,,61,hitl
145,2026-05-02 18:15,retail_1,retail,0,,,,,,,,104.36,30.0,0.0,0.0,2.8,20.0,61,hitl
146,2026-05-02 18:30,supplier_1,supplier,0,771.16,,,,,,,,,,,,,61,hitl
146,2026-05-02 18:30,farm_1,farm,1,,380.0,0.14,,,,,,,,,,,61,hitl
146,2026-05-02 18:30,slaughterhouse_1,slaughterhouse,0,,,,322.4,392.54,,,,,,,,,61,hitl
146,2026-05-02 18:30,wholesaler_1,wholesaler,0,,,,,,170.73,8.3,,,,,,,61,hitl
146,2026-05-02 18:30,retail_1,retail,0,,,,,,,,103.68,30.0,0.0,0.0,2.8,20.0,61,hitl
147,2026-05-02 18:45,supplier_1,supplier,0,770.49,,,,,,,,,,,,,61,hitl
147,2026-05-02 18:45,farm_1,farm,1,,380.0,0.14,,,,,,,,,,,61,hitl
147,2026-05-02 18:45,slaughterhouse_1,slaughterhouse,0,,,,322.4,400.0,,,,,,,,,61,hitl
147,2026-05-02 18:45,wholesaler_1,wholesaler,0,,,,,,168.64,8.3,,,,,,,61,hitl
147,2026-05-02 18:45,retail_1,retail,0,,,,,,,,103.06,30.0,0.0,0.0,2.8,20.0,61,hitl
148,2026-05-02 19:00,supplier_1,supplier,0,769.5,,,,,,,,,,,,,61,hitl
148,2026-05-02 19:00,farm_1,farm,1,,380.0,0.14,,,,,,,,,,,61,hitl
148,2026-05-02 19:00,slaughterhouse_1,slaughterhouse,0,,,,322.4,400.0,,,,,,,,,61,hitl
148,2026-05-02 19:00,wholesaler_1,wholesaler,0,,,,,,163.39,8.3,,,,,,,61,hitl
148,2026-05-02 19:00,retail_1,retail,0,,,,,,,,102.42,30.0,0.0,0.0,2.8,20.0,61,hitl
149,2026-05-02 19:15,supplier_1,supplier,0,768.06,,,,,,,,,,,,,61,hitl
149,2026-05-02 19:15,farm_1,farm,1,,380.0,0.14,,,,,,,,,,,61,hitl
149,2026-05-02 19:15,slaughterhouse_1,slaughterhouse,0,,,,322.4,400.0,,,,,,,,,61,hitl
149,2026-05-02 19:15,wholesaler_1,wholesaler,0,,,,,,161.22,8.3,,,,,,,61,hitl
149,2026-05-02 19:15,retail_1,retail,0,,,,,,,,104.37,30.0,0.0,0.0,2.8,20.0,61,hitl
150,2026-05-02 19:30,supplier_1,supplier,0,766.81,,,,,,,,,,,,,61,hitl
150,2026-05-02 19:30,farm_1,farm,1,,380.0,0.14,,,,,,,,,,,61,hitl
150,2026-05-02 19:30,slaughterhouse_1,slaughterhouse,0,,,,322.4,400.0,,,,,,,,,61,hitl
150,2026-05-02 19:30,wholesaler_1,wholesaler,0,,,,,,158.46,8.3,,,,,,,61,hitl
150,2026-05-02 19:30,retail_1,retail,0,,,,,,,,103.64,30.0,0.0,0.0,2.8,20.0,61,hitl
151,2026-05-02 19:45,supplier_1,supplier,0,766.03,,,,,,,,,,,,,61,hitl
151,2026-05-02 19:45,farm_1,farm,1,,380.0,0.14,,,,,,,,,,,61,hitl
151,2026-05-02 19:45,slaughterhouse_1,slaughterhouse,0,,,,322.4,400.0,,,,,,,,,61,hitl
151,2026-05-02 19:45,wholesaler_1,wholesaler,0,,,,,,156.82,8.3,,,,,,,61,hitl
151,2026-05-02 19:45,retail_1,retail,0,,,,,,,,102.97,30.0,0.0,0.0,2.8,20.0,61,hitl
152,2026-05-02 20:00,supplier_1,supplier,0,765.23,,,,,,,,,,,,,61,hitl
152,2026-05-02 20:00,farm_1,farm,1,,380.0,0.14,,,,,,,,,,,61,hitl
152,2026-05-02 20:00,slaughterhouse_1,slaughterhouse,0,,,,322.4,376.0,,,,,,,,,61,hitl
152,2026-05-02 20:00,wholesaler_1,wholesaler,0,,,,,,152.09,8.3,,,,,,,61,hitl
152,2026-05-02 20:00,retail_1,retail,0,,,,,,,,102.35,30.0,0.0,0.0,2.8,20.0,61,hitl
153,2026-05-02 20:15,supplier_1,supplier,0,764.69,,,,,,,,,,,,,61,hitl
153,2026-05-02 20:15,farm_1,farm,1,,380.0,0.14,,,,,,,,,,,61,hitl
153,2026-05-02 20:15,slaughterhouse_1,slaughterhouse,1,,,,175.0,86.67,,,,,,,,,61,hitl
153,2026-05-02 20:15,wholesaler_1,wholesaler,0,,,,,,173.8,8.3,,,,,,,61,hitl
153,2026-05-02 20:15,retail_1,retail,0,,,,,,,,104.36,30.0,0.0,0.0,2.8,20.0,61,hitl
154,2026-05-02 20:30,supplier_1,supplier,0,763.46,,,,,,,,,,,,,61,hitl
154,2026-05-02 20:30,farm_1,farm,1,,380.0,0.14,,,,,,,,,,,61,hitl
154,2026-05-02 20:30,slaughterhouse_1,slaughterhouse,1,,,,175.0,91.25,,,,,,,,,61,hitl
154,2026-05-02 20:30,wholesaler_1,wholesaler,0,,,,,,170.83,8.3,,,,,,,61,hitl
154,2026-05-02 20:30,retail_1,retail,0,,,,,,,,103.63,30.0,0.0,0.0,2.8,20.0,61,hitl
155,2026-05-02 20:45,supplier_1,supplier,0,762.11,,,,,,,,,,,,,61,hitl
155,2026-05-02 20:45,farm_1,farm,1,,380.0,0.14,,,,,,,,,,,61,hitl
155,2026-05-02 20:45,slaughterhouse_1,slaughterhouse,1,,,,175.0,96.25,,,,,,,,,61,hitl
155,2026-05-02 20:45,wholesaler_1,wholesaler,0,,,,,,168.56,8.3,,,,,,,61,hitl
155,2026-05-02 20:45,retail_1,retail,0,,,,,,,,102.92,30.0,0.0,0.0,2.8,20.0,61,hitl
156,2026-05-02 21:00,supplier_1,supplier,0,760.76,,,,,,,,,,,,,61,hitl
156,2026-05-02 21:00,farm_1,farm,1,,380.0,0.14,,,,,,,,,,,61,hitl
156,2026-05-02 21:00,slaughterhouse_1,slaughterhouse,1,,,,175.0,101.25,,,,,,,,,61,hitl
156,2026-05-02 21:00,wholesaler_1,wholesaler,0,,,,,,162.98,8.3,,,,,,,61,hitl
156,2026-05-02 21:00,retail_1,retail,0,,,,,,,,102.18,30.0,0.0,0.0,2.8,20.0,61,hitl
157,2026-05-02 21:15,supplier_1,supplier,0,759.36,,,,,,,,,,,,,61,hitl
157,2026-05-02 21:15,farm_1,farm,1,,380.0,0.14,,,,,,,,,,,61,hitl
157,2026-05-02 21:15,slaughterhouse_1,slaughterhouse,1,,,,175.0,106.49,,,,,,,,,61,hitl
157,2026-05-02 21:15,wholesaler_1,wholesaler,0,,,,,,160.65,8.3,,,,,,,61,hitl
157,2026-05-02 21:15,retail_1,retail,0,,,,,,,,104.29,30.0,0.0,0.0,2.8,20.0,61,hitl
158,2026-05-02 21:30,supplier_1,supplier,0,758.73,,,,,,,,,,,,,61,hitl
158,2026-05-02 21:30,farm_1,farm,1,,380.0,0.14,,,,,,,,,,,61,hitl
158,2026-05-02 21:30,slaughterhouse_1,slaughterhouse,1,,,,175.0,111.17,,,,,,,,,61,hitl
158,2026-05-02 21:30,wholesaler_1,wholesaler,0,,,,,,158.44,8.3,,,,,,,61,hitl
158,2026-05-02 21:30,retail_1,retail,0,,,,,,,,103.55,30.0,0.0,0.0,2.8,20.0,61,hitl
159,2026-05-02 21:45,supplier_1,supplier,0,757.52,,,,,,,,,,,,,61,hitl
159,2026-05-02 21:45,farm_1,farm,1,,380.0,0.14,,,,,,,,,,,61,hitl
159,2026-05-02 21:45,slaughterhouse_1,slaughterhouse,1,,,,175.0,116.0,,,,,,,,,61,hitl
159,2026-05-02 21:45,wholesaler_1,wholesaler,0,,,,,,156.46,8.3,,,,,,,61,hitl
159,2026-05-02 21:45,retail_1,retail,0,,,,,,,,102.89,30.0,0.0,0.0,2.8,20.0,61,hitl
160,2026-05-02 22:00,supplier_1,supplier,0,756.38,,,,,,,,,,,,,61,hitl
160,2026-05-02 22:00,farm_1,farm,1,,380.0,0.14,,,,,,,,,,,61,hitl
160,2026-05-02 22:00,slaughterhouse_1,slaughterhouse,1,,,,175.0,116.77,,,,,,,,,61,hitl
160,2026-05-02 22:00,wholesaler_1,wholesaler,0,,,,,,151.43,8.3,,,,,,,61,hitl
160,2026-05-02 22:00,retail_1,retail,0,,,,,,,,102.14,30.0,0.0,0.0,2.8,20.0,61,hitl
161,2026-05-02 22:15,supplier_1,supplier,0,754.98,,,,,,,,,,,,,61,hitl
161,2026-05-02 22:15,farm_1,farm,1,,380.0,0.14,,,,,,,,,,,61,hitl
161,2026-05-02 22:15,slaughterhouse_1,slaughterhouse,1,,,,175.0,121.95,,,,,,,,,61,hitl
161,2026-05-02 22:15,wholesaler_1,wholesaler,0,,,,,,152.97,8.3,,,,,,,61,hitl
161,2026-05-02 22:15,retail_1,retail,0,,,,,,,,104.31,30.0,0.0,0.0,2.8,20.0,61,hitl
162,2026-05-02 22:30,supplier_1,supplier,0,754.08,,,,,,,,,,,,,61,hitl
162,2026-05-02 22:30,farm_1,farm,1,,380.0,0.14,,,,,,,,,,,61,hitl
162,2026-05-02 22:30,slaughterhouse_1,slaughterhouse,1,,,,175.0,126.97,,,,,,,,,61,hitl
162,2026-05-02 22:30,wholesaler_1,wholesaler,0,,,,,,150.14,8.3,,,,,,,61,hitl
162,2026-05-02 22:30,retail_1,retail,0,,,,,,,,103.62,30.0,0.0,0.0,2.8,20.0,61,hitl
163,2026-05-02 22:45,supplier_1,supplier,0,752.9,,,,,,,,,,,,,61,hitl
163,2026-05-02 22:45,farm_1,farm,1,,380.0,0.14,,,,,,,,,,,61,hitl
163,2026-05-02 22:45,slaughterhouse_1,slaughterhouse,1,,,,175.0,131.61,,,,,,,,,61,hitl
163,2026-05-02 22:45,wholesaler_1,wholesaler,0,,,,,,147.83,8.3,,,,,,,61,hitl
163,2026-05-02 22:45,retail_1,retail,0,,,,,,,,102.87,30.0,0.0,0.0,2.8,20.0,61,hitl
164,2026-05-02 23:00,supplier_1,supplier,0,751.75,,,,,,,,,,,,,61,hitl
164,2026-05-02 23:00,farm_1,farm,1,,380.0,0.14,,,,,,,,,,,61,hitl
164,2026-05-02 23:00,slaughterhouse_1,slaughterhouse,1,,,,175.0,136.63,,,,,,,,,61,hitl
164,2026-05-02 23:00,wholesaler_1,wholesaler,0,,,,,,142.83,8.3,,,,,,,61,hitl
164,2026-05-02 23:00,retail_1,retail,0,,,,,,,,102.11,30.0,0.0,0.0,2.8,20.0,61,hitl
165,2026-05-02 23:15,supplier_1,supplier,0,750.75,,,,,,,,,,,,,61,hitl
165,2026-05-02 23:15,farm_1,farm,1,,380.0,0.14,,,,,,,,,,,61,hitl
165,2026-05-02 23:15,slaughterhouse_1,slaughterhouse,1,,,,175.0,141.21,,,,,,,,,61,hitl
165,2026-05-02 23:15,wholesaler_1,wholesaler,0,,,,,,140.38,8.3,,,,,,,61,hitl
165,2026-05-02 23:15,retail_1,retail,0,,,,,,,,104.28,30.0,0.0,0.0,2.8,20.0,61,hitl
166,2026-05-02 23:30,supplier_1,supplier,0,750.23,,,,,,,,,,,,,61,hitl
166,2026-05-02 23:30,farm_1,farm,1,,380.0,0.14,,,,,,,,,,,61,hitl
166,2026-05-02 23:30,slaughterhouse_1,slaughterhouse,1,,,,175.0,145.83,,,,,,,,,61,hitl
166,2026-05-02 23:30,wholesaler_1,wholesaler,0,,,,,,138.17,8.3,,,,,,,61,hitl
166,2026-05-02 23:30,retail_1,retail,0,,,,,,,,103.66,30.0,0.0,0.0,2.8,20.0,61,hitl
167,2026-05-02 23:45,supplier_1,supplier,0,749.51,,,,,,,,,,,,,61,hitl
167,2026-05-02 23:45,farm_1,farm,1,,380.0,0.14,,,,,,,,,,,61,hitl
167,2026-05-02 23:45,slaughterhouse_1,slaughterhouse,1,,,,175.0,150.48,,,,,,,,,61,hitl
167,2026-05-02 23:45,wholesaler_1,wholesaler,0,,,,,,136.24,8.3,,,,,,,61,hitl
167,2026-05-02 23:45,retail_1,retail,0,,,,,,,,102.88,30.0,0.0,0.0,2.8,20.0,61,hitl
168,2026-05-03 00:00,supplier_1,supplier,0,748.31,,,,,,,,,,,,,61,hitl
168,2026-05-03 00:00,farm_1,farm,1,,380.0,0.14,,,,,,,,,,,61,hitl
168,2026-05-03 00:00,slaughterhouse_1,slaughterhouse,1,,,,175.0,151.4,,,,,,,,,61,hitl
168,2026-05-03 00:00,wholesaler_1,wholesaler,0,,,,,,131.57,8.3,,,,,,,61,hitl
168,2026-05-03 00:00,retail_1,retail,0,,,,,,,,102.24,30.0,0.0,0.0,2.8,20.0,61,hitl
169,2026-05-03 00:15,supplier_1,supplier,0,747.03,,,,,,,,,,,,,61,hitl
169,2026-05-03 00:15,farm_1,farm,1,,380.0,0.14,,,,,,,,,,,61,hitl
169,2026-05-03 00:15,slaughterhouse_1,slaughterhouse,1,,,,175.0,156.31,,,,,,,,,61,hitl
169,2026-05-03 00:15,wholesaler_1,wholesaler,0,,,,,,133.96,8.3,,,,,,,61,hitl
169,2026-05-03 00:15,retail_1,retail,0,,,,,,,,104.38,30.0,0.0,0.0,2.8,20.0,61,hitl
170,2026-05-03 00:30,supplier_1,supplier,0,746.38,,,,,,,,,,,,,61,hitl
170,2026-05-03 00:30,farm_1,farm,1,,380.0,0.14,,,,,,,,,,,61,hitl
170,2026-05-03 00:30,slaughterhouse_1,slaughterhouse,1,,,,175.0,161.28,,,,,,,,,61,hitl
170,2026-05-03 00:30,wholesaler_1,wholesaler,0,,,,,,132.3,8.3,,,,,,,61,hitl
170,2026-05-03 00:30,retail_1,retail,0,,,,,,,,103.61,30.0,0.0,0.0,2.8,20.0,61,hitl
171,2026-05-03 00:45,supplier_1,supplier,0,745.28,,,,,,,,,,,,,61,hitl
171,2026-05-03 00:45,farm_1,farm,1,,380.0,0.14,,,,,,,,,,,61,hitl
171,2026-05-03 00:45,slaughterhouse_1,slaughterhouse,1,,,,175.0,166.2,,,,,,,,,61,hitl
171,2026-05-03 00:45,wholesaler_1,wholesaler,0,,,,,,130.69,8.3,,,,,,,61,hitl
171,2026-05-03 00:45,retail_1,retail,0,,,,,,,,102.93,30.0,0.0,0.0,2.8,20.0,61,hitl
172,2026-05-03 01:00,supplier_1,supplier,0,744.65,,,,,,,,,,,,,61,hitl
172,2026-05-03 01:00,farm_1,farm,1,,380.0,0.14,,,,,,,,,,,61,hitl
172,2026-05-03 01:00,slaughterhouse_1,slaughterhouse,1,,,,175.0,171.07,,,,,,,,,61,hitl
172,2026-05-03 01:00,wholesaler_1,wholesaler,0,,,,,,126.28,8.3,,,,,,,61,hitl
172,2026-05-03 01:00,retail_1,retail,0,,,,,,,,102.21,30.0,0.0,0.0,2.8,20.0,61,hitl
173,2026-05-03 01:15,supplier_1,supplier,0,743.95,,,,,,,,,,,,,61,hitl
173,2026-05-03 01:15,farm_1,farm,1,,380.0,0.14,,,,,,,,,,,61,hitl
173,2026-05-03 01:15,slaughterhouse_1,slaughterhouse,1,,,,175.0,175.63,,,,,,,,,61,hitl
173,2026-05-03 01:15,wholesaler_1,wholesaler,0,,,,,,123.63,8.3,,,,,,,61,hitl
173,2026-05-03 01:15,retail_1,retail,0,,,,,,,,104.28,30.0,0.0,0.0,2.8,20.0,61,hitl
174,2026-05-03 01:30,supplier_1,supplier,0,743.15,,,,,,,,,,,,,61,hitl
174,2026-05-03 01:30,farm_1,farm,1,,380.0,0.14,,,,,,,,,,,61,hitl
174,2026-05-03 01:30,slaughterhouse_1,slaughterhouse,1,,,,175.0,180.66,,,,,,,,,61,hitl
174,2026-05-03 01:30,wholesaler_1,wholesaler,0,,,,,,121.75,8.3,,,,,,,61,hitl
174,2026-05-03 01:30,retail_1,retail,0,,,,,,,,103.61,30.0,0.0,0.0,2.8,20.0,61,hitl
175,2026-05-03 01:45,supplier_1,supplier,0,742.14,,,,,,,,,,,,,61,hitl
175,2026-05-03 01:45,farm_1,farm,1,,380.0,0.14,,,,,,,,,,,61,hitl
175,2026-05-03 01:45,slaughterhouse_1,slaughterhouse,1,,,,175.0,185.2,,,,,,,,,61,hitl
175,2026-05-03 01:45,wholesaler_1,wholesaler,0,,,,,,120.1,8.3,,,,,,,61,hitl
175,2026-05-03 01:45,retail_1,retail,0,,,,,,,,102.83,30.0,0.0,0.0,2.8,20.0,61,hitl
176,2026-05-03 02:00,supplier_1,supplier,0,740.76,,,,,,,,,,,,,61,hitl
176,2026-05-03 02:00,farm_1,farm,1,,380.0,0.14,,,,,,,,,,,61,hitl
176,2026-05-03 02:00,slaughterhouse_1,slaughterhouse,1,,,,175.0,186.07,,,,,,,,,61,hitl
176,2026-05-03 02:00,wholesaler_1,wholesaler,0,,,,,,114.62,8.3,,,,,,,61,hitl
176,2026-05-03 02:00,retail_1,retail,0,,,,,,,,102.16,30.0,0.0,0.0,2.8,20.0,61,hitl
177,2026-05-03 02:15,supplier_1,supplier,0,740.0,,,,,,,,,,,,,61,hitl
177,2026-05-03 02:15,farm_1,farm,1,,380.0,0.14,,,,,,,,,,,61,hitl
177,2026-05-03 02:15,slaughterhouse_1,slaughterhouse,1,,,,175.0,191.21,,,,,,,,,61,hitl
177,2026-05-03 02:15,wholesaler_1,wholesaler,0,,,,,,117.18,8.3,,,,,,,61,hitl
177,2026-05-03 02:15,retail_1,retail,0,,,,,,,,104.23,30.0,0.0,0.0,2.8,20.0,61,hitl
178,2026-05-03 02:30,supplier_1,supplier,0,738.93,,,,,,,,,,,,,61,hitl
178,2026-05-03 02:30,farm_1,farm,1,,380.0,0.14,,,,,,,,,,,61,hitl
178,2026-05-03 02:30,slaughterhouse_1,slaughterhouse,1,,,,175.0,196.42,,,,,,,,,61,hitl
178,2026-05-03 02:30,wholesaler_1,wholesaler,0,,,,,,114.82,8.3,,,,,,,61,hitl
178,2026-05-03 02:30,retail_1,retail,0,,,,,,,,103.61,30.0,0.0,0.0,2.8,20.0,61,hitl
179,2026-05-03 02:45,supplier_1,supplier,0,737.73,,,,,,,,,,,,,61,hitl
179,2026-05-03 02:45,farm_1,farm,1,,380.0,0.14,,,,,,,,,,,61,hitl
179,2026-05-03 02:45,slaughterhouse_1,slaughterhouse,1,,,,175.0,201.27,,,,,,,,,61,hitl
179,2026-05-03 02:45,wholesaler_1,wholesaler,0,,,,,,112.66,8.3,,,,,,,61,hitl
179,2026-05-03 02:45,retail_1,retail,0,,,,,,,,102.89,30.0,0.0,0.0,2.8,20.0,61,hitl
180,2026-05-03 03:00,supplier_1,supplier,0,736.27,,,,,,,,,,,,,61,hitl
180,2026-05-03 03:00,farm_1,farm,1,,380.0,0.14,,,,,,,,,,,61,hitl
180,2026-05-03 03:00,slaughterhouse_1,slaughterhouse,1,,,,175.0,206.32,,,,,,,,,61,hitl
180,2026-05-03 03:00,wholesaler_1,wholesaler,0,,,,,,108.29,8.3,,,,,,,61,hitl
180,2026-05-03 03:00,retail_1,retail,0,,,,,,,,102.21,30.0,0.0,0.0,2.8,20.0,61,hitl
181,2026-05-03 03:15,supplier_1,supplier,0,735.36,,,,,,,,,,,,,61,hitl
181,2026-05-03 03:15,farm_1,farm,1,,380.0,0.14,,,,,,,,,,,61,hitl
181,2026-05-03 03:15,slaughterhouse_1,slaughterhouse,1,,,,175.0,210.85,,,,,,,,,61,hitl
181,2026-05-03 03:15,wholesaler_1,wholesaler,0,,,,,,105.58,8.3,,,,,,,61,hitl
181,2026-05-03 03:15,retail_1,retail,0,,,,,,,,104.27,30.0,0.0,0.0,2.8,20.0,61,hitl
182,2026-05-03 03:30,supplier_1,supplier,0,733.93,,,,,,,,,,,,,61,hitl
182,2026-05-03 03:30,farm_1,farm,1,,380.0,0.14,,,,,,,,,,,61,hitl
182,2026-05-03 03:30,slaughterhouse_1,slaughterhouse,1,,,,175.0,215.51,,,,,,,,,61,hitl
182,2026-05-03 03:30,wholesaler_1,wholesaler,0,,,,,,104.03,8.3,,,,,,,61,hitl
182,2026-05-03 03:30,retail_1,retail,0,,,,,,,,103.49,30.0,0.0,0.0,2.8,20.0,61,hitl
183,2026-05-03 03:45,supplier_1,supplier,0,733.35,,,,,,,,,,,,,61,hitl
183,2026-05-03 03:45,farm_1,farm,1,,380.0,0.14,,,,,,,,,,,61,hitl
183,2026-05-03 03:45,slaughterhouse_1,slaughterhouse,1,,,,175.0,220.56,,,,,,,,,61,hitl
183,2026-05-03 03:45,wholesaler_1,wholesaler,0,,,,,,102.33,8.3,,,,,,,61,hitl
183,2026-05-03 03:45,retail_1,retail,0,,,,,,,,102.87,30.0,0.0,0.0,2.8,20.0,61,hitl
184,2026-05-03 04:00,supplier_1,supplier,0,732.57,,,,,,,,,,,,,61,hitl
184,2026-05-03 04:00,farm_1,farm,1,,380.0,0.14,,,,,,,,,,,61,hitl
184,2026-05-03 04:00,slaughterhouse_1,slaughterhouse,1,,,,175.0,220.83,,,,,,,,,61,hitl
184,2026-05-03 04:00,wholesaler_1,wholesaler,0,,,,,,97.72,8.3,,,,,,,61,hitl
184,2026-05-03 04:00,retail_1,retail,0,,,,,,,,102.24,30.0,0.0,0.0,2.8,20.0,61,hitl
185,2026-05-03 04:15,supplier_1,supplier,0,731.22,,,,,,,,,,,,,61,hitl
185,2026-05-03 04:15,farm_1,farm,1,,380.0,0.14,,,,,,,,,,,61,hitl
185,2026-05-03 04:15,slaughterhouse_1,slaughterhouse,1,,,,175.0,225.96,,,,,,,,,61,hitl
185,2026-05-03 04:15,wholesaler_1,wholesaler,0,,,,,,99.35,8.3,,,,,,,61,hitl
185,2026-05-03 04:15,retail_1,retail,0,,,,,,,,104.3,30.0,0.0,0.0,2.8,20.0,61,hitl
186,2026-05-03 04:30,supplier_1,supplier,0,730.02,,,,,,,,,,,,,61,hitl
186,2026-05-03 04:30,farm_1,farm,1,,380.0,0.14,,,,,,,,,,,61,hitl
186,2026-05-03 04:30,slaughterhouse_1,slaughterhouse,1,,,,175.0,230.67,,,,,,,,,61,hitl
186,2026-05-03 04:30,wholesaler_1,wholesaler,0,,,,,,96.57,8.3,,,,,,,61,hitl
186,2026-05-03 04:30,retail_1,retail,0,,,,,,,,103.66,30.0,0.0,0.0,2.8,20.0,61,hitl
187,2026-05-03 04:45,supplier_1,supplier,0,728.88,,,,,,,,,,,,,61,hitl
187,2026-05-03 04:45,farm_1,farm,1,,380.0,0.14,,,,,,,,,,,61,hitl
187,2026-05-03 04:45,slaughterhouse_1,slaughterhouse,1,,,,175.0,235.31,,,,,,,,,61,hitl
187,2026-05-03 04:45,wholesaler_1,wholesaler,0,,,,,,93.88,8.3,,,,,,,61,hitl
187,2026-05-03 04:45,retail_1,retail,0,,,,,,,,103.02,30.0,0.0,0.0,2.8,20.0,61,hitl
188,2026-05-03 05:00,supplier_1,supplier,0,727.53,,,,,,,,,,,,,61,hitl
188,2026-05-03 05:00,farm_1,farm,1,,380.0,0.14,,,,,,,,,,,61,hitl
188,2026-05-03 05:00,slaughterhouse_1,slaughterhouse,1,,,,175.0,239.8,,,,,,,,,61,hitl
188,2026-05-03 05:00,wholesaler_1,wholesaler,0,,,,,,89.2,8.3,,,,,,,61,hitl
188,2026-05-03 05:00,retail_1,retail,0,,,,,,,,102.28,30.0,0.0,0.0,2.8,20.0,61,hitl
189,2026-05-03 05:15,supplier_1,supplier,0,726.58,,,,,,,,,,,,,61,hitl
189,2026-05-03 05:15,farm_1,farm,1,,380.0,0.14,,,,,,,,,,,61,hitl
189,2026-05-03 05:15,slaughterhouse_1,slaughterhouse,1,,,,175.0,244.4,,,,,,,,,61,hitl
189,2026-05-03 05:15,wholesaler_1,wholesaler,0,,,,,,86.98,8.3,,,,,,,61,hitl
189,2026-05-03 05:15,retail_1,retail,0,,,,,,,,104.3,30.0,0.0,0.0,2.8,20.0,61,hitl
190,2026-05-03 05:30,supplier_1,supplier,0,726.07,,,,,,,,,,,,,61,hitl
190,2026-05-03 05:30,farm_1,farm,1,,380.0,0.14,,,,,,,,,,,61,hitl
190,2026-05-03 05:30,slaughterhouse_1,slaughterhouse,1,,,,175.0,249.63,,,,,,,,,61,hitl
190,2026-05-03 05:30,wholesaler_1,wholesaler,0,,,,,,85.31,8.3,,,,,,,61,hitl
190,2026-05-03 05:30,retail_1,retail,0,,,,,,,,103.53,30.0,0.0,0.0,2.8,20.0,61,hitl
191,2026-05-03 05:45,supplier_1,supplier,0,725.51,,,,,,,,,,,,,61,hitl
191,2026-05-03 05:45,farm_1,farm,1,,380.0,0.14,,,,,,,,,,,61,hitl
191,2026-05-03 05:45,slaughterhouse_1,slaughterhouse,1,,,,175.0,254.44,,,,,,,,,61,hitl
191,2026-05-03 05:45,wholesaler_1,wholesaler,0,,,,,,83.78,8.3,,,,,,,61,hitl
191,2026-05-03 05:45,retail_1,retail,0,,,,,,,,102.82,30.0,0.0,0.0,2.8,20.0,61,hitl
192,2026-05-03 06:00,supplier_1,supplier,0,724.9,,,,,,,,,,,,,61,hitl
192,2026-05-03 06:00,farm_1,farm,1,,380.0,0.14,,,,,,,,,,,61,hitl
192,2026-05-03 06:00,slaughterhouse_1,slaughterhouse,1,,,,175.0,255.07,,,,,,,,,61,hitl
192,2026-05-03 06:00,wholesaler_1,wholesaler,1,,,,,,79.08,7.055,,,,,,,61,hitl
192,2026-05-03 06:00,retail_1,retail,0,,,,,,,,102.06,30.0,0.0,0.0,2.8,20.0,61,hitl
193,2026-05-03 06:15,supplier_1,supplier,0,723.99,,,,,,,,,,,,,61,hitl
193,2026-05-03 06:15,farm_1,farm,1,,380.0,0.14,,,,,,,,,,,61,hitl
193,2026-05-03 06:15,slaughterhouse_1,slaughterhouse,1,,,,175.0,259.96,,,,,,,,,61,hitl
193,2026-05-03 06:15,wholesaler_1,wholesaler,1,,,,,,81.17,7.055,,,,,,,61,hitl
193,2026-05-03 06:15,retail_1,retail,0,,,,,,,,104.26,30.0,0.0,0.0,2.8,20.0,61,hitl
194,2026-05-03 06:30,supplier_1,supplier,0,723.18,,,,,,,,,,,,,61,hitl
194,2026-05-03 06:30,farm_1,farm,1,,380.0,0.14,,,,,,,,,,,61,hitl
194,2026-05-03 06:30,slaughterhouse_1,slaughterhouse,1,,,,175.0,265.0,,,,,,,,,61,hitl
194,2026-05-03 06:30,wholesaler_1,wholesaler,1,,,,,,79.58,7.055,,,,,,,61,hitl
194,2026-05-03 06:30,retail_1,retail,0,,,,,,,,103.51,30.0,0.0,0.0,2.8,20.0,61,hitl
195,2026-05-03 06:45,supplier_1,supplier,0,722.49,,,,,,,,,,,,,61,hitl
195,2026-05-03 06:45,farm_1,farm,1,,380.0,0.14,,,,,,,,,,,61,hitl
195,2026-05-03 06:45,slaughterhouse_1,slaughterhouse,1,,,,175.0,269.58,,,,,,,,,61,hitl
195,2026-05-03 06:45,wholesaler_1,wholesaler,1,,,,,,77.25,7.055,,,,,,,61,hitl
195,2026-05-03 06:45,retail_1,retail,0,,,,,,,,102.81,30.0,0.0,0.0,2.8,20.0,61,hitl
196,2026-05-03 07:00,supplier_1,supplier,0,721.1,,,,,,,,,,,,,61,hitl
196,2026-05-03 07:00,farm_1,farm,1,,380.0,0.14,,,,,,,,,,,61,hitl
196,2026-05-03 07:00,slaughterhouse_1,slaughterhouse,1,,,,175.0,274.26,,,,,,,,,61,hitl
196,2026-05-03 07:00,wholesaler_1,wholesaler,1,,,,,,72.43,7.055,,,,,,,61,hitl
196,2026-05-03 07:00,retail_1,retail,0,,,,,,,,102.15,30.0,0.0,0.0,2.8,20.0,61,hitl
197,2026-05-03 07:15,supplier_1,supplier,0,720.38,,,,,,,,,,,,,61,hitl
197,2026-05-03 07:15,farm_1,farm,1,,380.0,0.14,,,,,,,,,,,61,hitl
197,2026-05-03 07:15,slaughterhouse_1,slaughterhouse,1,,,,175.0,278.77,,,,,,,,,61,hitl
197,2026-05-03 07:15,wholesaler_1,wholesaler,1,,,,,,70.04,7.055,,,,,,,61,hitl
197,2026-05-03 07:15,retail_1,retail,0,,,,,,,,104.33,30.0,0.0,0.0,2.8,20.0,61,hitl
198,2026-05-03 07:30,supplier_1,supplier,0,719.62,,,,,,,,,,,,,61,hitl
198,2026-05-03 07:30,farm_1,farm,1,,380.0,0.14,,,,,,,,,,,61,hitl
198,2026-05-03 07:30,slaughterhouse_1,slaughterhouse,1,,,,175.0,283.56,,,,,,,,,61,hitl
198,2026-05-03 07:30,wholesaler_1,wholesaler,1,,,,,,67.92,7.055,,,,,,,61,hitl
198,2026-05-03 07:30,retail_1,retail,0,,,,,,,,103.59,30.0,0.0,0.0,2.8,20.0,61,hitl
199,2026-05-03 07:45,supplier_1,supplier,0,718.77,,,,,,,,,,,,,61,hitl
199,2026-05-03 07:45,farm_1,farm,1,,380.0,0.14,,,,,,,,,,,61,hitl
199,2026-05-03 07:45,slaughterhouse_1,slaughterhouse,1,,,,175.0,288.13,,,,,,,,,61,hitl
199,2026-05-03 07:45,wholesaler_1,wholesaler,1,,,,,,65.49,7.055,,,,,,,61,hitl
199,2026-05-03 07:45,retail_1,retail,0,,,,,,,,102.82,30.0,0.0,0.0,2.8,20.0,61,hitl
200,2026-05-03 08:00,supplier_1,supplier,0,718.27,,,,,,,,,,,,,61,hitl
200,2026-05-03 08:00,farm_1,farm,1,,380.0,0.14,,,,,,,,,,,61,hitl
200,2026-05-03 08:00,slaughterhouse_1,slaughterhouse,1,,,,175.0,288.6,,,,,,,,,61,hitl
200,2026-05-03 08:00,wholesaler_1,wholesaler,1,,,,,,60.08,7.055,,,,,,,61,hitl
200,2026-05-03 08:00,retail_1,retail,0,,,,,,,,102.12,30.0,0.0,0.0,2.8,20.0,61,hitl
201,2026-05-03 08:15,supplier_1,supplier,0,717.42,,,,,,,,,,,,,61,hitl
201,2026-05-03 08:15,farm_1,farm,1,,380.0,0.14,,,,,,,,,,,61,hitl
201,2026-05-03 08:15,slaughterhouse_1,slaughterhouse,1,,,,175.0,293.69,,,,,,,,,61,hitl
201,2026-05-03 08:15,wholesaler_1,wholesaler,1,,,,,,62.41,7.055,,,,,,,61,hitl
201,2026-05-03 08:15,retail_1,retail,0,,,,,,,,104.25,30.0,0.0,0.0,2.8,20.0,61,hitl
202,2026-05-03 08:30,supplier_1,supplier,0,716.89,,,,,,,,,,,,,61,hitl
202,2026-05-03 08:30,farm_1,farm,1,,380.0,0.14,,,,,,,,,,,61,hitl
202,2026-05-03 08:30,slaughterhouse_1,slaughterhouse,1,,,,175.0,298.6,,,,,,,,,61,hitl
202,2026-05-03 08:30,wholesaler_1,wholesaler,1,,,,,,59.97,7.055,,,,,,,61,hitl
202,2026-05-03 08:30,retail_1,retail,0,,,,,,,,103.61,30.0,0.0,0.0,2.8,20.0,61,hitl
203,2026-05-03 08:45,supplier_1,supplier,0,715.82,,,,,,,,,,,,,61,hitl
203,2026-05-03 08:45,farm_1,farm,1,,380.0,0.14,,,,,,,,,,,61,hitl
203,2026-05-03 08:45,slaughterhouse_1,slaughterhouse,1,,,,175.0,303.62,,,,,,,,,61,hitl
203,2026-05-03 08:45,wholesaler_1,wholesaler,1,,,,,,57.91,7.055,,,,,,,61,hitl
203,2026-05-03 08:45,retail_1,retail,0,,,,,,,,102.87,30.0,0.0,0.0,2.8,20.0,61,hitl
204,2026-05-03 09:00,supplier_1,supplier,0,714.85,,,,,,,,,,,,,61,hitl
204,2026-05-03 09:00,farm_1,farm,1,,380.0,0.14,,,,,,,,,,,61,hitl
204,2026-05-03 09:00,slaughterhouse_1,slaughterhouse,1,,,,175.0,308.63,,,,,,,,,61,hitl
204,2026-05-03 09:00,wholesaler_1,wholesaler,1,,,,,,52.93,7.055,,,,,,,61,hitl
204,2026-05-03 09:00,retail_1,retail,0,,,,,,,,102.17,30.0,0.0,0.0,2.8,20.0,61,hitl
205,2026-05-03 09:15,supplier_1,supplier,0,714.32,,,,,,,,,,,,,61,hitl
205,2026-05-03 09:15,farm_1,farm,1,,380.0,0.14,,,,,,,,,,,61,hitl
205,2026-05-03 09:15,slaughterhouse_1,slaughterhouse,1,,,,175.0,313.65,,,,,,,,,61,hitl
205,2026-05-03 09:15,wholesaler_1,wholesaler,1,,,,,,51.35,7.055,,,,,,,61,hitl
205,2026-05-03 09:15,retail_1,retail,0,,,,,,,,104.23,30.0,0.0,0.0,2.8,20.0,61,hitl
206,2026-05-03 09:30,supplier_1,supplier,0,713.58,,,,,,,,,,,,,61,hitl
206,2026-05-03 09:30,farm_1,farm,1,,380.0,0.14,,,,,,,,,,,61,hitl
206,2026-05-03 09:30,slaughterhouse_1,slaughterhouse,1,,,,175.0,318.4,,,,,,,,,61,hitl
206,2026-05-03 09:30,wholesaler_1,wholesaler,1,,,,,,49.85,7.055,,,,,,,61,hitl
206,2026-05-03 09:30,retail_1,retail,0,,,,,,,,103.48,30.0,0.0,0.0,2.8,20.0,61,hitl
207,2026-05-03 09:45,supplier_1,supplier,0,712.71,,,,,,,,,,,,,61,hitl
207,2026-05-03 09:45,farm_1,farm,1,,380.0,0.14,,,,,,,,,,,61,hitl
207,2026-05-03 09:45,slaughterhouse_1,slaughterhouse,1,,,,175.0,323.58,,,,,,,,,61,hitl
207,2026-05-03 09:45,wholesaler_1,wholesaler,1,,,,,,47.72,7.055,,,,,,,61,hitl
207,2026-05-03 09:45,retail_1,retail,0,,,,,,,,102.74,30.0,0.0,0.0,2.8,20.0,61,hitl
208,2026-05-03 10:00,supplier_1,supplier,0,711.86,,,,,,,,,,,,,61,hitl
208,2026-05-03 10:00,farm_1,farm,1,,380.0,0.14,,,,,,,,,,,61,hitl
208,2026-05-03 10:00,slaughterhouse_1,slaughterhouse,1,,,,175.0,324.33,,,,,,,,,61,hitl
208,2026-05-03 10:00,wholesaler_1,wholesaler,1,,,,,,41.92,7.055,,,,,,,61,hitl
208,2026-05-03 10:00,retail_1,retail,0,,,,,,,,102.1,30.0,0.0,0.0,2.8,20.0,61,hitl
209,2026-05-03 10:15,supplier_1,supplier,0,711.01,,,,,,,,,,,,,61,hitl
209,2026-05-03 10:15,farm_1,farm,1,,380.0,0.14,,,,,,,,,,,61,hitl
209,2026-05-03 10:15,slaughterhouse_1,slaughterhouse,1,,,,175.0,329.05,,,,,,,,,61,hitl
209,2026-05-03 10:15,wholesaler_1,wholesaler,1,,,,,,43.33,7.055,,,,,,,61,hitl
209,2026-05-03 10:15,retail_1,retail,0,,,,,,,,104.22,30.0,0.0,0.0,2.8,20.0,61,hitl
210,2026-05-03 10:30,supplier_1,supplier,0,709.98,,,,,,,,,,,,,61,hitl
210,2026-05-03 10:30,farm_1,farm,1,,380.0,0.14,,,,,,,,,,,61,hitl
210,2026-05-03 10:30,slaughterhouse_1,slaughterhouse,1,,,,175.0,334.03,,,,,,,,,61,hitl
210,2026-05-03 10:30,wholesaler_1,wholesaler,1,,,,,,40.64,7.055,,,,,,,61,hitl
210,2026-05-03 10:30,retail_1,retail,0,,,,,,,,103.58,30.0,0.0,0.0,2.8,20.0,61,hitl
211,2026-05-03 10:45,supplier_1,supplier,0,708.56,,,,,,,,,,,,,61,hitl
211,2026-05-03 10:45,farm_1,farm,1,,380.0,0.14,,,,,,,,,,,61,hitl
211,2026-05-03 10:45,slaughterhouse_1,slaughterhouse,1,,,,175.0,339.01,,,,,,,,,61,hitl
211,2026-05-03 10:45,wholesaler_1,wholesaler,1,,,,,,38.81,7.055,,,,,,,61,hitl
211,2026-05-03 10:45,retail_1,retail,0,,,,,,,,102.81,30.0,0.0,0.0,2.8,20.0,61,hitl
212,2026-05-03 11:00,supplier_1,supplier,0,707.72,,,,,,,,,,,,,61,hitl
212,2026-05-03 11:00,farm_1,farm,1,,380.0,0.14,,,,,,,,,,,61,hitl
212,2026-05-03 11:00,slaughterhouse_1,slaughterhouse,1,,,,175.0,343.77,,,,,,,,,61,hitl
212,2026-05-03 11:00,wholesaler_1,wholesaler,1,,,,,,33.96,7.055,,,,,,,61,hitl
212,2026-05-03 11:00,retail_1,retail,0,,,,,,,,102.1,30.0,0.0,0.0,2.8,20.0,61,hitl
213,2026-05-03 11:15,supplier_1,supplier,0,706.31,,,,,,,,,,,,,61,hitl
213,2026-05-03 11:15,farm_1,farm,1,,380.0,0.14,,,,,,,,,,,61,hitl
213,2026-05-03 11:15,slaughterhouse_1,slaughterhouse,1,,,,175.0,348.51,,,,,,,,,61,hitl
213,2026-05-03 11:15,wholesaler_1,wholesaler,1,,,,,,31.62,7.055,,,,,,,61,hitl
213,2026-05-03 11:15,retail_1,retail,0,,,,,,,,104.28,30.0,0.0,0.0,2.8,20.0,61,hitl
214,2026-05-03 11:30,supplier_1,supplier,0,705.03,,,,,,,,,,,,,61,hitl
214,2026-05-03 11:30,farm_1,farm,1,,380.0,0.14,,,,,,,,,,,61,hitl
214,2026-05-03 11:30,slaughterhouse_1,slaughterhouse,1,,,,175.0,353.18,,,,,,,,,61,hitl
214,2026-05-03 11:30,wholesaler_1,wholesaler,1,,,,,,29.52,7.055,,,,,,,61,hitl
214,2026-05-03 11:30,retail_1,retail,0,,,,,,,,103.63,30.0,0.0,0.0,2.8,20.0,61,hitl
215,2026-05-03 11:45,supplier_1,supplier,0,704.26,,,,,,,,,,,,,61,hitl
215,2026-05-03 11:45,farm_1,farm,1,,380.0,0.14,,,,,,,,,,,61,hitl
215,2026-05-03 11:45,slaughterhouse_1,slaughterhouse,1,,,,175.0,357.93,,,,,,,,,61,hitl
215,2026-05-03 11:45,wholesaler_1,wholesaler,1,,,,,,27.56,7.055,,,,,,,61,hitl
215,2026-05-03 11:45,retail_1,retail,0,,,,,,,,102.98,30.0,0.0,0.0,2.8,20.0,61,hitl
216,2026-05-03 12:00,supplier_1,supplier,0,703.33,,,,,,,,,,,,,61,hitl
216,2026-05-03 12:00,farm_1,farm,1,,380.0,0.14,,,,,,,,,,,61,hitl
216,2026-05-03 12:00,slaughterhouse_1,slaughterhouse,1,,,,175.0,358.26,,,,,,,,,61,hitl
216,2026-05-03 12:00,wholesaler_1,wholesaler,1,,,,,,24.91,7.055,,,,,,,61,hitl
216,2026-05-03 12:00,retail_1,retail,0,,,,,,,,102.33,30.0,0.0,0.0,2.8,20.0,61,hitl
217,2026-05-03 12:15,supplier_1,supplier,0,701.88,,,,,,,,,,,,,61,hitl
217,2026-05-03 12:15,farm_1,farm,1,,380.0,0.14,,,,,,,,,,,61,hitl
217,2026-05-03 12:15,slaughterhouse_1,slaughterhouse,1,,,,175.0,362.78,,,,,,,,,61,hitl
217,2026-05-03 12:15,wholesaler_1,wholesaler,1,,,,,,27.01,7.055,,,,,,,61,hitl
217,2026-05-03 12:15,retail_1,retail,0,,,,,,,,101.59,30.0,0.0,0.0,2.8,20.0,61,hitl
218,2026-05-03 12:30,supplier_1,supplier,0,700.97,,,,,,,,,,,,,61,hitl
218,2026-05-03 12:30,farm_1,farm,1,,380.0,0.14,,,,,,,,,,,61,hitl
218,2026-05-03 12:30,slaughterhouse_1,slaughterhouse,1,,,,175.0,367.35,,,,,,,,,61,hitl
218,2026-05-03 12:30,wholesaler_1,wholesaler,1,,,,,,24.97,7.055,,,,,,,61,hitl
218,2026-05-03 12:30,retail_1,retail,0,,,,,,,,100.83,30.0,0.0,0.0,2.8,20.0,61,hitl
219,2026-05-03 12:45,supplier_1,supplier,0,699.94,,,,,,,,,,,,,61,hitl
219,2026-05-03 12:45,farm_1,farm,1,,380.0,0.14,,,,,,,,,,,61,hitl
219,2026-05-03 12:45,slaughterhouse_1,slaughterhouse,1,,,,175.0,372.25,,,,,,,,,61,hitl
219,2026-05-03 12:45,wholesaler_1,wholesaler,1,,,,,,23.38,7.055,,,,,,,61,hitl
219,2026-05-03 12:45,retail_1,retail,0,,,,,,,,100.05,30.0,0.0,0.0,2.8,20.0,61,hitl
220,2026-05-03 13:00,supplier_1,supplier,0,698.88,,,,,,,,,,,,,61,hitl
220,2026-05-03 13:00,farm_1,farm,1,,380.0,0.14,,,,,,,,,,,61,hitl
220,2026-05-03 13:00,slaughterhouse_1,slaughterhouse,1,,,,175.0,377.16,,,,,,,,,61,hitl
220,2026-05-03 13:00,wholesaler_1,wholesaler,1,,,,,,20.44,7.055,,,,,,,61,hitl
220,2026-05-03 13:00,retail_1,retail,0,,,,,,,,99.33,30.0,0.0,0.0,2.8,20.0,61,hitl
221,2026-05-03 13:15,supplier_1,supplier,0,697.8,,,,,,,,,,,,,61,hitl
221,2026-05-03 13:15,farm_1,farm,1,,380.0,0.14,,,,,,,,,,,61,hitl
221,2026-05-03 13:15,slaughterhouse_1,slaughterhouse,1,,,,175.0,382.4,,,,,,,,,61,hitl
221,2026-05-03 13:15,wholesaler_1,wholesaler,1,,,,,,18.15,7.055,,,,,,,61,hitl
221,2026-05-03 13:15,retail_1,retail,0,,,,,,,,98.62,30.0,0.0,0.0,2.8,20.0,61,hitl
222,2026-05-03 13:30,supplier_1,supplier,0,697.11,,,,,,,,,,,,,61,hitl
222,2026-05-03 13:30,farm_1,farm,1,,380.0,0.14,,,,,,,,,,,61,hitl
222,2026-05-03 13:30,slaughterhouse_1,slaughterhouse,1,,,,175.0,387.45,,,,,,,,,61,hitl
222,2026-05-03 13:30,wholesaler_1,wholesaler,1,,,,,,16.62,7.055,,,,,,,61,hitl
222,2026-05-03 13:30,retail_1,retail,0,,,,,,,,98.0,30.0,0.0,0.0,2.8,20.0,61,hitl
223,2026-05-03 13:45,supplier_1,supplier,0,695.81,,,,,,,,,,,,,61,hitl
223,2026-05-03 13:45,farm_1,farm,1,,380.0,0.14,,,,,,,,,,,61,hitl
223,2026-05-03 13:45,slaughterhouse_1,slaughterhouse,1,,,,175.0,392.19,,,,,,,,,61,hitl
223,2026-05-03 13:45,wholesaler_1,wholesaler,1,,,,,,14.2,7.055,,,,,,,61,hitl
223,2026-05-03 13:45,retail_1,retail,0,,,,,,,,97.32,30.0,0.0,0.0,2.8,20.0,61,hitl
224,2026-05-03 14:00,supplier_1,supplier,0,694.97,,,,,,,,,,,,,61,hitl
224,2026-05-03 14:00,farm_1,farm,1,,380.0,0.14,,,,,,,,,,,61,hitl
224,2026-05-03 14:00,slaughterhouse_1,slaughterhouse,1,,,,175.0,392.46,,,,,,,,,61,hitl
224,2026-05-03 14:00,wholesaler_1,wholesaler,1,,,,,,11.57,7.055,,,,,,,61,hitl
224,2026-05-03 14:00,retail_1,retail,0,,,,,,,,96.7,30.0,0.0,0.0,2.8,20.0,61,hitl
225,2026-05-03 14:15,supplier_1,supplier,0,693.54,,,,,,,,,,,,,61,hitl
225,2026-05-03 14:15,farm_1,farm,1,,380.0,0.14,,,,,,,,,,,61,hitl
225,2026-05-03 14:15,slaughterhouse_1,slaughterhouse,1,,,,175.0,397.57,,,,,,,,,61,hitl
225,2026-05-03 14:15,wholesaler_1,wholesaler,1,,,,,,13.86,7.055,,,,,,,61,hitl
225,2026-05-03 14:15,retail_1,retail,0,,,,,,,,95.93,30.0,0.0,0.0,2.8,20.0,61,hitl
226,2026-05-03 14:30,supplier_1,supplier,0,692.98,,,,,,,,,,,,,61,hitl
226,2026-05-03 14:30,farm_1,farm,1,,380.0,0.14,,,,,,,,,,,61,hitl
226,2026-05-03 14:30,slaughterhouse_1,slaughterhouse,1,,,,175.0,400.0,,,,,,,,,61,hitl
226,2026-05-03 14:30,wholesaler_1,wholesaler,1,,,,,,12.3,7.055,,,,,,,61,hitl
226,2026-05-03 14:30,retail_1,retail,0,,,,,,,,95.2,30.0,0.0,0.0,2.8,20.0,61,hitl
227,2026-05-03 14:45,supplier_1,supplier,0,691.78,,,,,,,,,,,,,61,hitl
227,2026-05-03 14:45,farm_1,farm,1,,380.0,0.14,,,,,,,,,,,61,hitl
227,2026-05-03 14:45,slaughterhouse_1,slaughterhouse,1,,,,175.0,400.0,,,,,,,,,61,hitl
227,2026-05-03 14:45,wholesaler_1,wholesaler,1,,,,,,10.07,7.055,,,,,,,61,hitl
227,2026-05-03 14:45,retail_1,retail,0,,,,,,,,94.45,30.0,0.0,0.0,2.8,20.0,61,hitl
228,2026-05-03 15:00,supplier_1,supplier,0,690.78,,,,,,,,,,,,,61,hitl
228,2026-05-03 15:00,farm_1,farm,1,,380.0,0.14,,,,,,,,,,,61,hitl
228,2026-05-03 15:00,slaughterhouse_1,slaughterhouse,1,,,,175.0,400.0,,,,,,,,,61,hitl
228,2026-05-03 15:00,wholesaler_1,wholesaler,1,,,,,,7.97,7.055,,,,,,,61,hitl
228,2026-05-03 15:00,retail_1,retail,0,,,,,,,,93.68,30.0,0.0,0.0,2.8,20.0,61,hitl
229,2026-05-03 15:15,supplier_1,supplier,0,689.58,,,,,,,,,,,,,61,hitl
229,2026-05-03 15:15,farm_1,farm,1,,380.0,0.14,,,,,,,,,,,61,hitl
229,2026-05-03 15:15,slaughterhouse_1,slaughterhouse,1,,,,175.0,400.0,,,,,,,,,61,hitl
229,2026-05-03 15:15,wholesaler_1,wholesaler,1,,,,,,5.65,7.055,,,,,,,61,hitl
229,2026-05-03 15:15,retail_1,retail,0,,,,,,,,92.98,30.0,0.0,0.0,2.8,20.0,61,hitl
230,2026-05-03 15:30,supplier_1,supplier,0,688.24,,,,,,,,,,,,,61,hitl
230,2026-05-03 15:30,farm_1,farm,1,,380.0,0.14,,,,,,,,,,,61,hitl
230,2026-05-03 15:30,slaughterhouse_1,slaughterhouse,1,,,,175.0,400.0,,,,,,,,,61,hitl
230,2026-05-03 15:30,wholesaler_1,wholesaler,1,,,,,,3.59,7.055,,,,,,,61,hitl
230,2026-05-03 15:30,retail_1,retail,0,,,,,,,,92.34,30.0,0.0,0.0,2.8,20.0,61,hitl
231,2026-05-03 15:45,supplier_1,supplier,0,687.27,,,,,,,,,,,,,61,hitl
231,2026-05-03 15:45,farm_1,farm,1,,380.0,0.14,,,,,,,,,,,61,hitl
231,2026-05-03 15:45,slaughterhouse_1,slaughterhouse,1,,,,175.0,400.0,,,,,,,,,61,hitl
231,2026-05-03 15:45,wholesaler_1,wholesaler,1,,,,,,0.72,7.055,,,,,,,61,hitl
231,2026-05-03 15:45,retail_1,retail,0,,,,,,,,91.67,30.0,0.0,0.0,2.8,20.0,61,hitl
232,2026-05-03 16:00,supplier_1,supplier,0,685.82,,,,,,,,,,,,,61,hitl
232,2026-05-03 16:00,farm_1,farm,1,,380.0,0.14,,,,,,,,,,,61,hitl
232,2026-05-03 16:00,slaughterhouse_1,slaughterhouse,1,,,,175.0,395.68,,,,,,,,,61,hitl
232,2026-05-03 16:00,wholesaler_1,wholesaler,1,,,,,,0.0,7.055,,,,,,,61,hitl
232,2026-05-03 16:00,retail_1,retail,0,,,,,,,,90.92,30.0,0.0,0.0,2.8,20.0,61,hitl
233,2026-05-03 16:15,supplier_1,supplier,0,685.01,,,,,,,,,,,,,61,hitl
233,2026-05-03 16:15,farm_1,farm,1,,380.0,0.14,,,,,,,,,,,61,hitl
233,2026-05-03 16:15,slaughterhouse_1,slaughterhouse,1,,,,175.0,400.0,,,,,,,,,61,hitl
233,2026-05-03 16:15,wholesaler_1,wholesaler,1,,,,,,4.32,7.055,,,,,,,61,hitl
233,2026-05-03 16:15,retail_1,retail,0,,,,,,,,90.29,30.0,0.0,0.0,2.8,20.0,61,hitl
234,2026-05-03 16:30,supplier_1,supplier,0,683.54,,,,,,,,,,,,,61,hitl
234,2026-05-03 16:30,farm_1,farm,1,,380.0,0.14,,,,,,,,,,,61,hitl
234,2026-05-03 16:30,slaughterhouse_1,slaughterhouse,1,,,,175.0,400.0,,,,,,,,,61,hitl
234,2026-05-03 16:30,wholesaler_1,wholesaler,1,,,,,,1.71,7.055,,,,,,,61,hitl
234,2026-05-03 16:30,retail_1,retail,0,,,,,,,,89.52,30.0,0.0,0.0,2.8,20.0,61,hitl
235,2026-05-03 16:45,supplier_1,supplier,0,682.87,,,,,,,,,,,,,61,hitl
235,2026-05-03 16:45,farm_1,farm,1,,380.0,0.14,,,,,,,,,,,61,hitl
235,2026-05-03 16:45,slaughterhouse_1,slaughterhouse,1,,,,175.0,400.0,,,,,,,,,61,hitl
235,2026-05-03 16:45,wholesaler_1,wholesaler,1,,,,,,0.0,7.055,,,,,,,61,hitl
235,2026-05-03 16:45,retail_1,retail,0,,,,,,,,88.83,30.0,0.0,0.0,2.8,20.0,61,hitl
236,2026-05-03 17:00,supplier_1,supplier,0,682.27,,,,,,,,,,,,,61,hitl
236,2026-05-03 17:00,farm_1,farm,1,,380.0,0.14,,,,,,,,,,,61,hitl
236,2026-05-03 17:00,slaughterhouse_1,slaughterhouse,1,,,,175.0,400.0,,,,,,,,,61,hitl
236,2026-05-03 17:00,wholesaler_1,wholesaler,1,,,,,,0.0,7.055,,,,,,,61,hitl
236,2026-05-03 17:00,retail_1,retail,0,,,,,,,,88.2,30.0,0.0,0.0,2.8,20.0,61,hitl
237,2026-05-03 17:15,supplier_1,supplier,0,680.8,,,,,,,,,,,,,61,hitl
237,2026-05-03 17:15,farm_1,farm,1,,380.0,0.14,,,,,,,,,,,61,hitl
237,2026-05-03 17:15,slaughterhouse_1,slaughterhouse,1,,,,175.0,400.0,,,,,,,,,61,hitl
237,2026-05-03 17:15,wholesaler_1,wholesaler,1,,,,,,0.0,7.055,,,,,,,61,hitl
237,2026-05-03 17:15,retail_1,retail,0,,,,,,,,87.47,30.0,0.0,0.0,2.8,20.0,61,hitl
238,2026-05-03 17:30,supplier_1,supplier,0,679.66,,,,,,,,,,,,,61,hitl
238,2026-05-03 17:30,farm_1,farm,1,,380.0,0.14,,,,,,,,,,,61,hitl
238,2026-05-03 17:30,slaughterhouse_1,slaughterhouse,1,,,,175.0,400.0,,,,,,,,,61,hitl
238,2026-05-03 17:30,wholesaler_1,wholesaler,1,,,,,,0.0,7.055,,,,,,,61,hitl
238,2026-05-03 17:30,retail_1,retail,0,,,,,,,,86.79,30.0,0.0,0.0,2.8,20.0,61,hitl
239,2026-05-03 17:45,supplier_1,supplier,0,678.36,,,,,,,,,,,,,61,hitl
239,2026-05-03 17:45,farm_1,farm,1,,380.0,0.14,,,,,,,,,,,61,hitl
239,2026-05-03 17:45,slaughterhouse_1,slaughterhouse,1,,,,175.0,400.0,,,,,,,,,61,hitl
239,2026-05-03 17:45,wholesaler_1,wholesaler,1,,,,,,0.0,7.055,,,,,,,61,hitl
239,2026-05-03 17:45,retail_1,retail,0,,,,,,,,86.04,30.0,0.0,0.0,2.8,20.0,61,hitl
240,2026-05-03 18:00,supplier_1,supplier,0,676.94,,,,,,,,,,,,,61,hitl
240,2026-05-03 18:00,farm_1,farm,1,,380.0,0.14,,,,,,,,,,,61,hitl
240,2026-05-03 18:00,slaughterhouse_1,slaughterhouse,1,,,,175.0,395.68,,,,,,,,,61,hitl
240,2026-05-03 18:00,wholesaler_1,wholesaler,1,,,,,,0.0,7.055,,,,,,,61,hitl
240,2026-05-03 18:00,retail_1,retail,0,,,,,,,,85.36,30.0,0.0,0.0,2.8,20.0,61,hitl
241,2026-05-03 18:15,supplier_1,supplier,0,675.9,,,,,,,,,,,,,61,hitl
241,2026-05-03 18:15,farm_1,farm,1,,380.0,0.14,,,,,,,,,,,61,hitl
241,2026-05-03 18:15,slaughterhouse_1,slaughterhouse,1,,,,175.0,400.0,,,,,,,,,61,hitl
241,2026-05-03 18:15,wholesaler_1,wholesaler,1,,,,,,4.32,7.055,,,,,,,61,hitl
241,2026-05-03 18:15,retail_1,retail,0,,,,,,,,84.58,30.0,0.0,0.0,2.8,20.0,61,hitl
242,2026-05-03 18:30,supplier_1,supplier,0,674.77,,,,,,,,,,,,,61,hitl
242,2026-05-03 18:30,farm_1,farm,1,,380.0,0.14,,,,,,,,,,,61,hitl
242,2026-05-03 18:30,slaughterhouse_1,slaughterhouse,1,,,,175.0,400.0,,,,,,,,,61,hitl
242,2026-05-03 18:30,wholesaler_1,wholesaler,1,,,,,,1.87,7.055,,,,,,,61,hitl
242,2026-05-03 18:30,retail_1,retail,0,,,,,,,,83.8,30.0,0.0,0.0,2.8,20.0,61,hitl
243,2026-05-03 18:45,supplier_1,supplier,0,673.42,,,,,,,,,,,,,61,hitl
243,2026-05-03 18:45,farm_1,farm,1,,380.0,0.14,,,,,,,,,,,61,hitl
243,2026-05-03 18:45,slaughterhouse_1,slaughterhouse,1,,,,175.0,400.0,,,,,,,,,61,hitl
243,2026-05-03 18:45,wholesaler_1,wholesaler,1,,,,,,0.0,7.055,,,,,,,61,hitl
243,2026-05-03 18:45,retail_1,retail,0,,,,,,,,83.09,30.0,0.0,0.0,2.8,20.0,61,hitl
244,2026-05-03 19:00,supplier_1,supplier,0,672.88,,,,,,,,,,,,,61,hitl
244,2026-05-03 19:00,farm_1,farm,1,,380.0,0.14,,,,,,,,,,,61,hitl
244,2026-05-03 19:00,slaughterhouse_1,slaughterhouse,1,,,,175.0,400.0,,,,,,,,,61,hitl
244,2026-05-03 19:00,wholesaler_1,wholesaler,1,,,,,,0.0,7.055,,,,,,,61,hitl
244,2026-05-03 19:00,retail_1,retail,0,,,,,,,,82.32,30.0,0.0,0.0,2.8,20.0,61,hitl
245,2026-05-03 19:15,supplier_1,supplier,0,671.76,,,,,,,,,,,,,61,hitl
245,2026-05-03 19:15,farm_1,farm,1,,380.0,0.14,,,,,,,,,,,61,hitl
245,2026-05-03 19:15,slaughterhouse_1,slaughterhouse,1,,,,175.0,400.0,,,,,,,,,61,hitl
245,2026-05-03 19:15,wholesaler_1,wholesaler,1,,,,,,0.0,7.055,,,,,,,61,hitl
245,2026-05-03 19:15,retail_1,retail,0,,,,,,,,81.6,30.0,0.0,0.0,2.8,20.0,61,hitl
246,2026-05-03 19:30,supplier_1,supplier,0,670.92,,,,,,,,,,,,,61,hitl
246,2026-05-03 19:30,farm_1,farm,1,,380.0,0.14,,,,,,,,,,,61,hitl
246,2026-05-03 19:30,slaughterhouse_1,slaughterhouse,1,,,,175.0,400.0,,,,,,,,,61,hitl
246,2026-05-03 19:30,wholesaler_1,wholesaler,1,,,,,,0.0,7.055,,,,,,,61,hitl
246,2026-05-03 19:30,retail_1,retail,0,,,,,,,,80.93,30.0,0.0,0.0,2.8,20.0,61,hitl
247,2026-05-03 19:45,supplier_1,supplier,0,670.37,,,,,,,,,,,,,61,hitl
247,2026-05-03 19:45,farm_1,farm,1,,380.0,0.14,,,,,,,,,,,61,hitl
247,2026-05-03 19:45,slaughterhouse_1,slaughterhouse,1,,,,175.0,400.0,,,,,,,,,61,hitl
247,2026-05-03 19:45,wholesaler_1,wholesaler,1,,,,,,0.0,7.055,,,,,,,61,hitl
247,2026-05-03 19:45,retail_1,retail,0,,,,,,,,80.26,30.0,0.0,0.0,2.8,20.0,61,hitl
248,2026-05-03 20:00,supplier_1,supplier,0,669.34,,,,,,,,,,,,,61,hitl
248,2026-05-03 20:00,farm_1,farm,1,,380.0,0.14,,,,,,,,,,,61,hitl
248,2026-05-03 20:00,slaughterhouse_1,slaughterhouse,1,,,,175.0,395.68,,,,,,,,,61,hitl
248,2026-05-03 20:00,wholesaler_1,wholesaler,1,,,,,,0.0,7.055,,,,,,,61,hitl
248,2026-05-03 20:00,retail_1,retail,0,,,,,,,,79.51,30.0,0.0,0.0,2.8,20.0,61,hitl
249,2026-05-03 20:15,supplier_1,supplier,0,667.97,,,,,,,,,,,,,61,hitl
249,2026-05-03 20:15,farm_1,farm,1,,380.0,0.14,,,,,,,,,,,61,hitl
249,2026-05-03 20:15,slaughterhouse_1,slaughterhouse,1,,,,175.0,400.0,,,,,,,,,61,hitl
249,2026-05-03 20:15,wholesaler_1,wholesaler,1,,,,,,4.32,7.055,,,,,,,61,hitl
249,2026-05-03 20:15,retail_1,retail,0,,,,,,,,78.86,30.0,0.0,0.0,2.8,20.0,61,hitl
250,2026-05-03 20:30,supplier_1,supplier,0,667.13,,,,,,,,,,,,,61,hitl
250,2026-05-03 20:30,farm_1,farm,1,,380.0,0.14,,,,,,,,,,,61,hitl
250,2026-05-03 20:30,slaughterhouse_1,slaughterhouse,1,,,,175.0,400.0,,,,,,,,,61,hitl
250,2026-05-03 20:30,wholesaler_1,wholesaler,1,,,,,,2.66,7.055,,,,,,,61,hitl
250,2026-05-03 20:30,retail_1,retail,0,,,,,,,,78.14,30.0,0.0,0.0,2.8,20.0,61,hitl
251,2026-05-03 20:45,supplier_1,supplier,0,666.1,,,,,,,,,,,,,61,hitl
251,2026-05-03 20:45,farm_1,farm,1,,380.0,0.14,,,,,,,,,,,61,hitl
251,2026-05-03 20:45,slaughterhouse_1,slaughterhouse,1,,,,175.0,400.0,,,,,,,,,61,hitl
251,2026-05-03 20:45,wholesaler_1,wholesaler,1,,,,,,0.98,7.055,,,,,,,61,hitl
251,2026-05-03 20:45,retail_1,retail,0,,,,,,,,77.38,30.0,0.0,0.0,2.8,20.0,61,hitl
252,2026-05-03 21:00,supplier_1,supplier,0,664.64,,,,,,,,,,,,,61,hitl
252,2026-05-03 21:00,farm_1,farm,1,,380.0,0.14,,,,,,,,,,,61,hitl
252,2026-05-03 21:00,slaughterhouse_1,slaughterhouse,1,,,,175.0,400.0,,,,,,,,,61,hitl
252,2026-05-03 21:00,wholesaler_1,wholesaler,1,,,,,,0.0,7.055,,,,,,,61,hitl
252,2026-05-03 21:00,retail_1,retail,0,,,,,,,,76.6,30.0,0.0,0.0,2.8,20.0,61,hitl
253,2026-05-03 21:15,supplier_1,supplier,0,663.8,,,,,,,,,,,,,61,hitl
253,2026-05-03 21:15,farm_1,farm,1,,380.0,0.14,,,,,,,,,,,61,hitl
253,2026-05-03 21:15,slaughterhouse_1,slaughterhouse,1,,,,175.0,400.0,,,,,,,,,61,hitl
253,2026-05-03 21:15,wholesaler_1,wholesaler,1,,,,,,0.0,7.055,,,,,,,61,hitl
253,2026-05-03 21:15,retail_1,retail,0,,,,,,,,75.85,30.0,0.0,0.0,2.8,20.0,61,hitl
254,2026-05-03 21:30,supplier_1,supplier,0,663.07,,,,,,,,,,,,,61,hitl
254,2026-05-03 21:30,farm_1,farm,1,,380.0,0.14,,,,,,,,,,,61,hitl
254,2026-05-03 21:30,slaughterhouse_1,slaughterhouse,1,,,,175.0,400.0,,,,,,,,,61,hitl
254,2026-05-03 21:30,wholesaler_1,wholesaler,1,,,,,,0.0,7.055,,,,,,,61,hitl
254,2026-05-03 21:30,retail_1,retail,0,,,,,,,,75.08,30.0,0.0,0.0,2.8,20.0,61,hitl
255,2026-05-03 21:45,supplier_1,supplier,0,662.56,,,,,,,,,,,,,61,hitl
255,2026-05-03 21:45,farm_1,farm,1,,380.0,0.14,,,,,,,,,,,61,hitl
255,2026-05-03 21:45,slaughterhouse_1,slaughterhouse,1,,,,175.0,400.0,,,,,,,,,61,hitl
255,2026-05-03 21:45,wholesaler_1,wholesaler,1,,,,,,0.0,7.055,,,,,,,61,hitl
255,2026-05-03 21:45,retail_1,retail,0,,,,,,,,74.37,30.0,0.0,0.0,2.8,20.0,61,hitl
256,2026-05-03 22:00,supplier_1,supplier,0,661.22,,,,,,,,,,,,,61,hitl
256,2026-05-03 22:00,farm_1,farm,1,,380.0,0.14,,,,,,,,,,,61,hitl
256,2026-05-03 22:00,slaughterhouse_1,slaughterhouse,1,,,,175.0,395.68,,,,,,,,,61,hitl
256,2026-05-03 22:00,wholesaler_1,wholesaler,1,,,,,,0.0,7.055,,,,,,,61,hitl
256,2026-05-03 22:00,retail_1,retail,0,,,,,,,,73.68,30.0,0.0,0.0,2.8,20.0,61,hitl
257,2026-05-03 22:15,supplier_1,supplier,0,659.86,,,,,,,,,,,,,61,hitl
257,2026-05-03 22:15,farm_1,farm,1,,380.0,0.14,,,,,,,,,,,61,hitl
257,2026-05-03 22:15,slaughterhouse_1,slaughterhouse,1,,,,175.0,400.0,,,,,,,,,61,hitl
257,2026-05-03 22:15,wholesaler_1,wholesaler,1,,,,,,4.32,7.055,,,,,,,61,hitl
257,2026-05-03 22:15,retail_1,retail,0,,,,,,,,72.97,30.0,0.0,0.0,2.8,20.0,61,hitl
258,2026-05-03 22:30,supplier_1,supplier,0,658.98,,,,,,,,,,,,,61,hitl
258,2026-05-03 22:30,farm_1,farm,1,,380.0,0.14,,,,,,,,,,,61,hitl
258,2026-05-03 22:30,slaughterhouse_1,slaughterhouse,1,,,,175.0,400.0,,,,,,,,,61,hitl
258,2026-05-03 22:30,wholesaler_1,wholesaler,1,,,,,,2.04,7.055,,,,,,,61,hitl
258,2026-05-03 22:30,retail_1,retail,0,,,,,,,,72.21,30.0,0.0,0.0,2.8,20.0,61,hitl
259,2026-05-03 22:45,supplier_1,supplier,0,657.73,,,,,,,,,,,,,61,hitl
259,2026-05-03 22:45,farm_1,farm,1,,380.0,0.14,,,,,,,,,,,61,hitl
259,2026-05-03 22:45,slaughterhouse_1,slaughterhouse,1,,,,175.0,400.0,,,,,,,,,61,hitl
259,2026-05-03 22:45,wholesaler_1,wholesaler,1,,,,,,0.0,7.055,,,,,,,61,hitl
259,2026-05-03 22:45,retail_1,retail,0,,,,,,,,71.45,30.0,0.0,0.0,2.8,20.0,61,hitl
260,2026-05-03 23:00,supplier_1,supplier,0,656.42,,,,,,,,,,,,,61,hitl
260,2026-05-03 23:00,farm_1,farm,1,,380.0,0.14,,,,,,,,,,,61,hitl
260,2026-05-03 23:00,slaughterhouse_1,slaughterhouse,1,,,,175.0,400.0,,,,,,,,,61,hitl
260,2026-05-03 23:00,wholesaler_1,wholesaler,1,,,,,,0.0,7.055,,,,,,,61,hitl
260,2026-05-03 23:00,retail_1,retail,0,,,,,,,,70.77,30.0,0.0,0.0,2.8,20.0,61,hitl
261,2026-05-03 23:15,supplier_1,supplier,0,655.86,,,,,,,,,,,,,61,hitl
261,2026-05-03 23:15,farm_1,farm,1,,380.0,0.14,,,,,,,,,,,61,hitl
261,2026-05-03 23:15,slaughterhouse_1,slaughterhouse,1,,,,175.0,400.0,,,,,,,,,61,hitl
261,2026-05-03 23:15,wholesaler_1,wholesaler,1,,,,,,0.0,7.055,,,,,,,61,hitl
261,2026-05-03 23:15,retail_1,retail,0,,,,,,,,70.07,30.0,0.0,0.0,2.8,20.0,61,hitl
262,2026-05-03 23:30,supplier_1,supplier,0,654.91,,,,,,,,,,,,,61,hitl
262,2026-05-03 23:30,farm_1,farm,1,,380.0,0.14,,,,,,,,,,,61,hitl
262,2026-05-03 23:30,slaughterhouse_1,slaughterhouse,1,,,,175.0,400.0,,,,,,,,,61,hitl
262,2026-05-03 23:30,wholesaler_1,wholesaler,1,,,,,,0.0,7.055,,,,,,,61,hitl
262,2026-05-03 23:30,retail_1,retail,0,,,,,,,,69.35,30.0,0.0,0.0,2.8,20.0,61,hitl
263,2026-05-03 23:45,supplier_1,supplier,0,654.27,,,,,,,,,,,,,61,hitl
263,2026-05-03 23:45,farm_1,farm,1,,380.0,0.14,,,,,,,,,,,61,hitl
263,2026-05-03 23:45,slaughterhouse_1,slaughterhouse,1,,,,175.0,400.0,,,,,,,,,61,hitl
263,2026-05-03 23:45,wholesaler_1,wholesaler,1,,,,,,0.0,7.055,,,,,,,61,hitl
263,2026-05-03 23:45,retail_1,retail,0,,,,,,,,68.73,30.0,0.0,0.0,2.8,20.0,61,hitl
264,2026-05-04 00:00,supplier_1,supplier,0,653.17,,,,,,,,,,,,,61,hitl
264,2026-05-04 00:00,farm_1,farm,1,,380.0,0.14,,,,,,,,,,,61,hitl
264,2026-05-04 00:00,slaughterhouse_1,slaughterhouse,1,,,,175.0,395.68,,,,,,,,,61,hitl
264,2026-05-04 00:00,wholesaler_1,wholesaler,1,,,,,,0.0,7.055,,,,,,,61,hitl
264,2026-05-04 00:00,retail_1,retail,0,,,,,,,,68.01,30.0,0.0,0.0,2.8,20.0,61,hitl
265,2026-05-04 00:15,supplier_1,supplier,0,652.53,,,,,,,,,,,,,61,hitl
265,2026-05-04 00:15,farm_1,farm,1,,380.0,0.14,,,,,,,,,,,61,hitl
265,2026-05-04 00:15,slaughterhouse_1,slaughterhouse,1,,,,175.0,400.0,,,,,,,,,61,hitl
265,2026-05-04 00:15,wholesaler_1,wholesaler,1,,,,,,4.32,7.055,,,,,,,61,hitl
265,2026-05-04 00:15,retail_1,retail,0,,,,,,,,67.38,30.0,0.0,0.0,2.8,20.0,61,hitl
266,2026-05-04 00:30,supplier_1,supplier,0,651.85,,,,,,,,,,,,,61,hitl
266,2026-05-04 00:30,farm_1,farm,1,,380.0,0.14,,,,,,,,,,,61,hitl
266,2026-05-04 00:30,slaughterhouse_1,slaughterhouse,1,,,,175.0,400.0,,,,,,,,,61,hitl
266,2026-05-04 00:30,wholesaler_1,wholesaler,1,,,,,,1.81,7.055,,,,,,,61,hitl
266,2026-05-04 00:30,retail_1,retail,0,,,,,,,,66.61,30.0,0.0,0.0,2.8,20.0,61,hitl
267,2026-05-04 00:45,supplier_1,supplier,0,650.96,,,,,,,,,,,,,61,hitl
267,2026-05-04 00:45,farm_1,farm,1,,380.0,0.14,,,,,,,,,,,61,hitl
267,2026-05-04 00:45,slaughterhouse_1,slaughterhouse,1,,,,175.0,400.0,,,,,,,,,61,hitl
267,2026-05-04 00:45,wholesaler_1,wholesaler,1,,,,,,0.28,7.055,,,,,,,61,hitl
267,2026-05-04 00:45,retail_1,retail,0,,,,,,,,65.89,30.0,0.0,0.0,2.8,20.0,61,hitl
268,2026-05-04 01:00,supplier_1,supplier,0,650.33,,,,,,,,,,,,,61,hitl
268,2026-05-04 01:00,farm_1,farm,1,,380.0,0.14,,,,,,,,,,,61,hitl
268,2026-05-04 01:00,slaughterhouse_1,slaughterhouse,1,,,,175.0,400.0,,,,,,,,,61,hitl
268,2026-05-04 01:00,wholesaler_1,wholesaler,1,,,,,,0.0,7.055,,,,,,,61,hitl
268,2026-05-04 01:00,retail_1,retail,0,,,,,,,,65.17,30.0,0.0,0.0,2.8,20.0,61,hitl
269,2026-05-04 01:15,supplier_1,supplier,0,649.55,,,,,,,,,,,,,61,hitl
269,2026-05-04 01:15,farm_1,farm,1,,380.0,0.14,,,,,,,,,,,61,hitl
269,2026-05-04 01:15,slaughterhouse_1,slaughterhouse,1,,,,175.0,400.0,,,,,,,,,61,hitl
269,2026-05-04 01:15,wholesaler_1,wholesaler,1,,,,,,0.0,7.055,,,,,,,61,hitl
269,2026-05-04 01:15,retail_1,retail,0,,,,,,,,64.48,30.0,0.0,0.0,2.8,20.0,61,hitl
270,2026-05-04 01:30,supplier_1,supplier,0,648.79,,,,,,,,,,,,,61,hitl
270,2026-05-04 01:30,farm_1,farm,1,,380.0,0.14,,,,,,,,,,,61,hitl
270,2026-05-04 01:30,slaughterhouse_1,slaughterhouse,1,,,,175.0,400.0,,,,,,,,,61,hitl
270,2026-05-04 01:30,wholesaler_1,wholesaler,1,,,,,,0.0,7.055,,,,,,,61,hitl
270,2026-05-04 01:30,retail_1,retail,0,,,,,,,,63.78,30.0,0.0,0.0,2.8,20.0,61,hitl
271,2026-05-04 01:45,supplier_1,supplier,0,647.93,,,,,,,,,,,,,61,hitl
271,2026-05-04 01:45,farm_1,farm,1,,380.0,0.14,,,,,,,,,,,61,hitl
271,2026-05-04 01:45,slaughterhouse_1,slaughterhouse,1,,,,175.0,400.0,,,,,,,,,61,hitl
271,2026-05-04 01:45,wholesaler_1,wholesaler,1,,,,,,0.0,7.055,,,,,,,61,hitl
271,2026-05-04 01:45,retail_1,retail,0,,,,,,,,63.01,30.0,0.0,0.0,2.8,20.0,61,hitl
272,2026-05-04 02:00,supplier_1,supplier,0,646.86,,,,,,,,,,,,,61,hitl
272,2026-05-04 02:00,farm_1,farm,1,,380.0,0.14,,,,,,,,,,,61,hitl
272,2026-05-04 02:00,slaughterhouse_1,slaughterhouse,1,,,,175.0,395.68,,,,,,,,,61,hitl
272,2026-05-04 02:00,wholesaler_1,wholesaler,1,,,,,,0.0,7.055,,,,,,,61,hitl
272,2026-05-04 02:00,retail_1,retail,0,,,,,,,,62.36,30.0,0.0,0.0,2.8,20.0,61,hitl
273,2026-05-04 02:15,supplier_1,supplier,0,645.49,,,,,,,,,,,,,61,hitl
273,2026-05-04 02:15,farm_1,farm,1,,380.0,0.14,,,,,,,,,,,61,hitl
273,2026-05-04 02:15,slaughterhouse_1,slaughterhouse,1,,,,175.0,400.0,,,,,,,,,61,hitl
273,2026-05-04 02:15,wholesaler_1,wholesaler,1,,,,,,4.32,7.055,,,,,,,61,hitl
273,2026-05-04 02:15,retail_1,retail,0,,,,,,,,61.64,30.0,0.0,0.0,2.8,20.0,61,hitl
274,2026-05-04 02:30,supplier_1,supplier,0,644.56,,,,,,,,,,,,,61,hitl
274,2026-05-04 02:30,farm_1,farm,1,,380.0,0.14,,,,,,,,,,,61,hitl
274,2026-05-04 02:30,slaughterhouse_1,slaughterhouse,1,,,,175.0,400.0,,,,,,,,,61,hitl
274,2026-05-04 02:30,wholesaler_1,wholesaler,1,,,,,,2.0,7.055,,,,,,,61,hitl
274,2026-05-04 02:30,retail_1,retail,0,,,,,,,,61.02,30.0,0.0,0.0,2.8,20.0,61,hitl
275,2026-05-04 02:45,supplier_1,supplier,0,643.45,,,,,,,,,,,,,61,hitl
275,2026-05-04 02:45,farm_1,farm,1,,380.0,0.14,,,,,,,,,,,61,hitl
275,2026-05-04 02:45,slaughterhouse_1,slaughterhouse,1,,,,175.0,400.0,,,,,,,,,61,hitl
275,2026-05-04 02:45,wholesaler_1,wholesaler,1,,,,,,0.0,7.055,,,,,,,61,hitl
275,2026-05-04 02:45,retail_1,retail,0,,,,,,,,60.3,30.0,0.0,0.0,2.8,20.0,61,hitl
276,2026-05-04 03:00,supplier_1,supplier,0,642.5,,,,,,,,,,,,,61,hitl
276,2026-05-04 03:00,farm_1,farm,1,,380.0,0.14,,,,,,,,,,,61,hitl
276,2026-05-04 03:00,slaughterhouse_1,slaughterhouse,1,,,,175.0,400.0,,,,,,,,,61,hitl
276,2026-05-04 03:00,wholesaler_1,wholesaler,1,,,,,,0.0,7.055,,,,,,,61,hitl
276,2026-05-04 03:00,retail_1,retail,0,,,,,,,,59.54,30.0,0.0,0.0,2.8,20.0,61,hitl
277,2026-05-04 03:15,supplier_1,supplier,0,641.52,,,,,,,,,,,,,61,hitl
277,2026-05-04 03:15,farm_1,farm,1,,380.0,0.14,,,,,,,,,,,61,hitl
277,2026-05-04 03:15,slaughterhouse_1,slaughterhouse,1,,,,175.0,400.0,,,,,,,,,61,hitl
277,2026-05-04 03:15,wholesaler_1,wholesaler,1,,,,,,0.0,7.055,,,,,,,61,hitl
277,2026-05-04 03:15,retail_1,retail,0,,,,,,,,58.9,30.0,0.0,0.0,2.8,20.0,61,hitl
278,2026-05-04 03:30,supplier_1,supplier,0,640.49,,,,,,,,,,,,,61,hitl
278,2026-05-04 03:30,farm_1,farm,1,,380.0,0.14,,,,,,,,,,,61,hitl
278,2026-05-04 03:30,slaughterhouse_1,slaughterhouse,1,,,,175.0,400.0,,,,,,,,,61,hitl
278,2026-05-04 03:30,wholesaler_1,wholesaler,1,,,,,,0.0,7.055,,,,,,,61,hitl
278,2026-05-04 03:30,retail_1,retail,0,,,,,,,,58.13,30.0,0.0,0.0,2.8,20.0,61,hitl
279,2026-05-04 03:45,supplier_1,supplier,0,639.91,,,,,,,,,,,,,61,hitl
279,2026-05-04 03:45,farm_1,farm,1,,380.0,0.14,,,,,,,,,,,61,hitl
279,2026-05-04 03:45,slaughterhouse_1,slaughterhouse,1,,,,175.0,400.0,,,,,,,,,61,hitl
279,2026-05-04 03:45,wholesaler_1,wholesaler,1,,,,,,0.0,7.055,,,,,,,61,hitl
279,2026-05-04 03:45,retail_1,retail,0,,,,,,,,57.37,30.0,0.0,0.0,2.8,20.0,61,hitl
280,2026-05-04 04:00,supplier_1,supplier,0,639.08,,,,,,,,,,,,,61,hitl
280,2026-05-04 04:00,farm_1,farm,1,,380.0,0.14,,,,,,,,,,,61,hitl
280,2026-05-04 04:00,slaughterhouse_1,slaughterhouse,1,,,,175.0,395.68,,,,,,,,,61,hitl
280,2026-05-04 04:00,wholesaler_1,wholesaler,1,,,,,,0.0,7.055,,,,,,,61,hitl
280,2026-05-04 04:00,retail_1,retail,0,,,,,,,,56.6,30.0,0.0,0.0,2.8,20.0,61,hitl
281,2026-05-04 04:15,supplier_1,supplier,0,637.95,,,,,,,,,,,,,61,hitl
281,2026-05-04 04:15,farm_1,farm,1,,380.0,0.14,,,,,,,,,,,61,hitl
281,2026-05-04 04:15,slaughterhouse_1,slaughterhouse,1,,,,175.0,400.0,,,,,,,,,61,hitl
281,2026-05-04 04:15,wholesaler_1,wholesaler,1,,,,,,4.32,7.055,,,,,,,61,hitl
281,2026-05-04 04:15,retail_1,retail,0,,,,,,,,55.96,30.0,0.0,0.0,2.8,20.0,61,hitl
282,2026-05-04 04:30,supplier_1,supplier,0,637.03,,,,,,,,,,,,,61,hitl
282,2026-05-04 04:30,farm_1,farm,1,,380.0,0.14,,,,,,,,,,,61,hitl
282,2026-05-04 04:30,slaughterhouse_1,slaughterhouse,1,,,,175.0,400.0,,,,,,,,,61,hitl
282,2026-05-04 04:30,wholesaler_1,wholesaler,1,,,,,,1.71,7.055,,,,,,,61,hitl
282,2026-05-04 04:30,retail_1,retail,0,,,,,,,,55.25,30.0,0.0,0.0,2.8,20.0,61,hitl
283,2026-05-04 04:45,supplier_1,supplier,0,635.66,,,,,,,,,,,,,61,hitl
283,2026-05-04 04:45,farm_1,farm,1,,380.0,0.14,,,,,,,,,,,61,hitl
283,2026-05-04 04:45,slaughterhouse_1,slaughterhouse,1,,,,175.0,400.0,,,,,,,,,61,hitl
283,2026-05-04 04:45,wholesaler_1,wholesaler,1,,,,,,0.0,7.055,,,,,,,61,hitl
283,2026-05-04 04:45,retail_1,retail,0,,,,,,,,54.63,30.0,0.0,0.0,2.8,20.0,61,hitl
284,2026-05-04 05:00,supplier_1,supplier,0,634.58,,,,,,,,,,,,,61,hitl
284,2026-05-04 05:00,farm_1,farm,1,,380.0,0.14,,,,,,,,,,,61,hitl
284,2026-05-04 05:00,slaughterhouse_1,slaughterhouse,1,,,,175.0,400.0,,,,,,,,,61,hitl
284,2026-05-04 05:00,wholesaler_1,wholesaler,1,,,,,,0.0,7.055,,,,,,,61,hitl
284,2026-05-04 05:00,retail_1,retail,0,,,,,,,,53.92,30.0,0.0,0.0,2.8,20.0,61,hitl
285,2026-05-04 05:15,supplier_1,supplier,0,633.95,,,,,,,,,,,,,61,hitl
285,2026-05-04 05:15,farm_1,farm,1,,380.0,0.14,,,,,,,,,,,61,hitl
285,2026-05-04 05:15,slaughterhouse_1,slaughterhouse,1,,,,175.0,400.0,,,,,,,,,61,hitl
285,2026-05-04 05:15,wholesaler_1,wholesaler,1,,,,,,0.0,7.055,,,,,,,61,hitl
285,2026-05-04 05:15,retail_1,retail,0,,,,,,,,53.29,30.0,0.0,0.0,2.8,20.0,61,hitl
286,2026-05-04 05:30,supplier_1,supplier,0,632.94,,,,,,,,,,,,,61,hitl
286,2026-05-04 05:30,farm_1,farm,1,,380.0,0.14,,,,,,,,,,,61,hitl
286,2026-05-04 05:30,slaughterhouse_1,slaughterhouse,1,,,,175.0,400.0,,,,,,,,,61,hitl
286,2026-05-04 05:30,wholesaler_1,wholesaler,1,,,,,,0.0,7.055,,,,,,,61,hitl
286,2026-05-04 05:30,retail_1,retail,0,,,,,,,,52.62,30.0,0.0,0.0,2.8,20.0,61,hitl
287,2026-05-04 05:45,supplier_1,supplier,0,632.4,,,,,,,,,,,,,61,hitl
287,2026-05-04 05:45,farm_1,farm,1,,380.0,0.14,,,,,,,,,,,61,hitl
287,2026-05-04 05:45,slaughterhouse_1,slaughterhouse,1,,,,175.0,400.0,,,,,,,,,61,hitl
287,2026-05-04 05:45,wholesaler_1,wholesaler,1,,,,,,0.0,7.055,,,,,,,61,hitl
287,2026-05-04 05:45,retail_1,retail,0,,,,,,,,51.89,30.0,0.0,0.0,2.8,20.0,61,hitl
288,2026-05-04 06:00,supplier_1,supplier,0,630.95,,,,,,,,,,,,,61,hitl
288,2026-05-04 06:00,farm_1,farm,0,,620.0,0.035,,,,,,,,,,,61,hitl
288,2026-05-04 06:00,slaughterhouse_1,slaughterhouse,1,,,,175.0,395.68,,,,,,,,,61,hitl
288,2026-05-04 06:00,wholesaler_1,wholesaler,1,,,,,,0.0,7.055,,,,,,,61,hitl
288,2026-05-04 06:00,retail_1,retail,0,,,,,,,,51.13,30.0,0.0,0.0,2.8,20.0,61,hitl
289,2026-05-04 06:15,supplier_1,supplier,0,629.95,,,,,,,,,,,,,61,hitl
289,2026-05-04 06:15,farm_1,farm,0,,620.0,0.035,,,,,,,,,,,61,hitl
289,2026-05-04 06:15,slaughterhouse_1,slaughterhouse,1,,,,175.0,400.0,,,,,,,,,61,hitl
289,2026-05-04 06:15,wholesaler_1,wholesaler,1,,,,,,4.32,7.055,,,,,,,61,hitl
289,2026-05-04 06:15,retail_1,retail,0,,,,,,,,50.38,30.0,0.0,0.0,2.8,20.0,61,hitl
290,2026-05-04 06:30,supplier_1,supplier,0,629.33,,,,,,,,,,,,,61,hitl
290,2026-05-04 06:30,farm_1,farm,0,,620.0,0.035,,,,,,,,,,,61,hitl
290,2026-05-04 06:30,slaughterhouse_1,slaughterhouse,1,,,,175.0,400.0,,,,,,,,,61,hitl
290,2026-05-04 06:30,wholesaler_1,wholesaler,1,,,,,,2.18,7.055,,,,,,,61,hitl
290,2026-05-04 06:30,retail_1,retail,0,,,,,,,,49.7,30.0,0.0,0.0,2.8,20.0,61,hitl
291,2026-05-04 06:45,supplier_1,supplier,0,628.6,,,,,,,,,,,,,61,hitl
291,2026-05-04 06:45,farm_1,farm,0,,620.0,0.035,,,,,,,,,,,61,hitl
291,2026-05-04 06:45,slaughterhouse_1,slaughterhouse,1,,,,175.0,400.0,,,,,,,,,61,hitl
291,2026-05-04 06:45,wholesaler_1,wholesaler,1,,,,,,0.12,7.055,,,,,,,61,hitl
291,2026-05-04 06:45,retail_1,retail,0,,,,,,,,49.06,30.0,0.0,0.0,2.8,20.0,61,hitl
292,2026-05-04 07:00,supplier_1,supplier,0,627.27,,,,,,,,,,,,,61,hitl
292,2026-05-04 07:00,farm_1,farm,0,,620.0,0.035,,,,,,,,,,,61,hitl
292,2026-05-04 07:00,slaughterhouse_1,slaughterhouse,1,,,,175.0,400.0,,,,,,,,,61,hitl
292,2026-05-04 07:00,wholesaler_1,wholesaler,1,,,,,,0.0,7.055,,,,,,,61,hitl
292,2026-05-04 07:00,retail_1,retail,0,,,,,,,,48.28,30.0,0.0,0.0,2.8,20.0,61,hitl
293,2026-05-04 07:15,supplier_1,supplier,0,625.89,,,,,,,,,,,,,61,hitl
293,2026-05-04 07:15,farm_1,farm,0,,620.0,0.035,,,,,,,,,,,61,hitl
293,2026-05-04 07:15,slaughterhouse_1,slaughterhouse,1,,,,175.0,400.0,,,,,,,,,61,hitl
293,2026-05-04 07:15,wholesaler_1,wholesaler,1,,,,,,0.0,7.055,,,,,,,61,hitl
293,2026-05-04 07:15,retail_1,retail,0,,,,,,,,47.6,30.0,0.0,0.0,2.8,20.0,61,hitl
294,2026-05-04 07:30,supplier_1,supplier,0,625.12,,,,,,,,,,,,,61,hitl
294,2026-05-04 07:30,farm_1,farm,0,,620.0,0.035,,,,,,,,,,,61,hitl
294,2026-05-04 07:30,slaughterhouse_1,slaughterhouse,1,,,,175.0,400.0,,,,,,,,,61,hitl
294,2026-05-04 07:30,wholesaler_1,wholesaler,1,,,,,,0.0,7.055,,,,,,,61,hitl
294,2026-05-04 07:30,retail_1,retail,0,,,,,,,,46.98,30.0,0.0,0.0,2.8,20.0,61,hitl
295,2026-05-04 07:45,supplier_1,supplier,0,624.37,,,,,,,,,,,,,61,hitl
295,2026-05-04 07:45,farm_1,farm,0,,620.0,0.035,,,,,,,,,,,61,hitl
295,2026-05-04 07:45,slaughterhouse_1,slaughterhouse,1,,,,175.0,400.0,,,,,,,,,61,hitl
295,2026-05-04 07:45,wholesaler_1,wholesaler,1,,,,,,0.0,7.055,,,,,,,61,hitl
295,2026-05-04 07:45,retail_1,retail,0,,,,,,,,46.31,30.0,0.0,0.0,2.8,20.0,61,hitl
296,2026-05-04 08:00,supplier_1,supplier,0,623.85,,,,,,,,,,,,,61,hitl
296,2026-05-04 08:00,farm_1,farm,0,,620.0,0.035,,,,,,,,,,,61,hitl
296,2026-05-04 08:00,slaughterhouse_1,slaughterhouse,1,,,,175.0,395.68,,,,,,,,,61,hitl
296,2026-05-04 08:00,wholesaler_1,wholesaler,1,,,,,,0.0,7.055,,,,,,,61,hitl
296,2026-05-04 08:00,retail_1,retail,0,,,,,,,,45.65,30.0,0.0,0.0,2.8,20.0,61,hitl
297,2026-05-04 08:15,supplier_1,supplier,0,622.5,,,,,,,,,,,,,61,hitl
297,2026-05-04 08:15,farm_1,farm,0,,620.0,0.035,,,,,,,,,,,61,hitl
297,2026-05-04 08:15,slaughterhouse_1,slaughterhouse,1,,,,175.0,400.0,,,,,,,,,61,hitl
297,2026-05-04 08:15,wholesaler_1,wholesaler,1,,,,,,4.32,7.055,,,,,,,61,hitl
297,2026-05-04 08:15,retail_1,retail,0,,,,,,,,44.9,30.0,0.0,0.0,2.8,20.0,61,hitl
298,2026-05-04 08:30,supplier_1,supplier,0,621.84,,,,,,,,,,,,,61,hitl
298,2026-05-04 08:30,farm_1,farm,0,,620.0,0.035,,,,,,,,,,,61,hitl
298,2026-05-04 08:30,slaughterhouse_1,slaughterhouse,1,,,,175.0,400.0,,,,,,,,,61,hitl
298,2026-05-04 08:30,wholesaler_1,wholesaler,1,,,,,,2.76,7.055,,,,,,,61,hitl
298,2026-05-04 08:30,retail_1,retail,0,,,,,,,,44.16,30.0,0.0,0.0,2.8,20.0,61,hitl
299,2026-05-04 08:45,supplier_1,supplier,0,620.4,,,,,,,,,,,,,61,hitl
299,2026-05-04 08:45,farm_1,farm,0,,620.0,0.035,,,,,,,,,,,61,hitl
299,2026-05-04 08:45,slaughterhouse_1,slaughterhouse,1,,,,175.0,400.0,,,,,,,,,61,hitl
299,2026-05-04 08:45,wholesaler_1,wholesaler,1,,,,,,0.27,7.055,,,,,,,61,hitl
299,2026-05-04 08:45,retail_1,retail,0,,,,,,,,43.43,30.0,0.0,0.0,2.8,20.0,61,hitl
300,2026-05-04 09:00,supplier_1,supplier,0,619.73,,,,,,,,,,,,,61,hitl
300,2026-05-04 09:00,farm_1,farm,0,,620.0,0.035,,,,,,,,,,,61,hitl
300,2026-05-04 09:00,slaughterhouse_1,slaughterhouse,1,,,,175.0,400.0,,,,,,,,,61,hitl
300,2026-05-04 09:00,wholesaler_1,wholesaler,1,,,,,,0.0,7.055,,,,,,,61,hitl
300,2026-05-04 09:00,retail_1,retail,0,,,,,,,,42.69,30.0,0.0,0.0,2.8,20.0,61,hitl
301,2026-05-04 09:15,supplier_1,supplier,0,618.88,,,,,,,,,,,,,61,hitl
301,2026-05-04 09:15,farm_1,farm,0,,620.0,0.035,,,,,,,,,,,61,hitl
301,2026-05-04 09:15,slaughterhouse_1,slaughterhouse,1,,,,175.0,400.0,,,,,,,,,61,hitl
301,2026-05-04 09:15,wholesaler_1,wholesaler,1,,,,,,0.0,7.055,,,,,,,61,hitl
301,2026-05-04 09:15,retail_1,retail,0,,,,,,,,42.03,30.0,0.0,0.0,2.8,20.0,61,hitl
302,2026-05-04 09:30,supplier_1,supplier,0,617.86,,,,,,,,,,,,,61,hitl
302,2026-05-04 09:30,farm_1,farm,0,,620.0,0.035,,,,,,,,,,,61,hitl
302,2026-05-04 09:30,slaughterhouse_1,slaughterhouse,1,,,,175.0,400.0,,,,,,,,,61,hitl
302,2026-05-04 09:30,wholesaler_1,wholesaler,1,,,,,,0.0,7.055,,,,,,,61,hitl
302,2026-05-04 09:30,retail_1,retail,0,,,,,,,,41.38,30.0,0.0,0.0,2.8,20.0,61,hitl
303,2026-05-04 09:45,supplier_1,supplier,0,616.84,,,,,,,,,,,,,61,hitl
303,2026-05-04 09:45,farm_1,farm,0,,620.0,0.035,,,,,,,,,,,61,hitl
303,2026-05-04 09:45,slaughterhouse_1,slaughterhouse,1,,,,175.0,400.0,,,,,,,,,61,hitl
303,2026-05-04 09:45,wholesaler_1,wholesaler,1,,,,,,0.0,7.055,,,,,,,61,hitl
303,2026-05-04 09:45,retail_1,retail,0,,,,,,,,40.75,30.0,0.0,0.0,2.8,20.0,61,hitl
304,2026-05-04 10:00,supplier_1,supplier,0,615.81,,,,,,,,,,,,,61,hitl
304,2026-05-04 10:00,farm_1,farm,0,,620.0,0.035,,,,,,,,,,,61,hitl
304,2026-05-04 10:00,slaughterhouse_1,slaughterhouse,1,,,,175.0,395.68,,,,,,,,,61,hitl
304,2026-05-04 10:00,wholesaler_1,wholesaler,1,,,,,,0.0,7.055,,,,,,,61,hitl
304,2026-05-04 10:00,retail_1,retail,0,,,,,,,,39.99,30.0,0.0,0.0,2.8,20.0,61,hitl
305,2026-05-04 10:15,supplier_1,supplier,0,614.53,,,,,,,,,,,,,61,hitl
305,2026-05-04 10:15,farm_1,farm,0,,620.0,0.035,,,,,,,,,,,61,hitl
305,2026-05-04 10:15,slaughterhouse_1,slaughterhouse,1,,,,175.0,400.0,,,,,,,,,61,hitl
305,2026-05-04 10:15,wholesaler_1,wholesaler,1,,,,,,4.32,7.055,,,,,,,61,hitl
305,2026-05-04 10:15,retail_1,retail,0,,,,,,,,39.35,30.0,0.0,0.0,2.8,20.0,61,hitl
306,2026-05-04 10:30,supplier_1,supplier,0,613.34,,,,,,,,,,,,,61,hitl
306,2026-05-04 10:30,farm_1,farm,0,,620.0,0.035,,,,,,,,,,,61,hitl
306,2026-05-04 10:30,slaughterhouse_1,slaughterhouse,1,,,,175.0,400.0,,,,,,,,,61,hitl
306,2026-05-04 10:30,wholesaler_1,wholesaler,1,,,,,,2.38,7.055,,,,,,,61,hitl
306,2026-05-04 10:30,retail_1,retail,0,,,,,,,,38.64,30.0,0.0,0.0,2.8,20.0,61,hitl
307,2026-05-04 10:45,supplier_1,supplier,0,612.77,,,,,,,,,,,,,61,hitl
307,2026-05-04 10:45,farm_1,farm,0,,620.0,0.035,,,,,,,,,,,61,hitl
307,2026-05-04 10:45,slaughterhouse_1,slaughterhouse,1,,,,175.0,400.0,,,,,,,,,61,hitl
307,2026-05-04 10:45,wholesaler_1,wholesaler,1,,,,,,0.87,7.055,,,,,,,61,hitl
307,2026-05-04 10:45,retail_1,retail,0,,,,,,,,37.9,30.0,0.0,0.0,2.8,20.0,61,hitl
308,2026-05-04 11:00,supplier_1,supplier,0,611.84,,,,,,,,,,,,,61,hitl
308,2026-05-04 11:00,farm_1,farm,0,,620.0,0.035,,,,,,,,,,,61,hitl
308,2026-05-04 11:00,slaughterhouse_1,slaughterhouse,1,,,,175.0,400.0,,,,,,,,,61,hitl
308,2026-05-04 11:00,wholesaler_1,wholesaler,1,,,,,,0.0,7.055,,,,,,,61,hitl
308,2026-05-04 11:00,retail_1,retail,0,,,,,,,,37.23,30.0,0.0,0.0,2.8,20.0,61,hitl
309,2026-05-04 11:15,supplier_1,supplier,0,611.21,,,,,,,,,,,,,61,hitl
309,2026-05-04 11:15,farm_1,farm,0,,620.0,0.035,,,,,,,,,,,61,hitl
309,2026-05-04 11:15,slaughterhouse_1,slaughterhouse,1,,,,175.0,400.0,,,,,,,,,61,hitl
309,2026-05-04 11:15,wholesaler_1,wholesaler,1,,,,,,0.0,7.055,,,,,,,61,hitl
309,2026-05-04 11:15,retail_1,retail,0,,,,,,,,36.54,30.0,0.0,0.0,2.8,20.0,61,hitl
310,2026-05-04 11:30,supplier_1,supplier,0,609.74,,,,,,,,,,,,,61,hitl
310,2026-05-04 11:30,farm_1,farm,0,,620.0,0.035,,,,,,,,,,,61,hitl
310,2026-05-04 11:30,slaughterhouse_1,slaughterhouse,1,,,,175.0,400.0,,,,,,,,,61,hitl
310,2026-05-04 11:30,wholesaler_1,wholesaler,1,,,,,,0.0,7.055,,,,,,,61,hitl
310,2026-05-04 11:30,retail_1,retail,0,,,,,,,,35.89,30.0,0.0,0.0,2.8,20.0,61,hitl
311,2026-05-04 11:45,supplier_1,supplier,0,608.54,,,,,,,,,,,,,61,hitl
311,2026-05-04 11:45,farm_1,farm,0,,620.0,0.035,,,,,,,,,,,61,hitl
311,2026-05-04 11:45,slaughterhouse_1,slaughterhouse,1,,,,175.0,400.0,,,,,,,,,61,hitl
311,2026-05-04 11:45,wholesaler_1,wholesaler,1,,,,,,0.0,7.055,,,,,,,61,hitl
311,2026-05-04 11:45,retail_1,retail,0,,,,,,,,35.17,30.0,0.0,0.0,2.8,20.0,61,hitl
312,2026-05-04 12:00,supplier_1,supplier,0,607.25,,,,,,,,,,,,,61,hitl
312,2026-05-04 12:00,farm_1,farm,0,,620.0,0.035,,,,,,,,,,,61,hitl
312,2026-05-04 12:00,slaughterhouse_1,slaughterhouse,1,,,,175.0,395.68,,,,,,,,,61,hitl
312,2026-05-04 12:00,wholesaler_1,wholesaler,1,,,,,,0.0,7.055,,,,,,,61,hitl
312,2026-05-04 12:00,retail_1,retail,0,,,,,,,,34.48,30.0,0.0,0.0,2.8,20.0,61,hitl
313,2026-05-04 12:15,supplier_1,supplier,0,605.77,,,,,,,,,,,,,61,hitl
313,2026-05-04 12:15,farm_1,farm,0,,620.0,0.035,,,,,,,,,,,61,hitl
313,2026-05-04 12:15,slaughterhouse_1,slaughterhouse,1,,,,175.0,400.0,,,,,,,,,61,hitl
313,2026-05-04 12:15,wholesaler_1,wholesaler,1,,,,,,4.32,7.055,,,,,,,61,hitl
313,2026-05-04 12:15,retail_1,retail,0,,,,,,,,33.7,30.0,0.0,0.0,2.8,20.0,61,hitl
314,2026-05-04 12:30,supplier_1,supplier,0,604.59,,,,,,,,,,,,,61,hitl
314,2026-05-04 12:30,farm_1,farm,0,,620.0,0.035,,,,,,,,,,,61,hitl
314,2026-05-04 12:30,slaughterhouse_1,slaughterhouse,1,,,,175.0,400.0,,,,,,,,,61,hitl
314,2026-05-04 12:30,wholesaler_1,wholesaler,1,,,,,,2.27,7.055,,,,,,,61,hitl
314,2026-05-04 12:30,retail_1,retail,0,,,,,,,,32.95,30.0,0.0,0.0,2.8,20.0,61,hitl
315,2026-05-04 12:45,supplier_1,supplier,0,604.09,,,,,,,,,,,,,61,hitl
315,2026-05-04 12:45,farm_1,farm,0,,620.0,0.035,,,,,,,,,,,61,hitl
315,2026-05-04 12:45,slaughterhouse_1,slaughterhouse,1,,,,175.0,400.0,,,,,,,,,61,hitl
315,2026-05-04 12:45,wholesaler_1,wholesaler,1,,,,,,0.17,7.055,,,,,,,61,hitl
315,2026-05-04 12:45,retail_1,retail,0,,,,,,,,32.27,30.0,0.0,0.0,2.8,20.0,61,hitl
316,2026-05-04 13:00,supplier_1,supplier,0,603.13,,,,,,,,,,,,,61,hitl
316,2026-05-04 13:00,farm_1,farm,0,,620.0,0.035,,,,,,,,,,,61,hitl
316,2026-05-04 13:00,slaughterhouse_1,slaughterhouse,1,,,,175.0,400.0,,,,,,,,,61,hitl
316,2026-05-04 13:00,wholesaler_1,wholesaler,1,,,,,,0.0,7.055,,,,,,,61,hitl
316,2026-05-04 13:00,retail_1,retail,0,,,,,,,,31.5,30.0,0.0,0.0,2.8,20.0,61,hitl
317,2026-05-04 13:15,supplier_1,supplier,0,602.03,,,,,,,,,,,,,61,hitl
317,2026-05-04 13:15,farm_1,farm,0,,620.0,0.035,,,,,,,,,,,61,hitl
317,2026-05-04 13:15,slaughterhouse_1,slaughterhouse,1,,,,175.0,400.0,,,,,,,,,61,hitl
317,2026-05-04 13:15,wholesaler_1,wholesaler,1,,,,,,0.0,7.055,,,,,,,61,hitl
317,2026-05-04 13:15,retail_1,retail,0,,,,,,,,30.78,30.0,0.0,0.0,2.8,20.0,61,hitl
318,2026-05-04 13:30,supplier_1,supplier,0,601.19,,,,,,,,,,,,,61,hitl
318,2026-05-04 13:30,farm_1,farm,0,,620.0,0.035,,,,,,,,,,,61,hitl
318,2026-05-04 13:30,slaughterhouse_1,slaughterhouse,1,,,,175.0,400.0,,,,,,,,,61,hitl
318,2026-05-04 13:30,wholesaler_1,wholesaler,1,,,,,,0.0,7.055,,,,,,,61,hitl
318,2026-05-04 13:30,retail_1,retail,0,,,,,,,,30.02,30.0,0.0,0.0,2.8,20.0,61,hitl
319,2026-05-04 13:45,supplier_1,supplier,0,599.76,,,,,,,,,,,,,61,hitl
319,2026-05-04 13:45,farm_1,farm,0,,620.0,0.035,,,,,,,,,,,61,hitl
319,2026-05-04 13:45,slaughterhouse_1,slaughterhouse,1,,,,175.0,400.0,,,,,,,,,61,hitl
319,2026-05-04 13:45,wholesaler_1,wholesaler,1,,,,,,0.0,7.055,,,,,,,61,hitl
319,2026-05-04 13:45,retail_1,retail,0,,,,,,,,29.36,30.0,0.0,0.25,2.8,20.0,61,hitl
320,2026-05-04 14:00,supplier_1,supplier,0,598.32,,,,,,,,,,,,,61,hitl
320,2026-05-04 14:00,farm_1,farm,0,,620.0,0.035,,,,,,,,,,,61,hitl
320,2026-05-04 14:00,slaughterhouse_1,slaughterhouse,1,,,,175.0,395.68,,,,,,,,,61,hitl
320,2026-05-04 14:00,wholesaler_1,wholesaler,1,,,,,,0.0,7.055,,,,,,,61,hitl
320,2026-05-04 14:00,retail_1,retail,0,,,,,,,,28.66,30.0,0.0,0.5,2.8,20.0,61,hitl
321,2026-05-04 14:15,supplier_1,supplier,0,597.11,,,,,,,,,,,,,61,hitl
321,2026-05-04 14:15,farm_1,farm,0,,620.0,0.035,,,,,,,,,,,61,hitl
321,2026-05-04 14:15,slaughterhouse_1,slaughterhouse,1,,,,175.0,400.0,,,,,,,,,61,hitl
321,2026-05-04 14:15,wholesaler_1,wholesaler,1,,,,,,4.32,7.055,,,,,,,61,hitl
321,2026-05-04 14:15,retail_1,retail,0,,,,,,,,27.97,30.0,0.0,0.75,2.8,20.0,61,hitl
322,2026-05-04 14:30,supplier_1,supplier,0,596.41,,,,,,,,,,,,,61,hitl
322,2026-05-04 14:30,farm_1,farm,0,,620.0,0.035,,,,,,,,,,,61,hitl
322,2026-05-04 14:30,slaughterhouse_1,slaughterhouse,1,,,,175.0,400.0,,,,,,,,,61,hitl
322,2026-05-04 14:30,wholesaler_1,wholesaler,1,,,,,,1.77,7.055,,,,,,,61,hitl
322,2026-05-04 14:30,retail_1,retail,0,,,,,,,,27.21,30.0,0.0,1.0,2.8,20.0,61,hitl
323,2026-05-04 14:45,supplier_1,supplier,0,595.29,,,,,,,,,,,,,61,hitl
323,2026-05-04 14:45,farm_1,farm,0,,620.0,0.035,,,,,,,,,,,61,hitl
323,2026-05-04 14:45,slaughterhouse_1,slaughterhouse,1,,,,175.0,400.0,,,,,,,,,61,hitl
323,2026-05-04 14:45,wholesaler_1,wholesaler,1,,,,,,0.0,7.055,,,,,,,61,hitl
323,2026-05-04 14:45,retail_1,retail,0,,,,,,,,26.58,30.0,0.0,1.25,2.8,20.0,61,hitl
324,2026-05-04 15:00,supplier_1,supplier,0,593.9,,,,,,,,,,,,,61,hitl
324,2026-05-04 15:00,farm_1,farm,1,,651.0,0.035,,,,,,,,,,,61,hitl
324,2026-05-04 15:00,slaughterhouse_1,slaughterhouse,1,,,,175.0,400.0,,,,,,,,,61,hitl
324,2026-05-04 15:00,wholesaler_1,wholesaler,1,,,,,,0.0,7.055,,,,,,,61,hitl
324,2026-05-04 15:00,retail_1,retail,0,,,,,,,,25.85,30.0,0.0,1.5,2.8,20.0,61,hitl
325,2026-05-04 15:15,supplier_1,supplier,0,593.09,,,,,,,,,,,,,61,hitl
325,2026-05-04 15:15,farm_1,farm,1,,651.0,0.035,,,,,,,,,,,61,hitl
325,2026-05-04 15:15,slaughterhouse_1,slaughterhouse,1,,,,175.0,400.0,,,,,,,,,61,hitl
325,2026-05-04 15:15,wholesaler_1,wholesaler,1,,,,,,0.0,7.055,,,,,,,61,hitl
325,2026-05-04 15:15,retail_1,retail,0,,,,,,,,25.16,30.0,0.0,1.75,2.8,20.0,61,hitl
326,2026-05-04 15:30,supplier_1,supplier,0,592.15,,,,,,,,,,,,,61,hitl
326,2026-05-04 15:30,farm_1,farm,1,,651.0,0.035,,,,,,,,,,,61,hitl
326,2026-05-04 15:30,slaughterhouse_1,slaughterhouse,1,,,,175.0,400.0,,,,,,,,,61,hitl
326,2026-05-04 15:30,wholesaler_1,wholesaler,1,,,,,,0.0,7.055,,,,,,,61,hitl
326,2026-05-04 15:30,retail_1,retail,0,,,,,,,,24.41,30.0,0.0,2.0,2.8,20.0,61,hitl
327,2026-05-04 15:45,supplier_1,supplier,0,591.56,,,,,,,,,,,,,61,hitl
327,2026-05-04 15:45,farm_1,farm,1,,651.0,0.035,,,,,,,,,,,61,hitl
327,2026-05-04 15:45,slaughterhouse_1,slaughterhouse,1,,,,175.0,400.0,,,,,,,,,61,hitl
327,2026-05-04 15:45,wholesaler_1,wholesaler,1,,,,,,0.0,7.055,,,,,,,61,hitl
327,2026-05-04 15:45,retail_1,retail,1,,,,,,,,23.64,30.0,0.0,2.25,2.8,20.0,61,hitl
328,2026-05-04 16:00,supplier_1,supplier,0,591.0,,,,,,,,,,,,,61,hitl
328,2026-05-04 16:00,farm_1,farm,1,,651.0,0.035,,,,,,,,,,,61,hitl
328,2026-05-04 16:00,slaughterhouse_1,slaughterhouse,1,,,,175.0,395.68,,,,,,,,,61,hitl
328,2026-05-04 16:00,wholesaler_1,wholesaler,1,,,,,,0.0,7.055,,,,,,,61,hitl
328,2026-05-04 16:00,retail_1,retail,1,,,,,,,,22.92,30.0,0.0,2.5,2.8,20.0,61,hitl
329,2026-05-04 16:15,supplier_1,supplier,0,589.96,,,,,,,,,,,,,61,hitl
329,2026-05-04 16:15,farm_1,farm,1,,651.0,0.035,,,,,,,,,,,61,hitl
329,2026-05-04 16:15,slaughterhouse_1,slaughterhouse,1,,,,175.0,400.0,,,,,,,,,61,hitl
329,2026-05-04 16:15,wholesaler_1,wholesaler,1,,,,,,4.32,7.055,,,,,,,61,hitl
329,2026-05-04 16:15,retail_1,retail,1,,,,,,,,22.16,30.0,0.0,2.75,2.8,20.0,61,hitl
330,2026-05-04 16:30,supplier_1,supplier,0,589.03,,,,,,,,,,,,,61,hitl
330,2026-05-04 16:30,farm_1,farm,1,,651.0,0.035,,,,,,,,,,,61,hitl
330,2026-05-04 16:30,slaughterhouse_1,slaughterhouse,1,,,,175.0,400.0,,,,,,,,,61,hitl
330,2026-05-04 16:30,wholesaler_1,wholesaler,1,,,,,,1.43,7.055,,,,,,,61,hitl
330,2026-05-04 16:30,retail_1,retail,1,,,,,,,,21.47,30.0,0.0,3.0,2.8,20.0,61,hitl
331,2026-05-04 16:45,supplier_1,supplier,0,588.45,,,,,,,,,,,,,61,hitl
331,2026-05-04 16:45,farm_1,farm,1,,651.0,0.035,,,,,,,,,,,61,hitl
331,2026-05-04 16:45,slaughterhouse_1,slaughterhouse,1,,,,175.0,400.0,,,,,,,,,61,hitl
331,2026-05-04 16:45,wholesaler_1,wholesaler,1,,,,,,0.0,7.055,,,,,,,61,hitl
331,2026-05-04 16:45,retail_1,retail,1,,,,,,,,20.82,30.0,0.0,3.25,2.8,20.0,61,hitl
332,2026-05-04 17:00,supplier_1,supplier,0,587.72,,,,,,,,,,,,,61,hitl
332,2026-05-04 17:00,farm_1,farm,1,,651.0,0.035,,,,,,,,,,,61,hitl
332,2026-05-04 17:00,slaughterhouse_1,slaughterhouse,1,,,,175.0,400.0,,,,,,,,,61,hitl
332,2026-05-04 17:00,wholesaler_1,wholesaler,1,,,,,,0.0,7.055,,,,,,,61,hitl
332,2026-05-04 17:00,retail_1,retail,1,,,,,,,,20.16,30.0,0.0,3.5,2.8,20.0,61,hitl
333,2026-05-04 17:15,supplier_1,supplier,0,586.55,,,,,,,,,,,,,61,hitl
333,2026-05-04 17:15,farm_1,farm,1,,651.0,0.035,,,,,,,,,,,61,hitl
333,2026-05-04 17:15,slaughterhouse_1,slaughterhouse,1,,,,175.0,400.0,,,,,,,,,61,hitl
333,2026-05-04 17:15,wholesaler_1,wholesaler,1,,,,,,0.0,7.055,,,,,,,61,hitl
333,2026-05-04 17:15,retail_1,retail,1,,,,,,,,19.44,30.0,0.0,3.75,2.8,20.0,61,hitl
334,2026-05-04 17:30,supplier_1,supplier,0,585.38,,,,,,,,,,,,,61,hitl
334,2026-05-04 17:30,farm_1,farm,1,,651.0,0.035,,,,,,,,,,,61,hitl
334,2026-05-04 17:30,slaughterhouse_1,slaughterhouse,1,,,,175.0,400.0,,,,,,,,,61,hitl
334,2026-05-04 17:30,wholesaler_1,wholesaler,1,,,,,,0.0,7.055,,,,,,,61,hitl
334,2026-05-04 17:30,retail_1,retail,1,,,,,,,,18.8,30.0,0.0,4.0,2.8,20.0,61,hitl
335,2026-05-04 17:45,supplier_1,supplier,0,584.17,,,,,,,,,,,,,61,hitl
335,2026-05-04 17:45,farm_1,farm,1,,651.0,0.035,,,,,,,,,,,61,hitl
335,2026-05-04 17:45,slaughterhouse_1,slaughterhouse,1,,,,175.0,400.0,,,,,,,,,61,hitl
335,2026-05-04 17:45,wholesaler_1,wholesaler,1,,,,,,0.0,7.055,,,,,,,61,hitl
335,2026-05-04 17:45,retail_1,retail,1,,,,,,,,18.16,30.0,0.0,4.25,2.8,20.0,61,hitl
336,2026-05-04 18:00,supplier_1,supplier,0,583.42,,,,,,,,,,,,,61,hitl
336,2026-05-04 18:00,farm_1,farm,1,,651.0,0.035,,,,,,,,,,,61,hitl
336,2026-05-04 18:00,slaughterhouse_1,slaughterhouse,1,,,,175.0,395.68,,,,,,,,,61,hitl
336,2026-05-04 18:00,wholesaler_1,wholesaler,1,,,,,,0.0,7.055,,,,,,,61,hitl
336,2026-05-04 18:00,retail_1,retail,1,,,,,,,,17.49,30.0,0.0,4.5,2.8,20.0,61,hitl
337,2026-05-04 18:15,supplier_1,supplier,0,582.01,,,,,,,,,,,,,61,hitl
337,2026-05-04 18:15,farm_1,farm,1,,651.0,0.035,,,,,,,,,,,61,hitl
337,2026-05-04 18:15,slaughterhouse_1,slaughterhouse,1,,,,175.0,400.0,,,,,,,,,61,hitl
337,2026-05-04 18:15,wholesaler_1,wholesaler,1,,,,,,4.32,7.055,,,,,,,61,hitl
337,2026-05-04 18:15,retail_1,retail,1,,,,,,,,16.8,30.0,0.0,4.75,2.8,20.0,61,hitl
338,2026-05-04 18:30,supplier_1,supplier,0,581.03,,,,,,,,,,,,,61,hitl
338,2026-05-04 18:30,farm_1,farm,1,,651.0,0.035,,,,,,,,,,,61,hitl
338,2026-05-04 18:30,slaughterhouse_1,slaughterhouse,1,,,,175.0,400.0,,,,,,,,,61,hitl
338,2026-05-04 18:30,wholesaler_1,wholesaler,1,,,,,,2.8,7.055,,,,,,,61,hitl
338,2026-05-04 18:30,retail_1,retail,1,,,,,,,,16.13,30.0,0.0,5.0,2.8,20.0,61,hitl
339,2026-05-04 18:45,supplier_1,supplier,0,579.66,,,,,,,,,,,,,61,hitl
339,2026-05-04 18:45,farm_1,farm,1,,651.0,0.035,,,,,,,,,,,61,hitl
339,2026-05-04 18:45,slaughterhouse_1,slaughterhouse,1,,,,175.0,400.0,,,,,,,,,61,hitl
339,2026-05-04 18:45,wholesaler_1,wholesaler,1,,,,,,0.88,7.055,,,,,,,61,hitl
339,2026-05-04 18:45,retail_1,retail,1,,,,,,,,15.49,30.0,0.0,5.25,2.8,20.0,61,hitl
340,2026-05-04 19:00,supplier_1,supplier,0,579.01,,,,,,,,,,,,,61,hitl
340,2026-05-04 19:00,farm_1,farm,1,,651.0,0.035,,,,,,,,,,,61,hitl
340,2026-05-04 19:00,slaughterhouse_1,slaughterhouse,1,,,,175.0,400.0,,,,,,,,,61,hitl
340,2026-05-04 19:00,wholesaler_1,wholesaler,1,,,,,,0.0,7.055,,,,,,,61,hitl
340,2026-05-04 19:00,retail_1,retail,1,,,,,,,,14.74,30.0,0.0,5.5,2.8,20.0,61,hitl
341,2026-05-04 19:15,supplier_1,supplier,0,577.95,,,,,,,,,,,,,61,hitl
341,2026-05-04 19:15,farm_1,farm,1,,651.0,0.035,,,,,,,,,,,61,hitl
341,2026-05-04 19:15,slaughterhouse_1,slaughterhouse,1,,,,175.0,400.0,,,,,,,,,61,hitl
341,2026-05-04 19:15,wholesaler_1,wholesaler,1,,,,,,0.0,7.055,,,,,,,61,hitl
341,2026-05-04 19:15,retail_1,retail,1,,,,,,,,14.05,30.0,0.0,5.75,2.8,20.0,61,hitl
342,2026-05-04 19:30,supplier_1,supplier,0,577.21,,,,,,,,,,,,,61,hitl
342,2026-05-04 19:30,farm_1,farm,1,,651.0,0.035,,,,,,,,,,,61,hitl
342,2026-05-04 19:30,slaughterhouse_1,slaughterhouse,1,,,,175.0,400.0,,,,,,,,,61,hitl
342,2026-05-04 19:30,wholesaler_1,wholesaler,1,,,,,,0.0,7.055,,,,,,,61,hitl
342,2026-05-04 19:30,retail_1,retail,1,,,,,,,,13.43,30.0,0.0,6.0,2.8,20.0,61,hitl
343,2026-05-04 19:45,supplier_1,supplier,0,576.55,,,,,,,,,,,,,61,hitl
343,2026-05-04 19:45,farm_1,farm,1,,651.0,0.035,,,,,,,,,,,61,hitl
343,2026-05-04 19:45,slaughterhouse_1,slaughterhouse,1,,,,175.0,400.0,,,,,,,,,61,hitl
343,2026-05-04 19:45,wholesaler_1,wholesaler,1,,,,,,0.0,7.055,,,,,,,61,hitl
343,2026-05-04 19:45,retail_1,retail,1,,,,,,,,12.75,30.0,0.0,6.25,2.8,20.0,61,hitl
344,2026-05-04 20:00,supplier_1,supplier,0,575.93,,,,,,,,,,,,,61,hitl
344,2026-05-04 20:00,farm_1,farm,1,,651.0,0.035,,,,,,,,,,,61,hitl
344,2026-05-04 20:00,slaughterhouse_1,slaughterhouse,1,,,,175.0,395.68,,,,,,,,,61,hitl
344,2026-05-04 20:00,wholesaler_1,wholesaler,1,,,,,,0.0,7.055,,,,,,,61,hitl
344,2026-05-04 20:00,retail_1,retail,1,,,,,,,,12.04,30.0,0.0,6.5,2.8,20.0,61,hitl
345,2026-05-04 20:15,supplier_1,supplier,0,574.55,,,,,,,,,,,,,61,hitl
345,2026-05-04 20:15,farm_1,farm,1,,651.0,0.035,,,,,,,,,,,61,hitl
345,2026-05-04 20:15,slaughterhouse_1,slaughterhouse,1,,,,175.0,400.0,,,,,,,,,61,hitl
345,2026-05-04 20:15,wholesaler_1,wholesaler,1,,,,,,4.32,7.055,,,,,,,61,hitl
345,2026-05-04 20:15,retail_1,retail,1,,,,,,,,11.36,30.0,0.0,6.75,2.8,20.0,61,hitl
346,2026-05-04 20:30,supplier_1,supplier,0,573.73,,,,,,,,,,,,,61,hitl
346,2026-05-04 20:30,farm_1,farm,1,,651.0,0.035,,,,,,,,,,,61,hitl
346,2026-05-04 20:30,slaughterhouse_1,slaughterhouse,1,,,,175.0,400.0,,,,,,,,,61,hitl
346,2026-05-04 20:30,wholesaler_1,wholesaler,1,,,,,,2.34,7.055,,,,,,,61,hitl
346,2026-05-04 20:30,retail_1,retail,1,,,,,,,,10.61,30.0,0.0,7.0,2.8,20.0,61,hitl
347,2026-05-04 20:45,supplier_1,supplier,0,572.87,,,,,,,,,,,,,61,hitl
347,2026-05-04 20:45,farm_1,farm,1,,651.0,0.035,,,,,,,,,,,61,hitl
347,2026-05-04 20:45,slaughterhouse_1,slaughterhouse,1,,,,175.0,400.0,,,,,,,,,61,hitl
347,2026-05-04 20:45,wholesaler_1,wholesaler,1,,,,,,0.0,7.055,,,,,,,61,hitl
347,2026-05-04 20:45,retail_1,retail,1,,,,,,,,9.94,30.0,0.0,7.25,2.8,20.0,61,hitl
348,2026-05-04 21:00,supplier_1,supplier,0,571.43,,,,,,,,,,,,,61,hitl
348,2026-05-04 21:00,farm_1,farm,1,,651.0,0.035,,,,,,,,,,,61,hitl
348,2026-05-04 21:00,slaughterhouse_1,slaughterhouse,1,,,,175.0,400.0,,,,,,,,,61,hitl
348,2026-05-04 21:00,wholesaler_1,wholesaler,1,,,,,,0.0,7.055,,,,,,,61,hitl
348,2026-05-04 21:00,retail_1,retail,1,,,,,,,,9.19,30.0,0.0,7.5,2.8,20.0,61,hitl
349,2026-05-04 21:15,supplier_1,supplier,0,570.6,,,,,,,,,,,,,61,hitl
349,2026-05-04 21:15,farm_1,farm,1,,651.0,0.035,,,,,,,,,,,61,hitl
349,2026-05-04 21:15,slaughterhouse_1,slaughterhouse,1,,,,175.0,400.0,,,,,,,,,61,hitl
349,2026-05-04 21:15,wholesaler_1,wholesaler,1,,,,,,0.0,7.055,,,,,,,61,hitl
349,2026-05-04 21:15,retail_1,retail,1,,,,,,,,8.52,30.0,0.0,7.75,2.8,20.0,61,hitl
350,2026-05-04 21:30,supplier_1,supplier,0,569.23,,,,,,,,,,,,,61,hitl
350,2026-05-04 21:30,farm_1,farm,1,,651.0,0.035,,,,,,,,,,,61,hitl
350,2026-05-04 21:30,slaughterhouse_1,slaughterhouse,1,,,,175.0,400.0,,,,,,,,,61,hitl
350,2026-05-04 21:30,wholesaler_1,wholesaler,1,,,,,,0.0,7.055,,,,,,,61,hitl
350,2026-05-04 21:30,retail_1,retail,1,,,,,,,,7.9,30.0,0.0,8.0,2.8,20.0,61,hitl
351,2026-05-04 21:45,supplier_1,supplier,0,568.36,,,,,,,,,,,,,61,hitl
351,2026-05-04 21:45,farm_1,farm,1,,651.0,0.035,,,,,,,,,,,61,hitl
351,2026-05-04 21:45,slaughterhouse_1,slaughterhouse,1,,,,175.0,400.0,,,,,,,,,61,hitl
351,2026-05-04 21:45,wholesaler_1,wholesaler,1,,,,,,0.0,7.055,,,,,,,61,hitl
351,2026-05-04 21:45,retail_1,retail,1,,,,,,,,7.21,30.0,0.0,8.25,2.8,20.0,61,hitl
352,2026-05-04 22:00,supplier_1,supplier,0,567.01,,,,,,,,,,,,,61,hitl
352,2026-05-04 22:00,farm_1,farm,1,,651.0,0.035,,,,,,,,,,,61,hitl
352,2026-05-04 22:00,slaughterhouse_1,slaughterhouse,1,,,,175.0,395.68,,,,,,,,,61,hitl
352,2026-05-04 22:00,wholesaler_1,wholesaler,1,,,,,,0.0,7.055,,,,,,,61,hitl
352,2026-05-04 22:00,retail_1,retail,1,,,,,,,,6.49,30.0,0.0,8.5,2.8,20.0,61,hitl
353,2026-05-04 22:15,supplier_1,supplier,0,566.12,,,,,,,,,,,,,61,hitl
353,2026-05-04 22:15,farm_1,farm,1,,651.0,0.035,,,,,,,,,,,61,hitl
353,2026-05-04 22:15,slaughterhouse_1,slaughterhouse,1,,,,175.0,400.0,,,,,,,,,61,hitl
353,2026-05-04 22:15,wholesaler_1,wholesaler,1,,,,,,4.32,7.055,,,,,,,61,hitl
353,2026-05-04 22:15,retail_1,retail,1,,,,,,,,5.8,30.0,0.0,8.75,2.8,20.0,61,hitl
354,2026-05-04 22:30,supplier_1,supplier,0,565.11,,,,,,,,,,,,,61,hitl
354,2026-05-04 22:30,farm_1,farm,1,,651.0,0.035,,,,,,,,,,,61,hitl
354,2026-05-04 22:30,slaughterhouse_1,slaughterhouse,1,,,,175.0,400.0,,,,,,,,,61,hitl
354,2026-05-04 22:30,wholesaler_1,wholesaler,1,,,,,,2.11,7.055,,,,,,,61,hitl
354,2026-05-04 22:30,retail_1,retail,1,,,,,,,,5.16,30.0,0.0,9.0,2.8,20.0,61,hitl
355,2026-05-04 22:45,supplier_1,supplier,0,564.52,,,,,,,,,,,,,61,hitl
355,2026-05-04 22:45,farm_1,farm,1,,651.0,0.035,,,,,,,,,,,61,hitl
355,2026-05-04 22:45,slaughterhouse_1,slaughterhouse,1,,,,175.0,400.0,,,,,,,,,61,hitl
355,2026-05-04 22:45,wholesaler_1,wholesaler,1,,,,,,0.0,7.055,,,,,,,61,hitl
355,2026-05-04 22:45,retail_1,retail,1,,,,,,,,4.41,30.0,0.0,9.25,2.8,20.0,61,hitl
356,2026-05-04 23:00,supplier_1,supplier,0,563.82,,,,,,,,,,,,,61,hitl
356,2026-05-04 23:00,farm_1,farm,1,,651.0,0.035,,,,,,,,,,,61,hitl
356,2026-05-04 23:00,slaughterhouse_1,slaughterhouse,1,,,,175.0,400.0,,,,,,,,,61,hitl
356,2026-05-04 23:00,wholesaler_1,wholesaler,1,,,,,,0.0,7.055,,,,,,,61,hitl
356,2026-05-04 23:00,retail_1,retail,1,,,,,,,,3.75,30.0,0.0,9.5,2.8,20.0,61,hitl
357,2026-05-04 23:15,supplier_1,supplier,0,562.53,,,,,,,,,,,,,61,hitl
357,2026-05-04 23:15,farm_1,farm,1,,651.0,0.035,,,,,,,,,,,61,hitl
357,2026-05-04 23:15,slaughterhouse_1,slaughterhouse,1,,,,175.0,400.0,,,,,,,,,61,hitl
357,2026-05-04 23:15,wholesaler_1,wholesaler,1,,,,,,0.0,7.055,,,,,,,61,hitl
357,2026-05-04 23:15,retail_1,retail,1,,,,,,,,3.09,30.0,0.0,9.75,2.8,20.0,61,hitl
358,2026-05-04 23:30,supplier_1,supplier,0,562.03,,,,,,,,,,,,,61,hitl
358,2026-05-04 23:30,farm_1,farm,1,,651.0,0.035,,,,,,,,,,,61,hitl
358,2026-05-04 23:30,slaughterhouse_1,slaughterhouse,1,,,,175.0,400.0,,,,,,,,,61,hitl
358,2026-05-04 23:30,wholesaler_1,wholesaler,1,,,,,,0.0,7.055,,,,,,,61,hitl
358,2026-05-04 23:30,retail_1,retail,1,,,,,,,,2.46,30.0,0.0,10.0,2.8,20.0,61,hitl
359,2026-05-04 23:45,supplier_1,supplier,0,561.43,,,,,,,,,,,,,61,hitl
359,2026-05-04 23:45,farm_1,farm,1,,651.0,0.035,,,,,,,,,,,61,hitl
359,2026-05-04 23:45,slaughterhouse_1,slaughterhouse,1,,,,175.0,400.0,,,,,,,,,61,hitl
359,2026-05-04 23:45,wholesaler_1,wholesaler,1,,,,,,0.0,7.055,,,,,,,61,hitl
359,2026-05-04 23:45,retail_1,retail,1,,,,,,,,1.71,30.0,0.0,10.25,2.8,20.0,61,hitl
360,2026-05-05 00:00,supplier_1,supplier,0,560.6,,,,,,,,,,,,,61,hitl
360,2026-05-05 00:00,farm_1,farm,0,,651.0,0.035,,,,,,,,,,,61,hitl
360,2026-05-05 00:00,slaughterhouse_1,slaughterhouse,1,,,,175.0,395.68,,,,,,,,,61,hitl
360,2026-05-05 00:00,wholesaler_1,wholesaler,1,,,,,,0.0,3.5275,,,,,,,61,hitl
360,2026-05-05 00:00,retail_1,retail,1,,,,,,,,1.02,33.0,0.0,10.5,2.8,50.0,61,hitl
361,2026-05-05 00:15,supplier_1,supplier,0,559.31,,,,,,,,,,,,,61,hitl
361,2026-05-05 00:15,farm_1,farm,0,,651.0,0.035,,,,,,,,,,,61,hitl
361,2026-05-05 00:15,slaughterhouse_1,slaughterhouse,1,,,,175.0,400.0,,,,,,,,,61,hitl
361,2026-05-05 00:15,wholesaler_1,wholesaler,1,,,,,,4.32,3.5275,,,,,,,61,hitl
361,2026-05-05 00:15,retail_1,retail,1,,,,,,,,0.35,33.0,0.0,10.75,2.8,50.0,61,hitl
362,2026-05-05 00:30,supplier_1,supplier,0,557.86,,,,,,,,,,,,,61,hitl
362,2026-05-05 00:30,farm_1,farm,0,,651.0,0.035,,,,,,,,,,,61,hitl
362,2026-05-05 00:30,slaughterhouse_1,slaughterhouse,1,,,,175.0,400.0,,,,,,,,,61,hitl
362,2026-05-05 00:30,wholesaler_1,wholesaler,1,,,,,,2.53,3.5275,,,,,,,61,hitl
362,2026-05-05 00:30,retail_1,retail,1,,,,,,,,0.0,33.0,1.0,11.0,2.8,50.0,61,hitl
363,2026-05-05 00:45,supplier_1,supplier,0,557.25,,,,,,,,,,,,,61,hitl
363,2026-05-05 00:45,farm_1,farm,0,,651.0,0.035,,,,,,,,,,,61,hitl
363,2026-05-05 00:45,slaughterhouse_1,slaughterhouse,1,,,,175.0,400.0,,,,,,,,,61,hitl
363,2026-05-05 00:45,wholesaler_1,wholesaler,1,,,,,,0.04,3.5275,,,,,,,61,hitl
363,2026-05-05 00:45,retail_1,retail,1,,,,,,,,0.0,33.0,1.0,11.25,2.8,50.0,61,hitl
364,2026-05-05 01:00,supplier_1,supplier,0,556.21,,,,,,,,,,,,,61,hitl
364,2026-05-05 01:00,farm_1,farm,0,,651.0,0.035,,,,,,,,,,,61,hitl
364,2026-05-05 01:00,slaughterhouse_1,slaughterhouse,0,,,,372.0,223.07,,,,,,,,,61,hitl
364,2026-05-05 01:00,wholesaler_1,wholesaler,1,,,,,,0.0,3.5275,,,,,,,61,hitl
364,2026-05-05 01:00,retail_1,retail,1,,,,,,,,0.0,33.0,1.0,11.5,2.8,50.0,61,hitl
365,2026-05-05 01:15,supplier_1,supplier,0,555.23,,,,,,,,,,,,,61,hitl
365,2026-05-05 01:15,farm_1,farm,0,,651.0,0.035,,,,,,,,,,,61,hitl
365,2026-05-05 01:15,slaughterhouse_1,slaughterhouse,0,,,,372.0,233.42,,,,,,,,,61,hitl
365,2026-05-05 01:15,wholesaler_1,wholesaler,1,,,,,,0.0,3.5275,,,,,,,61,hitl
365,2026-05-05 01:15,retail_1,retail,1,,,,,,,,0.0,33.0,1.0,11.75,2.8,50.0,61,hitl
366,2026-05-05 01:30,supplier_1,supplier,0,553.97,,,,,,,,,,,,,61,hitl
366,2026-05-05 01:30,farm_1,farm,0,,651.0,0.035,,,,,,,,,,,61,hitl
366,2026-05-05 01:30,slaughterhouse_1,slaughterhouse,0,,,,372.0,244.23,,,,,,,,,61,hitl
366,2026-05-05 01:30,wholesaler_1,wholesaler,1,,,,,,0.0,3.5275,,,,,,,61,hitl
366,2026-05-05 01:30,retail_1,retail,1,,,,,,,,0.0,33.0,1.0,12.0,2.8,50.0,61,hitl
367,2026-05-05 01:45,supplier_1,supplier,0,552.53,,,,,,,,,,,,,61,hitl
367,2026-05-05 01:45,farm_1,farm,0,,651.0,0.035,,,,,,,,,,,61,hitl
367,2026-05-05 01:45,slaughterhouse_1,slaughterhouse,0,,,,372.0,254.04,,,,,,,,,61,hitl
367,2026-05-05 01:45,wholesaler_1,wholesaler,1,,,,,,0.0,3.5275,,,,,,,61,hitl
367,2026-05-05 01:45,retail_1,retail,1,,,,,,,,0.0,33.0,1.0,12.25,2.8,50.0,61,hitl
368,2026-05-05 02:00,supplier_1,supplier,0,551.46,,,,,,,,,,,,,61,hitl
368,2026-05-05 02:00,farm_1,farm,0,,651.0,0.035,,,,,,,,,,,61,hitl
368,2026-05-05 02:00,slaughterhouse_1,slaughterhouse,0,,,,372.0,240.38,,,,,,,,,61,hitl
368,2026-05-05 02:00,wholesaler_1,wholesaler,1,,,,,,0.0,3.5275,,,,,,,61,hitl
368,2026-05-05 02:00,retail_1,retail,1,,,,,,,,0.0,33.0,1.0,12.5,2.8,50.0,61,hitl
369,2026-05-05 02:15,supplier_1,supplier,0,550.22,,,,,,,,,,,,,61,hitl
369,2026-05-05 02:15,farm_1,farm,0,,651.0,0.035,,,,,,,,,,,61,hitl
369,2026-05-05 02:15,slaughterhouse_1,slaughterhouse,0,,,,372.0,251.32,,,,,,,,,61,hitl
369,2026-05-05 02:15,wholesaler_1,wholesaler,1,,,,,,24.0,3.5275,,,,,,,61,hitl
369,2026-05-05 02:15,retail_1,retail,1,,,,,,,,0.0,33.0,1.0,12.75,2.8,50.0,61,hitl
370,2026-05-05 02:30,supplier_1,supplier,0,549.34,,,,,,,,,,,,,61,hitl
370,2026-05-05 02:30,farm_1,farm,0,,651.0,0.035,,,,,,,,,,,61,hitl
370,2026-05-05 02:30,slaughterhouse_1,slaughterhouse,0,,,,372.0,261.26,,,,,,,,,61,hitl
370,2026-05-05 02:30,wholesaler_1,wholesaler,1,,,,,,21.57,3.5275,,,,,,,61,hitl
370,2026-05-05 02:30,retail_1,retail,1,,,,,,,,0.0,33.0,1.0,13.0,2.8,50.0,61,hitl
371,2026-05-05 02:45,supplier_1,supplier,0,547.89,,,,,,,,,,,,,61,hitl
371,2026-05-05 02:45,farm_1,farm,0,,651.0,0.035,,,,,,,,,,,61,hitl
371,2026-05-05 02:45,slaughterhouse_1,slaughterhouse,0,,,,372.0,272.38,,,,,,,,,61,hitl
371,2026-05-05 02:45,wholesaler_1,wholesaler,1,,,,,,18.65,3.5275,,,,,,,61,hitl
371,2026-05-05 02:45,retail_1,retail,1,,,,,,,,0.0,33.0,1.0,13.25,2.8,50.0,61,hitl
372,2026-05-05 03:00,supplier_1,supplier,0,546.55,,,,,,,,,,,,,61,hitl
372,2026-05-05 03:00,farm_1,farm,0,,651.0,0.035,,,,,,,,,,,61,hitl
372,2026-05-05 03:00,slaughterhouse_1,slaughterhouse,0,,,,372.0,282.54,,,,,,,,,61,hitl
372,2026-05-05 03:00,wholesaler_1,wholesaler,1,,,,,,16.71,3.5275,,,,,,,61,hitl
372,2026-05-05 03:00,retail_1,retail,1,,,,,,,,0.0,33.0,1.0,13.5,2.8,50.0,61,hitl
373,2026-05-05 03:15,supplier_1,supplier,0,545.79,,,,,,,,,,,,,61,hitl
373,2026-05-05 03:15,farm_1,farm,0,,651.0,0.035,,,,,,,,,,,61,hitl
373,2026-05-05 03:15,slaughterhouse_1,slaughterhouse,0,,,,372.0,292.21,,,,,,,,,61,hitl
373,2026-05-05 03:15,wholesaler_1,wholesaler,1,,,,,,13.74,3.5275,,,,,,,61,hitl
373,2026-05-05 03:15,retail_1,retail,1,,,,,,,,0.0,33.0,1.0,13.75,2.8,50.0,61,hitl
374,2026-05-05 03:30,supplier_1,supplier,0,544.92,,,,,,,,,,,,,61,hitl
374,2026-05-05 03:30,farm_1,farm,0,,651.0,0.035,,,,,,,,,,,61,hitl
374,2026-05-05 03:30,slaughterhouse_1,slaughterhouse,0,,,,372.0,303.36,,,,,,,,,61,hitl
374,2026-05-05 03:30,wholesaler_1,wholesaler,1,,,,,,11.43,3.5275,,,,,,,61,hitl
374,2026-05-05 03:30,retail_1,retail,1,,,,,,,,0.0,33.0,1.0,14.0,2.8,50.0,61,hitl
375,2026-05-05 03:45,supplier_1,supplier,0,543.9,,,,,,,,,,,,,61,hitl
375,2026-05-05 03:45,farm_1,farm,0,,651.0,0.035,,,,,,,,,,,61,hitl
375,2026-05-05 03:45,slaughterhouse_1,slaughterhouse,0,,,,372.0,314.14,,,,,,,,,61,hitl
375,2026-05-05 03:45,wholesaler_1,wholesaler,1,,,,,,8.49,3.5275,,,,,,,61,hitl
375,2026-05-05 03:45,retail_1,retail,1,,,,,,,,0.0,33.0,1.0,14.25,2.8,50.0,61,hitl
376,2026-05-05 04:00,supplier_1,supplier,0,542.55,,,,,,,,,,,,,61,hitl
376,2026-05-05 04:00,farm_1,farm,0,,651.0,0.035,,,,,,,,,,,61,hitl
376,2026-05-05 04:00,slaughterhouse_1,slaughterhouse,0,,,,372.0,299.81,,,,,,,,,61,hitl
376,2026-05-05 04:00,wholesaler_1,wholesaler,1,,,,,,5.79,3.5275,,,,,,,61,hitl
376,2026-05-05 04:00,retail_1,retail,1,,,,,,,,0.0,33.0,1.0,14.5,2.8,50.0,61,hitl
377,2026-05-05 04:15,supplier_1,supplier,0,541.56,,,,,,,,,,,,,61,hitl
377,2026-05-05 04:15,farm_1,farm,0,,651.0,0.035,,,,,,,,,,,61,hitl
377,2026-05-05 04:15,slaughterhouse_1,slaughterhouse,0,,,,372.0,309.84,,,,,,,,,61,hitl
377,2026-05-05 04:15,wholesaler_1,wholesaler,1,,,,,,27.73,3.5275,,,,,,,61,hitl
377,2026-05-05 04:15,retail_1,retail,1,,,,,,,,0.0,33.0,1.0,14.75,2.8,50.0,61,hitl
378,2026-05-05 04:30,supplier_1,supplier,0,540.42,,,,,,,,,,,,,61,hitl
378,2026-05-05 04:30,farm_1,farm,0,,651.0,0.035,,,,,,,,,,,61,hitl
378,2026-05-05 04:30,slaughterhouse_1,slaughterhouse,0,,,,372.0,319.78,,,,,,,,,61,hitl
378,2026-05-05 04:30,wholesaler_1,wholesaler,1,,,,,,25.09,3.5275,,,,,,,61,hitl
378,2026-05-05 04:30,retail_1,retail,1,,,,,,,,0.0,33.0,1.0,15.0,2.8,50.0,61,hitl
379,2026-05-05 04:45,supplier_1,supplier,0,539.14,,,,,,,,,,,,,61,hitl
379,2026-05-05 04:45,farm_1,farm,0,,651.0,0.035,,,,,,,,,,,61,hitl
379,2026-05-05 04:45,slaughterhouse_1,slaughterhouse,0,,,,372.0,330.88,,,,,,,,,61,hitl
379,2026-05-05 04:45,wholesaler_1,wholesaler,1,,,,,,22.61,3.5275,,,,,,,61,hitl
379,2026-05-05 04:45,retail_1,retail,1,,,,,,,,0.0,33.0,1.0,15.25,2.8,50.0,61,hitl
380,2026-05-05 05:00,supplier_1,supplier,0,538.47,,,,,,,,,,,,,61,hitl
380,2026-05-05 05:00,farm_1,farm,0,,651.0,0.035,,,,,,,,,,,61,hitl
380,2026-05-05 05:00,slaughterhouse_1,slaughterhouse,0,,,,372.0,341.96,,,,,,,,,61,hitl
380,2026-05-05 05:00,wholesaler_1,wholesaler,1,,,,,,20.28,3.5275,,,,,,,61,hitl
380,2026-05-05 05:00,retail_1,retail,1,,,,,,,,0.0,33.0,1.0,15.5,2.8,50.0,61,hitl
381,2026-05-05 05:15,supplier_1,supplier,0,537.24,,,,,,,,,,,,,61,hitl
381,2026-05-05 05:15,farm_1,farm,0,,651.0,0.035,,,,,,,,,,,61,hitl
381,2026-05-05 05:15,slaughterhouse_1,slaughterhouse,0,,,,372.0,351.51,,,,,,,,,61,hitl
381,2026-05-05 05:15,wholesaler_1,wholesaler,1,,,,,,18.24,3.5275,,,,,,,61,hitl
381,2026-05-05 05:15,retail_1,retail,1,,,,,,,,0.0,33.0,1.0,15.75,2.8,50.0,61,hitl
382,2026-05-05 05:30,supplier_1,supplier,0,535.75,,,,,,,,,,,,,61,hitl
382,2026-05-05 05:30,farm_1,farm,0,,651.0,0.035,,,,,,,,,,,61,hitl
382,2026-05-05 05:30,slaughterhouse_1,slaughterhouse,0,,,,372.0,362.54,,,,,,,,,61,hitl
382,2026-05-05 05:30,wholesaler_1,wholesaler,1,,,,,,15.98,3.5275,,,,,,,61,hitl
382,2026-05-05 05:30,retail_1,retail,1,,,,,,,,0.0,33.0,1.0,16.0,2.8,50.0,61,hitl
383,2026-05-05 05:45,supplier_1,supplier,0,535.0,,,,,,,,,,,,,61,hitl
383,2026-05-05 05:45,farm_1,farm,0,,651.0,0.035,,,,,,,,,,,61,hitl
383,2026-05-05 05:45,slaughterhouse_1,slaughterhouse,0,,,,372.0,373.6,,,,,,,,,61,hitl
383,2026-05-05 05:45,wholesaler_1,wholesaler,1,,,,,,14.06,3.5275,,,,,,,61,hitl
383,2026-05-05 05:45,retail_1,retail,1,,,,,,,,0.0,33.0,1.0,16.25,2.8,50.0,61,hitl
