tick,timestamp,node_id,node_type,disrupted,available_supply,production_capacity,mortality_rate,processing_capacity,output_stock,inventory_level,pending_shipments,retail_inventory,safety_stock,stockout_flag,shortage_duration,sales_rate,reorder_request,scenario_id,mode
0,2026-04-13 06:00,supplier_1,supplier,0,885.0,,,,,,,,,,,,,52,hitl
0,2026-04-13 06:00,farm_1,farm,0,,752.0,0.0197,,,,,,,,,,,52,hitl
0,2026-04-13 06:00,slaughterhouse_1,slaughterhouse,0,,,,493.0,334.24,,,,,,,,,52,hitl
0,2026-04-13 06:00,wholesaler_1,wholesaler,0,,,,,,157.11,8.3,,,,,,,52,hitl
0,2026-04-13 06:00,retail_1,retail,0,,,,,,,,80.81,30.0,0.0,0.0,11.61,0.0,52,hitl
1,2026-04-13 06:15,supplier_1,supplier,0,883.6,,,,,,,,,,,,,52,hitl
1,2026-04-13 06:15,farm_1,farm,0,,752.0,0.0197,,,,,,,,,,,52,hitl
1,2026-04-13 06:15,slaughterhouse_1,slaughterhouse,0,,,,493.0,346.83,,,,,,,,,52,hitl
1,2026-04-13 06:15,wholesaler_1,wholesaler,0,,,,,,178.19,8.3,,,,,,,52,hitl
1,2026-04-13 06:15,retail_1,retail,0,,,,,,,,85.73,30.0,0.0,0.0,11.61,0.0,52,hitl
2,2026-04-13 06:30,supplier_1,supplier,0,882.5,,,,,,,,,,,,,52,hitl
2,2026-04-13 06:30,farm_1,farm,0,,752.0,0.0197,,,,,,,,,,,52,hitl
2,2026-04-13 06:30,slaughterhouse_1,slaughterhouse,0,,,,493.0,361.6,,,,,,,,,52,hitl
2,2026-04-13 06:30,wholesaler_1,wholesaler,0,,,,,,176.05,8.3,,,,,,,52,hitl
2,2026-04-13 06:30,retail_1,retail,0,,,,,,,,82.66,30.0,0.0,0.0,11.61,0.0,52,hitl
3,2026-04-13 06:45,supplier_1,supplier,0,881.72,,,,,,,,,,,,,52,hitl
3,2026-04-13 06:45,farm_1,farm,0,,752.0,0.0197,,,,,,,,,,,52,hitl
3,2026-04-13 06:45,slaughterhouse_1,slaughterhouse,0,,,,493.0,374.48,,,,,,,,,52,hitl
3,2026-04-13 06:45,wholesaler_1,wholesaler,0,,,,,,173.5,8.3,,,,,,,52,hitl
3,2026-04-13 06:45,retail_1,retail,0,,,,,,,,79.86,30.0,0.0,0.0,11.61,0.0,52,hitl
4,2026-04-13 07:00,supplier_1,supplier,0,880.5,,,,,,,,,,,,,52,hitl
4,2026-04-13 07:00,farm_1,farm,0,,752.0,0.0197,,,,,,,,,,,52,hitl
4,2026-04-13 07:00,slaughterhouse_1,slaughterhouse,0,,,,493.0,388.26,,,,,,,,,52,hitl
4,2026-04-13 07:00,wholesaler_1,wholesaler,0,,,,,,163.25,8.3,,,,,,,52,hitl
4,2026-04-13 07:00,retail_1,retail,0,,,,,,,,76.71,30.0,0.0,0.0,11.61,0.0,52,hitl
5,2026-04-13 07:15,supplier_1,supplier,0,879.95,,,,,,,,,,,,,52,hitl
5,2026-04-13 07:15,farm_1,farm,0,,752.0,0.0197,,,,,,,,,,,52,hitl
5,2026-04-13 07:15,slaughterhouse_1,slaughterhouse,0,,,,493.0,400.0,,,,,,,,,52,hitl
5,2026-04-13 07:15,wholesaler_1,wholesaler,0,,,,,,161.37,8.3,,,,,,,52,hitl
5,2026-04-13 07:15,retail_1,retail,0,,,,,,,,81.72,30.0,0.0,0.0,11.61,0.0,52,hitl
6,2026-04-13 07:30,supplier_1,supplier,0,878.58,,,,,,,,,,,,,52,hitl
6,2026-04-13 07:30,farm_1,farm,0,,752.0,0.0197,,,,,,,,,,,52,hitl
6,2026-04-13 07:30,slaughterhouse_1,slaughterhouse,0,,,,493.0,400.0,,,,,,,,,52,hitl
6,2026-04-13 07:30,wholesaler_1,wholesaler,0,,,,,,159.38,8.3,,,,,,,52,hitl
6,2026-04-13 07:30,retail_1,retail,0,,,,,,,,78.59,30.0,0.0,0.0,11.61,0.0,52,hitl
7,2026-04-13 07:45,supplier_1,supplier,0,877.54,,,,,,,,,,,,,52,hitl
7,2026-04-13 07:45,farm_1,farm,0,,752.0,0.0197,,,,,,,,,,,52,hitl
7,2026-04-13 07:45,slaughterhouse_1,slaughterhouse,0,,,,493.0,400.0,,,,,,,,,52,hitl
7,2026-04-13 07:45,wholesaler_1,wholesaler,0,,,,,,157.72,8.3,,,,,,,52,hitl
7,2026-04-13 07:45,retail_1,retail,0,,,,,,,,76.01,30.0,0.0,0.0,11.61,0.0,52,hitl
8,2026-04-13 08:00,supplier_1,supplier,0,876.38,,,,,,,,,,,,,52,hitl
8,2026-04-13 08:00,farm_1,farm,0,,752.0,0.0197,,,,,,,,,,,52,hitl
8,2026-04-13 08:00,slaughterhouse_1,slaughterhouse,0,,,,493.0,376.0,,,,,,,,,52,hitl
8,2026-04-13 08:00,wholesaler_1,wholesaler,0,,,,,,147.04,8.3,,,,,,,52,hitl
8,2026-04-13 08:00,retail_1,retail,0,,,,,,,,72.94,30.0,0.0,0.0,11.61,0.0,52,hitl
9,2026-04-13 08:15,supplier_1,supplier,0,875.47,,,,,,,,,,,,,52,hitl
9,2026-04-13 08:15,farm_1,farm,0,,752.0,0.0197,,,,,,,,,,,52,hitl
9,2026-04-13 08:15,slaughterhouse_1,slaughterhouse,0,,,,493.0,389.24,,,,,,,,,52,hitl
9,2026-04-13 08:15,wholesaler_1,wholesaler,0,,,,,,168.64,8.3,,,,,,,52,hitl
9,2026-04-13 08:15,retail_1,retail,0,,,,,,,,77.73,30.0,0.0,0.0,11.61,0.0,52,hitl
10,2026-04-13 08:30,supplier_1,supplier,0,874.65,,,,,,,,,,,,,52,hitl
10,2026-04-13 08:30,farm_1,farm,0,,752.0,0.0197,,,,,,,,,,,52,hitl
10,2026-04-13 08:30,slaughterhouse_1,slaughterhouse,0,,,,493.0,400.0,,,,,,,,,52,hitl
10,2026-04-13 08:30,wholesaler_1,wholesaler,0,,,,,,166.09,8.3,,,,,,,52,hitl
10,2026-04-13 08:30,retail_1,retail,0,,,,,,,,74.87,30.0,0.0,0.0,11.61,0.0,52,hitl
11,2026-04-13 08:45,supplier_1,supplier,0,873.86,,,,,,,,,,,,,52,hitl
11,2026-04-13 08:45,farm_1,farm,0,,752.0,0.0197,,,,,,,,,,,52,hitl
11,2026-04-13 08:45,slaughterhouse_1,slaughterhouse,0,,,,493.0,400.0,,,,,,,,,52,hitl
11,2026-04-13 08:45,wholesaler_1,wholesaler,0,,,,,,163.12,8.3,,,,,,,52,hitl
11,2026-04-13 08:45,retail_1,retail,0,,,,,,,,71.74,30.0,0.0,0.0,11.61,0.0,52,hitl
12,2026-04-13 09:00,supplier_1,supplier,0,872.77,,,,,,,,,,,,,52,hitl
12,2026-04-13 09:00,farm_1,farm,0,,752.0,0.0197,,,,,,,,,,,52,hitl
12,2026-04-13 09:00,slaughterhouse_1,slaughterhouse,0,,,,493.0,400.0,,,,,,,,,52,hitl
12,2026-04-13 09:00,wholesaler_1,wholesaler,0,,,,,,152.38,8.3,,,,,,,52,hitl
12,2026-04-13 09:00,retail_1,retail,0,,,,,,,,68.6,30.0,0.0,0.0,11.61,0.0,52,hitl
13,2026-04-13 09:15,supplier_1,supplier,0,871.59,,,,,,,,,,,,,52,hitl
13,2026-04-13 09:15,farm_1,farm,0,,752.0,0.0197,,,,,,,,,,,52,hitl
13,2026-04-13 09:15,slaughterhouse_1,slaughterhouse,0,,,,493.0,400.0,,,,,,,,,52,hitl
13,2026-04-13 09:15,wholesaler_1,wholesaler,0,,,,,,150.47,8.3,,,,,,,52,hitl
13,2026-04-13 09:15,retail_1,retail,0,,,,,,,,73.72,30.0,0.0,0.0,11.61,0.0,52,hitl
14,2026-04-13 09:30,supplier_1,supplier,0,870.76,,,,,,,,,,,,,52,hitl
14,2026-04-13 09:30,farm_1,farm,0,,752.0,0.0197,,,,,,,,,,,52,hitl
14,2026-04-13 09:30,slaughterhouse_1,slaughterhouse,0,,,,493.0,400.0,,,,,,,,,52,hitl
14,2026-04-13 09:30,wholesaler_1,wholesaler,0,,,,,,147.61,8.3,,,,,,,52,hitl
14,2026-04-13 09:30,retail_1,retail,0,,,,,,,,70.9,30.0,0.0,0.0,11.61,0.0,52,hitl
15,2026-04-13 09:45,supplier_1,supplier,0,869.42,,,,,,,,,,,,,52,hitl
15,2026-04-13 09:45,farm_1,farm,0,,752.0,0.0197,,,,,,,,,,,52,hitl
15,2026-04-13 09:45,slaughterhouse_1,slaughterhouse,0,,,,493.0,400.0,,,,,,,,,52,hitl
15,2026-04-13 09:45,wholesaler_1,wholesaler,0,,,,,,146.0,8.3,,,,,,,52,hitl
15,2026-04-13 09:45,retail_1,retail,0,,,,,,,,68.28,30.0,0.0,0.0,11.61,0.0,52,hitl
16,2026-04-13 10:00,supplier_1,supplier,0,868.37,,,,,,,,,,,,,52,hitl
16,2026-04-13 10:00,farm_1,farm,0,,752.0,0.0197,,,,,,,,,,,52,hitl
16,2026-04-13 10:00,slaughterhouse_1,slaughterhouse,0,,,,493.0,376.0,,,,,,,,,52,hitl
16,2026-04-13 10:00,wholesaler_1,wholesaler,0,,,,,,136.46,8.3,,,,,,,52,hitl
16,2026-04-13 10:00,retail_1,retail,0,,,,,,,,65.29,30.0,0.0,0.0,11.61,0.0,52,hitl
17,2026-04-13 10:15,supplier_1,supplier,0,866.9,,,,,,,,,,,,,52,hitl
17,2026-04-13 10:15,farm_1,farm,0,,752.0,0.0197,,,,,,,,,,,52,hitl
17,2026-04-13 10:15,slaughterhouse_1,slaughterhouse,0,,,,493.0,389.12,,,,,,,,,52,hitl
17,2026-04-13 10:15,wholesaler_1,wholesaler,0,,,,,,157.62,8.3,,,,,,,52,hitl
17,2026-04-13 10:15,retail_1,retail,0,,,,,,,,70.05,30.0,0.0,0.0,11.61,0.0,52,hitl
18,2026-04-13 10:30,supplier_1,supplier,0,865.64,,,,,,,,,,,,,52,hitl
18,2026-04-13 10:30,farm_1,farm,0,,752.0,0.0197,,,,,,,,,,,52,hitl
18,2026-04-13 10:30,slaughterhouse_1,slaughterhouse,0,,,,493.0,400.0,,,,,,,,,52,hitl
18,2026-04-13 10:30,wholesaler_1,wholesaler,0,,,,,,155.95,8.3,,,,,,,52,hitl
18,2026-04-13 10:30,retail_1,retail,0,,,,,,,,67.13,30.0,0.0,0.0,11.61,0.0,52,hitl
19,2026-04-13 10:45,supplier_1,supplier,0,864.92,,,,,,,,,,,,,52,hitl
19,2026-04-13 10:45,farm_1,farm,0,,752.0,0.0197,,,,,,,,,,,52,hitl
19,2026-04-13 10:45,slaughterhouse_1,slaughterhouse,0,,,,493.0,400.0,,,,,,,,,52,hitl
19,2026-04-13 10:45,wholesaler_1,wholesaler,0,,,,,,153.47,8.3,,,,,,,52,hitl
19,2026-04-13 10:45,retail_1,retail,0,,,,,,,,64.01,30.0,0.0,0.0,11.61,0.0,52,hitl
20,2026-04-13 11:00,supplier_1,supplier,0,864.12,,,,,,,,,,,,,52,hitl
20,2026-04-13 11:00,farm_1,farm,0,,752.0,0.0197,,,,,,,,,,,52,hitl
20,2026-04-13 11:00,slaughterhouse_1,slaughterhouse,0,,,,493.0,400.0,,,,,,,,,52,hitl
20,2026-04-13 11:00,wholesaler_1,wholesaler,0,,,,,,143.1,8.3,,,,,,,52,hitl
20,2026-04-13 11:00,retail_1,retail,0,,,,,,,,61.43,30.0,0.0,0.0,11.61,0.0,52,hitl
21,2026-04-13 11:15,supplier_1,supplier,0,863.27,,,,,,,,,,,,,52,hitl
21,2026-04-13 11:15,farm_1,farm,0,,752.0,0.0197,,,,,,,,,,,52,hitl
21,2026-04-13 11:15,slaughterhouse_1,slaughterhouse,0,,,,493.0,400.0,,,,,,,,,52,hitl
21,2026-04-13 11:15,wholesaler_1,wholesaler,0,,,,,,141.3,8.3,,,,,,,52,hitl
21,2026-04-13 11:15,retail_1,retail,0,,,,,,,,66.65,30.0,0.0,0.0,11.61,0.0,52,hitl
22,2026-04-13 11:30,supplier_1,supplier,0,862.03,,,,,,,,,,,,,52,hitl
22,2026-04-13 11:30,farm_1,farm,0,,752.0,0.0197,,,,,,,,,,,52,hitl
22,2026-04-13 11:30,slaughterhouse_1,slaughterhouse,0,,,,493.0,400.0,,,,,,,,,52,hitl
22,2026-04-13 11:30,wholesaler_1,wholesaler,0,,,,,,139.75,8.3,,,,,,,52,hitl
22,2026-04-13 11:30,retail_1,retail,0,,,,,,,,63.71,30.0,0.0,0.0,11.61,0.0,52,hitl
23,2026-04-13 11:45,supplier_1,supplier,0,861.44,,,,,,,,,,,,,52,hitl
23,2026-04-13 11:45,farm_1,farm,0,,752.0,0.0197,,,,,,,,,,,52,hitl
23,2026-04-13 11:45,slaughterhouse_1,slaughterhouse,0,,,,493.0,400.0,,,,,,,,,52,hitl
23,2026-04-13 11:45,wholesaler_1,wholesaler,0,,,,,,137.86,8.3,,,,,,,52,hitl
23,2026-04-13 11:45,retail_1,retail,0,,,,,,,,60.59,30.0,0.0,0.0,11.61,0.0,52,hitl
24,2026-04-13 12:00,supplier_1,supplier,0,860.52,,,,,,,,,,,,,52,hitl
24,2026-04-13 12:00,farm_1,farm,0,,752.0,0.0197,,,,,,,,,,,52,hitl
24,2026-04-13 12:00,slaughterhouse_1,slaughterhouse,0,,,,493.0,376.0,,,,,,,,,52,hitl
24,2026-04-13 12:00,wholesaler_1,wholesaler,0,,,,,,127.56,8.3,,,,,,,52,hitl
24,2026-04-13 12:00,retail_1,retail,0,,,,,,,,57.42,30.0,0.0,0.0,11.61,0.0,52,hitl
25,2026-04-13 12:15,supplier_1,supplier,0,859.21,,,,,,,,,,,,,52,hitl
25,2026-04-13 12:15,farm_1,farm,0,,752.0,0.0197,,,,,,,,,,,52,hitl
25,2026-04-13 12:15,slaughterhouse_1,slaughterhouse,0,,,,493.0,389.95,,,,,,,,,52,hitl
25,2026-04-13 12:15,wholesaler_1,wholesaler,0,,,,,,148.57,8.3,,,,,,,52,hitl
25,2026-04-13 12:15,retail_1,retail,0,,,,,,,,62.66,30.0,0.0,0.0,11.61,0.0,52,hitl
26,2026-04-13 12:30,supplier_1,supplier,0,858.59,,,,,,,,,,,,,52,hitl
26,2026-04-13 12:30,farm_1,farm,0,,752.0,0.0197,,,,,,,,,,,52,hitl
26,2026-04-13 12:30,slaughterhouse_1,slaughterhouse,0,,,,493.0,400.0,,,,,,,,,52,hitl
26,2026-04-13 12:30,wholesaler_1,wholesaler,0,,,,,,145.63,8.3,,,,,,,52,hitl
26,2026-04-13 12:30,retail_1,retail,0,,,,,,,,59.41,30.0,0.0,0.0,11.61,0.0,52,hitl
27,2026-04-13 12:45,supplier_1,supplier,0,857.47,,,,,,,,,,,,,52,hitl
27,2026-04-13 12:45,farm_1,farm,0,,752.0,0.0197,,,,,,,,,,,52,hitl
27,2026-04-13 12:45,slaughterhouse_1,slaughterhouse,0,,,,493.0,400.0,,,,,,,,,52,hitl
27,2026-04-13 12:45,wholesaler_1,wholesaler,0,,,,,,142.75,8.3,,,,,,,52,hitl
27,2026-04-13 12:45,retail_1,retail,0,,,,,,,,56.82,30.0,0.0,0.0,11.61,0.0,52,hitl
28,2026-04-13 13:00,supplier_1,supplier,0,856.51,,,,,,,,,,,,,52,hitl
28,2026-04-13 13:00,farm_1,farm,0,,752.0,0.0197,,,,,,,,,,,52,hitl
28,2026-04-13 13:00,slaughterhouse_1,slaughterhouse,0,,,,493.0,400.0,,,,,,,,,52,hitl
28,2026-04-13 13:00,wholesaler_1,wholesaler,0,,,,,,132.05,8.3,,,,,,,52,hitl
28,2026-04-13 13:00,retail_1,retail,0,,,,,,,,53.67,30.0,0.0,0.0,11.61,0.0,52,hitl
29,2026-04-13 13:15,supplier_1,supplier,0,855.2,,,,,,,,,,,,,52,hitl
29,2026-04-13 13:15,farm_1,farm,0,,752.0,0.0197,,,,,,,,,,,52,hitl
29,2026-04-13 13:15,slaughterhouse_1,slaughterhouse,0,,,,493.0,400.0,,,,,,,,,52,hitl
29,2026-04-13 13:15,wholesaler_1,wholesaler,0,,,,,,130.08,8.3,,,,,,,52,hitl
29,2026-04-13 13:15,retail_1,retail,0,,,,,,,,58.81,30.0,0.0,0.0,11.61,0.0,52,hitl
30,2026-04-13 13:30,supplier_1,supplier,0,854.1,,,,,,,,,,,,,52,hitl
30,2026-04-13 13:30,farm_1,farm,0,,752.0,0.0197,,,,,,,,,,,52,hitl
30,2026-04-13 13:30,slaughterhouse_1,slaughterhouse,0,,,,493.0,400.0,,,,,,,,,52,hitl
30,2026-04-13 13:30,wholesaler_1,wholesaler,0,,,,,,127.62,8.3,,,,,,,52,hitl
30,2026-04-13 13:30,retail_1,retail,0,,,,,,,,55.8,30.0,0.0,0.0,11.61,0.0,52,hitl
31,2026-04-13 13:45,supplier_1,supplier,0,853.22,,,,,,,,,,,,,52,hitl
31,2026-04-13 13:45,farm_1,farm,0,,752.0,0.0197,,,,,,,,,,,52,hitl
31,2026-04-13 13:45,slaughterhouse_1,slaughterhouse,0,,,,493.0,400.0,,,,,,,,,52,hitl
31,2026-04-13 13:45,wholesaler_1,wholesaler,0,,,,,,125.71,8.3,,,,,,,52,hitl
31,2026-04-13 13:45,retail_1,retail,0,,,,,,,,53.13,30.0,0.0,0.0,11.61,0.0,52,hitl
32,2026-04-13 14:00,supplier_1,supplier,0,852.6,,,,,,,,,,,,,52,hitl
32,2026-04-13 14:00,farm_1,farm,0,,752.0,0.0197,,,,,,,,,,,52,hitl
32,2026-04-13 14:00,slaughterhouse_1,slaughterhouse,0,,,,493.0,376.0,,,,,,,,,52,hitl
32,2026-04-13 14:00,wholesaler_1,wholesaler,0,,,,,,115.86,8.3,,,,,,,52,hitl
32,2026-04-13 14:00,retail_1,retail,0,,,,,,,,50.56,30.0,0.0,0.0,11.61,0.0,52,hitl
33,2026-04-13 14:15,supplier_1,supplier,0,851.54,,,,,,,,,,,,,52,hitl
33,2026-04-13 14:15,farm_1,farm,0,,752.0,0.0197,,,,,,,,,,,52,hitl
33,2026-04-13 14:15,slaughterhouse_1,slaughterhouse,0,,,,493.0,389.69,,,,,,,,,52,hitl
33,2026-04-13 14:15,wholesaler_1,wholesaler,0,,,,,,137.41,8.3,,,,,,,52,hitl
33,2026-04-13 14:15,retail_1,retail,0,,,,,,,,55.56,30.0,0.0,0.0,11.61,0.0,52,hitl
34,2026-04-13 14:30,supplier_1,supplier,0,850.3,,,,,,,,,,,,,52,hitl
34,2026-04-13 14:30,farm_1,farm,0,,752.0,0.0197,,,,,,,,,,,52,hitl
34,2026-04-13 14:30,slaughterhouse_1,slaughterhouse,0,,,,493.0,400.0,,,,,,,,,52,hitl
34,2026-04-13 14:30,wholesaler_1,wholesaler,0,,,,,,134.66,8.3,,,,,,,52,hitl
34,2026-04-13 14:30,retail_1,retail,0,,,,,,,,52.55,30.0,0.0,0.0,11.61,0.0,52,hitl
35,2026-04-13 14:45,supplier_1,supplier,0,848.88,,,,,,,,,,,,,52,hitl
35,2026-04-13 14:45,farm_1,farm,0,,752.0,0.0197,,,,,,,,,,,52,hitl
35,2026-04-13 14:45,slaughterhouse_1,slaughterhouse,0,,,,493.0,400.0,,,,,,,,,52,hitl
35,2026-04-13 14:45,wholesaler_1,wholesaler,0,,,,,,132.65,8.3,,,,,,,52,hitl
35,2026-04-13 14:45,retail_1,retail,0,,,,,,,,49.76,30.0,0.0,0.0,11.61,0.0,52,hitl
36,2026-04-13 15:00,supplier_1,supplier,0,847.41,,,,,,,,,,,,,52,hitl
36,2026-04-13 15:00,farm_1,farm,1,,752.0,0.0197,,,,,,,,,,,52,hitl
36,2026-04-13 15:00,slaughterhouse_1,slaughterhouse,0,,,,394.4,400.0,,,,,,,,,52,hitl
36,2026-04-13 15:00,wholesaler_1,wholesaler,0,,,,,,122.42,8.3,,,,,,,52,hitl
36,2026-04-13 15:00,retail_1,retail,0,,,,,,,,47.06,30.0,0.0,0.0,11.61,20.0,52,hitl
37,2026-04-13 15:15,supplier_1,supplier,0,846.58,,,,,,,,,,,,,52,hitl
37,2026-04-13 15:15,farm_1,farm,1,,752.0,0.0197,,,,,,,,,,,52,hitl
37,2026-04-13 15:15,slaughterhouse_1,slaughterhouse,0,,,,394.4,400.0,,,,,,,,,52,hitl
37,2026-04-13 15:15,wholesaler_1,wholesaler,0,,,,,,120.9,8.3,,,,,,,52,hitl
37,2026-04-13 15:15,retail_1,retail,0,,,,,,,,52.04,30.0,0.0,0.0,11.61,20.0,52,hitl
38,2026-04-13 15:30,supplier_1,supplier,0,845.43,,,,,,,,,,,,,52,hitl
38,2026-04-13 15:30,farm_1,farm,1,,752.0,0.0197,,,,,,,,,,,52,hitl
38,2026-04-13 15:30,slaughterhouse_1,slaughterhouse,0,,,,394.4,400.0,,,,,,,,,52,hitl
38,2026-04-13 15:30,wholesaler_1,wholesaler,0,,,,,,118.36,8.3,,,,,,,52,hitl
38,2026-04-13 15:30,retail_1,retail,0,,,,,,,,49.46,30.0,0.0,0.0,11.61,20.0,52,hitl
39,2026-04-13 15:45,supplier_1,supplier,0,844.33,,,,,,,,,,,,,52,hitl
39,2026-04-13 15:45,farm_1,farm,1,,752.0,0.0197,,,,,,,,,,,52,hitl
39,2026-04-13 15:45,slaughterhouse_1,slaughterhouse,0,,,,394.4,400.0,,,,,,,,,52,hitl
39,2026-04-13 15:45,wholesaler_1,wholesaler,0,,,,,,116.33,8.3,,,,,,,52,hitl
39,2026-04-13 15:45,retail_1,retail,0,,,,,,,,46.74,30.0,0.0,0.0,11.61,20.0,52,hitl
40,2026-04-13 16:00,supplier_1,supplier,0,843.41,,,,,,,,,,,,,52,hitl
40,2026-04-13 16:00,farm_1,farm,1,,752.0,0.0197,,,,,,,,,,,52,hitl
40,2026-04-13 16:00,slaughterhouse_1,slaughterhouse,0,,,,394.4,376.0,,,,,,,,,52,hitl
40,2026-04-13 16:00,wholesaler_1,wholesaler,0,,,,,,106.88,8.3,,,,,,,52,hitl
40,2026-04-13 16:00,retail_1,retail,0,,,,,,,,43.66,30.0,0.0,0.0,11.61,20.0,52,hitl
41,2026-04-13 16:15,supplier_1,supplier,0,842.45,,,,,,,,,,,,,52,hitl
41,2026-04-13 16:15,farm_1,farm,1,,752.0,0.0197,,,,,,,,,,,52,hitl
41,2026-04-13 16:15,slaughterhouse_1,slaughterhouse,0,,,,394.4,386.08,,,,,,,,,52,hitl
41,2026-04-13 16:15,wholesaler_1,wholesaler,0,,,,,,128.29,8.3,,,,,,,52,hitl
41,2026-04-13 16:15,retail_1,retail,0,,,,,,,,47.72,30.0,0.0,0.0,11.61,20.0,52,hitl
42,2026-04-13 16:30,supplier_1,supplier,0,841.11,,,,,,,,,,,,,52,hitl
42,2026-04-13 16:30,farm_1,farm,1,,752.0,0.0197,,,,,,,,,,,52,hitl
42,2026-04-13 16:30,slaughterhouse_1,slaughterhouse,0,,,,394.4,397.41,,,,,,,,,52,hitl
42,2026-04-13 16:30,wholesaler_1,wholesaler,0,,,,,,125.55,8.3,,,,,,,52,hitl
42,2026-04-13 16:30,retail_1,retail,0,,,,,,,,44.49,30.0,0.0,0.0,11.61,20.0,52,hitl
43,2026-04-13 16:45,supplier_1,supplier,0,840.55,,,,,,,,,,,,,52,hitl
43,2026-04-13 16:45,farm_1,farm,1,,752.0,0.0197,,,,,,,,,,,52,hitl
43,2026-04-13 16:45,slaughterhouse_1,slaughterhouse,0,,,,394.4,400.0,,,,,,,,,52,hitl
43,2026-04-13 16:45,wholesaler_1,wholesaler,0,,,,,,122.85,8.3,,,,,,,52,hitl
43,2026-04-13 16:45,retail_1,retail,0,,,,,,,,41.76,30.0,0.0,0.0,11.61,20.0,52,hitl
44,2026-04-13 17:00,supplier_1,supplier,0,839.57,,,,,,,,,,,,,52,hitl
44,2026-04-13 17:00,farm_1,farm,1,,752.0,0.0197,,,,,,,,,,,52,hitl
44,2026-04-13 17:00,slaughterhouse_1,slaughterhouse,0,,,,394.4,400.0,,,,,,,,,52,hitl
44,2026-04-13 17:00,wholesaler_1,wholesaler,0,,,,,,113.74,8.3,,,,,,,52,hitl
44,2026-04-13 17:00,retail_1,retail,0,,,,,,,,39.2,30.0,0.0,0.0,11.61,20.0,52,hitl
45,2026-04-13 17:15,supplier_1,supplier,0,838.43,,,,,,,,,,,,,52,hitl
45,2026-04-13 17:15,farm_1,farm,1,,752.0,0.0197,,,,,,,,,,,52,hitl
45,2026-04-13 17:15,slaughterhouse_1,slaughterhouse,0,,,,394.4,400.0,,,,,,,,,52,hitl
45,2026-04-13 17:15,wholesaler_1,wholesaler,0,,,,,,112.11,8.3,,,,,,,52,hitl
45,2026-04-13 17:15,retail_1,retail,0,,,,,,,,43.77,30.0,0.0,0.0,11.61,20.0,52,hitl
46,2026-04-13 17:30,supplier_1,supplier,0,837.68,,,,,,,,,,,,,52,hitl
46,2026-04-13 17:30,farm_1,farm,1,,752.0,0.0197,,,,,,,,,,,52,hitl
46,2026-04-13 17:30,slaughterhouse_1,slaughterhouse,0,,,,394.4,400.0,,,,,,,,,52,hitl
46,2026-04-13 17:30,wholesaler_1,wholesaler,0,,,,,,109.46,8.3,,,,,,,52,hitl
46,2026-04-13 17:30,retail_1,retail,0,,,,,,,,41.16,30.0,0.0,0.0,11.61,20.0,52,hitl
47,2026-04-13 17:45,supplier_1,supplier,0,837.11,,,,,,,,,,,,,52,hitl
47,2026-04-13 17:45,farm_1,farm,1,,752.0,0.0197,,,,,,,,,,,52,hitl
47,2026-04-13 17:45,slaughterhouse_1,slaughterhouse,0,,,,394.4,400.0,,,,,,,,,52,hitl
47,2026-04-13 17:45,wholesaler_1,wholesaler,0,,,,,,107.31,8.3,,,,,,,52,hitl
47,2026-04-13 17:45,retail_1,retail,0,,,,,,,,38.06,30.0,0.0,0.0,11.61,20.0,52,hitl
48,2026-04-13 18:00,supplier_1,supplier,0,836.02,,,,,,,,,,,,,52,hitl
48,2026-04-13 18:00,farm_1,farm,1,,752.0,0.0197,,,,,,,,,,,52,hitl
48,2026-04-13 18:00,slaughterhouse_1,slaughterhouse,0,,,,394.4,376.0,,,,,,,,,52,hitl
48,2026-04-13 18:00,wholesaler_1,wholesaler,0,,,,,,97.35,8.3,,,,,,,52,hitl
48,2026-04-13 18:00,retail_1,retail,0,,,,,,,,35.16,30.0,0.0,0.0,11.61,20.0,52,hitl
49,2026-04-13 18:15,supplier_1,supplier,0,834.67,,,,,,,,,,,,,52,hitl
49,2026-04-13 18:15,farm_1,farm,1,,752.0,0.0197,,,,,,,,,,,52,hitl
49,2026-04-13 18:15,slaughterhouse_1,slaughterhouse,0,,,,394.4,386.33,,,,,,,,,52,hitl
49,2026-04-13 18:15,wholesaler_1,wholesaler,0,,,,,,118.66,8.3,,,,,,,52,hitl
49,2026-04-13 18:15,retail_1,retail,0,,,,,,,,39.85,30.0,0.0,0.0,11.61,20.0,52,hitl
50,2026-04-13 18:30,supplier_1,supplier,0,833.52,,,,,,,,,,,,,52,hitl
50,2026-04-13 18:30,farm_1,farm,1,,752.0,0.0197,,,,,,,,,,,52,hitl
50,2026-04-13 18:30,slaughterhouse_1,slaughterhouse,0,,,,394.4,398.0,,,,,,,,,52,hitl
50,2026-04-13 18:30,wholesaler_1,wholesaler,0,,,,,,116.07,8.3,,,,,,,52,hitl
50,2026-04-13 18:30,retail_1,retail,0,,,,,,,,37.08,30.0,0.0,0.0,11.61,20.0,52,hitl
51,2026-04-13 18:45,supplier_1,supplier,0,832.46,,,,,,,,,,,,,52,hitl
51,2026-04-13 18:45,farm_1,farm,1,,210.0,0.225,,,,,,,,,,,52,hitl
51,2026-04-13 18:45,slaughterhouse_1,slaughterhouse,0,,,,394.4,400.0,,,,,,,,,52,hitl
51,2026-04-13 18:45,wholesaler_1,wholesaler,0,,,,,,113.98,8.3,,,,,,,52,hitl
51,2026-04-13 18:45,retail_1,retail,0,,,,,,,,34.01,30.0,0.0,0.0,11.61,20.0,52,hitl
52,2026-04-13 19:00,supplier_1,supplier,0,831.26,,,,,,,,,,,,,52,hitl
52,2026-04-13 19:00,farm_1,farm,1,,210.0,0.225,,,,,,,,,,,52,hitl
52,2026-04-13 19:00,slaughterhouse_1,slaughterhouse,0,,,,394.4,400.0,,,,,,,,,52,hitl
52,2026-04-13 19:00,wholesaler_1,wholesaler,0,,,,,,104.93,8.3,,,,,,,52,hitl
52,2026-04-13 19:00,retail_1,retail,0,,,,,,,,31.09,30.0,0.0,0.0,11.61,20.0,52,hitl
53,2026-04-13 19:15,supplier_1,supplier,0,830.24,,,,,,,,,,,,,52,hitl
53,2026-04-13 19:15,farm_1,farm,1,,210.0,0.225,,,,,,,,,,,52,hitl
53,2026-04-13 19:15,slaughterhouse_1,slaughterhouse,0,,,,394.4,400.0,,,,,,,,,52,hitl
53,2026-04-13 19:15,wholesaler_1,wholesaler,0,,,,,,102.98,8.3,,,,,,,52,hitl
53,2026-04-13 19:15,retail_1,retail,0,,,,,,,,35.36,30.0,0.0,0.25,11.61,20.0,52,hitl
54,2026-04-13 19:30,supplier_1,supplier,0,829.32,,,,,,,,,,,,,52,hitl
54,2026-04-13 19:30,farm_1,farm,1,,210.0,0.225,,,,,,,,,,,52,hitl
54,2026-04-13 19:30,slaughterhouse_1,slaughterhouse,0,,,,394.4,400.0,,,,,,,,,52,hitl
54,2026-04-13 19:30,wholesaler_1,wholesaler,0,,,,,,101.23,8.3,,,,,,,52,hitl
54,2026-04-13 19:30,retail_1,retail,0,,,,,,,,32.28,30.0,0.0,0.0,11.61,20.0,52,hitl
55,2026-04-13 19:45,supplier_1,supplier,0,828.21,,,,,,,,,,,,,52,hitl
55,2026-04-13 19:45,farm_1,farm,1,,210.0,0.225,,,,,,,,,,,52,hitl
55,2026-04-13 19:45,slaughterhouse_1,slaughterhouse,0,,,,394.4,400.0,,,,,,,,,52,hitl
55,2026-04-13 19:45,wholesaler_1,wholesaler,0,,,,,,98.83,8.3,,,,,,,52,hitl
55,2026-04-13 19:45,retail_1,retail,0,,,,,,,,29.23,30.0,0.0,0.25,11.61,20.0,52,hitl
56,2026-04-13 20:00,supplier_1,supplier,0,827.56,,,,,,,,,,,,,52,hitl
56,2026-04-13 20:00,farm_1,farm,1,,210.0,0.225,,,,,,,,,,,52,hitl
56,2026-04-13 20:00,slaughterhouse_1,slaughterhouse,0,,,,394.4,376.0,,,,,,,,,52,hitl
56,2026-04-13 20:00,wholesaler_1,wholesaler,0,,,,,,90.0,8.3,,,,,,,52,hitl
56,2026-04-13 20:00,retail_1,retail,0,,,,,,,,26.38,30.0,0.0,0.5,11.61,20.0,52,hitl
57,2026-04-13 20:15,supplier_1,supplier,0,826.76,,,,,,,,,,,,,52,hitl
57,2026-04-13 20:15,farm_1,farm,1,,210.0,0.225,,,,,,,,,,,52,hitl
57,2026-04-13 20:15,slaughterhouse_1,slaughterhouse,0,,,,394.4,386.19,,,,,,,,,52,hitl
57,2026-04-13 20:15,wholesaler_1,wholesaler,0,,,,,,111.68,8.3,,,,,,,52,hitl
57,2026-04-13 20:15,retail_1,retail,0,,,,,,,,30.39,30.0,0.0,0.75,11.61,20.0,52,hitl
58,2026-04-13 20:30,supplier_1,supplier,0,825.52,,,,,,,,,,,,,52,hitl
58,2026-04-13 20:30,farm_1,farm,1,,210.0,0.225,,,,,,,,,,,52,hitl
58,2026-04-13 20:30,slaughterhouse_1,slaughterhouse,0,,,,394.4,397.82,,,,,,,,,52,hitl
58,2026-04-13 20:30,wholesaler_1,wholesaler,0,,,,,,108.69,8.3,,,,,,,52,hitl
58,2026-04-13 20:30,retail_1,retail,0,,,,,,,,27.33,30.0,0.0,1.0,11.61,20.0,52,hitl
59,2026-04-13 20:45,supplier_1,supplier,0,824.55,,,,,,,,,,,,,52,hitl
59,2026-04-13 20:45,farm_1,farm,1,,210.0,0.225,,,,,,,,,,,52,hitl
59,2026-04-13 20:45,slaughterhouse_1,slaughterhouse,0,,,,394.4,400.0,,,,,,,,,52,hitl
59,2026-04-13 20:45,wholesaler_1,wholesaler,0,,,,,,105.99,8.3,,,,,,,52,hitl
59,2026-04-13 20:45,retail_1,retail,0,,,,,,,,24.17,30.0,0.0,1.25,11.61,20.0,52,hitl
60,2026-04-13 21:00,supplier_1,supplier,0,823.61,,,,,,,,,,,,,52,hitl
60,2026-04-13 21:00,farm_1,farm,1,,210.0,0.225,,,,,,,,,,,52,hitl
60,2026-04-13 21:00,slaughterhouse_1,slaughterhouse,0,,,,394.4,400.0,,,,,,,,,52,hitl
60,2026-04-13 21:00,wholesaler_1,wholesaler,0,,,,,,96.33,8.3,,,,,,,52,hitl
60,2026-04-13 21:00,retail_1,retail,0,,,,,,,,21.5,30.0,0.0,1.5,11.61,20.0,52,hitl
61,2026-04-13 21:15,supplier_1,supplier,0,823.08,,,,,,,,,,,,,52,hitl
61,2026-04-13 21:15,farm_1,farm,1,,210.0,0.225,,,,,,,,,,,52,hitl
61,2026-04-13 21:15,slaughterhouse_1,slaughterhouse,0,,,,394.4,400.0,,,,,,,,,52,hitl
61,2026-04-13 21:15,wholesaler_1,wholesaler,0,,,,,,93.88,8.3,,,,,,,52,hitl
61,2026-04-13 21:15,retail_1,retail,0,,,,,,,,25.61,30.0,0.0,1.75,11.61,20.0,52,hitl
62,2026-04-13 21:30,supplier_1,supplier,0,821.62,,,,,,,,,,,,,52,hitl
62,2026-04-13 21:30,farm_1,farm,1,,210.0,0.225,,,,,,,,,,,52,hitl
62,2026-04-13 21:30,slaughterhouse_1,slaughterhouse,0,,,,394.4,400.0,,,,,,,,,52,hitl
62,2026-04-13 21:30,wholesaler_1,wholesaler,0,,,,,,92.03,8.3,,,,,,,52,hitl
62,2026-04-13 21:30,retail_1,retail,0,,,,,,,,22.58,30.0,0.0,2.0,11.61,20.0,52,hitl
63,2026-04-13 21:45,supplier_1,supplier,0,820.74,,,,,,,,,,,,,52,hitl
63,2026-04-13 21:45,farm_1,farm,1,,210.0,0.225,,,,,,,,,,,52,hitl
63,2026-04-13 21:45,slaughterhouse_1,slaughterhouse,0,,,,394.4,400.0,,,,,,,,,52,hitl
63,2026-04-13 21:45,wholesaler_1,wholesaler,0,,,,,,89.17,8.3,,,,,,,52,hitl
63,2026-04-13 21:45,retail_1,retail,1,,,,,,,,19.79,30.0,0.0,2.25,11.61,20.0,52,hitl
64,2026-04-13 22:00,supplier_1,supplier,0,820.03,,,,,,,,,,,,,52,hitl
64,2026-04-13 22:00,farm_1,farm,1,,210.0,0.225,,,,,,,,,,,52,hitl
64,2026-04-13 22:00,slaughterhouse_1,slaughterhouse,0,,,,394.4,376.0,,,,,,,,,52,hitl
64,2026-04-13 22:00,wholesaler_1,wholesaler,1,,,,,,79.28,8.3,,,,,,,52,hitl
64,2026-04-13 22:00,retail_1,retail,1,,,,,,,,17.15,30.0,0.0,2.5,11.61,20.0,52,hitl
65,2026-04-13 22:15,supplier_1,supplier,0,819.39,,,,,,,,,,,,,52,hitl
65,2026-04-13 22:15,farm_1,farm,1,,210.0,0.225,,,,,,,,,,,52,hitl
65,2026-04-13 22:15,slaughterhouse_1,slaughterhouse,0,,,,394.4,387.09,,,,,,,,,52,hitl
65,2026-04-13 22:15,wholesaler_1,wholesaler,1,,,,,,100.62,8.3,,,,,,,52,hitl
65,2026-04-13 22:15,retail_1,retail,1,,,,,,,,21.82,30.0,0.0,2.75,11.61,20.0,52,hitl
66,2026-04-13 22:30,supplier_1,supplier,0,818.8,,,,,,,,,,,,,52,hitl
66,2026-04-13 22:30,farm_1,farm,1,,210.0,0.225,,,,,,,,,,,52,hitl
66,2026-04-13 22:30,slaughterhouse_1,slaughterhouse,0,,,,394.4,398.56,,,,,,,,,52,hitl
66,2026-04-13 22:30,wholesaler_1,wholesaler,1,,,,,,98.73,8.3,,,,,,,52,hitl
66,2026-04-13 22:30,retail_1,retail,1,,,,,,,,18.74,30.0,0.0,3.0,11.61,20.0,52,hitl
67,2026-04-13 22:45,supplier_1,supplier,0,817.69,,,,,,,,,,,,,52,hitl
67,2026-04-13 22:45,farm_1,farm,1,,210.0,0.225,,,,,,,,,,,52,hitl
67,2026-04-13 22:45,slaughterhouse_1,slaughterhouse,0,,,,394.4,400.0,,,,,,,,,52,hitl
67,2026-04-13 22:45,wholesaler_1,wholesaler,1,,,,,,97.06,8.3,,,,,,,52,hitl
67,2026-04-13 22:45,retail_1,retail,1,,,,,,,,15.8,30.0,0.0,3.25,11.61,20.0,52,hitl
68,2026-04-13 23:00,supplier_1,supplier,0,816.42,,,,,,,,,,,,,52,hitl
68,2026-04-13 23:00,farm_1,farm,1,,210.0,0.225,,,,,,,,,,,52,hitl
68,2026-04-13 23:00,slaughterhouse_1,slaughterhouse,0,,,,394.4,400.0,,,,,,,,,52,hitl
68,2026-04-13 23:00,wholesaler_1,wholesaler,1,,,,,,87.25,8.3,,,,,,,52,hitl
68,2026-04-13 23:00,retail_1,retail,1,,,,,,,,12.64,30.0,0.0,3.5,11.61,20.0,52,hitl
69,2026-04-13 23:15,supplier_1,supplier,0,815.91,,,,,,,,,,,,,52,hitl
69,2026-04-13 23:15,farm_1,farm,1,,210.0,0.225,,,,,,,,,,,52,hitl
69,2026-04-13 23:15,slaughterhouse_1,slaughterhouse,0,,,,394.4,400.0,,,,,,,,,52,hitl
69,2026-04-13 23:15,wholesaler_1,wholesaler,1,,,,,,85.1,8.3,,,,,,,52,hitl
69,2026-04-13 23:15,retail_1,retail,1,,,,,,,,16.99,30.0,0.0,3.75,11.61,20.0,52,hitl
70,2026-04-13 23:30,supplier_1,supplier,0,814.79,,,,,,,,,,,,,52,hitl
70,2026-04-13 23:30,farm_1,farm,1,,210.0,0.225,,,,,,,,,,,52,hitl
70,2026-04-13 23:30,slaughterhouse_1,slaughterhouse,0,,,,394.4,400.0,,,,,,,,,52,hitl
70,2026-04-13 23:30,wholesaler_1,wholesaler,1,,,,,,82.26,8.3,,,,,,,52,hitl
70,2026-04-13 23:30,retail_1,retail,1,,,,,,,,14.15,30.0,0.0,4.0,11.61,20.0,52,hitl
71,2026-04-13 23:45,supplier_1,supplier,0,813.35,,,,,,,,,,,,,52,hitl
71,2026-04-13 23:45,farm_1,farm,1,,210.0,0.225,,,,,,,,,,,52,hitl
71,2026-04-13 23:45,slaughterhouse_1,slaughterhouse,0,,,,394.4,400.0,,,,,,,,,52,hitl
71,2026-04-13 23:45,wholesaler_1,wholesaler,1,,,,,,80.67,8.3,,,,,,,52,hitl
71,2026-04-13 23:45,retail_1,retail,1,,,,,,,,11.04,30.0,0.0,4.25,11.61,20.0,52,hitl
72,2026-04-14 00:00,supplier_1,supplier,0,812.64,,,,,,,,,,,,,52,hitl
72,2026-04-14 00:00,farm_1,farm,1,,210.0,0.225,,,,,,,,,,,52,hitl
72,2026-04-14 00:00,slaughterhouse_1,slaughterhouse,0,,,,394.4,376.0,,,,,,,,,52,hitl
72,2026-04-14 00:00,wholesaler_1,wholesaler,1,,,,,,70.95,8.3,,,,,,,52,hitl
72,2026-04-14 00:00,retail_1,retail,1,,,,,,,,8.43,30.0,0.0,4.5,11.61,20.0,52,hitl
73,2026-04-14 00:15,supplier_1,supplier,0,811.88,,,,,,,,,,,,,52,hitl
73,2026-04-14 00:15,farm_1,farm,1,,210.0,0.225,,,,,,,,,,,52,hitl
73,2026-04-14 00:15,slaughterhouse_1,slaughterhouse,0,,,,394.4,386.76,,,,,,,,,52,hitl
73,2026-04-14 00:15,wholesaler_1,wholesaler,1,,,,,,93.25,8.3,,,,,,,52,hitl
73,2026-04-14 00:15,retail_1,retail,1,,,,,,,,12.79,30.0,0.0,4.75,11.61,20.0,52,hitl
74,2026-04-14 00:30,supplier_1,supplier,0,811.13,,,,,,,,,,,,,52,hitl
74,2026-04-14 00:30,farm_1,farm,1,,210.0,0.225,,,,,,,,,,,52,hitl
74,2026-04-14 00:30,slaughterhouse_1,slaughterhouse,0,,,,394.4,398.44,,,,,,,,,52,hitl
74,2026-04-14 00:30,wholesaler_1,wholesaler,1,,,,,,90.88,8.3,,,,,,,52,hitl
74,2026-04-14 00:30,retail_1,retail,1,,,,,,,,10.1,30.0,0.0,5.0,11.61,20.0,52,hitl
75,2026-04-14 00:45,supplier_1,supplier,0,809.73,,,,,,,,,,,,,52,hitl
75,2026-04-14 00:45,farm_1,farm,1,,210.0,0.225,,,,,,,,,,,52,hitl
75,2026-04-14 00:45,slaughterhouse_1,slaughterhouse,0,,,,394.4,400.0,,,,,,,,,52,hitl
75,2026-04-14 00:45,wholesaler_1,wholesaler,1,,,,,,88.15,8.3,,,,,,,52,hitl
75,2026-04-14 00:45,retail_1,retail,1,,,,,,,,7.34,30.0,0.0,5.25,11.61,20.0,52,hitl
76,2026-04-14 01:00,supplier_1,supplier,0,809.23,,,,,,,,,,,,,52,hitl
76,2026-04-14 01:00,farm_1,farm,1,,210.0,0.225,,,,,,,,,,,52,hitl
76,2026-04-14 01:00,slaughterhouse_1,slaughterhouse,0,,,,394.4,400.0,,,,,,,,,52,hitl
76,2026-04-14 01:00,wholesaler_1,wholesaler,1,,,,,,78.15,8.3,,,,,,,52,hitl
76,2026-04-14 01:00,retail_1,retail,1,,,,,,,,4.47,30.0,0.0,5.5,11.61,20.0,52,hitl
77,2026-04-14 01:15,supplier_1,supplier,0,807.86,,,,,,,,,,,,,52,hitl
77,2026-04-14 01:15,farm_1,farm,1,,210.0,0.225,,,,,,,,,,,52,hitl
77,2026-04-14 01:15,slaughterhouse_1,slaughterhouse,0,,,,394.4,400.0,,,,,,,,,52,hitl
77,2026-04-14 01:15,wholesaler_1,wholesaler,1,,,,,,75.81,8.3,,,,,,,52,hitl
77,2026-04-14 01:15,retail_1,retail,1,,,,,,,,8.79,30.0,0.0,5.75,11.61,20.0,52,hitl
78,2026-04-14 01:30,supplier_1,supplier,0,806.49,,,,,,,,,,,,,52,hitl
78,2026-04-14 01:30,farm_1,farm,1,,210.0,0.225,,,,,,,,,,,52,hitl
78,2026-04-14 01:30,slaughterhouse_1,slaughterhouse,0,,,,394.4,400.0,,,,,,,,,52,hitl
78,2026-04-14 01:30,wholesaler_1,wholesaler,1,,,,,,74.25,8.3,,,,,,,52,hitl
78,2026-04-14 01:30,retail_1,retail,1,,,,,,,,5.98,30.0,0.0,6.0,11.61,20.0,52,hitl
79,2026-04-14 01:45,supplier_1,supplier,0,805.77,,,,,,,,,,,,,52,hitl
79,2026-04-14 01:45,farm_1,farm,1,,210.0,0.225,,,,,,,,,,,52,hitl
79,2026-04-14 01:45,slaughterhouse_1,slaughterhouse,0,,,,394.4,400.0,,,,,,,,,52,hitl
79,2026-04-14 01:45,wholesaler_1,wholesaler,1,,,,,,72.01,8.3,,,,,,,52,hitl
79,2026-04-14 01:45,retail_1,retail,1,,,,,,,,3.14,30.0,0.0,6.25,11.61,20.0,52,hitl
80,2026-04-14 02:00,supplier_1,supplier,0,804.88,,,,,,,,,,,,,52,hitl
80,2026-04-14 02:00,farm_1,farm,1,,210.0,0.225,,,,,,,,,,,52,hitl
80,2026-04-14 02:00,slaughterhouse_1,slaughterhouse,0,,,,394.4,376.0,,,,,,,,,52,hitl
80,2026-04-14 02:00,wholesaler_1,wholesaler,1,,,,,,61.87,8.3,,,,,,,52,hitl
80,2026-04-14 02:00,retail_1,retail,1,,,,,,,,0.0,30.0,1.0,6.5,11.61,20.0,52,hitl
81,2026-04-14 02:15,supplier_1,supplier,0,803.65,,,,,,,,,,,,,52,hitl
81,2026-04-14 02:15,farm_1,farm,1,,210.0,0.225,,,,,,,,,,,52,hitl
81,2026-04-14 02:15,slaughterhouse_1,slaughterhouse,0,,,,394.4,386.94,,,,,,,,,52,hitl
81,2026-04-14 02:15,wholesaler_1,wholesaler,1,,,,,,83.89,8.3,,,,,,,52,hitl
81,2026-04-14 02:15,retail_1,retail,1,,,,,,,,7.25,30.0,1.0,6.75,11.61,20.0,52,hitl
82,2026-04-14 02:30,supplier_1,supplier,0,802.65,,,,,,,,,,,,,52,hitl
82,2026-04-14 02:30,farm_1,farm,1,,210.0,0.225,,,,,,,,,,,52,hitl
82,2026-04-14 02:30,slaughterhouse_1,slaughterhouse,0,,,,394.4,398.73,,,,,,,,,52,hitl
82,2026-04-14 02:30,wholesaler_1,wholesaler,1,,,,,,81.53,8.3,,,,,,,52,hitl
82,2026-04-14 02:30,retail_1,retail,1,,,,,,,,4.05,30.0,0.0,7.0,11.61,20.0,52,hitl
83,2026-04-14 02:45,supplier_1,supplier,0,801.71,,,,,,,,,,,,,52,hitl
83,2026-04-14 02:45,farm_1,farm,1,,210.0,0.225,,,,,,,,,,,52,hitl
83,2026-04-14 02:45,slaughterhouse_1,slaughterhouse,0,,,,394.4,400.0,,,,,,,,,52,hitl
83,2026-04-14 02:45,wholesaler_1,wholesaler,1,,,,,,78.85,8.3,,,,,,,52,hitl
83,2026-04-14 02:45,retail_1,retail,1,,,,,,,,1.5,30.0,0.0,7.25,11.61,20.0,52,hitl
84,2026-04-14 03:00,supplier_1,supplier,0,800.21,,,,,,,,,,,,,52,hitl
84,2026-04-14 03:00,farm_1,farm,1,,210.0,0.225,,,,,,,,,,,52,hitl
84,2026-04-14 03:00,slaughterhouse_1,slaughterhouse,0,,,,394.4,400.0,,,,,,,,,52,hitl
84,2026-04-14 03:00,wholesaler_1,wholesaler,1,,,,,,69.8,8.3,,,,,,,52,hitl
84,2026-04-14 03:00,retail_1,retail,1,,,,,,,,0.0,30.0,1.0,7.5,11.61,20.0,52,hitl
85,2026-04-14 03:15,supplier_1,supplier,0,799.55,,,,,,,,,,,,,52,hitl
85,2026-04-14 03:15,farm_1,farm,1,,210.0,0.225,,,,,,,,,,,52,hitl
85,2026-04-14 03:15,slaughterhouse_1,slaughterhouse,0,,,,394.4,400.0,,,,,,,,,52,hitl
85,2026-04-14 03:15,wholesaler_1,wholesaler,1,,,,,,66.98,8.3,,,,,,,52,hitl
85,2026-04-14 03:15,retail_1,retail,1,,,,,,,,7.25,30.0,1.0,7.75,11.61,20.0,52,hitl
86,2026-04-14 03:30,supplier_1,supplier,0,798.76,,,,,,,,,,,,,52,hitl
86,2026-04-14 03:30,farm_1,farm,1,,210.0,0.225,,,,,,,,,,,52,hitl
86,2026-04-14 03:30,slaughterhouse_1,slaughterhouse,0,,,,394.4,400.0,,,,,,,,,52,hitl
86,2026-04-14 03:30,wholesaler_1,wholesaler,1,,,,,,65.03,8.3,,,,,,,52,hitl
86,2026-04-14 03:30,retail_1,retail,1,,,,,,,,4.57,30.0,0.0,8.0,11.61,20.0,52,hitl
87,2026-04-14 03:45,supplier_1,supplier,0,797.46,,,,,,,,,,,,,52,hitl
87,2026-04-14 03:45,farm_1,farm,1,,210.0,0.225,,,,,,,,,,,52,hitl
87,2026-04-14 03:45,slaughterhouse_1,slaughterhouse,0,,,,394.4,400.0,,,,,,,,,52,hitl
87,2026-04-14 03:45,wholesaler_1,wholesaler,1,,,,,,62.48,8.3,,,,,,,52,hitl
87,2026-04-14 03:45,retail_1,retail,1,,,,,,,,1.33,30.0,0.0,8.25,11.61,20.0,52,hitl
88,2026-04-14 04:00,supplier_1,supplier,0,796.68,,,,,,,,,,,,,52,hitl
88,2026-04-14 04:00,farm_1,farm,1,,210.0,0.225,,,,,,,,,,,52,hitl
88,2026-04-14 04:00,slaughterhouse_1,slaughterhouse,0,,,,394.4,376.0,,,,,,,,,52,hitl
88,2026-04-14 04:00,wholesaler_1,wholesaler,1,,,,,,52.38,8.3,,,,,,,52,hitl
88,2026-04-14 04:00,retail_1,retail,1,,,,,,,,0.0,30.0,1.0,8.5,11.61,20.0,52,hitl
89,2026-04-14 04:15,supplier_1,supplier,0,795.24,,,,,,,,,,,,,52,hitl
89,2026-04-14 04:15,farm_1,farm,1,,210.0,0.225,,,,,,,,,,,52,hitl
89,2026-04-14 04:15,slaughterhouse_1,slaughterhouse,0,,,,394.4,386.41,,,,,,,,,52,hitl
89,2026-04-14 04:15,wholesaler_1,wholesaler,1,,,,,,73.55,8.3,,,,,,,52,hitl
89,2026-04-14 04:15,retail_1,retail,1,,,,,,,,7.25,30.0,1.0,8.75,11.61,20.0,52,hitl
90,2026-04-14 04:30,supplier_1,supplier,0,793.94,,,,,,,,,,,,,52,hitl
90,2026-04-14 04:30,farm_1,farm,1,,210.0,0.225,,,,,,,,,,,52,hitl
90,2026-04-14 04:30,slaughterhouse_1,slaughterhouse,0,,,,394.4,396.63,,,,,,,,,52,hitl
90,2026-04-14 04:30,wholesaler_1,wholesaler,1,,,,,,71.72,8.3,,,,,,,52,hitl
90,2026-04-14 04:30,retail_1,retail,1,,,,,,,,4.52,30.0,0.0,9.0,11.61,20.0,52,hitl
91,2026-04-14 04:45,supplier_1,supplier,0,792.99,,,,,,,,,,,,,52,hitl
91,2026-04-14 04:45,farm_1,farm,1,,210.0,0.225,,,,,,,,,,,52,hitl
91,2026-04-14 04:45,slaughterhouse_1,slaughterhouse,0,,,,394.4,400.0,,,,,,,,,52,hitl
91,2026-04-14 04:45,wholesaler_1,wholesaler,1,,,,,,70.11,8.3,,,,,,,52,hitl
91,2026-04-14 04:45,retail_1,retail,1,,,,,,,,1.75,30.0,0.0,9.25,11.61,20.0,52,hitl
92,2026-04-14 05:00,supplier_1,supplier,0,791.99,,,,,,,,,,,,,52,hitl
92,2026-04-14 05:00,farm_1,farm,1,,210.0,0.225,,,,,,,,,,,52,hitl
92,2026-04-14 05:00,slaughterhouse_1,slaughterhouse,0,,,,394.4,400.0,,,,,,,,,52,hitl
92,2026-04-14 05:00,wholesaler_1,wholesaler,1,,,,,,60.24,8.3,,,,,,,52,hitl
92,2026-04-14 05:00,retail_1,retail,1,,,,,,,,0.0,30.0,1.0,9.5,11.61,20.0,52,hitl
93,2026-04-14 05:15,supplier_1,supplier,0,790.92,,,,,,,,,,,,,52,hitl
93,2026-04-14 05:15,farm_1,farm,1,,210.0,0.225,,,,,,,,,,,52,hitl
93,2026-04-14 05:15,slaughterhouse_1,slaughterhouse,0,,,,394.4,400.0,,,,,,,,,52,hitl
93,2026-04-14 05:15,wholesaler_1,wholesaler,1,,,,,,57.93,8.3,,,,,,,52,hitl
93,2026-04-14 05:15,retail_1,retail,1,,,,,,,,7.25,30.0,1.0,9.75,11.61,20.0,52,hitl
94,2026-04-14 05:30,supplier_1,supplier,0,789.56,,,,,,,,,,,,,52,hitl
94,2026-04-14 05:30,farm_1,farm,1,,210.0,0.225,,,,,,,,,,,52,hitl
94,2026-04-14 05:30,slaughterhouse_1,slaughterhouse,0,,,,394.4,400.0,,,,,,,,,52,hitl
94,2026-04-14 05:30,wholesaler_1,wholesaler,1,,,,,,55.37,8.3,,,,,,,52,hitl
94,2026-04-14 05:30,retail_1,retail,1,,,,,,,,4.35,30.0,0.0,10.0,11.61,20.0,52,hitl
95,2026-04-14 05:45,supplier_1,supplier,0,788.38,,,,,,,,,,,,,52,hitl
95,2026-04-14 05:45,farm_1,farm,1,,210.0,0.225,,,,,,,,,,,52,hitl
95,2026-04-14 05:45,slaughterhouse_1,slaughterhouse,0,,,,394.4,400.0,,,,,,,,,52,hitl
95,2026-04-14 05:45,wholesaler_1,wholesaler,1,,,,,,53.74,8.3,,,,,,,52,hitl
95,2026-04-14 05:45,retail_1,retail,1,,,,,,,,1.36,30.0,0.0,10.25,11.61,20.0,52,hitl
96,2026-04-14 06:00,supplier_1,supplier,0,787.44,,,,,,,,,,,,,52,hitl
96,2026-04-14 06:00,farm_1,farm,1,,210.0,0.225,,,,,,,,,,,52,hitl
96,2026-04-14 06:00,slaughterhouse_1,slaughterhouse,0,,,,394.4,376.0,,,,,,,,,52,hitl
96,2026-04-14 06:00,wholesaler_1,wholesaler,1,,,,,,43.95,8.3,,,,,,,52,hitl
96,2026-04-14 06:00,retail_1,retail,1,,,,,,,,0.0,30.0,1.0,10.5,11.61,20.0,52,hitl
97,2026-04-14 06:15,supplier_1,supplier,0,786.69,,,,,,,,,,,,,52,hitl
97,2026-04-14 06:15,farm_1,farm,1,,210.0,0.225,,,,,,,,,,,52,hitl
97,2026-04-14 06:15,slaughterhouse_1,slaughterhouse,0,,,,394.4,386.16,,,,,,,,,52,hitl
97,2026-04-14 06:15,wholesaler_1,wholesaler,1,,,,,,65.02,8.3,,,,,,,52,hitl
97,2026-04-14 06:15,retail_1,retail,1,,,,,,,,7.25,30.0,1.0,10.75,11.61,20.0,52,hitl
98,2026-04-14 06:30,supplier_1,supplier,0,785.49,,,,,,,,,,,,,52,hitl
98,2026-04-14 06:30,farm_1,farm,1,,210.0,0.225,,,,,,,,,,,52,hitl
98,2026-04-14 06:30,slaughterhouse_1,slaughterhouse,0,,,,394.4,397.41,,,,,,,,,52,hitl
98,2026-04-14 06:30,wholesaler_1,wholesaler,1,,,,,,63.28,8.3,,,,,,,52,hitl
98,2026-04-14 06:30,retail_1,retail,1,,,,,,,,4.46,30.0,0.0,11.0,11.61,20.0,52,hitl
99,2026-04-14 06:45,supplier_1,supplier,0,784.89,,,,,,,,,,,,,52,hitl
99,2026-04-14 06:45,farm_1,farm,1,,210.0,0.225,,,,,,,,,,,52,hitl
99,2026-04-14 06:45,slaughterhouse_1,slaughterhouse,0,,,,394.4,400.0,,,,,,,,,52,hitl
99,2026-04-14 06:45,wholesaler_1,wholesaler,1,,,,,,61.77,8.3,,,,,,,52,hitl
99,2026-04-14 06:45,retail_1,retail,1,,,,,,,,1.64,30.0,0.0,11.25,11.61,20.0,52,hitl
100,2026-04-14 07:00,supplier_1,supplier,0,783.91,,,,,,,,,,,,,52,hitl
100,2026-04-14 07:00,farm_1,farm,1,,210.0,0.225,,,,,,,,,,,52,hitl
100,2026-04-14 07:00,slaughterhouse_1,slaughterhouse,0,,,,394.4,400.0,,,,,,,,,52,hitl
100,2026-04-14 07:00,wholesaler_1,wholesaler,1,,,,,,52.05,8.3,,,,,,,52,hitl
100,2026-04-14 07:00,retail_1,retail,1,,,,,,,,0.0,30.0,1.0,11.5,11.61,20.0,52,hitl
101,2026-04-14 07:15,supplier_1,supplier,0,782.55,,,,,,,,,,,,,52,hitl
101,2026-04-14 07:15,farm_1,farm,1,,210.0,0.225,,,,,,,,,,,52,hitl
101,2026-04-14 07:15,slaughterhouse_1,slaughterhouse,0,,,,394.4,400.0,,,,,,,,,52,hitl
101,2026-04-14 07:15,wholesaler_1,wholesaler,1,,,,,,50.53,8.3,,,,,,,52,hitl
101,2026-04-14 07:15,retail_1,retail,1,,,,,,,,7.25,30.0,1.0,11.75,11.61,20.0,52,hitl
102,2026-04-14 07:30,supplier_1,supplier,1,190.96,,,,,,,,,,,,,52,hitl
102,2026-04-14 07:30,farm_1,farm,1,,210.0,0.225,,,,,,,,,,,52,hitl
102,2026-04-14 07:30,slaughterhouse_1,slaughterhouse,0,,,,394.4,400.0,,,,,,,,,52,hitl
102,2026-04-14 07:30,wholesaler_1,wholesaler,1,,,,,,48.38,8.3,,,,,,,52,hitl
102,2026-04-14 07:30,retail_1,retail,1,,,,,,,,4.38,30.0,0.0,12.0,11.61,20.0,52,hitl
103,2026-04-14 07:45,supplier_1,supplier,1,190.32,,,,,,,,,,,,,52,hitl
103,2026-04-14 07:45,farm_1,farm,1,,210.0,0.225,,,,,,,,,,,52,hitl
103,2026-04-14 07:45,slaughterhouse_1,slaughterhouse,0,,,,394.4,400.0,,,,,,,,,52,hitl
103,2026-04-14 07:45,wholesaler_1,wholesaler,1,,,,,,45.85,8.3,,,,,,,52,hitl
103,2026-04-14 07:45,retail_1,retail,1,,,,,,,,1.55,30.0,0.0,12.25,11.61,20.0,52,hitl
104,2026-04-14 08:00,supplier_1,supplier,1,189.42,,,,,,,,,,,,,52,hitl
104,2026-04-14 08:00,farm_1,farm,1,,210.0,0.225,,,,,,,,,,,52,hitl
104,2026-04-14 08:00,slaughterhouse_1,slaughterhouse,0,,,,394.4,376.0,,,,,,,,,52,hitl
104,2026-04-14 08:00,wholesaler_1,wholesaler,1,,,,,,36.42,8.3,,,,,,,52,hitl
104,2026-04-14 08:00,retail_1,retail,1,,,,,,,,0.0,30.0,1.0,12.5,11.61,20.0,52,hitl
105,2026-04-14 08:15,supplier_1,supplier,1,188.07,,,,,,,,,,,,,52,hitl
105,2026-04-14 08:15,farm_1,farm,1,,210.0,0.225,,,,,,,,,,,52,hitl
105,2026-04-14 08:15,slaughterhouse_1,slaughterhouse,0,,,,394.4,387.14,,,,,,,,,52,hitl
105,2026-04-14 08:15,wholesaler_1,wholesaler,1,,,,,,58.21,8.3,,,,,,,52,hitl
105,2026-04-14 08:15,retail_1,retail,1,,,,,,,,7.25,30.0,1.0,12.75,11.61,20.0,52,hitl
106,2026-04-14 08:30,supplier_1,supplier,1,186.65,,,,,,,,,,,,,52,hitl
106,2026-04-14 08:30,farm_1,farm,1,,210.0,0.225,,,,,,,,,,,52,hitl
106,2026-04-14 08:30,slaughterhouse_1,slaughterhouse,0,,,,394.4,397.3,,,,,,,,,52,hitl
106,2026-04-14 08:30,wholesaler_1,wholesaler,1,,,,,,56.17,8.3,,,,,,,52,hitl
106,2026-04-14 08:30,retail_1,retail,1,,,,,,,,4.58,30.0,0.0,13.0,11.61,20.0,52,hitl
107,2026-04-14 08:45,supplier_1,supplier,1,185.66,,,,,,,,,,,,,52,hitl
107,2026-04-14 08:45,farm_1,farm,1,,210.0,0.225,,,,,,,,,,,52,hitl
107,2026-04-14 08:45,slaughterhouse_1,slaughterhouse,0,,,,394.4,400.0,,,,,,,,,52,hitl
107,2026-04-14 08:45,wholesaler_1,wholesaler,1,,,,,,53.67,8.3,,,,,,,52,hitl
107,2026-04-14 08:45,retail_1,retail,1,,,,,,,,1.68,30.0,0.0,13.25,11.61,20.0,52,hitl
108,2026-04-14 09:00,supplier_1,supplier,1,185.15,,,,,,,,,,,,,52,hitl
108,2026-04-14 09:00,farm_1,farm,1,,210.0,0.225,,,,,,,,,,,52,hitl
108,2026-04-14 09:00,slaughterhouse_1,slaughterhouse,0,,,,394.4,400.0,,,,,,,,,52,hitl
108,2026-04-14 09:00,wholesaler_1,wholesaler,1,,,,,,43.48,8.3,,,,,,,52,hitl
108,2026-04-14 09:00,retail_1,retail,1,,,,,,,,0.0,30.0,1.0,13.5,11.61,20.0,52,hitl
109,2026-04-14 09:15,supplier_1,supplier,1,184.22,,,,,,,,,,,,,52,hitl
109,2026-04-14 09:15,farm_1,farm,1,,210.0,0.225,,,,,,,,,,,52,hitl
109,2026-04-14 09:15,slaughterhouse_1,slaughterhouse,0,,,,394.4,400.0,,,,,,,,,52,hitl
109,2026-04-14 09:15,wholesaler_1,wholesaler,1,,,,,,41.24,8.3,,,,,,,52,hitl
109,2026-04-14 09:15,retail_1,retail,1,,,,,,,,7.25,30.0,1.0,13.75,11.61,20.0,52,hitl
110,2026-04-14 09:30,supplier_1,supplier,1,182.84,,,,,,,,,,,,,52,hitl
110,2026-04-14 09:30,farm_1,farm,1,,210.0,0.225,,,,,,,,,,,52,hitl
110,2026-04-14 09:30,slaughterhouse_1,slaughterhouse,0,,,,394.4,400.0,,,,,,,,,52,hitl
110,2026-04-14 09:30,wholesaler_1,wholesaler,1,,,,,,39.01,8.3,,,,,,,52,hitl
110,2026-04-14 09:30,retail_1,retail,1,,,,,,,,4.07,30.0,0.0,14.0,11.61,20.0,52,hitl
111,2026-04-14 09:45,supplier_1,supplier,1,181.89,,,,,,,,,,,,,52,hitl
111,2026-04-14 09:45,farm_1,farm,1,,210.0,0.225,,,,,,,,,,,52,hitl
111,2026-04-14 09:45,slaughterhouse_1,slaughterhouse,0,,,,394.4,400.0,,,,,,,,,52,hitl
111,2026-04-14 09:45,wholesaler_1,wholesaler,1,,,,,,36.36,8.3,,,,,,,52,hitl
111,2026-04-14 09:45,retail_1,retail,1,,,,,,,,1.17,30.0,0.0,14.25,11.61,20.0,52,hitl
112,2026-04-14 10:00,supplier_1,supplier,1,181.33,,,,,,,,,,,,,52,hitl
112,2026-04-14 10:00,farm_1,farm,1,,210.0,0.225,,,,,,,,,,,52,hitl
112,2026-04-14 10:00,slaughterhouse_1,slaughterhouse,0,,,,394.4,376.0,,,,,,,,,52,hitl
112,2026-04-14 10:00,wholesaler_1,wholesaler,1,,,,,,27.39,8.3,,,,,,,52,hitl
112,2026-04-14 10:00,retail_1,retail,1,,,,,,,,0.0,30.0,1.0,14.5,11.61,20.0,52,hitl
113,2026-04-14 10:15,supplier_1,supplier,1,179.89,,,,,,,,,,,,,52,hitl
113,2026-04-14 10:15,farm_1,farm,1,,210.0,0.225,,,,,,,,,,,52,hitl
113,2026-04-14 10:15,slaughterhouse_1,slaughterhouse,0,,,,394.4,387.65,,,,,,,,,52,hitl
113,2026-04-14 10:15,wholesaler_1,wholesaler,1,,,,,,48.68,8.3,,,,,,,52,hitl
113,2026-04-14 10:15,retail_1,retail,1,,,,,,,,7.25,30.0,1.0,14.75,11.61,20.0,52,hitl
114,2026-04-14 10:30,supplier_1,supplier,1,178.57,,,,,,,,,,,,,52,hitl
114,2026-04-14 10:30,farm_1,farm,1,,210.0,0.225,,,,,,,,,,,52,hitl
114,2026-04-14 10:30,slaughterhouse_1,slaughterhouse,0,,,,394.4,397.78,,,,,,,,,52,hitl
114,2026-04-14 10:30,wholesaler_1,wholesaler,1,,,,,,46.38,8.3,,,,,,,52,hitl
114,2026-04-14 10:30,retail_1,retail,1,,,,,,,,4.3,30.0,0.0,15.0,11.61,20.0,52,hitl
115,2026-04-14 10:45,supplier_1,supplier,1,177.63,,,,,,,,,,,,,52,hitl
115,2026-04-14 10:45,farm_1,farm,1,,210.0,0.225,,,,,,,,,,,52,hitl
115,2026-04-14 10:45,slaughterhouse_1,slaughterhouse,0,,,,394.4,400.0,,,,,,,,,52,hitl
115,2026-04-14 10:45,wholesaler_1,wholesaler,1,,,,,,44.1,8.3,,,,,,,52,hitl
115,2026-04-14 10:45,retail_1,retail,1,,,,,,,,1.61,30.0,0.0,15.25,11.61,20.0,52,hitl
116,2026-04-14 11:00,supplier_1,supplier,1,176.53,,,,,,,,,,,,,52,hitl
116,2026-04-14 11:00,farm_1,farm,1,,210.0,0.225,,,,,,,,,,,52,hitl
116,2026-04-14 11:00,slaughterhouse_1,slaughterhouse,0,,,,394.4,400.0,,,,,,,,,52,hitl
116,2026-04-14 11:00,wholesaler_1,wholesaler,1,,,,,,34.02,8.3,,,,,,,52,hitl
116,2026-04-14 11:00,retail_1,retail,1,,,,,,,,0.0,30.0,1.0,15.5,11.61,20.0,52,hitl
117,2026-04-14 11:15,supplier_1,supplier,1,175.86,,,,,,,,,,,,,52,hitl
117,2026-04-14 11:15,farm_1,farm,1,,210.0,0.225,,,,,,,,,,,52,hitl
117,2026-04-14 11:15,slaughterhouse_1,slaughterhouse,0,,,,394.4,400.0,,,,,,,,,52,hitl
117,2026-04-14 11:15,wholesaler_1,wholesaler,1,,,,,,32.46,8.3,,,,,,,52,hitl
117,2026-04-14 11:15,retail_1,retail,1,,,,,,,,7.25,30.0,1.0,15.75,11.61,20.0,52,hitl
118,2026-04-14 11:30,supplier_1,supplier,1,174.7,,,,,,,,,,,,,52,hitl
118,2026-04-14 11:30,farm_1,farm,1,,210.0,0.225,,,,,,,,,,,52,hitl
118,2026-04-14 11:30,slaughterhouse_1,slaughterhouse,0,,,,394.4,400.0,,,,,,,,,52,hitl
118,2026-04-14 11:30,wholesaler_1,wholesaler,1,,,,,,30.63,8.3,,,,,,,52,hitl
118,2026-04-14 11:30,retail_1,retail,1,,,,,,,,4.35,30.0,0.0,16.0,11.61,20.0,52,hitl
119,2026-04-14 11:45,supplier_1,supplier,1,173.9,,,,,,,,,,,,,52,hitl
119,2026-04-14 11:45,farm_1,farm,1,,210.0,0.225,,,,,,,,,,,52,hitl
119,2026-04-14 11:45,slaughterhouse_1,slaughterhouse,0,,,,394.4,400.0,,,,,,,,,52,hitl
119,2026-04-14 11:45,wholesaler_1,wholesaler,1,,,,,,28.6,8.3,,,,,,,52,hitl
119,2026-04-14 11:45,retail_1,retail,1,,,,,,,,1.59,30.0,0.0,16.25,11.61,20.0,52,hitl
120,2026-04-14 12:00,supplier_1,supplier,1,173.37,,,,,,,,,,,,,52,hitl
120,2026-04-14 12:00,farm_1,farm,1,,210.0,0.225,,,,,,,,,,,52,hitl
120,2026-04-14 12:00,slaughterhouse_1,slaughterhouse,0,,,,394.4,376.0,,,,,,,,,52,hitl
120,2026-04-14 12:00,wholesaler_1,wholesaler,1,,,,,,26.05,8.3,,,,,,,52,hitl
120,2026-04-14 12:00,retail_1,retail,1,,,,,,,,0.0,30.0,1.0,16.5,11.61,20.0,52,hitl
121,2026-04-14 12:15,supplier_1,supplier,1,172.13,,,,,,,,,,,,,52,hitl
121,2026-04-14 12:15,farm_1,farm,1,,210.0,0.225,,,,,,,,,,,52,hitl
121,2026-04-14 12:15,slaughterhouse_1,slaughterhouse,0,,,,394.4,386.91,,,,,,,,,52,hitl
121,2026-04-14 12:15,wholesaler_1,wholesaler,1,,,,,,48.41,8.3,,,,,,,52,hitl
121,2026-04-14 12:15,retail_1,retail,1,,,,,,,,0.0,30.0,1.0,16.75,11.61,20.0,52,hitl
122,2026-04-14 12:30,supplier_1,supplier,1,171.15,,,,,,,,,,,,,52,hitl
122,2026-04-14 12:30,farm_1,farm,1,,210.0,0.225,,,,,,,,,,,52,hitl
122,2026-04-14 12:30,slaughterhouse_1,slaughterhouse,0,,,,394.4,398.37,,,,,,,,,52,hitl
122,2026-04-14 12:30,wholesaler_1,wholesaler,1,,,,,,46.59,8.3,,,,,,,52,hitl
122,2026-04-14 12:30,retail_1,retail,1,,,,,,,,0.0,30.0,1.0,17.0,11.61,20.0,52,hitl
123,2026-04-14 12:45,supplier_1,supplier,1,170.16,,,,,,,,,,,,,52,hitl
123,2026-04-14 12:45,farm_1,farm,1,,210.0,0.225,,,,,,,,,,,52,hitl
123,2026-04-14 12:45,slaughterhouse_1,slaughterhouse,0,,,,394.4,400.0,,,,,,,,,52,hitl
123,2026-04-14 12:45,wholesaler_1,wholesaler,1,,,,,,44.72,8.3,,,,,,,52,hitl
123,2026-04-14 12:45,retail_1,retail,1,,,,,,,,0.0,30.0,1.0,17.25,11.61,20.0,52,hitl
124,2026-04-14 13:00,supplier_1,supplier,1,168.99,,,,,,,,,,,,,52,hitl
124,2026-04-14 13:00,farm_1,farm,1,,210.0,0.225,,,,,,,,,,,52,hitl
124,2026-04-14 13:00,slaughterhouse_1,slaughterhouse,0,,,,394.4,400.0,,,,,,,,,52,hitl
124,2026-04-14 13:00,wholesaler_1,wholesaler,1,,,,,,35.58,8.3,,,,,,,52,hitl
124,2026-04-14 13:00,retail_1,retail,1,,,,,,,,0.0,30.0,1.0,17.5,11.61,20.0,52,hitl
125,2026-04-14 13:15,supplier_1,supplier,1,167.94,,,,,,,,,,,,,52,hitl
125,2026-04-14 13:15,farm_1,farm,1,,210.0,0.225,,,,,,,,,,,52,hitl
125,2026-04-14 13:15,slaughterhouse_1,slaughterhouse,0,,,,394.4,400.0,,,,,,,,,52,hitl
125,2026-04-14 13:15,wholesaler_1,wholesaler,1,,,,,,33.64,8.3,,,,,,,52,hitl
125,2026-04-14 13:15,retail_1,retail,1,,,,,,,,7.25,30.0,1.0,17.75,11.61,20.0,52,hitl
126,2026-04-14 13:30,supplier_1,supplier,1,167.4,,,,,,,,,,,,,52,hitl
126,2026-04-14 13:30,farm_1,farm,1,,210.0,0.225,,,,,,,,,,,52,hitl
126,2026-04-14 13:30,slaughterhouse_1,slaughterhouse,0,,,,394.4,400.0,,,,,,,,,52,hitl
126,2026-04-14 13:30,wholesaler_1,wholesaler,1,,,,,,31.94,8.3,,,,,,,52,hitl
126,2026-04-14 13:30,retail_1,retail,1,,,,,,,,4.09,30.0,0.0,18.0,11.61,20.0,52,hitl
127,2026-04-14 13:45,supplier_1,supplier,1,166.86,,,,,,,,,,,,,52,hitl
127,2026-04-14 13:45,farm_1,farm,1,,210.0,0.225,,,,,,,,,,,52,hitl
127,2026-04-14 13:45,slaughterhouse_1,slaughterhouse,0,,,,394.4,400.0,,,,,,,,,52,hitl
127,2026-04-14 13:45,wholesaler_1,wholesaler,1,,,,,,29.08,8.3,,,,,,,52,hitl
127,2026-04-14 13:45,retail_1,retail,1,,,,,,,,1.3,30.0,0.0,18.25,11.61,20.0,52,hitl
128,2026-04-14 14:00,supplier_1,supplier,1,165.54,,,,,,,,,,,,,52,hitl
128,2026-04-14 14:00,farm_1,farm,1,,210.0,0.225,,,,,,,,,,,52,hitl
128,2026-04-14 14:00,slaughterhouse_1,slaughterhouse,0,,,,394.4,376.0,,,,,,,,,52,hitl
128,2026-04-14 14:00,wholesaler_1,wholesaler,1,,,,,,26.11,8.3,,,,,,,52,hitl
128,2026-04-14 14:00,retail_1,retail,1,,,,,,,,0.0,30.0,1.0,18.5,11.61,20.0,52,hitl
129,2026-04-14 14:15,supplier_1,supplier,1,164.77,,,,,,,,,,,,,52,hitl
129,2026-04-14 14:15,farm_1,farm,1,,210.0,0.225,,,,,,,,,,,52,hitl
129,2026-04-14 14:15,slaughterhouse_1,slaughterhouse,0,,,,394.4,386.46,,,,,,,,,52,hitl
129,2026-04-14 14:15,wholesaler_1,wholesaler,1,,,,,,48.58,8.3,,,,,,,52,hitl
129,2026-04-14 14:15,retail_1,retail,1,,,,,,,,0.0,30.0,1.0,18.75,11.61,20.0,52,hitl
130,2026-04-14 14:30,supplier_1,supplier,1,164.12,,,,,,,,,,,,,52,hitl
130,2026-04-14 14:30,farm_1,farm,1,,210.0,0.225,,,,,,,,,,,52,hitl
130,2026-04-14 14:30,slaughterhouse_1,slaughterhouse,0,,,,394.4,396.57,,,,,,,,,52,hitl
130,2026-04-14 14:30,wholesaler_1,wholesaler,1,,,,,,47.05,8.3,,,,,,,52,hitl
130,2026-04-14 14:30,retail_1,retail,1,,,,,,,,0.0,30.0,1.0,19.0,11.61,20.0,52,hitl
131,2026-04-14 14:45,supplier_1,supplier,1,162.85,,,,,,,,,,,,,52,hitl
131,2026-04-14 14:45,farm_1,farm,1,,210.0,0.225,,,,,,,,,,,52,hitl
131,2026-04-14 14:45,slaughterhouse_1,slaughterhouse,0,,,,394.4,400.0,,,,,,,,,52,hitl
131,2026-04-14 14:45,wholesaler_1,wholesaler,1,,,,,,44.97,8.3,,,,,,,52,hitl
131,2026-04-14 14:45,retail_1,retail,1,,,,,,,,0.0,30.0,1.0,19.25,11.61,20.0,52,hitl
132,2026-04-14 15:00,supplier_1,supplier,1,161.64,,,,,,,,,,,,,52,hitl
132,2026-04-14 15:00,farm_1,farm,1,,210.0,0.225,,,,,,,,,,,52,hitl
132,2026-04-14 15:00,slaughterhouse_1,slaughterhouse,0,,,,394.4,400.0,,,,,,,,,52,hitl
132,2026-04-14 15:00,wholesaler_1,wholesaler,1,,,,,,35.17,8.3,,,,,,,52,hitl
132,2026-04-14 15:00,retail_1,retail,1,,,,,,,,0.0,30.0,1.0,19.5,11.61,20.0,52,hitl
133,2026-04-14 15:15,supplier_1,supplier,1,160.4,,,,,,,,,,,,,52,hitl
133,2026-04-14 15:15,farm_1,farm,1,,210.0,0.225,,,,,,,,,,,52,hitl
133,2026-04-14 15:15,slaughterhouse_1,slaughterhouse,0,,,,394.4,400.0,,,,,,,,,52,hitl
133,2026-04-14 15:15,wholesaler_1,wholesaler,1,,,,,,33.54,8.3,,,,,,,52,hitl
133,2026-04-14 15:15,retail_1,retail,1,,,,,,,,7.25,30.0,1.0,19.75,11.61,20.0,52,hitl
134,2026-04-14 15:30,supplier_1,supplier,1,159.32,,,,,,,,,,,,,52,hitl
134,2026-04-14 15:30,farm_1,farm,1,,210.0,0.225,,,,,,,,,,,52,hitl
134,2026-04-14 15:30,slaughterhouse_1,slaughterhouse,0,,,,394.4,400.0,,,,,,,,,52,hitl
134,2026-04-14 15:30,wholesaler_1,wholesaler,1,,,,,,31.25,8.3,,,,,,,52,hitl
134,2026-04-14 15:30,retail_1,retail,1,,,,,,,,4.45,30.0,0.0,20.0,11.61,20.0,52,hitl
135,2026-04-14 15:45,supplier_1,supplier,1,158.72,,,,,,,,,,,,,52,hitl
135,2026-04-14 15:45,farm_1,farm,1,,210.0,0.225,,,,,,,,,,,52,hitl
135,2026-04-14 15:45,slaughterhouse_1,slaughterhouse,0,,,,394.4,400.0,,,,,,,,,52,hitl
135,2026-04-14 15:45,wholesaler_1,wholesaler,1,,,,,,28.48,8.3,,,,,,,52,hitl
135,2026-04-14 15:45,retail_1,retail,1,,,,,,,,1.23,30.0,0.0,20.25,11.61,20.0,52,hitl
136,2026-04-14 16:00,supplier_1,supplier,1,158.16,,,,,,,,,,,,,52,hitl
136,2026-04-14 16:00,farm_1,farm,1,,210.0,0.225,,,,,,,,,,,52,hitl
136,2026-04-14 16:00,slaughterhouse_1,slaughterhouse,0,,,,394.4,376.0,,,,,,,,,52,hitl
136,2026-04-14 16:00,wholesaler_1,wholesaler,1,,,,,,25.62,8.3,,,,,,,52,hitl
136,2026-04-14 16:00,retail_1,retail,1,,,,,,,,0.0,30.0,1.0,20.5,11.61,20.0,52,hitl
137,2026-04-14 16:15,supplier_1,supplier,1,157.36,,,,,,,,,,,,,52,hitl
137,2026-04-14 16:15,farm_1,farm,1,,210.0,0.225,,,,,,,,,,,52,hitl
137,2026-04-14 16:15,slaughterhouse_1,slaughterhouse,0,,,,394.4,386.29,,,,,,,,,52,hitl
137,2026-04-14 16:15,wholesaler_1,wholesaler,1,,,,,,47.61,8.3,,,,,,,52,hitl
137,2026-04-14 16:15,retail_1,retail,1,,,,,,,,0.0,30.0,1.0,20.75,11.61,20.0,52,hitl
138,2026-04-14 16:30,supplier_1,supplier,1,156.27,,,,,,,,,,,,,52,hitl
138,2026-04-14 16:30,farm_1,farm,1,,210.0,0.225,,,,,,,,,,,52,hitl
138,2026-04-14 16:30,slaughterhouse_1,slaughterhouse,0,,,,394.4,397.75,,,,,,,,,52,hitl
138,2026-04-14 16:30,wholesaler_1,wholesaler,1,,,,,,45.88,8.3,,,,,,,52,hitl
138,2026-04-14 16:30,retail_1,retail,1,,,,,,,,0.0,30.0,1.0,21.0,11.61,20.0,52,hitl
139,2026-04-14 16:45,supplier_1,supplier,1,155.61,,,,,,,,,,,,,52,hitl
139,2026-04-14 16:45,farm_1,farm,1,,210.0,0.225,,,,,,,,,,,52,hitl
139,2026-04-14 16:45,slaughterhouse_1,slaughterhouse,0,,,,394.4,400.0,,,,,,,,,52,hitl
139,2026-04-14 16:45,wholesaler_1,wholesaler,1,,,,,,43.42,8.3,,,,,,,52,hitl
139,2026-04-14 16:45,retail_1,retail,1,,,,,,,,0.0,30.0,1.0,21.25,11.61,20.0,52,hitl
140,2026-04-14 17:00,supplier_1,supplier,1,154.63,,,,,,,,,,,,,52,hitl
140,2026-04-14 17:00,farm_1,farm,1,,210.0,0.225,,,,,,,,,,,52,hitl
140,2026-04-14 17:00,slaughterhouse_1,slaughterhouse,0,,,,394.4,400.0,,,,,,,,,52,hitl
140,2026-04-14 17:00,wholesaler_1,wholesaler,1,,,,,,33.69,8.3,,,,,,,52,hitl
140,2026-04-14 17:00,retail_1,retail,1,,,,,,,,0.0,30.0,1.0,21.5,11.61,20.0,52,hitl
141,2026-04-14 17:15,supplier_1,supplier,1,154.06,,,,,,,,,,,,,52,hitl
141,2026-04-14 17:15,farm_1,farm,1,,210.0,0.225,,,,,,,,,,,52,hitl
141,2026-04-14 17:15,slaughterhouse_1,slaughterhouse,0,,,,394.4,400.0,,,,,,,,,52,hitl
141,2026-04-14 17:15,wholesaler_1,wholesaler,1,,,,,,31.95,8.3,,,,,,,52,hitl
141,2026-04-14 17:15,retail_1,retail,1,,,,,,,,7.25,30.0,1.0,21.75,11.61,20.0,52,hitl
142,2026-04-14 17:30,supplier_1,supplier,1,153.43,,,,,,,,,,,,,52,hitl
142,2026-04-14 17:30,farm_1,farm,1,,210.0,0.225,,,,,,,,,,,52,hitl
142,2026-04-14 17:30,slaughterhouse_1,slaughterhouse,0,,,,394.4,400.0,,,,,,,,,52,hitl
142,2026-04-14 17:30,wholesaler_1,wholesaler,1,,,,,,30.4,8.3,,,,,,,52,hitl
142,2026-04-14 17:30,retail_1,retail,1,,,,,,,,4.03,30.0,0.0,22.0,11.61,20.0,52,hitl
143,2026-04-14 17:45,supplier_1,supplier,1,152.25,,,,,,,,,,,,,52,hitl
143,2026-04-14 17:45,farm_1,farm,1,,210.0,0.225,,,,,,,,,,,52,hitl
143,2026-04-14 17:45,slaughterhouse_1,slaughterhouse,0,,,,394.4,400.0,,,,,,,,,52,hitl
143,2026-04-14 17:45,wholesaler_1,wholesaler,1,,,,,,28.24,8.3,,,,,,,52,hitl
143,2026-04-14 17:45,retail_1,retail,1,,,,,,,,1.27,30.0,0.0,22.25,11.61,20.0,52,hitl
144,2026-04-14 18:00,supplier_1,supplier,1,151.65,,,,,,,,,,,,,52,hitl
144,2026-04-14 18:00,farm_1,farm,1,,210.0,0.225,,,,,,,,,,,52,hitl
144,2026-04-14 18:00,slaughterhouse_1,slaughterhouse,0,,,,394.4,376.0,,,,,,,,,52,hitl
144,2026-04-14 18:00,wholesaler_1,wholesaler,1,,,,,,25.93,8.3,,,,,,,52,hitl
144,2026-04-14 18:00,retail_1,retail,1,,,,,,,,0.0,30.0,1.0,22.5,11.61,20.0,52,hitl
145,2026-04-14 18:15,supplier_1,supplier,1,150.63,,,,,,,,,,,,,52,hitl
145,2026-04-14 18:15,farm_1,farm,1,,210.0,0.225,,,,,,,,,,,52,hitl
145,2026-04-14 18:15,slaughterhouse_1,slaughterhouse,0,,,,394.4,387.18,,,,,,,,,52,hitl
145,2026-04-14 18:15,wholesaler_1,wholesaler,1,,,,,,47.37,8.3,,,,,,,52,hitl
145,2026-04-14 18:15,retail_1,retail,1,,,,,,,,0.0,30.0,1.0,22.75,11.61,20.0,52,hitl
146,2026-04-14 18:30,supplier_1,supplier,1,150.07,,,,,,,,,,,,,52,hitl
146,2026-04-14 18:30,farm_1,farm,1,,210.0,0.225,,,,,,,,,,,52,hitl
146,2026-04-14 18:30,slaughterhouse_1,slaughterhouse,0,,,,394.4,397.81,,,,,,,,,52,hitl
146,2026-04-14 18:30,wholesaler_1,wholesaler,1,,,,,,44.8,8.3,,,,,,,52,hitl
146,2026-04-14 18:30,retail_1,retail,1,,,,,,,,0.0,30.0,1.0,23.0,11.61,20.0,52,hitl
147,2026-04-14 18:45,supplier_1,supplier,1,148.85,,,,,,,,,,,,,52,hitl
147,2026-04-14 18:45,farm_1,farm,1,,210.0,0.225,,,,,,,,,,,52,hitl
147,2026-04-14 18:45,slaughterhouse_1,slaughterhouse,0,,,,394.4,400.0,,,,,,,,,52,hitl
147,2026-04-14 18:45,wholesaler_1,wholesaler,1,,,,,,42.14,8.3,,,,,,,52,hitl
147,2026-04-14 18:45,retail_1,retail,1,,,,,,,,0.0,30.0,1.0,23.25,11.61,20.0,52,hitl
148,2026-04-14 19:00,supplier_1,supplier,1,147.41,,,,,,,,,,,,,52,hitl
148,2026-04-14 19:00,farm_1,farm,1,,210.0,0.225,,,,,,,,,,,52,hitl
148,2026-04-14 19:00,slaughterhouse_1,slaughterhouse,0,,,,394.4,400.0,,,,,,,,,52,hitl
148,2026-04-14 19:00,wholesaler_1,wholesaler,1,,,,,,33.29,8.3,,,,,,,52,hitl
148,2026-04-14 19:00,retail_1,retail,1,,,,,,,,0.0,30.0,1.0,23.5,11.61,20.0,52,hitl
149,2026-04-14 19:15,supplier_1,supplier,1,145.98,,,,,,,,,,,,,52,hitl
149,2026-04-14 19:15,farm_1,farm,1,,210.0,0.225,,,,,,,,,,,52,hitl
149,2026-04-14 19:15,slaughterhouse_1,slaughterhouse,0,,,,394.4,400.0,,,,,,,,,52,hitl
149,2026-04-14 19:15,wholesaler_1,wholesaler,1,,,,,,30.7,8.3,,,,,,,52,hitl
149,2026-04-14 19:15,retail_1,retail,1,,,,,,,,7.25,30.0,1.0,23.75,11.61,20.0,52,hitl
150,2026-04-14 19:30,supplier_1,supplier,1,144.98,,,,,,,,,,,,,52,hitl
150,2026-04-14 19:30,farm_1,farm,1,,210.0,0.225,,,,,,,,,,,52,hitl
150,2026-04-14 19:30,slaughterhouse_1,slaughterhouse,0,,,,394.4,400.0,,,,,,,,,52,hitl
150,2026-04-14 19:30,wholesaler_1,wholesaler,1,,,,,,28.94,8.3,,,,,,,52,hitl
150,2026-04-14 19:30,retail_1,retail,1,,,,,,,,4.25,30.0,0.0,24.0,11.61,20.0,52,hitl
151,2026-04-14 19:45,supplier_1,supplier,1,144.01,,,,,,,,,,,,,52,hitl
151,2026-04-14 19:45,farm_1,farm,1,,210.0,0.225,,,,,,,,,,,52,hitl
151,2026-04-14 19:45,slaughterhouse_1,slaughterhouse,0,,,,394.4,400.0,,,,,,,,,52,hitl
151,2026-04-14 19:45,wholesaler_1,wholesaler,1,,,,,,26.63,8.3,,,,,,,52,hitl
151,2026-04-14 19:45,retail_1,retail,1,,,,,,,,1.28,30.0,0.0,24.25,11.61,20.0,52,hitl
152,2026-04-14 20:00,supplier_1,supplier,1,143.05,,,,,,,,,,,,,52,hitl
152,2026-04-14 20:00,farm_1,farm,1,,210.0,0.225,,,,,,,,,,,52,hitl
152,2026-04-14 20:00,slaughterhouse_1,slaughterhouse,0,,,,394.4,376.0,,,,,,,,,52,hitl
152,2026-04-14 20:00,wholesaler_1,wholesaler,1,,,,,,24.31,8.3,,,,,,,52,hitl
152,2026-04-14 20:00,retail_1,retail,1,,,,,,,,0.0,30.0,1.0,24.5,11.61,20.0,52,hitl
153,2026-04-14 20:15,supplier_1,supplier,1,141.83,,,,,,,,,,,,,52,hitl
153,2026-04-14 20:15,farm_1,farm,1,,210.0,0.225,,,,,,,,,,,52,hitl
153,2026-04-14 20:15,slaughterhouse_1,slaughterhouse,1,,,,113.0,51.04,,,,,,,,,52,hitl
153,2026-04-14 20:15,wholesaler_1,wholesaler,1,,,,,,45.75,8.3,,,,,,,52,hitl
153,2026-04-14 20:15,retail_1,retail,1,,,,,,,,0.0,30.0,1.0,24.75,11.61,20.0,52,hitl
154,2026-04-14 20:30,supplier_1,supplier,1,141.23,,,,,,,,,,,,,52,hitl
154,2026-04-14 20:30,farm_1,farm,1,,210.0,0.225,,,,,,,,,,,52,hitl
154,2026-04-14 20:30,slaughterhouse_1,slaughterhouse,1,,,,113.0,54.0,,,,,,,,,52,hitl
154,2026-04-14 20:30,wholesaler_1,wholesaler,1,,,,,,44.08,8.3,,,,,,,52,hitl
154,2026-04-14 20:30,retail_1,retail,1,,,,,,,,0.0,30.0,1.0,25.0,11.61,20.0,52,hitl
155,2026-04-14 20:45,supplier_1,supplier,1,140.09,,,,,,,,,,,,,52,hitl
155,2026-04-14 20:45,farm_1,farm,1,,210.0,0.225,,,,,,,,,,,52,hitl
155,2026-04-14 20:45,slaughterhouse_1,slaughterhouse,1,,,,113.0,56.93,,,,,,,,,52,hitl
155,2026-04-14 20:45,wholesaler_1,wholesaler,1,,,,,,41.22,8.3,,,,,,,52,hitl
155,2026-04-14 20:45,retail_1,retail,1,,,,,,,,0.0,30.0,1.0,25.25,11.61,20.0,52,hitl
156,2026-04-14 21:00,supplier_1,supplier,1,139.04,,,,,,,,,,,,,52,hitl
156,2026-04-14 21:00,farm_1,farm,1,,210.0,0.225,,,,,,,,,,,52,hitl
156,2026-04-14 21:00,slaughterhouse_1,slaughterhouse,1,,,,113.0,60.27,,,,,,,,,52,hitl
156,2026-04-14 21:00,wholesaler_1,wholesaler,1,,,,,,33.47,8.3,,,,,,,52,hitl
156,2026-04-14 21:00,retail_1,retail,1,,,,,,,,0.0,30.0,1.0,25.5,11.61,20.0,52,hitl
157,2026-04-14 21:15,supplier_1,supplier,1,137.6,,,,,,,,,,,,,52,hitl
157,2026-04-14 21:15,farm_1,farm,1,,210.0,0.225,,,,,,,,,,,52,hitl
157,2026-04-14 21:15,slaughterhouse_1,slaughterhouse,1,,,,113.0,63.48,,,,,,,,,52,hitl
157,2026-04-14 21:15,wholesaler_1,wholesaler,1,,,,,,30.95,8.3,,,,,,,52,hitl
157,2026-04-14 21:15,retail_1,retail,1,,,,,,,,5.08,30.0,1.0,25.75,11.61,20.0,52,hitl
158,2026-04-14 21:30,supplier_1,supplier,1,136.38,,,,,,,,,,,,,52,hitl
158,2026-04-14 21:30,farm_1,farm,1,,210.0,0.225,,,,,,,,,,,52,hitl
158,2026-04-14 21:30,slaughterhouse_1,slaughterhouse,1,,,,113.0,66.43,,,,,,,,,52,hitl
158,2026-04-14 21:30,wholesaler_1,wholesaler,1,,,,,,29.45,8.3,,,,,,,52,hitl
158,2026-04-14 21:30,retail_1,retail,1,,,,,,,,2.41,30.0,0.0,26.0,11.61,20.0,52,hitl
159,2026-04-14 21:45,supplier_1,supplier,1,135.35,,,,,,,,,,,,,52,hitl
159,2026-04-14 21:45,farm_1,farm,1,,210.0,0.225,,,,,,,,,,,52,hitl
159,2026-04-14 21:45,slaughterhouse_1,slaughterhouse,1,,,,113.0,69.63,,,,,,,,,52,hitl
159,2026-04-14 21:45,wholesaler_1,wholesaler,1,,,,,,27.84,8.3,,,,,,,52,hitl
159,2026-04-14 21:45,retail_1,retail,1,,,,,,,,0.0,30.0,1.0,26.25,11.61,20.0,52,hitl
160,2026-04-14 22:00,supplier_1,supplier,1,134.0,,,,,,,,,,,,,52,hitl
160,2026-04-14 22:00,farm_1,farm,1,,210.0,0.225,,,,,,,,,,,52,hitl
160,2026-04-14 22:00,slaughterhouse_1,slaughterhouse,1,,,,113.0,68.31,,,,,,,,,52,hitl
160,2026-04-14 22:00,wholesaler_1,wholesaler,1,,,,,,25.48,8.3,,,,,,,52,hitl
160,2026-04-14 22:00,retail_1,retail,1,,,,,,,,0.0,30.0,1.0,26.5,11.61,20.0,52,hitl
161,2026-04-14 22:15,supplier_1,supplier,1,132.86,,,,,,,,,,,,,52,hitl
161,2026-04-14 22:15,farm_1,farm,1,,210.0,0.225,,,,,,,,,,,52,hitl
161,2026-04-14 22:15,slaughterhouse_1,slaughterhouse,1,,,,113.0,71.69,,,,,,,,,52,hitl
161,2026-04-14 22:15,wholesaler_1,wholesaler,1,,,,,,26.8,8.3,,,,,,,52,hitl
161,2026-04-14 22:15,retail_1,retail,1,,,,,,,,0.0,30.0,1.0,26.75,11.61,20.0,52,hitl
162,2026-04-14 22:30,supplier_1,supplier,1,132.2,,,,,,,,,,,,,52,hitl
162,2026-04-14 22:30,farm_1,farm,1,,210.0,0.225,,,,,,,,,,,52,hitl
162,2026-04-14 22:30,slaughterhouse_1,slaughterhouse,1,,,,113.0,74.81,,,,,,,,,52,hitl
162,2026-04-14 22:30,wholesaler_1,wholesaler,1,,,,,,24.03,8.3,,,,,,,52,hitl
162,2026-04-14 22:30,retail_1,retail,1,,,,,,,,0.0,30.0,1.0,27.0,11.61,20.0,52,hitl
163,2026-04-14 22:45,supplier_1,supplier,1,131.29,,,,,,,,,,,,,52,hitl
163,2026-04-14 22:45,farm_1,farm,1,,210.0,0.225,,,,,,,,,,,52,hitl
163,2026-04-14 22:45,slaughterhouse_1,slaughterhouse,1,,,,113.0,77.96,,,,,,,,,52,hitl
163,2026-04-14 22:45,wholesaler_1,wholesaler,1,,,,,,22.28,8.3,,,,,,,52,hitl
163,2026-04-14 22:45,retail_1,retail,1,,,,,,,,0.0,30.0,1.0,27.25,11.61,20.0,52,hitl
164,2026-04-14 23:00,supplier_1,supplier,1,130.43,,,,,,,,,,,,,52,hitl
164,2026-04-14 23:00,farm_1,farm,1,,210.0,0.225,,,,,,,,,,,52,hitl
164,2026-04-14 23:00,slaughterhouse_1,slaughterhouse,1,,,,113.0,80.86,,,,,,,,,52,hitl
164,2026-04-14 23:00,wholesaler_1,wholesaler,1,,,,,,20.72,8.3,,,,,,,52,hitl
164,2026-04-14 23:00,retail_1,retail,1,,,,,,,,0.0,30.0,1.0,27.5,11.61,20.0,52,hitl
165,2026-04-14 23:15,supplier_1,supplier,1,129.88,,,,,,,,,,,,,52,hitl
165,2026-04-14 23:15,farm_1,farm,1,,210.0,0.225,,,,,,,,,,,52,hitl
165,2026-04-14 23:15,slaughterhouse_1,slaughterhouse,1,,,,113.0,83.93,,,,,,,,,52,hitl
165,2026-04-14 23:15,wholesaler_1,wholesaler,1,,,,,,18.42,8.3,,,,,,,52,hitl
165,2026-04-14 23:15,retail_1,retail,1,,,,,,,,0.0,30.0,1.0,27.75,11.61,20.0,52,hitl
166,2026-04-14 23:30,supplier_1,supplier,1,129.33,,,,,,,,,,,,,52,hitl
166,2026-04-14 23:30,farm_1,farm,1,,210.0,0.225,,,,,,,,,,,52,hitl
166,2026-04-14 23:30,slaughterhouse_1,slaughterhouse,1,,,,113.0,87.17,,,,,,,,,52,hitl
166,2026-04-14 23:30,wholesaler_1,wholesaler,1,,,,,,16.92,8.3,,,,,,,52,hitl
166,2026-04-14 23:30,retail_1,retail,1,,,,,,,,0.0,30.0,1.0,28.0,11.61,20.0,52,hitl
167,2026-04-14 23:45,supplier_1,supplier,1,128.56,,,,,,,,,,,,,52,hitl
167,2026-04-14 23:45,farm_1,farm,1,,210.0,0.225,,,,,,,,,,,52,hitl
167,2026-04-14 23:45,slaughterhouse_1,slaughterhouse,1,,,,113.0,90.36,,,,,,,,,52,hitl
167,2026-04-14 23:45,wholesaler_1,wholesaler,1,,,,,,15.2,8.3,,,,,,,52,hitl
167,2026-04-14 23:45,retail_1,retail,1,,,,,,,,0.0,30.0,1.0,28.25,11.61,20.0,52,hitl
168,2026-04-15 00:00,supplier_1,supplier,1,127.19,,,,,,,,,,,,,52,hitl
168,2026-04-15 00:00,farm_1,farm,1,,210.0,0.225,,,,,,,,,,,52,hitl
168,2026-04-15 00:00,slaughterhouse_1,slaughterhouse,1,,,,113.0,89.03,,,,,,,,,52,hitl
168,2026-04-15 00:00,wholesaler_1,wholesaler,1,,,,,,13.29,8.3,,,,,,,52,hitl
168,2026-04-15 00:00,retail_1,retail,1,,,,,,,,0.0,30.0,1.0,28.5,11.61,20.0,52,hitl
169,2026-04-15 00:15,supplier_1,supplier,1,126.16,,,,,,,,,,,,,52,hitl
169,2026-04-15 00:15,farm_1,farm,1,,210.0,0.225,,,,,,,,,,,52,hitl
169,2026-04-15 00:15,slaughterhouse_1,slaughterhouse,1,,,,113.0,92.27,,,,,,,,,52,hitl
169,2026-04-15 00:15,wholesaler_1,wholesaler,1,,,,,,15.4,8.3,,,,,,,52,hitl
169,2026-04-15 00:15,retail_1,retail,1,,,,,,,,0.0,30.0,1.0,28.75,11.61,20.0,52,hitl
170,2026-04-15 00:30,supplier_1,supplier,1,125.18,,,,,,,,,,,,,52,hitl
170,2026-04-15 00:30,farm_1,farm,1,,210.0,0.225,,,,,,,,,,,52,hitl
170,2026-04-15 00:30,slaughterhouse_1,slaughterhouse,1,,,,113.0,95.19,,,,,,,,,52,hitl
170,2026-04-15 00:30,wholesaler_1,wholesaler,1,,,,,,12.62,8.3,,,,,,,52,hitl
170,2026-04-15 00:30,retail_1,retail,1,,,,,,,,0.0,30.0,1.0,29.0,11.61,20.0,52,hitl
171,2026-04-15 00:45,supplier_1,supplier,1,124.33,,,,,,,,,,,,,52,hitl
171,2026-04-15 00:45,farm_1,farm,1,,210.0,0.225,,,,,,,,,,,52,hitl
171,2026-04-15 00:45,slaughterhouse_1,slaughterhouse,1,,,,113.0,98.21,,,,,,,,,52,hitl
171,2026-04-15 00:45,wholesaler_1,wholesaler,1,,,,,,10.34,8.3,,,,,,,52,hitl
171,2026-04-15 00:45,retail_1,retail,1,,,,,,,,0.0,30.0,1.0,29.25,11.61,20.0,52,hitl
172,2026-04-15 01:00,supplier_1,supplier,1,123.7,,,,,,,,,,,,,52,hitl
172,2026-04-15 01:00,farm_1,farm,1,,210.0,0.225,,,,,,,,,,,52,hitl
172,2026-04-15 01:00,slaughterhouse_1,slaughterhouse,1,,,,113.0,101.2,,,,,,,,,52,hitl
172,2026-04-15 01:00,wholesaler_1,wholesaler,1,,,,,,8.29,8.3,,,,,,,52,hitl
172,2026-04-15 01:00,retail_1,retail,1,,,,,,,,0.0,30.0,1.0,29.5,11.61,20.0,52,hitl
173,2026-04-15 01:15,supplier_1,supplier,1,122.9,,,,,,,,,,,,,52,hitl
173,2026-04-15 01:15,farm_1,farm,1,,210.0,0.225,,,,,,,,,,,52,hitl
173,2026-04-15 01:15,slaughterhouse_1,slaughterhouse,1,,,,113.0,104.31,,,,,,,,,52,hitl
173,2026-04-15 01:15,wholesaler_1,wholesaler,1,,,,,,6.23,8.3,,,,,,,52,hitl
173,2026-04-15 01:15,retail_1,retail,1,,,,,,,,0.0,30.0,1.0,29.75,11.61,20.0,52,hitl
174,2026-04-15 01:30,supplier_1,supplier,1,121.66,,,,,,,,,,,,,52,hitl
174,2026-04-15 01:30,farm_1,farm,1,,210.0,0.225,,,,,,,,,,,52,hitl
174,2026-04-15 01:30,slaughterhouse_1,slaughterhouse,1,,,,113.0,107.21,,,,,,,,,52,hitl
174,2026-04-15 01:30,wholesaler_1,wholesaler,1,,,,,,4.54,8.3,,,,,,,52,hitl
174,2026-04-15 01:30,retail_1,retail,1,,,,,,,,0.0,30.0,1.0,30.0,11.61,20.0,52,hitl
175,2026-04-15 01:45,supplier_1,supplier,1,120.31,,,,,,,,,,,,,52,hitl
175,2026-04-15 01:45,farm_1,farm,1,,210.0,0.225,,,,,,,,,,,52,hitl
175,2026-04-15 01:45,slaughterhouse_1,slaughterhouse,1,,,,113.0,110.5,,,,,,,,,52,hitl
175,2026-04-15 01:45,wholesaler_1,wholesaler,1,,,,,,1.89,8.3,,,,,,,52,hitl
175,2026-04-15 01:45,retail_1,retail,1,,,,,,,,0.0,30.0,1.0,30.25,11.61,20.0,52,hitl
176,2026-04-15 02:00,supplier_1,supplier,1,119.15,,,,,,,,,,,,,52,hitl
176,2026-04-15 02:00,farm_1,farm,1,,210.0,0.225,,,,,,,,,,,52,hitl
176,2026-04-15 02:00,slaughterhouse_1,slaughterhouse,1,,,,113.0,109.44,,,,,,,,,52,hitl
176,2026-04-15 02:00,wholesaler_1,wholesaler,1,,,,,,0.0,8.3,,,,,,,52,hitl
176,2026-04-15 02:00,retail_1,retail,1,,,,,,,,0.0,30.0,1.0,30.5,11.61,20.0,52,hitl
177,2026-04-15 02:15,supplier_1,supplier,1,118.09,,,,,,,,,,,,,52,hitl
177,2026-04-15 02:15,farm_1,farm,1,,210.0,0.225,,,,,,,,,,,52,hitl
177,2026-04-15 02:15,slaughterhouse_1,slaughterhouse,1,,,,113.0,112.76,,,,,,,,,52,hitl
177,2026-04-15 02:15,wholesaler_1,wholesaler,1,,,,,,4.32,8.3,,,,,,,52,hitl
177,2026-04-15 02:15,retail_1,retail,1,,,,,,,,0.0,30.0,1.0,30.75,11.61,20.0,52,hitl
178,2026-04-15 02:30,supplier_1,supplier,1,117.07,,,,,,,,,,,,,52,hitl
178,2026-04-15 02:30,farm_1,farm,1,,210.0,0.225,,,,,,,,,,,52,hitl
178,2026-04-15 02:30,slaughterhouse_1,slaughterhouse,1,,,,113.0,115.8,,,,,,,,,52,hitl
178,2026-04-15 02:30,wholesaler_1,wholesaler,1,,,,,,2.51,8.3,,,,,,,52,hitl
178,2026-04-15 02:30,retail_1,retail,1,,,,,,,,0.0,30.0,1.0,31.0,11.61,20.0,52,hitl
179,2026-04-15 02:45,supplier_1,supplier,1,115.72,,,,,,,,,,,,,52,hitl
179,2026-04-15 02:45,farm_1,farm,1,,210.0,0.225,,,,,,,,,,,52,hitl
179,2026-04-15 02:45,slaughterhouse_1,slaughterhouse,1,,,,113.0,118.79,,,,,,,,,52,hitl
179,2026-04-15 02:45,wholesaler_1,wholesaler,1,,,,,,0.0,8.3,,,,,,,52,hitl
179,2026-04-15 02:45,retail_1,retail,1,,,,,,,,0.0,30.0,1.0,31.25,11.61,20.0,52,hitl
180,2026-04-15 03:00,supplier_1,supplier,1,114.38,,,,,,,,,,,,,52,hitl
180,2026-04-15 03:00,farm_1,farm,1,,210.0,0.225,,,,,,,,,,,52,hitl
180,2026-04-15 03:00,slaughterhouse_1,slaughterhouse,1,,,,113.0,122.11,,,,,,,,,52,hitl
180,2026-04-15 03:00,wholesaler_1,wholesaler,1,,,,,,0.0,8.3,,,,,,,52,hitl
180,2026-04-15 03:00,retail_1,retail,1,,,,,,,,0.0,30.0,1.0,31.5,11.61,20.0,52,hitl
181,2026-04-15 03:15,supplier_1,supplier,1,112.92,,,,,,,,,,,,,52,hitl
181,2026-04-15 03:15,farm_1,farm,1,,210.0,0.225,,,,,,,,,,,52,hitl
181,2026-04-15 03:15,slaughterhouse_1,slaughterhouse,1,,,,113.0,125.3,,,,,,,,,52,hitl
181,2026-04-15 03:15,wholesaler_1,wholesaler,1,,,,,,0.0,8.3,,,,,,,52,hitl
181,2026-04-15 03:15,retail_1,retail,1,,,,,,,,0.0,30.0,1.0,31.75,11.61,20.0,52,hitl
182,2026-04-15 03:30,supplier_1,supplier,1,111.87,,,,,,,,,,,,,52,hitl
182,2026-04-15 03:30,farm_1,farm,1,,210.0,0.225,,,,,,,,,,,52,hitl
182,2026-04-15 03:30,slaughterhouse_1,slaughterhouse,1,,,,113.0,128.54,,,,,,,,,52,hitl
182,2026-04-15 03:30,wholesaler_1,wholesaler,1,,,,,,0.0,8.3,,,,,,,52,hitl
182,2026-04-15 03:30,retail_1,retail,1,,,,,,,,0.0,30.0,1.0,32.0,11.61,20.0,52,hitl
183,2026-04-15 03:45,supplier_1,supplier,1,110.69,,,,,,,,,,,,,52,hitl
183,2026-04-15 03:45,farm_1,farm,1,,210.0,0.225,,,,,,,,,,,52,hitl
183,2026-04-15 03:45,slaughterhouse_1,slaughterhouse,1,,,,113.0,131.67,,,,,,,,,52,hitl
183,2026-04-15 03:45,wholesaler_1,wholesaler,1,,,,,,0.0,8.3,,,,,,,52,hitl
183,2026-04-15 03:45,retail_1,retail,1,,,,,,,,0.0,30.0,1.0,32.25,11.61,20.0,52,hitl
184,2026-04-15 04:00,supplier_1,supplier,1,110.05,,,,,,,,,,,,,52,hitl
184,2026-04-15 04:00,farm_1,farm,1,,210.0,0.225,,,,,,,,,,,52,hitl
184,2026-04-15 04:00,slaughterhouse_1,slaughterhouse,1,,,,113.0,130.67,,,,,,,,,52,hitl
184,2026-04-15 04:00,wholesaler_1,wholesaler,1,,,,,,0.0,8.3,,,,,,,52,hitl
184,2026-04-15 04:00,retail_1,retail,1,,,,,,,,0.0,30.0,1.0,32.5,11.61,20.0,52,hitl
185,2026-04-15 04:15,supplier_1,supplier,1,109.34,,,,,,,,,,,,,52,hitl
185,2026-04-15 04:15,farm_1,farm,1,,210.0,0.225,,,,,,,,,,,52,hitl
185,2026-04-15 04:15,slaughterhouse_1,slaughterhouse,1,,,,113.0,133.59,,,,,,,,,52,hitl
185,2026-04-15 04:15,wholesaler_1,wholesaler,1,,,,,,4.32,8.3,,,,,,,52,hitl
185,2026-04-15 04:15,retail_1,retail,1,,,,,,,,0.0,30.0,1.0,32.75,11.61,20.0,52,hitl
186,2026-04-15 04:30,supplier_1,supplier,1,108.2,,,,,,,,,,,,,52,hitl
186,2026-04-15 04:30,farm_1,farm,1,,210.0,0.225,,,,,,,,,,,52,hitl
186,2026-04-15 04:30,slaughterhouse_1,slaughterhouse,1,,,,113.0,136.88,,,,,,,,,52,hitl
186,2026-04-15 04:30,wholesaler_1,wholesaler,1,,,,,,2.07,8.3,,,,,,,52,hitl
186,2026-04-15 04:30,retail_1,retail,1,,,,,,,,0.0,30.0,1.0,33.0,11.61,20.0,52,hitl
187,2026-04-15 04:45,supplier_1,supplier,1,107.41,,,,,,,,,,,,,52,hitl
187,2026-04-15 04:45,farm_1,farm,1,,210.0,0.225,,,,,,,,,,,52,hitl
187,2026-04-15 04:45,slaughterhouse_1,slaughterhouse,1,,,,113.0,139.95,,,,,,,,,52,hitl
187,2026-04-15 04:45,wholesaler_1,wholesaler,1,,,,,,0.22,8.3,,,,,,,52,hitl
187,2026-04-15 04:45,retail_1,retail,1,,,,,,,,0.0,30.0,1.0,33.25,11.61,20.0,52,hitl
188,2026-04-15 05:00,supplier_1,supplier,1,106.33,,,,,,,,,,,,,52,hitl
188,2026-04-15 05:00,farm_1,farm,1,,210.0,0.225,,,,,,,,,,,52,hitl
188,2026-04-15 05:00,slaughterhouse_1,slaughterhouse,1,,,,113.0,143.21,,,,,,,,,52,hitl
188,2026-04-15 05:00,wholesaler_1,wholesaler,1,,,,,,0.0,8.3,,,,,,,52,hitl
188,2026-04-15 05:00,retail_1,retail,1,,,,,,,,0.0,30.0,1.0,33.5,11.61,20.0,52,hitl
189,2026-04-15 05:15,supplier_1,supplier,1,105.73,,,,,,,,,,,,,52,hitl
189,2026-04-15 05:15,farm_1,farm,1,,210.0,0.225,,,,,,,,,,,52,hitl
189,2026-04-15 05:15,slaughterhouse_1,slaughterhouse,1,,,,113.0,146.21,,,,,,,,,52,hitl
189,2026-04-15 05:15,wholesaler_1,wholesaler,1,,,,,,0.0,8.3,,,,,,,52,hitl
189,2026-04-15 05:15,retail_1,retail,1,,,,,,,,0.0,30.0,1.0,33.75,11.61,20.0,52,hitl
190,2026-04-15 05:30,supplier_1,supplier,1,105.2,,,,,,,,,,,,,52,hitl
190,2026-04-15 05:30,farm_1,farm,1,,210.0,0.225,,,,,,,,,,,52,hitl
190,2026-04-15 05:30,slaughterhouse_1,slaughterhouse,1,,,,113.0,149.53,,,,,,,,,52,hitl
190,2026-04-15 05:30,wholesaler_1,wholesaler,1,,,,,,0.0,8.3,,,,,,,52,hitl
190,2026-04-15 05:30,retail_1,retail,1,,,,,,,,0.0,30.0,1.0,34.0,11.61,20.0,52,hitl
191,2026-04-15 05:45,supplier_1,supplier,1,104.41,,,,,,,,,,,,,52,hitl
191,2026-04-15 05:45,farm_1,farm,1,,210.0,0.225,,,,,,,,,,,52,hitl
191,2026-04-15 05:45,slaughterhouse_1,slaughterhouse,1,,,,113.0,152.88,,,,,,,,,52,hitl
191,2026-04-15 05:45,wholesaler_1,wholesaler,1,,,,,,0.0,8.3,,,,,,,52,hitl
191,2026-04-15 05:45,retail_1,retail,1,,,,,,,,0.0,30.0,1.0,34.25,11.61,20.0,52,hitl
192,2026-04-15 06:00,supplier_1,supplier,1,103.23,,,,,,,,,,,,,52,hitl
192,2026-04-15 06:00,farm_1,farm,1,,210.0,0.225,,,,,,,,,,,52,hitl
192,2026-04-15 06:00,slaughterhouse_1,slaughterhouse,1,,,,113.0,151.75,,,,,,,,,52,hitl
192,2026-04-15 06:00,wholesaler_1,wholesaler,1,,,,,,0.0,8.3,,,,,,,52,hitl
192,2026-04-15 06:00,retail_1,retail,1,,,,,,,,0.0,30.0,1.0,34.5,11.61,20.0,52,hitl
193,2026-04-15 06:15,supplier_1,supplier,1,102.07,,,,,,,,,,,,,52,hitl
193,2026-04-15 06:15,farm_1,farm,1,,210.0,0.225,,,,,,,,,,,52,hitl
193,2026-04-15 06:15,slaughterhouse_1,slaughterhouse,1,,,,113.0,154.75,,,,,,,,,52,hitl
193,2026-04-15 06:15,wholesaler_1,wholesaler,1,,,,,,4.32,8.3,,,,,,,52,hitl
193,2026-04-15 06:15,retail_1,retail,1,,,,,,,,0.0,30.0,1.0,34.75,11.61,20.0,52,hitl
194,2026-04-15 06:30,supplier_1,supplier,1,101.19,,,,,,,,,,,,,52,hitl
194,2026-04-15 06:30,farm_1,farm,1,,210.0,0.225,,,,,,,,,,,52,hitl
194,2026-04-15 06:30,slaughterhouse_1,slaughterhouse,1,,,,113.0,157.99,,,,,,,,,52,hitl
194,2026-04-15 06:30,wholesaler_1,wholesaler,1,,,,,,2.06,8.3,,,,,,,52,hitl
194,2026-04-15 06:30,retail_1,retail,1,,,,,,,,0.0,30.0,1.0,35.0,11.61,20.0,52,hitl
195,2026-04-15 06:45,supplier_1,supplier,1,99.9,,,,,,,,,,,,,52,hitl
195,2026-04-15 06:45,farm_1,farm,1,,210.0,0.225,,,,,,,,,,,52,hitl
195,2026-04-15 06:45,slaughterhouse_1,slaughterhouse,1,,,,113.0,161.15,,,,,,,,,52,hitl
195,2026-04-15 06:45,wholesaler_1,wholesaler,1,,,,,,0.0,8.3,,,,,,,52,hitl
195,2026-04-15 06:45,retail_1,retail,1,,,,,,,,0.0,30.0,1.0,35.25,11.61,20.0,52,hitl
196,2026-04-15 07:00,supplier_1,supplier,1,99.24,,,,,,,,,,,,,52,hitl
196,2026-04-15 07:00,farm_1,farm,1,,210.0,0.225,,,,,,,,,,,52,hitl
196,2026-04-15 07:00,slaughterhouse_1,slaughterhouse,1,,,,113.0,164.45,,,,,,,,,52,hitl
196,2026-04-15 07:00,wholesaler_1,wholesaler,1,,,,,,0.0,8.3,,,,,,,52,hitl
196,2026-04-15 07:00,retail_1,retail,1,,,,,,,,0.0,30.0,1.0,35.5,11.61,20.0,52,hitl
197,2026-04-15 07:15,supplier_1,supplier,1,98.02,,,,,,,,,,,,,52,hitl
197,2026-04-15 07:15,farm_1,farm,1,,210.0,0.225,,,,,,,,,,,52,hitl
197,2026-04-15 07:15,slaughterhouse_1,slaughterhouse,1,,,,113.0,167.36,,,,,,,,,52,hitl
197,2026-04-15 07:15,wholesaler_1,wholesaler,1,,,,,,0.0,8.3,,,,,,,52,hitl
197,2026-04-15 07:15,retail_1,retail,1,,,,,,,,0.0,30.0,1.0,35.75,11.61,20.0,52,hitl
198,2026-04-15 07:30,supplier_1,supplier,1,96.73,,,,,,,,,,,,,52,hitl
198,2026-04-15 07:30,farm_1,farm,1,,210.0,0.225,,,,,,,,,,,52,hitl
198,2026-04-15 07:30,slaughterhouse_1,slaughterhouse,1,,,,113.0,170.69,,,,,,,,,52,hitl
198,2026-04-15 07:30,wholesaler_1,wholesaler,1,,,,,,0.0,8.3,,,,,,,52,hitl
198,2026-04-15 07:30,retail_1,retail,1,,,,,,,,0.0,30.0,1.0,36.0,11.61,20.0,52,hitl
199,2026-04-15 07:45,supplier_1,supplier,1,96.01,,,,,,,,,,,,,52,hitl
199,2026-04-15 07:45,farm_1,farm,1,,210.0,0.225,,,,,,,,,,,52,hitl
199,2026-04-15 07:45,slaughterhouse_1,slaughterhouse,1,,,,113.0,174.06,,,,,,,,,52,hitl
199,2026-04-15 07:45,wholesaler_1,wholesaler,1,,,,,,0.0,8.3,,,,,,,52,hitl
199,2026-04-15 07:45,retail_1,retail,1,,,,,,,,0.0,30.0,1.0,36.25,11.61,20.0,52,hitl
200,2026-04-15 08:00,supplier_1,supplier,1,94.63,,,,,,,,,,,,,52,hitl
200,2026-04-15 08:00,farm_1,farm,1,,210.0,0.225,,,,,,,,,,,52,hitl
200,2026-04-15 08:00,slaughterhouse_1,slaughterhouse,1,,,,113.0,172.79,,,,,,,,,52,hitl
200,2026-04-15 08:00,wholesaler_1,wholesaler,1,,,,,,0.0,8.3,,,,,,,52,hitl
200,2026-04-15 08:00,retail_1,retail,1,,,,,,,,0.0,30.0,1.0,36.5,11.61,20.0,52,hitl
201,2026-04-15 08:15,supplier_1,supplier,1,93.73,,,,,,,,,,,,,52,hitl
201,2026-04-15 08:15,farm_1,farm,1,,210.0,0.225,,,,,,,,,,,52,hitl
201,2026-04-15 08:15,slaughterhouse_1,slaughterhouse,1,,,,113.0,176.03,,,,,,,,,52,hitl
201,2026-04-15 08:15,wholesaler_1,wholesaler,1,,,,,,4.32,8.3,,,,,,,52,hitl
201,2026-04-15 08:15,retail_1,retail,1,,,,,,,,0.0,30.0,1.0,36.75,11.61,20.0,52,hitl
202,2026-04-15 08:30,supplier_1,supplier,1,92.47,,,,,,,,,,,,,52,hitl
202,2026-04-15 08:30,farm_1,farm,1,,210.0,0.225,,,,,,,,,,,52,hitl
202,2026-04-15 08:30,slaughterhouse_1,slaughterhouse,1,,,,113.0,179.25,,,,,,,,,52,hitl
202,2026-04-15 08:30,wholesaler_1,wholesaler,1,,,,,,1.84,8.3,,,,,,,52,hitl
202,2026-04-15 08:30,retail_1,retail,1,,,,,,,,0.0,30.0,1.0,37.0,11.61,20.0,52,hitl
203,2026-04-15 08:45,supplier_1,supplier,1,91.86,,,,,,,,,,,,,52,hitl
203,2026-04-15 08:45,farm_1,farm,1,,210.0,0.225,,,,,,,,,,,52,hitl
203,2026-04-15 08:45,slaughterhouse_1,slaughterhouse,1,,,,113.0,182.4,,,,,,,,,52,hitl
203,2026-04-15 08:45,wholesaler_1,wholesaler,1,,,,,,0.16,8.3,,,,,,,52,hitl
203,2026-04-15 08:45,retail_1,retail,1,,,,,,,,0.0,30.0,1.0,37.25,11.61,20.0,52,hitl
204,2026-04-15 09:00,supplier_1,supplier,1,90.64,,,,,,,,,,,,,52,hitl
204,2026-04-15 09:00,farm_1,farm,1,,210.0,0.225,,,,,,,,,,,52,hitl
204,2026-04-15 09:00,slaughterhouse_1,slaughterhouse,1,,,,113.0,185.59,,,,,,,,,52,hitl
204,2026-04-15 09:00,wholesaler_1,wholesaler,1,,,,,,0.0,8.3,,,,,,,52,hitl
204,2026-04-15 09:00,retail_1,retail,1,,,,,,,,0.0,30.0,1.0,37.5,11.61,20.0,52,hitl
205,2026-04-15 09:15,supplier_1,supplier,1,89.69,,,,,,,,,,,,,52,hitl
205,2026-04-15 09:15,farm_1,farm,1,,210.0,0.225,,,,,,,,,,,52,hitl
205,2026-04-15 09:15,slaughterhouse_1,slaughterhouse,1,,,,113.0,188.71,,,,,,,,,52,hitl
205,2026-04-15 09:15,wholesaler_1,wholesaler,1,,,,,,0.0,8.3,,,,,,,52,hitl
205,2026-04-15 09:15,retail_1,retail,1,,,,,,,,0.0,30.0,1.0,37.75,11.61,20.0,52,hitl
206,2026-04-15 09:30,supplier_1,supplier,1,88.41,,,,,,,,,,,,,52,hitl
206,2026-04-15 09:30,farm_1,farm,1,,210.0,0.225,,,,,,,,,,,52,hitl
206,2026-04-15 09:30,slaughterhouse_1,slaughterhouse,1,,,,113.0,191.82,,,,,,,,,52,hitl
206,2026-04-15 09:30,wholesaler_1,wholesaler,1,,,,,,0.0,8.3,,,,,,,52,hitl
206,2026-04-15 09:30,retail_1,retail,1,,,,,,,,0.0,30.0,1.0,38.0,11.61,20.0,52,hitl
207,2026-04-15 09:45,supplier_1,supplier,1,87.03,,,,,,,,,,,,,52,hitl
207,2026-04-15 09:45,farm_1,farm,1,,210.0,0.225,,,,,,,,,,,52,hitl
207,2026-04-15 09:45,slaughterhouse_1,slaughterhouse,1,,,,113.0,195.02,,,,,,,,,52,hitl
207,2026-04-15 09:45,wholesaler_1,wholesaler,1,,,,,,0.0,8.3,,,,,,,52,hitl
207,2026-04-15 09:45,retail_1,retail,1,,,,,,,,0.0,30.0,1.0,38.25,11.61,20.0,52,hitl
208,2026-04-15 10:00,supplier_1,supplier,1,85.67,,,,,,,,,,,,,52,hitl
208,2026-04-15 10:00,farm_1,farm,1,,210.0,0.225,,,,,,,,,,,52,hitl
208,2026-04-15 10:00,slaughterhouse_1,slaughterhouse,1,,,,113.0,193.9,,,,,,,,,52,hitl
208,2026-04-15 10:00,wholesaler_1,wholesaler,1,,,,,,0.0,8.3,,,,,,,52,hitl
208,2026-04-15 10:00,retail_1,retail,1,,,,,,,,0.0,30.0,1.0,38.5,11.61,20.0,52,hitl
209,2026-04-15 10:15,supplier_1,supplier,1,85.05,,,,,,,,,,,,,52,hitl
209,2026-04-15 10:15,farm_1,farm,1,,210.0,0.225,,,,,,,,,,,52,hitl
209,2026-04-15 10:15,slaughterhouse_1,slaughterhouse,1,,,,113.0,196.98,,,,,,,,,52,hitl
209,2026-04-15 10:15,wholesaler_1,wholesaler,1,,,,,,4.32,8.3,,,,,,,52,hitl
209,2026-04-15 10:15,retail_1,retail,1,,,,,,,,0.0,30.0,1.0,38.75,11.61,20.0,52,hitl
210,2026-04-15 10:30,supplier_1,supplier,1,84.47,,,,,,,,,,,,,52,hitl
210,2026-04-15 10:30,farm_1,farm,1,,210.0,0.225,,,,,,,,,,,52,hitl
210,2026-04-15 10:30,slaughterhouse_1,slaughterhouse,1,,,,113.0,199.99,,,,,,,,,52,hitl
210,2026-04-15 10:30,wholesaler_1,wholesaler,1,,,,,,1.39,8.3,,,,,,,52,hitl
210,2026-04-15 10:30,retail_1,retail,1,,,,,,,,0.0,30.0,1.0,39.0,11.61,20.0,52,hitl
211,2026-04-15 10:45,supplier_1,supplier,1,83.26,,,,,,,,,,,,,52,hitl
211,2026-04-15 10:45,farm_1,farm,1,,210.0,0.225,,,,,,,,,,,52,hitl
211,2026-04-15 10:45,slaughterhouse_1,slaughterhouse,1,,,,113.0,203.13,,,,,,,,,52,hitl
211,2026-04-15 10:45,wholesaler_1,wholesaler,1,,,,,,0.0,8.3,,,,,,,52,hitl
211,2026-04-15 10:45,retail_1,retail,1,,,,,,,,0.0,30.0,1.0,39.25,11.61,20.0,52,hitl
212,2026-04-15 11:00,supplier_1,supplier,1,82.45,,,,,,,,,,,,,52,hitl
212,2026-04-15 11:00,farm_1,farm,1,,210.0,0.225,,,,,,,,,,,52,hitl
212,2026-04-15 11:00,slaughterhouse_1,slaughterhouse,1,,,,113.0,206.22,,,,,,,,,52,hitl
212,2026-04-15 11:00,wholesaler_1,wholesaler,1,,,,,,0.0,8.3,,,,,,,52,hitl
212,2026-04-15 11:00,retail_1,retail,1,,,,,,,,0.0,30.0,1.0,39.5,11.61,20.0,52,hitl
213,2026-04-15 11:15,supplier_1,supplier,1,81.19,,,,,,,,,,,,,52,hitl
213,2026-04-15 11:15,farm_1,farm,1,,210.0,0.225,,,,,,,,,,,52,hitl
213,2026-04-15 11:15,slaughterhouse_1,slaughterhouse,1,,,,113.0,209.27,,,,,,,,,52,hitl
213,2026-04-15 11:15,wholesaler_1,wholesaler,1,,,,,,0.0,8.3,,,,,,,52,hitl
213,2026-04-15 11:15,retail_1,retail,1,,,,,,,,0.0,30.0,1.0,39.75,11.61,20.0,52,hitl
214,2026-04-15 11:30,supplier_1,supplier,1,80.35,,,,,,,,,,,,,52,hitl
214,2026-04-15 11:30,farm_1,farm,1,,210.0,0.225,,,,,,,,,,,52,hitl
214,2026-04-15 11:30,slaughterhouse_1,slaughterhouse,1,,,,113.0,212.54,,,,,,,,,52,hitl
214,2026-04-15 11:30,wholesaler_1,wholesaler,1,,,,,,0.0,8.3,,,,,,,52,hitl
214,2026-04-15 11:30,retail_1,retail,1,,,,,,,,0.0,30.0,1.0,40.0,11.61,20.0,52,hitl
215,2026-04-15 11:45,supplier_1,supplier,1,79.31,,,,,,,,,,,,,52,hitl
215,2026-04-15 11:45,farm_1,farm,1,,210.0,0.225,,,,,,,,,,,52,hitl
215,2026-04-15 11:45,slaughterhouse_1,slaughterhouse,1,,,,113.0,215.43,,,,,,,,,52,hitl
215,2026-04-15 11:45,wholesaler_1,wholesaler,1,,,,,,0.0,8.3,,,,,,,52,hitl
215,2026-04-15 11:45,retail_1,retail,1,,,,,,,,0.0,30.0,1.0,40.25,11.61,20.0,52,hitl
216,2026-04-15 12:00,supplier_1,supplier,1,78.54,,,,,,,,,,,,,52,hitl
216,2026-04-15 12:00,farm_1,farm,1,,210.0,0.225,,,,,,,,,,,52,hitl
216,2026-04-15 12:00,slaughterhouse_1,slaughterhouse,1,,,,113.0,214.16,,,,,,,,,52,hitl
216,2026-04-15 12:00,wholesaler_1,wholesaler,1,,,,,,0.0,8.3,,,,,,,52,hitl
216,2026-04-15 12:00,retail_1,retail,1,,,,,,,,0.0,30.0,1.0,40.5,11.61,20.0,52,hitl
217,2026-04-15 12:15,supplier_1,supplier,1,77.12,,,,,,,,,,,,,52,hitl
217,2026-04-15 12:15,farm_1,farm,1,,210.0,0.225,,,,,,,,,,,52,hitl
217,2026-04-15 12:15,slaughterhouse_1,slaughterhouse,1,,,,113.0,217.38,,,,,,,,,52,hitl
217,2026-04-15 12:15,wholesaler_1,wholesaler,1,,,,,,4.32,8.3,,,,,,,52,hitl
217,2026-04-15 12:15,retail_1,retail,1,,,,,,,,0.0,30.0,1.0,40.75,11.61,20.0,52,hitl
218,2026-04-15 12:30,supplier_1,supplier,1,76.59,,,,,,,,,,,,,52,hitl
218,2026-04-15 12:30,farm_1,farm,1,,210.0,0.225,,,,,,,,,,,52,hitl
218,2026-04-15 12:30,slaughterhouse_1,slaughterhouse,1,,,,113.0,220.48,,,,,,,,,52,hitl
218,2026-04-15 12:30,wholesaler_1,wholesaler,1,,,,,,2.75,8.3,,,,,,,52,hitl
218,2026-04-15 12:30,retail_1,retail,1,,,,,,,,0.0,30.0,1.0,41.0,11.61,20.0,52,hitl
219,2026-04-15 12:45,supplier_1,supplier,1,75.9,,,,,,,,,,,,,52,hitl
219,2026-04-15 12:45,farm_1,farm,1,,210.0,0.225,,,,,,,,,,,52,hitl
219,2026-04-15 12:45,slaughterhouse_1,slaughterhouse,1,,,,113.0,223.73,,,,,,,,,52,hitl
219,2026-04-15 12:45,wholesaler_1,wholesaler,1,,,,,,0.38,8.3,,,,,,,52,hitl
219,2026-04-15 12:45,retail_1,retail,1,,,,,,,,0.0,30.0,1.0,41.25,11.61,20.0,52,hitl
220,2026-04-15 13:00,supplier_1,supplier,1,74.65,,,,,,,,,,,,,52,hitl
220,2026-04-15 13:00,farm_1,farm,1,,210.0,0.225,,,,,,,,,,,52,hitl
220,2026-04-15 13:00,slaughterhouse_1,slaughterhouse,1,,,,113.0,226.67,,,,,,,,,52,hitl
220,2026-04-15 13:00,wholesaler_1,wholesaler,1,,,,,,0.0,8.3,,,,,,,52,hitl
220,2026-04-15 13:00,retail_1,retail,1,,,,,,,,0.0,30.0,1.0,41.5,11.61,20.0,52,hitl
221,2026-04-15 13:15,supplier_1,supplier,1,73.94,,,,,,,,,,,,,52,hitl
221,2026-04-15 13:15,farm_1,farm,1,,210.0,0.225,,,,,,,,,,,52,hitl
221,2026-04-15 13:15,slaughterhouse_1,slaughterhouse,1,,,,113.0,229.62,,,,,,,,,52,hitl
221,2026-04-15 13:15,wholesaler_1,wholesaler,1,,,,,,0.0,8.3,,,,,,,52,hitl
221,2026-04-15 13:15,retail_1,retail,1,,,,,,,,0.0,30.0,1.0,41.75,11.61,20.0,52,hitl
222,2026-04-15 13:30,supplier_1,supplier,1,73.21,,,,,,,,,,,,,52,hitl
222,2026-04-15 13:30,farm_1,farm,1,,210.0,0.225,,,,,,,,,,,52,hitl
222,2026-04-15 13:30,slaughterhouse_1,slaughterhouse,1,,,,113.0,232.91,,,,,,,,,52,hitl
222,2026-04-15 13:30,wholesaler_1,wholesaler,1,,,,,,0.0,8.3,,,,,,,52,hitl
222,2026-04-15 13:30,retail_1,retail,1,,,,,,,,0.0,30.0,1.0,42.0,11.61,20.0,52,hitl
223,2026-04-15 13:45,supplier_1,supplier,1,72.42,,,,,,,,,,,,,52,hitl
223,2026-04-15 13:45,farm_1,farm,1,,210.0,0.225,,,,,,,,,,,52,hitl
223,2026-04-15 13:45,slaughterhouse_1,slaughterhouse,1,,,,113.0,235.93,,,,,,,,,52,hitl
223,2026-04-15 13:45,wholesaler_1,wholesaler,1,,,,,,0.0,8.3,,,,,,,52,hitl
223,2026-04-15 13:45,retail_1,retail,1,,,,,,,,0.0,30.0,1.0,42.25,11.61,20.0,52,hitl
224,2026-04-15 14:00,supplier_1,supplier,1,71.08,,,,,,,,,,,,,52,hitl
224,2026-04-15 14:00,farm_1,farm,1,,210.0,0.225,,,,,,,,,,,52,hitl
224,2026-04-15 14:00,slaughterhouse_1,slaughterhouse,1,,,,113.0,234.55,,,,,,,,,52,hitl
224,2026-04-15 14:00,wholesaler_1,wholesaler,1,,,,,,0.0,8.3,,,,,,,52,hitl
224,2026-04-15 14:00,retail_1,retail,1,,,,,,,,0.0,30.0,1.0,42.5,11.61,20.0,52,hitl
225,2026-04-15 14:15,supplier_1,supplier,1,70.25,,,,,,,,,,,,,52,hitl
225,2026-04-15 14:15,farm_1,farm,1,,210.0,0.225,,,,,,,,,,,52,hitl
225,2026-04-15 14:15,slaughterhouse_1,slaughterhouse,1,,,,113.0,237.58,,,,,,,,,52,hitl
225,2026-04-15 14:15,wholesaler_1,wholesaler,1,,,,,,4.32,8.3,,,,,,,52,hitl
225,2026-04-15 14:15,retail_1,retail,1,,,,,,,,0.0,30.0,1.0,42.75,11.61,20.0,52,hitl
226,2026-04-15 14:30,supplier_1,supplier,1,69.33,,,,,,,,,,,,,52,hitl
226,2026-04-15 14:30,farm_1,farm,1,,210.0,0.225,,,,,,,,,,,52,hitl
226,2026-04-15 14:30,slaughterhouse_1,slaughterhouse,1,,,,113.0,240.51,,,,,,,,,52,hitl
226,2026-04-15 14:30,wholesaler_1,wholesaler,1,,,,,,2.71,8.3,,,,,,,52,hitl
226,2026-04-15 14:30,retail_1,retail,1,,,,,,,,0.0,30.0,1.0,43.0,11.61,20.0,52,hitl
227,2026-04-15 14:45,supplier_1,supplier,1,68.83,,,,,,,,,,,,,52,hitl
227,2026-04-15 14:45,farm_1,farm,1,,210.0,0.225,,,,,,,,,,,52,hitl
227,2026-04-15 14:45,slaughterhouse_1,slaughterhouse,1,,,,113.0,243.66,,,,,,,,,52,hitl
227,2026-04-15 14:45,wholesaler_1,wholesaler,1,,,,,,1.03,8.3,,,,,,,52,hitl
227,2026-04-15 14:45,retail_1,retail,1,,,,,,,,0.0,30.0,1.0,43.25,11.61,20.0,52,hitl
228,2026-04-15 15:00,supplier_1,supplier,1,67.71,,,,,,,,,,,,,52,hitl
228,2026-04-15 15:00,farm_1,farm,1,,210.0,0.225,,,,,,,,,,,52,hitl
228,2026-04-15 15:00,slaughterhouse_1,slaughterhouse,1,,,,113.0,246.84,,,,,,,,,52,hitl
228,2026-04-15 15:00,wholesaler_1,wholesaler,1,,,,,,0.0,8.3,,,,,,,52,hitl
228,2026-04-15 15:00,retail_1,retail,1,,,,,,,,0.0,30.0,1.0,43.5,11.61,20.0,52,hitl
229,2026-04-15 15:15,supplier_1,supplier,1,67.2,,,,,,,,,,,,,52,hitl
229,2026-04-15 15:15,farm_1,farm,1,,210.0,0.225,,,,,,,,,,,52,hitl
229,2026-04-15 15:15,slaughterhouse_1,slaughterhouse,1,,,,113.0,249.96,,,,,,,,,52,hitl
229,2026-04-15 15:15,wholesaler_1,wholesaler,1,,,,,,0.0,8.3,,,,,,,52,hitl
229,2026-04-15 15:15,retail_1,retail,1,,,,,,,,0.0,30.0,1.0,43.75,11.61,20.0,52,hitl
230,2026-04-15 15:30,supplier_1,supplier,1,65.87,,,,,,,,,,,,,52,hitl
230,2026-04-15 15:30,farm_1,farm,1,,210.0,0.225,,,,,,,,,,,52,hitl
230,2026-04-15 15:30,slaughterhouse_1,slaughterhouse,1,,,,113.0,253.33,,,,,,,,,52,hitl
230,2026-04-15 15:30,wholesaler_1,wholesaler,1,,,,,,0.0,8.3,,,,,,,52,hitl
230,2026-04-15 15:30,retail_1,retail,1,,,,,,,,0.0,30.0,1.0,44.0,11.61,20.0,52,hitl
231,2026-04-15 15:45,supplier_1,supplier,1,64.93,,,,,,,,,,,,,52,hitl
231,2026-04-15 15:45,farm_1,farm,1,,210.0,0.225,,,,,,,,,,,52,hitl
231,2026-04-15 15:45,slaughterhouse_1,slaughterhouse,1,,,,113.0,256.36,,,,,,,,,52,hitl
231,2026-04-15 15:45,wholesaler_1,wholesaler,1,,,,,,0.0,8.3,,,,,,,52,hitl
231,2026-04-15 15:45,retail_1,retail,1,,,,,,,,0.0,30.0,1.0,44.25,11.61,20.0,52,hitl
232,2026-04-15 16:00,supplier_1,supplier,1,63.55,,,,,,,,,,,,,52,hitl
232,2026-04-15 16:00,farm_1,farm,1,,210.0,0.225,,,,,,,,,,,52,hitl
232,2026-04-15 16:00,slaughterhouse_1,slaughterhouse,1,,,,113.0,255.16,,,,,,,,,52,hitl
232,2026-04-15 16:00,wholesaler_1,wholesaler,1,,,,,,0.0,8.3,,,,,,,52,hitl
232,2026-04-15 16:00,retail_1,retail,1,,,,,,,,0.0,30.0,1.0,44.5,11.61,20.0,52,hitl
233,2026-04-15 16:15,supplier_1,supplier,1,62.84,,,,,,,,,,,,,52,hitl
233,2026-04-15 16:15,farm_1,farm,1,,210.0,0.225,,,,,,,,,,,52,hitl
233,2026-04-15 16:15,slaughterhouse_1,slaughterhouse,1,,,,113.0,258.43,,,,,,,,,52,hitl
233,2026-04-15 16:15,wholesaler_1,wholesaler,1,,,,,,4.32,8.3,,,,,,,52,hitl
233,2026-04-15 16:15,retail_1,retail,1,,,,,,,,0.0,30.0,1.0,44.75,11.61,20.0,52,hitl
234,2026-04-15 16:30,supplier_1,supplier,1,61.47,,,,,,,,,,,,,52,hitl
234,2026-04-15 16:30,farm_1,farm,1,,210.0,0.225,,,,,,,,,,,52,hitl
234,2026-04-15 16:30,slaughterhouse_1,slaughterhouse,1,,,,113.0,261.38,,,,,,,,,52,hitl
234,2026-04-15 16:30,wholesaler_1,wholesaler,1,,,,,,2.34,8.3,,,,,,,52,hitl
234,2026-04-15 16:30,retail_1,retail,1,,,,,,,,0.0,30.0,1.0,45.0,11.61,20.0,52,hitl
235,2026-04-15 16:45,supplier_1,supplier,1,60.65,,,,,,,,,,,,,52,hitl
235,2026-04-15 16:45,farm_1,farm,1,,210.0,0.225,,,,,,,,,,,52,hitl
235,2026-04-15 16:45,slaughterhouse_1,slaughterhouse,1,,,,113.0,264.67,,,,,,,,,52,hitl
235,2026-04-15 16:45,wholesaler_1,wholesaler,1,,,,,,0.56,8.3,,,,,,,52,hitl
235,2026-04-15 16:45,retail_1,retail,1,,,,,,,,0.0,30.0,1.0,45.25,11.61,20.0,52,hitl
236,2026-04-15 17:00,supplier_1,supplier,1,59.61,,,,,,,,,,,,,52,hitl
236,2026-04-15 17:00,farm_1,farm,1,,210.0,0.225,,,,,,,,,,,52,hitl
236,2026-04-15 17:00,slaughterhouse_1,slaughterhouse,1,,,,113.0,267.75,,,,,,,,,52,hitl
236,2026-04-15 17:00,wholesaler_1,wholesaler,1,,,,,,0.0,8.3,,,,,,,52,hitl
236,2026-04-15 17:00,retail_1,retail,1,,,,,,,,0.0,30.0,1.0,45.5,11.61,20.0,52,hitl
237,2026-04-15 17:15,supplier_1,supplier,1,58.36,,,,,,,,,,,,,52,hitl
237,2026-04-15 17:15,farm_1,farm,1,,210.0,0.225,,,,,,,,,,,52,hitl
237,2026-04-15 17:15,slaughterhouse_1,slaughterhouse,1,,,,113.0,270.97,,,,,,,,,52,hitl
237,2026-04-15 17:15,wholesaler_1,wholesaler,1,,,,,,0.0,8.3,,,,,,,52,hitl
237,2026-04-15 17:15,retail_1,retail,1,,,,,,,,0.0,30.0,1.0,45.75,11.61,20.0,52,hitl
238,2026-04-15 17:30,supplier_1,supplier,1,57.69,,,,,,,,,,,,,52,hitl
238,2026-04-15 17:30,farm_1,farm,1,,210.0,0.225,,,,,,,,,,,52,hitl
238,2026-04-15 17:30,slaughterhouse_1,slaughterhouse,1,,,,113.0,273.98,,,,,,,,,52,hitl
238,2026-04-15 17:30,wholesaler_1,wholesaler,1,,,,,,0.0,8.3,,,,,,,52,hitl
238,2026-04-15 17:30,retail_1,retail,1,,,,,,,,0.0,30.0,1.0,46.0,11.61,20.0,52,hitl
239,2026-04-15 17:45,supplier_1,supplier,1,56.89,,,,,,,,,,,,,52,hitl
239,2026-04-15 17:45,farm_1,farm,1,,210.0,0.225,,,,,,,,,,,52,hitl
239,2026-04-15 17:45,slaughterhouse_1,slaughterhouse,1,,,,113.0,276.89,,,,,,,,,52,hitl
239,2026-04-15 17:45,wholesaler_1,wholesaler,1,,,,,,0.0,8.3,,,,,,,52,hitl
239,2026-04-15 17:45,retail_1,retail,1,,,,,,,,0.0,30.0,1.0,46.25,11.61,20.0,52,hitl
240,2026-04-15 18:00,supplier_1,supplier,1,56.01,,,,,,,,,,,,,52,hitl
240,2026-04-15 18:00,farm_1,farm,1,,210.0,0.225,,,,,,,,,,,52,hitl
240,2026-04-15 18:00,slaughterhouse_1,slaughterhouse,1,,,,113.0,275.63,,,,,,,,,52,hitl
240,2026-04-15 18:00,wholesaler_1,wholesaler,1,,,,,,0.0,8.3,,,,,,,52,hitl
240,2026-04-15 18:00,retail_1,retail,1,,,,,,,,0.0,30.0,1.0,46.5,11.61,20.0,52,hitl
241,2026-04-15 18:15,supplier_1,supplier,1,55.37,,,,,,,,,,,,,52,hitl
241,2026-04-15 18:15,farm_1,farm,1,,210.0,0.225,,,,,,,,,,,52,hitl
241,2026-04-15 18:15,slaughterhouse_1,slaughterhouse,1,,,,113.0,278.87,,,,,,,,,52,hitl
241,2026-04-15 18:15,wholesaler_1,wholesaler,1,,,,,,4.32,8.3,,,,,,,52,hitl
241,2026-04-15 18:15,retail_1,retail,1,,,,,,,,0.0,30.0,1.0,46.75,11.61,20.0,52,hitl
242,2026-04-15 18:30,supplier_1,supplier,1,54.62,,,,,,,,,,,,,52,hitl
242,2026-04-15 18:30,farm_1,farm,1,,210.0,0.225,,,,,,,,,,,52,hitl
242,2026-04-15 18:30,slaughterhouse_1,slaughterhouse,1,,,,113.0,282.13,,,,,,,,,52,hitl
242,2026-04-15 18:30,wholesaler_1,wholesaler,1,,,,,,2.26,8.3,,,,,,,52,hitl
242,2026-04-15 18:30,retail_1,retail,1,,,,,,,,0.0,30.0,1.0,47.0,11.61,20.0,52,hitl
243,2026-04-15 18:45,supplier_1,supplier,1,53.29,,,,,,,,,,,,,52,hitl
243,2026-04-15 18:45,farm_1,farm,1,,210.0,0.225,,,,,,,,,,,52,hitl
243,2026-04-15 18:45,slaughterhouse_1,slaughterhouse,1,,,,113.0,285.16,,,,,,,,,52,hitl
243,2026-04-15 18:45,wholesaler_1,wholesaler,1,,,,,,0.0,8.3,,,,,,,52,hitl
243,2026-04-15 18:45,retail_1,retail,1,,,,,,,,0.0,30.0,1.0,47.25,11.61,20.0,52,hitl
244,2026-04-15 19:00,supplier_1,supplier,1,52.29,,,,,,,,,,,,,52,hitl
244,2026-04-15 19:00,farm_1,farm,1,,210.0,0.225,,,,,,,,,,,52,hitl
244,2026-04-15 19:00,slaughterhouse_1,slaughterhouse,1,,,,113.0,288.49,,,,,,,,,52,hitl
244,2026-04-15 19:00,wholesaler_1,wholesaler,1,,,,,,0.0,8.3,,,,,,,52,hitl
244,2026-04-15 19:00,retail_1,retail,1,,,,,,,,0.0,30.0,1.0,47.5,11.61,20.0,52,hitl
245,2026-04-15 19:15,supplier_1,supplier,1,51.04,,,,,,,,,,,,,52,hitl
245,2026-04-15 19:15,farm_1,farm,1,,210.0,0.225,,,,,,,,,,,52,hitl
245,2026-04-15 19:15,slaughterhouse_1,slaughterhouse,1,,,,113.0,291.41,,,,,,,,,52,hitl
245,2026-04-15 19:15,wholesaler_1,wholesaler,1,,,,,,0.0,8.3,,,,,,,52,hitl
245,2026-04-15 19:15,retail_1,retail,1,,,,,,,,0.0,30.0,1.0,47.75,11.61,20.0,52,hitl
246,2026-04-15 19:30,supplier_1,supplier,1,50.52,,,,,,,,,,,,,52,hitl
246,2026-04-15 19:30,farm_1,farm,1,,210.0,0.225,,,,,,,,,,,52,hitl
246,2026-04-15 19:30,slaughterhouse_1,slaughterhouse,1,,,,113.0,294.56,,,,,,,,,52,hitl
246,2026-04-15 19:30,wholesaler_1,wholesaler,1,,,,,,0.0,8.3,,,,,,,52,hitl
246,2026-04-15 19:30,retail_1,retail,1,,,,,,,,0.0,30.0,1.0,48.0,11.61,20.0,52,hitl
247,2026-04-15 19:45,supplier_1,supplier,1,49.22,,,,,,,,,,,,,52,hitl
247,2026-04-15 19:45,farm_1,farm,1,,210.0,0.225,,,,,,,,,,,52,hitl
247,2026-04-15 19:45,slaughterhouse_1,slaughterhouse,1,,,,113.0,297.82,,,,,,,,,52,hitl
247,2026-04-15 19:45,wholesaler_1,wholesaler,1,,,,,,0.0,8.3,,,,,,,52,hitl
247,2026-04-15 19:45,retail_1,retail,1,,,,,,,,0.0,30.0,1.0,48.25,11.61,20.0,52,hitl
248,2026-04-15 20:00,supplier_1,supplier,1,48.56,,,,,,,,,,,,,52,hitl
248,2026-04-15 20:00,farm_1,farm,1,,210.0,0.225,,,,,,,,,,,52,hitl
248,2026-04-15 20:00,slaughterhouse_1,slaughterhouse,1,,,,113.0,296.59,,,,,,,,,52,hitl
248,2026-04-15 20:00,wholesaler_1,wholesaler,1,,,,,,0.0,8.3,,,,,,,52,hitl
248,2026-04-15 20:00,retail_1,retail,1,,,,,,,,0.0,30.0,1.0,48.5,11.61,20.0,52,hitl
249,2026-04-15 20:15,supplier_1,supplier,1,47.57,,,,,,,,,,,,,52,hitl
249,2026-04-15 20:15,farm_1,farm,1,,210.0,0.225,,,,,,,,,,,52,hitl
249,2026-04-15 20:15,slaughterhouse_1,slaughterhouse,1,,,,113.0,299.69,,,,,,,,,52,hitl
249,2026-04-15 20:15,wholesaler_1,wholesaler,1,,,,,,4.32,8.3,,,,,,,52,hitl
249,2026-04-15 20:15,retail_1,retail,1,,,,,,,,0.0,30.0,1.0,48.75,11.61,20.0,52,hitl
250,2026-04-15 20:30,supplier_1,supplier,1,46.94,,,,,,,,,,,,,52,hitl
250,2026-04-15 20:30,farm_1,farm,1,,210.0,0.225,,,,,,,,,,,52,hitl
250,2026-04-15 20:30,slaughterhouse_1,slaughterhouse,1,,,,113.0,303.01,,,,,,,,,52,hitl
250,2026-04-15 20:30,wholesaler_1,wholesaler,1,,,,,,1.33,8.3,,,,,,,52,hitl
250,2026-04-15 20:30,retail_1,retail,1,,,,,,,,0.0,30.0,1.0,49.0,11.61,20.0,52,hitl
251,2026-04-15 20:45,supplier_1,supplier,1,46.34,,,,,,,,,,,,,52,hitl
251,2026-04-15 20:45,farm_1,farm,1,,210.0,0.225,,,,,,,,,,,52,hitl
251,2026-04-15 20:45,slaughterhouse_1,slaughterhouse,1,,,,113.0,306.14,,,,,,,,,52,hitl
251,2026-04-15 20:45,wholesaler_1,wholesaler,1,,,,,,0.0,8.3,,,,,,,52,hitl
251,2026-04-15 20:45,retail_1,retail,1,,,,,,,,0.0,30.0,1.0,49.25,11.61,20.0,52,hitl
252,2026-04-15 21:00,supplier_1,supplier,1,45.1,,,,,,,,,,,,,52,hitl
252,2026-04-15 21:00,farm_1,farm,1,,210.0,0.225,,,,,,,,,,,52,hitl
252,2026-04-15 21:00,slaughterhouse_1,slaughterhouse,1,,,,113.0,309.06,,,,,,,,,52,hitl
252,2026-04-15 21:00,wholesaler_1,wholesaler,1,,,,,,0.0,8.3,,,,,,,52,hitl
252,2026-04-15 21:00,retail_1,retail,1,,,,,,,,0.0,30.0,1.0,49.5,11.61,20.0,52,hitl
253,2026-04-15 21:15,supplier_1,supplier,1,44.48,,,,,,,,,,,,,52,hitl
253,2026-04-15 21:15,farm_1,farm,1,,210.0,0.225,,,,,,,,,,,52,hitl
253,2026-04-15 21:15,slaughterhouse_1,slaughterhouse,1,,,,113.0,312.4,,,,,,,,,52,hitl
253,2026-04-15 21:15,wholesaler_1,wholesaler,1,,,,,,0.0,8.3,,,,,,,52,hitl
253,2026-04-15 21:15,retail_1,retail,1,,,,,,,,0.0,30.0,1.0,49.75,11.61,20.0,52,hitl
254,2026-04-15 21:30,supplier_1,supplier,1,43.32,,,,,,,,,,,,,52,hitl
254,2026-04-15 21:30,farm_1,farm,1,,210.0,0.225,,,,,,,,,,,52,hitl
254,2026-04-15 21:30,slaughterhouse_1,slaughterhouse,1,,,,113.0,315.39,,,,,,,,,52,hitl
254,2026-04-15 21:30,wholesaler_1,wholesaler,1,,,,,,0.0,8.3,,,,,,,52,hitl
254,2026-04-15 21:30,retail_1,retail,1,,,,,,,,0.0,30.0,1.0,50.0,11.61,20.0,52,hitl
255,2026-04-15 21:45,supplier_1,supplier,1,42.21,,,,,,,,,,,,,52,hitl
255,2026-04-15 21:45,farm_1,farm,1,,210.0,0.225,,,,,,,,,,,52,hitl
255,2026-04-15 21:45,slaughterhouse_1,slaughterhouse,1,,,,113.0,318.27,,,,,,,,,52,hitl
255,2026-04-15 21:45,wholesaler_1,wholesaler,1,,,,,,0.0,8.3,,,,,,,52,hitl
255,2026-04-15 21:45,retail_1,retail,1,,,,,,,,0.0,30.0,1.0,50.25,11.61,20.0,52,hitl
256,2026-04-15 22:00,supplier_1,supplier,1,41.47,,,,,,,,,,,,,52,hitl
256,2026-04-15 22:00,farm_1,farm,1,,210.0,0.225,,,,,,,,,,,52,hitl
256,2026-04-15 22:00,slaughterhouse_1,slaughterhouse,1,,,,113.0,316.99,,,,,,,,,52,hitl
256,2026-04-15 22:00,wholesaler_1,wholesaler,1,,,,,,0.0,8.3,,,,,,,52,hitl
256,2026-04-15 22:00,retail_1,retail,1,,,,,,,,0.0,30.0,1.0,50.5,11.61,20.0,52,hitl
257,2026-04-15 22:15,supplier_1,supplier,1,40.29,,,,,,,,,,,,,52,hitl
257,2026-04-15 22:15,farm_1,farm,1,,210.0,0.225,,,,,,,,,,,52,hitl
257,2026-04-15 22:15,slaughterhouse_1,slaughterhouse,1,,,,113.0,320.2,,,,,,,,,52,hitl
257,2026-04-15 22:15,wholesaler_1,wholesaler,1,,,,,,4.32,8.3,,,,,,,52,hitl
257,2026-04-15 22:15,retail_1,retail,1,,,,,,,,0.0,30.0,1.0,50.75,11.61,20.0,52,hitl
258,2026-04-15 22:30,supplier_1,supplier,1,39.24,,,,,,,,,,,,,52,hitl
258,2026-04-15 22:30,farm_1,farm,1,,210.0,0.225,,,,,,,,,,,52,hitl
258,2026-04-15 22:30,slaughterhouse_1,slaughterhouse,1,,,,113.0,323.15,,,,,,,,,52,hitl
258,2026-04-15 22:30,wholesaler_1,wholesaler,1,,,,,,2.71,8.3,,,,,,,52,hitl
258,2026-04-15 22:30,retail_1,retail,1,,,,,,,,0.0,30.0,1.0,51.0,11.61,20.0,52,hitl
259,2026-04-15 22:45,supplier_1,supplier,1,38.11,,,,,,,,,,,,,52,hitl
259,2026-04-15 22:45,farm_1,farm,1,,210.0,0.225,,,,,,,,,,,52,hitl
259,2026-04-15 22:45,slaughterhouse_1,slaughterhouse,1,,,,113.0,326.14,,,,,,,,,52,hitl
259,2026-04-15 22:45,wholesaler_1,wholesaler,1,,,,,,0.29,8.3,,,,,,,52,hitl
259,2026-04-15 22:45,retail_1,retail,1,,,,,,,,0.0,30.0,1.0,51.25,11.61,20.0,52,hitl
260,2026-04-15 23:00,supplier_1,supplier,1,37.55,,,,,,,,,,,,,52,hitl
260,2026-04-15 23:00,farm_1,farm,1,,210.0,0.225,,,,,,,,,,,52,hitl
260,2026-04-15 23:00,slaughterhouse_1,slaughterhouse,1,,,,113.0,329.12,,,,,,,,,52,hitl
260,2026-04-15 23:00,wholesaler_1,wholesaler,1,,,,,,0.0,8.3,,,,,,,52,hitl
260,2026-04-15 23:00,retail_1,retail,1,,,,,,,,0.0,30.0,1.0,51.5,11.61,20.0,52,hitl
261,2026-04-15 23:15,supplier_1,supplier,1,36.53,,,,,,,,,,,,,52,hitl
261,2026-04-15 23:15,farm_1,farm,1,,210.0,0.225,,,,,,,,,,,52,hitl
261,2026-04-15 23:15,slaughterhouse_1,slaughterhouse,1,,,,113.0,332.48,,,,,,,,,52,hitl
261,2026-04-15 23:15,wholesaler_1,wholesaler,1,,,,,,0.0,8.3,,,,,,,52,hitl
261,2026-04-15 23:15,retail_1,retail,1,,,,,,,,0.0,30.0,1.0,51.75,11.61,20.0,52,hitl
262,2026-04-15 23:30,supplier_1,supplier,1,35.63,,,,,,,,,,,,,52,hitl
262,2026-04-15 23:30,farm_1,farm,1,,210.0,0.225,,,,,,,,,,,52,hitl
262,2026-04-15 23:30,slaughterhouse_1,slaughterhouse,1,,,,113.0,335.68,,,,,,,,,52,hitl
262,2026-04-15 23:30,wholesaler_1,wholesaler,1,,,,,,0.0,8.3,,,,,,,52,hitl
262,2026-04-15 23:30,retail_1,retail,1,,,,,,,,0.0,30.0,1.0,52.0,11.61,20.0,52,hitl
263,2026-04-15 23:45,supplier_1,supplier,1,35.05,,,,,,,,,,,,,52,hitl
263,2026-04-15 23:45,farm_1,farm,1,,210.0,0.225,,,,,,,,,,,52,hitl
263,2026-04-15 23:45,slaughterhouse_1,slaughterhouse,1,,,,113.0,338.8,,,,,,,,,52,hitl
263,2026-04-15 23:45,wholesaler_1,wholesaler,1,,,,,,0.0,8.3,,,,,,,52,hitl
263,2026-04-15 23:45,retail_1,retail,1,,,,,,,,0.0,30.0,1.0,52.25,11.61,20.0,52,hitl
264,2026-04-16 00:00,supplier_1,supplier,1,34.31,,,,,,,,,,,,,52,hitl
264,2026-04-16 00:00,farm_1,farm,1,,210.0,0.225,,,,,,,,,,,52,hitl
264,2026-04-16 00:00,slaughterhouse_1,slaughterhouse,1,,,,113.0,337.48,,,,,,,,,52,hitl
264,2026-04-16 00:00,wholesaler_1,wholesaler,1,,,,,,0.0,8.3,,,,,,,52,hitl
264,2026-04-16 00:00,retail_1,retail,1,,,,,,,,0.0,30.0,1.0,52.5,11.61,20.0,52,hitl
265,2026-04-16 00:15,supplier_1,supplier,1,33.48,,,,,,,,,,,,,52,hitl
265,2026-04-16 00:15,farm_1,farm,1,,210.0,0.225,,,,,,,,,,,52,hitl
265,2026-04-16 00:15,slaughterhouse_1,slaughterhouse,1,,,,113.0,340.85,,,,,,,,,52,hitl
265,2026-04-16 00:15,wholesaler_1,wholesaler,1,,,,,,4.32,8.3,,,,,,,52,hitl
265,2026-04-16 00:15,retail_1,retail,1,,,,,,,,0.0,30.0,1.0,52.75,11.61,20.0,52,hitl
266,2026-04-16 00:30,supplier_1,supplier,1,32.05,,,,,,,,,,,,,52,hitl
266,2026-04-16 00:30,farm_1,farm,1,,210.0,0.225,,,,,,,,,,,52,hitl
266,2026-04-16 00:30,slaughterhouse_1,slaughterhouse,1,,,,113.0,344.15,,,,,,,,,52,hitl
266,2026-04-16 00:30,wholesaler_1,wholesaler,1,,,,,,2.72,8.3,,,,,,,52,hitl
266,2026-04-16 00:30,retail_1,retail,1,,,,,,,,0.0,30.0,1.0,53.0,11.61,20.0,52,hitl
267,2026-04-16 00:45,supplier_1,supplier,1,30.97,,,,,,,,,,,,,52,hitl
267,2026-04-16 00:45,farm_1,farm,1,,210.0,0.225,,,,,,,,,,,52,hitl
267,2026-04-16 00:45,slaughterhouse_1,slaughterhouse,1,,,,113.0,347.25,,,,,,,,,52,hitl
267,2026-04-16 00:45,wholesaler_1,wholesaler,1,,,,,,0.73,8.3,,,,,,,52,hitl
267,2026-04-16 00:45,retail_1,retail,1,,,,,,,,0.0,30.0,1.0,53.25,11.61,20.0,52,hitl
268,2026-04-16 01:00,supplier_1,supplier,1,30.21,,,,,,,,,,,,,52,hitl
268,2026-04-16 01:00,farm_1,farm,1,,210.0,0.225,,,,,,,,,,,52,hitl
268,2026-04-16 01:00,slaughterhouse_1,slaughterhouse,1,,,,113.0,350.46,,,,,,,,,52,hitl
268,2026-04-16 01:00,wholesaler_1,wholesaler,1,,,,,,0.0,8.3,,,,,,,52,hitl
268,2026-04-16 01:00,retail_1,retail,1,,,,,,,,0.0,30.0,1.0,53.5,11.61,20.0,52,hitl
269,2026-04-16 01:15,supplier_1,supplier,1,29.54,,,,,,,,,,,,,52,hitl
269,2026-04-16 01:15,farm_1,farm,1,,210.0,0.225,,,,,,,,,,,52,hitl
269,2026-04-16 01:15,slaughterhouse_1,slaughterhouse,1,,,,113.0,353.59,,,,,,,,,52,hitl
269,2026-04-16 01:15,wholesaler_1,wholesaler,1,,,,,,0.0,8.3,,,,,,,52,hitl
269,2026-04-16 01:15,retail_1,retail,1,,,,,,,,0.0,30.0,1.0,53.75,11.61,20.0,52,hitl
270,2026-04-16 01:30,supplier_1,supplier,1,28.94,,,,,,,,,,,,,52,hitl
270,2026-04-16 01:30,farm_1,farm,1,,210.0,0.225,,,,,,,,,,,52,hitl
270,2026-04-16 01:30,slaughterhouse_1,slaughterhouse,1,,,,113.0,356.76,,,,,,,,,52,hitl
270,2026-04-16 01:30,wholesaler_1,wholesaler,1,,,,,,0.0,8.3,,,,,,,52,hitl
270,2026-04-16 01:30,retail_1,retail,1,,,,,,,,0.0,30.0,1.0,54.0,11.61,20.0,52,hitl
271,2026-04-16 01:45,supplier_1,supplier,1,28.11,,,,,,,,,,,,,52,hitl
271,2026-04-16 01:45,farm_1,farm,1,,210.0,0.225,,,,,,,,,,,52,hitl
271,2026-04-16 01:45,slaughterhouse_1,slaughterhouse,1,,,,113.0,360.11,,,,,,,,,52,hitl
271,2026-04-16 01:45,wholesaler_1,wholesaler,1,,,,,,0.0,8.3,,,,,,,52,hitl
271,2026-04-16 01:45,retail_1,retail,1,,,,,,,,0.0,30.0,1.0,54.25,11.61,20.0,52,hitl
272,2026-04-16 02:00,supplier_1,supplier,1,26.89,,,,,,,,,,,,,52,hitl
272,2026-04-16 02:00,farm_1,farm,1,,210.0,0.225,,,,,,,,,,,52,hitl
272,2026-04-16 02:00,slaughterhouse_1,slaughterhouse,1,,,,113.0,358.95,,,,,,,,,52,hitl
272,2026-04-16 02:00,wholesaler_1,wholesaler,1,,,,,,0.0,8.3,,,,,,,52,hitl
272,2026-04-16 02:00,retail_1,retail,1,,,,,,,,0.0,30.0,1.0,54.5,11.61,20.0,52,hitl
273,2026-04-16 02:15,supplier_1,supplier,1,25.8,,,,,,,,,,,,,52,hitl
273,2026-04-16 02:15,farm_1,farm,1,,210.0,0.225,,,,,,,,,,,52,hitl
273,2026-04-16 02:15,slaughterhouse_1,slaughterhouse,1,,,,113.0,361.99,,,,,,,,,52,hitl
273,2026-04-16 02:15,wholesaler_1,wholesaler,1,,,,,,4.32,8.3,,,,,,,52,hitl
273,2026-04-16 02:15,retail_1,retail,1,,,,,,,,0.0,30.0,1.0,54.75,11.61,20.0,52,hitl
274,2026-04-16 02:30,supplier_1,supplier,1,24.53,,,,,,,,,,,,,52,hitl
274,2026-04-16 02:30,farm_1,farm,1,,210.0,0.225,,,,,,,,,,,52,hitl
274,2026-04-16 02:30,slaughterhouse_1,slaughterhouse,1,,,,113.0,365.04,,,,,,,,,52,hitl
274,2026-04-16 02:30,wholesaler_1,wholesaler,1,,,,,,2.26,8.3,,,,,,,52,hitl
274,2026-04-16 02:30,retail_1,retail,1,,,,,,,,0.0,30.0,1.0,55.0,11.61,20.0,52,hitl
275,2026-04-16 02:45,supplier_1,supplier,1,23.19,,,,,,,,,,,,,52,hitl
275,2026-04-16 02:45,farm_1,farm,1,,210.0,0.225,,,,,,,,,,,52,hitl
275,2026-04-16 02:45,slaughterhouse_1,slaughterhouse,1,,,,113.0,368.0,,,,,,,,,52,hitl
275,2026-04-16 02:45,wholesaler_1,wholesaler,1,,,,,,0.0,8.3,,,,,,,52,hitl
275,2026-04-16 02:45,retail_1,retail,1,,,,,,,,0.0,30.0,1.0,55.25,11.61,20.0,52,hitl
276,2026-04-16 03:00,supplier_1,supplier,1,21.96,,,,,,,,,,,,,52,hitl
276,2026-04-16 03:00,farm_1,farm,1,,210.0,0.225,,,,,,,,,,,52,hitl
276,2026-04-16 03:00,slaughterhouse_1,slaughterhouse,1,,,,113.0,371.2,,,,,,,,,52,hitl
276,2026-04-16 03:00,wholesaler_1,wholesaler,1,,,,,,0.0,8.3,,,,,,,52,hitl
276,2026-04-16 03:00,retail_1,retail,1,,,,,,,,0.0,30.0,1.0,55.5,11.61,20.0,52,hitl
277,2026-04-16 03:15,supplier_1,supplier,1,21.11,,,,,,,,,,,,,52,hitl
277,2026-04-16 03:15,farm_1,farm,1,,210.0,0.225,,,,,,,,,,,52,hitl
277,2026-04-16 03:15,slaughterhouse_1,slaughterhouse,1,,,,113.0,374.13,,,,,,,,,52,hitl
277,2026-04-16 03:15,wholesaler_1,wholesaler,1,,,,,,0.0,8.3,,,,,,,52,hitl
277,2026-04-16 03:15,retail_1,retail,1,,,,,,,,0.0,30.0,1.0,55.75,11.61,20.0,52,hitl
278,2026-04-16 03:30,supplier_1,supplier,1,20.38,,,,,,,,,,,,,52,hitl
278,2026-04-16 03:30,farm_1,farm,0,,620.0,0.035,,,,,,,,,,,52,hitl
278,2026-04-16 03:30,slaughterhouse_1,slaughterhouse,1,,,,113.0,377.39,,,,,,,,,52,hitl
278,2026-04-16 03:30,wholesaler_1,wholesaler,1,,,,,,0.0,8.3,,,,,,,52,hitl
278,2026-04-16 03:30,retail_1,retail,1,,,,,,,,0.0,30.0,1.0,56.0,11.61,20.0,52,hitl
279,2026-04-16 03:45,supplier_1,supplier,1,19.02,,,,,,,,,,,,,52,hitl
279,2026-04-16 03:45,farm_1,farm,0,,620.0,0.035,,,,,,,,,,,52,hitl
279,2026-04-16 03:45,slaughterhouse_1,slaughterhouse,1,,,,113.0,380.51,,,,,,,,,52,hitl
279,2026-04-16 03:45,wholesaler_1,wholesaler,1,,,,,,0.0,8.3,,,,,,,52,hitl
279,2026-04-16 03:45,retail_1,retail,1,,,,,,,,0.0,30.0,1.0,56.25,11.61,20.0,52,hitl
280,2026-04-16 04:00,supplier_1,supplier,1,17.75,,,,,,,,,,,,,52,hitl
280,2026-04-16 04:00,farm_1,farm,0,,620.0,0.035,,,,,,,,,,,52,hitl
280,2026-04-16 04:00,slaughterhouse_1,slaughterhouse,1,,,,113.0,379.42,,,,,,,,,52,hitl
280,2026-04-16 04:00,wholesaler_1,wholesaler,1,,,,,,0.0,8.3,,,,,,,52,hitl
280,2026-04-16 04:00,retail_1,retail,1,,,,,,,,0.0,30.0,1.0,56.5,11.61,20.0,52,hitl
281,2026-04-16 04:15,supplier_1,supplier,1,17.11,,,,,,,,,,,,,52,hitl
281,2026-04-16 04:15,farm_1,farm,0,,620.0,0.035,,,,,,,,,,,52,hitl
281,2026-04-16 04:15,slaughterhouse_1,slaughterhouse,1,,,,113.0,382.5,,,,,,,,,52,hitl
281,2026-04-16 04:15,wholesaler_1,wholesaler,1,,,,,,4.32,8.3,,,,,,,52,hitl
281,2026-04-16 04:15,retail_1,retail,1,,,,,,,,0.0,30.0,1.0,56.75,11.61,20.0,52,hitl
282,2026-04-16 04:30,supplier_1,supplier,1,16.44,,,,,,,,,,,,,52,hitl
282,2026-04-16 04:30,farm_1,farm,0,,620.0,0.035,,,,,,,,,,,52,hitl
282,2026-04-16 04:30,slaughterhouse_1,slaughterhouse,1,,,,113.0,385.55,,,,,,,,,52,hitl
282,2026-04-16 04:30,wholesaler_1,wholesaler,1,,,,,,2.08,8.3,,,,,,,52,hitl
282,2026-04-16 04:30,retail_1,retail,1,,,,,,,,0.0,30.0,1.0,57.0,11.61,20.0,52,hitl
283,2026-04-16 04:45,supplier_1,supplier,1,15.41,,,,,,,,,,,,,52,hitl
283,2026-04-16 04:45,farm_1,farm,0,,620.0,0.035,,,,,,,,,,,52,hitl
283,2026-04-16 04:45,slaughterhouse_1,slaughterhouse,1,,,,113.0,388.75,,,,,,,,,52,hitl
283,2026-04-16 04:45,wholesaler_1,wholesaler,1,,,,,,0.0,8.3,,,,,,,52,hitl
283,2026-04-16 04:45,retail_1,retail,1,,,,,,,,0.0,30.0,1.0,57.25,11.61,20.0,52,hitl
284,2026-04-16 05:00,supplier_1,supplier,1,14.54,,,,,,,,,,,,,52,hitl
284,2026-04-16 05:00,farm_1,farm,0,,620.0,0.035,,,,,,,,,,,52,hitl
284,2026-04-16 05:00,slaughterhouse_1,slaughterhouse,1,,,,113.0,391.72,,,,,,,,,52,hitl
284,2026-04-16 05:00,wholesaler_1,wholesaler,1,,,,,,0.0,8.3,,,,,,,52,hitl
284,2026-04-16 05:00,retail_1,retail,1,,,,,,,,0.0,30.0,1.0,57.5,11.61,20.0,52,hitl
285,2026-04-16 05:15,supplier_1,supplier,1,13.94,,,,,,,,,,,,,52,hitl
285,2026-04-16 05:15,farm_1,farm,0,,620.0,0.035,,,,,,,,,,,52,hitl
285,2026-04-16 05:15,slaughterhouse_1,slaughterhouse,1,,,,113.0,394.74,,,,,,,,,52,hitl
285,2026-04-16 05:15,wholesaler_1,wholesaler,1,,,,,,0.0,8.3,,,,,,,52,hitl
285,2026-04-16 05:15,retail_1,retail,1,,,,,,,,0.0,30.0,1.0,57.75,11.61,20.0,52,hitl
286,2026-04-16 05:30,supplier_1,supplier,1,12.46,,,,,,,,,,,,,52,hitl
286,2026-04-16 05:30,farm_1,farm,0,,620.0,0.035,,,,,,,,,,,52,hitl
286,2026-04-16 05:30,slaughterhouse_1,slaughterhouse,1,,,,113.0,397.8,,,,,,,,,52,hitl
286,2026-04-16 05:30,wholesaler_1,wholesaler,1,,,,,,0.0,8.3,,,,,,,52,hitl
286,2026-04-16 05:30,retail_1,retail,1,,,,,,,,0.0,30.0,1.0,58.0,11.61,20.0,52,hitl
287,2026-04-16 05:45,supplier_1,supplier,1,11.78,,,,,,,,,,,,,52,hitl
287,2026-04-16 05:45,farm_1,farm,0,,620.0,0.035,,,,,,,,,,,52,hitl
287,2026-04-16 05:45,slaughterhouse_1,slaughterhouse,1,,,,113.0,400.0,,,,,,,,,52,hitl
287,2026-04-16 05:45,wholesaler_1,wholesaler,1,,,,,,0.0,8.3,,,,,,,52,hitl
287,2026-04-16 05:45,retail_1,retail,1,,,,,,,,0.0,30.0,1.0,58.25,11.61,20.0,52,hitl
288,2026-04-16 06:00,supplier_1,supplier,1,10.52,,,,,,,,,,,,,52,hitl
288,2026-04-16 06:00,farm_1,farm,1,,620.0,0.035,,,,,,,,,,,52,hitl
288,2026-04-16 06:00,slaughterhouse_1,slaughterhouse,1,,,,113.0,395.68,,,,,,,,,52,hitl
288,2026-04-16 06:00,wholesaler_1,wholesaler,1,,,,,,0.0,8.3,,,,,,,52,hitl
288,2026-04-16 06:00,retail_1,retail,1,,,,,,,,0.0,30.0,1.0,58.5,11.61,20.0,52,hitl
289,2026-04-16 06:15,supplier_1,supplier,1,9.09,,,,,,,,,,,,,52,hitl
289,2026-04-16 06:15,farm_1,farm,1,,620.0,0.035,,,,,,,,,,,52,hitl
289,2026-04-16 06:15,slaughterhouse_1,slaughterhouse,1,,,,113.0,399.05,,,,,,,,,52,hitl
289,2026-04-16 06:15,wholesaler_1,wholesaler,1,,,,,,4.32,8.3,,,,,,,52,hitl
289,2026-04-16 06:15,retail_1,retail,1,,,,,,,,0.0,30.0,1.0,58.75,11.61,20.0,52,hitl
290,2026-04-16 06:30,supplier_1,supplier,1,8.52,,,,,,,,,,,,,52,hitl
290,2026-04-16 06:30,farm_1,farm,1,,620.0,0.035,,,,,,,,,,,52,hitl
290,2026-04-16 06:30,slaughterhouse_1,slaughterhouse,1,,,,113.0,400.0,,,,,,,,,52,hitl
290,2026-04-16 06:30,wholesaler_1,wholesaler,1,,,,,,1.5,8.3,,,,,,,52,hitl
290,2026-04-16 06:30,retail_1,retail,1,,,,,,,,0.0,30.0,1.0,59.0,11.61,20.0,52,hitl
291,2026-04-16 06:45,supplier_1,supplier,1,7.54,,,,,,,,,,,,,52,hitl
291,2026-04-16 06:45,farm_1,farm,1,,620.0,0.035,,,,,,,,,,,52,hitl
291,2026-04-16 06:45,slaughterhouse_1,slaughterhouse,1,,,,113.0,400.0,,,,,,,,,52,hitl
291,2026-04-16 06:45,wholesaler_1,wholesaler,1,,,,,,0.0,8.3,,,,,,,52,hitl
291,2026-04-16 06:45,retail_1,retail,1,,,,,,,,0.0,30.0,1.0,59.25,11.61,20.0,52,hitl
292,2026-04-16 07:00,supplier_1,supplier,1,6.7,,,,,,,,,,,,,52,hitl
292,2026-04-16 07:00,farm_1,farm,1,,620.0,0.035,,,,,,,,,,,52,hitl
292,2026-04-16 07:00,slaughterhouse_1,slaughterhouse,1,,,,113.0,400.0,,,,,,,,,52,hitl
292,2026-04-16 07:00,wholesaler_1,wholesaler,1,,,,,,0.0,8.3,,,,,,,52,hitl
292,2026-04-16 07:00,retail_1,retail,1,,,,,,,,0.0,30.0,1.0,59.5,11.61,20.0,52,hitl
293,2026-04-16 07:15,supplier_1,supplier,1,5.64,,,,,,,,,,,,,52,hitl
293,2026-04-16 07:15,farm_1,farm,1,,620.0,0.035,,,,,,,,,,,52,hitl
293,2026-04-16 07:15,slaughterhouse_1,slaughterhouse,1,,,,113.0,400.0,,,,,,,,,52,hitl
293,2026-04-16 07:15,wholesaler_1,wholesaler,1,,,,,,0.0,8.3,,,,,,,52,hitl
293,2026-04-16 07:15,retail_1,retail,1,,,,,,,,0.0,30.0,1.0,59.75,11.61,20.0,52,hitl
294,2026-04-16 07:30,supplier_1,supplier,1,4.95,,,,,,,,,,,,,52,hitl
294,2026-04-16 07:30,farm_1,farm,1,,620.0,0.035,,,,,,,,,,,52,hitl
294,2026-04-16 07:30,slaughterhouse_1,slaughterhouse,1,,,,113.0,400.0,,,,,,,,,52,hitl
294,2026-04-16 07:30,wholesaler_1,wholesaler,1,,,,,,0.0,8.3,,,,,,,52,hitl
294,2026-04-16 07:30,retail_1,retail,1,,,,,,,,0.0,30.0,1.0,60.0,11.61,20.0,52,hitl
295,2026-04-16 07:45,supplier_1,supplier,1,4.3,,,,,,,,,,,,,52,hitl
295,2026-04-16 07:45,farm_1,farm,1,,620.0,0.035,,,,,,,,,,,52,hitl
295,2026-04-16 07:45,slaughterhouse_1,slaughterhouse,1,,,,113.0,400.0,,,,,,,,,52,hitl
295,2026-04-16 07:45,wholesaler_1,wholesaler,1,,,,,,0.0,8.3,,,,,,,52,hitl
295,2026-04-16 07:45,retail_1,retail,1,,,,,,,,0.0,30.0,1.0,60.25,11.61,20.0,52,hitl
296,2026-04-16 08:00,supplier_1,supplier,1,2.88,,,,,,,,,,,,,52,hitl
296,2026-04-16 08:00,farm_1,farm,1,,620.0,0.035,,,,,,,,,,,52,hitl
296,2026-04-16 08:00,slaughterhouse_1,slaughterhouse,1,,,,113.0,395.68,,,,,,,,,52,hitl
296,2026-04-16 08:00,wholesaler_1,wholesaler,1,,,,,,0.0,8.3,,,,,,,52,hitl
296,2026-04-16 08:00,retail_1,retail,1,,,,,,,,0.0,30.0,1.0,60.5,11.61,20.0,52,hitl
297,2026-04-16 08:15,supplier_1,supplier,1,1.63,,,,,,,,,,,,,52,hitl
297,2026-04-16 08:15,farm_1,farm,1,,620.0,0.035,,,,,,,,,,,52,hitl
297,2026-04-16 08:15,slaughterhouse_1,slaughterhouse,1,,,,113.0,398.76,,,,,,,,,52,hitl
297,2026-04-16 08:15,wholesaler_1,wholesaler,1,,,,,,4.32,8.3,,,,,,,52,hitl
297,2026-04-16 08:15,retail_1,retail,1,,,,,,,,0.0,30.0,1.0,60.75,11.61,20.0,52,hitl
298,2026-04-16 08:30,supplier_1,supplier,1,0.42,,,,,,,,,,,,,52,hitl
298,2026-04-16 08:30,farm_1,farm,1,,620.0,0.035,,,,,,,,,,,52,hitl
298,2026-04-16 08:30,slaughterhouse_1,slaughterhouse,1,,,,113.0,400.0,,,,,,,,,52,hitl
298,2026-04-16 08:30,wholesaler_1,wholesaler,1,,,,,,1.95,8.3,,,,,,,52,hitl
298,2026-04-16 08:30,retail_1,retail,1,,,,,,,,0.0,30.0,1.0,61.0,11.61,20.0,52,hitl
299,2026-04-16 08:45,supplier_1,supplier,1,0.0,,,,,,,,,,,,,52,hitl
299,2026-04-16 08:45,farm_1,farm,1,,620.0,0.035,,,,,,,,,,,52,hitl
299,2026-04-16 08:45,slaughterhouse_1,slaughterhouse,1,,,,113.0,400.0,,,,,,,,,52,hitl
299,2026-04-16 08:45,wholesaler_1,wholesaler,1,,,,,,0.05,8.3,,,,,,,52,hitl
299,2026-04-16 08:45,retail_1,retail,1,,,,,,,,0.0,30.0,1.0,61.25,11.61,20.0,52,hitl
300,2026-04-16 09:00,supplier_1,supplier,1,0.0,,,,,,,,,,,,,52,hitl
300,2026-04-16 09:00,farm_1,farm,1,,620.0,0.035,,,,,,,,,,,52,hitl
300,2026-04-16 09:00,slaughterhouse_1,slaughterhouse,1,,,,113.0,400.0,,,,,,,,,52,hitl
300,2026-04-16 09:00,wholesaler_1,wholesaler,1,,,,,,0.0,8.3,,,,,,,52,hitl
300,2026-04-16 09:00,retail_1,retail,1,,,,,,,,0.0,30.0,1.0,61.5,11.61,20.0,52,hitl
301,2026-04-16 09:15,supplier_1,supplier,1,0.0,,,,,,,,,,,,,52,hitl
301,2026-04-16 09:15,farm_1,farm,1,,620.0,0.035,,,,,,,,,,,52,hitl
301,2026-04-16 09:15,slaughterhouse_1,slaughterhouse,1,,,,113.0,400.0,,,,,,,,,52,hitl
301,2026-04-16 09:15,wholesaler_1,wholesaler,1,,,,,,0.0,8.3,,,,,,,52,hitl
301,2026-04-16 09:15,retail_1,retail,1,,,,,,,,0.0,30.0,1.0,61.75,11.61,20.0,52,hitl
302,2026-04-16 09:30,supplier_1,supplier,1,0.0,,,,,,,,,,,,,52,hitl
302,2026-04-16 09:30,farm_1,farm,1,,620.0,0.035,,,,,,,,,,,52,hitl
302,2026-04-16 09:30,slaughterhouse_1,slaughterhouse,1,,,,113.0,400.0,,,,,,,,,52,hitl
302,2026-04-16 09:30,wholesaler_1,wholesaler,1,,,,,,0.0,8.3,,,,,,,52,hitl
302,2026-04-16 09:30,retail_1,retail,1,,,,,,,,0.0,30.0,1.0,62.0,11.61,20.0,52,hitl
303,2026-04-16 09:45,supplier_1,supplier,1,0.0,,,,,,,,,,,,,52,hitl
303,2026-04-16 09:45,farm_1,farm,1,,620.0,0.035,,,,,,,,,,,52,hitl
303,2026-04-16 09:45,slaughterhouse_1,slaughterhouse,1,,,,113.0,400.0,,,,,,,,,52,hitl
303,2026-04-16 09:45,wholesaler_1,wholesaler,1,,,,,,0.0,8.3,,,,,,,52,hitl
303,2026-04-16 09:45,retail_1,retail,1,,,,,,,,0.0,30.0,1.0,62.25,11.61,20.0,52,hitl
304,2026-04-16 10:00,supplier_1,supplier,1,0.0,,,,,,,,,,,,,52,hitl
304,2026-04-16 10:00,farm_1,farm,1,,620.0,0.035,,,,,,,,,,,52,hitl
304,2026-04-16 10:00,slaughterhouse_1,slaughterhouse,1,,,,113.0,395.68,,,,,,,,,52,hitl
304,2026-04-16 10:00,wholesaler_1,wholesaler,1,,,,,,0.0,8.3,,,,,,,52,hitl
304,2026-04-16 10:00,retail_1,retail,1,,,,,,,,0.0,30.0,1.0,62.5,11.61,20.0,52,hitl
305,2026-04-16 10:15,supplier_1,supplier,1,0.0,,,,,,,,,,,,,52,hitl
305,2026-04-16 10:15,farm_1,farm,1,,620.0,0.035,,,,,,,,,,,52,hitl
305,2026-04-16 10:15,slaughterhouse_1,slaughterhouse,1,,,,113.0,398.99,,,,,,,,,52,hitl
305,2026-04-16 10:15,wholesaler_1,wholesaler,1,,,,,,4.32,8.3,,,,,,,52,hitl
305,2026-04-16 10:15,retail_1,retail,1,,,,,,,,0.0,30.0,1.0,62.75,11.61,20.0,52,hitl
306,2026-04-16 10:30,supplier_1,supplier,1,0.0,,,,,,,,,,,,,52,hitl
306,2026-04-16 10:30,farm_1,farm,1,,620.0,0.035,,,,,,,,,,,52,hitl
306,2026-04-16 10:30,slaughterhouse_1,slaughterhouse,1,,,,113.0,400.0,,,,,,,,,52,hitl
306,2026-04-16 10:30,wholesaler_1,wholesaler,1,,,,,,1.87,8.3,,,,,,,52,hitl
306,2026-04-16 10:30,retail_1,retail,1,,,,,,,,0.0,30.0,1.0,63.0,11.61,20.0,52,hitl
307,2026-04-16 10:45,supplier_1,supplier,1,0.0,,,,,,,,,,,,,52,hitl
307,2026-04-16 10:45,farm_1,farm,1,,620.0,0.035,,,,,,,,,,,52,hitl
307,2026-04-16 10:45,slaughterhouse_1,slaughterhouse,1,,,,113.0,400.0,,,,,,,,,52,hitl
307,2026-04-16 10:45,wholesaler_1,wholesaler,1,,,,,,0.0,8.3,,,,,,,52,hitl
307,2026-04-16 10:45,retail_1,retail,1,,,,,,,,0.0,30.0,1.0,63.25,11.61,20.0,52,hitl
308,2026-04-16 11:00,supplier_1,supplier,1,0.0,,,,,,,,,,,,,52,hitl
308,2026-04-16 11:00,farm_1,farm,1,,620.0,0.035,,,,,,,,,,,52,hitl
308,2026-04-16 11:00,slaughterhouse_1,slaughterhouse,1,,,,113.0,400.0,,,,,,,,,52,hitl
308,2026-04-16 11:00,wholesaler_1,wholesaler,1,,,,,,0.0,8.3,,,,,,,52,hitl
308,2026-04-16 11:00,retail_1,retail,1,,,,,,,,0.0,30.0,1.0,63.5,11.61,20.0,52,hitl
309,2026-04-16 11:15,supplier_1,supplier,1,0.0,,,,,,,,,,,,,52,hitl
309,2026-04-16 11:15,farm_1,farm,1,,620.0,0.035,,,,,,,,,,,52,hitl
309,2026-04-16 11:15,slaughterhouse_1,slaughterhouse,1,,,,113.0,400.0,,,,,,,,,52,hitl
309,2026-04-16 11:15,wholesaler_1,wholesaler,1,,,,,,0.0,8.3,,,,,,,52,hitl
309,2026-04-16 11:15,retail_1,retail,1,,,,,,,,0.0,30.0,1.0,63.75,11.61,20.0,52,hitl
310,2026-04-16 11:30,supplier_1,supplier,1,0.0,,,,,,,,,,,,,52,hitl
310,2026-04-16 11:30,farm_1,farm,1,,620.0,0.035,,,,,,,,,,,52,hitl
310,2026-04-16 11:30,slaughterhouse_1,slaughterhouse,1,,,,113.0,400.0,,,,,,,,,52,hitl
310,2026-04-16 11:30,wholesaler_1,wholesaler,1,,,,,,0.0,8.3,,,,,,,52,hitl
310,2026-04-16 11:30,retail_1,retail,1,,,,,,,,0.0,30.0,1.0,64.0,11.61,20.0,52,hitl
311,2026-04-16 11:45,supplier_1,supplier,1,0.0,,,,,,,,,,,,,52,hitl
311,2026-04-16 11:45,farm_1,farm,1,,620.0,0.035,,,,,,,,,,,52,hitl
311,2026-04-16 11:45,slaughterhouse_1,slaughterhouse,1,,,,113.0,400.0,,,,,,,,,52,hitl
311,2026-04-16 11:45,wholesaler_1,wholesaler,1,,,,,,0.0,8.3,,,,,,,52,hitl
311,2026-04-16 11:45,retail_1,retail,1,,,,,,,,0.0,30.0,1.0,64.25,11.61,20.0,52,hitl
312,2026-04-16 12:00,supplier_1,supplier,1,0.0,,,,,,,,,,,,,52,hitl
312,2026-04-16 12:00,farm_1,farm,1,,620.0,0.035,,,,,,,,,,,52,hitl
312,2026-04-16 12:00,slaughterhouse_1,slaughterhouse,1,,,,113.0,395.68,,,,,,,,,52,hitl
312,2026-04-16 12:00,wholesaler_1,wholesaler,1,,,,,,0.0,8.3,,,,,,,52,hitl
312,2026-04-16 12:00,retail_1,retail,1,,,,,,,,0.0,30.0,1.0,64.5,11.61,20.0,52,hitl
313,2026-04-16 12:15,supplier_1,supplier,1,0.0,,,,,,,,,,,,,52,hitl
313,2026-04-16 12:15,farm_1,farm,1,,620.0,0.035,,,,,,,,,,,52,hitl
313,2026-04-16 12:15,slaughterhouse_1,slaughterhouse,1,,,,113.0,398.7,,,,,,,,,52,hitl
313,2026-04-16 12:15,wholesaler_1,wholesaler,1,,,,,,4.32,8.3,,,,,,,52,hitl
313,2026-04-16 12:15,retail_1,retail,1,,,,,,,,0.0,30.0,1.0,64.75,11.61,20.0,52,hitl
314,2026-04-16 12:30,supplier_1,supplier,1,0.0,,,,,,,,,,,,,52,hitl
314,2026-04-16 12:30,farm_1,farm,1,,620.0,0.035,,,,,,,,,,,52,hitl
314,2026-04-16 12:30,slaughterhouse_1,slaughterhouse,1,,,,113.0,400.0,,,,,,,,,52,hitl
314,2026-04-16 12:30,wholesaler_1,wholesaler,1,,,,,,2.48,8.3,,,,,,,52,hitl
314,2026-04-16 12:30,retail_1,retail,1,,,,,,,,0.0,30.0,1.0,65.0,11.61,20.0,52,hitl
315,2026-04-16 12:45,supplier_1,supplier,1,0.0,,,,,,,,,,,,,52,hitl
315,2026-04-16 12:45,farm_1,farm,1,,620.0,0.035,,,,,,,,,,,52,hitl
315,2026-04-16 12:45,slaughterhouse_1,slaughterhouse,1,,,,113.0,400.0,,,,,,,,,52,hitl
315,2026-04-16 12:45,wholesaler_1,wholesaler,1,,,,,,0.46,8.3,,,,,,,52,hitl
315,2026-04-16 12:45,retail_1,retail,1,,,,,,,,0.0,30.0,1.0,65.25,11.61,20.0,52,hitl
316,2026-04-16 13:00,supplier_1,supplier,1,0.0,,,,,,,,,,,,,52,hitl
316,2026-04-16 13:00,farm_1,farm,1,,620.0,0.035,,,,,,,,,,,52,hitl
316,2026-04-16 13:00,slaughterhouse_1,slaughterhouse,1,,,,113.0,400.0,,,,,,,,,52,hitl
316,2026-04-16 13:00,wholesaler_1,wholesaler,1,,,,,,0.0,8.3,,,,,,,52,hitl
316,2026-04-16 13:00,retail_1,retail,1,,,,,,,,0.0,30.0,1.0,65.5,11.61,20.0,52,hitl
317,2026-04-16 13:15,supplier_1,supplier,1,0.0,,,,,,,,,,,,,52,hitl
317,2026-04-16 13:15,farm_1,farm,1,,620.0,0.035,,,,,,,,,,,52,hitl
317,2026-04-16 13:15,slaughterhouse_1,slaughterhouse,1,,,,113.0,400.0,,,,,,,,,52,hitl
317,2026-04-16 13:15,wholesaler_1,wholesaler,1,,,,,,0.0,8.3,,,,,,,52,hitl
317,2026-04-16 13:15,retail_1,retail,1,,,,,,,,0.0,30.0,1.0,65.75,11.61,20.0,52,hitl
318,2026-04-16 13:30,supplier_1,supplier,1,0.0,,,,,,,,,,,,,52,hitl
318,2026-04-16 13:30,farm_1,farm,1,,620.0,0.035,,,,,,,,,,,52,hitl
318,2026-04-16 13:30,slaughterhouse_1,slaughterhouse,1,,,,113.0,400.0,,,,,,,,,52,hitl
318,2026-04-16 13:30,wholesaler_1,wholesaler,1,,,,,,0.0,8.3,,,,,,,52,hitl
318,2026-04-16 13:30,retail_1,retail,1,,,,,,,,0.0,30.0,1.0,66.0,11.61,20.0,52,hitl
319,2026-04-16 13:45,supplier_1,supplier,1,0.0,,,,,,,,,,,,,52,hitl
319,2026-04-16 13:45,farm_1,farm,1,,620.0,0.035,,,,,,,,,,,52,hitl
319,2026-04-16 13:45,slaughterhouse_1,slaughterhouse,1,,,,113.0,400.0,,,,,,,,,52,hitl
319,2026-04-16 13:45,wholesaler_1,wholesaler,1,,,,,,0.0,8.3,,,,,,,52,hitl
319,2026-04-16 13:45,retail_1,retail,1,,,,,,,,0.0,30.0,1.0,66.25,11.61,20.0,52,hitl
320,2026-04-16 14:00,supplier_1,supplier,1,0.0,,,,,,,,,,,,,52,hitl
320,2026-04-16 14:00,farm_1,farm,1,,620.0,0.035,,,,,,,,,,,52,hitl
320,2026-04-16 14:00,slaughterhouse_1,slaughterhouse,1,,,,113.0,395.68,,,,,,,,,52,hitl
320,2026-04-16 14:00,wholesaler_1,wholesaler,1,,,,,,0.0,8.3,,,,,,,52,hitl
320,2026-04-16 14:00,retail_1,retail,1,,,,,,,,0.0,30.0,1.0,66.5,11.61,20.0,52,hitl
321,2026-04-16 14:15,supplier_1,supplier,1,0.0,,,,,,,,,,,,,52,hitl
321,2026-04-16 14:15,farm_1,farm,1,,620.0,0.035,,,,,,,,,,,52,hitl
321,2026-04-16 14:15,slaughterhouse_1,slaughterhouse,1,,,,113.0,398.86,,,,,,,,,52,hitl
321,2026-04-16 14:15,wholesaler_1,wholesaler,1,,,,,,4.32,8.3,,,,,,,52,hitl
321,2026-04-16 14:15,retail_1,retail,1,,,,,,,,0.0,30.0,1.0,66.75,11.61,20.0,52,hitl
322,2026-04-16 14:30,supplier_1,supplier,1,0.0,,,,,,,,,,,,,52,hitl
322,2026-04-16 14:30,farm_1,farm,1,,620.0,0.035,,,,,,,,,,,52,hitl
322,2026-04-16 14:30,slaughterhouse_1,slaughterhouse,1,,,,113.0,400.0,,,,,,,,,52,hitl
322,2026-04-16 14:30,wholesaler_1,wholesaler,1,,,,,,2.77,8.3,,,,,,,52,hitl
322,2026-04-16 14:30,retail_1,retail,1,,,,,,,,0.0,30.0,1.0,67.0,11.61,20.0,52,hitl
323,2026-04-16 14:45,supplier_1,supplier,1,0.0,,,,,,,,,,,,,52,hitl
323,2026-04-16 14:45,farm_1,farm,1,,620.0,0.035,,,,,,,,,,,52,hitl
323,2026-04-16 14:45,slaughterhouse_1,slaughterhouse,1,,,,113.0,400.0,,,,,,,,,52,hitl
323,2026-04-16 14:45,wholesaler_1,wholesaler,1,,,,,,0.93,8.3,,,,,,,52,hitl
323,2026-04-16 14:45,retail_1,retail,1,,,,,,,,0.0,30.0,1.0,67.25,11.61,20.0,52,hitl
324,2026-04-16 15:00,supplier_1,supplier,1,0.0,,,,,,,,,,,,,52,hitl
324,2026-04-16 15:00,farm_1,farm,0,,620.0,0.035,,,,,,,,,,,52,hitl
324,2026-04-16 15:00,slaughterhouse_1,slaughterhouse,1,,,,113.0,400.0,,,,,,,,,52,hitl
324,2026-04-16 15:00,wholesaler_1,wholesaler,1,,,,,,0.0,4.15,,,,,,,52,hitl
324,2026-04-16 15:00,retail_1,retail,1,,,,,,,,0.0,33.0,1.0,67.5,11.61,50.0,52,hitl
325,2026-04-16 15:15,supplier_1,supplier,1,0.0,,,,,,,,,,,,,52,hitl
325,2026-04-16 15:15,farm_1,farm,0,,620.0,0.035,,,,,,,,,,,52,hitl
325,2026-04-16 15:15,slaughterhouse_1,slaughterhouse,1,,,,113.0,400.0,,,,,,,,,52,hitl
325,2026-04-16 15:15,wholesaler_1,wholesaler,1,,,,,,0.0,4.15,,,,,,,52,hitl
325,2026-04-16 15:15,retail_1,retail,1,,,,,,,,0.0,33.0,1.0,67.75,11.61,50.0,52,hitl
326,2026-04-16 15:30,supplier_1,supplier,1,0.0,,,,,,,,,,,,,52,hitl
326,2026-04-16 15:30,farm_1,farm,0,,620.0,0.035,,,,,,,,,,,52,hitl
326,2026-04-16 15:30,slaughterhouse_1,slaughterhouse,1,,,,113.0,400.0,,,,,,,,,52,hitl
326,2026-04-16 15:30,wholesaler_1,wholesaler,1,,,,,,0.0,4.15,,,,,,,52,hitl
326,2026-04-16 15:30,retail_1,retail,1,,,,,,,,0.0,33.0,1.0,68.0,11.61,50.0,52,hitl
327,2026-04-16 15:45,supplier_1,supplier,1,0.0,,,,,,,,,,,,,52,hitl
327,2026-04-16 15:45,farm_1,farm,0,,620.0,0.035,,,,,,,,,,,52,hitl
327,2026-04-16 15:45,slaughterhouse_1,slaughterhouse,1,,,,113.0,400.0,,,,,,,,,52,hitl
327,2026-04-16 15:45,wholesaler_1,wholesaler,1,,,,,,0.0,4.15,,,,,,,52,hitl
327,2026-04-16 15:45,retail_1,retail,1,,,,,,,,0.0,33.0,1.0,68.25,11.61,50.0,52,hitl
328,2026-04-16 16:00,supplier_1,supplier,1,0.0,,,,,,,,,,,,,52,hitl
328,2026-04-16 16:00,farm_1,farm,0,,620.0,0.035,,,,,,,,,,,52,hitl
328,2026-04-16 16:00,slaughterhouse_1,slaughterhouse,1,,,,113.0,395.68,,,,,,,,,52,hitl
328,2026-04-16 16:00,wholesaler_1,wholesaler,1,,,,,,0.0,4.15,,,,,,,52,hitl
328,2026-04-16 16:00,retail_1,retail,1,,,,,,,,0.0,33.0,1.0,68.5,11.61,50.0,52,hitl
329,2026-04-16 16:15,supplier_1,supplier,1,0.0,,,,,,,,,,,,,52,hitl
329,2026-04-16 16:15,farm_1,farm,0,,620.0,0.035,,,,,,,,,,,52,hitl
329,2026-04-16 16:15,slaughterhouse_1,slaughterhouse,1,,,,113.0,399.07,,,,,,,,,52,hitl
329,2026-04-16 16:15,wholesaler_1,wholesaler,1,,,,,,4.32,4.15,,,,,,,52,hitl
329,2026-04-16 16:15,retail_1,retail,1,,,,,,,,0.0,33.0,1.0,68.75,11.61,50.0,52,hitl
330,2026-04-16 16:30,supplier_1,supplier,1,0.0,,,,,,,,,,,,,52,hitl
330,2026-04-16 16:30,farm_1,farm,0,,620.0,0.035,,,,,,,,,,,52,hitl
330,2026-04-16 16:30,slaughterhouse_1,slaughterhouse,1,,,,113.0,400.0,,,,,,,,,52,hitl
330,2026-04-16 16:30,wholesaler_1,wholesaler,1,,,,,,1.56,4.15,,,,,,,52,hitl
330,2026-04-16 16:30,retail_1,retail,1,,,,,,,,0.0,33.0,1.0,69.0,11.61,50.0,52,hitl
331,2026-04-16 16:45,supplier_1,supplier,1,0.0,,,,,,,,,,,,,52,hitl
331,2026-04-16 16:45,farm_1,farm,0,,620.0,0.035,,,,,,,,,,,52,hitl
331,2026-04-16 16:45,slaughterhouse_1,slaughterhouse,1,,,,113.0,400.0,,,,,,,,,52,hitl
331,2026-04-16 16:45,wholesaler_1,wholesaler,1,,,,,,0.0,4.15,,,,,,,52,hitl
331,2026-04-16 16:45,retail_1,retail,1,,,,,,,,0.0,33.0,1.0,69.25,11.61,50.0,52,hitl
332,2026-04-16 17:00,supplier_1,supplier,1,0.0,,,,,,,,,,,,,52,hitl
332,2026-04-16 17:00,farm_1,farm,0,,620.0,0.035,,,,,,,,,,,52,hitl
332,2026-04-16 17:00,slaughterhouse_1,slaughterhouse,1,,,,113.0,400.0,,,,,,,,,52,hitl
332,2026-04-16 17:00,wholesaler_1,wholesaler,1,,,,,,0.0,4.15,,,,,,,52,hitl
332,2026-04-16 17:00,retail_1,retail,1,,,,,,,,0.0,33.0,1.0,69.5,11.61,50.0,52,hitl
333,2026-04-16 17:15,supplier_1,supplier,1,0.0,,,,,,,,,,,,,52,hitl
333,2026-04-16 17:15,farm_1,farm,0,,620.0,0.035,,,,,,,,,,,52,hitl
333,2026-04-16 17:15,slaughterhouse_1,slaughterhouse,1,,,,113.0,400.0,,,,,,,,,52,hitl
333,2026-04-16 17:15,wholesaler_1,wholesaler,1,,,,,,0.0,4.15,,,,,,,52,hitl
333,2026-04-16 17:15,retail_1,retail,1,,,,,,,,0.0,33.0,1.0,69.75,11.61,50.0,52,hitl
334,2026-04-16 17:30,supplier_1,supplier,1,0.0,,,,,,,,,,,,,52,hitl
334,2026-04-16 17:30,farm_1,farm,0,,620.0,0.035,,,,,,,,,,,52,hitl
334,2026-04-16 17:30,slaughterhouse_1,slaughterhouse,1,,,,113.0,400.0,,,,,,,,,52,hitl
334,2026-04-16 17:30,wholesaler_1,wholesaler,1,,,,,,0.0,4.15,,,,,,,52,hitl
334,2026-04-16 17:30,retail_1,retail,1,,,,,,,,0.0,33.0,1.0,70.0,11.61,50.0,52,hitl
335,2026-04-16 17:45,supplier_1,supplier,1,0.0,,,,,,,,,,,,,52,hitl
335,2026-04-16 17:45,farm_1,farm,0,,620.0,0.035,,,,,,,,,,,52,hitl
335,2026-04-16 17:45,slaughterhouse_1,slaughterhouse,1,,,,113.0,400.0,,,,,,,,,52,hitl
335,2026-04-16 17:45,wholesaler_1,wholesaler,1,,,,,,0.0,4.15,,,,,,,52,hitl
335,2026-04-16 17:45,retail_1,retail,1,,,,,,,,0.0,33.0,1.0,70.25,11.61,50.0,52,hitl
336,2026-04-16 18:00,supplier_1,supplier,1,0.0,,,,,,,,,,,,,52,hitl
336,2026-04-16 18:00,farm_1,farm,0,,620.0,0.035,,,,,,,,,,,52,hitl
336,2026-04-16 18:00,slaughterhouse_1,slaughterhouse,1,,,,113.0,395.68,,,,,,,,,52,hitl
336,2026-04-16 18:00,wholesaler_1,wholesaler,1,,,,,,0.0,4.15,,,,,,,52,hitl
336,2026-04-16 18:00,retail_1,retail,1,,,,,,,,0.0,33.0,1.0,70.5,11.61,50.0,52,hitl
337,2026-04-16 18:15,supplier_1,supplier,1,0.0,,,,,,,,,,,,,52,hitl
337,2026-04-16 18:15,farm_1,farm,0,,620.0,0.035,,,,,,,,,,,52,hitl
337,2026-04-16 18:15,slaughterhouse_1,slaughterhouse,1,,,,113.0,398.82,,,,,,,,,52,hitl
337,2026-04-16 18:15,wholesaler_1,wholesaler,1,,,,,,4.32,4.15,,,,,,,52,hitl
337,2026-04-16 18:15,retail_1,retail,1,,,,,,,,0.0,33.0,1.0,70.75,11.61,50.0,52,hitl
338,2026-04-16 18:30,supplier_1,supplier,1,0.0,,,,,,,,,,,,,52,hitl
338,2026-04-16 18:30,farm_1,farm,0,,620.0,0.035,,,,,,,,,,,52,hitl
338,2026-04-16 18:30,slaughterhouse_1,slaughterhouse,1,,,,113.0,400.0,,,,,,,,,52,hitl
338,2026-04-16 18:30,wholesaler_1,wholesaler,1,,,,,,2.38,4.15,,,,,,,52,hitl
338,2026-04-16 18:30,retail_1,retail,1,,,,,,,,0.0,33.0,1.0,71.0,11.61,50.0,52,hitl
339,2026-04-16 18:45,supplier_1,supplier,1,0.0,,,,,,,,,,,,,52,hitl
339,2026-04-16 18:45,farm_1,farm,0,,620.0,0.035,,,,,,,,,,,52,hitl
339,2026-04-16 18:45,slaughterhouse_1,slaughterhouse,1,,,,113.0,400.0,,,,,,,,,52,hitl
339,2026-04-16 18:45,wholesaler_1,wholesaler,1,,,,,,0.53,4.15,,,,,,,52,hitl
339,2026-04-16 18:45,retail_1,retail,1,,,,,,,,0.0,33.0,1.0,71.25,11.61,50.0,52,hitl
340,2026-04-16 19:00,supplier_1,supplier,1,0.0,,,,,,,,,,,,,52,hitl
340,2026-04-16 19:00,farm_1,farm,0,,620.0,0.035,,,,,,,,,,,52,hitl
340,2026-04-16 19:00,slaughterhouse_1,slaughterhouse,1,,,,113.0,400.0,,,,,,,,,52,hitl
340,2026-04-16 19:00,wholesaler_1,wholesaler,1,,,,,,0.0,4.15,,,,,,,52,hitl
340,2026-04-16 19:00,retail_1,retail,1,,,,,,,,0.0,33.0,1.0,71.5,11.61,50.0,52,hitl
341,2026-04-16 19:15,supplier_1,supplier,1,0.0,,,,,,,,,,,,,52,hitl
341,2026-04-16 19:15,farm_1,farm,0,,620.0,0.035,,,,,,,,,,,52,hitl
341,2026-04-16 19:15,slaughterhouse_1,slaughterhouse,1,,,,113.0,400.0,,,,,,,,,52,hitl
341,2026-04-16 19:15,wholesaler_1,wholesaler,1,,,,,,0.0,4.15,,,,,,,52,hitl
341,2026-04-16 19:15,retail_1,retail,1,,,,,,,,0.0,33.0,1.0,71.75,11.61,50.0,52,hitl
342,2026-04-16 19:30,supplier_1,supplier,1,0.0,,,,,,,,,,,,,52,hitl
342,2026-04-16 19:30,farm_1,farm,0,,620.0,0.035,,,,,,,,,,,52,hitl
342,2026-04-16 19:30,slaughterhouse_1,slaughterhouse,1,,,,113.0,400.0,,,,,,,,,52,hitl
342,2026-04-16 19:30,wholesaler_1,wholesaler,1,,,,,,0.0,4.15,,,,,,,52,hitl
342,2026-04-16 19:30,retail_1,retail,1,,,,,,,,0.0,33.0,1.0,72.0,11.61,50.0,52,hitl
343,2026-04-16 19:45,supplier_1,supplier,1,0.0,,,,,,,,,,,,,52,hitl
343,2026-04-16 19:45,farm_1,farm,0,,620.0,0.035,,,,,,,,,,,52,hitl
343,2026-04-16 19:45,slaughterhouse_1,slaughterhouse,1,,,,113.0,400.0,,,,,,,,,52,hitl
343,2026-04-16 19:45,wholesaler_1,wholesaler,1,,,,,,0.0,4.15,,,,,,,52,hitl
343,2026-04-16 19:45,retail_1,retail,1,,,,,,,,0.0,33.0,1.0,72.25,11.61,50.0,52,hitl
344,2026-04-16 20:00,supplier_1,supplier,1,0.0,,,,,,,,,,,,,52,hitl
344,2026-04-16 20:00,farm_1,farm,0,,620.0,0.035,,,,,,,,,,,52,hitl
344,2026-04-16 20:00,slaughterhouse_1,slaughterhouse,1,,,,113.0,395.68,,,,,,,,,52,hitl
344,2026-04-16 20:00,wholesaler_1,wholesaler,1,,,,,,0.0,4.15,,,,,,,52,hitl
344,2026-04-16 20:00,retail_1,retail,1,,,,,,,,0.0,33.0,1.0,72.5,11.61,50.0,52,hitl
345,2026-04-16 20:15,supplier_1,supplier,1,0.0,,,,,,,,,,,,,52,hitl
345,2026-04-16 20:15,farm_1,farm,0,,620.0,0.035,,,,,,,,,,,52,hitl
345,2026-04-16 20:15,slaughterhouse_1,slaughterhouse,1,,,,113.0,398.73,,,,,,,,,52,hitl
345,2026-04-16 20:15,wholesaler_1,wholesaler,1,,,,,,4.32,4.15,,,,,,,52,hitl
345,2026-04-16 20:15,retail_1,retail,1,,,,,,,,0.0,33.0,1.0,72.75,11.61,50.0,52,hitl
346,2026-04-16 20:30,supplier_1,supplier,1,0.0,,,,,,,,,,,,,52,hitl
346,2026-04-16 20:30,farm_1,farm,0,,620.0,0.035,,,,,,,,,,,52,hitl
346,2026-04-16 20:30,slaughterhouse_1,slaughterhouse,1,,,,113.0,400.0,,,,,,,,,52,hitl
346,2026-04-16 20:30,wholesaler_1,wholesaler,1,,,,,,1.48,4.15,,,,,,,52,hitl
346,2026-04-16 20:30,retail_1,retail,1,,,,,,,,0.0,33.0,1.0,73.0,11.61,50.0,52,hitl
347,2026-04-16 20:45,supplier_1,supplier,1,0.0,,,,,,,,,,,,,52,hitl
347,2026-04-16 20:45,farm_1,farm,0,,620.0,0.035,,,,,,,,,,,52,hitl
347,2026-04-16 20:45,slaughterhouse_1,slaughterhouse,1,,,,113.0,400.0,,,,,,,,,52,hitl
347,2026-04-16 20:45,wholesaler_1,wholesaler,1,,,,,,0.0,4.15,,,,,,,52,hitl
347,2026-04-16 20:45,retail_1,retail,1,,,,,,,,0.0,33.0,1.0,73.25,11.61,50.0,52,hitl
348,2026-04-16 21:00,supplier_1,supplier,1,0.0,,,,,,,,,,,,,52,hitl
348,2026-04-16 21:00,farm_1,farm,0,,620.0,0.035,,,,,,,,,,,52,hitl
348,2026-04-16 21:00,slaughterhouse_1,slaughterhouse,1,,,,113.0,400.0,,,,,,,,,52,hitl
348,2026-04-16 21:00,wholesaler_1,wholesaler,1,,,,,,0.0,4.15,,,,,,,52,hitl
348,2026-04-16 21:00,retail_1,retail,1,,,,,,,,0.0,33.0,1.0,73.5,11.61,50.0,52,hitl
349,2026-04-16 21:15,supplier_1,supplier,1,0.0,,,,,,,,,,,,,52,hitl
349,2026-04-16 21:15,farm_1,farm,0,,620.0,0.035,,,,,,,,,,,52,hitl
349,2026-04-16 21:15,slaughterhouse_1,slaughterhouse,1,,,,113.0,400.0,,,,,,,,,52,hitl
349,2026-04-16 21:15,wholesaler_1,wholesaler,1,,,,,,0.0,4.15,,,,,,,52,hitl
349,2026-04-16 21:15,retail_1,retail,1,,,,,,,,0.0,33.0,1.0,73.75,11.61,50.0,52,hitl
350,2026-04-16 21:30,supplier_1,supplier,1,0.0,,,,,,,,,,,,,52,hitl
350,2026-04-16 21:30,farm_1,farm,0,,620.0,0.035,,,,,,,,,,,52,hitl
350,2026-04-16 21:30,slaughterhouse_1,slaughterhouse,1,,,,113.0,400.0,,,,,,,,,52,hitl
350,2026-04-16 21:30,wholesaler_1,wholesaler,1,,,,,,0.0,4.15,,,,,,,52,hitl
350,2026-04-16 21:30,retail_1,retail,1,,,,,,,,0.0,33.0,1.0,74.0,11.61,50.0,52,hitl
351,2026-04-16 21:45,supplier_1,supplier,1,0.0,,,,,,,,,,,,,52,hitl
351,2026-04-16 21:45,farm_1,farm,0,,620.0,0.035,,,,,,,,,,,52,hitl
351,2026-04-16 21:45,slaughterhouse_1,slaughterhouse,1,,,,113.0,400.0,,,,,,,,,52,hitl
351,2026-04-16 21:45,wholesaler_1,wholesaler,1,,,,,,0.0,4.15,,,,,,,52,hitl
351,2026-04-16 21:45,retail_1,retail,1,,,,,,,,0.0,33.0,1.0,74.25,11.61,50.0,52,hitl
352,2026-04-16 22:00,supplier_1,supplier,1,0.0,,,,,,,,,,,,,52,hitl
352,2026-04-16 22:00,farm_1,farm,0,,620.0,0.035,,,,,,,,,,,52,hitl
352,2026-04-16 22:00,slaughterhouse_1,slaughterhouse,1,,,,113.0,395.68,,,,,,,,,52,hitl
352,2026-04-16 22:00,wholesaler_1,wholesaler,1,,,,,,0.0,4.15,,,,,,,52,hitl
352,2026-04-16 22:00,retail_1,retail,1,,,,,,,,0.0,33.0,1.0,74.5,11.61,50.0,52,hitl
353,2026-04-16 22:15,supplier_1,supplier,1,0.0,,,,,,,,,,,,,52,hitl
353,2026-04-16 22:15,farm_1,farm,0,,620.0,0.035,,,,,,,,,,,52,hitl
353,2026-04-16 22:15,slaughterhouse_1,slaughterhouse,1,,,,113.0,398.97,,,,,,,,,52,hitl
353,2026-04-16 22:15,wholesaler_1,wholesaler,1,,,,,,4.32,4.15,,,,,,,52,hitl
353,2026-04-16 22:15,retail_1,retail,1,,,,,,,,0.0,33.0,1.0,74.75,11.61,50.0,52,hitl
354,2026-04-16 22:30,supplier_1,supplier,1,0.0,,,,,,,,,,,,,52,hitl
354,2026-04-16 22:30,farm_1,farm,0,,620.0,0.035,,,,,,,,,,,52,hitl
354,2026-04-16 22:30,slaughterhouse_1,slaughterhouse,1,,,,113.0,400.0,,,,,,,,,52,hitl
354,2026-04-16 22:30,wholesaler_1,wholesaler,1,,,,,,1.81,4.15,,,,,,,52,hitl
354,2026-04-16 22:30,retail_1,retail,1,,,,,,,,0.0,33.0,1.0,75.0,11.61,50.0,52,hitl
355,2026-04-16 22:45,supplier_1,supplier,1,0.0,,,,,,,,,,,,,52,hitl
355,2026-04-16 22:45,farm_1,farm,0,,620.0,0.035,,,,,,,,,,,52,hitl
355,2026-04-16 22:45,slaughterhouse_1,slaughterhouse,1,,,,113.0,400.0,,,,,,,,,52,hitl
355,2026-04-16 22:45,wholesaler_1,wholesaler,1,,,,,,0.24,4.15,,,,,,,52,hitl
355,2026-04-16 22:45,retail_1,retail,1,,,,,,,,0.0,33.0,1.0,75.25,11.61,50.0,52,hitl
356,2026-04-16 23:00,supplier_1,supplier,1,0.0,,,,,,,,,,,,,52,hitl
356,2026-04-16 23:00,farm_1,farm,0,,620.0,0.035,,,,,,,,,,,52,hitl
356,2026-04-16 23:00,slaughterhouse_1,slaughterhouse,1,,,,113.0,400.0,,,,,,,,,52,hitl
356,2026-04-16 23:00,wholesaler_1,wholesaler,1,,,,,,0.0,4.15,,,,,,,52,hitl
356,2026-04-16 23:00,retail_1,retail,1,,,,,,,,0.0,33.0,1.0,75.5,11.61,50.0,52,hitl
357,2026-04-16 23:15,supplier_1,supplier,1,0.0,,,,,,,,,,,,,52,hitl
357,2026-04-16 23:15,farm_1,farm,0,,620.0,0.035,,,,,,,,,,,52,hitl
357,2026-04-16 23:15,slaughterhouse_1,slaughterhouse,1,,,,113.0,400.0,,,,,,,,,52,hitl
357,2026-04-16 23:15,wholesaler_1,wholesaler,1,,,,,,0.0,4.15,,,,,,,52,hitl
357,2026-04-16 23:15,retail_1,retail,1,,,,,,,,0.0,33.0,1.0,75.75,11.61,50.0,52,hitl
358,2026-04-16 23:30,supplier_1,supplier,1,0.0,,,,,,,,,,,,,52,hitl
358,2026-04-16 23:30,farm_1,farm,0,,620.0,0.035,,,,,,,,,,,52,hitl
358,2026-04-16 23:30,slaughterhouse_1,slaughterhouse,1,,,,113.0,400.0,,,,,,,,,52,hitl
358,2026-04-16 23:30,wholesaler_1,wholesaler,1,,,,,,0.0,4.15,,,,,,,52,hitl
358,2026-04-16 23:30,retail_1,retail,1,,,,,,,,0.0,33.0,1.0,76.0,11.61,50.0,52,hitl
359,2026-04-16 23:45,supplier_1,supplier,1,0.0,,,,,,,,,,,,,52,hitl
359,2026-04-16 23:45,farm_1,farm,0,,620.0,0.035,,,,,,,,,,,52,hitl
359,2026-04-16 23:45,slaughterhouse_1,slaughterhouse,1,,,,113.0,400.0,,,,,,,,,52,hitl
359,2026-04-16 23:45,wholesaler_1,wholesaler,1,,,,,,0.0,4.15,,,,,,,52,hitl
359,2026-04-16 23:45,retail_1,retail,1,,,,,,,,0.0,33.0,1.0,76.25,11.61,50.0,52,hitl
360,2026-04-17 00:00,supplier_1,supplier,1,0.0,,,,,,,,,,,,,52,hitl
360,2026-04-17 00:00,farm_1,farm,1,,620.0,0.035,,,,,,,,,,,52,hitl
360,2026-04-17 00:00,slaughterhouse_1,slaughterhouse,1,,,,113.0,395.68,,,,,,,,,52,hitl
360,2026-04-17 00:00,wholesaler_1,wholesaler,1,,,,,,0.0,4.15,,,,,,,52,hitl
360,2026-04-17 00:00,retail_1,retail,1,,,,,,,,0.0,33.0,1.0,76.5,11.61,50.0,52,hitl
361,2026-04-17 00:15,supplier_1,supplier,1,0.0,,,,,,,,,,,,,52,hitl
361,2026-04-17 00:15,farm_1,farm,1,,620.0,0.035,,,,,,,,,,,52,hitl
361,2026-04-17 00:15,slaughterhouse_1,slaughterhouse,1,,,,113.0,398.84,,,,,,,,,52,hitl
361,2026-04-17 00:15,wholesaler_1,wholesaler,1,,,,,,4.32,4.15,,,,,,,52,hitl
361,2026-04-17 00:15,retail_1,retail,1,,,,,,,,0.0,33.0,1.0,76.75,11.61,50.0,52,hitl
362,2026-04-17 00:30,supplier_1,supplier,1,0.0,,,,,,,,,,,,,52,hitl
362,2026-04-17 00:30,farm_1,farm,1,,620.0,0.035,,,,,,,,,,,52,hitl
362,2026-04-17 00:30,slaughterhouse_1,slaughterhouse,1,,,,113.0,400.0,,,,,,,,,52,hitl
362,2026-04-17 00:30,wholesaler_1,wholesaler,1,,,,,,1.48,4.15,,,,,,,52,hitl
362,2026-04-17 00:30,retail_1,retail,1,,,,,,,,0.0,33.0,1.0,77.0,11.61,50.0,52,hitl
363,2026-04-17 00:45,supplier_1,supplier,1,0.0,,,,,,,,,,,,,52,hitl
363,2026-04-17 00:45,farm_1,farm,1,,620.0,0.035,,,,,,,,,,,52,hitl
363,2026-04-17 00:45,slaughterhouse_1,slaughterhouse,1,,,,113.0,400.0,,,,,,,,,52,hitl
363,2026-04-17 00:45,wholesaler_1,wholesaler,1,,,,,,0.0,4.15,,,,,,,52,hitl
363,2026-04-17 00:45,retail_1,retail,1,,,,,,,,0.0,33.0,1.0,77.25,11.61,50.0,52,hitl
364,2026-04-17 01:00,supplier_1,supplier,1,0.0,,,,,,,,,,,,,52,hitl
364,2026-04-17 01:00,farm_1,farm,1,,620.0,0.035,,,,,,,,,,,52,hitl
364,2026-04-17 01:00,slaughterhouse_1,slaughterhouse,0,,,,372.0,221.65,,,,,,,,,52,hitl
364,2026-04-17 01:00,wholesaler_1,wholesaler,1,,,,,,0.0,4.15,,,,,,,52,hitl
364,2026-04-17 01:00,retail_1,retail,1,,,,,,,,0.0,33.0,1.0,77.5,11.61,50.0,52,hitl
365,2026-04-17 01:15,supplier_1,supplier,1,0.0,,,,,,,,,,,,,52,hitl
365,2026-04-17 01:15,farm_1,farm,1,,620.0,0.035,,,,,,,,,,,52,hitl
365,2026-04-17 01:15,slaughterhouse_1,slaughterhouse,0,,,,372.0,232.72,,,,,,,,,52,hitl
365,2026-04-17 01:15,wholesaler_1,wholesaler,1,,,,,,0.0,4.15,,,,,,,52,hitl
365,2026-04-17 01:15,retail_1,retail,1,,,,,,,,0.0,33.0,1.0,77.75,11.61,50.0,52,hitl
366,2026-04-17 01:30,supplier_1,supplier,1,0.0,,,,,,,,,,,,,52,hitl
366,2026-04-17 01:30,farm_1,farm,1,,620.0,0.035,,,,,,,,,,,52,hitl
366,2026-04-17 01:30,slaughterhouse_1,slaughterhouse,0,,,,372.0,243.33,,,,,,,,,52,hitl
366,2026-04-17 01:30,wholesaler_1,wholesaler,1,,,,,,0.0,4.15,,,,,,,52,hitl
366,2026-04-17 01:30,retail_1,retail,1,,,,,,,,0.0,33.0,1.0,78.0,11.61,50.0,52,hitl
367,2026-04-17 01:45,supplier_1,supplier,1,0.0,,,,,,,,,,,,,52,hitl
367,2026-04-17 01:45,farm_1,farm,1,,620.0,0.035,,,,,,,,,,,52,hitl
367,2026-04-17 01:45,slaughterhouse_1,slaughterhouse,0,,,,372.0,253.96,,,,,,,,,52,hitl
367,2026-04-17 01:45,wholesaler_1,wholesaler,1,,,,,,0.0,4.15,,,,,,,52,hitl
367,2026-04-17 01:45,retail_1,retail,1,,,,,,,,0.0,33.0,1.0,78.25,11.61,50.0,52,hitl
368,2026-04-17 02:00,supplier_1,supplier,1,0.0,,,,,,,,,,,,,52,hitl
368,2026-04-17 02:00,farm_1,farm,1,,620.0,0.035,,,,,,,,,,,52,hitl
368,2026-04-17 02:00,slaughterhouse_1,slaughterhouse,0,,,,372.0,239.87,,,,,,,,,52,hitl
368,2026-04-17 02:00,wholesaler_1,wholesaler,1,,,,,,0.0,4.15,,,,,,,52,hitl
368,2026-04-17 02:00,retail_1,retail,1,,,,,,,,0.0,33.0,1.0,78.5,11.61,50.0,52,hitl
369,2026-04-17 02:15,supplier_1,supplier,1,0.0,,,,,,,,,,,,,52,hitl
369,2026-04-17 02:15,farm_1,farm,1,,620.0,0.035,,,,,,,,,,,52,hitl
369,2026-04-17 02:15,slaughterhouse_1,slaughterhouse,0,,,,372.0,250.2,,,,,,,,,52,hitl
369,2026-04-17 02:15,wholesaler_1,wholesaler,1,,,,,,24.0,4.15,,,,,,,52,hitl
369,2026-04-17 02:15,retail_1,retail,1,,,,,,,,0.0,33.0,1.0,78.75,11.61,50.0,52,hitl
370,2026-04-17 02:30,supplier_1,supplier,1,0.0,,,,,,,,,,,,,52,hitl
370,2026-04-17 02:30,farm_1,farm,1,,620.0,0.035,,,,,,,,,,,52,hitl
370,2026-04-17 02:30,slaughterhouse_1,slaughterhouse,0,,,,372.0,260.51,,,,,,,,,52,hitl
370,2026-04-17 02:30,wholesaler_1,wholesaler,1,,,,,,21.44,4.15,,,,,,,52,hitl
370,2026-04-17 02:30,retail_1,retail,1,,,,,,,,0.0,33.0,1.0,79.0,11.61,50.0,52,hitl
371,2026-04-17 02:45,supplier_1,supplier,1,0.0,,,,,,,,,,,,,52,hitl
371,2026-04-17 02:45,farm_1,farm,1,,620.0,0.035,,,,,,,,,,,52,hitl
371,2026-04-17 02:45,slaughterhouse_1,slaughterhouse,0,,,,372.0,270.5,,,,,,,,,52,hitl
371,2026-04-17 02:45,wholesaler_1,wholesaler,1,,,,,,19.53,4.15,,,,,,,52,hitl
371,2026-04-17 02:45,retail_1,retail,1,,,,,,,,0.0,33.0,1.0,79.25,11.61,50.0,52,hitl
372,2026-04-17 03:00,supplier_1,supplier,1,0.0,,,,,,,,,,,,,52,hitl
372,2026-04-17 03:00,farm_1,farm,1,,620.0,0.035,,,,,,,,,,,52,hitl
372,2026-04-17 03:00,slaughterhouse_1,slaughterhouse,0,,,,372.0,280.77,,,,,,,,,52,hitl
372,2026-04-17 03:00,wholesaler_1,wholesaler,1,,,,,,16.62,4.15,,,,,,,52,hitl
372,2026-04-17 03:00,retail_1,retail,1,,,,,,,,0.0,33.0,1.0,79.5,11.61,50.0,52,hitl
373,2026-04-17 03:15,supplier_1,supplier,1,0.0,,,,,,,,,,,,,52,hitl
373,2026-04-17 03:15,farm_1,farm,1,,620.0,0.035,,,,,,,,,,,52,hitl
373,2026-04-17 03:15,slaughterhouse_1,slaughterhouse,0,,,,372.0,291.45,,,,,,,,,52,hitl
373,2026-04-17 03:15,wholesaler_1,wholesaler,1,,,,,,14.96,4.15,,,,,,,52,hitl
373,2026-04-17 03:15,retail_1,retail,1,,,,,,,,0.0,33.0,1.0,79.75,11.61,50.0,52,hitl
374,2026-04-17 03:30,supplier_1,supplier,1,0.0,,,,,,,,,,,,,52,hitl
374,2026-04-17 03:30,farm_1,farm,1,,620.0,0.035,,,,,,,,,,,52,hitl
374,2026-04-17 03:30,slaughterhouse_1,slaughterhouse,0,,,,372.0,302.48,,,,,,,,,52,hitl
374,2026-04-17 03:30,wholesaler_1,wholesaler,1,,,,,,12.5,4.15,,,,,,,52,hitl
374,2026-04-17 03:30,retail_1,retail,1,,,,,,,,0.0,33.0,1.0,80.0,11.61,50.0,52,hitl
375,2026-04-17 03:45,supplier_1,supplier,1,0.0,,,,,,,,,,,,,52,hitl
375,2026-04-17 03:45,farm_1,farm,1,,620.0,0.035,,,,,,,,,,,52,hitl
375,2026-04-17 03:45,slaughterhouse_1,slaughterhouse,0,,,,372.0,313.53,,,,,,,,,52,hitl
375,2026-04-17 03:45,wholesaler_1,wholesaler,1,,,,,,10.99,4.15,,,,,,,52,hitl
375,2026-04-17 03:45,retail_1,retail,1,,,,,,,,0.0,33.0,1.0,80.25,11.61,50.0,52,hitl
376,2026-04-17 04:00,supplier_1,supplier,1,0.0,,,,,,,,,,,,,52,hitl
376,2026-04-17 04:00,farm_1,farm,1,,620.0,0.035,,,,,,,,,,,52,hitl
376,2026-04-17 04:00,slaughterhouse_1,slaughterhouse,0,,,,372.0,299.36,,,,,,,,,52,hitl
376,2026-04-17 04:00,wholesaler_1,wholesaler,1,,,,,,8.99,4.15,,,,,,,52,hitl
376,2026-04-17 04:00,retail_1,retail,1,,,,,,,,0.0,33.0,1.0,80.5,11.61,50.0,52,hitl
377,2026-04-17 04:15,supplier_1,supplier,1,0.0,,,,,,,,,,,,,52,hitl
377,2026-04-17 04:15,farm_1,farm,1,,620.0,0.035,,,,,,,,,,,52,hitl
377,2026-04-17 04:15,slaughterhouse_1,slaughterhouse,0,,,,372.0,309.45,,,,,,,,,52,hitl
377,2026-04-17 04:15,wholesaler_1,wholesaler,1,,,,,,30.89,4.15,,,,,,,52,hitl
377,2026-04-17 04:15,retail_1,retail,1,,,,,,,,0.0,33.0,1.0,80.75,11.61,50.0,52,hitl
378,2026-04-17 04:30,supplier_1,supplier,1,0.0,,,,,,,,,,,,,52,hitl
378,2026-04-17 04:30,farm_1,farm,1,,620.0,0.035,,,,,,,,,,,52,hitl
378,2026-04-17 04:30,slaughterhouse_1,slaughterhouse,0,,,,372.0,320.42,,,,,,,,,52,hitl
378,2026-04-17 04:30,wholesaler_1,wholesaler,1,,,,,,28.73,4.15,,,,,,,52,hitl
378,2026-04-17 04:30,retail_1,retail,1,,,,,,,,0.0,33.0,1.0,81.0,11.61,50.0,52,hitl
379,2026-04-17 04:45,supplier_1,supplier,1,0.0,,,,,,,,,,,,,52,hitl
379,2026-04-17 04:45,farm_1,farm,1,,620.0,0.035,,,,,,,,,,,52,hitl
379,2026-04-17 04:45,slaughterhouse_1,slaughterhouse,0,,,,372.0,330.0,,,,,,,,,52,hitl
379,2026-04-17 04:45,wholesaler_1,wholesaler,1,,,,,,26.84,4.15,,,,,,,52,hitl
379,2026-04-17 04:45,retail_1,retail,1,,,,,,,,0.0,33.0,1.0,81.25,11.61,50.0,52,hitl
380,2026-04-17 05:00,supplier_1,supplier,1,0.0,,,,,,,,,,,,,52,hitl
380,2026-04-17 05:00,farm_1,farm,1,,620.0,0.035,,,,,,,,,,,52,hitl
380,2026-04-17 05:00,slaughterhouse_1,slaughterhouse,0,,,,372.0,339.57,,,,,,,,,52,hitl
380,2026-04-17 05:00,wholesaler_1,wholesaler,1,,,,,,23.92,4.15,,,,,,,52,hitl
380,2026-04-17 05:00,retail_1,retail,1,,,,,,,,0.0,33.0,1.0,81.5,11.61,50.0,52,hitl
381,2026-04-17 05:15,supplier_1,supplier,1,0.0,,,,,,,,,,,,,52,hitl
381,2026-04-17 05:15,farm_1,farm,1,,620.0,0.035,,,,,,,,,,,52,hitl
381,2026-04-17 05:15,slaughterhouse_1,slaughterhouse,0,,,,372.0,349.99,,,,,,,,,52,hitl
381,2026-04-17 05:15,wholesaler_1,wholesaler,1,,,,,,21.14,4.15,,,,,,,52,hitl
381,2026-04-17 05:15,retail_1,retail,1,,,,,,,,0.0,33.0,1.0,81.75,11.61,50.0,52,hitl
382,2026-04-17 05:30,supplier_1,supplier,1,0.0,,,,,,,,,,,,,52,hitl
382,2026-04-17 05:30,farm_1,farm,1,,620.0,0.035,,,,,,,,,,,52,hitl
382,2026-04-17 05:30,slaughterhouse_1,slaughterhouse,0,,,,372.0,359.6,,,,,,,,,52,hitl
382,2026-04-17 05:30,wholesaler_1,wholesaler,1,,,,,,19.08,4.15,,,,,,,52,hitl
382,2026-04-17 05:30,retail_1,retail,1,,,,,,,,0.0,33.0,1.0,82.0,11.61,50.0,52,hitl
383,2026-04-17 05:45,supplier_1,supplier,1,0.0,,,,,,,,,,,,,52,hitl
383,2026-04-17 05:45,farm_1,farm,1,,620.0,0.035,,,,,,,,,,,52,hitl
383,2026-04-17 05:45,slaughterhouse_1,slaughterhouse,0,,,,372.0,369.32,,,,,,,,,52,hitl
383,2026-04-17 05:45,wholesaler_1,wholesaler,1,,,,,,17.05,4.15,,,,,,,52,hitl
383,2026-04-17 05:45,retail_1,retail,1,,,,,,,,0.0,33.0,1.0,82.25,11.61,50.0,52,hitl
