tick,timestamp,node_id,node_type,disrupted,available_supply,production_capacity,mortality_rate,processing_capacity,output_stock,inventory_level,pending_shipments,retail_inventory,safety_stock,stockout_flag,shortage_duration,sales_rate,reorder_request,scenario_id,mode
0,2026-02-06 06:00,supplier_1,supplier,0,924.98,,,,,,,,,,,,,19,hitl
0,2026-02-06 06:00,farm_1,farm,0,,751.0,0.0286,,,,,,,,,,,19,hitl
0,2026-02-06 06:00,slaughterhouse_1,slaughterhouse,0,,,,500.0,320.36,,,,,,,,,19,hitl
0,2026-02-06 06:00,wholesaler_1,wholesaler,0,,,,,,173.19,6.5,,,,,,,19,hitl
0,2026-02-06 06:00,retail_1,retail,0,,,,,,,,88.33,30.0,0.0,0.0,14.48,0.0,19,hitl
1,2026-02-06 06:15,supplier_1,supplier,0,923.79,,,,,,,,,,,,,19,hitl
1,2026-02-06 06:15,farm_1,farm,0,,751.0,0.0286,,,,,,,,,,,19,hitl
1,2026-02-06 06:15,slaughterhouse_1,slaughterhouse,0,,,,500.0,333.82,,,,,,,,,19,hitl
1,2026-02-06 06:15,wholesaler_1,wholesaler,0,,,,,,195.29,6.5,,,,,,,19,hitl
1,2026-02-06 06:15,retail_1,retail,0,,,,,,,,93.04,30.0,0.0,0.0,14.48,0.0,19,hitl
2,2026-02-06 06:30,supplier_1,supplier,0,922.29,,,,,,,,,,,,,19,hitl
2,2026-02-06 06:30,farm_1,farm,0,,751.0,0.0286,,,,,,,,,,,19,hitl
2,2026-02-06 06:30,slaughterhouse_1,slaughterhouse,0,,,,500.0,347.21,,,,,,,,,19,hitl
2,2026-02-06 06:30,wholesaler_1,wholesaler,0,,,,,,192.99,6.5,,,,,,,19,hitl
2,2026-02-06 06:30,retail_1,retail,0,,,,,,,,89.12,30.0,0.0,0.0,14.48,0.0,19,hitl
3,2026-02-06 06:45,supplier_1,supplier,0,921.59,,,,,,,,,,,,,19,hitl
3,2026-02-06 06:45,farm_1,farm,0,,751.0,0.0286,,,,,,,,,,,19,hitl
3,2026-02-06 06:45,slaughterhouse_1,slaughterhouse,0,,,,500.0,360.8,,,,,,,,,19,hitl
3,2026-02-06 06:45,wholesaler_1,wholesaler,0,,,,,,190.28,6.5,,,,,,,19,hitl
3,2026-02-06 06:45,retail_1,retail,0,,,,,,,,85.92,30.0,0.0,0.0,14.48,0.0,19,hitl
4,2026-02-06 07:00,supplier_1,supplier,0,920.42,,,,,,,,,,,,,19,hitl
4,2026-02-06 07:00,farm_1,farm,0,,751.0,0.0286,,,,,,,,,,,19,hitl
4,2026-02-06 07:00,slaughterhouse_1,slaughterhouse,0,,,,500.0,374.28,,,,,,,,,19,hitl
4,2026-02-06 07:00,wholesaler_1,wholesaler,0,,,,,,180.15,6.5,,,,,,,19,hitl
4,2026-02-06 07:00,retail_1,retail,0,,,,,,,,82.31,30.0,0.0,0.0,14.48,0.0,19,hitl
5,2026-02-06 07:15,supplier_1,supplier,0,918.98,,,,,,,,,,,,,19,hitl
5,2026-02-06 07:15,farm_1,farm,0,,751.0,0.0286,,,,,,,,,,,19,hitl
5,2026-02-06 07:15,slaughterhouse_1,slaughterhouse,0,,,,500.0,389.23,,,,,,,,,19,hitl
5,2026-02-06 07:15,wholesaler_1,wholesaler,0,,,,,,177.78,6.5,,,,,,,19,hitl
5,2026-02-06 07:15,retail_1,retail,0,,,,,,,,86.68,30.0,0.0,0.0,14.48,0.0,19,hitl
6,2026-02-06 07:30,supplier_1,supplier,0,918.03,,,,,,,,,,,,,19,hitl
6,2026-02-06 07:30,farm_1,farm,0,,751.0,0.0286,,,,,,,,,,,19,hitl
6,2026-02-06 07:30,slaughterhouse_1,slaughterhouse,0,,,,500.0,400.0,,,,,,,,,19,hitl
6,2026-02-06 07:30,wholesaler_1,wholesaler,0,,,,,,175.49,6.5,,,,,,,19,hitl
6,2026-02-06 07:30,retail_1,retail,0,,,,,,,,83.44,30.0,0.0,0.0,14.48,0.0,19,hitl
7,2026-02-06 07:45,supplier_1,supplier,0,917.05,,,,,,,,,,,,,19,hitl
7,2026-02-06 07:45,farm_1,farm,0,,751.0,0.0286,,,,,,,,,,,19,hitl
7,2026-02-06 07:45,slaughterhouse_1,slaughterhouse,0,,,,500.0,400.0,,,,,,,,,19,hitl
7,2026-02-06 07:45,wholesaler_1,wholesaler,0,,,,,,173.84,6.5,,,,,,,19,hitl
7,2026-02-06 07:45,retail_1,retail,0,,,,,,,,80.12,30.0,0.0,0.0,14.48,0.0,19,hitl
8,2026-02-06 08:00,supplier_1,supplier,0,915.6,,,,,,,,,,,,,19,hitl
8,2026-02-06 08:00,farm_1,farm,0,,751.0,0.0286,,,,,,,,,,,19,hitl
8,2026-02-06 08:00,slaughterhouse_1,slaughterhouse,0,,,,500.0,376.0,,,,,,,,,19,hitl
8,2026-02-06 08:00,wholesaler_1,wholesaler,0,,,,,,163.11,6.5,,,,,,,19,hitl
8,2026-02-06 08:00,retail_1,retail,0,,,,,,,,76.85,30.0,0.0,0.0,14.48,0.0,19,hitl
9,2026-02-06 08:15,supplier_1,supplier,0,914.39,,,,,,,,,,,,,19,hitl
9,2026-02-06 08:15,farm_1,farm,0,,751.0,0.0286,,,,,,,,,,,19,hitl
9,2026-02-06 08:15,slaughterhouse_1,slaughterhouse,0,,,,500.0,389.14,,,,,,,,,19,hitl
9,2026-02-06 08:15,wholesaler_1,wholesaler,0,,,,,,184.54,6.5,,,,,,,19,hitl
9,2026-02-06 08:15,retail_1,retail,0,,,,,,,,81.44,30.0,0.0,0.0,14.48,0.0,19,hitl
10,2026-02-06 08:30,supplier_1,supplier,0,913.01,,,,,,,,,,,,,19,hitl
10,2026-02-06 08:30,farm_1,farm,0,,751.0,0.0286,,,,,,,,,,,19,hitl
10,2026-02-06 08:30,slaughterhouse_1,slaughterhouse,0,,,,500.0,400.0,,,,,,,,,19,hitl
10,2026-02-06 08:30,wholesaler_1,wholesaler,0,,,,,,183.0,6.5,,,,,,,19,hitl
10,2026-02-06 08:30,retail_1,retail,0,,,,,,,,77.61,30.0,0.0,0.0,14.48,0.0,19,hitl
11,2026-02-06 08:45,supplier_1,supplier,0,911.82,,,,,,,,,,,,,19,hitl
11,2026-02-06 08:45,farm_1,farm,0,,751.0,0.0286,,,,,,,,,,,19,hitl
11,2026-02-06 08:45,slaughterhouse_1,slaughterhouse,0,,,,500.0,400.0,,,,,,,,,19,hitl
11,2026-02-06 08:45,wholesaler_1,wholesaler,0,,,,,,180.05,6.5,,,,,,,19,hitl
11,2026-02-06 08:45,retail_1,retail,0,,,,,,,,74.19,30.0,0.0,0.0,14.48,0.0,19,hitl
12,2026-02-06 09:00,supplier_1,supplier,0,910.49,,,,,,,,,,,,,19,hitl
12,2026-02-06 09:00,farm_1,farm,0,,751.0,0.0286,,,,,,,,,,,19,hitl
12,2026-02-06 09:00,slaughterhouse_1,slaughterhouse,0,,,,500.0,400.0,,,,,,,,,19,hitl
12,2026-02-06 09:00,wholesaler_1,wholesaler,0,,,,,,169.69,6.5,,,,,,,19,hitl
12,2026-02-06 09:00,retail_1,retail,0,,,,,,,,70.21,30.0,0.0,0.0,14.48,0.0,19,hitl
13,2026-02-06 09:15,supplier_1,supplier,0,909.07,,,,,,,,,,,,,19,hitl
13,2026-02-06 09:15,farm_1,farm,0,,751.0,0.0286,,,,,,,,,,,19,hitl
13,2026-02-06 09:15,slaughterhouse_1,slaughterhouse,0,,,,500.0,400.0,,,,,,,,,19,hitl
13,2026-02-06 09:15,wholesaler_1,wholesaler,0,,,,,,168.17,6.5,,,,,,,19,hitl
13,2026-02-06 09:15,retail_1,retail,0,,,,,,,,74.84,30.0,0.0,0.0,14.48,0.0,19,hitl
14,2026-02-06 09:30,supplier_1,supplier,0,907.85,,,,,,,,,,,,,19,hitl
14,2026-02-06 09:30,farm_1,farm,0,,751.0,0.0286,,,,,,,,,,,19,hitl
14,2026-02-06 09:30,slaughterhouse_1,slaughterhouse,0,,,,500.0,400.0,,,,,,,,,19,hitl
14,2026-02-06 09:30,wholesaler_1,wholesaler,0,,,,,,166.08,6.5,,,,,,,19,hitl
14,2026-02-06 09:30,retail_1,retail,0,,,,,,,,71.14,30.0,0.0,0.0,14.48,0.0,19,hitl
15,2026-02-06 09:45,supplier_1,supplier,0,906.45,,,,,,,,,,,,,19,hitl
15,2026-02-06 09:45,farm_1,farm,0,,751.0,0.0286,,,,,,,,,,,19,hitl
15,2026-02-06 09:45,slaughterhouse_1,slaughterhouse,0,,,,500.0,400.0,,,,,,,,,19,hitl
15,2026-02-06 09:45,wholesaler_1,wholesaler,0,,,,,,163.75,6.5,,,,,,,19,hitl
15,2026-02-06 09:45,retail_1,retail,0,,,,,,,,67.22,30.0,0.0,0.0,14.48,0.0,19,hitl
16,2026-02-06 10:00,supplier_1,supplier,0,905.48,,,,,,,,,,,,,19,hitl
16,2026-02-06 10:00,farm_1,farm,0,,751.0,0.0286,,,,,,,,,,,19,hitl
16,2026-02-06 10:00,slaughterhouse_1,slaughterhouse,0,,,,500.0,376.0,,,,,,,,,19,hitl
16,2026-02-06 10:00,wholesaler_1,wholesaler,0,,,,,,153.36,6.5,,,,,,,19,hitl
16,2026-02-06 10:00,retail_1,retail,0,,,,,,,,63.28,30.0,0.0,0.0,14.48,0.0,19,hitl
17,2026-02-06 10:15,supplier_1,supplier,0,904.01,,,,,,,,,,,,,19,hitl
17,2026-02-06 10:15,farm_1,farm,0,,751.0,0.0286,,,,,,,,,,,19,hitl
17,2026-02-06 10:15,slaughterhouse_1,slaughterhouse,0,,,,500.0,390.51,,,,,,,,,19,hitl
17,2026-02-06 10:15,wholesaler_1,wholesaler,0,,,,,,175.44,6.5,,,,,,,19,hitl
17,2026-02-06 10:15,retail_1,retail,0,,,,,,,,67.44,30.0,0.0,0.0,14.48,0.0,19,hitl
18,2026-02-06 10:30,supplier_1,supplier,0,903.14,,,,,,,,,,,,,19,hitl
18,2026-02-06 10:30,farm_1,farm,0,,751.0,0.0286,,,,,,,,,,,19,hitl
18,2026-02-06 10:30,slaughterhouse_1,slaughterhouse,0,,,,500.0,400.0,,,,,,,,,19,hitl
18,2026-02-06 10:30,wholesaler_1,wholesaler,0,,,,,,173.74,6.5,,,,,,,19,hitl
18,2026-02-06 10:30,retail_1,retail,0,,,,,,,,63.9,30.0,0.0,0.0,14.48,0.0,19,hitl
19,2026-02-06 10:45,supplier_1,supplier,0,902.48,,,,,,,,,,,,,19,hitl
19,2026-02-06 10:45,farm_1,farm,0,,751.0,0.0286,,,,,,,,,,,19,hitl
19,2026-02-06 10:45,slaughterhouse_1,slaughterhouse,0,,,,500.0,400.0,,,,,,,,,19,hitl
19,2026-02-06 10:45,wholesaler_1,wholesaler,0,,,,,,171.02,6.5,,,,,,,19,hitl
19,2026-02-06 10:45,retail_1,retail,0,,,,,,,,60.14,30.0,0.0,0.0,14.48,0.0,19,hitl
20,2026-02-06 11:00,supplier_1,supplier,0,901.65,,,,,,,,,,,,,19,hitl
20,2026-02-06 11:00,farm_1,farm,0,,751.0,0.0286,,,,,,,,,,,19,hitl
20,2026-02-06 11:00,slaughterhouse_1,slaughterhouse,0,,,,500.0,400.0,,,,,,,,,19,hitl
20,2026-02-06 11:00,wholesaler_1,wholesaler,0,,,,,,161.33,6.5,,,,,,,19,hitl
20,2026-02-06 11:00,retail_1,retail,0,,,,,,,,56.88,30.0,0.0,0.0,14.48,0.0,19,hitl
21,2026-02-06 11:15,supplier_1,supplier,0,900.93,,,,,,,,,,,,,19,hitl
21,2026-02-06 11:15,farm_1,farm,0,,751.0,0.0286,,,,,,,,,,,19,hitl
21,2026-02-06 11:15,slaughterhouse_1,slaughterhouse,0,,,,500.0,400.0,,,,,,,,,19,hitl
21,2026-02-06 11:15,wholesaler_1,wholesaler,0,,,,,,159.7,6.5,,,,,,,19,hitl
21,2026-02-06 11:15,retail_1,retail,0,,,,,,,,61.54,30.0,0.0,0.0,14.48,0.0,19,hitl
22,2026-02-06 11:30,supplier_1,supplier,0,900.08,,,,,,,,,,,,,19,hitl
22,2026-02-06 11:30,farm_1,farm,0,,751.0,0.0286,,,,,,,,,,,19,hitl
22,2026-02-06 11:30,slaughterhouse_1,slaughterhouse,0,,,,500.0,400.0,,,,,,,,,19,hitl
22,2026-02-06 11:30,wholesaler_1,wholesaler,0,,,,,,157.21,6.5,,,,,,,19,hitl
22,2026-02-06 11:30,retail_1,retail,0,,,,,,,,57.59,30.0,0.0,0.0,14.48,0.0,19,hitl
23,2026-02-06 11:45,supplier_1,supplier,0,899.57,,,,,,,,,,,,,19,hitl
23,2026-02-06 11:45,farm_1,farm,0,,751.0,0.0286,,,,,,,,,,,19,hitl
23,2026-02-06 11:45,slaughterhouse_1,slaughterhouse,0,,,,500.0,400.0,,,,,,,,,19,hitl
23,2026-02-06 11:45,wholesaler_1,wholesaler,0,,,,,,155.38,6.5,,,,,,,19,hitl
23,2026-02-06 11:45,retail_1,retail,0,,,,,,,,53.75,30.0,0.0,0.0,14.48,0.0,19,hitl
24,2026-02-06 12:00,supplier_1,supplier,0,898.84,,,,,,,,,,,,,19,hitl
24,2026-02-06 12:00,farm_1,farm,0,,751.0,0.0286,,,,,,,,,,,19,hitl
24,2026-02-06 12:00,slaughterhouse_1,slaughterhouse,0,,,,500.0,376.0,,,,,,,,,19,hitl
24,2026-02-06 12:00,wholesaler_1,wholesaler,0,,,,,,145.71,6.5,,,,,,,19,hitl
24,2026-02-06 12:00,retail_1,retail,0,,,,,,,,50.22,30.0,0.0,0.0,14.48,0.0,19,hitl
25,2026-02-06 12:15,supplier_1,supplier,0,897.69,,,,,,,,,,,,,19,hitl
25,2026-02-06 12:15,farm_1,farm,0,,751.0,0.0286,,,,,,,,,,,19,hitl
25,2026-02-06 12:15,slaughterhouse_1,slaughterhouse,0,,,,500.0,389.44,,,,,,,,,19,hitl
25,2026-02-06 12:15,wholesaler_1,wholesaler,0,,,,,,167.78,6.5,,,,,,,19,hitl
25,2026-02-06 12:15,retail_1,retail,0,,,,,,,,54.7,30.0,0.0,0.0,14.48,0.0,19,hitl
26,2026-02-06 12:30,supplier_1,supplier,0,896.25,,,,,,,,,,,,,19,hitl
26,2026-02-06 12:30,farm_1,farm,0,,751.0,0.0286,,,,,,,,,,,19,hitl
26,2026-02-06 12:30,slaughterhouse_1,slaughterhouse,0,,,,500.0,400.0,,,,,,,,,19,hitl
26,2026-02-06 12:30,wholesaler_1,wholesaler,0,,,,,,165.47,6.5,,,,,,,19,hitl
26,2026-02-06 12:30,retail_1,retail,0,,,,,,,,51.45,30.0,0.0,0.0,14.48,0.0,19,hitl
27,2026-02-06 12:45,supplier_1,supplier,0,895.27,,,,,,,,,,,,,19,hitl
27,2026-02-06 12:45,farm_1,farm,0,,751.0,0.0286,,,,,,,,,,,19,hitl
27,2026-02-06 12:45,slaughterhouse_1,slaughterhouse,0,,,,500.0,400.0,,,,,,,,,19,hitl
27,2026-02-06 12:45,wholesaler_1,wholesaler,0,,,,,,163.04,6.5,,,,,,,19,hitl
27,2026-02-06 12:45,retail_1,retail,0,,,,,,,,47.89,30.0,0.0,0.0,14.48,0.0,19,hitl
28,2026-02-06 13:00,supplier_1,supplier,0,894.16,,,,,,,,,,,,,19,hitl
28,2026-02-06 13:00,farm_1,farm,0,,751.0,0.0286,,,,,,,,,,,19,hitl
28,2026-02-06 13:00,slaughterhouse_1,slaughterhouse,0,,,,500.0,400.0,,,,,,,,,19,hitl
28,2026-02-06 13:00,wholesaler_1,wholesaler,0,,,,,,152.29,6.5,,,,,,,19,hitl
28,2026-02-06 13:00,retail_1,retail,0,,,,,,,,44.06,30.0,0.0,0.0,14.48,0.0,19,hitl
29,2026-02-06 13:15,supplier_1,supplier,0,893.57,,,,,,,,,,,,,19,hitl
29,2026-02-06 13:15,farm_1,farm,0,,751.0,0.0286,,,,,,,,,,,19,hitl
29,2026-02-06 13:15,slaughterhouse_1,slaughterhouse,0,,,,500.0,400.0,,,,,,,,,19,hitl
29,2026-02-06 13:15,wholesaler_1,wholesaler,0,,,,,,149.74,6.5,,,,,,,19,hitl
29,2026-02-06 13:15,retail_1,retail,0,,,,,,,,48.68,30.0,0.0,0.0,14.48,0.0,19,hitl
30,2026-02-06 13:30,supplier_1,supplier,0,892.62,,,,,,,,,,,,,19,hitl
30,2026-02-06 13:30,farm_1,farm,0,,751.0,0.0286,,,,,,,,,,,19,hitl
30,2026-02-06 13:30,slaughterhouse_1,slaughterhouse,0,,,,500.0,400.0,,,,,,,,,19,hitl
30,2026-02-06 13:30,wholesaler_1,wholesaler,0,,,,,,147.72,6.5,,,,,,,19,hitl
30,2026-02-06 13:30,retail_1,retail,0,,,,,,,,44.82,30.0,0.0,0.0,14.48,0.0,19,hitl
31,2026-02-06 13:45,supplier_1,supplier,0,891.88,,,,,,,,,,,,,19,hitl
31,2026-02-06 13:45,farm_1,farm,0,,751.0,0.0286,,,,,,,,,,,19,hitl
31,2026-02-06 13:45,slaughterhouse_1,slaughterhouse,0,,,,500.0,400.0,,,,,,,,,19,hitl
31,2026-02-06 13:45,wholesaler_1,wholesaler,0,,,,,,144.79,6.5,,,,,,,19,hitl
31,2026-02-06 13:45,retail_1,retail,0,,,,,,,,41.0,30.0,0.0,0.0,14.48,0.0,19,hitl
32,2026-02-06 14:00,supplier_1,supplier,0,891.21,,,,,,,,,,,,,19,hitl
32,2026-02-06 14:00,farm_1,farm,0,,751.0,0.0286,,,,,,,,,,,19,hitl
32,2026-02-06 14:00,slaughterhouse_1,slaughterhouse,0,,,,500.0,376.0,,,,,,,,,19,hitl
32,2026-02-06 14:00,wholesaler_1,wholesaler,0,,,,,,134.9,6.5,,,,,,,19,hitl
32,2026-02-06 14:00,retail_1,retail,0,,,,,,,,37.71,30.0,0.0,0.0,14.48,0.0,19,hitl
33,2026-02-06 14:15,supplier_1,supplier,0,889.72,,,,,,,,,,,,,19,hitl
33,2026-02-06 14:15,farm_1,farm,0,,751.0,0.0286,,,,,,,,,,,19,hitl
33,2026-02-06 14:15,slaughterhouse_1,slaughterhouse,0,,,,500.0,389.0,,,,,,,,,19,hitl
33,2026-02-06 14:15,wholesaler_1,wholesaler,0,,,,,,156.42,6.5,,,,,,,19,hitl
33,2026-02-06 14:15,retail_1,retail,0,,,,,,,,42.15,30.0,0.0,0.0,14.48,0.0,19,hitl
34,2026-02-06 14:30,supplier_1,supplier,0,889.03,,,,,,,,,,,,,19,hitl
34,2026-02-06 14:30,farm_1,farm,0,,751.0,0.0286,,,,,,,,,,,19,hitl
34,2026-02-06 14:30,slaughterhouse_1,slaughterhouse,0,,,,500.0,400.0,,,,,,,,,19,hitl
34,2026-02-06 14:30,wholesaler_1,wholesaler,0,,,,,,154.86,6.5,,,,,,,19,hitl
34,2026-02-06 14:30,retail_1,retail,0,,,,,,,,38.54,30.0,0.0,0.0,14.48,0.0,19,hitl
35,2026-02-06 14:45,supplier_1,supplier,0,888.37,,,,,,,,,,,,,19,hitl
35,2026-02-06 14:45,farm_1,farm,0,,751.0,0.0286,,,,,,,,,,,19,hitl
35,2026-02-06 14:45,slaughterhouse_1,slaughterhouse,0,,,,500.0,400.0,,,,,,,,,19,hitl
35,2026-02-06 14:45,wholesaler_1,wholesaler,0,,,,,,152.35,6.5,,,,,,,19,hitl
35,2026-02-06 14:45,retail_1,retail,0,,,,,,,,35.2,30.0,0.0,0.0,14.48,0.0,19,hitl
36,2026-02-06 15:00,supplier_1,supplier,0,887.4,,,,,,,,,,,,,19,hitl
36,2026-02-06 15:00,farm_1,farm,1,,751.0,0.0286,,,,,,,,,,,19,hitl
36,2026-02-06 15:00,slaughterhouse_1,slaughterhouse,0,,,,400.0,400.0,,,,,,,,,19,hitl
36,2026-02-06 15:00,wholesaler_1,wholesaler,0,,,,,,142.15,6.5,,,,,,,19,hitl
36,2026-02-06 15:00,retail_1,retail,0,,,,,,,,31.5,30.0,0.0,0.0,14.48,19.9743,19,hitl
37,2026-02-06 15:15,supplier_1,supplier,0,886.77,,,,,,,,,,,,,19,hitl
37,2026-02-06 15:15,farm_1,farm,1,,751.0,0.0286,,,,,,,,,,,19,hitl
37,2026-02-06 15:15,slaughterhouse_1,slaughterhouse,0,,,,400.0,400.0,,,,,,,,,19,hitl
37,2026-02-06 15:15,wholesaler_1,wholesaler,0,,,,,,139.81,6.5,,,,,,,19,hitl
37,2026-02-06 15:15,retail_1,retail,0,,,,,,,,35.87,30.0,0.0,0.25,14.48,19.9743,19,hitl
38,2026-02-06 15:30,supplier_1,supplier,0,885.86,,,,,,,,,,,,,19,hitl
38,2026-02-06 15:30,farm_1,farm,1,,751.0,0.0286,,,,,,,,,,,19,hitl
38,2026-02-06 15:30,slaughterhouse_1,slaughterhouse,0,,,,400.0,400.0,,,,,,,,,19,hitl
38,2026-02-06 15:30,wholesaler_1,wholesaler,0,,,,,,137.05,6.5,,,,,,,19,hitl
38,2026-02-06 15:30,retail_1,retail,0,,,,,,,,31.96,30.0,0.0,0.0,14.48,19.9743,19,hitl
39,2026-02-06 15:45,supplier_1,supplier,0,884.6,,,,,,,,,,,,,19,hitl
39,2026-02-06 15:45,farm_1,farm,1,,751.0,0.0286,,,,,,,,,,,19,hitl
39,2026-02-06 15:45,slaughterhouse_1,slaughterhouse,0,,,,400.0,400.0,,,,,,,,,19,hitl
39,2026-02-06 15:45,wholesaler_1,wholesaler,0,,,,,,134.95,6.5,,,,,,,19,hitl
39,2026-02-06 15:45,retail_1,retail,0,,,,,,,,28.11,30.0,0.0,0.25,14.48,19.9743,19,hitl
40,2026-02-06 16:00,supplier_1,supplier,0,883.54,,,,,,,,,,,,,19,hitl
40,2026-02-06 16:00,farm_1,farm,1,,751.0,0.0286,,,,,,,,,,,19,hitl
40,2026-02-06 16:00,slaughterhouse_1,slaughterhouse,0,,,,400.0,376.0,,,,,,,,,19,hitl
40,2026-02-06 16:00,wholesaler_1,wholesaler,0,,,,,,125.4,6.5,,,,,,,19,hitl
40,2026-02-06 16:00,retail_1,retail,0,,,,,,,,24.4,30.0,0.0,0.5,14.48,19.9743,19,hitl
41,2026-02-06 16:15,supplier_1,supplier,0,882.32,,,,,,,,,,,,,19,hitl
41,2026-02-06 16:15,farm_1,farm,1,,751.0,0.0286,,,,,,,,,,,19,hitl
41,2026-02-06 16:15,slaughterhouse_1,slaughterhouse,0,,,,400.0,386.55,,,,,,,,,19,hitl
41,2026-02-06 16:15,wholesaler_1,wholesaler,0,,,,,,146.95,6.5,,,,,,,19,hitl
41,2026-02-06 16:15,retail_1,retail,0,,,,,,,,27.76,30.0,0.0,0.75,14.48,19.9743,19,hitl
42,2026-02-06 16:30,supplier_1,supplier,0,881.37,,,,,,,,,,,,,19,hitl
42,2026-02-06 16:30,farm_1,farm,1,,751.0,0.0286,,,,,,,,,,,19,hitl
42,2026-02-06 16:30,slaughterhouse_1,slaughterhouse,0,,,,400.0,397.62,,,,,,,,,19,hitl
42,2026-02-06 16:30,wholesaler_1,wholesaler,0,,,,,,145.27,6.5,,,,,,,19,hitl
42,2026-02-06 16:30,retail_1,retail,0,,,,,,,,23.9,30.0,0.0,1.0,14.48,19.9743,19,hitl
43,2026-02-06 16:45,supplier_1,supplier,0,879.96,,,,,,,,,,,,,19,hitl
43,2026-02-06 16:45,farm_1,farm,1,,751.0,0.0286,,,,,,,,,,,19,hitl
43,2026-02-06 16:45,slaughterhouse_1,slaughterhouse,0,,,,400.0,400.0,,,,,,,,,19,hitl
43,2026-02-06 16:45,wholesaler_1,wholesaler,0,,,,,,143.04,6.5,,,,,,,19,hitl
43,2026-02-06 16:45,retail_1,retail,0,,,,,,,,20.56,30.0,0.0,1.25,14.48,19.9743,19,hitl
44,2026-02-06 17:00,supplier_1,supplier,0,879.4,,,,,,,,,,,,,19,hitl
44,2026-02-06 17:00,farm_1,farm,1,,751.0,0.0286,,,,,,,,,,,19,hitl
44,2026-02-06 17:00,slaughterhouse_1,slaughterhouse,0,,,,400.0,400.0,,,,,,,,,19,hitl
44,2026-02-06 17:00,wholesaler_1,wholesaler,0,,,,,,133.03,6.5,,,,,,,19,hitl
44,2026-02-06 17:00,retail_1,retail,0,,,,,,,,17.32,30.0,0.0,1.5,14.48,19.9743,19,hitl
45,2026-02-06 17:15,supplier_1,supplier,0,877.91,,,,,,,,,,,,,19,hitl
45,2026-02-06 17:15,farm_1,farm,1,,751.0,0.0286,,,,,,,,,,,19,hitl
45,2026-02-06 17:15,slaughterhouse_1,slaughterhouse,0,,,,400.0,400.0,,,,,,,,,19,hitl
45,2026-02-06 17:15,wholesaler_1,wholesaler,0,,,,,,130.25,6.5,,,,,,,19,hitl
45,2026-02-06 17:15,retail_1,retail,0,,,,,,,,21.24,30.0,0.0,1.75,14.48,19.9743,19,hitl
46,2026-02-06 17:30,supplier_1,supplier,0,876.47,,,,,,,,,,,,,19,hitl
46,2026-02-06 17:30,farm_1,farm,1,,751.0,0.0286,,,,,,,,,,,19,hitl
46,2026-02-06 17:30,slaughterhouse_1,slaughterhouse,0,,,,400.0,400.0,,,,,,,,,19,hitl
46,2026-02-06 17:30,wholesaler_1,wholesaler,0,,,,,,128.26,6.5,,,,,,,19,hitl
46,2026-02-06 17:30,retail_1,retail,0,,,,,,,,17.78,30.0,0.0,2.0,14.48,19.9743,19,hitl
47,2026-02-06 17:45,supplier_1,supplier,0,875.59,,,,,,,,,,,,,19,hitl
47,2026-02-06 17:45,farm_1,farm,1,,751.0,0.0286,,,,,,,,,,,19,hitl
47,2026-02-06 17:45,slaughterhouse_1,slaughterhouse,0,,,,400.0,400.0,,,,,,,,,19,hitl
47,2026-02-06 17:45,wholesaler_1,wholesaler,0,,,,,,125.7,6.5,,,,,,,19,hitl
47,2026-02-06 17:45,retail_1,retail,0,,,,,,,,14.0,30.0,0.0,2.25,14.48,19.9743,19,hitl
48,2026-02-06 18:00,supplier_1,supplier,0,874.84,,,,,,,,,,,,,19,hitl
48,2026-02-06 18:00,farm_1,farm,1,,751.0,0.0286,,,,,,,,,,,19,hitl
48,2026-02-06 18:00,slaughterhouse_1,slaughterhouse,0,,,,400.0,376.0,,,,,,,,,19,hitl
48,2026-02-06 18:00,wholesaler_1,wholesaler,0,,,,,,115.92,6.5,,,,,,,19,hitl
48,2026-02-06 18:00,retail_1,retail,1,,,,,,,,10.33,30.0,0.0,2.5,14.48,19.9743,19,hitl
49,2026-02-06 18:15,supplier_1,supplier,0,873.69,,,,,,,,,,,,,19,hitl
49,2026-02-06 18:15,farm_1,farm,1,,751.0,0.0286,,,,,,,,,,,19,hitl
49,2026-02-06 18:15,slaughterhouse_1,slaughterhouse,0,,,,400.0,386.7,,,,,,,,,19,hitl
49,2026-02-06 18:15,wholesaler_1,wholesaler,0,,,,,,137.18,6.5,,,,,,,19,hitl
49,2026-02-06 18:15,retail_1,retail,1,,,,,,,,13.62,30.0,0.0,2.75,14.48,19.9743,19,hitl
50,2026-02-06 18:30,supplier_1,supplier,0,872.95,,,,,,,,,,,,,19,hitl
50,2026-02-06 18:30,farm_1,farm,1,,751.0,0.0286,,,,,,,,,,,19,hitl
50,2026-02-06 18:30,slaughterhouse_1,slaughterhouse,0,,,,400.0,398.14,,,,,,,,,19,hitl
50,2026-02-06 18:30,wholesaler_1,wholesaler,0,,,,,,134.37,6.5,,,,,,,19,hitl
50,2026-02-06 18:30,retail_1,retail,1,,,,,,,,9.57,30.0,0.0,3.0,14.48,19.9743,19,hitl
51,2026-02-06 18:45,supplier_1,supplier,0,872.27,,,,,,,,,,,,,19,hitl
51,2026-02-06 18:45,farm_1,farm,1,,751.0,0.0286,,,,,,,,,,,19,hitl
51,2026-02-06 18:45,slaughterhouse_1,slaughterhouse,1,,,,112.0,49.07,,,,,,,,,19,hitl
51,2026-02-06 18:45,wholesaler_1,wholesaler,0,,,,,,132.79,6.5,,,,,,,19,hitl
51,2026-02-06 18:45,retail_1,retail,1,,,,,,,,5.75,30.0,0.0,3.25,14.48,19.9743,19,hitl
52,2026-02-06 19:00,supplier_1,supplier,0,871.4,,,,,,,,,,,,,19,hitl
52,2026-02-06 19:00,farm_1,farm,1,,751.0,0.0286,,,,,,,,,,,19,hitl
52,2026-02-06 19:00,slaughterhouse_1,slaughterhouse,1,,,,112.0,52.4,,,,,,,,,19,hitl
52,2026-02-06 19:00,wholesaler_1,wholesaler,0,,,,,,124.77,6.5,,,,,,,19,hitl
52,2026-02-06 19:00,retail_1,retail,1,,,,,,,,1.88,30.0,0.0,3.5,14.48,19.9743,19,hitl
53,2026-02-06 19:15,supplier_1,supplier,0,870.78,,,,,,,,,,,,,19,hitl
53,2026-02-06 19:15,farm_1,farm,1,,751.0,0.0286,,,,,,,,,,,19,hitl
53,2026-02-06 19:15,slaughterhouse_1,slaughterhouse,1,,,,112.0,55.36,,,,,,,,,19,hitl
53,2026-02-06 19:15,wholesaler_1,wholesaler,0,,,,,,122.15,6.5,,,,,,,19,hitl
53,2026-02-06 19:15,retail_1,retail,1,,,,,,,,5.08,30.0,1.0,3.75,14.48,19.9743,19,hitl
54,2026-02-06 19:30,supplier_1,supplier,0,869.45,,,,,,,,,,,,,19,hitl
54,2026-02-06 19:30,farm_1,farm,1,,751.0,0.0286,,,,,,,,,,,19,hitl
54,2026-02-06 19:30,slaughterhouse_1,slaughterhouse,1,,,,112.0,58.68,,,,,,,,,19,hitl
54,2026-02-06 19:30,wholesaler_1,wholesaler,0,,,,,,119.55,6.5,,,,,,,19,hitl
54,2026-02-06 19:30,retail_1,retail,1,,,,,,,,1.53,30.0,0.0,4.0,14.48,19.9743,19,hitl
55,2026-02-06 19:45,supplier_1,supplier,0,868.4,,,,,,,,,,,,,19,hitl
55,2026-02-06 19:45,farm_1,farm,1,,751.0,0.0286,,,,,,,,,,,19,hitl
55,2026-02-06 19:45,slaughterhouse_1,slaughterhouse,1,,,,112.0,61.82,,,,,,,,,19,hitl
55,2026-02-06 19:45,wholesaler_1,wholesaler,0,,,,,,116.77,6.5,,,,,,,19,hitl
55,2026-02-06 19:45,retail_1,retail,1,,,,,,,,0.0,30.0,1.0,4.25,14.48,19.9743,19,hitl
56,2026-02-06 20:00,supplier_1,supplier,0,867.42,,,,,,,,,,,,,19,hitl
56,2026-02-06 20:00,farm_1,farm,1,,751.0,0.0286,,,,,,,,,,,19,hitl
56,2026-02-06 20:00,slaughterhouse_1,slaughterhouse,1,,,,112.0,60.55,,,,,,,,,19,hitl
56,2026-02-06 20:00,wholesaler_1,wholesaler,0,,,,,,109.48,6.5,,,,,,,19,hitl
56,2026-02-06 20:00,retail_1,retail,1,,,,,,,,0.0,30.0,1.0,4.5,14.48,19.9743,19,hitl
57,2026-02-06 20:15,supplier_1,supplier,0,866.03,,,,,,,,,,,,,19,hitl
57,2026-02-06 20:15,farm_1,farm,1,,751.0,0.0286,,,,,,,,,,,19,hitl
57,2026-02-06 20:15,slaughterhouse_1,slaughterhouse,1,,,,112.0,63.42,,,,,,,,,19,hitl
57,2026-02-06 20:15,wholesaler_1,wholesaler,0,,,,,,111.41,6.5,,,,,,,19,hitl
57,2026-02-06 20:15,retail_1,retail,1,,,,,,,,5.08,30.0,1.0,4.75,14.48,19.9743,19,hitl
58,2026-02-06 20:30,supplier_1,supplier,0,864.75,,,,,,,,,,,,,19,hitl
58,2026-02-06 20:30,farm_1,farm,1,,751.0,0.0286,,,,,,,,,,,19,hitl
58,2026-02-06 20:30,slaughterhouse_1,slaughterhouse,1,,,,112.0,66.32,,,,,,,,,19,hitl
58,2026-02-06 20:30,wholesaler_1,wholesaler,0,,,,,,108.55,6.5,,,,,,,19,hitl
58,2026-02-06 20:30,retail_1,retail,1,,,,,,,,1.59,30.0,0.0,5.0,14.48,19.9743,19,hitl
59,2026-02-06 20:45,supplier_1,supplier,0,863.48,,,,,,,,,,,,,19,hitl
59,2026-02-06 20:45,farm_1,farm,1,,751.0,0.0286,,,,,,,,,,,19,hitl
59,2026-02-06 20:45,slaughterhouse_1,slaughterhouse,1,,,,112.0,69.35,,,,,,,,,19,hitl
59,2026-02-06 20:45,wholesaler_1,wholesaler,0,,,,,,106.67,6.5,,,,,,,19,hitl
59,2026-02-06 20:45,retail_1,retail,1,,,,,,,,0.0,30.0,1.0,5.25,14.48,19.9743,19,hitl
60,2026-02-06 21:00,supplier_1,supplier,0,862.47,,,,,,,,,,,,,19,hitl
60,2026-02-06 21:00,farm_1,farm,1,,751.0,0.0286,,,,,,,,,,,19,hitl
60,2026-02-06 21:00,slaughterhouse_1,slaughterhouse,1,,,,112.0,72.66,,,,,,,,,19,hitl
60,2026-02-06 21:00,wholesaler_1,wholesaler,0,,,,,,99.44,6.5,,,,,,,19,hitl
60,2026-02-06 21:00,retail_1,retail,1,,,,,,,,0.0,30.0,1.0,5.5,14.48,19.9743,19,hitl
61,2026-02-06 21:15,supplier_1,supplier,0,861.18,,,,,,,,,,,,,19,hitl
61,2026-02-06 21:15,farm_1,farm,1,,751.0,0.0286,,,,,,,,,,,19,hitl
61,2026-02-06 21:15,slaughterhouse_1,slaughterhouse,1,,,,112.0,75.91,,,,,,,,,19,hitl
61,2026-02-06 21:15,wholesaler_1,wholesaler,0,,,,,,97.34,6.5,,,,,,,19,hitl
61,2026-02-06 21:15,retail_1,retail,1,,,,,,,,5.08,30.0,1.0,5.75,14.48,19.9743,19,hitl
62,2026-02-06 21:30,supplier_1,supplier,0,860.56,,,,,,,,,,,,,19,hitl
62,2026-02-06 21:30,farm_1,farm,1,,751.0,0.0286,,,,,,,,,,,19,hitl
62,2026-02-06 21:30,slaughterhouse_1,slaughterhouse,1,,,,112.0,79.03,,,,,,,,,19,hitl
62,2026-02-06 21:30,wholesaler_1,wholesaler,0,,,,,,94.97,6.5,,,,,,,19,hitl
62,2026-02-06 21:30,retail_1,retail,1,,,,,,,,1.17,30.0,0.0,6.0,14.48,19.9743,19,hitl
63,2026-02-06 21:45,supplier_1,supplier,0,859.33,,,,,,,,,,,,,19,hitl
63,2026-02-06 21:45,farm_1,farm,1,,751.0,0.0286,,,,,,,,,,,19,hitl
63,2026-02-06 21:45,slaughterhouse_1,slaughterhouse,1,,,,112.0,82.3,,,,,,,,,19,hitl
63,2026-02-06 21:45,wholesaler_1,wholesaler,0,,,,,,92.49,6.5,,,,,,,19,hitl
63,2026-02-06 21:45,retail_1,retail,1,,,,,,,,0.0,30.0,1.0,6.25,14.48,19.9743,19,hitl
64,2026-02-06 22:00,supplier_1,supplier,0,857.9,,,,,,,,,,,,,19,hitl
64,2026-02-06 22:00,farm_1,farm,1,,751.0,0.0286,,,,,,,,,,,19,hitl
64,2026-02-06 22:00,slaughterhouse_1,slaughterhouse,1,,,,112.0,81.26,,,,,,,,,19,hitl
64,2026-02-06 22:00,wholesaler_1,wholesaler,1,,,,,,84.84,6.5,,,,,,,19,hitl
64,2026-02-06 22:00,retail_1,retail,1,,,,,,,,0.0,30.0,1.0,6.5,14.48,19.9743,19,hitl
65,2026-02-06 22:15,supplier_1,supplier,0,856.53,,,,,,,,,,,,,19,hitl
65,2026-02-06 22:15,farm_1,farm,1,,751.0,0.0286,,,,,,,,,,,19,hitl
65,2026-02-06 22:15,slaughterhouse_1,slaughterhouse,1,,,,112.0,84.57,,,,,,,,,19,hitl
65,2026-02-06 22:15,wholesaler_1,wholesaler,1,,,,,,87.38,6.5,,,,,,,19,hitl
65,2026-02-06 22:15,retail_1,retail,1,,,,,,,,5.08,30.0,1.0,6.75,14.48,19.9743,19,hitl
66,2026-02-06 22:30,supplier_1,supplier,0,855.79,,,,,,,,,,,,,19,hitl
66,2026-02-06 22:30,farm_1,farm,1,,751.0,0.0286,,,,,,,,,,,19,hitl
66,2026-02-06 22:30,slaughterhouse_1,slaughterhouse,1,,,,112.0,87.89,,,,,,,,,19,hitl
66,2026-02-06 22:30,wholesaler_1,wholesaler,1,,,,,,85.8,6.5,,,,,,,19,hitl
66,2026-02-06 22:30,retail_1,retail,1,,,,,,,,1.22,30.0,0.0,7.0,14.48,19.9743,19,hitl
67,2026-02-06 22:45,supplier_1,supplier,0,854.65,,,,,,,,,,,,,19,hitl
67,2026-02-06 22:45,farm_1,farm,1,,751.0,0.0286,,,,,,,,,,,19,hitl
67,2026-02-06 22:45,slaughterhouse_1,slaughterhouse,1,,,,112.0,91.22,,,,,,,,,19,hitl
67,2026-02-06 22:45,wholesaler_1,wholesaler,1,,,,,,84.3,6.5,,,,,,,19,hitl
67,2026-02-06 22:45,retail_1,retail,1,,,,,,,,0.0,30.0,1.0,7.25,14.48,19.9743,19,hitl
68,2026-02-06 23:00,supplier_1,supplier,0,853.6,,,,,,,,,,,,,19,hitl
68,2026-02-06 23:00,farm_1,farm,1,,751.0,0.0286,,,,,,,,,,,19,hitl
68,2026-02-06 23:00,slaughterhouse_1,slaughterhouse,1,,,,112.0,94.36,,,,,,,,,19,hitl
68,2026-02-06 23:00,wholesaler_1,wholesaler,1,,,,,,76.49,6.5,,,,,,,19,hitl
68,2026-02-06 23:00,retail_1,retail,1,,,,,,,,0.0,30.0,1.0,7.5,14.48,19.9743,19,hitl
69,2026-02-06 23:15,supplier_1,supplier,0,852.17,,,,,,,,,,,,,19,hitl
69,2026-02-06 23:15,farm_1,farm,1,,751.0,0.0286,,,,,,,,,,,19,hitl
69,2026-02-06 23:15,slaughterhouse_1,slaughterhouse,1,,,,112.0,97.38,,,,,,,,,19,hitl
69,2026-02-06 23:15,wholesaler_1,wholesaler,1,,,,,,74.08,6.5,,,,,,,19,hitl
69,2026-02-06 23:15,retail_1,retail,1,,,,,,,,5.08,30.0,1.0,7.75,14.48,19.9743,19,hitl
70,2026-02-06 23:30,supplier_1,supplier,0,850.83,,,,,,,,,,,,,19,hitl
70,2026-02-06 23:30,farm_1,farm,1,,751.0,0.0286,,,,,,,,,,,19,hitl
70,2026-02-06 23:30,slaughterhouse_1,slaughterhouse,1,,,,112.0,100.47,,,,,,,,,19,hitl
70,2026-02-06 23:30,wholesaler_1,wholesaler,1,,,,,,72.0,6.5,,,,,,,19,hitl
70,2026-02-06 23:30,retail_1,retail,1,,,,,,,,1.66,30.0,0.0,8.0,14.48,19.9743,19,hitl
71,2026-02-06 23:45,supplier_1,supplier,0,850.2,,,,,,,,,,,,,19,hitl
71,2026-02-06 23:45,farm_1,farm,1,,751.0,0.0286,,,,,,,,,,,19,hitl
71,2026-02-06 23:45,slaughterhouse_1,slaughterhouse,1,,,,112.0,103.45,,,,,,,,,19,hitl
71,2026-02-06 23:45,wholesaler_1,wholesaler,1,,,,,,69.06,6.5,,,,,,,19,hitl
71,2026-02-06 23:45,retail_1,retail,1,,,,,,,,0.0,30.0,1.0,8.25,14.48,19.9743,19,hitl
72,2026-02-07 00:00,supplier_1,supplier,0,848.91,,,,,,,,,,,,,19,hitl
72,2026-02-07 00:00,farm_1,farm,0,,751.0,0.0286,,,,,,,,,,,19,hitl
72,2026-02-07 00:00,slaughterhouse_1,slaughterhouse,1,,,,112.0,117.829,,,,,,,,,19,hitl
72,2026-02-07 00:00,wholesaler_1,wholesaler,1,,,,,,61.73,3.25,,,,,,,19,hitl
72,2026-02-07 00:00,retail_1,retail,1,,,,,,,,0.0,33.0,1.0,8.5,14.48,49.9743,19,hitl
73,2026-02-07 00:15,supplier_1,supplier,0,848.02,,,,,,,,,,,,,19,hitl
73,2026-02-07 00:15,farm_1,farm,0,,751.0,0.0286,,,,,,,,,,,19,hitl
73,2026-02-07 00:15,slaughterhouse_1,slaughterhouse,1,,,,112.0,120.94,,,,,,,,,19,hitl
73,2026-02-07 00:15,wholesaler_1,wholesaler,1,,,,,,63.64,3.25,,,,,,,19,hitl
73,2026-02-07 00:15,retail_1,retail,1,,,,,,,,5.08,33.0,1.0,8.75,14.48,49.9743,19,hitl
74,2026-02-07 00:30,supplier_1,supplier,0,846.78,,,,,,,,,,,,,19,hitl
74,2026-02-07 00:30,farm_1,farm,0,,751.0,0.0286,,,,,,,,,,,19,hitl
74,2026-02-07 00:30,slaughterhouse_1,slaughterhouse,1,,,,112.0,124.19,,,,,,,,,19,hitl
74,2026-02-07 00:30,wholesaler_1,wholesaler,1,,,,,,61.55,3.25,,,,,,,19,hitl
74,2026-02-07 00:30,retail_1,retail,1,,,,,,,,1.7,33.0,0.0,9.0,14.48,49.9743,19,hitl
75,2026-02-07 00:45,supplier_1,supplier,0,846.23,,,,,,,,,,,,,19,hitl
75,2026-02-07 00:45,farm_1,farm,0,,751.0,0.0286,,,,,,,,,,,19,hitl
75,2026-02-07 00:45,slaughterhouse_1,slaughterhouse,1,,,,112.0,127.18,,,,,,,,,19,hitl
75,2026-02-07 00:45,wholesaler_1,wholesaler,1,,,,,,59.77,3.25,,,,,,,19,hitl
75,2026-02-07 00:45,retail_1,retail,1,,,,,,,,0.0,33.0,1.0,9.25,14.48,49.9743,19,hitl
76,2026-02-07 01:00,supplier_1,supplier,0,845.06,,,,,,,,,,,,,19,hitl
76,2026-02-07 01:00,farm_1,farm,0,,751.0,0.0286,,,,,,,,,,,19,hitl
76,2026-02-07 01:00,slaughterhouse_1,slaughterhouse,1,,,,112.0,130.12,,,,,,,,,19,hitl
76,2026-02-07 01:00,wholesaler_1,wholesaler,1,,,,,,50.36,3.25,,,,,,,19,hitl
76,2026-02-07 01:00,retail_1,retail,1,,,,,,,,0.0,33.0,1.0,9.5,14.48,49.9743,19,hitl
77,2026-02-07 01:15,supplier_1,supplier,0,844.29,,,,,,,,,,,,,19,hitl
77,2026-02-07 01:15,farm_1,farm,0,,751.0,0.0286,,,,,,,,,,,19,hitl
77,2026-02-07 01:15,slaughterhouse_1,slaughterhouse,1,,,,112.0,133.2,,,,,,,,,19,hitl
77,2026-02-07 01:15,wholesaler_1,wholesaler,1,,,,,,47.62,3.25,,,,,,,19,hitl
77,2026-02-07 01:15,retail_1,retail,1,,,,,,,,7.47,33.0,1.0,9.75,14.48,49.9743,19,hitl
78,2026-02-07 01:30,supplier_1,supplier,0,843.66,,,,,,,,,,,,,19,hitl
78,2026-02-07 01:30,farm_1,farm,0,,751.0,0.0286,,,,,,,,,,,19,hitl
78,2026-02-07 01:30,slaughterhouse_1,slaughterhouse,1,,,,112.0,136.15,,,,,,,,,19,hitl
78,2026-02-07 01:30,wholesaler_1,wholesaler,1,,,,,,45.39,3.25,,,,,,,19,hitl
78,2026-02-07 01:30,retail_1,retail,1,,,,,,,,3.46,33.0,0.0,10.0,14.48,49.9743,19,hitl
79,2026-02-07 01:45,supplier_1,supplier,0,842.99,,,,,,,,,,,,,19,hitl
79,2026-02-07 01:45,farm_1,farm,0,,751.0,0.0286,,,,,,,,,,,19,hitl
79,2026-02-07 01:45,slaughterhouse_1,slaughterhouse,1,,,,112.0,139.03,,,,,,,,,19,hitl
79,2026-02-07 01:45,wholesaler_1,wholesaler,1,,,,,,42.42,3.25,,,,,,,19,hitl
79,2026-02-07 01:45,retail_1,retail,1,,,,,,,,0.01,33.0,0.0,10.25,14.48,49.9743,19,hitl
80,2026-02-07 02:00,supplier_1,supplier,0,842.06,,,,,,,,,,,,,19,hitl
80,2026-02-07 02:00,farm_1,farm,0,,751.0,0.0286,,,,,,,,,,,19,hitl
80,2026-02-07 02:00,slaughterhouse_1,slaughterhouse,1,,,,112.0,137.85,,,,,,,,,19,hitl
80,2026-02-07 02:00,wholesaler_1,wholesaler,1,,,,,,33.14,3.25,,,,,,,19,hitl
80,2026-02-07 02:00,retail_1,retail,1,,,,,,,,0.0,33.0,1.0,10.5,14.48,49.9743,19,hitl
81,2026-02-07 02:15,supplier_1,supplier,0,841.41,,,,,,,,,,,,,19,hitl
81,2026-02-07 02:15,farm_1,farm,0,,751.0,0.0286,,,,,,,,,,,19,hitl
81,2026-02-07 02:15,slaughterhouse_1,slaughterhouse,1,,,,112.0,140.73,,,,,,,,,19,hitl
81,2026-02-07 02:15,wholesaler_1,wholesaler,1,,,,,,35.63,3.25,,,,,,,19,hitl
81,2026-02-07 02:15,retail_1,retail,1,,,,,,,,7.47,33.0,1.0,10.75,14.48,49.9743,19,hitl
82,2026-02-07 02:30,supplier_1,supplier,0,840.06,,,,,,,,,,,,,19,hitl
82,2026-02-07 02:30,farm_1,farm,0,,751.0,0.0286,,,,,,,,,,,19,hitl
82,2026-02-07 02:30,slaughterhouse_1,slaughterhouse,1,,,,112.0,143.69,,,,,,,,,19,hitl
82,2026-02-07 02:30,wholesaler_1,wholesaler,1,,,,,,33.08,3.25,,,,,,,19,hitl
82,2026-02-07 02:30,retail_1,retail,1,,,,,,,,4.09,33.0,0.0,11.0,14.48,49.9743,19,hitl
83,2026-02-07 02:45,supplier_1,supplier,0,838.81,,,,,,,,,,,,,19,hitl
83,2026-02-07 02:45,farm_1,farm,0,,751.0,0.0286,,,,,,,,,,,19,hitl
83,2026-02-07 02:45,slaughterhouse_1,slaughterhouse,1,,,,112.0,146.96,,,,,,,,,19,hitl
83,2026-02-07 02:45,wholesaler_1,wholesaler,1,,,,,,31.13,3.25,,,,,,,19,hitl
83,2026-02-07 02:45,retail_1,retail,1,,,,,,,,0.7,33.0,0.0,11.25,14.48,49.9743,19,hitl
84,2026-02-07 03:00,supplier_1,supplier,0,837.65,,,,,,,,,,,,,19,hitl
84,2026-02-07 03:00,farm_1,farm,0,,751.0,0.0286,,,,,,,,,,,19,hitl
84,2026-02-07 03:00,slaughterhouse_1,slaughterhouse,1,,,,112.0,149.87,,,,,,,,,19,hitl
84,2026-02-07 03:00,wholesaler_1,wholesaler,1,,,,,,29.45,3.25,,,,,,,19,hitl
84,2026-02-07 03:00,retail_1,retail,1,,,,,,,,0.0,33.0,1.0,11.5,14.48,49.9743,19,hitl
85,2026-02-07 03:15,supplier_1,supplier,0,836.78,,,,,,,,,,,,,19,hitl
85,2026-02-07 03:15,farm_1,farm,0,,751.0,0.0286,,,,,,,,,,,19,hitl
85,2026-02-07 03:15,slaughterhouse_1,slaughterhouse,1,,,,112.0,153.19,,,,,,,,,19,hitl
85,2026-02-07 03:15,wholesaler_1,wholesaler,1,,,,,,26.49,3.25,,,,,,,19,hitl
85,2026-02-07 03:15,retail_1,retail,1,,,,,,,,0.0,33.0,1.0,11.75,14.48,49.9743,19,hitl
86,2026-02-07 03:30,supplier_1,supplier,0,835.37,,,,,,,,,,,,,19,hitl
86,2026-02-07 03:30,farm_1,farm,0,,751.0,0.0286,,,,,,,,,,,19,hitl
86,2026-02-07 03:30,slaughterhouse_1,slaughterhouse,1,,,,112.0,156.54,,,,,,,,,19,hitl
86,2026-02-07 03:30,wholesaler_1,wholesaler,1,,,,,,23.96,3.25,,,,,,,19,hitl
86,2026-02-07 03:30,retail_1,retail,1,,,,,,,,0.0,33.0,1.0,12.0,14.48,49.9743,19,hitl
87,2026-02-07 03:45,supplier_1,supplier,0,834.23,,,,,,,,,,,,,19,hitl
87,2026-02-07 03:45,farm_1,farm,0,,751.0,0.0286,,,,,,,,,,,19,hitl
87,2026-02-07 03:45,slaughterhouse_1,slaughterhouse,1,,,,112.0,159.49,,,,,,,,,19,hitl
87,2026-02-07 03:45,wholesaler_1,wholesaler,1,,,,,,21.98,3.25,,,,,,,19,hitl
87,2026-02-07 03:45,retail_1,retail,1,,,,,,,,0.0,33.0,1.0,12.25,14.48,49.9743,19,hitl
88,2026-02-07 04:00,supplier_1,supplier,0,833.35,,,,,,,,,,,,,19,hitl
88,2026-02-07 04:00,farm_1,farm,0,,751.0,0.0286,,,,,,,,,,,19,hitl
88,2026-02-07 04:00,slaughterhouse_1,slaughterhouse,1,,,,112.0,158.2,,,,,,,,,19,hitl
88,2026-02-07 04:00,wholesaler_1,wholesaler,1,,,,,,19.55,3.25,,,,,,,19,hitl
88,2026-02-07 04:00,retail_1,retail,1,,,,,,,,0.0,33.0,1.0,12.5,14.48,49.9743,19,hitl
89,2026-02-07 04:15,supplier_1,supplier,0,832.3,,,,,,,,,,,,,19,hitl
89,2026-02-07 04:15,farm_1,farm,0,,751.0,0.0286,,,,,,,,,,,19,hitl
89,2026-02-07 04:15,slaughterhouse_1,slaughterhouse,1,,,,112.0,161.2,,,,,,,,,19,hitl
89,2026-02-07 04:15,wholesaler_1,wholesaler,1,,,,,,21.5,3.25,,,,,,,19,hitl
89,2026-02-07 04:15,retail_1,retail,1,,,,,,,,0.0,33.0,1.0,12.75,14.48,49.9743,19,hitl
90,2026-02-07 04:30,supplier_1,supplier,0,831.55,,,,,,,,,,,,,19,hitl
90,2026-02-07 04:30,farm_1,farm,0,,751.0,0.0286,,,,,,,,,,,19,hitl
90,2026-02-07 04:30,slaughterhouse_1,slaughterhouse,1,,,,112.0,164.17,,,,,,,,,19,hitl
90,2026-02-07 04:30,wholesaler_1,wholesaler,1,,,,,,19.47,3.25,,,,,,,19,hitl
90,2026-02-07 04:30,retail_1,retail,1,,,,,,,,0.0,33.0,1.0,13.0,14.48,49.9743,19,hitl
91,2026-02-07 04:45,supplier_1,supplier,0,830.76,,,,,,,,,,,,,19,hitl
91,2026-02-07 04:45,farm_1,farm,0,,751.0,0.0286,,,,,,,,,,,19,hitl
91,2026-02-07 04:45,slaughterhouse_1,slaughterhouse,1,,,,112.0,167.45,,,,,,,,,19,hitl
91,2026-02-07 04:45,wholesaler_1,wholesaler,1,,,,,,16.97,3.25,,,,,,,19,hitl
91,2026-02-07 04:45,retail_1,retail,1,,,,,,,,0.0,33.0,1.0,13.25,14.48,49.9743,19,hitl
92,2026-02-07 05:00,supplier_1,supplier,0,829.38,,,,,,,,,,,,,19,hitl
92,2026-02-07 05:00,farm_1,farm,0,,751.0,0.0286,,,,,,,,,,,19,hitl
92,2026-02-07 05:00,slaughterhouse_1,slaughterhouse,1,,,,112.0,170.8,,,,,,,,,19,hitl
92,2026-02-07 05:00,wholesaler_1,wholesaler,1,,,,,,15.01,3.25,,,,,,,19,hitl
92,2026-02-07 05:00,retail_1,retail,1,,,,,,,,0.0,33.0,1.0,13.5,14.48,49.9743,19,hitl
93,2026-02-07 05:15,supplier_1,supplier,0,827.97,,,,,,,,,,,,,19,hitl
93,2026-02-07 05:15,farm_1,farm,0,,751.0,0.0286,,,,,,,,,,,19,hitl
93,2026-02-07 05:15,slaughterhouse_1,slaughterhouse,1,,,,112.0,173.86,,,,,,,,,19,hitl
93,2026-02-07 05:15,wholesaler_1,wholesaler,1,,,,,,13.05,3.25,,,,,,,19,hitl
93,2026-02-07 05:15,retail_1,retail,1,,,,,,,,0.0,33.0,1.0,13.75,14.48,49.9743,19,hitl
94,2026-02-07 05:30,supplier_1,supplier,0,827.21,,,,,,,,,,,,,19,hitl
94,2026-02-07 05:30,farm_1,farm,0,,751.0,0.0286,,,,,,,,,,,19,hitl
94,2026-02-07 05:30,slaughterhouse_1,slaughterhouse,1,,,,112.0,177.17,,,,,,,,,19,hitl
94,2026-02-07 05:30,wholesaler_1,wholesaler,1,,,,,,10.88,3.25,,,,,,,19,hitl
94,2026-02-07 05:30,retail_1,retail,1,,,,,,,,0.0,33.0,1.0,14.0,14.48,49.9743,19,hitl
95,2026-02-07 05:45,supplier_1,supplier,0,826.28,,,,,,,,,,,,,19,hitl
95,2026-02-07 05:45,farm_1,farm,0,,751.0,0.0286,,,,,,,,,,,19,hitl
95,2026-02-07 05:45,slaughterhouse_1,slaughterhouse,1,,,,112.0,180.39,,,,,,,,,19,hitl
95,2026-02-07 05:45,wholesaler_1,wholesaler,1,,,,,,8.76,3.25,,,,,,,19,hitl
95,2026-02-07 05:45,retail_1,retail,1,,,,,,,,0.0,33.0,1.0,14.25,14.48,49.9743,19,hitl
96,2026-02-07 06:00,supplier_1,supplier,0,825.71,,,,,,,,,,,,,19,hitl
96,2026-02-07 06:00,farm_1,farm,0,,751.0,0.0286,,,,,,,,,,,19,hitl
96,2026-02-07 06:00,slaughterhouse_1,slaughterhouse,1,,,,112.0,179.42,,,,,,,,,19,hitl
96,2026-02-07 06:00,wholesaler_1,wholesaler,1,,,,,,6.43,3.25,,,,,,,19,hitl
96,2026-02-07 06:00,retail_1,retail,1,,,,,,,,0.0,33.0,1.0,14.5,14.48,49.9743,19,hitl
97,2026-02-07 06:15,supplier_1,supplier,0,824.47,,,,,,,,,,,,,19,hitl
97,2026-02-07 06:15,farm_1,farm,0,,751.0,0.0286,,,,,,,,,,,19,hitl
97,2026-02-07 06:15,slaughterhouse_1,slaughterhouse,1,,,,112.0,182.28,,,,,,,,,19,hitl
97,2026-02-07 06:15,wholesaler_1,wholesaler,1,,,,,,8.0,3.25,,,,,,,19,hitl
97,2026-02-07 06:15,retail_1,retail,1,,,,,,,,0.0,33.0,1.0,14.75,14.48,49.9743,19,hitl
98,2026-02-07 06:30,supplier_1,supplier,0,823.56,,,,,,,,,,,,,19,hitl
98,2026-02-07 06:30,farm_1,farm,0,,751.0,0.0286,,,,,,,,,,,19,hitl
98,2026-02-07 06:30,slaughterhouse_1,slaughterhouse,1,,,,112.0,185.18,,,,,,,,,19,hitl
98,2026-02-07 06:30,wholesaler_1,wholesaler,1,,,,,,5.71,3.25,,,,,,,19,hitl
98,2026-02-07 06:30,retail_1,retail,1,,,,,,,,0.0,33.0,1.0,15.0,14.48,49.9743,19,hitl
99,2026-02-07 06:45,supplier_1,supplier,0,822.78,,,,,,,,,,,,,19,hitl
99,2026-02-07 06:45,farm_1,farm,0,,751.0,0.0286,,,,,,,,,,,19,hitl
99,2026-02-07 06:45,slaughterhouse_1,slaughterhouse,1,,,,112.0,188.05,,,,,,,,,19,hitl
99,2026-02-07 06:45,wholesaler_1,wholesaler,1,,,,,,2.75,3.25,,,,,,,19,hitl
99,2026-02-07 06:45,retail_1,retail,1,,,,,,,,0.0,33.0,1.0,15.25,14.48,49.9743,19,hitl
100,2026-02-07 07:00,supplier_1,supplier,0,822.21,,,,,,,,,,,,,19,hitl
100,2026-02-07 07:00,farm_1,farm,0,,751.0,0.0286,,,,,,,,,,,19,hitl
100,2026-02-07 07:00,slaughterhouse_1,slaughterhouse,1,,,,112.0,191.4,,,,,,,,,19,hitl
100,2026-02-07 07:00,wholesaler_1,wholesaler,1,,,,,,0.26,3.25,,,,,,,19,hitl
100,2026-02-07 07:00,retail_1,retail,1,,,,,,,,0.0,33.0,1.0,15.5,14.48,49.9743,19,hitl
101,2026-02-07 07:15,supplier_1,supplier,0,821.11,,,,,,,,,,,,,19,hitl
101,2026-02-07 07:15,farm_1,farm,0,,751.0,0.0286,,,,,,,,,,,19,hitl
101,2026-02-07 07:15,slaughterhouse_1,slaughterhouse,1,,,,112.0,194.46,,,,,,,,,19,hitl
101,2026-02-07 07:15,wholesaler_1,wholesaler,1,,,,,,0.0,3.25,,,,,,,19,hitl
101,2026-02-07 07:15,retail_1,retail,1,,,,,,,,0.0,33.0,1.0,15.75,14.48,49.9743,19,hitl
102,2026-02-07 07:30,supplier_1,supplier,0,820.17,,,,,,,,,,,,,19,hitl
102,2026-02-07 07:30,farm_1,farm,0,,751.0,0.0286,,,,,,,,,,,19,hitl
102,2026-02-07 07:30,slaughterhouse_1,slaughterhouse,1,,,,112.0,197.35,,,,,,,,,19,hitl
102,2026-02-07 07:30,wholesaler_1,wholesaler,1,,,,,,29.7,90.0,,,,,,,19,hitl
102,2026-02-07 07:30,retail_1,retail,1,,,,,,,,0.0,33.0,1.0,16.0,14.48,49.9743,19,hitl
103,2026-02-07 07:45,supplier_1,supplier,0,819.05,,,,,,,,,,,,,19,hitl
103,2026-02-07 07:45,farm_1,farm,0,,751.0,0.0286,,,,,,,,,,,19,hitl
103,2026-02-07 07:45,slaughterhouse_1,slaughterhouse,1,,,,112.0,200.41,,,,,,,,,19,hitl
103,2026-02-07 07:45,wholesaler_1,wholesaler,1,,,,,,26.76,90.0,,,,,,,19,hitl
103,2026-02-07 07:45,retail_1,retail,1,,,,,,,,0.0,33.0,1.0,16.25,14.48,49.9743,19,hitl
104,2026-02-07 08:00,supplier_1,supplier,0,817.77,,,,,,,,,,,,,19,hitl
104,2026-02-07 08:00,farm_1,farm,0,,751.0,0.0286,,,,,,,,,,,19,hitl
104,2026-02-07 08:00,slaughterhouse_1,slaughterhouse,1,,,,112.0,199.43,,,,,,,,,19,hitl
104,2026-02-07 08:00,wholesaler_1,wholesaler,1,,,,,,25.2,90.0,,,,,,,19,hitl
104,2026-02-07 08:00,retail_1,retail,1,,,,,,,,0.0,33.0,1.0,16.5,14.48,49.9743,19,hitl
105,2026-02-07 08:15,supplier_1,supplier,0,816.85,,,,,,,,,,,,,19,hitl
105,2026-02-07 08:15,farm_1,farm,0,,751.0,0.0286,,,,,,,,,,,19,hitl
105,2026-02-07 08:15,slaughterhouse_1,slaughterhouse,1,,,,112.0,202.59,,,,,,,,,19,hitl
105,2026-02-07 08:15,wholesaler_1,wholesaler,1,,,,,,27.02,90.0,,,,,,,19,hitl
105,2026-02-07 08:15,retail_1,retail,1,,,,,,,,0.0,33.0,1.0,16.75,14.48,49.9743,19,hitl
106,2026-02-07 08:30,supplier_1,supplier,0,815.52,,,,,,,,,,,,,19,hitl
106,2026-02-07 08:30,farm_1,farm,0,,751.0,0.0286,,,,,,,,,,,19,hitl
106,2026-02-07 08:30,slaughterhouse_1,slaughterhouse,1,,,,112.0,205.85,,,,,,,,,19,hitl
106,2026-02-07 08:30,wholesaler_1,wholesaler,1,,,,,,24.81,90.0,,,,,,,19,hitl
106,2026-02-07 08:30,retail_1,retail,1,,,,,,,,0.0,33.0,1.0,17.0,14.48,49.9743,19,hitl
107,2026-02-07 08:45,supplier_1,supplier,0,814.54,,,,,,,,,,,,,19,hitl
107,2026-02-07 08:45,farm_1,farm,0,,751.0,0.0286,,,,,,,,,,,19,hitl
107,2026-02-07 08:45,slaughterhouse_1,slaughterhouse,1,,,,112.0,209.15,,,,,,,,,19,hitl
107,2026-02-07 08:45,wholesaler_1,wholesaler,1,,,,,,22.88,90.0,,,,,,,19,hitl
107,2026-02-07 08:45,retail_1,retail,1,,,,,,,,0.0,33.0,1.0,17.25,14.48,49.9743,19,hitl
108,2026-02-07 09:00,supplier_1,supplier,0,813.13,,,,,,,,,,,,,19,hitl
108,2026-02-07 09:00,farm_1,farm,1,,751.0,0.0286,,,,,,,,,,,19,hitl
108,2026-02-07 09:00,slaughterhouse_1,slaughterhouse,1,,,,112.0,212.34,,,,,,,,,19,hitl
108,2026-02-07 09:00,wholesaler_1,wholesaler,1,,,,,,19.93,90.0,,,,,,,19,hitl
108,2026-02-07 09:00,retail_1,retail,1,,,,,,,,0.0,33.0,1.0,17.5,14.48,49.9743,19,hitl
109,2026-02-07 09:15,supplier_1,supplier,0,811.78,,,,,,,,,,,,,19,hitl
109,2026-02-07 09:15,farm_1,farm,1,,751.0,0.0286,,,,,,,,,,,19,hitl
109,2026-02-07 09:15,slaughterhouse_1,slaughterhouse,1,,,,112.0,215.34,,,,,,,,,19,hitl
109,2026-02-07 09:15,wholesaler_1,wholesaler,1,,,,,,18.04,90.0,,,,,,,19,hitl
109,2026-02-07 09:15,retail_1,retail,1,,,,,,,,0.0,33.0,1.0,17.75,14.48,49.9743,19,hitl
110,2026-02-07 09:30,supplier_1,supplier,0,810.38,,,,,,,,,,,,,19,hitl
110,2026-02-07 09:30,farm_1,farm,1,,751.0,0.0286,,,,,,,,,,,19,hitl
110,2026-02-07 09:30,slaughterhouse_1,slaughterhouse,1,,,,112.0,218.31,,,,,,,,,19,hitl
110,2026-02-07 09:30,wholesaler_1,wholesaler,1,,,,,,16.25,90.0,,,,,,,19,hitl
110,2026-02-07 09:30,retail_1,retail,1,,,,,,,,0.0,33.0,1.0,18.0,14.48,49.9743,19,hitl
111,2026-02-07 09:45,supplier_1,supplier,0,808.88,,,,,,,,,,,,,19,hitl
111,2026-02-07 09:45,farm_1,farm,1,,751.0,0.0286,,,,,,,,,,,19,hitl
111,2026-02-07 09:45,slaughterhouse_1,slaughterhouse,1,,,,112.0,221.3,,,,,,,,,19,hitl
111,2026-02-07 09:45,wholesaler_1,wholesaler,1,,,,,,14.47,90.0,,,,,,,19,hitl
111,2026-02-07 09:45,retail_1,retail,1,,,,,,,,0.0,33.0,1.0,18.25,14.48,49.9743,19,hitl
112,2026-02-07 10:00,supplier_1,supplier,0,807.48,,,,,,,,,,,,,19,hitl
112,2026-02-07 10:00,farm_1,farm,1,,751.0,0.0286,,,,,,,,,,,19,hitl
112,2026-02-07 10:00,slaughterhouse_1,slaughterhouse,1,,,,112.0,220.03,,,,,,,,,19,hitl
112,2026-02-07 10:00,wholesaler_1,wholesaler,1,,,,,,12.49,90.0,,,,,,,19,hitl
112,2026-02-07 10:00,retail_1,retail,1,,,,,,,,0.0,33.0,1.0,18.5,14.48,49.9743,19,hitl
113,2026-02-07 10:15,supplier_1,supplier,0,806.36,,,,,,,,,,,,,19,hitl
113,2026-02-07 10:15,farm_1,farm,1,,751.0,0.0286,,,,,,,,,,,19,hitl
113,2026-02-07 10:15,slaughterhouse_1,slaughterhouse,1,,,,112.0,223.13,,,,,,,,,19,hitl
113,2026-02-07 10:15,wholesaler_1,wholesaler,1,,,,,,14.27,90.0,,,,,,,19,hitl
113,2026-02-07 10:15,retail_1,retail,1,,,,,,,,0.0,33.0,1.0,18.75,14.48,49.9743,19,hitl
114,2026-02-07 10:30,supplier_1,supplier,0,805.47,,,,,,,,,,,,,19,hitl
114,2026-02-07 10:30,farm_1,farm,1,,751.0,0.0286,,,,,,,,,,,19,hitl
114,2026-02-07 10:30,slaughterhouse_1,slaughterhouse,1,,,,112.0,226.44,,,,,,,,,19,hitl
114,2026-02-07 10:30,wholesaler_1,wholesaler,1,,,,,,12.36,90.0,,,,,,,19,hitl
114,2026-02-07 10:30,retail_1,retail,1,,,,,,,,0.0,33.0,1.0,19.0,14.48,49.9743,19,hitl
115,2026-02-07 10:45,supplier_1,supplier,0,804.04,,,,,,,,,,,,,19,hitl
115,2026-02-07 10:45,farm_1,farm,1,,751.0,0.0286,,,,,,,,,,,19,hitl
115,2026-02-07 10:45,slaughterhouse_1,slaughterhouse,1,,,,112.0,229.36,,,,,,,,,19,hitl
115,2026-02-07 10:45,wholesaler_1,wholesaler,1,,,,,,10.63,90.0,,,,,,,19,hitl
115,2026-02-07 10:45,retail_1,retail,1,,,,,,,,0.0,33.0,1.0,19.25,14.48,49.9743,19,hitl
116,2026-02-07 11:00,supplier_1,supplier,0,803.49,,,,,,,,,,,,,19,hitl
116,2026-02-07 11:00,farm_1,farm,1,,751.0,0.0286,,,,,,,,,,,19,hitl
116,2026-02-07 11:00,slaughterhouse_1,slaughterhouse,1,,,,112.0,232.68,,,,,,,,,19,hitl
116,2026-02-07 11:00,wholesaler_1,wholesaler,1,,,,,,8.68,90.0,,,,,,,19,hitl
116,2026-02-07 11:00,retail_1,retail,1,,,,,,,,0.0,33.0,1.0,19.5,14.48,49.9743,19,hitl
117,2026-02-07 11:15,supplier_1,supplier,0,802.34,,,,,,,,,,,,,19,hitl
117,2026-02-07 11:15,farm_1,farm,1,,751.0,0.0286,,,,,,,,,,,19,hitl
117,2026-02-07 11:15,slaughterhouse_1,slaughterhouse,1,,,,112.0,235.81,,,,,,,,,19,hitl
117,2026-02-07 11:15,wholesaler_1,wholesaler,1,,,,,,6.53,90.0,,,,,,,19,hitl
117,2026-02-07 11:15,retail_1,retail,1,,,,,,,,0.0,33.0,1.0,19.75,14.48,49.9743,19,hitl
118,2026-02-07 11:30,supplier_1,supplier,0,801.03,,,,,,,,,,,,,19,hitl
118,2026-02-07 11:30,farm_1,farm,1,,751.0,0.0286,,,,,,,,,,,19,hitl
118,2026-02-07 11:30,slaughterhouse_1,slaughterhouse,1,,,,112.0,239.15,,,,,,,,,19,hitl
118,2026-02-07 11:30,wholesaler_1,wholesaler,1,,,,,,4.31,90.0,,,,,,,19,hitl
118,2026-02-07 11:30,retail_1,retail,1,,,,,,,,0.0,33.0,1.0,20.0,14.48,49.9743,19,hitl
119,2026-02-07 11:45,supplier_1,supplier,0,799.7,,,,,,,,,,,,,19,hitl
119,2026-02-07 11:45,farm_1,farm,1,,751.0,0.0286,,,,,,,,,,,19,hitl
119,2026-02-07 11:45,slaughterhouse_1,slaughterhouse,1,,,,112.0,242.35,,,,,,,,,19,hitl
119,2026-02-07 11:45,wholesaler_1,wholesaler,1,,,,,,2.75,90.0,,,,,,,19,hitl
119,2026-02-07 11:45,retail_1,retail,1,,,,,,,,0.0,33.0,1.0,20.25,14.48,49.9743,19,hitl
120,2026-02-07 12:00,supplier_1,supplier,0,798.77,,,,,,,,,,,,,19,hitl
120,2026-02-07 12:00,farm_1,farm,1,,751.0,0.0286,,,,,,,,,,,19,hitl
120,2026-02-07 12:00,slaughterhouse_1,slaughterhouse,1,,,,112.0,240.98,,,,,,,,,19,hitl
120,2026-02-07 12:00,wholesaler_1,wholesaler,1,,,,,,0.73,90.0,,,,,,,19,hitl
120,2026-02-07 12:00,retail_1,retail,1,,,,,,,,0.0,33.0,1.0,20.5,14.48,49.9743,19,hitl
121,2026-02-07 12:15,supplier_1,supplier,0,797.28,,,,,,,,,,,,,19,hitl
121,2026-02-07 12:15,farm_1,farm,1,,751.0,0.0286,,,,,,,,,,,19,hitl
121,2026-02-07 12:15,slaughterhouse_1,slaughterhouse,1,,,,112.0,244.26,,,,,,,,,19,hitl
121,2026-02-07 12:15,wholesaler_1,wholesaler,1,,,,,,4.32,90.0,,,,,,,19,hitl
121,2026-02-07 12:15,retail_1,retail,1,,,,,,,,0.0,33.0,1.0,20.75,14.48,49.9743,19,hitl
122,2026-02-07 12:30,supplier_1,supplier,0,796.78,,,,,,,,,,,,,19,hitl
122,2026-02-07 12:30,farm_1,farm,1,,751.0,0.0286,,,,,,,,,,,19,hitl
122,2026-02-07 12:30,slaughterhouse_1,slaughterhouse,1,,,,112.0,247.12,,,,,,,,,19,hitl
122,2026-02-07 12:30,wholesaler_1,wholesaler,1,,,,,,1.95,90.0,,,,,,,19,hitl
122,2026-02-07 12:30,retail_1,retail,1,,,,,,,,0.0,33.0,1.0,21.0,14.48,49.9743,19,hitl
123,2026-02-07 12:45,supplier_1,supplier,0,795.61,,,,,,,,,,,,,19,hitl
123,2026-02-07 12:45,farm_1,farm,1,,751.0,0.0286,,,,,,,,,,,19,hitl
123,2026-02-07 12:45,slaughterhouse_1,slaughterhouse,1,,,,112.0,250.05,,,,,,,,,19,hitl
123,2026-02-07 12:45,wholesaler_1,wholesaler,1,,,,,,0.0,90.0,,,,,,,19,hitl
123,2026-02-07 12:45,retail_1,retail,1,,,,,,,,0.0,33.0,1.0,21.25,14.48,49.9743,19,hitl
124,2026-02-07 13:00,supplier_1,supplier,0,794.71,,,,,,,,,,,,,19,hitl
124,2026-02-07 13:00,farm_1,farm,1,,751.0,0.0286,,,,,,,,,,,19,hitl
124,2026-02-07 13:00,slaughterhouse_1,slaughterhouse,1,,,,112.0,253.03,,,,,,,,,19,hitl
124,2026-02-07 13:00,wholesaler_1,wholesaler,1,,,,,,0.0,90.0,,,,,,,19,hitl
124,2026-02-07 13:00,retail_1,retail,1,,,,,,,,0.0,33.0,1.0,21.5,14.48,49.9743,19,hitl
125,2026-02-07 13:15,supplier_1,supplier,0,794.1,,,,,,,,,,,,,19,hitl
125,2026-02-07 13:15,farm_1,farm,1,,751.0,0.0286,,,,,,,,,,,19,hitl
125,2026-02-07 13:15,slaughterhouse_1,slaughterhouse,1,,,,112.0,255.92,,,,,,,,,19,hitl
125,2026-02-07 13:15,wholesaler_1,wholesaler,1,,,,,,0.0,90.0,,,,,,,19,hitl
125,2026-02-07 13:15,retail_1,retail,1,,,,,,,,0.0,33.0,1.0,21.75,14.48,49.9743,19,hitl
126,2026-02-07 13:30,supplier_1,supplier,0,792.94,,,,,,,,,,,,,19,hitl
126,2026-02-07 13:30,farm_1,farm,1,,751.0,0.0286,,,,,,,,,,,19,hitl
126,2026-02-07 13:30,slaughterhouse_1,slaughterhouse,1,,,,112.0,258.83,,,,,,,,,19,hitl
126,2026-02-07 13:30,wholesaler_1,wholesaler,1,,,,,,0.0,90.0,,,,,,,19,hitl
126,2026-02-07 13:30,retail_1,retail,1,,,,,,,,0.0,33.0,1.0,22.0,14.48,49.9743,19,hitl
127,2026-02-07 13:45,supplier_1,supplier,0,791.64,,,,,,,,,,,,,19,hitl
127,2026-02-07 13:45,farm_1,farm,1,,751.0,0.0286,,,,,,,,,,,19,hitl
127,2026-02-07 13:45,slaughterhouse_1,slaughterhouse,1,,,,112.0,261.91,,,,,,,,,19,hitl
127,2026-02-07 13:45,wholesaler_1,wholesaler,1,,,,,,0.0,90.0,,,,,,,19,hitl
127,2026-02-07 13:45,retail_1,retail,1,,,,,,,,0.0,33.0,1.0,22.25,14.48,49.9743,19,hitl
128,2026-02-07 14:00,supplier_1,supplier,0,790.86,,,,,,,,,,,,,19,hitl
128,2026-02-07 14:00,farm_1,farm,1,,751.0,0.0286,,,,,,,,,,,19,hitl
128,2026-02-07 14:00,slaughterhouse_1,slaughterhouse,1,,,,112.0,260.63,,,,,,,,,19,hitl
128,2026-02-07 14:00,wholesaler_1,wholesaler,1,,,,,,0.0,90.0,,,,,,,19,hitl
128,2026-02-07 14:00,retail_1,retail,1,,,,,,,,0.0,33.0,1.0,22.5,14.48,49.9743,19,hitl
129,2026-02-07 14:15,supplier_1,supplier,0,790.06,,,,,,,,,,,,,19,hitl
129,2026-02-07 14:15,farm_1,farm,1,,751.0,0.0286,,,,,,,,,,,19,hitl
129,2026-02-07 14:15,slaughterhouse_1,slaughterhouse,1,,,,112.0,263.66,,,,,,,,,19,hitl
129,2026-02-07 14:15,wholesaler_1,wholesaler,1,,,,,,4.32,90.0,,,,,,,19,hitl
129,2026-02-07 14:15,retail_1,retail,1,,,,,,,,0.0,33.0,1.0,22.75,14.48,49.9743,19,hitl
130,2026-02-07 14:30,supplier_1,supplier,0,789.35,,,,,,,,,,,,,19,hitl
130,2026-02-07 14:30,farm_1,farm,1,,751.0,0.0286,,,,,,,,,,,19,hitl
130,2026-02-07 14:30,slaughterhouse_1,slaughterhouse,1,,,,112.0,266.66,,,,,,,,,19,hitl
130,2026-02-07 14:30,wholesaler_1,wholesaler,1,,,,,,1.64,90.0,,,,,,,19,hitl
130,2026-02-07 14:30,retail_1,retail,1,,,,,,,,0.0,33.0,1.0,23.0,14.48,49.9743,19,hitl
131,2026-02-07 14:45,supplier_1,supplier,0,788.6,,,,,,,,,,,,,19,hitl
131,2026-02-07 14:45,farm_1,farm,1,,751.0,0.0286,,,,,,,,,,,19,hitl
131,2026-02-07 14:45,slaughterhouse_1,slaughterhouse,1,,,,112.0,269.62,,,,,,,,,19,hitl
131,2026-02-07 14:45,wholesaler_1,wholesaler,1,,,,,,0.0,90.0,,,,,,,19,hitl
131,2026-02-07 14:45,retail_1,retail,1,,,,,,,,0.0,33.0,1.0,23.25,14.48,49.9743,19,hitl
132,2026-02-07 15:00,supplier_1,supplier,0,787.15,,,,,,,,,,,,,19,hitl
132,2026-02-07 15:00,farm_1,farm,1,,751.0,0.0286,,,,,,,,,,,19,hitl
132,2026-02-07 15:00,slaughterhouse_1,slaughterhouse,1,,,,112.0,272.6,,,,,,,,,19,hitl
132,2026-02-07 15:00,wholesaler_1,wholesaler,1,,,,,,0.0,90.0,,,,,,,19,hitl
132,2026-02-07 15:00,retail_1,retail,1,,,,,,,,0.0,33.0,1.0,23.5,14.48,49.9743,19,hitl
133,2026-02-07 15:15,supplier_1,supplier,0,786.62,,,,,,,,,,,,,19,hitl
133,2026-02-07 15:15,farm_1,farm,1,,751.0,0.0286,,,,,,,,,,,19,hitl
133,2026-02-07 15:15,slaughterhouse_1,slaughterhouse,1,,,,112.0,275.88,,,,,,,,,19,hitl
133,2026-02-07 15:15,wholesaler_1,wholesaler,1,,,,,,0.0,90.0,,,,,,,19,hitl
133,2026-02-07 15:15,retail_1,retail,1,,,,,,,,0.0,33.0,1.0,23.75,14.48,49.9743,19,hitl
134,2026-02-07 15:30,supplier_1,supplier,0,785.88,,,,,,,,,,,,,19,hitl
134,2026-02-07 15:30,farm_1,farm,1,,751.0,0.0286,,,,,,,,,,,19,hitl
134,2026-02-07 15:30,slaughterhouse_1,slaughterhouse,1,,,,112.0,278.98,,,,,,,,,19,hitl
134,2026-02-07 15:30,wholesaler_1,wholesaler,1,,,,,,0.0,90.0,,,,,,,19,hitl
134,2026-02-07 15:30,retail_1,retail,1,,,,,,,,0.0,33.0,1.0,24.0,14.48,49.9743,19,hitl
135,2026-02-07 15:45,supplier_1,supplier,0,784.43,,,,,,,,,,,,,19,hitl
135,2026-02-07 15:45,farm_1,farm,1,,751.0,0.0286,,,,,,,,,,,19,hitl
135,2026-02-07 15:45,slaughterhouse_1,slaughterhouse,1,,,,112.0,282.21,,,,,,,,,19,hitl
135,2026-02-07 15:45,wholesaler_1,wholesaler,1,,,,,,0.0,90.0,,,,,,,19,hitl
135,2026-02-07 15:45,retail_1,retail,1,,,,,,,,0.0,33.0,1.0,24.25,14.48,49.9743,19,hitl
136,2026-02-07 16:00,supplier_1,supplier,0,783.08,,,,,,,,,,,,,19,hitl
136,2026-02-07 16:00,farm_1,farm,1,,751.0,0.0286,,,,,,,,,,,19,hitl
136,2026-02-07 16:00,slaughterhouse_1,slaughterhouse,1,,,,112.0,281.06,,,,,,,,,19,hitl
136,2026-02-07 16:00,wholesaler_1,wholesaler,1,,,,,,0.0,90.0,,,,,,,19,hitl
136,2026-02-07 16:00,retail_1,retail,1,,,,,,,,0.0,33.0,1.0,24.5,14.48,49.9743,19,hitl
137,2026-02-07 16:15,supplier_1,supplier,0,782.19,,,,,,,,,,,,,19,hitl
137,2026-02-07 16:15,farm_1,farm,1,,751.0,0.0286,,,,,,,,,,,19,hitl
137,2026-02-07 16:15,slaughterhouse_1,slaughterhouse,1,,,,112.0,284.28,,,,,,,,,19,hitl
137,2026-02-07 16:15,wholesaler_1,wholesaler,1,,,,,,4.32,90.0,,,,,,,19,hitl
137,2026-02-07 16:15,retail_1,retail,1,,,,,,,,0.0,33.0,1.0,24.75,14.48,49.9743,19,hitl
138,2026-02-07 16:30,supplier_1,supplier,0,781.53,,,,,,,,,,,,,19,hitl
138,2026-02-07 16:30,farm_1,farm,1,,751.0,0.0286,,,,,,,,,,,19,hitl
138,2026-02-07 16:30,slaughterhouse_1,slaughterhouse,1,,,,112.0,287.26,,,,,,,,,19,hitl
138,2026-02-07 16:30,wholesaler_1,wholesaler,1,,,,,,2.72,90.0,,,,,,,19,hitl
138,2026-02-07 16:30,retail_1,retail,1,,,,,,,,0.0,33.0,1.0,25.0,14.48,49.9743,19,hitl
139,2026-02-07 16:45,supplier_1,supplier,0,780.32,,,,,,,,,,,,,19,hitl
139,2026-02-07 16:45,farm_1,farm,1,,751.0,0.0286,,,,,,,,,,,19,hitl
139,2026-02-07 16:45,slaughterhouse_1,slaughterhouse,1,,,,112.0,290.32,,,,,,,,,19,hitl
139,2026-02-07 16:45,wholesaler_1,wholesaler,1,,,,,,0.8,90.0,,,,,,,19,hitl
139,2026-02-07 16:45,retail_1,retail,1,,,,,,,,0.0,33.0,1.0,25.25,14.48,49.9743,19,hitl
140,2026-02-07 17:00,supplier_1,supplier,0,778.96,,,,,,,,,,,,,19,hitl
140,2026-02-07 17:00,farm_1,farm,1,,751.0,0.0286,,,,,,,,,,,19,hitl
140,2026-02-07 17:00,slaughterhouse_1,slaughterhouse,1,,,,112.0,293.22,,,,,,,,,19,hitl
140,2026-02-07 17:00,wholesaler_1,wholesaler,1,,,,,,0.0,90.0,,,,,,,19,hitl
140,2026-02-07 17:00,retail_1,retail,1,,,,,,,,0.0,33.0,1.0,25.5,14.48,49.9743,19,hitl
141,2026-02-07 17:15,supplier_1,supplier,0,777.68,,,,,,,,,,,,,19,hitl
141,2026-02-07 17:15,farm_1,farm,1,,751.0,0.0286,,,,,,,,,,,19,hitl
141,2026-02-07 17:15,slaughterhouse_1,slaughterhouse,1,,,,112.0,296.25,,,,,,,,,19,hitl
141,2026-02-07 17:15,wholesaler_1,wholesaler,1,,,,,,0.0,90.0,,,,,,,19,hitl
141,2026-02-07 17:15,retail_1,retail,1,,,,,,,,0.0,33.0,1.0,25.75,14.48,49.9743,19,hitl
142,2026-02-07 17:30,supplier_1,supplier,0,776.66,,,,,,,,,,,,,19,hitl
142,2026-02-07 17:30,farm_1,farm,1,,751.0,0.0286,,,,,,,,,,,19,hitl
142,2026-02-07 17:30,slaughterhouse_1,slaughterhouse,1,,,,112.0,299.59,,,,,,,,,19,hitl
142,2026-02-07 17:30,wholesaler_1,wholesaler,1,,,,,,0.0,90.0,,,,,,,19,hitl
142,2026-02-07 17:30,retail_1,retail,1,,,,,,,,0.0,33.0,1.0,26.0,14.48,49.9743,19,hitl
143,2026-02-07 17:45,supplier_1,supplier,0,775.66,,,,,,,,,,,,,19,hitl
143,2026-02-07 17:45,farm_1,farm,1,,751.0,0.0286,,,,,,,,,,,19,hitl
143,2026-02-07 17:45,slaughterhouse_1,slaughterhouse,1,,,,112.0,302.63,,,,,,,,,19,hitl
143,2026-02-07 17:45,wholesaler_1,wholesaler,1,,,,,,0.0,90.0,,,,,,,19,hitl
143,2026-02-07 17:45,retail_1,retail,1,,,,,,,,0.0,33.0,1.0,26.25,14.48,49.9743,19,hitl
144,2026-02-07 18:00,supplier_1,supplier,0,774.77,,,,,,,,,,,,,19,hitl
144,2026-02-07 18:00,farm_1,farm,0,,751.0,0.0286,,,,,,,,,,,19,hitl
144,2026-02-07 18:00,slaughterhouse_1,slaughterhouse,1,,,,112.0,301.2,,,,,,,,,19,hitl
144,2026-02-07 18:00,wholesaler_1,wholesaler,1,,,,,,0.0,45.0,,,,,,,19,hitl
144,2026-02-07 18:00,retail_1,retail,1,,,,,,,,0.0,36.3,1.0,26.5,14.48,79.9743,19,hitl
145,2026-02-07 18:15,supplier_1,supplier,0,774.07,,,,,,,,,,,,,19,hitl
145,2026-02-07 18:15,farm_1,farm,0,,751.0,0.0286,,,,,,,,,,,19,hitl
145,2026-02-07 18:15,slaughterhouse_1,slaughterhouse,1,,,,112.0,304.35,,,,,,,,,19,hitl
145,2026-02-07 18:15,wholesaler_1,wholesaler,1,,,,,,4.32,45.0,,,,,,,19,hitl
145,2026-02-07 18:15,retail_1,retail,1,,,,,,,,0.0,36.3,1.0,26.75,14.48,79.9743,19,hitl
146,2026-02-07 18:30,supplier_1,supplier,0,773.36,,,,,,,,,,,,,19,hitl
146,2026-02-07 18:30,farm_1,farm,0,,751.0,0.0286,,,,,,,,,,,19,hitl
146,2026-02-07 18:30,slaughterhouse_1,slaughterhouse,1,,,,112.0,307.41,,,,,,,,,19,hitl
146,2026-02-07 18:30,wholesaler_1,wholesaler,1,,,,,,2.77,45.0,,,,,,,19,hitl
146,2026-02-07 18:30,retail_1,retail,1,,,,,,,,0.0,36.3,1.0,27.0,14.48,79.9743,19,hitl
147,2026-02-07 18:45,supplier_1,supplier,0,772.52,,,,,,,,,,,,,19,hitl
147,2026-02-07 18:45,farm_1,farm,0,,751.0,0.0286,,,,,,,,,,,19,hitl
147,2026-02-07 18:45,slaughterhouse_1,slaughterhouse,1,,,,112.0,310.39,,,,,,,,,19,hitl
147,2026-02-07 18:45,wholesaler_1,wholesaler,1,,,,,,0.4,45.0,,,,,,,19,hitl
147,2026-02-07 18:45,retail_1,retail,1,,,,,,,,0.0,36.3,1.0,27.25,14.48,79.9743,19,hitl
148,2026-02-07 19:00,supplier_1,supplier,0,771.77,,,,,,,,,,,,,19,hitl
148,2026-02-07 19:00,farm_1,farm,0,,751.0,0.0286,,,,,,,,,,,19,hitl
148,2026-02-07 19:00,slaughterhouse_1,slaughterhouse,1,,,,112.0,313.46,,,,,,,,,19,hitl
148,2026-02-07 19:00,wholesaler_1,wholesaler,1,,,,,,0.0,45.0,,,,,,,19,hitl
148,2026-02-07 19:00,retail_1,retail,1,,,,,,,,0.0,36.3,1.0,27.5,14.48,79.9743,19,hitl
149,2026-02-07 19:15,supplier_1,supplier,0,770.86,,,,,,,,,,,,,19,hitl
149,2026-02-07 19:15,farm_1,farm,0,,751.0,0.0286,,,,,,,,,,,19,hitl
149,2026-02-07 19:15,slaughterhouse_1,slaughterhouse,1,,,,112.0,316.36,,,,,,,,,19,hitl
149,2026-02-07 19:15,wholesaler_1,wholesaler,1,,,,,,0.0,45.0,,,,,,,19,hitl
149,2026-02-07 19:15,retail_1,retail,1,,,,,,,,0.0,36.3,1.0,27.75,14.48,79.9743,19,hitl
150,2026-02-07 19:30,supplier_1,supplier,0,769.43,,,,,,,,,,,,,19,hitl
150,2026-02-07 19:30,farm_1,farm,0,,751.0,0.0286,,,,,,,,,,,19,hitl
150,2026-02-07 19:30,slaughterhouse_1,slaughterhouse,1,,,,112.0,319.7,,,,,,,,,19,hitl
150,2026-02-07 19:30,wholesaler_1,wholesaler,1,,,,,,0.0,45.0,,,,,,,19,hitl
150,2026-02-07 19:30,retail_1,retail,1,,,,,,,,0.0,36.3,1.0,28.0,14.48,79.9743,19,hitl
151,2026-02-07 19:45,supplier_1,supplier,0,768.64,,,,,,,,,,,,,19,hitl
151,2026-02-07 19:45,farm_1,farm,0,,751.0,0.0286,,,,,,,,,,,19,hitl
151,2026-02-07 19:45,slaughterhouse_1,slaughterhouse,1,,,,112.0,323.01,,,,,,,,,19,hitl
151,2026-02-07 19:45,wholesaler_1,wholesaler,1,,,,,,0.0,45.0,,,,,,,19,hitl
151,2026-02-07 19:45,retail_1,retail,1,,,,,,,,0.0,36.3,1.0,28.25,14.48,79.9743,19,hitl
152,2026-02-07 20:00,supplier_1,supplier,0,767.23,,,,,,,,,,,,,19,hitl
152,2026-02-07 20:00,farm_1,farm,0,,751.0,0.0286,,,,,,,,,,,19,hitl
152,2026-02-07 20:00,slaughterhouse_1,slaughterhouse,1,,,,112.0,322.02,,,,,,,,,19,hitl
152,2026-02-07 20:00,wholesaler_1,wholesaler,1,,,,,,0.0,45.0,,,,,,,19,hitl
152,2026-02-07 20:00,retail_1,retail,1,,,,,,,,0.0,36.3,1.0,28.5,14.48,79.9743,19,hitl
153,2026-02-07 20:15,supplier_1,supplier,0,766.27,,,,,,,,,,,,,19,hitl
153,2026-02-07 20:15,farm_1,farm,0,,751.0,0.0286,,,,,,,,,,,19,hitl
153,2026-02-07 20:15,slaughterhouse_1,slaughterhouse,1,,,,112.0,325.14,,,,,,,,,19,hitl
153,2026-02-07 20:15,wholesaler_1,wholesaler,1,,,,,,4.32,45.0,,,,,,,19,hitl
153,2026-02-07 20:15,retail_1,retail,1,,,,,,,,0.0,28.0,1.0,6.22,20.752,104.0,19,hitl
154,2026-02-07 20:30,supplier_1,supplier,0,764.9,,,,,,,,,,,,,19,hitl
154,2026-02-07 20:30,farm_1,farm,0,,751.0,0.0286,,,,,,,,,,,19,hitl
154,2026-02-07 20:30,slaughterhouse_1,slaughterhouse,1,,,,112.0,328.33,,,,,,,,,19,hitl
154,2026-02-07 20:30,wholesaler_1,wholesaler,1,,,,,,1.95,45.0,,,,,,,19,hitl
154,2026-02-07 20:30,retail_1,retail,1,,,,,,,,0.0,28.0,1.0,6.47,20.752,104.0,19,hitl
155,2026-02-07 20:45,supplier_1,supplier,0,764.21,,,,,,,,,,,,,19,hitl
155,2026-02-07 20:45,farm_1,farm,0,,751.0,0.0286,,,,,,,,,,,19,hitl
155,2026-02-07 20:45,slaughterhouse_1,slaughterhouse,1,,,,112.0,331.58,,,,,,,,,19,hitl
155,2026-02-07 20:45,wholesaler_1,wholesaler,1,,,,,,0.0,45.0,,,,,,,19,hitl
155,2026-02-07 20:45,retail_1,retail,1,,,,,,,,0.0,28.0,1.0,6.72,20.752,104.0,19,hitl
156,2026-02-07 21:00,supplier_1,supplier,0,762.93,,,,,,,,,,,,,19,hitl
156,2026-02-07 21:00,farm_1,farm,0,,751.0,0.0286,,,,,,,,,,,19,hitl
156,2026-02-07 21:00,slaughterhouse_1,slaughterhouse,1,,,,112.0,334.74,,,,,,,,,19,hitl
156,2026-02-07 21:00,wholesaler_1,wholesaler,1,,,,,,0.0,45.0,,,,,,,19,hitl
156,2026-02-07 21:00,retail_1,retail,1,,,,,,,,0.0,28.0,1.0,6.97,20.752,104.0,19,hitl
157,2026-02-07 21:15,supplier_1,supplier,0,762.41,,,,,,,,,,,,,19,hitl
157,2026-02-07 21:15,farm_1,farm,0,,751.0,0.0286,,,,,,,,,,,19,hitl
157,2026-02-07 21:15,slaughterhouse_1,slaughterhouse,1,,,,112.0,338.0,,,,,,,,,19,hitl
157,2026-02-07 21:15,wholesaler_1,wholesaler,1,,,,,,0.0,45.0,,,,,,,19,hitl
157,2026-02-07 21:15,retail_1,retail,1,,,,,,,,0.0,28.0,1.0,7.22,20.752,104.0,19,hitl
158,2026-02-07 21:30,supplier_1,supplier,0,761.54,,,,,,,,,,,,,19,hitl
158,2026-02-07 21:30,farm_1,farm,0,,751.0,0.0286,,,,,,,,,,,19,hitl
158,2026-02-07 21:30,slaughterhouse_1,slaughterhouse,1,,,,112.0,340.88,,,,,,,,,19,hitl
158,2026-02-07 21:30,wholesaler_1,wholesaler,1,,,,,,0.0,45.0,,,,,,,19,hitl
158,2026-02-07 21:30,retail_1,retail,1,,,,,,,,0.0,28.0,1.0,7.47,20.752,104.0,19,hitl
159,2026-02-07 21:45,supplier_1,supplier,0,760.33,,,,,,,,,,,,,19,hitl
159,2026-02-07 21:45,farm_1,farm,0,,751.0,0.0286,,,,,,,,,,,19,hitl
159,2026-02-07 21:45,slaughterhouse_1,slaughterhouse,1,,,,112.0,344.18,,,,,,,,,19,hitl
159,2026-02-07 21:45,wholesaler_1,wholesaler,1,,,,,,0.0,45.0,,,,,,,19,hitl
159,2026-02-07 21:45,retail_1,retail,1,,,,,,,,0.0,28.0,1.0,7.72,20.752,104.0,19,hitl
160,2026-02-07 22:00,supplier_1,supplier,0,759.8,,,,,,,,,,,,,19,hitl
160,2026-02-07 22:00,farm_1,farm,0,,751.0,0.0286,,,,,,,,,,,19,hitl
160,2026-02-07 22:00,slaughterhouse_1,slaughterhouse,1,,,,112.0,343.02,,,,,,,,,19,hitl
160,2026-02-07 22:00,wholesaler_1,wholesaler,1,,,,,,0.0,45.0,,,,,,,19,hitl
160,2026-02-07 22:00,retail_1,retail,1,,,,,,,,0.0,28.0,1.0,7.97,20.752,104.0,19,hitl
161,2026-02-07 22:15,supplier_1,supplier,0,758.53,,,,,,,,,,,,,19,hitl
161,2026-02-07 22:15,farm_1,farm,0,,751.0,0.0286,,,,,,,,,,,19,hitl
161,2026-02-07 22:15,slaughterhouse_1,slaughterhouse,1,,,,112.0,346.01,,,,,,,,,19,hitl
161,2026-02-07 22:15,wholesaler_1,wholesaler,1,,,,,,4.32,45.0,,,,,,,19,hitl
161,2026-02-07 22:15,retail_1,retail,1,,,,,,,,0.0,28.0,1.0,8.22,20.752,104.0,19,hitl
162,2026-02-07 22:30,supplier_1,supplier,0,757.41,,,,,,,,,,,,,19,hitl
162,2026-02-07 22:30,farm_1,farm,0,,751.0,0.0286,,,,,,,,,,,19,hitl
162,2026-02-07 22:30,slaughterhouse_1,slaughterhouse,1,,,,112.0,348.88,,,,,,,,,19,hitl
162,2026-02-07 22:30,wholesaler_1,wholesaler,1,,,,,,2.79,45.0,,,,,,,19,hitl
162,2026-02-07 22:30,retail_1,retail,1,,,,,,,,0.0,28.0,1.0,8.47,20.752,104.0,19,hitl
163,2026-02-07 22:45,supplier_1,supplier,0,756.29,,,,,,,,,,,,,19,hitl
163,2026-02-07 22:45,farm_1,farm,0,,751.0,0.0286,,,,,,,,,,,19,hitl
163,2026-02-07 22:45,slaughterhouse_1,slaughterhouse,1,,,,112.0,352.08,,,,,,,,,19,hitl
163,2026-02-07 22:45,wholesaler_1,wholesaler,1,,,,,,0.64,45.0,,,,,,,19,hitl
163,2026-02-07 22:45,retail_1,retail,1,,,,,,,,0.0,28.0,1.0,8.72,20.752,104.0,19,hitl
164,2026-02-07 23:00,supplier_1,supplier,0,755.76,,,,,,,,,,,,,19,hitl
164,2026-02-07 23:00,farm_1,farm,0,,751.0,0.0286,,,,,,,,,,,19,hitl
164,2026-02-07 23:00,slaughterhouse_1,slaughterhouse,1,,,,112.0,355.32,,,,,,,,,19,hitl
164,2026-02-07 23:00,wholesaler_1,wholesaler,1,,,,,,0.0,45.0,,,,,,,19,hitl
164,2026-02-07 23:00,retail_1,retail,1,,,,,,,,0.0,28.0,1.0,8.97,20.752,104.0,19,hitl
165,2026-02-07 23:15,supplier_1,supplier,0,754.97,,,,,,,,,,,,,19,hitl
165,2026-02-07 23:15,farm_1,farm,0,,751.0,0.0286,,,,,,,,,,,19,hitl
165,2026-02-07 23:15,slaughterhouse_1,slaughterhouse,1,,,,112.0,358.62,,,,,,,,,19,hitl
165,2026-02-07 23:15,wholesaler_1,wholesaler,1,,,,,,0.0,45.0,,,,,,,19,hitl
165,2026-02-07 23:15,retail_1,retail,1,,,,,,,,0.0,28.0,1.0,9.22,20.752,104.0,19,hitl
166,2026-02-07 23:30,supplier_1,supplier,0,754.42,,,,,,,,,,,,,19,hitl
166,2026-02-07 23:30,farm_1,farm,0,,751.0,0.0286,,,,,,,,,,,19,hitl
166,2026-02-07 23:30,slaughterhouse_1,slaughterhouse,1,,,,112.0,361.74,,,,,,,,,19,hitl
166,2026-02-07 23:30,wholesaler_1,wholesaler,1,,,,,,0.0,45.0,,,,,,,19,hitl
166,2026-02-07 23:30,retail_1,retail,1,,,,,,,,0.0,28.0,1.0,9.47,20.752,104.0,19,hitl
167,2026-02-07 23:45,supplier_1,supplier,0,752.96,,,,,,,,,,,,,19,hitl
167,2026-02-07 23:45,farm_1,farm,0,,751.0,0.0286,,,,,,,,,,,19,hitl
167,2026-02-07 23:45,slaughterhouse_1,slaughterhouse,1,,,,112.0,364.62,,,,,,,,,19,hitl
167,2026-02-07 23:45,wholesaler_1,wholesaler,1,,,,,,0.0,45.0,,,,,,,19,hitl
167,2026-02-07 23:45,retail_1,retail,1,,,,,,,,0.0,28.0,1.0,9.72,20.752,104.0,19,hitl
168,2026-02-08 00:00,supplier_1,supplier,0,752.41,,,,,,,,,,,,,19,hitl
168,2026-02-08 00:00,farm_1,farm,0,,751.0,0.0286,,,,,,,,,,,19,hitl
168,2026-02-08 00:00,slaughterhouse_1,slaughterhouse,1,,,,112.0,363.43,,,,,,,,,19,hitl
168,2026-02-08 00:00,wholesaler_1,wholesaler,1,,,,,,0.0,45.0,,,,,,,19,hitl
168,2026-02-08 00:00,retail_1,retail,1,,,,,,,,0.0,28.0,1.0,9.97,20.752,104.0,19,hitl
169,2026-02-08 00:15,supplier_1,supplier,0,751.0,,,,,,,,,,,,,19,hitl
169,2026-02-08 00:15,farm_1,farm,0,,751.0,0.0286,,,,,,,,,,,19,hitl
169,2026-02-08 00:15,slaughterhouse_1,slaughterhouse,1,,,,112.0,366.37,,,,,,,,,19,hitl
169,2026-02-08 00:15,wholesaler_1,wholesaler,1,,,,,,4.32,45.0,,,,,,,19,hitl
169,2026-02-08 00:15,retail_1,retail,1,,,,,,,,0.0,28.0,1.0,10.22,20.752,104.0,19,hitl
170,2026-02-08 00:30,supplier_1,supplier,0,750.1,,,,,,,,,,,,,19,hitl
170,2026-02-08 00:30,farm_1,farm,0,,751.0,0.0286,,,,,,,,,,,19,hitl
170,2026-02-08 00:30,slaughterhouse_1,slaughterhouse,1,,,,112.0,369.54,,,,,,,,,19,hitl
170,2026-02-08 00:30,wholesaler_1,wholesaler,1,,,,,,1.68,45.0,,,,,,,19,hitl
170,2026-02-08 00:30,retail_1,retail,1,,,,,,,,0.0,28.0,1.0,10.47,20.752,104.0,19,hitl
171,2026-02-08 00:45,supplier_1,supplier,0,749.08,,,,,,,,,,,,,19,hitl
171,2026-02-08 00:45,farm_1,farm,0,,751.0,0.0286,,,,,,,,,,,19,hitl
171,2026-02-08 00:45,slaughterhouse_1,slaughterhouse,1,,,,112.0,372.44,,,,,,,,,19,hitl
171,2026-02-08 00:45,wholesaler_1,wholesaler,1,,,,,,0.0,45.0,,,,,,,19,hitl
171,2026-02-08 00:45,retail_1,retail,1,,,,,,,,0.0,28.0,1.0,10.72,20.752,104.0,19,hitl
172,2026-02-08 01:00,supplier_1,supplier,0,747.86,,,,,,,,,,,,,19,hitl
172,2026-02-08 01:00,farm_1,farm,0,,751.0,0.0286,,,,,,,,,,,19,hitl
172,2026-02-08 01:00,slaughterhouse_1,slaughterhouse,1,,,,112.0,375.68,,,,,,,,,19,hitl
172,2026-02-08 01:00,wholesaler_1,wholesaler,1,,,,,,0.0,45.0,,,,,,,19,hitl
172,2026-02-08 01:00,retail_1,retail,1,,,,,,,,0.0,28.0,1.0,10.97,20.752,104.0,19,hitl
173,2026-02-08 01:15,supplier_1,supplier,0,747.06,,,,,,,,,,,,,19,hitl
173,2026-02-08 01:15,farm_1,farm,0,,751.0,0.0286,,,,,,,,,,,19,hitl
173,2026-02-08 01:15,slaughterhouse_1,slaughterhouse,1,,,,112.0,378.87,,,,,,,,,19,hitl
173,2026-02-08 01:15,wholesaler_1,wholesaler,1,,,,,,0.0,45.0,,,,,,,19,hitl
173,2026-02-08 01:15,retail_1,retail,1,,,,,,,,0.0,28.0,1.0,11.22,20.752,104.0,19,hitl
174,2026-02-08 01:30,supplier_1,supplier,0,746.23,,,,,,,,,,,,,19,hitl
174,2026-02-08 01:30,farm_1,farm,0,,751.0,0.0286,,,,,,,,,,,19,hitl
174,2026-02-08 01:30,slaughterhouse_1,slaughterhouse,1,,,,112.0,381.78,,,,,,,,,19,hitl
174,2026-02-08 01:30,wholesaler_1,wholesaler,1,,,,,,0.0,45.0,,,,,,,19,hitl
174,2026-02-08 01:30,retail_1,retail,1,,,,,,,,0.0,28.0,1.0,11.47,20.752,104.0,19,hitl
175,2026-02-08 01:45,supplier_1,supplier,0,745.67,,,,,,,,,,,,,19,hitl
175,2026-02-08 01:45,farm_1,farm,0,,751.0,0.0286,,,,,,,,,,,19,hitl
175,2026-02-08 01:45,slaughterhouse_1,slaughterhouse,1,,,,112.0,385.11,,,,,,,,,19,hitl
175,2026-02-08 01:45,wholesaler_1,wholesaler,1,,,,,,0.0,45.0,,,,,,,19,hitl
175,2026-02-08 01:45,retail_1,retail,1,,,,,,,,0.0,28.0,1.0,11.72,20.752,104.0,19,hitl
176,2026-02-08 02:00,supplier_1,supplier,0,745.01,,,,,,,,,,,,,19,hitl
176,2026-02-08 02:00,farm_1,farm,0,,751.0,0.0286,,,,,,,,,,,19,hitl
176,2026-02-08 02:00,slaughterhouse_1,slaughterhouse,1,,,,112.0,383.73,,,,,,,,,19,hitl
176,2026-02-08 02:00,wholesaler_1,wholesaler,1,,,,,,0.0,45.0,,,,,,,19,hitl
176,2026-02-08 02:00,retail_1,retail,1,,,,,,,,0.0,28.0,1.0,11.97,20.752,104.0,19,hitl
177,2026-02-08 02:15,supplier_1,supplier,0,743.53,,,,,,,,,,,,,19,hitl
177,2026-02-08 02:15,farm_1,farm,0,,751.0,0.0286,,,,,,,,,,,19,hitl
177,2026-02-08 02:15,slaughterhouse_1,slaughterhouse,1,,,,112.0,386.71,,,,,,,,,19,hitl
177,2026-02-08 02:15,wholesaler_1,wholesaler,1,,,,,,4.32,45.0,,,,,,,19,hitl
177,2026-02-08 02:15,retail_1,retail,1,,,,,,,,0.0,28.0,1.0,12.22,20.752,104.0,19,hitl
178,2026-02-08 02:30,supplier_1,supplier,0,742.21,,,,,,,,,,,,,19,hitl
178,2026-02-08 02:30,farm_1,farm,0,,751.0,0.0286,,,,,,,,,,,19,hitl
178,2026-02-08 02:30,slaughterhouse_1,slaughterhouse,1,,,,112.0,389.76,,,,,,,,,19,hitl
178,2026-02-08 02:30,wholesaler_1,wholesaler,1,,,,,,2.44,45.0,,,,,,,19,hitl
178,2026-02-08 02:30,retail_1,retail,1,,,,,,,,0.0,28.0,1.0,12.47,20.752,104.0,19,hitl
179,2026-02-08 02:45,supplier_1,supplier,0,741.55,,,,,,,,,,,,,19,hitl
179,2026-02-08 02:45,farm_1,farm,0,,751.0,0.0286,,,,,,,,,,,19,hitl
179,2026-02-08 02:45,slaughterhouse_1,slaughterhouse,1,,,,112.0,392.89,,,,,,,,,19,hitl
179,2026-02-08 02:45,wholesaler_1,wholesaler,1,,,,,,0.94,45.0,,,,,,,19,hitl
179,2026-02-08 02:45,retail_1,retail,1,,,,,,,,0.0,28.0,1.0,12.72,20.752,104.0,19,hitl
180,2026-02-08 03:00,supplier_1,supplier,0,740.73,,,,,,,,,,,,,19,hitl
180,2026-02-08 03:00,farm_1,farm,1,,751.0,0.0286,,,,,,,,,,,19,hitl
180,2026-02-08 03:00,slaughterhouse_1,slaughterhouse,1,,,,112.0,395.99,,,,,,,,,19,hitl
180,2026-02-08 03:00,wholesaler_1,wholesaler,1,,,,,,0.0,45.0,,,,,,,19,hitl
180,2026-02-08 03:00,retail_1,retail,1,,,,,,,,0.0,28.0,1.0,12.97,20.752,104.0,19,hitl
181,2026-02-08 03:15,supplier_1,supplier,0,739.84,,,,,,,,,,,,,19,hitl
181,2026-02-08 03:15,farm_1,farm,1,,751.0,0.0286,,,,,,,,,,,19,hitl
181,2026-02-08 03:15,slaughterhouse_1,slaughterhouse,1,,,,112.0,399.23,,,,,,,,,19,hitl
181,2026-02-08 03:15,wholesaler_1,wholesaler,1,,,,,,0.0,45.0,,,,,,,19,hitl
181,2026-02-08 03:15,retail_1,retail,1,,,,,,,,0.0,28.0,1.0,13.22,20.752,104.0,19,hitl
182,2026-02-08 03:30,supplier_1,supplier,0,738.53,,,,,,,,,,,,,19,hitl
182,2026-02-08 03:30,farm_1,farm,1,,751.0,0.0286,,,,,,,,,,,19,hitl
182,2026-02-08 03:30,slaughterhouse_1,slaughterhouse,1,,,,112.0,400.0,,,,,,,,,19,hitl
182,2026-02-08 03:30,wholesaler_1,wholesaler,1,,,,,,0.0,45.0,,,,,,,19,hitl
182,2026-02-08 03:30,retail_1,retail,1,,,,,,,,0.0,28.0,1.0,13.47,20.752,104.0,19,hitl
183,2026-02-08 03:45,supplier_1,supplier,0,737.63,,,,,,,,,,,,,19,hitl
183,2026-02-08 03:45,farm_1,farm,1,,751.0,0.0286,,,,,,,,,,,19,hitl
183,2026-02-08 03:45,slaughterhouse_1,slaughterhouse,1,,,,112.0,400.0,,,,,,,,,19,hitl
183,2026-02-08 03:45,wholesaler_1,wholesaler,1,,,,,,0.0,45.0,,,,,,,19,hitl
183,2026-02-08 03:45,retail_1,retail,1,,,,,,,,0.0,28.0,1.0,13.72,20.752,104.0,19,hitl
184,2026-02-08 04:00,supplier_1,supplier,0,736.44,,,,,,,,,,,,,19,hitl
184,2026-02-08 04:00,farm_1,farm,1,,751.0,0.0286,,,,,,,,,,,19,hitl
184,2026-02-08 04:00,slaughterhouse_1,slaughterhouse,1,,,,112.0,395.68,,,,,,,,,19,hitl
184,2026-02-08 04:00,wholesaler_1,wholesaler,1,,,,,,0.0,45.0,,,,,,,19,hitl
184,2026-02-08 04:00,retail_1,retail,1,,,,,,,,0.0,28.0,1.0,13.97,20.752,104.0,19,hitl
185,2026-02-08 04:15,supplier_1,supplier,0,735.12,,,,,,,,,,,,,19,hitl
185,2026-02-08 04:15,farm_1,farm,1,,751.0,0.0286,,,,,,,,,,,19,hitl
185,2026-02-08 04:15,slaughterhouse_1,slaughterhouse,1,,,,112.0,398.95,,,,,,,,,19,hitl
185,2026-02-08 04:15,wholesaler_1,wholesaler,1,,,,,,4.32,45.0,,,,,,,19,hitl
185,2026-02-08 04:15,retail_1,retail,1,,,,,,,,0.0,28.0,1.0,14.22,20.752,104.0,19,hitl
186,2026-02-08 04:30,supplier_1,supplier,0,734.23,,,,,,,,,,,,,19,hitl
186,2026-02-08 04:30,farm_1,farm,1,,751.0,0.0286,,,,,,,,,,,19,hitl
186,2026-02-08 04:30,slaughterhouse_1,slaughterhouse,1,,,,112.0,400.0,,,,,,,,,19,hitl
186,2026-02-08 04:30,wholesaler_1,wholesaler,1,,,,,,2.42,45.0,,,,,,,19,hitl
186,2026-02-08 04:30,retail_1,retail,1,,,,,,,,0.0,28.0,1.0,14.47,20.752,104.0,19,hitl
187,2026-02-08 04:45,supplier_1,supplier,0,733.15,,,,,,,,,,,,,19,hitl
187,2026-02-08 04:45,farm_1,farm,1,,751.0,0.0286,,,,,,,,,,,19,hitl
187,2026-02-08 04:45,slaughterhouse_1,slaughterhouse,1,,,,112.0,400.0,,,,,,,,,19,hitl
187,2026-02-08 04:45,wholesaler_1,wholesaler,1,,,,,,0.4,45.0,,,,,,,19,hitl
187,2026-02-08 04:45,retail_1,retail,1,,,,,,,,0.0,28.0,1.0,14.72,20.752,104.0,19,hitl
188,2026-02-08 05:00,supplier_1,supplier,0,731.73,,,,,,,,,,,,,19,hitl
188,2026-02-08 05:00,farm_1,farm,1,,751.0,0.0286,,,,,,,,,,,19,hitl
188,2026-02-08 05:00,slaughterhouse_1,slaughterhouse,1,,,,112.0,400.0,,,,,,,,,19,hitl
188,2026-02-08 05:00,wholesaler_1,wholesaler,1,,,,,,0.0,45.0,,,,,,,19,hitl
188,2026-02-08 05:00,retail_1,retail,1,,,,,,,,0.0,28.0,1.0,14.97,20.752,104.0,19,hitl
189,2026-02-08 05:15,supplier_1,supplier,0,730.45,,,,,,,,,,,,,19,hitl
189,2026-02-08 05:15,farm_1,farm,1,,751.0,0.0286,,,,,,,,,,,19,hitl
189,2026-02-08 05:15,slaughterhouse_1,slaughterhouse,1,,,,112.0,400.0,,,,,,,,,19,hitl
189,2026-02-08 05:15,wholesaler_1,wholesaler,1,,,,,,0.0,45.0,,,,,,,19,hitl
189,2026-02-08 05:15,retail_1,retail,1,,,,,,,,0.0,28.0,1.0,15.22,20.752,104.0,19,hitl
190,2026-02-08 05:30,supplier_1,supplier,0,728.96,,,,,,,,,,,,,19,hitl
190,2026-02-08 05:30,farm_1,farm,1,,751.0,0.0286,,,,,,,,,,,19,hitl
190,2026-02-08 05:30,slaughterhouse_1,slaughterhouse,1,,,,112.0,400.0,,,,,,,,,19,hitl
190,2026-02-08 05:30,wholesaler_1,wholesaler,1,,,,,,0.0,45.0,,,,,,,19,hitl
190,2026-02-08 05:30,retail_1,retail,1,,,,,,,,0.0,28.0,1.0,15.47,20.752,104.0,19,hitl
191,2026-02-08 05:45,supplier_1,supplier,0,728.04,,,,,,,,,,,,,19,hitl
191,2026-02-08 05:45,farm_1,farm,1,,751.0,0.0286,,,,,,,,,,,19,hitl
191,2026-02-08 05:45,slaughterhouse_1,slaughterhouse,1,,,,112.0,400.0,,,,,,,,,19,hitl
191,2026-02-08 05:45,wholesaler_1,wholesaler,1,,,,,,0.0,45.0,,,,,,,19,hitl
191,2026-02-08 05:45,retail_1,retail,1,,,,,,,,0.0,28.0,1.0,15.72,20.752,104.0,19,hitl
192,2026-02-08 06:00,supplier_1,supplier,0,726.66,,,,,,,,,,,,,19,hitl
192,2026-02-08 06:00,farm_1,farm,1,,751.0,0.0286,,,,,,,,,,,19,hitl
192,2026-02-08 06:00,slaughterhouse_1,slaughterhouse,1,,,,112.0,395.68,,,,,,,,,19,hitl
192,2026-02-08 06:00,wholesaler_1,wholesaler,1,,,,,,0.0,45.0,,,,,,,19,hitl
192,2026-02-08 06:00,retail_1,retail,1,,,,,,,,0.0,28.0,1.0,15.97,20.752,104.0,19,hitl
193,2026-02-08 06:15,supplier_1,supplier,0,725.81,,,,,,,,,,,,,19,hitl
193,2026-02-08 06:15,farm_1,farm,1,,751.0,0.0286,,,,,,,,,,,19,hitl
193,2026-02-08 06:15,slaughterhouse_1,slaughterhouse,1,,,,112.0,398.96,,,,,,,,,19,hitl
193,2026-02-08 06:15,wholesaler_1,wholesaler,1,,,,,,4.32,45.0,,,,,,,19,hitl
193,2026-02-08 06:15,retail_1,retail,1,,,,,,,,0.0,28.0,1.0,16.22,20.752,104.0,19,hitl
194,2026-02-08 06:30,supplier_1,supplier,0,725.12,,,,,,,,,,,,,19,hitl
194,2026-02-08 06:30,farm_1,farm,1,,751.0,0.0286,,,,,,,,,,,19,hitl
194,2026-02-08 06:30,slaughterhouse_1,slaughterhouse,1,,,,112.0,400.0,,,,,,,,,19,hitl
194,2026-02-08 06:30,wholesaler_1,wholesaler,1,,,,,,1.85,45.0,,,,,,,19,hitl
194,2026-02-08 06:30,retail_1,retail,1,,,,,,,,0.0,28.0,1.0,16.47,20.752,104.0,19,hitl
195,2026-02-08 06:45,supplier_1,supplier,0,724.43,,,,,,,,,,,,,19,hitl
195,2026-02-08 06:45,farm_1,farm,1,,751.0,0.0286,,,,,,,,,,,19,hitl
195,2026-02-08 06:45,slaughterhouse_1,slaughterhouse,1,,,,112.0,400.0,,,,,,,,,19,hitl
195,2026-02-08 06:45,wholesaler_1,wholesaler,1,,,,,,0.19,45.0,,,,,,,19,hitl
195,2026-02-08 06:45,retail_1,retail,1,,,,,,,,0.0,28.0,1.0,16.72,20.752,104.0,19,hitl
196,2026-02-08 07:00,supplier_1,supplier,0,723.07,,,,,,,,,,,,,19,hitl
196,2026-02-08 07:00,farm_1,farm,1,,751.0,0.0286,,,,,,,,,,,19,hitl
196,2026-02-08 07:00,slaughterhouse_1,slaughterhouse,1,,,,112.0,400.0,,,,,,,,,19,hitl
196,2026-02-08 07:00,wholesaler_1,wholesaler,1,,,,,,0.0,45.0,,,,,,,19,hitl
196,2026-02-08 07:00,retail_1,retail,1,,,,,,,,0.0,28.0,1.0,16.97,20.752,104.0,19,hitl
197,2026-02-08 07:15,supplier_1,supplier,0,721.61,,,,,,,,,,,,,19,hitl
197,2026-02-08 07:15,farm_1,farm,1,,751.0,0.0286,,,,,,,,,,,19,hitl
197,2026-02-08 07:15,slaughterhouse_1,slaughterhouse,1,,,,112.0,400.0,,,,,,,,,19,hitl
197,2026-02-08 07:15,wholesaler_1,wholesaler,1,,,,,,0.0,45.0,,,,,,,19,hitl
197,2026-02-08 07:15,retail_1,retail,1,,,,,,,,0.0,28.0,1.0,17.22,20.752,104.0,19,hitl
198,2026-02-08 07:30,supplier_1,supplier,0,720.84,,,,,,,,,,,,,19,hitl
198,2026-02-08 07:30,farm_1,farm,1,,751.0,0.0286,,,,,,,,,,,19,hitl
198,2026-02-08 07:30,slaughterhouse_1,slaughterhouse,1,,,,112.0,400.0,,,,,,,,,19,hitl
198,2026-02-08 07:30,wholesaler_1,wholesaler,1,,,,,,0.0,45.0,,,,,,,19,hitl
198,2026-02-08 07:30,retail_1,retail,1,,,,,,,,0.0,28.0,1.0,17.47,20.752,104.0,19,hitl
199,2026-02-08 07:45,supplier_1,supplier,0,720.22,,,,,,,,,,,,,19,hitl
199,2026-02-08 07:45,farm_1,farm,1,,751.0,0.0286,,,,,,,,,,,19,hitl
199,2026-02-08 07:45,slaughterhouse_1,slaughterhouse,1,,,,112.0,400.0,,,,,,,,,19,hitl
199,2026-02-08 07:45,wholesaler_1,wholesaler,1,,,,,,0.0,45.0,,,,,,,19,hitl
199,2026-02-08 07:45,retail_1,retail,1,,,,,,,,0.0,28.0,1.0,17.72,20.752,104.0,19,hitl
200,2026-02-08 08:00,supplier_1,supplier,0,718.86,,,,,,,,,,,,,19,hitl
200,2026-02-08 08:00,farm_1,farm,1,,751.0,0.0286,,,,,,,,,,,19,hitl
200,2026-02-08 08:00,slaughterhouse_1,slaughterhouse,1,,,,112.0,395.68,,,,,,,,,19,hitl
200,2026-02-08 08:00,wholesaler_1,wholesaler,1,,,,,,0.0,45.0,,,,,,,19,hitl
200,2026-02-08 08:00,retail_1,retail,1,,,,,,,,0.0,28.0,1.0,17.97,20.752,104.0,19,hitl
201,2026-02-08 08:15,supplier_1,supplier,0,717.88,,,,,,,,,,,,,19,hitl
201,2026-02-08 08:15,farm_1,farm,1,,751.0,0.0286,,,,,,,,,,,19,hitl
201,2026-02-08 08:15,slaughterhouse_1,slaughterhouse,1,,,,112.0,399.02,,,,,,,,,19,hitl
201,2026-02-08 08:15,wholesaler_1,wholesaler,1,,,,,,4.32,45.0,,,,,,,19,hitl
201,2026-02-08 08:15,retail_1,retail,1,,,,,,,,0.0,28.0,1.0,18.22,20.752,104.0,19,hitl
202,2026-02-08 08:30,supplier_1,supplier,0,717.25,,,,,,,,,,,,,19,hitl
202,2026-02-08 08:30,farm_1,farm,1,,751.0,0.0286,,,,,,,,,,,19,hitl
202,2026-02-08 08:30,slaughterhouse_1,slaughterhouse,1,,,,112.0,400.0,,,,,,,,,19,hitl
202,2026-02-08 08:30,wholesaler_1,wholesaler,1,,,,,,2.01,45.0,,,,,,,19,hitl
202,2026-02-08 08:30,retail_1,retail,1,,,,,,,,0.0,28.0,1.0,18.47,20.752,104.0,19,hitl
203,2026-02-08 08:45,supplier_1,supplier,0,716.12,,,,,,,,,,,,,19,hitl
203,2026-02-08 08:45,farm_1,farm,1,,751.0,0.0286,,,,,,,,,,,19,hitl
203,2026-02-08 08:45,slaughterhouse_1,slaughterhouse,1,,,,112.0,400.0,,,,,,,,,19,hitl
203,2026-02-08 08:45,wholesaler_1,wholesaler,1,,,,,,0.28,45.0,,,,,,,19,hitl
203,2026-02-08 08:45,retail_1,retail,1,,,,,,,,0.0,28.0,1.0,18.72,20.752,104.0,19,hitl
204,2026-02-08 09:00,supplier_1,supplier,0,715.26,,,,,,,,,,,,,19,hitl
204,2026-02-08 09:00,farm_1,farm,1,,751.0,0.0286,,,,,,,,,,,19,hitl
204,2026-02-08 09:00,slaughterhouse_1,slaughterhouse,1,,,,112.0,400.0,,,,,,,,,19,hitl
204,2026-02-08 09:00,wholesaler_1,wholesaler,1,,,,,,0.0,45.0,,,,,,,19,hitl
204,2026-02-08 09:00,retail_1,retail,1,,,,,,,,0.0,28.0,1.0,18.97,20.752,104.0,19,hitl
205,2026-02-08 09:15,supplier_1,supplier,0,714.2,,,,,,,,,,,,,19,hitl
205,2026-02-08 09:15,farm_1,farm,1,,751.0,0.0286,,,,,,,,,,,19,hitl
205,2026-02-08 09:15,slaughterhouse_1,slaughterhouse,1,,,,112.0,400.0,,,,,,,,,19,hitl
205,2026-02-08 09:15,wholesaler_1,wholesaler,1,,,,,,0.0,45.0,,,,,,,19,hitl
205,2026-02-08 09:15,retail_1,retail,1,,,,,,,,0.0,28.0,1.0,19.22,20.752,104.0,19,hitl
206,2026-02-08 09:30,supplier_1,supplier,0,713.19,,,,,,,,,,,,,19,hitl
206,2026-02-08 09:30,farm_1,farm,1,,751.0,0.0286,,,,,,,,,,,19,hitl
206,2026-02-08 09:30,slaughterhouse_1,slaughterhouse,1,,,,112.0,400.0,,,,,,,,,19,hitl
206,2026-02-08 09:30,wholesaler_1,wholesaler,1,,,,,,0.0,45.0,,,,,,,19,hitl
206,2026-02-08 09:30,retail_1,retail,1,,,,,,,,0.0,28.0,1.0,19.47,20.752,104.0,19,hitl
207,2026-02-08 09:45,supplier_1,supplier,0,712.56,,,,,,,,,,,,,19,hitl
207,2026-02-08 09:45,farm_1,farm,1,,751.0,0.0286,,,,,,,,,,,19,hitl
207,2026-02-08 09:45,slaughterhouse_1,slaughterhouse,1,,,,112.0,400.0,,,,,,,,,19,hitl
207,2026-02-08 09:45,wholesaler_1,wholesaler,1,,,,,,0.0,45.0,,,,,,,19,hitl
207,2026-02-08 09:45,retail_1,retail,1,,,,,,,,0.0,28.0,1.0,19.72,20.752,104.0,19,hitl
208,2026-02-08 10:00,supplier_1,supplier,0,711.82,,,,,,,,,,,,,19,hitl
208,2026-02-08 10:00,farm_1,farm,1,,751.0,0.0286,,,,,,,,,,,19,hitl
208,2026-02-08 10:00,slaughterhouse_1,slaughterhouse,1,,,,112.0,395.68,,,,,,,,,19,hitl
208,2026-02-08 10:00,wholesaler_1,wholesaler,1,,,,,,0.0,45.0,,,,,,,19,hitl
208,2026-02-08 10:00,retail_1,retail,1,,,,,,,,0.0,28.0,1.0,19.97,20.752,104.0,19,hitl
209,2026-02-08 10:15,supplier_1,supplier,0,711.09,,,,,,,,,,,,,19,hitl
209,2026-02-08 10:15,farm_1,farm,1,,751.0,0.0286,,,,,,,,,,,19,hitl
209,2026-02-08 10:15,slaughterhouse_1,slaughterhouse,1,,,,112.0,398.88,,,,,,,,,19,hitl
209,2026-02-08 10:15,wholesaler_1,wholesaler,1,,,,,,4.32,45.0,,,,,,,19,hitl
209,2026-02-08 10:15,retail_1,retail,1,,,,,,,,0.0,28.0,1.0,20.22,20.752,104.0,19,hitl
210,2026-02-08 10:30,supplier_1,supplier,0,709.73,,,,,,,,,,,,,19,hitl
210,2026-02-08 10:30,farm_1,farm,1,,751.0,0.0286,,,,,,,,,,,19,hitl
210,2026-02-08 10:30,slaughterhouse_1,slaughterhouse,1,,,,112.0,400.0,,,,,,,,,19,hitl
210,2026-02-08 10:30,wholesaler_1,wholesaler,1,,,,,,1.94,45.0,,,,,,,19,hitl
210,2026-02-08 10:30,retail_1,retail,1,,,,,,,,0.0,28.0,1.0,20.47,20.752,104.0,19,hitl
211,2026-02-08 10:45,supplier_1,supplier,0,709.01,,,,,,,,,,,,,19,hitl
211,2026-02-08 10:45,farm_1,farm,1,,751.0,0.0286,,,,,,,,,,,19,hitl
211,2026-02-08 10:45,slaughterhouse_1,slaughterhouse,1,,,,112.0,400.0,,,,,,,,,19,hitl
211,2026-02-08 10:45,wholesaler_1,wholesaler,1,,,,,,0.0,45.0,,,,,,,19,hitl
211,2026-02-08 10:45,retail_1,retail,1,,,,,,,,0.0,28.0,1.0,20.72,20.752,104.0,19,hitl
212,2026-02-08 11:00,supplier_1,supplier,0,707.61,,,,,,,,,,,,,19,hitl
212,2026-02-08 11:00,farm_1,farm,1,,751.0,0.0286,,,,,,,,,,,19,hitl
212,2026-02-08 11:00,slaughterhouse_1,slaughterhouse,1,,,,112.0,400.0,,,,,,,,,19,hitl
212,2026-02-08 11:00,wholesaler_1,wholesaler,1,,,,,,0.0,45.0,,,,,,,19,hitl
212,2026-02-08 11:00,retail_1,retail,1,,,,,,,,0.0,28.0,1.0,20.97,20.752,104.0,19,hitl
213,2026-02-08 11:15,supplier_1,supplier,0,706.97,,,,,,,,,,,,,19,hitl
213,2026-02-08 11:15,farm_1,farm,1,,751.0,0.0286,,,,,,,,,,,19,hitl
213,2026-02-08 11:15,slaughterhouse_1,slaughterhouse,1,,,,112.0,400.0,,,,,,,,,19,hitl
213,2026-02-08 11:15,wholesaler_1,wholesaler,1,,,,,,0.0,45.0,,,,,,,19,hitl
213,2026-02-08 11:15,retail_1,retail,1,,,,,,,,0.0,28.0,1.0,21.22,20.752,104.0,19,hitl
214,2026-02-08 11:30,supplier_1,supplier,0,706.35,,,,,,,,,,,,,19,hitl
214,2026-02-08 11:30,farm_1,farm,1,,751.0,0.0286,,,,,,,,,,,19,hitl
214,2026-02-08 11:30,slaughterhouse_1,slaughterhouse,1,,,,112.0,400.0,,,,,,,,,19,hitl
214,2026-02-08 11:30,wholesaler_1,wholesaler,1,,,,,,0.0,45.0,,,,,,,19,hitl
214,2026-02-08 11:30,retail_1,retail,1,,,,,,,,0.0,28.0,1.0,21.47,20.752,104.0,19,hitl
215,2026-02-08 11:45,supplier_1,supplier,0,705.07,,,,,,,,,,,,,19,hitl
215,2026-02-08 11:45,farm_1,farm,1,,751.0,0.0286,,,,,,,,,,,19,hitl
215,2026-02-08 11:45,slaughterhouse_1,slaughterhouse,1,,,,112.0,400.0,,,,,,,,,19,hitl
215,2026-02-08 11:45,wholesaler_1,wholesaler,1,,,,,,0.0,45.0,,,,,,,19,hitl
215,2026-02-08 11:45,retail_1,retail,1,,,,,,,,0.0,28.0,1.0,21.72,20.752,104.0,19,hitl
216,2026-02-08 12:00,supplier_1,supplier,0,704.16,,,,,,,,,,,,,19,hitl
216,2026-02-08 12:00,farm_1,farm,0,,751.0,0.0286,,,,,,,,,,,19,hitl
216,2026-02-08 12:00,slaughterhouse_1,slaughterhouse,1,,,,112.0,395.68,,,,,,,,,19,hitl
216,2026-02-08 12:00,wholesaler_1,wholesaler,1,,,,,,0.0,22.5,,,,,,,19,hitl
216,2026-02-08 12:00,retail_1,retail,1,,,,,,,,0.0,30.8,1.0,21.97,20.752,134.0,19,hitl
217,2026-02-08 12:15,supplier_1,supplier,0,703.28,,,,,,,,,,,,,19,hitl
217,2026-02-08 12:15,farm_1,farm,0,,751.0,0.0286,,,,,,,,,,,19,hitl
217,2026-02-08 12:15,slaughterhouse_1,slaughterhouse,1,,,,112.0,398.81,,,,,,,,,19,hitl
217,2026-02-08 12:15,wholesaler_1,wholesaler,1,,,,,,4.32,22.5,,,,,,,19,hitl
217,2026-02-08 12:15,retail_1,retail,1,,,,,,,,0.0,30.8,1.0,22.22,20.752,134.0,19,hitl
218,2026-02-08 12:30,supplier_1,supplier,0,701.9,,,,,,,,,,,,,19,hitl
218,2026-02-08 12:30,farm_1,farm,0,,751.0,0.0286,,,,,,,,,,,19,hitl
218,2026-02-08 12:30,slaughterhouse_1,slaughterhouse,1,,,,112.0,400.0,,,,,,,,,19,hitl
218,2026-02-08 12:30,wholesaler_1,wholesaler,1,,,,,,2.36,22.5,,,,,,,19,hitl
218,2026-02-08 12:30,retail_1,retail,1,,,,,,,,0.0,30.8,1.0,22.47,20.752,134.0,19,hitl
219,2026-02-08 12:45,supplier_1,supplier,0,701.29,,,,,,,,,,,,,19,hitl
219,2026-02-08 12:45,farm_1,farm,0,,751.0,0.0286,,,,,,,,,,,19,hitl
219,2026-02-08 12:45,slaughterhouse_1,slaughterhouse,1,,,,112.0,400.0,,,,,,,,,19,hitl
219,2026-02-08 12:45,wholesaler_1,wholesaler,1,,,,,,0.0,22.5,,,,,,,19,hitl
219,2026-02-08 12:45,retail_1,retail,1,,,,,,,,0.0,30.8,1.0,22.72,20.752,134.0,19,hitl
220,2026-02-08 13:00,supplier_1,supplier,0,700.34,,,,,,,,,,,,,19,hitl
220,2026-02-08 13:00,farm_1,farm,0,,751.0,0.0286,,,,,,,,,,,19,hitl
220,2026-02-08 13:00,slaughterhouse_1,slaughterhouse,1,,,,112.0,400.0,,,,,,,,,19,hitl
220,2026-02-08 13:00,wholesaler_1,wholesaler,1,,,,,,0.0,22.5,,,,,,,19,hitl
220,2026-02-08 13:00,retail_1,retail,1,,,,,,,,0.0,30.8,1.0,22.97,20.752,134.0,19,hitl
221,2026-02-08 13:15,supplier_1,supplier,0,698.86,,,,,,,,,,,,,19,hitl
221,2026-02-08 13:15,farm_1,farm,0,,751.0,0.0286,,,,,,,,,,,19,hitl
221,2026-02-08 13:15,slaughterhouse_1,slaughterhouse,1,,,,112.0,400.0,,,,,,,,,19,hitl
221,2026-02-08 13:15,wholesaler_1,wholesaler,1,,,,,,0.0,22.5,,,,,,,19,hitl
221,2026-02-08 13:15,retail_1,retail,1,,,,,,,,0.0,30.8,1.0,23.22,20.752,134.0,19,hitl
222,2026-02-08 13:30,supplier_1,supplier,0,698.12,,,,,,,,,,,,,19,hitl
222,2026-02-08 13:30,farm_1,farm,0,,751.0,0.0286,,,,,,,,,,,19,hitl
222,2026-02-08 13:30,slaughterhouse_1,slaughterhouse,1,,,,112.0,400.0,,,,,,,,,19,hitl
222,2026-02-08 13:30,wholesaler_1,wholesaler,1,,,,,,0.0,22.5,,,,,,,19,hitl
222,2026-02-08 13:30,retail_1,retail,1,,,,,,,,0.0,30.8,1.0,23.47,20.752,134.0,19,hitl
223,2026-02-08 13:45,supplier_1,supplier,0,696.73,,,,,,,,,,,,,19,hitl
223,2026-02-08 13:45,farm_1,farm,0,,751.0,0.0286,,,,,,,,,,,19,hitl
223,2026-02-08 13:45,slaughterhouse_1,slaughterhouse,1,,,,112.0,400.0,,,,,,,,,19,hitl
223,2026-02-08 13:45,wholesaler_1,wholesaler,1,,,,,,0.0,22.5,,,,,,,19,hitl
223,2026-02-08 13:45,retail_1,retail,1,,,,,,,,0.0,30.8,1.0,23.72,20.752,134.0,19,hitl
224,2026-02-08 14:00,supplier_1,supplier,0,695.67,,,,,,,,,,,,,19,hitl
224,2026-02-08 14:00,farm_1,farm,0,,751.0,0.0286,,,,,,,,,,,19,hitl
224,2026-02-08 14:00,slaughterhouse_1,slaughterhouse,1,,,,112.0,395.68,,,,,,,,,19,hitl
224,2026-02-08 14:00,wholesaler_1,wholesaler,1,,,,,,0.0,22.5,,,,,,,19,hitl
224,2026-02-08 14:00,retail_1,retail,1,,,,,,,,0.0,30.8,1.0,23.97,20.752,134.0,19,hitl
225,2026-02-08 14:15,supplier_1,supplier,0,694.52,,,,,,,,,,,,,19,hitl
225,2026-02-08 14:15,farm_1,farm,0,,751.0,0.0286,,,,,,,,,,,19,hitl
225,2026-02-08 14:15,slaughterhouse_1,slaughterhouse,1,,,,112.0,398.88,,,,,,,,,19,hitl
225,2026-02-08 14:15,wholesaler_1,wholesaler,1,,,,,,4.32,22.5,,,,,,,19,hitl
225,2026-02-08 14:15,retail_1,retail,1,,,,,,,,0.0,30.8,1.0,24.22,20.752,134.0,19,hitl
226,2026-02-08 14:30,supplier_1,supplier,0,693.15,,,,,,,,,,,,,19,hitl
226,2026-02-08 14:30,farm_1,farm,0,,751.0,0.0286,,,,,,,,,,,19,hitl
226,2026-02-08 14:30,slaughterhouse_1,slaughterhouse,1,,,,112.0,400.0,,,,,,,,,19,hitl
226,2026-02-08 14:30,wholesaler_1,wholesaler,1,,,,,,1.84,22.5,,,,,,,19,hitl
226,2026-02-08 14:30,retail_1,retail,1,,,,,,,,0.0,30.8,1.0,24.47,20.752,134.0,19,hitl
227,2026-02-08 14:45,supplier_1,supplier,0,691.74,,,,,,,,,,,,,19,hitl
227,2026-02-08 14:45,farm_1,farm,0,,751.0,0.0286,,,,,,,,,,,19,hitl
227,2026-02-08 14:45,slaughterhouse_1,slaughterhouse,1,,,,112.0,400.0,,,,,,,,,19,hitl
227,2026-02-08 14:45,wholesaler_1,wholesaler,1,,,,,,0.0,22.5,,,,,,,19,hitl
227,2026-02-08 14:45,retail_1,retail,1,,,,,,,,0.0,30.8,1.0,24.72,20.752,134.0,19,hitl
228,2026-02-08 15:00,supplier_1,supplier,0,690.82,,,,,,,,,,,,,19,hitl
228,2026-02-08 15:00,farm_1,farm,0,,751.0,0.0286,,,,,,,,,,,19,hitl
228,2026-02-08 15:00,slaughterhouse_1,slaughterhouse,1,,,,112.0,400.0,,,,,,,,,19,hitl
228,2026-02-08 15:00,wholesaler_1,wholesaler,1,,,,,,0.0,22.5,,,,,,,19,hitl
228,2026-02-08 15:00,retail_1,retail,1,,,,,,,,0.0,30.8,1.0,24.97,20.752,134.0,19,hitl
229,2026-02-08 15:15,supplier_1,supplier,0,689.94,,,,,,,,,,,,,19,hitl
229,2026-02-08 15:15,farm_1,farm,0,,751.0,0.0286,,,,,,,,,,,19,hitl
229,2026-02-08 15:15,slaughterhouse_1,slaughterhouse,1,,,,112.0,400.0,,,,,,,,,19,hitl
229,2026-02-08 15:15,wholesaler_1,wholesaler,1,,,,,,0.0,22.5,,,,,,,19,hitl
229,2026-02-08 15:15,retail_1,retail,1,,,,,,,,0.0,30.8,1.0,25.22,20.752,134.0,19,hitl
230,2026-02-08 15:30,supplier_1,supplier,0,689.1,,,,,,,,,,,,,19,hitl
230,2026-02-08 15:30,farm_1,farm,0,,751.0,0.0286,,,,,,,,,,,19,hitl
230,2026-02-08 15:30,slaughterhouse_1,slaughterhouse,1,,,,112.0,400.0,,,,,,,,,19,hitl
230,2026-02-08 15:30,wholesaler_1,wholesaler,1,,,,,,0.0,22.5,,,,,,,19,hitl
230,2026-02-08 15:30,retail_1,retail,1,,,,,,,,0.0,30.8,1.0,25.47,20.752,134.0,19,hitl
231,2026-02-08 15:45,supplier_1,supplier,0,688.44,,,,,,,,,,,,,19,hitl
231,2026-02-08 15:45,farm_1,farm,0,,751.0,0.0286,,,,,,,,,,,19,hitl
231,2026-02-08 15:45,slaughterhouse_1,slaughterhouse,1,,,,112.0,400.0,,,,,,,,,19,hitl
231,2026-02-08 15:45,wholesaler_1,wholesaler,1,,,,,,0.0,22.5,,,,,,,19,hitl
231,2026-02-08 15:45,retail_1,retail,1,,,,,,,,0.0,30.8,1.0,25.72,20.752,134.0,19,hitl
232,2026-02-08 16:00,supplier_1,supplier,0,687.5,,,,,,,,,,,,,19,hitl
232,2026-02-08 16:00,farm_1,farm,0,,751.0,0.0286,,,,,,,,,,,19,hitl
232,2026-02-08 16:00,slaughterhouse_1,slaughterhouse,1,,,,112.0,395.68,,,,,,,,,19,hitl
232,2026-02-08 16:00,wholesaler_1,wholesaler,1,,,,,,0.0,22.5,,,,,,,19,hitl
232,2026-02-08 16:00,retail_1,retail,1,,,,,,,,0.0,30.8,1.0,25.97,20.752,134.0,19,hitl
233,2026-02-08 16:15,supplier_1,supplier,0,686.38,,,,,,,,,,,,,19,hitl
233,2026-02-08 16:15,farm_1,farm,0,,751.0,0.0286,,,,,,,,,,,19,hitl
233,2026-02-08 16:15,slaughterhouse_1,slaughterhouse,1,,,,112.0,398.91,,,,,,,,,19,hitl
233,2026-02-08 16:15,wholesaler_1,wholesaler,1,,,,,,4.32,22.5,,,,,,,19,hitl
233,2026-02-08 16:15,retail_1,retail,1,,,,,,,,0.0,30.8,1.0,26.22,20.752,134.0,19,hitl
234,2026-02-08 16:30,supplier_1,supplier,0,685.35,,,,,,,,,,,,,19,hitl
234,2026-02-08 16:30,farm_1,farm,0,,751.0,0.0286,,,,,,,,,,,19,hitl
234,2026-02-08 16:30,slaughterhouse_1,slaughterhouse,1,,,,112.0,400.0,,,,,,,,,19,hitl
234,2026-02-08 16:30,wholesaler_1,wholesaler,1,,,,,,1.65,22.5,,,,,,,19,hitl
234,2026-02-08 16:30,retail_1,retail,1,,,,,,,,0.0,30.8,1.0,26.47,20.752,134.0,19,hitl
235,2026-02-08 16:45,supplier_1,supplier,0,684.25,,,,,,,,,,,,,19,hitl
235,2026-02-08 16:45,farm_1,farm,0,,751.0,0.0286,,,,,,,,,,,19,hitl
235,2026-02-08 16:45,slaughterhouse_1,slaughterhouse,1,,,,112.0,400.0,,,,,,,,,19,hitl
235,2026-02-08 16:45,wholesaler_1,wholesaler,1,,,,,,0.0,22.5,,,,,,,19,hitl
235,2026-02-08 16:45,retail_1,retail,1,,,,,,,,0.0,30.8,1.0,26.72,20.752,134.0,19,hitl
236,2026-02-08 17:00,supplier_1,supplier,0,683.62,,,,,,,,,,,,,19,hitl
236,2026-02-08 17:00,farm_1,farm,0,,751.0,0.0286,,,,,,,,,,,19,hitl
236,2026-02-08 17:00,slaughterhouse_1,slaughterhouse,1,,,,112.0,400.0,,,,,,,,,19,hitl
236,2026-02-08 17:00,wholesaler_1,wholesaler,1,,,,,,0.0,22.5,,,,,,,19,hitl
236,2026-02-08 17:00,retail_1,retail,1,,,,,,,,0.0,30.8,1.0,26.97,20.752,134.0,19,hitl
237,2026-02-08 17:15,supplier_1,supplier,0,682.53,,,,,,,,,,,,,19,hitl
237,2026-02-08 17:15,farm_1,farm,0,,751.0,0.0286,,,,,,,,,,,19,hitl
237,2026-02-08 17:15,slaughterhouse_1,slaughterhouse,1,,,,112.0,400.0,,,,,,,,,19,hitl
237,2026-02-08 17:15,wholesaler_1,wholesaler,1,,,,,,0.0,22.5,,,,,,,19,hitl
237,2026-02-08 17:15,retail_1,retail,1,,,,,,,,0.0,30.8,1.0,27.22,20.752,134.0,19,hitl
238,2026-02-08 17:30,supplier_1,supplier,0,681.97,,,,,,,,,,,,,19,hitl
238,2026-02-08 17:30,farm_1,farm,0,,751.0,0.0286,,,,,,,,,,,19,hitl
238,2026-02-08 17:30,slaughterhouse_1,slaughterhouse,1,,,,112.0,400.0,,,,,,,,,19,hitl
238,2026-02-08 17:30,wholesaler_1,wholesaler,1,,,,,,0.0,22.5,,,,,,,19,hitl
238,2026-02-08 17:30,retail_1,retail,1,,,,,,,,0.0,30.8,1.0,27.47,20.752,134.0,19,hitl
239,2026-02-08 17:45,supplier_1,supplier,0,680.81,,,,,,,,,,,,,19,hitl
239,2026-02-08 17:45,farm_1,farm,0,,751.0,0.0286,,,,,,,,,,,19,hitl
239,2026-02-08 17:45,slaughterhouse_1,slaughterhouse,1,,,,112.0,400.0,,,,,,,,,19,hitl
239,2026-02-08 17:45,wholesaler_1,wholesaler,1,,,,,,0.0,22.5,,,,,,,19,hitl
239,2026-02-08 17:45,retail_1,retail,1,,,,,,,,0.0,30.8,1.0,27.72,20.752,134.0,19,hitl
240,2026-02-08 18:00,supplier_1,supplier,0,679.63,,,,,,,,,,,,,19,hitl
240,2026-02-08 18:00,farm_1,farm,0,,751.0,0.0286,,,,,,,,,,,19,hitl
240,2026-02-08 18:00,slaughterhouse_1,slaughterhouse,1,,,,112.0,395.68,,,,,,,,,19,hitl
240,2026-02-08 18:00,wholesaler_1,wholesaler,1,,,,,,0.0,22.5,,,,,,,19,hitl
240,2026-02-08 18:00,retail_1,retail,1,,,,,,,,0.0,30.8,1.0,27.97,20.752,134.0,19,hitl
241,2026-02-08 18:15,supplier_1,supplier,0,678.89,,,,,,,,,,,,,19,hitl
241,2026-02-08 18:15,farm_1,farm,0,,751.0,0.0286,,,,,,,,,,,19,hitl
241,2026-02-08 18:15,slaughterhouse_1,slaughterhouse,1,,,,112.0,398.83,,,,,,,,,19,hitl
241,2026-02-08 18:15,wholesaler_1,wholesaler,1,,,,,,4.32,22.5,,,,,,,19,hitl
241,2026-02-08 18:15,retail_1,retail,1,,,,,,,,0.0,30.8,1.0,28.22,20.752,134.0,19,hitl
242,2026-02-08 18:30,supplier_1,supplier,0,678.03,,,,,,,,,,,,,19,hitl
242,2026-02-08 18:30,farm_1,farm,0,,751.0,0.0286,,,,,,,,,,,19,hitl
242,2026-02-08 18:30,slaughterhouse_1,slaughterhouse,1,,,,112.0,400.0,,,,,,,,,19,hitl
242,2026-02-08 18:30,wholesaler_1,wholesaler,1,,,,,,2.32,22.5,,,,,,,19,hitl
242,2026-02-08 18:30,retail_1,retail,1,,,,,,,,0.0,30.8,1.0,28.47,20.752,134.0,19,hitl
243,2026-02-08 18:45,supplier_1,supplier,0,677.17,,,,,,,,,,,,,19,hitl
243,2026-02-08 18:45,farm_1,farm,0,,751.0,0.0286,,,,,,,,,,,19,hitl
243,2026-02-08 18:45,slaughterhouse_1,slaughterhouse,1,,,,112.0,400.0,,,,,,,,,19,hitl
243,2026-02-08 18:45,wholesaler_1,wholesaler,1,,,,,,0.0,22.5,,,,,,,19,hitl
243,2026-02-08 18:45,retail_1,retail,1,,,,,,,,0.0,30.8,1.0,28.72,20.752,134.0,19,hitl
244,2026-02-08 19:00,supplier_1,supplier,0,676.38,,,,,,,,,,,,,19,hitl
244,2026-02-08 19:00,farm_1,farm,0,,751.0,0.0286,,,,,,,,,,,19,hitl
244,2026-02-08 19:00,slaughterhouse_1,slaughterhouse,1,,,,112.0,400.0,,,,,,,,,19,hitl
244,2026-02-08 19:00,wholesaler_1,wholesaler,1,,,,,,0.0,22.5,,,,,,,19,hitl
244,2026-02-08 19:00,retail_1,retail,1,,,,,,,,0.0,30.8,1.0,28.97,20.752,134.0,19,hitl
245,2026-02-08 19:15,supplier_1,supplier,0,675.28,,,,,,,,,,,,,19,hitl
245,2026-02-08 19:15,farm_1,farm,0,,751.0,0.0286,,,,,,,,,,,19,hitl
245,2026-02-08 19:15,slaughterhouse_1,slaughterhouse,1,,,,112.0,400.0,,,,,,,,,19,hitl
245,2026-02-08 19:15,wholesaler_1,wholesaler,1,,,,,,0.0,22.5,,,,,,,19,hitl
245,2026-02-08 19:15,retail_1,retail,1,,,,,,,,0.0,30.8,1.0,29.22,20.752,134.0,19,hitl
246,2026-02-08 19:30,supplier_1,supplier,0,673.78,,,,,,,,,,,,,19,hitl
246,2026-02-08 19:30,farm_1,farm,0,,751.0,0.0286,,,,,,,,,,,19,hitl
246,2026-02-08 19:30,slaughterhouse_1,slaughterhouse,1,,,,112.0,400.0,,,,,,,,,19,hitl
246,2026-02-08 19:30,wholesaler_1,wholesaler,1,,,,,,0.0,22.5,,,,,,,19,hitl
246,2026-02-08 19:30,retail_1,retail,1,,,,,,,,0.0,30.8,1.0,29.47,20.752,134.0,19,hitl
247,2026-02-08 19:45,supplier_1,supplier,0,673.14,,,,,,,,,,,,,19,hitl
247,2026-02-08 19:45,farm_1,farm,0,,751.0,0.0286,,,,,,,,,,,19,hitl
247,2026-02-08 19:45,slaughterhouse_1,slaughterhouse,1,,,,112.0,400.0,,,,,,,,,19,hitl
247,2026-02-08 19:45,wholesaler_1,wholesaler,1,,,,,,0.0,22.5,,,,,,,19,hitl
247,2026-02-08 19:45,retail_1,retail,1,,,,,,,,0.0,30.8,1.0,29.72,20.752,134.0,19,hitl
248,2026-02-08 20:00,supplier_1,supplier,0,671.8,,,,,,,,,,,,,19,hitl
248,2026-02-08 20:00,farm_1,farm,0,,751.0,0.0286,,,,,,,,,,,19,hitl
248,2026-02-08 20:00,slaughterhouse_1,slaughterhouse,1,,,,112.0,395.68,,,,,,,,,19,hitl
248,2026-02-08 20:00,wholesaler_1,wholesaler,1,,,,,,0.0,22.5,,,,,,,19,hitl
248,2026-02-08 20:00,retail_1,retail,1,,,,,,,,0.0,30.8,1.0,29.97,20.752,134.0,19,hitl
249,2026-02-08 20:15,supplier_1,supplier,0,670.31,,,,,,,,,,,,,19,hitl
249,2026-02-08 20:15,farm_1,farm,0,,751.0,0.0286,,,,,,,,,,,19,hitl
249,2026-02-08 20:15,slaughterhouse_1,slaughterhouse,1,,,,112.0,399.0,,,,,,,,,19,hitl
249,2026-02-08 20:15,wholesaler_1,wholesaler,1,,,,,,4.32,22.5,,,,,,,19,hitl
249,2026-02-08 20:15,retail_1,retail,1,,,,,,,,0.0,30.8,1.0,30.22,20.752,134.0,19,hitl
250,2026-02-08 20:30,supplier_1,supplier,0,669.26,,,,,,,,,,,,,19,hitl
250,2026-02-08 20:30,farm_1,farm,0,,751.0,0.0286,,,,,,,,,,,19,hitl
250,2026-02-08 20:30,slaughterhouse_1,slaughterhouse,1,,,,112.0,400.0,,,,,,,,,19,hitl
250,2026-02-08 20:30,wholesaler_1,wholesaler,1,,,,,,1.97,22.5,,,,,,,19,hitl
250,2026-02-08 20:30,retail_1,retail,1,,,,,,,,0.0,30.8,1.0,30.47,20.752,134.0,19,hitl
251,2026-02-08 20:45,supplier_1,supplier,0,668.25,,,,,,,,,,,,,19,hitl
251,2026-02-08 20:45,farm_1,farm,0,,751.0,0.0286,,,,,,,,,,,19,hitl
251,2026-02-08 20:45,slaughterhouse_1,slaughterhouse,1,,,,112.0,400.0,,,,,,,,,19,hitl
251,2026-02-08 20:45,wholesaler_1,wholesaler,1,,,,,,0.0,22.5,,,,,,,19,hitl
251,2026-02-08 20:45,retail_1,retail,1,,,,,,,,0.0,30.8,1.0,30.72,20.752,134.0,19,hitl
252,2026-02-08 21:00,supplier_1,supplier,0,667.74,,,,,,,,,,,,,19,hitl
252,2026-02-08 21:00,farm_1,farm,1,,751.0,0.0286,,,,,,,,,,,19,hitl
252,2026-02-08 21:00,slaughterhouse_1,slaughterhouse,1,,,,112.0,400.0,,,,,,,,,19,hitl
252,2026-02-08 21:00,wholesaler_1,wholesaler,1,,,,,,0.0,22.5,,,,,,,19,hitl
252,2026-02-08 21:00,retail_1,retail,1,,,,,,,,0.0,30.8,1.0,30.97,20.752,134.0,19,hitl
253,2026-02-08 21:15,supplier_1,supplier,0,666.41,,,,,,,,,,,,,19,hitl
253,2026-02-08 21:15,farm_1,farm,1,,751.0,0.0286,,,,,,,,,,,19,hitl
253,2026-02-08 21:15,slaughterhouse_1,slaughterhouse,1,,,,112.0,400.0,,,,,,,,,19,hitl
253,2026-02-08 21:15,wholesaler_1,wholesaler,1,,,,,,0.0,22.5,,,,,,,19,hitl
253,2026-02-08 21:15,retail_1,retail,1,,,,,,,,0.0,30.8,1.0,31.22,20.752,134.0,19,hitl
254,2026-02-08 21:30,supplier_1,supplier,0,665.03,,,,,,,,,,,,,19,hitl
254,2026-02-08 21:30,farm_1,farm,1,,751.0,0.0286,,,,,,,,,,,19,hitl
254,2026-02-08 21:30,slaughterhouse_1,slaughterhouse,1,,,,112.0,400.0,,,,,,,,,19,hitl
254,2026-02-08 21:30,wholesaler_1,wholesaler,1,,,,,,0.0,22.5,,,,,,,19,hitl
254,2026-02-08 21:30,retail_1,retail,1,,,,,,,,0.0,30.8,1.0,31.47,20.752,134.0,19,hitl
255,2026-02-08 21:45,supplier_1,supplier,0,663.95,,,,,,,,,,,,,19,hitl
255,2026-02-08 21:45,farm_1,farm,1,,751.0,0.0286,,,,,,,,,,,19,hitl
255,2026-02-08 21:45,slaughterhouse_1,slaughterhouse,1,,,,112.0,400.0,,,,,,,,,19,hitl
255,2026-02-08 21:45,wholesaler_1,wholesaler,1,,,,,,0.0,22.5,,,,,,,19,hitl
255,2026-02-08 21:45,retail_1,retail,1,,,,,,,,0.0,30.8,1.0,31.72,20.752,134.0,19,hitl
256,2026-02-08 22:00,supplier_1,supplier,0,663.15,,,,,,,,,,,,,19,hitl
256,2026-02-08 22:00,farm_1,farm,1,,751.0,0.0286,,,,,,,,,,,19,hitl
256,2026-02-08 22:00,slaughterhouse_1,slaughterhouse,1,,,,112.0,395.68,,,,,,,,,19,hitl
256,2026-02-08 22:00,wholesaler_1,wholesaler,1,,,,,,0.0,22.5,,,,,,,19,hitl
256,2026-02-08 22:00,retail_1,retail,1,,,,,,,,0.0,30.8,1.0,31.97,20.752,134.0,19,hitl
257,2026-02-08 22:15,supplier_1,supplier,0,661.74,,,,,,,,,,,,,19,hitl
257,2026-02-08 22:15,farm_1,farm,1,,751.0,0.0286,,,,,,,,,,,19,hitl
257,2026-02-08 22:15,slaughterhouse_1,slaughterhouse,1,,,,112.0,398.94,,,,,,,,,19,hitl
257,2026-02-08 22:15,wholesaler_1,wholesaler,1,,,,,,4.32,22.5,,,,,,,19,hitl
257,2026-02-08 22:15,retail_1,retail,1,,,,,,,,0.0,30.8,1.0,32.22,20.752,134.0,19,hitl
258,2026-02-08 22:30,supplier_1,supplier,0,660.35,,,,,,,,,,,,,19,hitl
258,2026-02-08 22:30,farm_1,farm,1,,751.0,0.0286,,,,,,,,,,,19,hitl
258,2026-02-08 22:30,slaughterhouse_1,slaughterhouse,1,,,,112.0,400.0,,,,,,,,,19,hitl
258,2026-02-08 22:30,wholesaler_1,wholesaler,1,,,,,,2.59,22.5,,,,,,,19,hitl
258,2026-02-08 22:30,retail_1,retail,1,,,,,,,,0.0,30.8,1.0,32.47,20.752,134.0,19,hitl
259,2026-02-08 22:45,supplier_1,supplier,0,659.77,,,,,,,,,,,,,19,hitl
259,2026-02-08 22:45,farm_1,farm,1,,751.0,0.0286,,,,,,,,,,,19,hitl
259,2026-02-08 22:45,slaughterhouse_1,slaughterhouse,1,,,,112.0,400.0,,,,,,,,,19,hitl
259,2026-02-08 22:45,wholesaler_1,wholesaler,1,,,,,,0.0,22.5,,,,,,,19,hitl
259,2026-02-08 22:45,retail_1,retail,1,,,,,,,,0.0,30.8,1.0,32.72,20.752,134.0,19,hitl
260,2026-02-08 23:00,supplier_1,supplier,0,658.65,,,,,,,,,,,,,19,hitl
260,2026-02-08 23:00,farm_1,farm,1,,751.0,0.0286,,,,,,,,,,,19,hitl
260,2026-02-08 23:00,slaughterhouse_1,slaughterhouse,1,,,,112.0,400.0,,,,,,,,,19,hitl
260,2026-02-08 23:00,wholesaler_1,wholesaler,1,,,,,,0.0,22.5,,,,,,,19,hitl
260,2026-02-08 23:00,retail_1,retail,1,,,,,,,,0.0,30.8,1.0,32.97,20.752,134.0,19,hitl
261,2026-02-08 23:15,supplier_1,supplier,0,657.66,,,,,,,,,,,,,19,hitl
261,2026-02-08 23:15,farm_1,farm,1,,751.0,0.0286,,,,,,,,,,,19,hitl
261,2026-02-08 23:15,slaughterhouse_1,slaughterhouse,1,,,,112.0,400.0,,,,,,,,,19,hitl
261,2026-02-08 23:15,wholesaler_1,wholesaler,1,,,,,,0.0,22.5,,,,,,,19,hitl
261,2026-02-08 23:15,retail_1,retail,1,,,,,,,,0.0,30.8,1.0,33.22,20.752,134.0,19,hitl
262,2026-02-08 23:30,supplier_1,supplier,0,656.91,,,,,,,,,,,,,19,hitl
262,2026-02-08 23:30,farm_1,farm,1,,751.0,0.0286,,,,,,,,,,,19,hitl
262,2026-02-08 23:30,slaughterhouse_1,slaughterhouse,1,,,,112.0,400.0,,,,,,,,,19,hitl
262,2026-02-08 23:30,wholesaler_1,wholesaler,1,,,,,,0.0,22.5,,,,,,,19,hitl
262,2026-02-08 23:30,retail_1,retail,1,,,,,,,,0.0,30.8,1.0,33.47,20.752,134.0,19,hitl
263,2026-02-08 23:45,supplier_1,supplier,0,656.19,,,,,,,,,,,,,19,hitl
263,2026-02-08 23:45,farm_1,farm,1,,751.0,0.0286,,,,,,,,,,,19,hitl
263,2026-02-08 23:45,slaughterhouse_1,slaughterhouse,1,,,,112.0,400.0,,,,,,,,,19,hitl
263,2026-02-08 23:45,wholesaler_1,wholesaler,1,,,,,,0.0,22.5,,,,,,,19,hitl
263,2026-02-08 23:45,retail_1,retail,1,,,,,,,,0.0,30.8,1.0,33.72,20.752,134.0,19,hitl
264,2026-02-09 00:00,supplier_1,supplier,0,655.11,,,,,,,,,,,,,19,hitl
264,2026-02-09 00:00,farm_1,farm,1,,751.0,0.0286,,,,,,,,,,,19,hitl
264,2026-02-09 00:00,slaughterhouse_1,slaughterhouse,1,,,,112.0,395.68,,,,,,,,,19,hitl
264,2026-02-09 00:00,wholesaler_1,wholesaler,1,,,,,,0.0,22.5,,,,,,,19,hitl
264,2026-02-09 00:00,retail_1,retail,1,,,,,,,,0.0,30.8,1.0,33.97,20.752,134.0,19,hitl
265,2026-02-09 00:15,supplier_1,supplier,0,653.98,,,,,,,,,,,,,19,hitl
265,2026-02-09 00:15,farm_1,farm,1,,751.0,0.0286,,,,,,,,,,,19,hitl
265,2026-02-09 00:15,slaughterhouse_1,slaughterhouse,1,,,,112.0,399.04,,,,,,,,,19,hitl
265,2026-02-09 00:15,wholesaler_1,wholesaler,1,,,,,,4.32,22.5,,,,,,,19,hitl
265,2026-02-09 00:15,retail_1,retail,1,,,,,,,,0.0,30.8,1.0,34.22,20.752,134.0,19,hitl
266,2026-02-09 00:30,supplier_1,supplier,0,652.49,,,,,,,,,,,,,19,hitl
266,2026-02-09 00:30,farm_1,farm,1,,751.0,0.0286,,,,,,,,,,,19,hitl
266,2026-02-09 00:30,slaughterhouse_1,slaughterhouse,1,,,,112.0,400.0,,,,,,,,,19,hitl
266,2026-02-09 00:30,wholesaler_1,wholesaler,1,,,,,,2.46,22.5,,,,,,,19,hitl
266,2026-02-09 00:30,retail_1,retail,1,,,,,,,,0.0,30.8,1.0,34.47,20.752,134.0,19,hitl
267,2026-02-09 00:45,supplier_1,supplier,0,651.5,,,,,,,,,,,,,19,hitl
267,2026-02-09 00:45,farm_1,farm,1,,751.0,0.0286,,,,,,,,,,,19,hitl
267,2026-02-09 00:45,slaughterhouse_1,slaughterhouse,1,,,,112.0,400.0,,,,,,,,,19,hitl
267,2026-02-09 00:45,wholesaler_1,wholesaler,1,,,,,,0.23,22.5,,,,,,,19,hitl
267,2026-02-09 00:45,retail_1,retail,1,,,,,,,,0.0,30.8,1.0,34.72,20.752,134.0,19,hitl
268,2026-02-09 01:00,supplier_1,supplier,0,650.73,,,,,,,,,,,,,19,hitl
268,2026-02-09 01:00,farm_1,farm,1,,751.0,0.0286,,,,,,,,,,,19,hitl
268,2026-02-09 01:00,slaughterhouse_1,slaughterhouse,1,,,,112.0,400.0,,,,,,,,,19,hitl
268,2026-02-09 01:00,wholesaler_1,wholesaler,1,,,,,,0.0,22.5,,,,,,,19,hitl
268,2026-02-09 01:00,retail_1,retail,1,,,,,,,,0.0,30.8,1.0,34.97,20.752,134.0,19,hitl
269,2026-02-09 01:15,supplier_1,supplier,0,649.71,,,,,,,,,,,,,19,hitl
269,2026-02-09 01:15,farm_1,farm,1,,751.0,0.0286,,,,,,,,,,,19,hitl
269,2026-02-09 01:15,slaughterhouse_1,slaughterhouse,1,,,,112.0,400.0,,,,,,,,,19,hitl
269,2026-02-09 01:15,wholesaler_1,wholesaler,1,,,,,,0.0,22.5,,,,,,,19,hitl
269,2026-02-09 01:15,retail_1,retail,1,,,,,,,,0.0,30.8,1.0,35.22,20.752,134.0,19,hitl
270,2026-02-09 01:30,supplier_1,supplier,0,648.68,,,,,,,,,,,,,19,hitl
270,2026-02-09 01:30,farm_1,farm,1,,751.0,0.0286,,,,,,,,,,,19,hitl
270,2026-02-09 01:30,slaughterhouse_1,slaughterhouse,1,,,,112.0,400.0,,,,,,,,,19,hitl
270,2026-02-09 01:30,wholesaler_1,wholesaler,1,,,,,,0.0,22.5,,,,,,,19,hitl
270,2026-02-09 01:30,retail_1,retail,1,,,,,,,,0.0,30.8,1.0,35.47,20.752,134.0,19,hitl
271,2026-02-09 01:45,supplier_1,supplier,0,647.42,,,,,,,,,,,,,19,hitl
271,2026-02-09 01:45,farm_1,farm,1,,751.0,0.0286,,,,,,,,,,,19,hitl
271,2026-02-09 01:45,slaughterhouse_1,slaughterhouse,1,,,,112.0,400.0,,,,,,,,,19,hitl
271,2026-02-09 01:45,wholesaler_1,wholesaler,1,,,,,,0.0,22.5,,,,,,,19,hitl
271,2026-02-09 01:45,retail_1,retail,1,,,,,,,,0.0,30.8,1.0,35.72,20.752,134.0,19,hitl
272,2026-02-09 02:00,supplier_1,supplier,0,646.86,,,,,,,,,,,,,19,hitl
272,2026-02-09 02:00,farm_1,farm,1,,751.0,0.0286,,,,,,,,,,,19,hitl
272,2026-02-09 02:00,slaughterhouse_1,slaughterhouse,1,,,,112.0,395.68,,,,,,,,,19,hitl
272,2026-02-09 02:00,wholesaler_1,wholesaler,1,,,,,,0.0,22.5,,,,,,,19,hitl
272,2026-02-09 02:00,retail_1,retail,1,,,,,,,,0.0,30.8,1.0,35.97,20.752,134.0,19,hitl
273,2026-02-09 02:15,supplier_1,supplier,0,645.44,,,,,,,,,,,,,19,hitl
273,2026-02-09 02:15,farm_1,farm,1,,751.0,0.0286,,,,,,,,,,,19,hitl
273,2026-02-09 02:15,slaughterhouse_1,slaughterhouse,1,,,,112.0,398.6,,,,,,,,,19,hitl
273,2026-02-09 02:15,wholesaler_1,wholesaler,1,,,,,,4.32,22.5,,,,,,,19,hitl
273,2026-02-09 02:15,retail_1,retail,1,,,,,,,,0.0,30.8,1.0,36.22,20.752,134.0,19,hitl
274,2026-02-09 02:30,supplier_1,supplier,0,644.04,,,,,,,,,,,,,19,hitl
274,2026-02-09 02:30,farm_1,farm,1,,751.0,0.0286,,,,,,,,,,,19,hitl
274,2026-02-09 02:30,slaughterhouse_1,slaughterhouse,1,,,,112.0,400.0,,,,,,,,,19,hitl
274,2026-02-09 02:30,wholesaler_1,wholesaler,1,,,,,,2.31,22.5,,,,,,,19,hitl
274,2026-02-09 02:30,retail_1,retail,1,,,,,,,,0.0,30.8,1.0,36.47,20.752,134.0,19,hitl
275,2026-02-09 02:45,supplier_1,supplier,0,642.65,,,,,,,,,,,,,19,hitl
275,2026-02-09 02:45,farm_1,farm,1,,751.0,0.0286,,,,,,,,,,,19,hitl
275,2026-02-09 02:45,slaughterhouse_1,slaughterhouse,1,,,,112.0,400.0,,,,,,,,,19,hitl
275,2026-02-09 02:45,wholesaler_1,wholesaler,1,,,,,,0.12,22.5,,,,,,,19,hitl
275,2026-02-09 02:45,retail_1,retail,1,,,,,,,,0.0,30.8,1.0,36.72,20.752,134.0,19,hitl
276,2026-02-09 03:00,supplier_1,supplier,0,641.16,,,,,,,,,,,,,19,hitl
276,2026-02-09 03:00,farm_1,farm,1,,751.0,0.0286,,,,,,,,,,,19,hitl
276,2026-02-09 03:00,slaughterhouse_1,slaughterhouse,1,,,,112.0,400.0,,,,,,,,,19,hitl
276,2026-02-09 03:00,wholesaler_1,wholesaler,1,,,,,,0.0,22.5,,,,,,,19,hitl
276,2026-02-09 03:00,retail_1,retail,1,,,,,,,,0.0,30.8,1.0,36.97,20.752,134.0,19,hitl
277,2026-02-09 03:15,supplier_1,supplier,0,639.86,,,,,,,,,,,,,19,hitl
277,2026-02-09 03:15,farm_1,farm,1,,751.0,0.0286,,,,,,,,,,,19,hitl
277,2026-02-09 03:15,slaughterhouse_1,slaughterhouse,1,,,,112.0,400.0,,,,,,,,,19,hitl
277,2026-02-09 03:15,wholesaler_1,wholesaler,1,,,,,,0.0,22.5,,,,,,,19,hitl
277,2026-02-09 03:15,retail_1,retail,1,,,,,,,,0.0,30.8,1.0,37.22,20.752,134.0,19,hitl
278,2026-02-09 03:30,supplier_1,supplier,0,639.17,,,,,,,,,,,,,19,hitl
278,2026-02-09 03:30,farm_1,farm,1,,751.0,0.0286,,,,,,,,,,,19,hitl
278,2026-02-09 03:30,slaughterhouse_1,slaughterhouse,1,,,,112.0,400.0,,,,,,,,,19,hitl
278,2026-02-09 03:30,wholesaler_1,wholesaler,0,,,,,,160.02,16.0,,,,,,,19,hitl
278,2026-02-09 03:30,retail_1,retail,1,,,,,,,,0.0,30.8,1.0,37.47,20.752,134.0,19,hitl
279,2026-02-09 03:45,supplier_1,supplier,0,637.82,,,,,,,,,,,,,19,hitl
279,2026-02-09 03:45,farm_1,farm,1,,751.0,0.0286,,,,,,,,,,,19,hitl
279,2026-02-09 03:45,slaughterhouse_1,slaughterhouse,1,,,,112.0,400.0,,,,,,,,,19,hitl
279,2026-02-09 03:45,wholesaler_1,wholesaler,0,,,,,,158.28,16.0,,,,,,,19,hitl
279,2026-02-09 03:45,retail_1,retail,1,,,,,,,,0.0,30.8,1.0,37.72,20.752,134.0,19,hitl
280,2026-02-09 04:00,supplier_1,supplier,0,637.27,,,,,,,,,,,,,19,hitl
280,2026-02-09 04:00,farm_1,farm,1,,751.0,0.0286,,,,,,,,,,,19,hitl
280,2026-02-09 04:00,slaughterhouse_1,slaughterhouse,1,,,,112.0,395.68,,,,,,,,,19,hitl
280,2026-02-09 04:00,wholesaler_1,wholesaler,0,,,,,,147.09,16.0,,,,,,,19,hitl
280,2026-02-09 04:00,retail_1,retail,1,,,,,,,,0.0,30.8,1.0,37.97,20.752,134.0,19,hitl
281,2026-02-09 04:15,supplier_1,supplier,0,635.89,,,,,,,,,,,,,19,hitl
281,2026-02-09 04:15,farm_1,farm,1,,751.0,0.0286,,,,,,,,,,,19,hitl
281,2026-02-09 04:15,slaughterhouse_1,slaughterhouse,1,,,,112.0,398.88,,,,,,,,,19,hitl
281,2026-02-09 04:15,wholesaler_1,wholesaler,0,,,,,,149.05,16.0,,,,,,,19,hitl
281,2026-02-09 04:15,retail_1,retail,1,,,,,,,,8.48,30.8,1.0,38.22,20.752,134.0,19,hitl
282,2026-02-09 04:30,supplier_1,supplier,0,634.85,,,,,,,,,,,,,19,hitl
282,2026-02-09 04:30,farm_1,farm,1,,751.0,0.0286,,,,,,,,,,,19,hitl
282,2026-02-09 04:30,slaughterhouse_1,slaughterhouse,1,,,,112.0,400.0,,,,,,,,,19,hitl
282,2026-02-09 04:30,wholesaler_1,wholesaler,0,,,,,,146.1,16.0,,,,,,,19,hitl
282,2026-02-09 04:30,retail_1,retail,1,,,,,,,,3.08,30.8,0.0,38.47,20.752,134.0,19,hitl
283,2026-02-09 04:45,supplier_1,supplier,0,633.66,,,,,,,,,,,,,19,hitl
283,2026-02-09 04:45,farm_1,farm,1,,751.0,0.0286,,,,,,,,,,,19,hitl
283,2026-02-09 04:45,slaughterhouse_1,slaughterhouse,1,,,,112.0,400.0,,,,,,,,,19,hitl
283,2026-02-09 04:45,wholesaler_1,wholesaler,0,,,,,,143.77,16.0,,,,,,,19,hitl
283,2026-02-09 04:45,retail_1,retail,1,,,,,,,,0.0,30.8,1.0,38.72,20.752,134.0,19,hitl
284,2026-02-09 05:00,supplier_1,supplier,0,632.51,,,,,,,,,,,,,19,hitl
284,2026-02-09 05:00,farm_1,farm,1,,751.0,0.0286,,,,,,,,,,,19,hitl
284,2026-02-09 05:00,slaughterhouse_1,slaughterhouse,1,,,,112.0,400.0,,,,,,,,,19,hitl
284,2026-02-09 05:00,wholesaler_1,wholesaler,0,,,,,,133.26,16.0,,,,,,,19,hitl
284,2026-02-09 05:00,retail_1,retail,1,,,,,,,,0.0,30.8,1.0,38.97,20.752,134.0,19,hitl
285,2026-02-09 05:15,supplier_1,supplier,0,631.53,,,,,,,,,,,,,19,hitl
285,2026-02-09 05:15,farm_1,farm,1,,751.0,0.0286,,,,,,,,,,,19,hitl
285,2026-02-09 05:15,slaughterhouse_1,slaughterhouse,1,,,,112.0,400.0,,,,,,,,,19,hitl
285,2026-02-09 05:15,wholesaler_1,wholesaler,0,,,,,,131.12,16.0,,,,,,,19,hitl
285,2026-02-09 05:15,retail_1,retail,1,,,,,,,,8.48,30.8,1.0,39.22,20.752,134.0,19,hitl
286,2026-02-09 05:30,supplier_1,supplier,0,630.87,,,,,,,,,,,,,19,hitl
286,2026-02-09 05:30,farm_1,farm,1,,751.0,0.0286,,,,,,,,,,,19,hitl
286,2026-02-09 05:30,slaughterhouse_1,slaughterhouse,1,,,,112.0,400.0,,,,,,,,,19,hitl
286,2026-02-09 05:30,wholesaler_1,wholesaler,0,,,,,,128.46,16.0,,,,,,,19,hitl
286,2026-02-09 05:30,retail_1,retail,1,,,,,,,,3.01,30.8,0.0,39.47,20.752,134.0,19,hitl
287,2026-02-09 05:45,supplier_1,supplier,0,630.35,,,,,,,,,,,,,19,hitl
287,2026-02-09 05:45,farm_1,farm,1,,751.0,0.0286,,,,,,,,,,,19,hitl
287,2026-02-09 05:45,slaughterhouse_1,slaughterhouse,1,,,,112.0,400.0,,,,,,,,,19,hitl
287,2026-02-09 05:45,wholesaler_1,wholesaler,0,,,,,,126.34,16.0,,,,,,,19,hitl
287,2026-02-09 05:45,retail_1,retail,1,,,,,,,,0.0,30.8,1.0,39.72,20.752,134.0,19,hitl
288,2026-02-09 06:00,supplier_1,supplier,0,629.42,,,,,,,,,,,,,19,hitl
288,2026-02-09 06:00,farm_1,farm,0,,751.0,0.0286,,,,,,,,,,,19,hitl
288,2026-02-09 06:00,slaughterhouse_1,slaughterhouse,1,,,,112.0,395.68,,,,,,,,,19,hitl
288,2026-02-09 06:00,wholesaler_1,wholesaler,0,,,,,,115.82,8.0,,,,,,,19,hitl
288,2026-02-09 06:00,retail_1,retail,1,,,,,,,,0.0,33.4057,1.0,39.97,20.752,159.3713,19,hitl
289,2026-02-09 06:15,supplier_1,supplier,0,628.57,,,,,,,,,,,,,19,hitl
289,2026-02-09 06:15,farm_1,farm,0,,751.0,0.0286,,,,,,,,,,,19,hitl
289,2026-02-09 06:15,slaughterhouse_1,slaughterhouse,1,,,,112.0,398.8,,,,,,,,,19,hitl
289,2026-02-09 06:15,wholesaler_1,wholesaler,0,,,,,,118.3,8.0,,,,,,,19,hitl
289,2026-02-09 06:15,retail_1,retail,1,,,,,,,,8.48,33.4057,1.0,40.22,20.752,159.3713,19,hitl
290,2026-02-09 06:30,supplier_1,supplier,0,627.08,,,,,,,,,,,,,19,hitl
290,2026-02-09 06:30,farm_1,farm,0,,751.0,0.0286,,,,,,,,,,,19,hitl
290,2026-02-09 06:30,slaughterhouse_1,slaughterhouse,1,,,,112.0,400.0,,,,,,,,,19,hitl
290,2026-02-09 06:30,wholesaler_1,wholesaler,0,,,,,,115.52,8.0,,,,,,,19,hitl
290,2026-02-09 06:30,retail_1,retail,1,,,,,,,,3.22,33.4057,0.0,40.47,20.752,159.3713,19,hitl
291,2026-02-09 06:45,supplier_1,supplier,0,626.05,,,,,,,,,,,,,19,hitl
291,2026-02-09 06:45,farm_1,farm,0,,751.0,0.0286,,,,,,,,,,,19,hitl
291,2026-02-09 06:45,slaughterhouse_1,slaughterhouse,1,,,,112.0,400.0,,,,,,,,,19,hitl
291,2026-02-09 06:45,wholesaler_1,wholesaler,0,,,,,,112.97,8.0,,,,,,,19,hitl
291,2026-02-09 06:45,retail_1,retail,1,,,,,,,,0.0,33.4057,1.0,40.72,20.752,159.3713,19,hitl
292,2026-02-09 07:00,supplier_1,supplier,0,625.37,,,,,,,,,,,,,19,hitl
292,2026-02-09 07:00,farm_1,farm,0,,751.0,0.0286,,,,,,,,,,,19,hitl
292,2026-02-09 07:00,slaughterhouse_1,slaughterhouse,1,,,,112.0,400.0,,,,,,,,,19,hitl
292,2026-02-09 07:00,wholesaler_1,wholesaler,0,,,,,,99.56,8.0,,,,,,,19,hitl
292,2026-02-09 07:00,retail_1,retail,1,,,,,,,,0.0,33.4057,1.0,40.97,20.752,159.3713,19,hitl
293,2026-02-09 07:15,supplier_1,supplier,0,624.48,,,,,,,,,,,,,19,hitl
293,2026-02-09 07:15,farm_1,farm,0,,751.0,0.0286,,,,,,,,,,,19,hitl
293,2026-02-09 07:15,slaughterhouse_1,slaughterhouse,1,,,,112.0,400.0,,,,,,,,,19,hitl
293,2026-02-09 07:15,wholesaler_1,wholesaler,0,,,,,,97.91,8.0,,,,,,,19,hitl
293,2026-02-09 07:15,retail_1,retail,1,,,,,,,,11.55,33.4057,1.0,41.22,20.752,159.3713,19,hitl
294,2026-02-09 07:30,supplier_1,supplier,0,623.69,,,,,,,,,,,,,19,hitl
294,2026-02-09 07:30,farm_1,farm,0,,751.0,0.0286,,,,,,,,,,,19,hitl
294,2026-02-09 07:30,slaughterhouse_1,slaughterhouse,1,,,,112.0,400.0,,,,,,,,,19,hitl
294,2026-02-09 07:30,wholesaler_1,wholesaler,0,,,,,,95.81,8.0,,,,,,,19,hitl
294,2026-02-09 07:30,retail_1,retail,1,,,,,,,,5.78,33.4057,0.0,41.47,20.752,159.3713,19,hitl
295,2026-02-09 07:45,supplier_1,supplier,0,622.2,,,,,,,,,,,,,19,hitl
295,2026-02-09 07:45,farm_1,farm,0,,751.0,0.0286,,,,,,,,,,,19,hitl
295,2026-02-09 07:45,slaughterhouse_1,slaughterhouse,1,,,,112.0,400.0,,,,,,,,,19,hitl
295,2026-02-09 07:45,wholesaler_1,wholesaler,0,,,,,,93.37,8.0,,,,,,,19,hitl
295,2026-02-09 07:45,retail_1,retail,1,,,,,,,,0.8,33.4057,0.0,41.72,20.752,159.3713,19,hitl
296,2026-02-09 08:00,supplier_1,supplier,0,621.37,,,,,,,,,,,,,19,hitl
296,2026-02-09 08:00,farm_1,farm,0,,751.0,0.0286,,,,,,,,,,,19,hitl
296,2026-02-09 08:00,slaughterhouse_1,slaughterhouse,1,,,,112.0,395.68,,,,,,,,,19,hitl
296,2026-02-09 08:00,wholesaler_1,wholesaler,1,,,,,,79.19,4.0,,,,,,,19,hitl
296,2026-02-09 08:00,retail_1,retail,1,,,,,,,,0.0,36.7463,1.0,41.97,20.752,189.3713,19,hitl
297,2026-02-09 08:15,supplier_1,supplier,0,620.38,,,,,,,,,,,,,19,hitl
297,2026-02-09 08:15,farm_1,farm,0,,751.0,0.0286,,,,,,,,,,,19,hitl
297,2026-02-09 08:15,slaughterhouse_1,slaughterhouse,1,,,,112.0,398.84,,,,,,,,,19,hitl
297,2026-02-09 08:15,wholesaler_1,wholesaler,1,,,,,,81.67,4.0,,,,,,,19,hitl
297,2026-02-09 08:15,retail_1,retail,1,,,,,,,,11.55,36.7463,1.0,42.22,20.752,189.3713,19,hitl
298,2026-02-09 08:30,supplier_1,supplier,0,619.15,,,,,,,,,,,,,19,hitl
298,2026-02-09 08:30,farm_1,farm,0,,751.0,0.0286,,,,,,,,,,,19,hitl
298,2026-02-09 08:30,slaughterhouse_1,slaughterhouse,1,,,,112.0,400.0,,,,,,,,,19,hitl
298,2026-02-09 08:30,wholesaler_1,wholesaler,1,,,,,,79.72,4.0,,,,,,,19,hitl
298,2026-02-09 08:30,retail_1,retail,1,,,,,,,,5.97,36.7463,0.0,42.47,20.752,189.3713,19,hitl
299,2026-02-09 08:45,supplier_1,supplier,0,618.11,,,,,,,,,,,,,19,hitl
299,2026-02-09 08:45,farm_1,farm,0,,751.0,0.0286,,,,,,,,,,,19,hitl
299,2026-02-09 08:45,slaughterhouse_1,slaughterhouse,1,,,,112.0,400.0,,,,,,,,,19,hitl
299,2026-02-09 08:45,wholesaler_1,wholesaler,1,,,,,,77.08,4.0,,,,,,,19,hitl
299,2026-02-09 08:45,retail_1,retail,1,,,,,,,,0.69,36.7463,0.0,42.72,20.752,189.3713,19,hitl
300,2026-02-09 09:00,supplier_1,supplier,0,616.94,,,,,,,,,,,,,19,hitl
300,2026-02-09 09:00,farm_1,farm,0,,751.0,0.0286,,,,,,,,,,,19,hitl
300,2026-02-09 09:00,slaughterhouse_1,slaughterhouse,1,,,,112.0,400.0,,,,,,,,,19,hitl
300,2026-02-09 09:00,wholesaler_1,wholesaler,1,,,,,,61.66,4.0,,,,,,,19,hitl
300,2026-02-09 09:00,retail_1,retail,1,,,,,,,,0.0,36.7463,1.0,42.97,20.752,189.3713,19,hitl
301,2026-02-09 09:15,supplier_1,supplier,0,615.89,,,,,,,,,,,,,19,hitl
301,2026-02-09 09:15,farm_1,farm,0,,751.0,0.0286,,,,,,,,,,,19,hitl
301,2026-02-09 09:15,slaughterhouse_1,slaughterhouse,1,,,,112.0,400.0,,,,,,,,,19,hitl
301,2026-02-09 09:15,wholesaler_1,wholesaler,1,,,,,,59.99,4.0,,,,,,,19,hitl
301,2026-02-09 09:15,retail_1,retail,1,,,,,,,,12.67,36.7463,1.0,43.22,20.752,189.3713,19,hitl
302,2026-02-09 09:30,supplier_1,supplier,0,615.09,,,,,,,,,,,,,19,hitl
302,2026-02-09 09:30,farm_1,farm,0,,751.0,0.0286,,,,,,,,,,,19,hitl
302,2026-02-09 09:30,slaughterhouse_1,slaughterhouse,1,,,,112.0,400.0,,,,,,,,,19,hitl
302,2026-02-09 09:30,wholesaler_1,wholesaler,1,,,,,,58.44,4.0,,,,,,,19,hitl
302,2026-02-09 09:30,retail_1,retail,1,,,,,,,,7.9,36.7463,0.0,43.47,20.752,189.3713,19,hitl
303,2026-02-09 09:45,supplier_1,supplier,0,613.61,,,,,,,,,,,,,19,hitl
303,2026-02-09 09:45,farm_1,farm,0,,751.0,0.0286,,,,,,,,,,,19,hitl
303,2026-02-09 09:45,slaughterhouse_1,slaughterhouse,1,,,,112.0,400.0,,,,,,,,,19,hitl
303,2026-02-09 09:45,wholesaler_1,wholesaler,1,,,,,,56.02,4.0,,,,,,,19,hitl
303,2026-02-09 09:45,retail_1,retail,1,,,,,,,,2.12,36.7463,0.0,43.72,20.752,189.3713,19,hitl
304,2026-02-09 10:00,supplier_1,supplier,0,612.54,,,,,,,,,,,,,19,hitl
304,2026-02-09 10:00,farm_1,farm,0,,751.0,0.0286,,,,,,,,,,,19,hitl
304,2026-02-09 10:00,slaughterhouse_1,slaughterhouse,1,,,,112.0,395.68,,,,,,,,,19,hitl
304,2026-02-09 10:00,wholesaler_1,wholesaler,1,,,,,,41.24,4.0,,,,,,,19,hitl
304,2026-02-09 10:00,retail_1,retail,1,,,,,,,,0.0,36.7463,1.0,43.97,20.752,189.3713,19,hitl
305,2026-02-09 10:15,supplier_1,supplier,0,611.98,,,,,,,,,,,,,19,hitl
305,2026-02-09 10:15,farm_1,farm,0,,751.0,0.0286,,,,,,,,,,,19,hitl
305,2026-02-09 10:15,slaughterhouse_1,slaughterhouse,1,,,,112.0,398.64,,,,,,,,,19,hitl
305,2026-02-09 10:15,wholesaler_1,wholesaler,1,,,,,,43.73,4.0,,,,,,,19,hitl
305,2026-02-09 10:15,retail_1,retail,1,,,,,,,,12.67,36.7463,1.0,44.22,20.752,189.3713,19,hitl
306,2026-02-09 10:30,supplier_1,supplier,0,611.39,,,,,,,,,,,,,19,hitl
306,2026-02-09 10:30,farm_1,farm,0,,751.0,0.0286,,,,,,,,,,,19,hitl
306,2026-02-09 10:30,slaughterhouse_1,slaughterhouse,1,,,,112.0,400.0,,,,,,,,,19,hitl
306,2026-02-09 10:30,wholesaler_1,wholesaler,1,,,,,,40.82,4.0,,,,,,,19,hitl
306,2026-02-09 10:30,retail_1,retail,1,,,,,,,,7.57,36.7463,0.0,44.47,20.752,189.3713,19,hitl
307,2026-02-09 10:45,supplier_1,supplier,0,610.68,,,,,,,,,,,,,19,hitl
307,2026-02-09 10:45,farm_1,farm,0,,751.0,0.0286,,,,,,,,,,,19,hitl
307,2026-02-09 10:45,slaughterhouse_1,slaughterhouse,1,,,,112.0,400.0,,,,,,,,,19,hitl
307,2026-02-09 10:45,wholesaler_1,wholesaler,1,,,,,,38.52,4.0,,,,,,,19,hitl
307,2026-02-09 10:45,retail_1,retail,1,,,,,,,,2.47,36.7463,0.0,44.72,20.752,189.3713,19,hitl
308,2026-02-09 11:00,supplier_1,supplier,0,609.54,,,,,,,,,,,,,19,hitl
308,2026-02-09 11:00,farm_1,farm,0,,751.0,0.0286,,,,,,,,,,,19,hitl
308,2026-02-09 11:00,slaughterhouse_1,slaughterhouse,1,,,,112.0,400.0,,,,,,,,,19,hitl
308,2026-02-09 11:00,wholesaler_1,wholesaler,1,,,,,,35.94,4.0,,,,,,,19,hitl
308,2026-02-09 11:00,retail_1,retail,1,,,,,,,,0.0,36.7463,1.0,44.97,20.752,189.3713,19,hitl
309,2026-02-09 11:15,supplier_1,supplier,0,608.57,,,,,,,,,,,,,19,hitl
309,2026-02-09 11:15,farm_1,farm,0,,751.0,0.0286,,,,,,,,,,,19,hitl
309,2026-02-09 11:15,slaughterhouse_1,slaughterhouse,1,,,,112.0,400.0,,,,,,,,,19,hitl
309,2026-02-09 11:15,wholesaler_1,wholesaler,1,,,,,,33.31,4.0,,,,,,,19,hitl
309,2026-02-09 11:15,retail_1,retail,1,,,,,,,,0.0,36.7463,1.0,45.22,20.752,189.3713,19,hitl
310,2026-02-09 11:30,supplier_1,supplier,0,608.06,,,,,,,,,,,,,19,hitl
310,2026-02-09 11:30,farm_1,farm,0,,751.0,0.0286,,,,,,,,,,,19,hitl
310,2026-02-09 11:30,slaughterhouse_1,slaughterhouse,1,,,,112.0,400.0,,,,,,,,,19,hitl
310,2026-02-09 11:30,wholesaler_1,wholesaler,1,,,,,,30.94,4.0,,,,,,,19,hitl
310,2026-02-09 11:30,retail_1,retail,1,,,,,,,,0.0,36.7463,1.0,45.47,20.752,189.3713,19,hitl
311,2026-02-09 11:45,supplier_1,supplier,0,607.26,,,,,,,,,,,,,19,hitl
311,2026-02-09 11:45,farm_1,farm,0,,751.0,0.0286,,,,,,,,,,,19,hitl
311,2026-02-09 11:45,slaughterhouse_1,slaughterhouse,1,,,,112.0,400.0,,,,,,,,,19,hitl
311,2026-02-09 11:45,wholesaler_1,wholesaler,1,,,,,,29.06,4.0,,,,,,,19,hitl
311,2026-02-09 11:45,retail_1,retail,1,,,,,,,,0.0,36.7463,1.0,45.72,20.752,189.3713,19,hitl
312,2026-02-09 12:00,supplier_1,supplier,0,606.18,,,,,,,,,,,,,19,hitl
312,2026-02-09 12:00,farm_1,farm,0,,751.0,0.0286,,,,,,,,,,,19,hitl
312,2026-02-09 12:00,slaughterhouse_1,slaughterhouse,1,,,,112.0,395.68,,,,,,,,,19,hitl
312,2026-02-09 12:00,wholesaler_1,wholesaler,1,,,,,,26.25,4.0,,,,,,,19,hitl
312,2026-02-09 12:00,retail_1,retail,1,,,,,,,,0.0,36.7463,1.0,45.97,20.752,189.3713,19,hitl
313,2026-02-09 12:15,supplier_1,supplier,0,604.82,,,,,,,,,,,,,19,hitl
313,2026-02-09 12:15,farm_1,farm,0,,751.0,0.0286,,,,,,,,,,,19,hitl
313,2026-02-09 12:15,slaughterhouse_1,slaughterhouse,1,,,,112.0,398.82,,,,,,,,,19,hitl
313,2026-02-09 12:15,wholesaler_1,wholesaler,1,,,,,,29.06,4.0,,,,,,,19,hitl
313,2026-02-09 12:15,retail_1,retail,1,,,,,,,,0.0,36.7463,1.0,46.22,20.752,189.3713,19,hitl
314,2026-02-09 12:30,supplier_1,supplier,0,603.54,,,,,,,,,,,,,19,hitl
314,2026-02-09 12:30,farm_1,farm,0,,751.0,0.0286,,,,,,,,,,,19,hitl
314,2026-02-09 12:30,slaughterhouse_1,slaughterhouse,1,,,,112.0,400.0,,,,,,,,,19,hitl
314,2026-02-09 12:30,wholesaler_1,wholesaler,1,,,,,,27.26,4.0,,,,,,,19,hitl
314,2026-02-09 12:30,retail_1,retail,1,,,,,,,,0.0,36.7463,1.0,46.47,20.752,189.3713,19,hitl
315,2026-02-09 12:45,supplier_1,supplier,0,602.39,,,,,,,,,,,,,19,hitl
315,2026-02-09 12:45,farm_1,farm,0,,751.0,0.0286,,,,,,,,,,,19,hitl
315,2026-02-09 12:45,slaughterhouse_1,slaughterhouse,1,,,,112.0,400.0,,,,,,,,,19,hitl
315,2026-02-09 12:45,wholesaler_1,wholesaler,1,,,,,,25.18,4.0,,,,,,,19,hitl
315,2026-02-09 12:45,retail_1,retail,1,,,,,,,,0.0,36.7463,1.0,46.72,20.752,189.3713,19,hitl
316,2026-02-09 13:00,supplier_1,supplier,0,601.63,,,,,,,,,,,,,19,hitl
316,2026-02-09 13:00,farm_1,farm,0,,751.0,0.0286,,,,,,,,,,,19,hitl
316,2026-02-09 13:00,slaughterhouse_1,slaughterhouse,1,,,,112.0,400.0,,,,,,,,,19,hitl
316,2026-02-09 13:00,wholesaler_1,wholesaler,1,,,,,,22.89,4.0,,,,,,,19,hitl
316,2026-02-09 13:00,retail_1,retail,1,,,,,,,,0.0,36.7463,1.0,46.97,20.752,189.3713,19,hitl
317,2026-02-09 13:15,supplier_1,supplier,0,600.23,,,,,,,,,,,,,19,hitl
317,2026-02-09 13:15,farm_1,farm,0,,751.0,0.0286,,,,,,,,,,,19,hitl
317,2026-02-09 13:15,slaughterhouse_1,slaughterhouse,1,,,,112.0,400.0,,,,,,,,,19,hitl
317,2026-02-09 13:15,wholesaler_1,wholesaler,1,,,,,,21.21,4.0,,,,,,,19,hitl
317,2026-02-09 13:15,retail_1,retail,1,,,,,,,,0.0,36.7463,1.0,47.22,20.752,189.3713,19,hitl
318,2026-02-09 13:30,supplier_1,supplier,0,599.3,,,,,,,,,,,,,19,hitl
318,2026-02-09 13:30,farm_1,farm,0,,751.0,0.0286,,,,,,,,,,,19,hitl
318,2026-02-09 13:30,slaughterhouse_1,slaughterhouse,1,,,,112.0,400.0,,,,,,,,,19,hitl
318,2026-02-09 13:30,wholesaler_1,wholesaler,1,,,,,,19.35,4.0,,,,,,,19,hitl
318,2026-02-09 13:30,retail_1,retail,1,,,,,,,,0.0,36.7463,1.0,47.47,20.752,189.3713,19,hitl
319,2026-02-09 13:45,supplier_1,supplier,0,597.98,,,,,,,,,,,,,19,hitl
319,2026-02-09 13:45,farm_1,farm,0,,751.0,0.0286,,,,,,,,,,,19,hitl
319,2026-02-09 13:45,slaughterhouse_1,slaughterhouse,1,,,,112.0,400.0,,,,,,,,,19,hitl
319,2026-02-09 13:45,wholesaler_1,wholesaler,1,,,,,,16.49,4.0,,,,,,,19,hitl
319,2026-02-09 13:45,retail_1,retail,1,,,,,,,,0.0,36.7463,1.0,47.72,20.752,189.3713,19,hitl
320,2026-02-09 14:00,supplier_1,supplier,0,597.1,,,,,,,,,,,,,19,hitl
320,2026-02-09 14:00,farm_1,farm,0,,751.0,0.0286,,,,,,,,,,,19,hitl
320,2026-02-09 14:00,slaughterhouse_1,slaughterhouse,1,,,,112.0,395.68,,,,,,,,,19,hitl
320,2026-02-09 14:00,wholesaler_1,wholesaler,1,,,,,,14.14,4.0,,,,,,,19,hitl
320,2026-02-09 14:00,retail_1,retail,1,,,,,,,,0.0,36.7463,1.0,47.97,20.752,189.3713,19,hitl
321,2026-02-09 14:15,supplier_1,supplier,0,596.32,,,,,,,,,,,,,19,hitl
321,2026-02-09 14:15,farm_1,farm,0,,751.0,0.0286,,,,,,,,,,,19,hitl
321,2026-02-09 14:15,slaughterhouse_1,slaughterhouse,1,,,,112.0,398.88,,,,,,,,,19,hitl
321,2026-02-09 14:15,wholesaler_1,wholesaler,1,,,,,,15.72,4.0,,,,,,,19,hitl
321,2026-02-09 14:15,retail_1,retail,1,,,,,,,,0.0,36.7463,1.0,48.22,20.752,189.3713,19,hitl
322,2026-02-09 14:30,supplier_1,supplier,0,595.77,,,,,,,,,,,,,19,hitl
322,2026-02-09 14:30,farm_1,farm,0,,751.0,0.0286,,,,,,,,,,,19,hitl
322,2026-02-09 14:30,slaughterhouse_1,slaughterhouse,1,,,,112.0,400.0,,,,,,,,,19,hitl
322,2026-02-09 14:30,wholesaler_1,wholesaler,1,,,,,,13.22,4.0,,,,,,,19,hitl
322,2026-02-09 14:30,retail_1,retail,1,,,,,,,,0.0,36.7463,1.0,48.47,20.752,189.3713,19,hitl
323,2026-02-09 14:45,supplier_1,supplier,0,594.8,,,,,,,,,,,,,19,hitl
323,2026-02-09 14:45,farm_1,farm,0,,751.0,0.0286,,,,,,,,,,,19,hitl
323,2026-02-09 14:45,slaughterhouse_1,slaughterhouse,1,,,,112.0,400.0,,,,,,,,,19,hitl
323,2026-02-09 14:45,wholesaler_1,wholesaler,1,,,,,,10.73,4.0,,,,,,,19,hitl
323,2026-02-09 14:45,retail_1,retail,1,,,,,,,,0.0,36.7463,1.0,48.72,20.752,189.3713,19,hitl
324,2026-02-09 15:00,supplier_1,supplier,0,593.91,,,,,,,,,,,,,19,hitl
324,2026-02-09 15:00,farm_1,farm,1,,751.0,0.0286,,,,,,,,,,,19,hitl
324,2026-02-09 15:00,slaughterhouse_1,slaughterhouse,1,,,,112.0,400.0,,,,,,,,,19,hitl
324,2026-02-09 15:00,wholesaler_1,wholesaler,1,,,,,,7.99,4.0,,,,,,,19,hitl
324,2026-02-09 15:00,retail_1,retail,1,,,,,,,,0.0,36.7463,1.0,48.97,20.752,189.3713,19,hitl
325,2026-02-09 15:15,supplier_1,supplier,0,593.29,,,,,,,,,,,,,19,hitl
325,2026-02-09 15:15,farm_1,farm,1,,751.0,0.0286,,,,,,,,,,,19,hitl
325,2026-02-09 15:15,slaughterhouse_1,slaughterhouse,1,,,,112.0,400.0,,,,,,,,,19,hitl
325,2026-02-09 15:15,wholesaler_1,wholesaler,1,,,,,,5.26,4.0,,,,,,,19,hitl
325,2026-02-09 15:15,retail_1,retail,1,,,,,,,,0.0,36.7463,1.0,49.22,20.752,189.3713,19,hitl
326,2026-02-09 15:30,supplier_1,supplier,0,591.81,,,,,,,,,,,,,19,hitl
326,2026-02-09 15:30,farm_1,farm,1,,751.0,0.0286,,,,,,,,,,,19,hitl
326,2026-02-09 15:30,slaughterhouse_1,slaughterhouse,1,,,,112.0,400.0,,,,,,,,,19,hitl
326,2026-02-09 15:30,wholesaler_1,wholesaler,1,,,,,,2.81,4.0,,,,,,,19,hitl
326,2026-02-09 15:30,retail_1,retail,1,,,,,,,,0.0,36.7463,1.0,49.47,20.752,189.3713,19,hitl
327,2026-02-09 15:45,supplier_1,supplier,0,590.73,,,,,,,,,,,,,19,hitl
327,2026-02-09 15:45,farm_1,farm,1,,751.0,0.0286,,,,,,,,,,,19,hitl
327,2026-02-09 15:45,slaughterhouse_1,slaughterhouse,1,,,,112.0,400.0,,,,,,,,,19,hitl
327,2026-02-09 15:45,wholesaler_1,wholesaler,1,,,,,,0.0,4.0,,,,,,,19,hitl
327,2026-02-09 15:45,retail_1,retail,1,,,,,,,,0.0,36.7463,1.0,49.72,20.752,189.3713,19,hitl
328,2026-02-09 16:00,supplier_1,supplier,0,589.49,,,,,,,,,,,,,19,hitl
328,2026-02-09 16:00,farm_1,farm,1,,751.0,0.0286,,,,,,,,,,,19,hitl
328,2026-02-09 16:00,slaughterhouse_1,slaughterhouse,1,,,,112.0,395.68,,,,,,,,,19,hitl
328,2026-02-09 16:00,wholesaler_1,wholesaler,1,,,,,,0.0,4.0,,,,,,,19,hitl
328,2026-02-09 16:00,retail_1,retail,1,,,,,,,,0.0,36.7463,1.0,49.97,20.752,189.3713,19,hitl
329,2026-02-09 16:15,supplier_1,supplier,0,588.29,,,,,,,,,,,,,19,hitl
329,2026-02-09 16:15,farm_1,farm,1,,751.0,0.0286,,,,,,,,,,,19,hitl
329,2026-02-09 16:15,slaughterhouse_1,slaughterhouse,1,,,,112.0,398.69,,,,,,,,,19,hitl
329,2026-02-09 16:15,wholesaler_1,wholesaler,1,,,,,,4.32,4.0,,,,,,,19,hitl
329,2026-02-09 16:15,retail_1,retail,1,,,,,,,,0.0,36.7463,1.0,50.22,20.752,189.3713,19,hitl
330,2026-02-09 16:30,supplier_1,supplier,0,586.86,,,,,,,,,,,,,19,hitl
330,2026-02-09 16:30,farm_1,farm,1,,751.0,0.0286,,,,,,,,,,,19,hitl
330,2026-02-09 16:30,slaughterhouse_1,slaughterhouse,1,,,,112.0,400.0,,,,,,,,,19,hitl
330,2026-02-09 16:30,wholesaler_1,wholesaler,1,,,,,,2.57,4.0,,,,,,,19,hitl
330,2026-02-09 16:30,retail_1,retail,1,,,,,,,,0.0,36.7463,1.0,50.47,20.752,189.3713,19,hitl
331,2026-02-09 16:45,supplier_1,supplier,0,586.03,,,,,,,,,,,,,19,hitl
331,2026-02-09 16:45,farm_1,farm,1,,751.0,0.0286,,,,,,,,,,,19,hitl
331,2026-02-09 16:45,slaughterhouse_1,slaughterhouse,1,,,,112.0,400.0,,,,,,,,,19,hitl
331,2026-02-09 16:45,wholesaler_1,wholesaler,1,,,,,,0.0,4.0,,,,,,,19,hitl
331,2026-02-09 16:45,retail_1,retail,1,,,,,,,,0.0,36.7463,1.0,50.72,20.752,189.3713,19,hitl
332,2026-02-09 17:00,supplier_1,supplier,0,584.78,,,,,,,,,,,,,19,hitl
332,2026-02-09 17:00,farm_1,farm,1,,751.0,0.0286,,,,,,,,,,,19,hitl
332,2026-02-09 17:00,slaughterhouse_1,slaughterhouse,1,,,,112.0,400.0,,,,,,,,,19,hitl
332,2026-02-09 17:00,wholesaler_1,wholesaler,1,,,,,,0.0,4.0,,,,,,,19,hitl
332,2026-02-09 17:00,retail_1,retail,1,,,,,,,,0.0,36.7463,1.0,50.97,20.752,189.3713,19,hitl
333,2026-02-09 17:15,supplier_1,supplier,0,583.75,,,,,,,,,,,,,19,hitl
333,2026-02-09 17:15,farm_1,farm,1,,751.0,0.0286,,,,,,,,,,,19,hitl
333,2026-02-09 17:15,slaughterhouse_1,slaughterhouse,1,,,,112.0,400.0,,,,,,,,,19,hitl
333,2026-02-09 17:15,wholesaler_1,wholesaler,1,,,,,,0.0,4.0,,,,,,,19,hitl
333,2026-02-09 17:15,retail_1,retail,1,,,,,,,,0.0,36.7463,1.0,51.22,20.752,189.3713,19,hitl
334,2026-02-09 17:30,supplier_1,supplier,0,583.16,,,,,,,,,,,,,19,hitl
334,2026-02-09 17:30,farm_1,farm,1,,751.0,0.0286,,,,,,,,,,,19,hitl
334,2026-02-09 17:30,slaughterhouse_1,slaughterhouse,1,,,,112.0,400.0,,,,,,,,,19,hitl
334,2026-02-09 17:30,wholesaler_1,wholesaler,1,,,,,,0.0,4.0,,,,,,,19,hitl
334,2026-02-09 17:30,retail_1,retail,1,,,,,,,,0.0,36.7463,1.0,51.47,20.752,189.3713,19,hitl
335,2026-02-09 17:45,supplier_1,supplier,0,582.42,,,,,,,,,,,,,19,hitl
335,2026-02-09 17:45,farm_1,farm,1,,751.0,0.0286,,,,,,,,,,,19,hitl
335,2026-02-09 17:45,slaughterhouse_1,slaughterhouse,1,,,,112.0,400.0,,,,,,,,,19,hitl
335,2026-02-09 17:45,wholesaler_1,wholesaler,1,,,,,,0.0,4.0,,,,,,,19,hitl
335,2026-02-09 17:45,retail_1,retail,1,,,,,,,,0.0,36.7463,1.0,51.72,20.752,189.3713,19,hitl
336,2026-02-09 18:00,supplier_1,supplier,0,581.32,,,,,,,,,,,,,19,hitl
336,2026-02-09 18:00,farm_1,farm,1,,751.0,0.0286,,,,,,,,,,,19,hitl
336,2026-02-09 18:00,slaughterhouse_1,slaughterhouse,1,,,,112.0,395.68,,,,,,,,,19,hitl
336,2026-02-09 18:00,wholesaler_1,wholesaler,1,,,,,,0.0,4.0,,,,,,,19,hitl
336,2026-02-09 18:00,retail_1,retail,1,,,,,,,,0.0,36.7463,1.0,51.97,20.752,189.3713,19,hitl
337,2026-02-09 18:15,supplier_1,supplier,0,580.08,,,,,,,,,,,,,19,hitl
337,2026-02-09 18:15,farm_1,farm,1,,751.0,0.0286,,,,,,,,,,,19,hitl
337,2026-02-09 18:15,slaughterhouse_1,slaughterhouse,1,,,,112.0,399.01,,,,,,,,,19,hitl
337,2026-02-09 18:15,wholesaler_1,wholesaler,1,,,,,,4.32,4.0,,,,,,,19,hitl
337,2026-02-09 18:15,retail_1,retail,1,,,,,,,,0.0,36.7463,1.0,52.22,20.752,189.3713,19,hitl
338,2026-02-09 18:30,supplier_1,supplier,0,578.85,,,,,,,,,,,,,19,hitl
338,2026-02-09 18:30,farm_1,farm,1,,751.0,0.0286,,,,,,,,,,,19,hitl
338,2026-02-09 18:30,slaughterhouse_1,slaughterhouse,1,,,,112.0,400.0,,,,,,,,,19,hitl
338,2026-02-09 18:30,wholesaler_1,wholesaler,1,,,,,,2.09,4.0,,,,,,,19,hitl
338,2026-02-09 18:30,retail_1,retail,1,,,,,,,,0.0,36.7463,1.0,52.47,20.752,189.3713,19,hitl
339,2026-02-09 18:45,supplier_1,supplier,0,578.16,,,,,,,,,,,,,19,hitl
339,2026-02-09 18:45,farm_1,farm,1,,751.0,0.0286,,,,,,,,,,,19,hitl
339,2026-02-09 18:45,slaughterhouse_1,slaughterhouse,1,,,,112.0,400.0,,,,,,,,,19,hitl
339,2026-02-09 18:45,wholesaler_1,wholesaler,1,,,,,,0.0,4.0,,,,,,,19,hitl
339,2026-02-09 18:45,retail_1,retail,1,,,,,,,,0.0,36.7463,1.0,52.72,20.752,189.3713,19,hitl
340,2026-02-09 19:00,supplier_1,supplier,0,577.4,,,,,,,,,,,,,19,hitl
340,2026-02-09 19:00,farm_1,farm,1,,751.0,0.0286,,,,,,,,,,,19,hitl
340,2026-02-09 19:00,slaughterhouse_1,slaughterhouse,1,,,,112.0,400.0,,,,,,,,,19,hitl
340,2026-02-09 19:00,wholesaler_1,wholesaler,1,,,,,,0.0,4.0,,,,,,,19,hitl
340,2026-02-09 19:00,retail_1,retail,1,,,,,,,,0.0,36.7463,1.0,52.97,20.752,189.3713,19,hitl
341,2026-02-09 19:15,supplier_1,supplier,0,576.35,,,,,,,,,,,,,19,hitl
341,2026-02-09 19:15,farm_1,farm,1,,751.0,0.0286,,,,,,,,,,,19,hitl
341,2026-02-09 19:15,slaughterhouse_1,slaughterhouse,1,,,,112.0,400.0,,,,,,,,,19,hitl
341,2026-02-09 19:15,wholesaler_1,wholesaler,1,,,,,,0.0,4.0,,,,,,,19,hitl
341,2026-02-09 19:15,retail_1,retail,1,,,,,,,,0.0,36.7463,1.0,53.22,20.752,189.3713,19,hitl
342,2026-02-09 19:30,supplier_1,supplier,0,575.32,,,,,,,,,,,,,19,hitl
342,2026-02-09 19:30,farm_1,farm,1,,751.0,0.0286,,,,,,,,,,,19,hitl
342,2026-02-09 19:30,slaughterhouse_1,slaughterhouse,1,,,,112.0,400.0,,,,,,,,,19,hitl
342,2026-02-09 19:30,wholesaler_1,wholesaler,1,,,,,,0.0,4.0,,,,,,,19,hitl
342,2026-02-09 19:30,retail_1,retail,1,,,,,,,,0.0,36.7463,1.0,53.47,20.752,189.3713,19,hitl
343,2026-02-09 19:45,supplier_1,supplier,0,574.6,,,,,,,,,,,,,19,hitl
343,2026-02-09 19:45,farm_1,farm,1,,751.0,0.0286,,,,,,,,,,,19,hitl
343,2026-02-09 19:45,slaughterhouse_1,slaughterhouse,1,,,,112.0,400.0,,,,,,,,,19,hitl
343,2026-02-09 19:45,wholesaler_1,wholesaler,1,,,,,,0.0,4.0,,,,,,,19,hitl
343,2026-02-09 19:45,retail_1,retail,1,,,,,,,,0.0,36.7463,1.0,53.72,20.752,189.3713,19,hitl
344,2026-02-09 20:00,supplier_1,supplier,0,573.33,,,,,,,,,,,,,19,hitl
344,2026-02-09 20:00,farm_1,farm,1,,751.0,0.0286,,,,,,,,,,,19,hitl
344,2026-02-09 20:00,slaughterhouse_1,slaughterhouse,1,,,,112.0,395.68,,,,,,,,,19,hitl
344,2026-02-09 20:00,wholesaler_1,wholesaler,1,,,,,,0.0,4.0,,,,,,,19,hitl
344,2026-02-09 20:00,retail_1,retail,1,,,,,,,,0.0,36.7463,1.0,53.97,20.752,189.3713,19,hitl
345,2026-02-09 20:15,supplier_1,supplier,0,572.52,,,,,,,,,,,,,19,hitl
345,2026-02-09 20:15,farm_1,farm,1,,751.0,0.0286,,,,,,,,,,,19,hitl
345,2026-02-09 20:15,slaughterhouse_1,slaughterhouse,1,,,,112.0,398.9,,,,,,,,,19,hitl
345,2026-02-09 20:15,wholesaler_1,wholesaler,1,,,,,,4.32,4.0,,,,,,,19,hitl
345,2026-02-09 20:15,retail_1,retail,1,,,,,,,,0.0,36.7463,1.0,54.22,20.752,189.3713,19,hitl
346,2026-02-09 20:30,supplier_1,supplier,0,571.48,,,,,,,,,,,,,19,hitl
346,2026-02-09 20:30,farm_1,farm,1,,751.0,0.0286,,,,,,,,,,,19,hitl
346,2026-02-09 20:30,slaughterhouse_1,slaughterhouse,1,,,,112.0,400.0,,,,,,,,,19,hitl
346,2026-02-09 20:30,wholesaler_1,wholesaler,1,,,,,,2.25,4.0,,,,,,,19,hitl
346,2026-02-09 20:30,retail_1,retail,1,,,,,,,,0.0,36.7463,1.0,54.47,20.752,189.3713,19,hitl
347,2026-02-09 20:45,supplier_1,supplier,0,570.21,,,,,,,,,,,,,19,hitl
347,2026-02-09 20:45,farm_1,farm,1,,751.0,0.0286,,,,,,,,,,,19,hitl
347,2026-02-09 20:45,slaughterhouse_1,slaughterhouse,1,,,,112.0,400.0,,,,,,,,,19,hitl
347,2026-02-09 20:45,wholesaler_1,wholesaler,1,,,,,,0.41,4.0,,,,,,,19,hitl
347,2026-02-09 20:45,retail_1,retail,1,,,,,,,,0.0,36.7463,1.0,54.72,20.752,189.3713,19,hitl
348,2026-02-09 21:00,supplier_1,supplier,0,568.76,,,,,,,,,,,,,19,hitl
348,2026-02-09 21:00,farm_1,farm,1,,751.0,0.0286,,,,,,,,,,,19,hitl
348,2026-02-09 21:00,slaughterhouse_1,slaughterhouse,1,,,,112.0,400.0,,,,,,,,,19,hitl
348,2026-02-09 21:00,wholesaler_1,wholesaler,1,,,,,,0.0,4.0,,,,,,,19,hitl
348,2026-02-09 21:00,retail_1,retail,1,,,,,,,,0.0,36.7463,1.0,54.97,20.752,189.3713,19,hitl
349,2026-02-09 21:15,supplier_1,supplier,0,568.2,,,,,,,,,,,,,19,hitl
349,2026-02-09 21:15,farm_1,farm,1,,751.0,0.0286,,,,,,,,,,,19,hitl
349,2026-02-09 21:15,slaughterhouse_1,slaughterhouse,1,,,,112.0,400.0,,,,,,,,,19,hitl
349,2026-02-09 21:15,wholesaler_1,wholesaler,1,,,,,,0.0,4.0,,,,,,,19,hitl
349,2026-02-09 21:15,retail_1,retail,1,,,,,,,,0.0,36.7463,1.0,55.22,20.752,189.3713,19,hitl
350,2026-02-09 21:30,supplier_1,supplier,0,567.47,,,,,,,,,,,,,19,hitl
350,2026-02-09 21:30,farm_1,farm,1,,751.0,0.0286,,,,,,,,,,,19,hitl
350,2026-02-09 21:30,slaughterhouse_1,slaughterhouse,1,,,,112.0,400.0,,,,,,,,,19,hitl
350,2026-02-09 21:30,wholesaler_1,wholesaler,1,,,,,,0.0,4.0,,,,,,,19,hitl
350,2026-02-09 21:30,retail_1,retail,1,,,,,,,,0.0,36.7463,1.0,55.47,20.752,189.3713,19,hitl
351,2026-02-09 21:45,supplier_1,supplier,0,566.18,,,,,,,,,,,,,19,hitl
351,2026-02-09 21:45,farm_1,farm,1,,751.0,0.0286,,,,,,,,,,,19,hitl
351,2026-02-09 21:45,slaughterhouse_1,slaughterhouse,1,,,,112.0,400.0,,,,,,,,,19,hitl
351,2026-02-09 21:45,wholesaler_1,wholesaler,1,,,,,,0.0,4.0,,,,,,,19,hitl
351,2026-02-09 21:45,retail_1,retail,1,,,,,,,,0.0,36.7463,1.0,55.72,20.752,189.3713,19,hitl
352,2026-02-09 22:00,supplier_1,supplier,0,564.71,,,,,,,,,,,,,19,hitl
352,2026-02-09 22:00,farm_1,farm,1,,751.0,0.0286,,,,,,,,,,,19,hitl
352,2026-02-09 22:00,slaughterhouse_1,slaughterhouse,1,,,,112.0,395.68,,,,,,,,,19,hitl
352,2026-02-09 22:00,wholesaler_1,wholesaler,1,,,,,,0.0,4.0,,,,,,,19,hitl
352,2026-02-09 22:00,retail_1,retail,1,,,,,,,,0.0,36.7463,1.0,55.97,20.752,189.3713,19,hitl
353,2026-02-09 22:15,supplier_1,supplier,0,563.46,,,,,,,,,,,,,19,hitl
353,2026-02-09 22:15,farm_1,farm,1,,751.0,0.0286,,,,,,,,,,,19,hitl
353,2026-02-09 22:15,slaughterhouse_1,slaughterhouse,1,,,,112.0,398.98,,,,,,,,,19,hitl
353,2026-02-09 22:15,wholesaler_1,wholesaler,1,,,,,,4.32,4.0,,,,,,,19,hitl
353,2026-02-09 22:15,retail_1,retail,1,,,,,,,,0.0,36.7463,1.0,56.22,20.752,189.3713,19,hitl
354,2026-02-09 22:30,supplier_1,supplier,0,562.67,,,,,,,,,,,,,19,hitl
354,2026-02-09 22:30,farm_1,farm,1,,751.0,0.0286,,,,,,,,,,,19,hitl
354,2026-02-09 22:30,slaughterhouse_1,slaughterhouse,1,,,,112.0,400.0,,,,,,,,,19,hitl
354,2026-02-09 22:30,wholesaler_1,wholesaler,1,,,,,,2.24,4.0,,,,,,,19,hitl
354,2026-02-09 22:30,retail_1,retail,1,,,,,,,,0.0,36.7463,1.0,56.47,20.752,189.3713,19,hitl
355,2026-02-09 22:45,supplier_1,supplier,0,562.11,,,,,,,,,,,,,19,hitl
355,2026-02-09 22:45,farm_1,farm,1,,751.0,0.0286,,,,,,,,,,,19,hitl
355,2026-02-09 22:45,slaughterhouse_1,slaughterhouse,1,,,,112.0,400.0,,,,,,,,,19,hitl
355,2026-02-09 22:45,wholesaler_1,wholesaler,1,,,,,,0.0,4.0,,,,,,,19,hitl
355,2026-02-09 22:45,retail_1,retail,1,,,,,,,,0.0,36.7463,1.0,56.72,20.752,189.3713,19,hitl
356,2026-02-09 23:00,supplier_1,supplier,0,561.35,,,,,,,,,,,,,19,hitl
356,2026-02-09 23:00,farm_1,farm,1,,751.0,0.0286,,,,,,,,,,,19,hitl
356,2026-02-09 23:00,slaughterhouse_1,slaughterhouse,1,,,,112.0,400.0,,,,,,,,,19,hitl
356,2026-02-09 23:00,wholesaler_1,wholesaler,1,,,,,,0.0,4.0,,,,,,,19,hitl
356,2026-02-09 23:00,retail_1,retail,1,,,,,,,,0.0,36.7463,1.0,56.97,20.752,189.3713,19,hitl
357,2026-02-09 23:15,supplier_1,supplier,0,560.15,,,,,,,,,,,,,19,hitl
357,2026-02-09 23:15,farm_1,farm,1,,751.0,0.0286,,,,,,,,,,,19,hitl
357,2026-02-09 23:15,slaughterhouse_1,slaughterhouse,1,,,,112.0,400.0,,,,,,,,,19,hitl
357,2026-02-09 23:15,wholesaler_1,wholesaler,1,,,,,,0.0,4.0,,,,,,,19,hitl
357,2026-02-09 23:15,retail_1,retail,1,,,,,,,,0.0,36.7463,1.0,57.22,20.752,189.3713,19,hitl
358,2026-02-09 23:30,supplier_1,supplier,0,559.22,,,,,,,,,,,,,19,hitl
358,2026-02-09 23:30,farm_1,farm,1,,751.0,0.0286,,,,,,,,,,,19,hitl
358,2026-02-09 23:30,slaughterhouse_1,slaughterhouse,1,,,,112.0,400.0,,,,,,,,,19,hitl
358,2026-02-09 23:30,wholesaler_1,wholesaler,1,,,,,,0.0,4.0,,,,,,,19,hitl
358,2026-02-09 23:30,retail_1,retail,1,,,,,,,,0.0,36.7463,1.0,57.47,20.752,189.3713,19,hitl
359,2026-02-09 23:45,supplier_1,supplier,0,558.58,,,,,,,,,,,,,19,hitl
359,2026-02-09 23:45,farm_1,farm,1,,751.0,0.0286,,,,,,,,,,,19,hitl
359,2026-02-09 23:45,slaughterhouse_1,slaughterhouse,1,,,,112.0,400.0,,,,,,,,,19,hitl
359,2026-02-09 23:45,wholesaler_1,wholesaler,1,,,,,,0.0,4.0,,,,,,,19,hitl
359,2026-02-09 23:45,retail_1,retail,1,,,,,,,,0.0,36.7463,1.0,57.72,20.752,189.3713,19,hitl
360,2026-02-10 00:00,supplier_1,supplier,0,557.55,,,,,,,,,,,,,19,hitl
360,2026-02-10 00:00,farm_1,farm,0,,751.0,0.0286,,,,,,,,,,,19,hitl
360,2026-02-10 00:00,slaughterhouse_1,slaughterhouse,1,,,,112.0,395.68,,,,,,,,,19,hitl
360,2026-02-10 00:00,wholesaler_1,wholesaler,1,,,,,,0.0,2.2416,,,,,,,19,hitl
360,2026-02-10 00:00,retail_1,retail,1,,,,,,,,0.0,39.4545,1.0,57.97,20.752,211.4878,19,hitl
361,2026-02-10 00:15,supplier_1,supplier,0,556.13,,,,,,,,,,,,,19,hitl
361,2026-02-10 00:15,farm_1,farm,0,,751.0,0.0286,,,,,,,,,,,19,hitl
361,2026-02-10 00:15,slaughterhouse_1,slaughterhouse,1,,,,112.0,398.65,,,,,,,,,19,hitl
361,2026-02-10 00:15,wholesaler_1,wholesaler,1,,,,,,4.32,2.2416,,,,,,,19,hitl
361,2026-02-10 00:15,retail_1,retail,1,,,,,,,,0.0,39.4545,1.0,58.22,20.752,211.4878,19,hitl
362,2026-02-10 00:30,supplier_1,supplier,0,555.54,,,,,,,,,,,,,19,hitl
362,2026-02-10 00:30,farm_1,farm,0,,751.0,0.0286,,,,,,,,,,,19,hitl
362,2026-02-10 00:30,slaughterhouse_1,slaughterhouse,1,,,,112.0,400.0,,,,,,,,,19,hitl
362,2026-02-10 00:30,wholesaler_1,wholesaler,1,,,,,,2.08,2.2416,,,,,,,19,hitl
362,2026-02-10 00:30,retail_1,retail,1,,,,,,,,0.0,39.4545,1.0,58.47,20.752,211.4878,19,hitl
363,2026-02-10 00:45,supplier_1,supplier,0,554.13,,,,,,,,,,,,,19,hitl
363,2026-02-10 00:45,farm_1,farm,0,,751.0,0.0286,,,,,,,,,,,19,hitl
363,2026-02-10 00:45,slaughterhouse_1,slaughterhouse,1,,,,112.0,400.0,,,,,,,,,19,hitl
363,2026-02-10 00:45,wholesaler_1,wholesaler,1,,,,,,0.22,2.2416,,,,,,,19,hitl
363,2026-02-10 00:45,retail_1,retail,1,,,,,,,,0.0,39.4545,1.0,58.72,20.752,211.4878,19,hitl
364,2026-02-10 01:00,supplier_1,supplier,0,553.09,,,,,,,,,,,,,19,hitl
364,2026-02-10 01:00,farm_1,farm,0,,751.0,0.0286,,,,,,,,,,,19,hitl
364,2026-02-10 01:00,slaughterhouse_1,slaughterhouse,1,,,,112.0,400.0,,,,,,,,,19,hitl
364,2026-02-10 01:00,wholesaler_1,wholesaler,1,,,,,,0.0,2.2416,,,,,,,19,hitl
364,2026-02-10 01:00,retail_1,retail,0,,,,,,,,65.22,30.0,0.0,0.0,10.679,0.0,19,hitl
365,2026-02-10 01:15,supplier_1,supplier,0,551.92,,,,,,,,,,,,,19,hitl
365,2026-02-10 01:15,farm_1,farm,0,,751.0,0.0286,,,,,,,,,,,19,hitl
365,2026-02-10 01:15,slaughterhouse_1,slaughterhouse,1,,,,112.0,400.0,,,,,,,,,19,hitl
365,2026-02-10 01:15,wholesaler_1,wholesaler,1,,,,,,0.0,2.2416,,,,,,,19,hitl
365,2026-02-10 01:15,retail_1,retail,0,,,,,,,,62.5,30.0,0.0,0.0,10.679,0.0,19,hitl
366,2026-02-10 01:30,supplier_1,supplier,0,551.32,,,,,,,,,,,,,19,hitl
366,2026-02-10 01:30,farm_1,farm,0,,751.0,0.0286,,,,,,,,,,,19,hitl
366,2026-02-10 01:30,slaughterhouse_1,slaughterhouse,1,,,,112.0,400.0,,,,,,,,,19,hitl
366,2026-02-10 01:30,wholesaler_1,wholesaler,1,,,,,,0.0,2.2416,,,,,,,19,hitl
366,2026-02-10 01:30,retail_1,retail,0,,,,,,,,60.05,30.0,0.0,0.0,10.679,0.0,19,hitl
367,2026-02-10 01:45,supplier_1,supplier,0,550.58,,,,,,,,,,,,,19,hitl
367,2026-02-10 01:45,farm_1,farm,0,,751.0,0.0286,,,,,,,,,,,19,hitl
367,2026-02-10 01:45,slaughterhouse_1,slaughterhouse,1,,,,112.0,400.0,,,,,,,,,19,hitl
367,2026-02-10 01:45,wholesaler_1,wholesaler,1,,,,,,0.0,2.2416,,,,,,,19,hitl
367,2026-02-10 01:45,retail_1,retail,0,,,,,,,,57.58,30.0,0.0,0.0,10.679,0.0,19,hitl
368,2026-02-10 02:00,supplier_1,supplier,0,549.98,,,,,,,,,,,,,19,hitl
368,2026-02-10 02:00,farm_1,farm,0,,751.0,0.0286,,,,,,,,,,,19,hitl
368,2026-02-10 02:00,slaughterhouse_1,slaughterhouse,1,,,,112.0,395.68,,,,,,,,,19,hitl
368,2026-02-10 02:00,wholesaler_1,wholesaler,1,,,,,,0.0,2.2416,,,,,,,19,hitl
368,2026-02-10 02:00,retail_1,retail,0,,,,,,,,54.75,30.0,0.0,0.0,10.679,0.0,19,hitl
369,2026-02-10 02:15,supplier_1,supplier,0,548.98,,,,,,,,,,,,,19,hitl
369,2026-02-10 02:15,farm_1,farm,0,,751.0,0.0286,,,,,,,,,,,19,hitl
369,2026-02-10 02:15,slaughterhouse_1,slaughterhouse,1,,,,112.0,398.59,,,,,,,,,19,hitl
369,2026-02-10 02:15,wholesaler_1,wholesaler,1,,,,,,4.32,2.2416,,,,,,,19,hitl
369,2026-02-10 02:15,retail_1,retail,0,,,,,,,,51.91,30.0,0.0,0.0,10.679,0.0,19,hitl
370,2026-02-10 02:30,supplier_1,supplier,0,547.56,,,,,,,,,,,,,19,hitl
370,2026-02-10 02:30,farm_1,farm,0,,751.0,0.0286,,,,,,,,,,,19,hitl
370,2026-02-10 02:30,slaughterhouse_1,slaughterhouse,1,,,,112.0,400.0,,,,,,,,,19,hitl
370,2026-02-10 02:30,wholesaler_1,wholesaler,1,,,,,,1.55,2.2416,,,,,,,19,hitl
370,2026-02-10 02:30,retail_1,retail,0,,,,,,,,49.35,30.0,0.0,0.0,10.679,0.0,19,hitl
371,2026-02-10 02:45,supplier_1,supplier,0,546.32,,,,,,,,,,,,,19,hitl
371,2026-02-10 02:45,farm_1,farm,0,,751.0,0.0286,,,,,,,,,,,19,hitl
371,2026-02-10 02:45,slaughterhouse_1,slaughterhouse,1,,,,112.0,400.0,,,,,,,,,19,hitl
371,2026-02-10 02:45,wholesaler_1,wholesaler,1,,,,,,0.01,2.2416,,,,,,,19,hitl
371,2026-02-10 02:45,retail_1,retail,0,,,,,,,,46.51,30.0,0.0,0.0,10.679,0.0,19,hitl
372,2026-02-10 03:00,supplier_1,supplier,0,545.37,,,,,,,,,,,,,19,hitl
372,2026-02-10 03:00,farm_1,farm,0,,751.0,0.0286,,,,,,,,,,,19,hitl
372,2026-02-10 03:00,slaughterhouse_1,slaughterhouse,1,,,,112.0,400.0,,,,,,,,,19,hitl
372,2026-02-10 03:00,wholesaler_1,wholesaler,1,,,,,,0.0,2.2416,,,,,,,19,hitl
372,2026-02-10 03:00,retail_1,retail,0,,,,,,,,43.73,30.0,0.0,0.0,10.679,0.0,19,hitl
373,2026-02-10 03:15,supplier_1,supplier,0,544.33,,,,,,,,,,,,,19,hitl
373,2026-02-10 03:15,farm_1,farm,0,,751.0,0.0286,,,,,,,,,,,19,hitl
373,2026-02-10 03:15,slaughterhouse_1,slaughterhouse,1,,,,112.0,400.0,,,,,,,,,19,hitl
373,2026-02-10 03:15,wholesaler_1,wholesaler,1,,,,,,0.0,2.2416,,,,,,,19,hitl
373,2026-02-10 03:15,retail_1,retail,0,,,,,,,,40.86,30.0,0.0,0.0,10.679,0.0,19,hitl
374,2026-02-10 03:30,supplier_1,supplier,0,543.28,,,,,,,,,,,,,19,hitl
374,2026-02-10 03:30,farm_1,farm,0,,751.0,0.0286,,,,,,,,,,,19,hitl
374,2026-02-10 03:30,slaughterhouse_1,slaughterhouse,1,,,,112.0,400.0,,,,,,,,,19,hitl
374,2026-02-10 03:30,wholesaler_1,wholesaler,1,,,,,,0.0,2.2416,,,,,,,19,hitl
374,2026-02-10 03:30,retail_1,retail,0,,,,,,,,37.94,30.0,0.0,0.0,10.679,0.0,19,hitl
375,2026-02-10 03:45,supplier_1,supplier,0,542.69,,,,,,,,,,,,,19,hitl
375,2026-02-10 03:45,farm_1,farm,0,,751.0,0.0286,,,,,,,,,,,19,hitl
375,2026-02-10 03:45,slaughterhouse_1,slaughterhouse,1,,,,112.0,400.0,,,,,,,,,19,hitl
375,2026-02-10 03:45,wholesaler_1,wholesaler,1,,,,,,0.0,2.2416,,,,,,,19,hitl
375,2026-02-10 03:45,retail_1,retail,0,,,,,,,,35.54,30.0,0.0,0.0,10.679,0.0,19,hitl
376,2026-02-10 04:00,supplier_1,supplier,0,541.2,,,,,,,,,,,,,19,hitl
376,2026-02-10 04:00,farm_1,farm,0,,751.0,0.0286,,,,,,,,,,,19,hitl
376,2026-02-10 04:00,slaughterhouse_1,slaughterhouse,1,,,,112.0,395.68,,,,,,,,,19,hitl
376,2026-02-10 04:00,wholesaler_1,wholesaler,1,,,,,,0.0,2.2416,,,,,,,19,hitl
376,2026-02-10 04:00,retail_1,retail,0,,,,,,,,32.78,30.0,0.0,0.0,10.679,0.0,19,hitl
377,2026-02-10 04:15,supplier_1,supplier,0,540.45,,,,,,,,,,,,,19,hitl
377,2026-02-10 04:15,farm_1,farm,0,,751.0,0.0286,,,,,,,,,,,19,hitl
377,2026-02-10 04:15,slaughterhouse_1,slaughterhouse,1,,,,112.0,399.04,,,,,,,,,19,hitl
377,2026-02-10 04:15,wholesaler_1,wholesaler,1,,,,,,4.32,2.2416,,,,,,,19,hitl
377,2026-02-10 04:15,retail_1,retail,0,,,,,,,,30.33,30.0,0.0,0.0,10.679,0.0,19,hitl
378,2026-02-10 04:30,supplier_1,supplier,0,539.17,,,,,,,,,,,,,19,hitl
378,2026-02-10 04:30,farm_1,farm,0,,751.0,0.0286,,,,,,,,,,,19,hitl
378,2026-02-10 04:30,slaughterhouse_1,slaughterhouse,1,,,,112.0,400.0,,,,,,,,,19,hitl
378,2026-02-10 04:30,wholesaler_1,wholesaler,1,,,,,,2.38,2.2416,,,,,,,19,hitl
378,2026-02-10 04:30,retail_1,retail,0,,,,,,,,27.89,30.0,0.0,0.25,10.679,0.0,19,hitl
379,2026-02-10 04:45,supplier_1,supplier,0,538.59,,,,,,,,,,,,,19,hitl
379,2026-02-10 04:45,farm_1,farm,0,,751.0,0.0286,,,,,,,,,,,19,hitl
379,2026-02-10 04:45,slaughterhouse_1,slaughterhouse,1,,,,112.0,400.0,,,,,,,,,19,hitl
379,2026-02-10 04:45,wholesaler_1,wholesaler,1,,,,,,0.0,2.2416,,,,,,,19,hitl
379,2026-02-10 04:45,retail_1,retail,0,,,,,,,,25.16,30.0,0.0,0.5,10.679,0.0,19,hitl
380,2026-02-10 05:00,supplier_1,supplier,0,537.15,,,,,,,,,,,,,19,hitl
380,2026-02-10 05:00,farm_1,farm,0,,751.0,0.0286,,,,,,,,,,,19,hitl
380,2026-02-10 05:00,slaughterhouse_1,slaughterhouse,1,,,,112.0,400.0,,,,,,,,,19,hitl
380,2026-02-10 05:00,wholesaler_1,wholesaler,1,,,,,,0.0,2.2416,,,,,,,19,hitl
380,2026-02-10 05:00,retail_1,retail,0,,,,,,,,22.55,30.0,0.0,0.75,10.679,0.0,19,hitl
381,2026-02-10 05:15,supplier_1,supplier,0,536.59,,,,,,,,,,,,,19,hitl
381,2026-02-10 05:15,farm_1,farm,0,,751.0,0.0286,,,,,,,,,,,19,hitl
381,2026-02-10 05:15,slaughterhouse_1,slaughterhouse,1,,,,112.0,400.0,,,,,,,,,19,hitl
381,2026-02-10 05:15,wholesaler_1,wholesaler,1,,,,,,0.0,2.2416,,,,,,,19,hitl
381,2026-02-10 05:15,retail_1,retail,0,,,,,,,,19.75,30.0,0.0,1.0,10.679,0.0,19,hitl
382,2026-02-10 05:30,supplier_1,supplier,0,535.25,,,,,,,,,,,,,19,hitl
382,2026-02-10 05:30,farm_1,farm,0,,751.0,0.0286,,,,,,,,,,,19,hitl
382,2026-02-10 05:30,slaughterhouse_1,slaughterhouse,1,,,,112.0,400.0,,,,,,,,,19,hitl
382,2026-02-10 05:30,wholesaler_1,wholesaler,1,,,,,,0.0,2.2416,,,,,,,19,hitl
382,2026-02-10 05:30,retail_1,retail,0,,,,,,,,16.85,30.0,0.0,1.25,10.679,0.0,19,hitl
383,2026-02-10 05:45,supplier_1,supplier,0,534.03,,,,,,,,,,,,,19,hitl
383,2026-02-10 05:45,farm_1,farm,0,,751.0,0.0286,,,,,,,,,,,19,hitl
383,2026-02-10 05:45,slaughterhouse_1,slaughterhouse,1,,,,112.0,400.0,,,,,,,,,19,hitl
383,2026-02-10 05:45,wholesaler_1,wholesaler,1,,,,,,0.0,2.2416,,,,,,,19,hitl
383,2026-02-10 05:45,retail_1,retail,0,,,,,,,,14.47,30.0,0.0,1.5,10.679,0.0,19,hitl
