tick,timestamp,node_id,node_type,disrupted,available_supply,production_capacity,mortality_rate,processing_capacity,output_stock,inventory_level,pending_shipments,retail_inventory,safety_stock,stockout_flag,shortage_duration,sales_rate,reorder_request,scenario_id,mode
0,2026-02-04 06:00,supplier_1,supplier,0,911.45,,,,,,,,,,,,,18,hitl
0,2026-02-04 06:00,farm_1,farm,0,,738.0,0.0215,,,,,,,,,,,18,hitl
0,2026-02-04 06:00,slaughterhouse_1,slaughterhouse,0,,,,419.0,238.19,,,,,,,,,18,hitl
0,2026-02-04 06:00,wholesaler_1,wholesaler,0,,,,,,164.8,0.0,,,,,,,18,hitl
0,2026-02-04 06:00,retail_1,retail,0,,,,,,,,87.52,30.0,0.0,0.0,2.8,0.0,18,hitl
1,2026-02-04 06:15,supplier_1,supplier,0,910.51,,,,,,,,,,,,,18,hitl
1,2026-02-04 06:15,farm_1,farm,0,,738.0,0.0215,,,,,,,,,,,18,hitl
1,2026-02-04 06:15,slaughterhouse_1,slaughterhouse,0,,,,419.0,249.34,,,,,,,,,18,hitl
1,2026-02-04 06:15,wholesaler_1,wholesaler,0,,,,,,187.22,0.0,,,,,,,18,hitl
1,2026-02-04 06:15,retail_1,retail,0,,,,,,,,94.82,30.0,0.0,0.0,2.8,0.0,18,hitl
2,2026-02-04 06:30,supplier_1,supplier,0,909.36,,,,,,,,,,,,,18,hitl
2,2026-02-04 06:30,farm_1,farm,0,,738.0,0.0215,,,,,,,,,,,18,hitl
2,2026-02-04 06:30,slaughterhouse_1,slaughterhouse,0,,,,419.0,261.42,,,,,,,,,18,hitl
2,2026-02-04 06:30,wholesaler_1,wholesaler,0,,,,,,185.35,0.0,,,,,,,18,hitl
2,2026-02-04 06:30,retail_1,retail,0,,,,,,,,94.12,30.0,0.0,0.0,2.8,0.0,18,hitl
3,2026-02-04 06:45,supplier_1,supplier,0,908.2,,,,,,,,,,,,,18,hitl
3,2026-02-04 06:45,farm_1,farm,0,,738.0,0.0215,,,,,,,,,,,18,hitl
3,2026-02-04 06:45,slaughterhouse_1,slaughterhouse,0,,,,419.0,273.75,,,,,,,,,18,hitl
3,2026-02-04 06:45,wholesaler_1,wholesaler,0,,,,,,182.53,0.0,,,,,,,18,hitl
3,2026-02-04 06:45,retail_1,retail,0,,,,,,,,93.41,30.0,0.0,0.0,2.8,0.0,18,hitl
4,2026-02-04 07:00,supplier_1,supplier,0,907.48,,,,,,,,,,,,,18,hitl
4,2026-02-04 07:00,farm_1,farm,0,,738.0,0.0215,,,,,,,,,,,18,hitl
4,2026-02-04 07:00,slaughterhouse_1,slaughterhouse,0,,,,419.0,285.17,,,,,,,,,18,hitl
4,2026-02-04 07:00,wholesaler_1,wholesaler,0,,,,,,172.8,0.0,,,,,,,18,hitl
4,2026-02-04 07:00,retail_1,retail,0,,,,,,,,92.74,30.0,0.0,0.0,2.8,0.0,18,hitl
5,2026-02-04 07:15,supplier_1,supplier,0,906.65,,,,,,,,,,,,,18,hitl
5,2026-02-04 07:15,farm_1,farm,0,,738.0,0.0215,,,,,,,,,,,18,hitl
5,2026-02-04 07:15,slaughterhouse_1,slaughterhouse,0,,,,419.0,295.88,,,,,,,,,18,hitl
5,2026-02-04 07:15,wholesaler_1,wholesaler,0,,,,,,170.99,0.0,,,,,,,18,hitl
5,2026-02-04 07:15,retail_1,retail,0,,,,,,,,99.99,30.0,0.0,0.0,2.8,0.0,18,hitl
6,2026-02-04 07:30,supplier_1,supplier,0,905.58,,,,,,,,,,,,,18,hitl
6,2026-02-04 07:30,farm_1,farm,0,,738.0,0.0215,,,,,,,,,,,18,hitl
6,2026-02-04 07:30,slaughterhouse_1,slaughterhouse,0,,,,419.0,308.38,,,,,,,,,18,hitl
6,2026-02-04 07:30,wholesaler_1,wholesaler,0,,,,,,168.87,0.0,,,,,,,18,hitl
6,2026-02-04 07:30,retail_1,retail,0,,,,,,,,99.36,30.0,0.0,0.0,2.8,0.0,18,hitl
7,2026-02-04 07:45,supplier_1,supplier,0,904.99,,,,,,,,,,,,,18,hitl
7,2026-02-04 07:45,farm_1,farm,0,,738.0,0.0215,,,,,,,,,,,18,hitl
7,2026-02-04 07:45,slaughterhouse_1,slaughterhouse,0,,,,419.0,320.85,,,,,,,,,18,hitl
7,2026-02-04 07:45,wholesaler_1,wholesaler,0,,,,,,166.34,0.0,,,,,,,18,hitl
7,2026-02-04 07:45,retail_1,retail,0,,,,,,,,98.73,30.0,0.0,0.0,2.8,0.0,18,hitl
8,2026-02-04 08:00,supplier_1,supplier,0,904.49,,,,,,,,,,,,,18,hitl
8,2026-02-04 08:00,farm_1,farm,0,,738.0,0.0215,,,,,,,,,,,18,hitl
8,2026-02-04 08:00,slaughterhouse_1,slaughterhouse,0,,,,419.0,308.23,,,,,,,,,18,hitl
8,2026-02-04 08:00,wholesaler_1,wholesaler,0,,,,,,157.28,0.0,,,,,,,18,hitl
8,2026-02-04 08:00,retail_1,retail,0,,,,,,,,97.97,30.0,0.0,0.0,2.8,0.0,18,hitl
9,2026-02-04 08:15,supplier_1,supplier,0,903.23,,,,,,,,,,,,,18,hitl
9,2026-02-04 08:15,farm_1,farm,0,,738.0,0.0215,,,,,,,,,,,18,hitl
9,2026-02-04 08:15,slaughterhouse_1,slaughterhouse,0,,,,419.0,319.04,,,,,,,,,18,hitl
9,2026-02-04 08:15,wholesaler_1,wholesaler,0,,,,,,178.61,0.0,,,,,,,18,hitl
9,2026-02-04 08:15,retail_1,retail,0,,,,,,,,104.27,30.0,0.0,0.0,2.8,0.0,18,hitl
10,2026-02-04 08:30,supplier_1,supplier,0,902.14,,,,,,,,,,,,,18,hitl
10,2026-02-04 08:30,farm_1,farm,0,,738.0,0.0215,,,,,,,,,,,18,hitl
10,2026-02-04 08:30,slaughterhouse_1,slaughterhouse,0,,,,419.0,330.62,,,,,,,,,18,hitl
10,2026-02-04 08:30,wholesaler_1,wholesaler,0,,,,,,175.76,0.0,,,,,,,18,hitl
10,2026-02-04 08:30,retail_1,retail,0,,,,,,,,103.61,30.0,0.0,0.0,2.8,0.0,18,hitl
11,2026-02-04 08:45,supplier_1,supplier,0,901.09,,,,,,,,,,,,,18,hitl
11,2026-02-04 08:45,farm_1,farm,0,,738.0,0.0215,,,,,,,,,,,18,hitl
11,2026-02-04 08:45,slaughterhouse_1,slaughterhouse,0,,,,419.0,342.08,,,,,,,,,18,hitl
11,2026-02-04 08:45,wholesaler_1,wholesaler,0,,,,,,172.88,0.0,,,,,,,18,hitl
11,2026-02-04 08:45,retail_1,retail,0,,,,,,,,102.91,30.0,0.0,0.0,2.8,0.0,18,hitl
12,2026-02-04 09:00,supplier_1,supplier,0,899.88,,,,,,,,,,,,,18,hitl
12,2026-02-04 09:00,farm_1,farm,0,,738.0,0.0215,,,,,,,,,,,18,hitl
12,2026-02-04 09:00,slaughterhouse_1,slaughterhouse,0,,,,419.0,353.79,,,,,,,,,18,hitl
12,2026-02-04 09:00,wholesaler_1,wholesaler,0,,,,,,167.76,0.0,,,,,,,18,hitl
12,2026-02-04 09:00,retail_1,retail,0,,,,,,,,102.28,30.0,0.0,0.0,2.8,0.0,18,hitl
13,2026-02-04 09:15,supplier_1,supplier,0,898.9,,,,,,,,,,,,,18,hitl
13,2026-02-04 09:15,farm_1,farm,0,,738.0,0.0215,,,,,,,,,,,18,hitl
13,2026-02-04 09:15,slaughterhouse_1,slaughterhouse,0,,,,419.0,365.21,,,,,,,,,18,hitl
13,2026-02-04 09:15,wholesaler_1,wholesaler,0,,,,,,165.2,0.0,,,,,,,18,hitl
13,2026-02-04 09:15,retail_1,retail,0,,,,,,,,104.33,30.0,0.0,0.0,2.8,0.0,18,hitl
14,2026-02-04 09:30,supplier_1,supplier,0,898.07,,,,,,,,,,,,,18,hitl
14,2026-02-04 09:30,farm_1,farm,0,,738.0,0.0215,,,,,,,,,,,18,hitl
14,2026-02-04 09:30,slaughterhouse_1,slaughterhouse,0,,,,419.0,377.67,,,,,,,,,18,hitl
14,2026-02-04 09:30,wholesaler_1,wholesaler,0,,,,,,162.97,0.0,,,,,,,18,hitl
14,2026-02-04 09:30,retail_1,retail,0,,,,,,,,103.7,30.0,0.0,0.0,2.8,0.0,18,hitl
15,2026-02-04 09:45,supplier_1,supplier,0,896.68,,,,,,,,,,,,,18,hitl
15,2026-02-04 09:45,farm_1,farm,0,,738.0,0.0215,,,,,,,,,,,18,hitl
15,2026-02-04 09:45,slaughterhouse_1,slaughterhouse,0,,,,419.0,389.55,,,,,,,,,18,hitl
15,2026-02-04 09:45,wholesaler_1,wholesaler,0,,,,,,160.02,0.0,,,,,,,18,hitl
15,2026-02-04 09:45,retail_1,retail,0,,,,,,,,103.0,30.0,0.0,0.0,2.8,0.0,18,hitl
16,2026-02-04 10:00,supplier_1,supplier,0,895.57,,,,,,,,,,,,,18,hitl
16,2026-02-04 10:00,farm_1,farm,0,,738.0,0.0215,,,,,,,,,,,18,hitl
16,2026-02-04 10:00,slaughterhouse_1,slaughterhouse,0,,,,419.0,376.0,,,,,,,,,18,hitl
16,2026-02-04 10:00,wholesaler_1,wholesaler,0,,,,,,155.39,0.0,,,,,,,18,hitl
16,2026-02-04 10:00,retail_1,retail,0,,,,,,,,102.38,30.0,0.0,0.0,2.8,0.0,18,hitl
17,2026-02-04 10:15,supplier_1,supplier,0,894.69,,,,,,,,,,,,,18,hitl
17,2026-02-04 10:15,farm_1,farm,0,,738.0,0.0215,,,,,,,,,,,18,hitl
17,2026-02-04 10:15,slaughterhouse_1,slaughterhouse,0,,,,419.0,387.48,,,,,,,,,18,hitl
17,2026-02-04 10:15,wholesaler_1,wholesaler,0,,,,,,177.88,0.0,,,,,,,18,hitl
17,2026-02-04 10:15,retail_1,retail,0,,,,,,,,104.38,30.0,0.0,0.0,2.8,0.0,18,hitl
18,2026-02-04 10:30,supplier_1,supplier,0,893.62,,,,,,,,,,,,,18,hitl
18,2026-02-04 10:30,farm_1,farm,0,,738.0,0.0215,,,,,,,,,,,18,hitl
18,2026-02-04 10:30,slaughterhouse_1,slaughterhouse,0,,,,419.0,398.72,,,,,,,,,18,hitl
18,2026-02-04 10:30,wholesaler_1,wholesaler,0,,,,,,175.83,0.0,,,,,,,18,hitl
18,2026-02-04 10:30,retail_1,retail,0,,,,,,,,103.71,30.0,0.0,0.0,2.8,0.0,18,hitl
19,2026-02-04 10:45,supplier_1,supplier,0,892.58,,,,,,,,,,,,,18,hitl
19,2026-02-04 10:45,farm_1,farm,0,,738.0,0.0215,,,,,,,,,,,18,hitl
19,2026-02-04 10:45,slaughterhouse_1,slaughterhouse,0,,,,419.0,400.0,,,,,,,,,18,hitl
19,2026-02-04 10:45,wholesaler_1,wholesaler,0,,,,,,173.18,0.0,,,,,,,18,hitl
19,2026-02-04 10:45,retail_1,retail,0,,,,,,,,102.96,30.0,0.0,0.0,2.8,0.0,18,hitl
20,2026-02-04 11:00,supplier_1,supplier,0,891.79,,,,,,,,,,,,,18,hitl
20,2026-02-04 11:00,farm_1,farm,0,,738.0,0.0215,,,,,,,,,,,18,hitl
20,2026-02-04 11:00,slaughterhouse_1,slaughterhouse,0,,,,419.0,400.0,,,,,,,,,18,hitl
20,2026-02-04 11:00,wholesaler_1,wholesaler,0,,,,,,167.81,0.0,,,,,,,18,hitl
20,2026-02-04 11:00,retail_1,retail,0,,,,,,,,102.26,30.0,0.0,0.0,2.8,0.0,18,hitl
21,2026-02-04 11:15,supplier_1,supplier,0,891.21,,,,,,,,,,,,,18,hitl
21,2026-02-04 11:15,farm_1,farm,0,,738.0,0.0215,,,,,,,,,,,18,hitl
21,2026-02-04 11:15,slaughterhouse_1,slaughterhouse,0,,,,419.0,400.0,,,,,,,,,18,hitl
21,2026-02-04 11:15,wholesaler_1,wholesaler,0,,,,,,165.64,0.0,,,,,,,18,hitl
21,2026-02-04 11:15,retail_1,retail,0,,,,,,,,104.37,30.0,0.0,0.0,2.8,0.0,18,hitl
22,2026-02-04 11:30,supplier_1,supplier,0,889.97,,,,,,,,,,,,,18,hitl
22,2026-02-04 11:30,farm_1,farm,0,,738.0,0.0215,,,,,,,,,,,18,hitl
22,2026-02-04 11:30,slaughterhouse_1,slaughterhouse,0,,,,419.0,400.0,,,,,,,,,18,hitl
22,2026-02-04 11:30,wholesaler_1,wholesaler,0,,,,,,164.04,0.0,,,,,,,18,hitl
22,2026-02-04 11:30,retail_1,retail,0,,,,,,,,103.7,30.0,0.0,0.0,2.8,0.0,18,hitl
23,2026-02-04 11:45,supplier_1,supplier,0,888.52,,,,,,,,,,,,,18,hitl
23,2026-02-04 11:45,farm_1,farm,0,,738.0,0.0215,,,,,,,,,,,18,hitl
23,2026-02-04 11:45,slaughterhouse_1,slaughterhouse,0,,,,419.0,400.0,,,,,,,,,18,hitl
23,2026-02-04 11:45,wholesaler_1,wholesaler,0,,,,,,162.1,0.0,,,,,,,18,hitl
23,2026-02-04 11:45,retail_1,retail,0,,,,,,,,103.02,30.0,0.0,0.0,2.8,0.0,18,hitl
24,2026-02-04 12:00,supplier_1,supplier,0,887.37,,,,,,,,,,,,,18,hitl
24,2026-02-04 12:00,farm_1,farm,0,,738.0,0.0215,,,,,,,,,,,18,hitl
24,2026-02-04 12:00,slaughterhouse_1,slaughterhouse,0,,,,419.0,376.0,,,,,,,,,18,hitl
24,2026-02-04 12:00,wholesaler_1,wholesaler,0,,,,,,157.82,0.0,,,,,,,18,hitl
24,2026-02-04 12:00,retail_1,retail,0,,,,,,,,102.4,30.0,0.0,0.0,2.8,0.0,18,hitl
25,2026-02-04 12:15,supplier_1,supplier,0,886.0,,,,,,,,,,,,,18,hitl
25,2026-02-04 12:15,farm_1,farm,0,,738.0,0.0215,,,,,,,,,,,18,hitl
25,2026-02-04 12:15,slaughterhouse_1,slaughterhouse,0,,,,419.0,387.47,,,,,,,,,18,hitl
25,2026-02-04 12:15,wholesaler_1,wholesaler,0,,,,,,179.67,0.0,,,,,,,18,hitl
25,2026-02-04 12:15,retail_1,retail,0,,,,,,,,104.28,30.0,0.0,0.0,2.8,0.0,18,hitl
26,2026-02-04 12:30,supplier_1,supplier,0,884.6,,,,,,,,,,,,,18,hitl
26,2026-02-04 12:30,farm_1,farm,0,,738.0,0.0215,,,,,,,,,,,18,hitl
26,2026-02-04 12:30,slaughterhouse_1,slaughterhouse,0,,,,419.0,399.26,,,,,,,,,18,hitl
26,2026-02-04 12:30,wholesaler_1,wholesaler,0,,,,,,177.79,0.0,,,,,,,18,hitl
26,2026-02-04 12:30,retail_1,retail,0,,,,,,,,103.52,30.0,0.0,0.0,2.8,0.0,18,hitl
27,2026-02-04 12:45,supplier_1,supplier,0,883.83,,,,,,,,,,,,,18,hitl
27,2026-02-04 12:45,farm_1,farm,0,,738.0,0.0215,,,,,,,,,,,18,hitl
27,2026-02-04 12:45,slaughterhouse_1,slaughterhouse,0,,,,419.0,400.0,,,,,,,,,18,hitl
27,2026-02-04 12:45,wholesaler_1,wholesaler,0,,,,,,175.87,0.0,,,,,,,18,hitl
27,2026-02-04 12:45,retail_1,retail,0,,,,,,,,102.79,30.0,0.0,0.0,2.8,0.0,18,hitl
28,2026-02-04 13:00,supplier_1,supplier,0,882.66,,,,,,,,,,,,,18,hitl
28,2026-02-04 13:00,farm_1,farm,0,,738.0,0.0215,,,,,,,,,,,18,hitl
28,2026-02-04 13:00,slaughterhouse_1,slaughterhouse,0,,,,419.0,400.0,,,,,,,,,18,hitl
28,2026-02-04 13:00,wholesaler_1,wholesaler,0,,,,,,171.42,0.0,,,,,,,18,hitl
28,2026-02-04 13:00,retail_1,retail,0,,,,,,,,102.1,30.0,0.0,0.0,2.8,0.0,18,hitl
29,2026-02-04 13:15,supplier_1,supplier,0,881.95,,,,,,,,,,,,,18,hitl
29,2026-02-04 13:15,farm_1,farm,0,,738.0,0.0215,,,,,,,,,,,18,hitl
29,2026-02-04 13:15,slaughterhouse_1,slaughterhouse,0,,,,419.0,400.0,,,,,,,,,18,hitl
29,2026-02-04 13:15,wholesaler_1,wholesaler,0,,,,,,168.46,0.0,,,,,,,18,hitl
29,2026-02-04 13:15,retail_1,retail,0,,,,,,,,104.22,30.0,0.0,0.0,2.8,0.0,18,hitl
30,2026-02-04 13:30,supplier_1,supplier,0,880.51,,,,,,,,,,,,,18,hitl
30,2026-02-04 13:30,farm_1,farm,0,,738.0,0.0215,,,,,,,,,,,18,hitl
30,2026-02-04 13:30,slaughterhouse_1,slaughterhouse,0,,,,419.0,400.0,,,,,,,,,18,hitl
30,2026-02-04 13:30,wholesaler_1,wholesaler,0,,,,,,165.97,0.0,,,,,,,18,hitl
30,2026-02-04 13:30,retail_1,retail,0,,,,,,,,103.44,30.0,0.0,0.0,2.8,0.0,18,hitl
31,2026-02-04 13:45,supplier_1,supplier,0,879.02,,,,,,,,,,,,,18,hitl
31,2026-02-04 13:45,farm_1,farm,0,,738.0,0.0215,,,,,,,,,,,18,hitl
31,2026-02-04 13:45,slaughterhouse_1,slaughterhouse,0,,,,419.0,400.0,,,,,,,,,18,hitl
31,2026-02-04 13:45,wholesaler_1,wholesaler,0,,,,,,164.13,0.0,,,,,,,18,hitl
31,2026-02-04 13:45,retail_1,retail,0,,,,,,,,102.76,30.0,0.0,0.0,2.8,0.0,18,hitl
32,2026-02-04 14:00,supplier_1,supplier,0,878.22,,,,,,,,,,,,,18,hitl
32,2026-02-04 14:00,farm_1,farm,0,,738.0,0.0215,,,,,,,,,,,18,hitl
32,2026-02-04 14:00,slaughterhouse_1,slaughterhouse,0,,,,419.0,376.0,,,,,,,,,18,hitl
32,2026-02-04 14:00,wholesaler_1,wholesaler,0,,,,,,159.55,0.0,,,,,,,18,hitl
32,2026-02-04 14:00,retail_1,retail,0,,,,,,,,102.09,30.0,0.0,0.0,2.8,0.0,18,hitl
33,2026-02-04 14:15,supplier_1,supplier,0,876.86,,,,,,,,,,,,,18,hitl
33,2026-02-04 14:15,farm_1,farm,0,,738.0,0.0215,,,,,,,,,,,18,hitl
33,2026-02-04 14:15,slaughterhouse_1,slaughterhouse,0,,,,419.0,387.17,,,,,,,,,18,hitl
33,2026-02-04 14:15,wholesaler_1,wholesaler,0,,,,,,181.49,0.0,,,,,,,18,hitl
33,2026-02-04 14:15,retail_1,retail,0,,,,,,,,104.36,30.0,0.0,0.0,2.8,0.0,18,hitl
34,2026-02-04 14:30,supplier_1,supplier,0,876.06,,,,,,,,,,,,,18,hitl
34,2026-02-04 14:30,farm_1,farm,0,,738.0,0.0215,,,,,,,,,,,18,hitl
34,2026-02-04 14:30,slaughterhouse_1,slaughterhouse,0,,,,419.0,398.18,,,,,,,,,18,hitl
34,2026-02-04 14:30,wholesaler_1,wholesaler,0,,,,,,178.6,0.0,,,,,,,18,hitl
34,2026-02-04 14:30,retail_1,retail,0,,,,,,,,103.6,30.0,0.0,0.0,2.8,0.0,18,hitl
35,2026-02-04 14:45,supplier_1,supplier,0,875.21,,,,,,,,,,,,,18,hitl
35,2026-02-04 14:45,farm_1,farm,0,,738.0,0.0215,,,,,,,,,,,18,hitl
35,2026-02-04 14:45,slaughterhouse_1,slaughterhouse,0,,,,419.0,400.0,,,,,,,,,18,hitl
35,2026-02-04 14:45,wholesaler_1,wholesaler,0,,,,,,175.78,0.0,,,,,,,18,hitl
35,2026-02-04 14:45,retail_1,retail,0,,,,,,,,102.91,30.0,0.0,0.0,2.8,0.0,18,hitl
36,2026-02-04 15:00,supplier_1,supplier,0,874.32,,,,,,,,,,,,,18,hitl
36,2026-02-04 15:00,farm_1,farm,1,,738.0,0.0215,,,,,,,,,,,18,hitl
36,2026-02-04 15:00,slaughterhouse_1,slaughterhouse,0,,,,339.5157,400.0,,,,,,,,,18,hitl
36,2026-02-04 15:00,wholesaler_1,wholesaler,0,,,,,,170.75,0.0,,,,,,,18,hitl
36,2026-02-04 15:00,retail_1,retail,0,,,,,,,,102.13,30.0,0.0,0.0,2.8,20.0,18,hitl
37,2026-02-04 15:15,supplier_1,supplier,0,872.97,,,,,,,,,,,,,18,hitl
37,2026-02-04 15:15,farm_1,farm,1,,738.0,0.0215,,,,,,,,,,,18,hitl
37,2026-02-04 15:15,slaughterhouse_1,slaughterhouse,0,,,,339.5157,400.0,,,,,,,,,18,hitl
37,2026-02-04 15:15,wholesaler_1,wholesaler,0,,,,,,168.46,0.0,,,,,,,18,hitl
37,2026-02-04 15:15,retail_1,retail,0,,,,,,,,104.23,30.0,0.0,0.0,2.8,20.0,18,hitl
38,2026-02-04 15:30,supplier_1,supplier,0,872.18,,,,,,,,,,,,,18,hitl
38,2026-02-04 15:30,farm_1,farm,1,,738.0,0.0215,,,,,,,,,,,18,hitl
38,2026-02-04 15:30,slaughterhouse_1,slaughterhouse,0,,,,339.5157,400.0,,,,,,,,,18,hitl
38,2026-02-04 15:30,wholesaler_1,wholesaler,0,,,,,,165.5,0.0,,,,,,,18,hitl
38,2026-02-04 15:30,retail_1,retail,0,,,,,,,,103.56,30.0,0.0,0.0,2.8,20.0,18,hitl
39,2026-02-04 15:45,supplier_1,supplier,0,871.04,,,,,,,,,,,,,18,hitl
39,2026-02-04 15:45,farm_1,farm,1,,738.0,0.0215,,,,,,,,,,,18,hitl
39,2026-02-04 15:45,slaughterhouse_1,slaughterhouse,0,,,,339.5157,400.0,,,,,,,,,18,hitl
39,2026-02-04 15:45,wholesaler_1,wholesaler,0,,,,,,163.5,0.0,,,,,,,18,hitl
39,2026-02-04 15:45,retail_1,retail,0,,,,,,,,102.94,30.0,0.0,0.0,2.8,20.0,18,hitl
40,2026-02-04 16:00,supplier_1,supplier,0,870.49,,,,,,,,,,,,,18,hitl
40,2026-02-04 16:00,farm_1,farm,1,,738.0,0.0215,,,,,,,,,,,18,hitl
40,2026-02-04 16:00,slaughterhouse_1,slaughterhouse,0,,,,339.5157,376.0,,,,,,,,,18,hitl
40,2026-02-04 16:00,wholesaler_1,wholesaler,0,,,,,,158.42,0.0,,,,,,,18,hitl
40,2026-02-04 16:00,retail_1,retail,0,,,,,,,,102.24,30.0,0.0,0.0,2.8,20.0,18,hitl
41,2026-02-04 16:15,supplier_1,supplier,0,869.51,,,,,,,,,,,,,18,hitl
41,2026-02-04 16:15,farm_1,farm,1,,738.0,0.0215,,,,,,,,,,,18,hitl
41,2026-02-04 16:15,slaughterhouse_1,slaughterhouse,0,,,,339.5157,385.95,,,,,,,,,18,hitl
41,2026-02-04 16:15,wholesaler_1,wholesaler,0,,,,,,179.72,0.0,,,,,,,18,hitl
41,2026-02-04 16:15,retail_1,retail,0,,,,,,,,104.35,30.0,0.0,0.0,2.8,20.0,18,hitl
42,2026-02-04 16:30,supplier_1,supplier,0,868.1,,,,,,,,,,,,,18,hitl
42,2026-02-04 16:30,farm_1,farm,1,,738.0,0.0215,,,,,,,,,,,18,hitl
42,2026-02-04 16:30,slaughterhouse_1,slaughterhouse,0,,,,339.5157,395.77,,,,,,,,,18,hitl
42,2026-02-04 16:30,wholesaler_1,wholesaler,0,,,,,,177.22,0.0,,,,,,,18,hitl
42,2026-02-04 16:30,retail_1,retail,0,,,,,,,,103.57,30.0,0.0,0.0,2.8,20.0,18,hitl
43,2026-02-04 16:45,supplier_1,supplier,0,866.98,,,,,,,,,,,,,18,hitl
43,2026-02-04 16:45,farm_1,farm,1,,738.0,0.0215,,,,,,,,,,,18,hitl
43,2026-02-04 16:45,slaughterhouse_1,slaughterhouse,0,,,,339.5157,400.0,,,,,,,,,18,hitl
43,2026-02-04 16:45,wholesaler_1,wholesaler,0,,,,,,174.56,0.0,,,,,,,18,hitl
43,2026-02-04 16:45,retail_1,retail,0,,,,,,,,102.84,30.0,0.0,0.0,2.8,20.0,18,hitl
44,2026-02-04 17:00,supplier_1,supplier,0,866.21,,,,,,,,,,,,,18,hitl
44,2026-02-04 17:00,farm_1,farm,1,,738.0,0.0215,,,,,,,,,,,18,hitl
44,2026-02-04 17:00,slaughterhouse_1,slaughterhouse,0,,,,339.5157,400.0,,,,,,,,,18,hitl
44,2026-02-04 17:00,wholesaler_1,wholesaler,0,,,,,,169.08,0.0,,,,,,,18,hitl
44,2026-02-04 17:00,retail_1,retail,0,,,,,,,,102.2,30.0,0.0,0.0,2.8,20.0,18,hitl
45,2026-02-04 17:15,supplier_1,supplier,0,864.78,,,,,,,,,,,,,18,hitl
45,2026-02-04 17:15,farm_1,farm,1,,738.0,0.0215,,,,,,,,,,,18,hitl
45,2026-02-04 17:15,slaughterhouse_1,slaughterhouse,0,,,,339.5157,400.0,,,,,,,,,18,hitl
45,2026-02-04 17:15,wholesaler_1,wholesaler,0,,,,,,166.84,0.0,,,,,,,18,hitl
45,2026-02-04 17:15,retail_1,retail,0,,,,,,,,104.24,30.0,0.0,0.0,2.8,20.0,18,hitl
46,2026-02-04 17:30,supplier_1,supplier,0,863.54,,,,,,,,,,,,,18,hitl
46,2026-02-04 17:30,farm_1,farm,1,,738.0,0.0215,,,,,,,,,,,18,hitl
46,2026-02-04 17:30,slaughterhouse_1,slaughterhouse,0,,,,339.5157,400.0,,,,,,,,,18,hitl
46,2026-02-04 17:30,wholesaler_1,wholesaler,0,,,,,,164.5,0.0,,,,,,,18,hitl
46,2026-02-04 17:30,retail_1,retail,0,,,,,,,,103.57,30.0,0.0,0.0,2.8,20.0,18,hitl
47,2026-02-04 17:45,supplier_1,supplier,0,862.69,,,,,,,,,,,,,18,hitl
47,2026-02-04 17:45,farm_1,farm,1,,738.0,0.0215,,,,,,,,,,,18,hitl
47,2026-02-04 17:45,slaughterhouse_1,slaughterhouse,0,,,,339.5157,400.0,,,,,,,,,18,hitl
47,2026-02-04 17:45,wholesaler_1,wholesaler,0,,,,,,161.81,0.0,,,,,,,18,hitl
47,2026-02-04 17:45,retail_1,retail,0,,,,,,,,102.94,30.0,0.0,0.0,2.8,20.0,18,hitl
48,2026-02-04 18:00,supplier_1,supplier,0,861.5,,,,,,,,,,,,,18,hitl
48,2026-02-04 18:00,farm_1,farm,1,,380.0,0.14,,,,,,,,,,,18,hitl
48,2026-02-04 18:00,slaughterhouse_1,slaughterhouse,0,,,,339.5157,376.0,,,,,,,,,18,hitl
48,2026-02-04 18:00,wholesaler_1,wholesaler,0,,,,,,156.8,0.0,,,,,,,18,hitl
48,2026-02-04 18:00,retail_1,retail,0,,,,,,,,102.27,30.0,0.0,0.0,2.8,20.0,18,hitl
49,2026-02-04 18:15,supplier_1,supplier,0,860.81,,,,,,,,,,,,,18,hitl
49,2026-02-04 18:15,farm_1,farm,1,,380.0,0.14,,,,,,,,,,,18,hitl
49,2026-02-04 18:15,slaughterhouse_1,slaughterhouse,0,,,,339.5157,385.12,,,,,,,,,18,hitl
49,2026-02-04 18:15,wholesaler_1,wholesaler,0,,,,,,178.74,0.0,,,,,,,18,hitl
49,2026-02-04 18:15,retail_1,retail,0,,,,,,,,104.24,30.0,0.0,0.0,2.8,20.0,18,hitl
50,2026-02-04 18:30,supplier_1,supplier,0,859.53,,,,,,,,,,,,,18,hitl
50,2026-02-04 18:30,farm_1,farm,1,,380.0,0.14,,,,,,,,,,,18,hitl
50,2026-02-04 18:30,slaughterhouse_1,slaughterhouse,0,,,,339.5157,395.23,,,,,,,,,18,hitl
50,2026-02-04 18:30,wholesaler_1,wholesaler,0,,,,,,176.6,0.0,,,,,,,18,hitl
50,2026-02-04 18:30,retail_1,retail,0,,,,,,,,103.6,30.0,0.0,0.0,2.8,20.0,18,hitl
51,2026-02-04 18:45,supplier_1,supplier,0,858.19,,,,,,,,,,,,,18,hitl
51,2026-02-04 18:45,farm_1,farm,1,,380.0,0.14,,,,,,,,,,,18,hitl
51,2026-02-04 18:45,slaughterhouse_1,slaughterhouse,0,,,,339.5157,400.0,,,,,,,,,18,hitl
51,2026-02-04 18:45,wholesaler_1,wholesaler,0,,,,,,175.03,0.0,,,,,,,18,hitl
51,2026-02-04 18:45,retail_1,retail,0,,,,,,,,102.93,30.0,0.0,0.0,2.8,20.0,18,hitl
52,2026-02-04 19:00,supplier_1,supplier,0,857.06,,,,,,,,,,,,,18,hitl
52,2026-02-04 19:00,farm_1,farm,1,,380.0,0.14,,,,,,,,,,,18,hitl
52,2026-02-04 19:00,slaughterhouse_1,slaughterhouse,0,,,,339.5157,400.0,,,,,,,,,18,hitl
52,2026-02-04 19:00,wholesaler_1,wholesaler,0,,,,,,170.28,0.0,,,,,,,18,hitl
52,2026-02-04 19:00,retail_1,retail,0,,,,,,,,102.28,30.0,0.0,0.0,2.8,20.0,18,hitl
53,2026-02-04 19:15,supplier_1,supplier,0,856.15,,,,,,,,,,,,,18,hitl
53,2026-02-04 19:15,farm_1,farm,1,,380.0,0.14,,,,,,,,,,,18,hitl
53,2026-02-04 19:15,slaughterhouse_1,slaughterhouse,0,,,,339.5157,400.0,,,,,,,,,18,hitl
53,2026-02-04 19:15,wholesaler_1,wholesaler,0,,,,,,167.98,0.0,,,,,,,18,hitl
53,2026-02-04 19:15,retail_1,retail,0,,,,,,,,104.25,30.0,0.0,0.0,2.8,20.0,18,hitl
54,2026-02-04 19:30,supplier_1,supplier,0,854.9,,,,,,,,,,,,,18,hitl
54,2026-02-04 19:30,farm_1,farm,1,,380.0,0.14,,,,,,,,,,,18,hitl
54,2026-02-04 19:30,slaughterhouse_1,slaughterhouse,0,,,,339.5157,400.0,,,,,,,,,18,hitl
54,2026-02-04 19:30,wholesaler_1,wholesaler,0,,,,,,165.73,0.0,,,,,,,18,hitl
54,2026-02-04 19:30,retail_1,retail,0,,,,,,,,103.51,30.0,0.0,0.0,2.8,20.0,18,hitl
55,2026-02-04 19:45,supplier_1,supplier,0,853.83,,,,,,,,,,,,,18,hitl
55,2026-02-04 19:45,farm_1,farm,1,,380.0,0.14,,,,,,,,,,,18,hitl
55,2026-02-04 19:45,slaughterhouse_1,slaughterhouse,0,,,,339.5157,400.0,,,,,,,,,18,hitl
55,2026-02-04 19:45,wholesaler_1,wholesaler,0,,,,,,163.46,0.0,,,,,,,18,hitl
55,2026-02-04 19:45,retail_1,retail,0,,,,,,,,102.87,30.0,0.0,0.0,2.8,20.0,18,hitl
56,2026-02-04 20:00,supplier_1,supplier,0,852.6,,,,,,,,,,,,,18,hitl
56,2026-02-04 20:00,farm_1,farm,1,,380.0,0.14,,,,,,,,,,,18,hitl
56,2026-02-04 20:00,slaughterhouse_1,slaughterhouse,0,,,,339.5157,376.0,,,,,,,,,18,hitl
56,2026-02-04 20:00,wholesaler_1,wholesaler,0,,,,,,158.53,0.0,,,,,,,18,hitl
56,2026-02-04 20:00,retail_1,retail,0,,,,,,,,102.09,30.0,0.0,0.0,2.8,20.0,18,hitl
57,2026-02-04 20:15,supplier_1,supplier,0,851.82,,,,,,,,,,,,,18,hitl
57,2026-02-04 20:15,farm_1,farm,1,,380.0,0.14,,,,,,,,,,,18,hitl
57,2026-02-04 20:15,slaughterhouse_1,slaughterhouse,0,,,,339.5157,385.26,,,,,,,,,18,hitl
57,2026-02-04 20:15,wholesaler_1,wholesaler,0,,,,,,180.0,0.0,,,,,,,18,hitl
57,2026-02-04 20:15,retail_1,retail,0,,,,,,,,104.33,30.0,0.0,0.0,2.8,20.0,18,hitl
58,2026-02-04 20:30,supplier_1,supplier,0,850.66,,,,,,,,,,,,,18,hitl
58,2026-02-04 20:30,farm_1,farm,1,,380.0,0.14,,,,,,,,,,,18,hitl
58,2026-02-04 20:30,slaughterhouse_1,slaughterhouse,0,,,,339.5157,394.29,,,,,,,,,18,hitl
58,2026-02-04 20:30,wholesaler_1,wholesaler,0,,,,,,177.72,0.0,,,,,,,18,hitl
58,2026-02-04 20:30,retail_1,retail,0,,,,,,,,103.63,30.0,0.0,0.0,2.8,20.0,18,hitl
59,2026-02-04 20:45,supplier_1,supplier,0,849.95,,,,,,,,,,,,,18,hitl
59,2026-02-04 20:45,farm_1,farm,1,,380.0,0.14,,,,,,,,,,,18,hitl
59,2026-02-04 20:45,slaughterhouse_1,slaughterhouse,0,,,,339.5157,400.0,,,,,,,,,18,hitl
59,2026-02-04 20:45,wholesaler_1,wholesaler,0,,,,,,175.92,0.0,,,,,,,18,hitl
59,2026-02-04 20:45,retail_1,retail,0,,,,,,,,102.94,30.0,0.0,0.0,2.8,20.0,18,hitl
60,2026-02-04 21:00,supplier_1,supplier,0,848.66,,,,,,,,,,,,,18,hitl
60,2026-02-04 21:00,farm_1,farm,1,,380.0,0.14,,,,,,,,,,,18,hitl
60,2026-02-04 21:00,slaughterhouse_1,slaughterhouse,0,,,,339.5157,400.0,,,,,,,,,18,hitl
60,2026-02-04 21:00,wholesaler_1,wholesaler,0,,,,,,170.88,0.0,,,,,,,18,hitl
60,2026-02-04 21:00,retail_1,retail,0,,,,,,,,102.3,30.0,0.0,0.0,2.8,20.0,18,hitl
61,2026-02-04 21:15,supplier_1,supplier,0,847.22,,,,,,,,,,,,,18,hitl
61,2026-02-04 21:15,farm_1,farm,1,,380.0,0.14,,,,,,,,,,,18,hitl
61,2026-02-04 21:15,slaughterhouse_1,slaughterhouse,0,,,,339.5157,400.0,,,,,,,,,18,hitl
61,2026-02-04 21:15,wholesaler_1,wholesaler,0,,,,,,168.69,0.0,,,,,,,18,hitl
61,2026-02-04 21:15,retail_1,retail,0,,,,,,,,104.37,30.0,0.0,0.0,2.8,20.0,18,hitl
62,2026-02-04 21:30,supplier_1,supplier,0,845.83,,,,,,,,,,,,,18,hitl
62,2026-02-04 21:30,farm_1,farm,1,,380.0,0.14,,,,,,,,,,,18,hitl
62,2026-02-04 21:30,slaughterhouse_1,slaughterhouse,0,,,,339.5157,400.0,,,,,,,,,18,hitl
62,2026-02-04 21:30,wholesaler_1,wholesaler,0,,,,,,166.33,0.0,,,,,,,18,hitl
62,2026-02-04 21:30,retail_1,retail,0,,,,,,,,103.67,30.0,0.0,0.0,2.8,20.0,18,hitl
63,2026-02-04 21:45,supplier_1,supplier,0,844.52,,,,,,,,,,,,,18,hitl
63,2026-02-04 21:45,farm_1,farm,1,,380.0,0.14,,,,,,,,,,,18,hitl
63,2026-02-04 21:45,slaughterhouse_1,slaughterhouse,0,,,,339.5157,400.0,,,,,,,,,18,hitl
63,2026-02-04 21:45,wholesaler_1,wholesaler,0,,,,,,164.08,0.0,,,,,,,18,hitl
63,2026-02-04 21:45,retail_1,retail,0,,,,,,,,102.97,30.0,0.0,0.0,2.8,20.0,18,hitl
64,2026-02-04 22:00,supplier_1,supplier,0,843.45,,,,,,,,,,,,,18,hitl
64,2026-02-04 22:00,farm_1,farm,1,,380.0,0.14,,,,,,,,,,,18,hitl
64,2026-02-04 22:00,slaughterhouse_1,slaughterhouse,0,,,,339.5157,376.0,,,,,,,,,18,hitl
64,2026-02-04 22:00,wholesaler_1,wholesaler,0,,,,,,158.97,0.0,,,,,,,18,hitl
64,2026-02-04 22:00,retail_1,retail,0,,,,,,,,102.29,30.0,0.0,0.0,2.8,20.0,18,hitl
65,2026-02-04 22:15,supplier_1,supplier,0,842.05,,,,,,,,,,,,,18,hitl
65,2026-02-04 22:15,farm_1,farm,1,,380.0,0.14,,,,,,,,,,,18,hitl
65,2026-02-04 22:15,slaughterhouse_1,slaughterhouse,0,,,,339.5157,384.97,,,,,,,,,18,hitl
65,2026-02-04 22:15,wholesaler_1,wholesaler,0,,,,,,181.14,0.0,,,,,,,18,hitl
65,2026-02-04 22:15,retail_1,retail,0,,,,,,,,104.24,30.0,0.0,0.0,2.8,20.0,18,hitl
66,2026-02-04 22:30,supplier_1,supplier,0,840.7,,,,,,,,,,,,,18,hitl
66,2026-02-04 22:30,farm_1,farm,1,,380.0,0.14,,,,,,,,,,,18,hitl
66,2026-02-04 22:30,slaughterhouse_1,slaughterhouse,0,,,,339.5157,394.3,,,,,,,,,18,hitl
66,2026-02-04 22:30,wholesaler_1,wholesaler,0,,,,,,178.49,0.0,,,,,,,18,hitl
66,2026-02-04 22:30,retail_1,retail,0,,,,,,,,103.53,30.0,0.0,0.0,2.8,20.0,18,hitl
67,2026-02-04 22:45,supplier_1,supplier,0,839.63,,,,,,,,,,,,,18,hitl
67,2026-02-04 22:45,farm_1,farm,1,,380.0,0.14,,,,,,,,,,,18,hitl
67,2026-02-04 22:45,slaughterhouse_1,slaughterhouse,0,,,,339.5157,400.0,,,,,,,,,18,hitl
67,2026-02-04 22:45,wholesaler_1,wholesaler,0,,,,,,176.04,0.0,,,,,,,18,hitl
67,2026-02-04 22:45,retail_1,retail,0,,,,,,,,102.76,30.0,0.0,0.0,2.8,20.0,18,hitl
68,2026-02-04 23:00,supplier_1,supplier,0,838.91,,,,,,,,,,,,,18,hitl
68,2026-02-04 23:00,farm_1,farm,1,,380.0,0.14,,,,,,,,,,,18,hitl
68,2026-02-04 23:00,slaughterhouse_1,slaughterhouse,0,,,,339.5157,400.0,,,,,,,,,18,hitl
68,2026-02-04 23:00,wholesaler_1,wholesaler,0,,,,,,171.17,0.0,,,,,,,18,hitl
68,2026-02-04 23:00,retail_1,retail,0,,,,,,,,102.01,30.0,0.0,0.0,2.8,20.0,18,hitl
69,2026-02-04 23:15,supplier_1,supplier,0,837.85,,,,,,,,,,,,,18,hitl
69,2026-02-04 23:15,farm_1,farm,1,,380.0,0.14,,,,,,,,,,,18,hitl
69,2026-02-04 23:15,slaughterhouse_1,slaughterhouse,0,,,,339.5157,400.0,,,,,,,,,18,hitl
69,2026-02-04 23:15,wholesaler_1,wholesaler,0,,,,,,169.16,0.0,,,,,,,18,hitl
69,2026-02-04 23:15,retail_1,retail,0,,,,,,,,104.28,30.0,0.0,0.0,2.8,20.0,18,hitl
70,2026-02-04 23:30,supplier_1,supplier,0,836.44,,,,,,,,,,,,,18,hitl
70,2026-02-04 23:30,farm_1,farm,1,,380.0,0.14,,,,,,,,,,,18,hitl
70,2026-02-04 23:30,slaughterhouse_1,slaughterhouse,0,,,,339.5157,400.0,,,,,,,,,18,hitl
70,2026-02-04 23:30,wholesaler_1,wholesaler,0,,,,,,167.05,0.0,,,,,,,18,hitl
70,2026-02-04 23:30,retail_1,retail,0,,,,,,,,103.54,30.0,0.0,0.0,2.8,20.0,18,hitl
71,2026-02-04 23:45,supplier_1,supplier,0,835.13,,,,,,,,,,,,,18,hitl
71,2026-02-04 23:45,farm_1,farm,1,,380.0,0.14,,,,,,,,,,,18,hitl
71,2026-02-04 23:45,slaughterhouse_1,slaughterhouse,0,,,,339.5157,400.0,,,,,,,,,18,hitl
71,2026-02-04 23:45,wholesaler_1,wholesaler,0,,,,,,165.33,0.0,,,,,,,18,hitl
71,2026-02-04 23:45,retail_1,retail,0,,,,,,,,102.79,30.0,0.0,0.0,2.8,20.0,18,hitl
72,2026-02-05 00:00,supplier_1,supplier,0,834.06,,,,,,,,,,,,,18,hitl
72,2026-02-05 00:00,farm_1,farm,1,,380.0,0.14,,,,,,,,,,,18,hitl
72,2026-02-05 00:00,slaughterhouse_1,slaughterhouse,0,,,,339.5157,376.0,,,,,,,,,18,hitl
72,2026-02-05 00:00,wholesaler_1,wholesaler,0,,,,,,159.91,0.0,,,,,,,18,hitl
72,2026-02-05 00:00,retail_1,retail,0,,,,,,,,102.06,30.0,0.0,0.0,2.8,20.0,18,hitl
73,2026-02-05 00:15,supplier_1,supplier,0,832.59,,,,,,,,,,,,,18,hitl
73,2026-02-05 00:15,farm_1,farm,1,,380.0,0.14,,,,,,,,,,,18,hitl
73,2026-02-05 00:15,slaughterhouse_1,slaughterhouse,0,,,,339.5157,385.97,,,,,,,,,18,hitl
73,2026-02-05 00:15,wholesaler_1,wholesaler,0,,,,,,181.13,0.0,,,,,,,18,hitl
73,2026-02-05 00:15,retail_1,retail,0,,,,,,,,104.32,30.0,0.0,0.0,2.8,20.0,18,hitl
74,2026-02-05 00:30,supplier_1,supplier,0,831.25,,,,,,,,,,,,,18,hitl
74,2026-02-05 00:30,farm_1,farm,1,,380.0,0.14,,,,,,,,,,,18,hitl
74,2026-02-05 00:30,slaughterhouse_1,slaughterhouse,0,,,,339.5157,395.53,,,,,,,,,18,hitl
74,2026-02-05 00:30,wholesaler_1,wholesaler,0,,,,,,178.51,0.0,,,,,,,18,hitl
74,2026-02-05 00:30,retail_1,retail,0,,,,,,,,103.64,30.0,0.0,0.0,2.8,20.0,18,hitl
75,2026-02-05 00:45,supplier_1,supplier,0,830.5,,,,,,,,,,,,,18,hitl
75,2026-02-05 00:45,farm_1,farm,1,,380.0,0.14,,,,,,,,,,,18,hitl
75,2026-02-05 00:45,slaughterhouse_1,slaughterhouse,0,,,,339.5157,400.0,,,,,,,,,18,hitl
75,2026-02-05 00:45,wholesaler_1,wholesaler,0,,,,,,175.73,0.0,,,,,,,18,hitl
75,2026-02-05 00:45,retail_1,retail,0,,,,,,,,102.89,30.0,0.0,0.0,2.8,20.0,18,hitl
76,2026-02-05 01:00,supplier_1,supplier,0,829.54,,,,,,,,,,,,,18,hitl
76,2026-02-05 01:00,farm_1,farm,1,,380.0,0.14,,,,,,,,,,,18,hitl
76,2026-02-05 01:00,slaughterhouse_1,slaughterhouse,0,,,,339.5157,400.0,,,,,,,,,18,hitl
76,2026-02-05 01:00,wholesaler_1,wholesaler,0,,,,,,170.67,0.0,,,,,,,18,hitl
76,2026-02-05 01:00,retail_1,retail,0,,,,,,,,102.2,30.0,0.0,0.0,2.8,20.0,18,hitl
77,2026-02-05 01:15,supplier_1,supplier,0,828.86,,,,,,,,,,,,,18,hitl
77,2026-02-05 01:15,farm_1,farm,1,,380.0,0.14,,,,,,,,,,,18,hitl
77,2026-02-05 01:15,slaughterhouse_1,slaughterhouse,0,,,,339.5157,400.0,,,,,,,,,18,hitl
77,2026-02-05 01:15,wholesaler_1,wholesaler,0,,,,,,168.86,0.0,,,,,,,18,hitl
77,2026-02-05 01:15,retail_1,retail,0,,,,,,,,104.23,30.0,0.0,0.0,2.8,20.0,18,hitl
78,2026-02-05 01:30,supplier_1,supplier,0,827.5,,,,,,,,,,,,,18,hitl
78,2026-02-05 01:30,farm_1,farm,1,,380.0,0.14,,,,,,,,,,,18,hitl
78,2026-02-05 01:30,slaughterhouse_1,slaughterhouse,0,,,,339.5157,400.0,,,,,,,,,18,hitl
78,2026-02-05 01:30,wholesaler_1,wholesaler,0,,,,,,166.3,0.0,,,,,,,18,hitl
78,2026-02-05 01:30,retail_1,retail,0,,,,,,,,103.52,30.0,0.0,0.0,2.8,20.0,18,hitl
79,2026-02-05 01:45,supplier_1,supplier,0,826.42,,,,,,,,,,,,,18,hitl
79,2026-02-05 01:45,farm_1,farm,1,,380.0,0.14,,,,,,,,,,,18,hitl
79,2026-02-05 01:45,slaughterhouse_1,slaughterhouse,0,,,,339.5157,400.0,,,,,,,,,18,hitl
79,2026-02-05 01:45,wholesaler_1,wholesaler,0,,,,,,164.21,0.0,,,,,,,18,hitl
79,2026-02-05 01:45,retail_1,retail,0,,,,,,,,102.78,30.0,0.0,0.0,2.8,20.0,18,hitl
80,2026-02-05 02:00,supplier_1,supplier,0,825.47,,,,,,,,,,,,,18,hitl
80,2026-02-05 02:00,farm_1,farm,1,,380.0,0.14,,,,,,,,,,,18,hitl
80,2026-02-05 02:00,slaughterhouse_1,slaughterhouse,0,,,,339.5157,376.0,,,,,,,,,18,hitl
80,2026-02-05 02:00,wholesaler_1,wholesaler,0,,,,,,158.99,0.0,,,,,,,18,hitl
80,2026-02-05 02:00,retail_1,retail,0,,,,,,,,102.14,30.0,0.0,0.0,2.8,20.0,18,hitl
81,2026-02-05 02:15,supplier_1,supplier,0,824.95,,,,,,,,,,,,,18,hitl
81,2026-02-05 02:15,farm_1,farm,1,,380.0,0.14,,,,,,,,,,,18,hitl
81,2026-02-05 02:15,slaughterhouse_1,slaughterhouse,0,,,,339.5157,384.98,,,,,,,,,18,hitl
81,2026-02-05 02:15,wholesaler_1,wholesaler,0,,,,,,180.11,0.0,,,,,,,18,hitl
81,2026-02-05 02:15,retail_1,retail,0,,,,,,,,104.34,30.0,0.0,0.0,2.8,20.0,18,hitl
82,2026-02-05 02:30,supplier_1,supplier,0,823.9,,,,,,,,,,,,,18,hitl
82,2026-02-05 02:30,farm_1,farm,1,,380.0,0.14,,,,,,,,,,,18,hitl
82,2026-02-05 02:30,slaughterhouse_1,slaughterhouse,0,,,,339.5157,394.34,,,,,,,,,18,hitl
82,2026-02-05 02:30,wholesaler_1,wholesaler,0,,,,,,177.49,0.0,,,,,,,18,hitl
82,2026-02-05 02:30,retail_1,retail,0,,,,,,,,103.63,30.0,0.0,0.0,2.8,20.0,18,hitl
83,2026-02-05 02:45,supplier_1,supplier,0,822.41,,,,,,,,,,,,,18,hitl
83,2026-02-05 02:45,farm_1,farm,1,,380.0,0.14,,,,,,,,,,,18,hitl
83,2026-02-05 02:45,slaughterhouse_1,slaughterhouse,0,,,,339.5157,400.0,,,,,,,,,18,hitl
83,2026-02-05 02:45,wholesaler_1,wholesaler,0,,,,,,175.07,0.0,,,,,,,18,hitl
83,2026-02-05 02:45,retail_1,retail,0,,,,,,,,102.88,30.0,0.0,0.0,2.8,20.0,18,hitl
84,2026-02-05 03:00,supplier_1,supplier,0,821.84,,,,,,,,,,,,,18,hitl
84,2026-02-05 03:00,farm_1,farm,1,,380.0,0.14,,,,,,,,,,,18,hitl
84,2026-02-05 03:00,slaughterhouse_1,slaughterhouse,0,,,,339.5157,400.0,,,,,,,,,18,hitl
84,2026-02-05 03:00,wholesaler_1,wholesaler,0,,,,,,169.43,0.0,,,,,,,18,hitl
84,2026-02-05 03:00,retail_1,retail,0,,,,,,,,102.14,30.0,0.0,0.0,2.8,20.0,18,hitl
85,2026-02-05 03:15,supplier_1,supplier,0,820.64,,,,,,,,,,,,,18,hitl
85,2026-02-05 03:15,farm_1,farm,1,,380.0,0.14,,,,,,,,,,,18,hitl
85,2026-02-05 03:15,slaughterhouse_1,slaughterhouse,0,,,,339.5157,400.0,,,,,,,,,18,hitl
85,2026-02-05 03:15,wholesaler_1,wholesaler,0,,,,,,166.8,0.0,,,,,,,18,hitl
85,2026-02-05 03:15,retail_1,retail,0,,,,,,,,104.3,30.0,0.0,0.0,2.8,20.0,18,hitl
86,2026-02-05 03:30,supplier_1,supplier,0,820.11,,,,,,,,,,,,,18,hitl
86,2026-02-05 03:30,farm_1,farm,1,,380.0,0.14,,,,,,,,,,,18,hitl
86,2026-02-05 03:30,slaughterhouse_1,slaughterhouse,0,,,,339.5157,400.0,,,,,,,,,18,hitl
86,2026-02-05 03:30,wholesaler_1,wholesaler,0,,,,,,165.08,0.0,,,,,,,18,hitl
86,2026-02-05 03:30,retail_1,retail,0,,,,,,,,103.58,30.0,0.0,0.0,2.8,20.0,18,hitl
87,2026-02-05 03:45,supplier_1,supplier,0,819.17,,,,,,,,,,,,,18,hitl
87,2026-02-05 03:45,farm_1,farm,1,,380.0,0.14,,,,,,,,,,,18,hitl
87,2026-02-05 03:45,slaughterhouse_1,slaughterhouse,0,,,,339.5157,400.0,,,,,,,,,18,hitl
87,2026-02-05 03:45,wholesaler_1,wholesaler,0,,,,,,162.77,0.0,,,,,,,18,hitl
87,2026-02-05 03:45,retail_1,retail,0,,,,,,,,102.96,30.0,0.0,0.0,2.8,20.0,18,hitl
88,2026-02-05 04:00,supplier_1,supplier,0,817.96,,,,,,,,,,,,,18,hitl
88,2026-02-05 04:00,farm_1,farm,1,,380.0,0.14,,,,,,,,,,,18,hitl
88,2026-02-05 04:00,slaughterhouse_1,slaughterhouse,0,,,,339.5157,376.0,,,,,,,,,18,hitl
88,2026-02-05 04:00,wholesaler_1,wholesaler,0,,,,,,158.52,0.0,,,,,,,18,hitl
88,2026-02-05 04:00,retail_1,retail,0,,,,,,,,102.28,30.0,0.0,0.0,2.8,20.0,18,hitl
89,2026-02-05 04:15,supplier_1,supplier,0,817.14,,,,,,,,,,,,,18,hitl
89,2026-02-05 04:15,farm_1,farm,1,,380.0,0.14,,,,,,,,,,,18,hitl
89,2026-02-05 04:15,slaughterhouse_1,slaughterhouse,0,,,,339.5157,385.97,,,,,,,,,18,hitl
89,2026-02-05 04:15,wholesaler_1,wholesaler,0,,,,,,180.39,0.0,,,,,,,18,hitl
89,2026-02-05 04:15,retail_1,retail,0,,,,,,,,104.34,30.0,0.0,0.0,2.8,20.0,18,hitl
90,2026-02-05 04:30,supplier_1,supplier,0,816.51,,,,,,,,,,,,,18,hitl
90,2026-02-05 04:30,farm_1,farm,1,,380.0,0.14,,,,,,,,,,,18,hitl
90,2026-02-05 04:30,slaughterhouse_1,slaughterhouse,0,,,,339.5157,395.21,,,,,,,,,18,hitl
90,2026-02-05 04:30,wholesaler_1,wholesaler,0,,,,,,177.79,0.0,,,,,,,18,hitl
90,2026-02-05 04:30,retail_1,retail,0,,,,,,,,103.7,30.0,0.0,0.0,2.8,20.0,18,hitl
91,2026-02-05 04:45,supplier_1,supplier,0,815.97,,,,,,,,,,,,,18,hitl
91,2026-02-05 04:45,farm_1,farm,1,,380.0,0.14,,,,,,,,,,,18,hitl
91,2026-02-05 04:45,slaughterhouse_1,slaughterhouse,0,,,,339.5157,400.0,,,,,,,,,18,hitl
91,2026-02-05 04:45,wholesaler_1,wholesaler,0,,,,,,175.77,0.0,,,,,,,18,hitl
91,2026-02-05 04:45,retail_1,retail,0,,,,,,,,102.93,30.0,0.0,0.0,2.8,20.0,18,hitl
92,2026-02-05 05:00,supplier_1,supplier,0,815.17,,,,,,,,,,,,,18,hitl
92,2026-02-05 05:00,farm_1,farm,1,,380.0,0.14,,,,,,,,,,,18,hitl
92,2026-02-05 05:00,slaughterhouse_1,slaughterhouse,0,,,,339.5157,400.0,,,,,,,,,18,hitl
92,2026-02-05 05:00,wholesaler_1,wholesaler,0,,,,,,171.14,0.0,,,,,,,18,hitl
92,2026-02-05 05:00,retail_1,retail,0,,,,,,,,102.2,30.0,0.0,0.0,2.8,20.0,18,hitl
93,2026-02-05 05:15,supplier_1,supplier,0,814.5,,,,,,,,,,,,,18,hitl
93,2026-02-05 05:15,farm_1,farm,1,,380.0,0.14,,,,,,,,,,,18,hitl
93,2026-02-05 05:15,slaughterhouse_1,slaughterhouse,0,,,,339.5157,400.0,,,,,,,,,18,hitl
93,2026-02-05 05:15,wholesaler_1,wholesaler,0,,,,,,168.25,0.0,,,,,,,18,hitl
93,2026-02-05 05:15,retail_1,retail,0,,,,,,,,104.36,30.0,0.0,0.0,2.8,20.0,18,hitl
94,2026-02-05 05:30,supplier_1,supplier,0,813.48,,,,,,,,,,,,,18,hitl
94,2026-02-05 05:30,farm_1,farm,1,,380.0,0.14,,,,,,,,,,,18,hitl
94,2026-02-05 05:30,slaughterhouse_1,slaughterhouse,0,,,,339.5157,400.0,,,,,,,,,18,hitl
94,2026-02-05 05:30,wholesaler_1,wholesaler,0,,,,,,166.21,0.0,,,,,,,18,hitl
94,2026-02-05 05:30,retail_1,retail,0,,,,,,,,103.7,30.0,0.0,0.0,2.8,20.0,18,hitl
95,2026-02-05 05:45,supplier_1,supplier,0,812.85,,,,,,,,,,,,,18,hitl
95,2026-02-05 05:45,farm_1,farm,1,,380.0,0.14,,,,,,,,,,,18,hitl
95,2026-02-05 05:45,slaughterhouse_1,slaughterhouse,0,,,,339.5157,400.0,,,,,,,,,18,hitl
95,2026-02-05 05:45,wholesaler_1,wholesaler,0,,,,,,163.29,0.0,,,,,,,18,hitl
95,2026-02-05 05:45,retail_1,retail,0,,,,,,,,102.95,30.0,0.0,0.0,2.8,20.0,18,hitl
96,2026-02-05 06:00,supplier_1,supplier,0,811.68,,,,,,,,,,,,,18,hitl
96,2026-02-05 06:00,farm_1,farm,1,,380.0,0.14,,,,,,,,,,,18,hitl
96,2026-02-05 06:00,slaughterhouse_1,slaughterhouse,1,,,,175.0,82.21,,,,,,,,,18,hitl
96,2026-02-05 06:00,wholesaler_1,wholesaler,0,,,,,,158.62,0.0,,,,,,,18,hitl
96,2026-02-05 06:00,retail_1,retail,0,,,,,,,,102.17,30.0,0.0,0.0,2.8,20.0,18,hitl
97,2026-02-05 06:15,supplier_1,supplier,0,810.76,,,,,,,,,,,,,18,hitl
97,2026-02-05 06:15,farm_1,farm,1,,380.0,0.14,,,,,,,,,,,18,hitl
97,2026-02-05 06:15,slaughterhouse_1,slaughterhouse,1,,,,175.0,87.43,,,,,,,,,18,hitl
97,2026-02-05 06:15,wholesaler_1,wholesaler,0,,,,,,160.69,0.0,,,,,,,18,hitl
97,2026-02-05 06:15,retail_1,retail,0,,,,,,,,104.27,30.0,0.0,0.0,2.8,20.0,18,hitl
98,2026-02-05 06:30,supplier_1,supplier,0,810.18,,,,,,,,,,,,,18,hitl
98,2026-02-05 06:30,farm_1,farm,1,,380.0,0.14,,,,,,,,,,,18,hitl
98,2026-02-05 06:30,slaughterhouse_1,slaughterhouse,1,,,,175.0,92.47,,,,,,,,,18,hitl
98,2026-02-05 06:30,wholesaler_1,wholesaler,0,,,,,,159.16,0.0,,,,,,,18,hitl
98,2026-02-05 06:30,retail_1,retail,0,,,,,,,,103.63,30.0,0.0,0.0,2.8,20.0,18,hitl
99,2026-02-05 06:45,supplier_1,supplier,0,808.76,,,,,,,,,,,,,18,hitl
99,2026-02-05 06:45,farm_1,farm,1,,380.0,0.14,,,,,,,,,,,18,hitl
99,2026-02-05 06:45,slaughterhouse_1,slaughterhouse,1,,,,175.0,97.56,,,,,,,,,18,hitl
99,2026-02-05 06:45,wholesaler_1,wholesaler,0,,,,,,157.09,0.0,,,,,,,18,hitl
99,2026-02-05 06:45,retail_1,retail,0,,,,,,,,102.87,30.0,0.0,0.0,2.8,20.0,18,hitl
100,2026-02-05 07:00,supplier_1,supplier,0,808.14,,,,,,,,,,,,,18,hitl
100,2026-02-05 07:00,farm_1,farm,1,,380.0,0.14,,,,,,,,,,,18,hitl
100,2026-02-05 07:00,slaughterhouse_1,slaughterhouse,1,,,,175.0,102.53,,,,,,,,,18,hitl
100,2026-02-05 07:00,wholesaler_1,wholesaler,0,,,,,,152.5,0.0,,,,,,,18,hitl
100,2026-02-05 07:00,retail_1,retail,0,,,,,,,,102.15,30.0,0.0,0.0,2.8,20.0,18,hitl
101,2026-02-05 07:15,supplier_1,supplier,0,807.18,,,,,,,,,,,,,18,hitl
101,2026-02-05 07:15,farm_1,farm,1,,380.0,0.14,,,,,,,,,,,18,hitl
101,2026-02-05 07:15,slaughterhouse_1,slaughterhouse,1,,,,175.0,107.29,,,,,,,,,18,hitl
101,2026-02-05 07:15,wholesaler_1,wholesaler,0,,,,,,150.44,0.0,,,,,,,18,hitl
101,2026-02-05 07:15,retail_1,retail,0,,,,,,,,104.34,30.0,0.0,0.0,2.8,20.0,18,hitl
102,2026-02-05 07:30,supplier_1,supplier,0,806.22,,,,,,,,,,,,,18,hitl
102,2026-02-05 07:30,farm_1,farm,1,,380.0,0.14,,,,,,,,,,,18,hitl
102,2026-02-05 07:30,slaughterhouse_1,slaughterhouse,1,,,,175.0,111.92,,,,,,,,,18,hitl
102,2026-02-05 07:30,wholesaler_1,wholesaler,0,,,,,,148.17,0.0,,,,,,,18,hitl
102,2026-02-05 07:30,retail_1,retail,0,,,,,,,,103.64,30.0,0.0,0.0,2.8,20.0,18,hitl
103,2026-02-05 07:45,supplier_1,supplier,0,805.41,,,,,,,,,,,,,18,hitl
103,2026-02-05 07:45,farm_1,farm,1,,380.0,0.14,,,,,,,,,,,18,hitl
103,2026-02-05 07:45,slaughterhouse_1,slaughterhouse,1,,,,175.0,116.44,,,,,,,,,18,hitl
103,2026-02-05 07:45,wholesaler_1,wholesaler,0,,,,,,145.91,0.0,,,,,,,18,hitl
103,2026-02-05 07:45,retail_1,retail,0,,,,,,,,103.01,30.0,0.0,0.0,2.8,20.0,18,hitl
104,2026-02-05 08:00,supplier_1,supplier,0,804.54,,,,,,,,,,,,,18,hitl
104,2026-02-05 08:00,farm_1,farm,1,,380.0,0.14,,,,,,,,,,,18,hitl
104,2026-02-05 08:00,slaughterhouse_1,slaughterhouse,1,,,,175.0,116.74,,,,,,,,,18,hitl
104,2026-02-05 08:00,wholesaler_1,wholesaler,0,,,,,,141.45,0.0,,,,,,,18,hitl
104,2026-02-05 08:00,retail_1,retail,0,,,,,,,,102.35,30.0,0.0,0.0,2.8,20.0,18,hitl
105,2026-02-05 08:15,supplier_1,supplier,0,803.81,,,,,,,,,,,,,18,hitl
105,2026-02-05 08:15,farm_1,farm,1,,380.0,0.14,,,,,,,,,,,18,hitl
105,2026-02-05 08:15,slaughterhouse_1,slaughterhouse,1,,,,175.0,121.79,,,,,,,,,18,hitl
105,2026-02-05 08:15,wholesaler_1,wholesaler,0,,,,,,143.28,0.0,,,,,,,18,hitl
105,2026-02-05 08:15,retail_1,retail,0,,,,,,,,104.28,30.0,0.0,0.0,2.8,20.0,18,hitl
106,2026-02-05 08:30,supplier_1,supplier,0,802.92,,,,,,,,,,,,,18,hitl
106,2026-02-05 08:30,farm_1,farm,1,,380.0,0.14,,,,,,,,,,,18,hitl
106,2026-02-05 08:30,slaughterhouse_1,slaughterhouse,1,,,,175.0,126.81,,,,,,,,,18,hitl
106,2026-02-05 08:30,wholesaler_1,wholesaler,0,,,,,,140.81,0.0,,,,,,,18,hitl
106,2026-02-05 08:30,retail_1,retail,0,,,,,,,,103.53,30.0,0.0,0.0,2.8,20.0,18,hitl
107,2026-02-05 08:45,supplier_1,supplier,0,802.4,,,,,,,,,,,,,18,hitl
107,2026-02-05 08:45,farm_1,farm,1,,380.0,0.14,,,,,,,,,,,18,hitl
107,2026-02-05 08:45,slaughterhouse_1,slaughterhouse,1,,,,175.0,131.92,,,,,,,,,18,hitl
107,2026-02-05 08:45,wholesaler_1,wholesaler,0,,,,,,138.17,0.0,,,,,,,18,hitl
107,2026-02-05 08:45,retail_1,retail,0,,,,,,,,102.75,30.0,0.0,0.0,2.8,20.0,18,hitl
108,2026-02-05 09:00,supplier_1,supplier,0,801.76,,,,,,,,,,,,,18,hitl
108,2026-02-05 09:00,farm_1,farm,1,,380.0,0.14,,,,,,,,,,,18,hitl
108,2026-02-05 09:00,slaughterhouse_1,slaughterhouse,1,,,,175.0,136.91,,,,,,,,,18,hitl
108,2026-02-05 09:00,wholesaler_1,wholesaler,0,,,,,,132.74,0.0,,,,,,,18,hitl
108,2026-02-05 09:00,retail_1,retail,0,,,,,,,,102.11,30.0,0.0,0.0,2.8,20.0,18,hitl
109,2026-02-05 09:15,supplier_1,supplier,0,801.15,,,,,,,,,,,,,18,hitl
109,2026-02-05 09:15,farm_1,farm,1,,380.0,0.14,,,,,,,,,,,18,hitl
109,2026-02-05 09:15,slaughterhouse_1,slaughterhouse,1,,,,175.0,141.63,,,,,,,,,18,hitl
109,2026-02-05 09:15,wholesaler_1,wholesaler,0,,,,,,131.02,0.0,,,,,,,18,hitl
109,2026-02-05 09:15,retail_1,retail,0,,,,,,,,104.33,30.0,0.0,0.0,2.8,20.0,18,hitl
110,2026-02-05 09:30,supplier_1,supplier,0,799.91,,,,,,,,,,,,,18,hitl
110,2026-02-05 09:30,farm_1,farm,1,,380.0,0.14,,,,,,,,,,,18,hitl
110,2026-02-05 09:30,slaughterhouse_1,slaughterhouse,1,,,,175.0,146.17,,,,,,,,,18,hitl
110,2026-02-05 09:30,wholesaler_1,wholesaler,0,,,,,,129.16,0.0,,,,,,,18,hitl
110,2026-02-05 09:30,retail_1,retail,0,,,,,,,,103.7,30.0,0.0,0.0,2.8,20.0,18,hitl
111,2026-02-05 09:45,supplier_1,supplier,0,799.15,,,,,,,,,,,,,18,hitl
111,2026-02-05 09:45,farm_1,farm,1,,380.0,0.14,,,,,,,,,,,18,hitl
111,2026-02-05 09:45,slaughterhouse_1,slaughterhouse,1,,,,175.0,150.85,,,,,,,,,18,hitl
111,2026-02-05 09:45,wholesaler_1,wholesaler,0,,,,,,127.04,0.0,,,,,,,18,hitl
111,2026-02-05 09:45,retail_1,retail,0,,,,,,,,102.97,30.0,0.0,0.0,2.8,20.0,18,hitl
112,2026-02-05 10:00,supplier_1,supplier,0,798.52,,,,,,,,,,,,,18,hitl
112,2026-02-05 10:00,farm_1,farm,1,,380.0,0.14,,,,,,,,,,,18,hitl
112,2026-02-05 10:00,slaughterhouse_1,slaughterhouse,1,,,,175.0,151.17,,,,,,,,,18,hitl
112,2026-02-05 10:00,wholesaler_1,wholesaler,0,,,,,,122.31,0.0,,,,,,,18,hitl
112,2026-02-05 10:00,retail_1,retail,0,,,,,,,,102.31,30.0,0.0,0.0,2.8,20.0,18,hitl
113,2026-02-05 10:15,supplier_1,supplier,0,797.13,,,,,,,,,,,,,18,hitl
113,2026-02-05 10:15,farm_1,farm,1,,380.0,0.14,,,,,,,,,,,18,hitl
113,2026-02-05 10:15,slaughterhouse_1,slaughterhouse,1,,,,175.0,156.2,,,,,,,,,18,hitl
113,2026-02-05 10:15,wholesaler_1,wholesaler,0,,,,,,124.35,0.0,,,,,,,18,hitl
113,2026-02-05 10:15,retail_1,retail,0,,,,,,,,104.26,30.0,0.0,0.0,2.8,20.0,18,hitl
114,2026-02-05 10:30,supplier_1,supplier,0,796.09,,,,,,,,,,,,,18,hitl
114,2026-02-05 10:30,farm_1,farm,1,,380.0,0.14,,,,,,,,,,,18,hitl
114,2026-02-05 10:30,slaughterhouse_1,slaughterhouse,1,,,,175.0,160.88,,,,,,,,,18,hitl
114,2026-02-05 10:30,wholesaler_1,wholesaler,0,,,,,,121.8,0.0,,,,,,,18,hitl
114,2026-02-05 10:30,retail_1,retail,0,,,,,,,,103.64,30.0,0.0,0.0,2.8,20.0,18,hitl
115,2026-02-05 10:45,supplier_1,supplier,0,795.18,,,,,,,,,,,,,18,hitl
115,2026-02-05 10:45,farm_1,farm,1,,380.0,0.14,,,,,,,,,,,18,hitl
115,2026-02-05 10:45,slaughterhouse_1,slaughterhouse,1,,,,175.0,165.55,,,,,,,,,18,hitl
115,2026-02-05 10:45,wholesaler_1,wholesaler,0,,,,,,119.87,0.0,,,,,,,18,hitl
115,2026-02-05 10:45,retail_1,retail,0,,,,,,,,103.01,30.0,0.0,0.0,2.8,20.0,18,hitl
116,2026-02-05 11:00,supplier_1,supplier,0,794.48,,,,,,,,,,,,,18,hitl
116,2026-02-05 11:00,farm_1,farm,1,,380.0,0.14,,,,,,,,,,,18,hitl
116,2026-02-05 11:00,slaughterhouse_1,slaughterhouse,1,,,,175.0,170.61,,,,,,,,,18,hitl
116,2026-02-05 11:00,wholesaler_1,wholesaler,0,,,,,,115.0,0.0,,,,,,,18,hitl
116,2026-02-05 11:00,retail_1,retail,0,,,,,,,,102.28,30.0,0.0,0.0,2.8,20.0,18,hitl
117,2026-02-05 11:15,supplier_1,supplier,0,793.59,,,,,,,,,,,,,18,hitl
117,2026-02-05 11:15,farm_1,farm,1,,380.0,0.14,,,,,,,,,,,18,hitl
117,2026-02-05 11:15,slaughterhouse_1,slaughterhouse,1,,,,175.0,175.12,,,,,,,,,18,hitl
117,2026-02-05 11:15,wholesaler_1,wholesaler,0,,,,,,112.75,0.0,,,,,,,18,hitl
117,2026-02-05 11:15,retail_1,retail,0,,,,,,,,104.31,30.0,0.0,0.0,2.8,20.0,18,hitl
118,2026-02-05 11:30,supplier_1,supplier,0,792.67,,,,,,,,,,,,,18,hitl
118,2026-02-05 11:30,farm_1,farm,1,,380.0,0.14,,,,,,,,,,,18,hitl
118,2026-02-05 11:30,slaughterhouse_1,slaughterhouse,1,,,,175.0,179.96,,,,,,,,,18,hitl
118,2026-02-05 11:30,wholesaler_1,wholesaler,0,,,,,,110.71,0.0,,,,,,,18,hitl
118,2026-02-05 11:30,retail_1,retail,0,,,,,,,,103.66,30.0,0.0,0.0,2.8,20.0,18,hitl
119,2026-02-05 11:45,supplier_1,supplier,0,791.85,,,,,,,,,,,,,18,hitl
119,2026-02-05 11:45,farm_1,farm,1,,380.0,0.14,,,,,,,,,,,18,hitl
119,2026-02-05 11:45,slaughterhouse_1,slaughterhouse,1,,,,175.0,184.8,,,,,,,,,18,hitl
119,2026-02-05 11:45,wholesaler_1,wholesaler,0,,,,,,108.03,0.0,,,,,,,18,hitl
119,2026-02-05 11:45,retail_1,retail,0,,,,,,,,102.96,30.0,0.0,0.0,2.8,20.0,18,hitl
120,2026-02-05 12:00,supplier_1,supplier,0,791.24,,,,,,,,,,,,,18,hitl
120,2026-02-05 12:00,farm_1,farm,1,,380.0,0.14,,,,,,,,,,,18,hitl
120,2026-02-05 12:00,slaughterhouse_1,slaughterhouse,1,,,,175.0,185.73,,,,,,,,,18,hitl
120,2026-02-05 12:00,wholesaler_1,wholesaler,0,,,,,,103.26,0.0,,,,,,,18,hitl
120,2026-02-05 12:00,retail_1,retail,0,,,,,,,,102.19,30.0,0.0,0.0,2.8,20.0,18,hitl
121,2026-02-05 12:15,supplier_1,supplier,0,790.18,,,,,,,,,,,,,18,hitl
121,2026-02-05 12:15,farm_1,farm,1,,380.0,0.14,,,,,,,,,,,18,hitl
121,2026-02-05 12:15,slaughterhouse_1,slaughterhouse,1,,,,175.0,190.21,,,,,,,,,18,hitl
121,2026-02-05 12:15,wholesaler_1,wholesaler,0,,,,,,104.67,0.0,,,,,,,18,hitl
121,2026-02-05 12:15,retail_1,retail,0,,,,,,,,104.33,30.0,0.0,0.0,2.8,20.0,18,hitl
122,2026-02-05 12:30,supplier_1,supplier,0,789.41,,,,,,,,,,,,,18,hitl
122,2026-02-05 12:30,farm_1,farm,1,,380.0,0.14,,,,,,,,,,,18,hitl
122,2026-02-05 12:30,slaughterhouse_1,slaughterhouse,1,,,,175.0,194.81,,,,,,,,,18,hitl
122,2026-02-05 12:30,wholesaler_1,wholesaler,0,,,,,,102.83,0.0,,,,,,,18,hitl
122,2026-02-05 12:30,retail_1,retail,0,,,,,,,,103.56,30.0,0.0,0.0,2.8,20.0,18,hitl
123,2026-02-05 12:45,supplier_1,supplier,0,788.82,,,,,,,,,,,,,18,hitl
123,2026-02-05 12:45,farm_1,farm,1,,380.0,0.14,,,,,,,,,,,18,hitl
123,2026-02-05 12:45,slaughterhouse_1,slaughterhouse,1,,,,175.0,199.53,,,,,,,,,18,hitl
123,2026-02-05 12:45,wholesaler_1,wholesaler,0,,,,,,101.06,0.0,,,,,,,18,hitl
123,2026-02-05 12:45,retail_1,retail,0,,,,,,,,102.78,30.0,0.0,0.0,2.8,20.0,18,hitl
124,2026-02-05 13:00,supplier_1,supplier,0,787.7,,,,,,,,,,,,,18,hitl
124,2026-02-05 13:00,farm_1,farm,1,,380.0,0.14,,,,,,,,,,,18,hitl
124,2026-02-05 13:00,slaughterhouse_1,slaughterhouse,1,,,,175.0,204.25,,,,,,,,,18,hitl
124,2026-02-05 13:00,wholesaler_1,wholesaler,0,,,,,,95.94,0.0,,,,,,,18,hitl
124,2026-02-05 13:00,retail_1,retail,0,,,,,,,,102.13,30.0,0.0,0.0,2.8,20.0,18,hitl
125,2026-02-05 13:15,supplier_1,supplier,0,786.52,,,,,,,,,,,,,18,hitl
125,2026-02-05 13:15,farm_1,farm,1,,380.0,0.14,,,,,,,,,,,18,hitl
125,2026-02-05 13:15,slaughterhouse_1,slaughterhouse,1,,,,175.0,209.4,,,,,,,,,18,hitl
125,2026-02-05 13:15,wholesaler_1,wholesaler,0,,,,,,93.35,0.0,,,,,,,18,hitl
125,2026-02-05 13:15,retail_1,retail,0,,,,,,,,104.23,30.0,0.0,0.0,2.8,20.0,18,hitl
126,2026-02-05 13:30,supplier_1,supplier,0,785.28,,,,,,,,,,,,,18,hitl
126,2026-02-05 13:30,farm_1,farm,1,,380.0,0.14,,,,,,,,,,,18,hitl
126,2026-02-05 13:30,slaughterhouse_1,slaughterhouse,1,,,,175.0,214.0,,,,,,,,,18,hitl
126,2026-02-05 13:30,wholesaler_1,wholesaler,0,,,,,,90.88,0.0,,,,,,,18,hitl
126,2026-02-05 13:30,retail_1,retail,0,,,,,,,,103.53,30.0,0.0,0.0,2.8,20.0,18,hitl
127,2026-02-05 13:45,supplier_1,supplier,0,784.31,,,,,,,,,,,,,18,hitl
127,2026-02-05 13:45,farm_1,farm,1,,380.0,0.14,,,,,,,,,,,18,hitl
127,2026-02-05 13:45,slaughterhouse_1,slaughterhouse,1,,,,175.0,218.49,,,,,,,,,18,hitl
127,2026-02-05 13:45,wholesaler_1,wholesaler,0,,,,,,88.14,0.0,,,,,,,18,hitl
127,2026-02-05 13:45,retail_1,retail,0,,,,,,,,102.77,30.0,0.0,0.0,2.8,20.0,18,hitl
128,2026-02-05 14:00,supplier_1,supplier,0,783.26,,,,,,,,,,,,,18,hitl
128,2026-02-05 14:00,farm_1,farm,1,,399.0,0.14,,,,,,,,,,,18,hitl
128,2026-02-05 14:00,slaughterhouse_1,slaughterhouse,1,,,,175.0,218.78,,,,,,,,,18,hitl
128,2026-02-05 14:00,wholesaler_1,wholesaler,1,,,,,,83.09,0.0,,,,,,,18,hitl
128,2026-02-05 14:00,retail_1,retail,0,,,,,,,,102.09,30.0,0.0,0.0,2.8,20.0,18,hitl
129,2026-02-05 14:15,supplier_1,supplier,0,782.47,,,,,,,,,,,,,18,hitl
129,2026-02-05 14:15,farm_1,farm,1,,399.0,0.14,,,,,,,,,,,18,hitl
129,2026-02-05 14:15,slaughterhouse_1,slaughterhouse,1,,,,175.0,223.46,,,,,,,,,18,hitl
129,2026-02-05 14:15,wholesaler_1,wholesaler,1,,,,,,84.93,0.0,,,,,,,18,hitl
129,2026-02-05 14:15,retail_1,retail,0,,,,,,,,104.37,30.0,0.0,0.0,2.8,20.0,18,hitl
130,2026-02-05 14:30,supplier_1,supplier,0,781.21,,,,,,,,,,,,,18,hitl
130,2026-02-05 14:30,farm_1,farm,1,,399.0,0.14,,,,,,,,,,,18,hitl
130,2026-02-05 14:30,slaughterhouse_1,slaughterhouse,1,,,,175.0,228.18,,,,,,,,,18,hitl
130,2026-02-05 14:30,wholesaler_1,wholesaler,1,,,,,,82.59,0.0,,,,,,,18,hitl
130,2026-02-05 14:30,retail_1,retail,0,,,,,,,,103.69,30.0,0.0,0.0,2.8,20.0,18,hitl
131,2026-02-05 14:45,supplier_1,supplier,0,779.91,,,,,,,,,,,,,18,hitl
131,2026-02-05 14:45,farm_1,farm,1,,399.0,0.14,,,,,,,,,,,18,hitl
131,2026-02-05 14:45,slaughterhouse_1,slaughterhouse,1,,,,175.0,232.79,,,,,,,,,18,hitl
131,2026-02-05 14:45,wholesaler_1,wholesaler,1,,,,,,81.02,0.0,,,,,,,18,hitl
131,2026-02-05 14:45,retail_1,retail,0,,,,,,,,103.0,30.0,0.0,0.0,2.8,20.0,18,hitl
132,2026-02-05 15:00,supplier_1,supplier,0,779.24,,,,,,,,,,,,,18,hitl
132,2026-02-05 15:00,farm_1,farm,1,,399.0,0.14,,,,,,,,,,,18,hitl
132,2026-02-05 15:00,slaughterhouse_1,slaughterhouse,1,,,,175.0,237.49,,,,,,,,,18,hitl
132,2026-02-05 15:00,wholesaler_1,wholesaler,1,,,,,,75.94,0.0,,,,,,,18,hitl
132,2026-02-05 15:00,retail_1,retail,0,,,,,,,,102.27,30.0,0.0,0.0,2.8,20.0,18,hitl
133,2026-02-05 15:15,supplier_1,supplier,0,778.14,,,,,,,,,,,,,18,hitl
133,2026-02-05 15:15,farm_1,farm,1,,399.0,0.14,,,,,,,,,,,18,hitl
133,2026-02-05 15:15,slaughterhouse_1,slaughterhouse,1,,,,175.0,242.5,,,,,,,,,18,hitl
133,2026-02-05 15:15,wholesaler_1,wholesaler,1,,,,,,74.36,0.0,,,,,,,18,hitl
133,2026-02-05 15:15,retail_1,retail,0,,,,,,,,104.38,30.0,0.0,0.0,2.8,20.0,18,hitl
134,2026-02-05 15:30,supplier_1,supplier,0,776.75,,,,,,,,,,,,,18,hitl
134,2026-02-05 15:30,farm_1,farm,1,,399.0,0.14,,,,,,,,,,,18,hitl
134,2026-02-05 15:30,slaughterhouse_1,slaughterhouse,1,,,,175.0,247.75,,,,,,,,,18,hitl
134,2026-02-05 15:30,wholesaler_1,wholesaler,1,,,,,,72.22,0.0,,,,,,,18,hitl
134,2026-02-05 15:30,retail_1,retail,0,,,,,,,,103.7,30.0,0.0,0.0,2.8,20.0,18,hitl
135,2026-02-05 15:45,supplier_1,supplier,0,776.08,,,,,,,,,,,,,18,hitl
135,2026-02-05 15:45,farm_1,farm,1,,399.0,0.14,,,,,,,,,,,18,hitl
135,2026-02-05 15:45,slaughterhouse_1,slaughterhouse,1,,,,175.0,252.78,,,,,,,,,18,hitl
135,2026-02-05 15:45,wholesaler_1,wholesaler,1,,,,,,70.39,0.0,,,,,,,18,hitl
135,2026-02-05 15:45,retail_1,retail,0,,,,,,,,103.05,30.0,0.0,0.0,2.8,20.0,18,hitl
136,2026-02-05 16:00,supplier_1,supplier,0,775.22,,,,,,,,,,,,,18,hitl
136,2026-02-05 16:00,farm_1,farm,1,,399.0,0.14,,,,,,,,,,,18,hitl
136,2026-02-05 16:00,slaughterhouse_1,slaughterhouse,1,,,,175.0,252.99,,,,,,,,,18,hitl
136,2026-02-05 16:00,wholesaler_1,wholesaler,1,,,,,,65.59,0.0,,,,,,,18,hitl
136,2026-02-05 16:00,retail_1,retail,0,,,,,,,,102.4,30.0,0.0,0.0,2.8,20.0,18,hitl
137,2026-02-05 16:15,supplier_1,supplier,0,774.48,,,,,,,,,,,,,18,hitl
137,2026-02-05 16:15,farm_1,farm,1,,399.0,0.14,,,,,,,,,,,18,hitl
137,2026-02-05 16:15,slaughterhouse_1,slaughterhouse,1,,,,175.0,257.65,,,,,,,,,18,hitl
137,2026-02-05 16:15,wholesaler_1,wholesaler,1,,,,,,67.59,0.0,,,,,,,18,hitl
137,2026-02-05 16:15,retail_1,retail,0,,,,,,,,104.35,30.0,0.0,0.0,2.8,20.0,18,hitl
138,2026-02-05 16:30,supplier_1,supplier,0,773.0,,,,,,,,,,,,,18,hitl
138,2026-02-05 16:30,farm_1,farm,1,,399.0,0.14,,,,,,,,,,,18,hitl
138,2026-02-05 16:30,slaughterhouse_1,slaughterhouse,1,,,,175.0,262.83,,,,,,,,,18,hitl
138,2026-02-05 16:30,wholesaler_1,wholesaler,1,,,,,,65.41,0.0,,,,,,,18,hitl
138,2026-02-05 16:30,retail_1,retail,0,,,,,,,,103.57,30.0,0.0,0.0,2.8,20.0,18,hitl
139,2026-02-05 16:45,supplier_1,supplier,0,771.94,,,,,,,,,,,,,18,hitl
139,2026-02-05 16:45,farm_1,farm,1,,399.0,0.14,,,,,,,,,,,18,hitl
139,2026-02-05 16:45,slaughterhouse_1,slaughterhouse,1,,,,175.0,267.55,,,,,,,,,18,hitl
139,2026-02-05 16:45,wholesaler_1,wholesaler,1,,,,,,62.58,0.0,,,,,,,18,hitl
139,2026-02-05 16:45,retail_1,retail,0,,,,,,,,102.93,30.0,0.0,0.0,2.8,20.0,18,hitl
140,2026-02-05 17:00,supplier_1,supplier,0,771.25,,,,,,,,,,,,,18,hitl
140,2026-02-05 17:00,farm_1,farm,1,,399.0,0.14,,,,,,,,,,,18,hitl
140,2026-02-05 17:00,slaughterhouse_1,slaughterhouse,1,,,,175.0,272.34,,,,,,,,,18,hitl
140,2026-02-05 17:00,wholesaler_1,wholesaler,1,,,,,,57.27,0.0,,,,,,,18,hitl
140,2026-02-05 17:00,retail_1,retail,0,,,,,,,,102.2,30.0,0.0,0.0,2.8,20.0,18,hitl
141,2026-02-05 17:15,supplier_1,supplier,0,770.53,,,,,,,,,,,,,18,hitl
141,2026-02-05 17:15,farm_1,farm,1,,399.0,0.14,,,,,,,,,,,18,hitl
141,2026-02-05 17:15,slaughterhouse_1,slaughterhouse,1,,,,175.0,277.34,,,,,,,,,18,hitl
141,2026-02-05 17:15,wholesaler_1,wholesaler,1,,,,,,54.72,0.0,,,,,,,18,hitl
141,2026-02-05 17:15,retail_1,retail,0,,,,,,,,104.29,30.0,0.0,0.0,2.8,20.0,18,hitl
142,2026-02-05 17:30,supplier_1,supplier,0,769.54,,,,,,,,,,,,,18,hitl
142,2026-02-05 17:30,farm_1,farm,1,,399.0,0.14,,,,,,,,,,,18,hitl
142,2026-02-05 17:30,slaughterhouse_1,slaughterhouse,1,,,,175.0,282.22,,,,,,,,,18,hitl
142,2026-02-05 17:30,wholesaler_1,wholesaler,1,,,,,,52.69,0.0,,,,,,,18,hitl
142,2026-02-05 17:30,retail_1,retail,0,,,,,,,,103.51,30.0,0.0,0.0,2.8,20.0,18,hitl
143,2026-02-05 17:45,supplier_1,supplier,0,768.83,,,,,,,,,,,,,18,hitl
143,2026-02-05 17:45,farm_1,farm,1,,399.0,0.14,,,,,,,,,,,18,hitl
143,2026-02-05 17:45,slaughterhouse_1,slaughterhouse,1,,,,175.0,286.91,,,,,,,,,18,hitl
143,2026-02-05 17:45,wholesaler_1,wholesaler,1,,,,,,51.06,0.0,,,,,,,18,hitl
143,2026-02-05 17:45,retail_1,retail,0,,,,,,,,102.85,30.0,0.0,0.0,2.8,20.0,18,hitl
144,2026-02-05 18:00,supplier_1,supplier,0,767.57,,,,,,,,,,,,,18,hitl
144,2026-02-05 18:00,farm_1,farm,1,,399.0,0.14,,,,,,,,,,,18,hitl
144,2026-02-05 18:00,slaughterhouse_1,slaughterhouse,1,,,,175.0,287.27,,,,,,,,,18,hitl
144,2026-02-05 18:00,wholesaler_1,wholesaler,1,,,,,,46.14,0.0,,,,,,,18,hitl
144,2026-02-05 18:00,retail_1,retail,0,,,,,,,,102.22,30.0,0.0,0.0,2.8,20.0,18,hitl
145,2026-02-05 18:15,supplier_1,supplier,0,766.68,,,,,,,,,,,,,18,hitl
145,2026-02-05 18:15,farm_1,farm,1,,399.0,0.14,,,,,,,,,,,18,hitl
145,2026-02-05 18:15,slaughterhouse_1,slaughterhouse,1,,,,175.0,292.16,,,,,,,,,18,hitl
145,2026-02-05 18:15,wholesaler_1,wholesaler,1,,,,,,47.67,0.0,,,,,,,18,hitl
145,2026-02-05 18:15,retail_1,retail,0,,,,,,,,104.33,30.0,0.0,0.0,2.8,20.0,18,hitl
146,2026-02-05 18:30,supplier_1,supplier,0,765.9,,,,,,,,,,,,,18,hitl
146,2026-02-05 18:30,farm_1,farm,1,,399.0,0.14,,,,,,,,,,,18,hitl
146,2026-02-05 18:30,slaughterhouse_1,slaughterhouse,1,,,,175.0,296.97,,,,,,,,,18,hitl
146,2026-02-05 18:30,wholesaler_1,wholesaler,1,,,,,,45.97,0.0,,,,,,,18,hitl
146,2026-02-05 18:30,retail_1,retail,0,,,,,,,,103.71,30.0,0.0,0.0,2.8,20.0,18,hitl
147,2026-02-05 18:45,supplier_1,supplier,0,765.05,,,,,,,,,,,,,18,hitl
147,2026-02-05 18:45,farm_1,farm,1,,399.0,0.14,,,,,,,,,,,18,hitl
147,2026-02-05 18:45,slaughterhouse_1,slaughterhouse,1,,,,175.0,301.78,,,,,,,,,18,hitl
147,2026-02-05 18:45,wholesaler_1,wholesaler,1,,,,,,44.45,0.0,,,,,,,18,hitl
147,2026-02-05 18:45,retail_1,retail,0,,,,,,,,103.01,30.0,0.0,0.0,2.8,20.0,18,hitl
148,2026-02-05 19:00,supplier_1,supplier,0,764.14,,,,,,,,,,,,,18,hitl
148,2026-02-05 19:00,farm_1,farm,1,,399.0,0.14,,,,,,,,,,,18,hitl
148,2026-02-05 19:00,slaughterhouse_1,slaughterhouse,1,,,,175.0,306.5,,,,,,,,,18,hitl
148,2026-02-05 19:00,wholesaler_1,wholesaler,1,,,,,,39.83,0.0,,,,,,,18,hitl
148,2026-02-05 19:00,retail_1,retail,0,,,,,,,,102.37,30.0,0.0,0.0,2.8,20.0,18,hitl
149,2026-02-05 19:15,supplier_1,supplier,0,763.61,,,,,,,,,,,,,18,hitl
149,2026-02-05 19:15,farm_1,farm,1,,399.0,0.14,,,,,,,,,,,18,hitl
149,2026-02-05 19:15,slaughterhouse_1,slaughterhouse,1,,,,175.0,311.5,,,,,,,,,18,hitl
149,2026-02-05 19:15,wholesaler_1,wholesaler,1,,,,,,37.78,0.0,,,,,,,18,hitl
149,2026-02-05 19:15,retail_1,retail,0,,,,,,,,104.25,30.0,0.0,0.0,2.8,20.0,18,hitl
150,2026-02-05 19:30,supplier_1,supplier,0,762.66,,,,,,,,,,,,,18,hitl
150,2026-02-05 19:30,farm_1,farm,1,,399.0,0.14,,,,,,,,,,,18,hitl
150,2026-02-05 19:30,slaughterhouse_1,slaughterhouse,1,,,,175.0,316.04,,,,,,,,,18,hitl
150,2026-02-05 19:30,wholesaler_1,wholesaler,1,,,,,,35.3,0.0,,,,,,,18,hitl
150,2026-02-05 19:30,retail_1,retail,0,,,,,,,,103.58,30.0,0.0,0.0,2.8,20.0,18,hitl
151,2026-02-05 19:45,supplier_1,supplier,0,761.54,,,,,,,,,,,,,18,hitl
151,2026-02-05 19:45,farm_1,farm,1,,399.0,0.14,,,,,,,,,,,18,hitl
151,2026-02-05 19:45,slaughterhouse_1,slaughterhouse,1,,,,175.0,320.88,,,,,,,,,18,hitl
151,2026-02-05 19:45,wholesaler_1,wholesaler,1,,,,,,32.3,0.0,,,,,,,18,hitl
151,2026-02-05 19:45,retail_1,retail,0,,,,,,,,102.85,30.0,0.0,0.0,2.8,20.0,18,hitl
152,2026-02-05 20:00,supplier_1,supplier,0,760.61,,,,,,,,,,,,,18,hitl
152,2026-02-05 20:00,farm_1,farm,1,,399.0,0.14,,,,,,,,,,,18,hitl
152,2026-02-05 20:00,slaughterhouse_1,slaughterhouse,1,,,,175.0,321.21,,,,,,,,,18,hitl
152,2026-02-05 20:00,wholesaler_1,wholesaler,1,,,,,,27.61,0.0,,,,,,,18,hitl
152,2026-02-05 20:00,retail_1,retail,0,,,,,,,,102.16,30.0,0.0,0.0,2.8,20.0,18,hitl
153,2026-02-05 20:15,supplier_1,supplier,0,760.09,,,,,,,,,,,,,18,hitl
153,2026-02-05 20:15,farm_1,farm,1,,399.0,0.14,,,,,,,,,,,18,hitl
153,2026-02-05 20:15,slaughterhouse_1,slaughterhouse,1,,,,175.0,325.71,,,,,,,,,18,hitl
153,2026-02-05 20:15,wholesaler_1,wholesaler,1,,,,,,29.26,0.0,,,,,,,18,hitl
153,2026-02-05 20:15,retail_1,retail,0,,,,,,,,104.3,30.0,0.0,0.0,2.8,20.0,18,hitl
154,2026-02-05 20:30,supplier_1,supplier,0,758.98,,,,,,,,,,,,,18,hitl
154,2026-02-05 20:30,farm_1,farm,1,,399.0,0.14,,,,,,,,,,,18,hitl
154,2026-02-05 20:30,slaughterhouse_1,slaughterhouse,1,,,,175.0,330.77,,,,,,,,,18,hitl
154,2026-02-05 20:30,wholesaler_1,wholesaler,1,,,,,,27.35,0.0,,,,,,,18,hitl
154,2026-02-05 20:30,retail_1,retail,0,,,,,,,,103.57,30.0,0.0,0.0,2.8,20.0,18,hitl
155,2026-02-05 20:45,supplier_1,supplier,0,758.31,,,,,,,,,,,,,18,hitl
155,2026-02-05 20:45,farm_1,farm,1,,399.0,0.14,,,,,,,,,,,18,hitl
155,2026-02-05 20:45,slaughterhouse_1,slaughterhouse,1,,,,175.0,335.34,,,,,,,,,18,hitl
155,2026-02-05 20:45,wholesaler_1,wholesaler,1,,,,,,24.76,0.0,,,,,,,18,hitl
155,2026-02-05 20:45,retail_1,retail,0,,,,,,,,102.85,30.0,0.0,0.0,2.8,20.0,18,hitl
156,2026-02-05 21:00,supplier_1,supplier,0,757.04,,,,,,,,,,,,,18,hitl
156,2026-02-05 21:00,farm_1,farm,1,,399.0,0.14,,,,,,,,,,,18,hitl
156,2026-02-05 21:00,slaughterhouse_1,slaughterhouse,1,,,,175.0,340.1,,,,,,,,,18,hitl
156,2026-02-05 21:00,wholesaler_1,wholesaler,1,,,,,,22.62,0.0,,,,,,,18,hitl
156,2026-02-05 21:00,retail_1,retail,0,,,,,,,,102.22,30.0,0.0,0.0,2.8,20.0,18,hitl
157,2026-02-05 21:15,supplier_1,supplier,0,756.52,,,,,,,,,,,,,18,hitl
157,2026-02-05 21:15,farm_1,farm,1,,399.0,0.14,,,,,,,,,,,18,hitl
157,2026-02-05 21:15,slaughterhouse_1,slaughterhouse,1,,,,175.0,344.64,,,,,,,,,18,hitl
157,2026-02-05 21:15,wholesaler_1,wholesaler,1,,,,,,20.26,0.0,,,,,,,18,hitl
157,2026-02-05 21:15,retail_1,retail,0,,,,,,,,101.52,30.0,0.0,0.0,2.8,20.0,18,hitl
158,2026-02-05 21:30,supplier_1,supplier,0,755.33,,,,,,,,,,,,,18,hitl
158,2026-02-05 21:30,farm_1,farm,1,,399.0,0.14,,,,,,,,,,,18,hitl
158,2026-02-05 21:30,slaughterhouse_1,slaughterhouse,1,,,,175.0,349.23,,,,,,,,,18,hitl
158,2026-02-05 21:30,wholesaler_1,wholesaler,1,,,,,,17.88,0.0,,,,,,,18,hitl
158,2026-02-05 21:30,retail_1,retail,0,,,,,,,,100.77,30.0,0.0,0.0,2.8,20.0,18,hitl
159,2026-02-05 21:45,supplier_1,supplier,0,754.16,,,,,,,,,,,,,18,hitl
159,2026-02-05 21:45,farm_1,farm,1,,399.0,0.14,,,,,,,,,,,18,hitl
159,2026-02-05 21:45,slaughterhouse_1,slaughterhouse,1,,,,175.0,354.27,,,,,,,,,18,hitl
159,2026-02-05 21:45,wholesaler_1,wholesaler,1,,,,,,15.67,0.0,,,,,,,18,hitl
159,2026-02-05 21:45,retail_1,retail,0,,,,,,,,100.03,30.0,0.0,0.0,2.8,20.0,18,hitl
160,2026-02-05 22:00,supplier_1,supplier,0,752.95,,,,,,,,,,,,,18,hitl
160,2026-02-05 22:00,farm_1,farm,1,,399.0,0.14,,,,,,,,,,,18,hitl
160,2026-02-05 22:00,slaughterhouse_1,slaughterhouse,1,,,,175.0,354.62,,,,,,,,,18,hitl
160,2026-02-05 22:00,wholesaler_1,wholesaler,1,,,,,,12.87,0.0,,,,,,,18,hitl
160,2026-02-05 22:00,retail_1,retail,0,,,,,,,,99.36,30.0,0.0,0.0,2.8,20.0,18,hitl
161,2026-02-05 22:15,supplier_1,supplier,0,751.74,,,,,,,,,,,,,18,hitl
161,2026-02-05 22:15,farm_1,farm,1,,399.0,0.14,,,,,,,,,,,18,hitl
161,2026-02-05 22:15,slaughterhouse_1,slaughterhouse,1,,,,175.0,359.38,,,,,,,,,18,hitl
161,2026-02-05 22:15,wholesaler_1,wholesaler,1,,,,,,14.37,0.0,,,,,,,18,hitl
161,2026-02-05 22:15,retail_1,retail,0,,,,,,,,98.59,30.0,0.0,0.0,2.8,20.0,18,hitl
162,2026-02-05 22:30,supplier_1,supplier,0,750.28,,,,,,,,,,,,,18,hitl
162,2026-02-05 22:30,farm_1,farm,1,,399.0,0.14,,,,,,,,,,,18,hitl
162,2026-02-05 22:30,slaughterhouse_1,slaughterhouse,1,,,,175.0,364.56,,,,,,,,,18,hitl
162,2026-02-05 22:30,wholesaler_1,wholesaler,1,,,,,,12.25,0.0,,,,,,,18,hitl
162,2026-02-05 22:30,retail_1,retail,0,,,,,,,,97.84,30.0,0.0,0.0,2.8,20.0,18,hitl
163,2026-02-05 22:45,supplier_1,supplier,0,749.69,,,,,,,,,,,,,18,hitl
163,2026-02-05 22:45,farm_1,farm,1,,399.0,0.14,,,,,,,,,,,18,hitl
163,2026-02-05 22:45,slaughterhouse_1,slaughterhouse,1,,,,175.0,369.78,,,,,,,,,18,hitl
163,2026-02-05 22:45,wholesaler_1,wholesaler,1,,,,,,10.48,0.0,,,,,,,18,hitl
163,2026-02-05 22:45,retail_1,retail,0,,,,,,,,97.14,30.0,0.0,0.0,2.8,20.0,18,hitl
164,2026-02-05 23:00,supplier_1,supplier,0,748.62,,,,,,,,,,,,,18,hitl
164,2026-02-05 23:00,farm_1,farm,1,,399.0,0.14,,,,,,,,,,,18,hitl
164,2026-02-05 23:00,slaughterhouse_1,slaughterhouse,1,,,,175.0,374.76,,,,,,,,,18,hitl
164,2026-02-05 23:00,wholesaler_1,wholesaler,1,,,,,,7.89,0.0,,,,,,,18,hitl
164,2026-02-05 23:00,retail_1,retail,0,,,,,,,,96.41,30.0,0.0,0.0,2.8,20.0,18,hitl
165,2026-02-05 23:15,supplier_1,supplier,0,747.36,,,,,,,,,,,,,18,hitl
165,2026-02-05 23:15,farm_1,farm,1,,399.0,0.14,,,,,,,,,,,18,hitl
165,2026-02-05 23:15,slaughterhouse_1,slaughterhouse,1,,,,175.0,379.99,,,,,,,,,18,hitl
165,2026-02-05 23:15,wholesaler_1,wholesaler,1,,,,,,4.97,0.0,,,,,,,18,hitl
165,2026-02-05 23:15,retail_1,retail,0,,,,,,,,95.78,30.0,0.0,0.0,2.8,20.0,18,hitl
166,2026-02-05 23:30,supplier_1,supplier,0,746.08,,,,,,,,,,,,,18,hitl
166,2026-02-05 23:30,farm_1,farm,1,,399.0,0.14,,,,,,,,,,,18,hitl
166,2026-02-05 23:30,slaughterhouse_1,slaughterhouse,1,,,,175.0,385.17,,,,,,,,,18,hitl
166,2026-02-05 23:30,wholesaler_1,wholesaler,1,,,,,,2.67,0.0,,,,,,,18,hitl
166,2026-02-05 23:30,retail_1,retail,0,,,,,,,,95.08,30.0,0.0,0.0,2.8,20.0,18,hitl
167,2026-02-05 23:45,supplier_1,supplier,0,744.86,,,,,,,,,,,,,18,hitl
167,2026-02-05 23:45,farm_1,farm,1,,399.0,0.14,,,,,,,,,,,18,hitl
167,2026-02-05 23:45,slaughterhouse_1,slaughterhouse,1,,,,175.0,390.17,,,,,,,,,18,hitl
167,2026-02-05 23:45,wholesaler_1,wholesaler,1,,,,,,0.07,0.0,,,,,,,18,hitl
167,2026-02-05 23:45,retail_1,retail,0,,,,,,,,94.45,30.0,0.0,0.0,2.8,20.0,18,hitl
168,2026-02-06 00:00,supplier_1,supplier,0,744.31,,,,,,,,,,,,,18,hitl
168,2026-02-06 00:00,farm_1,farm,1,,399.0,0.14,,,,,,,,,,,18,hitl
168,2026-02-06 00:00,slaughterhouse_1,slaughterhouse,1,,,,175.0,390.95,,,,,,,,,18,hitl
168,2026-02-06 00:00,wholesaler_1,wholesaler,1,,,,,,0.0,0.0,,,,,,,18,hitl
168,2026-02-06 00:00,retail_1,retail,0,,,,,,,,93.76,30.0,0.0,0.0,2.8,20.0,18,hitl
169,2026-02-06 00:15,supplier_1,supplier,0,742.99,,,,,,,,,,,,,18,hitl
169,2026-02-06 00:15,farm_1,farm,1,,399.0,0.14,,,,,,,,,,,18,hitl
169,2026-02-06 00:15,slaughterhouse_1,slaughterhouse,1,,,,175.0,396.18,,,,,,,,,18,hitl
169,2026-02-06 00:15,wholesaler_1,wholesaler,1,,,,,,4.32,0.0,,,,,,,18,hitl
169,2026-02-06 00:15,retail_1,retail,0,,,,,,,,93.11,30.0,0.0,0.0,2.8,20.0,18,hitl
170,2026-02-06 00:30,supplier_1,supplier,0,742.2,,,,,,,,,,,,,18,hitl
170,2026-02-06 00:30,farm_1,farm,1,,399.0,0.14,,,,,,,,,,,18,hitl
170,2026-02-06 00:30,slaughterhouse_1,slaughterhouse,1,,,,175.0,400.0,,,,,,,,,18,hitl
170,2026-02-06 00:30,wholesaler_1,wholesaler,1,,,,,,1.38,0.0,,,,,,,18,hitl
170,2026-02-06 00:30,retail_1,retail,0,,,,,,,,92.34,30.0,0.0,0.0,2.8,20.0,18,hitl
171,2026-02-06 00:45,supplier_1,supplier,0,741.0,,,,,,,,,,,,,18,hitl
171,2026-02-06 00:45,farm_1,farm,1,,399.0,0.14,,,,,,,,,,,18,hitl
171,2026-02-06 00:45,slaughterhouse_1,slaughterhouse,1,,,,175.0,400.0,,,,,,,,,18,hitl
171,2026-02-06 00:45,wholesaler_1,wholesaler,1,,,,,,0.0,0.0,,,,,,,18,hitl
171,2026-02-06 00:45,retail_1,retail,0,,,,,,,,91.71,30.0,0.0,0.0,2.8,20.0,18,hitl
172,2026-02-06 01:00,supplier_1,supplier,0,740.14,,,,,,,,,,,,,18,hitl
172,2026-02-06 01:00,farm_1,farm,1,,399.0,0.14,,,,,,,,,,,18,hitl
172,2026-02-06 01:00,slaughterhouse_1,slaughterhouse,1,,,,175.0,400.0,,,,,,,,,18,hitl
172,2026-02-06 01:00,wholesaler_1,wholesaler,1,,,,,,0.0,0.0,,,,,,,18,hitl
172,2026-02-06 01:00,retail_1,retail,0,,,,,,,,91.09,30.0,0.0,0.0,2.8,20.0,18,hitl
173,2026-02-06 01:15,supplier_1,supplier,0,739.43,,,,,,,,,,,,,18,hitl
173,2026-02-06 01:15,farm_1,farm,1,,399.0,0.14,,,,,,,,,,,18,hitl
173,2026-02-06 01:15,slaughterhouse_1,slaughterhouse,1,,,,175.0,400.0,,,,,,,,,18,hitl
173,2026-02-06 01:15,wholesaler_1,wholesaler,1,,,,,,0.0,0.0,,,,,,,18,hitl
173,2026-02-06 01:15,retail_1,retail,0,,,,,,,,90.33,30.0,0.0,0.0,2.8,20.0,18,hitl
174,2026-02-06 01:30,supplier_1,supplier,0,738.56,,,,,,,,,,,,,18,hitl
174,2026-02-06 01:30,farm_1,farm,1,,399.0,0.14,,,,,,,,,,,18,hitl
174,2026-02-06 01:30,slaughterhouse_1,slaughterhouse,1,,,,175.0,400.0,,,,,,,,,18,hitl
174,2026-02-06 01:30,wholesaler_1,wholesaler,1,,,,,,0.0,0.0,,,,,,,18,hitl
174,2026-02-06 01:30,retail_1,retail,0,,,,,,,,89.56,30.0,0.0,0.0,2.8,20.0,18,hitl
175,2026-02-06 01:45,supplier_1,supplier,0,737.07,,,,,,,,,,,,,18,hitl
175,2026-02-06 01:45,farm_1,farm,1,,399.0,0.14,,,,,,,,,,,18,hitl
175,2026-02-06 01:45,slaughterhouse_1,slaughterhouse,1,,,,175.0,400.0,,,,,,,,,18,hitl
175,2026-02-06 01:45,wholesaler_1,wholesaler,1,,,,,,0.0,0.0,,,,,,,18,hitl
175,2026-02-06 01:45,retail_1,retail,0,,,,,,,,88.85,30.0,0.0,0.0,2.8,20.0,18,hitl
176,2026-02-06 02:00,supplier_1,supplier,0,735.8,,,,,,,,,,,,,18,hitl
176,2026-02-06 02:00,farm_1,farm,1,,399.0,0.14,,,,,,,,,,,18,hitl
176,2026-02-06 02:00,slaughterhouse_1,slaughterhouse,1,,,,175.0,395.68,,,,,,,,,18,hitl
176,2026-02-06 02:00,wholesaler_1,wholesaler,1,,,,,,0.0,0.0,,,,,,,18,hitl
176,2026-02-06 02:00,retail_1,retail,0,,,,,,,,88.22,30.0,0.0,0.0,2.8,20.0,18,hitl
177,2026-02-06 02:15,supplier_1,supplier,0,734.62,,,,,,,,,,,,,18,hitl
177,2026-02-06 02:15,farm_1,farm,1,,399.0,0.14,,,,,,,,,,,18,hitl
177,2026-02-06 02:15,slaughterhouse_1,slaughterhouse,1,,,,175.0,400.0,,,,,,,,,18,hitl
177,2026-02-06 02:15,wholesaler_1,wholesaler,1,,,,,,4.32,0.0,,,,,,,18,hitl
177,2026-02-06 02:15,retail_1,retail,0,,,,,,,,87.57,30.0,0.0,0.0,2.8,20.0,18,hitl
178,2026-02-06 02:30,supplier_1,supplier,0,734.06,,,,,,,,,,,,,18,hitl
178,2026-02-06 02:30,farm_1,farm,1,,399.0,0.14,,,,,,,,,,,18,hitl
178,2026-02-06 02:30,slaughterhouse_1,slaughterhouse,1,,,,175.0,400.0,,,,,,,,,18,hitl
178,2026-02-06 02:30,wholesaler_1,wholesaler,1,,,,,,1.41,0.0,,,,,,,18,hitl
178,2026-02-06 02:30,retail_1,retail,0,,,,,,,,86.84,30.0,0.0,0.0,2.8,20.0,18,hitl
179,2026-02-06 02:45,supplier_1,supplier,0,732.7,,,,,,,,,,,,,18,hitl
179,2026-02-06 02:45,farm_1,farm,1,,399.0,0.14,,,,,,,,,,,18,hitl
179,2026-02-06 02:45,slaughterhouse_1,slaughterhouse,1,,,,175.0,400.0,,,,,,,,,18,hitl
179,2026-02-06 02:45,wholesaler_1,wholesaler,1,,,,,,0.0,0.0,,,,,,,18,hitl
179,2026-02-06 02:45,retail_1,retail,0,,,,,,,,86.15,30.0,0.0,0.0,2.8,20.0,18,hitl
180,2026-02-06 03:00,supplier_1,supplier,0,731.29,,,,,,,,,,,,,18,hitl
180,2026-02-06 03:00,farm_1,farm,1,,399.0,0.14,,,,,,,,,,,18,hitl
180,2026-02-06 03:00,slaughterhouse_1,slaughterhouse,1,,,,175.0,400.0,,,,,,,,,18,hitl
180,2026-02-06 03:00,wholesaler_1,wholesaler,1,,,,,,0.0,0.0,,,,,,,18,hitl
180,2026-02-06 03:00,retail_1,retail,0,,,,,,,,85.43,30.0,0.0,0.0,2.8,20.0,18,hitl
181,2026-02-06 03:15,supplier_1,supplier,0,730.77,,,,,,,,,,,,,18,hitl
181,2026-02-06 03:15,farm_1,farm,1,,399.0,0.14,,,,,,,,,,,18,hitl
181,2026-02-06 03:15,slaughterhouse_1,slaughterhouse,1,,,,175.0,400.0,,,,,,,,,18,hitl
181,2026-02-06 03:15,wholesaler_1,wholesaler,1,,,,,,0.0,0.0,,,,,,,18,hitl
181,2026-02-06 03:15,retail_1,retail,0,,,,,,,,84.72,30.0,0.0,0.0,2.8,20.0,18,hitl
182,2026-02-06 03:30,supplier_1,supplier,0,729.78,,,,,,,,,,,,,18,hitl
182,2026-02-06 03:30,farm_1,farm,1,,399.0,0.14,,,,,,,,,,,18,hitl
182,2026-02-06 03:30,slaughterhouse_1,slaughterhouse,1,,,,175.0,400.0,,,,,,,,,18,hitl
182,2026-02-06 03:30,wholesaler_1,wholesaler,1,,,,,,0.0,0.0,,,,,,,18,hitl
182,2026-02-06 03:30,retail_1,retail,0,,,,,,,,83.98,30.0,0.0,0.0,2.8,20.0,18,hitl
183,2026-02-06 03:45,supplier_1,supplier,0,728.66,,,,,,,,,,,,,18,hitl
183,2026-02-06 03:45,farm_1,farm,1,,399.0,0.14,,,,,,,,,,,18,hitl
183,2026-02-06 03:45,slaughterhouse_1,slaughterhouse,1,,,,175.0,400.0,,,,,,,,,18,hitl
183,2026-02-06 03:45,wholesaler_1,wholesaler,1,,,,,,0.0,0.0,,,,,,,18,hitl
183,2026-02-06 03:45,retail_1,retail,0,,,,,,,,83.25,30.0,0.0,0.0,2.8,20.0,18,hitl
184,2026-02-06 04:00,supplier_1,supplier,0,727.92,,,,,,,,,,,,,18,hitl
184,2026-02-06 04:00,farm_1,farm,1,,399.0,0.14,,,,,,,,,,,18,hitl
184,2026-02-06 04:00,slaughterhouse_1,slaughterhouse,1,,,,175.0,395.68,,,,,,,,,18,hitl
184,2026-02-06 04:00,wholesaler_1,wholesaler,1,,,,,,0.0,0.0,,,,,,,18,hitl
184,2026-02-06 04:00,retail_1,retail,0,,,,,,,,82.53,30.0,0.0,0.0,2.8,20.0,18,hitl
185,2026-02-06 04:15,supplier_1,supplier,0,727.3,,,,,,,,,,,,,18,hitl
185,2026-02-06 04:15,farm_1,farm,1,,399.0,0.14,,,,,,,,,,,18,hitl
185,2026-02-06 04:15,slaughterhouse_1,slaughterhouse,1,,,,175.0,400.0,,,,,,,,,18,hitl
185,2026-02-06 04:15,wholesaler_1,wholesaler,1,,,,,,4.32,0.0,,,,,,,18,hitl
185,2026-02-06 04:15,retail_1,retail,0,,,,,,,,81.76,30.0,0.0,0.0,2.8,20.0,18,hitl
186,2026-02-06 04:30,supplier_1,supplier,0,726.33,,,,,,,,,,,,,18,hitl
186,2026-02-06 04:30,farm_1,farm,1,,399.0,0.14,,,,,,,,,,,18,hitl
186,2026-02-06 04:30,slaughterhouse_1,slaughterhouse,1,,,,175.0,400.0,,,,,,,,,18,hitl
186,2026-02-06 04:30,wholesaler_1,wholesaler,1,,,,,,1.51,0.0,,,,,,,18,hitl
186,2026-02-06 04:30,retail_1,retail,0,,,,,,,,81.0,30.0,0.0,0.0,2.8,20.0,18,hitl
187,2026-02-06 04:45,supplier_1,supplier,0,725.21,,,,,,,,,,,,,18,hitl
187,2026-02-06 04:45,farm_1,farm,1,,399.0,0.14,,,,,,,,,,,18,hitl
187,2026-02-06 04:45,slaughterhouse_1,slaughterhouse,1,,,,175.0,400.0,,,,,,,,,18,hitl
187,2026-02-06 04:45,wholesaler_1,wholesaler,1,,,,,,0.0,0.0,,,,,,,18,hitl
187,2026-02-06 04:45,retail_1,retail,0,,,,,,,,80.22,30.0,0.0,0.0,2.8,20.0,18,hitl
188,2026-02-06 05:00,supplier_1,supplier,0,724.45,,,,,,,,,,,,,18,hitl
188,2026-02-06 05:00,farm_1,farm,1,,399.0,0.14,,,,,,,,,,,18,hitl
188,2026-02-06 05:00,slaughterhouse_1,slaughterhouse,1,,,,175.0,400.0,,,,,,,,,18,hitl
188,2026-02-06 05:00,wholesaler_1,wholesaler,1,,,,,,0.0,0.0,,,,,,,18,hitl
188,2026-02-06 05:00,retail_1,retail,0,,,,,,,,79.58,30.0,0.0,0.0,2.8,20.0,18,hitl
189,2026-02-06 05:15,supplier_1,supplier,0,723.22,,,,,,,,,,,,,18,hitl
189,2026-02-06 05:15,farm_1,farm,1,,399.0,0.14,,,,,,,,,,,18,hitl
189,2026-02-06 05:15,slaughterhouse_1,slaughterhouse,1,,,,175.0,400.0,,,,,,,,,18,hitl
189,2026-02-06 05:15,wholesaler_1,wholesaler,1,,,,,,0.0,0.0,,,,,,,18,hitl
189,2026-02-06 05:15,retail_1,retail,0,,,,,,,,78.89,30.0,0.0,0.0,2.8,20.0,18,hitl
190,2026-02-06 05:30,supplier_1,supplier,0,722.18,,,,,,,,,,,,,18,hitl
190,2026-02-06 05:30,farm_1,farm,1,,399.0,0.14,,,,,,,,,,,18,hitl
190,2026-02-06 05:30,slaughterhouse_1,slaughterhouse,1,,,,175.0,400.0,,,,,,,,,18,hitl
190,2026-02-06 05:30,wholesaler_1,wholesaler,1,,,,,,0.0,0.0,,,,,,,18,hitl
190,2026-02-06 05:30,retail_1,retail,0,,,,,,,,78.25,30.0,0.0,0.0,2.8,20.0,18,hitl
191,2026-02-06 05:45,supplier_1,supplier,0,720.79,,,,,,,,,,,,,18,hitl
191,2026-02-06 05:45,farm_1,farm,1,,399.0,0.14,,,,,,,,,,,18,hitl
191,2026-02-06 05:45,slaughterhouse_1,slaughterhouse,1,,,,175.0,400.0,,,,,,,,,18,hitl
191,2026-02-06 05:45,wholesaler_1,wholesaler,1,,,,,,0.0,0.0,,,,,,,18,hitl
191,2026-02-06 05:45,retail_1,retail,0,,,,,,,,77.48,30.0,0.0,0.0,2.8,20.0,18,hitl
192,2026-02-06 06:00,supplier_1,supplier,0,719.91,,,,,,,,,,,,,18,hitl
192,2026-02-06 06:00,farm_1,farm,1,,399.0,0.14,,,,,,,,,,,18,hitl
192,2026-02-06 06:00,slaughterhouse_1,slaughterhouse,1,,,,175.0,395.68,,,,,,,,,18,hitl
192,2026-02-06 06:00,wholesaler_1,wholesaler,1,,,,,,0.0,0.0,,,,,,,18,hitl
192,2026-02-06 06:00,retail_1,retail,1,,,,,,,,5.53,30.0,0.0,3.75,16.5,75.0,18,hitl
193,2026-02-06 06:15,supplier_1,supplier,0,718.47,,,,,,,,,,,,,18,hitl
193,2026-02-06 06:15,farm_1,farm,1,,399.0,0.14,,,,,,,,,,,18,hitl
193,2026-02-06 06:15,slaughterhouse_1,slaughterhouse,1,,,,175.0,400.0,,,,,,,,,18,hitl
193,2026-02-06 06:15,wholesaler_1,wholesaler,1,,,,,,4.32,0.0,,,,,,,18,hitl
193,2026-02-06 06:15,retail_1,retail,1,,,,,,,,0.98,30.0,0.0,4.0,16.5,75.0,18,hitl
194,2026-02-06 06:30,supplier_1,supplier,0,717.1,,,,,,,,,,,,,18,hitl
194,2026-02-06 06:30,farm_1,farm,1,,399.0,0.14,,,,,,,,,,,18,hitl
194,2026-02-06 06:30,slaughterhouse_1,slaughterhouse,1,,,,175.0,400.0,,,,,,,,,18,hitl
194,2026-02-06 06:30,wholesaler_1,wholesaler,1,,,,,,2.41,0.0,,,,,,,18,hitl
194,2026-02-06 06:30,retail_1,retail,1,,,,,,,,0.0,30.0,1.0,4.25,16.5,75.0,18,hitl
195,2026-02-06 06:45,supplier_1,supplier,0,716.35,,,,,,,,,,,,,18,hitl
195,2026-02-06 06:45,farm_1,farm,1,,399.0,0.14,,,,,,,,,,,18,hitl
195,2026-02-06 06:45,slaughterhouse_1,slaughterhouse,1,,,,175.0,400.0,,,,,,,,,18,hitl
195,2026-02-06 06:45,wholesaler_1,wholesaler,1,,,,,,0.0,0.0,,,,,,,18,hitl
195,2026-02-06 06:45,retail_1,retail,1,,,,,,,,0.0,30.0,1.0,4.5,16.5,75.0,18,hitl
196,2026-02-06 07:00,supplier_1,supplier,0,714.98,,,,,,,,,,,,,18,hitl
196,2026-02-06 07:00,farm_1,farm,1,,399.0,0.14,,,,,,,,,,,18,hitl
196,2026-02-06 07:00,slaughterhouse_1,slaughterhouse,1,,,,175.0,400.0,,,,,,,,,18,hitl
196,2026-02-06 07:00,wholesaler_1,wholesaler,1,,,,,,0.0,0.0,,,,,,,18,hitl
196,2026-02-06 07:00,retail_1,retail,1,,,,,,,,0.0,30.0,1.0,4.75,16.5,75.0,18,hitl
197,2026-02-06 07:15,supplier_1,supplier,0,713.65,,,,,,,,,,,,,18,hitl
197,2026-02-06 07:15,farm_1,farm,1,,399.0,0.14,,,,,,,,,,,18,hitl
197,2026-02-06 07:15,slaughterhouse_1,slaughterhouse,1,,,,175.0,400.0,,,,,,,,,18,hitl
197,2026-02-06 07:15,wholesaler_1,wholesaler,1,,,,,,0.0,0.0,,,,,,,18,hitl
197,2026-02-06 07:15,retail_1,retail,1,,,,,,,,0.0,30.0,1.0,5.0,16.5,75.0,18,hitl
198,2026-02-06 07:30,supplier_1,supplier,0,712.94,,,,,,,,,,,,,18,hitl
198,2026-02-06 07:30,farm_1,farm,1,,399.0,0.14,,,,,,,,,,,18,hitl
198,2026-02-06 07:30,slaughterhouse_1,slaughterhouse,1,,,,175.0,400.0,,,,,,,,,18,hitl
198,2026-02-06 07:30,wholesaler_1,wholesaler,1,,,,,,0.0,0.0,,,,,,,18,hitl
198,2026-02-06 07:30,retail_1,retail,1,,,,,,,,0.0,30.0,1.0,5.25,16.5,75.0,18,hitl
199,2026-02-06 07:45,supplier_1,supplier,0,712.19,,,,,,,,,,,,,18,hitl
199,2026-02-06 07:45,farm_1,farm,1,,399.0,0.14,,,,,,,,,,,18,hitl
199,2026-02-06 07:45,slaughterhouse_1,slaughterhouse,1,,,,175.0,400.0,,,,,,,,,18,hitl
199,2026-02-06 07:45,wholesaler_1,wholesaler,1,,,,,,0.0,0.0,,,,,,,18,hitl
199,2026-02-06 07:45,retail_1,retail,1,,,,,,,,0.0,30.0,1.0,5.5,16.5,75.0,18,hitl
200,2026-02-06 08:00,supplier_1,supplier,0,711.19,,,,,,,,,,,,,18,hitl
200,2026-02-06 08:00,farm_1,farm,1,,399.0,0.14,,,,,,,,,,,18,hitl
200,2026-02-06 08:00,slaughterhouse_1,slaughterhouse,1,,,,175.0,395.68,,,,,,,,,18,hitl
200,2026-02-06 08:00,wholesaler_1,wholesaler,1,,,,,,0.0,0.0,,,,,,,18,hitl
200,2026-02-06 08:00,retail_1,retail,1,,,,,,,,0.0,30.0,1.0,5.75,16.5,75.0,18,hitl
201,2026-02-06 08:15,supplier_1,supplier,0,710.25,,,,,,,,,,,,,18,hitl
201,2026-02-06 08:15,farm_1,farm,1,,399.0,0.14,,,,,,,,,,,18,hitl
201,2026-02-06 08:15,slaughterhouse_1,slaughterhouse,1,,,,175.0,400.0,,,,,,,,,18,hitl
201,2026-02-06 08:15,wholesaler_1,wholesaler,1,,,,,,4.32,0.0,,,,,,,18,hitl
201,2026-02-06 08:15,retail_1,retail,1,,,,,,,,0.0,30.0,1.0,6.0,16.5,75.0,18,hitl
202,2026-02-06 08:30,supplier_1,supplier,0,709.39,,,,,,,,,,,,,18,hitl
202,2026-02-06 08:30,farm_1,farm,1,,399.0,0.14,,,,,,,,,,,18,hitl
202,2026-02-06 08:30,slaughterhouse_1,slaughterhouse,1,,,,175.0,400.0,,,,,,,,,18,hitl
202,2026-02-06 08:30,wholesaler_1,wholesaler,1,,,,,,2.31,0.0,,,,,,,18,hitl
202,2026-02-06 08:30,retail_1,retail,1,,,,,,,,0.0,30.0,1.0,6.25,16.5,75.0,18,hitl
203,2026-02-06 08:45,supplier_1,supplier,0,708.15,,,,,,,,,,,,,18,hitl
203,2026-02-06 08:45,farm_1,farm,1,,399.0,0.14,,,,,,,,,,,18,hitl
203,2026-02-06 08:45,slaughterhouse_1,slaughterhouse,1,,,,175.0,400.0,,,,,,,,,18,hitl
203,2026-02-06 08:45,wholesaler_1,wholesaler,1,,,,,,0.0,0.0,,,,,,,18,hitl
203,2026-02-06 08:45,retail_1,retail,1,,,,,,,,0.0,30.0,1.0,6.5,16.5,75.0,18,hitl
204,2026-02-06 09:00,supplier_1,supplier,0,707.16,,,,,,,,,,,,,18,hitl
204,2026-02-06 09:00,farm_1,farm,1,,399.0,0.14,,,,,,,,,,,18,hitl
204,2026-02-06 09:00,slaughterhouse_1,slaughterhouse,1,,,,175.0,400.0,,,,,,,,,18,hitl
204,2026-02-06 09:00,wholesaler_1,wholesaler,1,,,,,,0.0,0.0,,,,,,,18,hitl
204,2026-02-06 09:00,retail_1,retail,1,,,,,,,,0.0,30.0,1.0,6.75,16.5,75.0,18,hitl
205,2026-02-06 09:15,supplier_1,supplier,0,706.34,,,,,,,,,,,,,18,hitl
205,2026-02-06 09:15,farm_1,farm,1,,399.0,0.14,,,,,,,,,,,18,hitl
205,2026-02-06 09:15,slaughterhouse_1,slaughterhouse,1,,,,175.0,400.0,,,,,,,,,18,hitl
205,2026-02-06 09:15,wholesaler_1,wholesaler,1,,,,,,0.0,0.0,,,,,,,18,hitl
205,2026-02-06 09:15,retail_1,retail,1,,,,,,,,0.0,30.0,1.0,7.0,16.5,75.0,18,hitl
206,2026-02-06 09:30,supplier_1,supplier,0,704.96,,,,,,,,,,,,,18,hitl
206,2026-02-06 09:30,farm_1,farm,1,,399.0,0.14,,,,,,,,,,,18,hitl
206,2026-02-06 09:30,slaughterhouse_1,slaughterhouse,1,,,,175.0,400.0,,,,,,,,,18,hitl
206,2026-02-06 09:30,wholesaler_1,wholesaler,1,,,,,,0.0,0.0,,,,,,,18,hitl
206,2026-02-06 09:30,retail_1,retail,1,,,,,,,,0.0,30.0,1.0,7.25,16.5,75.0,18,hitl
207,2026-02-06 09:45,supplier_1,supplier,0,704.02,,,,,,,,,,,,,18,hitl
207,2026-02-06 09:45,farm_1,farm,1,,399.0,0.14,,,,,,,,,,,18,hitl
207,2026-02-06 09:45,slaughterhouse_1,slaughterhouse,1,,,,175.0,400.0,,,,,,,,,18,hitl
207,2026-02-06 09:45,wholesaler_1,wholesaler,1,,,,,,0.0,0.0,,,,,,,18,hitl
207,2026-02-06 09:45,retail_1,retail,1,,,,,,,,0.0,30.0,1.0,7.5,16.5,75.0,18,hitl
208,2026-02-06 10:00,supplier_1,supplier,0,703.15,,,,,,,,,,,,,18,hitl
208,2026-02-06 10:00,farm_1,farm,1,,399.0,0.14,,,,,,,,,,,18,hitl
208,2026-02-06 10:00,slaughterhouse_1,slaughterhouse,1,,,,175.0,395.68,,,,,,,,,18,hitl
208,2026-02-06 10:00,wholesaler_1,wholesaler,1,,,,,,0.0,0.0,,,,,,,18,hitl
208,2026-02-06 10:00,retail_1,retail,1,,,,,,,,0.0,30.0,1.0,7.75,16.5,75.0,18,hitl
209,2026-02-06 10:15,supplier_1,supplier,0,702.58,,,,,,,,,,,,,18,hitl
209,2026-02-06 10:15,farm_1,farm,1,,399.0,0.14,,,,,,,,,,,18,hitl
209,2026-02-06 10:15,slaughterhouse_1,slaughterhouse,1,,,,175.0,400.0,,,,,,,,,18,hitl
209,2026-02-06 10:15,wholesaler_1,wholesaler,1,,,,,,4.32,0.0,,,,,,,18,hitl
209,2026-02-06 10:15,retail_1,retail,1,,,,,,,,0.0,30.0,1.0,8.0,16.5,75.0,18,hitl
210,2026-02-06 10:30,supplier_1,supplier,0,701.65,,,,,,,,,,,,,18,hitl
210,2026-02-06 10:30,farm_1,farm,1,,399.0,0.14,,,,,,,,,,,18,hitl
210,2026-02-06 10:30,slaughterhouse_1,slaughterhouse,1,,,,175.0,400.0,,,,,,,,,18,hitl
210,2026-02-06 10:30,wholesaler_1,wholesaler,1,,,,,,2.64,0.0,,,,,,,18,hitl
210,2026-02-06 10:30,retail_1,retail,1,,,,,,,,0.0,30.0,1.0,8.25,16.5,75.0,18,hitl
211,2026-02-06 10:45,supplier_1,supplier,0,700.66,,,,,,,,,,,,,18,hitl
211,2026-02-06 10:45,farm_1,farm,1,,399.0,0.14,,,,,,,,,,,18,hitl
211,2026-02-06 10:45,slaughterhouse_1,slaughterhouse,1,,,,175.0,400.0,,,,,,,,,18,hitl
211,2026-02-06 10:45,wholesaler_1,wholesaler,1,,,,,,0.92,0.0,,,,,,,18,hitl
211,2026-02-06 10:45,retail_1,retail,1,,,,,,,,0.0,30.0,1.0,8.5,16.5,75.0,18,hitl
212,2026-02-06 11:00,supplier_1,supplier,0,699.4,,,,,,,,,,,,,18,hitl
212,2026-02-06 11:00,farm_1,farm,1,,399.0,0.14,,,,,,,,,,,18,hitl
212,2026-02-06 11:00,slaughterhouse_1,slaughterhouse,1,,,,175.0,400.0,,,,,,,,,18,hitl
212,2026-02-06 11:00,wholesaler_1,wholesaler,1,,,,,,0.0,0.0,,,,,,,18,hitl
212,2026-02-06 11:00,retail_1,retail,1,,,,,,,,0.0,30.0,1.0,8.75,16.5,75.0,18,hitl
213,2026-02-06 11:15,supplier_1,supplier,0,698.23,,,,,,,,,,,,,18,hitl
213,2026-02-06 11:15,farm_1,farm,1,,399.0,0.14,,,,,,,,,,,18,hitl
213,2026-02-06 11:15,slaughterhouse_1,slaughterhouse,1,,,,175.0,400.0,,,,,,,,,18,hitl
213,2026-02-06 11:15,wholesaler_1,wholesaler,1,,,,,,0.0,0.0,,,,,,,18,hitl
213,2026-02-06 11:15,retail_1,retail,1,,,,,,,,0.0,30.0,1.0,9.0,16.5,75.0,18,hitl
214,2026-02-06 11:30,supplier_1,supplier,0,697.14,,,,,,,,,,,,,18,hitl
214,2026-02-06 11:30,farm_1,farm,1,,399.0,0.14,,,,,,,,,,,18,hitl
214,2026-02-06 11:30,slaughterhouse_1,slaughterhouse,1,,,,175.0,400.0,,,,,,,,,18,hitl
214,2026-02-06 11:30,wholesaler_1,wholesaler,1,,,,,,0.0,0.0,,,,,,,18,hitl
214,2026-02-06 11:30,retail_1,retail,1,,,,,,,,0.0,30.0,1.0,9.25,16.5,75.0,18,hitl
215,2026-02-06 11:45,supplier_1,supplier,0,695.96,,,,,,,,,,,,,18,hitl
215,2026-02-06 11:45,farm_1,farm,1,,399.0,0.14,,,,,,,,,,,18,hitl
215,2026-02-06 11:45,slaughterhouse_1,slaughterhouse,1,,,,175.0,400.0,,,,,,,,,18,hitl
215,2026-02-06 11:45,wholesaler_1,wholesaler,1,,,,,,0.0,0.0,,,,,,,18,hitl
215,2026-02-06 11:45,retail_1,retail,1,,,,,,,,0.0,30.0,1.0,9.5,16.5,75.0,18,hitl
216,2026-02-06 12:00,supplier_1,supplier,0,695.45,,,,,,,,,,,,,18,hitl
216,2026-02-06 12:00,farm_1,farm,1,,399.0,0.14,,,,,,,,,,,18,hitl
216,2026-02-06 12:00,slaughterhouse_1,slaughterhouse,1,,,,175.0,395.68,,,,,,,,,18,hitl
216,2026-02-06 12:00,wholesaler_1,wholesaler,1,,,,,,0.0,0.0,,,,,,,18,hitl
216,2026-02-06 12:00,retail_1,retail,1,,,,,,,,0.0,30.0,1.0,9.75,16.5,75.0,18,hitl
217,2026-02-06 12:15,supplier_1,supplier,0,694.13,,,,,,,,,,,,,18,hitl
217,2026-02-06 12:15,farm_1,farm,1,,399.0,0.14,,,,,,,,,,,18,hitl
217,2026-02-06 12:15,slaughterhouse_1,slaughterhouse,1,,,,175.0,400.0,,,,,,,,,18,hitl
217,2026-02-06 12:15,wholesaler_1,wholesaler,1,,,,,,4.32,0.0,,,,,,,18,hitl
217,2026-02-06 12:15,retail_1,retail,1,,,,,,,,0.0,30.0,1.0,10.0,16.5,75.0,18,hitl
218,2026-02-06 12:30,supplier_1,supplier,0,692.83,,,,,,,,,,,,,18,hitl
218,2026-02-06 12:30,farm_1,farm,1,,399.0,0.14,,,,,,,,,,,18,hitl
218,2026-02-06 12:30,slaughterhouse_1,slaughterhouse,1,,,,175.0,400.0,,,,,,,,,18,hitl
218,2026-02-06 12:30,wholesaler_1,wholesaler,1,,,,,,1.94,0.0,,,,,,,18,hitl
218,2026-02-06 12:30,retail_1,retail,1,,,,,,,,0.0,30.0,1.0,10.25,16.5,75.0,18,hitl
219,2026-02-06 12:45,supplier_1,supplier,0,691.81,,,,,,,,,,,,,18,hitl
219,2026-02-06 12:45,farm_1,farm,1,,399.0,0.14,,,,,,,,,,,18,hitl
219,2026-02-06 12:45,slaughterhouse_1,slaughterhouse,1,,,,175.0,400.0,,,,,,,,,18,hitl
219,2026-02-06 12:45,wholesaler_1,wholesaler,1,,,,,,0.0,0.0,,,,,,,18,hitl
219,2026-02-06 12:45,retail_1,retail,1,,,,,,,,0.0,30.0,1.0,10.5,16.5,75.0,18,hitl
220,2026-02-06 13:00,supplier_1,supplier,0,690.81,,,,,,,,,,,,,18,hitl
220,2026-02-06 13:00,farm_1,farm,1,,399.0,0.14,,,,,,,,,,,18,hitl
220,2026-02-06 13:00,slaughterhouse_1,slaughterhouse,1,,,,175.0,400.0,,,,,,,,,18,hitl
220,2026-02-06 13:00,wholesaler_1,wholesaler,1,,,,,,0.0,0.0,,,,,,,18,hitl
220,2026-02-06 13:00,retail_1,retail,1,,,,,,,,0.0,30.0,1.0,10.75,16.5,75.0,18,hitl
221,2026-02-06 13:15,supplier_1,supplier,0,689.95,,,,,,,,,,,,,18,hitl
221,2026-02-06 13:15,farm_1,farm,1,,399.0,0.14,,,,,,,,,,,18,hitl
221,2026-02-06 13:15,slaughterhouse_1,slaughterhouse,1,,,,175.0,400.0,,,,,,,,,18,hitl
221,2026-02-06 13:15,wholesaler_1,wholesaler,1,,,,,,0.0,0.0,,,,,,,18,hitl
221,2026-02-06 13:15,retail_1,retail,1,,,,,,,,0.0,30.0,1.0,11.0,16.5,75.0,18,hitl
222,2026-02-06 13:30,supplier_1,supplier,0,688.51,,,,,,,,,,,,,18,hitl
222,2026-02-06 13:30,farm_1,farm,1,,399.0,0.14,,,,,,,,,,,18,hitl
222,2026-02-06 13:30,slaughterhouse_1,slaughterhouse,1,,,,175.0,400.0,,,,,,,,,18,hitl
222,2026-02-06 13:30,wholesaler_1,wholesaler,1,,,,,,0.0,0.0,,,,,,,18,hitl
222,2026-02-06 13:30,retail_1,retail,1,,,,,,,,0.0,30.0,1.0,11.25,16.5,75.0,18,hitl
223,2026-02-06 13:45,supplier_1,supplier,0,687.84,,,,,,,,,,,,,18,hitl
223,2026-02-06 13:45,farm_1,farm,1,,399.0,0.14,,,,,,,,,,,18,hitl
223,2026-02-06 13:45,slaughterhouse_1,slaughterhouse,1,,,,175.0,400.0,,,,,,,,,18,hitl
223,2026-02-06 13:45,wholesaler_1,wholesaler,1,,,,,,0.0,0.0,,,,,,,18,hitl
223,2026-02-06 13:45,retail_1,retail,1,,,,,,,,0.0,30.0,1.0,11.5,16.5,75.0,18,hitl
224,2026-02-06 14:00,supplier_1,supplier,0,686.47,,,,,,,,,,,,,18,hitl
224,2026-02-06 14:00,farm_1,farm,1,,399.0,0.14,,,,,,,,,,,18,hitl
224,2026-02-06 14:00,slaughterhouse_1,slaughterhouse,1,,,,175.0,395.68,,,,,,,,,18,hitl
224,2026-02-06 14:00,wholesaler_1,wholesaler,1,,,,,,0.0,0.0,,,,,,,18,hitl
224,2026-02-06 14:00,retail_1,retail,1,,,,,,,,0.0,30.0,1.0,11.75,16.5,75.0,18,hitl
225,2026-02-06 14:15,supplier_1,supplier,0,685.57,,,,,,,,,,,,,18,hitl
225,2026-02-06 14:15,farm_1,farm,1,,399.0,0.14,,,,,,,,,,,18,hitl
225,2026-02-06 14:15,slaughterhouse_1,slaughterhouse,1,,,,175.0,400.0,,,,,,,,,18,hitl
225,2026-02-06 14:15,wholesaler_1,wholesaler,1,,,,,,4.32,0.0,,,,,,,18,hitl
225,2026-02-06 14:15,retail_1,retail,1,,,,,,,,0.0,30.0,1.0,12.0,16.5,75.0,18,hitl
226,2026-02-06 14:30,supplier_1,supplier,0,684.09,,,,,,,,,,,,,18,hitl
226,2026-02-06 14:30,farm_1,farm,1,,399.0,0.14,,,,,,,,,,,18,hitl
226,2026-02-06 14:30,slaughterhouse_1,slaughterhouse,1,,,,175.0,400.0,,,,,,,,,18,hitl
226,2026-02-06 14:30,wholesaler_1,wholesaler,1,,,,,,1.77,0.0,,,,,,,18,hitl
226,2026-02-06 14:30,retail_1,retail,1,,,,,,,,0.0,30.0,1.0,12.25,16.5,75.0,18,hitl
227,2026-02-06 14:45,supplier_1,supplier,0,683.37,,,,,,,,,,,,,18,hitl
227,2026-02-06 14:45,farm_1,farm,1,,399.0,0.14,,,,,,,,,,,18,hitl
227,2026-02-06 14:45,slaughterhouse_1,slaughterhouse,1,,,,175.0,400.0,,,,,,,,,18,hitl
227,2026-02-06 14:45,wholesaler_1,wholesaler,1,,,,,,0.0,0.0,,,,,,,18,hitl
227,2026-02-06 14:45,retail_1,retail,1,,,,,,,,0.0,30.0,1.0,12.5,16.5,75.0,18,hitl
228,2026-02-06 15:00,supplier_1,supplier,0,681.87,,,,,,,,,,,,,18,hitl
228,2026-02-06 15:00,farm_1,farm,1,,399.0,0.14,,,,,,,,,,,18,hitl
228,2026-02-06 15:00,slaughterhouse_1,slaughterhouse,1,,,,175.0,400.0,,,,,,,,,18,hitl
228,2026-02-06 15:00,wholesaler_1,wholesaler,1,,,,,,0.0,0.0,,,,,,,18,hitl
228,2026-02-06 15:00,retail_1,retail,1,,,,,,,,0.0,30.0,1.0,12.75,16.5,75.0,18,hitl
229,2026-02-06 15:15,supplier_1,supplier,0,680.37,,,,,,,,,,,,,18,hitl
229,2026-02-06 15:15,farm_1,farm,1,,399.0,0.14,,,,,,,,,,,18,hitl
229,2026-02-06 15:15,slaughterhouse_1,slaughterhouse,1,,,,175.0,400.0,,,,,,,,,18,hitl
229,2026-02-06 15:15,wholesaler_1,wholesaler,1,,,,,,0.0,0.0,,,,,,,18,hitl
229,2026-02-06 15:15,retail_1,retail,1,,,,,,,,0.0,30.0,1.0,13.0,16.5,75.0,18,hitl
230,2026-02-06 15:30,supplier_1,supplier,0,679.0,,,,,,,,,,,,,18,hitl
230,2026-02-06 15:30,farm_1,farm,1,,399.0,0.14,,,,,,,,,,,18,hitl
230,2026-02-06 15:30,slaughterhouse_1,slaughterhouse,1,,,,175.0,400.0,,,,,,,,,18,hitl
230,2026-02-06 15:30,wholesaler_1,wholesaler,1,,,,,,0.0,0.0,,,,,,,18,hitl
230,2026-02-06 15:30,retail_1,retail,1,,,,,,,,0.0,30.0,1.0,13.25,16.5,75.0,18,hitl
231,2026-02-06 15:45,supplier_1,supplier,0,678.02,,,,,,,,,,,,,18,hitl
231,2026-02-06 15:45,farm_1,farm,1,,399.0,0.14,,,,,,,,,,,18,hitl
231,2026-02-06 15:45,slaughterhouse_1,slaughterhouse,1,,,,175.0,400.0,,,,,,,,,18,hitl
231,2026-02-06 15:45,wholesaler_1,wholesaler,1,,,,,,0.0,0.0,,,,,,,18,hitl
231,2026-02-06 15:45,retail_1,retail,1,,,,,,,,0.0,30.0,1.0,13.5,16.5,75.0,18,hitl
232,2026-02-06 16:00,supplier_1,supplier,0,676.68,,,,,,,,,,,,,18,hitl
232,2026-02-06 16:00,farm_1,farm,1,,399.0,0.14,,,,,,,,,,,18,hitl
232,2026-02-06 16:00,slaughterhouse_1,slaughterhouse,1,,,,175.0,395.68,,,,,,,,,18,hitl
232,2026-02-06 16:00,wholesaler_1,wholesaler,1,,,,,,0.0,0.0,,,,,,,18,hitl
232,2026-02-06 16:00,retail_1,retail,1,,,,,,,,0.0,30.0,1.0,13.75,16.5,75.0,18,hitl
233,2026-02-06 16:15,supplier_1,supplier,0,675.4,,,,,,,,,,,,,18,hitl
233,2026-02-06 16:15,farm_1,farm,1,,399.0,0.14,,,,,,,,,,,18,hitl
233,2026-02-06 16:15,slaughterhouse_1,slaughterhouse,1,,,,175.0,400.0,,,,,,,,,18,hitl
233,2026-02-06 16:15,wholesaler_1,wholesaler,1,,,,,,4.32,0.0,,,,,,,18,hitl
233,2026-02-06 16:15,retail_1,retail,1,,,,,,,,0.0,30.0,1.0,14.0,16.5,75.0,18,hitl
234,2026-02-06 16:30,supplier_1,supplier,0,674.55,,,,,,,,,,,,,18,hitl
234,2026-02-06 16:30,farm_1,farm,1,,399.0,0.14,,,,,,,,,,,18,hitl
234,2026-02-06 16:30,slaughterhouse_1,slaughterhouse,1,,,,175.0,400.0,,,,,,,,,18,hitl
234,2026-02-06 16:30,wholesaler_1,wholesaler,1,,,,,,2.12,0.0,,,,,,,18,hitl
234,2026-02-06 16:30,retail_1,retail,1,,,,,,,,0.0,30.0,1.0,14.25,16.5,75.0,18,hitl
235,2026-02-06 16:45,supplier_1,supplier,0,673.05,,,,,,,,,,,,,18,hitl
235,2026-02-06 16:45,farm_1,farm,1,,399.0,0.14,,,,,,,,,,,18,hitl
235,2026-02-06 16:45,slaughterhouse_1,slaughterhouse,1,,,,175.0,400.0,,,,,,,,,18,hitl
235,2026-02-06 16:45,wholesaler_1,wholesaler,1,,,,,,0.19,0.0,,,,,,,18,hitl
235,2026-02-06 16:45,retail_1,retail,1,,,,,,,,0.0,30.0,1.0,14.5,16.5,75.0,18,hitl
236,2026-02-06 17:00,supplier_1,supplier,0,671.85,,,,,,,,,,,,,18,hitl
236,2026-02-06 17:00,farm_1,farm,1,,399.0,0.14,,,,,,,,,,,18,hitl
236,2026-02-06 17:00,slaughterhouse_1,slaughterhouse,1,,,,175.0,400.0,,,,,,,,,18,hitl
236,2026-02-06 17:00,wholesaler_1,wholesaler,1,,,,,,0.0,0.0,,,,,,,18,hitl
236,2026-02-06 17:00,retail_1,retail,1,,,,,,,,0.0,30.0,1.0,14.75,16.5,75.0,18,hitl
237,2026-02-06 17:15,supplier_1,supplier,0,670.42,,,,,,,,,,,,,18,hitl
237,2026-02-06 17:15,farm_1,farm,1,,399.0,0.14,,,,,,,,,,,18,hitl
237,2026-02-06 17:15,slaughterhouse_1,slaughterhouse,1,,,,175.0,400.0,,,,,,,,,18,hitl
237,2026-02-06 17:15,wholesaler_1,wholesaler,1,,,,,,0.0,0.0,,,,,,,18,hitl
237,2026-02-06 17:15,retail_1,retail,1,,,,,,,,0.0,30.0,1.0,15.0,16.5,75.0,18,hitl
238,2026-02-06 17:30,supplier_1,supplier,0,669.42,,,,,,,,,,,,,18,hitl
238,2026-02-06 17:30,farm_1,farm,1,,399.0,0.14,,,,,,,,,,,18,hitl
238,2026-02-06 17:30,slaughterhouse_1,slaughterhouse,1,,,,175.0,400.0,,,,,,,,,18,hitl
238,2026-02-06 17:30,wholesaler_1,wholesaler,1,,,,,,0.0,0.0,,,,,,,18,hitl
238,2026-02-06 17:30,retail_1,retail,1,,,,,,,,0.0,30.0,1.0,15.25,16.5,75.0,18,hitl
239,2026-02-06 17:45,supplier_1,supplier,0,668.8,,,,,,,,,,,,,18,hitl
239,2026-02-06 17:45,farm_1,farm,1,,399.0,0.14,,,,,,,,,,,18,hitl
239,2026-02-06 17:45,slaughterhouse_1,slaughterhouse,1,,,,175.0,400.0,,,,,,,,,18,hitl
239,2026-02-06 17:45,wholesaler_1,wholesaler,1,,,,,,0.0,0.0,,,,,,,18,hitl
239,2026-02-06 17:45,retail_1,retail,1,,,,,,,,0.0,30.0,1.0,15.5,16.5,75.0,18,hitl
240,2026-02-06 18:00,supplier_1,supplier,0,667.75,,,,,,,,,,,,,18,hitl
240,2026-02-06 18:00,farm_1,farm,1,,399.0,0.14,,,,,,,,,,,18,hitl
240,2026-02-06 18:00,slaughterhouse_1,slaughterhouse,1,,,,175.0,395.68,,,,,,,,,18,hitl
240,2026-02-06 18:00,wholesaler_1,wholesaler,1,,,,,,0.0,0.0,,,,,,,18,hitl
240,2026-02-06 18:00,retail_1,retail,1,,,,,,,,0.0,30.0,1.0,15.75,16.5,75.0,18,hitl
241,2026-02-06 18:15,supplier_1,supplier,0,666.34,,,,,,,,,,,,,18,hitl
241,2026-02-06 18:15,farm_1,farm,1,,399.0,0.14,,,,,,,,,,,18,hitl
241,2026-02-06 18:15,slaughterhouse_1,slaughterhouse,1,,,,175.0,400.0,,,,,,,,,18,hitl
241,2026-02-06 18:15,wholesaler_1,wholesaler,1,,,,,,4.32,0.0,,,,,,,18,hitl
241,2026-02-06 18:15,retail_1,retail,1,,,,,,,,0.0,30.0,1.0,16.0,16.5,75.0,18,hitl
242,2026-02-06 18:30,supplier_1,supplier,0,665.37,,,,,,,,,,,,,18,hitl
242,2026-02-06 18:30,farm_1,farm,1,,399.0,0.14,,,,,,,,,,,18,hitl
242,2026-02-06 18:30,slaughterhouse_1,slaughterhouse,1,,,,175.0,400.0,,,,,,,,,18,hitl
242,2026-02-06 18:30,wholesaler_1,wholesaler,1,,,,,,2.5,0.0,,,,,,,18,hitl
242,2026-02-06 18:30,retail_1,retail,1,,,,,,,,0.0,30.0,1.0,16.25,16.5,75.0,18,hitl
243,2026-02-06 18:45,supplier_1,supplier,0,664.84,,,,,,,,,,,,,18,hitl
243,2026-02-06 18:45,farm_1,farm,1,,399.0,0.14,,,,,,,,,,,18,hitl
243,2026-02-06 18:45,slaughterhouse_1,slaughterhouse,1,,,,175.0,400.0,,,,,,,,,18,hitl
243,2026-02-06 18:45,wholesaler_1,wholesaler,1,,,,,,0.28,0.0,,,,,,,18,hitl
243,2026-02-06 18:45,retail_1,retail,1,,,,,,,,0.0,30.0,1.0,16.5,16.5,75.0,18,hitl
244,2026-02-06 19:00,supplier_1,supplier,0,664.2,,,,,,,,,,,,,18,hitl
244,2026-02-06 19:00,farm_1,farm,1,,399.0,0.14,,,,,,,,,,,18,hitl
244,2026-02-06 19:00,slaughterhouse_1,slaughterhouse,1,,,,175.0,400.0,,,,,,,,,18,hitl
244,2026-02-06 19:00,wholesaler_1,wholesaler,1,,,,,,0.0,0.0,,,,,,,18,hitl
244,2026-02-06 19:00,retail_1,retail,1,,,,,,,,0.0,30.0,1.0,16.75,16.5,75.0,18,hitl
245,2026-02-06 19:15,supplier_1,supplier,0,662.85,,,,,,,,,,,,,18,hitl
245,2026-02-06 19:15,farm_1,farm,1,,399.0,0.14,,,,,,,,,,,18,hitl
245,2026-02-06 19:15,slaughterhouse_1,slaughterhouse,1,,,,175.0,400.0,,,,,,,,,18,hitl
245,2026-02-06 19:15,wholesaler_1,wholesaler,1,,,,,,0.0,0.0,,,,,,,18,hitl
245,2026-02-06 19:15,retail_1,retail,1,,,,,,,,0.0,30.0,1.0,17.0,16.5,75.0,18,hitl
246,2026-02-06 19:30,supplier_1,supplier,0,662.04,,,,,,,,,,,,,18,hitl
246,2026-02-06 19:30,farm_1,farm,1,,399.0,0.14,,,,,,,,,,,18,hitl
246,2026-02-06 19:30,slaughterhouse_1,slaughterhouse,1,,,,175.0,400.0,,,,,,,,,18,hitl
246,2026-02-06 19:30,wholesaler_1,wholesaler,1,,,,,,0.0,0.0,,,,,,,18,hitl
246,2026-02-06 19:30,retail_1,retail,1,,,,,,,,0.0,30.0,1.0,17.25,16.5,75.0,18,hitl
247,2026-02-06 19:45,supplier_1,supplier,0,660.83,,,,,,,,,,,,,18,hitl
247,2026-02-06 19:45,farm_1,farm,1,,399.0,0.14,,,,,,,,,,,18,hitl
247,2026-02-06 19:45,slaughterhouse_1,slaughterhouse,1,,,,175.0,400.0,,,,,,,,,18,hitl
247,2026-02-06 19:45,wholesaler_1,wholesaler,1,,,,,,0.0,0.0,,,,,,,18,hitl
247,2026-02-06 19:45,retail_1,retail,1,,,,,,,,0.0,30.0,1.0,17.5,16.5,75.0,18,hitl
248,2026-02-06 20:00,supplier_1,supplier,0,659.77,,,,,,,,,,,,,18,hitl
248,2026-02-06 20:00,farm_1,farm,1,,399.0,0.14,,,,,,,,,,,18,hitl
248,2026-02-06 20:00,slaughterhouse_1,slaughterhouse,1,,,,175.0,395.68,,,,,,,,,18,hitl
248,2026-02-06 20:00,wholesaler_1,wholesaler,1,,,,,,0.0,0.0,,,,,,,18,hitl
248,2026-02-06 20:00,retail_1,retail,1,,,,,,,,0.0,30.0,1.0,17.75,16.5,75.0,18,hitl
249,2026-02-06 20:15,supplier_1,supplier,0,659.2,,,,,,,,,,,,,18,hitl
249,2026-02-06 20:15,farm_1,farm,1,,399.0,0.14,,,,,,,,,,,18,hitl
249,2026-02-06 20:15,slaughterhouse_1,slaughterhouse,1,,,,175.0,400.0,,,,,,,,,18,hitl
249,2026-02-06 20:15,wholesaler_1,wholesaler,1,,,,,,4.32,0.0,,,,,,,18,hitl
249,2026-02-06 20:15,retail_1,retail,1,,,,,,,,0.0,30.0,1.0,18.0,16.5,75.0,18,hitl
250,2026-02-06 20:30,supplier_1,supplier,0,658.57,,,,,,,,,,,,,18,hitl
250,2026-02-06 20:30,farm_1,farm,1,,399.0,0.14,,,,,,,,,,,18,hitl
250,2026-02-06 20:30,slaughterhouse_1,slaughterhouse,1,,,,175.0,400.0,,,,,,,,,18,hitl
250,2026-02-06 20:30,wholesaler_1,wholesaler,1,,,,,,2.6,0.0,,,,,,,18,hitl
250,2026-02-06 20:30,retail_1,retail,1,,,,,,,,0.0,30.0,1.0,18.25,16.5,75.0,18,hitl
251,2026-02-06 20:45,supplier_1,supplier,0,657.81,,,,,,,,,,,,,18,hitl
251,2026-02-06 20:45,farm_1,farm,1,,399.0,0.14,,,,,,,,,,,18,hitl
251,2026-02-06 20:45,slaughterhouse_1,slaughterhouse,1,,,,175.0,400.0,,,,,,,,,18,hitl
251,2026-02-06 20:45,wholesaler_1,wholesaler,1,,,,,,0.0,0.0,,,,,,,18,hitl
251,2026-02-06 20:45,retail_1,retail,1,,,,,,,,0.0,30.0,1.0,18.5,16.5,75.0,18,hitl
252,2026-02-06 21:00,supplier_1,supplier,0,656.76,,,,,,,,,,,,,18,hitl
252,2026-02-06 21:00,farm_1,farm,1,,399.0,0.14,,,,,,,,,,,18,hitl
252,2026-02-06 21:00,slaughterhouse_1,slaughterhouse,1,,,,175.0,400.0,,,,,,,,,18,hitl
252,2026-02-06 21:00,wholesaler_1,wholesaler,1,,,,,,0.0,0.0,,,,,,,18,hitl
252,2026-02-06 21:00,retail_1,retail,1,,,,,,,,0.0,30.0,1.0,18.75,16.5,75.0,18,hitl
253,2026-02-06 21:15,supplier_1,supplier,0,656.0,,,,,,,,,,,,,18,hitl
253,2026-02-06 21:15,farm_1,farm,1,,399.0,0.14,,,,,,,,,,,18,hitl
253,2026-02-06 21:15,slaughterhouse_1,slaughterhouse,1,,,,175.0,400.0,,,,,,,,,18,hitl
253,2026-02-06 21:15,wholesaler_1,wholesaler,1,,,,,,0.0,0.0,,,,,,,18,hitl
253,2026-02-06 21:15,retail_1,retail,1,,,,,,,,0.0,30.0,1.0,19.0,16.5,75.0,18,hitl
254,2026-02-06 21:30,supplier_1,supplier,0,655.44,,,,,,,,,,,,,18,hitl
254,2026-02-06 21:30,farm_1,farm,1,,399.0,0.14,,,,,,,,,,,18,hitl
254,2026-02-06 21:30,slaughterhouse_1,slaughterhouse,1,,,,175.0,400.0,,,,,,,,,18,hitl
254,2026-02-06 21:30,wholesaler_1,wholesaler,1,,,,,,0.0,0.0,,,,,,,18,hitl
254,2026-02-06 21:30,retail_1,retail,1,,,,,,,,0.0,30.0,1.0,19.25,16.5,75.0,18,hitl
255,2026-02-06 21:45,supplier_1,supplier,0,654.15,,,,,,,,,,,,,18,hitl
255,2026-02-06 21:45,farm_1,farm,1,,399.0,0.14,,,,,,,,,,,18,hitl
255,2026-02-06 21:45,slaughterhouse_1,slaughterhouse,1,,,,175.0,400.0,,,,,,,,,18,hitl
255,2026-02-06 21:45,wholesaler_1,wholesaler,1,,,,,,0.0,0.0,,,,,,,18,hitl
255,2026-02-06 21:45,retail_1,retail,1,,,,,,,,0.0,30.0,1.0,19.5,16.5,75.0,18,hitl
256,2026-02-06 22:00,supplier_1,supplier,0,652.77,,,,,,,,,,,,,18,hitl
256,2026-02-06 22:00,farm_1,farm,1,,399.0,0.14,,,,,,,,,,,18,hitl
256,2026-02-06 22:00,slaughterhouse_1,slaughterhouse,1,,,,175.0,395.68,,,,,,,,,18,hitl
256,2026-02-06 22:00,wholesaler_1,wholesaler,1,,,,,,0.0,0.0,,,,,,,18,hitl
256,2026-02-06 22:00,retail_1,retail,1,,,,,,,,0.0,30.0,1.0,19.75,16.5,75.0,18,hitl
257,2026-02-06 22:15,supplier_1,supplier,0,651.29,,,,,,,,,,,,,18,hitl
257,2026-02-06 22:15,farm_1,farm,1,,399.0,0.14,,,,,,,,,,,18,hitl
257,2026-02-06 22:15,slaughterhouse_1,slaughterhouse,1,,,,175.0,400.0,,,,,,,,,18,hitl
257,2026-02-06 22:15,wholesaler_1,wholesaler,1,,,,,,4.32,0.0,,,,,,,18,hitl
257,2026-02-06 22:15,retail_1,retail,1,,,,,,,,0.0,30.0,1.0,20.0,16.5,75.0,18,hitl
258,2026-02-06 22:30,supplier_1,supplier,0,649.91,,,,,,,,,,,,,18,hitl
258,2026-02-06 22:30,farm_1,farm,1,,399.0,0.14,,,,,,,,,,,18,hitl
258,2026-02-06 22:30,slaughterhouse_1,slaughterhouse,1,,,,175.0,400.0,,,,,,,,,18,hitl
258,2026-02-06 22:30,wholesaler_1,wholesaler,1,,,,,,2.02,0.0,,,,,,,18,hitl
258,2026-02-06 22:30,retail_1,retail,1,,,,,,,,0.0,30.0,1.0,20.25,16.5,75.0,18,hitl
259,2026-02-06 22:45,supplier_1,supplier,0,648.44,,,,,,,,,,,,,18,hitl
259,2026-02-06 22:45,farm_1,farm,1,,399.0,0.14,,,,,,,,,,,18,hitl
259,2026-02-06 22:45,slaughterhouse_1,slaughterhouse,1,,,,175.0,400.0,,,,,,,,,18,hitl
259,2026-02-06 22:45,wholesaler_1,wholesaler,1,,,,,,0.0,0.0,,,,,,,18,hitl
259,2026-02-06 22:45,retail_1,retail,1,,,,,,,,0.0,30.0,1.0,20.5,16.5,75.0,18,hitl
260,2026-02-06 23:00,supplier_1,supplier,0,647.14,,,,,,,,,,,,,18,hitl
260,2026-02-06 23:00,farm_1,farm,1,,399.0,0.14,,,,,,,,,,,18,hitl
260,2026-02-06 23:00,slaughterhouse_1,slaughterhouse,1,,,,175.0,400.0,,,,,,,,,18,hitl
260,2026-02-06 23:00,wholesaler_1,wholesaler,1,,,,,,0.0,0.0,,,,,,,18,hitl
260,2026-02-06 23:00,retail_1,retail,1,,,,,,,,0.0,30.0,1.0,20.75,16.5,75.0,18,hitl
261,2026-02-06 23:15,supplier_1,supplier,0,646.5,,,,,,,,,,,,,18,hitl
261,2026-02-06 23:15,farm_1,farm,1,,399.0,0.14,,,,,,,,,,,18,hitl
261,2026-02-06 23:15,slaughterhouse_1,slaughterhouse,1,,,,175.0,400.0,,,,,,,,,18,hitl
261,2026-02-06 23:15,wholesaler_1,wholesaler,1,,,,,,0.0,0.0,,,,,,,18,hitl
261,2026-02-06 23:15,retail_1,retail,1,,,,,,,,0.0,30.0,1.0,21.0,16.5,75.0,18,hitl
262,2026-02-06 23:30,supplier_1,supplier,0,645.09,,,,,,,,,,,,,18,hitl
262,2026-02-06 23:30,farm_1,farm,1,,399.0,0.14,,,,,,,,,,,18,hitl
262,2026-02-06 23:30,slaughterhouse_1,slaughterhouse,1,,,,175.0,400.0,,,,,,,,,18,hitl
262,2026-02-06 23:30,wholesaler_1,wholesaler,1,,,,,,0.0,0.0,,,,,,,18,hitl
262,2026-02-06 23:30,retail_1,retail,1,,,,,,,,0.0,30.0,1.0,21.25,16.5,75.0,18,hitl
263,2026-02-06 23:45,supplier_1,supplier,0,644.49,,,,,,,,,,,,,18,hitl
263,2026-02-06 23:45,farm_1,farm,1,,399.0,0.14,,,,,,,,,,,18,hitl
263,2026-02-06 23:45,slaughterhouse_1,slaughterhouse,1,,,,175.0,400.0,,,,,,,,,18,hitl
263,2026-02-06 23:45,wholesaler_1,wholesaler,1,,,,,,0.0,0.0,,,,,,,18,hitl
263,2026-02-06 23:45,retail_1,retail,1,,,,,,,,0.0,30.0,1.0,21.5,16.5,75.0,18,hitl
264,2026-02-07 00:00,supplier_1,supplier,0,643.88,,,,,,,,,,,,,18,hitl
264,2026-02-07 00:00,farm_1,farm,1,,399.0,0.14,,,,,,,,,,,18,hitl
264,2026-02-07 00:00,slaughterhouse_1,slaughterhouse,1,,,,175.0,395.68,,,,,,,,,18,hitl
264,2026-02-07 00:00,wholesaler_1,wholesaler,1,,,,,,0.0,0.0,,,,,,,18,hitl
264,2026-02-07 00:00,retail_1,retail,1,,,,,,,,0.0,30.0,1.0,21.75,16.5,75.0,18,hitl
265,2026-02-07 00:15,supplier_1,supplier,0,642.99,,,,,,,,,,,,,18,hitl
265,2026-02-07 00:15,farm_1,farm,1,,399.0,0.14,,,,,,,,,,,18,hitl
265,2026-02-07 00:15,slaughterhouse_1,slaughterhouse,1,,,,175.0,400.0,,,,,,,,,18,hitl
265,2026-02-07 00:15,wholesaler_1,wholesaler,1,,,,,,4.32,0.0,,,,,,,18,hitl
265,2026-02-07 00:15,retail_1,retail,1,,,,,,,,0.0,30.0,1.0,22.0,16.5,75.0,18,hitl
266,2026-02-07 00:30,supplier_1,supplier,0,641.85,,,,,,,,,,,,,18,hitl
266,2026-02-07 00:30,farm_1,farm,1,,399.0,0.14,,,,,,,,,,,18,hitl
266,2026-02-07 00:30,slaughterhouse_1,slaughterhouse,1,,,,175.0,400.0,,,,,,,,,18,hitl
266,2026-02-07 00:30,wholesaler_1,wholesaler,1,,,,,,2.11,0.0,,,,,,,18,hitl
266,2026-02-07 00:30,retail_1,retail,1,,,,,,,,0.0,30.0,1.0,22.25,16.5,75.0,18,hitl
267,2026-02-07 00:45,supplier_1,supplier,0,640.53,,,,,,,,,,,,,18,hitl
267,2026-02-07 00:45,farm_1,farm,1,,399.0,0.14,,,,,,,,,,,18,hitl
267,2026-02-07 00:45,slaughterhouse_1,slaughterhouse,1,,,,175.0,400.0,,,,,,,,,18,hitl
267,2026-02-07 00:45,wholesaler_1,wholesaler,1,,,,,,0.0,0.0,,,,,,,18,hitl
267,2026-02-07 00:45,retail_1,retail,1,,,,,,,,0.0,30.0,1.0,22.5,16.5,75.0,18,hitl
268,2026-02-07 01:00,supplier_1,supplier,0,639.67,,,,,,,,,,,,,18,hitl
268,2026-02-07 01:00,farm_1,farm,1,,399.0,0.14,,,,,,,,,,,18,hitl
268,2026-02-07 01:00,slaughterhouse_1,slaughterhouse,1,,,,175.0,400.0,,,,,,,,,18,hitl
268,2026-02-07 01:00,wholesaler_1,wholesaler,1,,,,,,0.0,0.0,,,,,,,18,hitl
268,2026-02-07 01:00,retail_1,retail,1,,,,,,,,0.0,30.0,1.0,22.75,16.5,75.0,18,hitl
269,2026-02-07 01:15,supplier_1,supplier,0,638.79,,,,,,,,,,,,,18,hitl
269,2026-02-07 01:15,farm_1,farm,1,,399.0,0.14,,,,,,,,,,,18,hitl
269,2026-02-07 01:15,slaughterhouse_1,slaughterhouse,1,,,,175.0,400.0,,,,,,,,,18,hitl
269,2026-02-07 01:15,wholesaler_1,wholesaler,1,,,,,,0.0,0.0,,,,,,,18,hitl
269,2026-02-07 01:15,retail_1,retail,1,,,,,,,,0.0,30.0,1.0,23.0,16.5,75.0,18,hitl
270,2026-02-07 01:30,supplier_1,supplier,0,638.21,,,,,,,,,,,,,18,hitl
270,2026-02-07 01:30,farm_1,farm,1,,399.0,0.14,,,,,,,,,,,18,hitl
270,2026-02-07 01:30,slaughterhouse_1,slaughterhouse,1,,,,175.0,400.0,,,,,,,,,18,hitl
270,2026-02-07 01:30,wholesaler_1,wholesaler,1,,,,,,0.0,0.0,,,,,,,18,hitl
270,2026-02-07 01:30,retail_1,retail,1,,,,,,,,0.0,30.0,1.0,23.25,16.5,75.0,18,hitl
271,2026-02-07 01:45,supplier_1,supplier,0,637.08,,,,,,,,,,,,,18,hitl
271,2026-02-07 01:45,farm_1,farm,1,,399.0,0.14,,,,,,,,,,,18,hitl
271,2026-02-07 01:45,slaughterhouse_1,slaughterhouse,1,,,,175.0,400.0,,,,,,,,,18,hitl
271,2026-02-07 01:45,wholesaler_1,wholesaler,1,,,,,,0.0,0.0,,,,,,,18,hitl
271,2026-02-07 01:45,retail_1,retail,1,,,,,,,,0.0,30.0,1.0,23.5,16.5,75.0,18,hitl
272,2026-02-07 02:00,supplier_1,supplier,0,635.8,,,,,,,,,,,,,18,hitl
272,2026-02-07 02:00,farm_1,farm,1,,399.0,0.14,,,,,,,,,,,18,hitl
272,2026-02-07 02:00,slaughterhouse_1,slaughterhouse,1,,,,175.0,395.68,,,,,,,,,18,hitl
272,2026-02-07 02:00,wholesaler_1,wholesaler,1,,,,,,0.0,0.0,,,,,,,18,hitl
272,2026-02-07 02:00,retail_1,retail,1,,,,,,,,0.0,30.0,1.0,23.75,16.5,75.0,18,hitl
273,2026-02-07 02:15,supplier_1,supplier,0,635.11,,,,,,,,,,,,,18,hitl
273,2026-02-07 02:15,farm_1,farm,1,,399.0,0.14,,,,,,,,,,,18,hitl
273,2026-02-07 02:15,slaughterhouse_1,slaughterhouse,1,,,,175.0,400.0,,,,,,,,,18,hitl
273,2026-02-07 02:15,wholesaler_1,wholesaler,1,,,,,,4.32,0.0,,,,,,,18,hitl
273,2026-02-07 02:15,retail_1,retail,1,,,,,,,,0.0,30.0,1.0,24.0,16.5,75.0,18,hitl
274,2026-02-07 02:30,supplier_1,supplier,0,633.89,,,,,,,,,,,,,18,hitl
274,2026-02-07 02:30,farm_1,farm,1,,399.0,0.14,,,,,,,,,,,18,hitl
274,2026-02-07 02:30,slaughterhouse_1,slaughterhouse,1,,,,175.0,400.0,,,,,,,,,18,hitl
274,2026-02-07 02:30,wholesaler_1,wholesaler,1,,,,,,2.4,0.0,,,,,,,18,hitl
274,2026-02-07 02:30,retail_1,retail,1,,,,,,,,0.0,30.0,1.0,24.25,16.5,75.0,18,hitl
275,2026-02-07 02:45,supplier_1,supplier,0,632.62,,,,,,,,,,,,,18,hitl
275,2026-02-07 02:45,farm_1,farm,1,,399.0,0.14,,,,,,,,,,,18,hitl
275,2026-02-07 02:45,slaughterhouse_1,slaughterhouse,1,,,,175.0,400.0,,,,,,,,,18,hitl
275,2026-02-07 02:45,wholesaler_1,wholesaler,1,,,,,,0.0,0.0,,,,,,,18,hitl
275,2026-02-07 02:45,retail_1,retail,1,,,,,,,,0.0,30.0,1.0,24.5,16.5,75.0,18,hitl
276,2026-02-07 03:00,supplier_1,supplier,0,632.0,,,,,,,,,,,,,18,hitl
276,2026-02-07 03:00,farm_1,farm,1,,399.0,0.14,,,,,,,,,,,18,hitl
276,2026-02-07 03:00,slaughterhouse_1,slaughterhouse,1,,,,175.0,400.0,,,,,,,,,18,hitl
276,2026-02-07 03:00,wholesaler_1,wholesaler,1,,,,,,0.0,0.0,,,,,,,18,hitl
276,2026-02-07 03:00,retail_1,retail,1,,,,,,,,0.0,30.0,1.0,24.75,16.5,75.0,18,hitl
277,2026-02-07 03:15,supplier_1,supplier,0,630.62,,,,,,,,,,,,,18,hitl
277,2026-02-07 03:15,farm_1,farm,1,,399.0,0.14,,,,,,,,,,,18,hitl
277,2026-02-07 03:15,slaughterhouse_1,slaughterhouse,1,,,,175.0,400.0,,,,,,,,,18,hitl
277,2026-02-07 03:15,wholesaler_1,wholesaler,1,,,,,,0.0,0.0,,,,,,,18,hitl
277,2026-02-07 03:15,retail_1,retail,1,,,,,,,,0.0,30.0,1.0,25.0,16.5,75.0,18,hitl
278,2026-02-07 03:30,supplier_1,supplier,0,629.58,,,,,,,,,,,,,18,hitl
278,2026-02-07 03:30,farm_1,farm,1,,399.0,0.14,,,,,,,,,,,18,hitl
278,2026-02-07 03:30,slaughterhouse_1,slaughterhouse,1,,,,175.0,400.0,,,,,,,,,18,hitl
278,2026-02-07 03:30,wholesaler_1,wholesaler,1,,,,,,0.0,0.0,,,,,,,18,hitl
278,2026-02-07 03:30,retail_1,retail,1,,,,,,,,0.0,30.0,1.0,25.25,16.5,75.0,18,hitl
279,2026-02-07 03:45,supplier_1,supplier,0,628.7,,,,,,,,,,,,,18,hitl
279,2026-02-07 03:45,farm_1,farm,1,,399.0,0.14,,,,,,,,,,,18,hitl
279,2026-02-07 03:45,slaughterhouse_1,slaughterhouse,1,,,,175.0,400.0,,,,,,,,,18,hitl
279,2026-02-07 03:45,wholesaler_1,wholesaler,1,,,,,,0.0,0.0,,,,,,,18,hitl
279,2026-02-07 03:45,retail_1,retail,1,,,,,,,,0.0,30.0,1.0,25.5,16.5,75.0,18,hitl
280,2026-02-07 04:00,supplier_1,supplier,0,627.22,,,,,,,,,,,,,18,hitl
280,2026-02-07 04:00,farm_1,farm,1,,399.0,0.14,,,,,,,,,,,18,hitl
280,2026-02-07 04:00,slaughterhouse_1,slaughterhouse,1,,,,175.0,395.68,,,,,,,,,18,hitl
280,2026-02-07 04:00,wholesaler_1,wholesaler,1,,,,,,0.0,0.0,,,,,,,18,hitl
280,2026-02-07 04:00,retail_1,retail,1,,,,,,,,0.0,30.0,1.0,25.75,16.5,75.0,18,hitl
281,2026-02-07 04:15,supplier_1,supplier,0,626.42,,,,,,,,,,,,,18,hitl
281,2026-02-07 04:15,farm_1,farm,1,,399.0,0.14,,,,,,,,,,,18,hitl
281,2026-02-07 04:15,slaughterhouse_1,slaughterhouse,1,,,,175.0,400.0,,,,,,,,,18,hitl
281,2026-02-07 04:15,wholesaler_1,wholesaler,1,,,,,,4.32,0.0,,,,,,,18,hitl
281,2026-02-07 04:15,retail_1,retail,1,,,,,,,,0.0,30.0,1.0,26.0,16.5,75.0,18,hitl
282,2026-02-07 04:30,supplier_1,supplier,0,625.68,,,,,,,,,,,,,18,hitl
282,2026-02-07 04:30,farm_1,farm,1,,399.0,0.14,,,,,,,,,,,18,hitl
282,2026-02-07 04:30,slaughterhouse_1,slaughterhouse,1,,,,175.0,400.0,,,,,,,,,18,hitl
282,2026-02-07 04:30,wholesaler_1,wholesaler,1,,,,,,1.82,0.0,,,,,,,18,hitl
282,2026-02-07 04:30,retail_1,retail,1,,,,,,,,0.0,30.0,1.0,26.25,16.5,75.0,18,hitl
283,2026-02-07 04:45,supplier_1,supplier,0,624.19,,,,,,,,,,,,,18,hitl
283,2026-02-07 04:45,farm_1,farm,1,,399.0,0.14,,,,,,,,,,,18,hitl
283,2026-02-07 04:45,slaughterhouse_1,slaughterhouse,1,,,,175.0,400.0,,,,,,,,,18,hitl
283,2026-02-07 04:45,wholesaler_1,wholesaler,1,,,,,,0.0,0.0,,,,,,,18,hitl
283,2026-02-07 04:45,retail_1,retail,1,,,,,,,,0.0,30.0,1.0,26.5,16.5,75.0,18,hitl
284,2026-02-07 05:00,supplier_1,supplier,0,622.75,,,,,,,,,,,,,18,hitl
284,2026-02-07 05:00,farm_1,farm,1,,399.0,0.14,,,,,,,,,,,18,hitl
284,2026-02-07 05:00,slaughterhouse_1,slaughterhouse,1,,,,175.0,400.0,,,,,,,,,18,hitl
284,2026-02-07 05:00,wholesaler_1,wholesaler,1,,,,,,0.0,0.0,,,,,,,18,hitl
284,2026-02-07 05:00,retail_1,retail,1,,,,,,,,0.0,30.0,1.0,26.75,16.5,75.0,18,hitl
285,2026-02-07 05:15,supplier_1,supplier,0,622.06,,,,,,,,,,,,,18,hitl
285,2026-02-07 05:15,farm_1,farm,1,,399.0,0.14,,,,,,,,,,,18,hitl
285,2026-02-07 05:15,slaughterhouse_1,slaughterhouse,1,,,,175.0,400.0,,,,,,,,,18,hitl
285,2026-02-07 05:15,wholesaler_1,wholesaler,1,,,,,,0.0,0.0,,,,,,,18,hitl
285,2026-02-07 05:15,retail_1,retail,1,,,,,,,,0.0,30.0,1.0,27.0,16.5,75.0,18,hitl
286,2026-02-07 05:30,supplier_1,supplier,0,620.98,,,,,,,,,,,,,18,hitl
286,2026-02-07 05:30,farm_1,farm,1,,399.0,0.14,,,,,,,,,,,18,hitl
286,2026-02-07 05:30,slaughterhouse_1,slaughterhouse,1,,,,175.0,400.0,,,,,,,,,18,hitl
286,2026-02-07 05:30,wholesaler_1,wholesaler,1,,,,,,0.0,0.0,,,,,,,18,hitl
286,2026-02-07 05:30,retail_1,retail,1,,,,,,,,0.0,30.0,1.0,27.25,16.5,75.0,18,hitl
287,2026-02-07 05:45,supplier_1,supplier,0,620.46,,,,,,,,,,,,,18,hitl
287,2026-02-07 05:45,farm_1,farm,1,,399.0,0.14,,,,,,,,,,,18,hitl
287,2026-02-07 05:45,slaughterhouse_1,slaughterhouse,1,,,,175.0,400.0,,,,,,,,,18,hitl
287,2026-02-07 05:45,wholesaler_1,wholesaler,1,,,,,,0.0,0.0,,,,,,,18,hitl
287,2026-02-07 05:45,retail_1,retail,1,,,,,,,,0.0,30.0,1.0,27.5,16.5,75.0,18,hitl
288,2026-02-07 06:00,supplier_1,supplier,0,619.52,,,,,,,,,,,,,18,hitl
288,2026-02-07 06:00,farm_1,farm,1,,399.0,0.14,,,,,,,,,,,18,hitl
288,2026-02-07 06:00,slaughterhouse_1,slaughterhouse,1,,,,175.0,395.68,,,,,,,,,18,hitl
288,2026-02-07 06:00,wholesaler_1,wholesaler,1,,,,,,0.0,0.0,,,,,,,18,hitl
288,2026-02-07 06:00,retail_1,retail,1,,,,,,,,0.0,30.0,1.0,27.75,16.5,75.0,18,hitl
289,2026-02-07 06:15,supplier_1,supplier,0,618.09,,,,,,,,,,,,,18,hitl
289,2026-02-07 06:15,farm_1,farm,1,,399.0,0.14,,,,,,,,,,,18,hitl
289,2026-02-07 06:15,slaughterhouse_1,slaughterhouse,1,,,,175.0,400.0,,,,,,,,,18,hitl
289,2026-02-07 06:15,wholesaler_1,wholesaler,1,,,,,,4.32,0.0,,,,,,,18,hitl
289,2026-02-07 06:15,retail_1,retail,1,,,,,,,,0.0,30.0,1.0,28.0,16.5,75.0,18,hitl
290,2026-02-07 06:30,supplier_1,supplier,0,617.54,,,,,,,,,,,,,18,hitl
290,2026-02-07 06:30,farm_1,farm,1,,399.0,0.14,,,,,,,,,,,18,hitl
290,2026-02-07 06:30,slaughterhouse_1,slaughterhouse,1,,,,175.0,400.0,,,,,,,,,18,hitl
290,2026-02-07 06:30,wholesaler_1,wholesaler,1,,,,,,1.79,0.0,,,,,,,18,hitl
290,2026-02-07 06:30,retail_1,retail,1,,,,,,,,0.0,30.0,1.0,28.25,16.5,75.0,18,hitl
291,2026-02-07 06:45,supplier_1,supplier,0,616.98,,,,,,,,,,,,,18,hitl
291,2026-02-07 06:45,farm_1,farm,1,,399.0,0.14,,,,,,,,,,,18,hitl
291,2026-02-07 06:45,slaughterhouse_1,slaughterhouse,1,,,,175.0,400.0,,,,,,,,,18,hitl
291,2026-02-07 06:45,wholesaler_1,wholesaler,1,,,,,,0.12,0.0,,,,,,,18,hitl
291,2026-02-07 06:45,retail_1,retail,1,,,,,,,,0.0,30.0,1.0,28.5,16.5,75.0,18,hitl
292,2026-02-07 07:00,supplier_1,supplier,0,615.74,,,,,,,,,,,,,18,hitl
292,2026-02-07 07:00,farm_1,farm,1,,399.0,0.14,,,,,,,,,,,18,hitl
292,2026-02-07 07:00,slaughterhouse_1,slaughterhouse,1,,,,175.0,400.0,,,,,,,,,18,hitl
292,2026-02-07 07:00,wholesaler_1,wholesaler,1,,,,,,0.0,0.0,,,,,,,18,hitl
292,2026-02-07 07:00,retail_1,retail,1,,,,,,,,0.0,30.0,1.0,28.75,16.5,75.0,18,hitl
293,2026-02-07 07:15,supplier_1,supplier,0,614.53,,,,,,,,,,,,,18,hitl
293,2026-02-07 07:15,farm_1,farm,1,,399.0,0.14,,,,,,,,,,,18,hitl
293,2026-02-07 07:15,slaughterhouse_1,slaughterhouse,1,,,,175.0,400.0,,,,,,,,,18,hitl
293,2026-02-07 07:15,wholesaler_1,wholesaler,1,,,,,,0.0,0.0,,,,,,,18,hitl
293,2026-02-07 07:15,retail_1,retail,1,,,,,,,,0.0,30.0,1.0,29.0,16.5,75.0,18,hitl
294,2026-02-07 07:30,supplier_1,supplier,0,613.23,,,,,,,,,,,,,18,hitl
294,2026-02-07 07:30,farm_1,farm,1,,399.0,0.14,,,,,,,,,,,18,hitl
294,2026-02-07 07:30,slaughterhouse_1,slaughterhouse,1,,,,175.0,400.0,,,,,,,,,18,hitl
294,2026-02-07 07:30,wholesaler_1,wholesaler,1,,,,,,0.0,0.0,,,,,,,18,hitl
294,2026-02-07 07:30,retail_1,retail,1,,,,,,,,0.0,30.0,1.0,29.25,16.5,75.0,18,hitl
295,2026-02-07 07:45,supplier_1,supplier,0,612.5,,,,,,,,,,,,,18,hitl
295,2026-02-07 07:45,farm_1,farm,1,,399.0,0.14,,,,,,,,,,,18,hitl
295,2026-02-07 07:45,slaughterhouse_1,slaughterhouse,1,,,,175.0,400.0,,,,,,,,,18,hitl
295,2026-02-07 07:45,wholesaler_1,wholesaler,1,,,,,,0.0,0.0,,,,,,,18,hitl
295,2026-02-07 07:45,retail_1,retail,1,,,,,,,,0.0,30.0,1.0,29.5,16.5,75.0,18,hitl
296,2026-02-07 08:00,supplier_1,supplier,0,611.65,,,,,,,,,,,,,18,hitl
296,2026-02-07 08:00,farm_1,farm,1,,399.0,0.14,,,,,,,,,,,18,hitl
296,2026-02-07 08:00,slaughterhouse_1,slaughterhouse,1,,,,175.0,395.68,,,,,,,,,18,hitl
296,2026-02-07 08:00,wholesaler_1,wholesaler,1,,,,,,0.0,0.0,,,,,,,18,hitl
296,2026-02-07 08:00,retail_1,retail,1,,,,,,,,0.0,30.0,1.0,29.75,16.5,75.0,18,hitl
297,2026-02-07 08:15,supplier_1,supplier,0,610.47,,,,,,,,,,,,,18,hitl
297,2026-02-07 08:15,farm_1,farm,1,,399.0,0.14,,,,,,,,,,,18,hitl
297,2026-02-07 08:15,slaughterhouse_1,slaughterhouse,1,,,,175.0,400.0,,,,,,,,,18,hitl
297,2026-02-07 08:15,wholesaler_1,wholesaler,1,,,,,,4.32,0.0,,,,,,,18,hitl
297,2026-02-07 08:15,retail_1,retail,1,,,,,,,,0.0,30.0,1.0,30.0,16.5,75.0,18,hitl
298,2026-02-07 08:30,supplier_1,supplier,0,609.27,,,,,,,,,,,,,18,hitl
298,2026-02-07 08:30,farm_1,farm,1,,399.0,0.14,,,,,,,,,,,18,hitl
298,2026-02-07 08:30,slaughterhouse_1,slaughterhouse,1,,,,175.0,400.0,,,,,,,,,18,hitl
298,2026-02-07 08:30,wholesaler_1,wholesaler,1,,,,,,2.37,0.0,,,,,,,18,hitl
298,2026-02-07 08:30,retail_1,retail,1,,,,,,,,0.0,30.0,1.0,30.25,16.5,75.0,18,hitl
299,2026-02-07 08:45,supplier_1,supplier,0,607.96,,,,,,,,,,,,,18,hitl
299,2026-02-07 08:45,farm_1,farm,1,,399.0,0.14,,,,,,,,,,,18,hitl
299,2026-02-07 08:45,slaughterhouse_1,slaughterhouse,1,,,,175.0,400.0,,,,,,,,,18,hitl
299,2026-02-07 08:45,wholesaler_1,wholesaler,1,,,,,,0.6,0.0,,,,,,,18,hitl
299,2026-02-07 08:45,retail_1,retail,1,,,,,,,,0.0,30.0,1.0,30.5,16.5,75.0,18,hitl
300,2026-02-07 09:00,supplier_1,supplier,0,606.74,,,,,,,,,,,,,18,hitl
300,2026-02-07 09:00,farm_1,farm,1,,399.0,0.14,,,,,,,,,,,18,hitl
300,2026-02-07 09:00,slaughterhouse_1,slaughterhouse,1,,,,175.0,400.0,,,,,,,,,18,hitl
300,2026-02-07 09:00,wholesaler_1,wholesaler,1,,,,,,0.0,0.0,,,,,,,18,hitl
300,2026-02-07 09:00,retail_1,retail,1,,,,,,,,0.0,30.0,1.0,30.75,16.5,75.0,18,hitl
301,2026-02-07 09:15,supplier_1,supplier,0,606.03,,,,,,,,,,,,,18,hitl
301,2026-02-07 09:15,farm_1,farm,1,,399.0,0.14,,,,,,,,,,,18,hitl
301,2026-02-07 09:15,slaughterhouse_1,slaughterhouse,1,,,,175.0,400.0,,,,,,,,,18,hitl
301,2026-02-07 09:15,wholesaler_1,wholesaler,1,,,,,,0.0,0.0,,,,,,,18,hitl
301,2026-02-07 09:15,retail_1,retail,1,,,,,,,,0.0,30.0,1.0,31.0,16.5,75.0,18,hitl
302,2026-02-07 09:30,supplier_1,supplier,0,604.69,,,,,,,,,,,,,18,hitl
302,2026-02-07 09:30,farm_1,farm,1,,399.0,0.14,,,,,,,,,,,18,hitl
302,2026-02-07 09:30,slaughterhouse_1,slaughterhouse,1,,,,175.0,400.0,,,,,,,,,18,hitl
302,2026-02-07 09:30,wholesaler_1,wholesaler,1,,,,,,0.0,0.0,,,,,,,18,hitl
302,2026-02-07 09:30,retail_1,retail,1,,,,,,,,0.0,30.0,1.0,31.25,16.5,75.0,18,hitl
303,2026-02-07 09:45,supplier_1,supplier,0,603.81,,,,,,,,,,,,,18,hitl
303,2026-02-07 09:45,farm_1,farm,1,,399.0,0.14,,,,,,,,,,,18,hitl
303,2026-02-07 09:45,slaughterhouse_1,slaughterhouse,1,,,,175.0,400.0,,,,,,,,,18,hitl
303,2026-02-07 09:45,wholesaler_1,wholesaler,1,,,,,,0.0,0.0,,,,,,,18,hitl
303,2026-02-07 09:45,retail_1,retail,1,,,,,,,,0.0,30.0,1.0,31.5,16.5,75.0,18,hitl
304,2026-02-07 10:00,supplier_1,supplier,0,602.91,,,,,,,,,,,,,18,hitl
304,2026-02-07 10:00,farm_1,farm,1,,399.0,0.14,,,,,,,,,,,18,hitl
304,2026-02-07 10:00,slaughterhouse_1,slaughterhouse,1,,,,175.0,395.68,,,,,,,,,18,hitl
304,2026-02-07 10:00,wholesaler_1,wholesaler,1,,,,,,0.0,0.0,,,,,,,18,hitl
304,2026-02-07 10:00,retail_1,retail,1,,,,,,,,0.0,30.0,1.0,31.75,16.5,75.0,18,hitl
305,2026-02-07 10:15,supplier_1,supplier,0,602.18,,,,,,,,,,,,,18,hitl
305,2026-02-07 10:15,farm_1,farm,1,,399.0,0.14,,,,,,,,,,,18,hitl
305,2026-02-07 10:15,slaughterhouse_1,slaughterhouse,1,,,,175.0,400.0,,,,,,,,,18,hitl
305,2026-02-07 10:15,wholesaler_1,wholesaler,1,,,,,,4.32,0.0,,,,,,,18,hitl
305,2026-02-07 10:15,retail_1,retail,1,,,,,,,,0.0,30.0,1.0,32.0,16.5,75.0,18,hitl
306,2026-02-07 10:30,supplier_1,supplier,0,601.51,,,,,,,,,,,,,18,hitl
306,2026-02-07 10:30,farm_1,farm,1,,399.0,0.14,,,,,,,,,,,18,hitl
306,2026-02-07 10:30,slaughterhouse_1,slaughterhouse,1,,,,175.0,400.0,,,,,,,,,18,hitl
306,2026-02-07 10:30,wholesaler_1,wholesaler,1,,,,,,2.21,0.0,,,,,,,18,hitl
306,2026-02-07 10:30,retail_1,retail,1,,,,,,,,0.0,30.0,1.0,32.25,16.5,75.0,18,hitl
307,2026-02-07 10:45,supplier_1,supplier,0,600.8,,,,,,,,,,,,,18,hitl
307,2026-02-07 10:45,farm_1,farm,1,,399.0,0.14,,,,,,,,,,,18,hitl
307,2026-02-07 10:45,slaughterhouse_1,slaughterhouse,1,,,,175.0,400.0,,,,,,,,,18,hitl
307,2026-02-07 10:45,wholesaler_1,wholesaler,1,,,,,,0.42,0.0,,,,,,,18,hitl
307,2026-02-07 10:45,retail_1,retail,1,,,,,,,,0.0,30.0,1.0,32.5,16.5,75.0,18,hitl
308,2026-02-07 11:00,supplier_1,supplier,0,600.21,,,,,,,,,,,,,18,hitl
308,2026-02-07 11:00,farm_1,farm,1,,399.0,0.14,,,,,,,,,,,18,hitl
308,2026-02-07 11:00,slaughterhouse_1,slaughterhouse,1,,,,175.0,400.0,,,,,,,,,18,hitl
308,2026-02-07 11:00,wholesaler_1,wholesaler,1,,,,,,0.0,0.0,,,,,,,18,hitl
308,2026-02-07 11:00,retail_1,retail,1,,,,,,,,0.0,30.0,1.0,32.75,16.5,75.0,18,hitl
309,2026-02-07 11:15,supplier_1,supplier,0,599.55,,,,,,,,,,,,,18,hitl
309,2026-02-07 11:15,farm_1,farm,1,,399.0,0.14,,,,,,,,,,,18,hitl
309,2026-02-07 11:15,slaughterhouse_1,slaughterhouse,1,,,,175.0,400.0,,,,,,,,,18,hitl
309,2026-02-07 11:15,wholesaler_1,wholesaler,1,,,,,,0.0,0.0,,,,,,,18,hitl
309,2026-02-07 11:15,retail_1,retail,1,,,,,,,,0.0,30.0,1.0,33.0,16.5,75.0,18,hitl
310,2026-02-07 11:30,supplier_1,supplier,0,598.9,,,,,,,,,,,,,18,hitl
310,2026-02-07 11:30,farm_1,farm,1,,399.0,0.14,,,,,,,,,,,18,hitl
310,2026-02-07 11:30,slaughterhouse_1,slaughterhouse,1,,,,175.0,400.0,,,,,,,,,18,hitl
310,2026-02-07 11:30,wholesaler_1,wholesaler,1,,,,,,0.0,0.0,,,,,,,18,hitl
310,2026-02-07 11:30,retail_1,retail,1,,,,,,,,0.0,30.0,1.0,33.25,16.5,75.0,18,hitl
311,2026-02-07 11:45,supplier_1,supplier,0,597.68,,,,,,,,,,,,,18,hitl
311,2026-02-07 11:45,farm_1,farm,1,,399.0,0.14,,,,,,,,,,,18,hitl
311,2026-02-07 11:45,slaughterhouse_1,slaughterhouse,1,,,,175.0,400.0,,,,,,,,,18,hitl
311,2026-02-07 11:45,wholesaler_1,wholesaler,1,,,,,,0.0,0.0,,,,,,,18,hitl
311,2026-02-07 11:45,retail_1,retail,1,,,,,,,,0.0,30.0,1.0,33.5,16.5,75.0,18,hitl
312,2026-02-07 12:00,supplier_1,supplier,0,596.52,,,,,,,,,,,,,18,hitl
312,2026-02-07 12:00,farm_1,farm,0,,620.0,0.035,,,,,,,,,,,18,hitl
312,2026-02-07 12:00,slaughterhouse_1,slaughterhouse,1,,,,175.0,395.68,,,,,,,,,18,hitl
312,2026-02-07 12:00,wholesaler_1,wholesaler,1,,,,,,0.0,0.0,,,,,,,18,hitl
312,2026-02-07 12:00,retail_1,retail,1,,,,,,,,0.0,30.0,1.0,33.75,16.5,75.0,18,hitl
313,2026-02-07 12:15,supplier_1,supplier,0,595.27,,,,,,,,,,,,,18,hitl
313,2026-02-07 12:15,farm_1,farm,0,,620.0,0.035,,,,,,,,,,,18,hitl
313,2026-02-07 12:15,slaughterhouse_1,slaughterhouse,1,,,,175.0,400.0,,,,,,,,,18,hitl
313,2026-02-07 12:15,wholesaler_1,wholesaler,1,,,,,,4.32,0.0,,,,,,,18,hitl
313,2026-02-07 12:15,retail_1,retail,1,,,,,,,,0.0,30.0,1.0,34.0,16.5,75.0,18,hitl
314,2026-02-07 12:30,supplier_1,supplier,0,594.42,,,,,,,,,,,,,18,hitl
314,2026-02-07 12:30,farm_1,farm,0,,620.0,0.035,,,,,,,,,,,18,hitl
314,2026-02-07 12:30,slaughterhouse_1,slaughterhouse,1,,,,175.0,400.0,,,,,,,,,18,hitl
314,2026-02-07 12:30,wholesaler_1,wholesaler,1,,,,,,2.26,0.0,,,,,,,18,hitl
314,2026-02-07 12:30,retail_1,retail,1,,,,,,,,0.0,30.0,1.0,34.25,16.5,75.0,18,hitl
315,2026-02-07 12:45,supplier_1,supplier,0,592.97,,,,,,,,,,,,,18,hitl
315,2026-02-07 12:45,farm_1,farm,0,,620.0,0.035,,,,,,,,,,,18,hitl
315,2026-02-07 12:45,slaughterhouse_1,slaughterhouse,1,,,,175.0,400.0,,,,,,,,,18,hitl
315,2026-02-07 12:45,wholesaler_1,wholesaler,1,,,,,,0.0,0.0,,,,,,,18,hitl
315,2026-02-07 12:45,retail_1,retail,1,,,,,,,,0.0,30.0,1.0,34.5,16.5,75.0,18,hitl
316,2026-02-07 13:00,supplier_1,supplier,0,591.96,,,,,,,,,,,,,18,hitl
316,2026-02-07 13:00,farm_1,farm,0,,620.0,0.035,,,,,,,,,,,18,hitl
316,2026-02-07 13:00,slaughterhouse_1,slaughterhouse,1,,,,175.0,400.0,,,,,,,,,18,hitl
316,2026-02-07 13:00,wholesaler_1,wholesaler,1,,,,,,0.0,0.0,,,,,,,18,hitl
316,2026-02-07 13:00,retail_1,retail,1,,,,,,,,0.0,30.0,1.0,34.75,16.5,75.0,18,hitl
317,2026-02-07 13:15,supplier_1,supplier,0,591.09,,,,,,,,,,,,,18,hitl
317,2026-02-07 13:15,farm_1,farm,0,,620.0,0.035,,,,,,,,,,,18,hitl
317,2026-02-07 13:15,slaughterhouse_1,slaughterhouse,1,,,,175.0,400.0,,,,,,,,,18,hitl
317,2026-02-07 13:15,wholesaler_1,wholesaler,1,,,,,,0.0,0.0,,,,,,,18,hitl
317,2026-02-07 13:15,retail_1,retail,1,,,,,,,,0.0,30.0,1.0,35.0,16.5,75.0,18,hitl
318,2026-02-07 13:30,supplier_1,supplier,0,590.0,,,,,,,,,,,,,18,hitl
318,2026-02-07 13:30,farm_1,farm,0,,620.0,0.035,,,,,,,,,,,18,hitl
318,2026-02-07 13:30,slaughterhouse_1,slaughterhouse,1,,,,175.0,400.0,,,,,,,,,18,hitl
318,2026-02-07 13:30,wholesaler_1,wholesaler,1,,,,,,0.0,0.0,,,,,,,18,hitl
318,2026-02-07 13:30,retail_1,retail,1,,,,,,,,0.0,30.0,1.0,35.25,16.5,75.0,18,hitl
319,2026-02-07 13:45,supplier_1,supplier,0,588.91,,,,,,,,,,,,,18,hitl
319,2026-02-07 13:45,farm_1,farm,0,,620.0,0.035,,,,,,,,,,,18,hitl
319,2026-02-07 13:45,slaughterhouse_1,slaughterhouse,1,,,,175.0,400.0,,,,,,,,,18,hitl
319,2026-02-07 13:45,wholesaler_1,wholesaler,1,,,,,,0.0,0.0,,,,,,,18,hitl
319,2026-02-07 13:45,retail_1,retail,1,,,,,,,,0.0,30.0,1.0,35.5,16.5,75.0,18,hitl
320,2026-02-07 14:00,supplier_1,supplier,0,588.03,,,,,,,,,,,,,18,hitl
320,2026-02-07 14:00,farm_1,farm,0,,620.0,0.035,,,,,,,,,,,18,hitl
320,2026-02-07 14:00,slaughterhouse_1,slaughterhouse,1,,,,175.0,395.68,,,,,,,,,18,hitl
320,2026-02-07 14:00,wholesaler_1,wholesaler,1,,,,,,0.0,0.0,,,,,,,18,hitl
320,2026-02-07 14:00,retail_1,retail,1,,,,,,,,0.0,30.0,1.0,35.75,16.5,75.0,18,hitl
321,2026-02-07 14:15,supplier_1,supplier,0,586.75,,,,,,,,,,,,,18,hitl
321,2026-02-07 14:15,farm_1,farm,0,,620.0,0.035,,,,,,,,,,,18,hitl
321,2026-02-07 14:15,slaughterhouse_1,slaughterhouse,1,,,,175.0,400.0,,,,,,,,,18,hitl
321,2026-02-07 14:15,wholesaler_1,wholesaler,1,,,,,,4.32,0.0,,,,,,,18,hitl
321,2026-02-07 14:15,retail_1,retail,1,,,,,,,,0.0,30.0,1.0,36.0,16.5,75.0,18,hitl
322,2026-02-07 14:30,supplier_1,supplier,0,586.18,,,,,,,,,,,,,18,hitl
322,2026-02-07 14:30,farm_1,farm,0,,620.0,0.035,,,,,,,,,,,18,hitl
322,2026-02-07 14:30,slaughterhouse_1,slaughterhouse,1,,,,175.0,400.0,,,,,,,,,18,hitl
322,2026-02-07 14:30,wholesaler_1,wholesaler,1,,,,,,1.69,0.0,,,,,,,18,hitl
322,2026-02-07 14:30,retail_1,retail,1,,,,,,,,0.0,30.0,1.0,36.25,16.5,75.0,18,hitl
323,2026-02-07 14:45,supplier_1,supplier,0,585.29,,,,,,,,,,,,,18,hitl
323,2026-02-07 14:45,farm_1,farm,0,,620.0,0.035,,,,,,,,,,,18,hitl
323,2026-02-07 14:45,slaughterhouse_1,slaughterhouse,1,,,,175.0,400.0,,,,,,,,,18,hitl
323,2026-02-07 14:45,wholesaler_1,wholesaler,1,,,,,,0.04,0.0,,,,,,,18,hitl
323,2026-02-07 14:45,retail_1,retail,1,,,,,,,,0.0,30.0,1.0,36.5,16.5,75.0,18,hitl
324,2026-02-07 15:00,supplier_1,supplier,0,584.63,,,,,,,,,,,,,18,hitl
324,2026-02-07 15:00,farm_1,farm,1,,648.024,0.035,,,,,,,,,,,18,hitl
324,2026-02-07 15:00,slaughterhouse_1,slaughterhouse,1,,,,175.0,400.0,,,,,,,,,18,hitl
324,2026-02-07 15:00,wholesaler_1,wholesaler,1,,,,,,0.0,0.0,,,,,,,18,hitl
324,2026-02-07 15:00,retail_1,retail,1,,,,,,,,0.0,30.0,1.0,36.75,16.5,75.0,18,hitl
325,2026-02-07 15:15,supplier_1,supplier,0,583.26,,,,,,,,,,,,,18,hitl
325,2026-02-07 15:15,farm_1,farm,1,,648.024,0.035,,,,,,,,,,,18,hitl
325,2026-02-07 15:15,slaughterhouse_1,slaughterhouse,1,,,,175.0,400.0,,,,,,,,,18,hitl
325,2026-02-07 15:15,wholesaler_1,wholesaler,1,,,,,,0.0,0.0,,,,,,,18,hitl
325,2026-02-07 15:15,retail_1,retail,1,,,,,,,,0.0,30.0,1.0,37.0,16.5,75.0,18,hitl
326,2026-02-07 15:30,supplier_1,supplier,0,582.33,,,,,,,,,,,,,18,hitl
326,2026-02-07 15:30,farm_1,farm,1,,648.024,0.035,,,,,,,,,,,18,hitl
326,2026-02-07 15:30,slaughterhouse_1,slaughterhouse,1,,,,175.0,400.0,,,,,,,,,18,hitl
326,2026-02-07 15:30,wholesaler_1,wholesaler,1,,,,,,0.0,0.0,,,,,,,18,hitl
326,2026-02-07 15:30,retail_1,retail,1,,,,,,,,0.0,30.0,1.0,37.25,16.5,75.0,18,hitl
327,2026-02-07 15:45,supplier_1,supplier,0,581.27,,,,,,,,,,,,,18,hitl
327,2026-02-07 15:45,farm_1,farm,1,,648.024,0.035,,,,,,,,,,,18,hitl
327,2026-02-07 15:45,slaughterhouse_1,slaughterhouse,1,,,,175.0,400.0,,,,,,,,,18,hitl
327,2026-02-07 15:45,wholesaler_1,wholesaler,1,,,,,,0.0,0.0,,,,,,,18,hitl
327,2026-02-07 15:45,retail_1,retail,1,,,,,,,,0.0,30.0,1.0,37.5,16.5,75.0,18,hitl
328,2026-02-07 16:00,supplier_1,supplier,0,580.07,,,,,,,,,,,,,18,hitl
328,2026-02-07 16:00,farm_1,farm,1,,648.024,0.035,,,,,,,,,,,18,hitl
328,2026-02-07 16:00,slaughterhouse_1,slaughterhouse,1,,,,175.0,395.68,,,,,,,,,18,hitl
328,2026-02-07 16:00,wholesaler_1,wholesaler,1,,,,,,0.0,0.0,,,,,,,18,hitl
328,2026-02-07 16:00,retail_1,retail,1,,,,,,,,0.0,30.0,1.0,37.75,16.5,75.0,18,hitl
329,2026-02-07 16:15,supplier_1,supplier,0,578.59,,,,,,,,,,,,,18,hitl
329,2026-02-07 16:15,farm_1,farm,1,,648.024,0.035,,,,,,,,,,,18,hitl
329,2026-02-07 16:15,slaughterhouse_1,slaughterhouse,1,,,,175.0,400.0,,,,,,,,,18,hitl
329,2026-02-07 16:15,wholesaler_1,wholesaler,1,,,,,,4.32,0.0,,,,,,,18,hitl
329,2026-02-07 16:15,retail_1,retail,1,,,,,,,,0.0,30.0,1.0,38.0,16.5,75.0,18,hitl
330,2026-02-07 16:30,supplier_1,supplier,0,577.32,,,,,,,,,,,,,18,hitl
330,2026-02-07 16:30,farm_1,farm,1,,648.024,0.035,,,,,,,,,,,18,hitl
330,2026-02-07 16:30,slaughterhouse_1,slaughterhouse,1,,,,175.0,400.0,,,,,,,,,18,hitl
330,2026-02-07 16:30,wholesaler_1,wholesaler,1,,,,,,2.56,0.0,,,,,,,18,hitl
330,2026-02-07 16:30,retail_1,retail,1,,,,,,,,0.0,30.0,1.0,38.25,16.5,75.0,18,hitl
331,2026-02-07 16:45,supplier_1,supplier,0,576.82,,,,,,,,,,,,,18,hitl
331,2026-02-07 16:45,farm_1,farm,1,,648.024,0.035,,,,,,,,,,,18,hitl
331,2026-02-07 16:45,slaughterhouse_1,slaughterhouse,1,,,,175.0,400.0,,,,,,,,,18,hitl
331,2026-02-07 16:45,wholesaler_1,wholesaler,1,,,,,,0.0,0.0,,,,,,,18,hitl
331,2026-02-07 16:45,retail_1,retail,1,,,,,,,,0.0,30.0,1.0,38.5,16.5,75.0,18,hitl
332,2026-02-07 17:00,supplier_1,supplier,0,575.81,,,,,,,,,,,,,18,hitl
332,2026-02-07 17:00,farm_1,farm,1,,648.024,0.035,,,,,,,,,,,18,hitl
332,2026-02-07 17:00,slaughterhouse_1,slaughterhouse,1,,,,175.0,400.0,,,,,,,,,18,hitl
332,2026-02-07 17:00,wholesaler_1,wholesaler,1,,,,,,0.0,0.0,,,,,,,18,hitl
332,2026-02-07 17:00,retail_1,retail,1,,,,,,,,0.0,30.0,1.0,38.75,16.5,75.0,18,hitl
333,2026-02-07 17:15,supplier_1,supplier,0,574.33,,,,,,,,,,,,,18,hitl
333,2026-02-07 17:15,farm_1,farm,1,,648.024,0.035,,,,,,,,,,,18,hitl
333,2026-02-07 17:15,slaughterhouse_1,slaughterhouse,1,,,,175.0,400.0,,,,,,,,,18,hitl
333,2026-02-07 17:15,wholesaler_1,wholesaler,1,,,,,,0.0,0.0,,,,,,,18,hitl
333,2026-02-07 17:15,retail_1,retail,1,,,,,,,,0.0,30.0,1.0,39.0,16.5,75.0,18,hitl
334,2026-02-07 17:30,supplier_1,supplier,0,573.67,,,,,,,,,,,,,18,hitl
334,2026-02-07 17:30,farm_1,farm,1,,648.024,0.035,,,,,,,,,,,18,hitl
334,2026-02-07 17:30,slaughterhouse_1,slaughterhouse,1,,,,175.0,400.0,,,,,,,,,18,hitl
334,2026-02-07 17:30,wholesaler_1,wholesaler,1,,,,,,0.0,0.0,,,,,,,18,hitl
334,2026-02-07 17:30,retail_1,retail,1,,,,,,,,0.0,30.0,1.0,39.25,16.5,75.0,18,hitl
335,2026-02-07 17:45,supplier_1,supplier,0,572.67,,,,,,,,,,,,,18,hitl
335,2026-02-07 17:45,farm_1,farm,1,,648.024,0.035,,,,,,,,,,,18,hitl
335,2026-02-07 17:45,slaughterhouse_1,slaughterhouse,1,,,,175.0,400.0,,,,,,,,,18,hitl
335,2026-02-07 17:45,wholesaler_1,wholesaler,1,,,,,,0.0,0.0,,,,,,,18,hitl
335,2026-02-07 17:45,retail_1,retail,1,,,,,,,,0.0,30.0,1.0,39.5,16.5,75.0,18,hitl
336,2026-02-07 18:00,supplier_1,supplier,0,571.96,,,,,,,,,,,,,18,hitl
336,2026-02-07 18:00,farm_1,farm,1,,648.024,0.035,,,,,,,,,,,18,hitl
336,2026-02-07 18:00,slaughterhouse_1,slaughterhouse,1,,,,175.0,395.68,,,,,,,,,18,hitl
336,2026-02-07 18:00,wholesaler_1,wholesaler,1,,,,,,0.0,0.0,,,,,,,18,hitl
336,2026-02-07 18:00,retail_1,retail,1,,,,,,,,0.0,30.0,1.0,39.75,16.5,75.0,18,hitl
337,2026-02-07 18:15,supplier_1,supplier,0,571.38,,,,,,,,,,,,,18,hitl
337,2026-02-07 18:15,farm_1,farm,1,,648.024,0.035,,,,,,,,,,,18,hitl
337,2026-02-07 18:15,slaughterhouse_1,slaughterhouse,1,,,,175.0,400.0,,,,,,,,,18,hitl
337,2026-02-07 18:15,wholesaler_1,wholesaler,1,,,,,,4.32,0.0,,,,,,,18,hitl
337,2026-02-07 18:15,retail_1,retail,1,,,,,,,,0.0,30.0,1.0,40.0,16.5,75.0,18,hitl
338,2026-02-07 18:30,supplier_1,supplier,0,570.71,,,,,,,,,,,,,18,hitl
338,2026-02-07 18:30,farm_1,farm,1,,648.024,0.035,,,,,,,,,,,18,hitl
338,2026-02-07 18:30,slaughterhouse_1,slaughterhouse,1,,,,175.0,400.0,,,,,,,,,18,hitl
338,2026-02-07 18:30,wholesaler_1,wholesaler,1,,,,,,1.44,0.0,,,,,,,18,hitl
338,2026-02-07 18:30,retail_1,retail,1,,,,,,,,0.0,30.0,1.0,40.25,16.5,75.0,18,hitl
339,2026-02-07 18:45,supplier_1,supplier,0,569.59,,,,,,,,,,,,,18,hitl
339,2026-02-07 18:45,farm_1,farm,1,,648.024,0.035,,,,,,,,,,,18,hitl
339,2026-02-07 18:45,slaughterhouse_1,slaughterhouse,1,,,,175.0,400.0,,,,,,,,,18,hitl
339,2026-02-07 18:45,wholesaler_1,wholesaler,1,,,,,,0.0,0.0,,,,,,,18,hitl
339,2026-02-07 18:45,retail_1,retail,1,,,,,,,,0.0,30.0,1.0,40.5,16.5,75.0,18,hitl
340,2026-02-07 19:00,supplier_1,supplier,0,568.58,,,,,,,,,,,,,18,hitl
340,2026-02-07 19:00,farm_1,farm,1,,648.024,0.035,,,,,,,,,,,18,hitl
340,2026-02-07 19:00,slaughterhouse_1,slaughterhouse,1,,,,175.0,400.0,,,,,,,,,18,hitl
340,2026-02-07 19:00,wholesaler_1,wholesaler,1,,,,,,0.0,0.0,,,,,,,18,hitl
340,2026-02-07 19:00,retail_1,retail,1,,,,,,,,0.0,30.0,1.0,40.75,16.5,75.0,18,hitl
341,2026-02-07 19:15,supplier_1,supplier,0,568.06,,,,,,,,,,,,,18,hitl
341,2026-02-07 19:15,farm_1,farm,1,,648.024,0.035,,,,,,,,,,,18,hitl
341,2026-02-07 19:15,slaughterhouse_1,slaughterhouse,1,,,,175.0,400.0,,,,,,,,,18,hitl
341,2026-02-07 19:15,wholesaler_1,wholesaler,1,,,,,,0.0,0.0,,,,,,,18,hitl
341,2026-02-07 19:15,retail_1,retail,1,,,,,,,,0.0,30.0,1.0,41.0,16.5,75.0,18,hitl
342,2026-02-07 19:30,supplier_1,supplier,0,566.67,,,,,,,,,,,,,18,hitl
342,2026-02-07 19:30,farm_1,farm,1,,648.024,0.035,,,,,,,,,,,18,hitl
342,2026-02-07 19:30,slaughterhouse_1,slaughterhouse,1,,,,175.0,400.0,,,,,,,,,18,hitl
342,2026-02-07 19:30,wholesaler_1,wholesaler,1,,,,,,0.0,0.0,,,,,,,18,hitl
342,2026-02-07 19:30,retail_1,retail,1,,,,,,,,0.0,30.0,1.0,41.25,16.5,75.0,18,hitl
343,2026-02-07 19:45,supplier_1,supplier,0,565.21,,,,,,,,,,,,,18,hitl
343,2026-02-07 19:45,farm_1,farm,1,,648.024,0.035,,,,,,,,,,,18,hitl
343,2026-02-07 19:45,slaughterhouse_1,slaughterhouse,1,,,,175.0,400.0,,,,,,,,,18,hitl
343,2026-02-07 19:45,wholesaler_1,wholesaler,1,,,,,,0.0,0.0,,,,,,,18,hitl
343,2026-02-07 19:45,retail_1,retail,1,,,,,,,,0.0,30.0,1.0,41.5,16.5,75.0,18,hitl
344,2026-02-07 20:00,supplier_1,supplier,0,563.72,,,,,,,,,,,,,18,hitl
344,2026-02-07 20:00,farm_1,farm,1,,648.024,0.035,,,,,,,,,,,18,hitl
344,2026-02-07 20:00,slaughterhouse_1,slaughterhouse,1,,,,175.0,395.68,,,,,,,,,18,hitl
344,2026-02-07 20:00,wholesaler_1,wholesaler,1,,,,,,0.0,0.0,,,,,,,18,hitl
344,2026-02-07 20:00,retail_1,retail,1,,,,,,,,0.0,30.0,1.0,41.75,16.5,75.0,18,hitl
345,2026-02-07 20:15,supplier_1,supplier,0,562.92,,,,,,,,,,,,,18,hitl
345,2026-02-07 20:15,farm_1,farm,1,,648.024,0.035,,,,,,,,,,,18,hitl
345,2026-02-07 20:15,slaughterhouse_1,slaughterhouse,1,,,,175.0,400.0,,,,,,,,,18,hitl
345,2026-02-07 20:15,wholesaler_1,wholesaler,1,,,,,,4.32,0.0,,,,,,,18,hitl
345,2026-02-07 20:15,retail_1,retail,1,,,,,,,,0.0,30.0,1.0,42.0,16.5,75.0,18,hitl
346,2026-02-07 20:30,supplier_1,supplier,0,561.91,,,,,,,,,,,,,18,hitl
346,2026-02-07 20:30,farm_1,farm,1,,648.024,0.035,,,,,,,,,,,18,hitl
346,2026-02-07 20:30,slaughterhouse_1,slaughterhouse,1,,,,175.0,400.0,,,,,,,,,18,hitl
346,2026-02-07 20:30,wholesaler_1,wholesaler,1,,,,,,2.67,0.0,,,,,,,18,hitl
346,2026-02-07 20:30,retail_1,retail,1,,,,,,,,0.0,30.0,1.0,42.25,16.5,75.0,18,hitl
347,2026-02-07 20:45,supplier_1,supplier,0,561.15,,,,,,,,,,,,,18,hitl
347,2026-02-07 20:45,farm_1,farm,1,,648.024,0.035,,,,,,,,,,,18,hitl
347,2026-02-07 20:45,slaughterhouse_1,slaughterhouse,1,,,,175.0,400.0,,,,,,,,,18,hitl
347,2026-02-07 20:45,wholesaler_1,wholesaler,1,,,,,,1.09,0.0,,,,,,,18,hitl
347,2026-02-07 20:45,retail_1,retail,1,,,,,,,,0.0,30.0,1.0,42.5,16.5,75.0,18,hitl
348,2026-02-07 21:00,supplier_1,supplier,0,560.42,,,,,,,,,,,,,18,hitl
348,2026-02-07 21:00,farm_1,farm,1,,648.024,0.035,,,,,,,,,,,18,hitl
348,2026-02-07 21:00,slaughterhouse_1,slaughterhouse,1,,,,175.0,400.0,,,,,,,,,18,hitl
348,2026-02-07 21:00,wholesaler_1,wholesaler,1,,,,,,0.0,0.0,,,,,,,18,hitl
348,2026-02-07 21:00,retail_1,retail,1,,,,,,,,0.0,30.0,1.0,42.75,16.5,75.0,18,hitl
349,2026-02-07 21:15,supplier_1,supplier,0,559.24,,,,,,,,,,,,,18,hitl
349,2026-02-07 21:15,farm_1,farm,1,,648.024,0.035,,,,,,,,,,,18,hitl
349,2026-02-07 21:15,slaughterhouse_1,slaughterhouse,1,,,,175.0,400.0,,,,,,,,,18,hitl
349,2026-02-07 21:15,wholesaler_1,wholesaler,1,,,,,,0.0,0.0,,,,,,,18,hitl
349,2026-02-07 21:15,retail_1,retail,1,,,,,,,,0.0,30.0,1.0,43.0,16.5,75.0,18,hitl
350,2026-02-07 21:30,supplier_1,supplier,0,558.07,,,,,,,,,,,,,18,hitl
350,2026-02-07 21:30,farm_1,farm,1,,648.024,0.035,,,,,,,,,,,18,hitl
350,2026-02-07 21:30,slaughterhouse_1,slaughterhouse,1,,,,175.0,400.0,,,,,,,,,18,hitl
350,2026-02-07 21:30,wholesaler_1,wholesaler,1,,,,,,0.0,0.0,,,,,,,18,hitl
350,2026-02-07 21:30,retail_1,retail,1,,,,,,,,0.0,30.0,1.0,43.25,16.5,75.0,18,hitl
351,2026-02-07 21:45,supplier_1,supplier,0,556.63,,,,,,,,,,,,,18,hitl
351,2026-02-07 21:45,farm_1,farm,1,,648.024,0.035,,,,,,,,,,,18,hitl
351,2026-02-07 21:45,slaughterhouse_1,slaughterhouse,1,,,,175.0,400.0,,,,,,,,,18,hitl
351,2026-02-07 21:45,wholesaler_1,wholesaler,1,,,,,,0.0,0.0,,,,,,,18,hitl
351,2026-02-07 21:45,retail_1,retail,1,,,,,,,,0.0,30.0,1.0,43.5,16.5,75.0,18,hitl
352,2026-02-07 22:00,supplier_1,supplier,0,555.66,,,,,,,,,,,,,18,hitl
352,2026-02-07 22:00,farm_1,farm,1,,648.024,0.035,,,,,,,,,,,18,hitl
352,2026-02-07 22:00,slaughterhouse_1,slaughterhouse,1,,,,175.0,395.68,,,,,,,,,18,hitl
352,2026-02-07 22:00,wholesaler_1,wholesaler,1,,,,,,0.0,0.0,,,,,,,18,hitl
352,2026-02-07 22:00,retail_1,retail,1,,,,,,,,0.0,30.0,1.0,43.75,16.5,75.0,18,hitl
353,2026-02-07 22:15,supplier_1,supplier,0,554.91,,,,,,,,,,,,,18,hitl
353,2026-02-07 22:15,farm_1,farm,1,,648.024,0.035,,,,,,,,,,,18,hitl
353,2026-02-07 22:15,slaughterhouse_1,slaughterhouse,1,,,,175.0,400.0,,,,,,,,,18,hitl
353,2026-02-07 22:15,wholesaler_1,wholesaler,1,,,,,,4.32,0.0,,,,,,,18,hitl
353,2026-02-07 22:15,retail_1,retail,1,,,,,,,,0.0,30.0,1.0,44.0,16.5,75.0,18,hitl
354,2026-02-07 22:30,supplier_1,supplier,0,553.43,,,,,,,,,,,,,18,hitl
354,2026-02-07 22:30,farm_1,farm,1,,648.024,0.035,,,,,,,,,,,18,hitl
354,2026-02-07 22:30,slaughterhouse_1,slaughterhouse,1,,,,175.0,400.0,,,,,,,,,18,hitl
354,2026-02-07 22:30,wholesaler_1,wholesaler,1,,,,,,2.57,0.0,,,,,,,18,hitl
354,2026-02-07 22:30,retail_1,retail,1,,,,,,,,0.0,30.0,1.0,44.25,16.5,75.0,18,hitl
355,2026-02-07 22:45,supplier_1,supplier,0,552.55,,,,,,,,,,,,,18,hitl
355,2026-02-07 22:45,farm_1,farm,1,,648.024,0.035,,,,,,,,,,,18,hitl
355,2026-02-07 22:45,slaughterhouse_1,slaughterhouse,1,,,,175.0,400.0,,,,,,,,,18,hitl
355,2026-02-07 22:45,wholesaler_1,wholesaler,1,,,,,,0.0,0.0,,,,,,,18,hitl
355,2026-02-07 22:45,retail_1,retail,1,,,,,,,,0.0,30.0,1.0,44.5,16.5,75.0,18,hitl
356,2026-02-07 23:00,supplier_1,supplier,0,551.83,,,,,,,,,,,,,18,hitl
356,2026-02-07 23:00,farm_1,farm,1,,648.024,0.035,,,,,,,,,,,18,hitl
356,2026-02-07 23:00,slaughterhouse_1,slaughterhouse,1,,,,175.0,400.0,,,,,,,,,18,hitl
356,2026-02-07 23:00,wholesaler_1,wholesaler,1,,,,,,0.0,0.0,,,,,,,18,hitl
356,2026-02-07 23:00,retail_1,retail,1,,,,,,,,0.0,30.0,1.0,44.75,16.5,75.0,18,hitl
357,2026-02-07 23:15,supplier_1,supplier,0,550.52,,,,,,,,,,,,,18,hitl
357,2026-02-07 23:15,farm_1,farm,1,,648.024,0.035,,,,,,,,,,,18,hitl
357,2026-02-07 23:15,slaughterhouse_1,slaughterhouse,1,,,,175.0,400.0,,,,,,,,,18,hitl
357,2026-02-07 23:15,wholesaler_1,wholesaler,1,,,,,,0.0,0.0,,,,,,,18,hitl
357,2026-02-07 23:15,retail_1,retail,1,,,,,,,,0.0,30.0,1.0,45.0,16.5,75.0,18,hitl
358,2026-02-07 23:30,supplier_1,supplier,0,549.27,,,,,,,,,,,,,18,hitl
358,2026-02-07 23:30,farm_1,farm,1,,648.024,0.035,,,,,,,,,,,18,hitl
358,2026-02-07 23:30,slaughterhouse_1,slaughterhouse,1,,,,175.0,400.0,,,,,,,,,18,hitl
358,2026-02-07 23:30,wholesaler_1,wholesaler,1,,,,,,0.0,0.0,,,,,,,18,hitl
358,2026-02-07 23:30,retail_1,retail,1,,,,,,,,0.0,30.0,1.0,45.25,16.5,75.0,18,hitl
359,2026-02-07 23:45,supplier_1,supplier,0,548.24,,,,,,,,,,,,,18,hitl
359,2026-02-07 23:45,farm_1,farm,1,,648.024,0.035,,,,,,,,,,,18,hitl
359,2026-02-07 23:45,slaughterhouse_1,slaughterhouse,1,,,,175.0,400.0,,,,,,,,,18,hitl
359,2026-02-07 23:45,wholesaler_1,wholesaler,1,,,,,,0.0,0.0,,,,,,,18,hitl
359,2026-02-07 23:45,retail_1,retail,1,,,,,,,,0.0,30.0,1.0,45.5,16.5,75.0,18,hitl
360,2026-02-08 00:00,supplier_1,supplier,0,547.1,,,,,,,,,,,,,18,hitl
360,2026-02-08 00:00,farm_1,farm,0,,648.024,0.035,,,,,,,,,,,18,hitl
360,2026-02-08 00:00,slaughterhouse_1,slaughterhouse,0,,,,372.0,198.16,,,,,,,,,18,hitl
360,2026-02-08 00:00,wholesaler_1,wholesaler,1,,,,,,0.0,0.0,,,,,,,18,hitl
360,2026-02-08 00:00,retail_1,retail,1,,,,,,,,0.0,30.0,1.0,45.75,16.5,75.0,18,hitl
361,2026-02-08 00:15,supplier_1,supplier,0,545.97,,,,,,,,,,,,,18,hitl
361,2026-02-08 00:15,farm_1,farm,0,,648.024,0.035,,,,,,,,,,,18,hitl
361,2026-02-08 00:15,slaughterhouse_1,slaughterhouse,0,,,,372.0,208.53,,,,,,,,,18,hitl
361,2026-02-08 00:15,wholesaler_1,wholesaler,1,,,,,,24.0,0.0,,,,,,,18,hitl
361,2026-02-08 00:15,retail_1,retail,1,,,,,,,,0.0,30.0,1.0,46.0,16.5,75.0,18,hitl
362,2026-02-08 00:30,supplier_1,supplier,0,544.48,,,,,,,,,,,,,18,hitl
362,2026-02-08 00:30,farm_1,farm,0,,648.024,0.035,,,,,,,,,,,18,hitl
362,2026-02-08 00:30,slaughterhouse_1,slaughterhouse,0,,,,372.0,218.6,,,,,,,,,18,hitl
362,2026-02-08 00:30,wholesaler_1,wholesaler,1,,,,,,22.14,0.0,,,,,,,18,hitl
362,2026-02-08 00:30,retail_1,retail,1,,,,,,,,0.0,30.0,1.0,46.25,16.5,75.0,18,hitl
363,2026-02-08 00:45,supplier_1,supplier,0,543.85,,,,,,,,,,,,,18,hitl
363,2026-02-08 00:45,farm_1,farm,0,,648.024,0.035,,,,,,,,,,,18,hitl
363,2026-02-08 00:45,slaughterhouse_1,slaughterhouse,0,,,,372.0,229.03,,,,,,,,,18,hitl
363,2026-02-08 00:45,wholesaler_1,wholesaler,1,,,,,,20.56,0.0,,,,,,,18,hitl
363,2026-02-08 00:45,retail_1,retail,1,,,,,,,,0.0,30.0,1.0,46.5,16.5,75.0,18,hitl
364,2026-02-08 01:00,supplier_1,supplier,0,542.75,,,,,,,,,,,,,18,hitl
364,2026-02-08 01:00,farm_1,farm,0,,648.024,0.035,,,,,,,,,,,18,hitl
364,2026-02-08 01:00,slaughterhouse_1,slaughterhouse,0,,,,372.0,238.63,,,,,,,,,18,hitl
364,2026-02-08 01:00,wholesaler_1,wholesaler,1,,,,,,18.78,0.0,,,,,,,18,hitl
364,2026-02-08 01:00,retail_1,retail,1,,,,,,,,0.0,30.0,1.0,46.75,16.5,75.0,18,hitl
365,2026-02-08 01:15,supplier_1,supplier,0,541.84,,,,,,,,,,,,,18,hitl
365,2026-02-08 01:15,farm_1,farm,0,,648.024,0.035,,,,,,,,,,,18,hitl
365,2026-02-08 01:15,slaughterhouse_1,slaughterhouse,0,,,,372.0,249.35,,,,,,,,,18,hitl
365,2026-02-08 01:15,wholesaler_1,wholesaler,1,,,,,,17.12,0.0,,,,,,,18,hitl
365,2026-02-08 01:15,retail_1,retail,1,,,,,,,,0.0,30.0,1.0,47.0,16.5,75.0,18,hitl
366,2026-02-08 01:30,supplier_1,supplier,0,540.43,,,,,,,,,,,,,18,hitl
366,2026-02-08 01:30,farm_1,farm,0,,648.024,0.035,,,,,,,,,,,18,hitl
366,2026-02-08 01:30,slaughterhouse_1,slaughterhouse,0,,,,372.0,260.08,,,,,,,,,18,hitl
366,2026-02-08 01:30,wholesaler_1,wholesaler,1,,,,,,14.91,0.0,,,,,,,18,hitl
366,2026-02-08 01:30,retail_1,retail,1,,,,,,,,0.0,30.0,1.0,47.25,16.5,75.0,18,hitl
367,2026-02-08 01:45,supplier_1,supplier,0,539.18,,,,,,,,,,,,,18,hitl
367,2026-02-08 01:45,farm_1,farm,0,,648.024,0.035,,,,,,,,,,,18,hitl
367,2026-02-08 01:45,slaughterhouse_1,slaughterhouse,0,,,,372.0,270.69,,,,,,,,,18,hitl
367,2026-02-08 01:45,wholesaler_1,wholesaler,1,,,,,,12.41,0.0,,,,,,,18,hitl
367,2026-02-08 01:45,retail_1,retail,1,,,,,,,,0.0,30.0,1.0,47.5,16.5,75.0,18,hitl
368,2026-02-08 02:00,supplier_1,supplier,0,538.19,,,,,,,,,,,,,18,hitl
368,2026-02-08 02:00,farm_1,farm,0,,648.024,0.035,,,,,,,,,,,18,hitl
368,2026-02-08 02:00,slaughterhouse_1,slaughterhouse,0,,,,372.0,256.28,,,,,,,,,18,hitl
368,2026-02-08 02:00,wholesaler_1,wholesaler,1,,,,,,10.61,0.0,,,,,,,18,hitl
368,2026-02-08 02:00,retail_1,retail,1,,,,,,,,0.0,30.0,1.0,47.75,16.5,75.0,18,hitl
369,2026-02-08 02:15,supplier_1,supplier,0,537.51,,,,,,,,,,,,,18,hitl
369,2026-02-08 02:15,farm_1,farm,0,,648.024,0.035,,,,,,,,,,,18,hitl
369,2026-02-08 02:15,slaughterhouse_1,slaughterhouse,0,,,,372.0,265.97,,,,,,,,,18,hitl
369,2026-02-08 02:15,wholesaler_1,wholesaler,1,,,,,,32.63,0.0,,,,,,,18,hitl
369,2026-02-08 02:15,retail_1,retail,1,,,,,,,,0.0,30.0,1.0,48.0,16.5,75.0,18,hitl
370,2026-02-08 02:30,supplier_1,supplier,0,536.7,,,,,,,,,,,,,18,hitl
370,2026-02-08 02:30,farm_1,farm,0,,648.024,0.035,,,,,,,,,,,18,hitl
370,2026-02-08 02:30,slaughterhouse_1,slaughterhouse,0,,,,372.0,276.44,,,,,,,,,18,hitl
370,2026-02-08 02:30,wholesaler_1,wholesaler,1,,,,,,29.69,0.0,,,,,,,18,hitl
370,2026-02-08 02:30,retail_1,retail,1,,,,,,,,0.0,30.0,1.0,48.25,16.5,75.0,18,hitl
371,2026-02-08 02:45,supplier_1,supplier,0,535.21,,,,,,,,,,,,,18,hitl
371,2026-02-08 02:45,farm_1,farm,0,,648.024,0.035,,,,,,,,,,,18,hitl
371,2026-02-08 02:45,slaughterhouse_1,slaughterhouse,0,,,,372.0,286.66,,,,,,,,,18,hitl
371,2026-02-08 02:45,wholesaler_1,wholesaler,1,,,,,,26.71,0.0,,,,,,,18,hitl
371,2026-02-08 02:45,retail_1,retail,1,,,,,,,,0.0,30.0,1.0,48.5,16.5,75.0,18,hitl
372,2026-02-08 03:00,supplier_1,supplier,0,534.09,,,,,,,,,,,,,18,hitl
372,2026-02-08 03:00,farm_1,farm,0,,648.024,0.035,,,,,,,,,,,18,hitl
372,2026-02-08 03:00,slaughterhouse_1,slaughterhouse,0,,,,372.0,296.75,,,,,,,,,18,hitl
372,2026-02-08 03:00,wholesaler_1,wholesaler,1,,,,,,25.09,0.0,,,,,,,18,hitl
372,2026-02-08 03:00,retail_1,retail,1,,,,,,,,0.0,30.0,1.0,48.75,16.5,75.0,18,hitl
373,2026-02-08 03:15,supplier_1,supplier,0,532.8,,,,,,,,,,,,,18,hitl
373,2026-02-08 03:15,farm_1,farm,0,,648.024,0.035,,,,,,,,,,,18,hitl
373,2026-02-08 03:15,slaughterhouse_1,slaughterhouse,0,,,,372.0,307.48,,,,,,,,,18,hitl
373,2026-02-08 03:15,wholesaler_1,wholesaler,1,,,,,,23.4,0.0,,,,,,,18,hitl
373,2026-02-08 03:15,retail_1,retail,1,,,,,,,,0.0,30.0,1.0,49.0,16.5,75.0,18,hitl
374,2026-02-08 03:30,supplier_1,supplier,0,531.42,,,,,,,,,,,,,18,hitl
374,2026-02-08 03:30,farm_1,farm,0,,648.024,0.035,,,,,,,,,,,18,hitl
374,2026-02-08 03:30,slaughterhouse_1,slaughterhouse,0,,,,372.0,317.47,,,,,,,,,18,hitl
374,2026-02-08 03:30,wholesaler_1,wholesaler,1,,,,,,20.56,0.0,,,,,,,18,hitl
374,2026-02-08 03:30,retail_1,retail,1,,,,,,,,0.0,30.0,1.0,49.25,16.5,75.0,18,hitl
375,2026-02-08 03:45,supplier_1,supplier,0,530.63,,,,,,,,,,,,,18,hitl
375,2026-02-08 03:45,farm_1,farm,0,,648.024,0.035,,,,,,,,,,,18,hitl
375,2026-02-08 03:45,slaughterhouse_1,slaughterhouse,0,,,,372.0,327.12,,,,,,,,,18,hitl
375,2026-02-08 03:45,wholesaler_1,wholesaler,1,,,,,,17.75,0.0,,,,,,,18,hitl
375,2026-02-08 03:45,retail_1,retail,1,,,,,,,,0.0,30.0,1.0,49.5,16.5,75.0,18,hitl
376,2026-02-08 04:00,supplier_1,supplier,0,529.32,,,,,,,,,,,,,18,hitl
376,2026-02-08 04:00,farm_1,farm,0,,648.024,0.035,,,,,,,,,,,18,hitl
376,2026-02-08 04:00,slaughterhouse_1,slaughterhouse,0,,,,372.0,313.9,,,,,,,,,18,hitl
376,2026-02-08 04:00,wholesaler_1,wholesaler,1,,,,,,15.56,0.0,,,,,,,18,hitl
376,2026-02-08 04:00,retail_1,retail,1,,,,,,,,0.0,30.0,1.0,49.75,16.5,75.0,18,hitl
377,2026-02-08 04:15,supplier_1,supplier,0,528.24,,,,,,,,,,,,,18,hitl
377,2026-02-08 04:15,farm_1,farm,0,,648.024,0.035,,,,,,,,,,,18,hitl
377,2026-02-08 04:15,slaughterhouse_1,slaughterhouse,0,,,,372.0,323.99,,,,,,,,,18,hitl
377,2026-02-08 04:15,wholesaler_1,wholesaler,1,,,,,,37.8,0.0,,,,,,,18,hitl
377,2026-02-08 04:15,retail_1,retail,1,,,,,,,,0.0,30.0,1.0,50.0,16.5,75.0,18,hitl
378,2026-02-08 04:30,supplier_1,supplier,0,527.17,,,,,,,,,,,,,18,hitl
378,2026-02-08 04:30,farm_1,farm,0,,648.024,0.035,,,,,,,,,,,18,hitl
378,2026-02-08 04:30,slaughterhouse_1,slaughterhouse,0,,,,372.0,335.0,,,,,,,,,18,hitl
378,2026-02-08 04:30,wholesaler_1,wholesaler,1,,,,,,35.62,0.0,,,,,,,18,hitl
378,2026-02-08 04:30,retail_1,retail,1,,,,,,,,0.0,30.0,1.0,50.25,16.5,75.0,18,hitl
379,2026-02-08 04:45,supplier_1,supplier,0,526.62,,,,,,,,,,,,,18,hitl
379,2026-02-08 04:45,farm_1,farm,0,,648.024,0.035,,,,,,,,,,,18,hitl
379,2026-02-08 04:45,slaughterhouse_1,slaughterhouse,0,,,,372.0,344.8,,,,,,,,,18,hitl
379,2026-02-08 04:45,wholesaler_1,wholesaler,1,,,,,,33.58,0.0,,,,,,,18,hitl
379,2026-02-08 04:45,retail_1,retail,1,,,,,,,,0.0,30.0,1.0,50.5,16.5,75.0,18,hitl
380,2026-02-08 05:00,supplier_1,supplier,0,525.65,,,,,,,,,,,,,18,hitl
380,2026-02-08 05:00,farm_1,farm,0,,648.024,0.035,,,,,,,,,,,18,hitl
380,2026-02-08 05:00,slaughterhouse_1,slaughterhouse,0,,,,372.0,355.63,,,,,,,,,18,hitl
380,2026-02-08 05:00,wholesaler_1,wholesaler,1,,,,,,19.89,0.0,,,,,,,18,hitl
380,2026-02-08 05:00,retail_1,retail,1,,,,,,,,0.0,30.0,1.0,50.75,16.5,75.0,18,hitl
381,2026-02-08 05:15,supplier_1,supplier,0,524.4,,,,,,,,,,,,,18,hitl
381,2026-02-08 05:15,farm_1,farm,0,,648.024,0.035,,,,,,,,,,,18,hitl
381,2026-02-08 05:15,slaughterhouse_1,slaughterhouse,0,,,,372.0,366.49,,,,,,,,,18,hitl
381,2026-02-08 05:15,wholesaler_1,wholesaler,1,,,,,,18.04,0.0,,,,,,,18,hitl
381,2026-02-08 05:15,retail_1,retail,1,,,,,,,,12.0,30.0,1.0,51.0,16.5,75.0,18,hitl
382,2026-02-08 05:30,supplier_1,supplier,0,523.62,,,,,,,,,,,,,18,hitl
382,2026-02-08 05:30,farm_1,farm,0,,648.024,0.035,,,,,,,,,,,18,hitl
382,2026-02-08 05:30,slaughterhouse_1,slaughterhouse,0,,,,372.0,376.67,,,,,,,,,18,hitl
382,2026-02-08 05:30,wholesaler_1,wholesaler,1,,,,,,15.66,0.0,,,,,,,18,hitl
382,2026-02-08 05:30,retail_1,retail,1,,,,,,,,7.96,30.0,0.0,51.25,16.5,75.0,18,hitl
383,2026-02-08 05:45,supplier_1,supplier,0,522.16,,,,,,,,,,,,,18,hitl
383,2026-02-08 05:45,farm_1,farm,0,,648.024,0.035,,,,,,,,,,,18,hitl
383,2026-02-08 05:45,slaughterhouse_1,slaughterhouse,0,,,,372.0,386.8,,,,,,,,,18,hitl
383,2026-02-08 05:45,wholesaler_1,wholesaler,1,,,,,,13.99,0.0,,,,,,,18,hitl
383,2026-02-08 05:45,retail_1,retail,1,,,,,,,,4.22,30.0,0.0,51.5,16.5,75.0,18,hitl
384,2026-02-08 06:00,supplier_1,supplier,0,521.24,,,,,,,,,,,,,18,hitl
384,2026-02-08 06:00,farm_1,farm,0,,648.024,0.035,,,,,,,,,,,18,hitl
384,2026-02-08 06:00,slaughterhouse_1,slaughterhouse,0,,,,372.0,373.37,,,,,,,,,18,hitl
384,2026-02-08 06:00,wholesaler_1,wholesaler,1,,,,,,11.71,0.0,,,,,,,18,hitl
384,2026-02-08 06:00,retail_1,retail,1,,,,,,,,0.23,30.0,0.0,51.75,16.5,75.0,18,hitl
385,2026-02-08 06:15,supplier_1,supplier,0,519.75,,,,,,,,,,,,,18,hitl
385,2026-02-08 06:15,farm_1,farm,0,,648.024,0.035,,,,,,,,,,,18,hitl
385,2026-02-08 06:15,slaughterhouse_1,slaughterhouse,0,,,,372.0,383.39,,,,,,,,,18,hitl
385,2026-02-08 06:15,wholesaler_1,wholesaler,1,,,,,,33.8,0.0,,,,,,,18,hitl
385,2026-02-08 06:15,retail_1,retail,1,,,,,,,,0.0,30.0,1.0,52.0,16.5,75.0,18,hitl
386,2026-02-08 06:30,supplier_1,supplier,0,518.58,,,,,,,,,,,,,18,hitl
386,2026-02-08 06:30,farm_1,farm,0,,648.024,0.035,,,,,,,,,,,18,hitl
386,2026-02-08 06:30,slaughterhouse_1,slaughterhouse,0,,,,372.0,394.28,,,,,,,,,18,hitl
386,2026-02-08 06:30,wholesaler_1,wholesaler,1,,,,,,31.43,0.0,,,,,,,18,hitl
386,2026-02-08 06:30,retail_1,retail,1,,,,,,,,0.0,30.0,1.0,52.25,16.5,75.0,18,hitl
387,2026-02-08 06:45,supplier_1,supplier,0,518.03,,,,,,,,,,,,,18,hitl
387,2026-02-08 06:45,farm_1,farm,0,,648.024,0.035,,,,,,,,,,,18,hitl
387,2026-02-08 06:45,slaughterhouse_1,slaughterhouse,0,,,,372.0,400.0,,,,,,,,,18,hitl
387,2026-02-08 06:45,wholesaler_1,wholesaler,1,,,,,,28.87,0.0,,,,,,,18,hitl
387,2026-02-08 06:45,retail_1,retail,1,,,,,,,,0.0,30.0,1.0,52.5,16.5,75.0,18,hitl
388,2026-02-08 07:00,supplier_1,supplier,0,517.41,,,,,,,,,,,,,18,hitl
388,2026-02-08 07:00,farm_1,farm,0,,648.024,0.035,,,,,,,,,,,18,hitl
388,2026-02-08 07:00,slaughterhouse_1,slaughterhouse,0,,,,372.0,400.0,,,,,,,,,18,hitl
388,2026-02-08 07:00,wholesaler_1,wholesaler,1,,,,,,27.35,0.0,,,,,,,18,hitl
388,2026-02-08 07:00,retail_1,retail,1,,,,,,,,0.0,30.0,1.0,52.75,16.5,75.0,18,hitl
389,2026-02-08 07:15,supplier_1,supplier,0,516.88,,,,,,,,,,,,,18,hitl
389,2026-02-08 07:15,farm_1,farm,0,,648.024,0.035,,,,,,,,,,,18,hitl
389,2026-02-08 07:15,slaughterhouse_1,slaughterhouse,0,,,,372.0,400.0,,,,,,,,,18,hitl
389,2026-02-08 07:15,wholesaler_1,wholesaler,1,,,,,,25.07,0.0,,,,,,,18,hitl
389,2026-02-08 07:15,retail_1,retail,1,,,,,,,,0.0,30.0,1.0,53.0,16.5,75.0,18,hitl
390,2026-02-08 07:30,supplier_1,supplier,0,515.98,,,,,,,,,,,,,18,hitl
390,2026-02-08 07:30,farm_1,farm,0,,648.024,0.035,,,,,,,,,,,18,hitl
390,2026-02-08 07:30,slaughterhouse_1,slaughterhouse,0,,,,372.0,400.0,,,,,,,,,18,hitl
390,2026-02-08 07:30,wholesaler_1,wholesaler,1,,,,,,22.83,0.0,,,,,,,18,hitl
390,2026-02-08 07:30,retail_1,retail,1,,,,,,,,0.0,30.0,1.0,53.25,16.5,75.0,18,hitl
391,2026-02-08 07:45,supplier_1,supplier,0,514.96,,,,,,,,,,,,,18,hitl
391,2026-02-08 07:45,farm_1,farm,0,,648.024,0.035,,,,,,,,,,,18,hitl
391,2026-02-08 07:45,slaughterhouse_1,slaughterhouse,0,,,,372.0,400.0,,,,,,,,,18,hitl
391,2026-02-08 07:45,wholesaler_1,wholesaler,1,,,,,,19.87,0.0,,,,,,,18,hitl
391,2026-02-08 07:45,retail_1,retail,1,,,,,,,,0.0,30.0,1.0,53.5,16.5,75.0,18,hitl
392,2026-02-08 08:00,supplier_1,supplier,0,514.11,,,,,,,,,,,,,18,hitl
392,2026-02-08 08:00,farm_1,farm,0,,648.024,0.035,,,,,,,,,,,18,hitl
392,2026-02-08 08:00,slaughterhouse_1,slaughterhouse,0,,,,372.0,376.0,,,,,,,,,18,hitl
392,2026-02-08 08:00,wholesaler_1,wholesaler,1,,,,,,17.08,0.0,,,,,,,18,hitl
392,2026-02-08 08:00,retail_1,retail,1,,,,,,,,0.0,30.0,1.0,53.75,16.5,75.0,18,hitl
393,2026-02-08 08:15,supplier_1,supplier,0,513.0,,,,,,,,,,,,,18,hitl
393,2026-02-08 08:15,farm_1,farm,0,,648.024,0.035,,,,,,,,,,,18,hitl
393,2026-02-08 08:15,slaughterhouse_1,slaughterhouse,0,,,,372.0,386.82,,,,,,,,,18,hitl
393,2026-02-08 08:15,wholesaler_1,wholesaler,1,,,,,,38.7,0.0,,,,,,,18,hitl
393,2026-02-08 08:15,retail_1,retail,1,,,,,,,,0.0,30.0,1.0,54.0,16.5,75.0,18,hitl
394,2026-02-08 08:30,supplier_1,supplier,0,512.06,,,,,,,,,,,,,18,hitl
394,2026-02-08 08:30,farm_1,farm,0,,648.024,0.035,,,,,,,,,,,18,hitl
394,2026-02-08 08:30,slaughterhouse_1,slaughterhouse,0,,,,372.0,396.53,,,,,,,,,18,hitl
394,2026-02-08 08:30,wholesaler_1,wholesaler,1,,,,,,36.02,0.0,,,,,,,18,hitl
394,2026-02-08 08:30,retail_1,retail,1,,,,,,,,0.0,30.0,1.0,54.25,16.5,75.0,18,hitl
395,2026-02-08 08:45,supplier_1,supplier,0,511.23,,,,,,,,,,,,,18,hitl
395,2026-02-08 08:45,farm_1,farm,0,,648.024,0.035,,,,,,,,,,,18,hitl
395,2026-02-08 08:45,slaughterhouse_1,slaughterhouse,0,,,,372.0,400.0,,,,,,,,,18,hitl
395,2026-02-08 08:45,wholesaler_1,wholesaler,1,,,,,,34.45,0.0,,,,,,,18,hitl
395,2026-02-08 08:45,retail_1,retail,1,,,,,,,,0.0,30.0,1.0,54.5,16.5,75.0,18,hitl
396,2026-02-08 09:00,supplier_1,supplier,0,509.84,,,,,,,,,,,,,18,hitl
396,2026-02-08 09:00,farm_1,farm,1,,648.024,0.035,,,,,,,,,,,18,hitl
396,2026-02-08 09:00,slaughterhouse_1,slaughterhouse,0,,,,372.0,400.0,,,,,,,,,18,hitl
396,2026-02-08 09:00,wholesaler_1,wholesaler,1,,,,,,20.35,0.0,,,,,,,18,hitl
396,2026-02-08 09:00,retail_1,retail,1,,,,,,,,0.0,30.0,1.0,54.75,16.5,75.0,18,hitl
397,2026-02-08 09:15,supplier_1,supplier,0,508.9,,,,,,,,,,,,,18,hitl
397,2026-02-08 09:15,farm_1,farm,1,,648.024,0.035,,,,,,,,,,,18,hitl
397,2026-02-08 09:15,slaughterhouse_1,slaughterhouse,0,,,,372.0,400.0,,,,,,,,,18,hitl
397,2026-02-08 09:15,wholesaler_1,wholesaler,1,,,,,,18.3,0.0,,,,,,,18,hitl
397,2026-02-08 09:15,retail_1,retail,1,,,,,,,,12.0,30.0,1.0,55.0,16.5,75.0,18,hitl
398,2026-02-08 09:30,supplier_1,supplier,0,508.15,,,,,,,,,,,,,18,hitl
398,2026-02-08 09:30,farm_1,farm,1,,648.024,0.035,,,,,,,,,,,18,hitl
398,2026-02-08 09:30,slaughterhouse_1,slaughterhouse,0,,,,372.0,400.0,,,,,,,,,18,hitl
398,2026-02-08 09:30,wholesaler_1,wholesaler,1,,,,,,15.85,0.0,,,,,,,18,hitl
398,2026-02-08 09:30,retail_1,retail,1,,,,,,,,7.77,30.0,0.0,55.25,16.5,75.0,18,hitl
399,2026-02-08 09:45,supplier_1,supplier,0,507.05,,,,,,,,,,,,,18,hitl
399,2026-02-08 09:45,farm_1,farm,1,,648.024,0.035,,,,,,,,,,,18,hitl
399,2026-02-08 09:45,slaughterhouse_1,slaughterhouse,0,,,,372.0,400.0,,,,,,,,,18,hitl
399,2026-02-08 09:45,wholesaler_1,wholesaler,1,,,,,,13.59,0.0,,,,,,,18,hitl
399,2026-02-08 09:45,retail_1,retail,1,,,,,,,,3.17,30.0,0.0,55.5,16.5,75.0,18,hitl
400,2026-02-08 10:00,supplier_1,supplier,0,505.96,,,,,,,,,,,,,18,hitl
400,2026-02-08 10:00,farm_1,farm,1,,648.024,0.035,,,,,,,,,,,18,hitl
400,2026-02-08 10:00,slaughterhouse_1,slaughterhouse,0,,,,372.0,376.0,,,,,,,,,18,hitl
400,2026-02-08 10:00,wholesaler_1,wholesaler,1,,,,,,11.46,0.0,,,,,,,18,hitl
400,2026-02-08 10:00,retail_1,retail,1,,,,,,,,0.0,30.0,1.0,55.75,16.5,75.0,18,hitl
401,2026-02-08 10:15,supplier_1,supplier,0,504.88,,,,,,,,,,,,,18,hitl
401,2026-02-08 10:15,farm_1,farm,1,,648.024,0.035,,,,,,,,,,,18,hitl
401,2026-02-08 10:15,slaughterhouse_1,slaughterhouse,0,,,,372.0,386.56,,,,,,,,,18,hitl
401,2026-02-08 10:15,wholesaler_1,wholesaler,1,,,,,,33.52,0.0,,,,,,,18,hitl
401,2026-02-08 10:15,retail_1,retail,1,,,,,,,,0.0,30.0,1.0,56.0,16.5,75.0,18,hitl
402,2026-02-08 10:30,supplier_1,supplier,0,503.81,,,,,,,,,,,,,18,hitl
402,2026-02-08 10:30,farm_1,farm,1,,648.024,0.035,,,,,,,,,,,18,hitl
402,2026-02-08 10:30,slaughterhouse_1,slaughterhouse,0,,,,372.0,397.59,,,,,,,,,18,hitl
402,2026-02-08 10:30,wholesaler_1,wholesaler,1,,,,,,31.29,0.0,,,,,,,18,hitl
402,2026-02-08 10:30,retail_1,retail,1,,,,,,,,0.0,30.0,1.0,56.25,16.5,75.0,18,hitl
403,2026-02-08 10:45,supplier_1,supplier,0,502.4,,,,,,,,,,,,,18,hitl
403,2026-02-08 10:45,farm_1,farm,1,,648.024,0.035,,,,,,,,,,,18,hitl
403,2026-02-08 10:45,slaughterhouse_1,slaughterhouse,0,,,,372.0,400.0,,,,,,,,,18,hitl
403,2026-02-08 10:45,wholesaler_1,wholesaler,1,,,,,,28.82,0.0,,,,,,,18,hitl
403,2026-02-08 10:45,retail_1,retail,1,,,,,,,,0.0,30.0,1.0,56.5,16.5,75.0,18,hitl
404,2026-02-08 11:00,supplier_1,supplier,0,501.6,,,,,,,,,,,,,18,hitl
404,2026-02-08 11:00,farm_1,farm,1,,648.024,0.035,,,,,,,,,,,18,hitl
404,2026-02-08 11:00,slaughterhouse_1,slaughterhouse,0,,,,372.0,400.0,,,,,,,,,18,hitl
404,2026-02-08 11:00,wholesaler_1,wholesaler,1,,,,,,25.85,0.0,,,,,,,18,hitl
404,2026-02-08 11:00,retail_1,retail,1,,,,,,,,0.0,30.0,1.0,56.75,16.5,75.0,18,hitl
405,2026-02-08 11:15,supplier_1,supplier,0,501.07,,,,,,,,,,,,,18,hitl
405,2026-02-08 11:15,farm_1,farm,1,,648.024,0.035,,,,,,,,,,,18,hitl
405,2026-02-08 11:15,slaughterhouse_1,slaughterhouse,0,,,,372.0,400.0,,,,,,,,,18,hitl
405,2026-02-08 11:15,wholesaler_1,wholesaler,1,,,,,,23.37,0.0,,,,,,,18,hitl
405,2026-02-08 11:15,retail_1,retail,1,,,,,,,,0.0,30.0,1.0,57.0,16.5,75.0,18,hitl
406,2026-02-08 11:30,supplier_1,supplier,0,500.31,,,,,,,,,,,,,18,hitl
406,2026-02-08 11:30,farm_1,farm,1,,648.024,0.035,,,,,,,,,,,18,hitl
406,2026-02-08 11:30,slaughterhouse_1,slaughterhouse,0,,,,372.0,400.0,,,,,,,,,18,hitl
406,2026-02-08 11:30,wholesaler_1,wholesaler,1,,,,,,20.68,0.0,,,,,,,18,hitl
406,2026-02-08 11:30,retail_1,retail,1,,,,,,,,0.0,30.0,1.0,57.25,16.5,75.0,18,hitl
407,2026-02-08 11:45,supplier_1,supplier,0,499.53,,,,,,,,,,,,,18,hitl
407,2026-02-08 11:45,farm_1,farm,1,,648.024,0.035,,,,,,,,,,,18,hitl
407,2026-02-08 11:45,slaughterhouse_1,slaughterhouse,0,,,,372.0,400.0,,,,,,,,,18,hitl
407,2026-02-08 11:45,wholesaler_1,wholesaler,1,,,,,,18.58,0.0,,,,,,,18,hitl
407,2026-02-08 11:45,retail_1,retail,1,,,,,,,,0.0,30.0,1.0,57.5,16.5,75.0,18,hitl
408,2026-02-08 12:00,supplier_1,supplier,0,498.86,,,,,,,,,,,,,18,hitl
408,2026-02-08 12:00,farm_1,farm,1,,648.024,0.035,,,,,,,,,,,18,hitl
408,2026-02-08 12:00,slaughterhouse_1,slaughterhouse,0,,,,372.0,376.0,,,,,,,,,18,hitl
408,2026-02-08 12:00,wholesaler_1,wholesaler,0,,,,,,150.87,16.0,,,,,,,18,hitl
408,2026-02-08 12:00,retail_1,retail,1,,,,,,,,0.0,30.0,1.0,57.75,16.5,75.0,18,hitl
409,2026-02-08 12:15,supplier_1,supplier,0,498.31,,,,,,,,,,,,,18,hitl
409,2026-02-08 12:15,farm_1,farm,1,,648.024,0.035,,,,,,,,,,,18,hitl
409,2026-02-08 12:15,slaughterhouse_1,slaughterhouse,0,,,,372.0,386.63,,,,,,,,,18,hitl
409,2026-02-08 12:15,wholesaler_1,wholesaler,0,,,,,,172.36,16.0,,,,,,,18,hitl
409,2026-02-08 12:15,retail_1,retail,1,,,,,,,,9.6,30.0,1.0,58.0,16.5,75.0,18,hitl
410,2026-02-08 12:30,supplier_1,supplier,0,497.47,,,,,,,,,,,,,18,hitl
410,2026-02-08 12:30,farm_1,farm,1,,648.024,0.035,,,,,,,,,,,18,hitl
410,2026-02-08 12:30,slaughterhouse_1,slaughterhouse,0,,,,372.0,396.39,,,,,,,,,18,hitl
410,2026-02-08 12:30,wholesaler_1,wholesaler,0,,,,,,169.73,16.0,,,,,,,18,hitl
410,2026-02-08 12:30,retail_1,retail,1,,,,,,,,5.66,30.0,0.0,58.25,16.5,75.0,18,hitl
411,2026-02-08 12:45,supplier_1,supplier,0,496.53,,,,,,,,,,,,,18,hitl
411,2026-02-08 12:45,farm_1,farm,1,,648.024,0.035,,,,,,,,,,,18,hitl
411,2026-02-08 12:45,slaughterhouse_1,slaughterhouse,0,,,,372.0,400.0,,,,,,,,,18,hitl
411,2026-02-08 12:45,wholesaler_1,wholesaler,0,,,,,,168.23,16.0,,,,,,,18,hitl
411,2026-02-08 12:45,retail_1,retail,1,,,,,,,,1.19,30.0,0.0,58.5,16.5,75.0,18,hitl
412,2026-02-08 13:00,supplier_1,supplier,0,495.65,,,,,,,,,,,,,18,hitl
412,2026-02-08 13:00,farm_1,farm,1,,648.024,0.035,,,,,,,,,,,18,hitl
412,2026-02-08 13:00,slaughterhouse_1,slaughterhouse,0,,,,372.0,400.0,,,,,,,,,18,hitl
412,2026-02-08 13:00,wholesaler_1,wholesaler,0,,,,,,156.59,16.0,,,,,,,18,hitl
412,2026-02-08 13:00,retail_1,retail,1,,,,,,,,0.0,30.0,1.0,58.75,16.5,75.0,18,hitl
413,2026-02-08 13:15,supplier_1,supplier,0,494.34,,,,,,,,,,,,,18,hitl
413,2026-02-08 13:15,farm_1,farm,1,,648.024,0.035,,,,,,,,,,,18,hitl
413,2026-02-08 13:15,slaughterhouse_1,slaughterhouse,0,,,,372.0,400.0,,,,,,,,,18,hitl
413,2026-02-08 13:15,wholesaler_1,wholesaler,0,,,,,,154.58,16.0,,,,,,,18,hitl
413,2026-02-08 13:15,retail_1,retail,1,,,,,,,,9.6,30.0,1.0,59.0,16.5,75.0,18,hitl
414,2026-02-08 13:30,supplier_1,supplier,0,493.72,,,,,,,,,,,,,18,hitl
414,2026-02-08 13:30,farm_1,farm,1,,648.024,0.035,,,,,,,,,,,18,hitl
414,2026-02-08 13:30,slaughterhouse_1,slaughterhouse,0,,,,372.0,400.0,,,,,,,,,18,hitl
414,2026-02-08 13:30,wholesaler_1,wholesaler,0,,,,,,152.86,16.0,,,,,,,18,hitl
414,2026-02-08 13:30,retail_1,retail,1,,,,,,,,5.75,30.0,0.0,59.25,16.5,75.0,18,hitl
415,2026-02-08 13:45,supplier_1,supplier,0,492.53,,,,,,,,,,,,,18,hitl
415,2026-02-08 13:45,farm_1,farm,1,,648.024,0.035,,,,,,,,,,,18,hitl
415,2026-02-08 13:45,slaughterhouse_1,slaughterhouse,0,,,,372.0,400.0,,,,,,,,,18,hitl
415,2026-02-08 13:45,wholesaler_1,wholesaler,0,,,,,,150.98,16.0,,,,,,,18,hitl
415,2026-02-08 13:45,retail_1,retail,1,,,,,,,,1.25,30.0,0.0,59.5,16.5,75.0,18,hitl
416,2026-02-08 14:00,supplier_1,supplier,0,491.12,,,,,,,,,,,,,18,hitl
416,2026-02-08 14:00,farm_1,farm,1,,648.024,0.035,,,,,,,,,,,18,hitl
416,2026-02-08 14:00,slaughterhouse_1,slaughterhouse,0,,,,372.0,376.0,,,,,,,,,18,hitl
416,2026-02-08 14:00,wholesaler_1,wholesaler,0,,,,,,138.67,16.0,,,,,,,18,hitl
416,2026-02-08 14:00,retail_1,retail,1,,,,,,,,0.0,30.0,1.0,59.75,16.5,75.0,18,hitl
417,2026-02-08 14:15,supplier_1,supplier,0,490.57,,,,,,,,,,,,,18,hitl
417,2026-02-08 14:15,farm_1,farm,1,,648.024,0.035,,,,,,,,,,,18,hitl
417,2026-02-08 14:15,slaughterhouse_1,slaughterhouse,0,,,,372.0,386.86,,,,,,,,,18,hitl
417,2026-02-08 14:15,wholesaler_1,wholesaler,0,,,,,,160.51,16.0,,,,,,,18,hitl
417,2026-02-08 14:15,retail_1,retail,1,,,,,,,,9.6,30.0,1.0,60.0,16.5,75.0,18,hitl
418,2026-02-08 14:30,supplier_1,supplier,0,489.57,,,,,,,,,,,,,18,hitl
418,2026-02-08 14:30,farm_1,farm,1,,648.024,0.035,,,,,,,,,,,18,hitl
418,2026-02-08 14:30,slaughterhouse_1,slaughterhouse,0,,,,372.0,397.53,,,,,,,,,18,hitl
418,2026-02-08 14:30,wholesaler_1,wholesaler,0,,,,,,158.11,16.0,,,,,,,18,hitl
418,2026-02-08 14:30,retail_1,retail,1,,,,,,,,5.08,30.0,0.0,60.25,16.5,75.0,18,hitl
419,2026-02-08 14:45,supplier_1,supplier,0,488.85,,,,,,,,,,,,,18,hitl
419,2026-02-08 14:45,farm_1,farm,1,,648.024,0.035,,,,,,,,,,,18,hitl
419,2026-02-08 14:45,slaughterhouse_1,slaughterhouse,0,,,,372.0,400.0,,,,,,,,,18,hitl
419,2026-02-08 14:45,wholesaler_1,wholesaler,0,,,,,,155.68,16.0,,,,,,,18,hitl
419,2026-02-08 14:45,retail_1,retail,1,,,,,,,,1.11,30.0,0.0,60.5,16.5,75.0,18,hitl
420,2026-02-08 15:00,supplier_1,supplier,0,487.76,,,,,,,,,,,,,18,hitl
420,2026-02-08 15:00,farm_1,farm,1,,648.024,0.035,,,,,,,,,,,18,hitl
420,2026-02-08 15:00,slaughterhouse_1,slaughterhouse,0,,,,372.0,400.0,,,,,,,,,18,hitl
420,2026-02-08 15:00,wholesaler_1,wholesaler,0,,,,,,143.83,16.0,,,,,,,18,hitl
420,2026-02-08 15:00,retail_1,retail,1,,,,,,,,0.0,30.0,1.0,60.75,16.5,75.0,18,hitl
421,2026-02-08 15:15,supplier_1,supplier,0,487.05,,,,,,,,,,,,,18,hitl
421,2026-02-08 15:15,farm_1,farm,1,,648.024,0.035,,,,,,,,,,,18,hitl
421,2026-02-08 15:15,slaughterhouse_1,slaughterhouse,0,,,,372.0,400.0,,,,,,,,,18,hitl
421,2026-02-08 15:15,wholesaler_1,wholesaler,0,,,,,,140.87,16.0,,,,,,,18,hitl
421,2026-02-08 15:15,retail_1,retail,1,,,,,,,,9.6,30.0,1.0,61.0,16.5,75.0,18,hitl
422,2026-02-08 15:30,supplier_1,supplier,0,485.69,,,,,,,,,,,,,18,hitl
422,2026-02-08 15:30,farm_1,farm,1,,648.024,0.035,,,,,,,,,,,18,hitl
422,2026-02-08 15:30,slaughterhouse_1,slaughterhouse,0,,,,372.0,400.0,,,,,,,,,18,hitl
422,2026-02-08 15:30,wholesaler_1,wholesaler,0,,,,,,139.33,16.0,,,,,,,18,hitl
422,2026-02-08 15:30,retail_1,retail,1,,,,,,,,5.41,30.0,0.0,61.25,16.5,75.0,18,hitl
423,2026-02-08 15:45,supplier_1,supplier,0,484.51,,,,,,,,,,,,,18,hitl
423,2026-02-08 15:45,farm_1,farm,1,,648.024,0.035,,,,,,,,,,,18,hitl
423,2026-02-08 15:45,slaughterhouse_1,slaughterhouse,0,,,,372.0,400.0,,,,,,,,,18,hitl
423,2026-02-08 15:45,wholesaler_1,wholesaler,0,,,,,,137.15,16.0,,,,,,,18,hitl
423,2026-02-08 15:45,retail_1,retail,1,,,,,,,,1.16,30.0,0.0,61.5,16.5,75.0,18,hitl
424,2026-02-08 16:00,supplier_1,supplier,0,483.11,,,,,,,,,,,,,18,hitl
424,2026-02-08 16:00,farm_1,farm,1,,648.024,0.035,,,,,,,,,,,18,hitl
424,2026-02-08 16:00,slaughterhouse_1,slaughterhouse,0,,,,372.0,376.0,,,,,,,,,18,hitl
424,2026-02-08 16:00,wholesaler_1,wholesaler,0,,,,,,124.89,16.0,,,,,,,18,hitl
424,2026-02-08 16:00,retail_1,retail,1,,,,,,,,0.0,30.0,1.0,61.75,16.5,75.0,18,hitl
425,2026-02-08 16:15,supplier_1,supplier,0,481.81,,,,,,,,,,,,,18,hitl
425,2026-02-08 16:15,farm_1,farm,1,,648.024,0.035,,,,,,,,,,,18,hitl
425,2026-02-08 16:15,slaughterhouse_1,slaughterhouse,0,,,,372.0,385.59,,,,,,,,,18,hitl
425,2026-02-08 16:15,wholesaler_1,wholesaler,0,,,,,,147.11,16.0,,,,,,,18,hitl
425,2026-02-08 16:15,retail_1,retail,1,,,,,,,,9.6,30.0,1.0,62.0,16.5,75.0,18,hitl
426,2026-02-08 16:30,supplier_1,supplier,0,481.3,,,,,,,,,,,,,18,hitl
426,2026-02-08 16:30,farm_1,farm,1,,648.024,0.035,,,,,,,,,,,18,hitl
426,2026-02-08 16:30,slaughterhouse_1,slaughterhouse,0,,,,372.0,396.42,,,,,,,,,18,hitl
426,2026-02-08 16:30,wholesaler_1,wholesaler,0,,,,,,144.78,16.0,,,,,,,18,hitl
426,2026-02-08 16:30,retail_1,retail,1,,,,,,,,5.17,30.0,0.0,62.25,16.5,75.0,18,hitl
427,2026-02-08 16:45,supplier_1,supplier,0,480.13,,,,,,,,,,,,,18,hitl
427,2026-02-08 16:45,farm_1,farm,1,,648.024,0.035,,,,,,,,,,,18,hitl
427,2026-02-08 16:45,slaughterhouse_1,slaughterhouse,0,,,,372.0,400.0,,,,,,,,,18,hitl
427,2026-02-08 16:45,wholesaler_1,wholesaler,0,,,,,,142.41,16.0,,,,,,,18,hitl
427,2026-02-08 16:45,retail_1,retail,1,,,,,,,,1.34,30.0,0.0,62.5,16.5,75.0,18,hitl
428,2026-02-08 17:00,supplier_1,supplier,0,478.77,,,,,,,,,,,,,18,hitl
428,2026-02-08 17:00,farm_1,farm,1,,648.024,0.035,,,,,,,,,,,18,hitl
428,2026-02-08 17:00,slaughterhouse_1,slaughterhouse,0,,,,372.0,400.0,,,,,,,,,18,hitl
428,2026-02-08 17:00,wholesaler_1,wholesaler,0,,,,,,130.58,16.0,,,,,,,18,hitl
428,2026-02-08 17:00,retail_1,retail,1,,,,,,,,0.0,30.0,1.0,62.75,16.5,75.0,18,hitl
429,2026-02-08 17:15,supplier_1,supplier,0,478.1,,,,,,,,,,,,,18,hitl
429,2026-02-08 17:15,farm_1,farm,1,,648.024,0.035,,,,,,,,,,,18,hitl
429,2026-02-08 17:15,slaughterhouse_1,slaughterhouse,0,,,,372.0,400.0,,,,,,,,,18,hitl
429,2026-02-08 17:15,wholesaler_1,wholesaler,0,,,,,,128.55,16.0,,,,,,,18,hitl
429,2026-02-08 17:15,retail_1,retail,1,,,,,,,,9.6,30.0,1.0,63.0,16.5,75.0,18,hitl
430,2026-02-08 17:30,supplier_1,supplier,0,476.83,,,,,,,,,,,,,18,hitl
430,2026-02-08 17:30,farm_1,farm,1,,648.024,0.035,,,,,,,,,,,18,hitl
430,2026-02-08 17:30,slaughterhouse_1,slaughterhouse,0,,,,372.0,400.0,,,,,,,,,18,hitl
430,2026-02-08 17:30,wholesaler_1,wholesaler,0,,,,,,126.27,16.0,,,,,,,18,hitl
430,2026-02-08 17:30,retail_1,retail,1,,,,,,,,5.83,30.0,0.0,63.25,16.5,75.0,18,hitl
431,2026-02-08 17:45,supplier_1,supplier,0,475.43,,,,,,,,,,,,,18,hitl
431,2026-02-08 17:45,farm_1,farm,1,,648.024,0.035,,,,,,,,,,,18,hitl
431,2026-02-08 17:45,slaughterhouse_1,slaughterhouse,0,,,,372.0,400.0,,,,,,,,,18,hitl
431,2026-02-08 17:45,wholesaler_1,wholesaler,0,,,,,,123.99,16.0,,,,,,,18,hitl
431,2026-02-08 17:45,retail_1,retail,1,,,,,,,,1.45,30.0,0.0,63.5,16.5,75.0,18,hitl
432,2026-02-08 18:00,supplier_1,supplier,0,474.3,,,,,,,,,,,,,18,hitl
432,2026-02-08 18:00,farm_1,farm,0,,648.024,0.035,,,,,,,,,,,18,hitl
432,2026-02-08 18:00,slaughterhouse_1,slaughterhouse,0,,,,372.0,376.0,,,,,,,,,18,hitl
432,2026-02-08 18:00,wholesaler_1,wholesaler,0,,,,,,112.02,13.6,,,,,,,18,hitl
432,2026-02-08 18:00,retail_1,retail,1,,,,,,,,0.0,30.0,1.0,63.75,16.5,75.0,18,hitl
433,2026-02-08 18:15,supplier_1,supplier,0,473.58,,,,,,,,,,,,,18,hitl
433,2026-02-08 18:15,farm_1,farm,0,,648.024,0.035,,,,,,,,,,,18,hitl
433,2026-02-08 18:15,slaughterhouse_1,slaughterhouse,0,,,,372.0,387.12,,,,,,,,,18,hitl
433,2026-02-08 18:15,wholesaler_1,wholesaler,0,,,,,,133.97,13.6,,,,,,,18,hitl
433,2026-02-08 18:15,retail_1,retail,1,,,,,,,,9.6,30.0,1.0,64.0,16.5,75.0,18,hitl
434,2026-02-08 18:30,supplier_1,supplier,0,472.68,,,,,,,,,,,,,18,hitl
434,2026-02-08 18:30,farm_1,farm,0,,648.024,0.035,,,,,,,,,,,18,hitl
434,2026-02-08 18:30,slaughterhouse_1,slaughterhouse,0,,,,372.0,396.85,,,,,,,,,18,hitl
434,2026-02-08 18:30,wholesaler_1,wholesaler,0,,,,,,131.27,13.6,,,,,,,18,hitl
434,2026-02-08 18:30,retail_1,retail,1,,,,,,,,5.41,30.0,0.0,64.25,16.5,75.0,18,hitl
435,2026-02-08 18:45,supplier_1,supplier,0,472.07,,,,,,,,,,,,,18,hitl
435,2026-02-08 18:45,farm_1,farm,0,,648.024,0.035,,,,,,,,,,,18,hitl
435,2026-02-08 18:45,slaughterhouse_1,slaughterhouse,0,,,,372.0,400.0,,,,,,,,,18,hitl
435,2026-02-08 18:45,wholesaler_1,wholesaler,0,,,,,,128.3,13.6,,,,,,,18,hitl
435,2026-02-08 18:45,retail_1,retail,1,,,,,,,,1.07,30.0,0.0,64.5,16.5,75.0,18,hitl
436,2026-02-08 19:00,supplier_1,supplier,0,470.98,,,,,,,,,,,,,18,hitl
436,2026-02-08 19:00,farm_1,farm,0,,648.024,0.035,,,,,,,,,,,18,hitl
436,2026-02-08 19:00,slaughterhouse_1,slaughterhouse,0,,,,372.0,400.0,,,,,,,,,18,hitl
436,2026-02-08 19:00,wholesaler_1,wholesaler,0,,,,,,114.71,13.6,,,,,,,18,hitl
436,2026-02-08 19:00,retail_1,retail,1,,,,,,,,0.0,30.0,1.0,64.75,16.5,75.0,18,hitl
437,2026-02-08 19:15,supplier_1,supplier,0,469.58,,,,,,,,,,,,,18,hitl
437,2026-02-08 19:15,farm_1,farm,0,,648.024,0.035,,,,,,,,,,,18,hitl
437,2026-02-08 19:15,slaughterhouse_1,slaughterhouse,0,,,,372.0,400.0,,,,,,,,,18,hitl
437,2026-02-08 19:15,wholesaler_1,wholesaler,0,,,,,,112.4,13.6,,,,,,,18,hitl
437,2026-02-08 19:15,retail_1,retail,1,,,,,,,,12.0,30.0,1.0,65.0,16.5,75.0,18,hitl
438,2026-02-08 19:30,supplier_1,supplier,0,468.46,,,,,,,,,,,,,18,hitl
438,2026-02-08 19:30,farm_1,farm,0,,648.024,0.035,,,,,,,,,,,18,hitl
438,2026-02-08 19:30,slaughterhouse_1,slaughterhouse,0,,,,372.0,400.0,,,,,,,,,18,hitl
438,2026-02-08 19:30,wholesaler_1,wholesaler,0,,,,,,110.72,13.6,,,,,,,18,hitl
438,2026-02-08 19:30,retail_1,retail,1,,,,,,,,7.79,30.0,0.0,65.25,16.5,75.0,18,hitl
439,2026-02-08 19:45,supplier_1,supplier,0,467.11,,,,,,,,,,,,,18,hitl
439,2026-02-08 19:45,farm_1,farm,0,,648.024,0.035,,,,,,,,,,,18,hitl
439,2026-02-08 19:45,slaughterhouse_1,slaughterhouse,0,,,,372.0,400.0,,,,,,,,,18,hitl
439,2026-02-08 19:45,wholesaler_1,wholesaler,0,,,,,,108.23,13.6,,,,,,,18,hitl
439,2026-02-08 19:45,retail_1,retail,1,,,,,,,,3.75,30.0,0.0,65.5,16.5,75.0,18,hitl
440,2026-02-08 20:00,supplier_1,supplier,0,465.9,,,,,,,,,,,,,18,hitl
440,2026-02-08 20:00,farm_1,farm,0,,648.024,0.035,,,,,,,,,,,18,hitl
440,2026-02-08 20:00,slaughterhouse_1,slaughterhouse,0,,,,372.0,376.0,,,,,,,,,18,hitl
440,2026-02-08 20:00,wholesaler_1,wholesaler,0,,,,,,93.86,13.6,,,,,,,18,hitl
440,2026-02-08 20:00,retail_1,retail,1,,,,,,,,0.02,30.0,0.0,65.75,16.5,75.0,18,hitl
441,2026-02-08 20:15,supplier_1,supplier,0,464.66,,,,,,,,,,,,,18,hitl
441,2026-02-08 20:15,farm_1,farm,0,,648.024,0.035,,,,,,,,,,,18,hitl
441,2026-02-08 20:15,slaughterhouse_1,slaughterhouse,0,,,,372.0,385.64,,,,,,,,,18,hitl
441,2026-02-08 20:15,wholesaler_1,wholesaler,0,,,,,,116.01,13.6,,,,,,,18,hitl
441,2026-02-08 20:15,retail_1,retail,1,,,,,,,,12.0,30.0,1.0,66.0,16.5,75.0,18,hitl
442,2026-02-08 20:30,supplier_1,supplier,0,464.15,,,,,,,,,,,,,18,hitl
442,2026-02-08 20:30,farm_1,farm,0,,648.024,0.035,,,,,,,,,,,18,hitl
442,2026-02-08 20:30,slaughterhouse_1,slaughterhouse,0,,,,372.0,396.03,,,,,,,,,18,hitl
442,2026-02-08 20:30,wholesaler_1,wholesaler,0,,,,,,113.28,13.6,,,,,,,18,hitl
442,2026-02-08 20:30,retail_1,retail,1,,,,,,,,7.55,30.0,0.0,66.25,16.5,75.0,18,hitl
443,2026-02-08 20:45,supplier_1,supplier,0,462.83,,,,,,,,,,,,,18,hitl
443,2026-02-08 20:45,farm_1,farm,0,,648.024,0.035,,,,,,,,,,,18,hitl
443,2026-02-08 20:45,slaughterhouse_1,slaughterhouse,0,,,,372.0,400.0,,,,,,,,,18,hitl
443,2026-02-08 20:45,wholesaler_1,wholesaler,0,,,,,,111.06,13.6,,,,,,,18,hitl
443,2026-02-08 20:45,retail_1,retail,1,,,,,,,,3.03,30.0,0.0,66.5,16.5,75.0,18,hitl
444,2026-02-08 21:00,supplier_1,supplier,0,461.52,,,,,,,,,,,,,18,hitl
444,2026-02-08 21:00,farm_1,farm,0,,648.024,0.035,,,,,,,,,,,18,hitl
444,2026-02-08 21:00,slaughterhouse_1,slaughterhouse,0,,,,372.0,400.0,,,,,,,,,18,hitl
444,2026-02-08 21:00,wholesaler_1,wholesaler,0,,,,,,96.82,13.6,,,,,,,18,hitl
444,2026-02-08 21:00,retail_1,retail,1,,,,,,,,0.0,30.0,1.0,66.75,16.5,75.0,18,hitl
445,2026-02-08 21:15,supplier_1,supplier,0,460.33,,,,,,,,,,,,,18,hitl
445,2026-02-08 21:15,farm_1,farm,0,,648.024,0.035,,,,,,,,,,,18,hitl
445,2026-02-08 21:15,slaughterhouse_1,slaughterhouse,0,,,,372.0,400.0,,,,,,,,,18,hitl
445,2026-02-08 21:15,wholesaler_1,wholesaler,0,,,,,,95.2,13.6,,,,,,,18,hitl
445,2026-02-08 21:15,retail_1,retail,1,,,,,,,,12.0,30.0,1.0,67.0,16.5,75.0,18,hitl
446,2026-02-08 21:30,supplier_1,supplier,0,458.85,,,,,,,,,,,,,18,hitl
446,2026-02-08 21:30,farm_1,farm,0,,648.024,0.035,,,,,,,,,,,18,hitl
446,2026-02-08 21:30,slaughterhouse_1,slaughterhouse,0,,,,372.0,400.0,,,,,,,,,18,hitl
446,2026-02-08 21:30,wholesaler_1,wholesaler,0,,,,,,92.87,13.6,,,,,,,18,hitl
446,2026-02-08 21:30,retail_1,retail,1,,,,,,,,7.69,30.0,0.0,67.25,16.5,75.0,18,hitl
447,2026-02-08 21:45,supplier_1,supplier,0,458.16,,,,,,,,,,,,,18,hitl
447,2026-02-08 21:45,farm_1,farm,0,,648.024,0.035,,,,,,,,,,,18,hitl
447,2026-02-08 21:45,slaughterhouse_1,slaughterhouse,0,,,,372.0,400.0,,,,,,,,,18,hitl
447,2026-02-08 21:45,wholesaler_1,wholesaler,0,,,,,,90.35,13.6,,,,,,,18,hitl
447,2026-02-08 21:45,retail_1,retail,1,,,,,,,,3.82,30.0,0.0,67.5,16.5,75.0,18,hitl
448,2026-02-08 22:00,supplier_1,supplier,0,457.03,,,,,,,,,,,,,18,hitl
448,2026-02-08 22:00,farm_1,farm,0,,648.024,0.035,,,,,,,,,,,18,hitl
448,2026-02-08 22:00,slaughterhouse_1,slaughterhouse,0,,,,372.0,376.0,,,,,,,,,18,hitl
448,2026-02-08 22:00,wholesaler_1,wholesaler,1,,,,,,76.2,11.56,,,,,,,18,hitl
448,2026-02-08 22:00,retail_1,retail,1,,,,,,,,0.0,30.0,1.0,67.75,16.5,75.0,18,hitl
449,2026-02-08 22:15,supplier_1,supplier,0,456.24,,,,,,,,,,,,,18,hitl
449,2026-02-08 22:15,farm_1,farm,0,,648.024,0.035,,,,,,,,,,,18,hitl
449,2026-02-08 22:15,slaughterhouse_1,slaughterhouse,0,,,,372.0,387.09,,,,,,,,,18,hitl
449,2026-02-08 22:15,wholesaler_1,wholesaler,1,,,,,,98.24,11.56,,,,,,,18,hitl
449,2026-02-08 22:15,retail_1,retail,1,,,,,,,,12.0,30.0,1.0,68.0,16.5,75.0,18,hitl
450,2026-02-08 22:30,supplier_1,supplier,0,455.06,,,,,,,,,,,,,18,hitl
450,2026-02-08 22:30,farm_1,farm,0,,648.024,0.035,,,,,,,,,,,18,hitl
450,2026-02-08 22:30,slaughterhouse_1,slaughterhouse,0,,,,372.0,397.53,,,,,,,,,18,hitl
450,2026-02-08 22:30,wholesaler_1,wholesaler,1,,,,,,95.91,11.56,,,,,,,18,hitl
450,2026-02-08 22:30,retail_1,retail,1,,,,,,,,7.58,30.0,0.0,68.25,16.5,75.0,18,hitl
451,2026-02-08 22:45,supplier_1,supplier,0,454.21,,,,,,,,,,,,,18,hitl
451,2026-02-08 22:45,farm_1,farm,0,,648.024,0.035,,,,,,,,,,,18,hitl
451,2026-02-08 22:45,slaughterhouse_1,slaughterhouse,0,,,,372.0,400.0,,,,,,,,,18,hitl
451,2026-02-08 22:45,wholesaler_1,wholesaler,1,,,,,,92.98,11.56,,,,,,,18,hitl
451,2026-02-08 22:45,retail_1,retail,1,,,,,,,,3.61,30.0,0.0,68.5,16.5,75.0,18,hitl
452,2026-02-08 23:00,supplier_1,supplier,0,453.52,,,,,,,,,,,,,18,hitl
452,2026-02-08 23:00,farm_1,farm,0,,648.024,0.035,,,,,,,,,,,18,hitl
452,2026-02-08 23:00,slaughterhouse_1,slaughterhouse,0,,,,372.0,400.0,,,,,,,,,18,hitl
452,2026-02-08 23:00,wholesaler_1,wholesaler,1,,,,,,78.43,11.56,,,,,,,18,hitl
452,2026-02-08 23:00,retail_1,retail,1,,,,,,,,0.0,30.0,1.0,68.75,16.5,75.0,18,hitl
453,2026-02-08 23:15,supplier_1,supplier,0,452.69,,,,,,,,,,,,,18,hitl
453,2026-02-08 23:15,farm_1,farm,0,,648.024,0.035,,,,,,,,,,,18,hitl
453,2026-02-08 23:15,slaughterhouse_1,slaughterhouse,0,,,,372.0,400.0,,,,,,,,,18,hitl
453,2026-02-08 23:15,wholesaler_1,wholesaler,1,,,,,,75.7,11.56,,,,,,,18,hitl
453,2026-02-08 23:15,retail_1,retail,1,,,,,,,,12.0,30.0,1.0,69.0,16.5,75.0,18,hitl
454,2026-02-08 23:30,supplier_1,supplier,0,451.67,,,,,,,,,,,,,18,hitl
454,2026-02-08 23:30,farm_1,farm,0,,648.024,0.035,,,,,,,,,,,18,hitl
454,2026-02-08 23:30,slaughterhouse_1,slaughterhouse,0,,,,372.0,400.0,,,,,,,,,18,hitl
454,2026-02-08 23:30,wholesaler_1,wholesaler,1,,,,,,73.89,11.56,,,,,,,18,hitl
454,2026-02-08 23:30,retail_1,retail,1,,,,,,,,8.29,30.0,0.0,69.25,16.5,75.0,18,hitl
455,2026-02-08 23:45,supplier_1,supplier,0,450.53,,,,,,,,,,,,,18,hitl
455,2026-02-08 23:45,farm_1,farm,0,,648.024,0.035,,,,,,,,,,,18,hitl
455,2026-02-08 23:45,slaughterhouse_1,slaughterhouse,0,,,,372.0,400.0,,,,,,,,,18,hitl
455,2026-02-08 23:45,wholesaler_1,wholesaler,1,,,,,,70.96,11.56,,,,,,,18,hitl
455,2026-02-08 23:45,retail_1,retail,1,,,,,,,,4.01,30.0,0.0,69.5,16.5,75.0,18,hitl
456,2026-02-09 00:00,supplier_1,supplier,0,449.45,,,,,,,,,,,,,18,hitl
456,2026-02-09 00:00,farm_1,farm,0,,648.024,0.035,,,,,,,,,,,18,hitl
456,2026-02-09 00:00,slaughterhouse_1,slaughterhouse,0,,,,372.0,376.0,,,,,,,,,18,hitl
456,2026-02-09 00:00,wholesaler_1,wholesaler,1,,,,,,67.21,11.56,,,,,,,18,hitl
456,2026-02-09 00:00,retail_1,retail,0,,,,,,,,65.4,30.0,0.0,0.0,10.5,0.0,18,hitl
457,2026-02-09 00:15,supplier_1,supplier,0,447.98,,,,,,,,,,,,,18,hitl
457,2026-02-09 00:15,farm_1,farm,0,,648.024,0.035,,,,,,,,,,,18,hitl
457,2026-02-09 00:15,slaughterhouse_1,slaughterhouse,0,,,,372.0,385.54,,,,,,,,,18,hitl
457,2026-02-09 00:15,wholesaler_1,wholesaler,1,,,,,,89.14,11.56,,,,,,,18,hitl
457,2026-02-09 00:15,retail_1,retail,0,,,,,,,,64.1,30.0,0.0,0.0,10.5,0.0,18,hitl
458,2026-02-09 00:30,supplier_1,supplier,0,446.55,,,,,,,,,,,,,18,hitl
458,2026-02-09 00:30,farm_1,farm,0,,648.024,0.035,,,,,,,,,,,18,hitl
458,2026-02-09 00:30,slaughterhouse_1,slaughterhouse,0,,,,372.0,395.03,,,,,,,,,18,hitl
458,2026-02-09 00:30,wholesaler_1,wholesaler,1,,,,,,86.54,11.56,,,,,,,18,hitl
458,2026-02-09 00:30,retail_1,retail,0,,,,,,,,61.18,30.0,0.0,0.0,10.5,0.0,18,hitl
459,2026-02-09 00:45,supplier_1,supplier,0,445.38,,,,,,,,,,,,,18,hitl
459,2026-02-09 00:45,farm_1,farm,0,,648.024,0.035,,,,,,,,,,,18,hitl
459,2026-02-09 00:45,slaughterhouse_1,slaughterhouse,0,,,,372.0,400.0,,,,,,,,,18,hitl
459,2026-02-09 00:45,wholesaler_1,wholesaler,1,,,,,,83.66,11.56,,,,,,,18,hitl
459,2026-02-09 00:45,retail_1,retail,0,,,,,,,,58.73,30.0,0.0,0.0,10.5,0.0,18,hitl
460,2026-02-09 01:00,supplier_1,supplier,0,444.68,,,,,,,,,,,,,18,hitl
460,2026-02-09 01:00,farm_1,farm,0,,648.024,0.035,,,,,,,,,,,18,hitl
460,2026-02-09 01:00,slaughterhouse_1,slaughterhouse,0,,,,372.0,400.0,,,,,,,,,18,hitl
460,2026-02-09 01:00,wholesaler_1,wholesaler,1,,,,,,80.6,11.56,,,,,,,18,hitl
460,2026-02-09 01:00,retail_1,retail,0,,,,,,,,56.24,30.0,0.0,0.0,10.5,0.0,18,hitl
461,2026-02-09 01:15,supplier_1,supplier,0,443.82,,,,,,,,,,,,,18,hitl
461,2026-02-09 01:15,farm_1,farm,0,,648.024,0.035,,,,,,,,,,,18,hitl
461,2026-02-09 01:15,slaughterhouse_1,slaughterhouse,0,,,,372.0,400.0,,,,,,,,,18,hitl
461,2026-02-09 01:15,wholesaler_1,wholesaler,1,,,,,,78.17,11.56,,,,,,,18,hitl
461,2026-02-09 01:15,retail_1,retail,0,,,,,,,,54.85,30.0,0.0,0.0,10.5,0.0,18,hitl
462,2026-02-09 01:30,supplier_1,supplier,0,442.8,,,,,,,,,,,,,18,hitl
462,2026-02-09 01:30,farm_1,farm,0,,648.024,0.035,,,,,,,,,,,18,hitl
462,2026-02-09 01:30,slaughterhouse_1,slaughterhouse,0,,,,372.0,400.0,,,,,,,,,18,hitl
462,2026-02-09 01:30,wholesaler_1,wholesaler,1,,,,,,75.78,11.56,,,,,,,18,hitl
462,2026-02-09 01:30,retail_1,retail,0,,,,,,,,52.3,30.0,0.0,0.0,10.5,0.0,18,hitl
463,2026-02-09 01:45,supplier_1,supplier,0,441.89,,,,,,,,,,,,,18,hitl
463,2026-02-09 01:45,farm_1,farm,0,,648.024,0.035,,,,,,,,,,,18,hitl
463,2026-02-09 01:45,slaughterhouse_1,slaughterhouse,0,,,,372.0,400.0,,,,,,,,,18,hitl
463,2026-02-09 01:45,wholesaler_1,wholesaler,1,,,,,,74.27,11.56,,,,,,,18,hitl
463,2026-02-09 01:45,retail_1,retail,0,,,,,,,,49.94,30.0,0.0,0.0,10.5,0.0,18,hitl
464,2026-02-09 02:00,supplier_1,supplier,0,441.32,,,,,,,,,,,,,18,hitl
464,2026-02-09 02:00,farm_1,farm,0,,648.024,0.035,,,,,,,,,,,18,hitl
464,2026-02-09 02:00,slaughterhouse_1,slaughterhouse,0,,,,372.0,376.0,,,,,,,,,18,hitl
464,2026-02-09 02:00,wholesaler_1,wholesaler,1,,,,,,70.79,11.56,,,,,,,18,hitl
464,2026-02-09 02:00,retail_1,retail,0,,,,,,,,47.45,30.0,0.0,0.0,10.5,0.0,18,hitl
465,2026-02-09 02:15,supplier_1,supplier,0,440.29,,,,,,,,,,,,,18,hitl
465,2026-02-09 02:15,farm_1,farm,0,,648.024,0.035,,,,,,,,,,,18,hitl
465,2026-02-09 02:15,slaughterhouse_1,slaughterhouse,0,,,,372.0,385.88,,,,,,,,,18,hitl
465,2026-02-09 02:15,wholesaler_1,wholesaler,1,,,,,,93.15,11.56,,,,,,,18,hitl
465,2026-02-09 02:15,retail_1,retail,0,,,,,,,,46.06,30.0,0.0,0.0,10.5,0.0,18,hitl
466,2026-02-09 02:30,supplier_1,supplier,0,439.3,,,,,,,,,,,,,18,hitl
466,2026-02-09 02:30,farm_1,farm,0,,648.024,0.035,,,,,,,,,,,18,hitl
466,2026-02-09 02:30,slaughterhouse_1,slaughterhouse,0,,,,372.0,395.84,,,,,,,,,18,hitl
466,2026-02-09 02:30,wholesaler_1,wholesaler,1,,,,,,90.72,11.56,,,,,,,18,hitl
466,2026-02-09 02:30,retail_1,retail,0,,,,,,,,43.31,30.0,0.0,0.0,10.5,0.0,18,hitl
467,2026-02-09 02:45,supplier_1,supplier,0,437.9,,,,,,,,,,,,,18,hitl
467,2026-02-09 02:45,farm_1,farm,0,,648.024,0.035,,,,,,,,,,,18,hitl
467,2026-02-09 02:45,slaughterhouse_1,slaughterhouse,0,,,,372.0,400.0,,,,,,,,,18,hitl
467,2026-02-09 02:45,wholesaler_1,wholesaler,1,,,,,,89.21,11.56,,,,,,,18,hitl
467,2026-02-09 02:45,retail_1,retail,0,,,,,,,,40.69,30.0,0.0,0.0,10.5,0.0,18,hitl
468,2026-02-09 03:00,supplier_1,supplier,0,436.62,,,,,,,,,,,,,18,hitl
468,2026-02-09 03:00,farm_1,farm,1,,648.024,0.035,,,,,,,,,,,18,hitl
468,2026-02-09 03:00,slaughterhouse_1,slaughterhouse,0,,,,372.0,400.0,,,,,,,,,18,hitl
468,2026-02-09 03:00,wholesaler_1,wholesaler,1,,,,,,84.9,11.56,,,,,,,18,hitl
468,2026-02-09 03:00,retail_1,retail,0,,,,,,,,37.8,30.0,0.0,0.0,10.5,0.0,18,hitl
469,2026-02-09 03:15,supplier_1,supplier,0,436.05,,,,,,,,,,,,,18,hitl
469,2026-02-09 03:15,farm_1,farm,1,,648.024,0.035,,,,,,,,,,,18,hitl
469,2026-02-09 03:15,slaughterhouse_1,slaughterhouse,0,,,,372.0,400.0,,,,,,,,,18,hitl
469,2026-02-09 03:15,wholesaler_1,wholesaler,1,,,,,,82.67,11.56,,,,,,,18,hitl
469,2026-02-09 03:15,retail_1,retail,0,,,,,,,,36.78,30.0,0.0,0.0,10.5,0.0,18,hitl
470,2026-02-09 03:30,supplier_1,supplier,0,435.44,,,,,,,,,,,,,18,hitl
470,2026-02-09 03:30,farm_1,farm,1,,648.024,0.035,,,,,,,,,,,18,hitl
470,2026-02-09 03:30,slaughterhouse_1,slaughterhouse,0,,,,372.0,400.0,,,,,,,,,18,hitl
470,2026-02-09 03:30,wholesaler_1,wholesaler,1,,,,,,80.1,11.56,,,,,,,18,hitl
470,2026-02-09 03:30,retail_1,retail,0,,,,,,,,33.94,30.0,0.0,0.0,10.5,0.0,18,hitl
471,2026-02-09 03:45,supplier_1,supplier,0,434.4,,,,,,,,,,,,,18,hitl
471,2026-02-09 03:45,farm_1,farm,1,,648.024,0.035,,,,,,,,,,,18,hitl
471,2026-02-09 03:45,slaughterhouse_1,slaughterhouse,0,,,,372.0,400.0,,,,,,,,,18,hitl
471,2026-02-09 03:45,wholesaler_1,wholesaler,1,,,,,,77.95,11.56,,,,,,,18,hitl
471,2026-02-09 03:45,retail_1,retail,0,,,,,,,,31.17,30.0,0.0,0.0,10.5,0.0,18,hitl
472,2026-02-09 04:00,supplier_1,supplier,0,433.86,,,,,,,,,,,,,18,hitl
472,2026-02-09 04:00,farm_1,farm,1,,648.024,0.035,,,,,,,,,,,18,hitl
472,2026-02-09 04:00,slaughterhouse_1,slaughterhouse,0,,,,372.0,376.0,,,,,,,,,18,hitl
472,2026-02-09 04:00,wholesaler_1,wholesaler,1,,,,,,74.82,11.56,,,,,,,18,hitl
472,2026-02-09 04:00,retail_1,retail,0,,,,,,,,28.66,30.0,0.0,0.25,10.5,0.0,18,hitl
473,2026-02-09 04:15,supplier_1,supplier,0,432.71,,,,,,,,,,,,,18,hitl
473,2026-02-09 04:15,farm_1,farm,1,,648.024,0.035,,,,,,,,,,,18,hitl
473,2026-02-09 04:15,slaughterhouse_1,slaughterhouse,0,,,,372.0,385.82,,,,,,,,,18,hitl
473,2026-02-09 04:15,wholesaler_1,wholesaler,1,,,,,,97.05,11.56,,,,,,,18,hitl
473,2026-02-09 04:15,retail_1,retail,0,,,,,,,,26.62,30.0,0.0,0.5,10.5,0.0,18,hitl
474,2026-02-09 04:30,supplier_1,supplier,0,431.31,,,,,,,,,,,,,18,hitl
474,2026-02-09 04:30,farm_1,farm,1,,648.024,0.035,,,,,,,,,,,18,hitl
474,2026-02-09 04:30,slaughterhouse_1,slaughterhouse,0,,,,372.0,395.88,,,,,,,,,18,hitl
474,2026-02-09 04:30,wholesaler_1,wholesaler,1,,,,,,94.36,11.56,,,,,,,18,hitl
474,2026-02-09 04:30,retail_1,retail,0,,,,,,,,23.78,30.0,0.0,0.75,10.5,0.0,18,hitl
475,2026-02-09 04:45,supplier_1,supplier,0,429.83,,,,,,,,,,,,,18,hitl
475,2026-02-09 04:45,farm_1,farm,1,,648.024,0.035,,,,,,,,,,,18,hitl
475,2026-02-09 04:45,slaughterhouse_1,slaughterhouse,0,,,,372.0,400.0,,,,,,,,,18,hitl
475,2026-02-09 04:45,wholesaler_1,wholesaler,1,,,,,,91.87,11.56,,,,,,,18,hitl
475,2026-02-09 04:45,retail_1,retail,0,,,,,,,,21.2,30.0,0.0,1.0,10.5,0.0,18,hitl
476,2026-02-09 05:00,supplier_1,supplier,0,428.71,,,,,,,,,,,,,18,hitl
476,2026-02-09 05:00,farm_1,farm,1,,648.024,0.035,,,,,,,,,,,18,hitl
476,2026-02-09 05:00,slaughterhouse_1,slaughterhouse,0,,,,372.0,400.0,,,,,,,,,18,hitl
476,2026-02-09 05:00,wholesaler_1,wholesaler,1,,,,,,89.25,11.56,,,,,,,18,hitl
476,2026-02-09 05:00,retail_1,retail,0,,,,,,,,18.63,30.0,0.0,1.25,10.5,0.0,18,hitl
477,2026-02-09 05:15,supplier_1,supplier,0,427.94,,,,,,,,,,,,,18,hitl
477,2026-02-09 05:15,farm_1,farm,1,,648.024,0.035,,,,,,,,,,,18,hitl
477,2026-02-09 05:15,slaughterhouse_1,slaughterhouse,0,,,,372.0,400.0,,,,,,,,,18,hitl
477,2026-02-09 05:15,wholesaler_1,wholesaler,1,,,,,,86.43,11.56,,,,,,,18,hitl
477,2026-02-09 05:15,retail_1,retail,0,,,,,,,,16.64,30.0,0.0,1.5,10.5,0.0,18,hitl
478,2026-02-09 05:30,supplier_1,supplier,0,426.62,,,,,,,,,,,,,18,hitl
478,2026-02-09 05:30,farm_1,farm,1,,648.024,0.035,,,,,,,,,,,18,hitl
478,2026-02-09 05:30,slaughterhouse_1,slaughterhouse,0,,,,372.0,400.0,,,,,,,,,18,hitl
478,2026-02-09 05:30,wholesaler_1,wholesaler,1,,,,,,84.23,11.56,,,,,,,18,hitl
478,2026-02-09 05:30,retail_1,retail,0,,,,,,,,14.09,30.0,0.0,1.75,10.5,0.0,18,hitl
479,2026-02-09 05:45,supplier_1,supplier,0,425.49,,,,,,,,,,,,,18,hitl
479,2026-02-09 05:45,farm_1,farm,1,,648.024,0.035,,,,,,,,,,,18,hitl
479,2026-02-09 05:45,slaughterhouse_1,slaughterhouse,0,,,,372.0,400.0,,,,,,,,,18,hitl
479,2026-02-09 05:45,wholesaler_1,wholesaler,1,,,,,,82.34,11.56,,,,,,,18,hitl
479,2026-02-09 05:45,retail_1,retail,0,,,,,,,,11.36,30.0,0.0,2.0,10.5,0.0,18,hitl
