tick,timestamp,node_id,node_type,disrupted,available_supply,production_capacity,mortality_rate,processing_capacity,output_stock,inventory_level,pending_shipments,retail_inventory,safety_stock,stockout_flag,shortage_duration,sales_rate,reorder_request,scenario_id,mode
0,2026-04-07 06:00,supplier_1,supplier,0,921.75,,,,,,,,,,,,,49,hitl
0,2026-04-07 06:00,farm_1,farm,0,,772.0,0.0249,,,,,,,,,,,49,hitl
0,2026-04-07 06:00,slaughterhouse_1,slaughterhouse,0,,,,489.0,297.47,,,,,,,,,49,hitl
0,2026-04-07 06:00,wholesaler_1,wholesaler,0,,,,,,158.36,10.3,,,,,,,49,hitl
0,2026-04-07 06:00,retail_1,retail,0,,,,,,,,81.04,30.0,0.0,0.0,11.61,0.0,49,hitl
1,2026-04-07 06:15,supplier_1,supplier,0,920.93,,,,,,,,,,,,,49,hitl
1,2026-04-07 06:15,farm_1,farm,0,,772.0,0.0249,,,,,,,,,,,49,hitl
1,2026-04-07 06:15,slaughterhouse_1,slaughterhouse,0,,,,489.0,311.24,,,,,,,,,49,hitl
1,2026-04-07 06:15,wholesaler_1,wholesaler,0,,,,,,180.57,10.3,,,,,,,49,hitl
1,2026-04-07 06:15,retail_1,retail,0,,,,,,,,85.85,30.0,0.0,0.0,11.61,0.0,49,hitl
2,2026-04-07 06:30,supplier_1,supplier,0,919.54,,,,,,,,,,,,,49,hitl
2,2026-04-07 06:30,farm_1,farm,0,,772.0,0.0249,,,,,,,,,,,49,hitl
2,2026-04-07 06:30,slaughterhouse_1,slaughterhouse,0,,,,489.0,324.32,,,,,,,,,49,hitl
2,2026-04-07 06:30,wholesaler_1,wholesaler,0,,,,,,178.92,10.3,,,,,,,49,hitl
2,2026-04-07 06:30,retail_1,retail,0,,,,,,,,83.23,30.0,0.0,0.0,11.61,0.0,49,hitl
3,2026-04-07 06:45,supplier_1,supplier,0,918.18,,,,,,,,,,,,,49,hitl
3,2026-04-07 06:45,farm_1,farm,0,,772.0,0.0249,,,,,,,,,,,49,hitl
3,2026-04-07 06:45,slaughterhouse_1,slaughterhouse,0,,,,489.0,337.58,,,,,,,,,49,hitl
3,2026-04-07 06:45,wholesaler_1,wholesaler,0,,,,,,177.36,10.3,,,,,,,49,hitl
3,2026-04-07 06:45,retail_1,retail,0,,,,,,,,80.06,30.0,0.0,0.0,11.61,0.0,49,hitl
4,2026-04-07 07:00,supplier_1,supplier,0,917.17,,,,,,,,,,,,,49,hitl
4,2026-04-07 07:00,farm_1,farm,0,,772.0,0.0249,,,,,,,,,,,49,hitl
4,2026-04-07 07:00,slaughterhouse_1,slaughterhouse,0,,,,489.0,351.89,,,,,,,,,49,hitl
4,2026-04-07 07:00,wholesaler_1,wholesaler,0,,,,,,167.63,10.3,,,,,,,49,hitl
4,2026-04-07 07:00,retail_1,retail,0,,,,,,,,77.15,30.0,0.0,0.0,11.61,0.0,49,hitl
5,2026-04-07 07:15,supplier_1,supplier,0,915.77,,,,,,,,,,,,,49,hitl
5,2026-04-07 07:15,farm_1,farm,0,,772.0,0.0249,,,,,,,,,,,49,hitl
5,2026-04-07 07:15,slaughterhouse_1,slaughterhouse,0,,,,489.0,364.72,,,,,,,,,49,hitl
5,2026-04-07 07:15,wholesaler_1,wholesaler,0,,,,,,165.24,10.3,,,,,,,49,hitl
5,2026-04-07 07:15,retail_1,retail,0,,,,,,,,81.91,30.0,0.0,0.0,11.61,0.0,49,hitl
6,2026-04-07 07:30,supplier_1,supplier,0,914.86,,,,,,,,,,,,,49,hitl
6,2026-04-07 07:30,farm_1,farm,0,,772.0,0.0249,,,,,,,,,,,49,hitl
6,2026-04-07 07:30,slaughterhouse_1,slaughterhouse,0,,,,489.0,378.82,,,,,,,,,49,hitl
6,2026-04-07 07:30,wholesaler_1,wholesaler,0,,,,,,163.52,10.3,,,,,,,49,hitl
6,2026-04-07 07:30,retail_1,retail,0,,,,,,,,78.98,30.0,0.0,0.0,11.61,0.0,49,hitl
7,2026-04-07 07:45,supplier_1,supplier,0,913.74,,,,,,,,,,,,,49,hitl
7,2026-04-07 07:45,farm_1,farm,0,,772.0,0.0249,,,,,,,,,,,49,hitl
7,2026-04-07 07:45,slaughterhouse_1,slaughterhouse,0,,,,489.0,392.38,,,,,,,,,49,hitl
7,2026-04-07 07:45,wholesaler_1,wholesaler,0,,,,,,161.97,10.3,,,,,,,49,hitl
7,2026-04-07 07:45,retail_1,retail,0,,,,,,,,76.07,30.0,0.0,0.0,11.61,0.0,49,hitl
8,2026-04-07 08:00,supplier_1,supplier,0,912.96,,,,,,,,,,,,,49,hitl
8,2026-04-07 08:00,farm_1,farm,0,,772.0,0.0249,,,,,,,,,,,49,hitl
8,2026-04-07 08:00,slaughterhouse_1,slaughterhouse,0,,,,489.0,376.0,,,,,,,,,49,hitl
8,2026-04-07 08:00,wholesaler_1,wholesaler,0,,,,,,151.2,10.3,,,,,,,49,hitl
8,2026-04-07 08:00,retail_1,retail,0,,,,,,,,73.05,30.0,0.0,0.0,11.61,0.0,49,hitl
9,2026-04-07 08:15,supplier_1,supplier,0,911.51,,,,,,,,,,,,,49,hitl
9,2026-04-07 08:15,farm_1,farm,0,,772.0,0.0249,,,,,,,,,,,49,hitl
9,2026-04-07 08:15,slaughterhouse_1,slaughterhouse,0,,,,489.0,389.77,,,,,,,,,49,hitl
9,2026-04-07 08:15,wholesaler_1,wholesaler,0,,,,,,173.48,10.3,,,,,,,49,hitl
9,2026-04-07 08:15,retail_1,retail,0,,,,,,,,78.16,30.0,0.0,0.0,11.61,0.0,49,hitl
10,2026-04-07 08:30,supplier_1,supplier,0,910.46,,,,,,,,,,,,,49,hitl
10,2026-04-07 08:30,farm_1,farm,0,,772.0,0.0249,,,,,,,,,,,49,hitl
10,2026-04-07 08:30,slaughterhouse_1,slaughterhouse,0,,,,489.0,400.0,,,,,,,,,49,hitl
10,2026-04-07 08:30,wholesaler_1,wholesaler,0,,,,,,170.83,10.3,,,,,,,49,hitl
10,2026-04-07 08:30,retail_1,retail,0,,,,,,,,75.02,30.0,0.0,0.0,11.61,0.0,49,hitl
11,2026-04-07 08:45,supplier_1,supplier,0,909.49,,,,,,,,,,,,,49,hitl
11,2026-04-07 08:45,farm_1,farm,0,,772.0,0.0249,,,,,,,,,,,49,hitl
11,2026-04-07 08:45,slaughterhouse_1,slaughterhouse,0,,,,489.0,400.0,,,,,,,,,49,hitl
11,2026-04-07 08:45,wholesaler_1,wholesaler,0,,,,,,169.01,10.3,,,,,,,49,hitl
11,2026-04-07 08:45,retail_1,retail,0,,,,,,,,72.32,30.0,0.0,0.0,11.61,0.0,49,hitl
12,2026-04-07 09:00,supplier_1,supplier,0,908.31,,,,,,,,,,,,,49,hitl
12,2026-04-07 09:00,farm_1,farm,0,,772.0,0.0249,,,,,,,,,,,49,hitl
12,2026-04-07 09:00,slaughterhouse_1,slaughterhouse,0,,,,489.0,400.0,,,,,,,,,49,hitl
12,2026-04-07 09:00,wholesaler_1,wholesaler,0,,,,,,159.18,10.3,,,,,,,49,hitl
12,2026-04-07 09:00,retail_1,retail,0,,,,,,,,69.48,30.0,0.0,0.0,11.61,0.0,49,hitl
13,2026-04-07 09:15,supplier_1,supplier,0,907.31,,,,,,,,,,,,,49,hitl
13,2026-04-07 09:15,farm_1,farm,0,,772.0,0.0249,,,,,,,,,,,49,hitl
13,2026-04-07 09:15,slaughterhouse_1,slaughterhouse,0,,,,489.0,400.0,,,,,,,,,49,hitl
13,2026-04-07 09:15,wholesaler_1,wholesaler,0,,,,,,157.19,10.3,,,,,,,49,hitl
13,2026-04-07 09:15,retail_1,retail,0,,,,,,,,74.7,30.0,0.0,0.0,11.61,0.0,49,hitl
14,2026-04-07 09:30,supplier_1,supplier,0,906.55,,,,,,,,,,,,,49,hitl
14,2026-04-07 09:30,farm_1,farm,0,,772.0,0.0249,,,,,,,,,,,49,hitl
14,2026-04-07 09:30,slaughterhouse_1,slaughterhouse,0,,,,489.0,400.0,,,,,,,,,49,hitl
14,2026-04-07 09:30,wholesaler_1,wholesaler,0,,,,,,154.8,10.3,,,,,,,49,hitl
14,2026-04-07 09:30,retail_1,retail,0,,,,,,,,71.88,30.0,0.0,0.0,11.61,0.0,49,hitl
15,2026-04-07 09:45,supplier_1,supplier,0,905.37,,,,,,,,,,,,,49,hitl
15,2026-04-07 09:45,farm_1,farm,0,,772.0,0.0249,,,,,,,,,,,49,hitl
15,2026-04-07 09:45,slaughterhouse_1,slaughterhouse,0,,,,489.0,400.0,,,,,,,,,49,hitl
15,2026-04-07 09:45,wholesaler_1,wholesaler,0,,,,,,152.13,10.3,,,,,,,49,hitl
15,2026-04-07 09:45,retail_1,retail,0,,,,,,,,69.04,30.0,0.0,0.0,11.61,0.0,49,hitl
16,2026-04-07 10:00,supplier_1,supplier,0,904.32,,,,,,,,,,,,,49,hitl
16,2026-04-07 10:00,farm_1,farm,0,,772.0,0.0249,,,,,,,,,,,49,hitl
16,2026-04-07 10:00,slaughterhouse_1,slaughterhouse,0,,,,489.0,376.0,,,,,,,,,49,hitl
16,2026-04-07 10:00,wholesaler_1,wholesaler,0,,,,,,142.58,10.3,,,,,,,49,hitl
16,2026-04-07 10:00,retail_1,retail,0,,,,,,,,66.26,30.0,0.0,0.0,11.61,0.0,49,hitl
17,2026-04-07 10:15,supplier_1,supplier,0,903.63,,,,,,,,,,,,,49,hitl
17,2026-04-07 10:15,farm_1,farm,0,,772.0,0.0249,,,,,,,,,,,49,hitl
17,2026-04-07 10:15,slaughterhouse_1,slaughterhouse,0,,,,489.0,389.97,,,,,,,,,49,hitl
17,2026-04-07 10:15,wholesaler_1,wholesaler,0,,,,,,165.02,10.3,,,,,,,49,hitl
17,2026-04-07 10:15,retail_1,retail,0,,,,,,,,71.27,30.0,0.0,0.0,11.61,0.0,49,hitl
18,2026-04-07 10:30,supplier_1,supplier,0,902.39,,,,,,,,,,,,,49,hitl
18,2026-04-07 10:30,farm_1,farm,0,,772.0,0.0249,,,,,,,,,,,49,hitl
18,2026-04-07 10:30,slaughterhouse_1,slaughterhouse,0,,,,489.0,400.0,,,,,,,,,49,hitl
18,2026-04-07 10:30,wholesaler_1,wholesaler,0,,,,,,162.53,10.3,,,,,,,49,hitl
18,2026-04-07 10:30,retail_1,retail,0,,,,,,,,68.51,30.0,0.0,0.0,11.61,0.0,49,hitl
19,2026-04-07 10:45,supplier_1,supplier,0,901.06,,,,,,,,,,,,,49,hitl
19,2026-04-07 10:45,farm_1,farm,0,,772.0,0.0249,,,,,,,,,,,49,hitl
19,2026-04-07 10:45,slaughterhouse_1,slaughterhouse,0,,,,489.0,400.0,,,,,,,,,49,hitl
19,2026-04-07 10:45,wholesaler_1,wholesaler,0,,,,,,159.93,10.3,,,,,,,49,hitl
19,2026-04-07 10:45,retail_1,retail,0,,,,,,,,65.85,30.0,0.0,0.0,11.61,0.0,49,hitl
20,2026-04-07 11:00,supplier_1,supplier,0,899.86,,,,,,,,,,,,,49,hitl
20,2026-04-07 11:00,farm_1,farm,0,,772.0,0.0249,,,,,,,,,,,49,hitl
20,2026-04-07 11:00,slaughterhouse_1,slaughterhouse,0,,,,489.0,400.0,,,,,,,,,49,hitl
20,2026-04-07 11:00,wholesaler_1,wholesaler,0,,,,,,150.35,10.3,,,,,,,49,hitl
20,2026-04-07 11:00,retail_1,retail,0,,,,,,,,63.1,30.0,0.0,0.0,11.61,0.0,49,hitl
21,2026-04-07 11:15,supplier_1,supplier,0,898.92,,,,,,,,,,,,,49,hitl
21,2026-04-07 11:15,farm_1,farm,0,,772.0,0.0249,,,,,,,,,,,49,hitl
21,2026-04-07 11:15,slaughterhouse_1,slaughterhouse,0,,,,489.0,400.0,,,,,,,,,49,hitl
21,2026-04-07 11:15,wholesaler_1,wholesaler,0,,,,,,147.79,10.3,,,,,,,49,hitl
21,2026-04-07 11:15,retail_1,retail,0,,,,,,,,68.12,30.0,0.0,0.0,11.61,0.0,49,hitl
22,2026-04-07 11:30,supplier_1,supplier,0,898.13,,,,,,,,,,,,,49,hitl
22,2026-04-07 11:30,farm_1,farm,0,,772.0,0.0249,,,,,,,,,,,49,hitl
22,2026-04-07 11:30,slaughterhouse_1,slaughterhouse,0,,,,489.0,400.0,,,,,,,,,49,hitl
22,2026-04-07 11:30,wholesaler_1,wholesaler,0,,,,,,145.66,10.3,,,,,,,49,hitl
22,2026-04-07 11:30,retail_1,retail,0,,,,,,,,65.56,30.0,0.0,0.0,11.61,0.0,49,hitl
23,2026-04-07 11:45,supplier_1,supplier,0,896.87,,,,,,,,,,,,,49,hitl
23,2026-04-07 11:45,farm_1,farm,0,,772.0,0.0249,,,,,,,,,,,49,hitl
23,2026-04-07 11:45,slaughterhouse_1,slaughterhouse,0,,,,489.0,400.0,,,,,,,,,49,hitl
23,2026-04-07 11:45,wholesaler_1,wholesaler,0,,,,,,142.99,10.3,,,,,,,49,hitl
23,2026-04-07 11:45,retail_1,retail,0,,,,,,,,62.9,30.0,0.0,0.0,11.61,0.0,49,hitl
24,2026-04-07 12:00,supplier_1,supplier,0,896.24,,,,,,,,,,,,,49,hitl
24,2026-04-07 12:00,farm_1,farm,0,,772.0,0.0249,,,,,,,,,,,49,hitl
24,2026-04-07 12:00,slaughterhouse_1,slaughterhouse,0,,,,489.0,376.0,,,,,,,,,49,hitl
24,2026-04-07 12:00,wholesaler_1,wholesaler,0,,,,,,132.98,10.3,,,,,,,49,hitl
24,2026-04-07 12:00,retail_1,retail,0,,,,,,,,60.01,30.0,0.0,0.0,11.61,0.0,49,hitl
25,2026-04-07 12:15,supplier_1,supplier,0,895.34,,,,,,,,,,,,,49,hitl
25,2026-04-07 12:15,farm_1,farm,0,,772.0,0.0249,,,,,,,,,,,49,hitl
25,2026-04-07 12:15,slaughterhouse_1,slaughterhouse,0,,,,489.0,390.58,,,,,,,,,49,hitl
25,2026-04-07 12:15,wholesaler_1,wholesaler,0,,,,,,154.98,10.3,,,,,,,49,hitl
25,2026-04-07 12:15,retail_1,retail,0,,,,,,,,65.21,30.0,0.0,0.0,11.61,0.0,49,hitl
26,2026-04-07 12:30,supplier_1,supplier,0,894.76,,,,,,,,,,,,,49,hitl
26,2026-04-07 12:30,farm_1,farm,0,,772.0,0.0249,,,,,,,,,,,49,hitl
26,2026-04-07 12:30,slaughterhouse_1,slaughterhouse,0,,,,489.0,400.0,,,,,,,,,49,hitl
26,2026-04-07 12:30,wholesaler_1,wholesaler,0,,,,,,152.25,10.3,,,,,,,49,hitl
26,2026-04-07 12:30,retail_1,retail,0,,,,,,,,62.49,30.0,0.0,0.0,11.61,0.0,49,hitl
27,2026-04-07 12:45,supplier_1,supplier,0,894.04,,,,,,,,,,,,,49,hitl
27,2026-04-07 12:45,farm_1,farm,0,,772.0,0.0249,,,,,,,,,,,49,hitl
27,2026-04-07 12:45,slaughterhouse_1,slaughterhouse,0,,,,489.0,400.0,,,,,,,,,49,hitl
27,2026-04-07 12:45,wholesaler_1,wholesaler,0,,,,,,150.35,10.3,,,,,,,49,hitl
27,2026-04-07 12:45,retail_1,retail,0,,,,,,,,59.91,30.0,0.0,0.0,11.61,0.0,49,hitl
28,2026-04-07 13:00,supplier_1,supplier,0,892.7,,,,,,,,,,,,,49,hitl
28,2026-04-07 13:00,farm_1,farm,0,,772.0,0.0249,,,,,,,,,,,49,hitl
28,2026-04-07 13:00,slaughterhouse_1,slaughterhouse,0,,,,489.0,400.0,,,,,,,,,49,hitl
28,2026-04-07 13:00,wholesaler_1,wholesaler,0,,,,,,139.77,10.3,,,,,,,49,hitl
28,2026-04-07 13:00,retail_1,retail,0,,,,,,,,56.9,30.0,0.0,0.0,11.61,0.0,49,hitl
29,2026-04-07 13:15,supplier_1,supplier,0,892.18,,,,,,,,,,,,,49,hitl
29,2026-04-07 13:15,farm_1,farm,0,,772.0,0.0249,,,,,,,,,,,49,hitl
29,2026-04-07 13:15,slaughterhouse_1,slaughterhouse,0,,,,489.0,400.0,,,,,,,,,49,hitl
29,2026-04-07 13:15,wholesaler_1,wholesaler,0,,,,,,137.04,10.3,,,,,,,49,hitl
29,2026-04-07 13:15,retail_1,retail,0,,,,,,,,61.87,30.0,0.0,0.0,11.61,0.0,49,hitl
30,2026-04-07 13:30,supplier_1,supplier,0,891.43,,,,,,,,,,,,,49,hitl
30,2026-04-07 13:30,farm_1,farm,0,,772.0,0.0249,,,,,,,,,,,49,hitl
30,2026-04-07 13:30,slaughterhouse_1,slaughterhouse,0,,,,489.0,400.0,,,,,,,,,49,hitl
30,2026-04-07 13:30,wholesaler_1,wholesaler,0,,,,,,135.49,10.3,,,,,,,49,hitl
30,2026-04-07 13:30,retail_1,retail,0,,,,,,,,58.87,30.0,0.0,0.0,11.61,0.0,49,hitl
31,2026-04-07 13:45,supplier_1,supplier,0,890.13,,,,,,,,,,,,,49,hitl
31,2026-04-07 13:45,farm_1,farm,0,,772.0,0.0249,,,,,,,,,,,49,hitl
31,2026-04-07 13:45,slaughterhouse_1,slaughterhouse,0,,,,489.0,400.0,,,,,,,,,49,hitl
31,2026-04-07 13:45,wholesaler_1,wholesaler,0,,,,,,133.54,10.3,,,,,,,49,hitl
31,2026-04-07 13:45,retail_1,retail,0,,,,,,,,55.83,30.0,0.0,0.0,11.61,0.0,49,hitl
32,2026-04-07 14:00,supplier_1,supplier,0,888.86,,,,,,,,,,,,,49,hitl
32,2026-04-07 14:00,farm_1,farm,0,,772.0,0.0249,,,,,,,,,,,49,hitl
32,2026-04-07 14:00,slaughterhouse_1,slaughterhouse,0,,,,489.0,376.0,,,,,,,,,49,hitl
32,2026-04-07 14:00,wholesaler_1,wholesaler,0,,,,,,123.15,10.3,,,,,,,49,hitl
32,2026-04-07 14:00,retail_1,retail,0,,,,,,,,52.64,30.0,0.0,0.0,11.61,0.0,49,hitl
33,2026-04-07 14:15,supplier_1,supplier,0,887.75,,,,,,,,,,,,,49,hitl
33,2026-04-07 14:15,farm_1,farm,0,,772.0,0.0249,,,,,,,,,,,49,hitl
33,2026-04-07 14:15,slaughterhouse_1,slaughterhouse,0,,,,489.0,389.68,,,,,,,,,49,hitl
33,2026-04-07 14:15,wholesaler_1,wholesaler,0,,,,,,145.07,10.3,,,,,,,49,hitl
33,2026-04-07 14:15,retail_1,retail,0,,,,,,,,57.65,30.0,0.0,0.0,11.61,0.0,49,hitl
34,2026-04-07 14:30,supplier_1,supplier,0,886.83,,,,,,,,,,,,,49,hitl
34,2026-04-07 14:30,farm_1,farm,0,,772.0,0.0249,,,,,,,,,,,49,hitl
34,2026-04-07 14:30,slaughterhouse_1,slaughterhouse,0,,,,489.0,400.0,,,,,,,,,49,hitl
34,2026-04-07 14:30,wholesaler_1,wholesaler,0,,,,,,142.11,10.3,,,,,,,49,hitl
34,2026-04-07 14:30,retail_1,retail,0,,,,,,,,54.93,30.0,0.0,0.0,11.61,0.0,49,hitl
35,2026-04-07 14:45,supplier_1,supplier,0,886.09,,,,,,,,,,,,,49,hitl
35,2026-04-07 14:45,farm_1,farm,0,,772.0,0.0249,,,,,,,,,,,49,hitl
35,2026-04-07 14:45,slaughterhouse_1,slaughterhouse,0,,,,489.0,400.0,,,,,,,,,49,hitl
35,2026-04-07 14:45,wholesaler_1,wholesaler,0,,,,,,139.75,10.3,,,,,,,49,hitl
35,2026-04-07 14:45,retail_1,retail,0,,,,,,,,51.99,30.0,0.0,0.0,11.61,0.0,49,hitl
36,2026-04-07 15:00,supplier_1,supplier,0,884.83,,,,,,,,,,,,,49,hitl
36,2026-04-07 15:00,farm_1,farm,1,,772.0,0.0249,,,,,,,,,,,49,hitl
36,2026-04-07 15:00,slaughterhouse_1,slaughterhouse,0,,,,391.2,400.0,,,,,,,,,49,hitl
36,2026-04-07 15:00,wholesaler_1,wholesaler,0,,,,,,129.33,10.3,,,,,,,49,hitl
36,2026-04-07 15:00,retail_1,retail,0,,,,,,,,49.25,30.0,0.0,0.0,11.61,20.0,49,hitl
37,2026-04-07 15:15,supplier_1,supplier,0,883.99,,,,,,,,,,,,,49,hitl
37,2026-04-07 15:15,farm_1,farm,1,,772.0,0.0249,,,,,,,,,,,49,hitl
37,2026-04-07 15:15,slaughterhouse_1,slaughterhouse,0,,,,391.2,400.0,,,,,,,,,49,hitl
37,2026-04-07 15:15,wholesaler_1,wholesaler,0,,,,,,126.53,10.3,,,,,,,49,hitl
37,2026-04-07 15:15,retail_1,retail,0,,,,,,,,54.05,30.0,0.0,0.0,11.61,20.0,49,hitl
38,2026-04-07 15:30,supplier_1,supplier,0,882.8,,,,,,,,,,,,,49,hitl
38,2026-04-07 15:30,farm_1,farm,1,,772.0,0.0249,,,,,,,,,,,49,hitl
38,2026-04-07 15:30,slaughterhouse_1,slaughterhouse,0,,,,391.2,400.0,,,,,,,,,49,hitl
38,2026-04-07 15:30,wholesaler_1,wholesaler,0,,,,,,124.79,10.3,,,,,,,49,hitl
38,2026-04-07 15:30,retail_1,retail,0,,,,,,,,50.82,30.0,0.0,0.0,11.61,20.0,49,hitl
39,2026-04-07 15:45,supplier_1,supplier,0,881.39,,,,,,,,,,,,,49,hitl
39,2026-04-07 15:45,farm_1,farm,1,,772.0,0.0249,,,,,,,,,,,49,hitl
39,2026-04-07 15:45,slaughterhouse_1,slaughterhouse,0,,,,391.2,400.0,,,,,,,,,49,hitl
39,2026-04-07 15:45,wholesaler_1,wholesaler,0,,,,,,122.98,10.3,,,,,,,49,hitl
39,2026-04-07 15:45,retail_1,retail,0,,,,,,,,47.82,30.0,0.0,0.0,11.61,20.0,49,hitl
40,2026-04-07 16:00,supplier_1,supplier,0,880.2,,,,,,,,,,,,,49,hitl
40,2026-04-07 16:00,farm_1,farm,1,,772.0,0.0249,,,,,,,,,,,49,hitl
40,2026-04-07 16:00,slaughterhouse_1,slaughterhouse,0,,,,391.2,376.0,,,,,,,,,49,hitl
40,2026-04-07 16:00,wholesaler_1,wholesaler,0,,,,,,113.65,10.3,,,,,,,49,hitl
40,2026-04-07 16:00,retail_1,retail,0,,,,,,,,44.6,30.0,0.0,0.0,11.61,20.0,49,hitl
41,2026-04-07 16:15,supplier_1,supplier,0,879.03,,,,,,,,,,,,,49,hitl
41,2026-04-07 16:15,farm_1,farm,1,,772.0,0.0249,,,,,,,,,,,49,hitl
41,2026-04-07 16:15,slaughterhouse_1,slaughterhouse,0,,,,391.2,387.63,,,,,,,,,49,hitl
41,2026-04-07 16:15,wholesaler_1,wholesaler,0,,,,,,135.6,10.3,,,,,,,49,hitl
41,2026-04-07 16:15,retail_1,retail,0,,,,,,,,49.27,30.0,0.0,0.0,11.61,20.0,49,hitl
42,2026-04-07 16:30,supplier_1,supplier,0,878.16,,,,,,,,,,,,,49,hitl
42,2026-04-07 16:30,farm_1,farm,1,,772.0,0.0249,,,,,,,,,,,49,hitl
42,2026-04-07 16:30,slaughterhouse_1,slaughterhouse,0,,,,391.2,398.01,,,,,,,,,49,hitl
42,2026-04-07 16:30,wholesaler_1,wholesaler,0,,,,,,133.28,10.3,,,,,,,49,hitl
42,2026-04-07 16:30,retail_1,retail,0,,,,,,,,46.16,30.0,0.0,0.0,11.61,20.0,49,hitl
43,2026-04-07 16:45,supplier_1,supplier,0,877.32,,,,,,,,,,,,,49,hitl
43,2026-04-07 16:45,farm_1,farm,1,,772.0,0.0249,,,,,,,,,,,49,hitl
43,2026-04-07 16:45,slaughterhouse_1,slaughterhouse,0,,,,391.2,400.0,,,,,,,,,49,hitl
43,2026-04-07 16:45,wholesaler_1,wholesaler,0,,,,,,130.7,10.3,,,,,,,49,hitl
43,2026-04-07 16:45,retail_1,retail,0,,,,,,,,43.28,30.0,0.0,0.0,11.61,20.0,49,hitl
44,2026-04-07 17:00,supplier_1,supplier,0,876.42,,,,,,,,,,,,,49,hitl
44,2026-04-07 17:00,farm_1,farm,1,,772.0,0.0249,,,,,,,,,,,49,hitl
44,2026-04-07 17:00,slaughterhouse_1,slaughterhouse,0,,,,391.2,400.0,,,,,,,,,49,hitl
44,2026-04-07 17:00,wholesaler_1,wholesaler,0,,,,,,121.62,10.3,,,,,,,49,hitl
44,2026-04-07 17:00,retail_1,retail,0,,,,,,,,40.3,30.0,0.0,0.0,11.61,20.0,49,hitl
45,2026-04-07 17:15,supplier_1,supplier,0,875.0,,,,,,,,,,,,,49,hitl
45,2026-04-07 17:15,farm_1,farm,1,,772.0,0.0249,,,,,,,,,,,49,hitl
45,2026-04-07 17:15,slaughterhouse_1,slaughterhouse,0,,,,391.2,400.0,,,,,,,,,49,hitl
45,2026-04-07 17:15,wholesaler_1,wholesaler,0,,,,,,118.95,10.3,,,,,,,49,hitl
45,2026-04-07 17:15,retail_1,retail,0,,,,,,,,44.9,30.0,0.0,0.0,11.61,20.0,49,hitl
46,2026-04-07 17:30,supplier_1,supplier,0,874.39,,,,,,,,,,,,,49,hitl
46,2026-04-07 17:30,farm_1,farm,1,,772.0,0.0249,,,,,,,,,,,49,hitl
46,2026-04-07 17:30,slaughterhouse_1,slaughterhouse,0,,,,391.2,400.0,,,,,,,,,49,hitl
46,2026-04-07 17:30,wholesaler_1,wholesaler,0,,,,,,117.17,10.3,,,,,,,49,hitl
46,2026-04-07 17:30,retail_1,retail,0,,,,,,,,41.79,30.0,0.0,0.0,11.61,20.0,49,hitl
47,2026-04-07 17:45,supplier_1,supplier,0,873.11,,,,,,,,,,,,,49,hitl
47,2026-04-07 17:45,farm_1,farm,1,,772.0,0.0249,,,,,,,,,,,49,hitl
47,2026-04-07 17:45,slaughterhouse_1,slaughterhouse,0,,,,391.2,400.0,,,,,,,,,49,hitl
47,2026-04-07 17:45,wholesaler_1,wholesaler,0,,,,,,114.58,10.3,,,,,,,49,hitl
47,2026-04-07 17:45,retail_1,retail,0,,,,,,,,38.86,30.0,0.0,0.0,11.61,20.0,49,hitl
48,2026-04-07 18:00,supplier_1,supplier,0,871.85,,,,,,,,,,,,,49,hitl
48,2026-04-07 18:00,farm_1,farm,1,,772.0,0.0249,,,,,,,,,,,49,hitl
48,2026-04-07 18:00,slaughterhouse_1,slaughterhouse,0,,,,391.2,376.0,,,,,,,,,49,hitl
48,2026-04-07 18:00,wholesaler_1,wholesaler,0,,,,,,104.53,10.3,,,,,,,49,hitl
48,2026-04-07 18:00,retail_1,retail,0,,,,,,,,35.85,30.0,0.0,0.0,11.61,20.0,49,hitl
49,2026-04-07 18:15,supplier_1,supplier,0,871.05,,,,,,,,,,,,,49,hitl
49,2026-04-07 18:15,farm_1,farm,1,,772.0,0.0249,,,,,,,,,,,49,hitl
49,2026-04-07 18:15,slaughterhouse_1,slaughterhouse,0,,,,391.2,386.25,,,,,,,,,49,hitl
49,2026-04-07 18:15,wholesaler_1,wholesaler,0,,,,,,125.81,10.3,,,,,,,49,hitl
49,2026-04-07 18:15,retail_1,retail,0,,,,,,,,40.25,30.0,0.0,0.0,11.61,20.0,49,hitl
50,2026-04-07 18:30,supplier_1,supplier,0,870.26,,,,,,,,,,,,,49,hitl
50,2026-04-07 18:30,farm_1,farm,1,,772.0,0.0249,,,,,,,,,,,49,hitl
50,2026-04-07 18:30,slaughterhouse_1,slaughterhouse,0,,,,391.2,396.55,,,,,,,,,49,hitl
50,2026-04-07 18:30,wholesaler_1,wholesaler,0,,,,,,122.9,10.3,,,,,,,49,hitl
50,2026-04-07 18:30,retail_1,retail,0,,,,,,,,37.18,30.0,0.0,0.0,11.61,20.0,49,hitl
51,2026-04-07 18:45,supplier_1,supplier,0,869.31,,,,,,,,,,,,,49,hitl
51,2026-04-07 18:45,farm_1,farm,1,,772.0,0.0249,,,,,,,,,,,49,hitl
51,2026-04-07 18:45,slaughterhouse_1,slaughterhouse,0,,,,391.2,400.0,,,,,,,,,49,hitl
51,2026-04-07 18:45,wholesaler_1,wholesaler,0,,,,,,120.38,10.3,,,,,,,49,hitl
51,2026-04-07 18:45,retail_1,retail,0,,,,,,,,34.36,30.0,0.0,0.0,11.61,20.0,49,hitl
52,2026-04-07 19:00,supplier_1,supplier,0,868.24,,,,,,,,,,,,,49,hitl
52,2026-04-07 19:00,farm_1,farm,1,,772.0,0.0249,,,,,,,,,,,49,hitl
52,2026-04-07 19:00,slaughterhouse_1,slaughterhouse,0,,,,391.2,400.0,,,,,,,,,49,hitl
52,2026-04-07 19:00,wholesaler_1,wholesaler,0,,,,,,110.49,10.3,,,,,,,49,hitl
52,2026-04-07 19:00,retail_1,retail,0,,,,,,,,31.62,30.0,0.0,0.0,11.61,20.0,49,hitl
53,2026-04-07 19:15,supplier_1,supplier,0,866.97,,,,,,,,,,,,,49,hitl
53,2026-04-07 19:15,farm_1,farm,1,,772.0,0.0249,,,,,,,,,,,49,hitl
53,2026-04-07 19:15,slaughterhouse_1,slaughterhouse,0,,,,391.2,400.0,,,,,,,,,49,hitl
53,2026-04-07 19:15,wholesaler_1,wholesaler,0,,,,,,108.61,10.3,,,,,,,49,hitl
53,2026-04-07 19:15,retail_1,retail,0,,,,,,,,35.99,30.0,0.0,0.25,11.61,20.0,49,hitl
54,2026-04-07 19:30,supplier_1,supplier,0,866.25,,,,,,,,,,,,,49,hitl
54,2026-04-07 19:30,farm_1,farm,1,,772.0,0.0249,,,,,,,,,,,49,hitl
54,2026-04-07 19:30,slaughterhouse_1,slaughterhouse,0,,,,391.2,400.0,,,,,,,,,49,hitl
54,2026-04-07 19:30,wholesaler_1,wholesaler,0,,,,,,106.09,10.3,,,,,,,49,hitl
54,2026-04-07 19:30,retail_1,retail,0,,,,,,,,32.96,30.0,0.0,0.0,11.61,20.0,49,hitl
55,2026-04-07 19:45,supplier_1,supplier,0,864.98,,,,,,,,,,,,,49,hitl
55,2026-04-07 19:45,farm_1,farm,1,,772.0,0.0249,,,,,,,,,,,49,hitl
55,2026-04-07 19:45,slaughterhouse_1,slaughterhouse,0,,,,391.2,400.0,,,,,,,,,49,hitl
55,2026-04-07 19:45,wholesaler_1,wholesaler,0,,,,,,103.38,10.3,,,,,,,49,hitl
55,2026-04-07 19:45,retail_1,retail,0,,,,,,,,30.35,30.0,0.0,0.0,11.61,20.0,49,hitl
56,2026-04-07 20:00,supplier_1,supplier,0,863.96,,,,,,,,,,,,,49,hitl
56,2026-04-07 20:00,farm_1,farm,1,,772.0,0.0249,,,,,,,,,,,49,hitl
56,2026-04-07 20:00,slaughterhouse_1,slaughterhouse,0,,,,391.2,376.0,,,,,,,,,49,hitl
56,2026-04-07 20:00,wholesaler_1,wholesaler,0,,,,,,94.56,10.3,,,,,,,49,hitl
56,2026-04-07 20:00,retail_1,retail,0,,,,,,,,27.16,30.0,0.0,0.25,11.61,20.0,49,hitl
57,2026-04-07 20:15,supplier_1,supplier,0,863.37,,,,,,,,,,,,,49,hitl
57,2026-04-07 20:15,farm_1,farm,1,,499.0,0.095,,,,,,,,,,,49,hitl
57,2026-04-07 20:15,slaughterhouse_1,slaughterhouse,0,,,,391.2,386.74,,,,,,,,,49,hitl
57,2026-04-07 20:15,wholesaler_1,wholesaler,0,,,,,,115.56,10.3,,,,,,,49,hitl
57,2026-04-07 20:15,retail_1,retail,0,,,,,,,,31.63,30.0,0.0,0.5,11.61,20.0,49,hitl
58,2026-04-07 20:30,supplier_1,supplier,0,861.92,,,,,,,,,,,,,49,hitl
58,2026-04-07 20:30,farm_1,farm,1,,499.0,0.095,,,,,,,,,,,49,hitl
58,2026-04-07 20:30,slaughterhouse_1,slaughterhouse,0,,,,391.2,398.13,,,,,,,,,49,hitl
58,2026-04-07 20:30,wholesaler_1,wholesaler,0,,,,,,113.52,10.3,,,,,,,49,hitl
58,2026-04-07 20:30,retail_1,retail,0,,,,,,,,28.46,30.0,0.0,0.75,11.61,20.0,49,hitl
59,2026-04-07 20:45,supplier_1,supplier,0,861.25,,,,,,,,,,,,,49,hitl
59,2026-04-07 20:45,farm_1,farm,1,,499.0,0.095,,,,,,,,,,,49,hitl
59,2026-04-07 20:45,slaughterhouse_1,slaughterhouse,0,,,,391.2,400.0,,,,,,,,,49,hitl
59,2026-04-07 20:45,wholesaler_1,wholesaler,0,,,,,,111.85,10.3,,,,,,,49,hitl
59,2026-04-07 20:45,retail_1,retail,0,,,,,,,,25.85,30.0,0.0,1.0,11.61,20.0,49,hitl
60,2026-04-07 21:00,supplier_1,supplier,0,860.23,,,,,,,,,,,,,49,hitl
60,2026-04-07 21:00,farm_1,farm,1,,499.0,0.095,,,,,,,,,,,49,hitl
60,2026-04-07 21:00,slaughterhouse_1,slaughterhouse,0,,,,391.2,400.0,,,,,,,,,49,hitl
60,2026-04-07 21:00,wholesaler_1,wholesaler,0,,,,,,101.62,10.3,,,,,,,49,hitl
60,2026-04-07 21:00,retail_1,retail,0,,,,,,,,23.27,30.0,0.0,1.25,11.61,20.0,49,hitl
61,2026-04-07 21:15,supplier_1,supplier,0,859.18,,,,,,,,,,,,,49,hitl
61,2026-04-07 21:15,farm_1,farm,1,,499.0,0.095,,,,,,,,,,,49,hitl
61,2026-04-07 21:15,slaughterhouse_1,slaughterhouse,0,,,,391.2,400.0,,,,,,,,,49,hitl
61,2026-04-07 21:15,wholesaler_1,wholesaler,0,,,,,,99.31,10.3,,,,,,,49,hitl
61,2026-04-07 21:15,retail_1,retail,0,,,,,,,,27.94,30.0,0.0,1.5,11.61,20.0,49,hitl
62,2026-04-07 21:30,supplier_1,supplier,0,858.24,,,,,,,,,,,,,49,hitl
62,2026-04-07 21:30,farm_1,farm,1,,499.0,0.095,,,,,,,,,,,49,hitl
62,2026-04-07 21:30,slaughterhouse_1,slaughterhouse,0,,,,391.2,400.0,,,,,,,,,49,hitl
62,2026-04-07 21:30,wholesaler_1,wholesaler,0,,,,,,97.03,10.3,,,,,,,49,hitl
62,2026-04-07 21:30,retail_1,retail,0,,,,,,,,24.86,30.0,0.0,1.75,11.61,20.0,49,hitl
63,2026-04-07 21:45,supplier_1,supplier,0,857.44,,,,,,,,,,,,,49,hitl
63,2026-04-07 21:45,farm_1,farm,1,,499.0,0.095,,,,,,,,,,,49,hitl
63,2026-04-07 21:45,slaughterhouse_1,slaughterhouse,0,,,,391.2,400.0,,,,,,,,,49,hitl
63,2026-04-07 21:45,wholesaler_1,wholesaler,0,,,,,,95.5,10.3,,,,,,,49,hitl
63,2026-04-07 21:45,retail_1,retail,0,,,,,,,,22.01,30.0,0.0,2.0,11.61,20.0,49,hitl
64,2026-04-07 22:00,supplier_1,supplier,0,856.56,,,,,,,,,,,,,49,hitl
64,2026-04-07 22:00,farm_1,farm,1,,523.95,0.095,,,,,,,,,,,49,hitl
64,2026-04-07 22:00,slaughterhouse_1,slaughterhouse,0,,,,391.2,376.0,,,,,,,,,49,hitl
64,2026-04-07 22:00,wholesaler_1,wholesaler,1,,,,,,86.22,10.3,,,,,,,49,hitl
64,2026-04-07 22:00,retail_1,retail,0,,,,,,,,19.15,30.0,0.0,2.25,11.61,20.0,49,hitl
65,2026-04-07 22:15,supplier_1,supplier,0,855.12,,,,,,,,,,,,,49,hitl
65,2026-04-07 22:15,farm_1,farm,1,,523.95,0.095,,,,,,,,,,,49,hitl
65,2026-04-07 22:15,slaughterhouse_1,slaughterhouse,0,,,,391.2,386.16,,,,,,,,,49,hitl
65,2026-04-07 22:15,wholesaler_1,wholesaler,1,,,,,,107.76,10.3,,,,,,,49,hitl
65,2026-04-07 22:15,retail_1,retail,0,,,,,,,,23.24,30.0,0.0,2.5,11.61,20.0,49,hitl
66,2026-04-07 22:30,supplier_1,supplier,0,854.51,,,,,,,,,,,,,49,hitl
66,2026-04-07 22:30,farm_1,farm,1,,523.95,0.095,,,,,,,,,,,49,hitl
66,2026-04-07 22:30,slaughterhouse_1,slaughterhouse,0,,,,391.2,397.08,,,,,,,,,49,hitl
66,2026-04-07 22:30,wholesaler_1,wholesaler,1,,,,,,106.15,10.3,,,,,,,49,hitl
66,2026-04-07 22:30,retail_1,retail,1,,,,,,,,20.68,30.0,0.0,2.75,11.61,20.0,49,hitl
67,2026-04-07 22:45,supplier_1,supplier,0,853.94,,,,,,,,,,,,,49,hitl
67,2026-04-07 22:45,farm_1,farm,1,,523.95,0.095,,,,,,,,,,,49,hitl
67,2026-04-07 22:45,slaughterhouse_1,slaughterhouse,0,,,,391.2,400.0,,,,,,,,,49,hitl
67,2026-04-07 22:45,wholesaler_1,wholesaler,1,,,,,,103.36,10.3,,,,,,,49,hitl
67,2026-04-07 22:45,retail_1,retail,1,,,,,,,,17.49,30.0,0.0,3.0,11.61,20.0,49,hitl
68,2026-04-07 23:00,supplier_1,supplier,0,852.58,,,,,,,,,,,,,49,hitl
68,2026-04-07 23:00,farm_1,farm,1,,523.95,0.095,,,,,,,,,,,49,hitl
68,2026-04-07 23:00,slaughterhouse_1,slaughterhouse,0,,,,391.2,400.0,,,,,,,,,49,hitl
68,2026-04-07 23:00,wholesaler_1,wholesaler,1,,,,,,93.54,10.3,,,,,,,49,hitl
68,2026-04-07 23:00,retail_1,retail,1,,,,,,,,14.33,30.0,0.0,3.25,11.61,20.0,49,hitl
69,2026-04-07 23:15,supplier_1,supplier,0,851.38,,,,,,,,,,,,,49,hitl
69,2026-04-07 23:15,farm_1,farm,1,,523.95,0.095,,,,,,,,,,,49,hitl
69,2026-04-07 23:15,slaughterhouse_1,slaughterhouse,0,,,,391.2,400.0,,,,,,,,,49,hitl
69,2026-04-07 23:15,wholesaler_1,wholesaler,1,,,,,,90.82,10.3,,,,,,,49,hitl
69,2026-04-07 23:15,retail_1,retail,1,,,,,,,,18.76,30.0,0.0,3.5,11.61,20.0,49,hitl
70,2026-04-07 23:30,supplier_1,supplier,0,850.87,,,,,,,,,,,,,49,hitl
70,2026-04-07 23:30,farm_1,farm,1,,523.95,0.095,,,,,,,,,,,49,hitl
70,2026-04-07 23:30,slaughterhouse_1,slaughterhouse,0,,,,391.2,400.0,,,,,,,,,49,hitl
70,2026-04-07 23:30,wholesaler_1,wholesaler,1,,,,,,88.44,10.3,,,,,,,49,hitl
70,2026-04-07 23:30,retail_1,retail,1,,,,,,,,16.06,30.0,0.0,3.75,11.61,20.0,49,hitl
71,2026-04-07 23:45,supplier_1,supplier,0,850.11,,,,,,,,,,,,,49,hitl
71,2026-04-07 23:45,farm_1,farm,1,,523.95,0.095,,,,,,,,,,,49,hitl
71,2026-04-07 23:45,slaughterhouse_1,slaughterhouse,0,,,,391.2,400.0,,,,,,,,,49,hitl
71,2026-04-07 23:45,wholesaler_1,wholesaler,1,,,,,,86.68,10.3,,,,,,,49,hitl
71,2026-04-07 23:45,retail_1,retail,1,,,,,,,,13.36,30.0,0.0,4.0,11.61,20.0,49,hitl
72,2026-04-08 00:00,supplier_1,supplier,0,849.44,,,,,,,,,,,,,49,hitl
72,2026-04-08 00:00,farm_1,farm,1,,523.95,0.095,,,,,,,,,,,49,hitl
72,2026-04-08 00:00,slaughterhouse_1,slaughterhouse,0,,,,391.2,376.0,,,,,,,,,49,hitl
72,2026-04-08 00:00,wholesaler_1,wholesaler,1,,,,,,77.75,10.3,,,,,,,49,hitl
72,2026-04-08 00:00,retail_1,retail,1,,,,,,,,10.44,30.0,0.0,4.25,11.61,20.0,49,hitl
73,2026-04-08 00:15,supplier_1,supplier,0,848.7,,,,,,,,,,,,,49,hitl
73,2026-04-08 00:15,farm_1,farm,1,,523.95,0.095,,,,,,,,,,,49,hitl
73,2026-04-08 00:15,slaughterhouse_1,slaughterhouse,0,,,,391.2,386.7,,,,,,,,,49,hitl
73,2026-04-08 00:15,wholesaler_1,wholesaler,1,,,,,,99.14,10.3,,,,,,,49,hitl
73,2026-04-08 00:15,retail_1,retail,1,,,,,,,,14.49,30.0,0.0,4.5,11.61,20.0,49,hitl
74,2026-04-08 00:30,supplier_1,supplier,0,847.27,,,,,,,,,,,,,49,hitl
74,2026-04-08 00:30,farm_1,farm,1,,523.95,0.095,,,,,,,,,,,49,hitl
74,2026-04-08 00:30,slaughterhouse_1,slaughterhouse,0,,,,391.2,398.21,,,,,,,,,49,hitl
74,2026-04-08 00:30,wholesaler_1,wholesaler,1,,,,,,96.77,10.3,,,,,,,49,hitl
74,2026-04-08 00:30,retail_1,retail,1,,,,,,,,11.71,30.0,0.0,4.75,11.61,20.0,49,hitl
75,2026-04-08 00:45,supplier_1,supplier,0,845.85,,,,,,,,,,,,,49,hitl
75,2026-04-08 00:45,farm_1,farm,1,,523.95,0.095,,,,,,,,,,,49,hitl
75,2026-04-08 00:45,slaughterhouse_1,slaughterhouse,0,,,,391.2,400.0,,,,,,,,,49,hitl
75,2026-04-08 00:45,wholesaler_1,wholesaler,1,,,,,,94.37,10.3,,,,,,,49,hitl
75,2026-04-08 00:45,retail_1,retail,1,,,,,,,,8.5,30.0,0.0,5.0,11.61,20.0,49,hitl
76,2026-04-08 01:00,supplier_1,supplier,0,844.45,,,,,,,,,,,,,49,hitl
76,2026-04-08 01:00,farm_1,farm,1,,523.95,0.095,,,,,,,,,,,49,hitl
76,2026-04-08 01:00,slaughterhouse_1,slaughterhouse,0,,,,391.2,400.0,,,,,,,,,49,hitl
76,2026-04-08 01:00,wholesaler_1,wholesaler,1,,,,,,85.32,10.3,,,,,,,49,hitl
76,2026-04-08 01:00,retail_1,retail,1,,,,,,,,5.54,30.0,0.0,5.25,11.61,20.0,49,hitl
77,2026-04-08 01:15,supplier_1,supplier,0,843.77,,,,,,,,,,,,,49,hitl
77,2026-04-08 01:15,farm_1,farm,1,,523.95,0.095,,,,,,,,,,,49,hitl
77,2026-04-08 01:15,slaughterhouse_1,slaughterhouse,0,,,,391.2,400.0,,,,,,,,,49,hitl
77,2026-04-08 01:15,wholesaler_1,wholesaler,1,,,,,,83.16,10.3,,,,,,,49,hitl
77,2026-04-08 01:15,retail_1,retail,1,,,,,,,,9.85,30.0,0.0,5.5,11.61,20.0,49,hitl
78,2026-04-08 01:30,supplier_1,supplier,0,842.64,,,,,,,,,,,,,49,hitl
78,2026-04-08 01:30,farm_1,farm,1,,523.95,0.095,,,,,,,,,,,49,hitl
78,2026-04-08 01:30,slaughterhouse_1,slaughterhouse,0,,,,391.2,400.0,,,,,,,,,49,hitl
78,2026-04-08 01:30,wholesaler_1,wholesaler,1,,,,,,80.34,10.3,,,,,,,49,hitl
78,2026-04-08 01:30,retail_1,retail,1,,,,,,,,6.93,30.0,0.0,5.75,11.61,20.0,49,hitl
79,2026-04-08 01:45,supplier_1,supplier,0,841.64,,,,,,,,,,,,,49,hitl
79,2026-04-08 01:45,farm_1,farm,1,,523.95,0.095,,,,,,,,,,,49,hitl
79,2026-04-08 01:45,slaughterhouse_1,slaughterhouse,0,,,,391.2,400.0,,,,,,,,,49,hitl
79,2026-04-08 01:45,wholesaler_1,wholesaler,1,,,,,,78.24,10.3,,,,,,,49,hitl
79,2026-04-08 01:45,retail_1,retail,1,,,,,,,,3.77,30.0,0.0,6.0,11.61,20.0,49,hitl
80,2026-04-08 02:00,supplier_1,supplier,0,840.95,,,,,,,,,,,,,49,hitl
80,2026-04-08 02:00,farm_1,farm,1,,523.95,0.095,,,,,,,,,,,49,hitl
80,2026-04-08 02:00,slaughterhouse_1,slaughterhouse,0,,,,391.2,376.0,,,,,,,,,49,hitl
80,2026-04-08 02:00,wholesaler_1,wholesaler,1,,,,,,68.08,10.3,,,,,,,49,hitl
80,2026-04-08 02:00,retail_1,retail,1,,,,,,,,0.76,30.0,0.0,6.25,11.61,20.0,49,hitl
81,2026-04-08 02:15,supplier_1,supplier,0,839.66,,,,,,,,,,,,,49,hitl
81,2026-04-08 02:15,farm_1,farm,1,,523.95,0.095,,,,,,,,,,,49,hitl
81,2026-04-08 02:15,slaughterhouse_1,slaughterhouse,0,,,,391.2,387.44,,,,,,,,,49,hitl
81,2026-04-08 02:15,wholesaler_1,wholesaler,1,,,,,,90.1,10.3,,,,,,,49,hitl
81,2026-04-08 02:15,retail_1,retail,1,,,,,,,,7.25,30.0,1.0,6.5,11.61,20.0,49,hitl
82,2026-04-08 02:30,supplier_1,supplier,0,838.33,,,,,,,,,,,,,49,hitl
82,2026-04-08 02:30,farm_1,farm,1,,523.95,0.095,,,,,,,,,,,49,hitl
82,2026-04-08 02:30,slaughterhouse_1,slaughterhouse,0,,,,391.2,397.79,,,,,,,,,49,hitl
82,2026-04-08 02:30,wholesaler_1,wholesaler,1,,,,,,87.15,10.3,,,,,,,49,hitl
82,2026-04-08 02:30,retail_1,retail,1,,,,,,,,4.16,30.0,0.0,6.75,11.61,20.0,49,hitl
83,2026-04-08 02:45,supplier_1,supplier,0,837.01,,,,,,,,,,,,,49,hitl
83,2026-04-08 02:45,farm_1,farm,1,,523.95,0.095,,,,,,,,,,,49,hitl
83,2026-04-08 02:45,slaughterhouse_1,slaughterhouse,0,,,,391.2,400.0,,,,,,,,,49,hitl
83,2026-04-08 02:45,wholesaler_1,wholesaler,1,,,,,,85.55,10.3,,,,,,,49,hitl
83,2026-04-08 02:45,retail_1,retail,1,,,,,,,,1.29,30.0,0.0,7.0,11.61,20.0,49,hitl
84,2026-04-08 03:00,supplier_1,supplier,0,835.68,,,,,,,,,,,,,49,hitl
84,2026-04-08 03:00,farm_1,farm,1,,523.95,0.095,,,,,,,,,,,49,hitl
84,2026-04-08 03:00,slaughterhouse_1,slaughterhouse,0,,,,391.2,400.0,,,,,,,,,49,hitl
84,2026-04-08 03:00,wholesaler_1,wholesaler,1,,,,,,76.75,10.3,,,,,,,49,hitl
84,2026-04-08 03:00,retail_1,retail,1,,,,,,,,0.0,30.0,1.0,7.25,11.61,20.0,49,hitl
85,2026-04-08 03:15,supplier_1,supplier,0,834.89,,,,,,,,,,,,,49,hitl
85,2026-04-08 03:15,farm_1,farm,1,,523.95,0.095,,,,,,,,,,,49,hitl
85,2026-04-08 03:15,slaughterhouse_1,slaughterhouse,0,,,,391.2,400.0,,,,,,,,,49,hitl
85,2026-04-08 03:15,wholesaler_1,wholesaler,1,,,,,,74.42,10.3,,,,,,,49,hitl
85,2026-04-08 03:15,retail_1,retail,1,,,,,,,,7.25,30.0,1.0,7.5,11.61,20.0,49,hitl
86,2026-04-08 03:30,supplier_1,supplier,0,834.07,,,,,,,,,,,,,49,hitl
86,2026-04-08 03:30,farm_1,farm,1,,523.95,0.095,,,,,,,,,,,49,hitl
86,2026-04-08 03:30,slaughterhouse_1,slaughterhouse,0,,,,391.2,400.0,,,,,,,,,49,hitl
86,2026-04-08 03:30,wholesaler_1,wholesaler,1,,,,,,72.89,10.3,,,,,,,49,hitl
86,2026-04-08 03:30,retail_1,retail,1,,,,,,,,4.05,30.0,0.0,7.75,11.61,20.0,49,hitl
87,2026-04-08 03:45,supplier_1,supplier,0,833.39,,,,,,,,,,,,,49,hitl
87,2026-04-08 03:45,farm_1,farm,1,,523.95,0.095,,,,,,,,,,,49,hitl
87,2026-04-08 03:45,slaughterhouse_1,slaughterhouse,0,,,,391.2,400.0,,,,,,,,,49,hitl
87,2026-04-08 03:45,wholesaler_1,wholesaler,1,,,,,,70.68,10.3,,,,,,,49,hitl
87,2026-04-08 03:45,retail_1,retail,1,,,,,,,,0.93,30.0,0.0,8.0,11.61,20.0,49,hitl
88,2026-04-08 04:00,supplier_1,supplier,0,831.89,,,,,,,,,,,,,49,hitl
88,2026-04-08 04:00,farm_1,farm,1,,523.95,0.095,,,,,,,,,,,49,hitl
88,2026-04-08 04:00,slaughterhouse_1,slaughterhouse,0,,,,391.2,376.0,,,,,,,,,49,hitl
88,2026-04-08 04:00,wholesaler_1,wholesaler,1,,,,,,61.06,10.3,,,,,,,49,hitl
88,2026-04-08 04:00,retail_1,retail,1,,,,,,,,0.0,30.0,1.0,8.25,11.61,20.0,49,hitl
89,2026-04-08 04:15,supplier_1,supplier,0,831.21,,,,,,,,,,,,,49,hitl
89,2026-04-08 04:15,farm_1,farm,1,,523.95,0.095,,,,,,,,,,,49,hitl
89,2026-04-08 04:15,slaughterhouse_1,slaughterhouse,0,,,,391.2,387.0,,,,,,,,,49,hitl
89,2026-04-08 04:15,wholesaler_1,wholesaler,1,,,,,,82.52,10.3,,,,,,,49,hitl
89,2026-04-08 04:15,retail_1,retail,1,,,,,,,,7.25,30.0,1.0,8.5,11.61,20.0,49,hitl
90,2026-04-08 04:30,supplier_1,supplier,0,830.47,,,,,,,,,,,,,49,hitl
90,2026-04-08 04:30,farm_1,farm,1,,523.95,0.095,,,,,,,,,,,49,hitl
90,2026-04-08 04:30,slaughterhouse_1,slaughterhouse,0,,,,391.2,397.91,,,,,,,,,49,hitl
90,2026-04-08 04:30,wholesaler_1,wholesaler,1,,,,,,80.69,10.3,,,,,,,49,hitl
90,2026-04-08 04:30,retail_1,retail,1,,,,,,,,4.19,30.0,0.0,8.75,11.61,20.0,49,hitl
91,2026-04-08 04:45,supplier_1,supplier,0,829.72,,,,,,,,,,,,,49,hitl
91,2026-04-08 04:45,farm_1,farm,1,,523.95,0.095,,,,,,,,,,,49,hitl
91,2026-04-08 04:45,slaughterhouse_1,slaughterhouse,0,,,,391.2,400.0,,,,,,,,,49,hitl
91,2026-04-08 04:45,wholesaler_1,wholesaler,1,,,,,,79.19,10.3,,,,,,,49,hitl
91,2026-04-08 04:45,retail_1,retail,1,,,,,,,,1.21,30.0,0.0,9.0,11.61,20.0,49,hitl
92,2026-04-08 05:00,supplier_1,supplier,0,828.43,,,,,,,,,,,,,49,hitl
92,2026-04-08 05:00,farm_1,farm,1,,523.95,0.095,,,,,,,,,,,49,hitl
92,2026-04-08 05:00,slaughterhouse_1,slaughterhouse,0,,,,391.2,400.0,,,,,,,,,49,hitl
92,2026-04-08 05:00,wholesaler_1,wholesaler,1,,,,,,69.37,10.3,,,,,,,49,hitl
92,2026-04-08 05:00,retail_1,retail,1,,,,,,,,0.0,30.0,1.0,9.25,11.61,20.0,49,hitl
93,2026-04-08 05:15,supplier_1,supplier,0,827.88,,,,,,,,,,,,,49,hitl
93,2026-04-08 05:15,farm_1,farm,1,,523.95,0.095,,,,,,,,,,,49,hitl
93,2026-04-08 05:15,slaughterhouse_1,slaughterhouse,0,,,,391.2,400.0,,,,,,,,,49,hitl
93,2026-04-08 05:15,wholesaler_1,wholesaler,1,,,,,,67.32,10.3,,,,,,,49,hitl
93,2026-04-08 05:15,retail_1,retail,1,,,,,,,,7.25,30.0,1.0,9.5,11.61,20.0,49,hitl
94,2026-04-08 05:30,supplier_1,supplier,0,826.81,,,,,,,,,,,,,49,hitl
94,2026-04-08 05:30,farm_1,farm,1,,523.95,0.095,,,,,,,,,,,49,hitl
94,2026-04-08 05:30,slaughterhouse_1,slaughterhouse,0,,,,391.2,400.0,,,,,,,,,49,hitl
94,2026-04-08 05:30,wholesaler_1,wholesaler,1,,,,,,64.79,10.3,,,,,,,49,hitl
94,2026-04-08 05:30,retail_1,retail,1,,,,,,,,4.63,30.0,0.0,9.75,11.61,20.0,49,hitl
95,2026-04-08 05:45,supplier_1,supplier,0,825.89,,,,,,,,,,,,,49,hitl
95,2026-04-08 05:45,farm_1,farm,1,,523.95,0.095,,,,,,,,,,,49,hitl
95,2026-04-08 05:45,slaughterhouse_1,slaughterhouse,0,,,,391.2,400.0,,,,,,,,,49,hitl
95,2026-04-08 05:45,wholesaler_1,wholesaler,1,,,,,,63.27,10.3,,,,,,,49,hitl
95,2026-04-08 05:45,retail_1,retail,1,,,,,,,,1.73,30.0,0.0,10.0,11.61,20.0,49,hitl
96,2026-04-08 06:00,supplier_1,supplier,0,824.69,,,,,,,,,,,,,49,hitl
96,2026-04-08 06:00,farm_1,farm,1,,523.95,0.095,,,,,,,,,,,49,hitl
96,2026-04-08 06:00,slaughterhouse_1,slaughterhouse,0,,,,391.2,376.0,,,,,,,,,49,hitl
96,2026-04-08 06:00,wholesaler_1,wholesaler,1,,,,,,54.46,10.3,,,,,,,49,hitl
96,2026-04-08 06:00,retail_1,retail,1,,,,,,,,0.0,30.0,1.0,10.25,11.61,20.0,49,hitl
97,2026-04-08 06:15,supplier_1,supplier,0,824.0,,,,,,,,,,,,,49,hitl
97,2026-04-08 06:15,farm_1,farm,1,,523.95,0.095,,,,,,,,,,,49,hitl
97,2026-04-08 06:15,slaughterhouse_1,slaughterhouse,0,,,,391.2,387.02,,,,,,,,,49,hitl
97,2026-04-08 06:15,wholesaler_1,wholesaler,1,,,,,,76.82,10.3,,,,,,,49,hitl
97,2026-04-08 06:15,retail_1,retail,1,,,,,,,,7.25,30.0,1.0,10.5,11.61,20.0,49,hitl
98,2026-04-08 06:30,supplier_1,supplier,0,823.2,,,,,,,,,,,,,49,hitl
98,2026-04-08 06:30,farm_1,farm,1,,523.95,0.095,,,,,,,,,,,49,hitl
98,2026-04-08 06:30,slaughterhouse_1,slaughterhouse,0,,,,391.2,398.35,,,,,,,,,49,hitl
98,2026-04-08 06:30,wholesaler_1,wholesaler,1,,,,,,74.88,10.3,,,,,,,49,hitl
98,2026-04-08 06:30,retail_1,retail,1,,,,,,,,4.12,30.0,0.0,10.75,11.61,20.0,49,hitl
99,2026-04-08 06:45,supplier_1,supplier,0,822.3,,,,,,,,,,,,,49,hitl
99,2026-04-08 06:45,farm_1,farm,1,,523.95,0.095,,,,,,,,,,,49,hitl
99,2026-04-08 06:45,slaughterhouse_1,slaughterhouse,0,,,,391.2,400.0,,,,,,,,,49,hitl
99,2026-04-08 06:45,wholesaler_1,wholesaler,1,,,,,,73.01,10.3,,,,,,,49,hitl
99,2026-04-08 06:45,retail_1,retail,1,,,,,,,,1.16,30.0,0.0,11.0,11.61,20.0,49,hitl
100,2026-04-08 07:00,supplier_1,supplier,0,821.09,,,,,,,,,,,,,49,hitl
100,2026-04-08 07:00,farm_1,farm,1,,523.95,0.095,,,,,,,,,,,49,hitl
100,2026-04-08 07:00,slaughterhouse_1,slaughterhouse,0,,,,391.2,400.0,,,,,,,,,49,hitl
100,2026-04-08 07:00,wholesaler_1,wholesaler,1,,,,,,63.29,10.3,,,,,,,49,hitl
100,2026-04-08 07:00,retail_1,retail,1,,,,,,,,0.0,30.0,1.0,11.25,11.61,20.0,49,hitl
101,2026-04-08 07:15,supplier_1,supplier,0,820.05,,,,,,,,,,,,,49,hitl
101,2026-04-08 07:15,farm_1,farm,1,,523.95,0.095,,,,,,,,,,,49,hitl
101,2026-04-08 07:15,slaughterhouse_1,slaughterhouse,0,,,,391.2,400.0,,,,,,,,,49,hitl
101,2026-04-08 07:15,wholesaler_1,wholesaler,1,,,,,,61.15,10.3,,,,,,,49,hitl
101,2026-04-08 07:15,retail_1,retail,1,,,,,,,,7.25,30.0,1.0,11.5,11.61,20.0,49,hitl
102,2026-04-08 07:30,supplier_1,supplier,0,818.61,,,,,,,,,,,,,49,hitl
102,2026-04-08 07:30,farm_1,farm,1,,523.95,0.095,,,,,,,,,,,49,hitl
102,2026-04-08 07:30,slaughterhouse_1,slaughterhouse,0,,,,391.2,400.0,,,,,,,,,49,hitl
102,2026-04-08 07:30,wholesaler_1,wholesaler,1,,,,,,59.28,10.3,,,,,,,49,hitl
102,2026-04-08 07:30,retail_1,retail,1,,,,,,,,4.31,30.0,0.0,11.75,11.61,20.0,49,hitl
103,2026-04-08 07:45,supplier_1,supplier,0,817.42,,,,,,,,,,,,,49,hitl
103,2026-04-08 07:45,farm_1,farm,1,,523.95,0.095,,,,,,,,,,,49,hitl
103,2026-04-08 07:45,slaughterhouse_1,slaughterhouse,0,,,,391.2,400.0,,,,,,,,,49,hitl
103,2026-04-08 07:45,wholesaler_1,wholesaler,1,,,,,,56.98,10.3,,,,,,,49,hitl
103,2026-04-08 07:45,retail_1,retail,1,,,,,,,,1.71,30.0,0.0,12.0,11.61,20.0,49,hitl
104,2026-04-08 08:00,supplier_1,supplier,0,816.65,,,,,,,,,,,,,49,hitl
104,2026-04-08 08:00,farm_1,farm,1,,523.95,0.095,,,,,,,,,,,49,hitl
104,2026-04-08 08:00,slaughterhouse_1,slaughterhouse,0,,,,391.2,376.0,,,,,,,,,49,hitl
104,2026-04-08 08:00,wholesaler_1,wholesaler,1,,,,,,46.88,10.3,,,,,,,49,hitl
104,2026-04-08 08:00,retail_1,retail,1,,,,,,,,0.0,30.0,1.0,12.25,11.61,20.0,49,hitl
105,2026-04-08 08:15,supplier_1,supplier,0,815.73,,,,,,,,,,,,,49,hitl
105,2026-04-08 08:15,farm_1,farm,1,,523.95,0.095,,,,,,,,,,,49,hitl
105,2026-04-08 08:15,slaughterhouse_1,slaughterhouse,0,,,,391.2,387.71,,,,,,,,,49,hitl
105,2026-04-08 08:15,wholesaler_1,wholesaler,1,,,,,,68.88,10.3,,,,,,,49,hitl
105,2026-04-08 08:15,retail_1,retail,1,,,,,,,,7.25,30.0,1.0,12.5,11.61,20.0,49,hitl
106,2026-04-08 08:30,supplier_1,supplier,0,815.1,,,,,,,,,,,,,49,hitl
106,2026-04-08 08:30,farm_1,farm,1,,523.95,0.095,,,,,,,,,,,49,hitl
106,2026-04-08 08:30,slaughterhouse_1,slaughterhouse,0,,,,391.2,398.32,,,,,,,,,49,hitl
106,2026-04-08 08:30,wholesaler_1,wholesaler,1,,,,,,66.52,10.3,,,,,,,49,hitl
106,2026-04-08 08:30,retail_1,retail,1,,,,,,,,4.55,30.0,0.0,12.75,11.61,20.0,49,hitl
107,2026-04-08 08:45,supplier_1,supplier,0,814.54,,,,,,,,,,,,,49,hitl
107,2026-04-08 08:45,farm_1,farm,1,,523.95,0.095,,,,,,,,,,,49,hitl
107,2026-04-08 08:45,slaughterhouse_1,slaughterhouse,0,,,,391.2,400.0,,,,,,,,,49,hitl
107,2026-04-08 08:45,wholesaler_1,wholesaler,1,,,,,,63.95,10.3,,,,,,,49,hitl
107,2026-04-08 08:45,retail_1,retail,1,,,,,,,,1.47,30.0,0.0,13.0,11.61,20.0,49,hitl
108,2026-04-08 09:00,supplier_1,supplier,0,813.71,,,,,,,,,,,,,49,hitl
108,2026-04-08 09:00,farm_1,farm,1,,523.95,0.095,,,,,,,,,,,49,hitl
108,2026-04-08 09:00,slaughterhouse_1,slaughterhouse,0,,,,391.2,400.0,,,,,,,,,49,hitl
108,2026-04-08 09:00,wholesaler_1,wholesaler,1,,,,,,54.63,10.3,,,,,,,49,hitl
108,2026-04-08 09:00,retail_1,retail,1,,,,,,,,0.0,30.0,1.0,13.25,11.61,20.0,49,hitl
109,2026-04-08 09:15,supplier_1,supplier,0,812.59,,,,,,,,,,,,,49,hitl
109,2026-04-08 09:15,farm_1,farm,1,,523.95,0.095,,,,,,,,,,,49,hitl
109,2026-04-08 09:15,slaughterhouse_1,slaughterhouse,0,,,,391.2,400.0,,,,,,,,,49,hitl
109,2026-04-08 09:15,wholesaler_1,wholesaler,1,,,,,,51.81,10.3,,,,,,,49,hitl
109,2026-04-08 09:15,retail_1,retail,1,,,,,,,,7.25,30.0,1.0,13.5,11.61,20.0,49,hitl
110,2026-04-08 09:30,supplier_1,supplier,0,811.82,,,,,,,,,,,,,49,hitl
110,2026-04-08 09:30,farm_1,farm,1,,523.95,0.095,,,,,,,,,,,49,hitl
110,2026-04-08 09:30,slaughterhouse_1,slaughterhouse,0,,,,391.2,400.0,,,,,,,,,49,hitl
110,2026-04-08 09:30,wholesaler_1,wholesaler,1,,,,,,49.39,10.3,,,,,,,49,hitl
110,2026-04-08 09:30,retail_1,retail,1,,,,,,,,4.08,30.0,0.0,13.75,11.61,20.0,49,hitl
111,2026-04-08 09:45,supplier_1,supplier,0,810.95,,,,,,,,,,,,,49,hitl
111,2026-04-08 09:45,farm_1,farm,1,,523.95,0.095,,,,,,,,,,,49,hitl
111,2026-04-08 09:45,slaughterhouse_1,slaughterhouse,0,,,,391.2,400.0,,,,,,,,,49,hitl
111,2026-04-08 09:45,wholesaler_1,wholesaler,1,,,,,,46.8,10.3,,,,,,,49,hitl
111,2026-04-08 09:45,retail_1,retail,1,,,,,,,,1.46,30.0,0.0,14.0,11.61,20.0,49,hitl
112,2026-04-08 10:00,supplier_1,supplier,0,809.59,,,,,,,,,,,,,49,hitl
112,2026-04-08 10:00,farm_1,farm,1,,523.95,0.095,,,,,,,,,,,49,hitl
112,2026-04-08 10:00,slaughterhouse_1,slaughterhouse,0,,,,391.2,376.0,,,,,,,,,49,hitl
112,2026-04-08 10:00,wholesaler_1,wholesaler,1,,,,,,36.98,10.3,,,,,,,49,hitl
112,2026-04-08 10:00,retail_1,retail,1,,,,,,,,0.0,30.0,1.0,14.25,11.61,20.0,49,hitl
113,2026-04-08 10:15,supplier_1,supplier,0,808.16,,,,,,,,,,,,,49,hitl
113,2026-04-08 10:15,farm_1,farm,1,,523.95,0.095,,,,,,,,,,,49,hitl
113,2026-04-08 10:15,slaughterhouse_1,slaughterhouse,0,,,,391.2,387.64,,,,,,,,,49,hitl
113,2026-04-08 10:15,wholesaler_1,wholesaler,1,,,,,,58.41,10.3,,,,,,,49,hitl
113,2026-04-08 10:15,retail_1,retail,1,,,,,,,,7.25,30.0,1.0,14.5,11.61,20.0,49,hitl
114,2026-04-08 10:30,supplier_1,supplier,0,806.95,,,,,,,,,,,,,49,hitl
114,2026-04-08 10:30,farm_1,farm,1,,523.95,0.095,,,,,,,,,,,49,hitl
114,2026-04-08 10:30,slaughterhouse_1,slaughterhouse,0,,,,391.2,398.12,,,,,,,,,49,hitl
114,2026-04-08 10:30,wholesaler_1,wholesaler,1,,,,,,56.42,10.3,,,,,,,49,hitl
114,2026-04-08 10:30,retail_1,retail,1,,,,,,,,4.05,30.0,0.0,14.75,11.61,20.0,49,hitl
115,2026-04-08 10:45,supplier_1,supplier,0,806.17,,,,,,,,,,,,,49,hitl
115,2026-04-08 10:45,farm_1,farm,1,,523.95,0.095,,,,,,,,,,,49,hitl
115,2026-04-08 10:45,slaughterhouse_1,slaughterhouse,0,,,,391.2,400.0,,,,,,,,,49,hitl
115,2026-04-08 10:45,wholesaler_1,wholesaler,1,,,,,,88.51,50.0,,,,,,,49,hitl
115,2026-04-08 10:45,retail_1,retail,1,,,,,,,,0.91,30.0,0.0,15.0,11.61,20.0,49,hitl
116,2026-04-08 11:00,supplier_1,supplier,0,804.88,,,,,,,,,,,,,49,hitl
116,2026-04-08 11:00,farm_1,farm,1,,523.95,0.095,,,,,,,,,,,49,hitl
116,2026-04-08 11:00,slaughterhouse_1,slaughterhouse,0,,,,391.2,400.0,,,,,,,,,49,hitl
116,2026-04-08 11:00,wholesaler_1,wholesaler,1,,,,,,78.39,50.0,,,,,,,49,hitl
116,2026-04-08 11:00,retail_1,retail,1,,,,,,,,0.0,30.0,1.0,15.25,11.61,20.0,49,hitl
117,2026-04-08 11:15,supplier_1,supplier,0,804.34,,,,,,,,,,,,,49,hitl
117,2026-04-08 11:15,farm_1,farm,1,,523.95,0.095,,,,,,,,,,,49,hitl
117,2026-04-08 11:15,slaughterhouse_1,slaughterhouse,0,,,,391.2,400.0,,,,,,,,,49,hitl
117,2026-04-08 11:15,wholesaler_1,wholesaler,1,,,,,,76.61,50.0,,,,,,,49,hitl
117,2026-04-08 11:15,retail_1,retail,1,,,,,,,,7.25,30.0,1.0,15.5,11.61,20.0,49,hitl
118,2026-04-08 11:30,supplier_1,supplier,0,802.86,,,,,,,,,,,,,49,hitl
118,2026-04-08 11:30,farm_1,farm,1,,523.95,0.095,,,,,,,,,,,49,hitl
118,2026-04-08 11:30,slaughterhouse_1,slaughterhouse,0,,,,391.2,400.0,,,,,,,,,49,hitl
118,2026-04-08 11:30,wholesaler_1,wholesaler,1,,,,,,74.53,50.0,,,,,,,49,hitl
118,2026-04-08 11:30,retail_1,retail,1,,,,,,,,4.64,30.0,0.0,15.75,11.61,20.0,49,hitl
119,2026-04-08 11:45,supplier_1,supplier,0,802.3,,,,,,,,,,,,,49,hitl
119,2026-04-08 11:45,farm_1,farm,1,,523.95,0.095,,,,,,,,,,,49,hitl
119,2026-04-08 11:45,slaughterhouse_1,slaughterhouse,0,,,,391.2,400.0,,,,,,,,,49,hitl
119,2026-04-08 11:45,wholesaler_1,wholesaler,1,,,,,,71.63,50.0,,,,,,,49,hitl
119,2026-04-08 11:45,retail_1,retail,1,,,,,,,,1.82,30.0,0.0,16.0,11.61,20.0,49,hitl
120,2026-04-08 12:00,supplier_1,supplier,0,801.63,,,,,,,,,,,,,49,hitl
120,2026-04-08 12:00,farm_1,farm,1,,523.95,0.095,,,,,,,,,,,49,hitl
120,2026-04-08 12:00,slaughterhouse_1,slaughterhouse,0,,,,391.2,376.0,,,,,,,,,49,hitl
120,2026-04-08 12:00,wholesaler_1,wholesaler,1,,,,,,61.81,50.0,,,,,,,49,hitl
120,2026-04-08 12:00,retail_1,retail,1,,,,,,,,0.0,30.0,1.0,16.25,11.61,20.0,49,hitl
121,2026-04-08 12:15,supplier_1,supplier,0,800.96,,,,,,,,,,,,,49,hitl
121,2026-04-08 12:15,farm_1,farm,1,,523.95,0.095,,,,,,,,,,,49,hitl
121,2026-04-08 12:15,slaughterhouse_1,slaughterhouse,0,,,,391.2,387.5,,,,,,,,,49,hitl
121,2026-04-08 12:15,wholesaler_1,wholesaler,1,,,,,,84.0,50.0,,,,,,,49,hitl
121,2026-04-08 12:15,retail_1,retail,1,,,,,,,,7.25,30.0,1.0,16.5,11.61,20.0,49,hitl
122,2026-04-08 12:30,supplier_1,supplier,0,799.57,,,,,,,,,,,,,49,hitl
122,2026-04-08 12:30,farm_1,farm,1,,523.95,0.095,,,,,,,,,,,49,hitl
122,2026-04-08 12:30,slaughterhouse_1,slaughterhouse,0,,,,391.2,397.62,,,,,,,,,49,hitl
122,2026-04-08 12:30,wholesaler_1,wholesaler,1,,,,,,81.18,50.0,,,,,,,49,hitl
122,2026-04-08 12:30,retail_1,retail,1,,,,,,,,4.33,30.0,0.0,16.75,11.61,20.0,49,hitl
123,2026-04-08 12:45,supplier_1,supplier,0,798.71,,,,,,,,,,,,,49,hitl
123,2026-04-08 12:45,farm_1,farm,1,,523.95,0.095,,,,,,,,,,,49,hitl
123,2026-04-08 12:45,slaughterhouse_1,slaughterhouse,0,,,,391.2,400.0,,,,,,,,,49,hitl
123,2026-04-08 12:45,wholesaler_1,wholesaler,1,,,,,,79.54,50.0,,,,,,,49,hitl
123,2026-04-08 12:45,retail_1,retail,1,,,,,,,,1.28,30.0,0.0,17.0,11.61,20.0,49,hitl
124,2026-04-08 13:00,supplier_1,supplier,0,797.63,,,,,,,,,,,,,49,hitl
124,2026-04-08 13:00,farm_1,farm,1,,523.95,0.095,,,,,,,,,,,49,hitl
124,2026-04-08 13:00,slaughterhouse_1,slaughterhouse,0,,,,391.2,400.0,,,,,,,,,49,hitl
124,2026-04-08 13:00,wholesaler_1,wholesaler,1,,,,,,70.56,50.0,,,,,,,49,hitl
124,2026-04-08 13:00,retail_1,retail,1,,,,,,,,0.0,30.0,1.0,17.25,11.61,20.0,49,hitl
125,2026-04-08 13:15,supplier_1,supplier,0,796.78,,,,,,,,,,,,,49,hitl
125,2026-04-08 13:15,farm_1,farm,1,,523.95,0.095,,,,,,,,,,,49,hitl
125,2026-04-08 13:15,slaughterhouse_1,slaughterhouse,0,,,,391.2,400.0,,,,,,,,,49,hitl
125,2026-04-08 13:15,wholesaler_1,wholesaler,1,,,,,,68.8,50.0,,,,,,,49,hitl
125,2026-04-08 13:15,retail_1,retail,1,,,,,,,,7.25,30.0,1.0,17.5,11.61,20.0,49,hitl
126,2026-04-08 13:30,supplier_1,supplier,0,795.34,,,,,,,,,,,,,49,hitl
126,2026-04-08 13:30,farm_1,farm,1,,523.95,0.095,,,,,,,,,,,49,hitl
126,2026-04-08 13:30,slaughterhouse_1,slaughterhouse,0,,,,391.2,400.0,,,,,,,,,49,hitl
126,2026-04-08 13:30,wholesaler_1,wholesaler,1,,,,,,66.99,50.0,,,,,,,49,hitl
126,2026-04-08 13:30,retail_1,retail,1,,,,,,,,4.4,30.0,0.0,17.75,11.61,20.0,49,hitl
127,2026-04-08 13:45,supplier_1,supplier,0,794.0,,,,,,,,,,,,,49,hitl
127,2026-04-08 13:45,farm_1,farm,1,,523.95,0.095,,,,,,,,,,,49,hitl
127,2026-04-08 13:45,slaughterhouse_1,slaughterhouse,0,,,,391.2,400.0,,,,,,,,,49,hitl
127,2026-04-08 13:45,wholesaler_1,wholesaler,1,,,,,,63.99,50.0,,,,,,,49,hitl
127,2026-04-08 13:45,retail_1,retail,1,,,,,,,,1.3,30.0,0.0,18.0,11.61,20.0,49,hitl
128,2026-04-08 14:00,supplier_1,supplier,0,793.03,,,,,,,,,,,,,49,hitl
128,2026-04-08 14:00,farm_1,farm,1,,523.95,0.095,,,,,,,,,,,49,hitl
128,2026-04-08 14:00,slaughterhouse_1,slaughterhouse,0,,,,391.2,376.0,,,,,,,,,49,hitl
128,2026-04-08 14:00,wholesaler_1,wholesaler,1,,,,,,54.2,50.0,,,,,,,49,hitl
128,2026-04-08 14:00,retail_1,retail,1,,,,,,,,0.0,30.0,1.0,18.25,11.61,20.0,49,hitl
129,2026-04-08 14:15,supplier_1,supplier,0,792.23,,,,,,,,,,,,,49,hitl
129,2026-04-08 14:15,farm_1,farm,1,,523.95,0.095,,,,,,,,,,,49,hitl
129,2026-04-08 14:15,slaughterhouse_1,slaughterhouse,0,,,,391.2,387.13,,,,,,,,,49,hitl
129,2026-04-08 14:15,wholesaler_1,wholesaler,1,,,,,,76.31,50.0,,,,,,,49,hitl
129,2026-04-08 14:15,retail_1,retail,1,,,,,,,,7.25,30.0,1.0,18.5,11.61,20.0,49,hitl
130,2026-04-08 14:30,supplier_1,supplier,0,791.01,,,,,,,,,,,,,49,hitl
130,2026-04-08 14:30,farm_1,farm,1,,523.95,0.095,,,,,,,,,,,49,hitl
130,2026-04-08 14:30,slaughterhouse_1,slaughterhouse,0,,,,391.2,397.67,,,,,,,,,49,hitl
130,2026-04-08 14:30,wholesaler_1,wholesaler,1,,,,,,74.74,50.0,,,,,,,49,hitl
130,2026-04-08 14:30,retail_1,retail,1,,,,,,,,4.39,30.0,0.0,18.75,11.61,20.0,49,hitl
131,2026-04-08 14:45,supplier_1,supplier,0,790.48,,,,,,,,,,,,,49,hitl
131,2026-04-08 14:45,farm_1,farm,1,,523.95,0.095,,,,,,,,,,,49,hitl
131,2026-04-08 14:45,slaughterhouse_1,slaughterhouse,0,,,,391.2,400.0,,,,,,,,,49,hitl
131,2026-04-08 14:45,wholesaler_1,wholesaler,1,,,,,,72.38,50.0,,,,,,,49,hitl
131,2026-04-08 14:45,retail_1,retail,1,,,,,,,,1.73,30.0,0.0,19.0,11.61,20.0,49,hitl
132,2026-04-08 15:00,supplier_1,supplier,0,789.42,,,,,,,,,,,,,49,hitl
132,2026-04-08 15:00,farm_1,farm,1,,523.95,0.095,,,,,,,,,,,49,hitl
132,2026-04-08 15:00,slaughterhouse_1,slaughterhouse,0,,,,391.2,400.0,,,,,,,,,49,hitl
132,2026-04-08 15:00,wholesaler_1,wholesaler,1,,,,,,62.98,50.0,,,,,,,49,hitl
132,2026-04-08 15:00,retail_1,retail,1,,,,,,,,0.0,30.0,1.0,19.25,11.61,20.0,49,hitl
133,2026-04-08 15:15,supplier_1,supplier,0,788.8,,,,,,,,,,,,,49,hitl
133,2026-04-08 15:15,farm_1,farm,1,,523.95,0.095,,,,,,,,,,,49,hitl
133,2026-04-08 15:15,slaughterhouse_1,slaughterhouse,0,,,,391.2,400.0,,,,,,,,,49,hitl
133,2026-04-08 15:15,wholesaler_1,wholesaler,1,,,,,,60.53,50.0,,,,,,,49,hitl
133,2026-04-08 15:15,retail_1,retail,1,,,,,,,,7.25,30.0,1.0,19.5,11.61,20.0,49,hitl
134,2026-04-08 15:30,supplier_1,supplier,0,787.8,,,,,,,,,,,,,49,hitl
134,2026-04-08 15:30,farm_1,farm,1,,523.95,0.095,,,,,,,,,,,49,hitl
134,2026-04-08 15:30,slaughterhouse_1,slaughterhouse,0,,,,391.2,400.0,,,,,,,,,49,hitl
134,2026-04-08 15:30,wholesaler_1,wholesaler,1,,,,,,58.51,50.0,,,,,,,49,hitl
134,2026-04-08 15:30,retail_1,retail,1,,,,,,,,4.01,30.0,0.0,19.75,11.61,20.0,49,hitl
135,2026-04-08 15:45,supplier_1,supplier,0,786.98,,,,,,,,,,,,,49,hitl
135,2026-04-08 15:45,farm_1,farm,1,,523.95,0.095,,,,,,,,,,,49,hitl
135,2026-04-08 15:45,slaughterhouse_1,slaughterhouse,0,,,,391.2,400.0,,,,,,,,,49,hitl
135,2026-04-08 15:45,wholesaler_1,wholesaler,1,,,,,,56.76,50.0,,,,,,,49,hitl
135,2026-04-08 15:45,retail_1,retail,1,,,,,,,,1.45,30.0,0.0,20.0,11.61,20.0,49,hitl
136,2026-04-08 16:00,supplier_1,supplier,0,786.08,,,,,,,,,,,,,49,hitl
136,2026-04-08 16:00,farm_1,farm,1,,523.95,0.095,,,,,,,,,,,49,hitl
136,2026-04-08 16:00,slaughterhouse_1,slaughterhouse,0,,,,391.2,376.0,,,,,,,,,49,hitl
136,2026-04-08 16:00,wholesaler_1,wholesaler,1,,,,,,47.07,50.0,,,,,,,49,hitl
136,2026-04-08 16:00,retail_1,retail,1,,,,,,,,0.0,30.0,1.0,20.25,11.61,20.0,49,hitl
137,2026-04-08 16:15,supplier_1,supplier,0,784.82,,,,,,,,,,,,,49,hitl
137,2026-04-08 16:15,farm_1,farm,1,,523.95,0.095,,,,,,,,,,,49,hitl
137,2026-04-08 16:15,slaughterhouse_1,slaughterhouse,0,,,,391.2,386.44,,,,,,,,,49,hitl
137,2026-04-08 16:15,wholesaler_1,wholesaler,1,,,,,,69.14,50.0,,,,,,,49,hitl
137,2026-04-08 16:15,retail_1,retail,1,,,,,,,,7.25,30.0,1.0,20.5,11.61,20.0,49,hitl
138,2026-04-08 16:30,supplier_1,supplier,0,783.88,,,,,,,,,,,,,49,hitl
138,2026-04-08 16:30,farm_1,farm,1,,523.95,0.095,,,,,,,,,,,49,hitl
138,2026-04-08 16:30,slaughterhouse_1,slaughterhouse,0,,,,391.2,397.54,,,,,,,,,49,hitl
138,2026-04-08 16:30,wholesaler_1,wholesaler,1,,,,,,67.58,50.0,,,,,,,49,hitl
138,2026-04-08 16:30,retail_1,retail,1,,,,,,,,4.32,30.0,0.0,20.75,11.61,20.0,49,hitl
139,2026-04-08 16:45,supplier_1,supplier,0,782.4,,,,,,,,,,,,,49,hitl
139,2026-04-08 16:45,farm_1,farm,1,,523.95,0.095,,,,,,,,,,,49,hitl
139,2026-04-08 16:45,slaughterhouse_1,slaughterhouse,0,,,,391.2,400.0,,,,,,,,,49,hitl
139,2026-04-08 16:45,wholesaler_1,wholesaler,1,,,,,,64.81,50.0,,,,,,,49,hitl
139,2026-04-08 16:45,retail_1,retail,1,,,,,,,,1.35,30.0,0.0,21.0,11.61,20.0,49,hitl
140,2026-04-08 17:00,supplier_1,supplier,0,781.84,,,,,,,,,,,,,49,hitl
140,2026-04-08 17:00,farm_1,farm,1,,523.95,0.095,,,,,,,,,,,49,hitl
140,2026-04-08 17:00,slaughterhouse_1,slaughterhouse,0,,,,391.2,400.0,,,,,,,,,49,hitl
140,2026-04-08 17:00,wholesaler_1,wholesaler,1,,,,,,54.78,50.0,,,,,,,49,hitl
140,2026-04-08 17:00,retail_1,retail,1,,,,,,,,0.0,30.0,1.0,21.25,11.61,20.0,49,hitl
141,2026-04-08 17:15,supplier_1,supplier,0,780.62,,,,,,,,,,,,,49,hitl
141,2026-04-08 17:15,farm_1,farm,1,,523.95,0.095,,,,,,,,,,,49,hitl
141,2026-04-08 17:15,slaughterhouse_1,slaughterhouse,0,,,,391.2,400.0,,,,,,,,,49,hitl
141,2026-04-08 17:15,wholesaler_1,wholesaler,1,,,,,,52.71,50.0,,,,,,,49,hitl
141,2026-04-08 17:15,retail_1,retail,1,,,,,,,,7.25,30.0,1.0,21.5,11.61,20.0,49,hitl
142,2026-04-08 17:30,supplier_1,supplier,0,779.68,,,,,,,,,,,,,49,hitl
142,2026-04-08 17:30,farm_1,farm,1,,523.95,0.095,,,,,,,,,,,49,hitl
142,2026-04-08 17:30,slaughterhouse_1,slaughterhouse,0,,,,391.2,400.0,,,,,,,,,49,hitl
142,2026-04-08 17:30,wholesaler_1,wholesaler,1,,,,,,51.18,50.0,,,,,,,49,hitl
142,2026-04-08 17:30,retail_1,retail,1,,,,,,,,4.52,30.0,0.0,21.75,11.61,20.0,49,hitl
143,2026-04-08 17:45,supplier_1,supplier,0,778.29,,,,,,,,,,,,,49,hitl
143,2026-04-08 17:45,farm_1,farm,1,,523.95,0.095,,,,,,,,,,,49,hitl
143,2026-04-08 17:45,slaughterhouse_1,slaughterhouse,0,,,,391.2,400.0,,,,,,,,,49,hitl
143,2026-04-08 17:45,wholesaler_1,wholesaler,1,,,,,,48.47,50.0,,,,,,,49,hitl
143,2026-04-08 17:45,retail_1,retail,1,,,,,,,,1.31,30.0,0.0,22.0,11.61,20.0,49,hitl
144,2026-04-08 18:00,supplier_1,supplier,0,777.77,,,,,,,,,,,,,49,hitl
144,2026-04-08 18:00,farm_1,farm,1,,523.95,0.095,,,,,,,,,,,49,hitl
144,2026-04-08 18:00,slaughterhouse_1,slaughterhouse,0,,,,391.2,376.0,,,,,,,,,49,hitl
144,2026-04-08 18:00,wholesaler_1,wholesaler,1,,,,,,38.55,50.0,,,,,,,49,hitl
144,2026-04-08 18:00,retail_1,retail,1,,,,,,,,0.0,30.0,1.0,22.25,11.61,20.0,49,hitl
145,2026-04-08 18:15,supplier_1,supplier,0,777.14,,,,,,,,,,,,,49,hitl
145,2026-04-08 18:15,farm_1,farm,1,,523.95,0.095,,,,,,,,,,,49,hitl
145,2026-04-08 18:15,slaughterhouse_1,slaughterhouse,0,,,,391.2,386.73,,,,,,,,,49,hitl
145,2026-04-08 18:15,wholesaler_1,wholesaler,1,,,,,,59.84,50.0,,,,,,,49,hitl
145,2026-04-08 18:15,retail_1,retail,1,,,,,,,,7.25,30.0,1.0,22.5,11.61,20.0,49,hitl
146,2026-04-08 18:30,supplier_1,supplier,0,775.84,,,,,,,,,,,,,49,hitl
146,2026-04-08 18:30,farm_1,farm,1,,523.95,0.095,,,,,,,,,,,49,hitl
146,2026-04-08 18:30,slaughterhouse_1,slaughterhouse,0,,,,391.2,397.54,,,,,,,,,49,hitl
146,2026-04-08 18:30,wholesaler_1,wholesaler,1,,,,,,57.43,50.0,,,,,,,49,hitl
146,2026-04-08 18:30,retail_1,retail,1,,,,,,,,4.61,30.0,0.0,22.75,11.61,20.0,49,hitl
147,2026-04-08 18:45,supplier_1,supplier,0,774.92,,,,,,,,,,,,,49,hitl
147,2026-04-08 18:45,farm_1,farm,1,,523.95,0.095,,,,,,,,,,,49,hitl
147,2026-04-08 18:45,slaughterhouse_1,slaughterhouse,0,,,,391.2,400.0,,,,,,,,,49,hitl
147,2026-04-08 18:45,wholesaler_1,wholesaler,1,,,,,,54.86,50.0,,,,,,,49,hitl
147,2026-04-08 18:45,retail_1,retail,1,,,,,,,,1.77,30.0,0.0,23.0,11.61,20.0,49,hitl
148,2026-04-08 19:00,supplier_1,supplier,0,774.28,,,,,,,,,,,,,49,hitl
148,2026-04-08 19:00,farm_1,farm,1,,523.95,0.095,,,,,,,,,,,49,hitl
148,2026-04-08 19:00,slaughterhouse_1,slaughterhouse,0,,,,391.2,400.0,,,,,,,,,49,hitl
148,2026-04-08 19:00,wholesaler_1,wholesaler,1,,,,,,45.92,50.0,,,,,,,49,hitl
148,2026-04-08 19:00,retail_1,retail,1,,,,,,,,0.0,30.0,1.0,23.25,11.61,20.0,49,hitl
149,2026-04-08 19:15,supplier_1,supplier,0,773.57,,,,,,,,,,,,,49,hitl
149,2026-04-08 19:15,farm_1,farm,1,,523.95,0.095,,,,,,,,,,,49,hitl
149,2026-04-08 19:15,slaughterhouse_1,slaughterhouse,0,,,,391.2,400.0,,,,,,,,,49,hitl
149,2026-04-08 19:15,wholesaler_1,wholesaler,1,,,,,,43.28,50.0,,,,,,,49,hitl
149,2026-04-08 19:15,retail_1,retail,1,,,,,,,,7.25,30.0,1.0,23.5,11.61,20.0,49,hitl
150,2026-04-08 19:30,supplier_1,supplier,0,772.52,,,,,,,,,,,,,49,hitl
150,2026-04-08 19:30,farm_1,farm,1,,523.95,0.095,,,,,,,,,,,49,hitl
150,2026-04-08 19:30,slaughterhouse_1,slaughterhouse,0,,,,391.2,400.0,,,,,,,,,49,hitl
150,2026-04-08 19:30,wholesaler_1,wholesaler,1,,,,,,41.58,50.0,,,,,,,49,hitl
150,2026-04-08 19:30,retail_1,retail,1,,,,,,,,4.02,30.0,0.0,23.75,11.61,20.0,49,hitl
151,2026-04-08 19:45,supplier_1,supplier,0,771.74,,,,,,,,,,,,,49,hitl
151,2026-04-08 19:45,farm_1,farm,1,,523.95,0.095,,,,,,,,,,,49,hitl
151,2026-04-08 19:45,slaughterhouse_1,slaughterhouse,0,,,,391.2,400.0,,,,,,,,,49,hitl
151,2026-04-08 19:45,wholesaler_1,wholesaler,1,,,,,,39.92,50.0,,,,,,,49,hitl
151,2026-04-08 19:45,retail_1,retail,1,,,,,,,,0.96,30.0,0.0,24.0,11.61,20.0,49,hitl
152,2026-04-08 20:00,supplier_1,supplier,0,770.57,,,,,,,,,,,,,49,hitl
152,2026-04-08 20:00,farm_1,farm,1,,523.95,0.095,,,,,,,,,,,49,hitl
152,2026-04-08 20:00,slaughterhouse_1,slaughterhouse,0,,,,391.2,376.0,,,,,,,,,49,hitl
152,2026-04-08 20:00,wholesaler_1,wholesaler,1,,,,,,30.89,50.0,,,,,,,49,hitl
152,2026-04-08 20:00,retail_1,retail,1,,,,,,,,0.0,30.0,1.0,24.25,11.61,20.0,49,hitl
153,2026-04-08 20:15,supplier_1,supplier,0,769.28,,,,,,,,,,,,,49,hitl
153,2026-04-08 20:15,farm_1,farm,1,,523.95,0.095,,,,,,,,,,,49,hitl
153,2026-04-08 20:15,slaughterhouse_1,slaughterhouse,0,,,,391.2,386.17,,,,,,,,,49,hitl
153,2026-04-08 20:15,wholesaler_1,wholesaler,1,,,,,,52.75,50.0,,,,,,,49,hitl
153,2026-04-08 20:15,retail_1,retail,1,,,,,,,,7.25,30.0,1.0,24.5,11.61,20.0,49,hitl
154,2026-04-08 20:30,supplier_1,supplier,0,767.99,,,,,,,,,,,,,49,hitl
154,2026-04-08 20:30,farm_1,farm,1,,523.95,0.095,,,,,,,,,,,49,hitl
154,2026-04-08 20:30,slaughterhouse_1,slaughterhouse,0,,,,391.2,396.98,,,,,,,,,49,hitl
154,2026-04-08 20:30,wholesaler_1,wholesaler,1,,,,,,49.88,50.0,,,,,,,49,hitl
154,2026-04-08 20:30,retail_1,retail,1,,,,,,,,4.67,30.0,0.0,24.75,11.61,20.0,49,hitl
155,2026-04-08 20:45,supplier_1,supplier,0,766.95,,,,,,,,,,,,,49,hitl
155,2026-04-08 20:45,farm_1,farm,1,,523.95,0.095,,,,,,,,,,,49,hitl
155,2026-04-08 20:45,slaughterhouse_1,slaughterhouse,0,,,,391.2,400.0,,,,,,,,,49,hitl
155,2026-04-08 20:45,wholesaler_1,wholesaler,1,,,,,,47.7,50.0,,,,,,,49,hitl
155,2026-04-08 20:45,retail_1,retail,1,,,,,,,,1.54,30.0,0.0,25.0,11.61,20.0,49,hitl
156,2026-04-08 21:00,supplier_1,supplier,0,765.82,,,,,,,,,,,,,49,hitl
156,2026-04-08 21:00,farm_1,farm,1,,523.95,0.095,,,,,,,,,,,49,hitl
156,2026-04-08 21:00,slaughterhouse_1,slaughterhouse,0,,,,391.2,400.0,,,,,,,,,49,hitl
156,2026-04-08 21:00,wholesaler_1,wholesaler,1,,,,,,37.87,50.0,,,,,,,49,hitl
156,2026-04-08 21:00,retail_1,retail,1,,,,,,,,0.0,30.0,1.0,25.25,11.61,20.0,49,hitl
157,2026-04-08 21:15,supplier_1,supplier,0,764.43,,,,,,,,,,,,,49,hitl
157,2026-04-08 21:15,farm_1,farm,1,,523.95,0.095,,,,,,,,,,,49,hitl
157,2026-04-08 21:15,slaughterhouse_1,slaughterhouse,0,,,,391.2,400.0,,,,,,,,,49,hitl
157,2026-04-08 21:15,wholesaler_1,wholesaler,1,,,,,,35.29,50.0,,,,,,,49,hitl
157,2026-04-08 21:15,retail_1,retail,1,,,,,,,,7.25,30.0,1.0,25.5,11.61,20.0,49,hitl
158,2026-04-08 21:30,supplier_1,supplier,0,763.26,,,,,,,,,,,,,49,hitl
158,2026-04-08 21:30,farm_1,farm,1,,523.95,0.095,,,,,,,,,,,49,hitl
158,2026-04-08 21:30,slaughterhouse_1,slaughterhouse,0,,,,391.2,400.0,,,,,,,,,49,hitl
158,2026-04-08 21:30,wholesaler_1,wholesaler,1,,,,,,32.74,50.0,,,,,,,49,hitl
158,2026-04-08 21:30,retail_1,retail,1,,,,,,,,4.66,30.0,0.0,25.75,11.61,20.0,49,hitl
159,2026-04-08 21:45,supplier_1,supplier,0,762.16,,,,,,,,,,,,,49,hitl
159,2026-04-08 21:45,farm_1,farm,1,,523.95,0.095,,,,,,,,,,,49,hitl
159,2026-04-08 21:45,slaughterhouse_1,slaughterhouse,0,,,,391.2,400.0,,,,,,,,,49,hitl
159,2026-04-08 21:45,wholesaler_1,wholesaler,1,,,,,,30.44,50.0,,,,,,,49,hitl
159,2026-04-08 21:45,retail_1,retail,1,,,,,,,,1.67,30.0,0.0,26.0,11.61,20.0,49,hitl
160,2026-04-08 22:00,supplier_1,supplier,0,761.53,,,,,,,,,,,,,49,hitl
160,2026-04-08 22:00,farm_1,farm,1,,523.95,0.095,,,,,,,,,,,49,hitl
160,2026-04-08 22:00,slaughterhouse_1,slaughterhouse,0,,,,391.2,376.0,,,,,,,,,49,hitl
160,2026-04-08 22:00,wholesaler_1,wholesaler,1,,,,,,28.24,50.0,,,,,,,49,hitl
160,2026-04-08 22:00,retail_1,retail,1,,,,,,,,0.0,30.0,1.0,26.25,11.61,20.0,49,hitl
161,2026-04-08 22:15,supplier_1,supplier,0,760.4,,,,,,,,,,,,,49,hitl
161,2026-04-08 22:15,farm_1,farm,1,,523.95,0.095,,,,,,,,,,,49,hitl
161,2026-04-08 22:15,slaughterhouse_1,slaughterhouse,0,,,,391.2,386.44,,,,,,,,,49,hitl
161,2026-04-08 22:15,wholesaler_1,wholesaler,1,,,,,,49.8,50.0,,,,,,,49,hitl
161,2026-04-08 22:15,retail_1,retail,1,,,,,,,,0.0,30.0,1.0,26.5,11.61,20.0,49,hitl
162,2026-04-08 22:30,supplier_1,supplier,0,759.65,,,,,,,,,,,,,49,hitl
162,2026-04-08 22:30,farm_1,farm,1,,523.95,0.095,,,,,,,,,,,49,hitl
162,2026-04-08 22:30,slaughterhouse_1,slaughterhouse,0,,,,391.2,397.21,,,,,,,,,49,hitl
162,2026-04-08 22:30,wholesaler_1,wholesaler,1,,,,,,47.28,50.0,,,,,,,49,hitl
162,2026-04-08 22:30,retail_1,retail,1,,,,,,,,0.0,30.0,1.0,26.75,11.61,20.0,49,hitl
163,2026-04-08 22:45,supplier_1,supplier,0,758.54,,,,,,,,,,,,,49,hitl
163,2026-04-08 22:45,farm_1,farm,1,,523.95,0.095,,,,,,,,,,,49,hitl
163,2026-04-08 22:45,slaughterhouse_1,slaughterhouse,0,,,,391.2,400.0,,,,,,,,,49,hitl
163,2026-04-08 22:45,wholesaler_1,wholesaler,1,,,,,,44.85,50.0,,,,,,,49,hitl
163,2026-04-08 22:45,retail_1,retail,1,,,,,,,,0.0,30.0,1.0,27.0,11.61,20.0,49,hitl
164,2026-04-08 23:00,supplier_1,supplier,0,757.53,,,,,,,,,,,,,49,hitl
164,2026-04-08 23:00,farm_1,farm,1,,523.95,0.095,,,,,,,,,,,49,hitl
164,2026-04-08 23:00,slaughterhouse_1,slaughterhouse,0,,,,391.2,400.0,,,,,,,,,49,hitl
164,2026-04-08 23:00,wholesaler_1,wholesaler,1,,,,,,35.98,50.0,,,,,,,49,hitl
164,2026-04-08 23:00,retail_1,retail,1,,,,,,,,0.0,30.0,1.0,27.25,11.61,20.0,49,hitl
165,2026-04-08 23:15,supplier_1,supplier,0,756.71,,,,,,,,,,,,,49,hitl
165,2026-04-08 23:15,farm_1,farm,1,,523.95,0.095,,,,,,,,,,,49,hitl
165,2026-04-08 23:15,slaughterhouse_1,slaughterhouse,0,,,,391.2,400.0,,,,,,,,,49,hitl
165,2026-04-08 23:15,wholesaler_1,wholesaler,1,,,,,,33.45,50.0,,,,,,,49,hitl
165,2026-04-08 23:15,retail_1,retail,1,,,,,,,,7.25,30.0,1.0,27.5,11.61,20.0,49,hitl
166,2026-04-08 23:30,supplier_1,supplier,0,755.51,,,,,,,,,,,,,49,hitl
166,2026-04-08 23:30,farm_1,farm,1,,523.95,0.095,,,,,,,,,,,49,hitl
166,2026-04-08 23:30,slaughterhouse_1,slaughterhouse,0,,,,391.2,400.0,,,,,,,,,49,hitl
166,2026-04-08 23:30,wholesaler_1,wholesaler,1,,,,,,31.43,50.0,,,,,,,49,hitl
166,2026-04-08 23:30,retail_1,retail,1,,,,,,,,4.42,30.0,0.0,27.75,11.61,20.0,49,hitl
167,2026-04-08 23:45,supplier_1,supplier,0,754.17,,,,,,,,,,,,,49,hitl
167,2026-04-08 23:45,farm_1,farm,1,,523.95,0.095,,,,,,,,,,,49,hitl
167,2026-04-08 23:45,slaughterhouse_1,slaughterhouse,0,,,,391.2,400.0,,,,,,,,,49,hitl
167,2026-04-08 23:45,wholesaler_1,wholesaler,1,,,,,,29.3,50.0,,,,,,,49,hitl
167,2026-04-08 23:45,retail_1,retail,1,,,,,,,,1.6,30.0,0.0,28.0,11.61,20.0,49,hitl
168,2026-04-09 00:00,supplier_1,supplier,0,753.48,,,,,,,,,,,,,49,hitl
168,2026-04-09 00:00,farm_1,farm,1,,523.95,0.095,,,,,,,,,,,49,hitl
168,2026-04-09 00:00,slaughterhouse_1,slaughterhouse,0,,,,391.2,376.0,,,,,,,,,49,hitl
168,2026-04-09 00:00,wholesaler_1,wholesaler,1,,,,,,27.78,50.0,,,,,,,49,hitl
168,2026-04-09 00:00,retail_1,retail,1,,,,,,,,0.0,30.0,1.0,28.25,11.61,20.0,49,hitl
169,2026-04-09 00:15,supplier_1,supplier,0,752.26,,,,,,,,,,,,,49,hitl
169,2026-04-09 00:15,farm_1,farm,1,,523.95,0.095,,,,,,,,,,,49,hitl
169,2026-04-09 00:15,slaughterhouse_1,slaughterhouse,0,,,,391.2,387.65,,,,,,,,,49,hitl
169,2026-04-09 00:15,wholesaler_1,wholesaler,1,,,,,,49.33,50.0,,,,,,,49,hitl
169,2026-04-09 00:15,retail_1,retail,1,,,,,,,,0.0,30.0,1.0,28.5,11.61,20.0,49,hitl
170,2026-04-09 00:30,supplier_1,supplier,0,751.55,,,,,,,,,,,,,49,hitl
170,2026-04-09 00:30,farm_1,farm,1,,523.95,0.095,,,,,,,,,,,49,hitl
170,2026-04-09 00:30,slaughterhouse_1,slaughterhouse,0,,,,391.2,398.77,,,,,,,,,49,hitl
170,2026-04-09 00:30,wholesaler_1,wholesaler,1,,,,,,46.81,50.0,,,,,,,49,hitl
170,2026-04-09 00:30,retail_1,retail,1,,,,,,,,0.0,30.0,1.0,28.75,11.61,20.0,49,hitl
171,2026-04-09 00:45,supplier_1,supplier,0,750.31,,,,,,,,,,,,,49,hitl
171,2026-04-09 00:45,farm_1,farm,1,,523.95,0.095,,,,,,,,,,,49,hitl
171,2026-04-09 00:45,slaughterhouse_1,slaughterhouse,0,,,,391.2,400.0,,,,,,,,,49,hitl
171,2026-04-09 00:45,wholesaler_1,wholesaler,1,,,,,,44.37,50.0,,,,,,,49,hitl
171,2026-04-09 00:45,retail_1,retail,1,,,,,,,,0.0,30.0,1.0,29.0,11.61,20.0,49,hitl
172,2026-04-09 01:00,supplier_1,supplier,0,749.08,,,,,,,,,,,,,49,hitl
172,2026-04-09 01:00,farm_1,farm,1,,523.95,0.095,,,,,,,,,,,49,hitl
172,2026-04-09 01:00,slaughterhouse_1,slaughterhouse,0,,,,391.2,400.0,,,,,,,,,49,hitl
172,2026-04-09 01:00,wholesaler_1,wholesaler,1,,,,,,34.2,50.0,,,,,,,49,hitl
172,2026-04-09 01:00,retail_1,retail,1,,,,,,,,0.0,30.0,1.0,29.25,11.61,20.0,49,hitl
173,2026-04-09 01:15,supplier_1,supplier,0,747.66,,,,,,,,,,,,,49,hitl
173,2026-04-09 01:15,farm_1,farm,1,,523.95,0.095,,,,,,,,,,,49,hitl
173,2026-04-09 01:15,slaughterhouse_1,slaughterhouse,0,,,,391.2,400.0,,,,,,,,,49,hitl
173,2026-04-09 01:15,wholesaler_1,wholesaler,1,,,,,,32.06,50.0,,,,,,,49,hitl
173,2026-04-09 01:15,retail_1,retail,1,,,,,,,,7.25,30.0,1.0,29.5,11.61,20.0,49,hitl
174,2026-04-09 01:30,supplier_1,supplier,0,746.42,,,,,,,,,,,,,49,hitl
174,2026-04-09 01:30,farm_1,farm,1,,523.95,0.095,,,,,,,,,,,49,hitl
174,2026-04-09 01:30,slaughterhouse_1,slaughterhouse,0,,,,391.2,400.0,,,,,,,,,49,hitl
174,2026-04-09 01:30,wholesaler_1,wholesaler,1,,,,,,29.55,50.0,,,,,,,49,hitl
174,2026-04-09 01:30,retail_1,retail,1,,,,,,,,4.23,30.0,0.0,29.75,11.61,20.0,49,hitl
175,2026-04-09 01:45,supplier_1,supplier,0,745.3,,,,,,,,,,,,,49,hitl
175,2026-04-09 01:45,farm_1,farm,1,,523.95,0.095,,,,,,,,,,,49,hitl
175,2026-04-09 01:45,slaughterhouse_1,slaughterhouse,0,,,,391.2,400.0,,,,,,,,,49,hitl
175,2026-04-09 01:45,wholesaler_1,wholesaler,1,,,,,,27.52,50.0,,,,,,,49,hitl
175,2026-04-09 01:45,retail_1,retail,1,,,,,,,,1.35,30.0,0.0,30.0,11.61,20.0,49,hitl
176,2026-04-09 02:00,supplier_1,supplier,0,744.58,,,,,,,,,,,,,49,hitl
176,2026-04-09 02:00,farm_1,farm,1,,523.95,0.095,,,,,,,,,,,49,hitl
176,2026-04-09 02:00,slaughterhouse_1,slaughterhouse,0,,,,391.2,376.0,,,,,,,,,49,hitl
176,2026-04-09 02:00,wholesaler_1,wholesaler,1,,,,,,25.48,50.0,,,,,,,49,hitl
176,2026-04-09 02:00,retail_1,retail,1,,,,,,,,0.0,30.0,1.0,30.25,11.61,20.0,49,hitl
177,2026-04-09 02:15,supplier_1,supplier,0,743.48,,,,,,,,,,,,,49,hitl
177,2026-04-09 02:15,farm_1,farm,1,,523.95,0.095,,,,,,,,,,,49,hitl
177,2026-04-09 02:15,slaughterhouse_1,slaughterhouse,0,,,,391.2,386.58,,,,,,,,,49,hitl
177,2026-04-09 02:15,wholesaler_1,wholesaler,1,,,,,,47.26,50.0,,,,,,,49,hitl
177,2026-04-09 02:15,retail_1,retail,1,,,,,,,,0.0,30.0,1.0,30.5,11.61,20.0,49,hitl
178,2026-04-09 02:30,supplier_1,supplier,0,742.59,,,,,,,,,,,,,49,hitl
178,2026-04-09 02:30,farm_1,farm,1,,523.95,0.095,,,,,,,,,,,49,hitl
178,2026-04-09 02:30,slaughterhouse_1,slaughterhouse,0,,,,391.2,397.05,,,,,,,,,49,hitl
178,2026-04-09 02:30,wholesaler_1,wholesaler,1,,,,,,44.54,50.0,,,,,,,49,hitl
178,2026-04-09 02:30,retail_1,retail,1,,,,,,,,0.0,30.0,1.0,30.75,11.61,20.0,49,hitl
179,2026-04-09 02:45,supplier_1,supplier,0,741.62,,,,,,,,,,,,,49,hitl
179,2026-04-09 02:45,farm_1,farm,1,,523.95,0.095,,,,,,,,,,,49,hitl
179,2026-04-09 02:45,slaughterhouse_1,slaughterhouse,0,,,,391.2,400.0,,,,,,,,,49,hitl
179,2026-04-09 02:45,wholesaler_1,wholesaler,1,,,,,,42.78,50.0,,,,,,,49,hitl
179,2026-04-09 02:45,retail_1,retail,1,,,,,,,,0.0,30.0,1.0,31.0,11.61,20.0,49,hitl
180,2026-04-09 03:00,supplier_1,supplier,0,740.26,,,,,,,,,,,,,49,hitl
180,2026-04-09 03:00,farm_1,farm,1,,523.95,0.095,,,,,,,,,,,49,hitl
180,2026-04-09 03:00,slaughterhouse_1,slaughterhouse,0,,,,391.2,400.0,,,,,,,,,49,hitl
180,2026-04-09 03:00,wholesaler_1,wholesaler,1,,,,,,32.67,50.0,,,,,,,49,hitl
180,2026-04-09 03:00,retail_1,retail,1,,,,,,,,0.0,30.0,1.0,31.25,11.61,20.0,49,hitl
181,2026-04-09 03:15,supplier_1,supplier,0,739.36,,,,,,,,,,,,,49,hitl
181,2026-04-09 03:15,farm_1,farm,1,,523.95,0.095,,,,,,,,,,,49,hitl
181,2026-04-09 03:15,slaughterhouse_1,slaughterhouse,0,,,,391.2,400.0,,,,,,,,,49,hitl
181,2026-04-09 03:15,wholesaler_1,wholesaler,1,,,,,,30.77,50.0,,,,,,,49,hitl
181,2026-04-09 03:15,retail_1,retail,1,,,,,,,,7.25,30.0,1.0,31.5,11.61,20.0,49,hitl
182,2026-04-09 03:30,supplier_1,supplier,0,738.27,,,,,,,,,,,,,49,hitl
182,2026-04-09 03:30,farm_1,farm,1,,523.95,0.095,,,,,,,,,,,49,hitl
182,2026-04-09 03:30,slaughterhouse_1,slaughterhouse,0,,,,391.2,400.0,,,,,,,,,49,hitl
182,2026-04-09 03:30,wholesaler_1,wholesaler,1,,,,,,28.31,50.0,,,,,,,49,hitl
182,2026-04-09 03:30,retail_1,retail,1,,,,,,,,4.23,30.0,0.0,31.75,11.61,20.0,49,hitl
183,2026-04-09 03:45,supplier_1,supplier,0,736.8,,,,,,,,,,,,,49,hitl
183,2026-04-09 03:45,farm_1,farm,1,,523.95,0.095,,,,,,,,,,,49,hitl
183,2026-04-09 03:45,slaughterhouse_1,slaughterhouse,0,,,,391.2,400.0,,,,,,,,,49,hitl
183,2026-04-09 03:45,wholesaler_1,wholesaler,1,,,,,,25.89,50.0,,,,,,,49,hitl
183,2026-04-09 03:45,retail_1,retail,1,,,,,,,,1.54,30.0,0.0,32.0,11.61,20.0,49,hitl
184,2026-04-09 04:00,supplier_1,supplier,0,736.01,,,,,,,,,,,,,49,hitl
184,2026-04-09 04:00,farm_1,farm,1,,523.95,0.095,,,,,,,,,,,49,hitl
184,2026-04-09 04:00,slaughterhouse_1,slaughterhouse,0,,,,391.2,376.0,,,,,,,,,49,hitl
184,2026-04-09 04:00,wholesaler_1,wholesaler,1,,,,,,24.11,50.0,,,,,,,49,hitl
184,2026-04-09 04:00,retail_1,retail,1,,,,,,,,0.0,30.0,1.0,32.25,11.61,20.0,49,hitl
185,2026-04-09 04:15,supplier_1,supplier,0,734.86,,,,,,,,,,,,,49,hitl
185,2026-04-09 04:15,farm_1,farm,1,,523.95,0.095,,,,,,,,,,,49,hitl
185,2026-04-09 04:15,slaughterhouse_1,slaughterhouse,0,,,,391.2,387.33,,,,,,,,,49,hitl
185,2026-04-09 04:15,wholesaler_1,wholesaler,1,,,,,,45.32,50.0,,,,,,,49,hitl
185,2026-04-09 04:15,retail_1,retail,1,,,,,,,,0.0,30.0,1.0,32.5,11.61,20.0,49,hitl
186,2026-04-09 04:30,supplier_1,supplier,0,733.95,,,,,,,,,,,,,49,hitl
186,2026-04-09 04:30,farm_1,farm,1,,523.95,0.095,,,,,,,,,,,49,hitl
186,2026-04-09 04:30,slaughterhouse_1,slaughterhouse,0,,,,391.2,399.0,,,,,,,,,49,hitl
186,2026-04-09 04:30,wholesaler_1,wholesaler,1,,,,,,42.8,50.0,,,,,,,49,hitl
186,2026-04-09 04:30,retail_1,retail,1,,,,,,,,0.0,30.0,1.0,32.75,11.61,20.0,49,hitl
187,2026-04-09 04:45,supplier_1,supplier,0,733.04,,,,,,,,,,,,,49,hitl
187,2026-04-09 04:45,farm_1,farm,1,,523.95,0.095,,,,,,,,,,,49,hitl
187,2026-04-09 04:45,slaughterhouse_1,slaughterhouse,0,,,,391.2,400.0,,,,,,,,,49,hitl
187,2026-04-09 04:45,wholesaler_1,wholesaler,1,,,,,,40.79,50.0,,,,,,,49,hitl
187,2026-04-09 04:45,retail_1,retail,1,,,,,,,,0.0,30.0,1.0,33.0,11.61,20.0,49,hitl
188,2026-04-09 05:00,supplier_1,supplier,0,732.29,,,,,,,,,,,,,49,hitl
188,2026-04-09 05:00,farm_1,farm,1,,523.95,0.095,,,,,,,,,,,49,hitl
188,2026-04-09 05:00,slaughterhouse_1,slaughterhouse,0,,,,391.2,400.0,,,,,,,,,49,hitl
188,2026-04-09 05:00,wholesaler_1,wholesaler,1,,,,,,31.99,50.0,,,,,,,49,hitl
188,2026-04-09 05:00,retail_1,retail,1,,,,,,,,0.0,30.0,1.0,33.25,11.61,20.0,49,hitl
189,2026-04-09 05:15,supplier_1,supplier,0,731.74,,,,,,,,,,,,,49,hitl
189,2026-04-09 05:15,farm_1,farm,1,,523.95,0.095,,,,,,,,,,,49,hitl
189,2026-04-09 05:15,slaughterhouse_1,slaughterhouse,0,,,,391.2,400.0,,,,,,,,,49,hitl
189,2026-04-09 05:15,wholesaler_1,wholesaler,1,,,,,,29.35,50.0,,,,,,,49,hitl
189,2026-04-09 05:15,retail_1,retail,1,,,,,,,,7.25,30.0,1.0,33.5,11.61,20.0,49,hitl
190,2026-04-09 05:30,supplier_1,supplier,0,730.99,,,,,,,,,,,,,49,hitl
190,2026-04-09 05:30,farm_1,farm,1,,523.95,0.095,,,,,,,,,,,49,hitl
190,2026-04-09 05:30,slaughterhouse_1,slaughterhouse,0,,,,391.2,400.0,,,,,,,,,49,hitl
190,2026-04-09 05:30,wholesaler_1,wholesaler,1,,,,,,27.22,50.0,,,,,,,49,hitl
190,2026-04-09 05:30,retail_1,retail,1,,,,,,,,4.27,30.0,0.0,33.75,11.61,20.0,49,hitl
191,2026-04-09 05:45,supplier_1,supplier,0,729.67,,,,,,,,,,,,,49,hitl
191,2026-04-09 05:45,farm_1,farm,1,,523.95,0.095,,,,,,,,,,,49,hitl
191,2026-04-09 05:45,slaughterhouse_1,slaughterhouse,0,,,,391.2,400.0,,,,,,,,,49,hitl
191,2026-04-09 05:45,wholesaler_1,wholesaler,1,,,,,,24.43,50.0,,,,,,,49,hitl
191,2026-04-09 05:45,retail_1,retail,1,,,,,,,,1.11,30.0,0.0,34.0,11.61,20.0,49,hitl
192,2026-04-09 06:00,supplier_1,supplier,0,728.44,,,,,,,,,,,,,49,hitl
192,2026-04-09 06:00,farm_1,farm,1,,523.95,0.095,,,,,,,,,,,49,hitl
192,2026-04-09 06:00,slaughterhouse_1,slaughterhouse,0,,,,391.2,376.0,,,,,,,,,49,hitl
192,2026-04-09 06:00,wholesaler_1,wholesaler,1,,,,,,22.04,50.0,,,,,,,49,hitl
192,2026-04-09 06:00,retail_1,retail,1,,,,,,,,0.0,30.0,1.0,34.25,11.61,20.0,49,hitl
193,2026-04-09 06:15,supplier_1,supplier,0,727.6,,,,,,,,,,,,,49,hitl
193,2026-04-09 06:15,farm_1,farm,1,,523.95,0.095,,,,,,,,,,,49,hitl
193,2026-04-09 06:15,slaughterhouse_1,slaughterhouse,0,,,,391.2,386.44,,,,,,,,,49,hitl
193,2026-04-09 06:15,wholesaler_1,wholesaler,1,,,,,,43.54,50.0,,,,,,,49,hitl
193,2026-04-09 06:15,retail_1,retail,1,,,,,,,,0.0,30.0,1.0,34.5,11.61,20.0,49,hitl
194,2026-04-09 06:30,supplier_1,supplier,0,726.74,,,,,,,,,,,,,49,hitl
194,2026-04-09 06:30,farm_1,farm,1,,523.95,0.095,,,,,,,,,,,49,hitl
194,2026-04-09 06:30,slaughterhouse_1,slaughterhouse,0,,,,391.2,396.44,,,,,,,,,49,hitl
194,2026-04-09 06:30,wholesaler_1,wholesaler,1,,,,,,40.64,50.0,,,,,,,49,hitl
194,2026-04-09 06:30,retail_1,retail,1,,,,,,,,0.0,30.0,1.0,34.75,11.61,20.0,49,hitl
195,2026-04-09 06:45,supplier_1,supplier,0,725.45,,,,,,,,,,,,,49,hitl
195,2026-04-09 06:45,farm_1,farm,1,,523.95,0.095,,,,,,,,,,,49,hitl
195,2026-04-09 06:45,slaughterhouse_1,slaughterhouse,0,,,,391.2,400.0,,,,,,,,,49,hitl
195,2026-04-09 06:45,wholesaler_1,wholesaler,1,,,,,,38.2,50.0,,,,,,,49,hitl
195,2026-04-09 06:45,retail_1,retail,1,,,,,,,,0.0,30.0,1.0,35.0,11.61,20.0,49,hitl
196,2026-04-09 07:00,supplier_1,supplier,0,724.72,,,,,,,,,,,,,49,hitl
196,2026-04-09 07:00,farm_1,farm,1,,523.95,0.095,,,,,,,,,,,49,hitl
196,2026-04-09 07:00,slaughterhouse_1,slaughterhouse,0,,,,391.2,400.0,,,,,,,,,49,hitl
196,2026-04-09 07:00,wholesaler_1,wholesaler,1,,,,,,29.23,50.0,,,,,,,49,hitl
196,2026-04-09 07:00,retail_1,retail,1,,,,,,,,0.0,30.0,1.0,35.25,11.61,20.0,49,hitl
197,2026-04-09 07:15,supplier_1,supplier,0,723.31,,,,,,,,,,,,,49,hitl
197,2026-04-09 07:15,farm_1,farm,1,,523.95,0.095,,,,,,,,,,,49,hitl
197,2026-04-09 07:15,slaughterhouse_1,slaughterhouse,0,,,,391.2,400.0,,,,,,,,,49,hitl
197,2026-04-09 07:15,wholesaler_1,wholesaler,1,,,,,,27.6,50.0,,,,,,,49,hitl
197,2026-04-09 07:15,retail_1,retail,1,,,,,,,,7.25,30.0,1.0,35.5,11.61,20.0,49,hitl
198,2026-04-09 07:30,supplier_1,supplier,0,721.94,,,,,,,,,,,,,49,hitl
198,2026-04-09 07:30,farm_1,farm,1,,523.95,0.095,,,,,,,,,,,49,hitl
198,2026-04-09 07:30,slaughterhouse_1,slaughterhouse,0,,,,391.2,400.0,,,,,,,,,49,hitl
198,2026-04-09 07:30,wholesaler_1,wholesaler,1,,,,,,25.13,50.0,,,,,,,49,hitl
198,2026-04-09 07:30,retail_1,retail,1,,,,,,,,4.48,30.0,0.0,35.75,11.61,20.0,49,hitl
199,2026-04-09 07:45,supplier_1,supplier,0,721.41,,,,,,,,,,,,,49,hitl
199,2026-04-09 07:45,farm_1,farm,1,,523.95,0.095,,,,,,,,,,,49,hitl
199,2026-04-09 07:45,slaughterhouse_1,slaughterhouse,0,,,,391.2,400.0,,,,,,,,,49,hitl
199,2026-04-09 07:45,wholesaler_1,wholesaler,1,,,,,,23.36,50.0,,,,,,,49,hitl
199,2026-04-09 07:45,retail_1,retail,1,,,,,,,,1.39,30.0,0.0,36.0,11.61,20.0,49,hitl
200,2026-04-09 08:00,supplier_1,supplier,0,720.23,,,,,,,,,,,,,49,hitl
200,2026-04-09 08:00,farm_1,farm,1,,523.95,0.095,,,,,,,,,,,49,hitl
200,2026-04-09 08:00,slaughterhouse_1,slaughterhouse,0,,,,391.2,376.0,,,,,,,,,49,hitl
200,2026-04-09 08:00,wholesaler_1,wholesaler,1,,,,,,20.93,50.0,,,,,,,49,hitl
200,2026-04-09 08:00,retail_1,retail,1,,,,,,,,0.0,30.0,1.0,36.25,11.61,20.0,49,hitl
201,2026-04-09 08:15,supplier_1,supplier,0,719.53,,,,,,,,,,,,,49,hitl
201,2026-04-09 08:15,farm_1,farm,1,,523.95,0.095,,,,,,,,,,,49,hitl
201,2026-04-09 08:15,slaughterhouse_1,slaughterhouse,0,,,,391.2,386.18,,,,,,,,,49,hitl
201,2026-04-09 08:15,wholesaler_1,wholesaler,1,,,,,,42.54,50.0,,,,,,,49,hitl
201,2026-04-09 08:15,retail_1,retail,1,,,,,,,,0.0,30.0,1.0,36.5,11.61,20.0,49,hitl
202,2026-04-09 08:30,supplier_1,supplier,0,718.57,,,,,,,,,,,,,49,hitl
202,2026-04-09 08:30,farm_1,farm,1,,523.95,0.095,,,,,,,,,,,49,hitl
202,2026-04-09 08:30,slaughterhouse_1,slaughterhouse,0,,,,391.2,396.51,,,,,,,,,49,hitl
202,2026-04-09 08:30,wholesaler_1,wholesaler,1,,,,,,40.75,50.0,,,,,,,49,hitl
202,2026-04-09 08:30,retail_1,retail,1,,,,,,,,0.0,30.0,1.0,36.75,11.61,20.0,49,hitl
203,2026-04-09 08:45,supplier_1,supplier,0,717.4,,,,,,,,,,,,,49,hitl
203,2026-04-09 08:45,farm_1,farm,1,,523.95,0.095,,,,,,,,,,,49,hitl
203,2026-04-09 08:45,slaughterhouse_1,slaughterhouse,0,,,,391.2,400.0,,,,,,,,,49,hitl
203,2026-04-09 08:45,wholesaler_1,wholesaler,1,,,,,,39.11,50.0,,,,,,,49,hitl
203,2026-04-09 08:45,retail_1,retail,1,,,,,,,,0.0,30.0,1.0,37.0,11.61,20.0,49,hitl
204,2026-04-09 09:00,supplier_1,supplier,0,716.71,,,,,,,,,,,,,49,hitl
204,2026-04-09 09:00,farm_1,farm,1,,523.95,0.095,,,,,,,,,,,49,hitl
204,2026-04-09 09:00,slaughterhouse_1,slaughterhouse,0,,,,391.2,400.0,,,,,,,,,49,hitl
204,2026-04-09 09:00,wholesaler_1,wholesaler,1,,,,,,29.3,50.0,,,,,,,49,hitl
204,2026-04-09 09:00,retail_1,retail,1,,,,,,,,0.0,30.0,1.0,37.25,11.61,20.0,49,hitl
205,2026-04-09 09:15,supplier_1,supplier,0,715.38,,,,,,,,,,,,,49,hitl
205,2026-04-09 09:15,farm_1,farm,1,,523.95,0.095,,,,,,,,,,,49,hitl
205,2026-04-09 09:15,slaughterhouse_1,slaughterhouse,0,,,,391.2,400.0,,,,,,,,,49,hitl
205,2026-04-09 09:15,wholesaler_1,wholesaler,1,,,,,,27.05,50.0,,,,,,,49,hitl
205,2026-04-09 09:15,retail_1,retail,1,,,,,,,,7.25,30.0,1.0,37.5,11.61,20.0,49,hitl
206,2026-04-09 09:30,supplier_1,supplier,0,714.81,,,,,,,,,,,,,49,hitl
206,2026-04-09 09:30,farm_1,farm,1,,523.95,0.095,,,,,,,,,,,49,hitl
206,2026-04-09 09:30,slaughterhouse_1,slaughterhouse,0,,,,391.2,400.0,,,,,,,,,49,hitl
206,2026-04-09 09:30,wholesaler_1,wholesaler,1,,,,,,24.52,50.0,,,,,,,49,hitl
206,2026-04-09 09:30,retail_1,retail,1,,,,,,,,4.13,30.0,0.0,37.75,11.61,20.0,49,hitl
207,2026-04-09 09:45,supplier_1,supplier,0,713.64,,,,,,,,,,,,,49,hitl
207,2026-04-09 09:45,farm_1,farm,1,,523.95,0.095,,,,,,,,,,,49,hitl
207,2026-04-09 09:45,slaughterhouse_1,slaughterhouse,0,,,,391.2,400.0,,,,,,,,,49,hitl
207,2026-04-09 09:45,wholesaler_1,wholesaler,1,,,,,,21.68,50.0,,,,,,,49,hitl
207,2026-04-09 09:45,retail_1,retail,1,,,,,,,,1.49,30.0,0.0,38.0,11.61,20.0,49,hitl
208,2026-04-09 10:00,supplier_1,supplier,0,713.02,,,,,,,,,,,,,49,hitl
208,2026-04-09 10:00,farm_1,farm,0,,620.0,0.038,,,,,,,,,,,49,hitl
208,2026-04-09 10:00,slaughterhouse_1,slaughterhouse,0,,,,391.2,376.0,,,,,,,,,49,hitl
208,2026-04-09 10:00,wholesaler_1,wholesaler,1,,,,,,18.99,50.0,,,,,,,49,hitl
208,2026-04-09 10:00,retail_1,retail,1,,,,,,,,0.0,30.0,1.0,38.25,11.61,20.0,49,hitl
209,2026-04-09 10:15,supplier_1,supplier,0,711.95,,,,,,,,,,,,,49,hitl
209,2026-04-09 10:15,farm_1,farm,0,,620.0,0.038,,,,,,,,,,,49,hitl
209,2026-04-09 10:15,slaughterhouse_1,slaughterhouse,0,,,,391.2,387.15,,,,,,,,,49,hitl
209,2026-04-09 10:15,wholesaler_1,wholesaler,1,,,,,,40.67,50.0,,,,,,,49,hitl
209,2026-04-09 10:15,retail_1,retail,1,,,,,,,,0.0,30.0,1.0,38.5,11.61,20.0,49,hitl
210,2026-04-09 10:30,supplier_1,supplier,0,710.95,,,,,,,,,,,,,49,hitl
210,2026-04-09 10:30,farm_1,farm,0,,620.0,0.038,,,,,,,,,,,49,hitl
210,2026-04-09 10:30,slaughterhouse_1,slaughterhouse,0,,,,391.2,398.78,,,,,,,,,49,hitl
210,2026-04-09 10:30,wholesaler_1,wholesaler,1,,,,,,38.84,50.0,,,,,,,49,hitl
210,2026-04-09 10:30,retail_1,retail,1,,,,,,,,0.0,30.0,1.0,38.75,11.61,20.0,49,hitl
211,2026-04-09 10:45,supplier_1,supplier,0,709.9,,,,,,,,,,,,,49,hitl
211,2026-04-09 10:45,farm_1,farm,0,,620.0,0.038,,,,,,,,,,,49,hitl
211,2026-04-09 10:45,slaughterhouse_1,slaughterhouse,0,,,,391.2,400.0,,,,,,,,,49,hitl
211,2026-04-09 10:45,wholesaler_1,wholesaler,1,,,,,,37.22,50.0,,,,,,,49,hitl
211,2026-04-09 10:45,retail_1,retail,1,,,,,,,,0.0,30.0,1.0,39.0,11.61,20.0,49,hitl
212,2026-04-09 11:00,supplier_1,supplier,0,709.32,,,,,,,,,,,,,49,hitl
212,2026-04-09 11:00,farm_1,farm,0,,620.0,0.038,,,,,,,,,,,49,hitl
212,2026-04-09 11:00,slaughterhouse_1,slaughterhouse,0,,,,391.2,400.0,,,,,,,,,49,hitl
212,2026-04-09 11:00,wholesaler_1,wholesaler,1,,,,,,26.45,50.0,,,,,,,49,hitl
212,2026-04-09 11:00,retail_1,retail,1,,,,,,,,0.0,30.0,1.0,39.25,11.61,20.0,49,hitl
213,2026-04-09 11:15,supplier_1,supplier,0,707.99,,,,,,,,,,,,,49,hitl
213,2026-04-09 11:15,farm_1,farm,0,,620.0,0.038,,,,,,,,,,,49,hitl
213,2026-04-09 11:15,slaughterhouse_1,slaughterhouse,0,,,,391.2,400.0,,,,,,,,,49,hitl
213,2026-04-09 11:15,wholesaler_1,wholesaler,1,,,,,,23.72,50.0,,,,,,,49,hitl
213,2026-04-09 11:15,retail_1,retail,1,,,,,,,,9.07,30.0,1.0,39.5,11.61,20.0,49,hitl
214,2026-04-09 11:30,supplier_1,supplier,0,707.33,,,,,,,,,,,,,49,hitl
214,2026-04-09 11:30,farm_1,farm,0,,620.0,0.038,,,,,,,,,,,49,hitl
214,2026-04-09 11:30,slaughterhouse_1,slaughterhouse,0,,,,391.2,400.0,,,,,,,,,49,hitl
214,2026-04-09 11:30,wholesaler_1,wholesaler,1,,,,,,21.83,50.0,,,,,,,49,hitl
214,2026-04-09 11:30,retail_1,retail,1,,,,,,,,6.13,30.0,0.0,39.75,11.61,20.0,49,hitl
215,2026-04-09 11:45,supplier_1,supplier,0,706.32,,,,,,,,,,,,,49,hitl
215,2026-04-09 11:45,farm_1,farm,0,,620.0,0.038,,,,,,,,,,,49,hitl
215,2026-04-09 11:45,slaughterhouse_1,slaughterhouse,0,,,,391.2,400.0,,,,,,,,,49,hitl
215,2026-04-09 11:45,wholesaler_1,wholesaler,1,,,,,,20.04,50.0,,,,,,,49,hitl
215,2026-04-09 11:45,retail_1,retail,1,,,,,,,,3.35,30.0,0.0,40.0,11.61,20.0,49,hitl
216,2026-04-09 12:00,supplier_1,supplier,0,705.25,,,,,,,,,,,,,49,hitl
216,2026-04-09 12:00,farm_1,farm,0,,620.0,0.038,,,,,,,,,,,49,hitl
216,2026-04-09 12:00,slaughterhouse_1,slaughterhouse,0,,,,391.2,376.0,,,,,,,,,49,hitl
216,2026-04-09 12:00,wholesaler_1,wholesaler,1,,,,,,18.13,50.0,,,,,,,49,hitl
216,2026-04-09 12:00,retail_1,retail,1,,,,,,,,0.21,30.0,0.0,40.25,11.61,20.0,49,hitl
217,2026-04-09 12:15,supplier_1,supplier,0,704.19,,,,,,,,,,,,,49,hitl
217,2026-04-09 12:15,farm_1,farm,0,,620.0,0.038,,,,,,,,,,,49,hitl
217,2026-04-09 12:15,slaughterhouse_1,slaughterhouse,0,,,,391.2,387.72,,,,,,,,,49,hitl
217,2026-04-09 12:15,wholesaler_1,wholesaler,1,,,,,,39.78,50.0,,,,,,,49,hitl
217,2026-04-09 12:15,retail_1,retail,1,,,,,,,,0.0,30.0,1.0,40.5,11.61,20.0,49,hitl
218,2026-04-09 12:30,supplier_1,supplier,0,703.59,,,,,,,,,,,,,49,hitl
218,2026-04-09 12:30,farm_1,farm,0,,620.0,0.038,,,,,,,,,,,49,hitl
218,2026-04-09 12:30,slaughterhouse_1,slaughterhouse,0,,,,391.2,397.75,,,,,,,,,49,hitl
218,2026-04-09 12:30,wholesaler_1,wholesaler,1,,,,,,37.63,50.0,,,,,,,49,hitl
218,2026-04-09 12:30,retail_1,retail,1,,,,,,,,0.0,30.0,1.0,40.75,11.61,20.0,49,hitl
219,2026-04-09 12:45,supplier_1,supplier,0,703.07,,,,,,,,,,,,,49,hitl
219,2026-04-09 12:45,farm_1,farm,0,,620.0,0.038,,,,,,,,,,,49,hitl
219,2026-04-09 12:45,slaughterhouse_1,slaughterhouse,0,,,,391.2,400.0,,,,,,,,,49,hitl
219,2026-04-09 12:45,wholesaler_1,wholesaler,1,,,,,,35.01,50.0,,,,,,,49,hitl
219,2026-04-09 12:45,retail_1,retail,1,,,,,,,,0.0,30.0,1.0,41.0,11.61,20.0,49,hitl
220,2026-04-09 13:00,supplier_1,supplier,0,702.16,,,,,,,,,,,,,49,hitl
220,2026-04-09 13:00,farm_1,farm,0,,620.0,0.038,,,,,,,,,,,49,hitl
220,2026-04-09 13:00,slaughterhouse_1,slaughterhouse,0,,,,391.2,400.0,,,,,,,,,49,hitl
220,2026-04-09 13:00,wholesaler_1,wholesaler,1,,,,,,23.71,50.0,,,,,,,49,hitl
220,2026-04-09 13:00,retail_1,retail,1,,,,,,,,0.0,30.0,1.0,41.25,11.61,20.0,49,hitl
221,2026-04-09 13:15,supplier_1,supplier,0,700.81,,,,,,,,,,,,,49,hitl
221,2026-04-09 13:15,farm_1,farm,0,,620.0,0.038,,,,,,,,,,,49,hitl
221,2026-04-09 13:15,slaughterhouse_1,slaughterhouse,0,,,,391.2,400.0,,,,,,,,,49,hitl
221,2026-04-09 13:15,wholesaler_1,wholesaler,1,,,,,,22.02,50.0,,,,,,,49,hitl
221,2026-04-09 13:15,retail_1,retail,1,,,,,,,,9.07,30.0,1.0,41.5,11.61,20.0,49,hitl
222,2026-04-09 13:30,supplier_1,supplier,0,699.51,,,,,,,,,,,,,49,hitl
222,2026-04-09 13:30,farm_1,farm,0,,620.0,0.038,,,,,,,,,,,49,hitl
222,2026-04-09 13:30,slaughterhouse_1,slaughterhouse,0,,,,391.2,400.0,,,,,,,,,49,hitl
222,2026-04-09 13:30,wholesaler_1,wholesaler,1,,,,,,19.79,50.0,,,,,,,49,hitl
222,2026-04-09 13:30,retail_1,retail,1,,,,,,,,6.24,30.0,0.0,41.75,11.61,20.0,49,hitl
223,2026-04-09 13:45,supplier_1,supplier,0,698.81,,,,,,,,,,,,,49,hitl
223,2026-04-09 13:45,farm_1,farm,0,,620.0,0.038,,,,,,,,,,,49,hitl
223,2026-04-09 13:45,slaughterhouse_1,slaughterhouse,0,,,,391.2,400.0,,,,,,,,,49,hitl
223,2026-04-09 13:45,wholesaler_1,wholesaler,1,,,,,,17.85,50.0,,,,,,,49,hitl
223,2026-04-09 13:45,retail_1,retail,1,,,,,,,,3.5,30.0,0.0,42.0,11.61,20.0,49,hitl
224,2026-04-09 14:00,supplier_1,supplier,0,698.0,,,,,,,,,,,,,49,hitl
224,2026-04-09 14:00,farm_1,farm,0,,620.0,0.038,,,,,,,,,,,49,hitl
224,2026-04-09 14:00,slaughterhouse_1,slaughterhouse,0,,,,391.2,376.0,,,,,,,,,49,hitl
224,2026-04-09 14:00,wholesaler_1,wholesaler,1,,,,,,15.54,50.0,,,,,,,49,hitl
224,2026-04-09 14:00,retail_1,retail,1,,,,,,,,0.92,30.0,0.0,42.25,11.61,20.0,49,hitl
225,2026-04-09 14:15,supplier_1,supplier,0,696.55,,,,,,,,,,,,,49,hitl
225,2026-04-09 14:15,farm_1,farm,0,,620.0,0.038,,,,,,,,,,,49,hitl
225,2026-04-09 14:15,slaughterhouse_1,slaughterhouse,0,,,,391.2,387.3,,,,,,,,,49,hitl
225,2026-04-09 14:15,wholesaler_1,wholesaler,1,,,,,,37.59,50.0,,,,,,,49,hitl
225,2026-04-09 14:15,retail_1,retail,1,,,,,,,,0.0,30.0,1.0,42.5,11.61,20.0,49,hitl
226,2026-04-09 14:30,supplier_1,supplier,0,695.28,,,,,,,,,,,,,49,hitl
226,2026-04-09 14:30,farm_1,farm,0,,620.0,0.038,,,,,,,,,,,49,hitl
226,2026-04-09 14:30,slaughterhouse_1,slaughterhouse,0,,,,391.2,398.68,,,,,,,,,49,hitl
226,2026-04-09 14:30,wholesaler_1,wholesaler,1,,,,,,34.94,50.0,,,,,,,49,hitl
226,2026-04-09 14:30,retail_1,retail,1,,,,,,,,0.0,30.0,1.0,42.75,11.61,20.0,49,hitl
227,2026-04-09 14:45,supplier_1,supplier,0,694.31,,,,,,,,,,,,,49,hitl
227,2026-04-09 14:45,farm_1,farm,0,,620.0,0.038,,,,,,,,,,,49,hitl
227,2026-04-09 14:45,slaughterhouse_1,slaughterhouse,0,,,,391.2,400.0,,,,,,,,,49,hitl
227,2026-04-09 14:45,wholesaler_1,wholesaler,1,,,,,,32.82,50.0,,,,,,,49,hitl
227,2026-04-09 14:45,retail_1,retail,1,,,,,,,,0.0,30.0,1.0,43.0,11.61,20.0,49,hitl
228,2026-04-09 15:00,supplier_1,supplier,0,693.08,,,,,,,,,,,,,49,hitl
228,2026-04-09 15:00,farm_1,farm,0,,620.0,0.038,,,,,,,,,,,49,hitl
228,2026-04-09 15:00,slaughterhouse_1,slaughterhouse,0,,,,391.2,400.0,,,,,,,,,49,hitl
228,2026-04-09 15:00,wholesaler_1,wholesaler,1,,,,,,21.19,50.0,,,,,,,49,hitl
228,2026-04-09 15:00,retail_1,retail,1,,,,,,,,0.0,30.0,1.0,43.25,11.61,20.0,49,hitl
229,2026-04-09 15:15,supplier_1,supplier,0,691.6,,,,,,,,,,,,,49,hitl
229,2026-04-09 15:15,farm_1,farm,0,,620.0,0.038,,,,,,,,,,,49,hitl
229,2026-04-09 15:15,slaughterhouse_1,slaughterhouse,0,,,,391.2,400.0,,,,,,,,,49,hitl
229,2026-04-09 15:15,wholesaler_1,wholesaler,1,,,,,,18.93,50.0,,,,,,,49,hitl
229,2026-04-09 15:15,retail_1,retail,1,,,,,,,,9.07,30.0,1.0,43.5,11.61,20.0,49,hitl
230,2026-04-09 15:30,supplier_1,supplier,0,690.83,,,,,,,,,,,,,49,hitl
230,2026-04-09 15:30,farm_1,farm,0,,620.0,0.038,,,,,,,,,,,49,hitl
230,2026-04-09 15:30,slaughterhouse_1,slaughterhouse,0,,,,391.2,400.0,,,,,,,,,49,hitl
230,2026-04-09 15:30,wholesaler_1,wholesaler,1,,,,,,16.73,50.0,,,,,,,49,hitl
230,2026-04-09 15:30,retail_1,retail,1,,,,,,,,6.05,30.0,0.0,43.75,11.61,20.0,49,hitl
231,2026-04-09 15:45,supplier_1,supplier,0,689.63,,,,,,,,,,,,,49,hitl
231,2026-04-09 15:45,farm_1,farm,0,,620.0,0.038,,,,,,,,,,,49,hitl
231,2026-04-09 15:45,slaughterhouse_1,slaughterhouse,0,,,,391.2,400.0,,,,,,,,,49,hitl
231,2026-04-09 15:45,wholesaler_1,wholesaler,1,,,,,,14.78,50.0,,,,,,,49,hitl
231,2026-04-09 15:45,retail_1,retail,1,,,,,,,,3.31,30.0,0.0,44.0,11.61,20.0,49,hitl
232,2026-04-09 16:00,supplier_1,supplier,0,688.53,,,,,,,,,,,,,49,hitl
232,2026-04-09 16:00,farm_1,farm,0,,620.0,0.038,,,,,,,,,,,49,hitl
232,2026-04-09 16:00,slaughterhouse_1,slaughterhouse,0,,,,391.2,376.0,,,,,,,,,49,hitl
232,2026-04-09 16:00,wholesaler_1,wholesaler,1,,,,,,12.67,50.0,,,,,,,49,hitl
232,2026-04-09 16:00,retail_1,retail,1,,,,,,,,0.26,30.0,0.0,44.25,11.61,20.0,49,hitl
233,2026-04-09 16:15,supplier_1,supplier,0,687.84,,,,,,,,,,,,,49,hitl
233,2026-04-09 16:15,farm_1,farm,0,,620.0,0.038,,,,,,,,,,,49,hitl
233,2026-04-09 16:15,slaughterhouse_1,slaughterhouse,0,,,,391.2,387.27,,,,,,,,,49,hitl
233,2026-04-09 16:15,wholesaler_1,wholesaler,1,,,,,,33.9,50.0,,,,,,,49,hitl
233,2026-04-09 16:15,retail_1,retail,1,,,,,,,,0.0,30.0,1.0,44.5,11.61,20.0,49,hitl
234,2026-04-09 16:30,supplier_1,supplier,0,686.76,,,,,,,,,,,,,49,hitl
234,2026-04-09 16:30,farm_1,farm,0,,620.0,0.038,,,,,,,,,,,49,hitl
234,2026-04-09 16:30,slaughterhouse_1,slaughterhouse,0,,,,391.2,397.61,,,,,,,,,49,hitl
234,2026-04-09 16:30,wholesaler_1,wholesaler,1,,,,,,32.02,50.0,,,,,,,49,hitl
234,2026-04-09 16:30,retail_1,retail,1,,,,,,,,0.0,30.0,1.0,44.75,11.61,20.0,49,hitl
235,2026-04-09 16:45,supplier_1,supplier,0,686.24,,,,,,,,,,,,,49,hitl
235,2026-04-09 16:45,farm_1,farm,0,,620.0,0.038,,,,,,,,,,,49,hitl
235,2026-04-09 16:45,slaughterhouse_1,slaughterhouse,0,,,,391.2,400.0,,,,,,,,,49,hitl
235,2026-04-09 16:45,wholesaler_1,wholesaler,1,,,,,,29.04,50.0,,,,,,,49,hitl
235,2026-04-09 16:45,retail_1,retail,1,,,,,,,,0.0,30.0,1.0,45.0,11.61,20.0,49,hitl
236,2026-04-09 17:00,supplier_1,supplier,0,685.25,,,,,,,,,,,,,49,hitl
236,2026-04-09 17:00,farm_1,farm,0,,620.0,0.038,,,,,,,,,,,49,hitl
236,2026-04-09 17:00,slaughterhouse_1,slaughterhouse,0,,,,391.2,400.0,,,,,,,,,49,hitl
236,2026-04-09 17:00,wholesaler_1,wholesaler,1,,,,,,26.56,50.0,,,,,,,49,hitl
236,2026-04-09 17:00,retail_1,retail,1,,,,,,,,0.0,30.0,1.0,45.25,11.61,20.0,49,hitl
237,2026-04-09 17:15,supplier_1,supplier,0,683.83,,,,,,,,,,,,,49,hitl
237,2026-04-09 17:15,farm_1,farm,0,,620.0,0.038,,,,,,,,,,,49,hitl
237,2026-04-09 17:15,slaughterhouse_1,slaughterhouse,0,,,,391.2,400.0,,,,,,,,,49,hitl
237,2026-04-09 17:15,wholesaler_1,wholesaler,1,,,,,,23.91,50.0,,,,,,,49,hitl
237,2026-04-09 17:15,retail_1,retail,1,,,,,,,,0.0,30.0,1.0,45.5,11.61,20.0,49,hitl
238,2026-04-09 17:30,supplier_1,supplier,0,683.3,,,,,,,,,,,,,49,hitl
238,2026-04-09 17:30,farm_1,farm,0,,620.0,0.038,,,,,,,,,,,49,hitl
238,2026-04-09 17:30,slaughterhouse_1,slaughterhouse,0,,,,391.2,400.0,,,,,,,,,49,hitl
238,2026-04-09 17:30,wholesaler_1,wholesaler,1,,,,,,21.14,50.0,,,,,,,49,hitl
238,2026-04-09 17:30,retail_1,retail,1,,,,,,,,0.0,30.0,1.0,45.75,11.61,20.0,49,hitl
239,2026-04-09 17:45,supplier_1,supplier,0,682.01,,,,,,,,,,,,,49,hitl
239,2026-04-09 17:45,farm_1,farm,0,,620.0,0.038,,,,,,,,,,,49,hitl
239,2026-04-09 17:45,slaughterhouse_1,slaughterhouse,0,,,,391.2,400.0,,,,,,,,,49,hitl
239,2026-04-09 17:45,wholesaler_1,wholesaler,1,,,,,,18.17,50.0,,,,,,,49,hitl
239,2026-04-09 17:45,retail_1,retail,1,,,,,,,,0.0,30.0,1.0,46.0,11.61,20.0,49,hitl
240,2026-04-09 18:00,supplier_1,supplier,0,681.22,,,,,,,,,,,,,49,hitl
240,2026-04-09 18:00,farm_1,farm,0,,620.0,0.038,,,,,,,,,,,49,hitl
240,2026-04-09 18:00,slaughterhouse_1,slaughterhouse,0,,,,391.2,376.0,,,,,,,,,49,hitl
240,2026-04-09 18:00,wholesaler_1,wholesaler,1,,,,,,16.37,50.0,,,,,,,49,hitl
240,2026-04-09 18:00,retail_1,retail,1,,,,,,,,0.0,30.0,1.0,46.25,11.61,20.0,49,hitl
241,2026-04-09 18:15,supplier_1,supplier,0,680.68,,,,,,,,,,,,,49,hitl
241,2026-04-09 18:15,farm_1,farm,0,,620.0,0.038,,,,,,,,,,,49,hitl
241,2026-04-09 18:15,slaughterhouse_1,slaughterhouse,0,,,,391.2,386.47,,,,,,,,,49,hitl
241,2026-04-09 18:15,wholesaler_1,wholesaler,1,,,,,,38.05,50.0,,,,,,,49,hitl
241,2026-04-09 18:15,retail_1,retail,1,,,,,,,,0.0,30.0,1.0,46.5,11.61,20.0,49,hitl
242,2026-04-09 18:30,supplier_1,supplier,0,680.04,,,,,,,,,,,,,49,hitl
242,2026-04-09 18:30,farm_1,farm,0,,620.0,0.038,,,,,,,,,,,49,hitl
242,2026-04-09 18:30,slaughterhouse_1,slaughterhouse,0,,,,391.2,396.93,,,,,,,,,49,hitl
242,2026-04-09 18:30,wholesaler_1,wholesaler,1,,,,,,35.61,50.0,,,,,,,49,hitl
242,2026-04-09 18:30,retail_1,retail,1,,,,,,,,0.0,30.0,1.0,46.75,11.61,20.0,49,hitl
243,2026-04-09 18:45,supplier_1,supplier,0,679.23,,,,,,,,,,,,,49,hitl
243,2026-04-09 18:45,farm_1,farm,0,,620.0,0.038,,,,,,,,,,,49,hitl
243,2026-04-09 18:45,slaughterhouse_1,slaughterhouse,0,,,,391.2,400.0,,,,,,,,,49,hitl
243,2026-04-09 18:45,wholesaler_1,wholesaler,1,,,,,,32.9,50.0,,,,,,,49,hitl
243,2026-04-09 18:45,retail_1,retail,1,,,,,,,,0.0,30.0,1.0,47.0,11.61,20.0,49,hitl
244,2026-04-09 19:00,supplier_1,supplier,0,677.78,,,,,,,,,,,,,49,hitl
244,2026-04-09 19:00,farm_1,farm,0,,620.0,0.038,,,,,,,,,,,49,hitl
244,2026-04-09 19:00,slaughterhouse_1,slaughterhouse,0,,,,391.2,400.0,,,,,,,,,49,hitl
244,2026-04-09 19:00,wholesaler_1,wholesaler,1,,,,,,22.21,50.0,,,,,,,49,hitl
244,2026-04-09 19:00,retail_1,retail,1,,,,,,,,0.0,30.0,1.0,47.25,11.61,20.0,49,hitl
245,2026-04-09 19:15,supplier_1,supplier,0,677.21,,,,,,,,,,,,,49,hitl
245,2026-04-09 19:15,farm_1,farm,0,,620.0,0.038,,,,,,,,,,,49,hitl
245,2026-04-09 19:15,slaughterhouse_1,slaughterhouse,0,,,,391.2,400.0,,,,,,,,,49,hitl
245,2026-04-09 19:15,wholesaler_1,wholesaler,1,,,,,,20.14,50.0,,,,,,,49,hitl
245,2026-04-09 19:15,retail_1,retail,1,,,,,,,,9.07,30.0,1.0,47.5,11.61,20.0,49,hitl
246,2026-04-09 19:30,supplier_1,supplier,0,676.54,,,,,,,,,,,,,49,hitl
246,2026-04-09 19:30,farm_1,farm,0,,620.0,0.038,,,,,,,,,,,49,hitl
246,2026-04-09 19:30,slaughterhouse_1,slaughterhouse,0,,,,391.2,400.0,,,,,,,,,49,hitl
246,2026-04-09 19:30,wholesaler_1,wholesaler,1,,,,,,17.82,50.0,,,,,,,49,hitl
246,2026-04-09 19:30,retail_1,retail,1,,,,,,,,6.03,30.0,0.0,47.75,11.61,20.0,49,hitl
247,2026-04-09 19:45,supplier_1,supplier,0,675.38,,,,,,,,,,,,,49,hitl
247,2026-04-09 19:45,farm_1,farm,0,,620.0,0.038,,,,,,,,,,,49,hitl
247,2026-04-09 19:45,slaughterhouse_1,slaughterhouse,0,,,,391.2,400.0,,,,,,,,,49,hitl
247,2026-04-09 19:45,wholesaler_1,wholesaler,1,,,,,,16.03,50.0,,,,,,,49,hitl
247,2026-04-09 19:45,retail_1,retail,1,,,,,,,,2.79,30.0,0.0,48.0,11.61,20.0,49,hitl
248,2026-04-09 20:00,supplier_1,supplier,0,673.89,,,,,,,,,,,,,49,hitl
248,2026-04-09 20:00,farm_1,farm,0,,620.0,0.038,,,,,,,,,,,49,hitl
248,2026-04-09 20:00,slaughterhouse_1,slaughterhouse,0,,,,391.2,376.0,,,,,,,,,49,hitl
248,2026-04-09 20:00,wholesaler_1,wholesaler,1,,,,,,13.95,50.0,,,,,,,49,hitl
248,2026-04-09 20:00,retail_1,retail,1,,,,,,,,0.0,30.0,1.0,48.25,11.61,20.0,49,hitl
249,2026-04-09 20:15,supplier_1,supplier,0,673.38,,,,,,,,,,,,,49,hitl
249,2026-04-09 20:15,farm_1,farm,0,,620.0,0.038,,,,,,,,,,,49,hitl
249,2026-04-09 20:15,slaughterhouse_1,slaughterhouse,0,,,,391.2,387.45,,,,,,,,,49,hitl
249,2026-04-09 20:15,wholesaler_1,wholesaler,1,,,,,,36.13,50.0,,,,,,,49,hitl
249,2026-04-09 20:15,retail_1,retail,1,,,,,,,,0.0,30.0,1.0,48.5,11.61,20.0,49,hitl
250,2026-04-09 20:30,supplier_1,supplier,0,672.04,,,,,,,,,,,,,49,hitl
250,2026-04-09 20:30,farm_1,farm,0,,620.0,0.038,,,,,,,,,,,49,hitl
250,2026-04-09 20:30,slaughterhouse_1,slaughterhouse,0,,,,391.2,397.5,,,,,,,,,49,hitl
250,2026-04-09 20:30,wholesaler_1,wholesaler,1,,,,,,34.3,50.0,,,,,,,49,hitl
250,2026-04-09 20:30,retail_1,retail,1,,,,,,,,0.0,30.0,1.0,48.75,11.61,20.0,49,hitl
251,2026-04-09 20:45,supplier_1,supplier,0,671.25,,,,,,,,,,,,,49,hitl
251,2026-04-09 20:45,farm_1,farm,0,,620.0,0.038,,,,,,,,,,,49,hitl
251,2026-04-09 20:45,slaughterhouse_1,slaughterhouse,0,,,,391.2,400.0,,,,,,,,,49,hitl
251,2026-04-09 20:45,wholesaler_1,wholesaler,1,,,,,,32.03,50.0,,,,,,,49,hitl
251,2026-04-09 20:45,retail_1,retail,1,,,,,,,,0.0,30.0,1.0,49.0,11.61,20.0,49,hitl
252,2026-04-09 21:00,supplier_1,supplier,0,670.29,,,,,,,,,,,,,49,hitl
252,2026-04-09 21:00,farm_1,farm,1,,620.0,0.038,,,,,,,,,,,49,hitl
252,2026-04-09 21:00,slaughterhouse_1,slaughterhouse,0,,,,391.2,400.0,,,,,,,,,49,hitl
252,2026-04-09 21:00,wholesaler_1,wholesaler,1,,,,,,29.81,50.0,,,,,,,49,hitl
252,2026-04-09 21:00,retail_1,retail,1,,,,,,,,0.0,30.0,1.0,49.25,11.61,20.0,49,hitl
253,2026-04-09 21:15,supplier_1,supplier,0,669.74,,,,,,,,,,,,,49,hitl
253,2026-04-09 21:15,farm_1,farm,1,,620.0,0.038,,,,,,,,,,,49,hitl
253,2026-04-09 21:15,slaughterhouse_1,slaughterhouse,0,,,,391.2,400.0,,,,,,,,,49,hitl
253,2026-04-09 21:15,wholesaler_1,wholesaler,1,,,,,,27.33,50.0,,,,,,,49,hitl
253,2026-04-09 21:15,retail_1,retail,1,,,,,,,,0.0,30.0,1.0,49.5,11.61,20.0,49,hitl
254,2026-04-09 21:30,supplier_1,supplier,0,668.36,,,,,,,,,,,,,49,hitl
254,2026-04-09 21:30,farm_1,farm,1,,620.0,0.038,,,,,,,,,,,49,hitl
254,2026-04-09 21:30,slaughterhouse_1,slaughterhouse,0,,,,391.2,400.0,,,,,,,,,49,hitl
254,2026-04-09 21:30,wholesaler_1,wholesaler,1,,,,,,25.81,50.0,,,,,,,49,hitl
254,2026-04-09 21:30,retail_1,retail,1,,,,,,,,0.0,30.0,1.0,49.75,11.61,20.0,49,hitl
255,2026-04-09 21:45,supplier_1,supplier,0,667.38,,,,,,,,,,,,,49,hitl
255,2026-04-09 21:45,farm_1,farm,1,,620.0,0.038,,,,,,,,,,,49,hitl
255,2026-04-09 21:45,slaughterhouse_1,slaughterhouse,0,,,,391.2,400.0,,,,,,,,,49,hitl
255,2026-04-09 21:45,wholesaler_1,wholesaler,1,,,,,,23.54,50.0,,,,,,,49,hitl
255,2026-04-09 21:45,retail_1,retail,1,,,,,,,,0.0,30.0,1.0,50.0,11.61,20.0,49,hitl
256,2026-04-09 22:00,supplier_1,supplier,0,666.2,,,,,,,,,,,,,49,hitl
256,2026-04-09 22:00,farm_1,farm,1,,620.0,0.038,,,,,,,,,,,49,hitl
256,2026-04-09 22:00,slaughterhouse_1,slaughterhouse,0,,,,391.2,376.0,,,,,,,,,49,hitl
256,2026-04-09 22:00,wholesaler_1,wholesaler,1,,,,,,20.89,50.0,,,,,,,49,hitl
256,2026-04-09 22:00,retail_1,retail,1,,,,,,,,0.0,30.0,1.0,50.25,11.61,20.0,49,hitl
257,2026-04-09 22:15,supplier_1,supplier,0,665.14,,,,,,,,,,,,,49,hitl
257,2026-04-09 22:15,farm_1,farm,1,,620.0,0.038,,,,,,,,,,,49,hitl
257,2026-04-09 22:15,slaughterhouse_1,slaughterhouse,0,,,,391.2,387.39,,,,,,,,,49,hitl
257,2026-04-09 22:15,wholesaler_1,wholesaler,1,,,,,,42.59,50.0,,,,,,,49,hitl
257,2026-04-09 22:15,retail_1,retail,1,,,,,,,,0.0,30.0,1.0,50.5,11.61,20.0,49,hitl
258,2026-04-09 22:30,supplier_1,supplier,0,664.58,,,,,,,,,,,,,49,hitl
258,2026-04-09 22:30,farm_1,farm,1,,620.0,0.038,,,,,,,,,,,49,hitl
258,2026-04-09 22:30,slaughterhouse_1,slaughterhouse,0,,,,391.2,399.0,,,,,,,,,49,hitl
258,2026-04-09 22:30,wholesaler_1,wholesaler,1,,,,,,39.67,50.0,,,,,,,49,hitl
258,2026-04-09 22:30,retail_1,retail,1,,,,,,,,0.0,30.0,1.0,50.75,11.61,20.0,49,hitl
259,2026-04-09 22:45,supplier_1,supplier,0,663.09,,,,,,,,,,,,,49,hitl
259,2026-04-09 22:45,farm_1,farm,1,,620.0,0.038,,,,,,,,,,,49,hitl
259,2026-04-09 22:45,slaughterhouse_1,slaughterhouse,0,,,,391.2,400.0,,,,,,,,,49,hitl
259,2026-04-09 22:45,wholesaler_1,wholesaler,1,,,,,,37.86,50.0,,,,,,,49,hitl
259,2026-04-09 22:45,retail_1,retail,1,,,,,,,,0.0,30.0,1.0,51.0,11.61,20.0,49,hitl
260,2026-04-09 23:00,supplier_1,supplier,0,662.33,,,,,,,,,,,,,49,hitl
260,2026-04-09 23:00,farm_1,farm,1,,620.0,0.038,,,,,,,,,,,49,hitl
260,2026-04-09 23:00,slaughterhouse_1,slaughterhouse,0,,,,391.2,400.0,,,,,,,,,49,hitl
260,2026-04-09 23:00,wholesaler_1,wholesaler,1,,,,,,27.63,50.0,,,,,,,49,hitl
260,2026-04-09 23:00,retail_1,retail,1,,,,,,,,0.0,30.0,1.0,51.25,11.61,20.0,49,hitl
261,2026-04-09 23:15,supplier_1,supplier,0,661.7,,,,,,,,,,,,,49,hitl
261,2026-04-09 23:15,farm_1,farm,1,,620.0,0.038,,,,,,,,,,,49,hitl
261,2026-04-09 23:15,slaughterhouse_1,slaughterhouse,0,,,,391.2,400.0,,,,,,,,,49,hitl
261,2026-04-09 23:15,wholesaler_1,wholesaler,1,,,,,,25.77,50.0,,,,,,,49,hitl
261,2026-04-09 23:15,retail_1,retail,1,,,,,,,,7.25,30.0,1.0,51.5,11.61,20.0,49,hitl
262,2026-04-09 23:30,supplier_1,supplier,0,660.39,,,,,,,,,,,,,49,hitl
262,2026-04-09 23:30,farm_1,farm,1,,620.0,0.038,,,,,,,,,,,49,hitl
262,2026-04-09 23:30,slaughterhouse_1,slaughterhouse,0,,,,391.2,400.0,,,,,,,,,49,hitl
262,2026-04-09 23:30,wholesaler_1,wholesaler,1,,,,,,23.09,50.0,,,,,,,49,hitl
262,2026-04-09 23:30,retail_1,retail,1,,,,,,,,4.13,30.0,0.0,51.75,11.61,20.0,49,hitl
263,2026-04-09 23:45,supplier_1,supplier,0,659.72,,,,,,,,,,,,,49,hitl
263,2026-04-09 23:45,farm_1,farm,1,,620.0,0.038,,,,,,,,,,,49,hitl
263,2026-04-09 23:45,slaughterhouse_1,slaughterhouse,0,,,,391.2,400.0,,,,,,,,,49,hitl
263,2026-04-09 23:45,wholesaler_1,wholesaler,1,,,,,,21.41,50.0,,,,,,,49,hitl
263,2026-04-09 23:45,retail_1,retail,1,,,,,,,,1.51,30.0,0.0,52.0,11.61,20.0,49,hitl
264,2026-04-10 00:00,supplier_1,supplier,0,658.42,,,,,,,,,,,,,49,hitl
264,2026-04-10 00:00,farm_1,farm,1,,620.0,0.038,,,,,,,,,,,49,hitl
264,2026-04-10 00:00,slaughterhouse_1,slaughterhouse,0,,,,391.2,376.0,,,,,,,,,49,hitl
264,2026-04-10 00:00,wholesaler_1,wholesaler,1,,,,,,18.6,50.0,,,,,,,49,hitl
264,2026-04-10 00:00,retail_1,retail,1,,,,,,,,0.0,30.0,1.0,52.25,11.61,20.0,49,hitl
265,2026-04-10 00:15,supplier_1,supplier,0,657.16,,,,,,,,,,,,,49,hitl
265,2026-04-10 00:15,farm_1,farm,1,,620.0,0.038,,,,,,,,,,,49,hitl
265,2026-04-10 00:15,slaughterhouse_1,slaughterhouse,0,,,,391.2,386.12,,,,,,,,,49,hitl
265,2026-04-10 00:15,wholesaler_1,wholesaler,1,,,,,,39.77,50.0,,,,,,,49,hitl
265,2026-04-10 00:15,retail_1,retail,1,,,,,,,,0.0,30.0,1.0,52.5,11.61,20.0,49,hitl
266,2026-04-10 00:30,supplier_1,supplier,0,656.3,,,,,,,,,,,,,49,hitl
266,2026-04-10 00:30,farm_1,farm,1,,620.0,0.038,,,,,,,,,,,49,hitl
266,2026-04-10 00:30,slaughterhouse_1,slaughterhouse,0,,,,391.2,397.01,,,,,,,,,49,hitl
266,2026-04-10 00:30,wholesaler_1,wholesaler,1,,,,,,37.16,50.0,,,,,,,49,hitl
266,2026-04-10 00:30,retail_1,retail,1,,,,,,,,0.0,30.0,1.0,52.75,11.61,20.0,49,hitl
267,2026-04-10 00:45,supplier_1,supplier,0,655.1,,,,,,,,,,,,,49,hitl
267,2026-04-10 00:45,farm_1,farm,1,,620.0,0.038,,,,,,,,,,,49,hitl
267,2026-04-10 00:45,slaughterhouse_1,slaughterhouse,0,,,,391.2,400.0,,,,,,,,,49,hitl
267,2026-04-10 00:45,wholesaler_1,wholesaler,1,,,,,,34.76,50.0,,,,,,,49,hitl
267,2026-04-10 00:45,retail_1,retail,1,,,,,,,,0.0,30.0,1.0,53.0,11.61,20.0,49,hitl
268,2026-04-10 01:00,supplier_1,supplier,0,654.41,,,,,,,,,,,,,49,hitl
268,2026-04-10 01:00,farm_1,farm,1,,620.0,0.038,,,,,,,,,,,49,hitl
268,2026-04-10 01:00,slaughterhouse_1,slaughterhouse,0,,,,391.2,400.0,,,,,,,,,49,hitl
268,2026-04-10 01:00,wholesaler_1,wholesaler,1,,,,,,25.27,50.0,,,,,,,49,hitl
268,2026-04-10 01:00,retail_1,retail,1,,,,,,,,0.0,30.0,1.0,53.25,11.61,20.0,49,hitl
269,2026-04-10 01:15,supplier_1,supplier,0,653.29,,,,,,,,,,,,,49,hitl
269,2026-04-10 01:15,farm_1,farm,1,,620.0,0.038,,,,,,,,,,,49,hitl
269,2026-04-10 01:15,slaughterhouse_1,slaughterhouse,0,,,,391.2,400.0,,,,,,,,,49,hitl
269,2026-04-10 01:15,wholesaler_1,wholesaler,1,,,,,,23.57,50.0,,,,,,,49,hitl
269,2026-04-10 01:15,retail_1,retail,1,,,,,,,,7.25,30.0,1.0,53.5,11.61,20.0,49,hitl
270,2026-04-10 01:30,supplier_1,supplier,0,651.87,,,,,,,,,,,,,49,hitl
270,2026-04-10 01:30,farm_1,farm,1,,620.0,0.038,,,,,,,,,,,49,hitl
270,2026-04-10 01:30,slaughterhouse_1,slaughterhouse,0,,,,391.2,400.0,,,,,,,,,49,hitl
270,2026-04-10 01:30,wholesaler_1,wholesaler,1,,,,,,21.16,50.0,,,,,,,49,hitl
270,2026-04-10 01:30,retail_1,retail,1,,,,,,,,4.45,30.0,0.0,53.75,11.61,20.0,49,hitl
271,2026-04-10 01:45,supplier_1,supplier,0,651.13,,,,,,,,,,,,,49,hitl
271,2026-04-10 01:45,farm_1,farm,1,,620.0,0.038,,,,,,,,,,,49,hitl
271,2026-04-10 01:45,slaughterhouse_1,slaughterhouse,0,,,,391.2,400.0,,,,,,,,,49,hitl
271,2026-04-10 01:45,wholesaler_1,wholesaler,1,,,,,,18.93,50.0,,,,,,,49,hitl
271,2026-04-10 01:45,retail_1,retail,1,,,,,,,,1.6,30.0,0.0,54.0,11.61,20.0,49,hitl
272,2026-04-10 02:00,supplier_1,supplier,0,650.17,,,,,,,,,,,,,49,hitl
272,2026-04-10 02:00,farm_1,farm,1,,620.0,0.038,,,,,,,,,,,49,hitl
272,2026-04-10 02:00,slaughterhouse_1,slaughterhouse,0,,,,391.2,376.0,,,,,,,,,49,hitl
272,2026-04-10 02:00,wholesaler_1,wholesaler,1,,,,,,16.57,50.0,,,,,,,49,hitl
272,2026-04-10 02:00,retail_1,retail,1,,,,,,,,0.0,30.0,1.0,54.25,11.61,20.0,49,hitl
273,2026-04-10 02:15,supplier_1,supplier,0,649.23,,,,,,,,,,,,,49,hitl
273,2026-04-10 02:15,farm_1,farm,1,,620.0,0.038,,,,,,,,,,,49,hitl
273,2026-04-10 02:15,slaughterhouse_1,slaughterhouse,0,,,,391.2,386.94,,,,,,,,,49,hitl
273,2026-04-10 02:15,wholesaler_1,wholesaler,0,,,,,,184.11,16.0,,,,,,,49,hitl
273,2026-04-10 02:15,retail_1,retail,1,,,,,,,,0.0,30.0,1.0,54.5,11.61,20.0,49,hitl
274,2026-04-10 02:30,supplier_1,supplier,0,648.44,,,,,,,,,,,,,49,hitl
274,2026-04-10 02:30,farm_1,farm,1,,620.0,0.038,,,,,,,,,,,49,hitl
274,2026-04-10 02:30,slaughterhouse_1,slaughterhouse,0,,,,391.2,397.38,,,,,,,,,49,hitl
274,2026-04-10 02:30,wholesaler_1,wholesaler,0,,,,,,182.3,16.0,,,,,,,49,hitl
274,2026-04-10 02:30,retail_1,retail,1,,,,,,,,0.0,30.0,1.0,54.75,11.61,20.0,49,hitl
275,2026-04-10 02:45,supplier_1,supplier,0,647.42,,,,,,,,,,,,,49,hitl
275,2026-04-10 02:45,farm_1,farm,1,,620.0,0.038,,,,,,,,,,,49,hitl
275,2026-04-10 02:45,slaughterhouse_1,slaughterhouse,0,,,,391.2,400.0,,,,,,,,,49,hitl
275,2026-04-10 02:45,wholesaler_1,wholesaler,0,,,,,,179.31,16.0,,,,,,,49,hitl
275,2026-04-10 02:45,retail_1,retail,1,,,,,,,,0.0,30.0,1.0,55.0,11.61,20.0,49,hitl
276,2026-04-10 03:00,supplier_1,supplier,0,645.93,,,,,,,,,,,,,49,hitl
276,2026-04-10 03:00,farm_1,farm,1,,620.0,0.038,,,,,,,,,,,49,hitl
276,2026-04-10 03:00,slaughterhouse_1,slaughterhouse,0,,,,391.2,400.0,,,,,,,,,49,hitl
276,2026-04-10 03:00,wholesaler_1,wholesaler,0,,,,,,169.49,16.0,,,,,,,49,hitl
276,2026-04-10 03:00,retail_1,retail,1,,,,,,,,0.0,30.0,1.0,55.25,11.61,20.0,49,hitl
277,2026-04-10 03:15,supplier_1,supplier,0,644.85,,,,,,,,,,,,,49,hitl
277,2026-04-10 03:15,farm_1,farm,1,,620.0,0.038,,,,,,,,,,,49,hitl
277,2026-04-10 03:15,slaughterhouse_1,slaughterhouse,0,,,,391.2,400.0,,,,,,,,,49,hitl
277,2026-04-10 03:15,wholesaler_1,wholesaler,0,,,,,,167.13,16.0,,,,,,,49,hitl
277,2026-04-10 03:15,retail_1,retail,1,,,,,,,,7.25,30.0,1.0,55.5,11.61,20.0,49,hitl
278,2026-04-10 03:30,supplier_1,supplier,0,643.57,,,,,,,,,,,,,49,hitl
278,2026-04-10 03:30,farm_1,farm,1,,620.0,0.038,,,,,,,,,,,49,hitl
278,2026-04-10 03:30,slaughterhouse_1,slaughterhouse,0,,,,391.2,400.0,,,,,,,,,49,hitl
278,2026-04-10 03:30,wholesaler_1,wholesaler,0,,,,,,164.82,16.0,,,,,,,49,hitl
278,2026-04-10 03:30,retail_1,retail,1,,,,,,,,4.47,30.0,0.0,55.75,11.61,20.0,49,hitl
279,2026-04-10 03:45,supplier_1,supplier,0,642.34,,,,,,,,,,,,,49,hitl
279,2026-04-10 03:45,farm_1,farm,1,,620.0,0.038,,,,,,,,,,,49,hitl
279,2026-04-10 03:45,slaughterhouse_1,slaughterhouse,0,,,,391.2,400.0,,,,,,,,,49,hitl
279,2026-04-10 03:45,wholesaler_1,wholesaler,0,,,,,,162.57,16.0,,,,,,,49,hitl
279,2026-04-10 03:45,retail_1,retail,1,,,,,,,,1.67,30.0,0.0,56.0,11.61,20.0,49,hitl
280,2026-04-10 04:00,supplier_1,supplier,0,641.42,,,,,,,,,,,,,49,hitl
280,2026-04-10 04:00,farm_1,farm,1,,620.0,0.038,,,,,,,,,,,49,hitl
280,2026-04-10 04:00,slaughterhouse_1,slaughterhouse,0,,,,391.2,376.0,,,,,,,,,49,hitl
280,2026-04-10 04:00,wholesaler_1,wholesaler,0,,,,,,152.78,16.0,,,,,,,49,hitl
280,2026-04-10 04:00,retail_1,retail,1,,,,,,,,0.0,30.0,1.0,56.25,11.61,20.0,49,hitl
281,2026-04-10 04:15,supplier_1,supplier,0,640.18,,,,,,,,,,,,,49,hitl
281,2026-04-10 04:15,farm_1,farm,1,,620.0,0.038,,,,,,,,,,,49,hitl
281,2026-04-10 04:15,slaughterhouse_1,slaughterhouse,0,,,,391.2,387.6,,,,,,,,,49,hitl
281,2026-04-10 04:15,wholesaler_1,wholesaler,0,,,,,,175.23,16.0,,,,,,,49,hitl
281,2026-04-10 04:15,retail_1,retail,1,,,,,,,,7.25,30.0,1.0,56.5,11.61,20.0,49,hitl
282,2026-04-10 04:30,supplier_1,supplier,0,638.87,,,,,,,,,,,,,49,hitl
282,2026-04-10 04:30,farm_1,farm,1,,620.0,0.038,,,,,,,,,,,49,hitl
282,2026-04-10 04:30,slaughterhouse_1,slaughterhouse,0,,,,391.2,397.77,,,,,,,,,49,hitl
282,2026-04-10 04:30,wholesaler_1,wholesaler,0,,,,,,172.9,16.0,,,,,,,49,hitl
282,2026-04-10 04:30,retail_1,retail,1,,,,,,,,4.28,30.0,0.0,56.75,11.61,20.0,49,hitl
283,2026-04-10 04:45,supplier_1,supplier,0,637.66,,,,,,,,,,,,,49,hitl
283,2026-04-10 04:45,farm_1,farm,1,,620.0,0.038,,,,,,,,,,,49,hitl
283,2026-04-10 04:45,slaughterhouse_1,slaughterhouse,0,,,,391.2,400.0,,,,,,,,,49,hitl
283,2026-04-10 04:45,wholesaler_1,wholesaler,0,,,,,,169.97,16.0,,,,,,,49,hitl
283,2026-04-10 04:45,retail_1,retail,1,,,,,,,,1.27,30.0,0.0,57.0,11.61,20.0,49,hitl
284,2026-04-10 05:00,supplier_1,supplier,0,636.3,,,,,,,,,,,,,49,hitl
284,2026-04-10 05:00,farm_1,farm,1,,620.0,0.038,,,,,,,,,,,49,hitl
284,2026-04-10 05:00,slaughterhouse_1,slaughterhouse,0,,,,391.2,400.0,,,,,,,,,49,hitl
284,2026-04-10 05:00,wholesaler_1,wholesaler,0,,,,,,159.94,16.0,,,,,,,49,hitl
284,2026-04-10 05:00,retail_1,retail,1,,,,,,,,0.0,30.0,1.0,57.25,11.61,20.0,49,hitl
285,2026-04-10 05:15,supplier_1,supplier,0,635.21,,,,,,,,,,,,,49,hitl
285,2026-04-10 05:15,farm_1,farm,1,,620.0,0.038,,,,,,,,,,,49,hitl
285,2026-04-10 05:15,slaughterhouse_1,slaughterhouse,0,,,,391.2,400.0,,,,,,,,,49,hitl
285,2026-04-10 05:15,wholesaler_1,wholesaler,0,,,,,,157.13,16.0,,,,,,,49,hitl
285,2026-04-10 05:15,retail_1,retail,1,,,,,,,,7.25,30.0,1.0,57.5,11.61,20.0,49,hitl
286,2026-04-10 05:30,supplier_1,supplier,0,634.07,,,,,,,,,,,,,49,hitl
286,2026-04-10 05:30,farm_1,farm,1,,620.0,0.038,,,,,,,,,,,49,hitl
286,2026-04-10 05:30,slaughterhouse_1,slaughterhouse,0,,,,391.2,400.0,,,,,,,,,49,hitl
286,2026-04-10 05:30,wholesaler_1,wholesaler,0,,,,,,154.71,16.0,,,,,,,49,hitl
286,2026-04-10 05:30,retail_1,retail,1,,,,,,,,4.04,30.0,0.0,57.75,11.61,20.0,49,hitl
287,2026-04-10 05:45,supplier_1,supplier,0,633.52,,,,,,,,,,,,,49,hitl
287,2026-04-10 05:45,farm_1,farm,1,,620.0,0.038,,,,,,,,,,,49,hitl
287,2026-04-10 05:45,slaughterhouse_1,slaughterhouse,0,,,,391.2,400.0,,,,,,,,,49,hitl
287,2026-04-10 05:45,wholesaler_1,wholesaler,0,,,,,,152.04,16.0,,,,,,,49,hitl
287,2026-04-10 05:45,retail_1,retail,1,,,,,,,,1.06,30.0,0.0,58.0,11.61,20.0,49,hitl
