tick,timestamp,node_id,node_type,disrupted,available_supply,production_capacity,mortality_rate,processing_capacity,output_stock,inventory_level,pending_shipments,retail_inventory,safety_stock,stockout_flag,shortage_duration,sales_rate,reorder_request,scenario_id,mode
0,2026-05-29 06:00,supplier_1,supplier,0,918.74,,,,,,,,,,,,,75,hitl
0,2026-05-29 06:00,farm_1,farm,0,,777.0,0.0264,,,,,,,,,,,75,hitl
0,2026-05-29 06:00,slaughterhouse_1,slaughterhouse,0,,,,500.0,295.7,,,,,,,,,75,hitl
0,2026-05-29 06:00,wholesaler_1,wholesaler,0,,,,,,158.4,13.8,,,,,,,75,hitl
0,2026-05-29 06:00,retail_1,retail,0,,,,,,,,82.5,30.0,0.0,0.0,3.58,0.0,75,hitl
1,2026-05-29 06:15,supplier_1,supplier,0,917.79,,,,,,,,,,,,,75,hitl
1,2026-05-29 06:15,farm_1,farm,0,,777.0,0.0264,,,,,,,,,,,75,hitl
1,2026-05-29 06:15,slaughterhouse_1,slaughterhouse,0,,,,500.0,308.84,,,,,,,,,75,hitl
1,2026-05-29 06:15,wholesaler_1,wholesaler,0,,,,,,179.9,13.8,,,,,,,75,hitl
1,2026-05-29 06:15,retail_1,retail,0,,,,,,,,89.68,30.0,0.0,0.0,3.58,0.0,75,hitl
2,2026-05-29 06:30,supplier_1,supplier,0,917.16,,,,,,,,,,,,,75,hitl
2,2026-05-29 06:30,farm_1,farm,0,,777.0,0.0264,,,,,,,,,,,75,hitl
2,2026-05-29 06:30,slaughterhouse_1,slaughterhouse,0,,,,500.0,323.75,,,,,,,,,75,hitl
2,2026-05-29 06:30,wholesaler_1,wholesaler,0,,,,,,177.28,13.8,,,,,,,75,hitl
2,2026-05-29 06:30,retail_1,retail,0,,,,,,,,88.74,30.0,0.0,0.0,3.58,0.0,75,hitl
3,2026-05-29 06:45,supplier_1,supplier,0,916.44,,,,,,,,,,,,,75,hitl
3,2026-05-29 06:45,farm_1,farm,0,,777.0,0.0264,,,,,,,,,,,75,hitl
3,2026-05-29 06:45,slaughterhouse_1,slaughterhouse,0,,,,500.0,338.68,,,,,,,,,75,hitl
3,2026-05-29 06:45,wholesaler_1,wholesaler,0,,,,,,174.65,13.8,,,,,,,75,hitl
3,2026-05-29 06:45,retail_1,retail,0,,,,,,,,87.89,30.0,0.0,0.0,3.58,0.0,75,hitl
4,2026-05-29 07:00,supplier_1,supplier,0,915.42,,,,,,,,,,,,,75,hitl
4,2026-05-29 07:00,farm_1,farm,0,,777.0,0.0264,,,,,,,,,,,75,hitl
4,2026-05-29 07:00,slaughterhouse_1,slaughterhouse,0,,,,500.0,351.9,,,,,,,,,75,hitl
4,2026-05-29 07:00,wholesaler_1,wholesaler,0,,,,,,164.07,13.8,,,,,,,75,hitl
4,2026-05-29 07:00,retail_1,retail,0,,,,,,,,86.97,30.0,0.0,0.0,3.58,0.0,75,hitl
5,2026-05-29 07:15,supplier_1,supplier,0,914.55,,,,,,,,,,,,,75,hitl
5,2026-05-29 07:15,farm_1,farm,0,,777.0,0.0264,,,,,,,,,,,75,hitl
5,2026-05-29 07:15,slaughterhouse_1,slaughterhouse,0,,,,500.0,366.9,,,,,,,,,75,hitl
5,2026-05-29 07:15,wholesaler_1,wholesaler,0,,,,,,161.4,13.8,,,,,,,75,hitl
5,2026-05-29 07:15,retail_1,retail,0,,,,,,,,94.01,30.0,0.0,0.0,3.58,0.0,75,hitl
6,2026-05-29 07:30,supplier_1,supplier,0,913.6,,,,,,,,,,,,,75,hitl
6,2026-05-29 07:30,farm_1,farm,0,,777.0,0.0264,,,,,,,,,,,75,hitl
6,2026-05-29 07:30,slaughterhouse_1,slaughterhouse,0,,,,500.0,380.84,,,,,,,,,75,hitl
6,2026-05-29 07:30,wholesaler_1,wholesaler,0,,,,,,159.31,13.8,,,,,,,75,hitl
6,2026-05-29 07:30,retail_1,retail,0,,,,,,,,93.06,30.0,0.0,0.0,3.58,0.0,75,hitl
7,2026-05-29 07:45,supplier_1,supplier,0,912.59,,,,,,,,,,,,,75,hitl
7,2026-05-29 07:45,farm_1,farm,0,,777.0,0.0264,,,,,,,,,,,75,hitl
7,2026-05-29 07:45,slaughterhouse_1,slaughterhouse,0,,,,500.0,394.57,,,,,,,,,75,hitl
7,2026-05-29 07:45,wholesaler_1,wholesaler,0,,,,,,156.7,13.8,,,,,,,75,hitl
7,2026-05-29 07:45,retail_1,retail,0,,,,,,,,92.1,30.0,0.0,0.0,3.58,0.0,75,hitl
8,2026-05-29 08:00,supplier_1,supplier,0,911.79,,,,,,,,,,,,,75,hitl
8,2026-05-29 08:00,farm_1,farm,0,,777.0,0.0264,,,,,,,,,,,75,hitl
8,2026-05-29 08:00,slaughterhouse_1,slaughterhouse,0,,,,500.0,376.0,,,,,,,,,75,hitl
8,2026-05-29 08:00,wholesaler_1,wholesaler,0,,,,,,146.09,13.8,,,,,,,75,hitl
8,2026-05-29 08:00,retail_1,retail,0,,,,,,,,91.18,30.0,0.0,0.0,3.58,0.0,75,hitl
9,2026-05-29 08:15,supplier_1,supplier,0,910.86,,,,,,,,,,,,,75,hitl
9,2026-05-29 08:15,farm_1,farm,0,,777.0,0.0264,,,,,,,,,,,75,hitl
9,2026-05-29 08:15,slaughterhouse_1,slaughterhouse,0,,,,500.0,390.67,,,,,,,,,75,hitl
9,2026-05-29 08:15,wholesaler_1,wholesaler,0,,,,,,168.11,13.8,,,,,,,75,hitl
9,2026-05-29 08:15,retail_1,retail,0,,,,,,,,98.33,30.0,0.0,0.0,3.58,0.0,75,hitl
10,2026-05-29 08:30,supplier_1,supplier,0,909.87,,,,,,,,,,,,,75,hitl
10,2026-05-29 08:30,farm_1,farm,0,,777.0,0.0264,,,,,,,,,,,75,hitl
10,2026-05-29 08:30,slaughterhouse_1,slaughterhouse,0,,,,500.0,400.0,,,,,,,,,75,hitl
10,2026-05-29 08:30,wholesaler_1,wholesaler,0,,,,,,165.76,13.8,,,,,,,75,hitl
10,2026-05-29 08:30,retail_1,retail,0,,,,,,,,97.37,30.0,0.0,0.0,3.58,0.0,75,hitl
11,2026-05-29 08:45,supplier_1,supplier,0,909.36,,,,,,,,,,,,,75,hitl
11,2026-05-29 08:45,farm_1,farm,0,,777.0,0.0264,,,,,,,,,,,75,hitl
11,2026-05-29 08:45,slaughterhouse_1,slaughterhouse,0,,,,500.0,400.0,,,,,,,,,75,hitl
11,2026-05-29 08:45,wholesaler_1,wholesaler,0,,,,,,163.51,13.8,,,,,,,75,hitl
11,2026-05-29 08:45,retail_1,retail,0,,,,,,,,96.4,30.0,0.0,0.0,3.58,0.0,75,hitl
12,2026-05-29 09:00,supplier_1,supplier,0,908.35,,,,,,,,,,,,,75,hitl
12,2026-05-29 09:00,farm_1,farm,0,,777.0,0.0264,,,,,,,,,,,75,hitl
12,2026-05-29 09:00,slaughterhouse_1,slaughterhouse,0,,,,500.0,400.0,,,,,,,,,75,hitl
12,2026-05-29 09:00,wholesaler_1,wholesaler,0,,,,,,153.55,13.8,,,,,,,75,hitl
12,2026-05-29 09:00,retail_1,retail,0,,,,,,,,95.42,30.0,0.0,0.0,3.58,0.0,75,hitl
13,2026-05-29 09:15,supplier_1,supplier,0,907.68,,,,,,,,,,,,,75,hitl
13,2026-05-29 09:15,farm_1,farm,0,,777.0,0.0264,,,,,,,,,,,75,hitl
13,2026-05-29 09:15,slaughterhouse_1,slaughterhouse,0,,,,500.0,400.0,,,,,,,,,75,hitl
13,2026-05-29 09:15,wholesaler_1,wholesaler,0,,,,,,151.24,13.8,,,,,,,75,hitl
13,2026-05-29 09:15,retail_1,retail,0,,,,,,,,102.43,30.0,0.0,0.0,3.58,0.0,75,hitl
14,2026-05-29 09:30,supplier_1,supplier,0,906.8,,,,,,,,,,,,,75,hitl
14,2026-05-29 09:30,farm_1,farm,0,,777.0,0.0264,,,,,,,,,,,75,hitl
14,2026-05-29 09:30,slaughterhouse_1,slaughterhouse,0,,,,500.0,400.0,,,,,,,,,75,hitl
14,2026-05-29 09:30,wholesaler_1,wholesaler,0,,,,,,149.71,13.8,,,,,,,75,hitl
14,2026-05-29 09:30,retail_1,retail,0,,,,,,,,101.52,30.0,0.0,0.0,3.58,0.0,75,hitl
15,2026-05-29 09:45,supplier_1,supplier,0,905.75,,,,,,,,,,,,,75,hitl
15,2026-05-29 09:45,farm_1,farm,0,,777.0,0.0264,,,,,,,,,,,75,hitl
15,2026-05-29 09:45,slaughterhouse_1,slaughterhouse,0,,,,500.0,400.0,,,,,,,,,75,hitl
15,2026-05-29 09:45,wholesaler_1,wholesaler,0,,,,,,147.28,13.8,,,,,,,75,hitl
15,2026-05-29 09:45,retail_1,retail,0,,,,,,,,100.61,30.0,0.0,0.0,3.58,0.0,75,hitl
16,2026-05-29 10:00,supplier_1,supplier,0,904.48,,,,,,,,,,,,,75,hitl
16,2026-05-29 10:00,farm_1,farm,0,,777.0,0.0264,,,,,,,,,,,75,hitl
16,2026-05-29 10:00,slaughterhouse_1,slaughterhouse,0,,,,500.0,376.0,,,,,,,,,75,hitl
16,2026-05-29 10:00,wholesaler_1,wholesaler,0,,,,,,140.1,13.8,,,,,,,75,hitl
16,2026-05-29 10:00,retail_1,retail,0,,,,,,,,99.76,30.0,0.0,0.0,3.58,0.0,75,hitl
17,2026-05-29 10:15,supplier_1,supplier,0,902.99,,,,,,,,,,,,,75,hitl
17,2026-05-29 10:15,farm_1,farm,0,,777.0,0.0264,,,,,,,,,,,75,hitl
17,2026-05-29 10:15,slaughterhouse_1,slaughterhouse,0,,,,500.0,389.65,,,,,,,,,75,hitl
17,2026-05-29 10:15,wholesaler_1,wholesaler,0,,,,,,161.87,13.8,,,,,,,75,hitl
17,2026-05-29 10:15,retail_1,retail,0,,,,,,,,104.03,30.0,0.0,0.0,3.58,0.0,75,hitl
18,2026-05-29 10:30,supplier_1,supplier,0,901.64,,,,,,,,,,,,,75,hitl
18,2026-05-29 10:30,farm_1,farm,0,,777.0,0.0264,,,,,,,,,,,75,hitl
18,2026-05-29 10:30,slaughterhouse_1,slaughterhouse,0,,,,500.0,400.0,,,,,,,,,75,hitl
18,2026-05-29 10:30,wholesaler_1,wholesaler,0,,,,,,160.31,13.8,,,,,,,75,hitl
18,2026-05-29 10:30,retail_1,retail,0,,,,,,,,103.23,30.0,0.0,0.0,3.58,0.0,75,hitl
19,2026-05-29 10:45,supplier_1,supplier,0,900.53,,,,,,,,,,,,,75,hitl
19,2026-05-29 10:45,farm_1,farm,0,,777.0,0.0264,,,,,,,,,,,75,hitl
19,2026-05-29 10:45,slaughterhouse_1,slaughterhouse,0,,,,500.0,400.0,,,,,,,,,75,hitl
19,2026-05-29 10:45,wholesaler_1,wholesaler,0,,,,,,157.46,13.8,,,,,,,75,hitl
19,2026-05-29 10:45,retail_1,retail,0,,,,,,,,102.43,30.0,0.0,0.0,3.58,0.0,75,hitl
20,2026-05-29 11:00,supplier_1,supplier,0,899.22,,,,,,,,,,,,,75,hitl
20,2026-05-29 11:00,farm_1,farm,0,,777.0,0.0264,,,,,,,,,,,75,hitl
20,2026-05-29 11:00,slaughterhouse_1,slaughterhouse,0,,,,500.0,400.0,,,,,,,,,75,hitl
20,2026-05-29 11:00,wholesaler_1,wholesaler,0,,,,,,151.0,13.8,,,,,,,75,hitl
20,2026-05-29 11:00,retail_1,retail,0,,,,,,,,101.52,30.0,0.0,0.0,3.58,0.0,75,hitl
21,2026-05-29 11:15,supplier_1,supplier,0,898.42,,,,,,,,,,,,,75,hitl
21,2026-05-29 11:15,farm_1,farm,0,,777.0,0.0264,,,,,,,,,,,75,hitl
21,2026-05-29 11:15,slaughterhouse_1,slaughterhouse,0,,,,500.0,400.0,,,,,,,,,75,hitl
21,2026-05-29 11:15,wholesaler_1,wholesaler,0,,,,,,148.01,13.8,,,,,,,75,hitl
21,2026-05-29 11:15,retail_1,retail,0,,,,,,,,104.0,30.0,0.0,0.0,3.58,0.0,75,hitl
22,2026-05-29 11:30,supplier_1,supplier,0,897.67,,,,,,,,,,,,,75,hitl
22,2026-05-29 11:30,farm_1,farm,0,,777.0,0.0264,,,,,,,,,,,75,hitl
22,2026-05-29 11:30,slaughterhouse_1,slaughterhouse,0,,,,500.0,400.0,,,,,,,,,75,hitl
22,2026-05-29 11:30,wholesaler_1,wholesaler,0,,,,,,146.46,13.8,,,,,,,75,hitl
22,2026-05-29 11:30,retail_1,retail,0,,,,,,,,103.16,30.0,0.0,0.0,3.58,0.0,75,hitl
23,2026-05-29 11:45,supplier_1,supplier,0,896.97,,,,,,,,,,,,,75,hitl
23,2026-05-29 11:45,farm_1,farm,0,,777.0,0.0264,,,,,,,,,,,75,hitl
23,2026-05-29 11:45,slaughterhouse_1,slaughterhouse,0,,,,500.0,400.0,,,,,,,,,75,hitl
23,2026-05-29 11:45,wholesaler_1,wholesaler,0,,,,,,144.87,13.8,,,,,,,75,hitl
23,2026-05-29 11:45,retail_1,retail,0,,,,,,,,102.28,30.0,0.0,0.0,3.58,0.0,75,hitl
24,2026-05-29 12:00,supplier_1,supplier,0,896.13,,,,,,,,,,,,,75,hitl
24,2026-05-29 12:00,farm_1,farm,0,,777.0,0.0264,,,,,,,,,,,75,hitl
24,2026-05-29 12:00,slaughterhouse_1,slaughterhouse,0,,,,500.0,376.0,,,,,,,,,75,hitl
24,2026-05-29 12:00,wholesaler_1,wholesaler,0,,,,,,138.28,13.8,,,,,,,75,hitl
24,2026-05-29 12:00,retail_1,retail,0,,,,,,,,101.36,30.0,0.0,0.0,3.58,0.0,75,hitl
25,2026-05-29 12:15,supplier_1,supplier,0,895.23,,,,,,,,,,,,,75,hitl
25,2026-05-29 12:15,farm_1,farm,0,,777.0,0.0264,,,,,,,,,,,75,hitl
25,2026-05-29 12:15,slaughterhouse_1,slaughterhouse,0,,,,500.0,390.53,,,,,,,,,75,hitl
25,2026-05-29 12:15,wholesaler_1,wholesaler,0,,,,,,159.45,13.8,,,,,,,75,hitl
25,2026-05-29 12:15,retail_1,retail,0,,,,,,,,104.2,30.0,0.0,0.0,3.58,0.0,75,hitl
26,2026-05-29 12:30,supplier_1,supplier,0,893.8,,,,,,,,,,,,,75,hitl
26,2026-05-29 12:30,farm_1,farm,0,,777.0,0.0264,,,,,,,,,,,75,hitl
26,2026-05-29 12:30,slaughterhouse_1,slaughterhouse,0,,,,500.0,400.0,,,,,,,,,75,hitl
26,2026-05-29 12:30,wholesaler_1,wholesaler,0,,,,,,157.14,13.8,,,,,,,75,hitl
26,2026-05-29 12:30,retail_1,retail,0,,,,,,,,103.31,30.0,0.0,0.0,3.58,0.0,75,hitl
27,2026-05-29 12:45,supplier_1,supplier,0,892.95,,,,,,,,,,,,,75,hitl
27,2026-05-29 12:45,farm_1,farm,0,,777.0,0.0264,,,,,,,,,,,75,hitl
27,2026-05-29 12:45,slaughterhouse_1,slaughterhouse,0,,,,500.0,400.0,,,,,,,,,75,hitl
27,2026-05-29 12:45,wholesaler_1,wholesaler,0,,,,,,154.34,13.8,,,,,,,75,hitl
27,2026-05-29 12:45,retail_1,retail,0,,,,,,,,102.34,30.0,0.0,0.0,3.58,0.0,75,hitl
28,2026-05-29 13:00,supplier_1,supplier,0,891.7,,,,,,,,,,,,,75,hitl
28,2026-05-29 13:00,farm_1,farm,0,,777.0,0.0264,,,,,,,,,,,75,hitl
28,2026-05-29 13:00,slaughterhouse_1,slaughterhouse,0,,,,500.0,400.0,,,,,,,,,75,hitl
28,2026-05-29 13:00,wholesaler_1,wholesaler,0,,,,,,147.95,13.8,,,,,,,75,hitl
28,2026-05-29 13:00,retail_1,retail,0,,,,,,,,101.46,30.0,0.0,0.0,3.58,0.0,75,hitl
29,2026-05-29 13:15,supplier_1,supplier,0,890.58,,,,,,,,,,,,,75,hitl
29,2026-05-29 13:15,farm_1,farm,0,,777.0,0.0264,,,,,,,,,,,75,hitl
29,2026-05-29 13:15,slaughterhouse_1,slaughterhouse,0,,,,500.0,400.0,,,,,,,,,75,hitl
29,2026-05-29 13:15,wholesaler_1,wholesaler,0,,,,,,146.23,13.8,,,,,,,75,hitl
29,2026-05-29 13:15,retail_1,retail,0,,,,,,,,104.0,30.0,0.0,0.0,3.58,0.0,75,hitl
30,2026-05-29 13:30,supplier_1,supplier,0,889.75,,,,,,,,,,,,,75,hitl
30,2026-05-29 13:30,farm_1,farm,0,,777.0,0.0264,,,,,,,,,,,75,hitl
30,2026-05-29 13:30,slaughterhouse_1,slaughterhouse,0,,,,500.0,400.0,,,,,,,,,75,hitl
30,2026-05-29 13:30,wholesaler_1,wholesaler,0,,,,,,143.28,13.8,,,,,,,75,hitl
30,2026-05-29 13:30,retail_1,retail,0,,,,,,,,103.04,30.0,0.0,0.0,3.58,0.0,75,hitl
31,2026-05-29 13:45,supplier_1,supplier,0,888.75,,,,,,,,,,,,,75,hitl
31,2026-05-29 13:45,farm_1,farm,0,,777.0,0.0264,,,,,,,,,,,75,hitl
31,2026-05-29 13:45,slaughterhouse_1,slaughterhouse,0,,,,500.0,400.0,,,,,,,,,75,hitl
31,2026-05-29 13:45,wholesaler_1,wholesaler,0,,,,,,140.73,13.8,,,,,,,75,hitl
31,2026-05-29 13:45,retail_1,retail,0,,,,,,,,102.08,30.0,0.0,0.0,3.58,0.0,75,hitl
32,2026-05-29 14:00,supplier_1,supplier,0,887.63,,,,,,,,,,,,,75,hitl
32,2026-05-29 14:00,farm_1,farm,0,,777.0,0.0264,,,,,,,,,,,75,hitl
32,2026-05-29 14:00,slaughterhouse_1,slaughterhouse,0,,,,500.0,376.0,,,,,,,,,75,hitl
32,2026-05-29 14:00,wholesaler_1,wholesaler,0,,,,,,135.2,13.8,,,,,,,75,hitl
32,2026-05-29 14:00,retail_1,retail,0,,,,,,,,101.21,30.0,0.0,0.0,3.58,0.0,75,hitl
33,2026-05-29 14:15,supplier_1,supplier,0,886.21,,,,,,,,,,,,,75,hitl
33,2026-05-29 14:15,farm_1,farm,0,,777.0,0.0264,,,,,,,,,,,75,hitl
33,2026-05-29 14:15,slaughterhouse_1,slaughterhouse,0,,,,500.0,389.16,,,,,,,,,75,hitl
33,2026-05-29 14:15,wholesaler_1,wholesaler,0,,,,,,156.26,13.8,,,,,,,75,hitl
33,2026-05-29 14:15,retail_1,retail,0,,,,,,,,104.07,30.0,0.0,0.0,3.58,0.0,75,hitl
34,2026-05-29 14:30,supplier_1,supplier,0,885.21,,,,,,,,,,,,,75,hitl
34,2026-05-29 14:30,farm_1,farm,0,,777.0,0.0264,,,,,,,,,,,75,hitl
34,2026-05-29 14:30,slaughterhouse_1,slaughterhouse,0,,,,500.0,400.0,,,,,,,,,75,hitl
34,2026-05-29 14:30,wholesaler_1,wholesaler,0,,,,,,154.0,13.8,,,,,,,75,hitl
34,2026-05-29 14:30,retail_1,retail,0,,,,,,,,103.24,30.0,0.0,0.0,3.58,0.0,75,hitl
35,2026-05-29 14:45,supplier_1,supplier,0,884.58,,,,,,,,,,,,,75,hitl
35,2026-05-29 14:45,farm_1,farm,0,,777.0,0.0264,,,,,,,,,,,75,hitl
35,2026-05-29 14:45,slaughterhouse_1,slaughterhouse,0,,,,500.0,400.0,,,,,,,,,75,hitl
35,2026-05-29 14:45,wholesaler_1,wholesaler,0,,,,,,152.23,13.8,,,,,,,75,hitl
35,2026-05-29 14:45,retail_1,retail,0,,,,,,,,102.45,30.0,0.0,0.0,3.58,0.0,75,hitl
36,2026-05-29 15:00,supplier_1,supplier,0,883.78,,,,,,,,,,,,,75,hitl
36,2026-05-29 15:00,farm_1,farm,1,,777.0,0.0264,,,,,,,,,,,75,hitl
36,2026-05-29 15:00,slaughterhouse_1,slaughterhouse,0,,,,400.0,400.0,,,,,,,,,75,hitl
36,2026-05-29 15:00,wholesaler_1,wholesaler,0,,,,,,146.33,13.8,,,,,,,75,hitl
36,2026-05-29 15:00,retail_1,retail,0,,,,,,,,101.61,30.0,0.0,0.0,3.58,15.9642,75,hitl
37,2026-05-29 15:15,supplier_1,supplier,0,883.06,,,,,,,,,,,,,75,hitl
37,2026-05-29 15:15,farm_1,farm,1,,777.0,0.0264,,,,,,,,,,,75,hitl
37,2026-05-29 15:15,slaughterhouse_1,slaughterhouse,0,,,,400.0,400.0,,,,,,,,,75,hitl
37,2026-05-29 15:15,wholesaler_1,wholesaler,0,,,,,,144.07,13.8,,,,,,,75,hitl
37,2026-05-29 15:15,retail_1,retail,0,,,,,,,,104.13,30.0,0.0,0.0,3.58,15.9642,75,hitl
38,2026-05-29 15:30,supplier_1,supplier,0,881.62,,,,,,,,,,,,,75,hitl
38,2026-05-29 15:30,farm_1,farm,1,,777.0,0.0264,,,,,,,,,,,75,hitl
38,2026-05-29 15:30,slaughterhouse_1,slaughterhouse,0,,,,400.0,400.0,,,,,,,,,75,hitl
38,2026-05-29 15:30,wholesaler_1,wholesaler,0,,,,,,141.71,13.8,,,,,,,75,hitl
38,2026-05-29 15:30,retail_1,retail,0,,,,,,,,103.15,30.0,0.0,0.0,3.58,15.9642,75,hitl
39,2026-05-29 15:45,supplier_1,supplier,0,880.9,,,,,,,,,,,,,75,hitl
39,2026-05-29 15:45,farm_1,farm,1,,777.0,0.0264,,,,,,,,,,,75,hitl
39,2026-05-29 15:45,slaughterhouse_1,slaughterhouse,0,,,,400.0,400.0,,,,,,,,,75,hitl
39,2026-05-29 15:45,wholesaler_1,wholesaler,0,,,,,,138.71,13.8,,,,,,,75,hitl
39,2026-05-29 15:45,retail_1,retail,0,,,,,,,,102.22,30.0,0.0,0.0,3.58,15.9642,75,hitl
40,2026-05-29 16:00,supplier_1,supplier,0,879.91,,,,,,,,,,,,,75,hitl
40,2026-05-29 16:00,farm_1,farm,1,,777.0,0.0264,,,,,,,,,,,75,hitl
40,2026-05-29 16:00,slaughterhouse_1,slaughterhouse,0,,,,400.0,376.0,,,,,,,,,75,hitl
40,2026-05-29 16:00,wholesaler_1,wholesaler,0,,,,,,132.95,13.8,,,,,,,75,hitl
40,2026-05-29 16:00,retail_1,retail,0,,,,,,,,101.25,30.0,0.0,0.0,3.58,15.9642,75,hitl
41,2026-05-29 16:15,supplier_1,supplier,0,878.91,,,,,,,,,,,,,75,hitl
41,2026-05-29 16:15,farm_1,farm,1,,777.0,0.0264,,,,,,,,,,,75,hitl
41,2026-05-29 16:15,slaughterhouse_1,slaughterhouse,0,,,,400.0,387.01,,,,,,,,,75,hitl
41,2026-05-29 16:15,wholesaler_1,wholesaler,0,,,,,,154.83,13.8,,,,,,,75,hitl
41,2026-05-29 16:15,retail_1,retail,0,,,,,,,,104.17,30.0,0.0,0.0,3.58,15.9642,75,hitl
42,2026-05-29 16:30,supplier_1,supplier,0,877.99,,,,,,,,,,,,,75,hitl
42,2026-05-29 16:30,farm_1,farm,1,,777.0,0.0264,,,,,,,,,,,75,hitl
42,2026-05-29 16:30,slaughterhouse_1,slaughterhouse,0,,,,400.0,398.93,,,,,,,,,75,hitl
42,2026-05-29 16:30,wholesaler_1,wholesaler,0,,,,,,153.12,13.8,,,,,,,75,hitl
42,2026-05-29 16:30,retail_1,retail,0,,,,,,,,103.29,30.0,0.0,0.0,3.58,15.9642,75,hitl
43,2026-05-29 16:45,supplier_1,supplier,0,876.53,,,,,,,,,,,,,75,hitl
43,2026-05-29 16:45,farm_1,farm,1,,777.0,0.0264,,,,,,,,,,,75,hitl
43,2026-05-29 16:45,slaughterhouse_1,slaughterhouse,0,,,,400.0,400.0,,,,,,,,,75,hitl
43,2026-05-29 16:45,wholesaler_1,wholesaler,0,,,,,,150.62,13.8,,,,,,,75,hitl
43,2026-05-29 16:45,retail_1,retail,0,,,,,,,,102.3,30.0,0.0,0.0,3.58,15.9642,75,hitl
44,2026-05-29 17:00,supplier_1,supplier,0,875.51,,,,,,,,,,,,,75,hitl
44,2026-05-29 17:00,farm_1,farm,1,,777.0,0.0264,,,,,,,,,,,75,hitl
44,2026-05-29 17:00,slaughterhouse_1,slaughterhouse,0,,,,400.0,400.0,,,,,,,,,75,hitl
44,2026-05-29 17:00,wholesaler_1,wholesaler,0,,,,,,145.19,13.8,,,,,,,75,hitl
44,2026-05-29 17:00,retail_1,retail,0,,,,,,,,101.44,30.0,0.0,0.0,3.58,15.9642,75,hitl
45,2026-05-29 17:15,supplier_1,supplier,0,874.95,,,,,,,,,,,,,75,hitl
45,2026-05-29 17:15,farm_1,farm,1,,777.0,0.0264,,,,,,,,,,,75,hitl
45,2026-05-29 17:15,slaughterhouse_1,slaughterhouse,0,,,,400.0,400.0,,,,,,,,,75,hitl
45,2026-05-29 17:15,wholesaler_1,wholesaler,0,,,,,,142.47,13.8,,,,,,,75,hitl
45,2026-05-29 17:15,retail_1,retail,0,,,,,,,,104.16,30.0,0.0,0.0,3.58,15.9642,75,hitl
46,2026-05-29 17:30,supplier_1,supplier,0,874.37,,,,,,,,,,,,,75,hitl
46,2026-05-29 17:30,farm_1,farm,1,,777.0,0.0264,,,,,,,,,,,75,hitl
46,2026-05-29 17:30,slaughterhouse_1,slaughterhouse,0,,,,400.0,400.0,,,,,,,,,75,hitl
46,2026-05-29 17:30,wholesaler_1,wholesaler,0,,,,,,140.45,13.8,,,,,,,75,hitl
46,2026-05-29 17:30,retail_1,retail,0,,,,,,,,103.24,30.0,0.0,0.0,3.58,15.9642,75,hitl
47,2026-05-29 17:45,supplier_1,supplier,0,873.4,,,,,,,,,,,,,75,hitl
47,2026-05-29 17:45,farm_1,farm,1,,777.0,0.0264,,,,,,,,,,,75,hitl
47,2026-05-29 17:45,slaughterhouse_1,slaughterhouse,0,,,,400.0,400.0,,,,,,,,,75,hitl
47,2026-05-29 17:45,wholesaler_1,wholesaler,0,,,,,,138.63,13.8,,,,,,,75,hitl
47,2026-05-29 17:45,retail_1,retail,0,,,,,,,,102.36,30.0,0.0,0.0,3.58,15.9642,75,hitl
48,2026-05-29 18:00,supplier_1,supplier,0,872.13,,,,,,,,,,,,,75,hitl
48,2026-05-29 18:00,farm_1,farm,1,,777.0,0.0264,,,,,,,,,,,75,hitl
48,2026-05-29 18:00,slaughterhouse_1,slaughterhouse,0,,,,400.0,376.0,,,,,,,,,75,hitl
48,2026-05-29 18:00,wholesaler_1,wholesaler,0,,,,,,132.76,13.8,,,,,,,75,hitl
48,2026-05-29 18:00,retail_1,retail,0,,,,,,,,101.46,30.0,0.0,0.0,3.58,15.9642,75,hitl
49,2026-05-29 18:15,supplier_1,supplier,0,870.7,,,,,,,,,,,,,75,hitl
49,2026-05-29 18:15,farm_1,farm,1,,777.0,0.0264,,,,,,,,,,,75,hitl
49,2026-05-29 18:15,slaughterhouse_1,slaughterhouse,0,,,,400.0,387.88,,,,,,,,,75,hitl
49,2026-05-29 18:15,wholesaler_1,wholesaler,0,,,,,,154.21,13.8,,,,,,,75,hitl
49,2026-05-29 18:15,retail_1,retail,0,,,,,,,,104.07,30.0,0.0,0.0,3.58,15.9642,75,hitl
50,2026-05-29 18:30,supplier_1,supplier,0,869.6,,,,,,,,,,,,,75,hitl
50,2026-05-29 18:30,farm_1,farm,1,,777.0,0.0264,,,,,,,,,,,75,hitl
50,2026-05-29 18:30,slaughterhouse_1,slaughterhouse,0,,,,400.0,398.86,,,,,,,,,75,hitl
50,2026-05-29 18:30,wholesaler_1,wholesaler,0,,,,,,151.92,13.8,,,,,,,75,hitl
50,2026-05-29 18:30,retail_1,retail,0,,,,,,,,103.28,30.0,0.0,0.0,3.58,15.9642,75,hitl
51,2026-05-29 18:45,supplier_1,supplier,0,868.17,,,,,,,,,,,,,75,hitl
51,2026-05-29 18:45,farm_1,farm,1,,777.0,0.0264,,,,,,,,,,,75,hitl
51,2026-05-29 18:45,slaughterhouse_1,slaughterhouse,0,,,,400.0,400.0,,,,,,,,,75,hitl
51,2026-05-29 18:45,wholesaler_1,wholesaler,0,,,,,,150.26,13.8,,,,,,,75,hitl
51,2026-05-29 18:45,retail_1,retail,0,,,,,,,,102.32,30.0,0.0,0.0,3.58,15.9642,75,hitl
52,2026-05-29 19:00,supplier_1,supplier,0,867.38,,,,,,,,,,,,,75,hitl
52,2026-05-29 19:00,farm_1,farm,1,,777.0,0.0264,,,,,,,,,,,75,hitl
52,2026-05-29 19:00,slaughterhouse_1,slaughterhouse,0,,,,400.0,400.0,,,,,,,,,75,hitl
52,2026-05-29 19:00,wholesaler_1,wholesaler,0,,,,,,144.49,13.8,,,,,,,75,hitl
52,2026-05-29 19:00,retail_1,retail,0,,,,,,,,101.33,30.0,0.0,0.0,3.58,15.9642,75,hitl
53,2026-05-29 19:15,supplier_1,supplier,0,866.8,,,,,,,,,,,,,75,hitl
53,2026-05-29 19:15,farm_1,farm,1,,777.0,0.0264,,,,,,,,,,,75,hitl
53,2026-05-29 19:15,slaughterhouse_1,slaughterhouse,0,,,,400.0,400.0,,,,,,,,,75,hitl
53,2026-05-29 19:15,wholesaler_1,wholesaler,0,,,,,,142.69,13.8,,,,,,,75,hitl
53,2026-05-29 19:15,retail_1,retail,0,,,,,,,,104.17,30.0,0.0,0.0,3.58,15.9642,75,hitl
54,2026-05-29 19:30,supplier_1,supplier,0,865.97,,,,,,,,,,,,,75,hitl
54,2026-05-29 19:30,farm_1,farm,1,,777.0,0.0264,,,,,,,,,,,75,hitl
54,2026-05-29 19:30,slaughterhouse_1,slaughterhouse,0,,,,400.0,400.0,,,,,,,,,75,hitl
54,2026-05-29 19:30,wholesaler_1,wholesaler,0,,,,,,140.51,13.8,,,,,,,75,hitl
54,2026-05-29 19:30,retail_1,retail,0,,,,,,,,103.32,30.0,0.0,0.0,3.58,15.9642,75,hitl
55,2026-05-29 19:45,supplier_1,supplier,0,864.72,,,,,,,,,,,,,75,hitl
55,2026-05-29 19:45,farm_1,farm,1,,777.0,0.0264,,,,,,,,,,,75,hitl
55,2026-05-29 19:45,slaughterhouse_1,slaughterhouse,0,,,,400.0,400.0,,,,,,,,,75,hitl
55,2026-05-29 19:45,wholesaler_1,wholesaler,0,,,,,,138.01,13.8,,,,,,,75,hitl
55,2026-05-29 19:45,retail_1,retail,0,,,,,,,,102.47,30.0,0.0,0.0,3.58,15.9642,75,hitl
56,2026-05-29 20:00,supplier_1,supplier,0,864.19,,,,,,,,,,,,,75,hitl
56,2026-05-29 20:00,farm_1,farm,1,,777.0,0.0264,,,,,,,,,,,75,hitl
56,2026-05-29 20:00,slaughterhouse_1,slaughterhouse,0,,,,400.0,376.0,,,,,,,,,75,hitl
56,2026-05-29 20:00,wholesaler_1,wholesaler,0,,,,,,131.77,13.8,,,,,,,75,hitl
56,2026-05-29 20:00,retail_1,retail,0,,,,,,,,101.61,30.0,0.0,0.0,3.58,15.9642,75,hitl
57,2026-05-29 20:15,supplier_1,supplier,0,863.35,,,,,,,,,,,,,75,hitl
57,2026-05-29 20:15,farm_1,farm,1,,777.0,0.0264,,,,,,,,,,,75,hitl
57,2026-05-29 20:15,slaughterhouse_1,slaughterhouse,0,,,,400.0,387.82,,,,,,,,,75,hitl
57,2026-05-29 20:15,wholesaler_1,wholesaler,0,,,,,,154.21,13.8,,,,,,,75,hitl
57,2026-05-29 20:15,retail_1,retail,0,,,,,,,,104.05,30.0,0.0,0.0,3.58,15.9642,75,hitl
58,2026-05-29 20:30,supplier_1,supplier,0,862.51,,,,,,,,,,,,,75,hitl
58,2026-05-29 20:30,farm_1,farm,1,,777.0,0.0264,,,,,,,,,,,75,hitl
58,2026-05-29 20:30,slaughterhouse_1,slaughterhouse,0,,,,400.0,399.7,,,,,,,,,75,hitl
58,2026-05-29 20:30,wholesaler_1,wholesaler,0,,,,,,151.4,13.8,,,,,,,75,hitl
58,2026-05-29 20:30,retail_1,retail,0,,,,,,,,103.19,30.0,0.0,0.0,3.58,15.9642,75,hitl
59,2026-05-29 20:45,supplier_1,supplier,0,861.94,,,,,,,,,,,,,75,hitl
59,2026-05-29 20:45,farm_1,farm,1,,777.0,0.0264,,,,,,,,,,,75,hitl
59,2026-05-29 20:45,slaughterhouse_1,slaughterhouse,0,,,,400.0,400.0,,,,,,,,,75,hitl
59,2026-05-29 20:45,wholesaler_1,wholesaler,0,,,,,,149.61,13.8,,,,,,,75,hitl
59,2026-05-29 20:45,retail_1,retail,0,,,,,,,,102.23,30.0,0.0,0.0,3.58,15.9642,75,hitl
60,2026-05-29 21:00,supplier_1,supplier,0,860.56,,,,,,,,,,,,,75,hitl
60,2026-05-29 21:00,farm_1,farm,1,,777.0,0.0264,,,,,,,,,,,75,hitl
60,2026-05-29 21:00,slaughterhouse_1,slaughterhouse,0,,,,400.0,400.0,,,,,,,,,75,hitl
60,2026-05-29 21:00,wholesaler_1,wholesaler,0,,,,,,143.93,13.8,,,,,,,75,hitl
60,2026-05-29 21:00,retail_1,retail,0,,,,,,,,101.33,30.0,0.0,0.0,3.58,15.9642,75,hitl
61,2026-05-29 21:15,supplier_1,supplier,0,859.55,,,,,,,,,,,,,75,hitl
61,2026-05-29 21:15,farm_1,farm,1,,777.0,0.0264,,,,,,,,,,,75,hitl
61,2026-05-29 21:15,slaughterhouse_1,slaughterhouse,0,,,,400.0,400.0,,,,,,,,,75,hitl
61,2026-05-29 21:15,wholesaler_1,wholesaler,0,,,,,,141.09,13.8,,,,,,,75,hitl
61,2026-05-29 21:15,retail_1,retail,0,,,,,,,,104.12,30.0,0.0,0.0,3.58,15.9642,75,hitl
62,2026-05-29 21:30,supplier_1,supplier,0,858.4,,,,,,,,,,,,,75,hitl
62,2026-05-29 21:30,farm_1,farm,1,,777.0,0.0264,,,,,,,,,,,75,hitl
62,2026-05-29 21:30,slaughterhouse_1,slaughterhouse,0,,,,400.0,400.0,,,,,,,,,75,hitl
62,2026-05-29 21:30,wholesaler_1,wholesaler,0,,,,,,138.4,13.8,,,,,,,75,hitl
62,2026-05-29 21:30,retail_1,retail,0,,,,,,,,103.33,30.0,0.0,0.0,3.58,15.9642,75,hitl
63,2026-05-29 21:45,supplier_1,supplier,0,857.53,,,,,,,,,,,,,75,hitl
63,2026-05-29 21:45,farm_1,farm,1,,777.0,0.0264,,,,,,,,,,,75,hitl
63,2026-05-29 21:45,slaughterhouse_1,slaughterhouse,0,,,,400.0,400.0,,,,,,,,,75,hitl
63,2026-05-29 21:45,wholesaler_1,wholesaler,0,,,,,,136.07,13.8,,,,,,,75,hitl
63,2026-05-29 21:45,retail_1,retail,0,,,,,,,,102.53,30.0,0.0,0.0,3.58,15.9642,75,hitl
64,2026-05-29 22:00,supplier_1,supplier,0,856.8,,,,,,,,,,,,,75,hitl
64,2026-05-29 22:00,farm_1,farm,1,,777.0,0.0264,,,,,,,,,,,75,hitl
64,2026-05-29 22:00,slaughterhouse_1,slaughterhouse,0,,,,400.0,376.0,,,,,,,,,75,hitl
64,2026-05-29 22:00,wholesaler_1,wholesaler,0,,,,,,129.73,13.8,,,,,,,75,hitl
64,2026-05-29 22:00,retail_1,retail,0,,,,,,,,101.53,30.0,0.0,0.0,3.58,15.9642,75,hitl
65,2026-05-29 22:15,supplier_1,supplier,0,855.39,,,,,,,,,,,,,75,hitl
65,2026-05-29 22:15,farm_1,farm,1,,777.0,0.0264,,,,,,,,,,,75,hitl
65,2026-05-29 22:15,slaughterhouse_1,slaughterhouse,0,,,,400.0,386.9,,,,,,,,,75,hitl
65,2026-05-29 22:15,wholesaler_1,wholesaler,0,,,,,,151.65,13.8,,,,,,,75,hitl
65,2026-05-29 22:15,retail_1,retail,0,,,,,,,,104.05,30.0,0.0,0.0,3.58,15.9642,75,hitl
66,2026-05-29 22:30,supplier_1,supplier,0,854.63,,,,,,,,,,,,,75,hitl
66,2026-05-29 22:30,farm_1,farm,1,,777.0,0.0264,,,,,,,,,,,75,hitl
66,2026-05-29 22:30,slaughterhouse_1,slaughterhouse,0,,,,400.0,398.82,,,,,,,,,75,hitl
66,2026-05-29 22:30,wholesaler_1,wholesaler,0,,,,,,148.75,13.8,,,,,,,75,hitl
66,2026-05-29 22:30,retail_1,retail,0,,,,,,,,103.25,30.0,0.0,0.0,3.58,15.9642,75,hitl
67,2026-05-29 22:45,supplier_1,supplier,0,853.8,,,,,,,,,,,,,75,hitl
67,2026-05-29 22:45,farm_1,farm,1,,777.0,0.0264,,,,,,,,,,,75,hitl
67,2026-05-29 22:45,slaughterhouse_1,slaughterhouse,0,,,,400.0,400.0,,,,,,,,,75,hitl
67,2026-05-29 22:45,wholesaler_1,wholesaler,0,,,,,,145.86,13.8,,,,,,,75,hitl
67,2026-05-29 22:45,retail_1,retail,0,,,,,,,,102.32,30.0,0.0,0.0,3.58,15.9642,75,hitl
68,2026-05-29 23:00,supplier_1,supplier,0,852.91,,,,,,,,,,,,,75,hitl
68,2026-05-29 23:00,farm_1,farm,1,,777.0,0.0264,,,,,,,,,,,75,hitl
68,2026-05-29 23:00,slaughterhouse_1,slaughterhouse,0,,,,400.0,400.0,,,,,,,,,75,hitl
68,2026-05-29 23:00,wholesaler_1,wholesaler,0,,,,,,139.7,13.8,,,,,,,75,hitl
68,2026-05-29 23:00,retail_1,retail,0,,,,,,,,101.41,30.0,0.0,0.0,3.58,15.9642,75,hitl
69,2026-05-29 23:15,supplier_1,supplier,0,852.05,,,,,,,,,,,,,75,hitl
69,2026-05-29 23:15,farm_1,farm,1,,777.0,0.0264,,,,,,,,,,,75,hitl
69,2026-05-29 23:15,slaughterhouse_1,slaughterhouse,0,,,,400.0,400.0,,,,,,,,,75,hitl
69,2026-05-29 23:15,wholesaler_1,wholesaler,0,,,,,,137.17,13.8,,,,,,,75,hitl
69,2026-05-29 23:15,retail_1,retail,0,,,,,,,,104.16,30.0,0.0,0.0,3.58,15.9642,75,hitl
70,2026-05-29 23:30,supplier_1,supplier,0,850.94,,,,,,,,,,,,,75,hitl
70,2026-05-29 23:30,farm_1,farm,1,,777.0,0.0264,,,,,,,,,,,75,hitl
70,2026-05-29 23:30,slaughterhouse_1,slaughterhouse,0,,,,400.0,400.0,,,,,,,,,75,hitl
70,2026-05-29 23:30,wholesaler_1,wholesaler,0,,,,,,134.34,13.8,,,,,,,75,hitl
70,2026-05-29 23:30,retail_1,retail,0,,,,,,,,103.25,30.0,0.0,0.0,3.58,15.9642,75,hitl
71,2026-05-29 23:45,supplier_1,supplier,0,850.21,,,,,,,,,,,,,75,hitl
71,2026-05-29 23:45,farm_1,farm,1,,777.0,0.0264,,,,,,,,,,,75,hitl
71,2026-05-29 23:45,slaughterhouse_1,slaughterhouse,0,,,,400.0,400.0,,,,,,,,,75,hitl
71,2026-05-29 23:45,wholesaler_1,wholesaler,0,,,,,,132.67,13.8,,,,,,,75,hitl
71,2026-05-29 23:45,retail_1,retail,0,,,,,,,,102.25,30.0,0.0,0.0,3.58,15.9642,75,hitl
72,2026-05-30 00:00,supplier_1,supplier,0,848.86,,,,,,,,,,,,,75,hitl
72,2026-05-30 00:00,farm_1,farm,0,,777.0,0.0264,,,,,,,,,,,75,hitl
72,2026-05-30 00:00,slaughterhouse_1,slaughterhouse,0,,,,400.0,376.0,,,,,,,,,75,hitl
72,2026-05-30 00:00,wholesaler_1,wholesaler,0,,,,,,127.15,13.8,,,,,,,75,hitl
72,2026-05-30 00:00,retail_1,retail,0,,,,,,,,101.25,30.0,0.0,0.0,3.58,15.9642,75,hitl
73,2026-05-30 00:15,supplier_1,supplier,0,848.34,,,,,,,,,,,,,75,hitl
73,2026-05-30 00:15,farm_1,farm,0,,777.0,0.0264,,,,,,,,,,,75,hitl
73,2026-05-30 00:15,slaughterhouse_1,slaughterhouse,0,,,,400.0,386.73,,,,,,,,,75,hitl
73,2026-05-30 00:15,wholesaler_1,wholesaler,0,,,,,,148.32,13.8,,,,,,,75,hitl
73,2026-05-30 00:15,retail_1,retail,0,,,,,,,,104.02,30.0,0.0,0.0,3.58,15.9642,75,hitl
74,2026-05-30 00:30,supplier_1,supplier,0,846.99,,,,,,,,,,,,,75,hitl
74,2026-05-30 00:30,farm_1,farm,0,,777.0,0.0264,,,,,,,,,,,75,hitl
74,2026-05-30 00:30,slaughterhouse_1,slaughterhouse,0,,,,400.0,397.83,,,,,,,,,75,hitl
74,2026-05-30 00:30,wholesaler_1,wholesaler,0,,,,,,146.0,13.8,,,,,,,75,hitl
74,2026-05-30 00:30,retail_1,retail,0,,,,,,,,103.19,30.0,0.0,0.0,3.58,15.9642,75,hitl
75,2026-05-30 00:45,supplier_1,supplier,0,845.51,,,,,,,,,,,,,75,hitl
75,2026-05-30 00:45,farm_1,farm,0,,777.0,0.0264,,,,,,,,,,,75,hitl
75,2026-05-30 00:45,slaughterhouse_1,slaughterhouse,0,,,,400.0,400.0,,,,,,,,,75,hitl
75,2026-05-30 00:45,wholesaler_1,wholesaler,0,,,,,,143.71,13.8,,,,,,,75,hitl
75,2026-05-30 00:45,retail_1,retail,0,,,,,,,,102.28,30.0,0.0,0.0,3.58,15.9642,75,hitl
76,2026-05-30 01:00,supplier_1,supplier,0,844.43,,,,,,,,,,,,,75,hitl
76,2026-05-30 01:00,farm_1,farm,1,,380.0,0.14,,,,,,,,,,,75,hitl
76,2026-05-30 01:00,slaughterhouse_1,slaughterhouse,0,,,,400.0,400.0,,,,,,,,,75,hitl
76,2026-05-30 01:00,wholesaler_1,wholesaler,0,,,,,,137.62,13.8,,,,,,,75,hitl
76,2026-05-30 01:00,retail_1,retail,0,,,,,,,,101.39,30.0,0.0,0.0,3.58,15.9642,75,hitl
77,2026-05-30 01:15,supplier_1,supplier,0,843.5,,,,,,,,,,,,,75,hitl
77,2026-05-30 01:15,farm_1,farm,1,,380.0,0.14,,,,,,,,,,,75,hitl
77,2026-05-30 01:15,slaughterhouse_1,slaughterhouse,0,,,,400.0,400.0,,,,,,,,,75,hitl
77,2026-05-30 01:15,wholesaler_1,wholesaler,0,,,,,,134.95,13.8,,,,,,,75,hitl
77,2026-05-30 01:15,retail_1,retail,0,,,,,,,,104.06,30.0,0.0,0.0,3.58,15.9642,75,hitl
78,2026-05-30 01:30,supplier_1,supplier,0,842.69,,,,,,,,,,,,,75,hitl
78,2026-05-30 01:30,farm_1,farm,1,,380.0,0.14,,,,,,,,,,,75,hitl
78,2026-05-30 01:30,slaughterhouse_1,slaughterhouse,0,,,,400.0,400.0,,,,,,,,,75,hitl
78,2026-05-30 01:30,wholesaler_1,wholesaler,0,,,,,,133.21,13.8,,,,,,,75,hitl
78,2026-05-30 01:30,retail_1,retail,0,,,,,,,,103.25,30.0,0.0,0.0,3.58,15.9642,75,hitl
79,2026-05-30 01:45,supplier_1,supplier,0,841.48,,,,,,,,,,,,,75,hitl
79,2026-05-30 01:45,farm_1,farm,1,,380.0,0.14,,,,,,,,,,,75,hitl
79,2026-05-30 01:45,slaughterhouse_1,slaughterhouse,0,,,,400.0,400.0,,,,,,,,,75,hitl
79,2026-05-30 01:45,wholesaler_1,wholesaler,0,,,,,,130.79,13.8,,,,,,,75,hitl
79,2026-05-30 01:45,retail_1,retail,0,,,,,,,,102.26,30.0,0.0,0.0,3.58,15.9642,75,hitl
80,2026-05-30 02:00,supplier_1,supplier,0,840.03,,,,,,,,,,,,,75,hitl
80,2026-05-30 02:00,farm_1,farm,1,,380.0,0.14,,,,,,,,,,,75,hitl
80,2026-05-30 02:00,slaughterhouse_1,slaughterhouse,0,,,,400.0,376.0,,,,,,,,,75,hitl
80,2026-05-30 02:00,wholesaler_1,wholesaler,0,,,,,,124.24,13.8,,,,,,,75,hitl
80,2026-05-30 02:00,retail_1,retail,0,,,,,,,,101.34,30.0,0.0,0.0,3.58,15.9642,75,hitl
81,2026-05-30 02:15,supplier_1,supplier,0,838.54,,,,,,,,,,,,,75,hitl
81,2026-05-30 02:15,farm_1,farm,1,,380.0,0.14,,,,,,,,,,,75,hitl
81,2026-05-30 02:15,slaughterhouse_1,slaughterhouse,0,,,,400.0,386.93,,,,,,,,,75,hitl
81,2026-05-30 02:15,wholesaler_1,wholesaler,0,,,,,,145.76,13.8,,,,,,,75,hitl
81,2026-05-30 02:15,retail_1,retail,0,,,,,,,,104.01,30.0,0.0,0.0,3.58,15.9642,75,hitl
82,2026-05-30 02:30,supplier_1,supplier,0,837.37,,,,,,,,,,,,,75,hitl
82,2026-05-30 02:30,farm_1,farm,1,,380.0,0.14,,,,,,,,,,,75,hitl
82,2026-05-30 02:30,slaughterhouse_1,slaughterhouse,0,,,,400.0,398.33,,,,,,,,,75,hitl
82,2026-05-30 02:30,wholesaler_1,wholesaler,0,,,,,,144.22,13.8,,,,,,,75,hitl
82,2026-05-30 02:30,retail_1,retail,0,,,,,,,,103.06,30.0,0.0,0.0,3.58,15.9642,75,hitl
83,2026-05-30 02:45,supplier_1,supplier,0,836.08,,,,,,,,,,,,,75,hitl
83,2026-05-30 02:45,farm_1,farm,1,,380.0,0.14,,,,,,,,,,,75,hitl
83,2026-05-30 02:45,slaughterhouse_1,slaughterhouse,0,,,,400.0,400.0,,,,,,,,,75,hitl
83,2026-05-30 02:45,wholesaler_1,wholesaler,0,,,,,,142.64,13.8,,,,,,,75,hitl
83,2026-05-30 02:45,retail_1,retail,0,,,,,,,,102.16,30.0,0.0,0.0,3.58,15.9642,75,hitl
84,2026-05-30 03:00,supplier_1,supplier,0,835.13,,,,,,,,,,,,,75,hitl
84,2026-05-30 03:00,farm_1,farm,1,,380.0,0.14,,,,,,,,,,,75,hitl
84,2026-05-30 03:00,slaughterhouse_1,slaughterhouse,0,,,,400.0,400.0,,,,,,,,,75,hitl
84,2026-05-30 03:00,wholesaler_1,wholesaler,0,,,,,,137.0,13.8,,,,,,,75,hitl
84,2026-05-30 03:00,retail_1,retail,0,,,,,,,,101.22,30.0,0.0,0.0,3.58,15.9642,75,hitl
85,2026-05-30 03:15,supplier_1,supplier,0,834.48,,,,,,,,,,,,,75,hitl
85,2026-05-30 03:15,farm_1,farm,1,,380.0,0.14,,,,,,,,,,,75,hitl
85,2026-05-30 03:15,slaughterhouse_1,slaughterhouse,0,,,,400.0,400.0,,,,,,,,,75,hitl
85,2026-05-30 03:15,wholesaler_1,wholesaler,0,,,,,,134.83,13.8,,,,,,,75,hitl
85,2026-05-30 03:15,retail_1,retail,0,,,,,,,,104.08,30.0,0.0,0.0,3.58,15.9642,75,hitl
86,2026-05-30 03:30,supplier_1,supplier,0,833.12,,,,,,,,,,,,,75,hitl
86,2026-05-30 03:30,farm_1,farm,1,,380.0,0.14,,,,,,,,,,,75,hitl
86,2026-05-30 03:30,slaughterhouse_1,slaughterhouse,0,,,,400.0,400.0,,,,,,,,,75,hitl
86,2026-05-30 03:30,wholesaler_1,wholesaler,0,,,,,,132.02,13.8,,,,,,,75,hitl
86,2026-05-30 03:30,retail_1,retail,0,,,,,,,,103.28,30.0,0.0,0.0,3.58,15.9642,75,hitl
87,2026-05-30 03:45,supplier_1,supplier,0,832.0,,,,,,,,,,,,,75,hitl
87,2026-05-30 03:45,farm_1,farm,1,,380.0,0.14,,,,,,,,,,,75,hitl
87,2026-05-30 03:45,slaughterhouse_1,slaughterhouse,0,,,,400.0,400.0,,,,,,,,,75,hitl
87,2026-05-30 03:45,wholesaler_1,wholesaler,0,,,,,,129.58,13.8,,,,,,,75,hitl
87,2026-05-30 03:45,retail_1,retail,0,,,,,,,,102.41,30.0,0.0,0.0,3.58,15.9642,75,hitl
88,2026-05-30 04:00,supplier_1,supplier,0,830.93,,,,,,,,,,,,,75,hitl
88,2026-05-30 04:00,farm_1,farm,1,,380.0,0.14,,,,,,,,,,,75,hitl
88,2026-05-30 04:00,slaughterhouse_1,slaughterhouse,0,,,,400.0,376.0,,,,,,,,,75,hitl
88,2026-05-30 04:00,wholesaler_1,wholesaler,0,,,,,,124.53,13.8,,,,,,,75,hitl
88,2026-05-30 04:00,retail_1,retail,0,,,,,,,,101.62,30.0,0.0,0.0,3.58,15.9642,75,hitl
89,2026-05-30 04:15,supplier_1,supplier,0,829.99,,,,,,,,,,,,,75,hitl
89,2026-05-30 04:15,farm_1,farm,1,,380.0,0.14,,,,,,,,,,,75,hitl
89,2026-05-30 04:15,slaughterhouse_1,slaughterhouse,0,,,,400.0,386.23,,,,,,,,,75,hitl
89,2026-05-30 04:15,wholesaler_1,wholesaler,0,,,,,,146.7,13.8,,,,,,,75,hitl
89,2026-05-30 04:15,retail_1,retail,0,,,,,,,,104.2,30.0,0.0,0.0,3.58,15.9642,75,hitl
90,2026-05-30 04:30,supplier_1,supplier,0,828.96,,,,,,,,,,,,,75,hitl
90,2026-05-30 04:30,farm_1,farm,1,,380.0,0.14,,,,,,,,,,,75,hitl
90,2026-05-30 04:30,slaughterhouse_1,slaughterhouse,0,,,,400.0,398.17,,,,,,,,,75,hitl
90,2026-05-30 04:30,wholesaler_1,wholesaler,0,,,,,,143.87,13.8,,,,,,,75,hitl
90,2026-05-30 04:30,retail_1,retail,0,,,,,,,,103.23,30.0,0.0,0.0,3.58,15.9642,75,hitl
91,2026-05-30 04:45,supplier_1,supplier,0,828.4,,,,,,,,,,,,,75,hitl
91,2026-05-30 04:45,farm_1,farm,1,,380.0,0.14,,,,,,,,,,,75,hitl
91,2026-05-30 04:45,slaughterhouse_1,slaughterhouse,0,,,,400.0,400.0,,,,,,,,,75,hitl
91,2026-05-30 04:45,wholesaler_1,wholesaler,0,,,,,,142.06,13.8,,,,,,,75,hitl
91,2026-05-30 04:45,retail_1,retail,0,,,,,,,,102.37,30.0,0.0,0.0,3.58,15.9642,75,hitl
92,2026-05-30 05:00,supplier_1,supplier,0,827.2,,,,,,,,,,,,,75,hitl
92,2026-05-30 05:00,farm_1,farm,1,,380.0,0.14,,,,,,,,,,,75,hitl
92,2026-05-30 05:00,slaughterhouse_1,slaughterhouse,0,,,,400.0,400.0,,,,,,,,,75,hitl
92,2026-05-30 05:00,wholesaler_1,wholesaler,0,,,,,,135.61,13.8,,,,,,,75,hitl
92,2026-05-30 05:00,retail_1,retail,0,,,,,,,,101.52,30.0,0.0,0.0,3.58,15.9642,75,hitl
93,2026-05-30 05:15,supplier_1,supplier,0,826.45,,,,,,,,,,,,,75,hitl
93,2026-05-30 05:15,farm_1,farm,1,,380.0,0.14,,,,,,,,,,,75,hitl
93,2026-05-30 05:15,slaughterhouse_1,slaughterhouse,0,,,,400.0,400.0,,,,,,,,,75,hitl
93,2026-05-30 05:15,wholesaler_1,wholesaler,0,,,,,,132.83,13.8,,,,,,,75,hitl
93,2026-05-30 05:15,retail_1,retail,0,,,,,,,,104.11,30.0,0.0,0.0,3.58,15.9642,75,hitl
94,2026-05-30 05:30,supplier_1,supplier,0,825.5,,,,,,,,,,,,,75,hitl
94,2026-05-30 05:30,farm_1,farm,1,,380.0,0.14,,,,,,,,,,,75,hitl
94,2026-05-30 05:30,slaughterhouse_1,slaughterhouse,0,,,,400.0,400.0,,,,,,,,,75,hitl
94,2026-05-30 05:30,wholesaler_1,wholesaler,0,,,,,,130.14,13.8,,,,,,,75,hitl
94,2026-05-30 05:30,retail_1,retail,0,,,,,,,,103.23,30.0,0.0,0.0,3.58,15.9642,75,hitl
95,2026-05-30 05:45,supplier_1,supplier,0,824.1,,,,,,,,,,,,,75,hitl
95,2026-05-30 05:45,farm_1,farm,1,,380.0,0.14,,,,,,,,,,,75,hitl
95,2026-05-30 05:45,slaughterhouse_1,slaughterhouse,0,,,,400.0,400.0,,,,,,,,,75,hitl
95,2026-05-30 05:45,wholesaler_1,wholesaler,0,,,,,,128.53,13.8,,,,,,,75,hitl
95,2026-05-30 05:45,retail_1,retail,0,,,,,,,,102.4,30.0,0.0,0.0,3.58,15.9642,75,hitl
96,2026-05-30 06:00,supplier_1,supplier,0,823.24,,,,,,,,,,,,,75,hitl
96,2026-05-30 06:00,farm_1,farm,1,,380.0,0.14,,,,,,,,,,,75,hitl
96,2026-05-30 06:00,slaughterhouse_1,slaughterhouse,0,,,,400.0,376.0,,,,,,,,,75,hitl
96,2026-05-30 06:00,wholesaler_1,wholesaler,0,,,,,,122.61,13.8,,,,,,,75,hitl
96,2026-05-30 06:00,retail_1,retail,0,,,,,,,,101.43,30.0,0.0,0.0,3.58,15.9642,75,hitl
97,2026-05-30 06:15,supplier_1,supplier,0,822.13,,,,,,,,,,,,,75,hitl
97,2026-05-30 06:15,farm_1,farm,1,,380.0,0.14,,,,,,,,,,,75,hitl
97,2026-05-30 06:15,slaughterhouse_1,slaughterhouse,0,,,,400.0,387.85,,,,,,,,,75,hitl
97,2026-05-30 06:15,wholesaler_1,wholesaler,0,,,,,,144.8,13.8,,,,,,,75,hitl
97,2026-05-30 06:15,retail_1,retail,0,,,,,,,,104.19,30.0,0.0,0.0,3.58,15.9642,75,hitl
98,2026-05-30 06:30,supplier_1,supplier,0,820.71,,,,,,,,,,,,,75,hitl
98,2026-05-30 06:30,farm_1,farm,1,,380.0,0.14,,,,,,,,,,,75,hitl
98,2026-05-30 06:30,slaughterhouse_1,slaughterhouse,0,,,,400.0,399.3,,,,,,,,,75,hitl
98,2026-05-30 06:30,wholesaler_1,wholesaler,0,,,,,,141.93,13.8,,,,,,,75,hitl
98,2026-05-30 06:30,retail_1,retail,0,,,,,,,,103.28,30.0,0.0,0.0,3.58,15.9642,75,hitl
99,2026-05-30 06:45,supplier_1,supplier,0,819.25,,,,,,,,,,,,,75,hitl
99,2026-05-30 06:45,farm_1,farm,1,,380.0,0.14,,,,,,,,,,,75,hitl
99,2026-05-30 06:45,slaughterhouse_1,slaughterhouse,0,,,,400.0,400.0,,,,,,,,,75,hitl
99,2026-05-30 06:45,wholesaler_1,wholesaler,0,,,,,,139.37,13.8,,,,,,,75,hitl
99,2026-05-30 06:45,retail_1,retail,0,,,,,,,,102.39,30.0,0.0,0.0,3.58,15.9642,75,hitl
100,2026-05-30 07:00,supplier_1,supplier,0,818.14,,,,,,,,,,,,,75,hitl
100,2026-05-30 07:00,farm_1,farm,1,,380.0,0.14,,,,,,,,,,,75,hitl
100,2026-05-30 07:00,slaughterhouse_1,slaughterhouse,0,,,,400.0,400.0,,,,,,,,,75,hitl
100,2026-05-30 07:00,wholesaler_1,wholesaler,0,,,,,,133.89,13.8,,,,,,,75,hitl
100,2026-05-30 07:00,retail_1,retail,0,,,,,,,,101.44,30.0,0.0,0.0,3.58,15.9642,75,hitl
101,2026-05-30 07:15,supplier_1,supplier,0,816.9,,,,,,,,,,,,,75,hitl
101,2026-05-30 07:15,farm_1,farm,1,,380.0,0.14,,,,,,,,,,,75,hitl
101,2026-05-30 07:15,slaughterhouse_1,slaughterhouse,0,,,,400.0,400.0,,,,,,,,,75,hitl
101,2026-05-30 07:15,wholesaler_1,wholesaler,0,,,,,,131.46,13.8,,,,,,,75,hitl
101,2026-05-30 07:15,retail_1,retail,0,,,,,,,,104.18,30.0,0.0,0.0,3.58,15.9642,75,hitl
102,2026-05-30 07:30,supplier_1,supplier,0,815.62,,,,,,,,,,,,,75,hitl
102,2026-05-30 07:30,farm_1,farm,1,,380.0,0.14,,,,,,,,,,,75,hitl
102,2026-05-30 07:30,slaughterhouse_1,slaughterhouse,0,,,,400.0,400.0,,,,,,,,,75,hitl
102,2026-05-30 07:30,wholesaler_1,wholesaler,0,,,,,,129.27,13.8,,,,,,,75,hitl
102,2026-05-30 07:30,retail_1,retail,0,,,,,,,,103.38,30.0,0.0,0.0,3.58,15.9642,75,hitl
103,2026-05-30 07:45,supplier_1,supplier,0,814.37,,,,,,,,,,,,,75,hitl
103,2026-05-30 07:45,farm_1,farm,1,,380.0,0.14,,,,,,,,,,,75,hitl
103,2026-05-30 07:45,slaughterhouse_1,slaughterhouse,0,,,,400.0,400.0,,,,,,,,,75,hitl
103,2026-05-30 07:45,wholesaler_1,wholesaler,0,,,,,,126.62,13.8,,,,,,,75,hitl
103,2026-05-30 07:45,retail_1,retail,0,,,,,,,,102.5,30.0,0.0,0.0,3.58,15.9642,75,hitl
104,2026-05-30 08:00,supplier_1,supplier,0,813.26,,,,,,,,,,,,,75,hitl
104,2026-05-30 08:00,farm_1,farm,1,,380.0,0.14,,,,,,,,,,,75,hitl
104,2026-05-30 08:00,slaughterhouse_1,slaughterhouse,0,,,,400.0,376.0,,,,,,,,,75,hitl
104,2026-05-30 08:00,wholesaler_1,wholesaler,0,,,,,,120.48,13.8,,,,,,,75,hitl
104,2026-05-30 08:00,retail_1,retail,0,,,,,,,,101.67,30.0,0.0,0.0,3.58,15.9642,75,hitl
105,2026-05-30 08:15,supplier_1,supplier,0,812.68,,,,,,,,,,,,,75,hitl
105,2026-05-30 08:15,farm_1,farm,1,,380.0,0.14,,,,,,,,,,,75,hitl
105,2026-05-30 08:15,slaughterhouse_1,slaughterhouse,0,,,,400.0,386.49,,,,,,,,,75,hitl
105,2026-05-30 08:15,wholesaler_1,wholesaler,0,,,,,,142.09,13.8,,,,,,,75,hitl
105,2026-05-30 08:15,retail_1,retail,0,,,,,,,,104.18,30.0,0.0,0.0,3.58,15.9642,75,hitl
106,2026-05-30 08:30,supplier_1,supplier,0,811.6,,,,,,,,,,,,,75,hitl
106,2026-05-30 08:30,farm_1,farm,1,,380.0,0.14,,,,,,,,,,,75,hitl
106,2026-05-30 08:30,slaughterhouse_1,slaughterhouse,0,,,,400.0,396.69,,,,,,,,,75,hitl
106,2026-05-30 08:30,wholesaler_1,wholesaler,0,,,,,,139.25,13.8,,,,,,,75,hitl
106,2026-05-30 08:30,retail_1,retail,0,,,,,,,,103.33,30.0,0.0,0.0,3.58,15.9642,75,hitl
107,2026-05-30 08:45,supplier_1,supplier,0,810.25,,,,,,,,,,,,,75,hitl
107,2026-05-30 08:45,farm_1,farm,1,,380.0,0.14,,,,,,,,,,,75,hitl
107,2026-05-30 08:45,slaughterhouse_1,slaughterhouse,0,,,,400.0,400.0,,,,,,,,,75,hitl
107,2026-05-30 08:45,wholesaler_1,wholesaler,0,,,,,,137.28,13.8,,,,,,,75,hitl
107,2026-05-30 08:45,retail_1,retail,0,,,,,,,,102.48,30.0,0.0,0.0,3.58,15.9642,75,hitl
108,2026-05-30 09:00,supplier_1,supplier,0,809.12,,,,,,,,,,,,,75,hitl
108,2026-05-30 09:00,farm_1,farm,1,,380.0,0.14,,,,,,,,,,,75,hitl
108,2026-05-30 09:00,slaughterhouse_1,slaughterhouse,0,,,,400.0,400.0,,,,,,,,,75,hitl
108,2026-05-30 09:00,wholesaler_1,wholesaler,0,,,,,,131.25,13.8,,,,,,,75,hitl
108,2026-05-30 09:00,retail_1,retail,0,,,,,,,,101.6,30.0,0.0,0.0,3.58,15.9642,75,hitl
109,2026-05-30 09:15,supplier_1,supplier,0,808.6,,,,,,,,,,,,,75,hitl
109,2026-05-30 09:15,farm_1,farm,1,,380.0,0.14,,,,,,,,,,,75,hitl
109,2026-05-30 09:15,slaughterhouse_1,slaughterhouse,0,,,,400.0,400.0,,,,,,,,,75,hitl
109,2026-05-30 09:15,wholesaler_1,wholesaler,0,,,,,,128.7,13.8,,,,,,,75,hitl
109,2026-05-30 09:15,retail_1,retail,0,,,,,,,,104.17,30.0,0.0,0.0,3.58,15.9642,75,hitl
110,2026-05-30 09:30,supplier_1,supplier,0,807.2,,,,,,,,,,,,,75,hitl
110,2026-05-30 09:30,farm_1,farm,1,,380.0,0.14,,,,,,,,,,,75,hitl
110,2026-05-30 09:30,slaughterhouse_1,slaughterhouse,0,,,,400.0,400.0,,,,,,,,,75,hitl
110,2026-05-30 09:30,wholesaler_1,wholesaler,0,,,,,,126.63,13.8,,,,,,,75,hitl
110,2026-05-30 09:30,retail_1,retail,0,,,,,,,,103.24,30.0,0.0,0.0,3.58,15.9642,75,hitl
111,2026-05-30 09:45,supplier_1,supplier,0,806.14,,,,,,,,,,,,,75,hitl
111,2026-05-30 09:45,farm_1,farm,1,,380.0,0.14,,,,,,,,,,,75,hitl
111,2026-05-30 09:45,slaughterhouse_1,slaughterhouse,0,,,,400.0,400.0,,,,,,,,,75,hitl
111,2026-05-30 09:45,wholesaler_1,wholesaler,0,,,,,,124.45,13.8,,,,,,,75,hitl
111,2026-05-30 09:45,retail_1,retail,0,,,,,,,,102.3,30.0,0.0,0.0,3.58,15.9642,75,hitl
112,2026-05-30 10:00,supplier_1,supplier,0,805.04,,,,,,,,,,,,,75,hitl
112,2026-05-30 10:00,farm_1,farm,1,,380.0,0.14,,,,,,,,,,,75,hitl
112,2026-05-30 10:00,slaughterhouse_1,slaughterhouse,0,,,,400.0,376.0,,,,,,,,,75,hitl
112,2026-05-30 10:00,wholesaler_1,wholesaler,0,,,,,,118.73,13.8,,,,,,,75,hitl
112,2026-05-30 10:00,retail_1,retail,0,,,,,,,,101.31,30.0,0.0,0.0,3.58,15.9642,75,hitl
113,2026-05-30 10:15,supplier_1,supplier,0,804.08,,,,,,,,,,,,,75,hitl
113,2026-05-30 10:15,farm_1,farm,1,,380.0,0.14,,,,,,,,,,,75,hitl
113,2026-05-30 10:15,slaughterhouse_1,slaughterhouse,0,,,,400.0,387.8,,,,,,,,,75,hitl
113,2026-05-30 10:15,wholesaler_1,wholesaler,0,,,,,,140.82,13.8,,,,,,,75,hitl
113,2026-05-30 10:15,retail_1,retail,0,,,,,,,,104.18,30.0,0.0,0.0,3.58,15.9642,75,hitl
114,2026-05-30 10:30,supplier_1,supplier,0,802.6,,,,,,,,,,,,,75,hitl
114,2026-05-30 10:30,farm_1,farm,1,,380.0,0.14,,,,,,,,,,,75,hitl
114,2026-05-30 10:30,slaughterhouse_1,slaughterhouse,0,,,,400.0,398.89,,,,,,,,,75,hitl
114,2026-05-30 10:30,wholesaler_1,wholesaler,0,,,,,,138.98,13.8,,,,,,,75,hitl
114,2026-05-30 10:30,retail_1,retail,0,,,,,,,,103.39,30.0,0.0,0.0,3.58,15.9642,75,hitl
115,2026-05-30 10:45,supplier_1,supplier,0,801.77,,,,,,,,,,,,,75,hitl
115,2026-05-30 10:45,farm_1,farm,1,,380.0,0.14,,,,,,,,,,,75,hitl
115,2026-05-30 10:45,slaughterhouse_1,slaughterhouse,0,,,,400.0,400.0,,,,,,,,,75,hitl
115,2026-05-30 10:45,wholesaler_1,wholesaler,0,,,,,,136.87,13.8,,,,,,,75,hitl
115,2026-05-30 10:45,retail_1,retail,0,,,,,,,,102.46,30.0,0.0,0.0,3.58,15.9642,75,hitl
116,2026-05-30 11:00,supplier_1,supplier,0,800.45,,,,,,,,,,,,,75,hitl
116,2026-05-30 11:00,farm_1,farm,1,,380.0,0.14,,,,,,,,,,,75,hitl
116,2026-05-30 11:00,slaughterhouse_1,slaughterhouse,0,,,,400.0,400.0,,,,,,,,,75,hitl
116,2026-05-30 11:00,wholesaler_1,wholesaler,0,,,,,,130.56,13.8,,,,,,,75,hitl
116,2026-05-30 11:00,retail_1,retail,0,,,,,,,,101.52,30.0,0.0,0.0,3.58,15.9642,75,hitl
117,2026-05-30 11:15,supplier_1,supplier,0,799.04,,,,,,,,,,,,,75,hitl
117,2026-05-30 11:15,farm_1,farm,1,,380.0,0.14,,,,,,,,,,,75,hitl
117,2026-05-30 11:15,slaughterhouse_1,slaughterhouse,0,,,,400.0,400.0,,,,,,,,,75,hitl
117,2026-05-30 11:15,wholesaler_1,wholesaler,0,,,,,,127.91,13.8,,,,,,,75,hitl
117,2026-05-30 11:15,retail_1,retail,0,,,,,,,,104.15,30.0,0.0,0.0,3.58,15.9642,75,hitl
118,2026-05-30 11:30,supplier_1,supplier,0,797.54,,,,,,,,,,,,,75,hitl
118,2026-05-30 11:30,farm_1,farm,1,,380.0,0.14,,,,,,,,,,,75,hitl
118,2026-05-30 11:30,slaughterhouse_1,slaughterhouse,0,,,,400.0,400.0,,,,,,,,,75,hitl
118,2026-05-30 11:30,wholesaler_1,wholesaler,0,,,,,,126.23,13.8,,,,,,,75,hitl
118,2026-05-30 11:30,retail_1,retail,0,,,,,,,,103.27,30.0,0.0,0.0,3.58,15.9642,75,hitl
119,2026-05-30 11:45,supplier_1,supplier,0,797.02,,,,,,,,,,,,,75,hitl
119,2026-05-30 11:45,farm_1,farm,1,,380.0,0.14,,,,,,,,,,,75,hitl
119,2026-05-30 11:45,slaughterhouse_1,slaughterhouse,0,,,,400.0,400.0,,,,,,,,,75,hitl
119,2026-05-30 11:45,wholesaler_1,wholesaler,0,,,,,,124.36,13.8,,,,,,,75,hitl
119,2026-05-30 11:45,retail_1,retail,0,,,,,,,,102.48,30.0,0.0,0.0,3.58,15.9642,75,hitl
120,2026-05-30 12:00,supplier_1,supplier,0,795.62,,,,,,,,,,,,,75,hitl
120,2026-05-30 12:00,farm_1,farm,1,,380.0,0.14,,,,,,,,,,,75,hitl
120,2026-05-30 12:00,slaughterhouse_1,slaughterhouse,0,,,,400.0,376.0,,,,,,,,,75,hitl
120,2026-05-30 12:00,wholesaler_1,wholesaler,0,,,,,,119.03,13.8,,,,,,,75,hitl
120,2026-05-30 12:00,retail_1,retail,0,,,,,,,,101.59,30.0,0.0,0.0,3.58,15.9642,75,hitl
121,2026-05-30 12:15,supplier_1,supplier,0,794.26,,,,,,,,,,,,,75,hitl
121,2026-05-30 12:15,farm_1,farm,1,,380.0,0.14,,,,,,,,,,,75,hitl
121,2026-05-30 12:15,slaughterhouse_1,slaughterhouse,0,,,,400.0,387.23,,,,,,,,,75,hitl
121,2026-05-30 12:15,wholesaler_1,wholesaler,0,,,,,,141.0,13.8,,,,,,,75,hitl
121,2026-05-30 12:15,retail_1,retail,0,,,,,,,,104.1,30.0,0.0,0.0,3.58,15.9642,75,hitl
122,2026-05-30 12:30,supplier_1,supplier,0,793.02,,,,,,,,,,,,,75,hitl
122,2026-05-30 12:30,farm_1,farm,1,,380.0,0.14,,,,,,,,,,,75,hitl
122,2026-05-30 12:30,slaughterhouse_1,slaughterhouse,0,,,,400.0,398.05,,,,,,,,,75,hitl
122,2026-05-30 12:30,wholesaler_1,wholesaler,0,,,,,,138.32,13.8,,,,,,,75,hitl
122,2026-05-30 12:30,retail_1,retail,0,,,,,,,,103.12,30.0,0.0,0.0,3.58,15.9642,75,hitl
123,2026-05-30 12:45,supplier_1,supplier,0,791.67,,,,,,,,,,,,,75,hitl
123,2026-05-30 12:45,farm_1,farm,1,,380.0,0.14,,,,,,,,,,,75,hitl
123,2026-05-30 12:45,slaughterhouse_1,slaughterhouse,0,,,,400.0,400.0,,,,,,,,,75,hitl
123,2026-05-30 12:45,wholesaler_1,wholesaler,0,,,,,,135.78,13.8,,,,,,,75,hitl
123,2026-05-30 12:45,retail_1,retail,0,,,,,,,,102.32,30.0,0.0,0.0,3.58,15.9642,75,hitl
124,2026-05-30 13:00,supplier_1,supplier,0,790.28,,,,,,,,,,,,,75,hitl
124,2026-05-30 13:00,farm_1,farm,1,,380.0,0.14,,,,,,,,,,,75,hitl
124,2026-05-30 13:00,slaughterhouse_1,slaughterhouse,0,,,,400.0,400.0,,,,,,,,,75,hitl
124,2026-05-30 13:00,wholesaler_1,wholesaler,0,,,,,,129.51,13.8,,,,,,,75,hitl
124,2026-05-30 13:00,retail_1,retail,0,,,,,,,,101.4,30.0,0.0,0.0,3.58,15.9642,75,hitl
125,2026-05-30 13:15,supplier_1,supplier,0,789.19,,,,,,,,,,,,,75,hitl
125,2026-05-30 13:15,farm_1,farm,1,,380.0,0.14,,,,,,,,,,,75,hitl
125,2026-05-30 13:15,slaughterhouse_1,slaughterhouse,0,,,,400.0,400.0,,,,,,,,,75,hitl
125,2026-05-30 13:15,wholesaler_1,wholesaler,0,,,,,,126.69,13.8,,,,,,,75,hitl
125,2026-05-30 13:15,retail_1,retail,0,,,,,,,,104.01,30.0,0.0,0.0,3.58,15.9642,75,hitl
126,2026-05-30 13:30,supplier_1,supplier,0,788.09,,,,,,,,,,,,,75,hitl
126,2026-05-30 13:30,farm_1,farm,1,,380.0,0.14,,,,,,,,,,,75,hitl
126,2026-05-30 13:30,slaughterhouse_1,slaughterhouse,0,,,,400.0,400.0,,,,,,,,,75,hitl
126,2026-05-30 13:30,wholesaler_1,wholesaler,0,,,,,,124.05,13.8,,,,,,,75,hitl
126,2026-05-30 13:30,retail_1,retail,0,,,,,,,,103.05,30.0,0.0,0.0,3.58,15.9642,75,hitl
127,2026-05-30 13:45,supplier_1,supplier,0,787.09,,,,,,,,,,,,,75,hitl
127,2026-05-30 13:45,farm_1,farm,1,,380.0,0.14,,,,,,,,,,,75,hitl
127,2026-05-30 13:45,slaughterhouse_1,slaughterhouse,0,,,,400.0,400.0,,,,,,,,,75,hitl
127,2026-05-30 13:45,wholesaler_1,wholesaler,0,,,,,,121.48,13.8,,,,,,,75,hitl
127,2026-05-30 13:45,retail_1,retail,0,,,,,,,,102.07,30.0,0.0,0.0,3.58,15.9642,75,hitl
128,2026-05-30 14:00,supplier_1,supplier,0,786.44,,,,,,,,,,,,,75,hitl
128,2026-05-30 14:00,farm_1,farm,1,,380.0,0.14,,,,,,,,,,,75,hitl
128,2026-05-30 14:00,slaughterhouse_1,slaughterhouse,0,,,,400.0,376.0,,,,,,,,,75,hitl
128,2026-05-30 14:00,wholesaler_1,wholesaler,0,,,,,,115.71,13.8,,,,,,,75,hitl
128,2026-05-30 14:00,retail_1,retail,0,,,,,,,,101.27,30.0,0.0,0.0,3.58,15.9642,75,hitl
129,2026-05-30 14:15,supplier_1,supplier,0,785.57,,,,,,,,,,,,,75,hitl
129,2026-05-30 14:15,farm_1,farm,1,,380.0,0.14,,,,,,,,,,,75,hitl
129,2026-05-30 14:15,slaughterhouse_1,slaughterhouse,0,,,,400.0,386.37,,,,,,,,,75,hitl
129,2026-05-30 14:15,wholesaler_1,wholesaler,0,,,,,,138.16,13.8,,,,,,,75,hitl
129,2026-05-30 14:15,retail_1,retail,0,,,,,,,,104.02,30.0,0.0,0.0,3.58,15.9642,75,hitl
130,2026-05-30 14:30,supplier_1,supplier,0,784.15,,,,,,,,,,,,,75,hitl
130,2026-05-30 14:30,farm_1,farm,1,,380.0,0.14,,,,,,,,,,,75,hitl
130,2026-05-30 14:30,slaughterhouse_1,slaughterhouse,0,,,,400.0,397.92,,,,,,,,,75,hitl
130,2026-05-30 14:30,wholesaler_1,wholesaler,0,,,,,,136.35,13.8,,,,,,,75,hitl
130,2026-05-30 14:30,retail_1,retail,0,,,,,,,,103.07,30.0,0.0,0.0,3.58,15.9642,75,hitl
131,2026-05-30 14:45,supplier_1,supplier,0,782.68,,,,,,,,,,,,,75,hitl
131,2026-05-30 14:45,farm_1,farm,1,,380.0,0.14,,,,,,,,,,,75,hitl
131,2026-05-30 14:45,slaughterhouse_1,slaughterhouse,0,,,,400.0,400.0,,,,,,,,,75,hitl
131,2026-05-30 14:45,wholesaler_1,wholesaler,0,,,,,,133.66,13.8,,,,,,,75,hitl
131,2026-05-30 14:45,retail_1,retail,0,,,,,,,,102.12,30.0,0.0,0.0,3.58,15.9642,75,hitl
132,2026-05-30 15:00,supplier_1,supplier,0,781.68,,,,,,,,,,,,,75,hitl
132,2026-05-30 15:00,farm_1,farm,1,,380.0,0.14,,,,,,,,,,,75,hitl
132,2026-05-30 15:00,slaughterhouse_1,slaughterhouse,0,,,,400.0,400.0,,,,,,,,,75,hitl
132,2026-05-30 15:00,wholesaler_1,wholesaler,0,,,,,,128.35,13.8,,,,,,,75,hitl
132,2026-05-30 15:00,retail_1,retail,0,,,,,,,,101.29,30.0,0.0,0.0,3.58,15.9642,75,hitl
133,2026-05-30 15:15,supplier_1,supplier,0,780.98,,,,,,,,,,,,,75,hitl
133,2026-05-30 15:15,farm_1,farm,1,,380.0,0.14,,,,,,,,,,,75,hitl
133,2026-05-30 15:15,slaughterhouse_1,slaughterhouse,0,,,,400.0,400.0,,,,,,,,,75,hitl
133,2026-05-30 15:15,wholesaler_1,wholesaler,0,,,,,,126.04,13.8,,,,,,,75,hitl
133,2026-05-30 15:15,retail_1,retail,0,,,,,,,,104.04,30.0,0.0,0.0,3.58,15.9642,75,hitl
134,2026-05-30 15:30,supplier_1,supplier,0,779.48,,,,,,,,,,,,,75,hitl
134,2026-05-30 15:30,farm_1,farm,1,,380.0,0.14,,,,,,,,,,,75,hitl
134,2026-05-30 15:30,slaughterhouse_1,slaughterhouse,0,,,,400.0,400.0,,,,,,,,,75,hitl
134,2026-05-30 15:30,wholesaler_1,wholesaler,0,,,,,,124.51,13.8,,,,,,,75,hitl
134,2026-05-30 15:30,retail_1,retail,0,,,,,,,,103.04,30.0,0.0,0.0,3.58,15.9642,75,hitl
135,2026-05-30 15:45,supplier_1,supplier,0,778.16,,,,,,,,,,,,,75,hitl
135,2026-05-30 15:45,farm_1,farm,1,,380.0,0.14,,,,,,,,,,,75,hitl
135,2026-05-30 15:45,slaughterhouse_1,slaughterhouse,0,,,,400.0,400.0,,,,,,,,,75,hitl
135,2026-05-30 15:45,wholesaler_1,wholesaler,0,,,,,,122.37,13.8,,,,,,,75,hitl
135,2026-05-30 15:45,retail_1,retail,0,,,,,,,,102.07,30.0,0.0,0.0,3.58,15.9642,75,hitl
136,2026-05-30 16:00,supplier_1,supplier,0,776.86,,,,,,,,,,,,,75,hitl
136,2026-05-30 16:00,farm_1,farm,1,,380.0,0.14,,,,,,,,,,,75,hitl
136,2026-05-30 16:00,slaughterhouse_1,slaughterhouse,0,,,,400.0,376.0,,,,,,,,,75,hitl
136,2026-05-30 16:00,wholesaler_1,wholesaler,0,,,,,,116.09,13.8,,,,,,,75,hitl
136,2026-05-30 16:00,retail_1,retail,0,,,,,,,,101.13,30.0,0.0,0.0,3.58,15.9642,75,hitl
137,2026-05-30 16:15,supplier_1,supplier,0,775.84,,,,,,,,,,,,,75,hitl
137,2026-05-30 16:15,farm_1,farm,1,,380.0,0.14,,,,,,,,,,,75,hitl
137,2026-05-30 16:15,slaughterhouse_1,slaughterhouse,0,,,,400.0,386.32,,,,,,,,,75,hitl
137,2026-05-30 16:15,wholesaler_1,wholesaler,0,,,,,,137.5,13.8,,,,,,,75,hitl
137,2026-05-30 16:15,retail_1,retail,0,,,,,,,,104.12,30.0,0.0,0.0,3.58,15.9642,75,hitl
138,2026-05-30 16:30,supplier_1,supplier,0,774.91,,,,,,,,,,,,,75,hitl
138,2026-05-30 16:30,farm_1,farm,1,,380.0,0.14,,,,,,,,,,,75,hitl
138,2026-05-30 16:30,slaughterhouse_1,slaughterhouse,0,,,,400.0,397.61,,,,,,,,,75,hitl
138,2026-05-30 16:30,wholesaler_1,wholesaler,0,,,,,,134.58,13.8,,,,,,,75,hitl
138,2026-05-30 16:30,retail_1,retail,0,,,,,,,,103.15,30.0,0.0,0.0,3.58,15.9642,75,hitl
139,2026-05-30 16:45,supplier_1,supplier,0,773.43,,,,,,,,,,,,,75,hitl
139,2026-05-30 16:45,farm_1,farm,1,,380.0,0.14,,,,,,,,,,,75,hitl
139,2026-05-30 16:45,slaughterhouse_1,slaughterhouse,0,,,,400.0,400.0,,,,,,,,,75,hitl
139,2026-05-30 16:45,wholesaler_1,wholesaler,0,,,,,,132.57,13.8,,,,,,,75,hitl
139,2026-05-30 16:45,retail_1,retail,0,,,,,,,,102.17,30.0,0.0,0.0,3.58,15.9642,75,hitl
140,2026-05-30 17:00,supplier_1,supplier,0,772.78,,,,,,,,,,,,,75,hitl
140,2026-05-30 17:00,farm_1,farm,1,,380.0,0.14,,,,,,,,,,,75,hitl
140,2026-05-30 17:00,slaughterhouse_1,slaughterhouse,0,,,,400.0,400.0,,,,,,,,,75,hitl
140,2026-05-30 17:00,wholesaler_1,wholesaler,0,,,,,,126.05,13.8,,,,,,,75,hitl
140,2026-05-30 17:00,retail_1,retail,0,,,,,,,,101.17,30.0,0.0,0.0,3.58,15.9642,75,hitl
141,2026-05-30 17:15,supplier_1,supplier,0,771.65,,,,,,,,,,,,,75,hitl
141,2026-05-30 17:15,farm_1,farm,1,,380.0,0.14,,,,,,,,,,,75,hitl
141,2026-05-30 17:15,slaughterhouse_1,slaughterhouse,0,,,,400.0,400.0,,,,,,,,,75,hitl
141,2026-05-30 17:15,wholesaler_1,wholesaler,0,,,,,,123.95,13.8,,,,,,,75,hitl
141,2026-05-30 17:15,retail_1,retail,0,,,,,,,,104.15,30.0,0.0,0.0,3.58,15.9642,75,hitl
142,2026-05-30 17:30,supplier_1,supplier,0,771.11,,,,,,,,,,,,,75,hitl
142,2026-05-30 17:30,farm_1,farm,1,,380.0,0.14,,,,,,,,,,,75,hitl
142,2026-05-30 17:30,slaughterhouse_1,slaughterhouse,0,,,,400.0,400.0,,,,,,,,,75,hitl
142,2026-05-30 17:30,wholesaler_1,wholesaler,0,,,,,,121.03,13.8,,,,,,,75,hitl
142,2026-05-30 17:30,retail_1,retail,0,,,,,,,,103.19,30.0,0.0,0.0,3.58,15.9642,75,hitl
143,2026-05-30 17:45,supplier_1,supplier,0,769.65,,,,,,,,,,,,,75,hitl
143,2026-05-30 17:45,farm_1,farm,1,,380.0,0.14,,,,,,,,,,,75,hitl
143,2026-05-30 17:45,slaughterhouse_1,slaughterhouse,0,,,,400.0,400.0,,,,,,,,,75,hitl
143,2026-05-30 17:45,wholesaler_1,wholesaler,0,,,,,,118.46,13.8,,,,,,,75,hitl
143,2026-05-30 17:45,retail_1,retail,0,,,,,,,,102.3,30.0,0.0,0.0,3.58,15.9642,75,hitl
144,2026-05-30 18:00,supplier_1,supplier,0,769.12,,,,,,,,,,,,,75,hitl
144,2026-05-30 18:00,farm_1,farm,1,,380.0,0.14,,,,,,,,,,,75,hitl
144,2026-05-30 18:00,slaughterhouse_1,slaughterhouse,0,,,,400.0,376.0,,,,,,,,,75,hitl
144,2026-05-30 18:00,wholesaler_1,wholesaler,0,,,,,,111.88,13.8,,,,,,,75,hitl
144,2026-05-30 18:00,retail_1,retail,0,,,,,,,,101.4,30.0,0.0,0.0,3.58,15.9642,75,hitl
145,2026-05-30 18:15,supplier_1,supplier,0,768.03,,,,,,,,,,,,,75,hitl
145,2026-05-30 18:15,farm_1,farm,1,,380.0,0.14,,,,,,,,,,,75,hitl
145,2026-05-30 18:15,slaughterhouse_1,slaughterhouse,0,,,,400.0,386.41,,,,,,,,,75,hitl
145,2026-05-30 18:15,wholesaler_1,wholesaler,0,,,,,,133.54,13.8,,,,,,,75,hitl
145,2026-05-30 18:15,retail_1,retail,0,,,,,,,,104.06,30.0,0.0,0.0,3.58,15.9642,75,hitl
146,2026-05-30 18:30,supplier_1,supplier,0,767.45,,,,,,,,,,,,,75,hitl
146,2026-05-30 18:30,farm_1,farm,1,,380.0,0.14,,,,,,,,,,,75,hitl
146,2026-05-30 18:30,slaughterhouse_1,slaughterhouse,0,,,,400.0,396.9,,,,,,,,,75,hitl
146,2026-05-30 18:30,wholesaler_1,wholesaler,0,,,,,,131.67,13.8,,,,,,,75,hitl
146,2026-05-30 18:30,retail_1,retail,0,,,,,,,,103.24,30.0,0.0,0.0,3.58,15.9642,75,hitl
147,2026-05-30 18:45,supplier_1,supplier,0,766.47,,,,,,,,,,,,,75,hitl
147,2026-05-30 18:45,farm_1,farm,1,,380.0,0.14,,,,,,,,,,,75,hitl
147,2026-05-30 18:45,slaughterhouse_1,slaughterhouse,0,,,,400.0,400.0,,,,,,,,,75,hitl
147,2026-05-30 18:45,wholesaler_1,wholesaler,0,,,,,,129.08,13.8,,,,,,,75,hitl
147,2026-05-30 18:45,retail_1,retail,0,,,,,,,,102.29,30.0,0.0,0.0,3.58,15.9642,75,hitl
148,2026-05-30 19:00,supplier_1,supplier,0,765.42,,,,,,,,,,,,,75,hitl
148,2026-05-30 19:00,farm_1,farm,1,,380.0,0.14,,,,,,,,,,,75,hitl
148,2026-05-30 19:00,slaughterhouse_1,slaughterhouse,0,,,,400.0,400.0,,,,,,,,,75,hitl
148,2026-05-30 19:00,wholesaler_1,wholesaler,0,,,,,,123.23,13.8,,,,,,,75,hitl
148,2026-05-30 19:00,retail_1,retail,0,,,,,,,,101.38,30.0,0.0,0.0,3.58,15.9642,75,hitl
149,2026-05-30 19:15,supplier_1,supplier,0,764.41,,,,,,,,,,,,,75,hitl
149,2026-05-30 19:15,farm_1,farm,1,,380.0,0.14,,,,,,,,,,,75,hitl
149,2026-05-30 19:15,slaughterhouse_1,slaughterhouse,0,,,,400.0,400.0,,,,,,,,,75,hitl
149,2026-05-30 19:15,wholesaler_1,wholesaler,0,,,,,,120.89,13.8,,,,,,,75,hitl
149,2026-05-30 19:15,retail_1,retail,0,,,,,,,,104.14,30.0,0.0,0.0,3.58,15.9642,75,hitl
150,2026-05-30 19:30,supplier_1,supplier,0,763.29,,,,,,,,,,,,,75,hitl
150,2026-05-30 19:30,farm_1,farm,1,,380.0,0.14,,,,,,,,,,,75,hitl
150,2026-05-30 19:30,slaughterhouse_1,slaughterhouse,0,,,,400.0,400.0,,,,,,,,,75,hitl
150,2026-05-30 19:30,wholesaler_1,wholesaler,0,,,,,,118.83,13.8,,,,,,,75,hitl
150,2026-05-30 19:30,retail_1,retail,0,,,,,,,,103.26,30.0,0.0,0.0,3.58,15.9642,75,hitl
151,2026-05-30 19:45,supplier_1,supplier,0,762.52,,,,,,,,,,,,,75,hitl
151,2026-05-30 19:45,farm_1,farm,1,,380.0,0.14,,,,,,,,,,,75,hitl
151,2026-05-30 19:45,slaughterhouse_1,slaughterhouse,0,,,,400.0,400.0,,,,,,,,,75,hitl
151,2026-05-30 19:45,wholesaler_1,wholesaler,0,,,,,,117.05,13.8,,,,,,,75,hitl
151,2026-05-30 19:45,retail_1,retail,0,,,,,,,,102.37,30.0,0.0,0.0,3.58,15.9642,75,hitl
152,2026-05-30 20:00,supplier_1,supplier,0,761.39,,,,,,,,,,,,,75,hitl
152,2026-05-30 20:00,farm_1,farm,1,,380.0,0.14,,,,,,,,,,,75,hitl
152,2026-05-30 20:00,slaughterhouse_1,slaughterhouse,0,,,,400.0,376.0,,,,,,,,,75,hitl
152,2026-05-30 20:00,wholesaler_1,wholesaler,0,,,,,,111.12,13.8,,,,,,,75,hitl
152,2026-05-30 20:00,retail_1,retail,0,,,,,,,,101.4,30.0,0.0,0.0,3.58,15.9642,75,hitl
153,2026-05-30 20:15,supplier_1,supplier,0,760.5,,,,,,,,,,,,,75,hitl
153,2026-05-30 20:15,farm_1,farm,1,,380.0,0.14,,,,,,,,,,,75,hitl
153,2026-05-30 20:15,slaughterhouse_1,slaughterhouse,1,,,,175.0,86.78,,,,,,,,,75,hitl
153,2026-05-30 20:15,wholesaler_1,wholesaler,0,,,,,,133.32,13.8,,,,,,,75,hitl
153,2026-05-30 20:15,retail_1,retail,0,,,,,,,,104.1,30.0,0.0,0.0,3.58,15.9642,75,hitl
154,2026-05-30 20:30,supplier_1,supplier,0,759.65,,,,,,,,,,,,,75,hitl
154,2026-05-30 20:30,farm_1,farm,1,,380.0,0.14,,,,,,,,,,,75,hitl
154,2026-05-30 20:30,slaughterhouse_1,slaughterhouse,1,,,,175.0,91.59,,,,,,,,,75,hitl
154,2026-05-30 20:30,wholesaler_1,wholesaler,0,,,,,,131.36,13.8,,,,,,,75,hitl
154,2026-05-30 20:30,retail_1,retail,0,,,,,,,,103.23,30.0,0.0,0.0,3.58,15.9642,75,hitl
155,2026-05-30 20:45,supplier_1,supplier,0,758.25,,,,,,,,,,,,,75,hitl
155,2026-05-30 20:45,farm_1,farm,1,,380.0,0.14,,,,,,,,,,,75,hitl
155,2026-05-30 20:45,slaughterhouse_1,slaughterhouse,1,,,,175.0,96.56,,,,,,,,,75,hitl
155,2026-05-30 20:45,wholesaler_1,wholesaler,0,,,,,,128.42,13.8,,,,,,,75,hitl
155,2026-05-30 20:45,retail_1,retail,0,,,,,,,,102.27,30.0,0.0,0.0,3.58,15.9642,75,hitl
156,2026-05-30 21:00,supplier_1,supplier,0,757.07,,,,,,,,,,,,,75,hitl
156,2026-05-30 21:00,farm_1,farm,1,,380.0,0.14,,,,,,,,,,,75,hitl
156,2026-05-30 21:00,slaughterhouse_1,slaughterhouse,1,,,,175.0,101.33,,,,,,,,,75,hitl
156,2026-05-30 21:00,wholesaler_1,wholesaler,0,,,,,,122.01,13.8,,,,,,,75,hitl
156,2026-05-30 21:00,retail_1,retail,0,,,,,,,,101.37,30.0,0.0,0.0,3.58,15.9642,75,hitl
157,2026-05-30 21:15,supplier_1,supplier,0,756.49,,,,,,,,,,,,,75,hitl
157,2026-05-30 21:15,farm_1,farm,1,,380.0,0.14,,,,,,,,,,,75,hitl
157,2026-05-30 21:15,slaughterhouse_1,slaughterhouse,1,,,,175.0,106.04,,,,,,,,,75,hitl
157,2026-05-30 21:15,wholesaler_1,wholesaler,0,,,,,,120.36,13.8,,,,,,,75,hitl
157,2026-05-30 21:15,retail_1,retail,0,,,,,,,,104.21,30.0,0.0,0.0,3.58,15.9642,75,hitl
158,2026-05-30 21:30,supplier_1,supplier,0,755.4,,,,,,,,,,,,,75,hitl
158,2026-05-30 21:30,farm_1,farm,1,,380.0,0.14,,,,,,,,,,,75,hitl
158,2026-05-30 21:30,slaughterhouse_1,slaughterhouse,1,,,,175.0,110.85,,,,,,,,,75,hitl
158,2026-05-30 21:30,wholesaler_1,wholesaler,0,,,,,,118.48,13.8,,,,,,,75,hitl
158,2026-05-30 21:30,retail_1,retail,0,,,,,,,,103.31,30.0,0.0,0.0,3.58,15.9642,75,hitl
159,2026-05-30 21:45,supplier_1,supplier,0,754.59,,,,,,,,,,,,,75,hitl
159,2026-05-30 21:45,farm_1,farm,1,,380.0,0.14,,,,,,,,,,,75,hitl
159,2026-05-30 21:45,slaughterhouse_1,slaughterhouse,1,,,,175.0,116.03,,,,,,,,,75,hitl
159,2026-05-30 21:45,wholesaler_1,wholesaler,0,,,,,,116.71,13.8,,,,,,,75,hitl
159,2026-05-30 21:45,retail_1,retail,0,,,,,,,,102.34,30.0,0.0,0.0,3.58,15.9642,75,hitl
160,2026-05-30 22:00,supplier_1,supplier,0,753.12,,,,,,,,,,,,,75,hitl
160,2026-05-30 22:00,farm_1,farm,1,,380.0,0.14,,,,,,,,,,,75,hitl
160,2026-05-30 22:00,slaughterhouse_1,slaughterhouse,1,,,,175.0,116.35,,,,,,,,,75,hitl
160,2026-05-30 22:00,wholesaler_1,wholesaler,0,,,,,,110.79,13.8,,,,,,,75,hitl
160,2026-05-30 22:00,retail_1,retail,0,,,,,,,,101.41,30.0,0.0,0.0,3.58,15.9642,75,hitl
161,2026-05-30 22:15,supplier_1,supplier,0,752.03,,,,,,,,,,,,,75,hitl
161,2026-05-30 22:15,farm_1,farm,1,,380.0,0.14,,,,,,,,,,,75,hitl
161,2026-05-30 22:15,slaughterhouse_1,slaughterhouse,1,,,,175.0,121.27,,,,,,,,,75,hitl
161,2026-05-30 22:15,wholesaler_1,wholesaler,0,,,,,,112.47,13.8,,,,,,,75,hitl
161,2026-05-30 22:15,retail_1,retail,0,,,,,,,,104.07,30.0,0.0,0.0,3.58,15.9642,75,hitl
162,2026-05-30 22:30,supplier_1,supplier,0,750.75,,,,,,,,,,,,,75,hitl
162,2026-05-30 22:30,farm_1,farm,1,,380.0,0.14,,,,,,,,,,,75,hitl
162,2026-05-30 22:30,slaughterhouse_1,slaughterhouse,1,,,,175.0,125.95,,,,,,,,,75,hitl
162,2026-05-30 22:30,wholesaler_1,wholesaler,0,,,,,,110.85,13.8,,,,,,,75,hitl
162,2026-05-30 22:30,retail_1,retail,0,,,,,,,,103.27,30.0,0.0,0.0,3.58,15.9642,75,hitl
163,2026-05-30 22:45,supplier_1,supplier,0,749.93,,,,,,,,,,,,,75,hitl
163,2026-05-30 22:45,farm_1,farm,1,,380.0,0.14,,,,,,,,,,,75,hitl
163,2026-05-30 22:45,slaughterhouse_1,slaughterhouse,1,,,,175.0,130.63,,,,,,,,,75,hitl
163,2026-05-30 22:45,wholesaler_1,wholesaler,0,,,,,,109.0,13.8,,,,,,,75,hitl
163,2026-05-30 22:45,retail_1,retail,0,,,,,,,,102.41,30.0,0.0,0.0,3.58,15.9642,75,hitl
164,2026-05-30 23:00,supplier_1,supplier,0,749.17,,,,,,,,,,,,,75,hitl
164,2026-05-30 23:00,farm_1,farm,1,,380.0,0.14,,,,,,,,,,,75,hitl
164,2026-05-30 23:00,slaughterhouse_1,slaughterhouse,1,,,,175.0,135.36,,,,,,,,,75,hitl
164,2026-05-30 23:00,wholesaler_1,wholesaler,0,,,,,,102.55,13.8,,,,,,,75,hitl
164,2026-05-30 23:00,retail_1,retail,0,,,,,,,,101.51,30.0,0.0,0.0,3.58,15.9642,75,hitl
165,2026-05-30 23:15,supplier_1,supplier,0,748.19,,,,,,,,,,,,,75,hitl
165,2026-05-30 23:15,farm_1,farm,1,,380.0,0.14,,,,,,,,,,,75,hitl
165,2026-05-30 23:15,slaughterhouse_1,slaughterhouse,1,,,,175.0,140.33,,,,,,,,,75,hitl
165,2026-05-30 23:15,wholesaler_1,wholesaler,0,,,,,,100.7,13.8,,,,,,,75,hitl
165,2026-05-30 23:15,retail_1,retail,0,,,,,,,,104.17,30.0,0.0,0.0,3.58,15.9642,75,hitl
166,2026-05-30 23:30,supplier_1,supplier,0,747.58,,,,,,,,,,,,,75,hitl
166,2026-05-30 23:30,farm_1,farm,1,,380.0,0.14,,,,,,,,,,,75,hitl
166,2026-05-30 23:30,slaughterhouse_1,slaughterhouse,1,,,,175.0,145.1,,,,,,,,,75,hitl
166,2026-05-30 23:30,wholesaler_1,wholesaler,0,,,,,,97.95,13.8,,,,,,,75,hitl
166,2026-05-30 23:30,retail_1,retail,0,,,,,,,,103.21,30.0,0.0,0.0,3.58,15.9642,75,hitl
167,2026-05-30 23:45,supplier_1,supplier,0,746.67,,,,,,,,,,,,,75,hitl
167,2026-05-30 23:45,farm_1,farm,1,,380.0,0.14,,,,,,,,,,,75,hitl
167,2026-05-30 23:45,slaughterhouse_1,slaughterhouse,1,,,,175.0,150.16,,,,,,,,,75,hitl
167,2026-05-30 23:45,wholesaler_1,wholesaler,0,,,,,,95.68,13.8,,,,,,,75,hitl
167,2026-05-30 23:45,retail_1,retail,0,,,,,,,,102.42,30.0,0.0,0.0,3.58,15.9642,75,hitl
168,2026-05-31 00:00,supplier_1,supplier,0,745.78,,,,,,,,,,,,,75,hitl
168,2026-05-31 00:00,farm_1,farm,1,,380.0,0.14,,,,,,,,,,,75,hitl
168,2026-05-31 00:00,slaughterhouse_1,slaughterhouse,1,,,,175.0,150.76,,,,,,,,,75,hitl
168,2026-05-31 00:00,wholesaler_1,wholesaler,0,,,,,,90.43,13.8,,,,,,,75,hitl
168,2026-05-31 00:00,retail_1,retail,0,,,,,,,,101.51,30.0,0.0,0.0,3.58,15.9642,75,hitl
169,2026-05-31 00:15,supplier_1,supplier,0,745.0,,,,,,,,,,,,,75,hitl
169,2026-05-31 00:15,farm_1,farm,1,,380.0,0.14,,,,,,,,,,,75,hitl
169,2026-05-31 00:15,slaughterhouse_1,slaughterhouse,1,,,,175.0,155.5,,,,,,,,,75,hitl
169,2026-05-31 00:15,wholesaler_1,wholesaler,0,,,,,,93.14,13.8,,,,,,,75,hitl
169,2026-05-31 00:15,retail_1,retail,0,,,,,,,,104.09,30.0,0.0,0.0,3.58,15.9642,75,hitl
170,2026-05-31 00:30,supplier_1,supplier,0,743.97,,,,,,,,,,,,,75,hitl
170,2026-05-31 00:30,farm_1,farm,1,,380.0,0.14,,,,,,,,,,,75,hitl
170,2026-05-31 00:30,slaughterhouse_1,slaughterhouse,1,,,,175.0,160.36,,,,,,,,,75,hitl
170,2026-05-31 00:30,wholesaler_1,wholesaler,0,,,,,,91.56,13.8,,,,,,,75,hitl
170,2026-05-31 00:30,retail_1,retail,0,,,,,,,,103.12,30.0,0.0,0.0,3.58,15.9642,75,hitl
171,2026-05-31 00:45,supplier_1,supplier,0,743.14,,,,,,,,,,,,,75,hitl
171,2026-05-31 00:45,farm_1,farm,1,,380.0,0.14,,,,,,,,,,,75,hitl
171,2026-05-31 00:45,slaughterhouse_1,slaughterhouse,1,,,,175.0,165.06,,,,,,,,,75,hitl
171,2026-05-31 00:45,wholesaler_1,wholesaler,0,,,,,,89.25,13.8,,,,,,,75,hitl
171,2026-05-31 00:45,retail_1,retail,0,,,,,,,,102.31,30.0,0.0,0.0,3.58,15.9642,75,hitl
172,2026-05-31 01:00,supplier_1,supplier,0,742.39,,,,,,,,,,,,,75,hitl
172,2026-05-31 01:00,farm_1,farm,1,,380.0,0.14,,,,,,,,,,,75,hitl
172,2026-05-31 01:00,slaughterhouse_1,slaughterhouse,1,,,,175.0,170.1,,,,,,,,,75,hitl
172,2026-05-31 01:00,wholesaler_1,wholesaler,0,,,,,,83.22,13.8,,,,,,,75,hitl
172,2026-05-31 01:00,retail_1,retail,0,,,,,,,,101.49,30.0,0.0,0.0,3.58,15.9642,75,hitl
173,2026-05-31 01:15,supplier_1,supplier,0,740.93,,,,,,,,,,,,,75,hitl
173,2026-05-31 01:15,farm_1,farm,1,,380.0,0.14,,,,,,,,,,,75,hitl
173,2026-05-31 01:15,slaughterhouse_1,slaughterhouse,1,,,,175.0,175.29,,,,,,,,,75,hitl
173,2026-05-31 01:15,wholesaler_1,wholesaler,0,,,,,,80.93,13.8,,,,,,,75,hitl
173,2026-05-31 01:15,retail_1,retail,0,,,,,,,,104.18,30.0,0.0,0.0,3.58,15.9642,75,hitl
174,2026-05-31 01:30,supplier_1,supplier,0,739.8,,,,,,,,,,,,,75,hitl
174,2026-05-31 01:30,farm_1,farm,1,,380.0,0.14,,,,,,,,,,,75,hitl
174,2026-05-31 01:30,slaughterhouse_1,slaughterhouse,1,,,,175.0,180.39,,,,,,,,,75,hitl
174,2026-05-31 01:30,wholesaler_1,wholesaler,0,,,,,,78.17,13.8,,,,,,,75,hitl
174,2026-05-31 01:30,retail_1,retail,0,,,,,,,,103.21,30.0,0.0,0.0,3.58,15.9642,75,hitl
175,2026-05-31 01:45,supplier_1,supplier,0,738.75,,,,,,,,,,,,,75,hitl
175,2026-05-31 01:45,farm_1,farm,1,,380.0,0.14,,,,,,,,,,,75,hitl
175,2026-05-31 01:45,slaughterhouse_1,slaughterhouse,1,,,,175.0,185.29,,,,,,,,,75,hitl
175,2026-05-31 01:45,wholesaler_1,wholesaler,0,,,,,,76.12,13.8,,,,,,,75,hitl
175,2026-05-31 01:45,retail_1,retail,0,,,,,,,,102.26,30.0,0.0,0.0,3.58,15.9642,75,hitl
176,2026-05-31 02:00,supplier_1,supplier,0,738.24,,,,,,,,,,,,,75,hitl
176,2026-05-31 02:00,farm_1,farm,1,,380.0,0.14,,,,,,,,,,,75,hitl
176,2026-05-31 02:00,slaughterhouse_1,slaughterhouse,1,,,,175.0,185.72,,,,,,,,,75,hitl
176,2026-05-31 02:00,wholesaler_1,wholesaler,1,,,,,,69.9,11.73,,,,,,,75,hitl
176,2026-05-31 02:00,retail_1,retail,0,,,,,,,,101.28,30.0,0.0,0.0,3.58,15.9642,75,hitl
177,2026-05-31 02:15,supplier_1,supplier,0,736.79,,,,,,,,,,,,,75,hitl
177,2026-05-31 02:15,farm_1,farm,1,,380.0,0.14,,,,,,,,,,,75,hitl
177,2026-05-31 02:15,slaughterhouse_1,slaughterhouse,1,,,,175.0,190.41,,,,,,,,,75,hitl
177,2026-05-31 02:15,wholesaler_1,wholesaler,1,,,,,,71.79,11.73,,,,,,,75,hitl
177,2026-05-31 02:15,retail_1,retail,0,,,,,,,,104.15,30.0,0.0,0.0,3.58,15.9642,75,hitl
178,2026-05-31 02:30,supplier_1,supplier,0,735.67,,,,,,,,,,,,,75,hitl
178,2026-05-31 02:30,farm_1,farm,1,,380.0,0.14,,,,,,,,,,,75,hitl
178,2026-05-31 02:30,slaughterhouse_1,slaughterhouse,1,,,,175.0,195.36,,,,,,,,,75,hitl
178,2026-05-31 02:30,wholesaler_1,wholesaler,1,,,,,,69.03,11.73,,,,,,,75,hitl
178,2026-05-31 02:30,retail_1,retail,0,,,,,,,,103.23,30.0,0.0,0.0,3.58,15.9642,75,hitl
179,2026-05-31 02:45,supplier_1,supplier,0,734.75,,,,,,,,,,,,,75,hitl
179,2026-05-31 02:45,farm_1,farm,1,,380.0,0.14,,,,,,,,,,,75,hitl
179,2026-05-31 02:45,slaughterhouse_1,slaughterhouse,1,,,,175.0,199.91,,,,,,,,,75,hitl
179,2026-05-31 02:45,wholesaler_1,wholesaler,1,,,,,,66.67,11.73,,,,,,,75,hitl
179,2026-05-31 02:45,retail_1,retail,0,,,,,,,,102.43,30.0,0.0,0.0,3.58,15.9642,75,hitl
180,2026-05-31 03:00,supplier_1,supplier,0,734.19,,,,,,,,,,,,,75,hitl
180,2026-05-31 03:00,farm_1,farm,1,,380.0,0.14,,,,,,,,,,,75,hitl
180,2026-05-31 03:00,slaughterhouse_1,slaughterhouse,1,,,,175.0,204.9,,,,,,,,,75,hitl
180,2026-05-31 03:00,wholesaler_1,wholesaler,1,,,,,,61.52,11.73,,,,,,,75,hitl
180,2026-05-31 03:00,retail_1,retail,0,,,,,,,,101.43,30.0,0.0,0.0,3.58,15.9642,75,hitl
181,2026-05-31 03:15,supplier_1,supplier,0,733.18,,,,,,,,,,,,,75,hitl
181,2026-05-31 03:15,farm_1,farm,1,,380.0,0.14,,,,,,,,,,,75,hitl
181,2026-05-31 03:15,slaughterhouse_1,slaughterhouse,1,,,,175.0,209.47,,,,,,,,,75,hitl
181,2026-05-31 03:15,wholesaler_1,wholesaler,1,,,,,,59.57,11.73,,,,,,,75,hitl
181,2026-05-31 03:15,retail_1,retail,0,,,,,,,,104.1,30.0,0.0,0.0,3.58,15.9642,75,hitl
182,2026-05-31 03:30,supplier_1,supplier,0,732.67,,,,,,,,,,,,,75,hitl
182,2026-05-31 03:30,farm_1,farm,1,,380.0,0.14,,,,,,,,,,,75,hitl
182,2026-05-31 03:30,slaughterhouse_1,slaughterhouse,1,,,,175.0,214.2,,,,,,,,,75,hitl
182,2026-05-31 03:30,wholesaler_1,wholesaler,1,,,,,,57.58,11.73,,,,,,,75,hitl
182,2026-05-31 03:30,retail_1,retail,0,,,,,,,,103.16,30.0,0.0,0.0,3.58,15.9642,75,hitl
183,2026-05-31 03:45,supplier_1,supplier,0,732.08,,,,,,,,,,,,,75,hitl
183,2026-05-31 03:45,farm_1,farm,1,,380.0,0.14,,,,,,,,,,,75,hitl
183,2026-05-31 03:45,slaughterhouse_1,slaughterhouse,1,,,,175.0,219.4,,,,,,,,,75,hitl
183,2026-05-31 03:45,wholesaler_1,wholesaler,1,,,,,,54.82,11.73,,,,,,,75,hitl
183,2026-05-31 03:45,retail_1,retail,0,,,,,,,,102.25,30.0,0.0,0.0,3.58,15.9642,75,hitl
184,2026-05-31 04:00,supplier_1,supplier,0,731.49,,,,,,,,,,,,,75,hitl
184,2026-05-31 04:00,farm_1,farm,1,,380.0,0.14,,,,,,,,,,,75,hitl
184,2026-05-31 04:00,slaughterhouse_1,slaughterhouse,1,,,,175.0,220.3,,,,,,,,,75,hitl
184,2026-05-31 04:00,wholesaler_1,wholesaler,1,,,,,,48.92,11.73,,,,,,,75,hitl
184,2026-05-31 04:00,retail_1,retail,0,,,,,,,,101.26,30.0,0.0,0.0,3.58,15.9642,75,hitl
185,2026-05-31 04:15,supplier_1,supplier,0,730.3,,,,,,,,,,,,,75,hitl
185,2026-05-31 04:15,farm_1,farm,1,,380.0,0.14,,,,,,,,,,,75,hitl
185,2026-05-31 04:15,slaughterhouse_1,slaughterhouse,1,,,,175.0,225.49,,,,,,,,,75,hitl
185,2026-05-31 04:15,wholesaler_1,wholesaler,1,,,,,,50.87,11.73,,,,,,,75,hitl
185,2026-05-31 04:15,retail_1,retail,0,,,,,,,,104.15,30.0,0.0,0.0,3.58,15.9642,75,hitl
186,2026-05-31 04:30,supplier_1,supplier,0,729.18,,,,,,,,,,,,,75,hitl
186,2026-05-31 04:30,farm_1,farm,1,,380.0,0.14,,,,,,,,,,,75,hitl
186,2026-05-31 04:30,slaughterhouse_1,slaughterhouse,1,,,,175.0,230.03,,,,,,,,,75,hitl
186,2026-05-31 04:30,wholesaler_1,wholesaler,1,,,,,,48.14,11.73,,,,,,,75,hitl
186,2026-05-31 04:30,retail_1,retail,0,,,,,,,,103.24,30.0,0.0,0.0,3.58,15.9642,75,hitl
187,2026-05-31 04:45,supplier_1,supplier,0,728.12,,,,,,,,,,,,,75,hitl
187,2026-05-31 04:45,farm_1,farm,1,,380.0,0.14,,,,,,,,,,,75,hitl
187,2026-05-31 04:45,slaughterhouse_1,slaughterhouse,1,,,,175.0,235.05,,,,,,,,,75,hitl
187,2026-05-31 04:45,wholesaler_1,wholesaler,1,,,,,,45.39,11.73,,,,,,,75,hitl
187,2026-05-31 04:45,retail_1,retail,0,,,,,,,,102.24,30.0,0.0,0.0,3.58,15.9642,75,hitl
188,2026-05-31 05:00,supplier_1,supplier,0,727.23,,,,,,,,,,,,,75,hitl
188,2026-05-31 05:00,farm_1,farm,1,,380.0,0.14,,,,,,,,,,,75,hitl
188,2026-05-31 05:00,slaughterhouse_1,slaughterhouse,1,,,,175.0,239.74,,,,,,,,,75,hitl
188,2026-05-31 05:00,wholesaler_1,wholesaler,1,,,,,,40.03,11.73,,,,,,,75,hitl
188,2026-05-31 05:00,retail_1,retail,0,,,,,,,,101.31,30.0,0.0,0.0,3.58,15.9642,75,hitl
189,2026-05-31 05:15,supplier_1,supplier,0,726.31,,,,,,,,,,,,,75,hitl
189,2026-05-31 05:15,farm_1,farm,1,,380.0,0.14,,,,,,,,,,,75,hitl
189,2026-05-31 05:15,slaughterhouse_1,slaughterhouse,1,,,,175.0,244.44,,,,,,,,,75,hitl
189,2026-05-31 05:15,wholesaler_1,wholesaler,1,,,,,,37.27,11.73,,,,,,,75,hitl
189,2026-05-31 05:15,retail_1,retail,0,,,,,,,,104.18,30.0,0.0,0.0,3.58,15.9642,75,hitl
190,2026-05-31 05:30,supplier_1,supplier,0,725.7,,,,,,,,,,,,,75,hitl
190,2026-05-31 05:30,farm_1,farm,1,,380.0,0.14,,,,,,,,,,,75,hitl
190,2026-05-31 05:30,slaughterhouse_1,slaughterhouse,1,,,,175.0,249.61,,,,,,,,,75,hitl
190,2026-05-31 05:30,wholesaler_1,wholesaler,1,,,,,,35.57,11.73,,,,,,,75,hitl
190,2026-05-31 05:30,retail_1,retail,0,,,,,,,,103.27,30.0,0.0,0.0,3.58,15.9642,75,hitl
191,2026-05-31 05:45,supplier_1,supplier,0,724.26,,,,,,,,,,,,,75,hitl
191,2026-05-31 05:45,farm_1,farm,1,,380.0,0.14,,,,,,,,,,,75,hitl
191,2026-05-31 05:45,slaughterhouse_1,slaughterhouse,1,,,,175.0,254.08,,,,,,,,,75,hitl
191,2026-05-31 05:45,wholesaler_1,wholesaler,1,,,,,,33.83,11.73,,,,,,,75,hitl
191,2026-05-31 05:45,retail_1,retail,0,,,,,,,,102.42,30.0,0.0,0.0,3.58,15.9642,75,hitl
192,2026-05-31 06:00,supplier_1,supplier,0,723.61,,,,,,,,,,,,,75,hitl
192,2026-05-31 06:00,farm_1,farm,1,,380.0,0.14,,,,,,,,,,,75,hitl
192,2026-05-31 06:00,slaughterhouse_1,slaughterhouse,1,,,,175.0,254.36,,,,,,,,,75,hitl
192,2026-05-31 06:00,wholesaler_1,wholesaler,1,,,,,,28.66,11.73,,,,,,,75,hitl
192,2026-05-31 06:00,retail_1,retail,0,,,,,,,,101.48,30.0,0.0,0.0,3.58,15.9642,75,hitl
193,2026-05-31 06:15,supplier_1,supplier,0,722.2,,,,,,,,,,,,,75,hitl
193,2026-05-31 06:15,farm_1,farm,1,,380.0,0.14,,,,,,,,,,,75,hitl
193,2026-05-31 06:15,slaughterhouse_1,slaughterhouse,1,,,,175.0,259.35,,,,,,,,,75,hitl
193,2026-05-31 06:15,wholesaler_1,wholesaler,1,,,,,,31.41,11.73,,,,,,,75,hitl
193,2026-05-31 06:15,retail_1,retail,0,,,,,,,,104.07,30.0,0.0,0.0,3.58,15.9642,75,hitl
194,2026-05-31 06:30,supplier_1,supplier,0,721.06,,,,,,,,,,,,,75,hitl
194,2026-05-31 06:30,farm_1,farm,1,,380.0,0.14,,,,,,,,,,,75,hitl
194,2026-05-31 06:30,slaughterhouse_1,slaughterhouse,1,,,,175.0,263.91,,,,,,,,,75,hitl
194,2026-05-31 06:30,wholesaler_1,wholesaler,1,,,,,,29.55,11.73,,,,,,,75,hitl
194,2026-05-31 06:30,retail_1,retail,0,,,,,,,,103.08,30.0,0.0,0.0,3.58,15.9642,75,hitl
195,2026-05-31 06:45,supplier_1,supplier,0,720.2,,,,,,,,,,,,,75,hitl
195,2026-05-31 06:45,farm_1,farm,1,,380.0,0.14,,,,,,,,,,,75,hitl
195,2026-05-31 06:45,slaughterhouse_1,slaughterhouse,1,,,,175.0,268.78,,,,,,,,,75,hitl
195,2026-05-31 06:45,wholesaler_1,wholesaler,1,,,,,,28.03,11.73,,,,,,,75,hitl
195,2026-05-31 06:45,retail_1,retail,0,,,,,,,,102.14,30.0,0.0,0.0,3.58,15.9642,75,hitl
196,2026-05-31 07:00,supplier_1,supplier,0,719.67,,,,,,,,,,,,,75,hitl
196,2026-05-31 07:00,farm_1,farm,1,,380.0,0.14,,,,,,,,,,,75,hitl
196,2026-05-31 07:00,slaughterhouse_1,slaughterhouse,1,,,,175.0,273.55,,,,,,,,,75,hitl
196,2026-05-31 07:00,wholesaler_1,wholesaler,1,,,,,,25.8,11.73,,,,,,,75,hitl
196,2026-05-31 07:00,retail_1,retail,0,,,,,,,,101.19,30.0,0.0,0.0,3.58,15.9642,75,hitl
197,2026-05-31 07:15,supplier_1,supplier,0,718.23,,,,,,,,,,,,,75,hitl
197,2026-05-31 07:15,farm_1,farm,1,,380.0,0.14,,,,,,,,,,,75,hitl
197,2026-05-31 07:15,slaughterhouse_1,slaughterhouse,1,,,,175.0,278.44,,,,,,,,,75,hitl
197,2026-05-31 07:15,wholesaler_1,wholesaler,1,,,,,,24.12,11.73,,,,,,,75,hitl
197,2026-05-31 07:15,retail_1,retail,0,,,,,,,,100.36,30.0,0.0,0.0,3.58,15.9642,75,hitl
198,2026-05-31 07:30,supplier_1,supplier,0,717.72,,,,,,,,,,,,,75,hitl
198,2026-05-31 07:30,farm_1,farm,1,,380.0,0.14,,,,,,,,,,,75,hitl
198,2026-05-31 07:30,slaughterhouse_1,slaughterhouse,1,,,,175.0,282.91,,,,,,,,,75,hitl
198,2026-05-31 07:30,wholesaler_1,wholesaler,1,,,,,,22.29,11.73,,,,,,,75,hitl
198,2026-05-31 07:30,retail_1,retail,0,,,,,,,,99.41,30.0,0.0,0.0,3.58,15.9642,75,hitl
199,2026-05-31 07:45,supplier_1,supplier,0,716.3,,,,,,,,,,,,,75,hitl
199,2026-05-31 07:45,farm_1,farm,1,,380.0,0.14,,,,,,,,,,,75,hitl
199,2026-05-31 07:45,slaughterhouse_1,slaughterhouse,1,,,,175.0,287.65,,,,,,,,,75,hitl
199,2026-05-31 07:45,wholesaler_1,wholesaler,1,,,,,,19.94,11.73,,,,,,,75,hitl
199,2026-05-31 07:45,retail_1,retail,0,,,,,,,,98.42,30.0,0.0,0.0,3.58,15.9642,75,hitl
200,2026-05-31 08:00,supplier_1,supplier,0,714.86,,,,,,,,,,,,,75,hitl
200,2026-05-31 08:00,farm_1,farm,1,,380.0,0.14,,,,,,,,,,,75,hitl
200,2026-05-31 08:00,slaughterhouse_1,slaughterhouse,1,,,,175.0,288.3,,,,,,,,,75,hitl
200,2026-05-31 08:00,wholesaler_1,wholesaler,1,,,,,,17.73,11.73,,,,,,,75,hitl
200,2026-05-31 08:00,retail_1,retail,0,,,,,,,,97.5,30.0,0.0,0.0,3.58,15.9642,75,hitl
201,2026-05-31 08:15,supplier_1,supplier,0,713.75,,,,,,,,,,,,,75,hitl
201,2026-05-31 08:15,farm_1,farm,1,,380.0,0.14,,,,,,,,,,,75,hitl
201,2026-05-31 08:15,slaughterhouse_1,slaughterhouse,1,,,,175.0,292.93,,,,,,,,,75,hitl
201,2026-05-31 08:15,wholesaler_1,wholesaler,1,,,,,,19.2,11.73,,,,,,,75,hitl
201,2026-05-31 08:15,retail_1,retail,0,,,,,,,,96.69,30.0,0.0,0.0,3.58,15.9642,75,hitl
202,2026-05-31 08:30,supplier_1,supplier,0,713.06,,,,,,,,,,,,,75,hitl
202,2026-05-31 08:30,farm_1,farm,1,,380.0,0.14,,,,,,,,,,,75,hitl
202,2026-05-31 08:30,slaughterhouse_1,slaughterhouse,1,,,,175.0,297.85,,,,,,,,,75,hitl
202,2026-05-31 08:30,wholesaler_1,wholesaler,1,,,,,,17.16,11.73,,,,,,,75,hitl
202,2026-05-31 08:30,retail_1,retail,0,,,,,,,,95.87,30.0,0.0,0.0,3.58,15.9642,75,hitl
203,2026-05-31 08:45,supplier_1,supplier,0,711.9,,,,,,,,,,,,,75,hitl
203,2026-05-31 08:45,farm_1,farm,1,,380.0,0.14,,,,,,,,,,,75,hitl
203,2026-05-31 08:45,slaughterhouse_1,slaughterhouse,1,,,,175.0,302.56,,,,,,,,,75,hitl
203,2026-05-31 08:45,wholesaler_1,wholesaler,1,,,,,,14.55,11.73,,,,,,,75,hitl
203,2026-05-31 08:45,retail_1,retail,0,,,,,,,,95.08,30.0,0.0,0.0,3.58,15.9642,75,hitl
204,2026-05-31 09:00,supplier_1,supplier,0,710.7,,,,,,,,,,,,,75,hitl
204,2026-05-31 09:00,farm_1,farm,1,,380.0,0.14,,,,,,,,,,,75,hitl
204,2026-05-31 09:00,slaughterhouse_1,slaughterhouse,1,,,,175.0,307.67,,,,,,,,,75,hitl
204,2026-05-31 09:00,wholesaler_1,wholesaler,1,,,,,,12.26,11.73,,,,,,,75,hitl
204,2026-05-31 09:00,retail_1,retail,0,,,,,,,,94.19,30.0,0.0,0.0,3.58,15.9642,75,hitl
205,2026-05-31 09:15,supplier_1,supplier,0,709.85,,,,,,,,,,,,,75,hitl
205,2026-05-31 09:15,farm_1,farm,1,,380.0,0.14,,,,,,,,,,,75,hitl
205,2026-05-31 09:15,slaughterhouse_1,slaughterhouse,1,,,,175.0,312.9,,,,,,,,,75,hitl
205,2026-05-31 09:15,wholesaler_1,wholesaler,1,,,,,,9.45,11.73,,,,,,,75,hitl
205,2026-05-31 09:15,retail_1,retail,0,,,,,,,,93.33,30.0,0.0,0.0,3.58,15.9642,75,hitl
206,2026-05-31 09:30,supplier_1,supplier,0,708.62,,,,,,,,,,,,,75,hitl
206,2026-05-31 09:30,farm_1,farm,1,,380.0,0.14,,,,,,,,,,,75,hitl
206,2026-05-31 09:30,slaughterhouse_1,slaughterhouse,1,,,,175.0,317.66,,,,,,,,,75,hitl
206,2026-05-31 09:30,wholesaler_1,wholesaler,1,,,,,,7.84,11.73,,,,,,,75,hitl
206,2026-05-31 09:30,retail_1,retail,0,,,,,,,,92.41,30.0,0.0,0.0,3.58,15.9642,75,hitl
207,2026-05-31 09:45,supplier_1,supplier,0,708.09,,,,,,,,,,,,,75,hitl
207,2026-05-31 09:45,farm_1,farm,1,,380.0,0.14,,,,,,,,,,,75,hitl
207,2026-05-31 09:45,slaughterhouse_1,slaughterhouse,1,,,,175.0,322.55,,,,,,,,,75,hitl
207,2026-05-31 09:45,wholesaler_1,wholesaler,1,,,,,,5.5,11.73,,,,,,,75,hitl
207,2026-05-31 09:45,retail_1,retail,0,,,,,,,,91.57,30.0,0.0,0.0,3.58,15.9642,75,hitl
208,2026-05-31 10:00,supplier_1,supplier,0,707.29,,,,,,,,,,,,,75,hitl
208,2026-05-31 10:00,farm_1,farm,1,,380.0,0.14,,,,,,,,,,,75,hitl
208,2026-05-31 10:00,slaughterhouse_1,slaughterhouse,1,,,,175.0,322.82,,,,,,,,,75,hitl
208,2026-05-31 10:00,wholesaler_1,wholesaler,1,,,,,,3.36,11.73,,,,,,,75,hitl
208,2026-05-31 10:00,retail_1,retail,0,,,,,,,,90.77,30.0,0.0,0.0,3.58,15.9642,75,hitl
209,2026-05-31 10:15,supplier_1,supplier,0,706.07,,,,,,,,,,,,,75,hitl
209,2026-05-31 10:15,farm_1,farm,1,,380.0,0.14,,,,,,,,,,,75,hitl
209,2026-05-31 10:15,slaughterhouse_1,slaughterhouse,1,,,,175.0,327.76,,,,,,,,,75,hitl
209,2026-05-31 10:15,wholesaler_1,wholesaler,1,,,,,,6.0,11.73,,,,,,,75,hitl
209,2026-05-31 10:15,retail_1,retail,0,,,,,,,,89.82,30.0,0.0,0.0,3.58,15.9642,75,hitl
210,2026-05-31 10:30,supplier_1,supplier,0,704.58,,,,,,,,,,,,,75,hitl
210,2026-05-31 10:30,farm_1,farm,1,,380.0,0.14,,,,,,,,,,,75,hitl
210,2026-05-31 10:30,slaughterhouse_1,slaughterhouse,1,,,,175.0,332.78,,,,,,,,,75,hitl
210,2026-05-31 10:30,wholesaler_1,wholesaler,1,,,,,,4.23,11.73,,,,,,,75,hitl
210,2026-05-31 10:30,retail_1,retail,0,,,,,,,,88.95,30.0,0.0,0.0,3.58,15.9642,75,hitl
211,2026-05-31 10:45,supplier_1,supplier,0,703.15,,,,,,,,,,,,,75,hitl
211,2026-05-31 10:45,farm_1,farm,1,,380.0,0.14,,,,,,,,,,,75,hitl
211,2026-05-31 10:45,slaughterhouse_1,slaughterhouse,1,,,,175.0,337.32,,,,,,,,,75,hitl
211,2026-05-31 10:45,wholesaler_1,wholesaler,1,,,,,,2.04,11.73,,,,,,,75,hitl
211,2026-05-31 10:45,retail_1,retail,0,,,,,,,,88.08,30.0,0.0,0.0,3.58,15.9642,75,hitl
212,2026-05-31 11:00,supplier_1,supplier,0,701.8,,,,,,,,,,,,,75,hitl
212,2026-05-31 11:00,farm_1,farm,1,,380.0,0.14,,,,,,,,,,,75,hitl
212,2026-05-31 11:00,slaughterhouse_1,slaughterhouse,1,,,,175.0,342.37,,,,,,,,,75,hitl
212,2026-05-31 11:00,wholesaler_1,wholesaler,1,,,,,,0.23,11.73,,,,,,,75,hitl
212,2026-05-31 11:00,retail_1,retail,0,,,,,,,,87.13,30.0,0.0,0.0,3.58,15.9642,75,hitl
213,2026-05-31 11:15,supplier_1,supplier,0,701.21,,,,,,,,,,,,,75,hitl
213,2026-05-31 11:15,farm_1,farm,1,,380.0,0.14,,,,,,,,,,,75,hitl
213,2026-05-31 11:15,slaughterhouse_1,slaughterhouse,1,,,,175.0,347.52,,,,,,,,,75,hitl
213,2026-05-31 11:15,wholesaler_1,wholesaler,1,,,,,,0.0,11.73,,,,,,,75,hitl
213,2026-05-31 11:15,retail_1,retail,0,,,,,,,,86.15,30.0,0.0,0.0,3.58,15.9642,75,hitl
214,2026-05-31 11:30,supplier_1,supplier,0,700.43,,,,,,,,,,,,,75,hitl
214,2026-05-31 11:30,farm_1,farm,1,,380.0,0.14,,,,,,,,,,,75,hitl
214,2026-05-31 11:30,slaughterhouse_1,slaughterhouse,1,,,,175.0,352.63,,,,,,,,,75,hitl
214,2026-05-31 11:30,wholesaler_1,wholesaler,1,,,,,,0.0,11.73,,,,,,,75,hitl
214,2026-05-31 11:30,retail_1,retail,0,,,,,,,,85.27,30.0,0.0,0.0,3.58,15.9642,75,hitl
215,2026-05-31 11:45,supplier_1,supplier,0,699.19,,,,,,,,,,,,,75,hitl
215,2026-05-31 11:45,farm_1,farm,1,,380.0,0.14,,,,,,,,,,,75,hitl
215,2026-05-31 11:45,slaughterhouse_1,slaughterhouse,1,,,,175.0,357.35,,,,,,,,,75,hitl
215,2026-05-31 11:45,wholesaler_1,wholesaler,1,,,,,,0.0,11.73,,,,,,,75,hitl
215,2026-05-31 11:45,retail_1,retail,0,,,,,,,,84.27,30.0,0.0,0.0,3.58,15.9642,75,hitl
216,2026-05-31 12:00,supplier_1,supplier,0,698.41,,,,,,,,,,,,,75,hitl
216,2026-05-31 12:00,farm_1,farm,1,,380.0,0.14,,,,,,,,,,,75,hitl
216,2026-05-31 12:00,slaughterhouse_1,slaughterhouse,1,,,,175.0,358.03,,,,,,,,,75,hitl
216,2026-05-31 12:00,wholesaler_1,wholesaler,1,,,,,,0.0,11.73,,,,,,,75,hitl
216,2026-05-31 12:00,retail_1,retail,0,,,,,,,,83.32,30.0,0.0,0.0,3.58,15.9642,75,hitl
217,2026-05-31 12:15,supplier_1,supplier,0,697.9,,,,,,,,,,,,,75,hitl
217,2026-05-31 12:15,farm_1,farm,1,,380.0,0.14,,,,,,,,,,,75,hitl
217,2026-05-31 12:15,slaughterhouse_1,slaughterhouse,1,,,,175.0,362.97,,,,,,,,,75,hitl
217,2026-05-31 12:15,wholesaler_1,wholesaler,1,,,,,,4.32,11.73,,,,,,,75,hitl
217,2026-05-31 12:15,retail_1,retail,0,,,,,,,,82.51,30.0,0.0,0.0,3.58,15.9642,75,hitl
218,2026-05-31 12:30,supplier_1,supplier,0,696.84,,,,,,,,,,,,,75,hitl
218,2026-05-31 12:30,farm_1,farm,1,,380.0,0.14,,,,,,,,,,,75,hitl
218,2026-05-31 12:30,slaughterhouse_1,slaughterhouse,1,,,,175.0,367.46,,,,,,,,,75,hitl
218,2026-05-31 12:30,wholesaler_1,wholesaler,1,,,,,,2.14,11.73,,,,,,,75,hitl
218,2026-05-31 12:30,retail_1,retail,0,,,,,,,,81.56,30.0,0.0,0.0,3.58,15.9642,75,hitl
219,2026-05-31 12:45,supplier_1,supplier,0,695.47,,,,,,,,,,,,,75,hitl
219,2026-05-31 12:45,farm_1,farm,1,,380.0,0.14,,,,,,,,,,,75,hitl
219,2026-05-31 12:45,slaughterhouse_1,slaughterhouse,1,,,,175.0,372.26,,,,,,,,,75,hitl
219,2026-05-31 12:45,wholesaler_1,wholesaler,1,,,,,,0.4,11.73,,,,,,,75,hitl
219,2026-05-31 12:45,retail_1,retail,0,,,,,,,,80.65,30.0,0.0,0.0,3.58,15.9642,75,hitl
220,2026-05-31 13:00,supplier_1,supplier,0,694.59,,,,,,,,,,,,,75,hitl
220,2026-05-31 13:00,farm_1,farm,1,,380.0,0.14,,,,,,,,,,,75,hitl
220,2026-05-31 13:00,slaughterhouse_1,slaughterhouse,1,,,,175.0,376.73,,,,,,,,,75,hitl
220,2026-05-31 13:00,wholesaler_1,wholesaler,1,,,,,,0.0,11.73,,,,,,,75,hitl
220,2026-05-31 13:00,retail_1,retail,0,,,,,,,,79.65,30.0,0.0,0.0,3.58,15.9642,75,hitl
221,2026-05-31 13:15,supplier_1,supplier,0,693.34,,,,,,,,,,,,,75,hitl
221,2026-05-31 13:15,farm_1,farm,1,,380.0,0.14,,,,,,,,,,,75,hitl
221,2026-05-31 13:15,slaughterhouse_1,slaughterhouse,1,,,,175.0,381.88,,,,,,,,,75,hitl
221,2026-05-31 13:15,wholesaler_1,wholesaler,1,,,,,,0.0,11.73,,,,,,,75,hitl
221,2026-05-31 13:15,retail_1,retail,0,,,,,,,,78.84,30.0,0.0,0.0,3.58,15.9642,75,hitl
222,2026-05-31 13:30,supplier_1,supplier,0,692.34,,,,,,,,,,,,,75,hitl
222,2026-05-31 13:30,farm_1,farm,1,,380.0,0.14,,,,,,,,,,,75,hitl
222,2026-05-31 13:30,slaughterhouse_1,slaughterhouse,1,,,,175.0,386.38,,,,,,,,,75,hitl
222,2026-05-31 13:30,wholesaler_1,wholesaler,1,,,,,,0.0,11.73,,,,,,,75,hitl
222,2026-05-31 13:30,retail_1,retail,0,,,,,,,,78.02,30.0,0.0,0.0,3.58,15.9642,75,hitl
223,2026-05-31 13:45,supplier_1,supplier,0,690.99,,,,,,,,,,,,,75,hitl
223,2026-05-31 13:45,farm_1,farm,1,,380.0,0.14,,,,,,,,,,,75,hitl
223,2026-05-31 13:45,slaughterhouse_1,slaughterhouse,1,,,,175.0,390.93,,,,,,,,,75,hitl
223,2026-05-31 13:45,wholesaler_1,wholesaler,1,,,,,,0.0,11.73,,,,,,,75,hitl
223,2026-05-31 13:45,retail_1,retail,0,,,,,,,,77.03,30.0,0.0,0.0,3.58,15.9642,75,hitl
224,2026-05-31 14:00,supplier_1,supplier,0,689.63,,,,,,,,,,,,,75,hitl
224,2026-05-31 14:00,farm_1,farm,1,,380.0,0.14,,,,,,,,,,,75,hitl
224,2026-05-31 14:00,slaughterhouse_1,slaughterhouse,1,,,,175.0,391.32,,,,,,,,,75,hitl
224,2026-05-31 14:00,wholesaler_1,wholesaler,1,,,,,,0.0,11.73,,,,,,,75,hitl
224,2026-05-31 14:00,retail_1,retail,0,,,,,,,,76.21,30.0,0.0,0.0,3.58,15.9642,75,hitl
225,2026-05-31 14:15,supplier_1,supplier,0,688.35,,,,,,,,,,,,,75,hitl
225,2026-05-31 14:15,farm_1,farm,1,,380.0,0.14,,,,,,,,,,,75,hitl
225,2026-05-31 14:15,slaughterhouse_1,slaughterhouse,1,,,,175.0,396.08,,,,,,,,,75,hitl
225,2026-05-31 14:15,wholesaler_1,wholesaler,1,,,,,,4.32,11.73,,,,,,,75,hitl
225,2026-05-31 14:15,retail_1,retail,0,,,,,,,,75.41,30.0,0.0,0.0,3.58,15.9642,75,hitl
226,2026-05-31 14:30,supplier_1,supplier,0,687.1,,,,,,,,,,,,,75,hitl
226,2026-05-31 14:30,farm_1,farm,1,,380.0,0.14,,,,,,,,,,,75,hitl
226,2026-05-31 14:30,slaughterhouse_1,slaughterhouse,1,,,,175.0,400.0,,,,,,,,,75,hitl
226,2026-05-31 14:30,wholesaler_1,wholesaler,1,,,,,,2.22,11.73,,,,,,,75,hitl
226,2026-05-31 14:30,retail_1,retail,0,,,,,,,,74.61,30.0,0.0,0.0,3.58,15.9642,75,hitl
227,2026-05-31 14:45,supplier_1,supplier,0,685.71,,,,,,,,,,,,,75,hitl
227,2026-05-31 14:45,farm_1,farm,1,,380.0,0.14,,,,,,,,,,,75,hitl
227,2026-05-31 14:45,slaughterhouse_1,slaughterhouse,1,,,,175.0,400.0,,,,,,,,,75,hitl
227,2026-05-31 14:45,wholesaler_1,wholesaler,1,,,,,,0.0,11.73,,,,,,,75,hitl
227,2026-05-31 14:45,retail_1,retail,0,,,,,,,,73.8,30.0,0.0,0.0,3.58,15.9642,75,hitl
228,2026-05-31 15:00,supplier_1,supplier,0,684.72,,,,,,,,,,,,,75,hitl
228,2026-05-31 15:00,farm_1,farm,1,,380.0,0.14,,,,,,,,,,,75,hitl
228,2026-05-31 15:00,slaughterhouse_1,slaughterhouse,1,,,,175.0,400.0,,,,,,,,,75,hitl
228,2026-05-31 15:00,wholesaler_1,wholesaler,1,,,,,,0.0,11.73,,,,,,,75,hitl
228,2026-05-31 15:00,retail_1,retail,0,,,,,,,,72.91,30.0,0.0,0.0,3.58,15.9642,75,hitl
229,2026-05-31 15:15,supplier_1,supplier,0,683.9,,,,,,,,,,,,,75,hitl
229,2026-05-31 15:15,farm_1,farm,1,,380.0,0.14,,,,,,,,,,,75,hitl
229,2026-05-31 15:15,slaughterhouse_1,slaughterhouse,1,,,,175.0,400.0,,,,,,,,,75,hitl
229,2026-05-31 15:15,wholesaler_1,wholesaler,1,,,,,,0.0,11.73,,,,,,,75,hitl
229,2026-05-31 15:15,retail_1,retail,0,,,,,,,,71.93,30.0,0.0,0.0,3.58,15.9642,75,hitl
230,2026-05-31 15:30,supplier_1,supplier,0,683.31,,,,,,,,,,,,,75,hitl
230,2026-05-31 15:30,farm_1,farm,1,,380.0,0.14,,,,,,,,,,,75,hitl
230,2026-05-31 15:30,slaughterhouse_1,slaughterhouse,1,,,,175.0,400.0,,,,,,,,,75,hitl
230,2026-05-31 15:30,wholesaler_1,wholesaler,1,,,,,,0.0,11.73,,,,,,,75,hitl
230,2026-05-31 15:30,retail_1,retail,0,,,,,,,,71.13,30.0,0.0,0.0,3.58,15.9642,75,hitl
231,2026-05-31 15:45,supplier_1,supplier,0,682.02,,,,,,,,,,,,,75,hitl
231,2026-05-31 15:45,farm_1,farm,1,,380.0,0.14,,,,,,,,,,,75,hitl
231,2026-05-31 15:45,slaughterhouse_1,slaughterhouse,1,,,,175.0,400.0,,,,,,,,,75,hitl
231,2026-05-31 15:45,wholesaler_1,wholesaler,1,,,,,,0.0,11.73,,,,,,,75,hitl
231,2026-05-31 15:45,retail_1,retail,0,,,,,,,,70.32,30.0,0.0,0.0,3.58,15.9642,75,hitl
232,2026-05-31 16:00,supplier_1,supplier,0,680.72,,,,,,,,,,,,,75,hitl
232,2026-05-31 16:00,farm_1,farm,1,,380.0,0.14,,,,,,,,,,,75,hitl
232,2026-05-31 16:00,slaughterhouse_1,slaughterhouse,1,,,,175.0,395.68,,,,,,,,,75,hitl
232,2026-05-31 16:00,wholesaler_1,wholesaler,1,,,,,,0.0,11.73,,,,,,,75,hitl
232,2026-05-31 16:00,retail_1,retail,0,,,,,,,,69.33,30.0,0.0,0.0,3.58,15.9642,75,hitl
233,2026-05-31 16:15,supplier_1,supplier,0,679.62,,,,,,,,,,,,,75,hitl
233,2026-05-31 16:15,farm_1,farm,1,,380.0,0.14,,,,,,,,,,,75,hitl
233,2026-05-31 16:15,slaughterhouse_1,slaughterhouse,1,,,,175.0,400.0,,,,,,,,,75,hitl
233,2026-05-31 16:15,wholesaler_1,wholesaler,1,,,,,,4.32,11.73,,,,,,,75,hitl
233,2026-05-31 16:15,retail_1,retail,0,,,,,,,,68.43,30.0,0.0,0.0,3.58,15.9642,75,hitl
234,2026-05-31 16:30,supplier_1,supplier,0,678.52,,,,,,,,,,,,,75,hitl
234,2026-05-31 16:30,farm_1,farm,1,,380.0,0.14,,,,,,,,,,,75,hitl
234,2026-05-31 16:30,slaughterhouse_1,slaughterhouse,1,,,,175.0,400.0,,,,,,,,,75,hitl
234,2026-05-31 16:30,wholesaler_1,wholesaler,1,,,,,,1.59,11.73,,,,,,,75,hitl
234,2026-05-31 16:30,retail_1,retail,0,,,,,,,,67.53,30.0,0.0,0.0,3.58,15.9642,75,hitl
235,2026-05-31 16:45,supplier_1,supplier,0,677.88,,,,,,,,,,,,,75,hitl
235,2026-05-31 16:45,farm_1,farm,1,,380.0,0.14,,,,,,,,,,,75,hitl
235,2026-05-31 16:45,slaughterhouse_1,slaughterhouse,1,,,,175.0,400.0,,,,,,,,,75,hitl
235,2026-05-31 16:45,wholesaler_1,wholesaler,1,,,,,,0.0,11.73,,,,,,,75,hitl
235,2026-05-31 16:45,retail_1,retail,0,,,,,,,,66.67,30.0,0.0,0.0,3.58,15.9642,75,hitl
236,2026-05-31 17:00,supplier_1,supplier,0,676.87,,,,,,,,,,,,,75,hitl
236,2026-05-31 17:00,farm_1,farm,1,,380.0,0.14,,,,,,,,,,,75,hitl
236,2026-05-31 17:00,slaughterhouse_1,slaughterhouse,1,,,,175.0,400.0,,,,,,,,,75,hitl
236,2026-05-31 17:00,wholesaler_1,wholesaler,1,,,,,,0.0,11.73,,,,,,,75,hitl
236,2026-05-31 17:00,retail_1,retail,0,,,,,,,,65.71,30.0,0.0,0.0,3.58,15.9642,75,hitl
237,2026-05-31 17:15,supplier_1,supplier,0,675.49,,,,,,,,,,,,,75,hitl
237,2026-05-31 17:15,farm_1,farm,1,,380.0,0.14,,,,,,,,,,,75,hitl
237,2026-05-31 17:15,slaughterhouse_1,slaughterhouse,1,,,,175.0,400.0,,,,,,,,,75,hitl
237,2026-05-31 17:15,wholesaler_1,wholesaler,1,,,,,,0.0,11.73,,,,,,,75,hitl
237,2026-05-31 17:15,retail_1,retail,0,,,,,,,,64.8,30.0,0.0,0.0,3.58,15.9642,75,hitl
238,2026-05-31 17:30,supplier_1,supplier,0,674.28,,,,,,,,,,,,,75,hitl
238,2026-05-31 17:30,farm_1,farm,1,,380.0,0.14,,,,,,,,,,,75,hitl
238,2026-05-31 17:30,slaughterhouse_1,slaughterhouse,1,,,,175.0,400.0,,,,,,,,,75,hitl
238,2026-05-31 17:30,wholesaler_1,wholesaler,1,,,,,,0.0,11.73,,,,,,,75,hitl
238,2026-05-31 17:30,retail_1,retail,0,,,,,,,,63.91,30.0,0.0,0.0,3.58,15.9642,75,hitl
239,2026-05-31 17:45,supplier_1,supplier,0,673.51,,,,,,,,,,,,,75,hitl
239,2026-05-31 17:45,farm_1,farm,1,,380.0,0.14,,,,,,,,,,,75,hitl
239,2026-05-31 17:45,slaughterhouse_1,slaughterhouse,1,,,,175.0,400.0,,,,,,,,,75,hitl
239,2026-05-31 17:45,wholesaler_1,wholesaler,1,,,,,,0.0,11.73,,,,,,,75,hitl
239,2026-05-31 17:45,retail_1,retail,0,,,,,,,,63.08,30.0,0.0,0.0,3.58,15.9642,75,hitl
240,2026-05-31 18:00,supplier_1,supplier,0,672.48,,,,,,,,,,,,,75,hitl
240,2026-05-31 18:00,farm_1,farm,1,,380.0,0.14,,,,,,,,,,,75,hitl
240,2026-05-31 18:00,slaughterhouse_1,slaughterhouse,1,,,,175.0,395.68,,,,,,,,,75,hitl
240,2026-05-31 18:00,wholesaler_1,wholesaler,1,,,,,,0.0,11.73,,,,,,,75,hitl
240,2026-05-31 18:00,retail_1,retail,0,,,,,,,,62.23,30.0,0.0,0.0,3.58,15.9642,75,hitl
241,2026-05-31 18:15,supplier_1,supplier,0,671.54,,,,,,,,,,,,,75,hitl
241,2026-05-31 18:15,farm_1,farm,1,,380.0,0.14,,,,,,,,,,,75,hitl
241,2026-05-31 18:15,slaughterhouse_1,slaughterhouse,1,,,,175.0,400.0,,,,,,,,,75,hitl
241,2026-05-31 18:15,wholesaler_1,wholesaler,1,,,,,,4.32,11.73,,,,,,,75,hitl
241,2026-05-31 18:15,retail_1,retail,0,,,,,,,,61.39,30.0,0.0,0.0,3.58,15.9642,75,hitl
242,2026-05-31 18:30,supplier_1,supplier,0,670.64,,,,,,,,,,,,,75,hitl
242,2026-05-31 18:30,farm_1,farm,1,,380.0,0.14,,,,,,,,,,,75,hitl
242,2026-05-31 18:30,slaughterhouse_1,slaughterhouse,1,,,,175.0,400.0,,,,,,,,,75,hitl
242,2026-05-31 18:30,wholesaler_1,wholesaler,1,,,,,,1.39,11.73,,,,,,,75,hitl
242,2026-05-31 18:30,retail_1,retail,0,,,,,,,,60.42,30.0,0.0,0.0,3.58,15.9642,75,hitl
243,2026-05-31 18:45,supplier_1,supplier,0,669.21,,,,,,,,,,,,,75,hitl
243,2026-05-31 18:45,farm_1,farm,1,,380.0,0.14,,,,,,,,,,,75,hitl
243,2026-05-31 18:45,slaughterhouse_1,slaughterhouse,1,,,,175.0,400.0,,,,,,,,,75,hitl
243,2026-05-31 18:45,wholesaler_1,wholesaler,1,,,,,,0.0,11.73,,,,,,,75,hitl
243,2026-05-31 18:45,retail_1,retail,0,,,,,,,,59.53,30.0,0.0,0.0,3.58,15.9642,75,hitl
244,2026-05-31 19:00,supplier_1,supplier,0,667.93,,,,,,,,,,,,,75,hitl
244,2026-05-31 19:00,farm_1,farm,1,,380.0,0.14,,,,,,,,,,,75,hitl
244,2026-05-31 19:00,slaughterhouse_1,slaughterhouse,1,,,,175.0,400.0,,,,,,,,,75,hitl
244,2026-05-31 19:00,wholesaler_1,wholesaler,1,,,,,,0.0,11.73,,,,,,,75,hitl
244,2026-05-31 19:00,retail_1,retail,0,,,,,,,,58.54,30.0,0.0,0.0,3.58,15.9642,75,hitl
245,2026-05-31 19:15,supplier_1,supplier,0,667.41,,,,,,,,,,,,,75,hitl
245,2026-05-31 19:15,farm_1,farm,1,,380.0,0.14,,,,,,,,,,,75,hitl
245,2026-05-31 19:15,slaughterhouse_1,slaughterhouse,1,,,,175.0,400.0,,,,,,,,,75,hitl
245,2026-05-31 19:15,wholesaler_1,wholesaler,1,,,,,,0.0,11.73,,,,,,,75,hitl
245,2026-05-31 19:15,retail_1,retail,0,,,,,,,,57.66,30.0,0.0,0.0,3.58,15.9642,75,hitl
246,2026-05-31 19:30,supplier_1,supplier,0,665.95,,,,,,,,,,,,,75,hitl
246,2026-05-31 19:30,farm_1,farm,1,,380.0,0.14,,,,,,,,,,,75,hitl
246,2026-05-31 19:30,slaughterhouse_1,slaughterhouse,1,,,,175.0,400.0,,,,,,,,,75,hitl
246,2026-05-31 19:30,wholesaler_1,wholesaler,1,,,,,,0.0,11.73,,,,,,,75,hitl
246,2026-05-31 19:30,retail_1,retail,0,,,,,,,,56.68,30.0,0.0,0.0,3.58,15.9642,75,hitl
247,2026-05-31 19:45,supplier_1,supplier,0,664.54,,,,,,,,,,,,,75,hitl
247,2026-05-31 19:45,farm_1,farm,1,,380.0,0.14,,,,,,,,,,,75,hitl
247,2026-05-31 19:45,slaughterhouse_1,slaughterhouse,1,,,,175.0,400.0,,,,,,,,,75,hitl
247,2026-05-31 19:45,wholesaler_1,wholesaler,1,,,,,,0.0,11.73,,,,,,,75,hitl
247,2026-05-31 19:45,retail_1,retail,0,,,,,,,,55.79,30.0,0.0,0.0,3.58,15.9642,75,hitl
248,2026-05-31 20:00,supplier_1,supplier,0,663.61,,,,,,,,,,,,,75,hitl
248,2026-05-31 20:00,farm_1,farm,1,,380.0,0.14,,,,,,,,,,,75,hitl
248,2026-05-31 20:00,slaughterhouse_1,slaughterhouse,1,,,,175.0,395.68,,,,,,,,,75,hitl
248,2026-05-31 20:00,wholesaler_1,wholesaler,1,,,,,,0.0,11.73,,,,,,,75,hitl
248,2026-05-31 20:00,retail_1,retail,0,,,,,,,,54.86,30.0,0.0,0.0,3.58,15.9642,75,hitl
249,2026-05-31 20:15,supplier_1,supplier,0,662.33,,,,,,,,,,,,,75,hitl
249,2026-05-31 20:15,farm_1,farm,1,,380.0,0.14,,,,,,,,,,,75,hitl
249,2026-05-31 20:15,slaughterhouse_1,slaughterhouse,1,,,,175.0,400.0,,,,,,,,,75,hitl
249,2026-05-31 20:15,wholesaler_1,wholesaler,1,,,,,,4.32,11.73,,,,,,,75,hitl
249,2026-05-31 20:15,retail_1,retail,0,,,,,,,,53.89,30.0,0.0,0.0,3.58,15.9642,75,hitl
250,2026-05-31 20:30,supplier_1,supplier,0,661.29,,,,,,,,,,,,,75,hitl
250,2026-05-31 20:30,farm_1,farm,1,,380.0,0.14,,,,,,,,,,,75,hitl
250,2026-05-31 20:30,slaughterhouse_1,slaughterhouse,1,,,,175.0,400.0,,,,,,,,,75,hitl
250,2026-05-31 20:30,wholesaler_1,wholesaler,1,,,,,,2.42,11.73,,,,,,,75,hitl
250,2026-05-31 20:30,retail_1,retail,0,,,,,,,,52.96,30.0,0.0,0.0,3.58,15.9642,75,hitl
251,2026-05-31 20:45,supplier_1,supplier,0,660.01,,,,,,,,,,,,,75,hitl
251,2026-05-31 20:45,farm_1,farm,1,,380.0,0.14,,,,,,,,,,,75,hitl
251,2026-05-31 20:45,slaughterhouse_1,slaughterhouse,1,,,,175.0,400.0,,,,,,,,,75,hitl
251,2026-05-31 20:45,wholesaler_1,wholesaler,1,,,,,,0.88,11.73,,,,,,,75,hitl
251,2026-05-31 20:45,retail_1,retail,0,,,,,,,,52.09,30.0,0.0,0.0,3.58,15.9642,75,hitl
252,2026-05-31 21:00,supplier_1,supplier,0,659.39,,,,,,,,,,,,,75,hitl
252,2026-05-31 21:00,farm_1,farm,1,,380.0,0.14,,,,,,,,,,,75,hitl
252,2026-05-31 21:00,slaughterhouse_1,slaughterhouse,1,,,,175.0,400.0,,,,,,,,,75,hitl
252,2026-05-31 21:00,wholesaler_1,wholesaler,1,,,,,,0.0,11.73,,,,,,,75,hitl
252,2026-05-31 21:00,retail_1,retail,0,,,,,,,,51.18,30.0,0.0,0.0,3.58,15.9642,75,hitl
253,2026-05-31 21:15,supplier_1,supplier,0,658.06,,,,,,,,,,,,,75,hitl
253,2026-05-31 21:15,farm_1,farm,1,,380.0,0.14,,,,,,,,,,,75,hitl
253,2026-05-31 21:15,slaughterhouse_1,slaughterhouse,1,,,,175.0,400.0,,,,,,,,,75,hitl
253,2026-05-31 21:15,wholesaler_1,wholesaler,1,,,,,,0.0,11.73,,,,,,,75,hitl
253,2026-05-31 21:15,retail_1,retail,0,,,,,,,,50.24,30.0,0.0,0.0,3.58,15.9642,75,hitl
254,2026-05-31 21:30,supplier_1,supplier,0,657.2,,,,,,,,,,,,,75,hitl
254,2026-05-31 21:30,farm_1,farm,1,,380.0,0.14,,,,,,,,,,,75,hitl
254,2026-05-31 21:30,slaughterhouse_1,slaughterhouse,1,,,,175.0,400.0,,,,,,,,,75,hitl
254,2026-05-31 21:30,wholesaler_1,wholesaler,1,,,,,,0.0,11.73,,,,,,,75,hitl
254,2026-05-31 21:30,retail_1,retail,0,,,,,,,,49.35,30.0,0.0,0.0,3.58,15.9642,75,hitl
255,2026-05-31 21:45,supplier_1,supplier,0,656.02,,,,,,,,,,,,,75,hitl
255,2026-05-31 21:45,farm_1,farm,1,,380.0,0.14,,,,,,,,,,,75,hitl
255,2026-05-31 21:45,slaughterhouse_1,slaughterhouse,1,,,,175.0,400.0,,,,,,,,,75,hitl
255,2026-05-31 21:45,wholesaler_1,wholesaler,1,,,,,,0.0,11.73,,,,,,,75,hitl
255,2026-05-31 21:45,retail_1,retail,0,,,,,,,,48.41,30.0,0.0,0.0,3.58,15.9642,75,hitl
256,2026-05-31 22:00,supplier_1,supplier,0,655.23,,,,,,,,,,,,,75,hitl
256,2026-05-31 22:00,farm_1,farm,1,,380.0,0.14,,,,,,,,,,,75,hitl
256,2026-05-31 22:00,slaughterhouse_1,slaughterhouse,1,,,,175.0,395.68,,,,,,,,,75,hitl
256,2026-05-31 22:00,wholesaler_1,wholesaler,1,,,,,,0.0,11.73,,,,,,,75,hitl
256,2026-05-31 22:00,retail_1,retail,0,,,,,,,,47.62,30.0,0.0,0.0,3.58,15.9642,75,hitl
257,2026-05-31 22:15,supplier_1,supplier,0,654.38,,,,,,,,,,,,,75,hitl
257,2026-05-31 22:15,farm_1,farm,1,,380.0,0.14,,,,,,,,,,,75,hitl
257,2026-05-31 22:15,slaughterhouse_1,slaughterhouse,1,,,,175.0,400.0,,,,,,,,,75,hitl
257,2026-05-31 22:15,wholesaler_1,wholesaler,1,,,,,,4.32,11.73,,,,,,,75,hitl
257,2026-05-31 22:15,retail_1,retail,0,,,,,,,,46.62,30.0,0.0,0.0,3.58,15.9642,75,hitl
258,2026-05-31 22:30,supplier_1,supplier,0,652.92,,,,,,,,,,,,,75,hitl
258,2026-05-31 22:30,farm_1,farm,1,,380.0,0.14,,,,,,,,,,,75,hitl
258,2026-05-31 22:30,slaughterhouse_1,slaughterhouse,1,,,,175.0,400.0,,,,,,,,,75,hitl
258,2026-05-31 22:30,wholesaler_1,wholesaler,1,,,,,,1.66,11.73,,,,,,,75,hitl
258,2026-05-31 22:30,retail_1,retail,0,,,,,,,,45.73,30.0,0.0,0.0,3.58,15.9642,75,hitl
259,2026-05-31 22:45,supplier_1,supplier,0,651.49,,,,,,,,,,,,,75,hitl
259,2026-05-31 22:45,farm_1,farm,1,,380.0,0.14,,,,,,,,,,,75,hitl
259,2026-05-31 22:45,slaughterhouse_1,slaughterhouse,1,,,,175.0,400.0,,,,,,,,,75,hitl
259,2026-05-31 22:45,wholesaler_1,wholesaler,1,,,,,,0.0,11.73,,,,,,,75,hitl
259,2026-05-31 22:45,retail_1,retail,0,,,,,,,,44.73,30.0,0.0,0.0,3.58,15.9642,75,hitl
260,2026-05-31 23:00,supplier_1,supplier,0,650.76,,,,,,,,,,,,,75,hitl
260,2026-05-31 23:00,farm_1,farm,1,,380.0,0.14,,,,,,,,,,,75,hitl
260,2026-05-31 23:00,slaughterhouse_1,slaughterhouse,1,,,,175.0,400.0,,,,,,,,,75,hitl
260,2026-05-31 23:00,wholesaler_1,wholesaler,1,,,,,,0.0,11.73,,,,,,,75,hitl
260,2026-05-31 23:00,retail_1,retail,0,,,,,,,,43.74,30.0,0.0,0.0,3.58,15.9642,75,hitl
261,2026-05-31 23:15,supplier_1,supplier,0,649.51,,,,,,,,,,,,,75,hitl
261,2026-05-31 23:15,farm_1,farm,1,,380.0,0.14,,,,,,,,,,,75,hitl
261,2026-05-31 23:15,slaughterhouse_1,slaughterhouse,1,,,,175.0,400.0,,,,,,,,,75,hitl
261,2026-05-31 23:15,wholesaler_1,wholesaler,1,,,,,,0.0,11.73,,,,,,,75,hitl
261,2026-05-31 23:15,retail_1,retail,0,,,,,,,,42.74,30.0,0.0,0.0,3.58,15.9642,75,hitl
262,2026-05-31 23:30,supplier_1,supplier,0,648.94,,,,,,,,,,,,,75,hitl
262,2026-05-31 23:30,farm_1,farm,1,,380.0,0.14,,,,,,,,,,,75,hitl
262,2026-05-31 23:30,slaughterhouse_1,slaughterhouse,1,,,,175.0,400.0,,,,,,,,,75,hitl
262,2026-05-31 23:30,wholesaler_1,wholesaler,1,,,,,,0.0,11.73,,,,,,,75,hitl
262,2026-05-31 23:30,retail_1,retail,0,,,,,,,,41.78,30.0,0.0,0.0,3.58,15.9642,75,hitl
263,2026-05-31 23:45,supplier_1,supplier,0,648.19,,,,,,,,,,,,,75,hitl
263,2026-05-31 23:45,farm_1,farm,1,,380.0,0.14,,,,,,,,,,,75,hitl
263,2026-05-31 23:45,slaughterhouse_1,slaughterhouse,1,,,,175.0,400.0,,,,,,,,,75,hitl
263,2026-05-31 23:45,wholesaler_1,wholesaler,1,,,,,,0.0,11.73,,,,,,,75,hitl
263,2026-05-31 23:45,retail_1,retail,0,,,,,,,,40.9,30.0,0.0,0.0,3.58,15.9642,75,hitl
264,2026-06-01 00:00,supplier_1,supplier,0,647.48,,,,,,,,,,,,,75,hitl
264,2026-06-01 00:00,farm_1,farm,1,,380.0,0.14,,,,,,,,,,,75,hitl
264,2026-06-01 00:00,slaughterhouse_1,slaughterhouse,1,,,,175.0,395.68,,,,,,,,,75,hitl
264,2026-06-01 00:00,wholesaler_1,wholesaler,1,,,,,,0.0,11.73,,,,,,,75,hitl
264,2026-06-01 00:00,retail_1,retail,0,,,,,,,,40.02,30.0,0.0,0.0,3.58,15.9642,75,hitl
265,2026-06-01 00:15,supplier_1,supplier,0,646.45,,,,,,,,,,,,,75,hitl
265,2026-06-01 00:15,farm_1,farm,1,,380.0,0.14,,,,,,,,,,,75,hitl
265,2026-06-01 00:15,slaughterhouse_1,slaughterhouse,1,,,,175.0,400.0,,,,,,,,,75,hitl
265,2026-06-01 00:15,wholesaler_1,wholesaler,1,,,,,,4.32,11.73,,,,,,,75,hitl
265,2026-06-01 00:15,retail_1,retail,0,,,,,,,,39.18,30.0,0.0,0.0,3.58,15.9642,75,hitl
266,2026-06-01 00:30,supplier_1,supplier,0,645.14,,,,,,,,,,,,,75,hitl
266,2026-06-01 00:30,farm_1,farm,1,,380.0,0.14,,,,,,,,,,,75,hitl
266,2026-06-01 00:30,slaughterhouse_1,slaughterhouse,1,,,,175.0,400.0,,,,,,,,,75,hitl
266,2026-06-01 00:30,wholesaler_1,wholesaler,1,,,,,,1.64,11.73,,,,,,,75,hitl
266,2026-06-01 00:30,retail_1,retail,0,,,,,,,,38.19,30.0,0.0,0.0,3.58,15.9642,75,hitl
267,2026-06-01 00:45,supplier_1,supplier,0,643.95,,,,,,,,,,,,,75,hitl
267,2026-06-01 00:45,farm_1,farm,1,,380.0,0.14,,,,,,,,,,,75,hitl
267,2026-06-01 00:45,slaughterhouse_1,slaughterhouse,1,,,,175.0,400.0,,,,,,,,,75,hitl
267,2026-06-01 00:45,wholesaler_1,wholesaler,1,,,,,,0.0,11.73,,,,,,,75,hitl
267,2026-06-01 00:45,retail_1,retail,0,,,,,,,,37.19,30.0,0.0,0.0,3.58,15.9642,75,hitl
268,2026-06-01 01:00,supplier_1,supplier,0,642.85,,,,,,,,,,,,,75,hitl
268,2026-06-01 01:00,farm_1,farm,1,,380.0,0.14,,,,,,,,,,,75,hitl
268,2026-06-01 01:00,slaughterhouse_1,slaughterhouse,1,,,,175.0,400.0,,,,,,,,,75,hitl
268,2026-06-01 01:00,wholesaler_1,wholesaler,1,,,,,,0.0,11.73,,,,,,,75,hitl
268,2026-06-01 01:00,retail_1,retail,0,,,,,,,,36.39,30.0,0.0,0.0,3.58,15.9642,75,hitl
269,2026-06-01 01:15,supplier_1,supplier,0,642.32,,,,,,,,,,,,,75,hitl
269,2026-06-01 01:15,farm_1,farm,1,,380.0,0.14,,,,,,,,,,,75,hitl
269,2026-06-01 01:15,slaughterhouse_1,slaughterhouse,1,,,,175.0,400.0,,,,,,,,,75,hitl
269,2026-06-01 01:15,wholesaler_1,wholesaler,1,,,,,,0.0,11.73,,,,,,,75,hitl
269,2026-06-01 01:15,retail_1,retail,0,,,,,,,,35.45,30.0,0.0,0.0,3.58,15.9642,75,hitl
270,2026-06-01 01:30,supplier_1,supplier,0,641.08,,,,,,,,,,,,,75,hitl
270,2026-06-01 01:30,farm_1,farm,1,,380.0,0.14,,,,,,,,,,,75,hitl
270,2026-06-01 01:30,slaughterhouse_1,slaughterhouse,1,,,,175.0,400.0,,,,,,,,,75,hitl
270,2026-06-01 01:30,wholesaler_1,wholesaler,1,,,,,,0.0,11.73,,,,,,,75,hitl
270,2026-06-01 01:30,retail_1,retail,0,,,,,,,,34.56,30.0,0.0,0.0,3.58,15.9642,75,hitl
271,2026-06-01 01:45,supplier_1,supplier,0,640.4,,,,,,,,,,,,,75,hitl
271,2026-06-01 01:45,farm_1,farm,1,,380.0,0.14,,,,,,,,,,,75,hitl
271,2026-06-01 01:45,slaughterhouse_1,slaughterhouse,1,,,,175.0,400.0,,,,,,,,,75,hitl
271,2026-06-01 01:45,wholesaler_1,wholesaler,1,,,,,,0.0,11.73,,,,,,,75,hitl
271,2026-06-01 01:45,retail_1,retail,0,,,,,,,,33.67,30.0,0.0,0.0,3.58,15.9642,75,hitl
272,2026-06-01 02:00,supplier_1,supplier,0,639.86,,,,,,,,,,,,,75,hitl
272,2026-06-01 02:00,farm_1,farm,1,,380.0,0.14,,,,,,,,,,,75,hitl
272,2026-06-01 02:00,slaughterhouse_1,slaughterhouse,1,,,,175.0,395.68,,,,,,,,,75,hitl
272,2026-06-01 02:00,wholesaler_1,wholesaler,1,,,,,,0.0,11.73,,,,,,,75,hitl
272,2026-06-01 02:00,retail_1,retail,0,,,,,,,,32.74,30.0,0.0,0.0,3.58,15.9642,75,hitl
273,2026-06-01 02:15,supplier_1,supplier,0,639.13,,,,,,,,,,,,,75,hitl
273,2026-06-01 02:15,farm_1,farm,1,,380.0,0.14,,,,,,,,,,,75,hitl
273,2026-06-01 02:15,slaughterhouse_1,slaughterhouse,1,,,,175.0,400.0,,,,,,,,,75,hitl
273,2026-06-01 02:15,wholesaler_1,wholesaler,1,,,,,,4.32,11.73,,,,,,,75,hitl
273,2026-06-01 02:15,retail_1,retail,0,,,,,,,,31.84,30.0,0.0,0.0,3.58,15.9642,75,hitl
274,2026-06-01 02:30,supplier_1,supplier,0,638.63,,,,,,,,,,,,,75,hitl
274,2026-06-01 02:30,farm_1,farm,1,,380.0,0.14,,,,,,,,,,,75,hitl
274,2026-06-01 02:30,slaughterhouse_1,slaughterhouse,1,,,,175.0,400.0,,,,,,,,,75,hitl
274,2026-06-01 02:30,wholesaler_1,wholesaler,1,,,,,,2.79,11.73,,,,,,,75,hitl
274,2026-06-01 02:30,retail_1,retail,0,,,,,,,,30.94,30.0,0.0,0.0,3.58,15.9642,75,hitl
275,2026-06-01 02:45,supplier_1,supplier,0,638.04,,,,,,,,,,,,,75,hitl
275,2026-06-01 02:45,farm_1,farm,1,,380.0,0.14,,,,,,,,,,,75,hitl
275,2026-06-01 02:45,slaughterhouse_1,slaughterhouse,1,,,,175.0,400.0,,,,,,,,,75,hitl
275,2026-06-01 02:45,wholesaler_1,wholesaler,1,,,,,,1.15,11.73,,,,,,,75,hitl
275,2026-06-01 02:45,retail_1,retail,0,,,,,,,,29.95,30.0,0.0,0.25,3.58,15.9642,75,hitl
276,2026-06-01 03:00,supplier_1,supplier,0,636.98,,,,,,,,,,,,,75,hitl
276,2026-06-01 03:00,farm_1,farm,1,,380.0,0.14,,,,,,,,,,,75,hitl
276,2026-06-01 03:00,slaughterhouse_1,slaughterhouse,1,,,,175.0,400.0,,,,,,,,,75,hitl
276,2026-06-01 03:00,wholesaler_1,wholesaler,1,,,,,,0.0,11.73,,,,,,,75,hitl
276,2026-06-01 03:00,retail_1,retail,0,,,,,,,,28.98,30.0,0.0,0.5,3.58,15.9642,75,hitl
277,2026-06-01 03:15,supplier_1,supplier,0,636.42,,,,,,,,,,,,,75,hitl
277,2026-06-01 03:15,farm_1,farm,1,,380.0,0.14,,,,,,,,,,,75,hitl
277,2026-06-01 03:15,slaughterhouse_1,slaughterhouse,1,,,,175.0,400.0,,,,,,,,,75,hitl
277,2026-06-01 03:15,wholesaler_1,wholesaler,1,,,,,,0.0,11.73,,,,,,,75,hitl
277,2026-06-01 03:15,retail_1,retail,0,,,,,,,,28.06,30.0,0.0,0.75,3.58,15.9642,75,hitl
278,2026-06-01 03:30,supplier_1,supplier,0,635.02,,,,,,,,,,,,,75,hitl
278,2026-06-01 03:30,farm_1,farm,1,,380.0,0.14,,,,,,,,,,,75,hitl
278,2026-06-01 03:30,slaughterhouse_1,slaughterhouse,1,,,,175.0,400.0,,,,,,,,,75,hitl
278,2026-06-01 03:30,wholesaler_1,wholesaler,1,,,,,,0.0,11.73,,,,,,,75,hitl
278,2026-06-01 03:30,retail_1,retail,0,,,,,,,,27.24,30.0,0.0,1.0,3.58,15.9642,75,hitl
279,2026-06-01 03:45,supplier_1,supplier,0,634.47,,,,,,,,,,,,,75,hitl
279,2026-06-01 03:45,farm_1,farm,1,,380.0,0.14,,,,,,,,,,,75,hitl
279,2026-06-01 03:45,slaughterhouse_1,slaughterhouse,1,,,,175.0,400.0,,,,,,,,,75,hitl
279,2026-06-01 03:45,wholesaler_1,wholesaler,1,,,,,,0.0,11.73,,,,,,,75,hitl
279,2026-06-01 03:45,retail_1,retail,0,,,,,,,,26.42,30.0,0.0,1.25,3.58,15.9642,75,hitl
280,2026-06-01 04:00,supplier_1,supplier,0,633.4,,,,,,,,,,,,,75,hitl
280,2026-06-01 04:00,farm_1,farm,1,,380.0,0.14,,,,,,,,,,,75,hitl
280,2026-06-01 04:00,slaughterhouse_1,slaughterhouse,1,,,,175.0,395.68,,,,,,,,,75,hitl
280,2026-06-01 04:00,wholesaler_1,wholesaler,1,,,,,,0.0,11.73,,,,,,,75,hitl
280,2026-06-01 04:00,retail_1,retail,0,,,,,,,,25.6,30.0,0.0,1.5,3.58,15.9642,75,hitl
281,2026-06-01 04:15,supplier_1,supplier,0,632.69,,,,,,,,,,,,,75,hitl
281,2026-06-01 04:15,farm_1,farm,1,,380.0,0.14,,,,,,,,,,,75,hitl
281,2026-06-01 04:15,slaughterhouse_1,slaughterhouse,1,,,,175.0,400.0,,,,,,,,,75,hitl
281,2026-06-01 04:15,wholesaler_1,wholesaler,1,,,,,,4.32,11.73,,,,,,,75,hitl
281,2026-06-01 04:15,retail_1,retail,0,,,,,,,,24.74,30.0,0.0,1.75,3.58,15.9642,75,hitl
282,2026-06-01 04:30,supplier_1,supplier,0,632.14,,,,,,,,,,,,,75,hitl
282,2026-06-01 04:30,farm_1,farm,1,,380.0,0.14,,,,,,,,,,,75,hitl
282,2026-06-01 04:30,slaughterhouse_1,slaughterhouse,1,,,,175.0,400.0,,,,,,,,,75,hitl
282,2026-06-01 04:30,wholesaler_1,wholesaler,1,,,,,,2.76,11.73,,,,,,,75,hitl
282,2026-06-01 04:30,retail_1,retail,0,,,,,,,,23.88,30.0,0.0,2.0,3.58,15.9642,75,hitl
283,2026-06-01 04:45,supplier_1,supplier,0,631.51,,,,,,,,,,,,,75,hitl
283,2026-06-01 04:45,farm_1,farm,1,,380.0,0.14,,,,,,,,,,,75,hitl
283,2026-06-01 04:45,slaughterhouse_1,slaughterhouse,1,,,,175.0,400.0,,,,,,,,,75,hitl
283,2026-06-01 04:45,wholesaler_1,wholesaler,1,,,,,,0.13,11.73,,,,,,,75,hitl
283,2026-06-01 04:45,retail_1,retail,0,,,,,,,,22.93,30.0,0.0,2.25,3.58,15.9642,75,hitl
284,2026-06-01 05:00,supplier_1,supplier,0,630.97,,,,,,,,,,,,,75,hitl
284,2026-06-01 05:00,farm_1,farm,1,,380.0,0.14,,,,,,,,,,,75,hitl
284,2026-06-01 05:00,slaughterhouse_1,slaughterhouse,1,,,,175.0,400.0,,,,,,,,,75,hitl
284,2026-06-01 05:00,wholesaler_1,wholesaler,1,,,,,,0.0,11.73,,,,,,,75,hitl
284,2026-06-01 05:00,retail_1,retail,0,,,,,,,,22.0,30.0,0.0,2.5,3.58,15.9642,75,hitl
285,2026-06-01 05:15,supplier_1,supplier,0,629.99,,,,,,,,,,,,,75,hitl
285,2026-06-01 05:15,farm_1,farm,1,,380.0,0.14,,,,,,,,,,,75,hitl
285,2026-06-01 05:15,slaughterhouse_1,slaughterhouse,1,,,,175.0,400.0,,,,,,,,,75,hitl
285,2026-06-01 05:15,wholesaler_1,wholesaler,1,,,,,,0.0,5.865,,,,,,,75,hitl
285,2026-06-01 05:15,retail_1,retail,1,,,,,,,,21.2,33.0,0.0,2.75,3.58,45.9642,75,hitl
286,2026-06-01 05:30,supplier_1,supplier,0,628.98,,,,,,,,,,,,,75,hitl
286,2026-06-01 05:30,farm_1,farm,1,,380.0,0.14,,,,,,,,,,,75,hitl
286,2026-06-01 05:30,slaughterhouse_1,slaughterhouse,1,,,,175.0,400.0,,,,,,,,,75,hitl
286,2026-06-01 05:30,wholesaler_1,wholesaler,1,,,,,,0.0,5.865,,,,,,,75,hitl
286,2026-06-01 05:30,retail_1,retail,1,,,,,,,,20.26,33.0,0.0,3.0,3.58,45.9642,75,hitl
287,2026-06-01 05:45,supplier_1,supplier,0,628.37,,,,,,,,,,,,,75,hitl
287,2026-06-01 05:45,farm_1,farm,1,,380.0,0.14,,,,,,,,,,,75,hitl
287,2026-06-01 05:45,slaughterhouse_1,slaughterhouse,1,,,,175.0,400.0,,,,,,,,,75,hitl
287,2026-06-01 05:45,wholesaler_1,wholesaler,1,,,,,,0.0,5.865,,,,,,,75,hitl
287,2026-06-01 05:45,retail_1,retail,1,,,,,,,,19.35,33.0,0.0,3.25,3.58,45.9642,75,hitl
288,2026-06-01 06:00,supplier_1,supplier,0,627.43,,,,,,,,,,,,,75,hitl
288,2026-06-01 06:00,farm_1,farm,0,,620.0,0.035,,,,,,,,,,,75,hitl
288,2026-06-01 06:00,slaughterhouse_1,slaughterhouse,1,,,,175.0,395.68,,,,,,,,,75,hitl
288,2026-06-01 06:00,wholesaler_1,wholesaler,1,,,,,,0.0,5.865,,,,,,,75,hitl
288,2026-06-01 06:00,retail_1,retail,1,,,,,,,,18.53,33.0,0.0,3.5,3.58,45.9642,75,hitl
289,2026-06-01 06:15,supplier_1,supplier,0,626.69,,,,,,,,,,,,,75,hitl
289,2026-06-01 06:15,farm_1,farm,0,,620.0,0.035,,,,,,,,,,,75,hitl
289,2026-06-01 06:15,slaughterhouse_1,slaughterhouse,1,,,,175.0,400.0,,,,,,,,,75,hitl
289,2026-06-01 06:15,wholesaler_1,wholesaler,1,,,,,,4.32,5.865,,,,,,,75,hitl
289,2026-06-01 06:15,retail_1,retail,1,,,,,,,,17.57,33.0,0.0,3.75,3.58,45.9642,75,hitl
290,2026-06-01 06:30,supplier_1,supplier,0,625.31,,,,,,,,,,,,,75,hitl
290,2026-06-01 06:30,farm_1,farm,0,,620.0,0.035,,,,,,,,,,,75,hitl
290,2026-06-01 06:30,slaughterhouse_1,slaughterhouse,1,,,,175.0,400.0,,,,,,,,,75,hitl
290,2026-06-01 06:30,wholesaler_1,wholesaler,1,,,,,,1.83,5.865,,,,,,,75,hitl
290,2026-06-01 06:30,retail_1,retail,1,,,,,,,,16.63,33.0,0.0,4.0,3.58,45.9642,75,hitl
291,2026-06-01 06:45,supplier_1,supplier,0,624.57,,,,,,,,,,,,,75,hitl
291,2026-06-01 06:45,farm_1,farm,0,,620.0,0.035,,,,,,,,,,,75,hitl
291,2026-06-01 06:45,slaughterhouse_1,slaughterhouse,1,,,,175.0,400.0,,,,,,,,,75,hitl
291,2026-06-01 06:45,wholesaler_1,wholesaler,1,,,,,,0.0,5.865,,,,,,,75,hitl
291,2026-06-01 06:45,retail_1,retail,1,,,,,,,,15.73,33.0,0.0,4.25,3.58,45.9642,75,hitl
292,2026-06-01 07:00,supplier_1,supplier,0,623.65,,,,,,,,,,,,,75,hitl
292,2026-06-01 07:00,farm_1,farm,0,,620.0,0.035,,,,,,,,,,,75,hitl
292,2026-06-01 07:00,slaughterhouse_1,slaughterhouse,1,,,,175.0,400.0,,,,,,,,,75,hitl
292,2026-06-01 07:00,wholesaler_1,wholesaler,1,,,,,,0.0,5.865,,,,,,,75,hitl
292,2026-06-01 07:00,retail_1,retail,1,,,,,,,,14.8,33.0,0.0,4.5,3.58,45.9642,75,hitl
293,2026-06-01 07:15,supplier_1,supplier,0,622.44,,,,,,,,,,,,,75,hitl
293,2026-06-01 07:15,farm_1,farm,0,,620.0,0.035,,,,,,,,,,,75,hitl
293,2026-06-01 07:15,slaughterhouse_1,slaughterhouse,1,,,,175.0,400.0,,,,,,,,,75,hitl
293,2026-06-01 07:15,wholesaler_1,wholesaler,1,,,,,,0.0,5.865,,,,,,,75,hitl
293,2026-06-01 07:15,retail_1,retail,1,,,,,,,,13.89,33.0,0.0,4.75,3.58,45.9642,75,hitl
294,2026-06-01 07:30,supplier_1,supplier,0,621.44,,,,,,,,,,,,,75,hitl
294,2026-06-01 07:30,farm_1,farm,0,,620.0,0.035,,,,,,,,,,,75,hitl
294,2026-06-01 07:30,slaughterhouse_1,slaughterhouse,1,,,,175.0,400.0,,,,,,,,,75,hitl
294,2026-06-01 07:30,wholesaler_1,wholesaler,1,,,,,,0.0,5.865,,,,,,,75,hitl
294,2026-06-01 07:30,retail_1,retail,1,,,,,,,,13.05,33.0,0.0,5.0,3.58,45.9642,75,hitl
295,2026-06-01 07:45,supplier_1,supplier,0,620.88,,,,,,,,,,,,,75,hitl
295,2026-06-01 07:45,farm_1,farm,0,,620.0,0.035,,,,,,,,,,,75,hitl
295,2026-06-01 07:45,slaughterhouse_1,slaughterhouse,1,,,,175.0,400.0,,,,,,,,,75,hitl
295,2026-06-01 07:45,wholesaler_1,wholesaler,1,,,,,,0.0,5.865,,,,,,,75,hitl
295,2026-06-01 07:45,retail_1,retail,1,,,,,,,,12.2,33.0,0.0,5.25,3.58,45.9642,75,hitl
296,2026-06-01 08:00,supplier_1,supplier,0,620.38,,,,,,,,,,,,,75,hitl
296,2026-06-01 08:00,farm_1,farm,0,,620.0,0.035,,,,,,,,,,,75,hitl
296,2026-06-01 08:00,slaughterhouse_1,slaughterhouse,1,,,,175.0,395.68,,,,,,,,,75,hitl
296,2026-06-01 08:00,wholesaler_1,wholesaler,1,,,,,,0.0,5.865,,,,,,,75,hitl
296,2026-06-01 08:00,retail_1,retail,1,,,,,,,,11.27,33.0,0.0,5.5,3.58,45.9642,75,hitl
297,2026-06-01 08:15,supplier_1,supplier,0,619.73,,,,,,,,,,,,,75,hitl
297,2026-06-01 08:15,farm_1,farm,0,,620.0,0.035,,,,,,,,,,,75,hitl
297,2026-06-01 08:15,slaughterhouse_1,slaughterhouse,1,,,,175.0,400.0,,,,,,,,,75,hitl
297,2026-06-01 08:15,wholesaler_1,wholesaler,1,,,,,,4.32,5.865,,,,,,,75,hitl
297,2026-06-01 08:15,retail_1,retail,1,,,,,,,,10.36,33.0,0.0,5.75,3.58,45.9642,75,hitl
298,2026-06-01 08:30,supplier_1,supplier,0,618.26,,,,,,,,,,,,,75,hitl
298,2026-06-01 08:30,farm_1,farm,0,,620.0,0.035,,,,,,,,,,,75,hitl
298,2026-06-01 08:30,slaughterhouse_1,slaughterhouse,1,,,,175.0,400.0,,,,,,,,,75,hitl
298,2026-06-01 08:30,wholesaler_1,wholesaler,1,,,,,,2.05,5.865,,,,,,,75,hitl
298,2026-06-01 08:30,retail_1,retail,1,,,,,,,,9.56,33.0,0.0,6.0,3.58,45.9642,75,hitl
299,2026-06-01 08:45,supplier_1,supplier,0,617.46,,,,,,,,,,,,,75,hitl
299,2026-06-01 08:45,farm_1,farm,0,,620.0,0.035,,,,,,,,,,,75,hitl
299,2026-06-01 08:45,slaughterhouse_1,slaughterhouse,1,,,,175.0,400.0,,,,,,,,,75,hitl
299,2026-06-01 08:45,wholesaler_1,wholesaler,1,,,,,,0.51,5.865,,,,,,,75,hitl
299,2026-06-01 08:45,retail_1,retail,1,,,,,,,,8.63,33.0,0.0,6.25,3.58,45.9642,75,hitl
300,2026-06-01 09:00,supplier_1,supplier,0,616.83,,,,,,,,,,,,,75,hitl
300,2026-06-01 09:00,farm_1,farm,0,,620.0,0.035,,,,,,,,,,,75,hitl
300,2026-06-01 09:00,slaughterhouse_1,slaughterhouse,1,,,,175.0,400.0,,,,,,,,,75,hitl
300,2026-06-01 09:00,wholesaler_1,wholesaler,1,,,,,,0.0,5.865,,,,,,,75,hitl
300,2026-06-01 09:00,retail_1,retail,1,,,,,,,,7.77,33.0,0.0,6.5,3.58,45.9642,75,hitl
301,2026-06-01 09:15,supplier_1,supplier,0,615.44,,,,,,,,,,,,,75,hitl
301,2026-06-01 09:15,farm_1,farm,0,,620.0,0.035,,,,,,,,,,,75,hitl
301,2026-06-01 09:15,slaughterhouse_1,slaughterhouse,1,,,,175.0,400.0,,,,,,,,,75,hitl
301,2026-06-01 09:15,wholesaler_1,wholesaler,1,,,,,,0.0,5.865,,,,,,,75,hitl
301,2026-06-01 09:15,retail_1,retail,1,,,,,,,,6.92,33.0,0.0,6.75,3.58,45.9642,75,hitl
302,2026-06-01 09:30,supplier_1,supplier,0,614.64,,,,,,,,,,,,,75,hitl
302,2026-06-01 09:30,farm_1,farm,0,,620.0,0.035,,,,,,,,,,,75,hitl
302,2026-06-01 09:30,slaughterhouse_1,slaughterhouse,1,,,,175.0,400.0,,,,,,,,,75,hitl
302,2026-06-01 09:30,wholesaler_1,wholesaler,1,,,,,,0.0,5.865,,,,,,,75,hitl
302,2026-06-01 09:30,retail_1,retail,1,,,,,,,,6.03,33.0,0.0,7.0,3.58,45.9642,75,hitl
303,2026-06-01 09:45,supplier_1,supplier,0,613.89,,,,,,,,,,,,,75,hitl
303,2026-06-01 09:45,farm_1,farm,0,,620.0,0.035,,,,,,,,,,,75,hitl
303,2026-06-01 09:45,slaughterhouse_1,slaughterhouse,1,,,,175.0,400.0,,,,,,,,,75,hitl
303,2026-06-01 09:45,wholesaler_1,wholesaler,1,,,,,,0.0,5.865,,,,,,,75,hitl
303,2026-06-01 09:45,retail_1,retail,1,,,,,,,,5.1,33.0,0.0,7.25,3.58,45.9642,75,hitl
304,2026-06-01 10:00,supplier_1,supplier,0,612.96,,,,,,,,,,,,,75,hitl
304,2026-06-01 10:00,farm_1,farm,0,,620.0,0.035,,,,,,,,,,,75,hitl
304,2026-06-01 10:00,slaughterhouse_1,slaughterhouse,1,,,,175.0,395.68,,,,,,,,,75,hitl
304,2026-06-01 10:00,wholesaler_1,wholesaler,1,,,,,,0.0,5.865,,,,,,,75,hitl
304,2026-06-01 10:00,retail_1,retail,1,,,,,,,,4.23,33.0,0.0,7.5,3.58,45.9642,75,hitl
305,2026-06-01 10:15,supplier_1,supplier,0,612.22,,,,,,,,,,,,,75,hitl
305,2026-06-01 10:15,farm_1,farm,0,,620.0,0.035,,,,,,,,,,,75,hitl
305,2026-06-01 10:15,slaughterhouse_1,slaughterhouse,1,,,,175.0,400.0,,,,,,,,,75,hitl
305,2026-06-01 10:15,wholesaler_1,wholesaler,1,,,,,,4.32,5.865,,,,,,,75,hitl
305,2026-06-01 10:15,retail_1,retail,1,,,,,,,,3.4,33.0,0.0,7.75,3.58,45.9642,75,hitl
306,2026-06-01 10:30,supplier_1,supplier,0,611.67,,,,,,,,,,,,,75,hitl
306,2026-06-01 10:30,farm_1,farm,0,,620.0,0.035,,,,,,,,,,,75,hitl
306,2026-06-01 10:30,slaughterhouse_1,slaughterhouse,1,,,,175.0,400.0,,,,,,,,,75,hitl
306,2026-06-01 10:30,wholesaler_1,wholesaler,1,,,,,,1.9,5.865,,,,,,,75,hitl
306,2026-06-01 10:30,retail_1,retail,1,,,,,,,,2.61,33.0,0.0,8.0,3.58,45.9642,75,hitl
307,2026-06-01 10:45,supplier_1,supplier,0,610.65,,,,,,,,,,,,,75,hitl
307,2026-06-01 10:45,farm_1,farm,0,,620.0,0.035,,,,,,,,,,,75,hitl
307,2026-06-01 10:45,slaughterhouse_1,slaughterhouse,1,,,,175.0,400.0,,,,,,,,,75,hitl
307,2026-06-01 10:45,wholesaler_1,wholesaler,1,,,,,,0.0,5.865,,,,,,,75,hitl
307,2026-06-01 10:45,retail_1,retail,1,,,,,,,,1.8,33.0,0.0,8.25,3.58,45.9642,75,hitl
308,2026-06-01 11:00,supplier_1,supplier,0,609.81,,,,,,,,,,,,,75,hitl
308,2026-06-01 11:00,farm_1,farm,0,,620.0,0.035,,,,,,,,,,,75,hitl
308,2026-06-01 11:00,slaughterhouse_1,slaughterhouse,1,,,,175.0,400.0,,,,,,,,,75,hitl
308,2026-06-01 11:00,wholesaler_1,wholesaler,1,,,,,,0.0,5.865,,,,,,,75,hitl
308,2026-06-01 11:00,retail_1,retail,1,,,,,,,,0.93,33.0,0.0,8.5,3.58,45.9642,75,hitl
309,2026-06-01 11:15,supplier_1,supplier,0,608.38,,,,,,,,,,,,,75,hitl
309,2026-06-01 11:15,farm_1,farm,0,,620.0,0.035,,,,,,,,,,,75,hitl
309,2026-06-01 11:15,slaughterhouse_1,slaughterhouse,1,,,,175.0,400.0,,,,,,,,,75,hitl
309,2026-06-01 11:15,wholesaler_1,wholesaler,1,,,,,,0.0,5.865,,,,,,,75,hitl
309,2026-06-01 11:15,retail_1,retail,1,,,,,,,,0.0,33.0,1.0,8.75,3.58,45.9642,75,hitl
310,2026-06-01 11:30,supplier_1,supplier,0,607.24,,,,,,,,,,,,,75,hitl
310,2026-06-01 11:30,farm_1,farm,0,,620.0,0.035,,,,,,,,,,,75,hitl
310,2026-06-01 11:30,slaughterhouse_1,slaughterhouse,1,,,,175.0,400.0,,,,,,,,,75,hitl
310,2026-06-01 11:30,wholesaler_1,wholesaler,1,,,,,,0.0,5.865,,,,,,,75,hitl
310,2026-06-01 11:30,retail_1,retail,1,,,,,,,,0.0,33.0,1.0,9.0,3.58,45.9642,75,hitl
311,2026-06-01 11:45,supplier_1,supplier,0,606.19,,,,,,,,,,,,,75,hitl
311,2026-06-01 11:45,farm_1,farm,0,,620.0,0.035,,,,,,,,,,,75,hitl
311,2026-06-01 11:45,slaughterhouse_1,slaughterhouse,1,,,,175.0,400.0,,,,,,,,,75,hitl
311,2026-06-01 11:45,wholesaler_1,wholesaler,1,,,,,,0.0,5.865,,,,,,,75,hitl
311,2026-06-01 11:45,retail_1,retail,1,,,,,,,,0.0,33.0,1.0,9.25,3.58,45.9642,75,hitl
312,2026-06-01 12:00,supplier_1,supplier,0,605.56,,,,,,,,,,,,,75,hitl
312,2026-06-01 12:00,farm_1,farm,0,,620.0,0.035,,,,,,,,,,,75,hitl
312,2026-06-01 12:00,slaughterhouse_1,slaughterhouse,1,,,,175.0,395.68,,,,,,,,,75,hitl
312,2026-06-01 12:00,wholesaler_1,wholesaler,1,,,,,,0.0,5.865,,,,,,,75,hitl
312,2026-06-01 12:00,retail_1,retail,1,,,,,,,,0.0,33.0,1.0,9.5,3.58,45.9642,75,hitl
313,2026-06-01 12:15,supplier_1,supplier,0,604.72,,,,,,,,,,,,,75,hitl
313,2026-06-01 12:15,farm_1,farm,0,,620.0,0.035,,,,,,,,,,,75,hitl
313,2026-06-01 12:15,slaughterhouse_1,slaughterhouse,1,,,,175.0,400.0,,,,,,,,,75,hitl
313,2026-06-01 12:15,wholesaler_1,wholesaler,1,,,,,,4.32,5.865,,,,,,,75,hitl
313,2026-06-01 12:15,retail_1,retail,1,,,,,,,,0.0,33.0,1.0,9.75,3.58,45.9642,75,hitl
314,2026-06-01 12:30,supplier_1,supplier,0,603.43,,,,,,,,,,,,,75,hitl
314,2026-06-01 12:30,farm_1,farm,0,,620.0,0.035,,,,,,,,,,,75,hitl
314,2026-06-01 12:30,slaughterhouse_1,slaughterhouse,1,,,,175.0,400.0,,,,,,,,,75,hitl
314,2026-06-01 12:30,wholesaler_1,wholesaler,1,,,,,,2.18,5.865,,,,,,,75,hitl
314,2026-06-01 12:30,retail_1,retail,1,,,,,,,,0.0,33.0,1.0,10.0,3.58,45.9642,75,hitl
315,2026-06-01 12:45,supplier_1,supplier,0,602.82,,,,,,,,,,,,,75,hitl
315,2026-06-01 12:45,farm_1,farm,0,,620.0,0.035,,,,,,,,,,,75,hitl
315,2026-06-01 12:45,slaughterhouse_1,slaughterhouse,1,,,,175.0,400.0,,,,,,,,,75,hitl
315,2026-06-01 12:45,wholesaler_1,wholesaler,1,,,,,,0.53,5.865,,,,,,,75,hitl
315,2026-06-01 12:45,retail_1,retail,1,,,,,,,,0.0,33.0,1.0,10.25,3.58,45.9642,75,hitl
316,2026-06-01 13:00,supplier_1,supplier,0,601.88,,,,,,,,,,,,,75,hitl
316,2026-06-01 13:00,farm_1,farm,0,,620.0,0.035,,,,,,,,,,,75,hitl
316,2026-06-01 13:00,slaughterhouse_1,slaughterhouse,1,,,,175.0,400.0,,,,,,,,,75,hitl
316,2026-06-01 13:00,wholesaler_1,wholesaler,1,,,,,,0.0,5.865,,,,,,,75,hitl
316,2026-06-01 13:00,retail_1,retail,1,,,,,,,,0.0,33.0,1.0,10.5,3.58,45.9642,75,hitl
317,2026-06-01 13:15,supplier_1,supplier,0,600.98,,,,,,,,,,,,,75,hitl
317,2026-06-01 13:15,farm_1,farm,0,,620.0,0.035,,,,,,,,,,,75,hitl
317,2026-06-01 13:15,slaughterhouse_1,slaughterhouse,1,,,,175.0,400.0,,,,,,,,,75,hitl
317,2026-06-01 13:15,wholesaler_1,wholesaler,1,,,,,,0.0,5.865,,,,,,,75,hitl
317,2026-06-01 13:15,retail_1,retail,1,,,,,,,,0.0,33.0,1.0,10.75,3.58,45.9642,75,hitl
318,2026-06-01 13:30,supplier_1,supplier,0,599.67,,,,,,,,,,,,,75,hitl
318,2026-06-01 13:30,farm_1,farm,0,,620.0,0.035,,,,,,,,,,,75,hitl
318,2026-06-01 13:30,slaughterhouse_1,slaughterhouse,1,,,,175.0,400.0,,,,,,,,,75,hitl
318,2026-06-01 13:30,wholesaler_1,wholesaler,1,,,,,,0.0,5.865,,,,,,,75,hitl
318,2026-06-01 13:30,retail_1,retail,1,,,,,,,,0.0,33.0,1.0,11.0,3.58,45.9642,75,hitl
319,2026-06-01 13:45,supplier_1,supplier,0,598.49,,,,,,,,,,,,,75,hitl
319,2026-06-01 13:45,farm_1,farm,0,,620.0,0.035,,,,,,,,,,,75,hitl
319,2026-06-01 13:45,slaughterhouse_1,slaughterhouse,1,,,,175.0,400.0,,,,,,,,,75,hitl
319,2026-06-01 13:45,wholesaler_1,wholesaler,1,,,,,,0.0,5.865,,,,,,,75,hitl
319,2026-06-01 13:45,retail_1,retail,1,,,,,,,,0.0,33.0,1.0,11.25,3.58,45.9642,75,hitl
320,2026-06-01 14:00,supplier_1,supplier,0,597.06,,,,,,,,,,,,,75,hitl
320,2026-06-01 14:00,farm_1,farm,0,,620.0,0.035,,,,,,,,,,,75,hitl
320,2026-06-01 14:00,slaughterhouse_1,slaughterhouse,1,,,,175.0,395.68,,,,,,,,,75,hitl
320,2026-06-01 14:00,wholesaler_1,wholesaler,1,,,,,,0.0,5.865,,,,,,,75,hitl
320,2026-06-01 14:00,retail_1,retail,1,,,,,,,,0.0,33.0,1.0,11.5,3.58,45.9642,75,hitl
321,2026-06-01 14:15,supplier_1,supplier,0,596.02,,,,,,,,,,,,,75,hitl
321,2026-06-01 14:15,farm_1,farm,0,,620.0,0.035,,,,,,,,,,,75,hitl
321,2026-06-01 14:15,slaughterhouse_1,slaughterhouse,1,,,,175.0,400.0,,,,,,,,,75,hitl
321,2026-06-01 14:15,wholesaler_1,wholesaler,1,,,,,,4.32,5.865,,,,,,,75,hitl
321,2026-06-01 14:15,retail_1,retail,1,,,,,,,,0.0,33.0,1.0,11.75,3.58,45.9642,75,hitl
322,2026-06-01 14:30,supplier_1,supplier,0,594.73,,,,,,,,,,,,,75,hitl
322,2026-06-01 14:30,farm_1,farm,0,,620.0,0.035,,,,,,,,,,,75,hitl
322,2026-06-01 14:30,slaughterhouse_1,slaughterhouse,1,,,,175.0,400.0,,,,,,,,,75,hitl
322,2026-06-01 14:30,wholesaler_1,wholesaler,1,,,,,,1.41,5.865,,,,,,,75,hitl
322,2026-06-01 14:30,retail_1,retail,1,,,,,,,,0.0,33.0,1.0,12.0,3.58,45.9642,75,hitl
323,2026-06-01 14:45,supplier_1,supplier,0,594.17,,,,,,,,,,,,,75,hitl
323,2026-06-01 14:45,farm_1,farm,0,,620.0,0.035,,,,,,,,,,,75,hitl
323,2026-06-01 14:45,slaughterhouse_1,slaughterhouse,1,,,,175.0,400.0,,,,,,,,,75,hitl
323,2026-06-01 14:45,wholesaler_1,wholesaler,1,,,,,,0.0,5.865,,,,,,,75,hitl
323,2026-06-01 14:45,retail_1,retail,1,,,,,,,,0.0,33.0,1.0,12.25,3.58,45.9642,75,hitl
324,2026-06-01 15:00,supplier_1,supplier,0,593.64,,,,,,,,,,,,,75,hitl
324,2026-06-01 15:00,farm_1,farm,1,,620.0,0.035,,,,,,,,,,,75,hitl
324,2026-06-01 15:00,slaughterhouse_1,slaughterhouse,1,,,,175.0,400.0,,,,,,,,,75,hitl
324,2026-06-01 15:00,wholesaler_1,wholesaler,1,,,,,,0.0,5.865,,,,,,,75,hitl
324,2026-06-01 15:00,retail_1,retail,1,,,,,,,,0.0,33.0,1.0,12.5,3.58,45.9642,75,hitl
325,2026-06-01 15:15,supplier_1,supplier,0,593.1,,,,,,,,,,,,,75,hitl
325,2026-06-01 15:15,farm_1,farm,1,,620.0,0.035,,,,,,,,,,,75,hitl
325,2026-06-01 15:15,slaughterhouse_1,slaughterhouse,1,,,,175.0,400.0,,,,,,,,,75,hitl
325,2026-06-01 15:15,wholesaler_1,wholesaler,1,,,,,,0.0,5.865,,,,,,,75,hitl
325,2026-06-01 15:15,retail_1,retail,1,,,,,,,,0.0,33.0,1.0,12.75,3.58,45.9642,75,hitl
326,2026-06-01 15:30,supplier_1,supplier,0,592.08,,,,,,,,,,,,,75,hitl
326,2026-06-01 15:30,farm_1,farm,1,,620.0,0.035,,,,,,,,,,,75,hitl
326,2026-06-01 15:30,slaughterhouse_1,slaughterhouse,1,,,,175.0,400.0,,,,,,,,,75,hitl
326,2026-06-01 15:30,wholesaler_1,wholesaler,1,,,,,,0.0,5.865,,,,,,,75,hitl
326,2026-06-01 15:30,retail_1,retail,1,,,,,,,,0.0,33.0,1.0,13.0,3.58,45.9642,75,hitl
327,2026-06-01 15:45,supplier_1,supplier,0,590.72,,,,,,,,,,,,,75,hitl
327,2026-06-01 15:45,farm_1,farm,1,,620.0,0.035,,,,,,,,,,,75,hitl
327,2026-06-01 15:45,slaughterhouse_1,slaughterhouse,1,,,,175.0,400.0,,,,,,,,,75,hitl
327,2026-06-01 15:45,wholesaler_1,wholesaler,1,,,,,,0.0,5.865,,,,,,,75,hitl
327,2026-06-01 15:45,retail_1,retail,1,,,,,,,,0.0,33.0,1.0,13.25,3.58,45.9642,75,hitl
328,2026-06-01 16:00,supplier_1,supplier,0,589.35,,,,,,,,,,,,,75,hitl
328,2026-06-01 16:00,farm_1,farm,1,,620.0,0.035,,,,,,,,,,,75,hitl
328,2026-06-01 16:00,slaughterhouse_1,slaughterhouse,1,,,,175.0,395.68,,,,,,,,,75,hitl
328,2026-06-01 16:00,wholesaler_1,wholesaler,1,,,,,,0.0,5.865,,,,,,,75,hitl
328,2026-06-01 16:00,retail_1,retail,1,,,,,,,,0.0,33.0,1.0,13.5,3.58,45.9642,75,hitl
329,2026-06-01 16:15,supplier_1,supplier,0,588.02,,,,,,,,,,,,,75,hitl
329,2026-06-01 16:15,farm_1,farm,1,,620.0,0.035,,,,,,,,,,,75,hitl
329,2026-06-01 16:15,slaughterhouse_1,slaughterhouse,1,,,,175.0,400.0,,,,,,,,,75,hitl
329,2026-06-01 16:15,wholesaler_1,wholesaler,1,,,,,,4.32,5.865,,,,,,,75,hitl
329,2026-06-01 16:15,retail_1,retail,1,,,,,,,,0.0,33.0,1.0,13.75,3.58,45.9642,75,hitl
330,2026-06-01 16:30,supplier_1,supplier,0,587.26,,,,,,,,,,,,,75,hitl
330,2026-06-01 16:30,farm_1,farm,1,,620.0,0.035,,,,,,,,,,,75,hitl
330,2026-06-01 16:30,slaughterhouse_1,slaughterhouse,1,,,,175.0,400.0,,,,,,,,,75,hitl
330,2026-06-01 16:30,wholesaler_1,wholesaler,1,,,,,,1.89,5.865,,,,,,,75,hitl
330,2026-06-01 16:30,retail_1,retail,1,,,,,,,,0.0,33.0,1.0,14.0,3.58,45.9642,75,hitl
331,2026-06-01 16:45,supplier_1,supplier,0,586.64,,,,,,,,,,,,,75,hitl
331,2026-06-01 16:45,farm_1,farm,1,,620.0,0.035,,,,,,,,,,,75,hitl
331,2026-06-01 16:45,slaughterhouse_1,slaughterhouse,1,,,,175.0,400.0,,,,,,,,,75,hitl
331,2026-06-01 16:45,wholesaler_1,wholesaler,1,,,,,,0.0,5.865,,,,,,,75,hitl
331,2026-06-01 16:45,retail_1,retail,1,,,,,,,,0.0,33.0,1.0,14.25,3.58,45.9642,75,hitl
332,2026-06-01 17:00,supplier_1,supplier,0,585.15,,,,,,,,,,,,,75,hitl
332,2026-06-01 17:00,farm_1,farm,1,,620.0,0.035,,,,,,,,,,,75,hitl
332,2026-06-01 17:00,slaughterhouse_1,slaughterhouse,1,,,,175.0,400.0,,,,,,,,,75,hitl
332,2026-06-01 17:00,wholesaler_1,wholesaler,1,,,,,,0.0,5.865,,,,,,,75,hitl
332,2026-06-01 17:00,retail_1,retail,1,,,,,,,,0.0,33.0,1.0,14.5,3.58,45.9642,75,hitl
333,2026-06-01 17:15,supplier_1,supplier,0,584.03,,,,,,,,,,,,,75,hitl
333,2026-06-01 17:15,farm_1,farm,1,,620.0,0.035,,,,,,,,,,,75,hitl
333,2026-06-01 17:15,slaughterhouse_1,slaughterhouse,1,,,,175.0,400.0,,,,,,,,,75,hitl
333,2026-06-01 17:15,wholesaler_1,wholesaler,1,,,,,,0.0,5.865,,,,,,,75,hitl
333,2026-06-01 17:15,retail_1,retail,1,,,,,,,,0.0,33.0,1.0,14.75,3.58,45.9642,75,hitl
334,2026-06-01 17:30,supplier_1,supplier,0,582.74,,,,,,,,,,,,,75,hitl
334,2026-06-01 17:30,farm_1,farm,1,,620.0,0.035,,,,,,,,,,,75,hitl
334,2026-06-01 17:30,slaughterhouse_1,slaughterhouse,1,,,,175.0,400.0,,,,,,,,,75,hitl
334,2026-06-01 17:30,wholesaler_1,wholesaler,1,,,,,,0.0,5.865,,,,,,,75,hitl
334,2026-06-01 17:30,retail_1,retail,1,,,,,,,,0.0,33.0,1.0,15.0,3.58,45.9642,75,hitl
335,2026-06-01 17:45,supplier_1,supplier,0,581.78,,,,,,,,,,,,,75,hitl
335,2026-06-01 17:45,farm_1,farm,1,,620.0,0.035,,,,,,,,,,,75,hitl
335,2026-06-01 17:45,slaughterhouse_1,slaughterhouse,1,,,,175.0,400.0,,,,,,,,,75,hitl
335,2026-06-01 17:45,wholesaler_1,wholesaler,1,,,,,,0.0,5.865,,,,,,,75,hitl
335,2026-06-01 17:45,retail_1,retail,1,,,,,,,,0.0,33.0,1.0,15.25,3.58,45.9642,75,hitl
336,2026-06-01 18:00,supplier_1,supplier,0,580.86,,,,,,,,,,,,,75,hitl
336,2026-06-01 18:00,farm_1,farm,1,,620.0,0.035,,,,,,,,,,,75,hitl
336,2026-06-01 18:00,slaughterhouse_1,slaughterhouse,1,,,,175.0,395.68,,,,,,,,,75,hitl
336,2026-06-01 18:00,wholesaler_1,wholesaler,1,,,,,,0.0,5.865,,,,,,,75,hitl
336,2026-06-01 18:00,retail_1,retail,1,,,,,,,,0.0,33.0,1.0,15.5,3.58,45.9642,75,hitl
337,2026-06-01 18:15,supplier_1,supplier,0,579.65,,,,,,,,,,,,,75,hitl
337,2026-06-01 18:15,farm_1,farm,1,,620.0,0.035,,,,,,,,,,,75,hitl
337,2026-06-01 18:15,slaughterhouse_1,slaughterhouse,1,,,,175.0,400.0,,,,,,,,,75,hitl
337,2026-06-01 18:15,wholesaler_1,wholesaler,1,,,,,,4.32,5.865,,,,,,,75,hitl
337,2026-06-01 18:15,retail_1,retail,1,,,,,,,,0.0,33.0,1.0,15.75,3.58,45.9642,75,hitl
338,2026-06-01 18:30,supplier_1,supplier,0,578.77,,,,,,,,,,,,,75,hitl
338,2026-06-01 18:30,farm_1,farm,1,,620.0,0.035,,,,,,,,,,,75,hitl
338,2026-06-01 18:30,slaughterhouse_1,slaughterhouse,1,,,,175.0,400.0,,,,,,,,,75,hitl
338,2026-06-01 18:30,wholesaler_1,wholesaler,1,,,,,,1.65,5.865,,,,,,,75,hitl
338,2026-06-01 18:30,retail_1,retail,1,,,,,,,,0.0,33.0,1.0,16.0,3.58,45.9642,75,hitl
339,2026-06-01 18:45,supplier_1,supplier,0,577.71,,,,,,,,,,,,,75,hitl
339,2026-06-01 18:45,farm_1,farm,1,,620.0,0.035,,,,,,,,,,,75,hitl
339,2026-06-01 18:45,slaughterhouse_1,slaughterhouse,1,,,,175.0,400.0,,,,,,,,,75,hitl
339,2026-06-01 18:45,wholesaler_1,wholesaler,1,,,,,,0.0,5.865,,,,,,,75,hitl
339,2026-06-01 18:45,retail_1,retail,1,,,,,,,,0.0,33.0,1.0,16.25,3.58,45.9642,75,hitl
340,2026-06-01 19:00,supplier_1,supplier,0,576.46,,,,,,,,,,,,,75,hitl
340,2026-06-01 19:00,farm_1,farm,1,,620.0,0.035,,,,,,,,,,,75,hitl
340,2026-06-01 19:00,slaughterhouse_1,slaughterhouse,1,,,,175.0,400.0,,,,,,,,,75,hitl
340,2026-06-01 19:00,wholesaler_1,wholesaler,1,,,,,,0.0,5.865,,,,,,,75,hitl
340,2026-06-01 19:00,retail_1,retail,1,,,,,,,,0.0,33.0,1.0,16.5,3.58,45.9642,75,hitl
341,2026-06-01 19:15,supplier_1,supplier,0,575.25,,,,,,,,,,,,,75,hitl
341,2026-06-01 19:15,farm_1,farm,1,,620.0,0.035,,,,,,,,,,,75,hitl
341,2026-06-01 19:15,slaughterhouse_1,slaughterhouse,1,,,,175.0,400.0,,,,,,,,,75,hitl
341,2026-06-01 19:15,wholesaler_1,wholesaler,1,,,,,,0.0,5.865,,,,,,,75,hitl
341,2026-06-01 19:15,retail_1,retail,1,,,,,,,,0.0,33.0,1.0,16.75,3.58,45.9642,75,hitl
342,2026-06-01 19:30,supplier_1,supplier,0,573.87,,,,,,,,,,,,,75,hitl
342,2026-06-01 19:30,farm_1,farm,1,,620.0,0.035,,,,,,,,,,,75,hitl
342,2026-06-01 19:30,slaughterhouse_1,slaughterhouse,1,,,,175.0,400.0,,,,,,,,,75,hitl
342,2026-06-01 19:30,wholesaler_1,wholesaler,1,,,,,,0.0,5.865,,,,,,,75,hitl
342,2026-06-01 19:30,retail_1,retail,1,,,,,,,,0.0,33.0,1.0,17.0,3.58,45.9642,75,hitl
343,2026-06-01 19:45,supplier_1,supplier,0,572.58,,,,,,,,,,,,,75,hitl
343,2026-06-01 19:45,farm_1,farm,1,,620.0,0.035,,,,,,,,,,,75,hitl
343,2026-06-01 19:45,slaughterhouse_1,slaughterhouse,1,,,,175.0,400.0,,,,,,,,,75,hitl
343,2026-06-01 19:45,wholesaler_1,wholesaler,1,,,,,,0.0,5.865,,,,,,,75,hitl
343,2026-06-01 19:45,retail_1,retail,1,,,,,,,,0.0,33.0,1.0,17.25,3.58,45.9642,75,hitl
344,2026-06-01 20:00,supplier_1,supplier,0,571.62,,,,,,,,,,,,,75,hitl
344,2026-06-01 20:00,farm_1,farm,1,,620.0,0.035,,,,,,,,,,,75,hitl
344,2026-06-01 20:00,slaughterhouse_1,slaughterhouse,1,,,,175.0,395.68,,,,,,,,,75,hitl
344,2026-06-01 20:00,wholesaler_1,wholesaler,1,,,,,,0.0,5.865,,,,,,,75,hitl
344,2026-06-01 20:00,retail_1,retail,1,,,,,,,,0.0,33.0,1.0,17.5,3.58,45.9642,75,hitl
345,2026-06-01 20:15,supplier_1,supplier,0,570.19,,,,,,,,,,,,,75,hitl
345,2026-06-01 20:15,farm_1,farm,1,,620.0,0.035,,,,,,,,,,,75,hitl
345,2026-06-01 20:15,slaughterhouse_1,slaughterhouse,1,,,,175.0,400.0,,,,,,,,,75,hitl
345,2026-06-01 20:15,wholesaler_1,wholesaler,1,,,,,,4.32,5.865,,,,,,,75,hitl
345,2026-06-01 20:15,retail_1,retail,1,,,,,,,,0.0,33.0,1.0,17.75,3.58,45.9642,75,hitl
346,2026-06-01 20:30,supplier_1,supplier,0,569.59,,,,,,,,,,,,,75,hitl
346,2026-06-01 20:30,farm_1,farm,1,,620.0,0.035,,,,,,,,,,,75,hitl
346,2026-06-01 20:30,slaughterhouse_1,slaughterhouse,1,,,,175.0,400.0,,,,,,,,,75,hitl
346,2026-06-01 20:30,wholesaler_1,wholesaler,1,,,,,,2.45,5.865,,,,,,,75,hitl
346,2026-06-01 20:30,retail_1,retail,1,,,,,,,,0.0,33.0,1.0,18.0,3.58,45.9642,75,hitl
347,2026-06-01 20:45,supplier_1,supplier,0,568.57,,,,,,,,,,,,,75,hitl
347,2026-06-01 20:45,farm_1,farm,1,,620.0,0.035,,,,,,,,,,,75,hitl
347,2026-06-01 20:45,slaughterhouse_1,slaughterhouse,1,,,,175.0,400.0,,,,,,,,,75,hitl
347,2026-06-01 20:45,wholesaler_1,wholesaler,1,,,,,,0.0,5.865,,,,,,,75,hitl
347,2026-06-01 20:45,retail_1,retail,1,,,,,,,,0.0,33.0,1.0,18.25,3.58,45.9642,75,hitl
348,2026-06-01 21:00,supplier_1,supplier,0,567.75,,,,,,,,,,,,,75,hitl
348,2026-06-01 21:00,farm_1,farm,1,,620.0,0.035,,,,,,,,,,,75,hitl
348,2026-06-01 21:00,slaughterhouse_1,slaughterhouse,1,,,,175.0,400.0,,,,,,,,,75,hitl
348,2026-06-01 21:00,wholesaler_1,wholesaler,1,,,,,,0.0,5.865,,,,,,,75,hitl
348,2026-06-01 21:00,retail_1,retail,1,,,,,,,,0.0,33.0,1.0,18.5,3.58,45.9642,75,hitl
349,2026-06-01 21:15,supplier_1,supplier,0,567.07,,,,,,,,,,,,,75,hitl
349,2026-06-01 21:15,farm_1,farm,1,,620.0,0.035,,,,,,,,,,,75,hitl
349,2026-06-01 21:15,slaughterhouse_1,slaughterhouse,1,,,,175.0,400.0,,,,,,,,,75,hitl
349,2026-06-01 21:15,wholesaler_1,wholesaler,1,,,,,,0.0,5.865,,,,,,,75,hitl
349,2026-06-01 21:15,retail_1,retail,1,,,,,,,,0.0,33.0,1.0,18.75,3.58,45.9642,75,hitl
350,2026-06-01 21:30,supplier_1,supplier,0,566.29,,,,,,,,,,,,,75,hitl
350,2026-06-01 21:30,farm_1,farm,1,,620.0,0.035,,,,,,,,,,,75,hitl
350,2026-06-01 21:30,slaughterhouse_1,slaughterhouse,1,,,,175.0,400.0,,,,,,,,,75,hitl
350,2026-06-01 21:30,wholesaler_1,wholesaler,1,,,,,,0.0,5.865,,,,,,,75,hitl
350,2026-06-01 21:30,retail_1,retail,1,,,,,,,,0.0,33.0,1.0,19.0,3.58,45.9642,75,hitl
351,2026-06-01 21:45,supplier_1,supplier,0,565.08,,,,,,,,,,,,,75,hitl
351,2026-06-01 21:45,farm_1,farm,1,,620.0,0.035,,,,,,,,,,,75,hitl
351,2026-06-01 21:45,slaughterhouse_1,slaughterhouse,1,,,,175.0,400.0,,,,,,,,,75,hitl
351,2026-06-01 21:45,wholesaler_1,wholesaler,1,,,,,,0.0,5.865,,,,,,,75,hitl
351,2026-06-01 21:45,retail_1,retail,1,,,,,,,,0.0,33.0,1.0,19.25,3.58,45.9642,75,hitl
352,2026-06-01 22:00,supplier_1,supplier,0,564.33,,,,,,,,,,,,,75,hitl
352,2026-06-01 22:00,farm_1,farm,1,,620.0,0.035,,,,,,,,,,,75,hitl
352,2026-06-01 22:00,slaughterhouse_1,slaughterhouse,1,,,,175.0,395.68,,,,,,,,,75,hitl
352,2026-06-01 22:00,wholesaler_1,wholesaler,1,,,,,,0.0,5.865,,,,,,,75,hitl
352,2026-06-01 22:00,retail_1,retail,1,,,,,,,,0.0,33.0,1.0,19.5,3.58,45.9642,75,hitl
353,2026-06-01 22:15,supplier_1,supplier,0,563.05,,,,,,,,,,,,,75,hitl
353,2026-06-01 22:15,farm_1,farm,1,,620.0,0.035,,,,,,,,,,,75,hitl
353,2026-06-01 22:15,slaughterhouse_1,slaughterhouse,1,,,,175.0,400.0,,,,,,,,,75,hitl
353,2026-06-01 22:15,wholesaler_1,wholesaler,1,,,,,,4.32,5.865,,,,,,,75,hitl
353,2026-06-01 22:15,retail_1,retail,1,,,,,,,,0.0,33.0,1.0,19.75,3.58,45.9642,75,hitl
354,2026-06-01 22:30,supplier_1,supplier,0,562.13,,,,,,,,,,,,,75,hitl
354,2026-06-01 22:30,farm_1,farm,1,,620.0,0.035,,,,,,,,,,,75,hitl
354,2026-06-01 22:30,slaughterhouse_1,slaughterhouse,1,,,,175.0,400.0,,,,,,,,,75,hitl
354,2026-06-01 22:30,wholesaler_1,wholesaler,1,,,,,,1.98,5.865,,,,,,,75,hitl
354,2026-06-01 22:30,retail_1,retail,1,,,,,,,,0.0,33.0,1.0,20.0,3.58,45.9642,75,hitl
355,2026-06-01 22:45,supplier_1,supplier,0,561.49,,,,,,,,,,,,,75,hitl
355,2026-06-01 22:45,farm_1,farm,1,,620.0,0.035,,,,,,,,,,,75,hitl
355,2026-06-01 22:45,slaughterhouse_1,slaughterhouse,1,,,,175.0,400.0,,,,,,,,,75,hitl
355,2026-06-01 22:45,wholesaler_1,wholesaler,1,,,,,,0.34,5.865,,,,,,,75,hitl
355,2026-06-01 22:45,retail_1,retail,1,,,,,,,,0.0,33.0,1.0,20.25,3.58,45.9642,75,hitl
356,2026-06-01 23:00,supplier_1,supplier,0,560.97,,,,,,,,,,,,,75,hitl
356,2026-06-01 23:00,farm_1,farm,1,,620.0,0.035,,,,,,,,,,,75,hitl
356,2026-06-01 23:00,slaughterhouse_1,slaughterhouse,1,,,,175.0,400.0,,,,,,,,,75,hitl
356,2026-06-01 23:00,wholesaler_1,wholesaler,1,,,,,,0.0,5.865,,,,,,,75,hitl
356,2026-06-01 23:00,retail_1,retail,1,,,,,,,,0.0,33.0,1.0,20.5,3.58,45.9642,75,hitl
357,2026-06-01 23:15,supplier_1,supplier,0,559.85,,,,,,,,,,,,,75,hitl
357,2026-06-01 23:15,farm_1,farm,1,,620.0,0.035,,,,,,,,,,,75,hitl
357,2026-06-01 23:15,slaughterhouse_1,slaughterhouse,1,,,,175.0,400.0,,,,,,,,,75,hitl
357,2026-06-01 23:15,wholesaler_1,wholesaler,1,,,,,,0.0,5.865,,,,,,,75,hitl
357,2026-06-01 23:15,retail_1,retail,1,,,,,,,,0.0,33.0,1.0,20.75,3.58,45.9642,75,hitl
358,2026-06-01 23:30,supplier_1,supplier,0,558.61,,,,,,,,,,,,,75,hitl
358,2026-06-01 23:30,farm_1,farm,1,,620.0,0.035,,,,,,,,,,,75,hitl
358,2026-06-01 23:30,slaughterhouse_1,slaughterhouse,1,,,,175.0,400.0,,,,,,,,,75,hitl
358,2026-06-01 23:30,wholesaler_1,wholesaler,1,,,,,,0.0,5.865,,,,,,,75,hitl
358,2026-06-01 23:30,retail_1,retail,1,,,,,,,,0.0,33.0,1.0,21.0,3.58,45.9642,75,hitl
359,2026-06-01 23:45,supplier_1,supplier,0,557.86,,,,,,,,,,,,,75,hitl
359,2026-06-01 23:45,farm_1,farm,1,,620.0,0.035,,,,,,,,,,,75,hitl
359,2026-06-01 23:45,slaughterhouse_1,slaughterhouse,1,,,,175.0,400.0,,,,,,,,,75,hitl
359,2026-06-01 23:45,wholesaler_1,wholesaler,1,,,,,,0.0,5.865,,,,,,,75,hitl
359,2026-06-01 23:45,retail_1,retail,1,,,,,,,,0.0,33.0,1.0,21.25,3.58,45.9642,75,hitl
360,2026-06-02 00:00,supplier_1,supplier,0,556.73,,,,,,,,,,,,,75,hitl
360,2026-06-02 00:00,farm_1,farm,0,,620.0,0.035,,,,,,,,,,,75,hitl
360,2026-06-02 00:00,slaughterhouse_1,slaughterhouse,1,,,,175.0,395.68,,,,,,,,,75,hitl
360,2026-06-02 00:00,wholesaler_1,wholesaler,1,,,,,,0.0,2.9325,,,,,,,75,hitl
360,2026-06-02 00:00,retail_1,retail,1,,,,,,,,0.0,35.6136,1.0,21.5,3.58,69.738,75,hitl
361,2026-06-02 00:15,supplier_1,supplier,0,555.32,,,,,,,,,,,,,75,hitl
361,2026-06-02 00:15,farm_1,farm,0,,620.0,0.035,,,,,,,,,,,75,hitl
361,2026-06-02 00:15,slaughterhouse_1,slaughterhouse,1,,,,175.0,400.0,,,,,,,,,75,hitl
361,2026-06-02 00:15,wholesaler_1,wholesaler,1,,,,,,4.32,2.9325,,,,,,,75,hitl
361,2026-06-02 00:15,retail_1,retail,1,,,,,,,,0.0,35.6136,1.0,21.75,3.58,69.738,75,hitl
362,2026-06-02 00:30,supplier_1,supplier,0,554.52,,,,,,,,,,,,,75,hitl
362,2026-06-02 00:30,farm_1,farm,0,,620.0,0.035,,,,,,,,,,,75,hitl
362,2026-06-02 00:30,slaughterhouse_1,slaughterhouse,1,,,,175.0,400.0,,,,,,,,,75,hitl
362,2026-06-02 00:30,wholesaler_1,wholesaler,1,,,,,,2.65,2.9325,,,,,,,75,hitl
362,2026-06-02 00:30,retail_1,retail,1,,,,,,,,0.0,35.6136,1.0,22.0,3.58,69.738,75,hitl
363,2026-06-02 00:45,supplier_1,supplier,0,553.78,,,,,,,,,,,,,75,hitl
363,2026-06-02 00:45,farm_1,farm,0,,620.0,0.035,,,,,,,,,,,75,hitl
363,2026-06-02 00:45,slaughterhouse_1,slaughterhouse,1,,,,175.0,400.0,,,,,,,,,75,hitl
363,2026-06-02 00:45,wholesaler_1,wholesaler,1,,,,,,1.08,2.9325,,,,,,,75,hitl
363,2026-06-02 00:45,retail_1,retail,1,,,,,,,,0.0,35.6136,1.0,22.25,3.58,69.738,75,hitl
364,2026-06-02 01:00,supplier_1,supplier,0,553.05,,,,,,,,,,,,,75,hitl
364,2026-06-02 01:00,farm_1,farm,0,,620.0,0.035,,,,,,,,,,,75,hitl
364,2026-06-02 01:00,slaughterhouse_1,slaughterhouse,0,,,,372.0,222.36,,,,,,,,,75,hitl
364,2026-06-02 01:00,wholesaler_1,wholesaler,1,,,,,,0.0,2.9325,,,,,,,75,hitl
364,2026-06-02 01:00,retail_1,retail,1,,,,,,,,0.0,35.6136,1.0,22.5,3.58,69.738,75,hitl
365,2026-06-02 01:15,supplier_1,supplier,0,552.03,,,,,,,,,,,,,75,hitl
365,2026-06-02 01:15,farm_1,farm,0,,620.0,0.035,,,,,,,,,,,75,hitl
365,2026-06-02 01:15,slaughterhouse_1,slaughterhouse,0,,,,372.0,233.0,,,,,,,,,75,hitl
365,2026-06-02 01:15,wholesaler_1,wholesaler,1,,,,,,0.0,2.9325,,,,,,,75,hitl
365,2026-06-02 01:15,retail_1,retail,1,,,,,,,,0.0,35.6136,1.0,22.75,3.58,69.738,75,hitl
366,2026-06-02 01:30,supplier_1,supplier,0,551.29,,,,,,,,,,,,,75,hitl
366,2026-06-02 01:30,farm_1,farm,0,,620.0,0.035,,,,,,,,,,,75,hitl
366,2026-06-02 01:30,slaughterhouse_1,slaughterhouse,0,,,,372.0,244.07,,,,,,,,,75,hitl
366,2026-06-02 01:30,wholesaler_1,wholesaler,1,,,,,,0.0,2.9325,,,,,,,75,hitl
366,2026-06-02 01:30,retail_1,retail,1,,,,,,,,0.0,35.6136,1.0,23.0,3.58,69.738,75,hitl
367,2026-06-02 01:45,supplier_1,supplier,0,549.99,,,,,,,,,,,,,75,hitl
367,2026-06-02 01:45,farm_1,farm,0,,620.0,0.035,,,,,,,,,,,75,hitl
367,2026-06-02 01:45,slaughterhouse_1,slaughterhouse,0,,,,372.0,254.11,,,,,,,,,75,hitl
367,2026-06-02 01:45,wholesaler_1,wholesaler,1,,,,,,0.0,2.9325,,,,,,,75,hitl
367,2026-06-02 01:45,retail_1,retail,1,,,,,,,,0.0,35.6136,1.0,23.25,3.58,69.738,75,hitl
368,2026-06-02 02:00,supplier_1,supplier,0,548.68,,,,,,,,,,,,,75,hitl
368,2026-06-02 02:00,farm_1,farm,0,,620.0,0.035,,,,,,,,,,,75,hitl
368,2026-06-02 02:00,slaughterhouse_1,slaughterhouse,0,,,,372.0,240.0,,,,,,,,,75,hitl
368,2026-06-02 02:00,wholesaler_1,wholesaler,1,,,,,,0.0,2.9325,,,,,,,75,hitl
368,2026-06-02 02:00,retail_1,retail,1,,,,,,,,0.0,35.6136,1.0,23.5,3.58,69.738,75,hitl
369,2026-06-02 02:15,supplier_1,supplier,0,547.34,,,,,,,,,,,,,75,hitl
369,2026-06-02 02:15,farm_1,farm,0,,620.0,0.035,,,,,,,,,,,75,hitl
369,2026-06-02 02:15,slaughterhouse_1,slaughterhouse,0,,,,372.0,250.32,,,,,,,,,75,hitl
369,2026-06-02 02:15,wholesaler_1,wholesaler,1,,,,,,24.0,2.9325,,,,,,,75,hitl
369,2026-06-02 02:15,retail_1,retail,1,,,,,,,,0.0,35.6136,1.0,23.75,3.58,69.738,75,hitl
370,2026-06-02 02:30,supplier_1,supplier,0,546.46,,,,,,,,,,,,,75,hitl
370,2026-06-02 02:30,farm_1,farm,0,,620.0,0.035,,,,,,,,,,,75,hitl
370,2026-06-02 02:30,slaughterhouse_1,slaughterhouse,0,,,,372.0,260.47,,,,,,,,,75,hitl
370,2026-06-02 02:30,wholesaler_1,wholesaler,1,,,,,,21.83,2.9325,,,,,,,75,hitl
370,2026-06-02 02:30,retail_1,retail,1,,,,,,,,0.0,35.6136,1.0,24.0,3.58,69.738,75,hitl
371,2026-06-02 02:45,supplier_1,supplier,0,545.23,,,,,,,,,,,,,75,hitl
371,2026-06-02 02:45,farm_1,farm,0,,620.0,0.035,,,,,,,,,,,75,hitl
371,2026-06-02 02:45,slaughterhouse_1,slaughterhouse,0,,,,372.0,271.57,,,,,,,,,75,hitl
371,2026-06-02 02:45,wholesaler_1,wholesaler,1,,,,,,19.01,2.9325,,,,,,,75,hitl
371,2026-06-02 02:45,retail_1,retail,1,,,,,,,,0.0,35.6136,1.0,24.25,3.58,69.738,75,hitl
372,2026-06-02 03:00,supplier_1,supplier,0,544.03,,,,,,,,,,,,,75,hitl
372,2026-06-02 03:00,farm_1,farm,0,,620.0,0.035,,,,,,,,,,,75,hitl
372,2026-06-02 03:00,slaughterhouse_1,slaughterhouse,0,,,,372.0,281.75,,,,,,,,,75,hitl
372,2026-06-02 03:00,wholesaler_1,wholesaler,1,,,,,,16.63,2.9325,,,,,,,75,hitl
372,2026-06-02 03:00,retail_1,retail,1,,,,,,,,0.0,35.6136,1.0,24.5,3.58,69.738,75,hitl
373,2026-06-02 03:15,supplier_1,supplier,0,542.87,,,,,,,,,,,,,75,hitl
373,2026-06-02 03:15,farm_1,farm,0,,620.0,0.035,,,,,,,,,,,75,hitl
373,2026-06-02 03:15,slaughterhouse_1,slaughterhouse,0,,,,372.0,292.27,,,,,,,,,75,hitl
373,2026-06-02 03:15,wholesaler_1,wholesaler,1,,,,,,14.79,2.9325,,,,,,,75,hitl
373,2026-06-02 03:15,retail_1,retail,1,,,,,,,,0.0,35.6136,1.0,24.75,3.58,69.738,75,hitl
374,2026-06-02 03:30,supplier_1,supplier,0,541.54,,,,,,,,,,,,,75,hitl
374,2026-06-02 03:30,farm_1,farm,0,,620.0,0.035,,,,,,,,,,,75,hitl
374,2026-06-02 03:30,slaughterhouse_1,slaughterhouse,0,,,,372.0,302.07,,,,,,,,,75,hitl
374,2026-06-02 03:30,wholesaler_1,wholesaler,1,,,,,,12.49,2.9325,,,,,,,75,hitl
374,2026-06-02 03:30,retail_1,retail,1,,,,,,,,0.0,35.6136,1.0,25.0,3.58,69.738,75,hitl
375,2026-06-02 03:45,supplier_1,supplier,0,541.0,,,,,,,,,,,,,75,hitl
375,2026-06-02 03:45,farm_1,farm,0,,620.0,0.035,,,,,,,,,,,75,hitl
375,2026-06-02 03:45,slaughterhouse_1,slaughterhouse,0,,,,372.0,312.77,,,,,,,,,75,hitl
375,2026-06-02 03:45,wholesaler_1,wholesaler,1,,,,,,10.98,2.9325,,,,,,,75,hitl
375,2026-06-02 03:45,retail_1,retail,1,,,,,,,,0.0,35.6136,1.0,25.25,3.58,69.738,75,hitl
376,2026-06-02 04:00,supplier_1,supplier,0,540.13,,,,,,,,,,,,,75,hitl
376,2026-06-02 04:00,farm_1,farm,0,,620.0,0.035,,,,,,,,,,,75,hitl
376,2026-06-02 04:00,slaughterhouse_1,slaughterhouse,0,,,,372.0,299.77,,,,,,,,,75,hitl
376,2026-06-02 04:00,wholesaler_1,wholesaler,1,,,,,,8.32,2.9325,,,,,,,75,hitl
376,2026-06-02 04:00,retail_1,retail,1,,,,,,,,0.0,35.6136,1.0,25.5,3.58,69.738,75,hitl
377,2026-06-02 04:15,supplier_1,supplier,0,538.8,,,,,,,,,,,,,75,hitl
377,2026-06-02 04:15,farm_1,farm,0,,620.0,0.035,,,,,,,,,,,75,hitl
377,2026-06-02 04:15,slaughterhouse_1,slaughterhouse,0,,,,372.0,309.56,,,,,,,,,75,hitl
377,2026-06-02 04:15,wholesaler_1,wholesaler,1,,,,,,30.08,2.9325,,,,,,,75,hitl
377,2026-06-02 04:15,retail_1,retail,1,,,,,,,,0.0,35.6136,1.0,25.75,3.58,69.738,75,hitl
378,2026-06-02 04:30,supplier_1,supplier,0,537.6,,,,,,,,,,,,,75,hitl
378,2026-06-02 04:30,farm_1,farm,0,,620.0,0.035,,,,,,,,,,,75,hitl
378,2026-06-02 04:30,slaughterhouse_1,slaughterhouse,0,,,,372.0,320.13,,,,,,,,,75,hitl
378,2026-06-02 04:30,wholesaler_1,wholesaler,1,,,,,,28.42,2.9325,,,,,,,75,hitl
378,2026-06-02 04:30,retail_1,retail,1,,,,,,,,0.0,35.6136,1.0,26.0,3.58,69.738,75,hitl
379,2026-06-02 04:45,supplier_1,supplier,0,537.05,,,,,,,,,,,,,75,hitl
379,2026-06-02 04:45,farm_1,farm,0,,620.0,0.035,,,,,,,,,,,75,hitl
379,2026-06-02 04:45,slaughterhouse_1,slaughterhouse,0,,,,372.0,331.05,,,,,,,,,75,hitl
379,2026-06-02 04:45,wholesaler_1,wholesaler,1,,,,,,26.12,2.9325,,,,,,,75,hitl
379,2026-06-02 04:45,retail_1,retail,1,,,,,,,,0.0,35.6136,1.0,26.25,3.58,69.738,75,hitl
380,2026-06-02 05:00,supplier_1,supplier,0,535.56,,,,,,,,,,,,,75,hitl
380,2026-06-02 05:00,farm_1,farm,0,,620.0,0.035,,,,,,,,,,,75,hitl
380,2026-06-02 05:00,slaughterhouse_1,slaughterhouse,0,,,,372.0,341.86,,,,,,,,,75,hitl
380,2026-06-02 05:00,wholesaler_1,wholesaler,1,,,,,,23.96,2.9325,,,,,,,75,hitl
380,2026-06-02 05:00,retail_1,retail,1,,,,,,,,0.0,35.6136,1.0,26.5,3.58,69.738,75,hitl
381,2026-06-02 05:15,supplier_1,supplier,0,534.33,,,,,,,,,,,,,75,hitl
381,2026-06-02 05:15,farm_1,farm,0,,620.0,0.035,,,,,,,,,,,75,hitl
381,2026-06-02 05:15,slaughterhouse_1,slaughterhouse,0,,,,372.0,351.63,,,,,,,,,75,hitl
381,2026-06-02 05:15,wholesaler_1,wholesaler,1,,,,,,21.51,2.9325,,,,,,,75,hitl
381,2026-06-02 05:15,retail_1,retail,1,,,,,,,,0.0,35.6136,1.0,26.75,3.58,69.738,75,hitl
382,2026-06-02 05:30,supplier_1,supplier,0,533.82,,,,,,,,,,,,,75,hitl
382,2026-06-02 05:30,farm_1,farm,0,,620.0,0.035,,,,,,,,,,,75,hitl
382,2026-06-02 05:30,slaughterhouse_1,slaughterhouse,0,,,,372.0,362.33,,,,,,,,,75,hitl
382,2026-06-02 05:30,wholesaler_1,wholesaler,1,,,,,,18.64,2.9325,,,,,,,75,hitl
382,2026-06-02 05:30,retail_1,retail,1,,,,,,,,0.0,35.6136,1.0,27.0,3.58,69.738,75,hitl
383,2026-06-02 05:45,supplier_1,supplier,0,532.41,,,,,,,,,,,,,75,hitl
383,2026-06-02 05:45,farm_1,farm,0,,620.0,0.035,,,,,,,,,,,75,hitl
383,2026-06-02 05:45,slaughterhouse_1,slaughterhouse,0,,,,372.0,372.19,,,,,,,,,75,hitl
383,2026-06-02 05:45,wholesaler_1,wholesaler,1,,,,,,16.2,2.9325,,,,,,,75,hitl
383,2026-06-02 05:45,retail_1,retail,1,,,,,,,,0.0,35.6136,1.0,27.25,3.58,69.738,75,hitl
