tick;timestamp;tier;rule_id;urgency;decision;response_time;modification_factor;n_instructions;rationale;strategy;model_name;provider_name;justification;prompt_sha256;tokens_in;tokens_out;api_latency_ms;parse_ok;timed_out;scenario_id
36;01/01/2026 15:00;farm;R4;normal;modify;0.0106;0.8;1;Given the current production capacity is below 60%, reducing outgoing orders to 80% of actual capacity will help prevent further strain on resources and maintain a stable flock operation.;cot;llama3.1:8b;llama;Given the current production capacity is below 60%, reducing outgoing orders to 80% of actual capacity will help prevent further strain on resources and maintain a stable flock operation.;012d34cb2db4a30393ab602530e427a646a937abede5cc3ef41dc786cd72c559;502;60;3.818.928.050.994.870;TRUE;FALSE;1
36;01/01/2026 15:00;slaughterhouse;R4;normal;modify;0.007;0.8;1;Given the current processing capacity is below threshold, reducing it to 80% as instructed by the coordinator will help prevent potential delays and maintain output stock levels within acceptable limits.;cot;llama3.1:8b;llama;Given the current processing capacity is below threshold, reducing it to 80% as instructed by the coordinator will help prevent potential delays and maintain output stock levels within acceptable limits.;1fc92340fe9f1bab05c58bf37b150211b4a1fd3c0c1f89e926503de30b7529c7;503;60;25.377.589.464.187.600;TRUE;FALSE;1
36;01/01/2026 15:00;retail;R4;normal;accept;0.0072;1.0;1;Given the current retail inventory is below safety stock, and sales rate has exceeded expected levels, it's prudent to accept the coordinator's instruction to add a reorder request of +20 kg to mitigate potential stockout risks.;cot;llama3.1:8b;llama;Given the current retail inventory is below safety stock, and sales rate has exceeded expected levels, it's prudent to accept the coordinator's instruction to add a reorder request of +20 kg to mitigate potential stockout risks.;ddd2d55911c5cce3c4d6d652a55cce5744591cb7d55a59db3c9fbda6b71619a5;483;68;25.843.506.813.049.300;TRUE;FALSE;1
88;02/01/2026 04:00;wholesaler;R8;normal;modify;0.008;0.8;2;The current inventory level is below the threshold, but not critically low. The incoming orders are above capacity, and the delivery schedule is normal. Given the coordinator's instruction to reroute shipments and reduce pending shipments by 15%, I will modify my decision to accept these changes.;cot;llama3.1:8b;llama;The current inventory level is below the threshold, but not critically low. The incoming orders are above capacity, and the delivery schedule is normal. Given the coordinator's instruction to reroute shipments and reduce pending shipments by 15%, I will modify my decision to accept these changes.;fd5a4992d77a3595939c4a912b71db67266ab9e72b8e2dd4ca333b0338c453d6;506;81;2.866.784.715.652.460;TRUE;FALSE;1
88;02/01/2026 04:00;retail;R8;normal;modify;0.0072;0.8;1;Given the current retail inventory of 37.71 kg, which is above the safety stock threshold, and considering the coordinator's instruction to adjust demand_estimate to 95% due to potential disruption, I will modify the demand estimate to account for the expected delay without immediately triggering a stockout flag.;cot;llama3.1:8b;llama;Given the current retail inventory of 37.71 kg, which is above the safety stock threshold, and considering the coordinator's instruction to adjust demand_estimate to 95% due to potential disruption, I will modify the demand estimate to account for the expected delay without immediately triggering a stockout flag.;00e193fe1b0dc8acdce6f9b21ccd2580809de8723aff2f04f9b38d8c94f44b3f;496;85;2.588.523.769.378.660;TRUE;FALSE;1
111;02/01/2026 09:45;slaughterhouse;R9;high;modify;0.0074;0.85;1;Given the high urgency level of the disruption, I will modify our output stock to increase by 15% as instructed by the coordinator. However, considering our current operational constraints, such as low worker availability and near-maximum processing capacity, I will adjust the factor slightly to ensure a more cautious approach.;cot;llama3.1:8b;llama;Given the high urgency level of the disruption, I will modify our output stock to increase by 15% as instructed by the coordinator. However, considering our current operational constraints, such as low worker availability and near-maximum processing capacity, I will adjust the factor slightly to ensure a more cautious approach.;65da64d17da08deb14b5ccb8e0648da04aa5a8481dd7b0ad12d208650ccfdb58;508;86;26.691.945.791.244.500;TRUE;FALSE;1
111;02/01/2026 09:45;wholesaler;R9;high;modify;0.0076;0.85;2;Given the high urgency level of the disruption, I will modify my current inventory allocation to prioritize retail orders as instructed by the coordinator. This decision takes into account our current low inventory levels and the need to focus on critical retail shipments. By modifying our existing shipment schedule, we can ensure that essential products reach their destinations promptly.;cot;llama3.1:8b;llama;Given the high urgency level of the disruption, I will modify my current inventory allocation to prioritize retail orders as instructed by the coordinator. This decision takes into account our current low inventory levels and the need to focus on critical retail shipments. By modifying our existing shipment schedule, we can ensure that essential products reach their destinations promptly.;7e4aeddff850cd5c0798be7921736d16001c37dc57e34bb3a854b0795bb05df6;514;90;27.362.850.427.627.500;TRUE;FALSE;1
111;02/01/2026 09:45;retail;R9;high;accept;0.0075;1.0;2;The current retail inventory is below the safety stock threshold, and the sales rate has exceeded expectations by 150%. The coordinator's instruction to add a reorder request for +30 kg and increase the safety stock by 10% as an emergency buffer is appropriate given the high urgency level of the disruption.;cot;llama3.1:8b;llama;The current retail inventory is below the safety stock threshold, and the sales rate has exceeded expectations by 150%. The coordinator's instruction to add a reorder request for +30 kg and increase the safety stock by 10% as an emergency buffer is appropriate given the high urgency level of the disruption.;1b20880a17d646b411a96837e18febf6ac99196432fd785fbd5c0199974db737;515;84;2.711.707.878.112.790;TRUE;FALSE;1
36;03/01/2026 15:00;farm;R4;normal;modify;0.0038;0.8;1;Given the current production capacity is below 60%, reducing outgoing orders to 80% of actual capacity will help maintain a stable flock operation and prevent potential disruptions. This adjustment aligns with the coordinating agent's instruction, taking into account our local operational constraints.;cot;llama3.1:8b;llama;Given the current production capacity is below 60%, reducing outgoing orders to 80% of actual capacity will help maintain a stable flock operation and prevent potential disruptions. This adjustment aligns with the coordinating agent's instruction, taking into account our local operational constraints.;012d34cb2db4a30393ab602530e427a646a937abede5cc3ef41dc786cd72c559;502;77;1.350.171.422.958.370;TRUE;FALSE;2
36;03/01/2026 15:00;slaughterhouse;R4;normal;modify;0.0066;0.8;1;Given the current processing capacity is below threshold, reducing it to 80% as instructed by the coordinator will help prevent potential delays and maintain output stock levels within acceptable limits.;cot;llama3.1:8b;llama;Given the current processing capacity is below threshold, reducing it to 80% as instructed by the coordinator will help prevent potential delays and maintain output stock levels within acceptable limits.;1fc92340fe9f1bab05c58bf37b150211b4a1fd3c0c1f89e926503de30b7529c7;503;60;23.670.945.644.378.600;TRUE;FALSE;2
36;03/01/2026 15:00;retail;R4;normal;accept;0.0066;1.0;1;Given the current retail inventory is above safety stock, but sales rate is high and increasing, it's prudent to accept the coordinator's instruction to add a reorder request of +20 kg to mitigate potential future shortages.;cot;llama3.1:8b;llama;Given the current retail inventory is above safety stock, but sales rate is high and increasing, it's prudent to accept the coordinator's instruction to add a reorder request of +20 kg to mitigate potential future shortages.;ddd2d55911c5cce3c4d6d652a55cce5744591cb7d55a59db3c9fbda6b71619a5;483;67;23.821.542.501.449.500;TRUE;FALSE;2
105;04/01/2026 08:15;wholesaler;R14;normal;modify;0.0071;0.8;1;Given the current inventory level is below threshold, I will modify the reorder point to anticipate potential surge in orders from Retail. Raising the reorder point by 10% as instructed by the coordinator will help mitigate the risk of stockouts and ensure timely delivery.;cot;llama3.1:8b;llama;Given the current inventory level is below threshold, I will modify the reorder point to anticipate potential surge in orders from Retail. Raising the reorder point by 10% as instructed by the coordinator will help mitigate the risk of stockouts and ensure timely delivery.;f75b7b661d6ed142c4434e0778295fff1f1984eabcbcf154aca4365e64691398;490;77;25.520.322.799.682.600;TRUE;FALSE;2
105;04/01/2026 08:15;retail;R14;normal;accept;0.0075;1.0;2;The current retail inventory is below the safety stock threshold, but not critically low. The sales rate has increased significantly, indicating a potential surge in demand. Given the coordinator's instruction to increase reorder request by +25 kg and update demand estimate by 10%, I accept this recommendation as it aligns with our operational needs.;cot;llama3.1:8b;llama;The current retail inventory is below the safety stock threshold, but not critically low. The sales rate has increased significantly, indicating a potential surge in demand. Given the coordinator's instruction to increase reorder request by +25 kg and update demand estimate by 10%, I accept this recommendation as it aligns with our operational needs.;aec52cd122d4b70f8dc8b21ff45c96e8d8bbc21f0c418fe10da022345956b9bc;506;89;26.985.043.048.858.600;TRUE;FALSE;2
144;04/01/2026 18:00;wholesaler;R14;normal;modify;0.0076;0.85;1;Given the current inventory level is below threshold, I accept the instruction to increase reorder point by 10% as an anticipation of potential surge in reorders from Retail. This adjustment will help mitigate the risk of stockouts and ensure timely delivery. However, considering our operational constraints, I modify the factor slightly to account for the delayed delivery schedule.;cot;llama3.1:8b;llama;Given the current inventory level is below threshold, I accept the instruction to increase reorder point by 10% as an anticipation of potential surge in reorders from Retail. This adjustment will help mitigate the risk of stockouts and ensure timely delivery. However, considering our operational constraints, I modify the factor slightly to account for the delayed delivery schedule.;712382d69f1971cf329dddc07f2c68c0957a21f7f1f7295ed7c0a28fedd68afd;496;94;27.285.308.361.053.400;TRUE;FALSE;2
144;04/01/2026 18:00;retail;R14;normal;accept;0.0072;1.0;2;Given the current stockout flag is high, sales rate exceeds expected levels, and shortage duration has exceeded 2 hours, it's crucial to accept the coordinator's instruction to increase reorder request by +25 kg to prevent further disruptions.;cot;llama3.1:8b;llama;Given the current stockout flag is high, sales rate exceeds expected levels, and shortage duration has exceeded 2 hours, it's crucial to accept the coordinator's instruction to increase reorder request by +25 kg to prevent further disruptions.;76b7c32d639de184850ae7e60d81d1307df5fddaab3aa2e21a0bd4b8abc2be4a;522;71;25.843.838.453.292.800;TRUE;FALSE;2
216;05/01/2026 12:00;wholesaler;R14;normal;modify;0.0069;0.92;1;Given the current inventory level is below 30% capacity, I accept the instruction to increase the reorder point by 10%. This will help mitigate potential stockouts and ensure timely delivery of broilers to our customers.;cot;llama3.1:8b;llama;Given the current inventory level is below 30% capacity, I accept the instruction to increase the reorder point by 10%. This will help mitigate potential stockouts and ensure timely delivery of broilers to our customers.;4b40100fe3c0ebd7d601266a3d0730b62d8875f2e239cb42121c58e385cc2928;510;69;2.469.378.685.951.230;TRUE;FALSE;2
216;05/01/2026 12:00;retail;R14;normal;modify;0.0079;0.8;2;Given the current stockout flag is active, high sales rate, and prolonged shortage duration, I need to adjust the reorder request to ensure timely replenishment. Increasing the order by +25 kg as instructed by MAS coordination signal seems reasonable, but considering our local operational constraints, I'll modify the demand estimate increase to 5% instead of 10% to avoid overstocking.;cot;llama3.1:8b;llama;Given the current stockout flag is active, high sales rate, and prolonged shortage duration, I need to adjust the reorder request to ensure timely replenishment. Increasing the order by +25 kg as instructed by MAS coordination signal seems reasonable, but considering our local operational constraints, I'll modify the demand estimate increase to 5% instead of 10% to avoid overstocking.;1d62585cf8bd5b2f3431cfaead8bd0a9c20a872f14326ba433f553297c29bd83;536;102;2.848.074.746.131.890;TRUE;FALSE;2
232;05/01/2026 16:00;slaughterhouse;R9;high;modify;0.0077;0.85;1;Given the high urgency level of the disruption, I will modify our output stock to increase by 15% as instructed by the coordinator. However, considering our current processing capacity is below threshold and worker availability is low, I will adjust the factor slightly to ensure we don't overcommit resources.;cot;llama3.1:8b;llama;Given the high urgency level of the disruption, I will modify our output stock to increase by 15% as instructed by the coordinator. However, considering our current processing capacity is below threshold and worker availability is low, I will adjust the factor slightly to ensure we don't overcommit resources.;c23c9a5a7bb07ec84e83fa7d3022a69472650fee41fac27cd64bbda2fff1644f;510;84;27.622.891.664.505.000;TRUE;FALSE;2
232;05/01/2026 16:00;wholesaler;R9;high;modify;0.0091;0.92;2;Given the high urgency level of the disruption, I will modify my current inventory allocation to prioritize retail orders as instructed by the coordinator. This decision is based on the previous rule R14 modifications which have shown a trend of increasing factor values, indicating a need for further adjustments. By modifying our inventory levels, we can ensure that critical retail shipments are fulfilled while also addressing the pending non-priority shipments.;cot;llama3.1:8b;llama;Given the high urgency level of the disruption, I will modify my current inventory allocation to prioritize retail orders as instructed by the coordinator. This decision is based on the previous rule R14 modifications which have shown a trend of increasing factor values, indicating a need for further adjustments. By modifying our inventory levels, we can ensure that critical retail shipments are fulfilled while also addressing the pending non-priority shipments.;b36a5c38156b220d2246bfb1cfe8f94ee0351c93baa5c06cd7cb0c12aea4b17f;539;105;32.727.116.346.359.200;TRUE;FALSE;2
232;05/01/2026 16:00;retail;R9;high;accept;0.0081;1.0;2;The current retail inventory is below the safety stock threshold, and the sales rate has exceeded expected levels by more than 50%. The coordinating agent's instruction to increase reorder request by +30 kg and raise safety stock by 10% as an emergency buffer aligns with our operational constraints and addresses the disruption severity.;cot;llama3.1:8b;llama;The current retail inventory is below the safety stock threshold, and the sales rate has exceeded expected levels by more than 50%. The coordinating agent's instruction to increase reorder request by +30 kg and raise safety stock by 10% as an emergency buffer aligns with our operational constraints and addresses the disruption severity.;ce4065ae895016cce600e27312dfa64e6215973f3208eb05249a8a86ce079e71;531;87;29.295.917.749.404.900;TRUE;FALSE;2
36;05/01/2026 15:00;farm;R4;normal;modify;0.0044;0.8;1;Given the current production capacity is below 60%, reducing outgoing orders to 80% of actual capacity will help maintain a stable flock operation and prevent potential disruptions. This adjustment aligns with the coordinating agent's instruction, taking into account our local operational constraints.;cot;llama3.1:8b;llama;Given the current production capacity is below 60%, reducing outgoing orders to 80% of actual capacity will help maintain a stable flock operation and prevent potential disruptions. This adjustment aligns with the coordinating agent's instruction, taking into account our local operational constraints.;012d34cb2db4a30393ab602530e427a646a937abede5cc3ef41dc786cd72c559;502;77;15.894.622.325.897.200;TRUE;FALSE;3
36;05/01/2026 15:00;slaughterhouse;R4;normal;modify;0.0068;0.8;1;Given the current processing capacity is below threshold, reducing it to 80% as instructed by the coordinator will help prevent potential delays and maintain output stock levels within acceptable limits.;cot;llama3.1:8b;llama;Given the current processing capacity is below threshold, reducing it to 80% as instructed by the coordinator will help prevent potential delays and maintain output stock levels within acceptable limits.;1fc92340fe9f1bab05c58bf37b150211b4a1fd3c0c1f89e926503de30b7529c7;503;60;24.419.865.369.796.700;TRUE;FALSE;3
36;05/01/2026 15:00;retail;R4;normal;accept;0.0067;1.0;1;Given the current retail inventory is above safety stock, but sales rate is high and increasing, it's prudent to accept the coordinator's instruction to add a reorder request of +20 kg to mitigate potential future shortages.;cot;llama3.1:8b;llama;Given the current retail inventory is above safety stock, but sales rate is high and increasing, it's prudent to accept the coordinator's instruction to add a reorder request of +20 kg to mitigate potential future shortages.;ddd2d55911c5cce3c4d6d652a55cce5744591cb7d55a59db3c9fbda6b71619a5;483;67;24.026.428.937.911.900;TRUE;FALSE;3
88;06/01/2026 04:00;farm;R12;high;modify;0.008;0.85;2;Given the high urgency level of the disruption, I must adjust outgoing orders to match our current production capacity. Reducing orders by 25% will help prevent further strain on resources and allow us to maintain a stable flock management. This adjustment should also enable us to increase production capacity by 5%, as instructed.;cot;llama3.1:8b;llama;Given the high urgency level of the disruption, I must adjust outgoing orders to match our current production capacity. Reducing orders by 25% will help prevent further strain on resources and allow us to maintain a stable flock management. This adjustment should also enable us to increase production capacity by 5%, as instructed.;ecc4567c2b724434ec6749ce9258a7e8ea3628b5e8c1771f01d15dbdae4248e1;525;88;28.976.263.284.683.200;TRUE;FALSE;3
88;06/01/2026 04:00;wholesaler;R12;high;modify;0.0081;0.8;2;Given the high urgency level of the disruption, I will modify our distribution capacity to 85% as instructed by the coordinator. This adjustment will help optimize our supply chain and ensure timely delivery of broilers to customers. However, I will not immediately change the delivery schedule to 'rerouted' without further assessment of its impact on our local operations.;cot;llama3.1:8b;llama;Given the high urgency level of the disruption, I will modify our distribution capacity to 85% as instructed by the coordinator. This adjustment will help optimize our supply chain and ensure timely delivery of broilers to customers. However, I will not immediately change the delivery schedule to 'rerouted' without further assessment of its impact on our local operations.;942a2adf8ecc981ce7f0dd7a8a700f966ac924d283eec79985efb7fc00a54fe3;503;95;29.271.469.831.466.600;TRUE;FALSE;3
360;09/01/2026 00:00;slaughterhouse;R9;high;modify;0.0081;0.85;1;Given the high urgency level of the disruption, I will modify our current processing schedule to increase output stock by 15% as instructed by the coordinator. However, considering our current low worker availability and moderate processing delay, I must adjust the factor slightly to ensure we can meet the new target without compromising other operational constraints.;cot;llama3.1:8b;llama;Given the high urgency level of the disruption, I will modify our current processing schedule to increase output stock by 15% as instructed by the coordinator. However, considering our current low worker availability and moderate processing delay, I must adjust the factor slightly to ensure we can meet the new target without compromising other operational constraints.;4885786aa5662c36dc3149802beb4f55c8b49482e6a479b6624db00a98601f3e;510;89;29.056.818.962.097.100;TRUE;FALSE;3
360;09/01/2026 00:00;wholesaler;R9;high;modify;0.008;0.85;2;Given the high urgency level of the disruption, I must prioritize inventory allocation to Retail as instructed by the Coordinating Agent. However, considering our current low inventory levels and incoming orders exceeding capacity, a modification is necessary to ensure we meet critical Retail demands without compromising on other non-priority shipments.;cot;llama3.1:8b;llama;Given the high urgency level of the disruption, I must prioritize inventory allocation to Retail as instructed by the Coordinating Agent. However, considering our current low inventory levels and incoming orders exceeding capacity, a modification is necessary to ensure we meet critical Retail demands without compromising on other non-priority shipments.;dbc3f9d9dad9845c3ca9afcf68a5531f47b343a2a033971b5475a2d0d4e22d8c;512;85;28.895.705.938.339.200;TRUE;FALSE;3
360;09/01/2026 00:00;retail;R9;high;accept;0.0082;1.0;2;Given the high urgency level of the disruption, our current stockout status, and the coordinator's instruction to increase safety stock as a buffer, I accept the request to add 30 kg to the reorder request and adjust the safety stock by 10%. This will help mitigate the shortage and ensure we can meet customer demand during this challenging period.;cot;llama3.1:8b;llama;Given the high urgency level of the disruption, our current stockout status, and the coordinator's instruction to increase safety stock as a buffer, I accept the request to add 30 kg to the reorder request and adjust the safety stock by 10%. This will help mitigate the shortage and ensure we can meet customer demand during this challenging period.;1c9f39e20da28ce07abf0d71aef5b6340b5508c8adbcaeea90837b400b3b6fed;503;93;2.958.719.301.223.750;TRUE;FALSE;3
432;09/01/2026 18:00;slaughterhouse;R9;high;modify;0.0077;0.92;1;Given the high urgency level of the disruption, I will modify the output stock to meet the coordinator's instruction. However, considering our current processing capacity is below threshold and worker availability is low, I will adjust the factor slightly lower than before to ensure a more cautious approach.;cot;llama3.1:8b;llama;Given the high urgency level of the disruption, I will modify the output stock to meet the coordinator's instruction. However, considering our current processing capacity is below threshold and worker availability is low, I will adjust the factor slightly lower than before to ensure a more cautious approach.;36e1e22e304b18d6f9e5d946e15312f80369122b5a4e1e8413303a7da5f6b691;524;80;2.764.045.786.857.600;TRUE;FALSE;3
432;09/01/2026 18:00;wholesaler;R9;high;modify;0.0075;0.92;2;Given the high urgency level of the disruption, I will modify the instruction to prioritize inventory for Retail while maintaining current levels and cancelling 50% of non-priority pending shipments to focus on critical Retail needs.;cot;llama3.1:8b;llama;Given the high urgency level of the disruption, I will modify the instruction to prioritize inventory for Retail while maintaining current levels and cancelling 50% of non-priority pending shipments to focus on critical Retail needs.;8ffbbeff638fe04ccfb122e3bd2f6d80804f1754eec989141ee1047ca3a30224;525;67;26.924.216.747.283.900;TRUE;FALSE;3
432;09/01/2026 18:00;retail;R9;high;accept;0.0077;1.0;2;Given the high urgency level of the disruption, the current stockout status, and the coordinator's instruction to increase safety stock as a buffer, I accept the request to add 30 kg to the reorder request and adjust the safety stock by 10%. This will help mitigate the shortage and ensure continued supply to meet customer demand.;cot;llama3.1:8b;llama;Given the high urgency level of the disruption, the current stockout status, and the coordinator's instruction to increase safety stock as a buffer, I accept the request to add 30 kg to the reorder request and adjust the safety stock by 10%. This will help mitigate the shortage and ensure continued supply to meet customer demand.;4b847a0d05c805cdee375c198d579f28075501114e2c66e3f11403dc0cc6dc9a;517;90;27.598.212.003.707.800;TRUE;FALSE;3
440;09/01/2026 20:00;slaughterhouse;R9;high;modify;0.0067;0.92;1;Given the high urgency level of the disruption, I will modify my current output stock to meet the coordinator's instruction. However, considering our local operational constraints and processing capacity, I will not fully accept the instruction as it may lead to overproduction. A factor of 0.92 reflects a compromise between meeting the demand and maintaining our production schedule.;cot;llama3.1:8b;llama;Given the high urgency level of the disruption, I will modify my current output stock to meet the coordinator's instruction. However, considering our local operational constraints and processing capacity, I will not fully accept the instruction as it may lead to overproduction. A factor of 0.92 reflects a compromise between meeting the demand and maintaining our production schedule.;7bf7a37e9de4e8776cadac9e048473af9b00524a0a9f7cd0d905b208f912d45d;538;95;2.398.022.222.518.920;TRUE;FALSE;3
440;09/01/2026 20:00;wholesaler;R9;high;modify;0.0088;0.92;2;Given the high urgency level of the disruption, I will modify the instruction to prioritize inventory for Retail and cancel 50% of non-priority pending shipments to focus on critical Retail orders. This decision is based on my experience managing wholesale distribution during disrupted conditions and the need to balance competing demands in a constrained environment.;cot;llama3.1:8b;llama;Given the high urgency level of the disruption, I will modify the instruction to prioritize inventory for Retail and cancel 50% of non-priority pending shipments to focus on critical Retail orders. This decision is based on my experience managing wholesale distribution during disrupted conditions and the need to balance competing demands in a constrained environment.;9c912374beb273f61a749f739d278441e7665120761db009fe1f3f199c7e82b4;541;88;31.666.987.419.128.400;TRUE;FALSE;3
440;09/01/2026 20:00;retail;R9;high;accept;0.0096;1.0;2;Given the high urgency level of the disruption, I accept the coordinating agent's instruction to increase reorder request by +30 kg and adjust safety stock by 10% as an emergency buffer. This decision is based on my experience managing consumer-facing poultry retail during demand surges from AI outbreak-related panic buying. The current retail status indicates a severe shortage with sales rate exceeding expected levels, making it necessary to take immediate action.;cot;llama3.1:8b;llama;Given the high urgency level of the disruption, I accept the coordinating agent's instruction to increase reorder request by +30 kg and adjust safety stock by 10% as an emergency buffer. This decision is based on my experience managing consumer-facing poultry retail during demand surges from AI outbreak-related panic buying. The current retail status indicates a severe shortage with sales rate exceeding expected levels, making it necessary to take immediate action.;a5148b8a9cb3079143cd0c922ed5e7e86cf0d7d4cc8ba24d05551b0b028863ee;531;108;3.449.300.003.051.750;TRUE;FALSE;3
36;07/01/2026 15:00;farm;R4;normal;modify;0.007;0.8;1;Given the current production capacity is below 60%, reducing outgoing orders to 80% of actual capacity will help prevent further strain on resources and maintain a stable flock operation.;cot;llama3.1:8b;llama;Given the current production capacity is below 60%, reducing outgoing orders to 80% of actual capacity will help prevent further strain on resources and maintain a stable flock operation.;012d34cb2db4a30393ab602530e427a646a937abede5cc3ef41dc786cd72c559;502;60;25.059.940.338.134.700;TRUE;FALSE;4
36;07/01/2026 15:00;slaughterhouse;R4;normal;modify;0.0071;0.8;1;Given the current processing capacity is below threshold, reducing it to 80% as instructed by the coordinator will help prevent potential delays and maintain output stock levels within acceptable limits.;cot;llama3.1:8b;llama;Given the current processing capacity is below threshold, reducing it to 80% as instructed by the coordinator will help prevent potential delays and maintain output stock levels within acceptable limits.;1fc92340fe9f1bab05c58bf37b150211b4a1fd3c0c1f89e926503de30b7529c7;503;60;25.678.603.649.139.400;TRUE;FALSE;4
36;07/01/2026 15:00;retail;R4;normal;accept;0.0073;1.0;1;Given the current retail inventory is above safety stock, but sales rate is high and increasing, it's prudent to accept the coordinator's instruction to add a reorder request of +20 kg to mitigate potential future shortages.;cot;llama3.1:8b;llama;Given the current retail inventory is above safety stock, but sales rate is high and increasing, it's prudent to accept the coordinator's instruction to add a reorder request of +20 kg to mitigate potential future shortages.;ddd2d55911c5cce3c4d6d652a55cce5744591cb7d55a59db3c9fbda6b71619a5;483;67;26.368.355.751.037.500;TRUE;FALSE;4
88;08/01/2026 04:00;farm;R12;high;modify;0.0087;0.85;2;Given the high urgency level of the disruption, I must adjust outgoing orders to match our current production capacity. Reducing orders by 25% will help prevent further strain on resources and allow us to maintain a stable flock management. This adjustment should also enable us to increase production capacity by 5%, as instructed.;cot;llama3.1:8b;llama;Given the high urgency level of the disruption, I must adjust outgoing orders to match our current production capacity. Reducing orders by 25% will help prevent further strain on resources and allow us to maintain a stable flock management. This adjustment should also enable us to increase production capacity by 5%, as instructed.;cb5e2805c1cc3464bd0c0a0746ae24eade065a24643679fcf086f78e0631ef47;525;88;31.291.990.995.407.100;TRUE;FALSE;4
88;08/01/2026 04:00;wholesaler;R12;high;modify;0.0087;0.8;2;Given the high urgency level of the disruption, I will modify our distribution capacity to 85% as instructed by the coordinator. This adjustment will help optimize our supply chain and ensure timely delivery of broilers to customers. However, I will not immediately change the delivery schedule to 'rerouted' without further assessment of its impact on our local operations.;cot;llama3.1:8b;llama;Given the high urgency level of the disruption, I will modify our distribution capacity to 85% as instructed by the coordinator. This adjustment will help optimize our supply chain and ensure timely delivery of broilers to customers. However, I will not immediately change the delivery schedule to 'rerouted' without further assessment of its impact on our local operations.;942a2adf8ecc981ce7f0dd7a8a700f966ac924d283eec79985efb7fc00a54fe3;503;95;3.137.298.059.463.500;TRUE;FALSE;4
36;09/01/2026 15:00;farm;R4;normal;modify;0.0071;0.8;1;Given the current production capacity is below 60%, reducing outgoing orders to 80% of actual capacity will help prevent further strain on resources and maintain a stable flock operation.;cot;llama3.1:8b;llama;Given the current production capacity is below 60%, reducing outgoing orders to 80% of actual capacity will help prevent further strain on resources and maintain a stable flock operation.;012d34cb2db4a30393ab602530e427a646a937abede5cc3ef41dc786cd72c559;502;60;2.550.899.839.401.240;TRUE;FALSE;5
36;09/01/2026 15:00;slaughterhouse;R4;normal;modify;0.0039;0.8;1;Given the current processing capacity is below threshold, reducing it to 80% as instructed by the coordinator will help prevent potential delays and maintain output stock levels within acceptable limits.;cot;llama3.1:8b;llama;Given the current processing capacity is below threshold, reducing it to 80% as instructed by the coordinator will help prevent potential delays and maintain output stock levels within acceptable limits.;1fc92340fe9f1bab05c58bf37b150211b4a1fd3c0c1f89e926503de30b7529c7;503;60;14.056.873.798.370.300;TRUE;FALSE;5
36;09/01/2026 15:00;retail;R4;normal;accept;0.0039;1.0;1;The current retail inventory is above the safety stock threshold, but sales rate is high and increasing. Adding +20 kg to the reorder request will help mitigate potential future shortages due to the coordinator's signal of a potential disruption.;cot;llama3.1:8b;llama;The current retail inventory is above the safety stock threshold, but sales rate is high and increasing. Adding +20 kg to the reorder request will help mitigate potential future shortages due to the coordinator's signal of a potential disruption.;ddd2d55911c5cce3c4d6d652a55cce5744591cb7d55a59db3c9fbda6b71619a5;483;69;14.048.048.496.246.300;TRUE;FALSE;5
80;10/01/2026 02:00;wholesaler;R8;normal;modify;0.008;0.8;2;The current inventory level is below the threshold, but not critically low. The incoming orders are above capacity, and the delivery schedule is normal. Modifying the delivery schedule to 'rerouted' will help mitigate potential disruptions and ensure timely delivery of critical shipments.;cot;llama3.1:8b;llama;The current inventory level is below the threshold, but not critically low. The incoming orders are above capacity, and the delivery schedule is normal. Modifying the delivery schedule to 'rerouted' will help mitigate potential disruptions and ensure timely delivery of critical shipments.;ad6bcf992c7ee5b9b01ec073725e0ade160e267730817f36ab226fb2badecfc6;506;77;28.766.292.572.021.400;TRUE;FALSE;5
80;10/01/2026 02:00;retail;R8;normal;modify;0.0082;0.8;1;Given the current retail inventory of 44.2 kg, which is above the safety stock threshold, and considering the coordinator's instruction to adjust demand_estimate to 95% due to potential disruption, I will modify the demand estimate to account for the anticipated delay without immediately triggering a stockout flag.;cot;llama3.1:8b;llama;Given the current retail inventory of 44.2 kg, which is above the safety stock threshold, and considering the coordinator's instruction to adjust demand_estimate to 95% due to potential disruption, I will modify the demand estimate to account for the anticipated delay without immediately triggering a stockout flag.;08a5cfb9483f3b0f846492f1f7d34667173f4e52c351a9786946327441d95a90;496;85;29.648.428.678.512.500;TRUE;FALSE;5
129;10/01/2026 14:15;slaughterhouse;R9;high;modify;0.0086;0.85;1;Given the high urgency level of the disruption, I will modify our output stock to increase by 15% as instructed by the coordinator. However, considering our current processing capacity is below threshold and worker availability is low, I will adjust the factor to 0.85 to ensure a more cautious approach.;cot;llama3.1:8b;llama;Given the high urgency level of the disruption, I will modify our output stock to increase by 15% as instructed by the coordinator. However, considering our current processing capacity is below threshold and worker availability is low, I will adjust the factor to 0.85 to ensure a more cautious approach.;5d3018f11b23f0763952ee02d56305f4b9e8cb83ba16984197ab65d33c6c490e;510;86;31.078.157.901.763.900;TRUE;FALSE;5
129;10/01/2026 14:15;wholesaler;R9;high;modify;0.0085;0.85;2;Given the high urgency level of the disruption, I will modify my current inventory allocation to prioritize retail orders as instructed by the coordinator. This decision is supported by our current low inventory levels and incoming orders exceeding capacity. By prioritizing retail orders, we can minimize stockouts and ensure critical customer needs are met.;cot;llama3.1:8b;llama;Given the high urgency level of the disruption, I will modify my current inventory allocation to prioritize retail orders as instructed by the coordinator. This decision is supported by our current low inventory levels and incoming orders exceeding capacity. By prioritizing retail orders, we can minimize stockouts and ensure critical customer needs are met.;6f547fa344998adbbea3e89f951c0bd051bebd54ed85bdd54935c018fccf1c2e;514;87;30.427.568.197.250.300;TRUE;FALSE;5
129;10/01/2026 14:15;retail;R9;high;accept;0.0086;1.0;2;The current retail inventory is below the safety stock threshold, and the sales rate has exceeded expectations by more than 50%. The coordinator's instruction to add a reorder request for +30 kg and increase the safety stock by 10% as an emergency buffer is appropriate given the high urgency level of the disruption.;cot;llama3.1:8b;llama;The current retail inventory is below the safety stock threshold, and the sales rate has exceeded expectations by more than 50%. The coordinator's instruction to add a reorder request for +30 kg and increase the safety stock by 10% as an emergency buffer is appropriate given the high urgency level of the disruption.;34d083d934e3bde9a61df2fb7e942f6fd74206920c19be6052efccccd534ff67;515;86;3.085.796.070.098.870;TRUE;FALSE;5
360;13/01/2026 00:00;slaughterhouse;R9;high;modify;0.0087;0.92;1;Given the high urgency level of the disruption, I will modify the output stock to increase by 15% as instructed by the coordinator. However, considering our current processing capacity is below 50%, I will adjust the factor slightly lower than the previous modification to ensure we don't overcommit resources.;cot;llama3.1:8b;llama;Given the high urgency level of the disruption, I will modify the output stock to increase by 15% as instructed by the coordinator. However, considering our current processing capacity is below 50%, I will adjust the factor slightly lower than the previous modification to ensure we don't overcommit resources.;42b0f2f35308f12bdb20920eb4b9b3d31c9ac2aabc164e5c30188725aefbea9f;524;85;31.159.135.341.644.200;TRUE;FALSE;5
360;13/01/2026 00:00;wholesaler;R9;high;accept;0.008;1.0;2;Given the high urgency level of the disruption, prioritizing inventory for Retail is necessary to ensure critical orders are fulfilled. Canceling 50% of non-priority pending shipments will help focus resources on Retail's needs and prevent stockouts.;cot;llama3.1:8b;llama;Given the high urgency level of the disruption, prioritizing inventory for Retail is necessary to ensure critical orders are fulfilled. Canceling 50% of non-priority pending shipments will help focus resources on Retail's needs and prevent stockouts.;59d48249f2e320c65e7483ba227852a740ad8c9d7ab8cc0d8a550dad802e4d03;528;72;28.861.770.153.045.600;TRUE;FALSE;5
360;13/01/2026 00:00;retail;R9;high;accept;0.0086;1.0;2;Given the high urgency level of the disruption, our current stockout status, and the coordinator's instruction to increase safety stock as a buffer, I accept the request to reorder +30 kg immediately.;cot;llama3.1:8b;llama;Given the high urgency level of the disruption, our current stockout status, and the coordinator's instruction to increase safety stock as a buffer, I accept the request to reorder +30 kg immediately.;2d13a5485299ec5310fe48ac27b52ee58ec4a4f35fdd99d6f8b373d21258054b;529;64;31.040.003.061.294.500;TRUE;FALSE;5
36;11/01/2026 15:00;farm;R4;normal;modify;0.0046;0.8;1;Given the current production capacity is below 60%, reducing outgoing orders to 80% of actual capacity will help maintain a stable flock operation and prevent potential disruptions. This adjustment aligns with the coordinating agent's instruction, taking into account our local operational constraints.;cot;llama3.1:8b;llama;Given the current production capacity is below 60%, reducing outgoing orders to 80% of actual capacity will help maintain a stable flock operation and prevent potential disruptions. This adjustment aligns with the coordinating agent's instruction, taking into account our local operational constraints.;012d34cb2db4a30393ab602530e427a646a937abede5cc3ef41dc786cd72c559;502;77;1.666.200.351.715.080;TRUE;FALSE;6
36;11/01/2026 15:00;slaughterhouse;R4;normal;modify;0.0074;0.8;1;Given the current processing capacity is below threshold, reducing it to 80% as instructed by the coordinator will help prevent potential delays and maintain output stock levels within acceptable limits.;cot;llama3.1:8b;llama;Given the current processing capacity is below threshold, reducing it to 80% as instructed by the coordinator will help prevent potential delays and maintain output stock levels within acceptable limits.;1fc92340fe9f1bab05c58bf37b150211b4a1fd3c0c1f89e926503de30b7529c7;503;60;26.573.575.258.255.000;TRUE;FALSE;6
36;11/01/2026 15:00;retail;R4;normal;accept;0.0074;1.0;1;Given the current retail inventory is above safety stock, but sales rate is high and increasing, it's prudent to accept the coordinator's instruction to add a reorder request of +20 kg to mitigate potential future shortages.;cot;llama3.1:8b;llama;Given the current retail inventory is above safety stock, but sales rate is high and increasing, it's prudent to accept the coordinator's instruction to add a reorder request of +20 kg to mitigate potential future shortages.;ddd2d55911c5cce3c4d6d652a55cce5744591cb7d55a59db3c9fbda6b71619a5;483;67;26.468.487.977.981.500;TRUE;FALSE;6
88;12/01/2026 04:00;farm;R12;high;modify;0.0087;0.85;2;Given the high urgency level of the disruption, I must adjust outgoing orders to match our current production capacity. Reducing orders by 25% will help prevent further strain on resources and allow us to maintain a stable flock management. This adjustment should also enable us to increase production capacity by 5%, as instructed.;cot;llama3.1:8b;llama;Given the high urgency level of the disruption, I must adjust outgoing orders to match our current production capacity. Reducing orders by 25% will help prevent further strain on resources and allow us to maintain a stable flock management. This adjustment should also enable us to increase production capacity by 5%, as instructed.;a6a90110f02aefeae2bbc6f1b7f206e4ff1a771060724ee9aba5a5ee24e769f1;525;88;3.145.452.904.701.230;TRUE;FALSE;6
88;12/01/2026 04:00;wholesaler;R12;high;modify;0.0088;0.8;2;Given the high urgency level of the disruption, I will modify our distribution capacity to 85% as instructed by the coordinator. This adjustment will help optimize our supply chain and ensure timely delivery of broilers to customers. However, I will not immediately change the delivery schedule to 'rerouted' without further assessment of its impact on our local operations.;cot;llama3.1:8b;llama;Given the high urgency level of the disruption, I will modify our distribution capacity to 85% as instructed by the coordinator. This adjustment will help optimize our supply chain and ensure timely delivery of broilers to customers. However, I will not immediately change the delivery schedule to 'rerouted' without further assessment of its impact on our local operations.;942a2adf8ecc981ce7f0dd7a8a700f966ac924d283eec79985efb7fc00a54fe3;503;95;3.175.603.222.846.980;TRUE;FALSE;6
324;14/01/2026 15:00;slaughterhouse;R9;high;modify;0.0084;0.85;1;Given the high urgency level of the disruption, I will modify our current processing schedule to increase output stock by 15% as instructed by the coordinator. However, considering our current low worker availability and partial equipment status, I must adjust the factor to ensure a more cautious approach.;cot;llama3.1:8b;llama;Given the high urgency level of the disruption, I will modify our current processing schedule to increase output stock by 15% as instructed by the coordinator. However, considering our current low worker availability and partial equipment status, I must adjust the factor to ensure a more cautious approach.;97229a94b0c2fedeec0cc4f084d871e38dc0b067b46fa13c22a29fef58bdbc7d;508;81;30.178.800.106.048.500;TRUE;FALSE;6
324;14/01/2026 15:00;wholesaler;R9;high;modify;0.0088;0.85;2;Given the high urgency level of the disruption, I must prioritize inventory allocation to Retail as instructed by the Coordinating Agent. However, considering our current low inventory levels and incoming orders exceeding capacity, a modification is necessary to ensure we meet critical Retail demands without compromising on other non-priority shipments.;cot;llama3.1:8b;llama;Given the high urgency level of the disruption, I must prioritize inventory allocation to Retail as instructed by the Coordinating Agent. However, considering our current low inventory levels and incoming orders exceeding capacity, a modification is necessary to ensure we meet critical Retail demands without compromising on other non-priority shipments.;dbc3f9d9dad9845c3ca9afcf68a5531f47b343a2a033971b5475a2d0d4e22d8c;512;85;31.709.380.626.678.400;TRUE;FALSE;6
324;14/01/2026 15:00;retail;R9;high;accept;0.0087;1.0;2;The current retail status indicates a severe stockout situation, with inventory at 0 kg and sales rate exceeding expected levels by 150%. The coordinator's instruction to add 30 kg to the reorder request and increase safety stock by 10% as an emergency buffer is appropriate given the high urgency level of the disruption triggered by Rule R9.;cot;llama3.1:8b;llama;The current retail status indicates a severe stockout situation, with inventory at 0 kg and sales rate exceeding expected levels by 150%. The coordinator's instruction to add 30 kg to the reorder request and increase safety stock by 10% as an emergency buffer is appropriate given the high urgency level of the disruption triggered by Rule R9.;f65708ebec9ffb877f3d9466a4ac9e4d8bb0e4811892a771edcc1ba3655c2bf2;501;93;3.136.297.082.901.000;TRUE;FALSE;6
36;13/01/2026 15:00;farm;R4;normal;modify;0.0071;0.8;1;Given the current production capacity is below 60%, reducing outgoing orders to 80% of actual capacity will help prevent further strain on resources and maintain a stable flock operation.;cot;llama3.1:8b;llama;Given the current production capacity is below 60%, reducing outgoing orders to 80% of actual capacity will help prevent further strain on resources and maintain a stable flock operation.;012d34cb2db4a30393ab602530e427a646a937abede5cc3ef41dc786cd72c559;502;60;25.718.188.047.409.000;TRUE;FALSE;7
36;13/01/2026 15:00;slaughterhouse;R4;normal;modify;0.0074;0.8;1;Given the current processing capacity is below threshold, reducing it to 80% as instructed by the coordinator will help prevent potential delays and maintain output stock levels within acceptable limits.;cot;llama3.1:8b;llama;Given the current processing capacity is below threshold, reducing it to 80% as instructed by the coordinator will help prevent potential delays and maintain output stock levels within acceptable limits.;1fc92340fe9f1bab05c58bf37b150211b4a1fd3c0c1f89e926503de30b7529c7;503;60;26.503.469.944.000.200;TRUE;FALSE;7
36;13/01/2026 15:00;retail;R4;normal;accept;0.0073;1.0;1;Given the current retail inventory is above safety stock, but sales rate is high and increasing, it's prudent to accept the coordinator's instruction to add a reorder request of +20 kg to mitigate potential future shortages.;cot;llama3.1:8b;llama;Given the current retail inventory is above safety stock, but sales rate is high and increasing, it's prudent to accept the coordinator's instruction to add a reorder request of +20 kg to mitigate potential future shortages.;ddd2d55911c5cce3c4d6d652a55cce5744591cb7d55a59db3c9fbda6b71619a5;483;67;26.221.324.920.654.200;TRUE;FALSE;7
88;14/01/2026 04:00;wholesaler;R8;normal;modify;0.0083;0.8;2;The current inventory level is below the threshold, but not critically low. The incoming orders are above capacity, and the delivery schedule is normal. Given the coordinator's instruction to reroute shipments and reduce pending shipments by 15%, I will modify my decision to accept these changes.;cot;llama3.1:8b;llama;The current inventory level is below the threshold, but not critically low. The incoming orders are above capacity, and the delivery schedule is normal. Given the coordinator's instruction to reroute shipments and reduce pending shipments by 15%, I will modify my decision to accept these changes.;fd5a4992d77a3595939c4a912b71db67266ab9e72b8e2dd4ca333b0338c453d6;506;81;29.723.010.778.427.100;TRUE;FALSE;7
88;14/01/2026 04:00;retail;R8;normal;modify;0.0082;0.8;1;Given the current retail inventory of 37.71 kg, which is above the safety stock threshold, and considering the coordinator's instruction to adjust demand_estimate to 95% due to potential disruption, I will modify the demand estimate to account for the expected delay without immediately triggering a stockout flag.;cot;llama3.1:8b;llama;Given the current retail inventory of 37.71 kg, which is above the safety stock threshold, and considering the coordinator's instruction to adjust demand_estimate to 95% due to potential disruption, I will modify the demand estimate to account for the expected delay without immediately triggering a stockout flag.;00e193fe1b0dc8acdce6f9b21ccd2580809de8723aff2f04f9b38d8c94f44b3f;496;85;29.516.526.460.647.500;TRUE;FALSE;7
111;14/01/2026 09:45;slaughterhouse;R9;high;modify;0.0085;0.85;1;Given the high urgency level of the disruption, I will modify our output stock to increase by 15% as instructed by the coordinator. However, considering our current operational constraints, such as low worker availability and near-maximum processing capacity, I will adjust the factor slightly to ensure a more cautious approach.;cot;llama3.1:8b;llama;Given the high urgency level of the disruption, I will modify our output stock to increase by 15% as instructed by the coordinator. However, considering our current operational constraints, such as low worker availability and near-maximum processing capacity, I will adjust the factor slightly to ensure a more cautious approach.;65da64d17da08deb14b5ccb8e0648da04aa5a8481dd7b0ad12d208650ccfdb58;508;86;30.591.789.484.024.000;TRUE;FALSE;7
111;14/01/2026 09:45;wholesaler;R9;high;modify;0.0087;0.85;2;Given the high urgency level of the disruption, I will modify my current inventory allocation to prioritize retail orders as instructed by the coordinator. This decision takes into account our current low inventory levels and the need to focus on critical retail shipments. By modifying our existing shipment schedule, we can ensure that essential products reach their destinations promptly.;cot;llama3.1:8b;llama;Given the high urgency level of the disruption, I will modify my current inventory allocation to prioritize retail orders as instructed by the coordinator. This decision takes into account our current low inventory levels and the need to focus on critical retail shipments. By modifying our existing shipment schedule, we can ensure that essential products reach their destinations promptly.;7e4aeddff850cd5c0798be7921736d16001c37dc57e34bb3a854b0795bb05df6;514;90;3.121.216.082.572.930;TRUE;FALSE;7
111;14/01/2026 09:45;retail;R9;high;accept;0.0087;1.0;2;The current retail inventory is below the safety stock threshold, and the sales rate has exceeded expectations by 150%. The coordinator's instruction to add a reorder request for +30 kg and increase the safety stock by 10% as an emergency buffer is appropriate given the high urgency level of the disruption.;cot;llama3.1:8b;llama;The current retail inventory is below the safety stock threshold, and the sales rate has exceeded expectations by 150%. The coordinator's instruction to add a reorder request for +30 kg and increase the safety stock by 10% as an emergency buffer is appropriate given the high urgency level of the disruption.;1b20880a17d646b411a96837e18febf6ac99196432fd785fbd5c0199974db737;515;84;31.180.478.811.264.000;TRUE;FALSE;7
36;15/01/2026 15:00;farm;R4;normal;modify;0.004;0.8;1;Given the current production capacity is below 60%, reducing outgoing orders to 80% of actual capacity will help maintain a stable flock operation and prevent potential disruptions. This adjustment aligns with the coordinating agent's instruction, taking into account our local operational constraints.;cot;llama3.1:8b;llama;Given the current production capacity is below 60%, reducing outgoing orders to 80% of actual capacity will help maintain a stable flock operation and prevent potential disruptions. This adjustment aligns with the coordinating agent's instruction, taking into account our local operational constraints.;012d34cb2db4a30393ab602530e427a646a937abede5cc3ef41dc786cd72c559;502;77;14.480.077.266.693.100;TRUE;FALSE;8
36;15/01/2026 15:00;slaughterhouse;R4;normal;modify;0.0073;0.8;1;Given the current processing capacity is below threshold, reducing it to 80% as instructed by the coordinator will help prevent potential delays and maintain output stock levels within acceptable limits.;cot;llama3.1:8b;llama;Given the current processing capacity is below threshold, reducing it to 80% as instructed by the coordinator will help prevent potential delays and maintain output stock levels within acceptable limits.;1fc92340fe9f1bab05c58bf37b150211b4a1fd3c0c1f89e926503de30b7529c7;503;60;26.220.012.426.376.300;TRUE;FALSE;8
36;15/01/2026 15:00;retail;R4;normal;accept;0.0073;1.0;1;Given the current retail inventory is above safety stock, but sales rate is high and increasing, it's prudent to accept the coordinator's instruction to add a reorder request of +20 kg to mitigate potential future shortages.;cot;llama3.1:8b;llama;Given the current retail inventory is above safety stock, but sales rate is high and increasing, it's prudent to accept the coordinator's instruction to add a reorder request of +20 kg to mitigate potential future shortages.;ddd2d55911c5cce3c4d6d652a55cce5744591cb7d55a59db3c9fbda6b71619a5;483;67;26.132.975.816.726.600;TRUE;FALSE;8
72;16/01/2026 00:00;wholesaler;R8;normal;modify;0.0078;0.8;2;The current inventory level is below the threshold, but we have incoming orders that exceed our capacity by 20%. To mitigate this risk, I will modify the delivery schedule to rerouted and reduce pending shipments by 15% to prioritize urgent deliveries.;cot;llama3.1:8b;llama;The current inventory level is below the threshold, but we have incoming orders that exceed our capacity by 20%. To mitigate this risk, I will modify the delivery schedule to rerouted and reduce pending shipments by 15% to prioritize urgent deliveries.;86ed27074272392618a62be58a012e8765a420b596deefb4fe803d2759d1b56e;506;75;2.817.164.897.918.700;TRUE;FALSE;8
72;16/01/2026 00:00;retail;R8;normal;modify;0.0082;0.8;1;Given the current retail inventory of 36.64 kg, which is above the safety stock threshold, and considering the coordinator's instruction to adjust demand_estimate to 95% due to potential disruption, I will modify the demand estimate to account for the anticipated delay without immediately triggering a stockout flag.;cot;llama3.1:8b;llama;Given the current retail inventory of 36.64 kg, which is above the safety stock threshold, and considering the coordinator's instruction to adjust demand_estimate to 95% due to potential disruption, I will modify the demand estimate to account for the anticipated delay without immediately triggering a stockout flag.;9d00ed5f5f99f4d5df9c685e8a505515443f8a236aef5952edfb0d166be11869;496;85;29.535.836.219.787.500;TRUE;FALSE;8
90;16/01/2026 04:30;slaughterhouse;R9;high;modify;0.0083;0.85;1;Given the high urgency level of the disruption, I will modify our current processing schedule to increase output stock by 15% as instructed by the coordinator. However, considering our current low worker availability and partial equipment status, I must adjust the factor to ensure a more cautious approach.;cot;llama3.1:8b;llama;Given the high urgency level of the disruption, I will modify our current processing schedule to increase output stock by 15% as instructed by the coordinator. However, considering our current low worker availability and partial equipment status, I must adjust the factor to ensure a more cautious approach.;ac48d62565f112a3e249f06aca70be9a5fe6fb0107f16d81e9d3d0396fe910f5;510;81;29.738.884.210.586.500;TRUE;FALSE;8
90;16/01/2026 04:30;wholesaler;R9;high;modify;0.0086;0.85;2;Given the high urgency level of the disruption, I will modify my current inventory allocation to prioritize retail orders as instructed by the coordinator. This decision takes into account our current low inventory levels and the need to focus on critical retail shipments. By modifying our existing allocation, we can ensure that essential products reach their destination promptly.;cot;llama3.1:8b;llama;Given the high urgency level of the disruption, I will modify my current inventory allocation to prioritize retail orders as instructed by the coordinator. This decision takes into account our current low inventory levels and the need to focus on critical retail shipments. By modifying our existing allocation, we can ensure that essential products reach their destination promptly.;e0338cff3ce9c3b17e3f7c52dbeed3a1f2897e512bbfeaf9eeebcda9b141fb95;514;89;30.935.017.347.335.800;TRUE;FALSE;8
90;16/01/2026 04:30;retail;R9;high;accept;0.0082;1.0;2;Given the high urgency level of the disruption, the current stockout flag is 0, and the sales rate exceeds expected levels by 50%, I accept the coordinator's instruction to add a reorder request for +30 kg as a buffer against potential future shortages.;cot;llama3.1:8b;llama;Given the high urgency level of the disruption, the current stockout flag is 0, and the sales rate exceeds expected levels by 50%, I accept the coordinator's instruction to add a reorder request for +30 kg as a buffer against potential future shortages.;975af3a828495a866ecd6aa7989100ef00f34ad123e3e1750072c363d03fe9df;515;77;29.582.493.543.624.800;TRUE;FALSE;8
144;16/01/2026 18:00;slaughterhouse;R9;high;modify;0.0079;0.92;1;Given the high urgency level of the disruption, I must adjust our output stock to meet the coordinator's instruction. However, considering our current processing capacity is below threshold and worker availability is low, a moderate adjustment factor of 0.92 seems reasonable to avoid exacerbating existing issues.;cot;llama3.1:8b;llama;Given the high urgency level of the disruption, I must adjust our output stock to meet the coordinator's instruction. However, considering our current processing capacity is below threshold and worker availability is low, a moderate adjustment factor of 0.92 seems reasonable to avoid exacerbating existing issues.;196869c93eef80a591be73399ec2c632c258ed93e146c872d7e15c345c5ae4c0;524;82;28.416.257.619.857.700;TRUE;FALSE;8
144;16/01/2026 18:00;wholesaler;R9;high;modify;0.0087;0.9;2;Given the high urgency level of the disruption, I will modify the instruction to prioritize inventory_level for Retail while maintaining current levels and cancelling 50% of non-priority pending_shipments to focus on critical Retail orders. This approach balances the need to meet urgent Retail demands with the constraints of our current operational state.;cot;llama3.1:8b;llama;Given the high urgency level of the disruption, I will modify the instruction to prioritize inventory_level for Retail while maintaining current levels and cancelling 50% of non-priority pending_shipments to focus on critical Retail orders. This approach balances the need to meet urgent Retail demands with the constraints of our current operational state.;0c4b60ae932b24137b2941ec6ad0b2df1f2f90315b363e94233c75b172229a5a;525;88;3.137.539.768.218.990;TRUE;FALSE;8
144;16/01/2026 18:00;retail;R9;high;accept;0.0091;1.0;2;Given the high urgency level of the disruption, the current stockout flag is active, and sales rate exceeds expected levels by 150%, I accept the coordinating agent's instruction to add a reorder request for +30 kg as a buffer against further shortages. Increasing safety stock by 10% will also provide an additional emergency buffer.;cot;llama3.1:8b;llama;Given the high urgency level of the disruption, the current stockout flag is active, and sales rate exceeds expected levels by 150%, I accept the coordinating agent's instruction to add a reorder request for +30 kg as a buffer against further shortages. Increasing safety stock by 10% will also provide an additional emergency buffer.;74658cc3425cb59129dad014506eab2109149a7f16cf3ddff21d983148be826d;529;90;3.285.776.901.245.110;TRUE;FALSE;8
216;17/01/2026 12:00;slaughterhouse;R9;high;modify;0.0081;0.92;1;Given the high urgency level of the disruption, I will modify the output stock to meet the coordinator's instruction. However, considering our current processing capacity is below threshold and worker availability is low, I will adjust the factor slightly lower than previous modifications to ensure a more cautious approach.;cot;llama3.1:8b;llama;Given the high urgency level of the disruption, I will modify the output stock to meet the coordinator's instruction. However, considering our current processing capacity is below threshold and worker availability is low, I will adjust the factor slightly lower than previous modifications to ensure a more cautious approach.;4ef1f30ad6129ebb0ca744599a533a0fa132c58fda63696a44a30042c44f8633;538;81;2.907.377.290.725.700;TRUE;FALSE;8
216;17/01/2026 12:00;wholesaler;R9;high;modify;0.0076;0.95;2;Given the high urgency level of the disruption, I will modify the instruction to prioritize inventory for Retail while maintaining current levels and cancelling 50% of non-priority pending shipments to focus on critical Retail needs.;cot;llama3.1:8b;llama;Given the high urgency level of the disruption, I will modify the instruction to prioritize inventory for Retail while maintaining current levels and cancelling 50% of non-priority pending shipments to focus on critical Retail needs.;39575e3fd96eccbe96f335e2d227edaa54effe143487f3779423de5d450da961;541;67;273.984.158.039.093;TRUE;FALSE;8
216;17/01/2026 12:00;retail;R9;high;accept;0.0084;1.0;2;Given the high urgency level of the disruption, the current stockout status, and the coordinator's instruction to increase safety stock by 10% as a buffer, I accept the request to add an extra 30 kg to the reorder request. This will help mitigate the shortage and ensure continued supply to meet customer demand.;cot;llama3.1:8b;llama;Given the high urgency level of the disruption, the current stockout status, and the coordinator's instruction to increase safety stock by 10% as a buffer, I accept the request to add an extra 30 kg to the reorder request. This will help mitigate the shortage and ensure continued supply to meet customer demand.;ed963f107baa4a1a5aa7004ddb340c563263edaa63b8f6b6e7e188c05561b229;531;88;3.006.808.066.368.100;TRUE;FALSE;8
288;18/01/2026 06:00;slaughterhouse;R9;high;modify;0.0086;0.92;1;Given the high urgency level of the disruption, I will modify the output stock to meet the coordinator's instruction. However, considering our current processing capacity is below threshold and worker availability is low, I will not fully accept the instruction but rather adjust it according to our operational constraints.;cot;llama3.1:8b;llama;Given the high urgency level of the disruption, I will modify the output stock to meet the coordinator's instruction. However, considering our current processing capacity is below threshold and worker availability is low, I will not fully accept the instruction but rather adjust it according to our operational constraints.;c8ecc1c106019ce2b3ad968c55aaa2d1477c7229944a7ceeccd371ce3f7cdd80;538;81;3.107.884.120.941.160;TRUE;FALSE;8
288;18/01/2026 06:00;wholesaler;R9;high;modify;0.0081;0.92;2;Given the high urgency level of the disruption, I will modify the instruction to prioritize inventory for Retail while maintaining current levels and cancelling 50% of non-priority pending shipments to focus on critical Retail needs.;cot;llama3.1:8b;llama;Given the high urgency level of the disruption, I will modify the instruction to prioritize inventory for Retail while maintaining current levels and cancelling 50% of non-priority pending shipments to focus on critical Retail needs.;13b1c2ac1075d8db9e49637a5945fed6a95a13190ac970bb43d98d5e88631015;542;67;29.038.604.021.072.300;TRUE;FALSE;8
288;18/01/2026 06:00;retail;R9;high;accept;0.0081;1.0;2;Given the high urgency level of the disruption, our current stockout status, and the coordinator's instruction to increase safety stock as a buffer, I accept the request to add 30 kg to the reorder request and adjust the safety stock by 10%. This will help mitigate the shortage and ensure we can meet customer demand.;cot;llama3.1:8b;llama;Given the high urgency level of the disruption, our current stockout status, and the coordinator's instruction to increase safety stock as a buffer, I accept the request to add 30 kg to the reorder request and adjust the safety stock by 10%. This will help mitigate the shortage and ensure we can meet customer demand.;7276e0a68c7a408615a24d364233172fdd9b917157821b979cea6e00d10d5276;531;89;2.911.442.232.131.950;TRUE;FALSE;8
320;18/01/2026 14:00;slaughterhouse;R9;high;modify;0.006;0.85;1;Given the high urgency level of the disruption, I will modify the output stock to meet the coordinator's instruction. However, considering our current processing capacity is below threshold and worker availability is low, I will adjust the factor to ensure a more cautious approach.;cot;llama3.1:8b;llama;Given the high urgency level of the disruption, I will modify the output stock to meet the coordinator's instruction. However, considering our current processing capacity is below threshold and worker availability is low, I will adjust the factor to ensure a more cautious approach.;340952ff282f2703825238a8715604383aa917d29fa7a7b54050d3d4c4dc32ce;538;76;215.495.285.987.854;TRUE;FALSE;8
320;18/01/2026 14:00;wholesaler;R9;high;modify;0.0089;0.92;2;Given the high urgency level of the disruption, I will modify my current strategy to prioritize inventory for Retail and cancel 50% of non-priority pending shipments to focus on critical Retail orders. This decision is based on the coordinator's instruction and my local operational constraints, including low inventory levels and high incoming orders.;cot;llama3.1:8b;llama;Given the high urgency level of the disruption, I will modify my current strategy to prioritize inventory for Retail and cancel 50% of non-priority pending shipments to focus on critical Retail orders. This decision is based on the coordinator's instruction and my local operational constraints, including low inventory levels and high incoming orders.;f85f0a84a035d87cecdd9164d310ffcd04e40dcbd44b54e32b7636c8fbae0701;539;88;32.046.128.749.847.400;TRUE;FALSE;8
320;18/01/2026 14:00;retail;R9;high;accept;0.0084;1.0;2;Given the high urgency level of the disruption, the current stockout flag is 0, and the sales rate exceeds expected levels, I accept the coordinating agent's instruction to add a reorder request for +30 kg as a buffer against potential future shortages.;cot;llama3.1:8b;llama;Given the high urgency level of the disruption, the current stockout flag is 0, and the sales rate exceeds expected levels, I accept the coordinating agent's instruction to add a reorder request for +30 kg as a buffer against potential future shortages.;0634c3b0c2be2e82fc161de0a79a24f071a4eca482087ae719d718fa425e4ccc;531;75;30.388.869.047.164.900;TRUE;FALSE;8
360;19/01/2026 00:00;slaughterhouse;R9;high;modify;0.0053;0.92;1;The current processing delay is above the threshold, but we can still increase output stock by 15% to meet the coordinator's instruction. However, this will require careful allocation of our available workers and equipment to avoid further disruptions.;cot;llama3.1:8b;llama;The current processing delay is above the threshold, but we can still increase output stock by 15% to meet the coordinator's instruction. However, this will require careful allocation of our available workers and equipment to avoid further disruptions.;e22ba628f9c161cf412ea12fffd8e52e18445dc2900b91b73a727cbb12aedabc;538;71;1.899.554.419.517.510;TRUE;FALSE;8
360;19/01/2026 00:00;wholesaler;R9;high;modify;0.008;0.95;2;Given the high urgency level of the disruption, I will modify the instruction to prioritize inventory for Retail while maintaining current levels and cancelling 50% of non-priority pending shipments to focus on critical Retail needs.;cot;llama3.1:8b;llama;Given the high urgency level of the disruption, I will modify the instruction to prioritize inventory for Retail while maintaining current levels and cancelling 50% of non-priority pending shipments to focus on critical Retail needs.;c5425106ebcdf19cfb896da5e425b4b969a333a9cb058912b57a7af1f060e4e0;541;67;2.896.587.872.505.180;TRUE;FALSE;8
360;19/01/2026 00:00;retail;R9;high;accept;0.0082;1.0;2;Given the high urgency level of the disruption, the current stockout flag is 0, and the sales rate exceeds expected levels, I accept the coordinator's instruction to add a reorder request for +30 kg as a buffer against potential future shortages.;cot;llama3.1:8b;llama;Given the high urgency level of the disruption, the current stockout flag is 0, and the sales rate exceeds expected levels, I accept the coordinator's instruction to add a reorder request for +30 kg as a buffer against potential future shortages.;cc585d15906651a7ca8fd38768b0a240003a4a8672274359da888b90bbae9c49;531;74;29.679.232.358.932.400;TRUE;FALSE;8
36;17/01/2026 15:00;farm;R4;normal;modify;0.0048;0.8;1;Given the current production capacity is below 60%, reducing outgoing orders to 80% of actual capacity will help maintain a stable flock operation and prevent potential disruptions. This adjustment aligns with the coordinating agent's instruction, taking into account our local operational constraints.;cot;llama3.1:8b;llama;Given the current production capacity is below 60%, reducing outgoing orders to 80% of actual capacity will help maintain a stable flock operation and prevent potential disruptions. This adjustment aligns with the coordinating agent's instruction, taking into account our local operational constraints.;012d34cb2db4a30393ab602530e427a646a937abede5cc3ef41dc786cd72c559;502;77;17.127.001.523.971.500;TRUE;FALSE;9
36;17/01/2026 15:00;slaughterhouse;R4;normal;modify;0.0072;0.8;1;Given the current processing capacity is below threshold, reducing it to 80% as instructed by the coordinator will help prevent potential delays and maintain output stock levels within acceptable limits.;cot;llama3.1:8b;llama;Given the current processing capacity is below threshold, reducing it to 80% as instructed by the coordinator will help prevent potential delays and maintain output stock levels within acceptable limits.;1fc92340fe9f1bab05c58bf37b150211b4a1fd3c0c1f89e926503de30b7529c7;503;60;25.980.278.730.392.400;TRUE;FALSE;9
36;17/01/2026 15:00;retail;R4;normal;accept;0.0073;1.0;1;Given the current retail inventory is above safety stock, but sales rate is high and increasing, it's prudent to accept the coordinator's instruction to add a reorder request of +20 kg to mitigate potential future shortages.;cot;llama3.1:8b;llama;Given the current retail inventory is above safety stock, but sales rate is high and increasing, it's prudent to accept the coordinator's instruction to add a reorder request of +20 kg to mitigate potential future shortages.;ddd2d55911c5cce3c4d6d652a55cce5744591cb7d55a59db3c9fbda6b71619a5;483;67;26.144.016.981.124.800;TRUE;FALSE;9
88;18/01/2026 04:00;farm;R12;high;modify;0.0089;0.85;2;Given the high urgency level of the disruption, I must adjust outgoing orders to match our current production capacity. Reducing orders by 25% will help prevent further strain on resources and allow us to maintain a stable flock. Additionally, increasing production capacity by 5% through intensified operations may be feasible considering our current mortality rate is within acceptable limits.;cot;llama3.1:8b;llama;Given the high urgency level of the disruption, I must adjust outgoing orders to match our current production capacity. Reducing orders by 25% will help prevent further strain on resources and allow us to maintain a stable flock. Additionally, increasing production capacity by 5% through intensified operations may be feasible considering our current mortality rate is within acceptable limits.;c305d7f6fbd7a1b2379edb3b5d538342c8f209183397567c476b7c8dacbd18e3;525;95;32.149.190.187.454.200;TRUE;FALSE;9
88;18/01/2026 04:00;wholesaler;R12;high;modify;0.0087;0.8;2;Given the high urgency level of the disruption, I will modify our distribution capacity to 85% as instructed by the coordinator. This adjustment will help optimize our supply chain and ensure timely delivery of broilers to customers. However, I will not immediately change the delivery schedule to 'rerouted' without further assessment of its impact on our local operations.;cot;llama3.1:8b;llama;Given the high urgency level of the disruption, I will modify our distribution capacity to 85% as instructed by the coordinator. This adjustment will help optimize our supply chain and ensure timely delivery of broilers to customers. However, I will not immediately change the delivery schedule to 'rerouted' without further assessment of its impact on our local operations.;942a2adf8ecc981ce7f0dd7a8a700f966ac924d283eec79985efb7fc00a54fe3;503;95;31.143.186.330.795.200;TRUE;FALSE;9
36;19/01/2026 15:00;farm;R4;normal;modify;0.0072;0.8;1;Given the current production capacity is below 60%, reducing outgoing orders to 80% of actual capacity will help prevent further strain on resources and maintain a stable flock operation.;cot;llama3.1:8b;llama;Given the current production capacity is below 60%, reducing outgoing orders to 80% of actual capacity will help prevent further strain on resources and maintain a stable flock operation.;012d34cb2db4a30393ab602530e427a646a937abede5cc3ef41dc786cd72c559;502;60;25.998.398.303.985.500;TRUE;FALSE;10
36;19/01/2026 15:00;slaughterhouse;R4;normal;modify;0.0048;0.8;1;Given the current processing capacity is below threshold, reducing it to 80% as instructed by the coordinator will help prevent potential delays and maintain output stock levels within acceptable limits.;cot;llama3.1:8b;llama;Given the current processing capacity is below threshold, reducing it to 80% as instructed by the coordinator will help prevent potential delays and maintain output stock levels within acceptable limits.;1fc92340fe9f1bab05c58bf37b150211b4a1fd3c0c1f89e926503de30b7529c7;503;60;17.219.441.652.297.900;TRUE;FALSE;10
36;19/01/2026 15:00;retail;R4;normal;accept;0.0041;1.0;1;The current retail inventory is above the safety stock threshold, but sales rate is high and increasing. Adding +20 kg to the reorder request will help mitigate potential future shortages due to the coordinator's signal of a potential disruption.;cot;llama3.1:8b;llama;The current retail inventory is above the safety stock threshold, but sales rate is high and increasing. Adding +20 kg to the reorder request will help mitigate potential future shortages due to the coordinator's signal of a potential disruption.;ddd2d55911c5cce3c4d6d652a55cce5744591cb7d55a59db3c9fbda6b71619a5;483;69;14.664.629.459.381.100;TRUE;FALSE;10
90;20/01/2026 04:30;wholesaler;R14;normal;modify;0.0078;0.8;1;Given the current inventory level is below threshold, I will modify the reorder point to anticipate potential surge in orders from Retail. Raising the reorder point by 10% as instructed by the coordinator will help mitigate stockouts and ensure timely delivery of broilers.;cot;llama3.1:8b;llama;Given the current inventory level is below threshold, I will modify the reorder point to anticipate potential surge in orders from Retail. Raising the reorder point by 10% as instructed by the coordinator will help mitigate stockouts and ensure timely delivery of broilers.;1596c7adb5422d8e998ec311a2de45ac890efe14b40c5bb74125ea3c8933bbd4;490;77;27.935.142.755.508.400;TRUE;FALSE;10
90;20/01/2026 04:30;retail;R14;normal;accept;0.0085;1.0;2;The current retail inventory is below the safety stock threshold, but not critically low. The sales rate has increased significantly, indicating a surge in demand. Given the coordinator's instruction to increase reorder request by +25 kg and update demand estimate by 10%, I accept this adjustment as it aligns with our operational constraints.;cot;llama3.1:8b;llama;The current retail inventory is below the safety stock threshold, but not critically low. The sales rate has increased significantly, indicating a surge in demand. Given the coordinator's instruction to increase reorder request by +25 kg and update demand estimate by 10%, I accept this adjustment as it aligns with our operational constraints.;706f57e4f5a1ec1f91af1568d85c51f85f659ee13633fe8ce0ec4e287511470f;506;88;30.491.872.787.475.500;TRUE;FALSE;10
144;20/01/2026 18:00;wholesaler;R14;normal;modify;0.0085;0.85;1;Given the current inventory level is below threshold, I accept the instruction to increase reorder point by 10% as an anticipation of potential surge in reorders from Retail. This adjustment will help mitigate the risk of stockouts and ensure timely delivery. However, considering our operational constraints, I modify the factor slightly to account for the delayed delivery schedule.;cot;llama3.1:8b;llama;Given the current inventory level is below threshold, I accept the instruction to increase reorder point by 10% as an anticipation of potential surge in reorders from Retail. This adjustment will help mitigate the risk of stockouts and ensure timely delivery. However, considering our operational constraints, I modify the factor slightly to account for the delayed delivery schedule.;25a830c57fe72478fcca35b56976d699509622b6b92c4a7248ea7a53467aa1b3;496;94;30.769.591.331.481.900;TRUE;FALSE;10
144;20/01/2026 18:00;retail;R14;normal;accept;0.008;1.0;2;Given the current stockout flag is active, sales rate exceeds expected levels, and shortage duration has exceeded 2 hours, it's crucial to accept the coordinator's instruction to increase reorder request by +25 kg to prevent further disruptions.;cot;llama3.1:8b;llama;Given the current stockout flag is active, sales rate exceeds expected levels, and shortage duration has exceeded 2 hours, it's crucial to accept the coordinator's instruction to increase reorder request by +25 kg to prevent further disruptions.;7f118fe6d235005bd1f50550ccb0219b1090bd8a54ebf24ed356896aed0ae512;522;71;28.776.719.570.159.900;TRUE;FALSE;10
216;21/01/2026 12:00;wholesaler;R14;normal;modify;0.0082;0.92;1;Given the current inventory level is below 30% capacity, incoming orders are exceeding our threshold, and delivery schedule is delayed, I agree with the coordinator's instruction to increase reorder point by 10%. This will help mitigate potential stockouts and ensure timely replenishment of broilers.;cot;llama3.1:8b;llama;Given the current inventory level is below 30% capacity, incoming orders are exceeding our threshold, and delivery schedule is delayed, I agree with the coordinator's instruction to increase reorder point by 10%. This will help mitigate potential stockouts and ensure timely replenishment of broilers.;7e1ce0068eeea1f9e3d4be606c7095160e39045e1f92945e5bcd06f9017ded0c;510;82;29.574.679.851.531.900;TRUE;FALSE;10
216;21/01/2026 12:00;retail;R14;normal;modify;0.0082;0.8;2;Given the current stockout flag is high, sales rate exceeds expected levels, and shortage duration has been prolonged, I will modify the reorder request to +25 kg as instructed by the coordinator. However, considering our local operational constraints and inventory threshold, I will adjust the factor slightly to account for potential delays in restocking.;cot;llama3.1:8b;llama;Given the current stockout flag is high, sales rate exceeds expected levels, and shortage duration has been prolonged, I will modify the reorder request to +25 kg as instructed by the coordinator. However, considering our local operational constraints and inventory threshold, I will adjust the factor slightly to account for potential delays in restocking.;edf90e725f08659f4af17c42a97907c27c5d4fdfbc3ff6c12e8201481c95b8bb;536;90;29.515.632.152.557.300;TRUE;FALSE;10
36;21/01/2026 15:00;farm;R4;normal;modify;0.004;0.8;1;Given the current production capacity is below 60%, reducing outgoing orders to 80% of actual capacity will help maintain a stable flock operation and prevent potential disruptions. This adjustment aligns with the coordinating agent's instruction, taking into account our local operational constraints.;cot;llama3.1:8b;llama;Given the current production capacity is below 60%, reducing outgoing orders to 80% of actual capacity will help maintain a stable flock operation and prevent potential disruptions. This adjustment aligns with the coordinating agent's instruction, taking into account our local operational constraints.;012d34cb2db4a30393ab602530e427a646a937abede5cc3ef41dc786cd72c559;502;77;14.571.966.409.683.200;TRUE;FALSE;11
36;21/01/2026 15:00;slaughterhouse;R4;normal;modify;0.0036;0.8;1;Given the current processing capacity is below threshold, reducing it to 80% as instructed by the coordinator will help prevent potential delays and maintain output stock levels within acceptable limits.;cot;llama3.1:8b;llama;Given the current processing capacity is below threshold, reducing it to 80% as instructed by the coordinator will help prevent potential delays and maintain output stock levels within acceptable limits.;1fc92340fe9f1bab05c58bf37b150211b4a1fd3c0c1f89e926503de30b7529c7;503;60;12.814.484.357.833.800;TRUE;FALSE;11
36;21/01/2026 15:00;retail;R4;normal;accept;0.0074;1.0;1;Given the current retail inventory is above safety stock, but sales rate is high and increasing, it's prudent to accept the coordinator's instruction to add a reorder request of +20 kg to mitigate potential future shortages.;cot;llama3.1:8b;llama;Given the current retail inventory is above safety stock, but sales rate is high and increasing, it's prudent to accept the coordinator's instruction to add a reorder request of +20 kg to mitigate potential future shortages.;ddd2d55911c5cce3c4d6d652a55cce5744591cb7d55a59db3c9fbda6b71619a5;483;67;2.655.951.738.357.540;TRUE;FALSE;11
72;22/01/2026 00:00;wholesaler;R8;normal;modify;0.0078;0.8;2;The current inventory level is below the threshold, but we have incoming orders that exceed our capacity by 20%. To mitigate this risk, I will modify the delivery schedule to rerouted and reduce pending shipments by 15% to prioritize urgent deliveries.;cot;llama3.1:8b;llama;The current inventory level is below the threshold, but we have incoming orders that exceed our capacity by 20%. To mitigate this risk, I will modify the delivery schedule to rerouted and reduce pending shipments by 15% to prioritize urgent deliveries.;86ed27074272392618a62be58a012e8765a420b596deefb4fe803d2759d1b56e;506;75;2.822.149.968.147.270;TRUE;FALSE;11
72;22/01/2026 00:00;retail;R8;normal;modify;0.0083;0.8;1;Given the current retail inventory of 36.64 kg, which is above the safety stock threshold, and considering the coordinator's instruction to adjust demand_estimate to 95% due to potential disruption, I will modify the demand estimate to account for the anticipated delay without immediately triggering a stockout flag.;cot;llama3.1:8b;llama;Given the current retail inventory of 36.64 kg, which is above the safety stock threshold, and considering the coordinator's instruction to adjust demand_estimate to 95% due to potential disruption, I will modify the demand estimate to account for the anticipated delay without immediately triggering a stockout flag.;9d00ed5f5f99f4d5df9c685e8a505515443f8a236aef5952edfb0d166be11869;496;85;2.995.033.311.843.870;TRUE;FALSE;11
90;22/01/2026 04:30;slaughterhouse;R9;high;modify;0.0083;0.85;1;Given the high urgency level of the disruption, I will modify our current processing schedule to increase output stock by 15% as instructed by the coordinator. However, considering our current low worker availability and equipment status, I must adjust the factor to ensure a more cautious approach.;cot;llama3.1:8b;llama;Given the high urgency level of the disruption, I will modify our current processing schedule to increase output stock by 15% as instructed by the coordinator. However, considering our current low worker availability and equipment status, I must adjust the factor to ensure a more cautious approach.;2fef905cd0377532899bdf6794f0adfb07e1ac5db44fb695423632e5faf71255;510;80;29.711.288.690.567.000;TRUE;FALSE;11
90;22/01/2026 04:30;wholesaler;R9;high;modify;0.0086;0.85;2;Given the high urgency level of the disruption, I will modify my current inventory allocation to prioritize retail orders as instructed by the coordinator. This decision takes into account our current low inventory levels and the need to focus on critical retail shipments. By modifying our existing allocation, we can ensure that essential products reach their destination promptly.;cot;llama3.1:8b;llama;Given the high urgency level of the disruption, I will modify my current inventory allocation to prioritize retail orders as instructed by the coordinator. This decision takes into account our current low inventory levels and the need to focus on critical retail shipments. By modifying our existing allocation, we can ensure that essential products reach their destination promptly.;e0338cff3ce9c3b17e3f7c52dbeed3a1f2897e512bbfeaf9eeebcda9b141fb95;514;89;30.952.521.562.576.200;TRUE;FALSE;11
90;22/01/2026 04:30;retail;R9;high;accept;0.0083;1.0;2;Given the high urgency level of the disruption, the current stockout flag is 0, and the sales rate exceeds expected levels by 50%, I accept the coordinator's instruction to add a reorder request for +30 kg as a buffer against potential future shortages.;cot;llama3.1:8b;llama;Given the high urgency level of the disruption, the current stockout flag is 0, and the sales rate exceeds expected levels by 50%, I accept the coordinator's instruction to add a reorder request for +30 kg as a buffer against potential future shortages.;975af3a828495a866ecd6aa7989100ef00f34ad123e3e1750072c363d03fe9df;515;77;2.995.898.699.760.430;TRUE;FALSE;11
144;22/01/2026 18:00;slaughterhouse;R9;high;modify;0.0081;0.92;1;Given the high urgency level of the disruption, I will modify the output stock to increase by 15% as instructed by the coordinator. However, considering our current processing capacity is below 50%, I will adjust the factor slightly lower than the original instruction to ensure we don't overcommit resources.;cot;llama3.1:8b;llama;Given the high urgency level of the disruption, I will modify the output stock to increase by 15% as instructed by the coordinator. However, considering our current processing capacity is below 50%, I will adjust the factor slightly lower than the original instruction to ensure we don't overcommit resources.;cfe04381049b0ada1efe680308ced9c949fdfa3e0f0a8f2a0641bf7a7af58e89;524;85;2.918.366.026.878.350;TRUE;FALSE;11
144;22/01/2026 18:00;wholesaler;R9;high;modify;0.0087;0.9;2;Given the high urgency level of the disruption, I will modify the instruction to prioritize inventory_level for Retail while maintaining current levels and cancelling 50% of non-priority pending_shipments to focus on critical Retail orders. This approach balances the need to support Retail with the operational constraints of managing inventory and shipments.;cot;llama3.1:8b;llama;Given the high urgency level of the disruption, I will modify the instruction to prioritize inventory_level for Retail while maintaining current levels and cancelling 50% of non-priority pending_shipments to focus on critical Retail orders. This approach balances the need to support Retail with the operational constraints of managing inventory and shipments.;e97fd2d42f18573a8edffa60fcd62ed77b67b27236e94053654f7ab05c1d167f;525;87;3.114.408.254.623.410;TRUE;FALSE;11
144;22/01/2026 18:00;retail;R9;high;accept;0.0089;1.0;2;Given the high urgency level of the disruption, the current stockout flag is active, and sales rate exceeds expected levels by 150%, I accept the coordinating agent's instruction to add a reorder request for +30 kg as a buffer against further shortages. Increasing safety stock by 10% will also provide an additional emergency buffer.;cot;llama3.1:8b;llama;Given the high urgency level of the disruption, the current stockout flag is active, and sales rate exceeds expected levels by 150%, I accept the coordinating agent's instruction to add a reorder request for +30 kg as a buffer against further shortages. Increasing safety stock by 10% will also provide an additional emergency buffer.;74658cc3425cb59129dad014506eab2109149a7f16cf3ddff21d983148be826d;529;90;3.206.947.612.762.450;TRUE;FALSE;11
216;23/01/2026 12:00;slaughterhouse;R9;high;modify;0.0081;0.92;1;Given the high urgency level of the disruption, I will modify the output stock to meet the coordinator's instruction. However, considering our current processing capacity is below threshold and worker availability is low, I will adjust the factor slightly lower than previous modifications to ensure a more cautious approach.;cot;llama3.1:8b;llama;Given the high urgency level of the disruption, I will modify the output stock to meet the coordinator's instruction. However, considering our current processing capacity is below threshold and worker availability is low, I will adjust the factor slightly lower than previous modifications to ensure a more cautious approach.;5f8c4421b59c1caf3d160210b3269ca79edf88cad4ea1d59de2e2342c5a50987;538;81;29.117.104.530.334.400;TRUE;FALSE;11
216;23/01/2026 12:00;wholesaler;R9;high;modify;0.0084;0.95;2;Given the high urgency level of the disruption, I will modify the instruction to prioritize inventory for Retail and cancel 50% of non-priority pending shipments to focus on critical Retail orders. This decision balances the need to meet urgent Retail demands with the constraint of limited inventory levels.;cot;llama3.1:8b;llama;Given the high urgency level of the disruption, I will modify the instruction to prioritize inventory for Retail and cancel 50% of non-priority pending shipments to focus on critical Retail orders. This decision balances the need to meet urgent Retail demands with the constraint of limited inventory levels.;9276aae307817a709d3e43037d71e3b5028a7441d2989801377838321e50e2cd;541;81;30.176.785.945.892.300;TRUE;FALSE;11
216;23/01/2026 12:00;retail;R9;high;accept;0.0083;1.0;2;Given the high urgency level of the disruption, the current stockout status, and the coordinator's instruction to increase safety stock by 10% as a buffer, I accept the request to add an extra 30 kg to the reorder request. This will help mitigate the shortage and ensure continued supply to meet customer demand.;cot;llama3.1:8b;llama;Given the high urgency level of the disruption, the current stockout status, and the coordinator's instruction to increase safety stock by 10% as a buffer, I accept the request to add an extra 30 kg to the reorder request. This will help mitigate the shortage and ensure continued supply to meet customer demand.;4a8efda3cd7c2cc4ac814b29eecb1593cc944bf89586db7ebd83a911ec3ed1b8;531;88;298.601.975.440.979;TRUE;FALSE;11
288;24/01/2026 06:00;slaughterhouse;R9;high;modify;0.0062;0.92;1;Given the high urgency level of the disruption, I will modify the output stock to meet the coordinator's instruction. However, considering our current processing capacity is below threshold and worker availability is low, I will adjust the factor slightly lower than previous modifications to ensure a more cautious approach.;cot;llama3.1:8b;llama;Given the high urgency level of the disruption, I will modify the output stock to meet the coordinator's instruction. However, considering our current processing capacity is below threshold and worker availability is low, I will adjust the factor slightly lower than previous modifications to ensure a more cautious approach.;ae82b0a225a2acfca2ba3973af76ea2874dc290bcb09363fdaeb0032ed101e11;538;81;22.435.911.417.007.400;TRUE;FALSE;11
288;24/01/2026 06:00;wholesaler;R9;high;modify;0.008;0.92;2;Given the high urgency level of the disruption, I will modify the instruction to prioritize inventory for Retail while maintaining current levels and cancelling 50% of non-priority pending shipments to focus on critical Retail needs.;cot;llama3.1:8b;llama;Given the high urgency level of the disruption, I will modify the instruction to prioritize inventory for Retail while maintaining current levels and cancelling 50% of non-priority pending shipments to focus on critical Retail needs.;2d97a3343908ce02d53e45bf262d4e210be52809a02d562dcb6ecfe77c1df9e9;539;67;28.729.039.192.199.700;TRUE;FALSE;11
288;24/01/2026 06:00;retail;R9;high;accept;0.0075;1.0;2;Given the high urgency level of the disruption, the current stockout status, and the coordinator's instruction to increase safety stock by 10% as a buffer, I accept the request to add an additional 30 kg to the reorder request.;cot;llama3.1:8b;llama;Given the high urgency level of the disruption, the current stockout status, and the coordinator's instruction to increase safety stock by 10% as a buffer, I accept the request to add an additional 30 kg to the reorder request.;6d96fc44f6bb3f86e8f4b1f766955e0a30214ada7c3cd87cef70390b62584429;531;73;2.685.615.038.871.760;TRUE;FALSE;11
296;24/01/2026 08:00;slaughterhouse;R9;high;modify;0.0064;0.85;1;Given the high urgency level of the disruption, I will modify the output stock to increase by 15% as instructed by the coordinator. However, considering our current processing capacity is below 50%, I will adjust the factor slightly lower than before to ensure we don't overcommit and exacerbate the delay issue.;cot;llama3.1:8b;llama;Given the high urgency level of the disruption, I will modify the output stock to increase by 15% as instructed by the coordinator. However, considering our current processing capacity is below 50%, I will adjust the factor slightly lower than before to ensure we don't overcommit and exacerbate the delay issue.;284ff12745df83b429e1e9a2f7422fb9e1c93198ca53722e99be181347ce9bed;538;88;23.089.118.719.100.900;TRUE;FALSE;11
296;24/01/2026 08:00;wholesaler;R9;high;modify;0.0094;0.92;2;Given the high urgency level of the disruption, I will modify the instruction to prioritize inventory for Retail and cancel 50% of non-priority pending shipments to focus on critical Retail orders. This decision balances the need to meet urgent Retail demands with the constraint of limited capacity. By doing so, we can minimize stockouts and ensure timely delivery to our key customers.;cot;llama3.1:8b;llama;Given the high urgency level of the disruption, I will modify the instruction to prioritize inventory for Retail and cancel 50% of non-priority pending shipments to focus on critical Retail orders. This decision balances the need to meet urgent Retail demands with the constraint of limited capacity. By doing so, we can minimize stockouts and ensure timely delivery to our key customers.;3d9179572b8890768f7629b893ab7efb5ba709685747adc6a5eef1ac3f36b4bb;541;98;33.809.816.122.055.000;TRUE;FALSE;11
296;24/01/2026 08:00;retail;R9;high;accept;0.0072;1.0;2;Given the high urgency level of the disruption, our current stockout status, and the coordinator's instruction to increase safety stock as a buffer, I accept the request to add an additional 30 kg to the reorder request.;cot;llama3.1:8b;llama;Given the high urgency level of the disruption, our current stockout status, and the coordinator's instruction to increase safety stock as a buffer, I accept the request to add an additional 30 kg to the reorder request.;1d4317727fcfbf5095bd790ead19c919c706b9013f2f44d0fdc2e50fe958ea32;531;69;2.583.409.094.810.480;TRUE;FALSE;11
360;25/01/2026 00:00;slaughterhouse;R9;high;modify;0.0055;0.92;1;Given the high urgency level of the disruption, I will modify the output stock to meet the coordinator's instruction. However, considering our current processing capacity is below threshold and worker availability is low, I will adjust the factor slightly lower than previous modifications.;cot;llama3.1:8b;llama;Given the high urgency level of the disruption, I will modify the output stock to meet the coordinator's instruction. However, considering our current processing capacity is below threshold and worker availability is low, I will adjust the factor slightly lower than previous modifications.;f37a56ee539f40c44cc3782f66686db2d4fc921c82d5eb0817b6b9defe78500d;538;75;19.829.734.325.408.900;TRUE;FALSE;11
360;25/01/2026 00:00;wholesaler;R9;high;modify;0.0093;0.95;2;Given the high urgency level of the disruption, I will modify my current inventory allocation to prioritize retail orders as instructed by the coordinator. This decision is supported by our current low inventory levels and high incoming orders, which necessitate a focus on critical retail shipments. By modifying our existing shipment schedule, we can ensure that essential retail deliveries are met while minimizing disruptions.;cot;llama3.1:8b;llama;Given the high urgency level of the disruption, I will modify my current inventory allocation to prioritize retail orders as instructed by the coordinator. This decision is supported by our current low inventory levels and high incoming orders, which necessitate a focus on critical retail shipments. By modifying our existing shipment schedule, we can ensure that essential retail deliveries are met while minimizing disruptions.;2665b311948d07e0fddc6931b819ad21c15cc40472b5689642984ba9d515b244;542;97;3.334.952.473.640.440;TRUE;FALSE;11
360;25/01/2026 00:00;retail;R9;high;accept;0.0081;1.0;2;Given the high urgency level of the disruption, our current stockout status, and the coordinator's instruction to increase safety stock as a buffer, I accept the request to add 30 kg to the reorder request and adjust the safety stock by 10%. This will help mitigate the shortage and ensure we can meet customer demand.;cot;llama3.1:8b;llama;Given the high urgency level of the disruption, our current stockout status, and the coordinator's instruction to increase safety stock as a buffer, I accept the request to add 30 kg to the reorder request and adjust the safety stock by 10%. This will help mitigate the shortage and ensure we can meet customer demand.;343e7035b08148ec38f9dda2080714b968c28db146b62d6290df578f631c6c3b;531;89;29.152.852.058.410.600;TRUE;FALSE;11
36;23/01/2026 15:00;farm;R4;normal;modify;0.0048;0.8;1;Given the current production capacity is below 60%, reducing outgoing orders to 80% of actual capacity will help maintain a stable flock operation and prevent potential disruptions. This adjustment aligns with the coordinating agent's instruction, taking into account our local operational constraints.;cot;llama3.1:8b;llama;Given the current production capacity is below 60%, reducing outgoing orders to 80% of actual capacity will help maintain a stable flock operation and prevent potential disruptions. This adjustment aligns with the coordinating agent's instruction, taking into account our local operational constraints.;012d34cb2db4a30393ab602530e427a646a937abede5cc3ef41dc786cd72c559;502;77;17.121.957.540.512.000;TRUE;FALSE;12
36;23/01/2026 15:00;slaughterhouse;R4;normal;modify;0.0072;0.8;1;Given the current processing capacity is below threshold, reducing it to 80% as instructed by the coordinator will help prevent potential delays and maintain output stock levels within acceptable limits.;cot;llama3.1:8b;llama;Given the current processing capacity is below threshold, reducing it to 80% as instructed by the coordinator will help prevent potential delays and maintain output stock levels within acceptable limits.;1fc92340fe9f1bab05c58bf37b150211b4a1fd3c0c1f89e926503de30b7529c7;503;60;2.592.732.572.555.540;TRUE;FALSE;12
36;23/01/2026 15:00;retail;R4;normal;accept;0.0072;1.0;1;Given the current retail inventory is above safety stock, but sales rate is high and increasing, it's prudent to accept the coordinator's instruction to add a reorder request of +20 kg to mitigate potential future shortages.;cot;llama3.1:8b;llama;Given the current retail inventory is above safety stock, but sales rate is high and increasing, it's prudent to accept the coordinator's instruction to add a reorder request of +20 kg to mitigate potential future shortages.;ddd2d55911c5cce3c4d6d652a55cce5744591cb7d55a59db3c9fbda6b71619a5;483;67;26.058.732.748.031.600;TRUE;FALSE;12
80;24/01/2026 02:00;wholesaler;R8;normal;modify;0.008;0.8;2;The current inventory level is below the threshold, but not critically low. The incoming orders are above capacity, and the delivery schedule is normal. Modifying the delivery schedule to 'rerouted' will help mitigate potential disruptions and ensure timely delivery of critical shipments.;cot;llama3.1:8b;llama;The current inventory level is below the threshold, but not critically low. The incoming orders are above capacity, and the delivery schedule is normal. Modifying the delivery schedule to 'rerouted' will help mitigate potential disruptions and ensure timely delivery of critical shipments.;ad6bcf992c7ee5b9b01ec073725e0ade160e267730817f36ab226fb2badecfc6;506;77;2.871.126.413.345.330;TRUE;FALSE;12
80;24/01/2026 02:00;retail;R8;normal;modify;0.0082;0.8;1;Given the current retail inventory of 44.2 kg, which is above the safety stock threshold, and considering the coordinator's instruction to adjust demand_estimate to 95% due to potential disruption, I will modify the demand estimate to account for the anticipated delay without immediately triggering a stockout flag.;cot;llama3.1:8b;llama;Given the current retail inventory of 44.2 kg, which is above the safety stock threshold, and considering the coordinator's instruction to adjust demand_estimate to 95% due to potential disruption, I will modify the demand estimate to account for the anticipated delay without immediately triggering a stockout flag.;08a5cfb9483f3b0f846492f1f7d34667173f4e52c351a9786946327441d95a90;496;85;29.461.509.943.008.400;TRUE;FALSE;12
108;24/01/2026 09:00;farm;R12;high;modify;0.0078;0.85;2;Given the high urgency level of the disruption, I must adjust outgoing orders to match our current production capacity. Reducing orders by 25% will help prevent overstocking and maintain a stable supply chain. Additionally, increasing production capacity by 5% through intensification is feasible considering our current mortality rate and disease alert status.;cot;llama3.1:8b;llama;Given the high urgency level of the disruption, I must adjust outgoing orders to match our current production capacity. Reducing orders by 25% will help prevent overstocking and maintain a stable supply chain. Additionally, increasing production capacity by 5% through intensification is feasible considering our current mortality rate and disease alert status.;7a480d51495381720c3ffa35c40a308e490e64b0f904862afac2f578737f8f19;527;91;2.820.864.248.275.750;TRUE;FALSE;12
108;24/01/2026 09:00;wholesaler;R12;high;modify;0.0091;0.85;2;Given the high urgency level of the disruption, I will adjust our distribution capacity to 85% as instructed by the coordinator. This adjustment is necessary to optimize our response to the disruption and ensure that we can meet the increased demand for broiler distribution in East Java. By modifying our capacity, we can better align with the available supply from Farm and reroute deliveries accordingly.;cot;llama3.1:8b;llama;Given the high urgency level of the disruption, I will adjust our distribution capacity to 85% as instructed by the coordinator. This adjustment is necessary to optimize our response to the disruption and ensure that we can meet the increased demand for broiler distribution in East Java. By modifying our capacity, we can better align with the available supply from Farm and reroute deliveries accordingly.;03b59bae30bd4a8783b8b474ed0106e2832d3b73f40817313bdad611135f25ad;512;100;32.733.148.097.991.900;TRUE;FALSE;12
144;24/01/2026 18:00;slaughterhouse;R9;high;modify;0.0083;0.85;1;Given the high urgency level of the disruption, I will modify our output stock to increase by 15% as instructed by the coordinator. However, considering our current processing capacity is below threshold and worker availability is low, I will adjust the factor slightly to ensure we don't overcommit resources.;cot;llama3.1:8b;llama;Given the high urgency level of the disruption, I will modify our output stock to increase by 15% as instructed by the coordinator. However, considering our current processing capacity is below threshold and worker availability is low, I will adjust the factor slightly to ensure we don't overcommit resources.;c23c9a5a7bb07ec84e83fa7d3022a69472650fee41fac27cd64bbda2fff1644f;510;84;29.936.864.614.486.600;TRUE;FALSE;12
144;24/01/2026 18:00;wholesaler;R9;high;modify;0.0078;0.9;2;Given the high urgency level of the disruption, I will modify the instruction to prioritize inventory for Retail while maintaining current levels and cancelling 50% of non-priority pending shipments to focus on critical Retail needs.;cot;llama3.1:8b;llama;Given the high urgency level of the disruption, I will modify the instruction to prioritize inventory for Retail while maintaining current levels and cancelling 50% of non-priority pending shipments to focus on critical Retail needs.;7abb791c3dc02f091fe32c7d4557c650f2b7b895f072e380a9a0edc1d501a3ec;528;67;2.810.629.630.088.800;TRUE;FALSE;12
144;24/01/2026 18:00;retail;R9;high;accept;0.0083;1.0;2;The current retail inventory is below the safety stock threshold, and the sales rate has exceeded expected levels. The coordinator's instruction to add a reorder request for +30 kg and increase the safety stock by 10% as an emergency buffer is appropriate given the high urgency level of the disruption.;cot;llama3.1:8b;llama;The current retail inventory is below the safety stock threshold, and the sales rate has exceeded expected levels. The coordinator's instruction to add a reorder request for +30 kg and increase the safety stock by 10% as an emergency buffer is appropriate given the high urgency level of the disruption.;cd9da13517dc889c026319d8311098222577a5ddab035e21cb219faa2dbaa4e2;515;82;29.969.584.941.864.000;TRUE;FALSE;12
36;25/01/2026 15:00;farm;R4;normal;modify;0.0067;0.8;1;Given the current production capacity is below 60%, reducing outgoing orders to 80% of actual capacity will help maintain a stable flock management and prevent potential disruptions. This adjustment aligns with the coordinator's instruction, taking into account our local operational constraints.;cot;llama3.1:8b;llama;Given the current production capacity is below 60%, reducing outgoing orders to 80% of actual capacity will help maintain a stable flock management and prevent potential disruptions. This adjustment aligns with the coordinator's instruction, taking into account our local operational constraints.;012d34cb2db4a30393ab602530e427a646a937abede5cc3ef41dc786cd72c559;502;76;2.425.713.062.286.370;TRUE;FALSE;13
36;25/01/2026 15:00;slaughterhouse;R4;normal;modify;0.0072;0.8;1;Given the current processing capacity is below threshold, reducing it to 80% as instructed by the coordinator will help prevent potential delays and maintain output stock levels within acceptable limits.;cot;llama3.1:8b;llama;Given the current processing capacity is below threshold, reducing it to 80% as instructed by the coordinator will help prevent potential delays and maintain output stock levels within acceptable limits.;1fc92340fe9f1bab05c58bf37b150211b4a1fd3c0c1f89e926503de30b7529c7;503;60;25.996.928.215.026.800;TRUE;FALSE;13
36;25/01/2026 15:00;retail;R4;normal;accept;0.0072;1.0;1;Given the current retail inventory is above safety stock, but sales rate is high and increasing, it's prudent to accept the coordinator's instruction to add a reorder request of +20 kg to mitigate potential future shortages.;cot;llama3.1:8b;llama;Given the current retail inventory is above safety stock, but sales rate is high and increasing, it's prudent to accept the coordinator's instruction to add a reorder request of +20 kg to mitigate potential future shortages.;ddd2d55911c5cce3c4d6d652a55cce5744591cb7d55a59db3c9fbda6b71619a5;483;67;25.992.254.972.457.800;TRUE;FALSE;13
88;26/01/2026 04:00;farm;R12;high;modify;0.0086;0.85;2;Given the high urgency level of the disruption, I must adjust outgoing orders to match our current production capacity. Reducing orders by 25% will help prevent further strain on resources and allow us to maintain a stable flock management. This adjustment should also enable us to increase production capacity by 5%, as instructed.;cot;llama3.1:8b;llama;Given the high urgency level of the disruption, I must adjust outgoing orders to match our current production capacity. Reducing orders by 25% will help prevent further strain on resources and allow us to maintain a stable flock management. This adjustment should also enable us to increase production capacity by 5%, as instructed.;ecc4567c2b724434ec6749ce9258a7e8ea3628b5e8c1771f01d15dbdae4248e1;525;88;3.111.900.544.166.560;TRUE;FALSE;13
88;26/01/2026 04:00;wholesaler;R12;high;modify;0.0081;0.8;2;Given the high urgency level of the disruption, I will modify our distribution capacity to 85% as instructed by the coordinator. This adjustment will help us optimize our distribution and ensure that we can meet the increased demand from incoming orders while also considering our inventory levels.;cot;llama3.1:8b;llama;Given the high urgency level of the disruption, I will modify our distribution capacity to 85% as instructed by the coordinator. This adjustment will help us optimize our distribution and ensure that we can meet the increased demand from incoming orders while also considering our inventory levels.;f2b7ade4fd885a9ef43ab76317f16fdde4857a16d43aa8bd8f9f468247413630;503;78;29.282.081.842.422.400;TRUE;FALSE;13
324;28/01/2026 15:00;slaughterhouse;R9;high;modify;0.0084;0.85;1;Given the high urgency level of the disruption, I will modify our current processing schedule to increase output stock by 15% as instructed by the coordinator. However, considering our current low worker availability and moderate processing delay, I must adjust the factor slightly to ensure a balanced response.;cot;llama3.1:8b;llama;Given the high urgency level of the disruption, I will modify our current processing schedule to increase output stock by 15% as instructed by the coordinator. However, considering our current low worker availability and moderate processing delay, I must adjust the factor slightly to ensure a balanced response.;e9303833f45e7a95337017c9685089a22d18f58b10c5a24767f10a06edc2d8f9;508;81;301.755.793.094.635;TRUE;FALSE;13
324;28/01/2026 15:00;wholesaler;R9;high;modify;0.0086;0.85;2;Given the high urgency level of the disruption, I will modify my current inventory allocation to prioritize retail orders as instructed by the coordinator. This decision is supported by our current low inventory levels and incoming orders exceeding capacity. By prioritizing retail, we can minimize stockouts and ensure critical customer needs are met.;cot;llama3.1:8b;llama;Given the high urgency level of the disruption, I will modify my current inventory allocation to prioritize retail orders as instructed by the coordinator. This decision is supported by our current low inventory levels and incoming orders exceeding capacity. By prioritizing retail, we can minimize stockouts and ensure critical customer needs are met.;8de6d8f287542134d3c21c3b747ccad99287e0dc1539b9dc83a7dec3cc29586e;512;86;30.799.402.952.194.200;TRUE;FALSE;13
324;28/01/2026 15:00;retail;R9;high;accept;0.0085;1.0;2;Given the high urgency level of the disruption, our current stockout status, and the coordinator's instruction to increase safety stock as a buffer, I accept the request to add 30 kg to the reorder request and adjust the safety stock by 10%. This will help mitigate the shortage and ensure we can meet customer demand.;cot;llama3.1:8b;llama;Given the high urgency level of the disruption, our current stockout status, and the coordinator's instruction to increase safety stock as a buffer, I accept the request to add 30 kg to the reorder request and adjust the safety stock by 10%. This will help mitigate the shortage and ensure we can meet customer demand.;cdca4c090cde5111ef17f6a8f5754107d5c4bb86cd608ea374c5d2c83ffe9bb2;503;89;30.543.891.191.482.500;TRUE;FALSE;13
352;28/01/2026 22:00;slaughterhouse;R9;high;modify;0.0078;0.92;1;Given the high urgency level of the disruption, I will modify the output stock to meet the coordinator's instruction. However, considering our current processing capacity is below threshold and worker availability is low, I will adjust the factor slightly lower than before to ensure a more cautious approach.;cot;llama3.1:8b;llama;Given the high urgency level of the disruption, I will modify the output stock to meet the coordinator's instruction. However, considering our current processing capacity is below threshold and worker availability is low, I will adjust the factor slightly lower than before to ensure a more cautious approach.;36e1e22e304b18d6f9e5d946e15312f80369122b5a4e1e8413303a7da5f6b691;524;80;28.253.583.192.825.300;TRUE;FALSE;13
352;28/01/2026 22:00;wholesaler;R9;high;modify;0.0078;0.92;2;Given the high urgency level of the disruption, I will modify the instruction to prioritize inventory for Retail while maintaining current levels and cancelling 50% of non-priority pending shipments to focus on critical Retail needs.;cot;llama3.1:8b;llama;Given the high urgency level of the disruption, I will modify the instruction to prioritize inventory for Retail while maintaining current levels and cancelling 50% of non-priority pending shipments to focus on critical Retail needs.;5e6ffec13066a89b74ab5562427477e37496243125101938ee93d59a56d1f9e4;525;67;2.792.557.716.369.620;TRUE;FALSE;13
352;28/01/2026 22:00;retail;R9;high;accept;0.0082;1.0;2;Given the high urgency level of the disruption, I accept the coordinating agent's instruction to increase safety stock by 10% as an emergency buffer and add a reorder request for +30 kg. This will help mitigate potential stockouts and ensure continued supply during this crisis.;cot;llama3.1:8b;llama;Given the high urgency level of the disruption, I accept the coordinating agent's instruction to increase safety stock by 10% as an emergency buffer and add a reorder request for +30 kg. This will help mitigate potential stockouts and ensure continued supply during this crisis.;2ccfe272676a64ff484ce91803d9293174d1ce709a81792a77b7be3949d3aec2;517;78;29.502.261.877.059.900;TRUE;FALSE;13
36;27/01/2026 15:00;farm;R4;normal;modify;0.0071;0.8;1;Given the current production capacity is below 60%, reducing outgoing orders to 80% of actual capacity will help prevent further strain on resources and maintain a stable flock operation.;cot;llama3.1:8b;llama;Given the current production capacity is below 60%, reducing outgoing orders to 80% of actual capacity will help prevent further strain on resources and maintain a stable flock operation.;012d34cb2db4a30393ab602530e427a646a937abede5cc3ef41dc786cd72c559;502;60;2.570.639.967.918.390;TRUE;FALSE;14
36;27/01/2026 15:00;slaughterhouse;R4;normal;modify;0.0072;0.8;1;Given the current processing capacity is below threshold, reducing it to 80% as instructed by the coordinator will help prevent potential delays and maintain output stock levels within acceptable limits.;cot;llama3.1:8b;llama;Given the current processing capacity is below threshold, reducing it to 80% as instructed by the coordinator will help prevent potential delays and maintain output stock levels within acceptable limits.;1fc92340fe9f1bab05c58bf37b150211b4a1fd3c0c1f89e926503de30b7529c7;503;60;2.600.475.263.595.580;TRUE;FALSE;14
36;27/01/2026 15:00;retail;R4;normal;accept;0.0072;1.0;1;Given the current retail inventory is above safety stock, but sales rate is high and increasing, it's prudent to accept the coordinator's instruction to add a reorder request of +20 kg to mitigate potential future shortages.;cot;llama3.1:8b;llama;Given the current retail inventory is above safety stock, but sales rate is high and increasing, it's prudent to accept the coordinator's instruction to add a reorder request of +20 kg to mitigate potential future shortages.;ddd2d55911c5cce3c4d6d652a55cce5744591cb7d55a59db3c9fbda6b71619a5;483;67;2.599.774.956.703.180;TRUE;FALSE;14
88;28/01/2026 04:00;farm;R12;high;modify;0.0087;0.85;2;Given the high urgency level of the disruption, I must adjust outgoing orders to match our current production capacity. Reducing orders by 25% will help prevent further strain on resources and allow us to maintain a stable flock management. This adjustment should also enable us to increase production capacity by 5%, as instructed.;cot;llama3.1:8b;llama;Given the high urgency level of the disruption, I must adjust outgoing orders to match our current production capacity. Reducing orders by 25% will help prevent further strain on resources and allow us to maintain a stable flock management. This adjustment should also enable us to increase production capacity by 5%, as instructed.;ecc4567c2b724434ec6749ce9258a7e8ea3628b5e8c1771f01d15dbdae4248e1;525;88;31.224.971.771.240.200;TRUE;FALSE;14
88;28/01/2026 04:00;wholesaler;R12;high;modify;0.0079;0.8;2;Given the high urgency level of the disruption, I will modify our distribution capacity to 85% as instructed by the coordinator. This adjustment will help us optimize our distribution and ensure that we can meet the increased demand from incoming orders while also considering our inventory levels.;cot;llama3.1:8b;llama;Given the high urgency level of the disruption, I will modify our distribution capacity to 85% as instructed by the coordinator. This adjustment will help us optimize our distribution and ensure that we can meet the increased demand from incoming orders while also considering our inventory levels.;f2b7ade4fd885a9ef43ab76317f16fdde4857a16d43aa8bd8f9f468247413630;503;78;28.591.466.188.430.700;TRUE;FALSE;14
324;30/01/2026 15:00;slaughterhouse;R9;high;modify;0.0082;0.85;1;Given the high urgency level of the disruption, I will modify our current processing schedule to increase output stock by 15% as instructed by the coordinator. However, considering our current low worker availability and moderate processing delay, I must adjust the factor slightly to ensure a balanced response.;cot;llama3.1:8b;llama;Given the high urgency level of the disruption, I will modify our current processing schedule to increase output stock by 15% as instructed by the coordinator. However, considering our current low worker availability and moderate processing delay, I must adjust the factor slightly to ensure a balanced response.;e9303833f45e7a95337017c9685089a22d18f58b10c5a24767f10a06edc2d8f9;508;81;29.386.264.085.769.600;TRUE;FALSE;14
324;30/01/2026 15:00;wholesaler;R9;high;modify;0.0084;0.85;2;Given the high urgency level of the disruption, I will modify my current inventory allocation to prioritize retail orders as instructed by the coordinator. This decision is supported by our current low inventory levels and incoming orders exceeding capacity. By prioritizing retail, we can minimize stockouts and ensure critical customer needs are met.;cot;llama3.1:8b;llama;Given the high urgency level of the disruption, I will modify my current inventory allocation to prioritize retail orders as instructed by the coordinator. This decision is supported by our current low inventory levels and incoming orders exceeding capacity. By prioritizing retail, we can minimize stockouts and ensure critical customer needs are met.;8de6d8f287542134d3c21c3b747ccad99287e0dc1539b9dc83a7dec3cc29586e;512;86;30.152.800.798.416.100;TRUE;FALSE;14
324;30/01/2026 15:00;retail;R9;high;accept;0.0085;1.0;2;Given the high urgency level of the disruption, our current stockout status, and the coordinator's instruction to increase safety stock as a buffer, I accept the request to add 30 kg to the reorder request and adjust the safety stock by 10%. This will help mitigate the shortage and ensure we can meet customer demand.;cot;llama3.1:8b;llama;Given the high urgency level of the disruption, our current stockout status, and the coordinator's instruction to increase safety stock as a buffer, I accept the request to add 30 kg to the reorder request and adjust the safety stock by 10%. This will help mitigate the shortage and ensure we can meet customer demand.;cdca4c090cde5111ef17f6a8f5754107d5c4bb86cd608ea374c5d2c83ffe9bb2;503;89;3.057.736.825.942.990;TRUE;FALSE;14
352;30/01/2026 22:00;slaughterhouse;R9;high;modify;0.0078;0.92;1;Given the high urgency level of the disruption, I will modify the output stock to meet the coordinator's instruction. However, considering our current processing capacity is below threshold and worker availability is low, I will adjust the factor slightly lower than before to ensure a more cautious approach.;cot;llama3.1:8b;llama;Given the high urgency level of the disruption, I will modify the output stock to meet the coordinator's instruction. However, considering our current processing capacity is below threshold and worker availability is low, I will adjust the factor slightly lower than before to ensure a more cautious approach.;36e1e22e304b18d6f9e5d946e15312f80369122b5a4e1e8413303a7da5f6b691;524;80;28.255.609.035.491.900;TRUE;FALSE;14
352;30/01/2026 22:00;wholesaler;R9;high;modify;0.0078;0.92;2;Given the high urgency level of the disruption, I will modify the instruction to prioritize inventory for Retail while maintaining current levels and cancelling 50% of non-priority pending shipments to focus on critical Retail needs.;cot;llama3.1:8b;llama;Given the high urgency level of the disruption, I will modify the instruction to prioritize inventory for Retail while maintaining current levels and cancelling 50% of non-priority pending shipments to focus on critical Retail needs.;5e6ffec13066a89b74ab5562427477e37496243125101938ee93d59a56d1f9e4;525;67;28.065.486.431.121.800;TRUE;FALSE;14
352;30/01/2026 22:00;retail;R9;high;accept;0.0084;1.0;2;Given the high urgency level of the disruption, I accept the coordinating agent's instruction to increase safety stock by 10% as an emergency buffer and add a reorder request for +30 kg. This will help mitigate potential stockouts and ensure continued supply during this crisis.;cot;llama3.1:8b;llama;Given the high urgency level of the disruption, I accept the coordinating agent's instruction to increase safety stock by 10% as an emergency buffer and add a reorder request for +30 kg. This will help mitigate potential stockouts and ensure continued supply during this crisis.;2ccfe272676a64ff484ce91803d9293174d1ce709a81792a77b7be3949d3aec2;517;78;3.014.257.001.876.830;TRUE;FALSE;14
36;29/01/2026 15:00;farm;R4;normal;modify;0.0071;0.8;1;Given the current production capacity is below 60%, reducing outgoing orders to 80% of actual capacity will help prevent further strain on resources and maintain a stable flock operation.;cot;llama3.1:8b;llama;Given the current production capacity is below 60%, reducing outgoing orders to 80% of actual capacity will help prevent further strain on resources and maintain a stable flock operation.;012d34cb2db4a30393ab602530e427a646a937abede5cc3ef41dc786cd72c559;502;60;2.548.012.924.194.330;TRUE;FALSE;15
36;29/01/2026 15:00;slaughterhouse;R4;normal;modify;0.0078;0.8;1;Given the current processing capacity is below threshold, reducing it to 80% as instructed by the coordinator will help prevent potential delays and maintain output stock levels within acceptable limits.;cot;llama3.1:8b;llama;Given the current processing capacity is below threshold, reducing it to 80% as instructed by the coordinator will help prevent potential delays and maintain output stock levels within acceptable limits.;1fc92340fe9f1bab05c58bf37b150211b4a1fd3c0c1f89e926503de30b7529c7;503;60;27.974.167.108.535.700;TRUE;FALSE;15
36;29/01/2026 15:00;retail;R4;normal;accept;0.0074;1.0;1;Given the current retail inventory is above safety stock, but sales rate is high and increasing, it's prudent to accept the coordinator's instruction to add a reorder request of +20 kg to mitigate potential future shortages.;cot;llama3.1:8b;llama;Given the current retail inventory is above safety stock, but sales rate is high and increasing, it's prudent to accept the coordinator's instruction to add a reorder request of +20 kg to mitigate potential future shortages.;ddd2d55911c5cce3c4d6d652a55cce5744591cb7d55a59db3c9fbda6b71619a5;483;67;26.627.397.298.812.800;TRUE;FALSE;15
72;30/01/2026 00:00;wholesaler;R8;normal;modify;0.0079;0.8;2;The current inventory level is below the threshold, but we have incoming orders that exceed our capacity by 20%. To mitigate this risk, I will modify the delivery schedule to rerouted and reduce pending shipments by 15% to prioritize urgent deliveries.;cot;llama3.1:8b;llama;The current inventory level is below the threshold, but we have incoming orders that exceed our capacity by 20%. To mitigate this risk, I will modify the delivery schedule to rerouted and reduce pending shipments by 15% to prioritize urgent deliveries.;86ed27074272392618a62be58a012e8765a420b596deefb4fe803d2759d1b56e;506;75;2.840.986.180.305.480;TRUE;FALSE;15
72;30/01/2026 00:00;retail;R8;normal;modify;0.0082;0.8;1;Given the current retail inventory of 36.64 kg, which is above the safety stock threshold, and considering the coordinator's instruction to adjust demand_estimate to 95% due to potential disruption, I will modify the demand estimate to account for the anticipated delay without immediately triggering a stockout flag.;cot;llama3.1:8b;llama;Given the current retail inventory of 36.64 kg, which is above the safety stock threshold, and considering the coordinator's instruction to adjust demand_estimate to 95% due to potential disruption, I will modify the demand estimate to account for the anticipated delay without immediately triggering a stockout flag.;9d00ed5f5f99f4d5df9c685e8a505515443f8a236aef5952edfb0d166be11869;496;85;2.951.661.443.710.320;TRUE;FALSE;15
90;30/01/2026 04:30;slaughterhouse;R9;high;modify;0.0082;0.85;1;Given the high urgency level of the disruption, I will modify our current processing schedule to increase output stock by 15% as instructed by the coordinator. However, considering our current low worker availability and partial equipment status, I must adjust the factor slightly to ensure a more cautious approach.;cot;llama3.1:8b;llama;Given the high urgency level of the disruption, I will modify our current processing schedule to increase output stock by 15% as instructed by the coordinator. However, considering our current low worker availability and partial equipment status, I must adjust the factor slightly to ensure a more cautious approach.;5db735474eb9e1ae350dd07853d9ea2eb984e86e1dbb1cdfd00e633e2b04bfac;510;82;29.681.347.131.729.100;TRUE;FALSE;15
90;30/01/2026 04:30;wholesaler;R9;high;modify;0.0086;0.85;2;Given the high urgency level of the disruption, I will modify my current inventory allocation to prioritize retail orders as instructed by the coordinator. This decision takes into account our current low inventory levels and the need to focus on critical retail shipments. By modifying our existing allocation, we can ensure that essential products reach their destination promptly.;cot;llama3.1:8b;llama;Given the high urgency level of the disruption, I will modify my current inventory allocation to prioritize retail orders as instructed by the coordinator. This decision takes into account our current low inventory levels and the need to focus on critical retail shipments. By modifying our existing allocation, we can ensure that essential products reach their destination promptly.;e0338cff3ce9c3b17e3f7c52dbeed3a1f2897e512bbfeaf9eeebcda9b141fb95;514;89;3.080.699.110.031.120;TRUE;FALSE;15
90;30/01/2026 04:30;retail;R9;high;accept;0.0082;1.0;2;Given the high urgency level of the disruption, the current stockout flag is 0, and the sales rate exceeds expected levels by 50%, I accept the coordinator's instruction to add a reorder request for +30 kg as a buffer against potential future shortages.;cot;llama3.1:8b;llama;Given the high urgency level of the disruption, the current stockout flag is 0, and the sales rate exceeds expected levels by 50%, I accept the coordinator's instruction to add a reorder request for +30 kg as a buffer against potential future shortages.;975af3a828495a866ecd6aa7989100ef00f34ad123e3e1750072c363d03fe9df;515;77;2.938.913.917.541.500;TRUE;FALSE;15
144;30/01/2026 18:00;slaughterhouse;R9;high;modify;0.0077;0.92;1;Given the high urgency level of the disruption, I will modify the output stock to meet the coordinator's instruction. However, considering our current processing capacity is below threshold and worker availability is low, I will adjust the factor to ensure a more cautious approach.;cot;llama3.1:8b;llama;Given the high urgency level of the disruption, I will modify the output stock to meet the coordinator's instruction. However, considering our current processing capacity is below threshold and worker availability is low, I will adjust the factor to ensure a more cautious approach.;750b0f7cd3a5d533e7f08088d78b70171b1cf41b72866eadfecefb43a45700c4;524;76;27.662.081.241.607.600;TRUE;FALSE;15
144;30/01/2026 18:00;wholesaler;R9;high;modify;0.0079;0.9;2;Given the high urgency level of the disruption, I will modify the instruction to prioritize inventory_level for Retail while maintaining current levels and cancelling 50% of non-priority pending_shipments to focus on critical Retail orders.;cot;llama3.1:8b;llama;Given the high urgency level of the disruption, I will modify the instruction to prioritize inventory_level for Retail while maintaining current levels and cancelling 50% of non-priority pending_shipments to focus on critical Retail orders.;57e825949b773659f6915dd114113590d564f5142e0697f2110c05e7dc1e0c45;525;69;28.299.549.102.783.200;TRUE;FALSE;15
144;30/01/2026 18:00;retail;R9;high;accept;0.0091;1.0;2;Given the high urgency level of the disruption, the current stockout flag is active, and sales rate exceeds expected levels by 150%, I accept the coordinating agent's instruction to add a reorder request for +30 kg as a buffer against further shortages. Increasing safety stock by 10% will also provide an additional emergency buffer.;cot;llama3.1:8b;llama;Given the high urgency level of the disruption, the current stockout flag is active, and sales rate exceeds expected levels by 150%, I accept the coordinating agent's instruction to add a reorder request for +30 kg as a buffer against further shortages. Increasing safety stock by 10% will also provide an additional emergency buffer.;74658cc3425cb59129dad014506eab2109149a7f16cf3ddff21d983148be826d;529;90;3.277.898.406.982.420;TRUE;FALSE;15
216;31/01/2026 12:00;slaughterhouse;R9;high;modify;0.008;0.92;1;Given the high urgency level of the disruption, I will modify the output stock to meet the coordinator's instruction. However, considering our current processing capacity is below threshold and worker availability is low, I will adjust the factor slightly lower than previous modifications to ensure a more cautious approach.;cot;llama3.1:8b;llama;Given the high urgency level of the disruption, I will modify the output stock to meet the coordinator's instruction. However, considering our current processing capacity is below threshold and worker availability is low, I will adjust the factor slightly lower than previous modifications to ensure a more cautious approach.;2f3a251ca9c79110e639d76bb0747e8b1f88f39e87769db944c28f48e180d691;538;81;2.894.700.527.191.160;TRUE;FALSE;15
216;31/01/2026 12:00;wholesaler;R9;high;modify;0.0077;0.95;2;Given the high urgency level of the disruption, I will modify the instruction to prioritize inventory for Retail while maintaining current levels and cancelling 50% of non-priority pending shipments to focus on critical Retail needs.;cot;llama3.1:8b;llama;Given the high urgency level of the disruption, I will modify the instruction to prioritize inventory for Retail while maintaining current levels and cancelling 50% of non-priority pending shipments to focus on critical Retail needs.;a5506f83e71c342da9303d2232586ede1733a05a33270accf9cb3db3800dd742;541;67;27.651.267.290.115.300;TRUE;FALSE;15
216;31/01/2026 12:00;retail;R9;high;accept;0.0084;1.0;2;Given the high urgency level of the disruption, the current stockout status, and the coordinator's instruction to increase safety stock by 10% as a buffer, I accept the request to add an extra 30 kg to the reorder request. This will help mitigate the shortage and ensure continued supply to meet customer demand.;cot;llama3.1:8b;llama;Given the high urgency level of the disruption, the current stockout status, and the coordinator's instruction to increase safety stock by 10% as a buffer, I accept the request to add an extra 30 kg to the reorder request. This will help mitigate the shortage and ensure continued supply to meet customer demand.;bb84f2b3eb72b08ea07d79191c0618fb4555abfc2410829a998bd6e9f6758b27;531;88;3.018.082.904.815.670;TRUE;FALSE;15
288;01/02/2026 06:00;slaughterhouse;R9;high;modify;0.0086;0.85;1;Given the high urgency level of the disruption, I will modify the output stock to meet the coordinator's instruction. However, considering our current processing capacity is below threshold and worker availability is low, I will adjust the factor to 0.85 to ensure a more cautious approach.;cot;llama3.1:8b;llama;Given the high urgency level of the disruption, I will modify the output stock to meet the coordinator's instruction. However, considering our current processing capacity is below threshold and worker availability is low, I will adjust the factor to 0.85 to ensure a more cautious approach.;eba92baafad11276ad6bddc1967cd414c0f0025a05320d2752575aa79bc59b85;538;81;31.119.109.869.003.200;TRUE;FALSE;15
288;01/02/2026 06:00;wholesaler;R9;high;modify;0.0081;0.92;2;Given the high urgency level of the disruption, I will modify the instruction to prioritize inventory for Retail while maintaining current levels and cancelling 50% of non-priority pending shipments to focus on critical Retail needs.;cot;llama3.1:8b;llama;Given the high urgency level of the disruption, I will modify the instruction to prioritize inventory for Retail while maintaining current levels and cancelling 50% of non-priority pending shipments to focus on critical Retail needs.;a508a1468314fda79dbacb1036f5313ae9d7f8c1d3bbbe02dc0411c082c212a2;542;67;29.259.669.303.894.000;TRUE;FALSE;15
288;01/02/2026 06:00;retail;R9;high;accept;0.0081;1.0;2;Given the high urgency level of the disruption, our current stockout status, and the coordinator's instruction to increase safety stock as a buffer, I accept the request to add 30 kg to the reorder request and adjust the safety stock by 10%. This will help mitigate the shortage and ensure we can meet customer demand.;cot;llama3.1:8b;llama;Given the high urgency level of the disruption, our current stockout status, and the coordinator's instruction to increase safety stock as a buffer, I accept the request to add 30 kg to the reorder request and adjust the safety stock by 10%. This will help mitigate the shortage and ensure we can meet customer demand.;bb68b02cc8bbfccf0ebaed7741c3204c85b898ccf2a2680a378ad323da7c2af3;531;89;29.250.697.135.925.200;TRUE;FALSE;15
320;01/02/2026 14:00;slaughterhouse;R9;high;modify;0.0062;0.92;1;Given the high urgency level of the disruption, I will modify the output stock to meet the coordinator's instruction. However, considering our current processing capacity is below threshold and worker availability is low, I will adjust the factor slightly lower than previous modifications to ensure a more cautious approach.;cot;llama3.1:8b;llama;Given the high urgency level of the disruption, I will modify the output stock to meet the coordinator's instruction. However, considering our current processing capacity is below threshold and worker availability is low, I will adjust the factor slightly lower than previous modifications to ensure a more cautious approach.;c45a41de45dfc1896d5219e6a4fb3f629213df7da5a9725181eacb8681baf316;538;81;22.148.369.550.704.900;TRUE;FALSE;15
320;01/02/2026 14:00;wholesaler;R9;high;modify;0.009;0.92;2;Given the high urgency level of the disruption, I will modify my current inventory allocation to prioritize retail orders as instructed by the coordinator. This decision takes into account our current low inventory levels and the need to focus on critical retail shipments. By doing so, we can minimize stockouts and ensure timely delivery to our key customers.;cot;llama3.1:8b;llama;Given the high urgency level of the disruption, I will modify my current inventory allocation to prioritize retail orders as instructed by the coordinator. This decision takes into account our current low inventory levels and the need to focus on critical retail shipments. By doing so, we can minimize stockouts and ensure timely delivery to our key customers.;c459af07cb387f497cc528f69ed415d8d4dbf41995c5a264a1561a60f18f6986;539;90;32.296.749.591.827.300;TRUE;FALSE;15
320;01/02/2026 14:00;retail;R9;high;accept;0.0083;1.0;2;Given the high urgency level of the disruption, the current stockout flag is 0, and the sales rate exceeds expected levels, I accept the coordinating agent's instruction to add a reorder request for +30 kg as a buffer against potential future shortages.;cot;llama3.1:8b;llama;Given the high urgency level of the disruption, the current stockout flag is 0, and the sales rate exceeds expected levels, I accept the coordinating agent's instruction to add a reorder request for +30 kg as a buffer against potential future shortages.;9ee8cae31b7c8fef9eb0d40a923d3a9cc3f4c24e01b9839be3f3e355b0879e0f;531;75;29.922.430.276.870.700;TRUE;FALSE;15
360;02/02/2026 00:00;slaughterhouse;R9;high;modify;0.006;0.92;1;Given the high urgency level of the disruption, I will modify the output stock to meet the coordinator's instruction. However, considering our current processing capacity is below threshold and worker availability is low, I will adjust the factor slightly lower than previous modifications to ensure a more cautious approach.;cot;llama3.1:8b;llama;Given the high urgency level of the disruption, I will modify the output stock to meet the coordinator's instruction. However, considering our current processing capacity is below threshold and worker availability is low, I will adjust the factor slightly lower than previous modifications to ensure a more cautious approach.;922c66bcd0a5a1d13f4fc4530b0ad109058ff428a25b66327816eb5359e3eb34;538;81;21.730.048.418.045.000;TRUE;FALSE;15
360;02/02/2026 00:00;wholesaler;R9;high;modify;0.0091;0.95;2;Given the high urgency level of the disruption, I will modify my current inventory allocation to prioritize retail orders as instructed by the coordinator. This decision is supported by our current low inventory levels and high incoming orders, which indicate a need for immediate action. By prioritizing retail orders, we can minimize stockouts and ensure business continuity.;cot;llama3.1:8b;llama;Given the high urgency level of the disruption, I will modify my current inventory allocation to prioritize retail orders as instructed by the coordinator. This decision is supported by our current low inventory levels and high incoming orders, which indicate a need for immediate action. By prioritizing retail orders, we can minimize stockouts and ensure business continuity.;31fdd21345def003dad90210fa8cac41e3084f6e83de86878faa6e0209da4be0;541;91;32.754.819.869.995.100;TRUE;FALSE;15
360;02/02/2026 00:00;retail;R9;high;accept;0.0084;1.0;2;Given the high urgency level of the disruption, the current stockout flag is 0, and the sales rate exceeds expected levels, I accept the coordinating agent's instruction to add a reorder request for +30 kg as a buffer against potential future shortages.;cot;llama3.1:8b;llama;Given the high urgency level of the disruption, the current stockout flag is 0, and the sales rate exceeds expected levels, I accept the coordinating agent's instruction to add a reorder request for +30 kg as a buffer against potential future shortages.;bec0d55101a329f503da0d3dbcf251ac3516f693217beadcaaaf24c03320ab4c;531;75;3.025.722.360.610.960;TRUE;FALSE;15
36;31/01/2026 15:00;farm;R4;normal;modify;0.004;0.8;1;Given the current production capacity is below 60%, reducing outgoing orders to 80% of actual capacity will help maintain a stable flock operation and prevent potential disruptions. This adjustment aligns with the coordinating agent's instruction, taking into account our local operational constraints.;cot;llama3.1:8b;llama;Given the current production capacity is below 60%, reducing outgoing orders to 80% of actual capacity will help maintain a stable flock operation and prevent potential disruptions. This adjustment aligns with the coordinating agent's instruction, taking into account our local operational constraints.;012d34cb2db4a30393ab602530e427a646a937abede5cc3ef41dc786cd72c559;502;77;14.340.824.365.615.800;TRUE;FALSE;16
36;31/01/2026 15:00;slaughterhouse;R4;normal;modify;0.0073;0.8;1;Given the current processing capacity is below threshold, reducing it to 80% as instructed by the coordinator will help prevent potential delays and maintain output stock levels within acceptable limits.;cot;llama3.1:8b;llama;Given the current processing capacity is below threshold, reducing it to 80% as instructed by the coordinator will help prevent potential delays and maintain output stock levels within acceptable limits.;1fc92340fe9f1bab05c58bf37b150211b4a1fd3c0c1f89e926503de30b7529c7;503;60;2.623.302.674.293.510;TRUE;FALSE;16
36;31/01/2026 15:00;retail;R4;normal;accept;0.0073;1.0;1;Given the current retail inventory is above safety stock, but sales rate is high and increasing, it's prudent to accept the coordinator's instruction to add a reorder request of +20 kg to mitigate potential future shortages.;cot;llama3.1:8b;llama;Given the current retail inventory is above safety stock, but sales rate is high and increasing, it's prudent to accept the coordinator's instruction to add a reorder request of +20 kg to mitigate potential future shortages.;ddd2d55911c5cce3c4d6d652a55cce5744591cb7d55a59db3c9fbda6b71619a5;483;67;26.425.637.006.759.600;TRUE;FALSE;16
88;01/02/2026 04:00;farm;R12;high;modify;0.0086;0.85;2;Given the high urgency level of the disruption, I must adjust outgoing orders to match our current production capacity. Reducing orders by 25% will help prevent further strain on resources and allow us to maintain a stable flock management. This adjustment should also enable us to increase production capacity by 5%, as instructed.;cot;llama3.1:8b;llama;Given the high urgency level of the disruption, I must adjust outgoing orders to match our current production capacity. Reducing orders by 25% will help prevent further strain on resources and allow us to maintain a stable flock management. This adjustment should also enable us to increase production capacity by 5%, as instructed.;22262a065221f7ae60924b0e7997003207fc0ac8689e2c1c6de01f2d0f418301;525;88;31.066.596.746.444.700;TRUE;FALSE;16
88;01/02/2026 04:00;wholesaler;R12;high;modify;0.0086;0.8;2;Given the high urgency level of the disruption, I will modify our distribution capacity to 85% as instructed by the coordinator. This adjustment will help optimize our supply chain and ensure timely delivery of broilers to customers. However, I will not immediately change the delivery schedule to 'rerouted' without further assessment of its impact on our local operations.;cot;llama3.1:8b;llama;Given the high urgency level of the disruption, I will modify our distribution capacity to 85% as instructed by the coordinator. This adjustment will help optimize our supply chain and ensure timely delivery of broilers to customers. However, I will not immediately change the delivery schedule to 'rerouted' without further assessment of its impact on our local operations.;942a2adf8ecc981ce7f0dd7a8a700f966ac924d283eec79985efb7fc00a54fe3;503;95;3.102.557.134.628.290;TRUE;FALSE;16
324;03/02/2026 15:00;slaughterhouse;R9;high;modify;0.0082;0.85;1;Given the high urgency level of the disruption, I will modify our current processing schedule to increase output stock by 15% as instructed by the coordinator. However, considering our current low worker availability and partial equipment status, I must adjust the factor slightly to ensure a more cautious approach.;cot;llama3.1:8b;llama;Given the high urgency level of the disruption, I will modify our current processing schedule to increase output stock by 15% as instructed by the coordinator. However, considering our current low worker availability and partial equipment status, I must adjust the factor slightly to ensure a more cautious approach.;183259e46ac7ff275732cc3feaa9f68d1e9bab23832092cefbc8d09d39da0f35;508;82;29.660.650.968.551.600;TRUE;FALSE;16
324;03/02/2026 15:00;wholesaler;R9;high;modify;0.0083;0.85;2;Given the high urgency level of the disruption, I must prioritize inventory allocation to Retail as instructed by the Coordinating Agent. However, considering our current low inventory levels and incoming orders exceeding capacity, a modification is necessary to ensure we meet critical Retail demands without compromising on other non-priority shipments.;cot;llama3.1:8b;llama;Given the high urgency level of the disruption, I must prioritize inventory allocation to Retail as instructed by the Coordinating Agent. However, considering our current low inventory levels and incoming orders exceeding capacity, a modification is necessary to ensure we meet critical Retail demands without compromising on other non-priority shipments.;dbc3f9d9dad9845c3ca9afcf68a5531f47b343a2a033971b5475a2d0d4e22d8c;512;85;29.992.027.759.552.000;TRUE;FALSE;16
324;03/02/2026 15:00;retail;R9;high;accept;0.0086;1.0;2;The current retail status indicates a severe stockout situation, with inventory at 0 kg and sales rate exceeding expected levels by 150%. The coordinator's instruction to add 30 kg to the reorder request and increase safety stock by 10% as an emergency buffer is appropriate given the high urgency level of the disruption triggered by Rule R9.;cot;llama3.1:8b;llama;The current retail status indicates a severe stockout situation, with inventory at 0 kg and sales rate exceeding expected levels by 150%. The coordinator's instruction to add 30 kg to the reorder request and increase safety stock by 10% as an emergency buffer is appropriate given the high urgency level of the disruption triggered by Rule R9.;f65708ebec9ffb877f3d9466a4ac9e4d8bb0e4811892a771edcc1ba3655c2bf2;501;93;31.124.858.140.945.400;TRUE;FALSE;16
36;02/02/2026 15:00;farm;R4;normal;modify;0.0071;0.8;1;Given the current production capacity is below 60%, reducing outgoing orders to 80% of actual capacity will help prevent further strain on resources and maintain a stable flock operation.;cot;llama3.1:8b;llama;Given the current production capacity is below 60%, reducing outgoing orders to 80% of actual capacity will help prevent further strain on resources and maintain a stable flock operation.;012d34cb2db4a30393ab602530e427a646a937abede5cc3ef41dc786cd72c559;502;60;25.463.411.569.595.300;TRUE;FALSE;17
36;02/02/2026 15:00;slaughterhouse;R4;normal;modify;0.0073;0.8;1;Given the current processing capacity is below threshold, reducing it to 80% as instructed by the coordinator will help prevent potential delays and maintain output stock levels within acceptable limits.;cot;llama3.1:8b;llama;Given the current processing capacity is below threshold, reducing it to 80% as instructed by the coordinator will help prevent potential delays and maintain output stock levels within acceptable limits.;1fc92340fe9f1bab05c58bf37b150211b4a1fd3c0c1f89e926503de30b7529c7;503;60;26.133.647.918.701.100;TRUE;FALSE;17
36;02/02/2026 15:00;retail;R4;normal;accept;0.0072;1.0;1;Given the current retail inventory is above safety stock, but sales rate is high and increasing, it's prudent to accept the coordinator's instruction to add a reorder request of +20 kg to mitigate potential future shortages.;cot;llama3.1:8b;llama;Given the current retail inventory is above safety stock, but sales rate is high and increasing, it's prudent to accept the coordinator's instruction to add a reorder request of +20 kg to mitigate potential future shortages.;ddd2d55911c5cce3c4d6d652a55cce5744591cb7d55a59db3c9fbda6b71619a5;483;67;26.040.297.985.076.900;TRUE;FALSE;17
88;03/02/2026 04:00;farm;R12;high;modify;0.009;0.85;2;Given the high urgency level of the disruption, I must adjust outgoing orders to match our current production capacity. Reducing orders by 25% will help prevent further strain on resources and allow us to maintain a stable flock. Additionally, increasing production capacity by 5% through intensified operations may be feasible considering our current mortality rate is within acceptable limits.;cot;llama3.1:8b;llama;Given the high urgency level of the disruption, I must adjust outgoing orders to match our current production capacity. Reducing orders by 25% will help prevent further strain on resources and allow us to maintain a stable flock. Additionally, increasing production capacity by 5% through intensified operations may be feasible considering our current mortality rate is within acceptable limits.;bb9b9a848cb26079baaf32e9caf67db53dd92c5caafef78a826c01d21a8044a7;525;95;32.439.066.410.064.600;TRUE;FALSE;17
88;03/02/2026 04:00;wholesaler;R12;high;modify;0.0087;0.8;2;Given the high urgency level of the disruption, I will modify our distribution capacity to 85% as instructed by the coordinator. This adjustment will help optimize our supply chain and ensure timely delivery of broilers to customers. However, I will not immediately change the delivery schedule to 'rerouted' without further assessment of its impact on our local operations.;cot;llama3.1:8b;llama;Given the high urgency level of the disruption, I will modify our distribution capacity to 85% as instructed by the coordinator. This adjustment will help optimize our supply chain and ensure timely delivery of broilers to customers. However, I will not immediately change the delivery schedule to 'rerouted' without further assessment of its impact on our local operations.;942a2adf8ecc981ce7f0dd7a8a700f966ac924d283eec79985efb7fc00a54fe3;503;95;31.282.533.407.211.300;TRUE;FALSE;17
324;05/02/2026 15:00;slaughterhouse;R9;high;modify;0.0083;0.85;1;Given the high urgency level of the disruption, I will modify our current processing schedule to increase output stock by 15% as instructed by the coordinator. However, considering our current low worker availability and partial equipment status, I must adjust the factor to ensure a more cautious approach.;cot;llama3.1:8b;llama;Given the high urgency level of the disruption, I will modify our current processing schedule to increase output stock by 15% as instructed by the coordinator. However, considering our current low worker availability and partial equipment status, I must adjust the factor to ensure a more cautious approach.;dbd276489648966de4a628c78823d82661a844f5527e5e6a23c65f6e3a76541f;508;81;3.001.268.768.310.540;TRUE;FALSE;17
324;05/02/2026 15:00;wholesaler;R9;high;modify;0.0083;0.85;2;Given the high urgency level of the disruption, I must prioritize inventory allocation to Retail as instructed by the Coordinating Agent. However, considering our current low inventory levels and incoming orders exceeding capacity, a modification is necessary to ensure we meet critical Retail demands without compromising on other non-priority shipments.;cot;llama3.1:8b;llama;Given the high urgency level of the disruption, I must prioritize inventory allocation to Retail as instructed by the Coordinating Agent. However, considering our current low inventory levels and incoming orders exceeding capacity, a modification is necessary to ensure we meet critical Retail demands without compromising on other non-priority shipments.;dbc3f9d9dad9845c3ca9afcf68a5531f47b343a2a033971b5475a2d0d4e22d8c;512;85;29.891.613.960.266.100;TRUE;FALSE;17
324;05/02/2026 15:00;retail;R9;high;accept;0.0086;1.0;2;The current retail status indicates a severe stockout situation, with inventory at 0 kg and sales rate exceeding expected levels by 150%. The coordinator's instruction to add 30 kg to the reorder request and increase safety stock by 10% as an emergency buffer is appropriate given the high urgency level of the disruption triggered by Rule R9.;cot;llama3.1:8b;llama;The current retail status indicates a severe stockout situation, with inventory at 0 kg and sales rate exceeding expected levels by 150%. The coordinator's instruction to add 30 kg to the reorder request and increase safety stock by 10% as an emergency buffer is appropriate given the high urgency level of the disruption triggered by Rule R9.;f65708ebec9ffb877f3d9466a4ac9e4d8bb0e4811892a771edcc1ba3655c2bf2;501;93;3.100.389.337.539.670;TRUE;FALSE;17
36;04/02/2026 15:00;farm;R4;normal;modify;0.007;0.8;1;Given the current production capacity is below 60%, reducing outgoing orders to 80% of actual capacity will help prevent further strain on resources and maintain a stable flock operation.;cot;llama3.1:8b;llama;Given the current production capacity is below 60%, reducing outgoing orders to 80% of actual capacity will help prevent further strain on resources and maintain a stable flock operation.;012d34cb2db4a30393ab602530e427a646a937abede5cc3ef41dc786cd72c559;502;60;25.341.771.125.793.400;TRUE;FALSE;18
36;04/02/2026 15:00;slaughterhouse;R4;normal;modify;0.0072;0.8;1;Given the current processing capacity is below threshold, reducing it to 80% as instructed by the coordinator will help prevent potential delays and maintain output stock levels within acceptable limits.;cot;llama3.1:8b;llama;Given the current processing capacity is below threshold, reducing it to 80% as instructed by the coordinator will help prevent potential delays and maintain output stock levels within acceptable limits.;1fc92340fe9f1bab05c58bf37b150211b4a1fd3c0c1f89e926503de30b7529c7;503;60;26.059.211.254.119.800;TRUE;FALSE;18
36;04/02/2026 15:00;retail;R4;normal;accept;0.0072;1.0;1;Given the current retail inventory is above safety stock, but sales rate is high and increasing, it's prudent to accept the coordinator's instruction to add a reorder request of +20 kg to mitigate potential future shortages.;cot;llama3.1:8b;llama;Given the current retail inventory is above safety stock, but sales rate is high and increasing, it's prudent to accept the coordinator's instruction to add a reorder request of +20 kg to mitigate potential future shortages.;ddd2d55911c5cce3c4d6d652a55cce5744591cb7d55a59db3c9fbda6b71619a5;483;67;2.607.204.556.465.140;TRUE;FALSE;18
88;05/02/2026 04:00;farm;R12;high;modify;0.0086;0.85;2;Given the high urgency level of the disruption, I must adjust outgoing orders to match our current production capacity. Reducing orders by 25% will help prevent further strain on resources and allow us to maintain a stable flock management. This adjustment should also enable us to increase production capacity by 5%, as instructed.;cot;llama3.1:8b;llama;Given the high urgency level of the disruption, I must adjust outgoing orders to match our current production capacity. Reducing orders by 25% will help prevent further strain on resources and allow us to maintain a stable flock management. This adjustment should also enable us to increase production capacity by 5%, as instructed.;ecc4567c2b724434ec6749ce9258a7e8ea3628b5e8c1771f01d15dbdae4248e1;525;88;31.100.672.721.862.700;TRUE;FALSE;18
88;05/02/2026 04:00;wholesaler;R12;high;modify;0.0088;0.8;2;Given the high urgency level of the disruption, I will modify our distribution capacity to 85% as instructed by the coordinator. This adjustment will help optimize our supply chain and ensure timely delivery of broilers to customers. However, I will not immediately change the delivery schedule to 'rerouted' without further assessment of its impact on our local operations.;cot;llama3.1:8b;llama;Given the high urgency level of the disruption, I will modify our distribution capacity to 85% as instructed by the coordinator. This adjustment will help optimize our supply chain and ensure timely delivery of broilers to customers. However, I will not immediately change the delivery schedule to 'rerouted' without further assessment of its impact on our local operations.;942a2adf8ecc981ce7f0dd7a8a700f966ac924d283eec79985efb7fc00a54fe3;503;95;31.572.835.445.404.000;TRUE;FALSE;18
360;08/02/2026 00:00;slaughterhouse;R9;high;modify;0.0086;0.85;1;Given the high urgency level of the disruption, I will modify our current processing schedule to increase output stock by 15% as instructed by the coordinator. However, considering our current low worker availability and moderate processing delay, I must adjust the factor slightly to ensure we can meet the new target without compromising other operational constraints.;cot;llama3.1:8b;llama;Given the high urgency level of the disruption, I will modify our current processing schedule to increase output stock by 15% as instructed by the coordinator. However, considering our current low worker availability and moderate processing delay, I must adjust the factor slightly to ensure we can meet the new target without compromising other operational constraints.;4885786aa5662c36dc3149802beb4f55c8b49482e6a479b6624db00a98601f3e;510;89;30.962.944.507.598.800;TRUE;FALSE;18
360;08/02/2026 00:00;wholesaler;R9;high;modify;0.0084;0.85;2;Given the high urgency level of the disruption, I must prioritize inventory allocation to Retail as instructed by the Coordinating Agent. However, considering our current low inventory levels and incoming orders exceeding capacity, a modification is necessary to ensure we meet critical Retail demands without compromising on other non-priority shipments.;cot;llama3.1:8b;llama;Given the high urgency level of the disruption, I must prioritize inventory allocation to Retail as instructed by the Coordinating Agent. However, considering our current low inventory levels and incoming orders exceeding capacity, a modification is necessary to ensure we meet critical Retail demands without compromising on other non-priority shipments.;dbc3f9d9dad9845c3ca9afcf68a5531f47b343a2a033971b5475a2d0d4e22d8c;512;85;30.119.779.348.373.400;TRUE;FALSE;18
360;08/02/2026 00:00;retail;R9;high;accept;0.0087;1.0;2;Given the high urgency level of the disruption, our current stockout status, and the coordinator's instruction to increase safety stock as a buffer, I accept the request to add 30 kg to the reorder request and adjust the safety stock by 10%. This will help mitigate the shortage and ensure we can meet customer demand during this challenging period.;cot;llama3.1:8b;llama;Given the high urgency level of the disruption, our current stockout status, and the coordinator's instruction to increase safety stock as a buffer, I accept the request to add 30 kg to the reorder request and adjust the safety stock by 10%. This will help mitigate the shortage and ensure we can meet customer demand during this challenging period.;1c9f39e20da28ce07abf0d71aef5b6340b5508c8adbcaeea90837b400b3b6fed;503;93;31.160.745.859.146.100;TRUE;FALSE;18
432;08/02/2026 18:00;slaughterhouse;R9;high;modify;0.008;0.92;1;Given the high urgency level of the disruption, I will modify the output stock to meet the coordinator's instruction. However, considering our current processing capacity is below threshold and worker availability is low, I will adjust the factor slightly lower than before to ensure a more cautious approach.;cot;llama3.1:8b;llama;Given the high urgency level of the disruption, I will modify the output stock to meet the coordinator's instruction. However, considering our current processing capacity is below threshold and worker availability is low, I will adjust the factor slightly lower than before to ensure a more cautious approach.;36e1e22e304b18d6f9e5d946e15312f80369122b5a4e1e8413303a7da5f6b691;524;80;2.880.186.629.295.340;TRUE;FALSE;18
432;08/02/2026 18:00;wholesaler;R9;high;modify;0.0078;0.92;2;Given the high urgency level of the disruption, I will modify the instruction to prioritize inventory for Retail while maintaining current levels and cancelling 50% of non-priority pending shipments to focus on critical Retail needs.;cot;llama3.1:8b;llama;Given the high urgency level of the disruption, I will modify the instruction to prioritize inventory for Retail while maintaining current levels and cancelling 50% of non-priority pending shipments to focus on critical Retail needs.;8ffbbeff638fe04ccfb122e3bd2f6d80804f1754eec989141ee1047ca3a30224;525;67;28.060.945.510.864.200;TRUE;FALSE;18
432;08/02/2026 18:00;retail;R9;high;accept;0.0078;1.0;2;Given the high urgency level of the disruption, the current stockout status, and the coordinator's instruction to increase safety stock as a buffer, I accept the request to add 30 kg to the reorder request and adjust the safety stock by 10%. This will help mitigate the shortage and ensure continued supply to meet customer demand.;cot;llama3.1:8b;llama;Given the high urgency level of the disruption, the current stockout status, and the coordinator's instruction to increase safety stock as a buffer, I accept the request to add 30 kg to the reorder request and adjust the safety stock by 10%. This will help mitigate the shortage and ensure continued supply to meet customer demand.;4b847a0d05c805cdee375c198d579f28075501114e2c66e3f11403dc0cc6dc9a;517;90;2.824.853.539.466.850;TRUE;FALSE;18
440;08/02/2026 20:00;slaughterhouse;R9;high;modify;0.0066;0.92;1;Given the high urgency level of the disruption, I will modify my current output stock to meet the coordinator's instruction. However, considering our local operational constraints and processing capacity, I will not fully accept the instruction as it may lead to overproduction. A factor of 0.92 reflects a compromise between meeting the demand and maintaining our production schedule.;cot;llama3.1:8b;llama;Given the high urgency level of the disruption, I will modify my current output stock to meet the coordinator's instruction. However, considering our local operational constraints and processing capacity, I will not fully accept the instruction as it may lead to overproduction. A factor of 0.92 reflects a compromise between meeting the demand and maintaining our production schedule.;7bf7a37e9de4e8776cadac9e048473af9b00524a0a9f7cd0d905b208f912d45d;538;95;23.790.756.225.585.900;TRUE;FALSE;18
440;08/02/2026 20:00;wholesaler;R9;high;modify;0.009;0.92;2;Given the high urgency level of the disruption, I will modify the instruction to prioritize inventory for Retail and cancel 50% of non-priority pending shipments to focus on critical Retail orders. This decision is based on my experience managing wholesale distribution during disrupted conditions and the need to balance competing demands in a constrained environment.;cot;llama3.1:8b;llama;Given the high urgency level of the disruption, I will modify the instruction to prioritize inventory for Retail and cancel 50% of non-priority pending shipments to focus on critical Retail orders. This decision is based on my experience managing wholesale distribution during disrupted conditions and the need to balance competing demands in a constrained environment.;9c912374beb273f61a749f739d278441e7665120761db009fe1f3f199c7e82b4;541;88;3.223.664.402.961.730;TRUE;FALSE;18
440;08/02/2026 20:00;retail;R9;high;accept;0.0098;1.0;2;Given the high urgency level of the disruption, I accept the coordinating agent's instruction to increase reorder request by +30 kg and adjust safety stock by 10% as an emergency buffer. This decision is based on my experience managing consumer-facing poultry retail during demand surges from AI outbreak-related panic buying. The current retail status indicates a severe shortage with sales rate exceeding expected levels, making it necessary to take immediate action.;cot;llama3.1:8b;llama;Given the high urgency level of the disruption, I accept the coordinating agent's instruction to increase reorder request by +30 kg and adjust safety stock by 10% as an emergency buffer. This decision is based on my experience managing consumer-facing poultry retail during demand surges from AI outbreak-related panic buying. The current retail status indicates a severe shortage with sales rate exceeding expected levels, making it necessary to take immediate action.;a5148b8a9cb3079143cd0c922ed5e7e86cf0d7d4cc8ba24d05551b0b028863ee;531;108;3.538.834.261.894.220;TRUE;FALSE;18
36;06/02/2026 15:00;farm;R4;normal;modify;0.0071;0.8;1;Given the current production capacity is below 60%, reducing outgoing orders to 80% of actual capacity will help prevent further strain on resources and maintain a stable flock operation.;cot;llama3.1:8b;llama;Given the current production capacity is below 60%, reducing outgoing orders to 80% of actual capacity will help prevent further strain on resources and maintain a stable flock operation.;012d34cb2db4a30393ab602530e427a646a937abede5cc3ef41dc786cd72c559;502;60;25.553.187.131.881.700;TRUE;FALSE;19
36;06/02/2026 15:00;slaughterhouse;R4;normal;modify;0.0072;0.8;1;Given the current processing capacity is below threshold, reducing it to 80% as instructed by the coordinator will help prevent potential delays and maintain output stock levels within acceptable limits.;cot;llama3.1:8b;llama;Given the current processing capacity is below threshold, reducing it to 80% as instructed by the coordinator will help prevent potential delays and maintain output stock levels within acceptable limits.;1fc92340fe9f1bab05c58bf37b150211b4a1fd3c0c1f89e926503de30b7529c7;503;60;26.005.661.964.416.500;TRUE;FALSE;19
36;06/02/2026 15:00;retail;R4;normal;accept;0.0073;1.0;1;Given the current retail inventory is above safety stock, but sales rate is high and increasing, it's prudent to accept the coordinator's instruction to add a reorder request of +20 kg to mitigate potential future shortages.;cot;llama3.1:8b;llama;Given the current retail inventory is above safety stock, but sales rate is high and increasing, it's prudent to accept the coordinator's instruction to add a reorder request of +20 kg to mitigate potential future shortages.;ddd2d55911c5cce3c4d6d652a55cce5744591cb7d55a59db3c9fbda6b71619a5;483;67;26.102.797.269.821.100;TRUE;FALSE;19
72;07/02/2026 00:00;wholesaler;R8;normal;modify;0.0079;0.8;2;The current inventory level is below the threshold, but we have incoming orders that exceed our capacity by 20%. To mitigate this risk, I will modify the delivery schedule to rerouted and reduce pending shipments by 15% to prioritize urgent deliveries.;cot;llama3.1:8b;llama;The current inventory level is below the threshold, but we have incoming orders that exceed our capacity by 20%. To mitigate this risk, I will modify the delivery schedule to rerouted and reduce pending shipments by 15% to prioritize urgent deliveries.;86ed27074272392618a62be58a012e8765a420b596deefb4fe803d2759d1b56e;506;75;28.389.266.967.773.400;TRUE;FALSE;19
72;07/02/2026 00:00;retail;R8;normal;modify;0.0082;0.8;1;Given the current retail inventory of 36.64 kg, which is above the safety stock threshold, and considering the coordinator's instruction to adjust demand_estimate to 95% due to potential disruption, I will modify the demand estimate to account for the anticipated delay without immediately triggering a stockout flag.;cot;llama3.1:8b;llama;Given the current retail inventory of 36.64 kg, which is above the safety stock threshold, and considering the coordinator's instruction to adjust demand_estimate to 95% due to potential disruption, I will modify the demand estimate to account for the anticipated delay without immediately triggering a stockout flag.;9d00ed5f5f99f4d5df9c685e8a505515443f8a236aef5952edfb0d166be11869;496;85;2.934.614.610.671.990;TRUE;FALSE;19
90;07/02/2026 04:30;slaughterhouse;R9;high;modify;0.0082;0.85;1;Given the high urgency level of the disruption, I will modify our current processing schedule to increase output stock by 15% as instructed by the coordinator. However, considering our current low worker availability and partial equipment status, I must adjust the factor to ensure a more cautious approach.;cot;llama3.1:8b;llama;Given the high urgency level of the disruption, I will modify our current processing schedule to increase output stock by 15% as instructed by the coordinator. However, considering our current low worker availability and partial equipment status, I must adjust the factor to ensure a more cautious approach.;f56852315f788ccf98f7dabed943367f66960f5ec8d4efbdadcfe165fe84cbd2;510;81;2.946.794.319.152.830;TRUE;FALSE;19
90;07/02/2026 04:30;wholesaler;R9;high;modify;0.0086;0.85;2;Given the high urgency level of the disruption, I will modify my current inventory allocation to prioritize retail orders as instructed by the coordinator. This decision takes into account our current low inventory levels and the need to focus on critical retail shipments. By modifying our existing allocation, we can ensure that essential products reach their destination promptly.;cot;llama3.1:8b;llama;Given the high urgency level of the disruption, I will modify my current inventory allocation to prioritize retail orders as instructed by the coordinator. This decision takes into account our current low inventory levels and the need to focus on critical retail shipments. By modifying our existing allocation, we can ensure that essential products reach their destination promptly.;e0338cff3ce9c3b17e3f7c52dbeed3a1f2897e512bbfeaf9eeebcda9b141fb95;514;89;3.084.144.902.229.300;TRUE;FALSE;19
90;07/02/2026 04:30;retail;R9;high;accept;0.0081;1.0;2;Given the high urgency level of the disruption, the current stockout flag is 0, and the sales rate exceeds expected levels by 50%, I accept the coordinator's instruction to add a reorder request for +30 kg as a buffer against potential future shortages.;cot;llama3.1:8b;llama;Given the high urgency level of the disruption, the current stockout flag is 0, and the sales rate exceeds expected levels by 50%, I accept the coordinator's instruction to add a reorder request for +30 kg as a buffer against potential future shortages.;975af3a828495a866ecd6aa7989100ef00f34ad123e3e1750072c363d03fe9df;515;77;29.183.247.327.804.500;TRUE;FALSE;19
144;07/02/2026 18:00;slaughterhouse;R9;high;modify;0.0078;0.92;1;Given the high urgency level of the disruption, I will modify the output stock to meet the coordinator's instruction. However, considering our current processing capacity is below threshold and worker availability is low, I will adjust the factor slightly to ensure we don't overcommit resources.;cot;llama3.1:8b;llama;Given the high urgency level of the disruption, I will modify the output stock to meet the coordinator's instruction. However, considering our current processing capacity is below threshold and worker availability is low, I will adjust the factor slightly to ensure we don't overcommit resources.;23c2215ad17aca54d4120efcfdcf99c2fd16e31c6386fa9ee916cdc142aacf1c;524;79;28.170.067.071.914.600;TRUE;FALSE;19
144;07/02/2026 18:00;wholesaler;R9;high;modify;0.0078;0.9;2;Given the high urgency level of the disruption, I will modify the instruction to prioritize inventory for Retail while maintaining current levels and cancelling 50% of non-priority pending shipments to focus on critical Retail needs.;cot;llama3.1:8b;llama;Given the high urgency level of the disruption, I will modify the instruction to prioritize inventory for Retail while maintaining current levels and cancelling 50% of non-priority pending shipments to focus on critical Retail needs.;38f0e22c86a84148e49ce38b412858eb3d59e8310e52707b60dd58ecf2adf5ce;525;67;279.550.302.028.656;TRUE;FALSE;19
144;07/02/2026 18:00;retail;R9;high;accept;0.0089;1.0;2;Given the high urgency level of the disruption, the current stockout flag is active, and sales rate exceeds expected levels by 150%, I accept the coordinating agent's instruction to add a reorder request for +30 kg as a buffer against further shortages. Increasing safety stock by 10% will also provide an additional emergency buffer.;cot;llama3.1:8b;llama;Given the high urgency level of the disruption, the current stockout flag is active, and sales rate exceeds expected levels by 150%, I accept the coordinating agent's instruction to add a reorder request for +30 kg as a buffer against further shortages. Increasing safety stock by 10% will also provide an additional emergency buffer.;74658cc3425cb59129dad014506eab2109149a7f16cf3ddff21d983148be826d;529;90;32.197.105.407.714.800;TRUE;FALSE;19
216;08/02/2026 12:00;slaughterhouse;R9;high;modify;0.0081;0.92;1;Given the high urgency level of the disruption, I will modify the output stock to meet the coordinator's instruction. However, considering our current processing capacity is below threshold and worker availability is low, I will adjust the factor slightly lower than previous modifications to ensure a more cautious approach.;cot;llama3.1:8b;llama;Given the high urgency level of the disruption, I will modify the output stock to meet the coordinator's instruction. However, considering our current processing capacity is below threshold and worker availability is low, I will adjust the factor slightly lower than previous modifications to ensure a more cautious approach.;54c3dca5ffdd33066749a67c00757500e0d61735436be79aae3411fc2b66de94;538;81;29.037.864.923.477.100;TRUE;FALSE;19
216;08/02/2026 12:00;wholesaler;R9;high;modify;0.0082;0.95;2;Given the high urgency level of the disruption, I will modify the instruction to prioritize inventory for Retail while maintaining current levels and cancelling 50% of non-priority pending shipments to focus on critical Retail needs.;cot;llama3.1:8b;llama;Given the high urgency level of the disruption, I will modify the instruction to prioritize inventory for Retail while maintaining current levels and cancelling 50% of non-priority pending shipments to focus on critical Retail needs.;cd46a290130376c5a99c5cfa895f5ded752ecdf73544c01d1ffce168aa9db63c;541;67;29.569.485.902.786.200;TRUE;FALSE;19
216;08/02/2026 12:00;retail;R9;high;accept;0.0085;1.0;2;Given the high urgency level of the disruption, the current stockout status, and the coordinator's instruction to increase safety stock by 10% as a buffer, I accept the request to add an extra 30 kg to the reorder request. This will help mitigate the shortage and ensure continued supply to meet customer demand.;cot;llama3.1:8b;llama;Given the high urgency level of the disruption, the current stockout status, and the coordinator's instruction to increase safety stock by 10% as a buffer, I accept the request to add an extra 30 kg to the reorder request. This will help mitigate the shortage and ensure continued supply to meet customer demand.;a7d3419fb48c8df564188962404c88eb08e7eec00e1d587d1fac2c09a3d43a3a;531;88;30.454.453.706.741.300;TRUE;FALSE;19
288;09/02/2026 06:00;slaughterhouse;R9;high;modify;0.0066;0.85;1;Given the high urgency level of the disruption, I will modify the output stock to increase by 15% as instructed by the coordinator. However, considering our current processing capacity is below 50%, I will adjust the factor to 0.85 to ensure we don't overcommit and exacerbate the delay.;cot;llama3.1:8b;llama;Given the high urgency level of the disruption, I will modify the output stock to increase by 15% as instructed by the coordinator. However, considering our current processing capacity is below 50%, I will adjust the factor to 0.85 to ensure we don't overcommit and exacerbate the delay.;ff7a6056d6939894aeee39bb224312512c7e2221a2ee443970c347593014ef8d;538;88;23.625.101.327.896.100;TRUE;FALSE;19
288;09/02/2026 06:00;wholesaler;R9;high;modify;0.008;0.92;2;Given the high urgency level of the disruption, I will modify the instruction to prioritize inventory for Retail while maintaining current levels and cancelling 50% of non-priority pending shipments to focus on critical Retail needs.;cot;llama3.1:8b;llama;Given the high urgency level of the disruption, I will modify the instruction to prioritize inventory for Retail while maintaining current levels and cancelling 50% of non-priority pending shipments to focus on critical Retail needs.;acbf49b08aa38f0e57ac287e3c3071abece98f3bed461121b73301c58c75061f;539;67;28.786.826.133.728.000;TRUE;FALSE;19
288;09/02/2026 06:00;retail;R9;high;accept;0.0081;1.0;2;Given the high urgency level of the disruption, our current stockout status, and the coordinator's instruction to increase safety stock as a buffer, I accept the request to add 30 kg to the reorder request and adjust the safety stock by 10%. This will help mitigate the shortage and ensure we can meet customer demand.;cot;llama3.1:8b;llama;Given the high urgency level of the disruption, our current stockout status, and the coordinator's instruction to increase safety stock as a buffer, I accept the request to add 30 kg to the reorder request and adjust the safety stock by 10%. This will help mitigate the shortage and ensure we can meet customer demand.;f8cab50b0f53c7b9a40f7f407f82aae68b62a2f671d430edb4c158ed20d14595;531;89;29.165.716.648.101.800;TRUE;FALSE;19
296;09/02/2026 08:00;slaughterhouse;R9;high;modify;0.0062;0.92;1;Given the high urgency level of the disruption, I will modify the output stock to meet the coordinator's instruction. However, considering our current processing capacity is below threshold and worker availability is low, I will adjust the factor slightly lower than previous modifications to ensure a more cautious approach.;cot;llama3.1:8b;llama;Given the high urgency level of the disruption, I will modify the output stock to meet the coordinator's instruction. However, considering our current processing capacity is below threshold and worker availability is low, I will adjust the factor slightly lower than previous modifications to ensure a more cautious approach.;b59176a4291a2713e53ccc368044f59ed32055ff7bb6c7e648fc1a7b8b19af66;538;81;22.312.057.971.954.300;TRUE;FALSE;19
296;09/02/2026 08:00;wholesaler;R9;high;modify;0.008;0.92;2;Given the high urgency level of the disruption, I will modify the instruction to prioritize inventory for Retail while maintaining current levels and cancelling 50% of non-priority pending shipments to focus on critical Retail needs.;cot;llama3.1:8b;llama;Given the high urgency level of the disruption, I will modify the instruction to prioritize inventory for Retail while maintaining current levels and cancelling 50% of non-priority pending shipments to focus on critical Retail needs.;e8190b880895ff5dfca1db91b3c168974f0a691315fc8588c6f16bb3c637f7ca;541;67;28.949.002.504.348.700;TRUE;FALSE;19
296;09/02/2026 08:00;retail;R9;high;accept;0.0081;1.0;2;Given the high urgency level of the disruption, our current stockout status, and the coordinator's instruction to increase safety stock as a buffer, I accept the request to add 30 kg to the reorder request and adjust the safety stock by 10%. This will help mitigate the shortage and ensure we can meet customer demand.;cot;llama3.1:8b;llama;Given the high urgency level of the disruption, our current stockout status, and the coordinator's instruction to increase safety stock as a buffer, I accept the request to add 30 kg to the reorder request and adjust the safety stock by 10%. This will help mitigate the shortage and ensure we can meet customer demand.;aa576666fc05c916d75e8144d877daeb2cea8454b4a0cf3f04206652d4a22412;531;89;2.917.710.828.781.120;TRUE;FALSE;19
360;10/02/2026 00:00;slaughterhouse;R9;high;modify;0.006;0.92;1;The current processing delay is above the threshold, but increasing output stock by 15% will help to mitigate the disruption caused by the equipment status being partial. However, considering our local operational constraints, we should not fully accept the coordinator's instruction without adjusting for our specific situation.;cot;llama3.1:8b;llama;The current processing delay is above the threshold, but increasing output stock by 15% will help to mitigate the disruption caused by the equipment status being partial. However, considering our local operational constraints, we should not fully accept the coordinator's instruction without adjusting for our specific situation.;afad6a72ccdbf4a7fdb8647a35fc8d07152342d68ea18e2f1a24800d7128c6e6;538;81;21.454.227.209.091.100;TRUE;FALSE;19
360;10/02/2026 00:00;wholesaler;R9;high;modify;0.0093;0.95;2;Given the high urgency level of the disruption, I will modify my current inventory allocation to prioritize retail orders as instructed by the coordinator. This decision is supported by our current low inventory levels and high incoming orders, which necessitate a focus on critical retail shipments. By modifying our existing shipment schedule, we can ensure that essential retail deliveries are met while minimizing disruptions.;cot;llama3.1:8b;llama;Given the high urgency level of the disruption, I will modify my current inventory allocation to prioritize retail orders as instructed by the coordinator. This decision is supported by our current low inventory levels and high incoming orders, which necessitate a focus on critical retail shipments. By modifying our existing shipment schedule, we can ensure that essential retail deliveries are met while minimizing disruptions.;2665b311948d07e0fddc6931b819ad21c15cc40472b5689642984ba9d515b244;542;97;3.365.443.420.410.150;TRUE;FALSE;19
360;10/02/2026 00:00;retail;R9;high;accept;0.0082;1.0;2;Given the high urgency level of the disruption, our current stockout status, and the coordinator's instruction to increase safety stock as a buffer, I accept the request to add 30 kg to the reorder request and adjust the safety stock by 10%. This will help mitigate the shortage and ensure we can meet customer demand.;cot;llama3.1:8b;llama;Given the high urgency level of the disruption, our current stockout status, and the coordinator's instruction to increase safety stock as a buffer, I accept the request to add 30 kg to the reorder request and adjust the safety stock by 10%. This will help mitigate the shortage and ensure we can meet customer demand.;cad83620ab33ef0fab28339a17d9b2abcae6a896a46b869af682e1c3bae3c67a;531;89;29.519.026.517.868.000;TRUE;FALSE;19
36;08/02/2026 15:00;farm;R4;normal;modify;0.0042;0.8;1;Given the current production capacity is below 60%, reducing outgoing orders to 80% of actual capacity will help maintain a stable flock operation and prevent potential disruptions. This adjustment aligns with the coordinating agent's instruction, taking into account our local operational constraints.;cot;llama3.1:8b;llama;Given the current production capacity is below 60%, reducing outgoing orders to 80% of actual capacity will help maintain a stable flock operation and prevent potential disruptions. This adjustment aligns with the coordinating agent's instruction, taking into account our local operational constraints.;012d34cb2db4a30393ab602530e427a646a937abede5cc3ef41dc786cd72c559;502;77;15.169.041.156.768.700;TRUE;FALSE;20
36;08/02/2026 15:00;slaughterhouse;R4;normal;modify;0.0074;0.8;1;Given the current processing capacity is below threshold, reducing it to 80% as instructed by the coordinator will help prevent potential delays and maintain output stock levels within acceptable limits.;cot;llama3.1:8b;llama;Given the current processing capacity is below threshold, reducing it to 80% as instructed by the coordinator will help prevent potential delays and maintain output stock levels within acceptable limits.;1fc92340fe9f1bab05c58bf37b150211b4a1fd3c0c1f89e926503de30b7529c7;503;60;2.656.342.053.413.390;TRUE;FALSE;20
36;08/02/2026 15:00;retail;R4;normal;accept;0.0073;1.0;1;Given the current retail inventory is above safety stock, but sales rate is high and increasing, it's prudent to accept the coordinator's instruction to add a reorder request of +20 kg to mitigate potential future shortages.;cot;llama3.1:8b;llama;Given the current retail inventory is above safety stock, but sales rate is high and increasing, it's prudent to accept the coordinator's instruction to add a reorder request of +20 kg to mitigate potential future shortages.;ddd2d55911c5cce3c4d6d652a55cce5744591cb7d55a59db3c9fbda6b71619a5;483;67;26.320.016.860.961.900;TRUE;FALSE;20
80;09/02/2026 02:00;wholesaler;R8;normal;modify;0.0082;0.8;2;The current inventory level is below the threshold, but not critically low. The incoming orders are above capacity, and the delivery schedule is normal. Given these conditions, modifying the delivery schedule to 'rerouted' with a 15% reduction in pending shipments seems reasonable.;cot;llama3.1:8b;llama;The current inventory level is below the threshold, but not critically low. The incoming orders are above capacity, and the delivery schedule is normal. Given these conditions, modifying the delivery schedule to 'rerouted' with a 15% reduction in pending shipments seems reasonable.;9bc9d53a7046ebc2664b324e55774ecadf778a46497da2a8bd5e8b0a360899e2;506;79;2.945.280.146.598.810;TRUE;FALSE;20
80;09/02/2026 02:00;retail;R8;normal;modify;0.0082;0.8;1;Given the current retail inventory of 32.8 kg, which is above the safety stock threshold, and considering the coordinator's instruction to adjust demand_estimate to 95% due to potential disruption, I will modify the demand estimate to account for the anticipated delay without immediately triggering a stockout flag.;cot;llama3.1:8b;llama;Given the current retail inventory of 32.8 kg, which is above the safety stock threshold, and considering the coordinator's instruction to adjust demand_estimate to 95% due to potential disruption, I will modify the demand estimate to account for the anticipated delay without immediately triggering a stockout flag.;f9aaa5b9519f25dadc600950b6c8a142e50dba137fb75c44871a2b2861295f2c;496;85;2.957.648.754.119.870;TRUE;FALSE;20
96;09/02/2026 06:00;slaughterhouse;R9;high;modify;0.0083;0.85;1;Given the high urgency level of the disruption, I will modify our current processing schedule to increase output stock by 15% as instructed by the coordinator. However, considering our current low worker availability and partial equipment status, I must adjust the factor to ensure a more cautious approach.;cot;llama3.1:8b;llama;Given the high urgency level of the disruption, I will modify our current processing schedule to increase output stock by 15% as instructed by the coordinator. However, considering our current low worker availability and partial equipment status, I must adjust the factor to ensure a more cautious approach.;c1777581fce174cd0c7f51a77b003334be8e7ce58f4e7bf8183b60be350177e0;510;81;29.780.587.434.768.600;TRUE;FALSE;20
96;09/02/2026 06:00;wholesaler;R9;high;modify;0.0084;0.85;2;Given the high urgency level of the disruption, I will modify our current inventory allocation to prioritize retail orders as instructed by the coordinator. This decision is supported by our current low inventory levels and incoming orders exceeding capacity. By prioritizing retail orders, we can minimize stockouts and ensure critical customer needs are met.;cot;llama3.1:8b;llama;Given the high urgency level of the disruption, I will modify our current inventory allocation to prioritize retail orders as instructed by the coordinator. This decision is supported by our current low inventory levels and incoming orders exceeding capacity. By prioritizing retail orders, we can minimize stockouts and ensure critical customer needs are met.;93764ff5e5bffb37d66b51101e3d20224493ef7cabe2689fee23020599b0572d;514;87;30.406.942.129.135.100;TRUE;FALSE;20
96;09/02/2026 06:00;retail;R9;high;accept;0.0085;1.0;2;The current retail inventory is below the safety stock threshold, and the sales rate has exceeded expected levels. The coordinating agent's instruction to increase reorder request by +30 kg and raise safety stock by 10% as an emergency buffer aligns with our operational needs to prevent stockouts during this disruption.;cot;llama3.1:8b;llama;The current retail inventory is below the safety stock threshold, and the sales rate has exceeded expected levels. The coordinating agent's instruction to increase reorder request by +30 kg and raise safety stock by 10% as an emergency buffer aligns with our operational needs to prevent stockouts during this disruption.;d4a5bbb1c0ea933e2761a414492af5a4ef0bf13dfc0a69241bd13f2b42dd749f;515;84;305.298.171.043.396;TRUE;FALSE;20
144;09/02/2026 18:00;slaughterhouse;R9;high;modify;0.0081;0.92;1;Given the high urgency level of the disruption, I will modify the output stock to meet the coordinator's instruction. However, considering our current processing capacity is below threshold and worker availability is low, I will adjust the factor slightly lower than before to ensure a more cautious approach.;cot;llama3.1:8b;llama;Given the high urgency level of the disruption, I will modify the output stock to meet the coordinator's instruction. However, considering our current processing capacity is below threshold and worker availability is low, I will adjust the factor slightly lower than before to ensure a more cautious approach.;81e39aa6e7e9d219cf687744e3edf5f594d4e18a73c5c4cc317a1818a2529bd8;524;80;2.911.123.514.175.410;TRUE;FALSE;20
144;09/02/2026 18:00;wholesaler;R9;high;modify;0.0079;0.9;2;Given the high urgency level of the disruption, I will modify the instruction to prioritize inventory for Retail while maintaining current levels and cancelling 50% of non-priority pending shipments to focus on critical Retail needs.;cot;llama3.1:8b;llama;Given the high urgency level of the disruption, I will modify the instruction to prioritize inventory for Retail while maintaining current levels and cancelling 50% of non-priority pending shipments to focus on critical Retail needs.;c9f806c3881a1b20dac41ea51e720fcb9aac0a8d740b42f22b8cacea396fab82;525;67;283.772.189.617.157;TRUE;FALSE;20
144;09/02/2026 18:00;retail;R9;high;accept;0.0091;1.0;2;Given the high urgency level of the disruption, the current stockout flag is active, and sales rate exceeds expected levels by 50%, I accept the coordinator's instruction to add a reorder request for +30 kg as a buffer against further disruptions. Increasing safety stock by 10% will also provide an additional cushion in case of future shortages.;cot;llama3.1:8b;llama;Given the high urgency level of the disruption, the current stockout flag is active, and sales rate exceeds expected levels by 50%, I accept the coordinator's instruction to add a reorder request for +30 kg as a buffer against further disruptions. Increasing safety stock by 10% will also provide an additional cushion in case of future shortages.;1b1c8ff58b2c5822b4bf6082ea1019e039ebbedbcb5b2a847b4a9c977bb0bec8;529;93;3.283.899.283.409.110;TRUE;FALSE;20
216;10/02/2026 12:00;slaughterhouse;R9;high;modify;0.0085;0.92;1;Given the high urgency level of the disruption, I will modify my current output stock to meet the coordinator's instruction. However, considering our local operational constraints and processing capacity, a factor of 0.92 is applied to ensure a balanced adjustment.;cot;llama3.1:8b;llama;Given the high urgency level of the disruption, I will modify my current output stock to meet the coordinator's instruction. However, considering our local operational constraints and processing capacity, a factor of 0.92 is applied to ensure a balanced adjustment.;0215df88b7660ec232ef731717190eec62565d498f5bfeb6d656b3b76ed6237b;538;75;30.619.178.771.972.600;TRUE;FALSE;20
216;10/02/2026 12:00;wholesaler;R9;high;modify;0.0088;0.95;2;Given the high urgency level of the disruption, I will modify the instruction to prioritize inventory_level for Retail and cancel 50% of non-priority pending_shipments to focus on critical Retail orders. This decision balances the need to meet urgent Retail demands with the constraint of limited inventory capacity.;cot;llama3.1:8b;llama;Given the high urgency level of the disruption, I will modify the instruction to prioritize inventory_level for Retail and cancel 50% of non-priority pending_shipments to focus on critical Retail orders. This decision balances the need to meet urgent Retail demands with the constraint of limited inventory capacity.;c36a7a3df4e8931b133b57ad85f006ce3afd8acb27ce8e3e332896baccc0fcfc;541;83;3.179.844.069.480.890;TRUE;FALSE;20
216;10/02/2026 12:00;retail;R9;high;accept;0.0078;1.0;2;The current stockout flag is high, indicating a severe disruption in broiler meat availability. The coordinator's instruction to add a reorder request of +30 kg and increase the safety stock by 10% as an emergency buffer is appropriate given our low inventory levels and high sales rate.;cot;llama3.1:8b;llama;The current stockout flag is high, indicating a severe disruption in broiler meat availability. The coordinator's instruction to add a reorder request of +30 kg and increase the safety stock by 10% as an emergency buffer is appropriate given our low inventory levels and high sales rate.;c211f1db6b84874bb0c54dfd923e9678850fa1a08276d333b5ef620cb00aa236;529;81;2.808.588.981.628.410;TRUE;FALSE;20
36;10/02/2026 15:00;farm;R4;normal;modify;0.0042;0.8;1;Given the current production capacity is below 60%, reducing outgoing orders to 80% of actual capacity will help maintain a stable flock operation and prevent potential disruptions. This adjustment aligns with the coordinating agent's instruction, taking into account our local operational constraints.;cot;llama3.1:8b;llama;Given the current production capacity is below 60%, reducing outgoing orders to 80% of actual capacity will help maintain a stable flock operation and prevent potential disruptions. This adjustment aligns with the coordinating agent's instruction, taking into account our local operational constraints.;012d34cb2db4a30393ab602530e427a646a937abede5cc3ef41dc786cd72c559;502;77;15.238.747.596.740.700;TRUE;FALSE;21
36;10/02/2026 15:00;slaughterhouse;R4;normal;modify;0.0073;0.8;1;Given the current processing capacity is below threshold, reducing it to 80% as instructed by the coordinator will help prevent potential delays and maintain output stock levels within acceptable limits.;cot;llama3.1:8b;llama;Given the current processing capacity is below threshold, reducing it to 80% as instructed by the coordinator will help prevent potential delays and maintain output stock levels within acceptable limits.;1fc92340fe9f1bab05c58bf37b150211b4a1fd3c0c1f89e926503de30b7529c7;503;60;2.637.770.128.250.120;TRUE;FALSE;21
36;10/02/2026 15:00;retail;R4;normal;accept;0.0073;1.0;1;Given the current retail inventory is above safety stock, but sales rate is high and increasing, it's prudent to accept the coordinator's instruction to add a reorder request of +20 kg to mitigate potential future shortages.;cot;llama3.1:8b;llama;Given the current retail inventory is above safety stock, but sales rate is high and increasing, it's prudent to accept the coordinator's instruction to add a reorder request of +20 kg to mitigate potential future shortages.;ddd2d55911c5cce3c4d6d652a55cce5744591cb7d55a59db3c9fbda6b71619a5;483;67;26.302.440.404.891.900;TRUE;FALSE;21
80;11/02/2026 02:00;wholesaler;R8;normal;modify;0.008;0.8;2;The current inventory level is below the threshold, but not critically low. The incoming orders are above capacity, and the delivery schedule is normal. Modifying the delivery schedule to 'rerouted' will help mitigate potential disruptions and ensure timely delivery of critical shipments.;cot;llama3.1:8b;llama;The current inventory level is below the threshold, but not critically low. The incoming orders are above capacity, and the delivery schedule is normal. Modifying the delivery schedule to 'rerouted' will help mitigate potential disruptions and ensure timely delivery of critical shipments.;ad6bcf992c7ee5b9b01ec073725e0ade160e267730817f36ab226fb2badecfc6;506;77;2.892.714.786.529.540;TRUE;FALSE;21
80;11/02/2026 02:00;retail;R8;normal;modify;0.0082;0.8;1;Given the current retail inventory of 44.2 kg, which is above the safety stock threshold, and considering the coordinator's instruction to adjust demand_estimate to 95% due to potential disruption, I will modify the demand estimate to account for the anticipated delay without immediately triggering a stockout flag.;cot;llama3.1:8b;llama;Given the current retail inventory of 44.2 kg, which is above the safety stock threshold, and considering the coordinator's instruction to adjust demand_estimate to 95% due to potential disruption, I will modify the demand estimate to account for the anticipated delay without immediately triggering a stockout flag.;08a5cfb9483f3b0f846492f1f7d34667173f4e52c351a9786946327441d95a90;496;85;29.489.420.890.808.100;TRUE;FALSE;21
108;11/02/2026 09:00;farm;R12;high;modify;0.0077;0.85;2;Given the high urgency level of the disruption, I must adjust outgoing orders to match our current production capacity. Reducing orders by 25% will help prevent overstocking and maintain a stable supply chain. Additionally, increasing production capacity by 5% through intensification is feasible considering our current mortality rate and disease alert status.;cot;llama3.1:8b;llama;Given the high urgency level of the disruption, I must adjust outgoing orders to match our current production capacity. Reducing orders by 25% will help prevent overstocking and maintain a stable supply chain. Additionally, increasing production capacity by 5% through intensification is feasible considering our current mortality rate and disease alert status.;7a480d51495381720c3ffa35c40a308e490e64b0f904862afac2f578737f8f19;527;91;27.850.576.162.338.200;TRUE;FALSE;21
108;11/02/2026 09:00;wholesaler;R12;high;modify;0.009;0.85;2;Given the high urgency level of the disruption, I will adjust our distribution capacity to 85% as instructed by the coordinator. This adjustment is necessary to optimize our response to the disruption and ensure that we can meet the increased demand for broiler distribution in East Java. By modifying our capacity, we can better align with the available supply from Farm and reroute deliveries accordingly.;cot;llama3.1:8b;llama;Given the high urgency level of the disruption, I will adjust our distribution capacity to 85% as instructed by the coordinator. This adjustment is necessary to optimize our response to the disruption and ensure that we can meet the increased demand for broiler distribution in East Java. By modifying our capacity, we can better align with the available supply from Farm and reroute deliveries accordingly.;03b59bae30bd4a8783b8b474ed0106e2832d3b73f40817313bdad611135f25ad;512;100;32.507.793.188.095.000;TRUE;FALSE;21
36;12/02/2026 15:00;farm;R4;normal;modify;0.0069;0.8;1;Given the current production capacity is below 60%, reducing outgoing orders to 80% of actual capacity will help maintain a stable flock management and prevent potential disruptions. This adjustment aligns with the coordinator's instruction, taking into account our local operational constraints.;cot;llama3.1:8b;llama;Given the current production capacity is below 60%, reducing outgoing orders to 80% of actual capacity will help maintain a stable flock management and prevent potential disruptions. This adjustment aligns with the coordinator's instruction, taking into account our local operational constraints.;012d34cb2db4a30393ab602530e427a646a937abede5cc3ef41dc786cd72c559;502;76;248.348.867.893.219;TRUE;FALSE;22
36;12/02/2026 15:00;slaughterhouse;R4;normal;modify;0.0033;0.8;1;Given the current processing capacity is below threshold, reducing it to 80% as instructed by the coordinator will help prevent potential delays and maintain output stock levels within acceptable limits.;cot;llama3.1:8b;llama;Given the current processing capacity is below threshold, reducing it to 80% as instructed by the coordinator will help prevent potential delays and maintain output stock levels within acceptable limits.;1fc92340fe9f1bab05c58bf37b150211b4a1fd3c0c1f89e926503de30b7529c7;503;60;11.703.783.750.534.000;TRUE;FALSE;22
36;12/02/2026 15:00;retail;R4;normal;accept;0.0073;1.0;1;Given the current retail inventory is above safety stock, but sales rate is high and increasing, it's prudent to accept the coordinator's instruction to add a reorder request of +20 kg to mitigate potential future shortages.;cot;llama3.1:8b;llama;Given the current retail inventory is above safety stock, but sales rate is high and increasing, it's prudent to accept the coordinator's instruction to add a reorder request of +20 kg to mitigate potential future shortages.;ddd2d55911c5cce3c4d6d652a55cce5744591cb7d55a59db3c9fbda6b71619a5;483;67;2.634.386.944.770.810;TRUE;FALSE;22
88;13/02/2026 04:00;farm;R12;high;modify;0.0088;0.85;2;Given the high urgency level of the disruption, I must adjust outgoing orders to match our current production capacity. Reducing orders by 25% will help prevent further strain on resources and allow us to maintain a stable flock management. Additionally, increasing production capacity by 5% through intensified operations is feasible considering our current mortality rate.;cot;llama3.1:8b;llama;Given the high urgency level of the disruption, I must adjust outgoing orders to match our current production capacity. Reducing orders by 25% will help prevent further strain on resources and allow us to maintain a stable flock management. Additionally, increasing production capacity by 5% through intensified operations is feasible considering our current mortality rate.;73e916a0d739ecc7f3cb97d210d2f487f9b0a79eb95bd34d5a9b7b95a0a72567;525;91;31.744.908.094.406.100;TRUE;FALSE;22
88;13/02/2026 04:00;wholesaler;R12;high;modify;0.0087;0.8;2;Given the high urgency level of the disruption, I will modify our distribution capacity to 85% as instructed by the coordinator. This adjustment will help optimize our supply chain and ensure timely delivery of broilers to customers. However, I will not immediately change the delivery schedule to 'rerouted' without further assessment of its impact on our local operations.;cot;llama3.1:8b;llama;Given the high urgency level of the disruption, I will modify our distribution capacity to 85% as instructed by the coordinator. This adjustment will help optimize our supply chain and ensure timely delivery of broilers to customers. However, I will not immediately change the delivery schedule to 'rerouted' without further assessment of its impact on our local operations.;942a2adf8ecc981ce7f0dd7a8a700f966ac924d283eec79985efb7fc00a54fe3;503;95;31.318.718.671.798.700;TRUE;FALSE;22
36;14/02/2026 15:00;farm;R4;normal;modify;0.0071;0.8;1;Given the current production capacity is below 60%, reducing outgoing orders to 80% of actual capacity will help prevent further strain on resources and maintain a stable flock operation.;cot;llama3.1:8b;llama;Given the current production capacity is below 60%, reducing outgoing orders to 80% of actual capacity will help prevent further strain on resources and maintain a stable flock operation.;012d34cb2db4a30393ab602530e427a646a937abede5cc3ef41dc786cd72c559;502;60;25.518.677.711.486.800;TRUE;FALSE;23
36;14/02/2026 15:00;slaughterhouse;R4;normal;modify;0.0033;0.8;1;Given the current processing capacity is below threshold, reducing it to 80% as instructed by the coordinator will help prevent potential delays and maintain output stock levels within acceptable limits.;cot;llama3.1:8b;llama;Given the current processing capacity is below threshold, reducing it to 80% as instructed by the coordinator will help prevent potential delays and maintain output stock levels within acceptable limits.;1fc92340fe9f1bab05c58bf37b150211b4a1fd3c0c1f89e926503de30b7529c7;503;60;11.894.595.623.016.300;TRUE;FALSE;23
36;14/02/2026 15:00;retail;R4;normal;accept;0.0038;1.0;1;The current retail inventory is above the safety stock threshold, but sales rate is high and increasing. Adding +20 kg to the reorder request will help mitigate potential future shortages due to the coordinator's signal of a potential disruption.;cot;llama3.1:8b;llama;The current retail inventory is above the safety stock threshold, but sales rate is high and increasing. Adding +20 kg to the reorder request will help mitigate potential future shortages due to the coordinator's signal of a potential disruption.;ddd2d55911c5cce3c4d6d652a55cce5744591cb7d55a59db3c9fbda6b71619a5;483;69;13.704.357.624.053.900;TRUE;FALSE;23
80;15/02/2026 02:00;wholesaler;R8;normal;modify;0.008;0.8;2;The current inventory level is below the threshold, but not critically low. The incoming orders are above capacity, and the delivery schedule is normal. Modifying the delivery schedule to 'rerouted' will help mitigate potential disruptions and ensure timely delivery of critical shipments.;cot;llama3.1:8b;llama;The current inventory level is below the threshold, but not critically low. The incoming orders are above capacity, and the delivery schedule is normal. Modifying the delivery schedule to 'rerouted' will help mitigate potential disruptions and ensure timely delivery of critical shipments.;ad6bcf992c7ee5b9b01ec073725e0ade160e267730817f36ab226fb2badecfc6;506;77;28.674.108.505.249.000;TRUE;FALSE;23
80;15/02/2026 02:00;retail;R8;normal;modify;0.0082;0.8;1;Given the current retail inventory of 44.2 kg, which is above the safety stock threshold, and considering the coordinator's instruction to adjust demand_estimate to 95% due to potential disruption, I will modify the demand estimate to account for the anticipated delay without immediately triggering a stockout flag.;cot;llama3.1:8b;llama;Given the current retail inventory of 44.2 kg, which is above the safety stock threshold, and considering the coordinator's instruction to adjust demand_estimate to 95% due to potential disruption, I will modify the demand estimate to account for the anticipated delay without immediately triggering a stockout flag.;08a5cfb9483f3b0f846492f1f7d34667173f4e52c351a9786946327441d95a90;496;85;29.533.398.628.234.800;TRUE;FALSE;23
108;15/02/2026 09:00;farm;R12;high;modify;0.0078;0.85;2;Given the high urgency level of the disruption, I must adjust outgoing orders to match our current production capacity. Reducing orders by 25% will help prevent overstocking and maintain a stable supply chain. Additionally, increasing production capacity by 5% through intensification is feasible considering our current mortality rate and disease alert status.;cot;llama3.1:8b;llama;Given the high urgency level of the disruption, I must adjust outgoing orders to match our current production capacity. Reducing orders by 25% will help prevent overstocking and maintain a stable supply chain. Additionally, increasing production capacity by 5% through intensification is feasible considering our current mortality rate and disease alert status.;7a480d51495381720c3ffa35c40a308e490e64b0f904862afac2f578737f8f19;527;91;28.074.498.176.574.700;TRUE;FALSE;23
108;15/02/2026 09:00;wholesaler;R12;high;modify;0.0091;0.85;2;Given the high urgency level of the disruption, I will adjust our distribution capacity to 85% as instructed by the coordinator. This adjustment is necessary to optimize our response to the disruption and ensure that we can meet the increased demand for broiler distribution in East Java. By modifying our capacity, we can better align with the available supply from Farm and reroute deliveries accordingly.;cot;llama3.1:8b;llama;Given the high urgency level of the disruption, I will adjust our distribution capacity to 85% as instructed by the coordinator. This adjustment is necessary to optimize our response to the disruption and ensure that we can meet the increased demand for broiler distribution in East Java. By modifying our capacity, we can better align with the available supply from Farm and reroute deliveries accordingly.;03b59bae30bd4a8783b8b474ed0106e2832d3b73f40817313bdad611135f25ad;512;100;32.587.329.387.664.700;TRUE;FALSE;23
36;16/02/2026 15:00;farm;R4;normal;modify;0.0067;0.8;1;Given the current production capacity is below 60%, reducing outgoing orders to 80% of actual capacity will help maintain a stable flock management and prevent potential disruptions. This adjustment aligns with the coordinator's instruction, taking into account our local operational constraints.;cot;llama3.1:8b;llama;Given the current production capacity is below 60%, reducing outgoing orders to 80% of actual capacity will help maintain a stable flock management and prevent potential disruptions. This adjustment aligns with the coordinator's instruction, taking into account our local operational constraints.;012d34cb2db4a30393ab602530e427a646a937abede5cc3ef41dc786cd72c559;502;76;2.420.430.016.517.630;TRUE;FALSE;24
36;16/02/2026 15:00;slaughterhouse;R4;normal;modify;0.0038;0.8;1;Given the current processing capacity is below threshold, reducing it to 80% as instructed by the coordinator will help prevent potential delays and maintain output stock levels within acceptable limits.;cot;llama3.1:8b;llama;Given the current processing capacity is below threshold, reducing it to 80% as instructed by the coordinator will help prevent potential delays and maintain output stock levels within acceptable limits.;1fc92340fe9f1bab05c58bf37b150211b4a1fd3c0c1f89e926503de30b7529c7;503;60;13.759.811.878.204.300;TRUE;FALSE;24
36;16/02/2026 15:00;retail;R4;normal;accept;0.0074;1.0;1;Given the current retail inventory is above safety stock, but sales rate is high and increasing, it's prudent to accept the coordinator's instruction to add a reorder request of +20 kg to mitigate potential future shortages.;cot;llama3.1:8b;llama;Given the current retail inventory is above safety stock, but sales rate is high and increasing, it's prudent to accept the coordinator's instruction to add a reorder request of +20 kg to mitigate potential future shortages.;ddd2d55911c5cce3c4d6d652a55cce5744591cb7d55a59db3c9fbda6b71619a5;483;67;2.666.519.570.350.640;TRUE;FALSE;24
80;17/02/2026 02:00;wholesaler;R8;normal;modify;0.0082;0.8;2;The current inventory level is below the threshold, but not critically low. The incoming orders are above capacity, and the delivery schedule is normal. Modifying the delivery schedule to 'rerouted' will help mitigate potential disruptions and ensure timely delivery of critical shipments.;cot;llama3.1:8b;llama;The current inventory level is below the threshold, but not critically low. The incoming orders are above capacity, and the delivery schedule is normal. Modifying the delivery schedule to 'rerouted' will help mitigate potential disruptions and ensure timely delivery of critical shipments.;ad6bcf992c7ee5b9b01ec073725e0ade160e267730817f36ab226fb2badecfc6;506;77;29.361.998.558.044.400;TRUE;FALSE;24
80;17/02/2026 02:00;retail;R8;normal;modify;0.0084;0.8;1;Given the current retail inventory of 44.2 kg, which is above the safety stock threshold, and considering the coordinator's instruction to adjust demand_estimate to 95% due to potential disruption, I will modify the demand estimate to account for the anticipated delay without immediately triggering a stockout flag.;cot;llama3.1:8b;llama;Given the current retail inventory of 44.2 kg, which is above the safety stock threshold, and considering the coordinator's instruction to adjust demand_estimate to 95% due to potential disruption, I will modify the demand estimate to account for the anticipated delay without immediately triggering a stockout flag.;08a5cfb9483f3b0f846492f1f7d34667173f4e52c351a9786946327441d95a90;496;85;3.033.303.666.114.800;TRUE;FALSE;24
123;17/02/2026 12:45;slaughterhouse;R9;high;modify;0.0084;0.85;1;Given the high urgency level of the disruption, I will modify our output stock to increase by 15% as instructed by the coordinator. However, considering our current operational constraints, such as low worker availability and near-maximum processing capacity, I will adjust the factor slightly to ensure a more cautious approach.;cot;llama3.1:8b;llama;Given the high urgency level of the disruption, I will modify our output stock to increase by 15% as instructed by the coordinator. However, considering our current operational constraints, such as low worker availability and near-maximum processing capacity, I will adjust the factor slightly to ensure a more cautious approach.;65da64d17da08deb14b5ccb8e0648da04aa5a8481dd7b0ad12d208650ccfdb58;508;86;3.036.286.497.116.080;TRUE;FALSE;24
123;17/02/2026 12:45;wholesaler;R9;high;modify;0.0085;0.85;2;Given the high urgency level of the disruption, I will modify our current inventory allocation to prioritize retail orders as instructed by the coordinator. This decision is supported by our current low inventory levels and incoming orders exceeding capacity. By prioritizing retail orders, we can minimize stockouts and ensure critical customer needs are met.;cot;llama3.1:8b;llama;Given the high urgency level of the disruption, I will modify our current inventory allocation to prioritize retail orders as instructed by the coordinator. This decision is supported by our current low inventory levels and incoming orders exceeding capacity. By prioritizing retail orders, we can minimize stockouts and ensure critical customer needs are met.;9140bbfa23ec5d3ebca7aba605fa8fc8ad4eaf2b75061cae1a5eb5018c0d0d41;514;87;30.754.799.604.415.800;TRUE;FALSE;24
123;17/02/2026 12:45;retail;R9;high;accept;0.0084;1.0;2;The current retail inventory is below the safety stock threshold, and the sales rate has exceeded expected levels. The coordinating agent's instruction to add a reorder request for +30 kg and increase the safety stock by 10% as an emergency buffer is appropriate given the high urgency level of the disruption.;cot;llama3.1:8b;llama;The current retail inventory is below the safety stock threshold, and the sales rate has exceeded expected levels. The coordinating agent's instruction to add a reorder request for +30 kg and increase the safety stock by 10% as an emergency buffer is appropriate given the high urgency level of the disruption.;c36c161e94f2126adf5cdf1692d9db3f512448f8142ec0b383fdbc07eafaaf9c;515;83;30.386.250.972.747.800;TRUE;FALSE;24
396;20/02/2026 09:00;slaughterhouse;R9;high;modify;0.0085;0.92;1;Given the high urgency level of the disruption, I must adjust our output stock to meet the coordinator's instruction. However, considering our current processing capacity is below threshold and worker availability is low, a moderate adjustment factor of 0.92 seems reasonable to avoid exacerbating existing issues.;cot;llama3.1:8b;llama;Given the high urgency level of the disruption, I must adjust our output stock to meet the coordinator's instruction. However, considering our current processing capacity is below threshold and worker availability is low, a moderate adjustment factor of 0.92 seems reasonable to avoid exacerbating existing issues.;2734256ed2d36206057211a7396a19fb781221db2c6d0de432df9110958b6c2e;524;82;30.573.933.362.960.800;TRUE;FALSE;24
396;20/02/2026 09:00;wholesaler;R9;high;modify;0.0081;0.9;2;Given the high urgency level of the disruption, I will modify the instruction to prioritize inventory_level for Retail while maintaining current levels and cancelling 50% of non-priority pending_shipments to focus on critical Retail orders.;cot;llama3.1:8b;llama;Given the high urgency level of the disruption, I will modify the instruction to prioritize inventory_level for Retail while maintaining current levels and cancelling 50% of non-priority pending_shipments to focus on critical Retail orders.;b52c316f21302169e8f8bd19e0e528588e187bc44394f718f7ce9549db00f541;525;69;29.087.366.580.963.100;TRUE;FALSE;24
396;20/02/2026 09:00;retail;R9;high;accept;0.0089;1.0;2;Given the high urgency level of the disruption, the current stockout flag is active, and sales rate exceeds expected levels by 150%, I accept the coordinating agent's instruction to add a reorder request for +30 kg as a buffer against further disruptions. Increasing safety stock by 10% will also provide an additional emergency buffer.;cot;llama3.1:8b;llama;Given the high urgency level of the disruption, the current stockout flag is active, and sales rate exceeds expected levels by 150%, I accept the coordinating agent's instruction to add a reorder request for +30 kg as a buffer against further disruptions. Increasing safety stock by 10% will also provide an additional emergency buffer.;0c2ce60c7580819a9ecedaf411add7e460d69a47c1cc2e7242815a0196f0a627;529;90;32.159.071.445.465.000;TRUE;FALSE;24
468;21/02/2026 03:00;slaughterhouse;R9;high;modify;0.0084;0.92;1;Given the high urgency level of the disruption, I will modify my current output stock to meet the coordinator's instruction. However, considering our local operational constraints and processing capacity, a factor of 0.92 is applied to ensure a balanced adjustment.;cot;llama3.1:8b;llama;Given the high urgency level of the disruption, I will modify my current output stock to meet the coordinator's instruction. However, considering our local operational constraints and processing capacity, a factor of 0.92 is applied to ensure a balanced adjustment.;54e1e65402f3913382e76f5b4a46aa4f3597323260d5effe75bb7f4d49f3f8fe;536;75;3.033.206.868.171.690;TRUE;FALSE;24
468;21/02/2026 03:00;wholesaler;R9;high;modify;0.008;0.95;2;Given the high urgency level of the disruption, I will modify the instruction to prioritize inventory for Retail while maintaining current levels and cancelling 50% of non-priority pending shipments to focus on critical Retail needs.;cot;llama3.1:8b;llama;Given the high urgency level of the disruption, I will modify the instruction to prioritize inventory for Retail while maintaining current levels and cancelling 50% of non-priority pending shipments to focus on critical Retail needs.;432f9e04a9a5ca33f88d34173d924f69ba9b03875f5a07bad11b18d95434cb6a;539;67;2.883.914.041.519.160;TRUE;FALSE;24
468;21/02/2026 03:00;retail;R9;high;accept;0.0085;1.0;2;Given the high urgency level of the disruption, I accept the coordinating agent's instruction to increase reorder request by +30 kg and adjust safety stock by 10% as an emergency buffer. This decision aims to mitigate potential stockouts and ensure continued supply during this critical period.;cot;llama3.1:8b;llama;Given the high urgency level of the disruption, I accept the coordinating agent's instruction to increase reorder request by +30 kg and adjust safety stock by 10% as an emergency buffer. This decision aims to mitigate potential stockouts and ensure continued supply during this critical period.;7afc2f808f2719a612c2f19b3f9ccc43d8f15a83ceec2f12a3b8ae00f1807d19;529;79;3.057.516.384.124.750;TRUE;FALSE;24
36;18/02/2026 15:00;farm;R4;normal;modify;0.0042;0.8;1;Given the current production capacity is below 60%, reducing outgoing orders to 80% of actual capacity will help maintain a stable flock operation and prevent potential disruptions. This adjustment aligns with the coordinating agent's instruction, taking into account our local operational constraints.;cot;llama3.1:8b;llama;Given the current production capacity is below 60%, reducing outgoing orders to 80% of actual capacity will help maintain a stable flock operation and prevent potential disruptions. This adjustment aligns with the coordinating agent's instruction, taking into account our local operational constraints.;012d34cb2db4a30393ab602530e427a646a937abede5cc3ef41dc786cd72c559;502;77;15.130.291.223.526.000;TRUE;FALSE;25
36;18/02/2026 15:00;slaughterhouse;R4;normal;modify;0.0073;0.8;1;Given the current processing capacity is below threshold, reducing it to 80% as instructed by the coordinator will help prevent potential delays and maintain output stock levels within acceptable limits.;cot;llama3.1:8b;llama;Given the current processing capacity is below threshold, reducing it to 80% as instructed by the coordinator will help prevent potential delays and maintain output stock levels within acceptable limits.;1fc92340fe9f1bab05c58bf37b150211b4a1fd3c0c1f89e926503de30b7529c7;503;60;26.338.484.287.261.900;TRUE;FALSE;25
36;18/02/2026 15:00;retail;R4;normal;accept;0.0073;1.0;1;Given the current retail inventory is above safety stock, but sales rate is high and increasing, it's prudent to accept the coordinator's instruction to add a reorder request of +20 kg to mitigate potential future shortages.;cot;llama3.1:8b;llama;Given the current retail inventory is above safety stock, but sales rate is high and increasing, it's prudent to accept the coordinator's instruction to add a reorder request of +20 kg to mitigate potential future shortages.;ddd2d55911c5cce3c4d6d652a55cce5744591cb7d55a59db3c9fbda6b71619a5;483;67;262.552.011.013.031;TRUE;FALSE;25
88;19/02/2026 04:00;farm;R12;high;modify;0.0088;0.85;2;Given the high urgency level of the disruption, I must adjust outgoing orders to match our current production capacity. Reducing orders by 25% will help prevent further strain on resources and allow us to maintain a stable flock management. This adjustment should also enable us to increase production capacity by 5%, as instructed.;cot;llama3.1:8b;llama;Given the high urgency level of the disruption, I must adjust outgoing orders to match our current production capacity. Reducing orders by 25% will help prevent further strain on resources and allow us to maintain a stable flock management. This adjustment should also enable us to increase production capacity by 5%, as instructed.;aceb34966f5c06fc240bd9e8f531ccf20a96930681dd9f0d0969acf8133d6e8a;525;88;3.150.531.053.543.090;TRUE;FALSE;25
88;19/02/2026 04:00;wholesaler;R12;high;modify;0.0087;0.8;2;Given the high urgency level of the disruption, I will modify our distribution capacity to 85% as instructed by the coordinator. This adjustment will help optimize our supply chain and ensure timely delivery of broilers to customers. However, I will not immediately change the delivery schedule to 'rerouted' without further assessment of its impact on our local operations.;cot;llama3.1:8b;llama;Given the high urgency level of the disruption, I will modify our distribution capacity to 85% as instructed by the coordinator. This adjustment will help optimize our supply chain and ensure timely delivery of broilers to customers. However, I will not immediately change the delivery schedule to 'rerouted' without further assessment of its impact on our local operations.;942a2adf8ecc981ce7f0dd7a8a700f966ac924d283eec79985efb7fc00a54fe3;503;95;31.381.065.607.070.900;TRUE;FALSE;25
360;22/02/2026 00:00;slaughterhouse;R9;high;modify;0.0088;0.85;1;Given the high urgency level of the disruption, I will modify our current processing schedule to increase output stock by 15% as instructed by the coordinator. However, considering our current low worker availability and moderate processing delay, I must adjust the factor slightly to ensure we can meet the new target without compromising other operational constraints.;cot;llama3.1:8b;llama;Given the high urgency level of the disruption, I will modify our current processing schedule to increase output stock by 15% as instructed by the coordinator. However, considering our current low worker availability and moderate processing delay, I must adjust the factor slightly to ensure we can meet the new target without compromising other operational constraints.;51f51e317451c45f87828fcaa72ed1624f93b036634faac116d0f743fc9f1625;510;89;31.526.161.670.684.800;TRUE;FALSE;25
360;22/02/2026 00:00;wholesaler;R9;high;modify;0.0088;0.85;2;Given the high urgency level of the disruption, I will modify my current inventory allocation to prioritize retail orders as instructed by the coordinator. This decision is supported by our current low inventory levels and delayed delivery schedule, which necessitate a focus on critical retail shipments. By modifying our existing shipment plans, we can ensure that essential products reach their destinations promptly.;cot;llama3.1:8b;llama;Given the high urgency level of the disruption, I will modify my current inventory allocation to prioritize retail orders as instructed by the coordinator. This decision is supported by our current low inventory levels and delayed delivery schedule, which necessitate a focus on critical retail shipments. By modifying our existing shipment plans, we can ensure that essential products reach their destinations promptly.;647c3945c5dfe46f3975d43e3bc901b6cb1465c7f83f0d961e30ddbba46cafd9;511;95;31.558.725.595.474.200;TRUE;FALSE;25
360;22/02/2026 00:00;retail;R9;high;accept;0.0088;1.0;2;The current retail status indicates a severe stockout situation, with inventory at 0 kg and sales rate exceeding expected levels by 150%. The coordinator's instruction to add a reorder request of +30 kg and increase safety stock by 10% as an emergency buffer is appropriate given the high urgency level and disruption severity.;cot;llama3.1:8b;llama;The current retail status indicates a severe stockout situation, with inventory at 0 kg and sales rate exceeding expected levels by 150%. The coordinator's instruction to add a reorder request of +30 kg and increase safety stock by 10% as an emergency buffer is appropriate given the high urgency level and disruption severity.;4282dc0068ff6d0b15d894a656afeccac7b715ea63574b2f5034aa502acb973a;503;88;31.691.649.675.369.200;TRUE;FALSE;25
432;22/02/2026 18:00;slaughterhouse;R9;high;modify;0.0078;0.92;1;Given the high urgency level of the disruption, I will modify the output stock to meet the coordinator's instruction. However, considering our current processing capacity is below threshold and worker availability is low, I will adjust the factor slightly to ensure a more cautious approach.;cot;llama3.1:8b;llama;Given the high urgency level of the disruption, I will modify the output stock to meet the coordinator's instruction. However, considering our current processing capacity is below threshold and worker availability is low, I will adjust the factor slightly to ensure a more cautious approach.;fe04e4895407231c34619e0a9b3be8fac7513b8454ead2d79e95b02c097d3a37;524;77;28.171.504.497.528.000;TRUE;FALSE;25
432;22/02/2026 18:00;wholesaler;R9;high;modify;0.0078;0.92;2;Given the high urgency level of the disruption, I will modify the instruction to prioritize inventory for Retail while maintaining current levels and cancelling 50% of non-priority pending shipments to focus on critical Retail needs.;cot;llama3.1:8b;llama;Given the high urgency level of the disruption, I will modify the instruction to prioritize inventory for Retail while maintaining current levels and cancelling 50% of non-priority pending shipments to focus on critical Retail needs.;97cdffa6d12a259616fab89c39945ca91477ce2cdceaaacff8c6b587eece51a6;525;67;28.182.169.675.827.000;TRUE;FALSE;25
432;22/02/2026 18:00;retail;R9;high;accept;0.0078;1.0;2;Given the high urgency level of the disruption, our current stockout status, and the coordinator's instruction to increase safety stock as a buffer, I accept the request to add 30 kg to the reorder request and adjust the safety stock by 10%. This will help mitigate the shortage and ensure we can meet customer demand.;cot;llama3.1:8b;llama;Given the high urgency level of the disruption, our current stockout status, and the coordinator's instruction to increase safety stock as a buffer, I accept the request to add 30 kg to the reorder request and adjust the safety stock by 10%. This will help mitigate the shortage and ensure we can meet customer demand.;894e26b721cddbeb0dbca17e9e27698e88ccaf738a2afa43ba7ae3e54558d8ce;517;89;28.250.274.181.365.900;TRUE;FALSE;25
36;20/02/2026 15:00;farm;R4;normal;modify;0.0072;0.8;1;Given the current production capacity is below 60%, reducing outgoing orders to 80% of actual capacity will help prevent further strain on resources and maintain a stable flock operation.;cot;llama3.1:8b;llama;Given the current production capacity is below 60%, reducing outgoing orders to 80% of actual capacity will help prevent further strain on resources and maintain a stable flock operation.;012d34cb2db4a30393ab602530e427a646a937abede5cc3ef41dc786cd72c559;502;60;25.772.512.435.913.000;TRUE;FALSE;26
36;20/02/2026 15:00;slaughterhouse;R4;normal;modify;0.0073;0.8;1;Given the current processing capacity is below threshold, reducing it to 80% as instructed by the coordinator will help prevent potential delays and maintain output stock levels within acceptable limits.;cot;llama3.1:8b;llama;Given the current processing capacity is below threshold, reducing it to 80% as instructed by the coordinator will help prevent potential delays and maintain output stock levels within acceptable limits.;1fc92340fe9f1bab05c58bf37b150211b4a1fd3c0c1f89e926503de30b7529c7;503;60;26.106.120.824.813.800;TRUE;FALSE;26
36;20/02/2026 15:00;retail;R4;normal;accept;0.0073;1.0;1;Given the current retail inventory is above safety stock, but sales rate is high and increasing, it's prudent to accept the coordinator's instruction to add a reorder request of +20 kg to mitigate potential future shortages.;cot;llama3.1:8b;llama;Given the current retail inventory is above safety stock, but sales rate is high and increasing, it's prudent to accept the coordinator's instruction to add a reorder request of +20 kg to mitigate potential future shortages.;ddd2d55911c5cce3c4d6d652a55cce5744591cb7d55a59db3c9fbda6b71619a5;483;67;26.385.457.515.716.500;TRUE;FALSE;26
88;21/02/2026 04:00;wholesaler;R8;normal;modify;0.0081;0.8;2;The current inventory level is below the threshold, but not critically low. The incoming orders are above capacity, and the delivery schedule is normal. Given the coordinator's instruction to reroute shipments and reduce pending shipments by 15%, I will modify my decision to accept these changes.;cot;llama3.1:8b;llama;The current inventory level is below the threshold, but not critically low. The incoming orders are above capacity, and the delivery schedule is normal. Given the coordinator's instruction to reroute shipments and reduce pending shipments by 15%, I will modify my decision to accept these changes.;fd5a4992d77a3595939c4a912b71db67266ab9e72b8e2dd4ca333b0338c453d6;506;81;29.271.273.374.557.400;TRUE;FALSE;26
88;21/02/2026 04:00;retail;R8;normal;modify;0.0083;0.8;1;Given the current retail inventory of 37.71 kg, which is above the safety stock threshold, and considering the coordinator's instruction to adjust demand_estimate to 95% due to potential disruption, I will modify the demand estimate to account for the expected delay without immediately triggering a stockout flag.;cot;llama3.1:8b;llama;Given the current retail inventory of 37.71 kg, which is above the safety stock threshold, and considering the coordinator's instruction to adjust demand_estimate to 95% due to potential disruption, I will modify the demand estimate to account for the expected delay without immediately triggering a stockout flag.;00e193fe1b0dc8acdce6f9b21ccd2580809de8723aff2f04f9b38d8c94f44b3f;496;85;29.709.977.388.381.900;TRUE;FALSE;26
111;21/02/2026 09:45;slaughterhouse;R9;high;modify;0.0084;0.85;1;Given the high urgency level of the disruption, I will modify our output stock to increase by 15% as instructed by the coordinator. However, considering our current operational constraints, such as low worker availability and near-maximum processing capacity, I will adjust the factor slightly to ensure a more cautious approach.;cot;llama3.1:8b;llama;Given the high urgency level of the disruption, I will modify our output stock to increase by 15% as instructed by the coordinator. However, considering our current operational constraints, such as low worker availability and near-maximum processing capacity, I will adjust the factor slightly to ensure a more cautious approach.;65da64d17da08deb14b5ccb8e0648da04aa5a8481dd7b0ad12d208650ccfdb58;508;86;30.156.975.030.899.000;TRUE;FALSE;26
111;21/02/2026 09:45;wholesaler;R9;high;modify;0.0086;0.85;2;Given the high urgency level of the disruption, I will modify my current inventory allocation to prioritize retail orders as instructed by the coordinator. This decision takes into account our current low inventory levels and the need to focus on critical retail shipments. By modifying our existing shipment schedule, we can ensure that essential products reach their destinations promptly.;cot;llama3.1:8b;llama;Given the high urgency level of the disruption, I will modify my current inventory allocation to prioritize retail orders as instructed by the coordinator. This decision takes into account our current low inventory levels and the need to focus on critical retail shipments. By modifying our existing shipment schedule, we can ensure that essential products reach their destinations promptly.;7e4aeddff850cd5c0798be7921736d16001c37dc57e34bb3a854b0795bb05df6;514;90;30.971.192.598.342.800;TRUE;FALSE;26
111;21/02/2026 09:45;retail;R9;high;accept;0.0085;1.0;2;The current retail inventory is below the safety stock threshold, and the sales rate has exceeded expectations by 150%. The coordinator's instruction to add a reorder request for +30 kg and increase the safety stock by 10% as an emergency buffer is appropriate given the high urgency level of the disruption.;cot;llama3.1:8b;llama;The current retail inventory is below the safety stock threshold, and the sales rate has exceeded expectations by 150%. The coordinator's instruction to add a reorder request for +30 kg and increase the safety stock by 10% as an emergency buffer is appropriate given the high urgency level of the disruption.;1b20880a17d646b411a96837e18febf6ac99196432fd785fbd5c0199974db737;515;84;30.448.055.744.171.100;TRUE;FALSE;26
360;24/02/2026 00:00;slaughterhouse;R9;high;modify;0.0115;0.92;1;Given the high urgency level of the disruption, I will modify the output stock to meet the coordinator's instruction. However, considering our current processing capacity is below threshold and worker availability is low, I will adjust the factor to ensure a balanced approach.;cot;llama3.1:8b;llama;Given the high urgency level of the disruption, I will modify the output stock to meet the coordinator's instruction. However, considering our current processing capacity is below threshold and worker availability is low, I will adjust the factor to ensure a balanced approach.;aadf0e3287e656cbacf767232f00bee6a832865b9f1404159dc403622fbd2adb;524;75;41.521.373.987.197.800;TRUE;FALSE;26
360;24/02/2026 00:00;wholesaler;R9;high;accept;0.0121;1.0;2;Given the high urgency level of the disruption, prioritizing inventory for Retail is necessary to ensure critical orders are fulfilled. Canceling 50% of non-priority pending shipments will help focus resources on Retail's needs and prevent stockouts.;cot;llama3.1:8b;llama;Given the high urgency level of the disruption, prioritizing inventory for Retail is necessary to ensure critical orders are fulfilled. Canceling 50% of non-priority pending shipments will help focus resources on Retail's needs and prevent stockouts.;59d48249f2e320c65e7483ba227852a740ad8c9d7ab8cc0d8a550dad802e4d03;528;72;43.611.222.982.406.600;TRUE;FALSE;26
360;24/02/2026 00:00;retail;R9;high;accept;0.0134;1.0;2;Given the high urgency level of the disruption, the current stockout status, and the coordinator's instruction to increase safety stock as a buffer, I accept the request to add 30 kg to the reorder request and adjust the safety stock by 10%. This will help mitigate the shortage and ensure continued supply to our customers.;cot;llama3.1:8b;llama;Given the high urgency level of the disruption, the current stockout status, and the coordinator's instruction to increase safety stock as a buffer, I accept the request to add 30 kg to the reorder request and adjust the safety stock by 10%. This will help mitigate the shortage and ensure continued supply to our customers.;1c720ed4c20a002f881e0ff74c179d4815b104742d16ff9f6f66694c4fe46ad7;529;89;4.806.589.651.107.780;TRUE;FALSE;26
36;22/02/2026 15:00;farm;R4;normal;modify;0.0056;0.8;1;Given the current production capacity is below 60%, reducing outgoing orders to 80% of actual capacity will help maintain a stable flock operation and prevent potential disruptions. This adjustment aligns with the coordinating agent's instruction, taking into account our local operational constraints.;cot;llama3.1:8b;llama;Given the current production capacity is below 60%, reducing outgoing orders to 80% of actual capacity will help maintain a stable flock operation and prevent potential disruptions. This adjustment aligns with the coordinating agent's instruction, taking into account our local operational constraints.;012d34cb2db4a30393ab602530e427a646a937abede5cc3ef41dc786cd72c559;502;77;20.032.024.145.126.300;TRUE;FALSE;27
36;22/02/2026 15:00;slaughterhouse;R4;normal;modify;0.0108;0.8;1;Given the current processing capacity is below threshold, reducing it to 80% as instructed by the coordinator will help prevent potential delays and maintain output stock levels within acceptable limits.;cot;llama3.1:8b;llama;Given the current processing capacity is below threshold, reducing it to 80% as instructed by the coordinator will help prevent potential delays and maintain output stock levels within acceptable limits.;1fc92340fe9f1bab05c58bf37b150211b4a1fd3c0c1f89e926503de30b7529c7;503;60;38.709.269.762.039.100;TRUE;FALSE;27
36;22/02/2026 15:00;retail;R4;normal;accept;0.0108;1.0;1;Given the current retail inventory is above safety stock, but sales rate is high and increasing, it's prudent to accept the coordinator's instruction to add a reorder request of +20 kg to mitigate potential future shortages.;cot;llama3.1:8b;llama;Given the current retail inventory is above safety stock, but sales rate is high and increasing, it's prudent to accept the coordinator's instruction to add a reorder request of +20 kg to mitigate potential future shortages.;ddd2d55911c5cce3c4d6d652a55cce5744591cb7d55a59db3c9fbda6b71619a5;483;67;3.882.918.477.058.410;TRUE;FALSE;27
88;23/02/2026 04:00;farm;R12;high;modify;0.0134;0.85;2;Given the high urgency level of the disruption, I must adjust outgoing orders to match our current production capacity. Reducing orders by 25% will help prevent further strain on resources and allow us to maintain a stable flock management. This adjustment should also enable us to increase production capacity by 5%, as instructed.;cot;llama3.1:8b;llama;Given the high urgency level of the disruption, I must adjust outgoing orders to match our current production capacity. Reducing orders by 25% will help prevent further strain on resources and allow us to maintain a stable flock management. This adjustment should also enable us to increase production capacity by 5%, as instructed.;2af217eb3649d964f39cf82e7838cd28e36d84c5da6eec19d14a79bd5c33db33;525;88;4.831.853.151.321.410;TRUE;FALSE;27
88;23/02/2026 04:00;wholesaler;R12;high;modify;0.0131;0.8;2;Given the high urgency level of the disruption, I will modify our distribution capacity to 85% as instructed by the coordinator. This adjustment will help optimize our supply chain and ensure timely delivery of broilers to customers. However, I will not immediately change the delivery schedule to 'rerouted' without further assessment of its impact on our local operations.;cot;llama3.1:8b;llama;Given the high urgency level of the disruption, I will modify our distribution capacity to 85% as instructed by the coordinator. This adjustment will help optimize our supply chain and ensure timely delivery of broilers to customers. However, I will not immediately change the delivery schedule to 'rerouted' without further assessment of its impact on our local operations.;942a2adf8ecc981ce7f0dd7a8a700f966ac924d283eec79985efb7fc00a54fe3;503;95;4.705.488.872.528.070;TRUE;FALSE;27
360;26/02/2026 00:00;slaughterhouse;R9;high;modify;0.0128;0.85;1;Given the high urgency level of the disruption, I will modify our current processing schedule to increase output stock by 15% as instructed by the coordinator. However, considering our current low worker availability and moderate processing delay, I must adjust the factor slightly to ensure we can meet the new target without compromising other operational constraints.;cot;llama3.1:8b;llama;Given the high urgency level of the disruption, I will modify our current processing schedule to increase output stock by 15% as instructed by the coordinator. However, considering our current low worker availability and moderate processing delay, I must adjust the factor slightly to ensure we can meet the new target without compromising other operational constraints.;5e1022c92874d078b01318dcf4953c71a5e982d83c6f80ff1e80c317ed5796cc;510;89;4.612.821.841.239.920;TRUE;FALSE;27
360;26/02/2026 00:00;wholesaler;R9;high;modify;0.0131;0.85;2;Given the high urgency level of the disruption, I will modify my current inventory allocation to prioritize retail orders as instructed by the coordinator. This decision is supported by our current low inventory levels and delayed delivery schedule, which necessitate a focus on critical retail shipments. By modifying our existing shipment plans, we can ensure that essential products reach their destinations promptly.;cot;llama3.1:8b;llama;Given the high urgency level of the disruption, I will modify my current inventory allocation to prioritize retail orders as instructed by the coordinator. This decision is supported by our current low inventory levels and delayed delivery schedule, which necessitate a focus on critical retail shipments. By modifying our existing shipment plans, we can ensure that essential products reach their destinations promptly.;a988fa6ce44af56ed86392e6a58f1d843c35e5b8b2483ae5c97c7a386228459a;511;95;4.703.573.942.184.440;TRUE;FALSE;27
360;26/02/2026 00:00;retail;R9;high;accept;0.0115;1.0;2;Given the high urgency level of the disruption, our current stockout status, and the coordinator's instruction to increase safety stock as a buffer, accepting the reorder request is the most appropriate decision to ensure timely replenishment of broiler meat.;cot;llama3.1:8b;llama;Given the high urgency level of the disruption, our current stockout status, and the coordinator's instruction to increase safety stock as a buffer, accepting the reorder request is the most appropriate decision to ensure timely replenishment of broiler meat.;0e359a022046bd2711f5e8d27d592cf1b31eb8c7ec91c2f73957d68fa7413b8f;503;72;4.134.239.721.298.210;TRUE;FALSE;27
432;26/02/2026 18:00;slaughterhouse;R9;high;modify;0.0113;0.9;1;Given the high urgency level of the disruption, I will modify the output stock to meet the coordinator's instruction. However, considering our current processing capacity is below threshold and worker availability is low, I will adjust the factor to ensure a more cautious approach.;cot;llama3.1:8b;llama;Given the high urgency level of the disruption, I will modify the output stock to meet the coordinator's instruction. However, considering our current processing capacity is below threshold and worker availability is low, I will adjust the factor to ensure a more cautious approach.;737cc4318b2c1e8557ea6b7740c40e7c55fd49b5ae5d6744a529beed307463f2;524;76;406.261.887.550.354;TRUE;FALSE;27
432;26/02/2026 18:00;wholesaler;R9;high;modify;0.0115;0.92;2;Given the high urgency level of the disruption, I will modify the instruction to prioritize inventory for Retail while maintaining current levels and cancelling 50% of non-priority pending shipments to focus on critical Retail needs.;cot;llama3.1:8b;llama;Given the high urgency level of the disruption, I will modify the instruction to prioritize inventory for Retail while maintaining current levels and cancelling 50% of non-priority pending shipments to focus on critical Retail needs.;b5167c486e9a7ddbf0a485bf8071fc2adfa01aba4d4f6f07bdf0b0d36c4fb5e2;525;67;41.268.874.645.233.100;TRUE;FALSE;27
432;26/02/2026 18:00;retail;R9;high;accept;0.0119;1.0;2;Given the high urgency level of the disruption, the current stockout status, and the coordinator's instruction to increase safety stock as a buffer, I accept the request to add 30 kg to the reorder request and adjust the safety stock by 10%. This will help mitigate the shortage and ensure continued supply to meet customer demand.;cot;llama3.1:8b;llama;Given the high urgency level of the disruption, the current stockout status, and the coordinator's instruction to increase safety stock as a buffer, I accept the request to add 30 kg to the reorder request and adjust the safety stock by 10%. This will help mitigate the shortage and ensure continued supply to meet customer demand.;673f8032f5ea05bdb044b3896ca6cbfdd5c3637747e5e8011851f5a4a65faf7d;517;90;4.296.669.387.817.380;TRUE;FALSE;27
36;24/02/2026 15:00;farm;R4;normal;modify;0.0104;0.8;1;Given the current production capacity is below 60%, reducing outgoing orders to 80% of actual capacity will help prevent further strain on resources and maintain a stable flock operation.;cot;llama3.1:8b;llama;Given the current production capacity is below 60%, reducing outgoing orders to 80% of actual capacity will help prevent further strain on resources and maintain a stable flock operation.;012d34cb2db4a30393ab602530e427a646a937abede5cc3ef41dc786cd72c559;502;60;37.584.452.867.507.900;TRUE;FALSE;28
36;24/02/2026 15:00;slaughterhouse;R4;normal;modify;0.011;0.8;1;Given the current processing capacity is below threshold, reducing it to 80% as instructed by the coordinator will help prevent potential delays and maintain output stock levels within acceptable limits.;cot;llama3.1:8b;llama;Given the current processing capacity is below threshold, reducing it to 80% as instructed by the coordinator will help prevent potential delays and maintain output stock levels within acceptable limits.;1fc92340fe9f1bab05c58bf37b150211b4a1fd3c0c1f89e926503de30b7529c7;503;60;3.942.146.682.739.250;TRUE;FALSE;28
36;24/02/2026 15:00;retail;R4;normal;accept;0.0108;1.0;1;Given the current retail inventory is above safety stock, but sales rate is high and increasing, it's prudent to accept the coordinator's instruction to add a reorder request of +20 kg to mitigate potential future shortages.;cot;llama3.1:8b;llama;Given the current retail inventory is above safety stock, but sales rate is high and increasing, it's prudent to accept the coordinator's instruction to add a reorder request of +20 kg to mitigate potential future shortages.;ddd2d55911c5cce3c4d6d652a55cce5744591cb7d55a59db3c9fbda6b71619a5;483;67;39.048.280.239.105.200;TRUE;FALSE;28
88;25/02/2026 04:00;farm;R12;high;modify;0.013;0.85;2;Given the high urgency level of the disruption, I must adjust outgoing orders to match our current production capacity. Reducing orders by 25% will help prevent further strain on resources and allow us to maintain a stable flock management. This adjustment should also enable us to increase production capacity by 5%, as instructed.;cot;llama3.1:8b;llama;Given the high urgency level of the disruption, I must adjust outgoing orders to match our current production capacity. Reducing orders by 25% will help prevent further strain on resources and allow us to maintain a stable flock management. This adjustment should also enable us to increase production capacity by 5%, as instructed.;13bc5af8102322c65c0a56493ea11462499085e01e3fa964357247a93b5751dd;525;88;4.676.736.402.511.590;TRUE;FALSE;28
88;25/02/2026 04:00;wholesaler;R12;high;modify;0.0128;0.8;2;Given the high urgency level of the disruption, I will modify our distribution capacity to 85% as instructed by the coordinator. This adjustment will help optimize our supply chain and ensure timely delivery of broilers to customers. However, I will not immediately change the delivery schedule to 'rerouted' without further assessment of its impact on our local operations.;cot;llama3.1:8b;llama;Given the high urgency level of the disruption, I will modify our distribution capacity to 85% as instructed by the coordinator. This adjustment will help optimize our supply chain and ensure timely delivery of broilers to customers. However, I will not immediately change the delivery schedule to 'rerouted' without further assessment of its impact on our local operations.;942a2adf8ecc981ce7f0dd7a8a700f966ac924d283eec79985efb7fc00a54fe3;503;95;4.618.002.486.228.940;TRUE;FALSE;28
324;27/02/2026 15:00;slaughterhouse;R9;high;modify;0.0122;0.85;1;Given the high urgency level of the disruption, I will modify our current processing schedule to increase output stock by 15% as instructed by the coordinator. However, considering our current low worker availability and partial equipment status, I must adjust the factor slightly to ensure a more cautious approach.;cot;llama3.1:8b;llama;Given the high urgency level of the disruption, I will modify our current processing schedule to increase output stock by 15% as instructed by the coordinator. However, considering our current low worker availability and partial equipment status, I must adjust the factor slightly to ensure a more cautious approach.;65b466f32efdb09952cf68042c0200febd264695c3af1da6222b72742c926174;508;82;4.381.909.918.785.090;TRUE;FALSE;28
324;27/02/2026 15:00;wholesaler;R9;high;modify;0.0124;0.85;2;Given the high urgency level of the disruption, I must prioritize inventory allocation to Retail as instructed by the Coordinating Agent. However, considering our current low inventory levels and incoming orders exceeding capacity, a modification is necessary to ensure we meet critical Retail demands without compromising on other non-priority shipments.;cot;llama3.1:8b;llama;Given the high urgency level of the disruption, I must prioritize inventory allocation to Retail as instructed by the Coordinating Agent. However, considering our current low inventory levels and incoming orders exceeding capacity, a modification is necessary to ensure we meet critical Retail demands without compromising on other non-priority shipments.;dbc3f9d9dad9845c3ca9afcf68a5531f47b343a2a033971b5475a2d0d4e22d8c;512;85;4.455.178.689.956.660;TRUE;FALSE;28
324;27/02/2026 15:00;retail;R9;high;accept;0.0128;1.0;2;The current retail status indicates a severe stockout situation, with inventory at 0 kg and sales rate exceeding expected levels by 150%. The coordinator's instruction to add 30 kg to the reorder request and increase safety stock by 10% as an emergency buffer is appropriate given the high urgency level of the disruption triggered by Rule R9.;cot;llama3.1:8b;llama;The current retail status indicates a severe stockout situation, with inventory at 0 kg and sales rate exceeding expected levels by 150%. The coordinator's instruction to add 30 kg to the reorder request and increase safety stock by 10% as an emergency buffer is appropriate given the high urgency level of the disruption triggered by Rule R9.;f65708ebec9ffb877f3d9466a4ac9e4d8bb0e4811892a771edcc1ba3655c2bf2;501;93;46.093.201.875.686.600;TRUE;FALSE;28
36;26/02/2026 15:00;farm;R4;normal;modify;0.0104;0.8;1;Given the current production capacity is below 60%, reducing outgoing orders to 80% of actual capacity will help prevent further strain on resources and maintain a stable flock operation.;cot;llama3.1:8b;llama;Given the current production capacity is below 60%, reducing outgoing orders to 80% of actual capacity will help prevent further strain on resources and maintain a stable flock operation.;012d34cb2db4a30393ab602530e427a646a937abede5cc3ef41dc786cd72c559;502;60;37.333.927.631.378.100;TRUE;FALSE;29
36;26/02/2026 15:00;slaughterhouse;R4;normal;modify;0.0106;0.8;1;Given the current processing capacity is below threshold, reducing it to 80% as instructed by the coordinator will help prevent potential delays and maintain output stock levels within acceptable limits.;cot;llama3.1:8b;llama;Given the current processing capacity is below threshold, reducing it to 80% as instructed by the coordinator will help prevent potential delays and maintain output stock levels within acceptable limits.;1fc92340fe9f1bab05c58bf37b150211b4a1fd3c0c1f89e926503de30b7529c7;503;60;3.798.133.707.046.500;TRUE;FALSE;29
36;26/02/2026 15:00;retail;R4;normal;accept;0.0107;1.0;1;Given the current retail inventory is above safety stock, but sales rate is high and increasing, it's prudent to accept the coordinator's instruction to add a reorder request of +20 kg to mitigate potential future shortages.;cot;llama3.1:8b;llama;Given the current retail inventory is above safety stock, but sales rate is high and increasing, it's prudent to accept the coordinator's instruction to add a reorder request of +20 kg to mitigate potential future shortages.;ddd2d55911c5cce3c4d6d652a55cce5744591cb7d55a59db3c9fbda6b71619a5;483;67;38.494.351.625.442.500;TRUE;FALSE;29
88;27/02/2026 04:00;farm;R12;high;modify;0.0128;0.85;2;Given the high urgency level of the disruption, I must adjust outgoing orders to match our current production capacity. Reducing orders by 25% will help prevent further strain on resources and allow us to maintain a stable flock management. This adjustment should also enable us to increase production capacity by 5%, as instructed.;cot;llama3.1:8b;llama;Given the high urgency level of the disruption, I must adjust outgoing orders to match our current production capacity. Reducing orders by 25% will help prevent further strain on resources and allow us to maintain a stable flock management. This adjustment should also enable us to increase production capacity by 5%, as instructed.;0adda4dc9dcfd32303ea08d2d3e25d1b420759439537485065d377c233a9eeb4;525;88;4.625.375.771.522.520;TRUE;FALSE;29
88;27/02/2026 04:00;wholesaler;R12;high;modify;0.013;0.8;2;Given the high urgency level of the disruption, I will modify our distribution capacity to 85% as instructed by the coordinator. This adjustment will help optimize our supply chain and ensure timely delivery of broilers to customers. However, I will not immediately change the delivery schedule to 'rerouted' without further assessment of its impact on our local operations.;cot;llama3.1:8b;llama;Given the high urgency level of the disruption, I will modify our distribution capacity to 85% as instructed by the coordinator. This adjustment will help optimize our supply chain and ensure timely delivery of broilers to customers. However, I will not immediately change the delivery schedule to 'rerouted' without further assessment of its impact on our local operations.;942a2adf8ecc981ce7f0dd7a8a700f966ac924d283eec79985efb7fc00a54fe3;503;95;46.670.273.780.822.700;TRUE;FALSE;29
360;02/03/2026 00:00;slaughterhouse;R9;high;modify;0.0124;0.85;1;Given the high urgency level of the disruption, I will modify our current processing schedule to increase output stock by 15% as instructed by the coordinator. However, considering our current low worker availability and moderate processing delay, I must adjust the factor to ensure a balanced response.;cot;llama3.1:8b;llama;Given the high urgency level of the disruption, I will modify our current processing schedule to increase output stock by 15% as instructed by the coordinator. However, considering our current low worker availability and moderate processing delay, I must adjust the factor to ensure a balanced response.;c46c894899c9a8d017bb9bd99f7c93061f0b190d2963f9111816cdc74526a7f6;510;80;44.614.243.030.548.000;TRUE;FALSE;29
360;02/03/2026 00:00;wholesaler;R9;high;modify;0.0139;0.85;2;Given the high urgency level of the disruption, I must prioritize inventory allocation to Retail as instructed by the Coordinating Agent. However, considering our current low inventory levels and delayed delivery schedule, I will modify the instruction to allocate only 80% of available stock to Retail, reserving 20% for other customers. This balance ensures we meet critical Retail needs while minimizing potential losses from non-priority shipments.;cot;llama3.1:8b;llama;Given the high urgency level of the disruption, I must prioritize inventory allocation to Retail as instructed by the Coordinating Agent. However, considering our current low inventory levels and delayed delivery schedule, I will modify the instruction to allocate only 80% of available stock to Retail, reserving 20% for other customers. This balance ensures we meet critical Retail needs while minimizing potential losses from non-priority shipments.;5ac5c433de7bd05908329712695f0db8857835d42ee18cea84d57f745e4ab567;511;108;49.867.846.965.789.700;TRUE;FALSE;29
360;02/03/2026 00:00;retail;R9;high;accept;0.0115;1.0;2;Given the high urgency level of the disruption, our current stockout status, and the coordinator's instruction to increase safety stock as a buffer, accepting the reorder request is the most prudent decision to ensure continued broiler meat availability for our customers.;cot;llama3.1:8b;llama;Given the high urgency level of the disruption, our current stockout status, and the coordinator's instruction to increase safety stock as a buffer, accepting the reorder request is the most prudent decision to ensure continued broiler meat availability for our customers.;f5f6c270e68f658e827c930f8a7be402fcd896c6d805439e4acb84944b94777b;503;73;41.423.874.378.204.300;TRUE;FALSE;29
432;02/03/2026 18:00;slaughterhouse;R9;high;modify;0.0115;0.92;1;Given the high urgency level of the disruption, I will modify the output stock to meet the coordinator's instruction. However, considering our current processing capacity is below threshold and worker availability is slightly low, I will adjust the factor to ensure a balanced response.;cot;llama3.1:8b;llama;Given the high urgency level of the disruption, I will modify the output stock to meet the coordinator's instruction. However, considering our current processing capacity is below threshold and worker availability is slightly low, I will adjust the factor to ensure a balanced response.;e94c2ad5a434c8b79f07874ad1d4023887d19d8488171fda773985e2343512da;524;76;4.125.203.537.940.970;TRUE;FALSE;29
432;02/03/2026 18:00;wholesaler;R9;high;modify;0.0114;0.92;2;Given the high urgency level of the disruption, I will modify the instruction to prioritize inventory for Retail while maintaining current levels and cancelling 50% of non-priority pending shipments to focus on critical Retail needs.;cot;llama3.1:8b;llama;Given the high urgency level of the disruption, I will modify the instruction to prioritize inventory for Retail while maintaining current levels and cancelling 50% of non-priority pending shipments to focus on critical Retail needs.;b5167c486e9a7ddbf0a485bf8071fc2adfa01aba4d4f6f07bdf0b0d36c4fb5e2;525;67;4.104.643.392.562.860;TRUE;FALSE;29
432;02/03/2026 18:00;retail;R9;high;accept;0.0116;1.0;2;Given the high urgency level of the disruption, the current stockout status, and the coordinator's instruction to increase safety stock as a buffer, I accept the request to add 30 kg to the reorder request and adjust the safety stock by 10%. This will help mitigate the shortage and ensure continued supply to meet customer demand.;cot;llama3.1:8b;llama;Given the high urgency level of the disruption, the current stockout status, and the coordinator's instruction to increase safety stock as a buffer, I accept the request to add 30 kg to the reorder request and adjust the safety stock by 10%. This will help mitigate the shortage and ensure continued supply to meet customer demand.;f4d0e47cc9504476f6b04f45960eeeb7f9fa3609931f14def2abcbd9022c823e;517;90;4.174.959.874.153.130;TRUE;FALSE;29
36;28/02/2026 15:00;farm;R4;normal;modify;0.0103;0.8;1;Given the current production capacity is below 60%, reducing outgoing orders to 80% of actual capacity will help prevent further strain on resources and maintain a stable flock operation.;cot;llama3.1:8b;llama;Given the current production capacity is below 60%, reducing outgoing orders to 80% of actual capacity will help prevent further strain on resources and maintain a stable flock operation.;012d34cb2db4a30393ab602530e427a646a937abede5cc3ef41dc786cd72c559;502;60;371.910.138.130.188;TRUE;FALSE;30
36;28/02/2026 15:00;slaughterhouse;R4;normal;modify;0.0107;0.8;1;Given the current processing capacity is below threshold, reducing it to 80% as instructed by the coordinator will help prevent potential delays and maintain output stock levels within acceptable limits.;cot;llama3.1:8b;llama;Given the current processing capacity is below threshold, reducing it to 80% as instructed by the coordinator will help prevent potential delays and maintain output stock levels within acceptable limits.;1fc92340fe9f1bab05c58bf37b150211b4a1fd3c0c1f89e926503de30b7529c7;503;60;38.515.756.607.055.600;TRUE;FALSE;30
36;28/02/2026 15:00;retail;R4;normal;accept;0.0117;1.0;1;Given the current retail inventory is above safety stock, but sales rate is high and increasing, it's prudent to accept the coordinator's instruction to add a reorder request of +20 kg to mitigate potential future shortages.;cot;llama3.1:8b;llama;Given the current retail inventory is above safety stock, but sales rate is high and increasing, it's prudent to accept the coordinator's instruction to add a reorder request of +20 kg to mitigate potential future shortages.;ddd2d55911c5cce3c4d6d652a55cce5744591cb7d55a59db3c9fbda6b71619a5;483;67;4.209.858.822.822.570;TRUE;FALSE;30
80;01/03/2026 02:00;wholesaler;R8;normal;modify;0.0116;0.8;2;The current inventory level is below the threshold, but not critically low. The incoming orders are above capacity, and the delivery schedule is normal. Modifying the delivery schedule to 'rerouted' will help mitigate potential disruptions and ensure timely delivery of critical shipments.;cot;llama3.1:8b;llama;The current inventory level is below the threshold, but not critically low. The incoming orders are above capacity, and the delivery schedule is normal. Modifying the delivery schedule to 'rerouted' will help mitigate potential disruptions and ensure timely delivery of critical shipments.;ad6bcf992c7ee5b9b01ec073725e0ade160e267730817f36ab226fb2badecfc6;506;77;4.174.396.586.418.150;TRUE;FALSE;30
80;01/03/2026 02:00;retail;R8;normal;modify;0.0121;0.8;1;Given the current retail inventory of 44.2 kg, which is above the safety stock threshold, and considering the coordinator's instruction to adjust demand_estimate to 95% due to potential disruption, I will modify the demand estimate to account for the anticipated delay without immediately triggering a stockout flag.;cot;llama3.1:8b;llama;Given the current retail inventory of 44.2 kg, which is above the safety stock threshold, and considering the coordinator's instruction to adjust demand_estimate to 95% due to potential disruption, I will modify the demand estimate to account for the anticipated delay without immediately triggering a stockout flag.;08a5cfb9483f3b0f846492f1f7d34667173f4e52c351a9786946327441d95a90;496;85;4.373.112.106.323.240;TRUE;FALSE;30
108;01/03/2026 09:00;farm;R12;high;modify;0.0114;0.85;2;Given the high urgency level of the disruption, I must adjust outgoing orders to match our current production capacity. Reducing orders by 25% will help prevent overstocking and maintain a stable supply chain. Additionally, increasing production capacity by 5% through intensification is feasible considering our current mortality rate and disease alert status.;cot;llama3.1:8b;llama;Given the high urgency level of the disruption, I must adjust outgoing orders to match our current production capacity. Reducing orders by 25% will help prevent overstocking and maintain a stable supply chain. Additionally, increasing production capacity by 5% through intensification is feasible considering our current mortality rate and disease alert status.;7a480d51495381720c3ffa35c40a308e490e64b0f904862afac2f578737f8f19;527;91;4.116.844.391.822.810;TRUE;FALSE;30
108;01/03/2026 09:00;wholesaler;R12;high;modify;0.0134;0.85;2;Given the high urgency level of the disruption, I will adjust our distribution capacity to 85% as instructed by the coordinator. This adjustment is necessary to optimize our response to the disruption and ensure that we can meet the increased demand for broiler distribution in East Java. By modifying our capacity, we can better align with the available supply from Farm and reroute deliveries accordingly.;cot;llama3.1:8b;llama;Given the high urgency level of the disruption, I will adjust our distribution capacity to 85% as instructed by the coordinator. This adjustment is necessary to optimize our response to the disruption and ensure that we can meet the increased demand for broiler distribution in East Java. By modifying our capacity, we can better align with the available supply from Farm and reroute deliveries accordingly.;03b59bae30bd4a8783b8b474ed0106e2832d3b73f40817313bdad611135f25ad;512;100;481.480.598.449.707;TRUE;FALSE;30
36;02/03/2026 15:00;farm;R4;normal;modify;0.0099;0.8;1;Given the current production capacity is below 60%, reducing outgoing orders to 80% of actual capacity will help maintain a stable flock management and prevent potential disruptions. This adjustment aligns with the coordinator's instruction, taking into account our local operational constraints.;cot;llama3.1:8b;llama;Given the current production capacity is below 60%, reducing outgoing orders to 80% of actual capacity will help maintain a stable flock management and prevent potential disruptions. This adjustment aligns with the coordinator's instruction, taking into account our local operational constraints.;012d34cb2db4a30393ab602530e427a646a937abede5cc3ef41dc786cd72c559;502;76;35.507.505.655.288.600;TRUE;FALSE;31
36;02/03/2026 15:00;slaughterhouse;R4;normal;modify;0.0044;0.8;1;Given the current processing capacity is below threshold, reducing it to 80% as instructed by the coordinator will help prevent potential delays and maintain output stock levels within acceptable limits.;cot;llama3.1:8b;llama;Given the current processing capacity is below threshold, reducing it to 80% as instructed by the coordinator will help prevent potential delays and maintain output stock levels within acceptable limits.;1fc92340fe9f1bab05c58bf37b150211b4a1fd3c0c1f89e926503de30b7529c7;503;60;15.720.911.502.838.100;TRUE;FALSE;31
36;02/03/2026 15:00;retail;R4;normal;accept;0.0107;1.0;1;Given the current retail inventory is above safety stock, but sales rate is high and increasing, it's prudent to accept the coordinator's instruction to add a reorder request of +20 kg to mitigate potential future shortages.;cot;llama3.1:8b;llama;Given the current retail inventory is above safety stock, but sales rate is high and increasing, it's prudent to accept the coordinator's instruction to add a reorder request of +20 kg to mitigate potential future shortages.;ddd2d55911c5cce3c4d6d652a55cce5744591cb7d55a59db3c9fbda6b71619a5;483;67;3.865.427.565.574.640;TRUE;FALSE;31
88;03/03/2026 04:00;farm;R12;high;modify;0.0133;0.85;2;Given the high urgency level of the disruption, I must adjust outgoing orders to match our current production capacity. Reducing orders by 25% will help prevent further strain on resources and allow us to maintain a stable flock. Additionally, increasing production capacity by 5% through intensified operations may be feasible considering our current mortality rate is within acceptable limits.;cot;llama3.1:8b;llama;Given the high urgency level of the disruption, I must adjust outgoing orders to match our current production capacity. Reducing orders by 25% will help prevent further strain on resources and allow us to maintain a stable flock. Additionally, increasing production capacity by 5% through intensified operations may be feasible considering our current mortality rate is within acceptable limits.;7fff52e16e329abe427cfeceadcac86f1a8d65ed2dcde2a791386c5f9ddb78e7;525;95;47.974.857.330.322.200;TRUE;FALSE;31
88;03/03/2026 04:00;wholesaler;R12;high;modify;0.0129;0.8;2;Given the high urgency level of the disruption, I will modify our distribution capacity to 85% as instructed by the coordinator. This adjustment will help optimize our supply chain and ensure timely delivery of broilers to customers. However, I will not immediately change the delivery schedule to 'rerouted' without further assessment of its impact on our local operations.;cot;llama3.1:8b;llama;Given the high urgency level of the disruption, I will modify our distribution capacity to 85% as instructed by the coordinator. This adjustment will help optimize our supply chain and ensure timely delivery of broilers to customers. However, I will not immediately change the delivery schedule to 'rerouted' without further assessment of its impact on our local operations.;942a2adf8ecc981ce7f0dd7a8a700f966ac924d283eec79985efb7fc00a54fe3;503;95;4.650.833.296.775.810;TRUE;FALSE;31
36;04/03/2026 15:00;farm;R4;normal;modify;0.0104;0.8;1;Given the current production capacity is below 60%, reducing outgoing orders to 80% of actual capacity will help prevent further strain on resources and maintain a stable flock operation.;cot;llama3.1:8b;llama;Given the current production capacity is below 60%, reducing outgoing orders to 80% of actual capacity will help prevent further strain on resources and maintain a stable flock operation.;012d34cb2db4a30393ab602530e427a646a937abede5cc3ef41dc786cd72c559;502;60;3.741.343.355.178.830;TRUE;FALSE;32
36;04/03/2026 15:00;slaughterhouse;R4;normal;modify;0.0044;0.8;1;Given the current processing capacity is below threshold, reducing it to 80% as instructed by the coordinator will help prevent potential delays and maintain output stock levels within acceptable limits.;cot;llama3.1:8b;llama;Given the current processing capacity is below threshold, reducing it to 80% as instructed by the coordinator will help prevent potential delays and maintain output stock levels within acceptable limits.;1fc92340fe9f1bab05c58bf37b150211b4a1fd3c0c1f89e926503de30b7529c7;503;60;15.843.156.576.156.600;TRUE;FALSE;32
36;04/03/2026 15:00;retail;R4;normal;accept;0.005;1.0;1;The current retail inventory is above the safety stock threshold, but sales rate is high and increasing. Adding +20 kg to the reorder request will help mitigate potential future shortages due to the coordinator's signal of a potential disruption.;cot;llama3.1:8b;llama;The current retail inventory is above the safety stock threshold, but sales rate is high and increasing. Adding +20 kg to the reorder request will help mitigate potential future shortages due to the coordinator's signal of a potential disruption.;ddd2d55911c5cce3c4d6d652a55cce5744591cb7d55a59db3c9fbda6b71619a5;483;69;1.791.285.753.250.120;TRUE;FALSE;32
88;05/03/2026 04:00;farm;R12;high;modify;0.0131;0.85;2;Given the high urgency level of the disruption, I must adjust outgoing orders to match our current production capacity. Reducing orders by 25% will help prevent further strain on resources and allow us to maintain a stable flock management. Additionally, increasing production capacity by 5% through intensified operations is feasible considering our current mortality rate.;cot;llama3.1:8b;llama;Given the high urgency level of the disruption, I must adjust outgoing orders to match our current production capacity. Reducing orders by 25% will help prevent further strain on resources and allow us to maintain a stable flock management. Additionally, increasing production capacity by 5% through intensified operations is feasible considering our current mortality rate.;643c204ecb30ab9787c7b63d9d8203900eba9554ee320aca47dccaaac0f134e8;525;91;47.124.648.332.595.800;TRUE;FALSE;32
88;05/03/2026 04:00;wholesaler;R12;high;modify;0.0068;0.8;2;Given the high urgency level of the disruption, I will modify our distribution capacity to 85% as instructed by the coordinator. This adjustment will help optimize our supply chain and ensure timely delivery of broilers to our customers. However, I will not change the delivery schedule to 'rerouted' yet, as it may cause additional logistical complexities.;cot;llama3.1:8b;llama;Given the high urgency level of the disruption, I will modify our distribution capacity to 85% as instructed by the coordinator. This adjustment will help optimize our supply chain and ensure timely delivery of broilers to our customers. However, I will not change the delivery schedule to 'rerouted' yet, as it may cause additional logistical complexities.;942a2adf8ecc981ce7f0dd7a8a700f966ac924d283eec79985efb7fc00a54fe3;503;94;2.461.248.207.092.280;TRUE;FALSE;32
324;07/03/2026 15:00;slaughterhouse;R9;high;modify;0.0122;0.85;1;Given the high urgency level of the disruption, I will modify our current processing schedule to increase output stock by 15% as instructed by the coordinator. However, considering our current low worker availability and equipment status, I must adjust the factor slightly to ensure a more realistic outcome.;cot;llama3.1:8b;llama;Given the high urgency level of the disruption, I will modify our current processing schedule to increase output stock by 15% as instructed by the coordinator. However, considering our current low worker availability and equipment status, I must adjust the factor slightly to ensure a more realistic outcome.;e32ddbf2ff1a2fa37684d5645dd952a35d6e7d233fb49a947569f0753f376171;508;81;4.380.322.265.625;TRUE;FALSE;32
324;07/03/2026 15:00;wholesaler;R9;high;modify;0.0127;0.85;2;Given the high urgency level of the disruption, I must prioritize inventory allocation to Retail as instructed by the Coordinating Agent. However, considering our current low inventory levels and incoming orders exceeding capacity, a modification is necessary to ensure we meet critical Retail demands without compromising on other non-priority shipments.;cot;llama3.1:8b;llama;Given the high urgency level of the disruption, I must prioritize inventory allocation to Retail as instructed by the Coordinating Agent. However, considering our current low inventory levels and incoming orders exceeding capacity, a modification is necessary to ensure we meet critical Retail demands without compromising on other non-priority shipments.;dbc3f9d9dad9845c3ca9afcf68a5531f47b343a2a033971b5475a2d0d4e22d8c;512;85;4.582.825.064.659.110;TRUE;FALSE;32
324;07/03/2026 15:00;retail;R9;high;accept;0.0128;1.0;2;The current retail status indicates a severe stockout situation, with inventory at 0 kg and sales rate exceeding expected levels by 150%. The coordinator's instruction to add 30 kg to the reorder request and increase safety stock by 10% as an emergency buffer is appropriate given the high urgency level of the disruption triggered by Rule R9.;cot;llama3.1:8b;llama;The current retail status indicates a severe stockout situation, with inventory at 0 kg and sales rate exceeding expected levels by 150%. The coordinator's instruction to add 30 kg to the reorder request and increase safety stock by 10% as an emergency buffer is appropriate given the high urgency level of the disruption triggered by Rule R9.;f65708ebec9ffb877f3d9466a4ac9e4d8bb0e4811892a771edcc1ba3655c2bf2;501;93;4.619.448.971.748.350;TRUE;FALSE;32
36;06/03/2026 15:00;farm;R4;normal;modify;0.0104;0.8;1;Given the current production capacity is below 60%, reducing outgoing orders to 80% of actual capacity will help prevent further strain on resources and maintain a stable flock operation.;cot;llama3.1:8b;llama;Given the current production capacity is below 60%, reducing outgoing orders to 80% of actual capacity will help prevent further strain on resources and maintain a stable flock operation.;012d34cb2db4a30393ab602530e427a646a937abede5cc3ef41dc786cd72c559;502;60;3.729.115.891.456.600;TRUE;FALSE;33
36;06/03/2026 15:00;slaughterhouse;R4;normal;modify;0.0106;0.8;1;Given the current processing capacity is below threshold, reducing it to 80% as instructed by the coordinator will help prevent potential delays and maintain output stock levels within acceptable limits.;cot;llama3.1:8b;llama;Given the current processing capacity is below threshold, reducing it to 80% as instructed by the coordinator will help prevent potential delays and maintain output stock levels within acceptable limits.;1fc92340fe9f1bab05c58bf37b150211b4a1fd3c0c1f89e926503de30b7529c7;503;60;381.486.873.626.709;TRUE;FALSE;33
36;06/03/2026 15:00;retail;R4;normal;accept;0.0107;1.0;1;Given the current retail inventory is above safety stock, but sales rate is high and increasing, it's prudent to accept the coordinator's instruction to add a reorder request of +20 kg to mitigate potential future shortages.;cot;llama3.1:8b;llama;Given the current retail inventory is above safety stock, but sales rate is high and increasing, it's prudent to accept the coordinator's instruction to add a reorder request of +20 kg to mitigate potential future shortages.;ddd2d55911c5cce3c4d6d652a55cce5744591cb7d55a59db3c9fbda6b71619a5;483;67;3.860.395.526.885.980;TRUE;FALSE;33
88;07/03/2026 04:00;farm;R12;high;modify;0.0133;0.85;2;Given the high urgency level of the disruption, I must adjust outgoing orders to match our current production capacity. Reducing orders by 25% will help prevent further strain on resources and allow us to maintain a stable flock. Additionally, increasing production capacity by 5% through intensified operations may be feasible considering our current mortality rate is within acceptable limits.;cot;llama3.1:8b;llama;Given the high urgency level of the disruption, I must adjust outgoing orders to match our current production capacity. Reducing orders by 25% will help prevent further strain on resources and allow us to maintain a stable flock. Additionally, increasing production capacity by 5% through intensified operations may be feasible considering our current mortality rate is within acceptable limits.;d1b3fb55c45f9114ba310c10e9fed161de9a3e6955ebfcf5782a39def13c11c3;525;95;4.777.408.981.323.240;TRUE;FALSE;33
88;07/03/2026 04:00;wholesaler;R12;high;modify;0.0128;0.8;2;Given the high urgency level of the disruption, I will modify our distribution capacity to 85% as instructed by the coordinator. This adjustment will help optimize our supply chain and ensure timely delivery of broilers to customers. However, I will not immediately change the delivery schedule to 'rerouted' without further assessment of its impact on our local operations.;cot;llama3.1:8b;llama;Given the high urgency level of the disruption, I will modify our distribution capacity to 85% as instructed by the coordinator. This adjustment will help optimize our supply chain and ensure timely delivery of broilers to customers. However, I will not immediately change the delivery schedule to 'rerouted' without further assessment of its impact on our local operations.;942a2adf8ecc981ce7f0dd7a8a700f966ac924d283eec79985efb7fc00a54fe3;503;95;46.187.135.457.992.500;TRUE;FALSE;33
324;09/03/2026 15:00;slaughterhouse;R9;high;modify;0.0128;0.85;1;Given the high urgency level of the disruption, I will modify our current processing schedule to increase output stock by 15% as instructed by the coordinator. However, considering our current low worker availability and moderate processing delay, we need to carefully balance this adjustment to avoid further disruptions.;cot;llama3.1:8b;llama;Given the high urgency level of the disruption, I will modify our current processing schedule to increase output stock by 15% as instructed by the coordinator. However, considering our current low worker availability and moderate processing delay, we need to carefully balance this adjustment to avoid further disruptions.;5be5b3132e9969223519ed3f5c27740f9e81e62bf46e2cc673ce32b120e88a56;510;81;4.605.368.375.778.190;TRUE;FALSE;33
324;09/03/2026 15:00;wholesaler;R9;high;modify;0.0134;0.85;2;Given the high urgency level of the disruption, I will modify my current inventory allocation to prioritize retail orders as instructed by the coordinator. This decision is supported by our current low inventory levels and delayed delivery schedule, which necessitate a focus on critical retail shipments. By modifying our existing shipment plans, we can ensure that essential products reach their destinations promptly.;cot;llama3.1:8b;llama;Given the high urgency level of the disruption, I will modify my current inventory allocation to prioritize retail orders as instructed by the coordinator. This decision is supported by our current low inventory levels and delayed delivery schedule, which necessitate a focus on critical retail shipments. By modifying our existing shipment plans, we can ensure that essential products reach their destinations promptly.;b058dfa5d2fe0a7b4881e5371efb6ae6002b441917a8b775d47ce4c98cb930dd;511;95;48.271.458.864.212.000;TRUE;FALSE;33
324;09/03/2026 15:00;retail;R9;high;accept;0.0128;1.0;2;The current retail status indicates a severe stockout situation, with inventory at 0 kg and sales rate exceeding expected levels by 150%. The coordinator's instruction to add 30 kg to the reorder request and increase safety stock by 10% as an emergency buffer is appropriate given the high urgency level of the disruption triggered by Rule R9.;cot;llama3.1:8b;llama;The current retail status indicates a severe stockout situation, with inventory at 0 kg and sales rate exceeding expected levels by 150%. The coordinator's instruction to add 30 kg to the reorder request and increase safety stock by 10% as an emergency buffer is appropriate given the high urgency level of the disruption triggered by Rule R9.;f65708ebec9ffb877f3d9466a4ac9e4d8bb0e4811892a771edcc1ba3655c2bf2;501;93;46.078.251.123.428.300;TRUE;FALSE;33
36;08/03/2026 15:00;farm;R4;normal;modify;0.0106;0.8;1;Given the current production capacity is below 60%, reducing outgoing orders to 80% of actual capacity will help prevent further strain on resources and maintain a stable flock operation.;cot;llama3.1:8b;llama;Given the current production capacity is below 60%, reducing outgoing orders to 80% of actual capacity will help prevent further strain on resources and maintain a stable flock operation.;012d34cb2db4a30393ab602530e427a646a937abede5cc3ef41dc786cd72c559;502;60;3.798.946.285.247.800;TRUE;FALSE;34
36;08/03/2026 15:00;slaughterhouse;R4;normal;modify;0.0106;0.8;1;Given the current processing capacity is below threshold, reducing it to 80% as instructed by the coordinator will help prevent potential delays and maintain output stock levels within acceptable limits.;cot;llama3.1:8b;llama;Given the current processing capacity is below threshold, reducing it to 80% as instructed by the coordinator will help prevent potential delays and maintain output stock levels within acceptable limits.;1fc92340fe9f1bab05c58bf37b150211b4a1fd3c0c1f89e926503de30b7529c7;503;60;3.798.560.357.093.810;TRUE;FALSE;34
36;08/03/2026 15:00;retail;R4;normal;accept;0.0107;1.0;1;Given the current retail inventory is above safety stock, but sales rate is high and increasing, it's prudent to accept the coordinator's instruction to add a reorder request of +20 kg to mitigate potential future shortages.;cot;llama3.1:8b;llama;Given the current retail inventory is above safety stock, but sales rate is high and increasing, it's prudent to accept the coordinator's instruction to add a reorder request of +20 kg to mitigate potential future shortages.;ddd2d55911c5cce3c4d6d652a55cce5744591cb7d55a59db3c9fbda6b71619a5;483;67;38.529.404.640.197.700;TRUE;FALSE;34
80;09/03/2026 02:00;wholesaler;R8;normal;modify;0.0116;0.8;2;The current inventory level is below the threshold, but not critically low. The incoming orders are above capacity, and the delivery schedule is normal. Modifying the delivery schedule to 'rerouted' will help mitigate potential disruptions and ensure timely delivery of critical shipments.;cot;llama3.1:8b;llama;The current inventory level is below the threshold, but not critically low. The incoming orders are above capacity, and the delivery schedule is normal. Modifying the delivery schedule to 'rerouted' will help mitigate potential disruptions and ensure timely delivery of critical shipments.;ad6bcf992c7ee5b9b01ec073725e0ade160e267730817f36ab226fb2badecfc6;506;77;4.175.996.661.186.210;TRUE;FALSE;34
80;09/03/2026 02:00;retail;R8;normal;modify;0.0122;0.8;1;Given the current retail inventory of 44.2 kg, which is above the safety stock threshold, and considering the coordinator's instruction to adjust demand_estimate to 95% due to potential disruption, I will modify the demand estimate to account for the anticipated delay without immediately triggering a stockout flag.;cot;llama3.1:8b;llama;Given the current retail inventory of 44.2 kg, which is above the safety stock threshold, and considering the coordinator's instruction to adjust demand_estimate to 95% due to potential disruption, I will modify the demand estimate to account for the anticipated delay without immediately triggering a stockout flag.;08a5cfb9483f3b0f846492f1f7d34667173f4e52c351a9786946327441d95a90;496;85;4.385.302.734.375;TRUE;FALSE;34
129;09/03/2026 14:15;slaughterhouse;R9;high;modify;0.013;0.85;1;Given the high urgency level of the disruption, I will modify our output stock to increase by 15% as instructed by the coordinator. However, considering our current processing capacity is below threshold and worker availability is low, I will adjust the factor to 0.85 to ensure a more cautious approach.;cot;llama3.1:8b;llama;Given the high urgency level of the disruption, I will modify our output stock to increase by 15% as instructed by the coordinator. However, considering our current processing capacity is below threshold and worker availability is low, I will adjust the factor to 0.85 to ensure a more cautious approach.;5d3018f11b23f0763952ee02d56305f4b9e8cb83ba16984197ab65d33c6c490e;510;86;4.683.849.859.237.670;TRUE;FALSE;34
129;09/03/2026 14:15;wholesaler;R9;high;modify;0.0125;0.85;2;Given the high urgency level of the disruption, I will modify my current inventory allocation to prioritize retail orders as instructed by the coordinator. This decision is supported by our current low inventory levels and incoming orders exceeding capacity. By prioritizing retail orders, we can minimize stockouts and ensure critical customer needs are met.;cot;llama3.1:8b;llama;Given the high urgency level of the disruption, I will modify my current inventory allocation to prioritize retail orders as instructed by the coordinator. This decision is supported by our current low inventory levels and incoming orders exceeding capacity. By prioritizing retail orders, we can minimize stockouts and ensure critical customer needs are met.;6f547fa344998adbbea3e89f951c0bd051bebd54ed85bdd54935c018fccf1c2e;514;87;450.220.046.043.396;TRUE;FALSE;34
129;09/03/2026 14:15;retail;R9;high;accept;0.0126;1.0;2;The current retail inventory is below the safety stock threshold, and the sales rate has exceeded expectations by more than 50%. The coordinator's instruction to add a reorder request for +30 kg and increase the safety stock by 10% as an emergency buffer is appropriate given the high urgency level of the disruption.;cot;llama3.1:8b;llama;The current retail inventory is below the safety stock threshold, and the sales rate has exceeded expectations by more than 50%. The coordinator's instruction to add a reorder request for +30 kg and increase the safety stock by 10% as an emergency buffer is appropriate given the high urgency level of the disruption.;34d083d934e3bde9a61df2fb7e942f6fd74206920c19be6052efccccd534ff67;515;86;4.542.767.000.198.360;TRUE;FALSE;34
360;12/03/2026 00:00;slaughterhouse;R9;high;modify;0.013;0.92;1;Given the high urgency level of the disruption, I will modify the output stock to meet the coordinator's instruction. However, considering our current processing capacity is below threshold and worker availability is low, I will adjust the factor slightly lower than before to ensure a more cautious approach.;cot;llama3.1:8b;llama;Given the high urgency level of the disruption, I will modify the output stock to meet the coordinator's instruction. However, considering our current processing capacity is below threshold and worker availability is low, I will adjust the factor slightly lower than before to ensure a more cautious approach.;008c00007fb8985448a0412d15033607b811ce6b615cc6fa63066308f2990608;524;80;4.685.729.956.626.890;TRUE;FALSE;34
360;12/03/2026 00:00;wholesaler;R9;high;accept;0.0121;1.0;2;Given the high urgency level of the disruption, prioritizing inventory for Retail is necessary to ensure critical orders are fulfilled. Canceling 50% of non-priority pending shipments will help focus resources on Retail's needs and prevent stockouts.;cot;llama3.1:8b;llama;Given the high urgency level of the disruption, prioritizing inventory for Retail is necessary to ensure critical orders are fulfilled. Canceling 50% of non-priority pending shipments will help focus resources on Retail's needs and prevent stockouts.;59d48249f2e320c65e7483ba227852a740ad8c9d7ab8cc0d8a550dad802e4d03;528;72;4.373.063.588.142.390;TRUE;FALSE;34
360;12/03/2026 00:00;retail;R9;high;accept;0.0115;1.0;2;Given the high urgency level of the disruption, our current stockout status, and the coordinator's instruction to increase safety stock as a buffer, I accept the request to reorder +30 kg immediately.;cot;llama3.1:8b;llama;Given the high urgency level of the disruption, our current stockout status, and the coordinator's instruction to increase safety stock as a buffer, I accept the request to reorder +30 kg immediately.;2d13a5485299ec5310fe48ac27b52ee58ec4a4f35fdd99d6f8b373d21258054b;529;64;41.410.948.514.938.300;TRUE;FALSE;34
36;10/03/2026 15:00;farm;R4;normal;modify;0.0056;0.8;1;Given the current production capacity is below 60%, reducing outgoing orders to 80% of actual capacity will help maintain a stable flock operation and prevent potential disruptions. This adjustment aligns with the coordinating agent's instruction, taking into account our local operational constraints.;cot;llama3.1:8b;llama;Given the current production capacity is below 60%, reducing outgoing orders to 80% of actual capacity will help maintain a stable flock operation and prevent potential disruptions. This adjustment aligns with the coordinating agent's instruction, taking into account our local operational constraints.;012d34cb2db4a30393ab602530e427a646a937abede5cc3ef41dc786cd72c559;502;77;2.030.168.867.111.200;TRUE;FALSE;35
36;10/03/2026 15:00;slaughterhouse;R4;normal;modify;0.0107;0.8;1;Given the current processing capacity is below threshold, reducing it to 80% as instructed by the coordinator will help prevent potential delays and maintain output stock levels within acceptable limits.;cot;llama3.1:8b;llama;Given the current processing capacity is below threshold, reducing it to 80% as instructed by the coordinator will help prevent potential delays and maintain output stock levels within acceptable limits.;1fc92340fe9f1bab05c58bf37b150211b4a1fd3c0c1f89e926503de30b7529c7;503;60;3.855.823.516.845.700;TRUE;FALSE;35
36;10/03/2026 15:00;retail;R4;normal;accept;0.0107;1.0;1;Given the current retail inventory is above safety stock, but sales rate is high and increasing, it's prudent to accept the coordinator's instruction to add a reorder request of +20 kg to mitigate potential future shortages.;cot;llama3.1:8b;llama;Given the current retail inventory is above safety stock, but sales rate is high and increasing, it's prudent to accept the coordinator's instruction to add a reorder request of +20 kg to mitigate potential future shortages.;ddd2d55911c5cce3c4d6d652a55cce5744591cb7d55a59db3c9fbda6b71619a5;483;67;3.862.943.720.817.560;TRUE;FALSE;35
72;11/03/2026 00:00;wholesaler;R8;normal;modify;0.012;0.8;2;The current inventory level is below the threshold, but we have incoming orders that exceed our capacity by 20%. To mitigate this risk, I will modify the delivery schedule to rerouted and reduce pending shipments by 15% to prioritize urgent deliveries.;cot;llama3.1:8b;llama;The current inventory level is below the threshold, but we have incoming orders that exceed our capacity by 20%. To mitigate this risk, I will modify the delivery schedule to rerouted and reduce pending shipments by 15% to prioritize urgent deliveries.;86ed27074272392618a62be58a012e8765a420b596deefb4fe803d2759d1b56e;506;75;43.122.427.463.531.400;TRUE;FALSE;35
72;11/03/2026 00:00;retail;R8;normal;modify;0.0124;0.8;1;Given the current retail inventory of 36.64 kg, which is above the safety stock threshold, and considering the coordinator's instruction to adjust demand_estimate to 95% due to potential disruption, I will modify the demand estimate to account for the anticipated delay without immediately triggering a stockout flag.;cot;llama3.1:8b;llama;Given the current retail inventory of 36.64 kg, which is above the safety stock threshold, and considering the coordinator's instruction to adjust demand_estimate to 95% due to potential disruption, I will modify the demand estimate to account for the anticipated delay without immediately triggering a stockout flag.;9d00ed5f5f99f4d5df9c685e8a505515443f8a236aef5952edfb0d166be11869;496;85;44.775.984.048.843.300;TRUE;FALSE;35
90;11/03/2026 04:30;slaughterhouse;R9;high;modify;0.0123;0.85;1;Given the high urgency level of the disruption, I will modify our current processing schedule to increase output stock by 15% as instructed by the coordinator. However, considering our current low worker availability and equipment status, I must adjust the factor to ensure a more cautious approach.;cot;llama3.1:8b;llama;Given the high urgency level of the disruption, I will modify our current processing schedule to increase output stock by 15% as instructed by the coordinator. However, considering our current low worker availability and equipment status, I must adjust the factor to ensure a more cautious approach.;de3fd7cd5df960311a5e03be8cf2ea292099be1c9774a72aba64a4de6c5ba65d;510;80;44.205.387.115.478.500;TRUE;FALSE;35
90;11/03/2026 04:30;wholesaler;R9;high;modify;0.0129;0.85;2;Given the high urgency level of the disruption, I will modify my current inventory allocation to prioritize retail orders as instructed by the coordinator. This decision takes into account our current low inventory levels and the need to focus on critical retail shipments. By modifying our existing allocation, we can ensure that essential products reach their destination promptly.;cot;llama3.1:8b;llama;Given the high urgency level of the disruption, I will modify my current inventory allocation to prioritize retail orders as instructed by the coordinator. This decision takes into account our current low inventory levels and the need to focus on critical retail shipments. By modifying our existing allocation, we can ensure that essential products reach their destination promptly.;e0338cff3ce9c3b17e3f7c52dbeed3a1f2897e512bbfeaf9eeebcda9b141fb95;514;89;46.587.828.159.332.200;TRUE;FALSE;35
90;11/03/2026 04:30;retail;R9;high;accept;0.0121;1.0;2;Given the high urgency level of the disruption, the current stockout flag is 0, and the sales rate exceeds expected levels by 50%, I accept the coordinator's instruction to add a reorder request for +30 kg as a buffer against potential future shortages.;cot;llama3.1:8b;llama;Given the high urgency level of the disruption, the current stockout flag is 0, and the sales rate exceeds expected levels by 50%, I accept the coordinator's instruction to add a reorder request for +30 kg as a buffer against potential future shortages.;975af3a828495a866ecd6aa7989100ef00f34ad123e3e1750072c363d03fe9df;515;77;4.352.011.060.714.720;TRUE;FALSE;35
144;11/03/2026 18:00;slaughterhouse;R9;high;modify;0.0117;0.92;1;Given the high urgency level of the disruption, I must adjust our output stock to meet the coordinator's instruction. However, considering our current processing capacity is below threshold and worker availability is low, a 15% increase in output stock may be challenging without compromising quality or safety standards.;cot;llama3.1:8b;llama;Given the high urgency level of the disruption, I must adjust our output stock to meet the coordinator's instruction. However, considering our current processing capacity is below threshold and worker availability is low, a 15% increase in output stock may be challenging without compromising quality or safety standards.;d2ef18397bc2f52f15a1dc9272f965f9c31f060256e6cb62c7ba03ec376a2679;524;82;4.202.893.614.768.980;TRUE;FALSE;35
144;11/03/2026 18:00;wholesaler;R9;high;modify;0.012;0.9;2;Given the high urgency level of the disruption, I will modify the instruction to prioritize inventory_level for Retail while maintaining current levels and cancelling 50% of non-priority pending_shipments to focus on critical Retail orders.;cot;llama3.1:8b;llama;Given the high urgency level of the disruption, I will modify the instruction to prioritize inventory_level for Retail while maintaining current levels and cancelling 50% of non-priority pending_shipments to focus on critical Retail orders.;9680ab8389dd4deeefe36d2911072b2f0489f4511575dd8ba97bacdd78534a87;525;69;4.334.773.755.073.540;TRUE;FALSE;35
144;11/03/2026 18:00;retail;R9;high;accept;0.0132;1.0;2;Given the high urgency level of the disruption, the current stockout flag is active, and sales rate exceeds expected levels by 150%, I accept the coordinating agent's instruction to add a reorder request for +30 kg as a buffer against further shortages. Increasing safety stock by 10% will also provide an additional emergency buffer.;cot;llama3.1:8b;llama;Given the high urgency level of the disruption, the current stockout flag is active, and sales rate exceeds expected levels by 150%, I accept the coordinating agent's instruction to add a reorder request for +30 kg as a buffer against further shortages. Increasing safety stock by 10% will also provide an additional emergency buffer.;74658cc3425cb59129dad014506eab2109149a7f16cf3ddff21d983148be826d;529;90;47.655.182.123.184.200;TRUE;FALSE;35
216;12/03/2026 12:00;slaughterhouse;R9;high;modify;0.0119;0.92;1;Given the high urgency level of the disruption, I will modify the output stock to meet the coordinator's instruction. However, considering our current processing capacity is below threshold and worker availability is low, I will not fully accept the instruction but rather adjust it according to our operational constraints.;cot;llama3.1:8b;llama;Given the high urgency level of the disruption, I will modify the output stock to meet the coordinator's instruction. However, considering our current processing capacity is below threshold and worker availability is low, I will not fully accept the instruction but rather adjust it according to our operational constraints.;3aba1a208a61307e4a21ebf3086b7e796088f750e52dc07fa1ead526596aec82;538;81;4.299.694.728.851.310;TRUE;FALSE;35
216;12/03/2026 12:00;wholesaler;R9;high;modify;0.0113;0.95;2;Given the high urgency level of the disruption, I will modify the instruction to prioritize inventory for Retail while maintaining current levels and cancelling 50% of non-priority pending shipments to focus on critical Retail needs.;cot;llama3.1:8b;llama;Given the high urgency level of the disruption, I will modify the instruction to prioritize inventory for Retail while maintaining current levels and cancelling 50% of non-priority pending shipments to focus on critical Retail needs.;d8f2833789b355b63c8c360dbc58d9a208e4ad7ecbbbb56e08a12dddcb4b4c82;541;67;40.775.994.539.260.800;TRUE;FALSE;35
216;12/03/2026 12:00;retail;R9;high;accept;0.0123;1.0;2;Given the high urgency level of the disruption, the current stockout status, and the coordinator's instruction to increase safety stock by 10% as a buffer, I accept the request to add an extra 30 kg to the reorder request. This will help mitigate the shortage and ensure continued supply to meet customer demand.;cot;llama3.1:8b;llama;Given the high urgency level of the disruption, the current stockout status, and the coordinator's instruction to increase safety stock by 10% as a buffer, I accept the request to add an extra 30 kg to the reorder request. This will help mitigate the shortage and ensure continued supply to meet customer demand.;6cade4539e26e3293cf24b82c97eb4f563addf2c6738fb35b2222f72278f7595;531;88;4.422.158.670.425.410;TRUE;FALSE;35
288;13/03/2026 06:00;slaughterhouse;R9;high;modify;0.0092;0.85;1;The current processing delay is above the threshold, but we can still increase output stock by 15% to meet the coordinator's instruction. However, considering our partial equipment status and low worker availability, I will adjust the factor to 0.85 to ensure a more cautious approach.;cot;llama3.1:8b;llama;The current processing delay is above the threshold, but we can still increase output stock by 15% to meet the coordinator's instruction. However, considering our partial equipment status and low worker availability, I will adjust the factor to 0.85 to ensure a more cautious approach.;6cad1a285252c6baa90aa43b8b77fd17b76608f18ef0e1683fc0060b3e692195;538;82;33.208.794.593.811.000;TRUE;FALSE;35
288;13/03/2026 06:00;wholesaler;R9;high;modify;0.0119;0.92;2;Given the high urgency level of the disruption, I will modify the instruction to prioritize inventory for Retail while maintaining current levels and cancelling 50% of non-priority pending shipments to focus on critical Retail needs.;cot;llama3.1:8b;llama;Given the high urgency level of the disruption, I will modify the instruction to prioritize inventory for Retail while maintaining current levels and cancelling 50% of non-priority pending shipments to focus on critical Retail needs.;26a3d7d4a2e862d60276ad7c2511e99622ef33ebde9d198c2e774033307368c8;539;67;428.350.248.336.792;TRUE;FALSE;35
288;13/03/2026 06:00;retail;R9;high;accept;0.0121;1.0;2;Given the high urgency level of the disruption, our current stockout status, and the coordinator's instruction to increase safety stock as a buffer, I accept the request to add 30 kg to the reorder request and adjust the safety stock by 10%. This will help mitigate the shortage and ensure we can meet customer demand.;cot;llama3.1:8b;llama;Given the high urgency level of the disruption, our current stockout status, and the coordinator's instruction to increase safety stock as a buffer, I accept the request to add 30 kg to the reorder request and adjust the safety stock by 10%. This will help mitigate the shortage and ensure we can meet customer demand.;01b6462d908620dc9e1870fc9e53b061c0f76a3a63c5e12b65563e20bdb5920b;531;89;43.544.915.199.279.700;TRUE;FALSE;35
296;13/03/2026 08:00;slaughterhouse;R9;high;modify;0.0091;0.92;1;Given the high urgency level of the disruption, I will modify the output stock to meet the coordinator's instruction. However, considering our current processing capacity is below threshold and worker availability is low, I will adjust the factor slightly lower than previous modifications to ensure a more cautious approach.;cot;llama3.1:8b;llama;Given the high urgency level of the disruption, I will modify the output stock to meet the coordinator's instruction. However, considering our current processing capacity is below threshold and worker availability is low, I will adjust the factor slightly lower than previous modifications to ensure a more cautious approach.;63a5723f5de799725aa995e2920d84753535300587692effc010ffdf634a2296;538;81;32.601.531.744.003.200;TRUE;FALSE;35
296;13/03/2026 08:00;wholesaler;R9;high;modify;0.0133;0.92;2;Given the high urgency level of the disruption, I will modify my current inventory allocation to prioritize retail orders as instructed by the coordinator. This decision takes into account our current low inventory levels and the need to focus on critical retail shipments. By modifying our existing plan, we can ensure that essential products reach their destinations promptly.;cot;llama3.1:8b;llama;Given the high urgency level of the disruption, I will modify my current inventory allocation to prioritize retail orders as instructed by the coordinator. This decision takes into account our current low inventory levels and the need to focus on critical retail shipments. By modifying our existing plan, we can ensure that essential products reach their destinations promptly.;0505f8b69bb351f5ec40de99d63e317f10388ecaaf056a62166fa178e12a5945;541;89;4.802.388.072.013.850;TRUE;FALSE;35
296;13/03/2026 08:00;retail;R9;high;accept;0.012;1.0;2;Given the high urgency level of the disruption, our current stockout status, and the coordinator's instruction to increase safety stock as a buffer, I accept the request to add 30 kg to the reorder request and adjust the safety stock by 10%. This will help mitigate the shortage and ensure we can meet customer demand.;cot;llama3.1:8b;llama;Given the high urgency level of the disruption, our current stockout status, and the coordinator's instruction to increase safety stock as a buffer, I accept the request to add 30 kg to the reorder request and adjust the safety stock by 10%. This will help mitigate the shortage and ensure we can meet customer demand.;e2bbedd3b82329d754877f85b5147dad1dfdd32756eca0552f98fd343ade90b4;531;89;4.307.159.662.246.700;TRUE;FALSE;35
360;14/03/2026 00:00;slaughterhouse;R9;high;modify;0.0093;0.92;1;Given the high urgency level of the disruption, I will modify the output stock to increase by 15% as instructed by the coordinator. However, considering our current processing capacity is below threshold and worker availability is low, I will adjust the factor slightly lower than previous modifications to ensure a more cautious approach.;cot;llama3.1:8b;llama;Given the high urgency level of the disruption, I will modify the output stock to increase by 15% as instructed by the coordinator. However, considering our current processing capacity is below threshold and worker availability is low, I will adjust the factor slightly lower than previous modifications to ensure a more cautious approach.;30c1c4b5ce00f1a9d470cb48a05420d2b091836b4a868d787df7b19eb048f8f9;538;86;3.337.873.411.178.580;TRUE;FALSE;35
360;14/03/2026 00:00;wholesaler;R9;high;modify;0.0138;0.95;2;Given the high urgency level of the disruption, I will modify my current inventory allocation to prioritize retail orders as instructed by the coordinator. This decision is supported by our current low inventory levels and high incoming orders, which necessitate a focus on critical retail shipments. By modifying our existing shipment schedule, we can ensure that essential retail deliveries are met while minimizing disruptions.;cot;llama3.1:8b;llama;Given the high urgency level of the disruption, I will modify my current inventory allocation to prioritize retail orders as instructed by the coordinator. This decision is supported by our current low inventory levels and high incoming orders, which necessitate a focus on critical retail shipments. By modifying our existing shipment schedule, we can ensure that essential retail deliveries are met while minimizing disruptions.;2665b311948d07e0fddc6931b819ad21c15cc40472b5689642984ba9d515b244;542;97;4.957.622.814.178.460;TRUE;FALSE;35
360;14/03/2026 00:00;retail;R9;high;accept;0.012;1.0;2;Given the high urgency level of the disruption, our current stockout status, and the coordinator's instruction to increase safety stock as a buffer, I accept the request to add 30 kg to the reorder request and adjust the safety stock by 10%. This will help mitigate the shortage and ensure we can meet customer demand.;cot;llama3.1:8b;llama;Given the high urgency level of the disruption, our current stockout status, and the coordinator's instruction to increase safety stock as a buffer, I accept the request to add 30 kg to the reorder request and adjust the safety stock by 10%. This will help mitigate the shortage and ensure we can meet customer demand.;5ef32e0dad881628d3692fd36f91704d448c7927c86ab5c840acd9827311af71;531;89;433.655.424.118.042;TRUE;FALSE;35
36;12/03/2026 15:00;farm;R4;normal;modify;0.0055;0.8;1;Given the current production capacity is below 60%, reducing outgoing orders to 80% of actual capacity will help maintain a stable flock operation and prevent potential disruptions. This adjustment aligns with the coordinating agent's instruction, taking into account our local operational constraints.;cot;llama3.1:8b;llama;Given the current production capacity is below 60%, reducing outgoing orders to 80% of actual capacity will help maintain a stable flock operation and prevent potential disruptions. This adjustment aligns with the coordinating agent's instruction, taking into account our local operational constraints.;012d34cb2db4a30393ab602530e427a646a937abede5cc3ef41dc786cd72c559;502;77;19.732.333.183.288.500;TRUE;FALSE;36
36;12/03/2026 15:00;slaughterhouse;R4;normal;modify;0.0108;0.8;1;Given the current processing capacity is below threshold, reducing it to 80% as instructed by the coordinator will help prevent potential delays and maintain output stock levels within acceptable limits.;cot;llama3.1:8b;llama;Given the current processing capacity is below threshold, reducing it to 80% as instructed by the coordinator will help prevent potential delays and maintain output stock levels within acceptable limits.;1fc92340fe9f1bab05c58bf37b150211b4a1fd3c0c1f89e926503de30b7529c7;503;60;3.881.415.557.861.320;TRUE;FALSE;36
36;12/03/2026 15:00;retail;R4;normal;accept;0.0107;1.0;1;Given the current retail inventory is above safety stock, but sales rate is high and increasing, it's prudent to accept the coordinator's instruction to add a reorder request of +20 kg to mitigate potential future shortages.;cot;llama3.1:8b;llama;Given the current retail inventory is above safety stock, but sales rate is high and increasing, it's prudent to accept the coordinator's instruction to add a reorder request of +20 kg to mitigate potential future shortages.;ddd2d55911c5cce3c4d6d652a55cce5744591cb7d55a59db3c9fbda6b71619a5;483;67;3.850.405.025.482.170;TRUE;FALSE;36
88;13/03/2026 04:00;wholesaler;R8;normal;modify;0.0122;0.8;2;The current inventory level is below the threshold, but not critically low. The incoming orders are above capacity, and the delivery schedule is normal. Given the coordinator's instruction to reroute shipments and reduce pending shipments by 15%, I will modify my decision to accept these changes.;cot;llama3.1:8b;llama;The current inventory level is below the threshold, but not critically low. The incoming orders are above capacity, and the delivery schedule is normal. Given the coordinator's instruction to reroute shipments and reduce pending shipments by 15%, I will modify my decision to accept these changes.;fd5a4992d77a3595939c4a912b71db67266ab9e72b8e2dd4ca333b0338c453d6;506;81;43.774.627.923.965.400;TRUE;FALSE;36
88;13/03/2026 04:00;retail;R8;normal;modify;0.0122;0.8;1;Given the current retail inventory of 37.71 kg, which is above the safety stock threshold, and considering the coordinator's instruction to adjust demand_estimate to 95% due to potential disruption, I will modify the demand estimate to account for the expected delay without immediately triggering a stockout flag.;cot;llama3.1:8b;llama;Given the current retail inventory of 37.71 kg, which is above the safety stock threshold, and considering the coordinator's instruction to adjust demand_estimate to 95% due to potential disruption, I will modify the demand estimate to account for the expected delay without immediately triggering a stockout flag.;00e193fe1b0dc8acdce6f9b21ccd2580809de8723aff2f04f9b38d8c94f44b3f;496;85;438.205.680.847.168;TRUE;FALSE;36
111;13/03/2026 09:45;slaughterhouse;R9;high;modify;0.0125;0.85;1;Given the high urgency level of the disruption, I will modify our output stock to increase by 15% as instructed by the coordinator. However, considering our current operational constraints, such as low worker availability and near-maximum processing capacity, I will adjust the factor slightly to ensure a more cautious approach.;cot;llama3.1:8b;llama;Given the high urgency level of the disruption, I will modify our output stock to increase by 15% as instructed by the coordinator. However, considering our current operational constraints, such as low worker availability and near-maximum processing capacity, I will adjust the factor slightly to ensure a more cautious approach.;65da64d17da08deb14b5ccb8e0648da04aa5a8481dd7b0ad12d208650ccfdb58;508;86;44.822.535.037.994.300;TRUE;FALSE;36
111;13/03/2026 09:45;wholesaler;R9;high;modify;0.0129;0.85;2;Given the high urgency level of the disruption, I will modify my current inventory allocation to prioritize retail orders as instructed by the coordinator. This decision takes into account our current low inventory levels and the need to focus on critical retail shipments. By modifying our existing shipment schedule, we can ensure that essential products reach their destinations promptly.;cot;llama3.1:8b;llama;Given the high urgency level of the disruption, I will modify my current inventory allocation to prioritize retail orders as instructed by the coordinator. This decision takes into account our current low inventory levels and the need to focus on critical retail shipments. By modifying our existing shipment schedule, we can ensure that essential products reach their destinations promptly.;7e4aeddff850cd5c0798be7921736d16001c37dc57e34bb3a854b0795bb05df6;514;90;4.628.179.121.017.450;TRUE;FALSE;36
111;13/03/2026 09:45;retail;R9;high;accept;0.0128;1.0;2;The current retail inventory is below the safety stock threshold, and the sales rate has exceeded expectations by 150%. The coordinator's instruction to add a reorder request for +30 kg and increase the safety stock by 10% as an emergency buffer is appropriate given the high urgency level of the disruption.;cot;llama3.1:8b;llama;The current retail inventory is below the safety stock threshold, and the sales rate has exceeded expectations by 150%. The coordinator's instruction to add a reorder request for +30 kg and increase the safety stock by 10% as an emergency buffer is appropriate given the high urgency level of the disruption.;1b20880a17d646b411a96837e18febf6ac99196432fd785fbd5c0199974db737;515;84;4.617.712.998.390.190;TRUE;FALSE;36
36;14/03/2026 15:00;farm;R4;normal;modify;0.0055;0.8;1;Given the current production capacity is below 60%, reducing outgoing orders to 80% of actual capacity will help maintain a stable flock operation and prevent potential disruptions. This adjustment aligns with the coordinating agent's instruction, taking into account our local operational constraints.;cot;llama3.1:8b;llama;Given the current production capacity is below 60%, reducing outgoing orders to 80% of actual capacity will help maintain a stable flock operation and prevent potential disruptions. This adjustment aligns with the coordinating agent's instruction, taking into account our local operational constraints.;012d34cb2db4a30393ab602530e427a646a937abede5cc3ef41dc786cd72c559;502;77;19.691.990.852.355.900;TRUE;FALSE;37
36;14/03/2026 15:00;slaughterhouse;R4;normal;modify;0.0107;0.8;1;Given the current processing capacity is below threshold, reducing it to 80% as instructed by the coordinator will help prevent potential delays and maintain output stock levels within acceptable limits.;cot;llama3.1:8b;llama;Given the current processing capacity is below threshold, reducing it to 80% as instructed by the coordinator will help prevent potential delays and maintain output stock levels within acceptable limits.;1fc92340fe9f1bab05c58bf37b150211b4a1fd3c0c1f89e926503de30b7529c7;503;60;3.862.804.198.265.070;TRUE;FALSE;37
36;14/03/2026 15:00;retail;R4;normal;accept;0.0107;1.0;1;Given the current retail inventory is above safety stock, but sales rate is high and increasing, it's prudent to accept the coordinator's instruction to add a reorder request of +20 kg to mitigate potential future shortages.;cot;llama3.1:8b;llama;Given the current retail inventory is above safety stock, but sales rate is high and increasing, it's prudent to accept the coordinator's instruction to add a reorder request of +20 kg to mitigate potential future shortages.;ddd2d55911c5cce3c4d6d652a55cce5744591cb7d55a59db3c9fbda6b71619a5;483;67;384.772.412.776.947;TRUE;FALSE;37
88;15/03/2026 04:00;farm;R12;high;modify;0.0129;0.85;2;Given the high urgency level of the disruption, I must adjust outgoing orders to match our current production capacity. Reducing orders by 25% will help prevent further strain on resources and allow us to maintain a stable flock management. Additionally, increasing production capacity by 5% through intensified operations is feasible considering our current mortality rate.;cot;llama3.1:8b;llama;Given the high urgency level of the disruption, I must adjust outgoing orders to match our current production capacity. Reducing orders by 25% will help prevent further strain on resources and allow us to maintain a stable flock management. Additionally, increasing production capacity by 5% through intensified operations is feasible considering our current mortality rate.;aa189dbfa667dda9e0c6e55b6f89125e3117aad1394c907c4d3894a51f7c5fbe;525;91;4.651.074.552.536.010;TRUE;FALSE;37
88;15/03/2026 04:00;wholesaler;R12;high;modify;0.0128;0.8;2;Given the high urgency level of the disruption, I will modify our distribution capacity to 85% as instructed by the coordinator. This adjustment will help optimize our supply chain and ensure timely delivery of broilers to customers. However, I will not immediately change the delivery schedule to 'rerouted' without further assessment of its impact on our local operations.;cot;llama3.1:8b;llama;Given the high urgency level of the disruption, I will modify our distribution capacity to 85% as instructed by the coordinator. This adjustment will help optimize our supply chain and ensure timely delivery of broilers to customers. However, I will not immediately change the delivery schedule to 'rerouted' without further assessment of its impact on our local operations.;942a2adf8ecc981ce7f0dd7a8a700f966ac924d283eec79985efb7fc00a54fe3;503;95;46.183.526.277.542.100;TRUE;FALSE;37
324;17/03/2026 15:00;slaughterhouse;R9;high;modify;0.0128;0.85;1;Given the high urgency level of the disruption, I will modify our current processing schedule to increase output stock by 15% as instructed by the coordinator. However, considering our current low worker availability and equipment status being down, I must adjust the factor slightly to ensure we can meet the new target without compromising other operational constraints.;cot;llama3.1:8b;llama;Given the high urgency level of the disruption, I will modify our current processing schedule to increase output stock by 15% as instructed by the coordinator. However, considering our current low worker availability and equipment status being down, I must adjust the factor slightly to ensure we can meet the new target without compromising other operational constraints.;20584f145ef493e5bf8fa02b4bbf124d6478ed377be07e4ec7a1e87aeb859717;510;90;4.602.667.570.114.130;TRUE;FALSE;37
324;17/03/2026 15:00;wholesaler;R9;high;modify;0.0124;0.85;2;Given the high urgency level of the disruption, I must prioritize inventory allocation to Retail as instructed by the Coordinating Agent. However, considering our current low inventory levels and incoming orders exceeding capacity, a modification is necessary to ensure we meet critical Retail demands without compromising on other non-priority shipments.;cot;llama3.1:8b;llama;Given the high urgency level of the disruption, I must prioritize inventory allocation to Retail as instructed by the Coordinating Agent. However, considering our current low inventory levels and incoming orders exceeding capacity, a modification is necessary to ensure we meet critical Retail demands without compromising on other non-priority shipments.;dbc3f9d9dad9845c3ca9afcf68a5531f47b343a2a033971b5475a2d0d4e22d8c;512;85;4.476.687.240.600.580;TRUE;FALSE;37
324;17/03/2026 15:00;retail;R9;high;accept;0.0128;1.0;2;The current retail status indicates a severe stockout situation, with inventory at 0 kg and sales rate exceeding expected levels by 150%. The coordinator's instruction to add 30 kg to the reorder request and increase safety stock by 10% as an emergency buffer is appropriate given the high urgency level of the disruption triggered by Rule R9.;cot;llama3.1:8b;llama;The current retail status indicates a severe stockout situation, with inventory at 0 kg and sales rate exceeding expected levels by 150%. The coordinator's instruction to add 30 kg to the reorder request and increase safety stock by 10% as an emergency buffer is appropriate given the high urgency level of the disruption triggered by Rule R9.;f65708ebec9ffb877f3d9466a4ac9e4d8bb0e4811892a771edcc1ba3655c2bf2;501;93;4.608.083.629.608.150;TRUE;FALSE;37
36;16/03/2026 15:00;farm;R4;normal;modify;0.0104;0.8;1;Given the current production capacity is below 60%, reducing outgoing orders to 80% of actual capacity will help prevent further strain on resources and maintain a stable flock operation.;cot;llama3.1:8b;llama;Given the current production capacity is below 60%, reducing outgoing orders to 80% of actual capacity will help prevent further strain on resources and maintain a stable flock operation.;012d34cb2db4a30393ab602530e427a646a937abede5cc3ef41dc786cd72c559;502;60;3.750.368.070.602.410;TRUE;FALSE;38
36;16/03/2026 15:00;slaughterhouse;R4;normal;modify;0.0106;0.8;1;Given the current processing capacity is below threshold, reducing it to 80% as instructed by the coordinator will help prevent potential delays and maintain output stock levels within acceptable limits.;cot;llama3.1:8b;llama;Given the current processing capacity is below threshold, reducing it to 80% as instructed by the coordinator will help prevent potential delays and maintain output stock levels within acceptable limits.;1fc92340fe9f1bab05c58bf37b150211b4a1fd3c0c1f89e926503de30b7529c7;503;60;3.829.808.211.326.590;TRUE;FALSE;38
36;16/03/2026 15:00;retail;R4;normal;accept;0.0108;1.0;1;Given the current retail inventory is above safety stock, but sales rate is high and increasing, it's prudent to accept the coordinator's instruction to add a reorder request of +20 kg to mitigate potential future shortages.;cot;llama3.1:8b;llama;Given the current retail inventory is above safety stock, but sales rate is high and increasing, it's prudent to accept the coordinator's instruction to add a reorder request of +20 kg to mitigate potential future shortages.;ddd2d55911c5cce3c4d6d652a55cce5744591cb7d55a59db3c9fbda6b71619a5;483;67;3.882.348.728.179.930;TRUE;FALSE;38
88;17/03/2026 04:00;farm;R12;high;modify;0.0132;0.85;2;Given the high urgency level of the disruption, I must adjust outgoing orders to match our current production capacity. Reducing orders by 25% will help prevent further strain on resources and allow us to maintain a stable flock management. Additionally, increasing production capacity by 5% through intensified operations is feasible considering our current mortality rate.;cot;llama3.1:8b;llama;Given the high urgency level of the disruption, I must adjust outgoing orders to match our current production capacity. Reducing orders by 25% will help prevent further strain on resources and allow us to maintain a stable flock management. Additionally, increasing production capacity by 5% through intensified operations is feasible considering our current mortality rate.;91d6e514e3cae5226c6ad1ed1e83b011d22be6f591792322bf6a0dbd2967225a;525;91;4.767.763.829.231.260;TRUE;FALSE;38
88;17/03/2026 04:00;wholesaler;R12;high;modify;0.0129;0.8;2;Given the high urgency level of the disruption, I will modify our distribution capacity to 85% as instructed by the coordinator. This adjustment will help optimize our supply chain and ensure timely delivery of broilers to customers. However, I will not immediately change the delivery schedule to 'rerouted' without further assessment of its impact on our local operations.;cot;llama3.1:8b;llama;Given the high urgency level of the disruption, I will modify our distribution capacity to 85% as instructed by the coordinator. This adjustment will help optimize our supply chain and ensure timely delivery of broilers to customers. However, I will not immediately change the delivery schedule to 'rerouted' without further assessment of its impact on our local operations.;942a2adf8ecc981ce7f0dd7a8a700f966ac924d283eec79985efb7fc00a54fe3;503;95;4.647.601.532.936.090;TRUE;FALSE;38
324;19/03/2026 15:00;slaughterhouse;R9;high;modify;0.0124;0.85;1;Given the high urgency level of the disruption, I will modify our current processing schedule to increase output stock by 15% as instructed by the coordinator. However, considering our current low worker availability and partial equipment status, I must adjust the factor slightly to ensure a more cautious approach.;cot;llama3.1:8b;llama;Given the high urgency level of the disruption, I will modify our current processing schedule to increase output stock by 15% as instructed by the coordinator. However, considering our current low worker availability and partial equipment status, I must adjust the factor slightly to ensure a more cautious approach.;b4884b1bfac84c46ca6beccc6973a22149da682d33c6142bf438e1c661c551d6;508;82;4.449.359.917.640.680;TRUE;FALSE;38
324;19/03/2026 15:00;wholesaler;R9;high;modify;0.0128;0.85;2;Given the high urgency level of the disruption, I must prioritize inventory allocation to Retail as instructed by the Coordinating Agent. However, considering our current low inventory levels and incoming orders exceeding capacity, a modification is necessary to ensure we meet critical Retail demands without compromising on other non-priority shipments.;cot;llama3.1:8b;llama;Given the high urgency level of the disruption, I must prioritize inventory allocation to Retail as instructed by the Coordinating Agent. However, considering our current low inventory levels and incoming orders exceeding capacity, a modification is necessary to ensure we meet critical Retail demands without compromising on other non-priority shipments.;dbc3f9d9dad9845c3ca9afcf68a5531f47b343a2a033971b5475a2d0d4e22d8c;512;85;462.147.057.056.427;TRUE;FALSE;38
324;19/03/2026 15:00;retail;R9;high;accept;0.0129;1.0;2;The current retail status indicates a severe stockout situation, with inventory at 0 kg and sales rate exceeding expected levels by 150%. The coordinator's instruction to add 30 kg to the reorder request and increase safety stock by 10% as an emergency buffer is appropriate given the high urgency level of the disruption triggered by Rule R9.;cot;llama3.1:8b;llama;The current retail status indicates a severe stockout situation, with inventory at 0 kg and sales rate exceeding expected levels by 150%. The coordinator's instruction to add 30 kg to the reorder request and increase safety stock by 10% as an emergency buffer is appropriate given the high urgency level of the disruption triggered by Rule R9.;f65708ebec9ffb877f3d9466a4ac9e4d8bb0e4811892a771edcc1ba3655c2bf2;501;93;46.396.425.008.773.800;TRUE;FALSE;38
36;18/03/2026 15:00;farm;R4;normal;modify;0.0105;0.8;1;Given the current production capacity is below 60%, reducing outgoing orders to 80% of actual capacity will help prevent further strain on resources and maintain a stable flock operation.;cot;llama3.1:8b;llama;Given the current production capacity is below 60%, reducing outgoing orders to 80% of actual capacity will help prevent further strain on resources and maintain a stable flock operation.;012d34cb2db4a30393ab602530e427a646a937abede5cc3ef41dc786cd72c559;502;60;3.795.088.768.005.370;TRUE;FALSE;39
36;18/03/2026 15:00;slaughterhouse;R4;normal;modify;0.011;0.8;1;Given the current processing capacity is below threshold, reducing it to 80% as instructed by the coordinator will help prevent potential delays and maintain output stock levels within acceptable limits.;cot;llama3.1:8b;llama;Given the current processing capacity is below threshold, reducing it to 80% as instructed by the coordinator will help prevent potential delays and maintain output stock levels within acceptable limits.;1fc92340fe9f1bab05c58bf37b150211b4a1fd3c0c1f89e926503de30b7529c7;503;60;3.972.862.958.908.080;TRUE;FALSE;39
36;18/03/2026 15:00;retail;R4;normal;accept;0.0108;1.0;1;Given the current retail inventory is above safety stock, but sales rate is high and increasing, it's prudent to accept the coordinator's instruction to add a reorder request of +20 kg to mitigate potential future shortages.;cot;llama3.1:8b;llama;Given the current retail inventory is above safety stock, but sales rate is high and increasing, it's prudent to accept the coordinator's instruction to add a reorder request of +20 kg to mitigate potential future shortages.;ddd2d55911c5cce3c4d6d652a55cce5744591cb7d55a59db3c9fbda6b71619a5;483;67;38.761.836.767.196.600;TRUE;FALSE;39
88;19/03/2026 04:00;farm;R12;high;modify;0.0135;0.85;2;Given the high urgency level of the disruption, I must adjust outgoing orders to match our current production capacity. Reducing orders by 25% will help prevent further strain on resources and allow us to maintain a stable flock management. Additionally, increasing production capacity by 5% through intensified operations is feasible considering our current mortality rate.;cot;llama3.1:8b;llama;Given the high urgency level of the disruption, I must adjust outgoing orders to match our current production capacity. Reducing orders by 25% will help prevent further strain on resources and allow us to maintain a stable flock management. Additionally, increasing production capacity by 5% through intensified operations is feasible considering our current mortality rate.;9e47a83e24d7b8e349e92f95d0f9f39dac5567ac79c1226ed547a9e81d972685;525;91;4.865.326.499.938.960;TRUE;FALSE;39
88;19/03/2026 04:00;wholesaler;R12;high;modify;0.0137;0.8;2;Given the high urgency level of the disruption, I will modify our distribution capacity to 85% as instructed by the coordinator. This adjustment will help optimize our supply chain and ensure timely delivery of broilers to customers. However, I will not immediately change the delivery schedule to 'rerouted' without further assessment of its impact on our local operations.;cot;llama3.1:8b;llama;Given the high urgency level of the disruption, I will modify our distribution capacity to 85% as instructed by the coordinator. This adjustment will help optimize our supply chain and ensure timely delivery of broilers to customers. However, I will not immediately change the delivery schedule to 'rerouted' without further assessment of its impact on our local operations.;942a2adf8ecc981ce7f0dd7a8a700f966ac924d283eec79985efb7fc00a54fe3;503;95;4.935.082.721.710.200;TRUE;FALSE;39
360;22/03/2026 00:00;slaughterhouse;R9;high;modify;0.0126;0.85;1;Given the high urgency level of the disruption, I will modify our current processing schedule to increase output stock by 15% as instructed by the coordinator. However, considering our current low worker availability and slight delay in processing, I will adjust this increment to ensure we don't exacerbate these issues.;cot;llama3.1:8b;llama;Given the high urgency level of the disruption, I will modify our current processing schedule to increase output stock by 15% as instructed by the coordinator. However, considering our current low worker availability and slight delay in processing, I will adjust this increment to ensure we don't exacerbate these issues.;5f2ec1aa0a0b408307de56b094e888af24dc361791af4af062c42fcfd1654041;510;85;4.520.695.233.345.030;TRUE;FALSE;39
360;22/03/2026 00:00;wholesaler;R9;high;modify;0.013;0.85;2;Given the high urgency level of the disruption, I will modify my current inventory allocation to prioritize retail orders as instructed by the coordinator. This decision is supported by our current low inventory levels and delayed delivery schedule, which necessitate a focus on critical retail shipments. By modifying our existing shipment plans, we can ensure that essential products reach their destinations promptly.;cot;llama3.1:8b;llama;Given the high urgency level of the disruption, I will modify my current inventory allocation to prioritize retail orders as instructed by the coordinator. This decision is supported by our current low inventory levels and delayed delivery schedule, which necessitate a focus on critical retail shipments. By modifying our existing shipment plans, we can ensure that essential products reach their destinations promptly.;72ef64ed0f5ac7bbc3e925a66ac7a59f668e0853b70a875ae327015fb724daa5;511;95;4.691.836.619.377.130;TRUE;FALSE;39
360;22/03/2026 00:00;retail;R9;high;accept;0.0127;1.0;2;The current retail status indicates a severe stockout situation, with inventory at 0 kg and sales rate exceeding expected levels by 150%. The coordinator's instruction to add a reorder request of +30 kg and increase safety stock by 10% as an emergency buffer is appropriate given the high urgency level and disruption severity.;cot;llama3.1:8b;llama;The current retail status indicates a severe stockout situation, with inventory at 0 kg and sales rate exceeding expected levels by 150%. The coordinator's instruction to add a reorder request of +30 kg and increase safety stock by 10% as an emergency buffer is appropriate given the high urgency level and disruption severity.;8c09e5002ef23aaec9a5282266d34fa7980051c8cb6fbc501b2a75ab3d379c51;503;88;4.571.171.736.717.220;TRUE;FALSE;39
432;22/03/2026 18:00;slaughterhouse;R9;high;modify;0.0117;0.92;1;Given the high urgency level of the disruption, I will modify the output stock to meet the coordinator's instruction. However, considering our current processing capacity is below threshold and worker availability is low, I will adjust the factor slightly to ensure we don't overcommit resources.;cot;llama3.1:8b;llama;Given the high urgency level of the disruption, I will modify the output stock to meet the coordinator's instruction. However, considering our current processing capacity is below threshold and worker availability is low, I will adjust the factor slightly to ensure we don't overcommit resources.;9161d44c45006ef805a0b94c3bf450933bd0f3740fba3aa9d9d1153fac5767ad;524;79;42.028.284.311.294.500;TRUE;FALSE;39
432;22/03/2026 18:00;wholesaler;R9;high;modify;0.0115;0.92;2;Given the high urgency level of the disruption, I will modify the instruction to prioritize inventory for Retail while maintaining current levels and cancelling 50% of non-priority pending shipments to focus on critical Retail needs.;cot;llama3.1:8b;llama;Given the high urgency level of the disruption, I will modify the instruction to prioritize inventory for Retail while maintaining current levels and cancelling 50% of non-priority pending shipments to focus on critical Retail needs.;8d2a4386d4322d47198e2f4104a1e2684ade28c21800496b863f803357819859;525;67;4.155.622.386.932.370;TRUE;FALSE;39
432;22/03/2026 18:00;retail;R9;high;accept;0.0119;1.0;2;Given the high urgency level of the disruption, the current stockout status, and the coordinator's instruction to increase safety stock as a buffer, I accept the request to add 30 kg to the reorder request and adjust the safety stock by 10%. This will help mitigate the shortage and ensure continued supply to meet customer demand.;cot;llama3.1:8b;llama;Given the high urgency level of the disruption, the current stockout status, and the coordinator's instruction to increase safety stock as a buffer, I accept the request to add 30 kg to the reorder request and adjust the safety stock by 10%. This will help mitigate the shortage and ensure continued supply to meet customer demand.;8b463230649fcd0628b2e4313527527c67094ec31740cad44bc12b70f5846c40;517;90;42.793.328.285.217.200;TRUE;FALSE;39
36;20/03/2026 15:00;farm;R4;normal;modify;0.0107;0.8;1;Given the current production capacity is below 60%, reducing outgoing orders to 80% of actual capacity will help prevent further strain on resources and maintain a stable flock operation.;cot;llama3.1:8b;llama;Given the current production capacity is below 60%, reducing outgoing orders to 80% of actual capacity will help prevent further strain on resources and maintain a stable flock operation.;012d34cb2db4a30393ab602530e427a646a937abede5cc3ef41dc786cd72c559;502;60;3.836.782.717.704.770;TRUE;FALSE;40
36;20/03/2026 15:00;slaughterhouse;R4;normal;modify;0.0107;0.8;1;Given the current processing capacity is below threshold, reducing it to 80% as instructed by the coordinator will help prevent potential delays and maintain output stock levels within acceptable limits.;cot;llama3.1:8b;llama;Given the current processing capacity is below threshold, reducing it to 80% as instructed by the coordinator will help prevent potential delays and maintain output stock levels within acceptable limits.;1fc92340fe9f1bab05c58bf37b150211b4a1fd3c0c1f89e926503de30b7529c7;503;60;3.852.885.890.007.010;TRUE;FALSE;40
36;20/03/2026 15:00;retail;R4;normal;accept;0.0107;1.0;1;Given the current retail inventory is above safety stock, but sales rate is high and increasing, it's prudent to accept the coordinator's instruction to add a reorder request of +20 kg to mitigate potential future shortages.;cot;llama3.1:8b;llama;Given the current retail inventory is above safety stock, but sales rate is high and increasing, it's prudent to accept the coordinator's instruction to add a reorder request of +20 kg to mitigate potential future shortages.;ddd2d55911c5cce3c4d6d652a55cce5744591cb7d55a59db3c9fbda6b71619a5;483;67;38.554.558.515.548.700;TRUE;FALSE;40
80;21/03/2026 02:00;wholesaler;R8;normal;modify;0.0118;0.8;2;The current inventory level is below the threshold, but not critically low. The incoming orders are above capacity, and the delivery schedule is normal. Modifying the delivery schedule to 'rerouted' will help mitigate potential disruptions and ensure timely delivery of critical shipments.;cot;llama3.1:8b;llama;The current inventory level is below the threshold, but not critically low. The incoming orders are above capacity, and the delivery schedule is normal. Modifying the delivery schedule to 'rerouted' will help mitigate potential disruptions and ensure timely delivery of critical shipments.;ad6bcf992c7ee5b9b01ec073725e0ade160e267730817f36ab226fb2badecfc6;506;77;4.248.919.773.101.800;TRUE;FALSE;40
80;21/03/2026 02:00;retail;R8;normal;modify;0.0122;0.8;1;Given the current retail inventory of 44.2 kg, which is above the safety stock threshold, and considering the coordinator's instruction to adjust demand_estimate to 95% due to potential disruption, I will modify the demand estimate to account for the anticipated delay without immediately triggering a stockout flag.;cot;llama3.1:8b;llama;Given the current retail inventory of 44.2 kg, which is above the safety stock threshold, and considering the coordinator's instruction to adjust demand_estimate to 95% due to potential disruption, I will modify the demand estimate to account for the anticipated delay without immediately triggering a stockout flag.;08a5cfb9483f3b0f846492f1f7d34667173f4e52c351a9786946327441d95a90;496;85;44.090.147.256.851.100;TRUE;FALSE;40
108;21/03/2026 09:00;farm;R12;high;modify;0.0117;0.85;2;Given the high urgency level of the disruption, I must adjust outgoing orders to match our current production capacity. Reducing orders by 25% will help prevent overstocking and maintain a stable supply chain. Additionally, increasing production capacity by 5% through intensification is feasible considering our current mortality rate and disease alert status.;cot;llama3.1:8b;llama;Given the high urgency level of the disruption, I must adjust outgoing orders to match our current production capacity. Reducing orders by 25% will help prevent overstocking and maintain a stable supply chain. Additionally, increasing production capacity by 5% through intensification is feasible considering our current mortality rate and disease alert status.;7a480d51495381720c3ffa35c40a308e490e64b0f904862afac2f578737f8f19;527;91;42.298.521.280.288.600;TRUE;FALSE;40
108;21/03/2026 09:00;wholesaler;R12;high;modify;0.0135;0.85;2;Given the high urgency level of the disruption, I will adjust our distribution capacity to 85% as instructed by the coordinator. This adjustment is necessary to optimize our response to the disruption and ensure that we can meet the increased demand for broiler distribution in East Java. By modifying our capacity, we can better align with the available supply from Farm and reroute deliveries accordingly.;cot;llama3.1:8b;llama;Given the high urgency level of the disruption, I will adjust our distribution capacity to 85% as instructed by the coordinator. This adjustment is necessary to optimize our response to the disruption and ensure that we can meet the increased demand for broiler distribution in East Java. By modifying our capacity, we can better align with the available supply from Farm and reroute deliveries accordingly.;03b59bae30bd4a8783b8b474ed0106e2832d3b73f40817313bdad611135f25ad;512;100;48.467.408.895.492.500;TRUE;FALSE;40
144;21/03/2026 18:00;slaughterhouse;R9;high;modify;0.0124;0.85;1;Given the high urgency level of the disruption, I will modify our output stock to increase by 15% as instructed by the coordinator. However, considering our current processing capacity is below threshold and worker availability is low, I will adjust the factor slightly to ensure we don't overcommit resources.;cot;llama3.1:8b;llama;Given the high urgency level of the disruption, I will modify our output stock to increase by 15% as instructed by the coordinator. However, considering our current processing capacity is below threshold and worker availability is low, I will adjust the factor slightly to ensure we don't overcommit resources.;c23c9a5a7bb07ec84e83fa7d3022a69472650fee41fac27cd64bbda2fff1644f;510;84;4.468.745.541.572.570;TRUE;FALSE;40
144;21/03/2026 18:00;wholesaler;R9;high;modify;0.0117;0.9;2;Given the high urgency level of the disruption, I will modify the instruction to prioritize inventory for Retail while maintaining current levels and cancelling 50% of non-priority pending shipments to focus on critical Retail needs.;cot;llama3.1:8b;llama;Given the high urgency level of the disruption, I will modify the instruction to prioritize inventory for Retail while maintaining current levels and cancelling 50% of non-priority pending shipments to focus on critical Retail needs.;7abb791c3dc02f091fe32c7d4557c650f2b7b895f072e380a9a0edc1d501a3ec;528;67;4.214.048.624.038.690;TRUE;FALSE;40
144;21/03/2026 18:00;retail;R9;high;accept;0.0125;1.0;2;The current retail inventory is below the safety stock threshold, and the sales rate has exceeded expected levels. The coordinator's instruction to add a reorder request for +30 kg and increase the safety stock by 10% as an emergency buffer is appropriate given the high urgency level of the disruption.;cot;llama3.1:8b;llama;The current retail inventory is below the safety stock threshold, and the sales rate has exceeded expected levels. The coordinator's instruction to add a reorder request for +30 kg and increase the safety stock by 10% as an emergency buffer is appropriate given the high urgency level of the disruption.;cd9da13517dc889c026319d8311098222577a5ddab035e21cb219faa2dbaa4e2;515;82;449.839.813.709.259;TRUE;FALSE;40
36;22/03/2026 15:00;farm;R4;normal;modify;0.01;0.8;1;Given the current production capacity is below 60%, reducing outgoing orders to 80% of actual capacity will help maintain a stable flock management and prevent potential disruptions. This adjustment aligns with the coordinator's instruction, taking into account our local operational constraints.;cot;llama3.1:8b;llama;Given the current production capacity is below 60%, reducing outgoing orders to 80% of actual capacity will help maintain a stable flock management and prevent potential disruptions. This adjustment aligns with the coordinator's instruction, taking into account our local operational constraints.;012d34cb2db4a30393ab602530e427a646a937abede5cc3ef41dc786cd72c559;502;76;3.595.778.775.215.140;TRUE;FALSE;41
36;22/03/2026 15:00;slaughterhouse;R4;normal;modify;0.011;0.8;1;Given the current processing capacity is below threshold, reducing it to 80% as instructed by the coordinator will help prevent potential delays and maintain output stock levels within acceptable limits.;cot;llama3.1:8b;llama;Given the current processing capacity is below threshold, reducing it to 80% as instructed by the coordinator will help prevent potential delays and maintain output stock levels within acceptable limits.;1fc92340fe9f1bab05c58bf37b150211b4a1fd3c0c1f89e926503de30b7529c7;503;60;3.959.972.929.954.520;TRUE;FALSE;41
36;22/03/2026 15:00;retail;R4;normal;accept;0.0107;1.0;1;Given the current retail inventory is above safety stock, but sales rate is high and increasing, it's prudent to accept the coordinator's instruction to add a reorder request of +20 kg to mitigate potential future shortages.;cot;llama3.1:8b;llama;Given the current retail inventory is above safety stock, but sales rate is high and increasing, it's prudent to accept the coordinator's instruction to add a reorder request of +20 kg to mitigate potential future shortages.;ddd2d55911c5cce3c4d6d652a55cce5744591cb7d55a59db3c9fbda6b71619a5;483;67;38.438.727.617.263.700;TRUE;FALSE;41
80;23/03/2026 02:00;wholesaler;R8;normal;modify;0.0118;0.8;2;The current inventory level is below the threshold, but not critically low. The incoming orders are above capacity, and the delivery schedule is normal. Given these conditions, modifying the delivery schedule to 'rerouted' with a 15% reduction in pending shipments seems reasonable.;cot;llama3.1:8b;llama;The current inventory level is below the threshold, but not critically low. The incoming orders are above capacity, and the delivery schedule is normal. Given these conditions, modifying the delivery schedule to 'rerouted' with a 15% reduction in pending shipments seems reasonable.;9bc9d53a7046ebc2664b324e55774ecadf778a46497da2a8bd5e8b0a360899e2;506;79;4.265.383.219.718.930;TRUE;FALSE;41
80;23/03/2026 02:00;retail;R8;normal;modify;0.0125;0.8;1;Given the current retail inventory of 32.8 kg, which is above the safety stock threshold, and considering the coordinator's instruction to adjust demand_estimate to 95% due to potential disruption, I will modify the demand estimate to account for the anticipated delay without immediately triggering a stockout flag.;cot;llama3.1:8b;llama;Given the current retail inventory of 32.8 kg, which is above the safety stock threshold, and considering the coordinator's instruction to adjust demand_estimate to 95% due to potential disruption, I will modify the demand estimate to account for the anticipated delay without immediately triggering a stockout flag.;f9aaa5b9519f25dadc600950b6c8a142e50dba137fb75c44871a2b2861295f2c;496;85;45.082.234.382.629.300;TRUE;FALSE;41
96;23/03/2026 06:00;slaughterhouse;R9;high;modify;0.0123;0.85;1;Given the high urgency level of the disruption, I will modify our current processing schedule to increase output stock by 15% as instructed by the coordinator. However, considering our current low worker availability and partial equipment status, I must adjust the factor to ensure a more cautious approach.;cot;llama3.1:8b;llama;Given the high urgency level of the disruption, I will modify our current processing schedule to increase output stock by 15% as instructed by the coordinator. However, considering our current low worker availability and partial equipment status, I must adjust the factor to ensure a more cautious approach.;1b4c5c4b3dc5a600872263709378f207060f97b2453dc16360dc4afd1bb9c7d3;510;81;4.434.796.357.154.840;TRUE;FALSE;41
96;23/03/2026 06:00;wholesaler;R9;high;modify;0.0126;0.85;2;Given the high urgency level of the disruption, I will modify our current inventory allocation to prioritize retail orders as instructed by the coordinator. This decision is supported by our current low inventory levels and incoming orders exceeding capacity. By prioritizing retail orders, we can minimize stockouts and ensure critical customer needs are met.;cot;llama3.1:8b;llama;Given the high urgency level of the disruption, I will modify our current inventory allocation to prioritize retail orders as instructed by the coordinator. This decision is supported by our current low inventory levels and incoming orders exceeding capacity. By prioritizing retail orders, we can minimize stockouts and ensure critical customer needs are met.;93764ff5e5bffb37d66b51101e3d20224493ef7cabe2689fee23020599b0572d;514;87;45.503.276.348.114.000;TRUE;FALSE;41
96;23/03/2026 06:00;retail;R9;high;accept;0.0126;1.0;2;The current retail inventory is below the safety stock threshold, and the sales rate has exceeded expected levels. The coordinating agent's instruction to increase reorder request by +30 kg and raise safety stock by 10% as an emergency buffer aligns with our operational needs to prevent stockouts during this disruption.;cot;llama3.1:8b;llama;The current retail inventory is below the safety stock threshold, and the sales rate has exceeded expected levels. The coordinating agent's instruction to increase reorder request by +30 kg and raise safety stock by 10% as an emergency buffer aligns with our operational needs to prevent stockouts during this disruption.;d4a5bbb1c0ea933e2761a414492af5a4ef0bf13dfc0a69241bd13f2b42dd749f;515;84;4.546.988.129.615.780;TRUE;FALSE;41
144;23/03/2026 18:00;slaughterhouse;R9;high;modify;0.0118;0.92;1;Given the high urgency level of the disruption, I will modify the output stock to meet the coordinator's instruction. However, considering our current processing capacity is below 50%, I will adjust the factor slightly lower than before to ensure we don't overcommit and compromise on quality.;cot;llama3.1:8b;llama;Given the high urgency level of the disruption, I will modify the output stock to meet the coordinator's instruction. However, considering our current processing capacity is below 50%, I will adjust the factor slightly lower than before to ensure we don't overcommit and compromise on quality.;b59c86d875d4df4e2eb9835388d306d21cb4c5a8fb02e05d6302384ab22f8252;524;81;4.242.377.686.500.540;TRUE;FALSE;41
144;23/03/2026 18:00;wholesaler;R9;high;modify;0.013;0.9;2;Given the high urgency level of the disruption, I will modify the instruction to prioritize inventory_level for Retail while maintaining current levels and cancelling 50% of non-priority pending_shipments to focus on critical Retail orders. This approach balances the need to support Retail with the operational constraints of managing inventory and shipments.;cot;llama3.1:8b;llama;Given the high urgency level of the disruption, I will modify the instruction to prioritize inventory_level for Retail while maintaining current levels and cancelling 50% of non-priority pending_shipments to focus on critical Retail orders. This approach balances the need to support Retail with the operational constraints of managing inventory and shipments.;d23d3f64afd5d23f440c7f2b58e4e59556ce96b8ca4c194e6155db032acaee22;525;87;4.670.689.630.508.420;TRUE;FALSE;41
144;23/03/2026 18:00;retail;R9;high;accept;0.0134;1.0;2;Given the high urgency level of the disruption, the current stockout flag is active, and sales rate exceeds expected levels by 50%, I accept the coordinator's instruction to add a reorder request for +30 kg as a buffer against further disruptions. Increasing safety stock by 10% will also provide an additional cushion in case of future shortages.;cot;llama3.1:8b;llama;Given the high urgency level of the disruption, the current stockout flag is active, and sales rate exceeds expected levels by 50%, I accept the coordinator's instruction to add a reorder request for +30 kg as a buffer against further disruptions. Increasing safety stock by 10% will also provide an additional cushion in case of future shortages.;1b1c8ff58b2c5822b4bf6082ea1019e039ebbedbcb5b2a847b4a9c977bb0bec8;529;93;48.370.845.556.259.100;TRUE;FALSE;41
216;24/03/2026 12:00;slaughterhouse;R9;high;modify;0.0133;0.92;1;Given the high urgency level of the disruption, I will modify my current output stock to meet the coordinator's instruction. However, considering our local operational constraints and processing capacity, I will not exceed a factor of 0.92 to avoid overcommitting resources.;cot;llama3.1:8b;llama;Given the high urgency level of the disruption, I will modify my current output stock to meet the coordinator's instruction. However, considering our local operational constraints and processing capacity, I will not exceed a factor of 0.92 to avoid overcommitting resources.;31d0ce0cae2d16b8a1323921197cb08f8e5eb6fe9e8bad3077d944a793fd49e6;538;78;48.024.155.139.923.000;TRUE;FALSE;41
216;24/03/2026 12:00;wholesaler;R9;high;modify;0.0121;0.95;2;Given the high urgency level of the disruption, I will modify the instruction to prioritize inventory for Retail while maintaining current levels and cancelling 50% of non-priority pending shipments to focus on critical Retail needs.;cot;llama3.1:8b;llama;Given the high urgency level of the disruption, I will modify the instruction to prioritize inventory for Retail while maintaining current levels and cancelling 50% of non-priority pending shipments to focus on critical Retail needs.;79ddfc13820f51fa0e8c3b9b43b7e92b7d591f85e6aa9aecb54f8d56e1c9676c;541;67;4.354.672.932.624.810;TRUE;FALSE;41
216;24/03/2026 12:00;retail;R9;high;accept;0.0115;1.0;2;The current stockout flag is high, indicating a severe disruption in broiler meat availability. The coordinator's instruction to add a reorder request of +30 kg and increase the safety stock by 10% as an emergency buffer is appropriate given our low inventory levels and high sales rate.;cot;llama3.1:8b;llama;The current stockout flag is high, indicating a severe disruption in broiler meat availability. The coordinator's instruction to add a reorder request of +30 kg and increase the safety stock by 10% as an emergency buffer is appropriate given our low inventory levels and high sales rate.;c211f1db6b84874bb0c54dfd923e9678850fa1a08276d333b5ef620cb00aa236;529;81;413.750.433.921.814;TRUE;FALSE;41
36;24/03/2026 15:00;farm;R4;normal;modify;0.0057;0.8;1;Given the current production capacity is below 60%, reducing outgoing orders to 80% of actual capacity will help maintain a stable flock operation and prevent potential disruptions. This adjustment aligns with the coordinating agent's instruction, taking into account our local operational constraints.;cot;llama3.1:8b;llama;Given the current production capacity is below 60%, reducing outgoing orders to 80% of actual capacity will help maintain a stable flock operation and prevent potential disruptions. This adjustment aligns with the coordinating agent's instruction, taking into account our local operational constraints.;012d34cb2db4a30393ab602530e427a646a937abede5cc3ef41dc786cd72c559;502;77;20.413.408.279.418.900;TRUE;FALSE;42
36;24/03/2026 15:00;slaughterhouse;R4;normal;modify;0.011;0.8;1;Given the current processing capacity is below threshold, reducing it to 80% as instructed by the coordinator will help prevent potential delays and maintain output stock levels within acceptable limits.;cot;llama3.1:8b;llama;Given the current processing capacity is below threshold, reducing it to 80% as instructed by the coordinator will help prevent potential delays and maintain output stock levels within acceptable limits.;1fc92340fe9f1bab05c58bf37b150211b4a1fd3c0c1f89e926503de30b7529c7;503;60;39.499.919.176.101.600;TRUE;FALSE;42
36;24/03/2026 15:00;retail;R4;normal;accept;0.0108;1.0;1;Given the current retail inventory is above safety stock, but sales rate is high and increasing, it's prudent to accept the coordinator's instruction to add a reorder request of +20 kg to mitigate potential future shortages.;cot;llama3.1:8b;llama;Given the current retail inventory is above safety stock, but sales rate is high and increasing, it's prudent to accept the coordinator's instruction to add a reorder request of +20 kg to mitigate potential future shortages.;ddd2d55911c5cce3c4d6d652a55cce5744591cb7d55a59db3c9fbda6b71619a5;483;67;3.896.289.014.816.280;TRUE;FALSE;42
88;25/03/2026 04:00;farm;R12;high;modify;0.0141;0.85;2;Given the high urgency level of the disruption, I must adjust outgoing orders to match our current production capacity. Reducing orders by 25% will help prevent further strain on resources and allow us to maintain a stable flock. Additionally, increasing production capacity by 5% through intensified operations may be feasible considering our current mortality rate is within acceptable limits.;cot;llama3.1:8b;llama;Given the high urgency level of the disruption, I must adjust outgoing orders to match our current production capacity. Reducing orders by 25% will help prevent further strain on resources and allow us to maintain a stable flock. Additionally, increasing production capacity by 5% through intensified operations may be feasible considering our current mortality rate is within acceptable limits.;6b4bef06335dc8c33cb6240a88d46fb6da79eea2c5abadf53fbe5b955c3fd3e8;525;95;5.065.636.968.612.670;TRUE;FALSE;42
88;25/03/2026 04:00;wholesaler;R12;high;modify;0.0133;0.8;2;Given the high urgency level of the disruption, I will modify our distribution capacity to 85% as instructed by the coordinator. This adjustment will help optimize our supply chain and ensure timely delivery of broilers to customers. However, I will not immediately change the delivery schedule to 'rerouted' without further assessment of its impact on our local operations.;cot;llama3.1:8b;llama;Given the high urgency level of the disruption, I will modify our distribution capacity to 85% as instructed by the coordinator. This adjustment will help optimize our supply chain and ensure timely delivery of broilers to customers. However, I will not immediately change the delivery schedule to 'rerouted' without further assessment of its impact on our local operations.;942a2adf8ecc981ce7f0dd7a8a700f966ac924d283eec79985efb7fc00a54fe3;503;95;47.711.583.852.767.900;TRUE;FALSE;42
324;27/03/2026 15:00;slaughterhouse;R9;high;modify;0.0122;0.85;1;Given the high urgency level of the disruption, I will modify our current processing schedule to increase output stock by 15% as instructed by the coordinator. However, considering our current low worker availability and partial equipment status, I must adjust the factor to ensure a more cautious approach.;cot;llama3.1:8b;llama;Given the high urgency level of the disruption, I will modify our current processing schedule to increase output stock by 15% as instructed by the coordinator. However, considering our current low worker availability and partial equipment status, I must adjust the factor to ensure a more cautious approach.;4bcd1025502abf38d53dcde1962567936ec2362417929b53e860d0f561eb4ec2;508;81;4.402.216.911.315.910;TRUE;FALSE;42
324;27/03/2026 15:00;wholesaler;R9;high;modify;0.0125;0.85;2;Given the high urgency level of the disruption, I must prioritize inventory allocation to Retail as instructed by the Coordinating Agent. However, considering our current low inventory levels and incoming orders exceeding capacity, a modification is necessary to ensure we meet critical Retail demands without compromising on other non-priority shipments.;cot;llama3.1:8b;llama;Given the high urgency level of the disruption, I must prioritize inventory allocation to Retail as instructed by the Coordinating Agent. However, considering our current low inventory levels and incoming orders exceeding capacity, a modification is necessary to ensure we meet critical Retail demands without compromising on other non-priority shipments.;dbc3f9d9dad9845c3ca9afcf68a5531f47b343a2a033971b5475a2d0d4e22d8c;512;85;4.484.438.490.867.610;TRUE;FALSE;42
324;27/03/2026 15:00;retail;R9;high;accept;0.013;1.0;2;The current retail status indicates a severe stockout situation, with inventory at 0 kg and sales rate exceeding expected levels by 150%. The coordinator's instruction to add 30 kg to the reorder request and increase safety stock by 10% as an emergency buffer is appropriate given the high urgency level of the disruption triggered by Rule R9.;cot;llama3.1:8b;llama;The current retail status indicates a severe stockout situation, with inventory at 0 kg and sales rate exceeding expected levels by 150%. The coordinator's instruction to add 30 kg to the reorder request and increase safety stock by 10% as an emergency buffer is appropriate given the high urgency level of the disruption triggered by Rule R9.;f65708ebec9ffb877f3d9466a4ac9e4d8bb0e4811892a771edcc1ba3655c2bf2;501;93;46.775.813.579.559.300;TRUE;FALSE;42
36;26/03/2026 15:00;farm;R4;normal;modify;0.011;0.8;1;Given the current production capacity is below 60%, reducing outgoing orders to 80% of actual capacity will help prevent further strain on resources and maintain a stable flock operation.;cot;llama3.1:8b;llama;Given the current production capacity is below 60%, reducing outgoing orders to 80% of actual capacity will help prevent further strain on resources and maintain a stable flock operation.;012d34cb2db4a30393ab602530e427a646a937abede5cc3ef41dc786cd72c559;502;60;3.955.824.613.571.160;TRUE;FALSE;43
36;26/03/2026 15:00;slaughterhouse;R4;normal;modify;0.0112;0.8;1;Given the current processing capacity is below threshold, reducing it to 80% as instructed by the coordinator will help prevent potential delays and maintain output stock levels within acceptable limits.;cot;llama3.1:8b;llama;Given the current processing capacity is below threshold, reducing it to 80% as instructed by the coordinator will help prevent potential delays and maintain output stock levels within acceptable limits.;1fc92340fe9f1bab05c58bf37b150211b4a1fd3c0c1f89e926503de30b7529c7;503;60;4.026.703.763.008.110;TRUE;FALSE;43
36;26/03/2026 15:00;retail;R4;normal;accept;0.0109;1.0;1;Given the current retail inventory is above safety stock, but sales rate is high and increasing, it's prudent to accept the coordinator's instruction to add a reorder request of +20 kg to mitigate potential future shortages.;cot;llama3.1:8b;llama;Given the current retail inventory is above safety stock, but sales rate is high and increasing, it's prudent to accept the coordinator's instruction to add a reorder request of +20 kg to mitigate potential future shortages.;ddd2d55911c5cce3c4d6d652a55cce5744591cb7d55a59db3c9fbda6b71619a5;483;67;39.158.029.079.437.200;TRUE;FALSE;43
105;27/03/2026 08:15;wholesaler;R14;normal;modify;0.0113;0.8;1;Given the current inventory level is below threshold, I will modify the reorder point to anticipate potential surge in orders from Retail. Raising the reorder point by 10% as instructed by the coordinator is a reasonable measure to mitigate potential stockouts.;cot;llama3.1:8b;llama;Given the current inventory level is below threshold, I will modify the reorder point to anticipate potential surge in orders from Retail. Raising the reorder point by 10% as instructed by the coordinator is a reasonable measure to mitigate potential stockouts.;90d648657d8db4329b8abfa8f704b6c9baa18d347ed8694cc0669705207a9ed6;490;74;4.052.477.312.088.010;TRUE;FALSE;43
105;27/03/2026 08:15;retail;R14;normal;accept;0.0127;1.0;2;The current retail inventory is below the safety stock threshold, but not critically low. The sales rate has increased significantly, indicating a potential surge in demand. Given the coordinator's instruction to increase reorder request by +25 kg and update demand estimate by 10%, I accept this recommendation as it aligns with our operational needs.;cot;llama3.1:8b;llama;The current retail inventory is below the safety stock threshold, but not critically low. The sales rate has increased significantly, indicating a potential surge in demand. Given the coordinator's instruction to increase reorder request by +25 kg and update demand estimate by 10%, I accept this recommendation as it aligns with our operational needs.;aec52cd122d4b70f8dc8b21ff45c96e8d8bbc21f0c418fe10da022345956b9bc;506;89;4.566.770.815.849.300;TRUE;FALSE;43
144;27/03/2026 18:00;wholesaler;R14;normal;modify;0.011;0.85;1;Given the current inventory level is below 30% capacity, I accept the instruction to increase the reorder point by 10%. This will help mitigate potential stockouts and ensure timely delivery of broilers to our customers.;cot;llama3.1:8b;llama;Given the current inventory level is below 30% capacity, I accept the instruction to increase the reorder point by 10%. This will help mitigate potential stockouts and ensure timely delivery of broilers to our customers.;58adb61315f0b4fcb230d009f65580ce7d6867ac421f22c19bfd27846a344bc7;496;69;3.962.884.283.065.790;TRUE;FALSE;43
144;27/03/2026 18:00;retail;R14;normal;accept;0.0121;1.0;2;Given the current stockout flag is high, sales rate exceeds expected levels, and shortage duration has exceeded 2 hours, it's essential to accept the coordinator's instruction to increase reorder request by +25 kg to prevent further disruptions.;cot;llama3.1:8b;llama;Given the current stockout flag is high, sales rate exceeds expected levels, and shortage duration has exceeded 2 hours, it's essential to accept the coordinator's instruction to increase reorder request by +25 kg to prevent further disruptions.;bf92822aa90299825bf0b725ba1707566a95e1df4cd816381120441ecf8e2ed6;522;71;4.345.303.392.410.270;TRUE;FALSE;43
216;28/03/2026 12:00;wholesaler;R14;normal;modify;0.0115;0.92;1;Given the current inventory level is below 30% capacity, I accept the instruction to increase the reorder point by 10%. This will help mitigate potential stockouts and ensure timely delivery of broilers to our customers.;cot;llama3.1:8b;llama;Given the current inventory level is below 30% capacity, I accept the instruction to increase the reorder point by 10%. This will help mitigate potential stockouts and ensure timely delivery of broilers to our customers.;a392f221b4e720568e45eafdb8d5e733276fe554af538545e3f26a616da9bd77;510;69;413.948.700.428.009;TRUE;FALSE;43
216;28/03/2026 12:00;retail;R14;normal;modify;0.0138;0.8;2;Given the current stockout flag is active, high sales rate, and prolonged shortage duration, I need to adjust the reorder request to ensure timely replenishment. Increasing the order by +25 kg as instructed aligns with our safety stock threshold of 30kg. However, considering our local operational constraints and recent demand fluctuations, a factor of 0.8 is applied to account for potential overstocking risks.;cot;llama3.1:8b;llama;Given the current stockout flag is active, high sales rate, and prolonged shortage duration, I need to adjust the reorder request to ensure timely replenishment. Increasing the order by +25 kg as instructed aligns with our safety stock threshold of 30kg. However, considering our local operational constraints and recent demand fluctuations, a factor of 0.8 is applied to account for potential overstocking risks.;6a282858cbbc3848e257cd8fa101c09f03bcf17a182c9e9be9843ef48f882f17;536;108;4.975.150.942.802.420;TRUE;FALSE;43
232;28/03/2026 16:00;slaughterhouse;R9;high;modify;0.0127;0.85;1;Given the high urgency level of the disruption, I will modify our output stock to increase by 15% as instructed by the coordinator. However, considering our current processing capacity is below threshold and worker availability is low, I will adjust the factor slightly to ensure we don't overcommit resources.;cot;llama3.1:8b;llama;Given the high urgency level of the disruption, I will modify our output stock to increase by 15% as instructed by the coordinator. However, considering our current processing capacity is below threshold and worker availability is low, I will adjust the factor slightly to ensure we don't overcommit resources.;c23c9a5a7bb07ec84e83fa7d3022a69472650fee41fac27cd64bbda2fff1644f;510;84;4.578.404.188.156.120;TRUE;FALSE;43
232;28/03/2026 16:00;wholesaler;R9;high;modify;0.0147;0.92;2;Given the high urgency level of the disruption, I will modify my current inventory allocation to prioritize retail orders as instructed by the coordinator. This decision is based on the previous rule R14 modifications which have shown a trend of increasing factor values, indicating a need for further adjustments. By modifying our inventory levels, we can ensure that critical retail orders are fulfilled while also addressing the pending shipments threshold.;cot;llama3.1:8b;llama;Given the high urgency level of the disruption, I will modify my current inventory allocation to prioritize retail orders as instructed by the coordinator. This decision is based on the previous rule R14 modifications which have shown a trend of increasing factor values, indicating a need for further adjustments. By modifying our inventory levels, we can ensure that critical retail orders are fulfilled while also addressing the pending shipments threshold.;4bb6bf9dbeff7e40ff2ee72670074a451f038b748036b7cf7f79949d961f326b;539;103;5.274.352.931.976.310;TRUE;FALSE;43
232;28/03/2026 16:00;retail;R9;high;accept;0.0134;1.0;2;The current retail inventory is below the safety stock threshold, and the sales rate has exceeded expectations by more than 50%. The coordinator's instruction to add a reorder request of +30 kg and increase the safety stock by 10% as an emergency buffer is appropriate given the high urgency level and disruption severity.;cot;llama3.1:8b;llama;The current retail inventory is below the safety stock threshold, and the sales rate has exceeded expectations by more than 50%. The coordinator's instruction to add a reorder request of +30 kg and increase the safety stock by 10% as an emergency buffer is appropriate given the high urgency level and disruption severity.;c24437c5eeade2c8f7cb448102a9eae367a4dc9cc76390e8aab892df5ad5f878;531;86;48.089.375.495.910.600;TRUE;FALSE;43
36;28/03/2026 15:00;farm;R4;normal;modify;0.0056;0.8;1;Given the current production capacity is below 60%, reducing outgoing orders to 80% of actual capacity will help maintain a stable flock operation and prevent potential disruptions. This adjustment aligns with the coordinating agent's instruction, taking into account our local operational constraints.;cot;llama3.1:8b;llama;Given the current production capacity is below 60%, reducing outgoing orders to 80% of actual capacity will help maintain a stable flock operation and prevent potential disruptions. This adjustment aligns with the coordinating agent's instruction, taking into account our local operational constraints.;012d34cb2db4a30393ab602530e427a646a937abede5cc3ef41dc786cd72c559;502;77;20.313.989.877.700.800;TRUE;FALSE;44
36;28/03/2026 15:00;slaughterhouse;R4;normal;modify;0.011;0.8;1;Given the current processing capacity is below threshold, reducing it to 80% as instructed by the coordinator will help prevent potential delays and maintain output stock levels within acceptable limits.;cot;llama3.1:8b;llama;Given the current processing capacity is below threshold, reducing it to 80% as instructed by the coordinator will help prevent potential delays and maintain output stock levels within acceptable limits.;1fc92340fe9f1bab05c58bf37b150211b4a1fd3c0c1f89e926503de30b7529c7;503;60;3.947.657.346.725.460;TRUE;FALSE;44
36;28/03/2026 15:00;retail;R4;normal;accept;0.011;1.0;1;Given the current retail inventory is above safety stock, but sales rate is high and increasing, it's prudent to accept the coordinator's instruction to add a reorder request of +20 kg to mitigate potential future shortages.;cot;llama3.1:8b;llama;Given the current retail inventory is above safety stock, but sales rate is high and increasing, it's prudent to accept the coordinator's instruction to add a reorder request of +20 kg to mitigate potential future shortages.;ddd2d55911c5cce3c4d6d652a55cce5744591cb7d55a59db3c9fbda6b71619a5;483;67;3.946.650.671.958.920;TRUE;FALSE;44
105;29/03/2026 08:15;wholesaler;R14;normal;modify;0.008;0.8;1;Given the current inventory level is below threshold, I will modify the reorder point to anticipate potential surge in orders from Retail. Raising the reorder point by 10% as instructed by the coordinator is a reasonable measure to mitigate potential stockouts.;cot;llama3.1:8b;llama;Given the current inventory level is below threshold, I will modify the reorder point to anticipate potential surge in orders from Retail. Raising the reorder point by 10% as instructed by the coordinator is a reasonable measure to mitigate potential stockouts.;d40c69e6030136ad9b1f76ba011f894f9ada9f5eafff301ddd9b757a1feee724;490;74;28.652.015.686.035.100;TRUE;FALSE;44
105;29/03/2026 08:15;retail;R14;normal;accept;0.0074;1.0;2;The current retail inventory is below the safety stock threshold, but not critically low. The sales rate is high, indicating a surge in demand. Given the coordinator's instruction to increase reorder request by +25 kg and update demand estimate by 10%, I accept this adjustment as it aligns with our operational constraints.;cot;llama3.1:8b;llama;The current retail inventory is below the safety stock threshold, but not critically low. The sales rate is high, indicating a surge in demand. Given the coordinator's instruction to increase reorder request by +25 kg and update demand estimate by 10%, I accept this adjustment as it aligns with our operational constraints.;5e610d9bb8ce34777a51acbfdcb641a88376be4e9635eba3520a513a73d93054;506;87;26.530.163.526.535.000;TRUE;FALSE;44
144;29/03/2026 18:00;wholesaler;R14;normal;modify;0.0065;0.85;1;Given the current inventory level is below threshold, I accept the instruction to increase reorder point by 10% as an anticipation of potential surge in reorders from Retail. This adjustment will help mitigate the risk of stockouts and ensure timely delivery of products.;cot;llama3.1:8b;llama;Given the current inventory level is below threshold, I accept the instruction to increase reorder point by 10% as an anticipation of potential surge in reorders from Retail. This adjustment will help mitigate the risk of stockouts and ensure timely delivery of products.;467f2fd11a70cd43a05875a412aaac80ac7dd50dbdf1ff26a4ee9dc671033b83;496;76;23.462.097.883.224.400;TRUE;FALSE;44
144;29/03/2026 18:00;retail;R14;normal;accept;0.0067;1.0;2;Given the current stockout flag is high, sales rate exceeds expected levels, and shortage duration has exceeded 2 hours, it's crucial to accept the coordinator's instruction to increase reorder request by +25 kg to prevent further disruptions.;cot;llama3.1:8b;llama;Given the current stockout flag is high, sales rate exceeds expected levels, and shortage duration has exceeded 2 hours, it's crucial to accept the coordinator's instruction to increase reorder request by +25 kg to prevent further disruptions.;4250432c56acdb3a25968f92c6360fb01f0d2a8d7e88cfc151883ac5cad308c3;522;71;24.033.222.675.323.400;TRUE;FALSE;44
216;30/03/2026 12:00;wholesaler;R14;normal;modify;0.0065;0.92;1;Given the current inventory level is below 30% capacity, I will modify the reorder point by 10% as instructed to anticipate potential surge in reorders from Retail. This adjustment will help prevent stockouts and ensure timely delivery of products.;cot;llama3.1:8b;llama;Given the current inventory level is below 30% capacity, I will modify the reorder point by 10% as instructed to anticipate potential surge in reorders from Retail. This adjustment will help prevent stockouts and ensure timely delivery of products.;febf22442b9b2bddc9cd6d3e9402ae8eecb7623e9e99bcdc389c1e4704dbc03c;510;74;2.357.515.048.980.710;TRUE;FALSE;44
216;30/03/2026 12:00;retail;R14;normal;modify;0.0073;0.8;2;Given the current stockout flag is active, high sales rate, and prolonged shortage duration, I need to adjust the reorder request to ensure timely replenishment. Increasing the order by +25 kg as instructed by the coordinator seems reasonable, but considering our local operational constraints, I'll modify the factor to 0.8 to account for potential delays in delivery.;cot;llama3.1:8b;llama;Given the current stockout flag is active, high sales rate, and prolonged shortage duration, I need to adjust the reorder request to ensure timely replenishment. Increasing the order by +25 kg as instructed by the coordinator seems reasonable, but considering our local operational constraints, I'll modify the factor to 0.8 to account for potential delays in delivery.;3a68307e017cac56b23c04acbd4c824899e7bdba37aaa2da2d0825a207e6c9c0;536;97;2.612.137.746.810.910;TRUE;FALSE;44
232;30/03/2026 16:00;slaughterhouse;R9;high;modify;0.007;0.85;1;Given the high urgency level of the disruption, I will modify our output stock to increase by 15% as instructed by the coordinator. However, considering our current processing capacity is below threshold and worker availability is low, I will adjust the factor slightly to ensure we don't overcommit resources.;cot;llama3.1:8b;llama;Given the high urgency level of the disruption, I will modify our output stock to increase by 15% as instructed by the coordinator. However, considering our current processing capacity is below threshold and worker availability is low, I will adjust the factor slightly to ensure we don't overcommit resources.;c23c9a5a7bb07ec84e83fa7d3022a69472650fee41fac27cd64bbda2fff1644f;510;84;25.286.000.728.607.100;TRUE;FALSE;44
232;30/03/2026 16:00;wholesaler;R9;high;modify;0.0083;0.92;2;Given the high urgency level of the disruption, I will modify my current inventory allocation to prioritize retail orders as instructed by the coordinator. This decision is based on the severity of the disruption and my local operational constraints, which indicate that we need to focus on critical retail shipments. By modifying our inventory allocation, we can ensure that these critical shipments are fulfilled while also minimizing losses due to cancelled non-priority shipments.;cot;llama3.1:8b;llama;Given the high urgency level of the disruption, I will modify my current inventory allocation to prioritize retail orders as instructed by the coordinator. This decision is based on the severity of the disruption and my local operational constraints, which indicate that we need to focus on critical retail shipments. By modifying our inventory allocation, we can ensure that these critical shipments are fulfilled while also minimizing losses due to cancelled non-priority shipments.;2b5184c754baadf3bbe5703e12ad6d708ffaeb60ec4364c0828ab21d9e452f84;539;107;29.930.257.081.985.400;TRUE;FALSE;44
232;30/03/2026 16:00;retail;R9;high;accept;0.007;1.0;2;Given the high urgency level of the disruption, the current stockout flag is 0, and the sales rate exceeds expected levels, it's crucial to accept the coordinator's instruction to increase reorder request by +30 kg as a buffer against potential future shortages.;cot;llama3.1:8b;llama;Given the high urgency level of the disruption, the current stockout flag is 0, and the sales rate exceeds expected levels, it's crucial to accept the coordinator's instruction to increase reorder request by +30 kg as a buffer against potential future shortages.;c2d2355a275579eb0a132e7ab4548c07def12dfce46d0f25b7e48a239a6b22bd;531;76;25.352.827.310.562.100;TRUE;FALSE;44
36;30/03/2026 15:00;farm;R4;normal;modify;0.0037;0.8;1;Given the current production capacity is below 60%, reducing outgoing orders to 80% of actual capacity will help maintain a stable flock operation and prevent potential disruptions. This adjustment aligns with the coordinating agent's instruction, taking into account our local operational constraints.;cot;llama3.1:8b;llama;Given the current production capacity is below 60%, reducing outgoing orders to 80% of actual capacity will help maintain a stable flock operation and prevent potential disruptions. This adjustment aligns with the coordinating agent's instruction, taking into account our local operational constraints.;012d34cb2db4a30393ab602530e427a646a937abede5cc3ef41dc786cd72c559;502;77;13.374.937.295.913.600;TRUE;FALSE;45
36;30/03/2026 15:00;slaughterhouse;R4;normal;modify;0.0061;0.8;1;Given the current processing capacity is below threshold, reducing it to 80% as instructed by the coordinator will help prevent potential delays and maintain output stock levels within acceptable limits.;cot;llama3.1:8b;llama;Given the current processing capacity is below threshold, reducing it to 80% as instructed by the coordinator will help prevent potential delays and maintain output stock levels within acceptable limits.;1fc92340fe9f1bab05c58bf37b150211b4a1fd3c0c1f89e926503de30b7529c7;503;60;22.099.357.843.399.000;TRUE;FALSE;45
36;30/03/2026 15:00;retail;R4;normal;accept;0.0061;1.0;1;Given the current retail inventory is above safety stock, but sales rate is high and increasing, it's prudent to accept the coordinator's instruction to add a reorder request of +20 kg to mitigate potential future shortages.;cot;llama3.1:8b;llama;Given the current retail inventory is above safety stock, but sales rate is high and increasing, it's prudent to accept the coordinator's instruction to add a reorder request of +20 kg to mitigate potential future shortages.;ddd2d55911c5cce3c4d6d652a55cce5744591cb7d55a59db3c9fbda6b71619a5;483;67;22.139.225.244.522.000;TRUE;FALSE;45
88;31/03/2026 04:00;farm;R12;high;modify;0.0078;0.85;2;Given the high urgency level of the disruption, I must adjust outgoing orders to match our current production capacity. Reducing orders by 25% will help prevent further strain on resources and allow us to maintain a stable flock. Additionally, increasing production capacity by 5% through intensified operations may be feasible considering our current mortality rate is within acceptable limits.;cot;llama3.1:8b;llama;Given the high urgency level of the disruption, I must adjust outgoing orders to match our current production capacity. Reducing orders by 25% will help prevent further strain on resources and allow us to maintain a stable flock. Additionally, increasing production capacity by 5% through intensified operations may be feasible considering our current mortality rate is within acceptable limits.;7aad0cdba1c1451b32c8c6edf71335100b23ffe4bccd088e008dab83066faabd;525;95;28.027.905.702.590.900;TRUE;FALSE;45
88;31/03/2026 04:00;wholesaler;R12;high;modify;0.0075;0.8;2;Given the high urgency level of the disruption, I will modify our distribution capacity to 85% as instructed by the coordinator. This adjustment will help optimize our supply chain and ensure timely delivery of broilers to customers. However, I will not immediately change the delivery schedule to 'rerouted' without further assessment of its impact on our local operations.;cot;llama3.1:8b;llama;Given the high urgency level of the disruption, I will modify our distribution capacity to 85% as instructed by the coordinator. This adjustment will help optimize our supply chain and ensure timely delivery of broilers to customers. However, I will not immediately change the delivery schedule to 'rerouted' without further assessment of its impact on our local operations.;942a2adf8ecc981ce7f0dd7a8a700f966ac924d283eec79985efb7fc00a54fe3;503;95;26.944.947.242.736.800;TRUE;FALSE;45
36;01/04/2026 15:00;farm;R4;normal;modify;0.0062;0.8;1;Given the current production capacity is below 60%, reducing outgoing orders to 80% of actual capacity will help prevent further strain on resources and maintain a stable flock operation.;cot;llama3.1:8b;llama;Given the current production capacity is below 60%, reducing outgoing orders to 80% of actual capacity will help prevent further strain on resources and maintain a stable flock operation.;012d34cb2db4a30393ab602530e427a646a937abede5cc3ef41dc786cd72c559;502;60;22.378.230.810.165.400;TRUE;FALSE;46
36;01/04/2026 15:00;slaughterhouse;R4;normal;modify;0.0035;0.8;1;Given the current processing capacity is below threshold, reducing it to 80% as instructed by the coordinator will help prevent potential delays and maintain output stock levels within acceptable limits.;cot;llama3.1:8b;llama;Given the current processing capacity is below threshold, reducing it to 80% as instructed by the coordinator will help prevent potential delays and maintain output stock levels within acceptable limits.;1fc92340fe9f1bab05c58bf37b150211b4a1fd3c0c1f89e926503de30b7529c7;503;60;12.725.217.819.213.800;TRUE;FALSE;46
36;01/04/2026 15:00;retail;R4;normal;accept;0.0037;1.0;1;The current retail inventory is above the safety stock threshold, but sales rate is high and increasing. Adding +20 kg to the reorder request will help mitigate potential future shortages due to the coordinator's signal of a potential disruption.;cot;llama3.1:8b;llama;The current retail inventory is above the safety stock threshold, but sales rate is high and increasing. Adding +20 kg to the reorder request will help mitigate potential future shortages due to the coordinator's signal of a potential disruption.;ddd2d55911c5cce3c4d6d652a55cce5744591cb7d55a59db3c9fbda6b71619a5;483;69;13.342.266.082.763.600;TRUE;FALSE;46
80;02/04/2026 02:00;wholesaler;R8;normal;modify;0.0069;0.8;2;The current inventory level is below the threshold, but not critically low. The incoming orders are above capacity, and the delivery schedule is normal. Modifying the delivery schedule to 'rerouted' will help mitigate potential disruptions and ensure timely delivery of critical shipments.;cot;llama3.1:8b;llama;The current inventory level is below the threshold, but not critically low. The incoming orders are above capacity, and the delivery schedule is normal. Modifying the delivery schedule to 'rerouted' will help mitigate potential disruptions and ensure timely delivery of critical shipments.;ad6bcf992c7ee5b9b01ec073725e0ade160e267730817f36ab226fb2badecfc6;506;77;24.767.956.972.122.100;TRUE;FALSE;46
80;02/04/2026 02:00;retail;R8;normal;modify;0.0071;0.8;1;Given the current retail inventory of 44.2 kg, which is above the safety stock threshold, and considering the coordinator's instruction to adjust demand_estimate to 95% due to potential disruption, I will modify the demand estimate to account for the anticipated delay without immediately triggering a stockout flag.;cot;llama3.1:8b;llama;Given the current retail inventory of 44.2 kg, which is above the safety stock threshold, and considering the coordinator's instruction to adjust demand_estimate to 95% due to potential disruption, I will modify the demand estimate to account for the anticipated delay without immediately triggering a stockout flag.;08a5cfb9483f3b0f846492f1f7d34667173f4e52c351a9786946327441d95a90;496;85;25.675.182.342.529.200;TRUE;FALSE;46
129;02/04/2026 14:15;slaughterhouse;R9;high;modify;0.0075;0.85;1;Given the high urgency level of the disruption, I will modify our output stock to increase by 15% as instructed by the coordinator. However, considering our current processing capacity is below threshold and worker availability is low, I will adjust the factor to 0.85 to ensure a more cautious approach.;cot;llama3.1:8b;llama;Given the high urgency level of the disruption, I will modify our output stock to increase by 15% as instructed by the coordinator. However, considering our current processing capacity is below threshold and worker availability is low, I will adjust the factor to 0.85 to ensure a more cautious approach.;5d3018f11b23f0763952ee02d56305f4b9e8cb83ba16984197ab65d33c6c490e;510;86;26.908.435.821.533.200;TRUE;FALSE;46
129;02/04/2026 14:15;wholesaler;R9;high;modify;0.0074;0.85;2;Given the high urgency level of the disruption, I will modify my current inventory allocation to prioritize retail orders as instructed by the coordinator. This decision is supported by our current low inventory levels and incoming orders exceeding capacity. By prioritizing retail orders, we can minimize stockouts and ensure critical customer needs are met.;cot;llama3.1:8b;llama;Given the high urgency level of the disruption, I will modify my current inventory allocation to prioritize retail orders as instructed by the coordinator. This decision is supported by our current low inventory levels and incoming orders exceeding capacity. By prioritizing retail orders, we can minimize stockouts and ensure critical customer needs are met.;6f547fa344998adbbea3e89f951c0bd051bebd54ed85bdd54935c018fccf1c2e;514;87;26.479.336.500.167.800;TRUE;FALSE;46
129;02/04/2026 14:15;retail;R9;high;accept;0.0075;1.0;2;The current retail inventory is below the safety stock threshold, and the sales rate has exceeded expectations by more than 50%. The coordinator's instruction to add a reorder request for +30 kg and increase the safety stock by 10% as an emergency buffer is appropriate given the high urgency level of the disruption.;cot;llama3.1:8b;llama;The current retail inventory is below the safety stock threshold, and the sales rate has exceeded expectations by more than 50%. The coordinator's instruction to add a reorder request for +30 kg and increase the safety stock by 10% as an emergency buffer is appropriate given the high urgency level of the disruption.;34d083d934e3bde9a61df2fb7e942f6fd74206920c19be6052efccccd534ff67;515;86;26.970.914.602.279.600;TRUE;FALSE;46
360;05/04/2026 00:00;slaughterhouse;R9;high;modify;0.0072;0.92;1;Given the high urgency level of the disruption, I will modify the output stock to meet the coordinator's instruction. However, considering our current processing capacity is below threshold and worker availability is low, I will adjust the factor slightly to ensure a more cautious approach.;cot;llama3.1:8b;llama;Given the high urgency level of the disruption, I will modify the output stock to meet the coordinator's instruction. However, considering our current processing capacity is below threshold and worker availability is low, I will adjust the factor slightly to ensure a more cautious approach.;893fa7a468d7c2c2679912dcb6fa8759351b5056665e19fef4f0de33a4f7c124;524;77;26.009.448.528.289.700;TRUE;FALSE;46
360;05/04/2026 00:00;wholesaler;R9;high;accept;0.007;1.0;2;Given the high urgency level of the disruption, prioritizing inventory for Retail is necessary to ensure critical orders are fulfilled. Canceling 50% of non-priority pending shipments will help focus resources on Retail's needs and prevent stockouts.;cot;llama3.1:8b;llama;Given the high urgency level of the disruption, prioritizing inventory for Retail is necessary to ensure critical orders are fulfilled. Canceling 50% of non-priority pending shipments will help focus resources on Retail's needs and prevent stockouts.;59d48249f2e320c65e7483ba227852a740ad8c9d7ab8cc0d8a550dad802e4d03;528;72;25.331.332.206.726.000;TRUE;FALSE;46
360;05/04/2026 00:00;retail;R9;high;accept;0.0068;1.0;2;Given the high urgency level of the disruption, our current stockout status, and the coordinator's instruction to increase safety stock as a buffer, I accept the request to reorder +30 kg immediately.;cot;llama3.1:8b;llama;Given the high urgency level of the disruption, our current stockout status, and the coordinator's instruction to increase safety stock as a buffer, I accept the request to reorder +30 kg immediately.;2d13a5485299ec5310fe48ac27b52ee58ec4a4f35fdd99d6f8b373d21258054b;529;64;245.006.685.256.958;TRUE;FALSE;46
36;03/04/2026 15:00;farm;R4;normal;modify;0.0053;0.8;1;Given the current production capacity is below 60%, reducing outgoing orders to 80% of actual capacity will help maintain a stable flock operation and prevent potential disruptions. This adjustment aligns with the coordinating agent's instruction, taking into account our local operational constraints.;cot;llama3.1:8b;llama;Given the current production capacity is below 60%, reducing outgoing orders to 80% of actual capacity will help maintain a stable flock operation and prevent potential disruptions. This adjustment aligns with the coordinating agent's instruction, taking into account our local operational constraints.;012d34cb2db4a30393ab602530e427a646a937abede5cc3ef41dc786cd72c559;502;77;1.908.900.475.502.010;TRUE;FALSE;47
36;03/04/2026 15:00;slaughterhouse;R4;normal;modify;0.0065;0.8;1;Given the current processing capacity is below threshold, reducing it to 80% as instructed by the coordinator will help prevent potential delays and maintain output stock levels within acceptable limits.;cot;llama3.1:8b;llama;Given the current processing capacity is below threshold, reducing it to 80% as instructed by the coordinator will help prevent potential delays and maintain output stock levels within acceptable limits.;1fc92340fe9f1bab05c58bf37b150211b4a1fd3c0c1f89e926503de30b7529c7;503;60;23.409.208.297.729.400;TRUE;FALSE;47
36;03/04/2026 15:00;retail;R4;normal;accept;0.0064;1.0;1;Given the current retail inventory is above safety stock, but sales rate is high and increasing, it's prudent to accept the coordinator's instruction to add a reorder request of +20 kg to mitigate potential future shortages.;cot;llama3.1:8b;llama;Given the current retail inventory is above safety stock, but sales rate is high and increasing, it's prudent to accept the coordinator's instruction to add a reorder request of +20 kg to mitigate potential future shortages.;ddd2d55911c5cce3c4d6d652a55cce5744591cb7d55a59db3c9fbda6b71619a5;483;67;23.027.499.437.332.100;TRUE;FALSE;47
88;04/04/2026 04:00;farm;R12;high;modify;0.0077;0.85;2;Given the high urgency level of the disruption, I must adjust outgoing orders to match our current production capacity. Reducing orders by 25% will help prevent further strain on resources and allow us to maintain a stable flock management. This adjustment should also enable us to increase production capacity by 5%, as instructed.;cot;llama3.1:8b;llama;Given the high urgency level of the disruption, I must adjust outgoing orders to match our current production capacity. Reducing orders by 25% will help prevent further strain on resources and allow us to maintain a stable flock management. This adjustment should also enable us to increase production capacity by 5%, as instructed.;6e272539e71e96dffacd777452d81b6816dc8d51421daa36cde8bd30bfbdf0fd;525;88;27.741.032.600.402.800;TRUE;FALSE;47
88;04/04/2026 04:00;wholesaler;R12;high;modify;0.0077;0.8;2;Given the high urgency level of the disruption, I will modify our distribution capacity to 85% as instructed by the coordinator. This adjustment will help optimize our supply chain and ensure timely delivery of broilers to customers. However, I will not immediately change the delivery schedule to 'rerouted' without further assessment of its impact on our local operations.;cot;llama3.1:8b;llama;Given the high urgency level of the disruption, I will modify our distribution capacity to 85% as instructed by the coordinator. This adjustment will help optimize our supply chain and ensure timely delivery of broilers to customers. However, I will not immediately change the delivery schedule to 'rerouted' without further assessment of its impact on our local operations.;942a2adf8ecc981ce7f0dd7a8a700f966ac924d283eec79985efb7fc00a54fe3;503;95;2.758.349.895.477.290;TRUE;FALSE;47
324;06/04/2026 15:00;slaughterhouse;R9;high;modify;0.0076;0.85;1;Given the high urgency level of the disruption, I will modify our current processing schedule to increase output stock by 15% as instructed by the coordinator. However, considering our current low worker availability and slight delay in processing, I will adjust this modification to ensure we don't exacerbate these issues.;cot;llama3.1:8b;llama;Given the high urgency level of the disruption, I will modify our current processing schedule to increase output stock by 15% as instructed by the coordinator. However, considering our current low worker availability and slight delay in processing, I will adjust this modification to ensure we don't exacerbate these issues.;482a840a3951abd51ea2976a5debfafab48f5b2c936482ada6896728d3f17031;510;85;27.203.065.633.773.800;TRUE;FALSE;47
324;06/04/2026 15:00;wholesaler;R9;high;modify;0.0071;0.85;2;Given the high urgency level of the disruption, I will modify our current inventory allocation to prioritize retail orders as instructed by the coordinator. This decision takes into account our low inventory levels and delayed delivery schedule, ensuring we meet critical retail demands while minimizing losses.;cot;llama3.1:8b;llama;Given the high urgency level of the disruption, I will modify our current inventory allocation to prioritize retail orders as instructed by the coordinator. This decision takes into account our low inventory levels and delayed delivery schedule, ensuring we meet critical retail demands while minimizing losses.;902253c0eabdaade127686bd8bd5c71527c27bf9163d1c09e9be6e843f279010;511;76;25.641.897.678.375.200;TRUE;FALSE;47
324;06/04/2026 15:00;retail;R9;high;accept;0.0078;1.0;2;The current retail status indicates a severe stockout situation, with inventory at 0 kg and sales rate exceeding expected levels by 150%. The coordinator's instruction to add 30 kg to the reorder request and increase safety stock by 10% as an emergency buffer is appropriate given the high urgency level of the disruption triggered by Rule R9.;cot;llama3.1:8b;llama;The current retail status indicates a severe stockout situation, with inventory at 0 kg and sales rate exceeding expected levels by 150%. The coordinator's instruction to add 30 kg to the reorder request and increase safety stock by 10% as an emergency buffer is appropriate given the high urgency level of the disruption triggered by Rule R9.;f65708ebec9ffb877f3d9466a4ac9e4d8bb0e4811892a771edcc1ba3655c2bf2;501;93;2.804.857.301.712.030;TRUE;FALSE;47
36;05/04/2026 15:00;farm;R4;normal;modify;0.0064;0.8;1;Given the current production capacity is below 60%, reducing outgoing orders to 80% of actual capacity will help prevent further strain on resources and maintain a stable flock operation.;cot;llama3.1:8b;llama;Given the current production capacity is below 60%, reducing outgoing orders to 80% of actual capacity will help prevent further strain on resources and maintain a stable flock operation.;012d34cb2db4a30393ab602530e427a646a937abede5cc3ef41dc786cd72c559;502;60;23.101.438.760.757.400;TRUE;FALSE;48
36;05/04/2026 15:00;slaughterhouse;R4;normal;modify;0.0066;0.8;1;Given the current processing capacity is below threshold, reducing it to 80% as instructed by the coordinator will help prevent potential delays and maintain output stock levels within acceptable limits.;cot;llama3.1:8b;llama;Given the current processing capacity is below threshold, reducing it to 80% as instructed by the coordinator will help prevent potential delays and maintain output stock levels within acceptable limits.;1fc92340fe9f1bab05c58bf37b150211b4a1fd3c0c1f89e926503de30b7529c7;503;60;23.698.770.999.908.400;TRUE;FALSE;48
36;05/04/2026 15:00;retail;R4;normal;accept;0.0066;1.0;1;Given the current retail inventory is above safety stock, but sales rate is high and increasing, it's prudent to accept the coordinator's instruction to add a reorder request of +20 kg to mitigate potential future shortages.;cot;llama3.1:8b;llama;Given the current retail inventory is above safety stock, but sales rate is high and increasing, it's prudent to accept the coordinator's instruction to add a reorder request of +20 kg to mitigate potential future shortages.;ddd2d55911c5cce3c4d6d652a55cce5744591cb7d55a59db3c9fbda6b71619a5;483;67;23.870.394.706.726.000;TRUE;FALSE;48
88;06/04/2026 04:00;farm;R12;high;modify;0.0079;0.85;2;Given the high urgency level of the disruption, I must adjust outgoing orders to match our current production capacity. Reducing orders by 25% will help prevent further strain on resources and allow us to maintain a stable flock management. This adjustment should also enable us to increase production capacity by 5%, as instructed.;cot;llama3.1:8b;llama;Given the high urgency level of the disruption, I must adjust outgoing orders to match our current production capacity. Reducing orders by 25% will help prevent further strain on resources and allow us to maintain a stable flock management. This adjustment should also enable us to increase production capacity by 5%, as instructed.;5267afe867b62c906f399b0538ad1dd9ee37a98b4c8651407165edc9a3810428;525;88;2.842.042.374.610.900;TRUE;FALSE;48
88;06/04/2026 04:00;wholesaler;R12;high;modify;0.008;0.8;2;Given the high urgency level of the disruption, I will modify our distribution capacity to 85% as instructed by the coordinator. This adjustment will help optimize our supply chain and ensure timely delivery of broilers to customers. However, I will not immediately change the delivery schedule to 'rerouted' without further assessment of its impact on our local operations.;cot;llama3.1:8b;llama;Given the high urgency level of the disruption, I will modify our distribution capacity to 85% as instructed by the coordinator. This adjustment will help optimize our supply chain and ensure timely delivery of broilers to customers. However, I will not immediately change the delivery schedule to 'rerouted' without further assessment of its impact on our local operations.;942a2adf8ecc981ce7f0dd7a8a700f966ac924d283eec79985efb7fc00a54fe3;503;95;28.953.777.551.651;TRUE;FALSE;48
324;08/04/2026 15:00;slaughterhouse;R9;high;modify;0.0077;0.85;1;Given the high urgency level of the disruption, I will modify our current processing schedule to increase output stock by 15% as instructed by the coordinator. However, considering our current low worker availability and slight delay in processing, I will adjust this increment to ensure a more balanced operation.;cot;llama3.1:8b;llama;Given the high urgency level of the disruption, I will modify our current processing schedule to increase output stock by 15% as instructed by the coordinator. However, considering our current low worker availability and slight delay in processing, I will adjust this increment to ensure a more balanced operation.;44031823b75832d3a138fcf8cdfe922ce8efd6d3c6b3f62ede8a273035d8eeb3;510;82;27.716.039.180.755.600;TRUE;FALSE;48
324;08/04/2026 15:00;wholesaler;R9;high;modify;0.0084;0.85;2;Given the high urgency level of the disruption, I will modify my current inventory allocation to prioritize retail orders as instructed by the coordinator. This decision is supported by our current low inventory levels and delayed delivery schedule, which necessitate a focus on critical retail shipments. By modifying our existing shipment priorities, we can ensure that essential retail customers receive their broiler supplies in a timely manner.;cot;llama3.1:8b;llama;Given the high urgency level of the disruption, I will modify my current inventory allocation to prioritize retail orders as instructed by the coordinator. This decision is supported by our current low inventory levels and delayed delivery schedule, which necessitate a focus on critical retail shipments. By modifying our existing shipment priorities, we can ensure that essential retail customers receive their broiler supplies in a timely manner.;bd9ca9facb26226f0ea0b452a0e188840d341e075176454f1092c002cb10057a;511;101;30.256.591.796.875;TRUE;FALSE;48
324;08/04/2026 15:00;retail;R9;high;accept;0.0081;1.0;2;The current retail status indicates a severe stockout situation, with inventory at 0 kg and sales rate exceeding expected levels by 150%. The coordinator's instruction to add 30 kg to the reorder request and increase safety stock by 10% as an emergency buffer is appropriate given the high urgency level of the disruption triggered by Rule R9.;cot;llama3.1:8b;llama;The current retail status indicates a severe stockout situation, with inventory at 0 kg and sales rate exceeding expected levels by 150%. The coordinator's instruction to add 30 kg to the reorder request and increase safety stock by 10% as an emergency buffer is appropriate given the high urgency level of the disruption triggered by Rule R9.;f65708ebec9ffb877f3d9466a4ac9e4d8bb0e4811892a771edcc1ba3655c2bf2;501;93;29.046.093.702.316.200;TRUE;FALSE;48
36;07/04/2026 15:00;farm;R4;normal;modify;0.0067;0.8;1;Given the current production capacity is below 60%, reducing outgoing orders to 80% of actual capacity will help prevent further strain on resources and maintain a stable flock operation.;cot;llama3.1:8b;llama;Given the current production capacity is below 60%, reducing outgoing orders to 80% of actual capacity will help prevent further strain on resources and maintain a stable flock operation.;012d34cb2db4a30393ab602530e427a646a937abede5cc3ef41dc786cd72c559;502;60;23.968.583.583.831.700;TRUE;FALSE;49
36;07/04/2026 15:00;slaughterhouse;R4;normal;modify;0.0068;0.8;1;Given the current processing capacity is below threshold, reducing it to 80% as instructed by the coordinator will help prevent potential delays and maintain output stock levels within acceptable limits.;cot;llama3.1:8b;llama;Given the current processing capacity is below threshold, reducing it to 80% as instructed by the coordinator will help prevent potential delays and maintain output stock levels within acceptable limits.;1fc92340fe9f1bab05c58bf37b150211b4a1fd3c0c1f89e926503de30b7529c7;503;60;24.483.372.926.712.000;TRUE;FALSE;49
36;07/04/2026 15:00;retail;R4;normal;accept;0.0069;1.0;1;Given the current retail inventory is above safety stock, but sales rate is high and increasing, it's prudent to accept the coordinator's instruction to add a reorder request of +20 kg to mitigate potential future shortages.;cot;llama3.1:8b;llama;Given the current retail inventory is above safety stock, but sales rate is high and increasing, it's prudent to accept the coordinator's instruction to add a reorder request of +20 kg to mitigate potential future shortages.;ddd2d55911c5cce3c4d6d652a55cce5744591cb7d55a59db3c9fbda6b71619a5;483;67;24.673.880.100.250.200;TRUE;FALSE;49
88;08/04/2026 04:00;farm;R12;high;modify;0.0082;0.85;2;Given the high urgency level of the disruption, I must adjust outgoing orders to match our current production capacity. Reducing orders by 25% will help prevent further strain on resources and allow us to maintain a stable flock management. This adjustment should also enable us to increase production capacity by 5%, as instructed.;cot;llama3.1:8b;llama;Given the high urgency level of the disruption, I must adjust outgoing orders to match our current production capacity. Reducing orders by 25% will help prevent further strain on resources and allow us to maintain a stable flock management. This adjustment should also enable us to increase production capacity by 5%, as instructed.;e2bc598e2ad5eb007e740cc3503a15bcf6aeaadf897a3b2d779e8cf0752a5509;525;88;29.557.761.907.577.500;TRUE;FALSE;49
88;08/04/2026 04:00;wholesaler;R12;high;modify;0.0082;0.8;2;Given the high urgency level of the disruption, I will modify our distribution capacity to 85% as instructed by the coordinator. This adjustment will help optimize our supply chain and ensure timely delivery of broilers to customers. However, I will not immediately change the delivery schedule to 'rerouted' without further assessment of its impact on our local operations.;cot;llama3.1:8b;llama;Given the high urgency level of the disruption, I will modify our distribution capacity to 85% as instructed by the coordinator. This adjustment will help optimize our supply chain and ensure timely delivery of broilers to customers. However, I will not immediately change the delivery schedule to 'rerouted' without further assessment of its impact on our local operations.;942a2adf8ecc981ce7f0dd7a8a700f966ac924d283eec79985efb7fc00a54fe3;503;95;2.960.037.064.552.300;TRUE;FALSE;49
36;09/04/2026 15:00;farm;R4;normal;modify;0.0068;0.8;1;Given the current production capacity is below 60%, reducing outgoing orders to 80% of actual capacity will help prevent further strain on resources and maintain a stable flock operation.;cot;llama3.1:8b;llama;Given the current production capacity is below 60%, reducing outgoing orders to 80% of actual capacity will help prevent further strain on resources and maintain a stable flock operation.;012d34cb2db4a30393ab602530e427a646a937abede5cc3ef41dc786cd72c559;502;60;24.375.871.181.488.000;TRUE;FALSE;50
36;09/04/2026 15:00;slaughterhouse;R4;normal;modify;0.0033;0.8;1;Given the current processing capacity is below threshold, reducing it to 80% as instructed by the coordinator will help prevent potential delays and maintain output stock levels within acceptable limits.;cot;llama3.1:8b;llama;Given the current processing capacity is below threshold, reducing it to 80% as instructed by the coordinator will help prevent potential delays and maintain output stock levels within acceptable limits.;1fc92340fe9f1bab05c58bf37b150211b4a1fd3c0c1f89e926503de30b7529c7;503;60;1.178.640.079.498.290;TRUE;FALSE;50
36;09/04/2026 15:00;retail;R4;normal;accept;0.0037;1.0;1;The current retail inventory is above the safety stock threshold, but sales rate is high and increasing. Adding +20 kg to the reorder request will help mitigate potential future shortages due to the coordinator's signal of a potential disruption.;cot;llama3.1:8b;llama;The current retail inventory is above the safety stock threshold, but sales rate is high and increasing. Adding +20 kg to the reorder request will help mitigate potential future shortages due to the coordinator's signal of a potential disruption.;ddd2d55911c5cce3c4d6d652a55cce5744591cb7d55a59db3c9fbda6b71619a5;483;69;13.311.269.760.131.800;TRUE;FALSE;50
80;10/04/2026 02:00;wholesaler;R8;normal;modify;0.0077;0.8;2;The current inventory level is below the threshold, but not critically low. The incoming orders are above capacity, and the delivery schedule is normal. Modifying the delivery schedule to 'rerouted' will help mitigate potential disruptions and ensure timely delivery of critical shipments.;cot;llama3.1:8b;llama;The current inventory level is below the threshold, but not critically low. The incoming orders are above capacity, and the delivery schedule is normal. Modifying the delivery schedule to 'rerouted' will help mitigate potential disruptions and ensure timely delivery of critical shipments.;ad6bcf992c7ee5b9b01ec073725e0ade160e267730817f36ab226fb2badecfc6;506;77;27.889.817.237.854.000;TRUE;FALSE;50
80;10/04/2026 02:00;retail;R8;normal;modify;0.008;0.8;1;Given the current retail inventory of 44.2 kg, which is above the safety stock threshold, and considering the coordinator's instruction to adjust demand_estimate to 95% due to potential disruption, I will modify the demand estimate to account for the anticipated delay without immediately triggering a stockout flag.;cot;llama3.1:8b;llama;Given the current retail inventory of 44.2 kg, which is above the safety stock threshold, and considering the coordinator's instruction to adjust demand_estimate to 95% due to potential disruption, I will modify the demand estimate to account for the anticipated delay without immediately triggering a stockout flag.;08a5cfb9483f3b0f846492f1f7d34667173f4e52c351a9786946327441d95a90;496;85;28.798.097.372.055.000;TRUE;FALSE;50
108;10/04/2026 09:00;farm;R12;high;modify;0.0078;0.85;2;Given the high urgency level of the disruption, I must adjust outgoing orders to match our current production capacity. Reducing orders by 25% will help prevent overstocking and maintain a stable supply chain. Additionally, increasing production capacity by 5% through intensification is feasible considering our current mortality rate and disease alert status.;cot;llama3.1:8b;llama;Given the high urgency level of the disruption, I must adjust outgoing orders to match our current production capacity. Reducing orders by 25% will help prevent overstocking and maintain a stable supply chain. Additionally, increasing production capacity by 5% through intensification is feasible considering our current mortality rate and disease alert status.;7a480d51495381720c3ffa35c40a308e490e64b0f904862afac2f578737f8f19;527;91;28.038.583.993.911.700;TRUE;FALSE;50
108;10/04/2026 09:00;wholesaler;R12;high;modify;0.0096;0.85;2;Given the high urgency level of the disruption, I will adjust our distribution capacity to 85% as instructed by the coordinator. This adjustment is necessary to optimize our response to the disruption and ensure that we can meet the increased demand for broiler distribution in East Java. By modifying our capacity, we can better align with the available supply from Farm and reroute deliveries accordingly.;cot;llama3.1:8b;llama;Given the high urgency level of the disruption, I will adjust our distribution capacity to 85% as instructed by the coordinator. This adjustment is necessary to optimize our response to the disruption and ensure that we can meet the increased demand for broiler distribution in East Java. By modifying our capacity, we can better align with the available supply from Farm and reroute deliveries accordingly.;03b59bae30bd4a8783b8b474ed0106e2832d3b73f40817313bdad611135f25ad;512;100;3.458.832.287.788.390;TRUE;FALSE;50
36;11/04/2026 15:00;farm;R4;normal;modify;0.0067;0.8;1;Given the current production capacity is below 60%, reducing outgoing orders to 80% of actual capacity will help maintain a stable flock management and prevent potential disruptions. This adjustment aligns with the coordinator's instruction, taking into account our local operational constraints.;cot;llama3.1:8b;llama;Given the current production capacity is below 60%, reducing outgoing orders to 80% of actual capacity will help maintain a stable flock management and prevent potential disruptions. This adjustment aligns with the coordinator's instruction, taking into account our local operational constraints.;012d34cb2db4a30393ab602530e427a646a937abede5cc3ef41dc786cd72c559;502;76;24.275.741.577.148.400;TRUE;FALSE;51
36;11/04/2026 15:00;slaughterhouse;R4;normal;modify;0.004;0.8;1;Given the current processing capacity is below threshold, reducing it to 80% as instructed by the coordinator will help prevent potential delays and maintain output stock levels within acceptable limits.;cot;llama3.1:8b;llama;Given the current processing capacity is below threshold, reducing it to 80% as instructed by the coordinator will help prevent potential delays and maintain output stock levels within acceptable limits.;1fc92340fe9f1bab05c58bf37b150211b4a1fd3c0c1f89e926503de30b7529c7;503;60;14.547.881.603.240.900;TRUE;FALSE;51
36;11/04/2026 15:00;retail;R4;normal;accept;0.0073;1.0;1;Given the current retail inventory is above safety stock, but sales rate is high and increasing, it's prudent to accept the coordinator's instruction to add a reorder request of +20 kg to mitigate potential future shortages.;cot;llama3.1:8b;llama;Given the current retail inventory is above safety stock, but sales rate is high and increasing, it's prudent to accept the coordinator's instruction to add a reorder request of +20 kg to mitigate potential future shortages.;ddd2d55911c5cce3c4d6d652a55cce5744591cb7d55a59db3c9fbda6b71619a5;483;67;26.349.199.533.462.500;TRUE;FALSE;51
88;12/04/2026 04:00;farm;R12;high;modify;0.0088;0.85;2;Given the high urgency level of the disruption, I must adjust outgoing orders to match our current production capacity. Reducing orders by 25% will help prevent further strain on resources and allow us to maintain a stable flock. Additionally, increasing production capacity by 5% through intensified operations is feasible considering our current mortality rate.;cot;llama3.1:8b;llama;Given the high urgency level of the disruption, I must adjust outgoing orders to match our current production capacity. Reducing orders by 25% will help prevent further strain on resources and allow us to maintain a stable flock. Additionally, increasing production capacity by 5% through intensified operations is feasible considering our current mortality rate.;fc2bd6f1332f7455b363eb9358fc1a1c009ffb0e5d6de8d468402e05093066ac;525;90;3.175.460.171.699.520;TRUE;FALSE;51
88;12/04/2026 04:00;wholesaler;R12;high;modify;0.0087;0.8;2;Given the high urgency level of the disruption, I will modify our distribution capacity to 85% as instructed by the coordinator. This adjustment will help optimize our supply chain and ensure timely delivery of broilers to customers. However, I will not immediately change the delivery schedule to 'rerouted' without further assessment of its impact on our local operations.;cot;llama3.1:8b;llama;Given the high urgency level of the disruption, I will modify our distribution capacity to 85% as instructed by the coordinator. This adjustment will help optimize our supply chain and ensure timely delivery of broilers to customers. However, I will not immediately change the delivery schedule to 'rerouted' without further assessment of its impact on our local operations.;942a2adf8ecc981ce7f0dd7a8a700f966ac924d283eec79985efb7fc00a54fe3;503;95;31.325.443.506.240.800;TRUE;FALSE;51
324;14/04/2026 15:00;slaughterhouse;R9;high;modify;0.0087;0.85;1;Given the high urgency level of the disruption, I will modify our current processing schedule to increase output stock by 15% as instructed by the coordinator. However, considering our current low worker availability and equipment status being down, I must adjust the factor slightly to ensure we can still meet the increased demand without compromising our operational capacity.;cot;llama3.1:8b;llama;Given the high urgency level of the disruption, I will modify our current processing schedule to increase output stock by 15% as instructed by the coordinator. However, considering our current low worker availability and equipment status being down, I must adjust the factor slightly to ensure we can still meet the increased demand without compromising our operational capacity.;8845ce1dbd28ff2bf5dd77f1928299de1c8a8423eaa8f3ff8817ab76bfc743e3;510;91;3.138.984.704.017.630;TRUE;FALSE;51
324;14/04/2026 15:00;wholesaler;R9;high;modify;0.0083;0.85;2;Given the high urgency level of the disruption, I must prioritize inventory allocation to Retail as instructed by the Coordinating Agent. However, considering our current low inventory levels and incoming orders exceeding capacity, a modification is necessary to ensure we meet critical Retail demands without compromising on other non-priority shipments.;cot;llama3.1:8b;llama;Given the high urgency level of the disruption, I must prioritize inventory allocation to Retail as instructed by the Coordinating Agent. However, considering our current low inventory levels and incoming orders exceeding capacity, a modification is necessary to ensure we meet critical Retail demands without compromising on other non-priority shipments.;dbc3f9d9dad9845c3ca9afcf68a5531f47b343a2a033971b5475a2d0d4e22d8c;512;85;30.005.322.217.941.200;TRUE;FALSE;51
324;14/04/2026 15:00;retail;R9;high;accept;0.0087;1.0;2;The current retail status indicates a severe stockout situation, with inventory at 0 kg and sales rate exceeding expected levels by 150%. The coordinator's instruction to add 30 kg to the reorder request and increase safety stock by 10% as an emergency buffer is appropriate given the high urgency level of the disruption triggered by Rule R9.;cot;llama3.1:8b;llama;The current retail status indicates a severe stockout situation, with inventory at 0 kg and sales rate exceeding expected levels by 150%. The coordinator's instruction to add 30 kg to the reorder request and increase safety stock by 10% as an emergency buffer is appropriate given the high urgency level of the disruption triggered by Rule R9.;f65708ebec9ffb877f3d9466a4ac9e4d8bb0e4811892a771edcc1ba3655c2bf2;501;93;31.254.764.080.047.600;TRUE;FALSE;51
36;13/04/2026 15:00;farm;R4;normal;modify;0.0071;0.8;1;Given the current production capacity is below 60%, reducing outgoing orders to 80% of actual capacity will help prevent further strain on resources and maintain a stable flock operation.;cot;llama3.1:8b;llama;Given the current production capacity is below 60%, reducing outgoing orders to 80% of actual capacity will help prevent further strain on resources and maintain a stable flock operation.;012d34cb2db4a30393ab602530e427a646a937abede5cc3ef41dc786cd72c559;502;60;25.429.340.362.548.800;TRUE;FALSE;52
36;13/04/2026 15:00;slaughterhouse;R4;normal;modify;0.0073;0.8;1;Given the current processing capacity is below threshold, reducing it to 80% as instructed by the coordinator will help prevent potential delays and maintain output stock levels within acceptable limits.;cot;llama3.1:8b;llama;Given the current processing capacity is below threshold, reducing it to 80% as instructed by the coordinator will help prevent potential delays and maintain output stock levels within acceptable limits.;1fc92340fe9f1bab05c58bf37b150211b4a1fd3c0c1f89e926503de30b7529c7;503;60;2.626.520.586.013.790;TRUE;FALSE;52
36;13/04/2026 15:00;retail;R4;normal;accept;0.0073;1.0;1;Given the current retail inventory is above safety stock, but sales rate is high and increasing, it's prudent to accept the coordinator's instruction to add a reorder request of +20 kg to mitigate potential future shortages.;cot;llama3.1:8b;llama;Given the current retail inventory is above safety stock, but sales rate is high and increasing, it's prudent to accept the coordinator's instruction to add a reorder request of +20 kg to mitigate potential future shortages.;ddd2d55911c5cce3c4d6d652a55cce5744591cb7d55a59db3c9fbda6b71619a5;483;67;2.613.160.514.831.540;TRUE;FALSE;52
88;14/04/2026 04:00;farm;R12;high;modify;0.009;0.85;2;Given the high urgency level of the disruption, I must adjust outgoing orders to match our current production capacity. Reducing orders by 25% will help prevent further strain on resources and allow us to maintain a stable flock. Additionally, increasing production capacity by 5% through intensified operations may be feasible considering our current mortality rate is within acceptable limits.;cot;llama3.1:8b;llama;Given the high urgency level of the disruption, I must adjust outgoing orders to match our current production capacity. Reducing orders by 25% will help prevent further strain on resources and allow us to maintain a stable flock. Additionally, increasing production capacity by 5% through intensified operations may be feasible considering our current mortality rate is within acceptable limits.;1f9007576e7c08a5c3187cd49f18e7c39ce485f2da64ca3bbda8b81b07fd76e2;525;95;3.246.520.686.149.590;TRUE;FALSE;52
88;14/04/2026 04:00;wholesaler;R12;high;modify;0.0087;0.8;2;Given the high urgency level of the disruption, I will modify our distribution capacity to 85% as instructed by the coordinator. This adjustment will help optimize our supply chain and ensure timely delivery of broilers to customers. However, I will not immediately change the delivery schedule to 'rerouted' without further assessment of its impact on our local operations.;cot;llama3.1:8b;llama;Given the high urgency level of the disruption, I will modify our distribution capacity to 85% as instructed by the coordinator. This adjustment will help optimize our supply chain and ensure timely delivery of broilers to customers. However, I will not immediately change the delivery schedule to 'rerouted' without further assessment of its impact on our local operations.;942a2adf8ecc981ce7f0dd7a8a700f966ac924d283eec79985efb7fc00a54fe3;503;95;31.300.356.149.673.400;TRUE;FALSE;52
324;16/04/2026 15:00;slaughterhouse;R9;high;modify;0.0082;0.85;1;Given the high urgency level of the disruption, I will modify our current processing schedule to increase output stock by 15% as instructed by the coordinator. However, considering our current low worker availability and partial equipment status, I must adjust the factor to ensure a more cautious approach.;cot;llama3.1:8b;llama;Given the high urgency level of the disruption, I will modify our current processing schedule to increase output stock by 15% as instructed by the coordinator. However, considering our current low worker availability and partial equipment status, I must adjust the factor to ensure a more cautious approach.;1663eb3ff78866aa66e65edd1c1c1753133b879b5f2f0116fc1f20a8265cbe42;508;81;29.438.292.264.938.300;TRUE;FALSE;52
324;16/04/2026 15:00;wholesaler;R9;high;modify;0.0084;0.85;2;Given the high urgency level of the disruption, I must prioritize inventory allocation to Retail as instructed by the Coordinating Agent. However, considering our current low inventory levels and incoming orders exceeding capacity, a modification is necessary to ensure we meet critical Retail demands without compromising on other non-priority shipments.;cot;llama3.1:8b;llama;Given the high urgency level of the disruption, I must prioritize inventory allocation to Retail as instructed by the Coordinating Agent. However, considering our current low inventory levels and incoming orders exceeding capacity, a modification is necessary to ensure we meet critical Retail demands without compromising on other non-priority shipments.;dbc3f9d9dad9845c3ca9afcf68a5531f47b343a2a033971b5475a2d0d4e22d8c;512;85;30.182.149.410.247.800;TRUE;FALSE;52
324;16/04/2026 15:00;retail;R9;high;accept;0.0086;1.0;2;The current retail status indicates a severe stockout situation, with inventory at 0 kg and sales rate exceeding expected levels by 150%. The coordinator's instruction to add 30 kg to the reorder request and increase safety stock by 10% as an emergency buffer is appropriate given the high urgency level of the disruption triggered by Rule R9.;cot;llama3.1:8b;llama;The current retail status indicates a severe stockout situation, with inventory at 0 kg and sales rate exceeding expected levels by 150%. The coordinator's instruction to add 30 kg to the reorder request and increase safety stock by 10% as an emergency buffer is appropriate given the high urgency level of the disruption triggered by Rule R9.;f65708ebec9ffb877f3d9466a4ac9e4d8bb0e4811892a771edcc1ba3655c2bf2;501;93;31.096.763.849.258.400;TRUE;FALSE;52
36;15/04/2026 15:00;farm;R4;normal;modify;0.0071;0.8;1;Given the current production capacity is below 60%, reducing outgoing orders to 80% of actual capacity will help prevent further strain on resources and maintain a stable flock operation.;cot;llama3.1:8b;llama;Given the current production capacity is below 60%, reducing outgoing orders to 80% of actual capacity will help prevent further strain on resources and maintain a stable flock operation.;012d34cb2db4a30393ab602530e427a646a937abede5cc3ef41dc786cd72c559;502;60;2.563.225.483.894.340;TRUE;FALSE;53
36;15/04/2026 15:00;slaughterhouse;R4;normal;modify;0.0074;0.8;1;Given the current processing capacity is below threshold, reducing it to 80% as instructed by the coordinator will help prevent potential delays and maintain output stock levels within acceptable limits.;cot;llama3.1:8b;llama;Given the current processing capacity is below threshold, reducing it to 80% as instructed by the coordinator will help prevent potential delays and maintain output stock levels within acceptable limits.;1fc92340fe9f1bab05c58bf37b150211b4a1fd3c0c1f89e926503de30b7529c7;503;60;26.499.998.331.069.900;TRUE;FALSE;53
36;15/04/2026 15:00;retail;R4;normal;accept;0.0073;1.0;1;Given the current retail inventory is above safety stock, but sales rate is high and increasing, it's prudent to accept the coordinator's instruction to add a reorder request of +20 kg to mitigate potential future shortages.;cot;llama3.1:8b;llama;Given the current retail inventory is above safety stock, but sales rate is high and increasing, it's prudent to accept the coordinator's instruction to add a reorder request of +20 kg to mitigate potential future shortages.;ddd2d55911c5cce3c4d6d652a55cce5744591cb7d55a59db3c9fbda6b71619a5;483;67;26.335.410.833.358.700;TRUE;FALSE;53
88;16/04/2026 04:00;wholesaler;R8;normal;modify;0.0081;0.8;2;The current inventory level is below the threshold, but not critically low. The incoming orders are above capacity, and the delivery schedule is normal. Given the coordinator's instruction to reroute shipments and reduce pending shipments by 15%, I will modify my decision to accept these changes.;cot;llama3.1:8b;llama;The current inventory level is below the threshold, but not critically low. The incoming orders are above capacity, and the delivery schedule is normal. Given the coordinator's instruction to reroute shipments and reduce pending shipments by 15%, I will modify my decision to accept these changes.;fd5a4992d77a3595939c4a912b71db67266ab9e72b8e2dd4ca333b0338c453d6;506;81;2.907.253.408.432.000;TRUE;FALSE;53
88;16/04/2026 04:00;retail;R8;normal;modify;0.0082;0.8;1;Given the current retail inventory of 37.71 kg, which is above the safety stock threshold, and considering the coordinator's instruction to adjust demand_estimate to 95% due to potential disruption, I will modify the demand estimate to account for the expected delay without immediately triggering a stockout flag.;cot;llama3.1:8b;llama;Given the current retail inventory of 37.71 kg, which is above the safety stock threshold, and considering the coordinator's instruction to adjust demand_estimate to 95% due to potential disruption, I will modify the demand estimate to account for the expected delay without immediately triggering a stockout flag.;00e193fe1b0dc8acdce6f9b21ccd2580809de8723aff2f04f9b38d8c94f44b3f;496;85;29.400.434.494.018.500;TRUE;FALSE;53
111;16/04/2026 09:45;slaughterhouse;R9;high;modify;0.0084;0.85;1;Given the high urgency level of the disruption, I will modify our output stock to increase by 15% as instructed by the coordinator. However, considering our current operational constraints, such as low worker availability and near-maximum processing capacity, I will adjust the factor slightly to ensure a more cautious approach.;cot;llama3.1:8b;llama;Given the high urgency level of the disruption, I will modify our output stock to increase by 15% as instructed by the coordinator. However, considering our current operational constraints, such as low worker availability and near-maximum processing capacity, I will adjust the factor slightly to ensure a more cautious approach.;65da64d17da08deb14b5ccb8e0648da04aa5a8481dd7b0ad12d208650ccfdb58;508;86;30.297.531.843.185.400;TRUE;FALSE;53
111;16/04/2026 09:45;wholesaler;R9;high;modify;0.0086;0.85;2;Given the high urgency level of the disruption, I will modify my current inventory allocation to prioritize retail orders as instructed by the coordinator. This decision takes into account our current low inventory levels and the need to focus on critical retail shipments. By modifying our existing shipment schedule, we can ensure that essential products reach their destinations promptly.;cot;llama3.1:8b;llama;Given the high urgency level of the disruption, I will modify my current inventory allocation to prioritize retail orders as instructed by the coordinator. This decision takes into account our current low inventory levels and the need to focus on critical retail shipments. By modifying our existing shipment schedule, we can ensure that essential products reach their destinations promptly.;7e4aeddff850cd5c0798be7921736d16001c37dc57e34bb3a854b0795bb05df6;514;90;3.085.261.559.486.380;TRUE;FALSE;53
111;16/04/2026 09:45;retail;R9;high;accept;0.0084;1.0;2;The current retail inventory is below the safety stock threshold, and the sales rate has exceeded expectations by 150%. The coordinator's instruction to add a reorder request for +30 kg and increase the safety stock by 10% as an emergency buffer is appropriate given the high urgency level of the disruption.;cot;llama3.1:8b;llama;The current retail inventory is below the safety stock threshold, and the sales rate has exceeded expectations by 150%. The coordinator's instruction to add a reorder request for +30 kg and increase the safety stock by 10% as an emergency buffer is appropriate given the high urgency level of the disruption.;1b20880a17d646b411a96837e18febf6ac99196432fd785fbd5c0199974db737;515;84;3.034.448.528.289.790;TRUE;FALSE;53
36;17/04/2026 15:00;farm;R4;normal;modify;0.0041;0.8;1;Given the current production capacity is below 60%, reducing outgoing orders to 80% of actual capacity will help maintain a stable flock operation and prevent potential disruptions. This adjustment aligns with the coordinating agent's instruction, taking into account our local operational constraints.;cot;llama3.1:8b;llama;Given the current production capacity is below 60%, reducing outgoing orders to 80% of actual capacity will help maintain a stable flock operation and prevent potential disruptions. This adjustment aligns with the coordinating agent's instruction, taking into account our local operational constraints.;012d34cb2db4a30393ab602530e427a646a937abede5cc3ef41dc786cd72c559;502;77;14.802.002.906.799.300;TRUE;FALSE;54
36;17/04/2026 15:00;slaughterhouse;R4;normal;modify;0.0073;0.8;1;Given the current processing capacity is below threshold, reducing it to 80% as instructed by the coordinator will help prevent potential delays and maintain output stock levels within acceptable limits.;cot;llama3.1:8b;llama;Given the current processing capacity is below threshold, reducing it to 80% as instructed by the coordinator will help prevent potential delays and maintain output stock levels within acceptable limits.;1fc92340fe9f1bab05c58bf37b150211b4a1fd3c0c1f89e926503de30b7529c7;503;60;26.172.533.750.534.000;TRUE;FALSE;54
36;17/04/2026 15:00;retail;R4;normal;accept;0.0072;1.0;1;Given the current retail inventory is above safety stock, but sales rate is high and increasing, it's prudent to accept the coordinator's instruction to add a reorder request of +20 kg to mitigate potential future shortages.;cot;llama3.1:8b;llama;Given the current retail inventory is above safety stock, but sales rate is high and increasing, it's prudent to accept the coordinator's instruction to add a reorder request of +20 kg to mitigate potential future shortages.;ddd2d55911c5cce3c4d6d652a55cce5744591cb7d55a59db3c9fbda6b71619a5;483;67;2.606.930.708.885.190;TRUE;FALSE;54
88;18/04/2026 04:00;farm;R12;high;modify;0.009;0.85;2;Given the high urgency level of the disruption, I must adjust outgoing orders to match our current production capacity. Reducing orders by 25% will help prevent further strain on resources and allow us to maintain a stable flock. Additionally, increasing production capacity by 5% through intensified operations may be feasible considering our current mortality rate is within acceptable limits.;cot;llama3.1:8b;llama;Given the high urgency level of the disruption, I must adjust outgoing orders to match our current production capacity. Reducing orders by 25% will help prevent further strain on resources and allow us to maintain a stable flock. Additionally, increasing production capacity by 5% through intensified operations may be feasible considering our current mortality rate is within acceptable limits.;dd4ee53d06b194af5bf6d5c78967ec614c673e45475b02b62eb585f6d11e8e90;525;95;3.236.065.936.088.560;TRUE;FALSE;54
88;18/04/2026 04:00;wholesaler;R12;high;modify;0.0087;0.8;2;Given the high urgency level of the disruption, I will modify our distribution capacity to 85% as instructed by the coordinator. This adjustment will help optimize our supply chain and ensure timely delivery of broilers to customers. However, I will not immediately change the delivery schedule to 'rerouted' without further assessment of its impact on our local operations.;cot;llama3.1:8b;llama;Given the high urgency level of the disruption, I will modify our distribution capacity to 85% as instructed by the coordinator. This adjustment will help optimize our supply chain and ensure timely delivery of broilers to customers. However, I will not immediately change the delivery schedule to 'rerouted' without further assessment of its impact on our local operations.;942a2adf8ecc981ce7f0dd7a8a700f966ac924d283eec79985efb7fc00a54fe3;503;95;3.133.089.518.547.050;TRUE;FALSE;54
324;20/04/2026 15:00;slaughterhouse;R9;high;modify;0.0082;0.85;1;Given the high urgency level of the disruption, I will modify our current processing schedule to increase output stock by 15% as instructed by the coordinator. However, considering our current low worker availability and partial equipment status, I must adjust the factor to ensure a more cautious approach.;cot;llama3.1:8b;llama;Given the high urgency level of the disruption, I will modify our current processing schedule to increase output stock by 15% as instructed by the coordinator. However, considering our current low worker availability and partial equipment status, I must adjust the factor to ensure a more cautious approach.;f2b565d62954f5977ff786b56b7416f88da93564e29dd96424f98a398ac87ba7;508;81;2.941.151.189.804.070;TRUE;FALSE;54
324;20/04/2026 15:00;wholesaler;R9;high;modify;0.0085;0.85;2;Given the high urgency level of the disruption, I must prioritize inventory allocation to Retail as instructed by the Coordinating Agent. However, considering our current low inventory levels and incoming orders exceeding capacity, a modification is necessary to ensure we meet critical Retail demands without compromising on other non-priority shipments.;cot;llama3.1:8b;llama;Given the high urgency level of the disruption, I must prioritize inventory allocation to Retail as instructed by the Coordinating Agent. However, considering our current low inventory levels and incoming orders exceeding capacity, a modification is necessary to ensure we meet critical Retail demands without compromising on other non-priority shipments.;dbc3f9d9dad9845c3ca9afcf68a5531f47b343a2a033971b5475a2d0d4e22d8c;512;85;30.533.084.630.966.100;TRUE;FALSE;54
324;20/04/2026 15:00;retail;R9;high;accept;0.0086;1.0;2;The current retail status indicates a severe stockout situation, with inventory at 0 kg and sales rate exceeding expected levels by 150%. The coordinator's instruction to add 30 kg to the reorder request and increase safety stock by 10% as an emergency buffer is appropriate given the high urgency level of the disruption triggered by Rule R9.;cot;llama3.1:8b;llama;The current retail status indicates a severe stockout situation, with inventory at 0 kg and sales rate exceeding expected levels by 150%. The coordinator's instruction to add 30 kg to the reorder request and increase safety stock by 10% as an emergency buffer is appropriate given the high urgency level of the disruption triggered by Rule R9.;f65708ebec9ffb877f3d9466a4ac9e4d8bb0e4811892a771edcc1ba3655c2bf2;501;93;31.063.246.965.408.300;TRUE;FALSE;54
36;19/04/2026 15:00;farm;R4;normal;modify;0.0069;0.8;1;Given the current production capacity is below 60%, reducing outgoing orders to 80% of actual capacity will help prevent further strain on resources and maintain a stable flock operation.;cot;llama3.1:8b;llama;Given the current production capacity is below 60%, reducing outgoing orders to 80% of actual capacity will help prevent further strain on resources and maintain a stable flock operation.;012d34cb2db4a30393ab602530e427a646a937abede5cc3ef41dc786cd72c559;502;60;24.891.937.732.696.500;TRUE;FALSE;55
36;19/04/2026 15:00;slaughterhouse;R4;normal;modify;0.007;0.8;1;Given the current processing capacity is below threshold, reducing it to 80% as instructed by the coordinator will help prevent potential delays and maintain output stock levels within acceptable limits.;cot;llama3.1:8b;llama;Given the current processing capacity is below threshold, reducing it to 80% as instructed by the coordinator will help prevent potential delays and maintain output stock levels within acceptable limits.;1fc92340fe9f1bab05c58bf37b150211b4a1fd3c0c1f89e926503de30b7529c7;503;60;25.223.662.614.822.300;TRUE;FALSE;55
36;19/04/2026 15:00;retail;R4;normal;accept;0.007;1.0;1;Given the current retail inventory is above safety stock, but sales rate is high and increasing, it's prudent to accept the coordinator's instruction to add a reorder request of +20 kg to mitigate potential future shortages.;cot;llama3.1:8b;llama;Given the current retail inventory is above safety stock, but sales rate is high and increasing, it's prudent to accept the coordinator's instruction to add a reorder request of +20 kg to mitigate potential future shortages.;ddd2d55911c5cce3c4d6d652a55cce5744591cb7d55a59db3c9fbda6b71619a5;483;67;25.134.795.665.740.900;TRUE;FALSE;55
88;20/04/2026 04:00;farm;R12;high;modify;0.0086;0.85;2;Given the high urgency level of the disruption, I must adjust outgoing orders to match our current production capacity. Reducing orders by 25% will help prevent further strain on resources and allow us to maintain a stable flock management. Additionally, increasing production capacity by 5% through intensified operations is feasible considering our current mortality rate.;cot;llama3.1:8b;llama;Given the high urgency level of the disruption, I must adjust outgoing orders to match our current production capacity. Reducing orders by 25% will help prevent further strain on resources and allow us to maintain a stable flock management. Additionally, increasing production capacity by 5% through intensified operations is feasible considering our current mortality rate.;70d1a72619c06ba486d761181c90496a6a2f74d2ddc00313112a9a6bda6b9cfd;525;91;30.807.109.117.507.900;TRUE;FALSE;55
88;20/04/2026 04:00;wholesaler;R12;high;modify;0.0085;0.8;2;Given the high urgency level of the disruption, I will modify our distribution capacity to 85% as instructed by the coordinator. This adjustment will help optimize our supply chain and ensure timely delivery of broilers to customers. However, I will not immediately change the delivery schedule to 'rerouted' without further assessment of its impact on our local operations.;cot;llama3.1:8b;llama;Given the high urgency level of the disruption, I will modify our distribution capacity to 85% as instructed by the coordinator. This adjustment will help optimize our supply chain and ensure timely delivery of broilers to customers. However, I will not immediately change the delivery schedule to 'rerouted' without further assessment of its impact on our local operations.;942a2adf8ecc981ce7f0dd7a8a700f966ac924d283eec79985efb7fc00a54fe3;503;95;30.481.719.255.447.300;TRUE;FALSE;55
36;21/04/2026 15:00;farm;R4;normal;modify;0.007;0.8;1;Given the current production capacity is below 60%, reducing outgoing orders to 80% of actual capacity will help prevent further strain on resources and maintain a stable flock operation.;cot;llama3.1:8b;llama;Given the current production capacity is below 60%, reducing outgoing orders to 80% of actual capacity will help prevent further strain on resources and maintain a stable flock operation.;012d34cb2db4a30393ab602530e427a646a937abede5cc3ef41dc786cd72c559;502;60;25.100.386.142.730.700;TRUE;FALSE;56
36;21/04/2026 15:00;slaughterhouse;R4;normal;modify;0.0036;0.8;1;Given the current processing capacity is below threshold, reducing it to 80% as instructed by the coordinator will help prevent potential delays and maintain output stock levels within acceptable limits.;cot;llama3.1:8b;llama;Given the current processing capacity is below threshold, reducing it to 80% as instructed by the coordinator will help prevent potential delays and maintain output stock levels within acceptable limits.;1fc92340fe9f1bab05c58bf37b150211b4a1fd3c0c1f89e926503de30b7529c7;503;60;1.296.907.114.982.600;TRUE;FALSE;56
36;21/04/2026 15:00;retail;R4;normal;accept;0.0038;1.0;1;The current retail inventory is above the safety stock threshold, but sales rate is high and increasing. Adding +20 kg to the reorder request will help mitigate potential future shortages due to the coordinator's signal of a potential disruption.;cot;llama3.1:8b;llama;The current retail inventory is above the safety stock threshold, but sales rate is high and increasing. Adding +20 kg to the reorder request will help mitigate potential future shortages due to the coordinator's signal of a potential disruption.;ddd2d55911c5cce3c4d6d652a55cce5744591cb7d55a59db3c9fbda6b71619a5;483;69;13.605.093.002.319.300;TRUE;FALSE;56
80;22/04/2026 02:00;wholesaler;R8;normal;modify;0.0081;0.8;2;The current inventory level is below the threshold, but not critically low. The incoming orders are above capacity, and the delivery schedule is normal. Given these conditions, modifying the delivery schedule to 'rerouted' with a 15% reduction in pending shipments seems reasonable.;cot;llama3.1:8b;llama;The current inventory level is below the threshold, but not critically low. The incoming orders are above capacity, and the delivery schedule is normal. Given these conditions, modifying the delivery schedule to 'rerouted' with a 15% reduction in pending shipments seems reasonable.;9bc9d53a7046ebc2664b324e55774ecadf778a46497da2a8bd5e8b0a360899e2;506;79;29.084.372.758.865.300;TRUE;FALSE;56
80;22/04/2026 02:00;retail;R8;normal;modify;0.0082;0.8;1;Given the current retail inventory of 32.8 kg, which is above the safety stock threshold, and considering the coordinator's instruction to adjust demand_estimate to 95% due to potential disruption, I will modify the demand estimate to account for the anticipated delay without immediately triggering a stockout flag.;cot;llama3.1:8b;llama;Given the current retail inventory of 32.8 kg, which is above the safety stock threshold, and considering the coordinator's instruction to adjust demand_estimate to 95% due to potential disruption, I will modify the demand estimate to account for the anticipated delay without immediately triggering a stockout flag.;f9aaa5b9519f25dadc600950b6c8a142e50dba137fb75c44871a2b2861295f2c;496;85;2.954.785.394.668.570;TRUE;FALSE;56
96;22/04/2026 06:00;slaughterhouse;R9;high;modify;0.0083;0.85;1;Given the high urgency level of the disruption, I will modify our current processing schedule to increase output stock by 15% as instructed by the coordinator. However, considering our current low worker availability and partial equipment status, I must adjust the factor slightly to ensure a more cautious approach.;cot;llama3.1:8b;llama;Given the high urgency level of the disruption, I will modify our current processing schedule to increase output stock by 15% as instructed by the coordinator. However, considering our current low worker availability and partial equipment status, I must adjust the factor slightly to ensure a more cautious approach.;f8b417fd769ee18ebbeb77974635c1dcf8938655aadfbddfa1b8e8084ca76de4;510;82;2.975.430.727.005.000;TRUE;FALSE;56
96;22/04/2026 06:00;wholesaler;R9;high;modify;0.0087;0.85;2;Given the high urgency level of the disruption, I will modify our current inventory allocation to prioritize retail orders as instructed by the coordinator. This decision is supported by our current low inventory levels and incoming orders exceeding capacity. By prioritizing retail orders, we can minimize stockouts and ensure critical customer needs are met.;cot;llama3.1:8b;llama;Given the high urgency level of the disruption, I will modify our current inventory allocation to prioritize retail orders as instructed by the coordinator. This decision is supported by our current low inventory levels and incoming orders exceeding capacity. By prioritizing retail orders, we can minimize stockouts and ensure critical customer needs are met.;93764ff5e5bffb37d66b51101e3d20224493ef7cabe2689fee23020599b0572d;514;87;31.300.724.267.959.500;TRUE;FALSE;56
96;22/04/2026 06:00;retail;R9;high;accept;0.0087;1.0;2;The current retail inventory is below the safety stock threshold, and the sales rate has exceeded expected levels. The coordinating agent's instruction to increase reorder request by +30 kg and raise safety stock by 10% as an emergency buffer aligns with our operational needs to prevent stockouts during this disruption.;cot;llama3.1:8b;llama;The current retail inventory is below the safety stock threshold, and the sales rate has exceeded expected levels. The coordinating agent's instruction to increase reorder request by +30 kg and raise safety stock by 10% as an emergency buffer aligns with our operational needs to prevent stockouts during this disruption.;d4a5bbb1c0ea933e2761a414492af5a4ef0bf13dfc0a69241bd13f2b42dd749f;515;84;3.117.594.337.463.370;TRUE;FALSE;56
144;22/04/2026 18:00;slaughterhouse;R9;high;modify;0.0077;0.92;1;Given the high urgency level of the disruption, I will modify the output stock to meet the coordinator's instruction. However, considering our current processing capacity is below threshold and worker availability is low, I will adjust the factor slightly to ensure a more cautious approach.;cot;llama3.1:8b;llama;Given the high urgency level of the disruption, I will modify the output stock to meet the coordinator's instruction. However, considering our current processing capacity is below threshold and worker availability is low, I will adjust the factor slightly to ensure a more cautious approach.;0212d9c41e0f7207e1401ca49a8eb93e623620fe1f7944b5b2bcc12a899d3646;524;77;27.869.327.068.328.800;TRUE;FALSE;56
144;22/04/2026 18:00;wholesaler;R9;high;modify;0.0085;0.9;2;Given the high urgency level of the disruption, I will modify the instruction to prioritize inventory_level for Retail and cancel 50% of non-priority pending_shipments to focus on critical Retail orders. This decision balances the need to meet urgent Retail demands with the constraint of limited inventory capacity.;cot;llama3.1:8b;llama;Given the high urgency level of the disruption, I will modify the instruction to prioritize inventory_level for Retail and cancel 50% of non-priority pending_shipments to focus on critical Retail orders. This decision balances the need to meet urgent Retail demands with the constraint of limited inventory capacity.;03f0cdf5e16589cc4ebaa18f0506fbc14deef922584f0f0e7713c0b3988913f2;525;83;30.655.272.483.825.600;TRUE;FALSE;56
144;22/04/2026 18:00;retail;R9;high;accept;0.0091;1.0;2;Given the high urgency level of the disruption, the current stockout flag is active, and sales rate exceeds expected levels by 50%, I accept the coordinator's instruction to add a reorder request for +30 kg as a buffer against further disruptions. Increasing safety stock by 10% will also provide an additional cushion in case of future shortages.;cot;llama3.1:8b;llama;Given the high urgency level of the disruption, the current stockout flag is active, and sales rate exceeds expected levels by 50%, I accept the coordinator's instruction to add a reorder request for +30 kg as a buffer against further disruptions. Increasing safety stock by 10% will also provide an additional cushion in case of future shortages.;1b1c8ff58b2c5822b4bf6082ea1019e039ebbedbcb5b2a847b4a9c977bb0bec8;529;93;3.268.612.289.428.710;TRUE;FALSE;56
216;23/04/2026 12:00;slaughterhouse;R9;high;modify;0.0086;0.92;1;Given the high urgency level of the disruption, I will modify the output stock to meet the coordinator's instruction. However, considering our current processing capacity is below threshold and worker availability is low, I will adjust the factor slightly lower than previous modifications to ensure a more cautious approach.;cot;llama3.1:8b;llama;Given the high urgency level of the disruption, I will modify the output stock to meet the coordinator's instruction. However, considering our current processing capacity is below threshold and worker availability is low, I will adjust the factor slightly lower than previous modifications to ensure a more cautious approach.;a095eca67bfbd2a04df30ab748fa832165fabb681140a2efcb01e4766b8b9eb1;538;81;31.123.929.500.579.800;TRUE;FALSE;56
216;23/04/2026 12:00;wholesaler;R9;high;modify;0.008;0.95;2;Given the high urgency level of the disruption, I will modify the instruction to prioritize inventory for Retail while maintaining current levels and cancelling 50% of non-priority pending shipments to focus on critical Retail needs.;cot;llama3.1:8b;llama;Given the high urgency level of the disruption, I will modify the instruction to prioritize inventory for Retail while maintaining current levels and cancelling 50% of non-priority pending shipments to focus on critical Retail needs.;287ab4f4a5a4e3d9ee1b6703db078867660ee3958486c94d1fcec5c8bb88f05d;541;67;28.864.221.811.294.500;TRUE;FALSE;56
216;23/04/2026 12:00;retail;R9;high;accept;0.0078;1.0;2;The current stockout flag is high, indicating a severe disruption in broiler meat availability. The coordinator's instruction to add a reorder request of +30 kg and increase the safety stock by 10% as an emergency buffer is appropriate given our low inventory levels and high sales rate.;cot;llama3.1:8b;llama;The current stockout flag is high, indicating a severe disruption in broiler meat availability. The coordinator's instruction to add a reorder request of +30 kg and increase the safety stock by 10% as an emergency buffer is appropriate given our low inventory levels and high sales rate.;c211f1db6b84874bb0c54dfd923e9678850fa1a08276d333b5ef620cb00aa236;529;81;28.074.666.261.672.900;TRUE;FALSE;56
36;23/04/2026 15:00;farm;R4;normal;modify;0.0057;0.8;1;Given the current production capacity is below 60%, reducing outgoing orders to 80% of actual capacity will help maintain a stable flock operation and prevent potential disruptions. This adjustment aligns with the coordinating agent's instruction, taking into account our local operational constraints.;cot;llama3.1:8b;llama;Given the current production capacity is below 60%, reducing outgoing orders to 80% of actual capacity will help maintain a stable flock operation and prevent potential disruptions. This adjustment aligns with the coordinating agent's instruction, taking into account our local operational constraints.;012d34cb2db4a30393ab602530e427a646a937abede5cc3ef41dc786cd72c559;502;77;20.457.820.177.078.200;TRUE;FALSE;57
36;23/04/2026 15:00;slaughterhouse;R4;normal;modify;0.008;0.8;1;Given the current processing capacity is below threshold, reducing it to 80% as instructed by the coordinator will help prevent potential delays and maintain output stock levels within acceptable limits.;cot;llama3.1:8b;llama;Given the current processing capacity is below threshold, reducing it to 80% as instructed by the coordinator will help prevent potential delays and maintain output stock levels within acceptable limits.;1fc92340fe9f1bab05c58bf37b150211b4a1fd3c0c1f89e926503de30b7529c7;503;60;28.899.959.325.790.400;TRUE;FALSE;57
36;23/04/2026 15:00;retail;R4;normal;accept;0.0074;1.0;1;Given the current retail inventory is above safety stock, but sales rate is high and increasing, it's prudent to accept the coordinator's instruction to add a reorder request of +20 kg to mitigate potential future shortages.;cot;llama3.1:8b;llama;Given the current retail inventory is above safety stock, but sales rate is high and increasing, it's prudent to accept the coordinator's instruction to add a reorder request of +20 kg to mitigate potential future shortages.;ddd2d55911c5cce3c4d6d652a55cce5744591cb7d55a59db3c9fbda6b71619a5;483;67;2.649.222.421.646.110;TRUE;FALSE;57
88;24/04/2026 04:00;farm;R12;high;modify;0.0087;0.85;2;Given the high urgency level of the disruption, I must adjust outgoing orders to match our current production capacity. Reducing orders by 25% will help prevent further strain on resources and allow us to maintain a stable flock management. This adjustment should also enable us to increase production capacity by 5%, as instructed.;cot;llama3.1:8b;llama;Given the high urgency level of the disruption, I must adjust outgoing orders to match our current production capacity. Reducing orders by 25% will help prevent further strain on resources and allow us to maintain a stable flock management. This adjustment should also enable us to increase production capacity by 5%, as instructed.;ecc4567c2b724434ec6749ce9258a7e8ea3628b5e8c1771f01d15dbdae4248e1;525;88;3.148.883.318.901.060;TRUE;FALSE;57
88;24/04/2026 04:00;wholesaler;R12;high;modify;0.0079;0.8;2;Given the high urgency level of the disruption, I will modify our distribution capacity to 85% as instructed by the coordinator. This adjustment will help us optimize our distribution and ensure that we can meet the increased demand from incoming orders while also considering our inventory levels.;cot;llama3.1:8b;llama;Given the high urgency level of the disruption, I will modify our distribution capacity to 85% as instructed by the coordinator. This adjustment will help us optimize our distribution and ensure that we can meet the increased demand from incoming orders while also considering our inventory levels.;f2b7ade4fd885a9ef43ab76317f16fdde4857a16d43aa8bd8f9f468247413630;503;78;2.848.697.280.883.780;TRUE;FALSE;57
324;26/04/2026 15:00;slaughterhouse;R9;high;modify;0.0085;0.85;1;Given the high urgency level of the disruption, I will modify our current processing schedule to increase output stock by 15% as instructed by the coordinator. However, considering our current low worker availability and moderate processing delay, I must adjust the factor slightly to ensure a balanced response.;cot;llama3.1:8b;llama;Given the high urgency level of the disruption, I will modify our current processing schedule to increase output stock by 15% as instructed by the coordinator. However, considering our current low worker availability and moderate processing delay, I must adjust the factor slightly to ensure a balanced response.;e9303833f45e7a95337017c9685089a22d18f58b10c5a24767f10a06edc2d8f9;508;81;30.640.129.566.192.600;TRUE;FALSE;57
324;26/04/2026 15:00;wholesaler;R9;high;modify;0.0086;0.85;2;Given the high urgency level of the disruption, I will modify my current inventory allocation to prioritize retail orders as instructed by the coordinator. This decision is supported by our current low inventory levels and incoming orders exceeding capacity. By prioritizing retail, we can minimize stockouts and ensure critical customer needs are met.;cot;llama3.1:8b;llama;Given the high urgency level of the disruption, I will modify my current inventory allocation to prioritize retail orders as instructed by the coordinator. This decision is supported by our current low inventory levels and incoming orders exceeding capacity. By prioritizing retail, we can minimize stockouts and ensure critical customer needs are met.;8de6d8f287542134d3c21c3b747ccad99287e0dc1539b9dc83a7dec3cc29586e;512;86;31.064.954.042.434.600;TRUE;FALSE;57
324;26/04/2026 15:00;retail;R9;high;accept;0.0087;1.0;2;Given the high urgency level of the disruption, our current stockout status, and the coordinator's instruction to increase safety stock as a buffer, I accept the request to add 30 kg to the reorder request and adjust the safety stock by 10%. This will help mitigate the shortage and ensure we can meet customer demand.;cot;llama3.1:8b;llama;Given the high urgency level of the disruption, our current stockout status, and the coordinator's instruction to increase safety stock as a buffer, I accept the request to add 30 kg to the reorder request and adjust the safety stock by 10%. This will help mitigate the shortage and ensure we can meet customer demand.;cdca4c090cde5111ef17f6a8f5754107d5c4bb86cd608ea374c5d2c83ffe9bb2;503;89;31.175.422.430.038.400;TRUE;FALSE;57
352;26/04/2026 22:00;slaughterhouse;R9;high;modify;0.0079;0.92;1;Given the high urgency level of the disruption, I will modify the output stock to meet the coordinator's instruction. However, considering our current processing capacity is below threshold and worker availability is low, I will adjust the factor slightly lower than before to ensure a more cautious approach.;cot;llama3.1:8b;llama;Given the high urgency level of the disruption, I will modify the output stock to meet the coordinator's instruction. However, considering our current processing capacity is below threshold and worker availability is low, I will adjust the factor slightly lower than before to ensure a more cautious approach.;36e1e22e304b18d6f9e5d946e15312f80369122b5a4e1e8413303a7da5f6b691;524;80;28.524.317.264.556.800;TRUE;FALSE;57
352;26/04/2026 22:00;wholesaler;R9;high;modify;0.008;0.92;2;Given the high urgency level of the disruption, I will modify the instruction to prioritize inventory for Retail while maintaining current levels and cancelling 50% of non-priority pending shipments to focus on critical Retail needs.;cot;llama3.1:8b;llama;Given the high urgency level of the disruption, I will modify the instruction to prioritize inventory for Retail while maintaining current levels and cancelling 50% of non-priority pending shipments to focus on critical Retail needs.;5e6ffec13066a89b74ab5562427477e37496243125101938ee93d59a56d1f9e4;525;67;28.695.947.408.676.100;TRUE;FALSE;57
352;26/04/2026 22:00;retail;R9;high;accept;0.0085;1.0;2;Given the high urgency level of the disruption, I accept the coordinating agent's instruction to increase safety stock by 10% as an emergency buffer and add a reorder request for +30 kg. This will help mitigate potential stockouts and ensure continued supply during this crisis.;cot;llama3.1:8b;llama;Given the high urgency level of the disruption, I accept the coordinating agent's instruction to increase safety stock by 10% as an emergency buffer and add a reorder request for +30 kg. This will help mitigate potential stockouts and ensure continued supply during this crisis.;2ccfe272676a64ff484ce91803d9293174d1ce709a81792a77b7be3949d3aec2;517;78;30.688.518.524.169.900;TRUE;FALSE;57
36;25/04/2026 15:00;farm;R4;normal;modify;0.0075;0.8;1;Given the current production capacity is below 60%, reducing outgoing orders to 80% of actual capacity will help prevent further strain on resources and maintain a stable flock operation.;cot;llama3.1:8b;llama;Given the current production capacity is below 60%, reducing outgoing orders to 80% of actual capacity will help prevent further strain on resources and maintain a stable flock operation.;012d34cb2db4a30393ab602530e427a646a937abede5cc3ef41dc786cd72c559;502;60;27.131.829.738.616.900;TRUE;FALSE;58
36;25/04/2026 15:00;slaughterhouse;R4;normal;modify;0.0075;0.8;1;Given the current processing capacity is below threshold, reducing it to 80% as instructed by the coordinator will help prevent potential delays and maintain output stock levels within acceptable limits.;cot;llama3.1:8b;llama;Given the current processing capacity is below threshold, reducing it to 80% as instructed by the coordinator will help prevent potential delays and maintain output stock levels within acceptable limits.;1fc92340fe9f1bab05c58bf37b150211b4a1fd3c0c1f89e926503de30b7529c7;503;60;26.974.368.572.235.100;TRUE;FALSE;58
36;25/04/2026 15:00;retail;R4;normal;accept;0.0075;1.0;1;Given the current retail inventory is above safety stock, but sales rate is high and increasing, it's prudent to accept the coordinator's instruction to add a reorder request of +20 kg to mitigate potential future shortages.;cot;llama3.1:8b;llama;Given the current retail inventory is above safety stock, but sales rate is high and increasing, it's prudent to accept the coordinator's instruction to add a reorder request of +20 kg to mitigate potential future shortages.;ddd2d55911c5cce3c4d6d652a55cce5744591cb7d55a59db3c9fbda6b71619a5;483;67;26.894.179.582.595.800;TRUE;FALSE;58
80;26/04/2026 02:00;wholesaler;R8;normal;modify;0.0082;0.8;2;The current inventory level is below the threshold, but not critically low. The incoming orders are above capacity, and the delivery schedule is normal. Modifying the delivery schedule to 'rerouted' will help mitigate potential disruptions and ensure timely delivery of critical shipments.;cot;llama3.1:8b;llama;The current inventory level is below the threshold, but not critically low. The incoming orders are above capacity, and the delivery schedule is normal. Modifying the delivery schedule to 'rerouted' will help mitigate potential disruptions and ensure timely delivery of critical shipments.;ad6bcf992c7ee5b9b01ec073725e0ade160e267730817f36ab226fb2badecfc6;506;77;2.964.663.076.400.750;TRUE;FALSE;58
80;26/04/2026 02:00;retail;R8;normal;modify;0.0083;0.8;1;Given the current retail inventory of 44.2 kg, which is above the safety stock threshold, and considering the coordinator's instruction to adjust demand_estimate to 95% due to potential disruption, I will modify the demand estimate to account for the anticipated delay without immediately triggering a stockout flag.;cot;llama3.1:8b;llama;Given the current retail inventory of 44.2 kg, which is above the safety stock threshold, and considering the coordinator's instruction to adjust demand_estimate to 95% due to potential disruption, I will modify the demand estimate to account for the anticipated delay without immediately triggering a stockout flag.;08a5cfb9483f3b0f846492f1f7d34667173f4e52c351a9786946327441d95a90;496;85;30.000.027.418.136.500;TRUE;FALSE;58
129;26/04/2026 14:15;slaughterhouse;R9;high;modify;0.0085;0.85;1;Given the high urgency level of the disruption, I will modify our output stock to increase by 15% as instructed by the coordinator. However, considering our current processing capacity is below threshold and worker availability is low, I will adjust the factor to 0.85 to ensure a more cautious approach.;cot;llama3.1:8b;llama;Given the high urgency level of the disruption, I will modify our output stock to increase by 15% as instructed by the coordinator. However, considering our current processing capacity is below threshold and worker availability is low, I will adjust the factor to 0.85 to ensure a more cautious approach.;5d3018f11b23f0763952ee02d56305f4b9e8cb83ba16984197ab65d33c6c490e;510;86;30.534.407.138.824.400;TRUE;FALSE;58
129;26/04/2026 14:15;wholesaler;R9;high;modify;0.0087;0.85;2;Given the high urgency level of the disruption, I will modify my current inventory allocation to prioritize retail orders as instructed by the coordinator. This decision is supported by our current low inventory levels and incoming orders exceeding capacity. By prioritizing retail orders, we can minimize stockouts and ensure critical customer needs are met.;cot;llama3.1:8b;llama;Given the high urgency level of the disruption, I will modify my current inventory allocation to prioritize retail orders as instructed by the coordinator. This decision is supported by our current low inventory levels and incoming orders exceeding capacity. By prioritizing retail orders, we can minimize stockouts and ensure critical customer needs are met.;6f547fa344998adbbea3e89f951c0bd051bebd54ed85bdd54935c018fccf1c2e;514;87;31.429.717.779.159.500;TRUE;FALSE;58
129;26/04/2026 14:15;retail;R9;high;accept;0.0086;1.0;2;The current retail inventory is below the safety stock threshold, and the sales rate has exceeded expectations by more than 50%. The coordinator's instruction to add a reorder request for +30 kg and increase the safety stock by 10% as an emergency buffer is appropriate given the high urgency level of the disruption.;cot;llama3.1:8b;llama;The current retail inventory is below the safety stock threshold, and the sales rate has exceeded expectations by more than 50%. The coordinator's instruction to add a reorder request for +30 kg and increase the safety stock by 10% as an emergency buffer is appropriate given the high urgency level of the disruption.;34d083d934e3bde9a61df2fb7e942f6fd74206920c19be6052efccccd534ff67;515;86;30.966.195.583.343.500;TRUE;FALSE;58
360;29/04/2026 00:00;slaughterhouse;R9;high;modify;0.0084;0.92;1;Given the high urgency level of the disruption, I will modify the output stock to meet the coordinator's instruction. However, considering our current processing capacity is below threshold and worker availability is low, I will adjust the factor to ensure a more cautious approach.;cot;llama3.1:8b;llama;Given the high urgency level of the disruption, I will modify the output stock to meet the coordinator's instruction. However, considering our current processing capacity is below threshold and worker availability is low, I will adjust the factor to ensure a more cautious approach.;2059e311f5fab40712e23891ac972bcf6f6cb9842b59241e543b67737da09323;524;76;3.007.873.272.895.810;TRUE;FALSE;58
360;29/04/2026 00:00;wholesaler;R9;high;accept;0.0083;1.0;2;Given the high urgency level of the disruption, prioritizing inventory for Retail is necessary to ensure critical orders are fulfilled. Canceling 50% of non-priority pending shipments will help focus resources on Retail's needs and prevent stockouts.;cot;llama3.1:8b;llama;Given the high urgency level of the disruption, prioritizing inventory for Retail is necessary to ensure critical orders are fulfilled. Canceling 50% of non-priority pending shipments will help focus resources on Retail's needs and prevent stockouts.;59d48249f2e320c65e7483ba227852a740ad8c9d7ab8cc0d8a550dad802e4d03;528;72;29.990.874.767.303.400;TRUE;FALSE;58
360;29/04/2026 00:00;retail;R9;high;accept;0.0081;1.0;2;Given the high urgency level of the disruption, our current stockout status, and the coordinator's instruction to increase safety stock as a buffer, I accept the request to reorder +30 kg immediately.;cot;llama3.1:8b;llama;Given the high urgency level of the disruption, our current stockout status, and the coordinator's instruction to increase safety stock as a buffer, I accept the request to reorder +30 kg immediately.;2d13a5485299ec5310fe48ac27b52ee58ec4a4f35fdd99d6f8b373d21258054b;529;64;29.172.042.846.679.600;TRUE;FALSE;58
36;27/04/2026 15:00;farm;R4;normal;modify;0.0048;0.8;1;Given the current production capacity is below 60%, reducing outgoing orders to 80% of actual capacity will help maintain a stable flock operation and prevent potential disruptions. This adjustment aligns with the coordinating agent's instruction, taking into account our local operational constraints.;cot;llama3.1:8b;llama;Given the current production capacity is below 60%, reducing outgoing orders to 80% of actual capacity will help maintain a stable flock operation and prevent potential disruptions. This adjustment aligns with the coordinating agent's instruction, taking into account our local operational constraints.;012d34cb2db4a30393ab602530e427a646a937abede5cc3ef41dc786cd72c559;502;77;1.738.555.097.579.950;TRUE;FALSE;59
36;27/04/2026 15:00;slaughterhouse;R4;normal;modify;0.0073;0.8;1;Given the current processing capacity is below threshold, reducing it to 80% as instructed by the coordinator will help prevent potential delays and maintain output stock levels within acceptable limits.;cot;llama3.1:8b;llama;Given the current processing capacity is below threshold, reducing it to 80% as instructed by the coordinator will help prevent potential delays and maintain output stock levels within acceptable limits.;1fc92340fe9f1bab05c58bf37b150211b4a1fd3c0c1f89e926503de30b7529c7;503;60;26.394.968.509.674.000;TRUE;FALSE;59
36;27/04/2026 15:00;retail;R4;normal;accept;0.0077;1.0;1;Given the current retail inventory is above safety stock, but sales rate is high and increasing, it's prudent to accept the coordinator's instruction to add a reorder request of +20 kg to mitigate potential future shortages.;cot;llama3.1:8b;llama;Given the current retail inventory is above safety stock, but sales rate is high and increasing, it's prudent to accept the coordinator's instruction to add a reorder request of +20 kg to mitigate potential future shortages.;ddd2d55911c5cce3c4d6d652a55cce5744591cb7d55a59db3c9fbda6b71619a5;483;67;27.565.033.674.240.100;TRUE;FALSE;59
88;28/04/2026 04:00;farm;R12;high;modify;0.0088;0.85;2;Given the high urgency level of the disruption, I must adjust outgoing orders to match our current production capacity. Reducing orders by 25% will help prevent further strain on resources and allow us to maintain a stable flock management. Additionally, increasing production capacity by 5% through intensified operations is feasible considering our current mortality rate.;cot;llama3.1:8b;llama;Given the high urgency level of the disruption, I must adjust outgoing orders to match our current production capacity. Reducing orders by 25% will help prevent further strain on resources and allow us to maintain a stable flock management. Additionally, increasing production capacity by 5% through intensified operations is feasible considering our current mortality rate.;1715b78cc87c05007c719be2117ffc9ab8f513fad7d05ad536206ad413109779;525;91;31.708.521.604.537.900;TRUE;FALSE;59
88;28/04/2026 04:00;wholesaler;R12;high;modify;0.009;0.8;2;Given the high urgency level of the disruption, I will modify our distribution capacity to 85% as instructed by the coordinator. This adjustment will help optimize our supply chain and ensure timely delivery of broilers to customers. However, I will not immediately change the delivery schedule to 'rerouted' without further assessment of its impact on our local operations.;cot;llama3.1:8b;llama;Given the high urgency level of the disruption, I will modify our distribution capacity to 85% as instructed by the coordinator. This adjustment will help optimize our supply chain and ensure timely delivery of broilers to customers. However, I will not immediately change the delivery schedule to 'rerouted' without further assessment of its impact on our local operations.;942a2adf8ecc981ce7f0dd7a8a700f966ac924d283eec79985efb7fc00a54fe3;503;95;3.222.576.880.455.010;TRUE;FALSE;59
36;29/04/2026 15:00;farm;R4;normal;modify;0.0074;0.8;1;Given the current production capacity is below 60%, reducing outgoing orders to 80% of actual capacity will help prevent further strain on resources and maintain a stable flock operation.;cot;llama3.1:8b;llama;Given the current production capacity is below 60%, reducing outgoing orders to 80% of actual capacity will help prevent further strain on resources and maintain a stable flock operation.;012d34cb2db4a30393ab602530e427a646a937abede5cc3ef41dc786cd72c559;502;60;2.673.348.641.395.560;TRUE;FALSE;60
36;29/04/2026 15:00;slaughterhouse;R4;normal;modify;0.0038;0.8;1;Given the current processing capacity is below threshold, reducing it to 80% as instructed by the coordinator will help prevent potential delays and maintain output stock levels within acceptable limits.;cot;llama3.1:8b;llama;Given the current processing capacity is below threshold, reducing it to 80% as instructed by the coordinator will help prevent potential delays and maintain output stock levels within acceptable limits.;1fc92340fe9f1bab05c58bf37b150211b4a1fd3c0c1f89e926503de30b7529c7;503;60;13.707.346.200.942.900;TRUE;FALSE;60
36;29/04/2026 15:00;retail;R4;normal;accept;0.0037;1.0;1;The current retail inventory is above the safety stock threshold, but sales rate is high and increasing. Adding +20 kg to the reorder request will help mitigate potential future shortages due to the coordinator's signal of a potential disruption.;cot;llama3.1:8b;llama;The current retail inventory is above the safety stock threshold, but sales rate is high and increasing. Adding +20 kg to the reorder request will help mitigate potential future shortages due to the coordinator's signal of a potential disruption.;ddd2d55911c5cce3c4d6d652a55cce5744591cb7d55a59db3c9fbda6b71619a5;483;69;1.339.880.394.935.600;TRUE;FALSE;60
88;30/04/2026 04:00;farm;R12;high;modify;0.0084;0.85;2;Given the high urgency level of the disruption, I must adjust outgoing orders to match our current production capacity. Reducing orders by 25% will help prevent further strain on resources and allow us to maintain a stable flock management. This adjustment should also enable us to increase production capacity by 5%, as instructed.;cot;llama3.1:8b;llama;Given the high urgency level of the disruption, I must adjust outgoing orders to match our current production capacity. Reducing orders by 25% will help prevent further strain on resources and allow us to maintain a stable flock management. This adjustment should also enable us to increase production capacity by 5%, as instructed.;ecc4567c2b724434ec6749ce9258a7e8ea3628b5e8c1771f01d15dbdae4248e1;525;88;3.024.685.025.215.140;TRUE;FALSE;60
88;30/04/2026 04:00;wholesaler;R12;high;modify;0.0079;0.8;2;Given the high urgency level of the disruption, I will modify our distribution capacity to 85% as instructed by the coordinator. This adjustment will help us optimize our distribution and ensure that we can meet the increased demand from incoming orders while also considering our inventory levels.;cot;llama3.1:8b;llama;Given the high urgency level of the disruption, I will modify our distribution capacity to 85% as instructed by the coordinator. This adjustment will help us optimize our distribution and ensure that we can meet the increased demand from incoming orders while also considering our inventory levels.;f2b7ade4fd885a9ef43ab76317f16fdde4857a16d43aa8bd8f9f468247413630;503;78;28.436.163.663.864.100;TRUE;FALSE;60
324;02/05/2026 15:00;slaughterhouse;R9;high;modify;0.0082;0.85;1;Given the high urgency level of the disruption, I will modify our current processing schedule to increase output stock by 15% as instructed by the coordinator. However, considering our current low worker availability and moderate processing delay, I must adjust the factor slightly to ensure a balanced response.;cot;llama3.1:8b;llama;Given the high urgency level of the disruption, I will modify our current processing schedule to increase output stock by 15% as instructed by the coordinator. However, considering our current low worker availability and moderate processing delay, I must adjust the factor slightly to ensure a balanced response.;e9303833f45e7a95337017c9685089a22d18f58b10c5a24767f10a06edc2d8f9;508;81;29.444.917.678.833.000;TRUE;FALSE;60
324;02/05/2026 15:00;wholesaler;R9;high;modify;0.0085;0.85;2;Given the high urgency level of the disruption, I will modify my current inventory allocation to prioritize retail orders as instructed by the coordinator. This decision is supported by our current low inventory levels and incoming orders exceeding capacity. By prioritizing retail, we can minimize stockouts and ensure critical customer needs are met.;cot;llama3.1:8b;llama;Given the high urgency level of the disruption, I will modify my current inventory allocation to prioritize retail orders as instructed by the coordinator. This decision is supported by our current low inventory levels and incoming orders exceeding capacity. By prioritizing retail, we can minimize stockouts and ensure critical customer needs are met.;8de6d8f287542134d3c21c3b747ccad99287e0dc1539b9dc83a7dec3cc29586e;512;86;30.768.497.943.878.100;TRUE;FALSE;60
324;02/05/2026 15:00;retail;R9;high;accept;0.0087;1.0;2;Given the high urgency level of the disruption, our current stockout status, and the coordinator's instruction to increase safety stock as a buffer, I accept the request to add 30 kg to the reorder request and adjust the safety stock by 10%. This will help mitigate the shortage and ensure we can meet customer demand.;cot;llama3.1:8b;llama;Given the high urgency level of the disruption, our current stockout status, and the coordinator's instruction to increase safety stock as a buffer, I accept the request to add 30 kg to the reorder request and adjust the safety stock by 10%. This will help mitigate the shortage and ensure we can meet customer demand.;cdca4c090cde5111ef17f6a8f5754107d5c4bb86cd608ea374c5d2c83ffe9bb2;503;89;3.114.845.108.985.900;TRUE;FALSE;60
352;02/05/2026 22:00;slaughterhouse;R9;high;modify;0.008;0.92;1;Given the high urgency level of the disruption, I will modify the output stock to meet the coordinator's instruction. However, considering our current processing capacity is below threshold and worker availability is low, I will adjust the factor slightly lower than before to ensure a more cautious approach.;cot;llama3.1:8b;llama;Given the high urgency level of the disruption, I will modify the output stock to meet the coordinator's instruction. However, considering our current processing capacity is below threshold and worker availability is low, I will adjust the factor slightly lower than before to ensure a more cautious approach.;36e1e22e304b18d6f9e5d946e15312f80369122b5a4e1e8413303a7da5f6b691;524;80;28.907.238.245.010.300;TRUE;FALSE;60
352;02/05/2026 22:00;wholesaler;R9;high;modify;0.0079;0.92;2;Given the high urgency level of the disruption, I will modify the instruction to prioritize inventory for Retail while maintaining current levels and cancelling 50% of non-priority pending shipments to focus on critical Retail needs.;cot;llama3.1:8b;llama;Given the high urgency level of the disruption, I will modify the instruction to prioritize inventory for Retail while maintaining current levels and cancelling 50% of non-priority pending shipments to focus on critical Retail needs.;5e6ffec13066a89b74ab5562427477e37496243125101938ee93d59a56d1f9e4;525;67;2.827.583.384.513.850;TRUE;FALSE;60
352;02/05/2026 22:00;retail;R9;high;accept;0.0084;1.0;2;Given the high urgency level of the disruption, I accept the coordinating agent's instruction to increase safety stock by 10% as an emergency buffer and add a reorder request for +30 kg. This will help mitigate potential stockouts and ensure continued supply during this crisis.;cot;llama3.1:8b;llama;Given the high urgency level of the disruption, I accept the coordinating agent's instruction to increase safety stock by 10% as an emergency buffer and add a reorder request for +30 kg. This will help mitigate potential stockouts and ensure continued supply during this crisis.;2ccfe272676a64ff484ce91803d9293174d1ce709a81792a77b7be3949d3aec2;517;78;3.026.921.033.859.250;TRUE;FALSE;60
36;01/05/2026 15:00;farm;R4;normal;modify;0.0076;0.8;1;Given the current production capacity is below 60%, reducing outgoing orders to 80% of actual capacity will help prevent further strain on resources and maintain a stable flock operation.;cot;llama3.1:8b;llama;Given the current production capacity is below 60%, reducing outgoing orders to 80% of actual capacity will help prevent further strain on resources and maintain a stable flock operation.;012d34cb2db4a30393ab602530e427a646a937abede5cc3ef41dc786cd72c559;502;60;27.206.533.193.588.200;TRUE;FALSE;61
36;01/05/2026 15:00;slaughterhouse;R4;normal;modify;0.0077;0.8;1;Given the current processing capacity is below threshold, reducing it to 80% as instructed by the coordinator will help prevent potential delays and maintain output stock levels within acceptable limits.;cot;llama3.1:8b;llama;Given the current processing capacity is below threshold, reducing it to 80% as instructed by the coordinator will help prevent potential delays and maintain output stock levels within acceptable limits.;1fc92340fe9f1bab05c58bf37b150211b4a1fd3c0c1f89e926503de30b7529c7;503;60;27.761.544.466.018.600;TRUE;FALSE;61
36;01/05/2026 15:00;retail;R4;normal;accept;0.0074;1.0;1;Given the current retail inventory is above safety stock, but sales rate is high and increasing, it's prudent to accept the coordinator's instruction to add a reorder request of +20 kg to mitigate potential future shortages.;cot;llama3.1:8b;llama;Given the current retail inventory is above safety stock, but sales rate is high and increasing, it's prudent to accept the coordinator's instruction to add a reorder request of +20 kg to mitigate potential future shortages.;ddd2d55911c5cce3c4d6d652a55cce5744591cb7d55a59db3c9fbda6b71619a5;483;67;26.817.704.677.581.700;TRUE;FALSE;61
88;02/05/2026 04:00;wholesaler;R8;normal;modify;0.0084;0.8;2;The current inventory level is below the threshold, but not critically low. The incoming orders are above capacity, and the delivery schedule is normal. Given the coordinator's instruction to reroute shipments and reduce pending shipments by 15%, I will modify my decision to accept these changes.;cot;llama3.1:8b;llama;The current inventory level is below the threshold, but not critically low. The incoming orders are above capacity, and the delivery schedule is normal. Given the coordinator's instruction to reroute shipments and reduce pending shipments by 15%, I will modify my decision to accept these changes.;fd5a4992d77a3595939c4a912b71db67266ab9e72b8e2dd4ca333b0338c453d6;506;81;30.085.522.174.835.200;TRUE;FALSE;61
88;02/05/2026 04:00;retail;R8;normal;modify;0.0084;0.8;1;Given the current retail inventory of 37.71 kg, which is above the safety stock threshold, and considering the coordinator's instruction to adjust demand_estimate to 95% due to potential disruption, I will modify the demand estimate to account for the expected delay without immediately triggering a stockout flag.;cot;llama3.1:8b;llama;Given the current retail inventory of 37.71 kg, which is above the safety stock threshold, and considering the coordinator's instruction to adjust demand_estimate to 95% due to potential disruption, I will modify the demand estimate to account for the expected delay without immediately triggering a stockout flag.;00e193fe1b0dc8acdce6f9b21ccd2580809de8723aff2f04f9b38d8c94f44b3f;496;85;3.038.296.604.156.490;TRUE;FALSE;61
111;02/05/2026 09:45;slaughterhouse;R9;high;modify;0.0086;0.85;1;Given the high urgency level of the disruption, I will modify our output stock to increase by 15% as instructed by the coordinator. However, considering our current operational constraints, such as low worker availability and near-maximum processing capacity, I will adjust the factor slightly to ensure a more cautious approach.;cot;llama3.1:8b;llama;Given the high urgency level of the disruption, I will modify our output stock to increase by 15% as instructed by the coordinator. However, considering our current operational constraints, such as low worker availability and near-maximum processing capacity, I will adjust the factor slightly to ensure a more cautious approach.;65da64d17da08deb14b5ccb8e0648da04aa5a8481dd7b0ad12d208650ccfdb58;508;86;3.109.075.140.953.060;TRUE;FALSE;61
111;02/05/2026 09:45;wholesaler;R9;high;modify;0.0087;0.85;2;Given the high urgency level of the disruption, I will modify my current inventory allocation to prioritize retail orders as instructed by the coordinator. This decision takes into account our current low inventory levels and the need to focus on critical retail shipments. By modifying our existing shipment schedule, we can ensure that essential products reach their destinations promptly.;cot;llama3.1:8b;llama;Given the high urgency level of the disruption, I will modify my current inventory allocation to prioritize retail orders as instructed by the coordinator. This decision takes into account our current low inventory levels and the need to focus on critical retail shipments. By modifying our existing shipment schedule, we can ensure that essential products reach their destinations promptly.;7e4aeddff850cd5c0798be7921736d16001c37dc57e34bb3a854b0795bb05df6;514;90;3.114.511.775.970.450;TRUE;FALSE;61
111;02/05/2026 09:45;retail;R9;high;accept;0.0086;1.0;2;The current retail inventory is below the safety stock threshold, and the sales rate has exceeded expectations by 150%. The coordinator's instruction to add a reorder request for +30 kg and increase the safety stock by 10% as an emergency buffer is appropriate given the high urgency level of the disruption.;cot;llama3.1:8b;llama;The current retail inventory is below the safety stock threshold, and the sales rate has exceeded expectations by 150%. The coordinator's instruction to add a reorder request for +30 kg and increase the safety stock by 10% as an emergency buffer is appropriate given the high urgency level of the disruption.;1b20880a17d646b411a96837e18febf6ac99196432fd785fbd5c0199974db737;515;84;3.084.204.363.822.930;TRUE;FALSE;61
360;05/05/2026 00:00;slaughterhouse;R9;high;modify;0.0087;0.92;1;Given the high urgency level of the disruption, I will modify the output stock to meet the coordinator's instruction. However, considering our current processing capacity is below threshold and worker availability is low, I will adjust the factor to ensure a balanced approach.;cot;llama3.1:8b;llama;Given the high urgency level of the disruption, I will modify the output stock to meet the coordinator's instruction. However, considering our current processing capacity is below threshold and worker availability is low, I will adjust the factor to ensure a balanced approach.;aadf0e3287e656cbacf767232f00bee6a832865b9f1404159dc403622fbd2adb;524;75;31.340.195.417.404.100;TRUE;FALSE;61
360;05/05/2026 00:00;wholesaler;R9;high;accept;0.0083;1.0;2;Given the high urgency level of the disruption, prioritizing inventory for Retail is necessary to ensure critical orders are fulfilled. Canceling 50% of non-priority pending shipments will help focus resources on Retail's needs and prevent stockouts.;cot;llama3.1:8b;llama;Given the high urgency level of the disruption, prioritizing inventory for Retail is necessary to ensure critical orders are fulfilled. Canceling 50% of non-priority pending shipments will help focus resources on Retail's needs and prevent stockouts.;59d48249f2e320c65e7483ba227852a740ad8c9d7ab8cc0d8a550dad802e4d03;528;72;30.010.175.943.374.600;TRUE;FALSE;61
360;05/05/2026 00:00;retail;R9;high;accept;0.0089;1.0;2;Given the high urgency level of the disruption, the current stockout status, and the coordinator's instruction to increase safety stock as a buffer, I accept the request to add 30 kg to the reorder request and adjust the safety stock by 10%. This will help mitigate the shortage and ensure continued supply to our customers.;cot;llama3.1:8b;llama;Given the high urgency level of the disruption, the current stockout status, and the coordinator's instruction to increase safety stock as a buffer, I accept the request to add 30 kg to the reorder request and adjust the safety stock by 10%. This will help mitigate the shortage and ensure continued supply to our customers.;1c720ed4c20a002f881e0ff74c179d4815b104742d16ff9f6f66694c4fe46ad7;529;89;321.985.867.023.468;TRUE;FALSE;61
36;03/05/2026 15:00;farm;R4;normal;modify;0.0041;0.8;1;Given the current production capacity is below 60%, reducing outgoing orders to 80% of actual capacity will help maintain a stable flock operation and prevent potential disruptions. This adjustment aligns with the coordinating agent's instruction, taking into account our local operational constraints.;cot;llama3.1:8b;llama;Given the current production capacity is below 60%, reducing outgoing orders to 80% of actual capacity will help maintain a stable flock operation and prevent potential disruptions. This adjustment aligns with the coordinating agent's instruction, taking into account our local operational constraints.;012d34cb2db4a30393ab602530e427a646a937abede5cc3ef41dc786cd72c559;502;77;14.844.443.798.065.100;TRUE;FALSE;62
36;03/05/2026 15:00;slaughterhouse;R4;normal;modify;0.0074;0.8;1;Given the current processing capacity is below threshold, reducing it to 80% as instructed by the coordinator will help prevent potential delays and maintain output stock levels within acceptable limits.;cot;llama3.1:8b;llama;Given the current processing capacity is below threshold, reducing it to 80% as instructed by the coordinator will help prevent potential delays and maintain output stock levels within acceptable limits.;1fc92340fe9f1bab05c58bf37b150211b4a1fd3c0c1f89e926503de30b7529c7;503;60;26.495.822.191.238.400;TRUE;FALSE;62
36;03/05/2026 15:00;retail;R4;normal;accept;0.0074;1.0;1;Given the current retail inventory is above safety stock, but sales rate is high and increasing, it's prudent to accept the coordinator's instruction to add a reorder request of +20 kg to mitigate potential future shortages.;cot;llama3.1:8b;llama;Given the current retail inventory is above safety stock, but sales rate is high and increasing, it's prudent to accept the coordinator's instruction to add a reorder request of +20 kg to mitigate potential future shortages.;ddd2d55911c5cce3c4d6d652a55cce5744591cb7d55a59db3c9fbda6b71619a5;483;67;26.726.261.138.916.000;TRUE;FALSE;62
88;04/05/2026 04:00;farm;R12;high;modify;0.0091;0.85;2;Given the high urgency level of the disruption, I must adjust outgoing orders to match our current production capacity. Reducing orders by 25% will help prevent further strain on resources and allow us to maintain a stable flock. Additionally, increasing production capacity by 5% through intensified operations is feasible considering our current mortality rate.;cot;llama3.1:8b;llama;Given the high urgency level of the disruption, I must adjust outgoing orders to match our current production capacity. Reducing orders by 25% will help prevent further strain on resources and allow us to maintain a stable flock. Additionally, increasing production capacity by 5% through intensified operations is feasible considering our current mortality rate.;e54203396e97a20c08fec180fd6e92e7a066f556c0fb8ce740a0d60a72f21eeb;525;90;3.290.200.686.454.770;TRUE;FALSE;62
88;04/05/2026 04:00;wholesaler;R12;high;modify;0.0088;0.8;2;Given the high urgency level of the disruption, I will modify our distribution capacity to 85% as instructed by the coordinator. This adjustment will help optimize our supply chain and ensure timely delivery of broilers to customers. However, I will not immediately change the delivery schedule to 'rerouted' without further assessment of its impact on our local operations.;cot;llama3.1:8b;llama;Given the high urgency level of the disruption, I will modify our distribution capacity to 85% as instructed by the coordinator. This adjustment will help optimize our supply chain and ensure timely delivery of broilers to customers. However, I will not immediately change the delivery schedule to 'rerouted' without further assessment of its impact on our local operations.;942a2adf8ecc981ce7f0dd7a8a700f966ac924d283eec79985efb7fc00a54fe3;503;95;31.780.027.627.944.900;TRUE;FALSE;62
36;05/05/2026 15:00;farm;R4;normal;modify;0.0074;0.8;1;Given the current production capacity is below 60%, reducing outgoing orders to 80% of actual capacity will help prevent further strain on resources and maintain a stable flock operation.;cot;llama3.1:8b;llama;Given the current production capacity is below 60%, reducing outgoing orders to 80% of actual capacity will help prevent further strain on resources and maintain a stable flock operation.;012d34cb2db4a30393ab602530e427a646a937abede5cc3ef41dc786cd72c559;502;60;26.476.919.651.031.400;TRUE;FALSE;63
36;05/05/2026 15:00;slaughterhouse;R4;normal;modify;0.0035;0.8;1;Given the current processing capacity is below threshold, reducing it to 80% as instructed by the coordinator will help prevent potential delays and maintain output stock levels within acceptable limits.;cot;llama3.1:8b;llama;Given the current processing capacity is below threshold, reducing it to 80% as instructed by the coordinator will help prevent potential delays and maintain output stock levels within acceptable limits.;1fc92340fe9f1bab05c58bf37b150211b4a1fd3c0c1f89e926503de30b7529c7;503;60;12.487.509.489.059.400;TRUE;FALSE;63
36;05/05/2026 15:00;retail;R4;normal;accept;0.0037;1.0;1;The current retail inventory is above the safety stock threshold, but sales rate is high and increasing. Adding +20 kg to the reorder request will help mitigate potential future shortages due to the coordinator's signal of a potential disruption.;cot;llama3.1:8b;llama;The current retail inventory is above the safety stock threshold, but sales rate is high and increasing. Adding +20 kg to the reorder request will help mitigate potential future shortages due to the coordinator's signal of a potential disruption.;ddd2d55911c5cce3c4d6d652a55cce5744591cb7d55a59db3c9fbda6b71619a5;483;69;13.474.608.421.325.600;TRUE;FALSE;63
88;06/05/2026 04:00;farm;R12;high;modify;0.0091;0.85;2;Given the high urgency level of the disruption, I must adjust outgoing orders to match our current production capacity. Reducing orders by 25% will help prevent further strain on resources and allow us to maintain a stable flock. Additionally, increasing production capacity by 5% through intensified operations may be feasible considering our current mortality rate is within acceptable limits.;cot;llama3.1:8b;llama;Given the high urgency level of the disruption, I must adjust outgoing orders to match our current production capacity. Reducing orders by 25% will help prevent further strain on resources and allow us to maintain a stable flock. Additionally, increasing production capacity by 5% through intensified operations may be feasible considering our current mortality rate is within acceptable limits.;4e933a7e2b88804a63faa60182bd98b88c2760589160ff552b44cbb6cb881eca;525;95;328.456.666.469.574;TRUE;FALSE;63
88;06/05/2026 04:00;wholesaler;R12;high;modify;0.0048;0.8;2;Given the high urgency level of the disruption, I will modify our distribution capacity to 85% as instructed by the coordinator. This adjustment will help optimize our supply chain and ensure timely delivery of broilers to our customers. However, I will not change the delivery schedule to 'rerouted' yet, as it may cause additional logistical complexities.;cot;llama3.1:8b;llama;Given the high urgency level of the disruption, I will modify our distribution capacity to 85% as instructed by the coordinator. This adjustment will help optimize our supply chain and ensure timely delivery of broilers to our customers. However, I will not change the delivery schedule to 'rerouted' yet, as it may cause additional logistical complexities.;942a2adf8ecc981ce7f0dd7a8a700f966ac924d283eec79985efb7fc00a54fe3;503;94;1.745.695.972.442.620;TRUE;FALSE;63
36;07/05/2026 15:00;farm;R4;normal;modify;0.0074;0.8;1;Given the current production capacity is below 60%, reducing outgoing orders to 80% of actual capacity will help prevent further strain on resources and maintain a stable flock operation.;cot;llama3.1:8b;llama;Given the current production capacity is below 60%, reducing outgoing orders to 80% of actual capacity will help prevent further strain on resources and maintain a stable flock operation.;012d34cb2db4a30393ab602530e427a646a937abede5cc3ef41dc786cd72c559;502;60;26.666.098.594.665.500;TRUE;FALSE;64
36;07/05/2026 15:00;slaughterhouse;R4;normal;modify;0.0033;0.8;1;Given the current processing capacity is below threshold, reducing it to 80% as instructed by the coordinator will help prevent potential delays and maintain output stock levels within acceptable limits.;cot;llama3.1:8b;llama;Given the current processing capacity is below threshold, reducing it to 80% as instructed by the coordinator will help prevent potential delays and maintain output stock levels within acceptable limits.;1fc92340fe9f1bab05c58bf37b150211b4a1fd3c0c1f89e926503de30b7529c7;503;60;1.197.747.802.734.370;TRUE;FALSE;64
36;07/05/2026 15:00;retail;R4;normal;accept;0.0037;1.0;1;The current retail inventory is above the safety stock threshold, but sales rate is high and increasing. Adding +20 kg to the reorder request will help mitigate potential future shortages due to the coordinator's signal of a potential disruption.;cot;llama3.1:8b;llama;The current retail inventory is above the safety stock threshold, but sales rate is high and increasing. Adding +20 kg to the reorder request will help mitigate potential future shortages due to the coordinator's signal of a potential disruption.;ddd2d55911c5cce3c4d6d652a55cce5744591cb7d55a59db3c9fbda6b71619a5;483;69;1.346.647.024.154.660;TRUE;FALSE;64
80;08/05/2026 02:00;wholesaler;R8;normal;modify;0.0079;0.8;2;The current inventory level is below the threshold, but not critically low. The incoming orders are above capacity, and the delivery schedule is normal. Modifying the delivery schedule to 'rerouted' will help mitigate potential disruptions and ensure timely delivery of critical shipments.;cot;llama3.1:8b;llama;The current inventory level is below the threshold, but not critically low. The incoming orders are above capacity, and the delivery schedule is normal. Modifying the delivery schedule to 'rerouted' will help mitigate potential disruptions and ensure timely delivery of critical shipments.;ad6bcf992c7ee5b9b01ec073725e0ade160e267730817f36ab226fb2badecfc6;506;77;28.527.596.950.531.000;TRUE;FALSE;64
80;08/05/2026 02:00;retail;R8;normal;modify;0.0083;0.8;1;Given the current retail inventory of 44.2 kg, which is above the safety stock threshold, and considering the coordinator's instruction to adjust demand_estimate to 95% due to potential disruption, I will modify the demand estimate to account for the anticipated delay without immediately triggering a stockout flag.;cot;llama3.1:8b;llama;Given the current retail inventory of 44.2 kg, which is above the safety stock threshold, and considering the coordinator's instruction to adjust demand_estimate to 95% due to potential disruption, I will modify the demand estimate to account for the anticipated delay without immediately triggering a stockout flag.;08a5cfb9483f3b0f846492f1f7d34667173f4e52c351a9786946327441d95a90;496;85;29.794.843.912.124.600;TRUE;FALSE;64
129;08/05/2026 14:15;slaughterhouse;R9;high;modify;0.0086;0.85;1;Given the high urgency level of the disruption, I will modify our output stock to increase by 15% as instructed by the coordinator. However, considering our current processing capacity is below threshold and worker availability is low, I will adjust the factor to 0.85 to ensure a more cautious approach.;cot;llama3.1:8b;llama;Given the high urgency level of the disruption, I will modify our output stock to increase by 15% as instructed by the coordinator. However, considering our current processing capacity is below threshold and worker availability is low, I will adjust the factor to 0.85 to ensure a more cautious approach.;5d3018f11b23f0763952ee02d56305f4b9e8cb83ba16984197ab65d33c6c490e;510;86;31.057.265.520.095.800;TRUE;FALSE;64
129;08/05/2026 14:15;wholesaler;R9;high;modify;0.0087;0.85;2;Given the high urgency level of the disruption, I will modify my current inventory allocation to prioritize retail orders as instructed by the coordinator. This decision is supported by our current low inventory levels and incoming orders exceeding capacity. By prioritizing retail orders, we can minimize stockouts and ensure critical customer needs are met.;cot;llama3.1:8b;llama;Given the high urgency level of the disruption, I will modify my current inventory allocation to prioritize retail orders as instructed by the coordinator. This decision is supported by our current low inventory levels and incoming orders exceeding capacity. By prioritizing retail orders, we can minimize stockouts and ensure critical customer needs are met.;6f547fa344998adbbea3e89f951c0bd051bebd54ed85bdd54935c018fccf1c2e;514;87;31.302.522.659.301.700;TRUE;FALSE;64
129;08/05/2026 14:15;retail;R9;high;accept;0.0087;1.0;2;The current retail inventory is below the safety stock threshold, and the sales rate has exceeded expectations by more than 50%. The coordinator's instruction to add a reorder request for +30 kg and increase the safety stock by 10% as an emergency buffer is appropriate given the high urgency level of the disruption.;cot;llama3.1:8b;llama;The current retail inventory is below the safety stock threshold, and the sales rate has exceeded expectations by more than 50%. The coordinator's instruction to add a reorder request for +30 kg and increase the safety stock by 10% as an emergency buffer is appropriate given the high urgency level of the disruption.;34d083d934e3bde9a61df2fb7e942f6fd74206920c19be6052efccccd534ff67;515;86;3.143.325.901.031.490;TRUE;FALSE;64
360;11/05/2026 00:00;slaughterhouse;R9;high;modify;0.0085;0.85;1;Given the high urgency level of the disruption, I will modify the output stock to meet the coordinator's instruction. However, considering our current processing capacity is below threshold and worker availability is low, I will adjust the factor slightly to ensure we don't overcommit resources.;cot;llama3.1:8b;llama;Given the high urgency level of the disruption, I will modify the output stock to meet the coordinator's instruction. However, considering our current processing capacity is below threshold and worker availability is low, I will adjust the factor slightly to ensure we don't overcommit resources.;6c649a9093bdf2d2ae92bc4361250eb4fcb11cbec256a7234e495bc586cf345f;524;79;30.446.657.419.204.700;TRUE;FALSE;64
360;11/05/2026 00:00;wholesaler;R9;high;accept;0.0081;1.0;2;Given the high urgency level of the disruption, prioritizing inventory for Retail is necessary to ensure critical orders are fulfilled. Canceling 50% of non-priority pending shipments will help focus resources on Retail's needs and prevent stockouts.;cot;llama3.1:8b;llama;Given the high urgency level of the disruption, prioritizing inventory for Retail is necessary to ensure critical orders are fulfilled. Canceling 50% of non-priority pending shipments will help focus resources on Retail's needs and prevent stockouts.;59d48249f2e320c65e7483ba227852a740ad8c9d7ab8cc0d8a550dad802e4d03;528;72;2.929.680.371.284.480;TRUE;FALSE;64
360;11/05/2026 00:00;retail;R9;high;accept;0.0079;1.0;2;Given the high urgency level of the disruption, our current stockout status, and the coordinator's instruction to increase safety stock as a buffer, I accept the request to reorder +30 kg immediately.;cot;llama3.1:8b;llama;Given the high urgency level of the disruption, our current stockout status, and the coordinator's instruction to increase safety stock as a buffer, I accept the request to reorder +30 kg immediately.;2d13a5485299ec5310fe48ac27b52ee58ec4a4f35fdd99d6f8b373d21258054b;529;64;28.574.616.193.771.300;TRUE;FALSE;64
36;09/05/2026 15:00;farm;R4;normal;modify;0.0042;0.8;1;Given the current production capacity is below 60%, reducing outgoing orders to 80% of actual capacity will help maintain a stable flock operation and prevent potential disruptions. This adjustment aligns with the coordinating agent's instruction, taking into account our local operational constraints.;cot;llama3.1:8b;llama;Given the current production capacity is below 60%, reducing outgoing orders to 80% of actual capacity will help maintain a stable flock operation and prevent potential disruptions. This adjustment aligns with the coordinating agent's instruction, taking into account our local operational constraints.;012d34cb2db4a30393ab602530e427a646a937abede5cc3ef41dc786cd72c559;502;77;14.993.017.196.655.200;TRUE;FALSE;65
36;09/05/2026 15:00;slaughterhouse;R4;normal;modify;0.0074;0.8;1;Given the current processing capacity is below threshold, reducing it to 80% as instructed by the coordinator will help prevent potential delays and maintain output stock levels within acceptable limits.;cot;llama3.1:8b;llama;Given the current processing capacity is below threshold, reducing it to 80% as instructed by the coordinator will help prevent potential delays and maintain output stock levels within acceptable limits.;1fc92340fe9f1bab05c58bf37b150211b4a1fd3c0c1f89e926503de30b7529c7;503;60;26.509.194.374.084.400;TRUE;FALSE;65
36;09/05/2026 15:00;retail;R4;normal;accept;0.0072;1.0;1;Given the current retail inventory is above safety stock, but sales rate is high and increasing, it's prudent to accept the coordinator's instruction to add a reorder request of +20 kg to mitigate potential future shortages.;cot;llama3.1:8b;llama;Given the current retail inventory is above safety stock, but sales rate is high and increasing, it's prudent to accept the coordinator's instruction to add a reorder request of +20 kg to mitigate potential future shortages.;ddd2d55911c5cce3c4d6d652a55cce5744591cb7d55a59db3c9fbda6b71619a5;483;67;26.056.507.110.595.700;TRUE;FALSE;65
88;10/05/2026 04:00;farm;R12;high;modify;0.0087;0.85;2;Given the high urgency level of the disruption, I must adjust outgoing orders to match our current production capacity. Reducing orders by 25% will help prevent further strain on resources and allow us to maintain a stable flock management. This adjustment should also enable us to increase production capacity by 5%, as instructed.;cot;llama3.1:8b;llama;Given the high urgency level of the disruption, I must adjust outgoing orders to match our current production capacity. Reducing orders by 25% will help prevent further strain on resources and allow us to maintain a stable flock management. This adjustment should also enable us to increase production capacity by 5%, as instructed.;aa129de5d884677da05b6976deb8e2622d1b284f1705edfdf991c3de664d3538;525;88;31.305.372.714.996.300;TRUE;FALSE;65
88;10/05/2026 04:00;wholesaler;R12;high;modify;0.009;0.8;2;Given the high urgency level of the disruption, I will modify our distribution capacity to 85% as instructed by the coordinator. This adjustment will help optimize our supply chain and ensure timely delivery of broilers to customers. However, I will not immediately change the delivery schedule to 'rerouted' without further assessment of its impact on our local operations.;cot;llama3.1:8b;llama;Given the high urgency level of the disruption, I will modify our distribution capacity to 85% as instructed by the coordinator. This adjustment will help optimize our supply chain and ensure timely delivery of broilers to customers. However, I will not immediately change the delivery schedule to 'rerouted' without further assessment of its impact on our local operations.;942a2adf8ecc981ce7f0dd7a8a700f966ac924d283eec79985efb7fc00a54fe3;503;95;3.247.846.508.026.120;TRUE;FALSE;65
360;13/05/2026 00:00;slaughterhouse;R9;high;modify;0.0084;0.85;1;Given the high urgency level of the disruption, I will modify our current processing schedule to increase output stock by 15% as instructed by the coordinator. However, considering our current low worker availability and moderate processing delay, I must adjust the factor slightly to ensure a balanced response.;cot;llama3.1:8b;llama;Given the high urgency level of the disruption, I will modify our current processing schedule to increase output stock by 15% as instructed by the coordinator. However, considering our current low worker availability and moderate processing delay, I must adjust the factor slightly to ensure a balanced response.;770de6a076869f2566c992f776bd7a7f966679f869966c15d91dd7f420574074;510;81;30.174.341.440.200.800;TRUE;FALSE;65
360;13/05/2026 00:00;wholesaler;R9;high;modify;0.0089;0.85;2;Given the high urgency level of the disruption, I will modify my current inventory allocation to prioritize retail orders as instructed by the coordinator. This decision is supported by our current low inventory levels and delayed delivery schedule, which necessitate a focus on critical retail shipments. By modifying our existing shipment plans, we can ensure that essential products reach their destinations promptly.;cot;llama3.1:8b;llama;Given the high urgency level of the disruption, I will modify my current inventory allocation to prioritize retail orders as instructed by the coordinator. This decision is supported by our current low inventory levels and delayed delivery schedule, which necessitate a focus on critical retail shipments. By modifying our existing shipment plans, we can ensure that essential products reach their destinations promptly.;3d7af2071cd8762c63857a0ebf948c97805b4d894dff603891efd7b0eb4560b7;511;95;32.180.718.421.936.000;TRUE;FALSE;65
360;13/05/2026 00:00;retail;R9;high;accept;0.0087;1.0;2;The current retail status indicates a severe stockout situation, with inventory at 0 kg and sales rate exceeding expected levels by 150%. The coordinator's instruction to add a reorder request of +30 kg and increase safety stock by 10% as an emergency buffer is appropriate given the high urgency level and disruption severity.;cot;llama3.1:8b;llama;The current retail status indicates a severe stockout situation, with inventory at 0 kg and sales rate exceeding expected levels by 150%. The coordinator's instruction to add a reorder request of +30 kg and increase safety stock by 10% as an emergency buffer is appropriate given the high urgency level and disruption severity.;67edc041fb5a3c052ce9304ee33111f437a07ac1352d4e383af723e0b7e0c3e8;503;88;3.147.829.246.520.990;TRUE;FALSE;65
432;13/05/2026 18:00;slaughterhouse;R9;high;modify;0.0085;0.92;1;Given the high urgency level of the disruption, I will modify the output stock to meet the coordinator's instruction. However, considering our current processing capacity is below 50%, I will adjust the factor slightly lower than before to ensure we don't overcommit and risk further delays.;cot;llama3.1:8b;llama;Given the high urgency level of the disruption, I will modify the output stock to meet the coordinator's instruction. However, considering our current processing capacity is below 50%, I will adjust the factor slightly lower than before to ensure we don't overcommit and risk further delays.;fa06f31ed78d4d2ff0c29a861e42736101422a0aa26c7a34321e8855aac10e01;524;81;30.438.337.802.886.900;TRUE;FALSE;65
432;13/05/2026 18:00;wholesaler;R9;high;modify;0.0078;0.92;2;Given the high urgency level of the disruption, I will modify the instruction to prioritize inventory for Retail while maintaining current levels and cancelling 50% of non-priority pending shipments to focus on critical Retail needs.;cot;llama3.1:8b;llama;Given the high urgency level of the disruption, I will modify the instruction to prioritize inventory for Retail while maintaining current levels and cancelling 50% of non-priority pending shipments to focus on critical Retail needs.;ae53f3854fc63bb5dc51b861314028873e23badfc188b8fd71ef4ae8c603907b;525;67;2.793.993.592.262.260;TRUE;FALSE;65
432;13/05/2026 18:00;retail;R9;high;accept;0.0079;1.0;2;Given the high urgency level of the disruption, the current stockout status, and the coordinator's instruction to increase safety stock as a buffer, I accept the request to add 30 kg to the reorder request and adjust the safety stock by 10%. This will help mitigate the shortage and ensure continued supply to meet customer demand.;cot;llama3.1:8b;llama;Given the high urgency level of the disruption, the current stockout status, and the coordinator's instruction to increase safety stock as a buffer, I accept the request to add 30 kg to the reorder request and adjust the safety stock by 10%. This will help mitigate the shortage and ensure continued supply to meet customer demand.;d09dcf5b6c070a038b5bec8f78c368028e5cd13e00ed573513d28f4814cd8380;517;90;2.842.615.032.196.040;TRUE;FALSE;65
36;11/05/2026 15:00;farm;R4;normal;modify;0.0072;0.8;1;Given the current production capacity is below 60%, reducing outgoing orders to 80% of actual capacity will help prevent further strain on resources and maintain a stable flock operation.;cot;llama3.1:8b;llama;Given the current production capacity is below 60%, reducing outgoing orders to 80% of actual capacity will help prevent further strain on resources and maintain a stable flock operation.;012d34cb2db4a30393ab602530e427a646a937abede5cc3ef41dc786cd72c559;502;60;25.925.379.514.694.200;TRUE;FALSE;66
36;11/05/2026 15:00;slaughterhouse;R4;normal;modify;0.0074;0.8;1;Given the current processing capacity is below threshold, reducing it to 80% as instructed by the coordinator will help prevent potential delays and maintain output stock levels within acceptable limits.;cot;llama3.1:8b;llama;Given the current processing capacity is below threshold, reducing it to 80% as instructed by the coordinator will help prevent potential delays and maintain output stock levels within acceptable limits.;1fc92340fe9f1bab05c58bf37b150211b4a1fd3c0c1f89e926503de30b7529c7;503;60;26.758.902.549.743.600;TRUE;FALSE;66
36;11/05/2026 15:00;retail;R4;normal;accept;0.0073;1.0;1;Given the current retail inventory is above safety stock, but sales rate is high and increasing, it's prudent to accept the coordinator's instruction to add a reorder request of +20 kg to mitigate potential future shortages.;cot;llama3.1:8b;llama;Given the current retail inventory is above safety stock, but sales rate is high and increasing, it's prudent to accept the coordinator's instruction to add a reorder request of +20 kg to mitigate potential future shortages.;ddd2d55911c5cce3c4d6d652a55cce5744591cb7d55a59db3c9fbda6b71619a5;483;67;2.631.987.237.930.290;TRUE;FALSE;66
88;12/05/2026 04:00;farm;R12;high;modify;0.0087;0.85;2;Given the high urgency level of the disruption, I must adjust outgoing orders to match our current production capacity. Reducing orders by 25% will help prevent further strain on resources and allow us to maintain a stable flock management. This adjustment should also enable us to increase production capacity by 5%, as instructed.;cot;llama3.1:8b;llama;Given the high urgency level of the disruption, I must adjust outgoing orders to match our current production capacity. Reducing orders by 25% will help prevent further strain on resources and allow us to maintain a stable flock management. This adjustment should also enable us to increase production capacity by 5%, as instructed.;72f1909f60a1ce8ff646f1461270c19a6fce4130a48ae19b8cbad87146aaa2c0;525;88;31.280.473.232.269.200;TRUE;FALSE;66
88;12/05/2026 04:00;wholesaler;R12;high;modify;0.0087;0.8;2;Given the high urgency level of the disruption, I will modify our distribution capacity to 85% as instructed by the coordinator. This adjustment will help optimize our supply chain and ensure timely delivery of broilers to customers. However, I will not immediately change the delivery schedule to 'rerouted' without further assessment of its impact on our local operations.;cot;llama3.1:8b;llama;Given the high urgency level of the disruption, I will modify our distribution capacity to 85% as instructed by the coordinator. This adjustment will help optimize our supply chain and ensure timely delivery of broilers to customers. However, I will not immediately change the delivery schedule to 'rerouted' without further assessment of its impact on our local operations.;942a2adf8ecc981ce7f0dd7a8a700f966ac924d283eec79985efb7fc00a54fe3;503;95;3.126.042.604.446.410;TRUE;FALSE;66
36;13/05/2026 15:00;farm;R4;normal;modify;0.0072;0.8;1;Given the current production capacity is below 60%, reducing outgoing orders to 80% of actual capacity will help prevent further strain on resources and maintain a stable flock operation.;cot;llama3.1:8b;llama;Given the current production capacity is below 60%, reducing outgoing orders to 80% of actual capacity will help prevent further strain on resources and maintain a stable flock operation.;012d34cb2db4a30393ab602530e427a646a937abede5cc3ef41dc786cd72c559;502;60;25.994.935.512.542.700;TRUE;FALSE;67
36;13/05/2026 15:00;slaughterhouse;R4;normal;modify;0.0033;0.8;1;Given the current processing capacity is below threshold, reducing it to 80% as instructed by the coordinator will help prevent potential delays and maintain output stock levels within acceptable limits.;cot;llama3.1:8b;llama;Given the current processing capacity is below threshold, reducing it to 80% as instructed by the coordinator will help prevent potential delays and maintain output stock levels within acceptable limits.;1fc92340fe9f1bab05c58bf37b150211b4a1fd3c0c1f89e926503de30b7529c7;503;60;11.727.219.581.604.000;TRUE;FALSE;67
36;13/05/2026 15:00;retail;R4;normal;accept;0.0037;1.0;1;The current retail inventory is above the safety stock threshold, but sales rate is high and increasing. Adding +20 kg to the reorder request will help mitigate potential future shortages due to the coordinator's signal of a potential disruption.;cot;llama3.1:8b;llama;The current retail inventory is above the safety stock threshold, but sales rate is high and increasing. Adding +20 kg to the reorder request will help mitigate potential future shortages due to the coordinator's signal of a potential disruption.;ddd2d55911c5cce3c4d6d652a55cce5744591cb7d55a59db3c9fbda6b71619a5;483;69;1.340.198.826.789.850;TRUE;FALSE;67
96;14/05/2026 06:00;wholesaler;R14;normal;modify;0.0078;0.8;1;Given the current inventory level is below 30% capacity, I will modify the reorder point by 10% as instructed to anticipate potential surge in reorders from Retail. This adjustment should help mitigate the risk of stockouts while also avoiding overstocking.;cot;llama3.1:8b;llama;Given the current inventory level is below 30% capacity, I will modify the reorder point by 10% as instructed to anticipate potential surge in reorders from Retail. This adjustment should help mitigate the risk of stockouts while also avoiding overstocking.;205f68787114c778b39ce9bca49865c73ebf9871da1d81faa15016bd3ab3f25a;490;77;27.948.965.549.468.900;TRUE;FALSE;67
96;14/05/2026 06:00;retail;R14;normal;accept;0.0085;1.0;2;The current retail inventory is below the safety stock threshold, but not critically low. The sales rate is high, indicating a surge in demand. Given the coordinator's instruction to increase reorder request by +25 kg and update demand estimate by 10%, I accept this adjustment as it aligns with our operational constraints.;cot;llama3.1:8b;llama;The current retail inventory is below the safety stock threshold, but not critically low. The sales rate is high, indicating a surge in demand. Given the coordinator's instruction to increase reorder request by +25 kg and update demand estimate by 10%, I accept this adjustment as it aligns with our operational constraints.;2aed0aa457f12e302558b62dce77a7f095353bf06c974513a819d43bf46aba2d;506;87;3.062.089.967.727.660;TRUE;FALSE;67
144;14/05/2026 18:00;wholesaler;R14;normal;modify;0.0075;0.85;1;Given the current inventory level is below 30% capacity, I accept the instruction to increase the reorder point by 10%. This will help mitigate potential stockouts and ensure timely delivery of broilers to our customers.;cot;llama3.1:8b;llama;Given the current inventory level is below 30% capacity, I accept the instruction to increase the reorder point by 10%. This will help mitigate potential stockouts and ensure timely delivery of broilers to our customers.;00a476859af6b4603e0c375988c051ace05c5ce22d4007aadc252d62faae7da8;496;69;27.027.249.336.242.600;TRUE;FALSE;67
144;14/05/2026 18:00;retail;R14;normal;accept;0.0081;1.0;2;Given the current stockout flag is active, sales rate exceeds expected levels, and shortage duration has exceeded 2 hours, it's essential to accept the coordinator's instruction to increase reorder request by +25 kg to mitigate potential disruption.;cot;llama3.1:8b;llama;Given the current stockout flag is active, sales rate exceeds expected levels, and shortage duration has exceeded 2 hours, it's essential to accept the coordinator's instruction to increase reorder request by +25 kg to mitigate potential disruption.;8e3b7341d571972cdd2e93961eb41a6187121446fdee77e57dff76fa862cc55d;522;71;29.169.479.370.117.100;TRUE;FALSE;67
216;15/05/2026 12:00;wholesaler;R14;normal;modify;0.009;0.92;1;Given the current inventory level is below 30% capacity, incoming orders are exceeding our capacity by 120%, and delivery schedule is delayed, I believe it's necessary to adjust the reorder point by 10% as instructed by the coordinator to anticipate potential surge in reorders from Retail. This adjustment will help mitigate the risk of stockouts and ensure timely delivery.;cot;llama3.1:8b;llama;Given the current inventory level is below 30% capacity, incoming orders are exceeding our capacity by 120%, and delivery schedule is delayed, I believe it's necessary to adjust the reorder point by 10% as instructed by the coordinator to anticipate potential surge in reorders from Retail. This adjustment will help mitigate the risk of stockouts and ensure timely delivery.;9bf43de6ed4386412c8a45a0b73dad09266e7303a279177b05df1567fc133623;510;98;32.275.153.875.350.900;TRUE;FALSE;67
216;15/05/2026 12:00;retail;R14;normal;modify;0.0081;0.8;2;Given the current stockout flag is high, sales rate exceeds expected levels, and shortage duration is prolonged, I will modify the reorder request to +25 kg as instructed by the coordinator. However, considering our local operational constraints, I will not update the demand estimate yet to avoid overcorrecting.;cot;llama3.1:8b;llama;Given the current stockout flag is high, sales rate exceeds expected levels, and shortage duration is prolonged, I will modify the reorder request to +25 kg as instructed by the coordinator. However, considering our local operational constraints, I will not update the demand estimate yet to avoid overcorrecting.;8617db0a3843420e238120effc412d8678cf5f0d6e1f06912534952ace72981b;536;85;29.132.814.168.930.000;TRUE;FALSE;67
36;15/05/2026 15:00;farm;R4;normal;modify;0.0042;0.8;1;Given the current production capacity is below 60%, reducing outgoing orders to 80% of actual capacity will help maintain a stable flock operation and prevent potential disruptions. This adjustment aligns with the coordinating agent's instruction, taking into account our local operational constraints.;cot;llama3.1:8b;llama;Given the current production capacity is below 60%, reducing outgoing orders to 80% of actual capacity will help maintain a stable flock operation and prevent potential disruptions. This adjustment aligns with the coordinating agent's instruction, taking into account our local operational constraints.;012d34cb2db4a30393ab602530e427a646a937abede5cc3ef41dc786cd72c559;502;77;1.494.303.035.736.080;TRUE;FALSE;68
36;15/05/2026 15:00;slaughterhouse;R4;normal;modify;0.0035;0.8;1;Given the current processing capacity is below threshold, reducing it to 80% as instructed by the coordinator will help prevent potential delays and maintain output stock levels within acceptable limits.;cot;llama3.1:8b;llama;Given the current processing capacity is below threshold, reducing it to 80% as instructed by the coordinator will help prevent potential delays and maintain output stock levels within acceptable limits.;1fc92340fe9f1bab05c58bf37b150211b4a1fd3c0c1f89e926503de30b7529c7;503;60;12.481.359.958.648.600;TRUE;FALSE;68
36;15/05/2026 15:00;retail;R4;normal;accept;0.0077;1.0;1;Given the current retail inventory is above safety stock, but sales rate is high and increasing, it's prudent to accept the coordinator's instruction to add a reorder request of +20 kg to mitigate potential future shortages.;cot;llama3.1:8b;llama;Given the current retail inventory is above safety stock, but sales rate is high and increasing, it's prudent to accept the coordinator's instruction to add a reorder request of +20 kg to mitigate potential future shortages.;ddd2d55911c5cce3c4d6d652a55cce5744591cb7d55a59db3c9fbda6b71619a5;483;67;27.669.596.910.476.600;TRUE;FALSE;68
88;16/05/2026 04:00;wholesaler;R8;normal;modify;0.0083;0.8;2;The current inventory level is below the threshold, but not critically low. The incoming orders are above capacity, and the delivery schedule is normal. Given the coordinator's instruction to reroute shipments and reduce pending shipments by 15%, I will modify my decision to accept these changes.;cot;llama3.1:8b;llama;The current inventory level is below the threshold, but not critically low. The incoming orders are above capacity, and the delivery schedule is normal. Given the coordinator's instruction to reroute shipments and reduce pending shipments by 15%, I will modify my decision to accept these changes.;fd5a4992d77a3595939c4a912b71db67266ab9e72b8e2dd4ca333b0338c453d6;506;81;297.885.684.967.041;TRUE;FALSE;68
88;16/05/2026 04:00;retail;R8;normal;modify;0.0084;0.8;1;Given the current retail inventory of 37.71 kg, which is above the safety stock threshold, and considering the coordinator's instruction to adjust demand_estimate to 95% due to potential disruption, I will modify the demand estimate to account for the expected delay without immediately triggering a stockout flag.;cot;llama3.1:8b;llama;Given the current retail inventory of 37.71 kg, which is above the safety stock threshold, and considering the coordinator's instruction to adjust demand_estimate to 95% due to potential disruption, I will modify the demand estimate to account for the expected delay without immediately triggering a stockout flag.;00e193fe1b0dc8acdce6f9b21ccd2580809de8723aff2f04f9b38d8c94f44b3f;496;85;301.567.599.773.407;TRUE;FALSE;68
111;16/05/2026 09:45;slaughterhouse;R9;high;modify;0.0086;0.85;1;Given the high urgency level of the disruption, I will modify our output stock to increase by 15% as instructed by the coordinator. However, considering our current operational constraints, such as low worker availability and near-maximum processing capacity, I will adjust the factor slightly to ensure a more cautious approach.;cot;llama3.1:8b;llama;Given the high urgency level of the disruption, I will modify our output stock to increase by 15% as instructed by the coordinator. However, considering our current operational constraints, such as low worker availability and near-maximum processing capacity, I will adjust the factor slightly to ensure a more cautious approach.;65da64d17da08deb14b5ccb8e0648da04aa5a8481dd7b0ad12d208650ccfdb58;508;86;30.843.896.865.844.700;TRUE;FALSE;68
111;16/05/2026 09:45;wholesaler;R9;high;modify;0.0088;0.85;2;Given the high urgency level of the disruption, I will modify my current inventory allocation to prioritize retail orders as instructed by the coordinator. This decision takes into account our current low inventory levels and the need to focus on critical retail shipments. By modifying our existing shipment schedule, we can ensure that essential products reach their destinations promptly.;cot;llama3.1:8b;llama;Given the high urgency level of the disruption, I will modify my current inventory allocation to prioritize retail orders as instructed by the coordinator. This decision takes into account our current low inventory levels and the need to focus on critical retail shipments. By modifying our existing shipment schedule, we can ensure that essential products reach their destinations promptly.;7e4aeddff850cd5c0798be7921736d16001c37dc57e34bb3a854b0795bb05df6;514;90;3.174.490.237.236.020;TRUE;FALSE;68
111;16/05/2026 09:45;retail;R9;high;accept;0.0083;1.0;2;The current retail inventory is below the safety stock threshold, and the sales rate has exceeded expectations by 150%. The coordinator's instruction to add a reorder request for +30 kg and increase the safety stock by 10% as an emergency buffer is appropriate given the high urgency level of the disruption.;cot;llama3.1:8b;llama;The current retail inventory is below the safety stock threshold, and the sales rate has exceeded expectations by 150%. The coordinator's instruction to add a reorder request for +30 kg and increase the safety stock by 10% as an emergency buffer is appropriate given the high urgency level of the disruption.;1b20880a17d646b411a96837e18febf6ac99196432fd785fbd5c0199974db737;515;84;3.005.211.329.460.140;TRUE;FALSE;68
36;17/05/2026 15:00;farm;R4;normal;modify;0.0041;0.8;1;Given the current production capacity is below 60%, reducing outgoing orders to 80% of actual capacity will help maintain a stable flock operation and prevent potential disruptions. This adjustment aligns with the coordinating agent's instruction, taking into account our local operational constraints.;cot;llama3.1:8b;llama;Given the current production capacity is below 60%, reducing outgoing orders to 80% of actual capacity will help maintain a stable flock operation and prevent potential disruptions. This adjustment aligns with the coordinating agent's instruction, taking into account our local operational constraints.;012d34cb2db4a30393ab602530e427a646a937abede5cc3ef41dc786cd72c559;502;77;1.458.387.565.612.790;TRUE;FALSE;69
36;17/05/2026 15:00;slaughterhouse;R4;normal;modify;0.0072;0.8;1;Given the current processing capacity is below threshold, reducing it to 80% as instructed by the coordinator will help prevent potential delays and maintain output stock levels within acceptable limits.;cot;llama3.1:8b;llama;Given the current processing capacity is below threshold, reducing it to 80% as instructed by the coordinator will help prevent potential delays and maintain output stock levels within acceptable limits.;1fc92340fe9f1bab05c58bf37b150211b4a1fd3c0c1f89e926503de30b7529c7;503;60;25.767.940.521.240.200;TRUE;FALSE;69
36;17/05/2026 15:00;retail;R4;normal;accept;0.0073;1.0;1;Given the current retail inventory is above safety stock, but sales rate is high and increasing, it's prudent to accept the coordinator's instruction to add a reorder request of +20 kg to mitigate potential future shortages.;cot;llama3.1:8b;llama;Given the current retail inventory is above safety stock, but sales rate is high and increasing, it's prudent to accept the coordinator's instruction to add a reorder request of +20 kg to mitigate potential future shortages.;ddd2d55911c5cce3c4d6d652a55cce5744591cb7d55a59db3c9fbda6b71619a5;483;67;26.177.581.071.853.600;TRUE;FALSE;69
88;18/05/2026 04:00;farm;R12;high;modify;0.0085;0.85;2;Given the high urgency level of the disruption, I must adjust outgoing orders to match our current production capacity. Reducing orders by 25% will help prevent further strain on resources and allow us to maintain a stable flock management. This adjustment should also enable us to increase production capacity by 5%, as instructed.;cot;llama3.1:8b;llama;Given the high urgency level of the disruption, I must adjust outgoing orders to match our current production capacity. Reducing orders by 25% will help prevent further strain on resources and allow us to maintain a stable flock management. This adjustment should also enable us to increase production capacity by 5%, as instructed.;ecc4567c2b724434ec6749ce9258a7e8ea3628b5e8c1771f01d15dbdae4248e1;525;88;3.060.137.677.192.680;TRUE;FALSE;69
88;18/05/2026 04:00;wholesaler;R12;high;modify;0.0087;0.8;2;Given the high urgency level of the disruption, I will modify our distribution capacity to 85% as instructed by the coordinator. This adjustment will help optimize our supply chain and ensure timely delivery of broilers to customers. However, I will not immediately change the delivery schedule to 'rerouted' without further assessment of its impact on our local operations.;cot;llama3.1:8b;llama;Given the high urgency level of the disruption, I will modify our distribution capacity to 85% as instructed by the coordinator. This adjustment will help optimize our supply chain and ensure timely delivery of broilers to customers. However, I will not immediately change the delivery schedule to 'rerouted' without further assessment of its impact on our local operations.;942a2adf8ecc981ce7f0dd7a8a700f966ac924d283eec79985efb7fc00a54fe3;503;95;31.294.823.169.708.200;TRUE;FALSE;69
360;21/05/2026 00:00;slaughterhouse;R9;high;modify;0.0086;0.85;1;Given the high urgency level of the disruption, I will modify our current processing schedule to increase output stock by 15% as instructed by the coordinator. However, considering our current low worker availability and moderate processing delay, I must adjust the factor slightly to ensure we can meet the new target without compromising other operational constraints.;cot;llama3.1:8b;llama;Given the high urgency level of the disruption, I will modify our current processing schedule to increase output stock by 15% as instructed by the coordinator. However, considering our current low worker availability and moderate processing delay, I must adjust the factor slightly to ensure we can meet the new target without compromising other operational constraints.;4885786aa5662c36dc3149802beb4f55c8b49482e6a479b6624db00a98601f3e;510;89;30.920.879.364.013.600;TRUE;FALSE;69
360;21/05/2026 00:00;wholesaler;R9;high;modify;0.0085;0.85;2;Given the high urgency level of the disruption, I must prioritize inventory allocation to Retail as instructed by the Coordinating Agent. However, considering our current low inventory levels and incoming orders exceeding capacity, a modification is necessary to ensure we meet critical Retail demands without compromising on other non-priority shipments.;cot;llama3.1:8b;llama;Given the high urgency level of the disruption, I must prioritize inventory allocation to Retail as instructed by the Coordinating Agent. However, considering our current low inventory levels and incoming orders exceeding capacity, a modification is necessary to ensure we meet critical Retail demands without compromising on other non-priority shipments.;dbc3f9d9dad9845c3ca9afcf68a5531f47b343a2a033971b5475a2d0d4e22d8c;512;85;3.050.917.887.687.680;TRUE;FALSE;69
360;21/05/2026 00:00;retail;R9;high;accept;0.0088;1.0;2;Given the high urgency level of the disruption, our current stockout status, and the coordinator's instruction to increase safety stock as a buffer, I accept the request to add 30 kg to the reorder request and adjust the safety stock by 10%. This will help mitigate the shortage and ensure we can meet customer demand during this challenging period.;cot;llama3.1:8b;llama;Given the high urgency level of the disruption, our current stockout status, and the coordinator's instruction to increase safety stock as a buffer, I accept the request to add 30 kg to the reorder request and adjust the safety stock by 10%. This will help mitigate the shortage and ensure we can meet customer demand during this challenging period.;1c9f39e20da28ce07abf0d71aef5b6340b5508c8adbcaeea90837b400b3b6fed;503;93;3.159.633.469.581.600;TRUE;FALSE;69
432;21/05/2026 18:00;slaughterhouse;R9;high;modify;0.008;0.92;1;Given the high urgency level of the disruption, I will modify the output stock to meet the coordinator's instruction. However, considering our current processing capacity is below threshold and worker availability is low, I will adjust the factor slightly lower than before to ensure a more cautious approach.;cot;llama3.1:8b;llama;Given the high urgency level of the disruption, I will modify the output stock to meet the coordinator's instruction. However, considering our current processing capacity is below threshold and worker availability is low, I will adjust the factor slightly lower than before to ensure a more cautious approach.;36e1e22e304b18d6f9e5d946e15312f80369122b5a4e1e8413303a7da5f6b691;524;80;2.870.175.838.470.450;TRUE;FALSE;69
432;21/05/2026 18:00;wholesaler;R9;high;modify;0.0079;0.92;2;Given the high urgency level of the disruption, I will modify the instruction to prioritize inventory for Retail while maintaining current levels and cancelling 50% of non-priority pending shipments to focus on critical Retail needs.;cot;llama3.1:8b;llama;Given the high urgency level of the disruption, I will modify the instruction to prioritize inventory for Retail while maintaining current levels and cancelling 50% of non-priority pending shipments to focus on critical Retail needs.;8ffbbeff638fe04ccfb122e3bd2f6d80804f1754eec989141ee1047ca3a30224;525;67;28.388.344.764.709.400;TRUE;FALSE;69
432;21/05/2026 18:00;retail;R9;high;accept;0.0081;1.0;2;Given the high urgency level of the disruption, the current stockout status, and the coordinator's instruction to increase safety stock as a buffer, I accept the request to add 30 kg to the reorder request and adjust the safety stock by 10%. This will help mitigate the shortage and ensure continued supply to meet customer demand.;cot;llama3.1:8b;llama;Given the high urgency level of the disruption, the current stockout status, and the coordinator's instruction to increase safety stock as a buffer, I accept the request to add 30 kg to the reorder request and adjust the safety stock by 10%. This will help mitigate the shortage and ensure continued supply to meet customer demand.;4b847a0d05c805cdee375c198d579f28075501114e2c66e3f11403dc0cc6dc9a;517;90;29.068.203.926.086.400;TRUE;FALSE;69
440;21/05/2026 20:00;slaughterhouse;R9;high;modify;0.0068;0.92;1;Given the high urgency level of the disruption, I will modify my current output stock to meet the coordinator's instruction. However, considering our local operational constraints and processing capacity, I will not fully accept the instruction as it may lead to overproduction. A factor of 0.92 reflects a compromise between meeting the demand and maintaining our production schedule.;cot;llama3.1:8b;llama;Given the high urgency level of the disruption, I will modify my current output stock to meet the coordinator's instruction. However, considering our local operational constraints and processing capacity, I will not fully accept the instruction as it may lead to overproduction. A factor of 0.92 reflects a compromise between meeting the demand and maintaining our production schedule.;7bf7a37e9de4e8776cadac9e048473af9b00524a0a9f7cd0d905b208f912d45d;538;95;24.462.759.256.362.900;TRUE;FALSE;69
440;21/05/2026 20:00;wholesaler;R9;high;modify;0.009;0.92;2;Given the high urgency level of the disruption, I will modify the instruction to prioritize inventory for Retail and cancel 50% of non-priority pending shipments to focus on critical Retail orders. This decision is based on my experience managing wholesale distribution during disrupted conditions and the need to balance competing demands in a constrained environment.;cot;llama3.1:8b;llama;Given the high urgency level of the disruption, I will modify the instruction to prioritize inventory for Retail and cancel 50% of non-priority pending shipments to focus on critical Retail orders. This decision is based on my experience managing wholesale distribution during disrupted conditions and the need to balance competing demands in a constrained environment.;9c912374beb273f61a749f739d278441e7665120761db009fe1f3f199c7e82b4;541;88;32.364.810.943.603.500;TRUE;FALSE;69
440;21/05/2026 20:00;retail;R9;high;accept;0.0099;1.0;2;Given the high urgency level of the disruption, I accept the coordinating agent's instruction to increase reorder request by +30 kg and adjust safety stock by 10% as an emergency buffer. This decision is based on my experience managing consumer-facing poultry retail during demand surges from AI outbreak-related panic buying. The current retail status indicates a severe shortage with sales rate exceeding expected levels, making it necessary to take immediate action.;cot;llama3.1:8b;llama;Given the high urgency level of the disruption, I accept the coordinating agent's instruction to increase reorder request by +30 kg and adjust safety stock by 10% as an emergency buffer. This decision is based on my experience managing consumer-facing poultry retail during demand surges from AI outbreak-related panic buying. The current retail status indicates a severe shortage with sales rate exceeding expected levels, making it necessary to take immediate action.;a5148b8a9cb3079143cd0c922ed5e7e86cf0d7d4cc8ba24d05551b0b028863ee;531;108;3.548.579.525.947.570;TRUE;FALSE;69
36;19/05/2026 15:00;farm;R4;normal;modify;0.0073;0.8;1;Given the current production capacity is below 60%, reducing outgoing orders to 80% of actual capacity will help prevent further strain on resources and maintain a stable flock operation.;cot;llama3.1:8b;llama;Given the current production capacity is below 60%, reducing outgoing orders to 80% of actual capacity will help prevent further strain on resources and maintain a stable flock operation.;012d34cb2db4a30393ab602530e427a646a937abede5cc3ef41dc786cd72c559;502;60;26.354.730.129.241.900;TRUE;FALSE;70
36;19/05/2026 15:00;slaughterhouse;R4;normal;modify;0.0074;0.8;1;Given the current processing capacity is below threshold, reducing it to 80% as instructed by the coordinator will help prevent potential delays and maintain output stock levels within acceptable limits.;cot;llama3.1:8b;llama;Given the current processing capacity is below threshold, reducing it to 80% as instructed by the coordinator will help prevent potential delays and maintain output stock levels within acceptable limits.;1fc92340fe9f1bab05c58bf37b150211b4a1fd3c0c1f89e926503de30b7529c7;503;60;26.808.334.589.004.500;TRUE;FALSE;70
36;19/05/2026 15:00;retail;R4;normal;accept;0.0074;1.0;1;Given the current retail inventory is above safety stock, but sales rate is high and increasing, it's prudent to accept the coordinator's instruction to add a reorder request of +20 kg to mitigate potential future shortages.;cot;llama3.1:8b;llama;Given the current retail inventory is above safety stock, but sales rate is high and increasing, it's prudent to accept the coordinator's instruction to add a reorder request of +20 kg to mitigate potential future shortages.;ddd2d55911c5cce3c4d6d652a55cce5744591cb7d55a59db3c9fbda6b71619a5;483;67;2.677.468.514.442.440;TRUE;FALSE;70
88;20/05/2026 04:00;farm;R12;high;modify;0.009;0.85;2;Given the high urgency level of the disruption, I must adjust outgoing orders to match our current production capacity. Reducing orders by 25% will help prevent further strain on resources and allow us to maintain a stable flock. Additionally, increasing production capacity by 5% through intensified operations may be feasible considering our current mortality rate is within acceptable limits.;cot;llama3.1:8b;llama;Given the high urgency level of the disruption, I must adjust outgoing orders to match our current production capacity. Reducing orders by 25% will help prevent further strain on resources and allow us to maintain a stable flock. Additionally, increasing production capacity by 5% through intensified operations may be feasible considering our current mortality rate is within acceptable limits.;ea438100e36d9b417078c1a45c259eaec3698da58fbbd091a01db9c333997c3c;525;95;32.241.760.969.161.900;TRUE;FALSE;70
88;20/05/2026 04:00;wholesaler;R12;high;modify;0.0086;0.8;2;Given the high urgency level of the disruption, I will modify our distribution capacity to 85% as instructed by the coordinator. This adjustment will help optimize our supply chain and ensure timely delivery of broilers to customers. However, I will not immediately change the delivery schedule to 'rerouted' without further assessment of its impact on our local operations.;cot;llama3.1:8b;llama;Given the high urgency level of the disruption, I will modify our distribution capacity to 85% as instructed by the coordinator. This adjustment will help optimize our supply chain and ensure timely delivery of broilers to customers. However, I will not immediately change the delivery schedule to 'rerouted' without further assessment of its impact on our local operations.;942a2adf8ecc981ce7f0dd7a8a700f966ac924d283eec79985efb7fc00a54fe3;503;95;3.104.974.865.913.390;TRUE;FALSE;70
36;21/05/2026 15:00;farm;R4;normal;modify;0.0076;0.8;1;Given the current production capacity is below 60%, reducing outgoing orders to 80% of actual capacity will help prevent further strain on resources and maintain a stable flock operation.;cot;llama3.1:8b;llama;Given the current production capacity is below 60%, reducing outgoing orders to 80% of actual capacity will help prevent further strain on resources and maintain a stable flock operation.;012d34cb2db4a30393ab602530e427a646a937abede5cc3ef41dc786cd72c559;502;60;27.208.581.686.019.800;TRUE;FALSE;71
36;21/05/2026 15:00;slaughterhouse;R4;normal;modify;0.0034;0.8;1;Given the current processing capacity is below threshold, reducing it to 80% as instructed by the coordinator will help prevent potential delays and maintain output stock levels within acceptable limits.;cot;llama3.1:8b;llama;Given the current processing capacity is below threshold, reducing it to 80% as instructed by the coordinator will help prevent potential delays and maintain output stock levels within acceptable limits.;1fc92340fe9f1bab05c58bf37b150211b4a1fd3c0c1f89e926503de30b7529c7;503;60;12.186.062.335.968.000;TRUE;FALSE;71
36;21/05/2026 15:00;retail;R4;normal;accept;0.0039;1.0;1;The current retail inventory is above the safety stock threshold, but sales rate is high and increasing. Adding +20 kg to the reorder request will help mitigate potential future shortages due to the coordinator's signal of a potential disruption.;cot;llama3.1:8b;llama;The current retail inventory is above the safety stock threshold, but sales rate is high and increasing. Adding +20 kg to the reorder request will help mitigate potential future shortages due to the coordinator's signal of a potential disruption.;ddd2d55911c5cce3c4d6d652a55cce5744591cb7d55a59db3c9fbda6b71619a5;483;69;13.967.308.759.689.300;TRUE;FALSE;71
88;22/05/2026 04:00;wholesaler;R8;normal;modify;0.0069;0.8;2;The current inventory level is below the threshold, but not critically low. The incoming orders are above capacity, and the delivery schedule is normal. Given the coordinator's instruction to reroute shipments and reduce pending shipments by 15%, I will modify my decision to accept these changes.;cot;llama3.1:8b;llama;The current inventory level is below the threshold, but not critically low. The incoming orders are above capacity, and the delivery schedule is normal. Given the coordinator's instruction to reroute shipments and reduce pending shipments by 15%, I will modify my decision to accept these changes.;fd5a4992d77a3595939c4a912b71db67266ab9e72b8e2dd4ca333b0338c453d6;506;81;24.765.799.283.981.300;TRUE;FALSE;71
88;22/05/2026 04:00;retail;R8;normal;modify;0.0081;0.8;1;Given the current retail inventory of 37.71 kg, which is above the safety stock threshold, and considering the coordinator's instruction to adjust demand_estimate to 95% due to potential disruption, I will modify the demand estimate to account for the expected delay without immediately triggering a stockout flag.;cot;llama3.1:8b;llama;Given the current retail inventory of 37.71 kg, which is above the safety stock threshold, and considering the coordinator's instruction to adjust demand_estimate to 95% due to potential disruption, I will modify the demand estimate to account for the expected delay without immediately triggering a stockout flag.;00e193fe1b0dc8acdce6f9b21ccd2580809de8723aff2f04f9b38d8c94f44b3f;496;85;29.047.534.227.371.200;TRUE;FALSE;71
111;22/05/2026 09:45;slaughterhouse;R9;high;modify;0.0083;0.85;1;Given the high urgency level of the disruption, I will modify our output stock to increase by 15% as instructed by the coordinator. However, considering our current operational constraints, such as low worker availability and near-maximum processing capacity, I will adjust the factor slightly to ensure a more cautious approach.;cot;llama3.1:8b;llama;Given the high urgency level of the disruption, I will modify our output stock to increase by 15% as instructed by the coordinator. However, considering our current operational constraints, such as low worker availability and near-maximum processing capacity, I will adjust the factor slightly to ensure a more cautious approach.;65da64d17da08deb14b5ccb8e0648da04aa5a8481dd7b0ad12d208650ccfdb58;508;86;29.800.562.858.581.500;TRUE;FALSE;71
111;22/05/2026 09:45;wholesaler;R9;high;modify;0.0084;0.85;2;Given the high urgency level of the disruption, I will modify my current inventory allocation to prioritize retail orders as instructed by the coordinator. This decision takes into account our current low inventory levels and the need to focus on critical retail shipments. By modifying our existing shipment schedule, we can ensure that essential products reach their destinations promptly.;cot;llama3.1:8b;llama;Given the high urgency level of the disruption, I will modify my current inventory allocation to prioritize retail orders as instructed by the coordinator. This decision takes into account our current low inventory levels and the need to focus on critical retail shipments. By modifying our existing shipment schedule, we can ensure that essential products reach their destinations promptly.;7e4aeddff850cd5c0798be7921736d16001c37dc57e34bb3a854b0795bb05df6;514;90;30.346.585.512.161.200;TRUE;FALSE;71
111;22/05/2026 09:45;retail;R9;high;accept;0.0085;1.0;2;The current retail inventory is below the safety stock threshold, and the sales rate has exceeded expectations by 150%. The coordinator's instruction to add a reorder request for +30 kg and increase the safety stock by 10% as an emergency buffer is appropriate given the high urgency level of the disruption.;cot;llama3.1:8b;llama;The current retail inventory is below the safety stock threshold, and the sales rate has exceeded expectations by 150%. The coordinator's instruction to add a reorder request for +30 kg and increase the safety stock by 10% as an emergency buffer is appropriate given the high urgency level of the disruption.;1b20880a17d646b411a96837e18febf6ac99196432fd785fbd5c0199974db737;515;84;3.074.584.722.518.920;TRUE;FALSE;71
36;23/05/2026 15:00;farm;R4;normal;modify;0.0045;0.8;1;Given the current production capacity is below 60%, reducing outgoing orders to 80% of actual capacity will help maintain a stable flock operation and prevent potential disruptions. This adjustment aligns with the coordinating agent's instruction, taking into account our local operational constraints.;cot;llama3.1:8b;llama;Given the current production capacity is below 60%, reducing outgoing orders to 80% of actual capacity will help maintain a stable flock operation and prevent potential disruptions. This adjustment aligns with the coordinating agent's instruction, taking into account our local operational constraints.;012d34cb2db4a30393ab602530e427a646a937abede5cc3ef41dc786cd72c559;502;77;16.220.629.930.496.200;TRUE;FALSE;72
36;23/05/2026 15:00;slaughterhouse;R4;normal;modify;0.0073;0.8;1;Given the current processing capacity is below threshold, reducing it to 80% as instructed by the coordinator will help prevent potential delays and maintain output stock levels within acceptable limits.;cot;llama3.1:8b;llama;Given the current processing capacity is below threshold, reducing it to 80% as instructed by the coordinator will help prevent potential delays and maintain output stock levels within acceptable limits.;1fc92340fe9f1bab05c58bf37b150211b4a1fd3c0c1f89e926503de30b7529c7;503;60;264.410.617.351.532;TRUE;FALSE;72
36;23/05/2026 15:00;retail;R4;normal;accept;0.0074;1.0;1;Given the current retail inventory is above safety stock, but sales rate is high and increasing, it's prudent to accept the coordinator's instruction to add a reorder request of +20 kg to mitigate potential future shortages.;cot;llama3.1:8b;llama;Given the current retail inventory is above safety stock, but sales rate is high and increasing, it's prudent to accept the coordinator's instruction to add a reorder request of +20 kg to mitigate potential future shortages.;ddd2d55911c5cce3c4d6d652a55cce5744591cb7d55a59db3c9fbda6b71619a5;483;67;26.512.747.764.587.400;TRUE;FALSE;72
80;24/05/2026 02:00;wholesaler;R8;normal;modify;0.0082;0.8;2;The current inventory level is below the threshold, but not critically low. The incoming orders are above capacity, and the delivery schedule is normal. Modifying the delivery schedule to 'rerouted' will help mitigate potential disruptions and ensure timely delivery of critical shipments.;cot;llama3.1:8b;llama;The current inventory level is below the threshold, but not critically low. The incoming orders are above capacity, and the delivery schedule is normal. Modifying the delivery schedule to 'rerouted' will help mitigate potential disruptions and ensure timely delivery of critical shipments.;ad6bcf992c7ee5b9b01ec073725e0ade160e267730817f36ab226fb2badecfc6;506;77;2.937.573.552.131.650;TRUE;FALSE;72
80;24/05/2026 02:00;retail;R8;normal;modify;0.0082;0.8;1;Given the current retail inventory of 44.2 kg, which is above the safety stock threshold, and considering the coordinator's instruction to adjust demand_estimate to 95% due to potential disruption, I will modify the demand estimate to account for the anticipated delay without immediately triggering a stockout flag.;cot;llama3.1:8b;llama;Given the current retail inventory of 44.2 kg, which is above the safety stock threshold, and considering the coordinator's instruction to adjust demand_estimate to 95% due to potential disruption, I will modify the demand estimate to account for the anticipated delay without immediately triggering a stockout flag.;08a5cfb9483f3b0f846492f1f7d34667173f4e52c351a9786946327441d95a90;496;85;29.409.591.674.804.600;TRUE;FALSE;72
123;24/05/2026 12:45;slaughterhouse;R9;high;modify;0.0084;0.85;1;Given the high urgency level of the disruption, I will modify our output stock to increase by 15% as instructed by the coordinator. However, considering our current operational constraints, such as low worker availability and near-maximum processing capacity, I will adjust the factor slightly to ensure a more cautious approach.;cot;llama3.1:8b;llama;Given the high urgency level of the disruption, I will modify our output stock to increase by 15% as instructed by the coordinator. However, considering our current operational constraints, such as low worker availability and near-maximum processing capacity, I will adjust the factor slightly to ensure a more cautious approach.;65da64d17da08deb14b5ccb8e0648da04aa5a8481dd7b0ad12d208650ccfdb58;508;86;30.091.694.355.010.900;TRUE;FALSE;72
123;24/05/2026 12:45;wholesaler;R9;high;modify;0.0084;0.85;2;Given the high urgency level of the disruption, I will modify our current inventory allocation to prioritize retail orders as instructed by the coordinator. This decision is supported by our current low inventory levels and incoming orders exceeding capacity. By prioritizing retail orders, we can minimize stockouts and ensure critical customer needs are met.;cot;llama3.1:8b;llama;Given the high urgency level of the disruption, I will modify our current inventory allocation to prioritize retail orders as instructed by the coordinator. This decision is supported by our current low inventory levels and incoming orders exceeding capacity. By prioritizing retail orders, we can minimize stockouts and ensure critical customer needs are met.;9140bbfa23ec5d3ebca7aba605fa8fc8ad4eaf2b75061cae1a5eb5018c0d0d41;514;87;3.023.141.574.859.610;TRUE;FALSE;72
123;24/05/2026 12:45;retail;R9;high;accept;0.0082;1.0;2;The current retail inventory is below the safety stock threshold, and the sales rate has exceeded expected levels. The coordinating agent's instruction to add a reorder request for +30 kg and increase the safety stock by 10% as an emergency buffer is appropriate given the high urgency level of the disruption.;cot;llama3.1:8b;llama;The current retail inventory is below the safety stock threshold, and the sales rate has exceeded expected levels. The coordinating agent's instruction to add a reorder request for +30 kg and increase the safety stock by 10% as an emergency buffer is appropriate given the high urgency level of the disruption.;c36c161e94f2126adf5cdf1692d9db3f512448f8142ec0b383fdbc07eafaaf9c;515;83;2.945.804.262.161.250;TRUE;FALSE;72
396;27/05/2026 09:00;slaughterhouse;R9;high;modify;0.0083;0.92;1;Given the high urgency level of the disruption, I must adjust our output stock to meet the coordinator's instruction. However, considering our current processing capacity is below threshold and equipment status is down, a moderate adjustment factor of 0.92 seems reasonable to avoid exacerbating existing issues.;cot;llama3.1:8b;llama;Given the high urgency level of the disruption, I must adjust our output stock to meet the coordinator's instruction. However, considering our current processing capacity is below threshold and equipment status is down, a moderate adjustment factor of 0.92 seems reasonable to avoid exacerbating existing issues.;87ff688b2d8f74df011e6af6f2537f63c7d1a1287f812d80937554f788b96570;524;82;29.719.856.023.788.400;TRUE;FALSE;72
396;27/05/2026 09:00;wholesaler;R9;high;modify;0.0075;0.9;2;Given the high urgency level of the disruption, I will modify the instruction to prioritize inventory for Retail while maintaining current levels and cancelling 50% of non-priority pending shipments to focus on critical Retail needs.;cot;llama3.1:8b;llama;Given the high urgency level of the disruption, I will modify the instruction to prioritize inventory for Retail while maintaining current levels and cancelling 50% of non-priority pending shipments to focus on critical Retail needs.;51d4f92e428a9a8e0aa79c66c9f67c1e09ab1f7afab6a0225c131da656dbc6df;525;67;2.708.809.494.972.220;TRUE;FALSE;72
396;27/05/2026 09:00;retail;R9;high;accept;0.0086;1.0;2;Given the high urgency level of the disruption, the current stockout flag is active, and sales rate exceeds expected levels by 150%, I accept the coordinating agent's instruction to add a reorder request for +30 kg as a buffer against further disruptions. Increasing safety stock by 10% will also provide an additional emergency buffer.;cot;llama3.1:8b;llama;Given the high urgency level of the disruption, the current stockout flag is active, and sales rate exceeds expected levels by 150%, I accept the coordinating agent's instruction to add a reorder request for +30 kg as a buffer against further disruptions. Increasing safety stock by 10% will also provide an additional emergency buffer.;0c2ce60c7580819a9ecedaf411add7e460d69a47c1cc2e7242815a0196f0a627;529;90;3.109.228.539.466.850;TRUE;FALSE;72
468;28/05/2026 03:00;slaughterhouse;R9;high;modify;0.0085;0.92;1;Given the high urgency level of the disruption, I will modify the output stock to meet the coordinator's instruction. However, considering our current processing capacity is below threshold and worker availability is low, I will not fully accept the instruction but rather adjust it according to our operational constraints.;cot;llama3.1:8b;llama;Given the high urgency level of the disruption, I will modify the output stock to meet the coordinator's instruction. However, considering our current processing capacity is below threshold and worker availability is low, I will not fully accept the instruction but rather adjust it according to our operational constraints.;77b11f4ef45e322b31b0bad6e47e97df3c672a59e2a14b8d222b4f9ff9ca0cd3;536;81;30.755.276.679.992.600;TRUE;FALSE;72
468;28/05/2026 03:00;wholesaler;R9;high;modify;0.0079;0.95;2;Given the high urgency level of the disruption, I will modify the instruction to prioritize inventory for Retail while maintaining current levels and cancelling 50% of non-priority pending shipments to focus on critical Retail needs.;cot;llama3.1:8b;llama;Given the high urgency level of the disruption, I will modify the instruction to prioritize inventory for Retail while maintaining current levels and cancelling 50% of non-priority pending shipments to focus on critical Retail needs.;432f9e04a9a5ca33f88d34173d924f69ba9b03875f5a07bad11b18d95434cb6a;539;67;2.849.385.643.005.370;TRUE;FALSE;72
468;28/05/2026 03:00;retail;R9;high;accept;0.0085;1.0;2;Given the high urgency level of the disruption, I accept the coordinating agent's instruction to increase reorder request by +30 kg and adjust safety stock by 10% as an emergency buffer. This decision aims to mitigate potential stockouts and ensure continued supply during this critical period.;cot;llama3.1:8b;llama;Given the high urgency level of the disruption, I accept the coordinating agent's instruction to increase reorder request by +30 kg and adjust safety stock by 10% as an emergency buffer. This decision aims to mitigate potential stockouts and ensure continued supply during this critical period.;7afc2f808f2719a612c2f19b3f9ccc43d8f15a83ceec2f12a3b8ae00f1807d19;529;79;3.071.419.930.458.060;TRUE;FALSE;72
36;25/05/2026 15:00;farm;R4;normal;modify;0.0044;0.8;1;Given the current production capacity is below 60%, reducing outgoing orders to 80% of actual capacity will help maintain a stable flock operation and prevent potential disruptions. This adjustment aligns with the coordinating agent's instruction, taking into account our local operational constraints.;cot;llama3.1:8b;llama;Given the current production capacity is below 60%, reducing outgoing orders to 80% of actual capacity will help maintain a stable flock operation and prevent potential disruptions. This adjustment aligns with the coordinating agent's instruction, taking into account our local operational constraints.;012d34cb2db4a30393ab602530e427a646a937abede5cc3ef41dc786cd72c559;502;77;1.587.720.799.446.100;TRUE;FALSE;73
36;25/05/2026 15:00;slaughterhouse;R4;normal;modify;0.0073;0.8;1;Given the current processing capacity is below threshold, reducing it to 80% as instructed by the coordinator will help prevent potential delays and maintain output stock levels within acceptable limits.;cot;llama3.1:8b;llama;Given the current processing capacity is below threshold, reducing it to 80% as instructed by the coordinator will help prevent potential delays and maintain output stock levels within acceptable limits.;1fc92340fe9f1bab05c58bf37b150211b4a1fd3c0c1f89e926503de30b7529c7;503;60;2.642.452.096.939.080;TRUE;FALSE;73
36;25/05/2026 15:00;retail;R4;normal;accept;0.0074;1.0;1;Given the current retail inventory is above safety stock, but sales rate is high and increasing, it's prudent to accept the coordinator's instruction to add a reorder request of +20 kg to mitigate potential future shortages.;cot;llama3.1:8b;llama;Given the current retail inventory is above safety stock, but sales rate is high and increasing, it's prudent to accept the coordinator's instruction to add a reorder request of +20 kg to mitigate potential future shortages.;ddd2d55911c5cce3c4d6d652a55cce5744591cb7d55a59db3c9fbda6b71619a5;483;67;26.559.617.042.541.500;TRUE;FALSE;73
88;26/05/2026 04:00;farm;R12;high;modify;0.0087;0.85;2;Given the high urgency level of the disruption, I must adjust outgoing orders to match our current production capacity. Reducing orders by 25% will help prevent further strain on resources and allow us to maintain a stable flock management. This adjustment should also enable us to increase production capacity by 5%, as instructed.;cot;llama3.1:8b;llama;Given the high urgency level of the disruption, I must adjust outgoing orders to match our current production capacity. Reducing orders by 25% will help prevent further strain on resources and allow us to maintain a stable flock management. This adjustment should also enable us to increase production capacity by 5%, as instructed.;ecc4567c2b724434ec6749ce9258a7e8ea3628b5e8c1771f01d15dbdae4248e1;525;88;3.127.586.793.899.530;TRUE;FALSE;73
88;26/05/2026 04:00;wholesaler;R12;high;modify;0.008;0.8;2;Given the high urgency level of the disruption, I will modify our distribution capacity to 85% as instructed by the coordinator. This adjustment will help us optimize our distribution and ensure that we can meet the increased demand from incoming orders while also considering our inventory levels.;cot;llama3.1:8b;llama;Given the high urgency level of the disruption, I will modify our distribution capacity to 85% as instructed by the coordinator. This adjustment will help us optimize our distribution and ensure that we can meet the increased demand from incoming orders while also considering our inventory levels.;f2b7ade4fd885a9ef43ab76317f16fdde4857a16d43aa8bd8f9f468247413630;503;78;28.839.941.024.780.200;TRUE;FALSE;73
324;28/05/2026 15:00;slaughterhouse;R9;high;modify;0.0083;0.85;1;Given the high urgency level of the disruption, I will modify our current processing schedule to increase output stock by 15% as instructed by the coordinator. However, considering our current low worker availability and moderate processing delay, I must adjust the factor slightly to ensure a balanced response.;cot;llama3.1:8b;llama;Given the high urgency level of the disruption, I will modify our current processing schedule to increase output stock by 15% as instructed by the coordinator. However, considering our current low worker availability and moderate processing delay, I must adjust the factor slightly to ensure a balanced response.;e9303833f45e7a95337017c9685089a22d18f58b10c5a24767f10a06edc2d8f9;508;81;3.003.871.178.627.010;TRUE;FALSE;73
324;28/05/2026 15:00;wholesaler;R9;high;modify;0.0086;0.85;2;Given the high urgency level of the disruption, I will modify my current inventory allocation to prioritize retail orders as instructed by the coordinator. This decision is supported by our current low inventory levels and incoming orders exceeding capacity. By prioritizing retail, we can minimize stockouts and ensure critical customer needs are met.;cot;llama3.1:8b;llama;Given the high urgency level of the disruption, I will modify my current inventory allocation to prioritize retail orders as instructed by the coordinator. This decision is supported by our current low inventory levels and incoming orders exceeding capacity. By prioritizing retail, we can minimize stockouts and ensure critical customer needs are met.;8de6d8f287542134d3c21c3b747ccad99287e0dc1539b9dc83a7dec3cc29586e;512;86;30.972.650.051.116.900;TRUE;FALSE;73
324;28/05/2026 15:00;retail;R9;high;accept;0.0087;1.0;2;Given the high urgency level of the disruption, our current stockout status, and the coordinator's instruction to increase safety stock as a buffer, I accept the request to add 30 kg to the reorder request and adjust the safety stock by 10%. This will help mitigate the shortage and ensure we can meet customer demand.;cot;llama3.1:8b;llama;Given the high urgency level of the disruption, our current stockout status, and the coordinator's instruction to increase safety stock as a buffer, I accept the request to add 30 kg to the reorder request and adjust the safety stock by 10%. This will help mitigate the shortage and ensure we can meet customer demand.;cdca4c090cde5111ef17f6a8f5754107d5c4bb86cd608ea374c5d2c83ffe9bb2;503;89;31.264.336.109.161.300;TRUE;FALSE;73
352;28/05/2026 22:00;slaughterhouse;R9;high;modify;0.0079;0.92;1;Given the high urgency level of the disruption, I will modify the output stock to meet the coordinator's instruction. However, considering our current processing capacity is below threshold and worker availability is low, I will adjust the factor slightly lower than before to ensure a more cautious approach.;cot;llama3.1:8b;llama;Given the high urgency level of the disruption, I will modify the output stock to meet the coordinator's instruction. However, considering our current processing capacity is below threshold and worker availability is low, I will adjust the factor slightly lower than before to ensure a more cautious approach.;36e1e22e304b18d6f9e5d946e15312f80369122b5a4e1e8413303a7da5f6b691;524;80;28.581.291.675.567.600;TRUE;FALSE;73
352;28/05/2026 22:00;wholesaler;R9;high;modify;0.008;0.92;2;Given the high urgency level of the disruption, I will modify the instruction to prioritize inventory for Retail while maintaining current levels and cancelling 50% of non-priority pending shipments to focus on critical Retail needs.;cot;llama3.1:8b;llama;Given the high urgency level of the disruption, I will modify the instruction to prioritize inventory for Retail while maintaining current levels and cancelling 50% of non-priority pending shipments to focus on critical Retail needs.;5e6ffec13066a89b74ab5562427477e37496243125101938ee93d59a56d1f9e4;525;67;2.891.878.342.628.470;TRUE;FALSE;73
352;28/05/2026 22:00;retail;R9;high;accept;0.0083;1.0;2;Given the high urgency level of the disruption, I accept the coordinating agent's instruction to increase safety stock by 10% as an emergency buffer and add a reorder request for +30 kg. This will help mitigate potential stockouts and ensure continued supply during this crisis.;cot;llama3.1:8b;llama;Given the high urgency level of the disruption, I accept the coordinating agent's instruction to increase safety stock by 10% as an emergency buffer and add a reorder request for +30 kg. This will help mitigate potential stockouts and ensure continued supply during this crisis.;2ccfe272676a64ff484ce91803d9293174d1ce709a81792a77b7be3949d3aec2;517;78;2.996.166.229.248.040;TRUE;FALSE;73
36;27/05/2026 15:00;farm;R4;normal;modify;0.0072;0.8;1;Given the current production capacity is below 60%, reducing outgoing orders to 80% of actual capacity will help prevent further strain on resources and maintain a stable flock operation.;cot;llama3.1:8b;llama;Given the current production capacity is below 60%, reducing outgoing orders to 80% of actual capacity will help prevent further strain on resources and maintain a stable flock operation.;012d34cb2db4a30393ab602530e427a646a937abede5cc3ef41dc786cd72c559;502;60;25.897.934.198.379.500;TRUE;FALSE;74
36;27/05/2026 15:00;slaughterhouse;R4;normal;modify;0.0074;0.8;1;Given the current processing capacity is below threshold, reducing it to 80% as instructed by the coordinator will help prevent potential delays and maintain output stock levels within acceptable limits.;cot;llama3.1:8b;llama;Given the current processing capacity is below threshold, reducing it to 80% as instructed by the coordinator will help prevent potential delays and maintain output stock levels within acceptable limits.;1fc92340fe9f1bab05c58bf37b150211b4a1fd3c0c1f89e926503de30b7529c7;503;60;26.762.319.087.982.100;TRUE;FALSE;74
36;27/05/2026 15:00;retail;R4;normal;accept;0.0075;1.0;1;Given the current retail inventory is above safety stock, but sales rate is high and increasing, it's prudent to accept the coordinator's instruction to add a reorder request of +20 kg to mitigate potential future shortages.;cot;llama3.1:8b;llama;Given the current retail inventory is above safety stock, but sales rate is high and increasing, it's prudent to accept the coordinator's instruction to add a reorder request of +20 kg to mitigate potential future shortages.;ddd2d55911c5cce3c4d6d652a55cce5744591cb7d55a59db3c9fbda6b71619a5;483;67;2.686.486.029.624.930;TRUE;FALSE;74
80;28/05/2026 02:00;wholesaler;R8;normal;modify;0.008;0.8;2;The current inventory level is below the threshold, but not critically low. The incoming orders are above capacity, and the delivery schedule is normal. Modifying the delivery schedule to 'rerouted' will help mitigate potential disruptions and ensure timely delivery of critical shipments.;cot;llama3.1:8b;llama;The current inventory level is below the threshold, but not critically low. The incoming orders are above capacity, and the delivery schedule is normal. Modifying the delivery schedule to 'rerouted' will help mitigate potential disruptions and ensure timely delivery of critical shipments.;ad6bcf992c7ee5b9b01ec073725e0ade160e267730817f36ab226fb2badecfc6;506;77;2.897.919.511.795.040;TRUE;FALSE;74
80;28/05/2026 02:00;retail;R8;normal;modify;0.0084;0.8;1;Given the current retail inventory of 44.2 kg, which is above the safety stock threshold, and considering the coordinator's instruction to adjust demand_estimate to 95% due to potential disruption, I will modify the demand estimate to account for the anticipated delay without immediately triggering a stockout flag.;cot;llama3.1:8b;llama;Given the current retail inventory of 44.2 kg, which is above the safety stock threshold, and considering the coordinator's instruction to adjust demand_estimate to 95% due to potential disruption, I will modify the demand estimate to account for the anticipated delay without immediately triggering a stockout flag.;08a5cfb9483f3b0f846492f1f7d34667173f4e52c351a9786946327441d95a90;496;85;3.018.410.301.208.490;TRUE;FALSE;74
123;28/05/2026 12:45;slaughterhouse;R9;high;modify;0.0087;0.85;1;Given the high urgency level of the disruption, I will modify our output stock to increase by 15% as instructed by the coordinator. However, considering our current operational constraints, such as low worker availability and near-maximum processing capacity, I will adjust the factor slightly to ensure a more cautious approach.;cot;llama3.1:8b;llama;Given the high urgency level of the disruption, I will modify our output stock to increase by 15% as instructed by the coordinator. However, considering our current operational constraints, such as low worker availability and near-maximum processing capacity, I will adjust the factor slightly to ensure a more cautious approach.;65da64d17da08deb14b5ccb8e0648da04aa5a8481dd7b0ad12d208650ccfdb58;508;86;3.124.583.649.635.310;TRUE;FALSE;74
123;28/05/2026 12:45;wholesaler;R9;high;modify;0.0085;0.85;2;Given the high urgency level of the disruption, I will modify our current inventory allocation to prioritize retail orders as instructed by the coordinator. This decision is supported by our current low inventory levels and incoming orders exceeding capacity. By prioritizing retail orders, we can minimize stockouts and ensure critical customer needs are met.;cot;llama3.1:8b;llama;Given the high urgency level of the disruption, I will modify our current inventory allocation to prioritize retail orders as instructed by the coordinator. This decision is supported by our current low inventory levels and incoming orders exceeding capacity. By prioritizing retail orders, we can minimize stockouts and ensure critical customer needs are met.;9140bbfa23ec5d3ebca7aba605fa8fc8ad4eaf2b75061cae1a5eb5018c0d0d41;514;87;305.014.545.917.511;TRUE;FALSE;74
123;28/05/2026 12:45;retail;R9;high;accept;0.0086;1.0;2;The current retail inventory is below the safety stock threshold, and the sales rate has exceeded expected levels. The coordinating agent's instruction to add a reorder request for +30 kg and increase the safety stock by 10% as an emergency buffer is appropriate given the high urgency level of the disruption.;cot;llama3.1:8b;llama;The current retail inventory is below the safety stock threshold, and the sales rate has exceeded expected levels. The coordinating agent's instruction to add a reorder request for +30 kg and increase the safety stock by 10% as an emergency buffer is appropriate given the high urgency level of the disruption.;c36c161e94f2126adf5cdf1692d9db3f512448f8142ec0b383fdbc07eafaaf9c;515;83;31.066.245.079.040.500;TRUE;FALSE;74
396;31/05/2026 09:00;slaughterhouse;R9;high;modify;0.0086;0.92;1;Given the high urgency level of the disruption, I will modify the output stock to meet the coordinator's instruction. However, considering our current processing capacity is below threshold and worker availability is low, I will adjust the factor slightly to ensure we don't overcommit resources.;cot;llama3.1:8b;llama;Given the high urgency level of the disruption, I will modify the output stock to meet the coordinator's instruction. However, considering our current processing capacity is below threshold and worker availability is low, I will adjust the factor slightly to ensure we don't overcommit resources.;b125bc086e1d4d4a95677d2365f1aed0a7baf06db29de70eb8ceae2c12497499;524;79;31.105.445.384.979.200;TRUE;FALSE;74
396;31/05/2026 09:00;wholesaler;R9;high;modify;0.0078;0.9;2;Given the high urgency level of the disruption, I will modify the instruction to prioritize inventory for Retail while maintaining current levels and cancelling 50% of non-priority pending shipments to focus on critical Retail needs.;cot;llama3.1:8b;llama;Given the high urgency level of the disruption, I will modify the instruction to prioritize inventory for Retail while maintaining current levels and cancelling 50% of non-priority pending shipments to focus on critical Retail needs.;f062dbbd04968fc40e9d6be79ba4131ed9974d3761bd6b6a0ea532bade72cedb;525;67;28.019.795.656.204.200;TRUE;FALSE;74
396;31/05/2026 09:00;retail;R9;high;accept;0.0091;1.0;2;Given the high urgency level of the disruption, the current stockout flag is active, and sales rate exceeds expected levels by 150%, I accept the coordinating agent's instruction to add a reorder request for +30 kg as a buffer against further disruptions. Increasing safety stock by 10% will also provide an additional emergency buffer.;cot;llama3.1:8b;llama;Given the high urgency level of the disruption, the current stockout flag is active, and sales rate exceeds expected levels by 150%, I accept the coordinating agent's instruction to add a reorder request for +30 kg as a buffer against further disruptions. Increasing safety stock by 10% will also provide an additional emergency buffer.;0c2ce60c7580819a9ecedaf411add7e460d69a47c1cc2e7242815a0196f0a627;529;90;3.293.240.451.812.740;TRUE;FALSE;74
468;01/06/2026 03:00;slaughterhouse;R9;high;modify;0.0087;0.92;1;Given the high urgency level of the disruption, I will modify my current output stock to meet the coordinator's instruction. However, considering our local operational constraints and processing capacity, I will not exceed a factor of 0.92 to avoid overcommitting resources.;cot;llama3.1:8b;llama;Given the high urgency level of the disruption, I will modify my current output stock to meet the coordinator's instruction. However, considering our local operational constraints and processing capacity, I will not exceed a factor of 0.92 to avoid overcommitting resources.;e2c7b38c362e84e0aa099b50e27b5dce898ad23e87222bd1782697b7504890bd;536;78;31.409.491.777.420.000;TRUE;FALSE;74
468;01/06/2026 03:00;wholesaler;R9;high;modify;0.0082;0.95;2;Given the high urgency level of the disruption, I will modify the instruction to prioritize inventory for Retail while maintaining current levels and cancelling 50% of non-priority pending shipments to focus on critical Retail needs.;cot;llama3.1:8b;llama;Given the high urgency level of the disruption, I will modify the instruction to prioritize inventory for Retail while maintaining current levels and cancelling 50% of non-priority pending shipments to focus on critical Retail needs.;432f9e04a9a5ca33f88d34173d924f69ba9b03875f5a07bad11b18d95434cb6a;539;67;2.957.825.779.914.850;TRUE;FALSE;74
468;01/06/2026 03:00;retail;R9;high;accept;0.0084;1.0;2;Given the high urgency level of the disruption, I accept the coordinating agent's instruction to increase reorder request by +30 kg and adjust safety stock by 10% as an emergency buffer. This decision aims to mitigate potential stockouts and ensure continued supply during this critical period.;cot;llama3.1:8b;llama;Given the high urgency level of the disruption, I accept the coordinating agent's instruction to increase reorder request by +30 kg and adjust safety stock by 10% as an emergency buffer. This decision aims to mitigate potential stockouts and ensure continued supply during this critical period.;7afc2f808f2719a612c2f19b3f9ccc43d8f15a83ceec2f12a3b8ae00f1807d19;529;79;3.023.190.426.826.470;TRUE;FALSE;74
36;29/05/2026 15:00;farm;R4;normal;modify;0.0041;0.8;1;Given the current production capacity is below 60%, reducing outgoing orders to 80% of actual capacity will help maintain a stable flock operation and prevent potential disruptions. This adjustment aligns with the coordinating agent's instruction, taking into account our local operational constraints.;cot;llama3.1:8b;llama;Given the current production capacity is below 60%, reducing outgoing orders to 80% of actual capacity will help maintain a stable flock operation and prevent potential disruptions. This adjustment aligns with the coordinating agent's instruction, taking into account our local operational constraints.;012d34cb2db4a30393ab602530e427a646a937abede5cc3ef41dc786cd72c559;502;77;14.654.969.215.393.000;TRUE;FALSE;75
36;29/05/2026 15:00;slaughterhouse;R4;normal;modify;0.0072;0.8;1;Given the current processing capacity is below threshold, reducing it to 80% as instructed by the coordinator will help prevent potential delays and maintain output stock levels within acceptable limits.;cot;llama3.1:8b;llama;Given the current processing capacity is below threshold, reducing it to 80% as instructed by the coordinator will help prevent potential delays and maintain output stock levels within acceptable limits.;1fc92340fe9f1bab05c58bf37b150211b4a1fd3c0c1f89e926503de30b7529c7;503;60;258.665.988.445.282;TRUE;FALSE;75
36;29/05/2026 15:00;retail;R4;normal;accept;0.0073;1.0;1;Given the current retail inventory is above safety stock, but sales rate is high and increasing, it's prudent to accept the coordinator's instruction to add a reorder request of +20 kg to mitigate potential future shortages.;cot;llama3.1:8b;llama;Given the current retail inventory is above safety stock, but sales rate is high and increasing, it's prudent to accept the coordinator's instruction to add a reorder request of +20 kg to mitigate potential future shortages.;ddd2d55911c5cce3c4d6d652a55cce5744591cb7d55a59db3c9fbda6b71619a5;483;67;26.281.189.680.099.400;TRUE;FALSE;75
88;30/05/2026 04:00;wholesaler;R8;normal;modify;0.0081;0.8;2;The current inventory level is below the threshold, but not critically low. The incoming orders are above capacity, and the delivery schedule is normal. Given the coordinator's instruction to reroute shipments and reduce pending shipments by 15%, I will modify my decision to accept these changes.;cot;llama3.1:8b;llama;The current inventory level is below the threshold, but not critically low. The incoming orders are above capacity, and the delivery schedule is normal. Given the coordinator's instruction to reroute shipments and reduce pending shipments by 15%, I will modify my decision to accept these changes.;fd5a4992d77a3595939c4a912b71db67266ab9e72b8e2dd4ca333b0338c453d6;506;81;2.918.606.996.536.250;TRUE;FALSE;75
88;30/05/2026 04:00;retail;R8;normal;modify;0.0083;0.8;1;Given the current retail inventory of 37.71 kg, which is above the safety stock threshold, and considering the coordinator's instruction to adjust demand_estimate to 95% due to potential disruption, I will modify the demand estimate to account for the expected delay without immediately triggering a stockout flag.;cot;llama3.1:8b;llama;Given the current retail inventory of 37.71 kg, which is above the safety stock threshold, and considering the coordinator's instruction to adjust demand_estimate to 95% due to potential disruption, I will modify the demand estimate to account for the expected delay without immediately triggering a stockout flag.;00e193fe1b0dc8acdce6f9b21ccd2580809de8723aff2f04f9b38d8c94f44b3f;496;85;29.765.655.040.740.900;TRUE;FALSE;75
111;30/05/2026 09:45;slaughterhouse;R9;high;modify;0.0085;0.85;1;Given the high urgency level of the disruption, I will modify our output stock to increase by 15% as instructed by the coordinator. However, considering our current operational constraints, such as low worker availability and near-maximum processing capacity, I will adjust the factor slightly to ensure a more cautious approach.;cot;llama3.1:8b;llama;Given the high urgency level of the disruption, I will modify our output stock to increase by 15% as instructed by the coordinator. However, considering our current operational constraints, such as low worker availability and near-maximum processing capacity, I will adjust the factor slightly to ensure a more cautious approach.;65da64d17da08deb14b5ccb8e0648da04aa5a8481dd7b0ad12d208650ccfdb58;508;86;30.712.966.918.945.300;TRUE;FALSE;75
111;30/05/2026 09:45;wholesaler;R9;high;modify;0.0089;0.85;2;Given the high urgency level of the disruption, I will modify my current inventory allocation to prioritize retail orders as instructed by the coordinator. This decision takes into account our current low inventory levels and the need to focus on critical retail shipments. By modifying our existing shipment schedule, we can ensure that essential products reach their destinations promptly.;cot;llama3.1:8b;llama;Given the high urgency level of the disruption, I will modify my current inventory allocation to prioritize retail orders as instructed by the coordinator. This decision takes into account our current low inventory levels and the need to focus on critical retail shipments. By modifying our existing shipment schedule, we can ensure that essential products reach their destinations promptly.;7e4aeddff850cd5c0798be7921736d16001c37dc57e34bb3a854b0795bb05df6;514;90;3.214.116.859.436.030;TRUE;FALSE;75
111;30/05/2026 09:45;retail;R9;high;accept;0.0088;1.0;2;The current retail inventory is below the safety stock threshold, and the sales rate has exceeded expectations by 150%. The coordinator's instruction to add a reorder request for +30 kg and increase the safety stock by 10% as an emergency buffer is appropriate given the high urgency level of the disruption.;cot;llama3.1:8b;llama;The current retail inventory is below the safety stock threshold, and the sales rate has exceeded expectations by 150%. The coordinator's instruction to add a reorder request for +30 kg and increase the safety stock by 10% as an emergency buffer is appropriate given the high urgency level of the disruption.;1b20880a17d646b411a96837e18febf6ac99196432fd785fbd5c0199974db737;515;84;31.658.854.722.976.600;TRUE;FALSE;75
360;02/06/2026 00:00;slaughterhouse;R9;high;modify;0.0086;0.92;1;Given the high urgency level of the disruption, I will modify the output stock to meet the coordinator's instruction. However, considering our current processing capacity is below threshold and worker availability is low, I will adjust the factor to ensure a balanced approach.;cot;llama3.1:8b;llama;Given the high urgency level of the disruption, I will modify the output stock to meet the coordinator's instruction. However, considering our current processing capacity is below threshold and worker availability is low, I will adjust the factor to ensure a balanced approach.;aadf0e3287e656cbacf767232f00bee6a832865b9f1404159dc403622fbd2adb;524;75;30.897.202.968.597.400;TRUE;FALSE;75
360;02/06/2026 00:00;wholesaler;R9;high;accept;0.0081;1.0;2;Given the high urgency level of the disruption, prioritizing inventory for Retail is necessary to ensure critical orders are fulfilled. Canceling 50% of non-priority pending shipments will help focus resources on Retail's needs and prevent stockouts.;cot;llama3.1:8b;llama;Given the high urgency level of the disruption, prioritizing inventory for Retail is necessary to ensure critical orders are fulfilled. Canceling 50% of non-priority pending shipments will help focus resources on Retail's needs and prevent stockouts.;59d48249f2e320c65e7483ba227852a740ad8c9d7ab8cc0d8a550dad802e4d03;528;72;29.014.497.995.376.500;TRUE;FALSE;75
360;02/06/2026 00:00;retail;R9;high;accept;0.009;1.0;2;Given the high urgency level of the disruption, the current stockout status, and the coordinator's instruction to increase safety stock as a buffer, I accept the request to add 30 kg to the reorder request and adjust the safety stock by 10%. This will help mitigate the shortage and ensure continued supply to our customers.;cot;llama3.1:8b;llama;Given the high urgency level of the disruption, the current stockout status, and the coordinator's instruction to increase safety stock as a buffer, I accept the request to add 30 kg to the reorder request and adjust the safety stock by 10%. This will help mitigate the shortage and ensure continued supply to our customers.;1c720ed4c20a002f881e0ff74c179d4815b104742d16ff9f6f66694c4fe46ad7;529;89;3.243.450.689.315.790;TRUE;FALSE;75
36;31/05/2026 15:00;farm;R4;normal;modify;0.0045;0.8;1;Given the current production capacity is below 60%, reducing outgoing orders to 80% of actual capacity will help maintain a stable flock operation and prevent potential disruptions. This adjustment aligns with the coordinating agent's instruction, taking into account our local operational constraints.;cot;llama3.1:8b;llama;Given the current production capacity is below 60%, reducing outgoing orders to 80% of actual capacity will help maintain a stable flock operation and prevent potential disruptions. This adjustment aligns with the coordinating agent's instruction, taking into account our local operational constraints.;012d34cb2db4a30393ab602530e427a646a937abede5cc3ef41dc786cd72c559;502;77;16.200.650.453.567.500;TRUE;FALSE;76
36;31/05/2026 15:00;slaughterhouse;R4;normal;modify;0.0071;0.8;1;Given the current processing capacity is below threshold, reducing it to 80% as instructed by the coordinator will help prevent potential delays and maintain output stock levels within acceptable limits.;cot;llama3.1:8b;llama;Given the current processing capacity is below threshold, reducing it to 80% as instructed by the coordinator will help prevent potential delays and maintain output stock levels within acceptable limits.;1fc92340fe9f1bab05c58bf37b150211b4a1fd3c0c1f89e926503de30b7529c7;503;60;25.583.768.606.185.900;TRUE;FALSE;76
36;31/05/2026 15:00;retail;R4;normal;accept;0.0071;1.0;1;Given the current retail inventory is above safety stock, but sales rate is high and increasing, it's prudent to accept the coordinator's instruction to add a reorder request of +20 kg to mitigate potential future shortages.;cot;llama3.1:8b;llama;Given the current retail inventory is above safety stock, but sales rate is high and increasing, it's prudent to accept the coordinator's instruction to add a reorder request of +20 kg to mitigate potential future shortages.;ddd2d55911c5cce3c4d6d652a55cce5744591cb7d55a59db3c9fbda6b71619a5;483;67;2.565.308.713.912.960;TRUE;FALSE;76
88;01/06/2026 04:00;farm;R12;high;modify;0.0086;0.85;2;Given the high urgency level of the disruption, I must adjust outgoing orders to match our current production capacity. Reducing orders by 25% will help prevent further strain on resources and allow us to maintain a stable flock management. This adjustment should also enable us to increase production capacity by 5%, as instructed.;cot;llama3.1:8b;llama;Given the high urgency level of the disruption, I must adjust outgoing orders to match our current production capacity. Reducing orders by 25% will help prevent further strain on resources and allow us to maintain a stable flock management. This adjustment should also enable us to increase production capacity by 5%, as instructed.;ecc4567c2b724434ec6749ce9258a7e8ea3628b5e8c1771f01d15dbdae4248e1;525;88;3.103.677.988.052.360;TRUE;FALSE;76
88;01/06/2026 04:00;wholesaler;R12;high;modify;0.0086;0.8;2;Given the high urgency level of the disruption, I will modify our distribution capacity to 85% as instructed by the coordinator. This adjustment will help optimize our supply chain and ensure timely delivery of broilers to customers. However, I will not immediately change the delivery schedule to 'rerouted' without further assessment of its impact on our local operations.;cot;llama3.1:8b;llama;Given the high urgency level of the disruption, I will modify our distribution capacity to 85% as instructed by the coordinator. This adjustment will help optimize our supply chain and ensure timely delivery of broilers to customers. However, I will not immediately change the delivery schedule to 'rerouted' without further assessment of its impact on our local operations.;942a2adf8ecc981ce7f0dd7a8a700f966ac924d283eec79985efb7fc00a54fe3;503;95;31.068.881.273.269.600;TRUE;FALSE;76
360;04/06/2026 00:00;slaughterhouse;R9;high;modify;0.0085;0.85;1;Given the high urgency level of the disruption, I will modify our current processing schedule to increase output stock by 15% as instructed by the coordinator. However, considering our current low worker availability and moderate processing delay, I must adjust the factor slightly to ensure we can meet the new target without compromising other operational constraints.;cot;llama3.1:8b;llama;Given the high urgency level of the disruption, I will modify our current processing schedule to increase output stock by 15% as instructed by the coordinator. However, considering our current low worker availability and moderate processing delay, I must adjust the factor slightly to ensure we can meet the new target without compromising other operational constraints.;4885786aa5662c36dc3149802beb4f55c8b49482e6a479b6624db00a98601f3e;510;89;30.715.240.955.352.700;TRUE;FALSE;76
360;04/06/2026 00:00;wholesaler;R9;high;modify;0.0085;0.85;2;Given the high urgency level of the disruption, I must prioritize inventory allocation to Retail as instructed by the Coordinating Agent. However, considering our current low inventory levels and incoming orders exceeding capacity, a modification is necessary to ensure we meet critical Retail demands without compromising on other non-priority shipments.;cot;llama3.1:8b;llama;Given the high urgency level of the disruption, I must prioritize inventory allocation to Retail as instructed by the Coordinating Agent. However, considering our current low inventory levels and incoming orders exceeding capacity, a modification is necessary to ensure we meet critical Retail demands without compromising on other non-priority shipments.;dbc3f9d9dad9845c3ca9afcf68a5531f47b343a2a033971b5475a2d0d4e22d8c;512;85;3.067.111.611.366.270;TRUE;FALSE;76
360;04/06/2026 00:00;retail;R9;high;accept;0.0088;1.0;2;Given the high urgency level of the disruption, our current stockout status, and the coordinator's instruction to increase safety stock as a buffer, I accept the request to add 30 kg to the reorder request and adjust the safety stock by 10%. This will help mitigate the shortage and ensure we can meet customer demand during this challenging period.;cot;llama3.1:8b;llama;Given the high urgency level of the disruption, our current stockout status, and the coordinator's instruction to increase safety stock as a buffer, I accept the request to add 30 kg to the reorder request and adjust the safety stock by 10%. This will help mitigate the shortage and ensure we can meet customer demand during this challenging period.;1c9f39e20da28ce07abf0d71aef5b6340b5508c8adbcaeea90837b400b3b6fed;503;93;31.783.000.707.626.300;TRUE;FALSE;76
432;04/06/2026 18:00;slaughterhouse;R9;high;modify;0.0078;0.92;1;Given the high urgency level of the disruption, I will modify the output stock to meet the coordinator's instruction. However, considering our current processing capacity is below threshold and worker availability is low, I will adjust the factor slightly lower than before to ensure a more cautious approach.;cot;llama3.1:8b;llama;Given the high urgency level of the disruption, I will modify the output stock to meet the coordinator's instruction. However, considering our current processing capacity is below threshold and worker availability is low, I will adjust the factor slightly lower than before to ensure a more cautious approach.;36e1e22e304b18d6f9e5d946e15312f80369122b5a4e1e8413303a7da5f6b691;524;80;28.207.359.790.802.000;TRUE;FALSE;76
432;04/06/2026 18:00;wholesaler;R9;high;modify;0.008;0.92;2;Given the high urgency level of the disruption, I will modify the instruction to prioritize inventory for Retail while maintaining current levels and cancelling 50% of non-priority pending shipments to focus on critical Retail needs.;cot;llama3.1:8b;llama;Given the high urgency level of the disruption, I will modify the instruction to prioritize inventory for Retail while maintaining current levels and cancelling 50% of non-priority pending shipments to focus on critical Retail needs.;8ffbbeff638fe04ccfb122e3bd2f6d80804f1754eec989141ee1047ca3a30224;525;67;28.776.204.824.447.600;TRUE;FALSE;76
432;04/06/2026 18:00;retail;R9;high;accept;0.008;1.0;2;Given the high urgency level of the disruption, the current stockout status, and the coordinator's instruction to increase safety stock as a buffer, I accept the request to add 30 kg to the reorder request and adjust the safety stock by 10%. This will help mitigate the shortage and ensure continued supply to meet customer demand.;cot;llama3.1:8b;llama;Given the high urgency level of the disruption, the current stockout status, and the coordinator's instruction to increase safety stock as a buffer, I accept the request to add 30 kg to the reorder request and adjust the safety stock by 10%. This will help mitigate the shortage and ensure continued supply to meet customer demand.;4b847a0d05c805cdee375c198d579f28075501114e2c66e3f11403dc0cc6dc9a;517;90;28.783.254.146.575.900;TRUE;FALSE;76
440;04/06/2026 20:00;slaughterhouse;R9;high;modify;0.0067;0.92;1;Given the high urgency level of the disruption, I will modify my current output stock to meet the coordinator's instruction. However, considering our local operational constraints and processing capacity, I will not fully accept the instruction as it may lead to overproduction. A factor of 0.92 reflects a compromise between meeting the demand and maintaining our production schedule.;cot;llama3.1:8b;llama;Given the high urgency level of the disruption, I will modify my current output stock to meet the coordinator's instruction. However, considering our local operational constraints and processing capacity, I will not fully accept the instruction as it may lead to overproduction. A factor of 0.92 reflects a compromise between meeting the demand and maintaining our production schedule.;7bf7a37e9de4e8776cadac9e048473af9b00524a0a9f7cd0d905b208f912d45d;538;95;2.419.171.667.098.990;TRUE;FALSE;76
440;04/06/2026 20:00;wholesaler;R9;high;modify;0.0091;0.92;2;Given the high urgency level of the disruption, I will modify the instruction to prioritize inventory for Retail and cancel 50% of non-priority pending shipments to focus on critical Retail orders. This decision is based on my experience managing wholesale distribution during disrupted conditions and the need to balance competing demands in a constrained environment.;cot;llama3.1:8b;llama;Given the high urgency level of the disruption, I will modify the instruction to prioritize inventory for Retail and cancel 50% of non-priority pending shipments to focus on critical Retail orders. This decision is based on my experience managing wholesale distribution during disrupted conditions and the need to balance competing demands in a constrained environment.;9c912374beb273f61a749f739d278441e7665120761db009fe1f3f199c7e82b4;541;88;32.739.225.149.154.600;TRUE;FALSE;76
440;04/06/2026 20:00;retail;R9;high;accept;0.0127;1.0;2;Given the high urgency level of the disruption, I accept the coordinating agent's instruction to increase reorder request by +30 kg and adjust safety stock by 10% as an emergency buffer. This decision is based on my experience managing consumer-facing poultry retail during demand surges from AI outbreak-related panic buying. The current retail status indicates a severe shortage with sales rate exceeding expected levels, making it necessary to take immediate action.;cot;llama3.1:8b;llama;Given the high urgency level of the disruption, I accept the coordinating agent's instruction to increase reorder request by +30 kg and adjust safety stock by 10% as an emergency buffer. This decision is based on my experience managing consumer-facing poultry retail during demand surges from AI outbreak-related panic buying. The current retail status indicates a severe shortage with sales rate exceeding expected levels, making it necessary to take immediate action.;a5148b8a9cb3079143cd0c922ed5e7e86cf0d7d4cc8ba24d05551b0b028863ee;531;108;4.567.774.796.485.900;TRUE;FALSE;76
36;02/06/2026 15:00;farm;R4;normal;modify;0.0073;0.8;1;Given the current production capacity is below 60%, reducing outgoing orders to 80% of actual capacity will help prevent further strain on resources and maintain a stable flock operation.;cot;llama3.1:8b;llama;Given the current production capacity is below 60%, reducing outgoing orders to 80% of actual capacity will help prevent further strain on resources and maintain a stable flock operation.;012d34cb2db4a30393ab602530e427a646a937abede5cc3ef41dc786cd72c559;502;60;263.497.531.414.032;TRUE;FALSE;77
36;02/06/2026 15:00;slaughterhouse;R4;normal;modify;0.0072;0.8;1;Given the current processing capacity is below threshold, reducing it to 80% as instructed by the coordinator will help prevent potential delays and maintain output stock levels within acceptable limits.;cot;llama3.1:8b;llama;Given the current processing capacity is below threshold, reducing it to 80% as instructed by the coordinator will help prevent potential delays and maintain output stock levels within acceptable limits.;1fc92340fe9f1bab05c58bf37b150211b4a1fd3c0c1f89e926503de30b7529c7;503;60;2.598.599.600.791.930;TRUE;FALSE;77
36;02/06/2026 15:00;retail;R4;normal;accept;0.0074;1.0;1;Given the current retail inventory is above safety stock, but sales rate is high and increasing, it's prudent to accept the coordinator's instruction to add a reorder request of +20 kg to mitigate potential future shortages.;cot;llama3.1:8b;llama;Given the current retail inventory is above safety stock, but sales rate is high and increasing, it's prudent to accept the coordinator's instruction to add a reorder request of +20 kg to mitigate potential future shortages.;ddd2d55911c5cce3c4d6d652a55cce5744591cb7d55a59db3c9fbda6b71619a5;483;67;2.647.421.169.281.000;TRUE;FALSE;77
88;03/06/2026 04:00;wholesaler;R8;normal;modify;0.0081;0.8;2;The current inventory level is below the threshold, but not critically low. The incoming orders are above capacity, and the delivery schedule is normal. Given the coordinator's instruction to reroute shipments and reduce pending shipments by 15%, I will modify my decision to accept these changes.;cot;llama3.1:8b;llama;The current inventory level is below the threshold, but not critically low. The incoming orders are above capacity, and the delivery schedule is normal. Given the coordinator's instruction to reroute shipments and reduce pending shipments by 15%, I will modify my decision to accept these changes.;fd5a4992d77a3595939c4a912b71db67266ab9e72b8e2dd4ca333b0338c453d6;506;81;29.300.734.043.121.300;TRUE;FALSE;77
88;03/06/2026 04:00;retail;R8;normal;modify;0.0082;0.8;1;Given the current retail inventory of 37.71 kg, which is above the safety stock threshold, and considering the coordinator's instruction to adjust demand_estimate to 95% due to potential disruption, I will modify the demand estimate to account for the expected delay without immediately triggering a stockout flag.;cot;llama3.1:8b;llama;Given the current retail inventory of 37.71 kg, which is above the safety stock threshold, and considering the coordinator's instruction to adjust demand_estimate to 95% due to potential disruption, I will modify the demand estimate to account for the expected delay without immediately triggering a stockout flag.;00e193fe1b0dc8acdce6f9b21ccd2580809de8723aff2f04f9b38d8c94f44b3f;496;85;29.518.022.537.231.400;TRUE;FALSE;77
111;03/06/2026 09:45;slaughterhouse;R9;high;modify;0.0084;0.85;1;Given the high urgency level of the disruption, I will modify our output stock to increase by 15% as instructed by the coordinator. However, considering our current operational constraints, such as low worker availability and near-maximum processing capacity, I will adjust the factor slightly to ensure a more cautious approach.;cot;llama3.1:8b;llama;Given the high urgency level of the disruption, I will modify our output stock to increase by 15% as instructed by the coordinator. However, considering our current operational constraints, such as low worker availability and near-maximum processing capacity, I will adjust the factor slightly to ensure a more cautious approach.;65da64d17da08deb14b5ccb8e0648da04aa5a8481dd7b0ad12d208650ccfdb58;508;86;30.233.351.945.877.000;TRUE;FALSE;77
111;03/06/2026 09:45;wholesaler;R9;high;modify;0.0086;0.85;2;Given the high urgency level of the disruption, I will modify my current inventory allocation to prioritize retail orders as instructed by the coordinator. This decision takes into account our current low inventory levels and the need to focus on critical retail shipments. By modifying our existing shipment schedule, we can ensure that essential products reach their destinations promptly.;cot;llama3.1:8b;llama;Given the high urgency level of the disruption, I will modify my current inventory allocation to prioritize retail orders as instructed by the coordinator. This decision takes into account our current low inventory levels and the need to focus on critical retail shipments. By modifying our existing shipment schedule, we can ensure that essential products reach their destinations promptly.;7e4aeddff850cd5c0798be7921736d16001c37dc57e34bb3a854b0795bb05df6;514;90;3.100.350.546.836.850;TRUE;FALSE;77
111;03/06/2026 09:45;retail;R9;high;accept;0.0088;1.0;2;The current retail inventory is below the safety stock threshold, and the sales rate has exceeded expectations by 150%. The coordinator's instruction to add a reorder request for +30 kg and increase the safety stock by 10% as an emergency buffer is appropriate given the high urgency level of the disruption.;cot;llama3.1:8b;llama;The current retail inventory is below the safety stock threshold, and the sales rate has exceeded expectations by 150%. The coordinator's instruction to add a reorder request for +30 kg and increase the safety stock by 10% as an emergency buffer is appropriate given the high urgency level of the disruption.;1b20880a17d646b411a96837e18febf6ac99196432fd785fbd5c0199974db737;515;84;3.152.177.357.673.640;TRUE;FALSE;77
360;06/06/2026 00:00;slaughterhouse;R9;high;modify;0.0085;0.92;1;Given the high urgency level of the disruption, I will modify the output stock to meet the coordinator's instruction. However, considering our current processing capacity is below threshold and worker availability is low, I will adjust the factor to ensure a balanced approach.;cot;llama3.1:8b;llama;Given the high urgency level of the disruption, I will modify the output stock to meet the coordinator's instruction. However, considering our current processing capacity is below threshold and worker availability is low, I will adjust the factor to ensure a balanced approach.;aadf0e3287e656cbacf767232f00bee6a832865b9f1404159dc403622fbd2adb;524;75;3.075.060.248.374.930;TRUE;FALSE;77
360;06/06/2026 00:00;wholesaler;R9;high;accept;0.0084;1.0;2;Given the high urgency level of the disruption, prioritizing inventory for Retail is necessary to ensure critical orders are fulfilled. Canceling 50% of non-priority pending shipments will help focus resources on Retail's needs and prevent stockouts.;cot;llama3.1:8b;llama;Given the high urgency level of the disruption, prioritizing inventory for Retail is necessary to ensure critical orders are fulfilled. Canceling 50% of non-priority pending shipments will help focus resources on Retail's needs and prevent stockouts.;59d48249f2e320c65e7483ba227852a740ad8c9d7ab8cc0d8a550dad802e4d03;528;72;3.025.910.210.609.430;TRUE;FALSE;77
360;06/06/2026 00:00;retail;R9;high;accept;0.0092;1.0;2;Given the high urgency level of the disruption, the current stockout status, and the coordinator's instruction to increase safety stock as a buffer, I accept the request to add 30 kg to the reorder request and adjust the safety stock by 10%. This will help mitigate the shortage and ensure continued supply to our customers.;cot;llama3.1:8b;llama;Given the high urgency level of the disruption, the current stockout status, and the coordinator's instruction to increase safety stock as a buffer, I accept the request to add 30 kg to the reorder request and adjust the safety stock by 10%. This will help mitigate the shortage and ensure continued supply to our customers.;1c720ed4c20a002f881e0ff74c179d4815b104742d16ff9f6f66694c4fe46ad7;529;89;3.294.123.721.122.740;TRUE;FALSE;77
36;04/06/2026 15:00;farm;R4;normal;modify;0.0042;0.8;1;Given the current production capacity is below 60%, reducing outgoing orders to 80% of actual capacity will help maintain a stable flock operation and prevent potential disruptions. This adjustment aligns with the coordinating agent's instruction, taking into account our local operational constraints.;cot;llama3.1:8b;llama;Given the current production capacity is below 60%, reducing outgoing orders to 80% of actual capacity will help maintain a stable flock operation and prevent potential disruptions. This adjustment aligns with the coordinating agent's instruction, taking into account our local operational constraints.;012d34cb2db4a30393ab602530e427a646a937abede5cc3ef41dc786cd72c559;502;77;1.500.019.383.430.480;TRUE;FALSE;78
36;04/06/2026 15:00;slaughterhouse;R4;normal;modify;0.0081;0.8;1;Given the current processing capacity is below threshold, reducing it to 80% as instructed by the coordinator will help prevent potential delays and maintain output stock levels within acceptable limits.;cot;llama3.1:8b;llama;Given the current processing capacity is below threshold, reducing it to 80% as instructed by the coordinator will help prevent potential delays and maintain output stock levels within acceptable limits.;1fc92340fe9f1bab05c58bf37b150211b4a1fd3c0c1f89e926503de30b7529c7;503;60;29.042.948.961.257.900;TRUE;FALSE;78
36;04/06/2026 15:00;retail;R4;normal;accept;0.0073;1.0;1;Given the current retail inventory is above safety stock, but sales rate is high and increasing, it's prudent to accept the coordinator's instruction to add a reorder request of +20 kg to mitigate potential future shortages.;cot;llama3.1:8b;llama;Given the current retail inventory is above safety stock, but sales rate is high and increasing, it's prudent to accept the coordinator's instruction to add a reorder request of +20 kg to mitigate potential future shortages.;ddd2d55911c5cce3c4d6d652a55cce5744591cb7d55a59db3c9fbda6b71619a5;483;67;2.622.537.088.394.160;TRUE;FALSE;78
72;05/06/2026 00:00;wholesaler;R8;normal;modify;0.0078;0.8;2;The current inventory level is below the threshold, but we have incoming orders that exceed our capacity by 20%. To mitigate this risk, I will modify the delivery schedule to rerouted and reduce pending shipments by 15% to prioritize urgent deliveries.;cot;llama3.1:8b;llama;The current inventory level is below the threshold, but we have incoming orders that exceed our capacity by 20%. To mitigate this risk, I will modify the delivery schedule to rerouted and reduce pending shipments by 15% to prioritize urgent deliveries.;86ed27074272392618a62be58a012e8765a420b596deefb4fe803d2759d1b56e;506;75;28.059.559.106.826.700;TRUE;FALSE;78
72;05/06/2026 00:00;retail;R8;normal;modify;0.0081;0.8;1;Given the current retail inventory of 36.64 kg, which is above the safety stock threshold, and considering the coordinator's instruction to adjust demand_estimate to 95% due to potential disruption, I will modify the demand estimate to account for the anticipated delay without immediately triggering a stockout flag.;cot;llama3.1:8b;llama;Given the current retail inventory of 36.64 kg, which is above the safety stock threshold, and considering the coordinator's instruction to adjust demand_estimate to 95% due to potential disruption, I will modify the demand estimate to account for the anticipated delay without immediately triggering a stockout flag.;9d00ed5f5f99f4d5df9c685e8a505515443f8a236aef5952edfb0d166be11869;496;85;29.185.543.060.302.700;TRUE;FALSE;78
90;05/06/2026 04:30;slaughterhouse;R9;high;modify;0.0084;0.85;1;Given the high urgency level of the disruption, I will modify our current processing schedule to increase output stock by 15% as instructed by the coordinator. However, considering our current low worker availability and partial equipment status, I must adjust the factor to ensure a more cautious approach.;cot;llama3.1:8b;llama;Given the high urgency level of the disruption, I will modify our current processing schedule to increase output stock by 15% as instructed by the coordinator. However, considering our current low worker availability and partial equipment status, I must adjust the factor to ensure a more cautious approach.;e6689268e71fb5beca0200e0c17430d8c5ba700b987f4e48f34dfbc028aaffe1;510;81;30.261.516.571.044.900;TRUE;FALSE;78
90;05/06/2026 04:30;wholesaler;R9;high;modify;0.0087;0.85;2;Given the high urgency level of the disruption, I will modify my current inventory allocation to prioritize retail orders as instructed by the coordinator. This decision takes into account our current low inventory levels and the need to focus on critical retail shipments. By modifying our existing allocation, we can ensure that essential products reach their destination promptly.;cot;llama3.1:8b;llama;Given the high urgency level of the disruption, I will modify my current inventory allocation to prioritize retail orders as instructed by the coordinator. This decision takes into account our current low inventory levels and the need to focus on critical retail shipments. By modifying our existing allocation, we can ensure that essential products reach their destination promptly.;e0338cff3ce9c3b17e3f7c52dbeed3a1f2897e512bbfeaf9eeebcda9b141fb95;514;89;31.225.075.483.322.100;TRUE;FALSE;78
90;05/06/2026 04:30;retail;R9;high;accept;0.0083;1.0;2;Given the high urgency level of the disruption, the current stockout flag is 0, and the sales rate exceeds expected levels by 50%, I accept the coordinator's instruction to add a reorder request for +30 kg as a buffer against potential future shortages.;cot;llama3.1:8b;llama;Given the high urgency level of the disruption, the current stockout flag is 0, and the sales rate exceeds expected levels by 50%, I accept the coordinator's instruction to add a reorder request for +30 kg as a buffer against potential future shortages.;975af3a828495a866ecd6aa7989100ef00f34ad123e3e1750072c363d03fe9df;515;77;29.884.114.980.697.600;TRUE;FALSE;78
144;05/06/2026 18:00;slaughterhouse;R9;high;modify;0.008;0.92;1;Given the high urgency level of the disruption, I will modify the output stock to meet the coordinator's instruction. However, considering our current processing capacity is below threshold and worker availability is low, I will adjust the factor slightly to ensure a more cautious approach.;cot;llama3.1:8b;llama;Given the high urgency level of the disruption, I will modify the output stock to meet the coordinator's instruction. However, considering our current processing capacity is below threshold and worker availability is low, I will adjust the factor slightly to ensure a more cautious approach.;0ee2f8add3e98e7981f0402bd30111cbd121430377715a90b271ff6cceb53e35;524;77;28.898.414.850.234.900;TRUE;FALSE;78
144;05/06/2026 18:00;wholesaler;R9;high;modify;0.0088;0.92;2;Given the high urgency level of the disruption, I must prioritize inventory allocation to Retail as instructed by the Coordinating Agent. However, considering our current low inventory levels and delayed delivery schedule, I will modify the instruction to accept only 75% of pending shipments for non-priority customers to focus on critical Retail orders.;cot;llama3.1:8b;llama;Given the high urgency level of the disruption, I must prioritize inventory allocation to Retail as instructed by the Coordinating Agent. However, considering our current low inventory levels and delayed delivery schedule, I will modify the instruction to accept only 75% of pending shipments for non-priority customers to focus on critical Retail orders.;fcb1c63de4428a8ac78ad4b0508a5cdd9e6326de9ecd3eccc5b850e7a93acf7e;525;90;3.171.151.638.031.000;TRUE;FALSE;78
144;05/06/2026 18:00;retail;R9;high;accept;0.0092;1.0;2;Given the high urgency level of the disruption, the current stockout flag is active, and sales rate exceeds expected levels by 150%, I accept the coordinating agent's instruction to add a reorder request for +30 kg as a buffer against further shortages. Increasing safety stock by 10% will also provide an additional emergency buffer.;cot;llama3.1:8b;llama;Given the high urgency level of the disruption, the current stockout flag is active, and sales rate exceeds expected levels by 150%, I accept the coordinating agent's instruction to add a reorder request for +30 kg as a buffer against further shortages. Increasing safety stock by 10% will also provide an additional emergency buffer.;74658cc3425cb59129dad014506eab2109149a7f16cf3ddff21d983148be826d;529;90;3.304.132.628.440.850;TRUE;FALSE;78
216;06/06/2026 12:00;slaughterhouse;R9;high;modify;0.0083;0.92;1;Given the high urgency level of the disruption, I will modify the output stock to meet the coordinator's instruction. However, considering our current processing capacity is below threshold and worker availability is low, I will not fully accept the instruction but rather adjust it according to our operational constraints.;cot;llama3.1:8b;llama;Given the high urgency level of the disruption, I will modify the output stock to meet the coordinator's instruction. However, considering our current processing capacity is below threshold and worker availability is low, I will not fully accept the instruction but rather adjust it according to our operational constraints.;3cd1f9dc1b0025a0232e3e169cccbd2aa985b143a19f21733cd2492e298ec125;538;81;29.963.220.596.313.400;TRUE;FALSE;78
216;06/06/2026 12:00;wholesaler;R9;high;modify;0.0093;0.92;2;Given the high urgency level of the disruption, I will modify my previous decision to prioritize inventory for Retail and cancel 50% of non-priority pending shipments to focus on critical Retail orders. This adjustment reflects the severity of the situation and aligns with the coordinator's instruction. By doing so, we can ensure timely delivery of essential products to Retail customers.;cot;llama3.1:8b;llama;Given the high urgency level of the disruption, I will modify my previous decision to prioritize inventory for Retail and cancel 50% of non-priority pending shipments to focus on critical Retail orders. This adjustment reflects the severity of the situation and aligns with the coordinator's instruction. By doing so, we can ensure timely delivery of essential products to Retail customers.;323f1dc6c604a9ca2cd1d97c24d03ffb63d198da65eaae1c322aea6495038e4f;541;97;3.333.070.516.586.300;TRUE;FALSE;78
216;06/06/2026 12:00;retail;R9;high;accept;0.008;1.0;2;Given the high urgency level of the disruption, the current stockout status, and the coordinator's instruction to increase safety stock by 10% as a buffer, I accept the instruction to add a reorder request for +30 kg and adjust the safety stock accordingly.;cot;llama3.1:8b;llama;Given the high urgency level of the disruption, the current stockout status, and the coordinator's instruction to increase safety stock by 10% as a buffer, I accept the instruction to add a reorder request for +30 kg and adjust the safety stock accordingly.;a357b08fb66260d5f86a3bd843ad8a8d98c1e8b7d8947cff5015f4749edc93f8;531;77;28.880.642.414.093.000;TRUE;FALSE;78
288;07/06/2026 06:00;slaughterhouse;R9;high;modify;0.009;0.85;1;Given the high urgency level of the disruption, I will modify the output stock to increase by 15% as instructed by the coordinator. However, considering our current processing capacity is below 50%, I will adjust the factor slightly lower than previous modifications to ensure we don't overcommit resources.;cot;llama3.1:8b;llama;Given the high urgency level of the disruption, I will modify the output stock to increase by 15% as instructed by the coordinator. However, considering our current processing capacity is below 50%, I will adjust the factor slightly lower than previous modifications to ensure we don't overcommit resources.;9c380cfa50eed27df374ce91e3758fd368c601a4733e826d4cbdf049aa2455e1;538;84;32.540.303.230.285.600;TRUE;FALSE;78
288;07/06/2026 06:00;wholesaler;R9;high;modify;0.0091;0.92;2;Given the high urgency level of the disruption, I will modify my current inventory allocation to prioritize retail orders as instructed by the coordinator. This decision is supported by the fact that our inventory level is below 30% capacity and we have a significant number of pending shipments that can be delayed or cancelled without impacting critical retail customers.;cot;llama3.1:8b;llama;Given the high urgency level of the disruption, I will modify my current inventory allocation to prioritize retail orders as instructed by the coordinator. This decision is supported by the fact that our inventory level is below 30% capacity and we have a significant number of pending shipments that can be delayed or cancelled without impacting critical retail customers.;97f0958103dcccb80050d201d215882e4bae787de62d4ab28a8192dbef74323f;542;90;3.291.797.351.837.150;TRUE;FALSE;78
288;07/06/2026 06:00;retail;R9;high;accept;0.0083;1.0;2;Given the high urgency level of the disruption, our current stockout status, and the coordinator's instruction to increase safety stock as a buffer, I accept the request to add 30 kg to the reorder request and adjust the safety stock by 10%. This will help mitigate the shortage and ensure we can meet customer demand.;cot;llama3.1:8b;llama;Given the high urgency level of the disruption, our current stockout status, and the coordinator's instruction to increase safety stock as a buffer, I accept the request to add 30 kg to the reorder request and adjust the safety stock by 10%. This will help mitigate the shortage and ensure we can meet customer demand.;47266b7b923412bbc3e2cdc796fbeac350487e49e945ab137362b328d4d53674;531;89;2.997.296.905.517.570;TRUE;FALSE;78
320;07/06/2026 14:00;slaughterhouse;R9;high;modify;0.0057;0.92;1;The current processing delay is above the threshold, but we can still increase output stock by 15% to meet the coordinator's instruction. However, this will require careful allocation of our available workers and equipment to avoid further disruptions.;cot;llama3.1:8b;llama;The current processing delay is above the threshold, but we can still increase output stock by 15% to meet the coordinator's instruction. However, this will require careful allocation of our available workers and equipment to avoid further disruptions.;e25f74da626ecfbe6b8661da2403acea8c2b338b3b2396ca7777eb6c4150fd15;538;71;2.051.569.128.036.490;TRUE;FALSE;78
320;07/06/2026 14:00;wholesaler;R9;high;modify;0.0096;0.92;2;Given the high urgency level of the disruption, I will modify my current inventory allocation to prioritize retail orders as instructed by the coordinator. This decision is supported by the fact that our inventory level is already below 30% capacity and we have a significant number of pending shipments. By focusing on critical retail orders, we can minimize stockouts and ensure business continuity.;cot;llama3.1:8b;llama;Given the high urgency level of the disruption, I will modify my current inventory allocation to prioritize retail orders as instructed by the coordinator. This decision is supported by the fact that our inventory level is already below 30% capacity and we have a significant number of pending shipments. By focusing on critical retail orders, we can minimize stockouts and ensure business continuity.;5b4923e8e55907403b2f09ff0b01658388c5d2697f8cd97544cc540750b759af;539;97;3.462.353.754.043.570;TRUE;FALSE;78
320;07/06/2026 14:00;retail;R9;high;accept;0.0086;1.0;2;Given the high urgency level of the disruption, the current stockout flag is 0, and the sales rate exceeds expected levels, I accept the coordinating agent's instruction to add a reorder request for +30 kg as a buffer against potential future shortages.;cot;llama3.1:8b;llama;Given the high urgency level of the disruption, the current stockout flag is 0, and the sales rate exceeds expected levels, I accept the coordinating agent's instruction to add a reorder request for +30 kg as a buffer against potential future shortages.;51fff8b9b0d87dc106f9d940221308e0923a92076fbd22d31036e8166f596c63;531;75;3.078.752.851.486.200;TRUE;FALSE;78
360;08/06/2026 00:00;slaughterhouse;R9;high;modify;0.0059;0.92;1;Given the high urgency level of the disruption, I will modify the output stock to meet the coordinator's instruction. However, considering our current processing capacity is below threshold and worker availability is also low, I need to balance this adjustment with caution.;cot;llama3.1:8b;llama;Given the high urgency level of the disruption, I will modify the output stock to meet the coordinator's instruction. However, considering our current processing capacity is below threshold and worker availability is also low, I need to balance this adjustment with caution.;104218683b0af4024e1e260d9e7c10917ea1dfc96c8c7e66a9849f50885ed2ec;538;74;21.166.568.756.103.500;TRUE;FALSE;78
360;08/06/2026 00:00;wholesaler;R9;high;modify;0.0096;0.92;2;Given the high urgency level of the disruption, I will modify my current operations to prioritize inventory for Retail and cancel 50% of non-priority pending shipments to focus on critical Retail orders. This decision aligns with the coordinator's instruction and takes into account our local operational constraints. By doing so, we can ensure that critical Retail customers receive their supplies in a timely manner.;cot;llama3.1:8b;llama;Given the high urgency level of the disruption, I will modify my current operations to prioritize inventory for Retail and cancel 50% of non-priority pending shipments to focus on critical Retail orders. This decision aligns with the coordinator's instruction and takes into account our local operational constraints. By doing so, we can ensure that critical Retail customers receive their supplies in a timely manner.;aef3d007aaa570e3f5c81a7b0110571dfd720ec1f37b78b9b439e31db34ceace;541;101;3.451.714.587.211.600;TRUE;FALSE;78
360;08/06/2026 00:00;retail;R9;high;accept;0.009;1.0;2;Given the high urgency level of the disruption, our current stockout status, and the coordinator's instruction to increase safety stock as a buffer, I accept the request to add 30 kg to the reorder request and adjust the safety stock by 10%. This will help mitigate the shortage and ensure we can meet customer demand.;cot;llama3.1:8b;llama;Given the high urgency level of the disruption, our current stockout status, and the coordinator's instruction to increase safety stock as a buffer, I accept the request to add 30 kg to the reorder request and adjust the safety stock by 10%. This will help mitigate the shortage and ensure we can meet customer demand.;593472ae3fd83ed75e30e815642b6c55761b067182e92e276ceee52bc07aaf51;531;89;32.229.449.033.737.100;TRUE;FALSE;78
36;06/06/2026 15:00;farm;R4;normal;modify;0.0043;0.8;1;Given the current production capacity is below 60%, reducing outgoing orders to 80% of actual capacity will help maintain a stable flock operation and prevent potential disruptions. This adjustment aligns with the coordinating agent's instruction, taking into account our local operational constraints.;cot;llama3.1:8b;llama;Given the current production capacity is below 60%, reducing outgoing orders to 80% of actual capacity will help maintain a stable flock operation and prevent potential disruptions. This adjustment aligns with the coordinating agent's instruction, taking into account our local operational constraints.;012d34cb2db4a30393ab602530e427a646a937abede5cc3ef41dc786cd72c559;502;77;15.539.507.150.650.000;TRUE;FALSE;79
36;06/06/2026 15:00;slaughterhouse;R4;normal;modify;0.0073;0.8;1;Given the current processing capacity is below threshold, reducing it to 80% as instructed by the coordinator will help prevent potential delays and maintain output stock levels within acceptable limits.;cot;llama3.1:8b;llama;Given the current processing capacity is below threshold, reducing it to 80% as instructed by the coordinator will help prevent potential delays and maintain output stock levels within acceptable limits.;1fc92340fe9f1bab05c58bf37b150211b4a1fd3c0c1f89e926503de30b7529c7;503;60;26.243.558.406.829.800;TRUE;FALSE;79
36;06/06/2026 15:00;retail;R4;normal;accept;0.0072;1.0;1;Given the current retail inventory is above safety stock, but sales rate is high and increasing, it's prudent to accept the coordinator's instruction to add a reorder request of +20 kg to mitigate potential future shortages.;cot;llama3.1:8b;llama;Given the current retail inventory is above safety stock, but sales rate is high and increasing, it's prudent to accept the coordinator's instruction to add a reorder request of +20 kg to mitigate potential future shortages.;ddd2d55911c5cce3c4d6d652a55cce5744591cb7d55a59db3c9fbda6b71619a5;483;67;26.015.536.546.707.100;TRUE;FALSE;79
88;07/06/2026 04:00;farm;R12;high;modify;0.0087;0.85;2;Given the high urgency level of the disruption, I must adjust outgoing orders to match our current production capacity. Reducing orders by 25% will help prevent further strain on resources and allow us to maintain a stable flock management. This adjustment should also enable us to increase production capacity by 5% through intensified efforts if possible.;cot;llama3.1:8b;llama;Given the high urgency level of the disruption, I must adjust outgoing orders to match our current production capacity. Reducing orders by 25% will help prevent further strain on resources and allow us to maintain a stable flock management. This adjustment should also enable us to increase production capacity by 5% through intensified efforts if possible.;0648f25534216cefc054e48bd32afba40599d91417cb4221fd23d6de2a2e8e87;525;91;31.453.997.135.162.300;TRUE;FALSE;79
88;07/06/2026 04:00;wholesaler;R12;high;modify;0.0089;0.8;2;Given the high urgency level of the disruption, I will modify our distribution capacity to 85% as instructed by the coordinator. This adjustment will help optimize our supply chain and ensure timely delivery of broilers to customers. However, I will not immediately change the delivery schedule to 'rerouted' without further assessment of its impact on our local operations.;cot;llama3.1:8b;llama;Given the high urgency level of the disruption, I will modify our distribution capacity to 85% as instructed by the coordinator. This adjustment will help optimize our supply chain and ensure timely delivery of broilers to customers. However, I will not immediately change the delivery schedule to 'rerouted' without further assessment of its impact on our local operations.;942a2adf8ecc981ce7f0dd7a8a700f966ac924d283eec79985efb7fc00a54fe3;503;95;31.873.679.637.908.900;TRUE;FALSE;79
360;10/06/2026 00:00;slaughterhouse;R9;high;modify;0.0085;0.85;1;Given the high urgency level of the disruption, I will modify our current processing schedule to increase output stock by 15% as instructed by the coordinator. However, considering our current low worker availability and moderate processing delay, I must adjust the factor slightly to ensure a balanced response.;cot;llama3.1:8b;llama;Given the high urgency level of the disruption, I will modify our current processing schedule to increase output stock by 15% as instructed by the coordinator. However, considering our current low worker availability and moderate processing delay, I must adjust the factor slightly to ensure a balanced response.;61c26a342fb1f046f8f38fe6aefe619b6bbe1b56e3728a423022989c7f1fd7a8;510;81;304.774.432.182.312;TRUE;FALSE;79
360;10/06/2026 00:00;wholesaler;R9;high;modify;0.0091;0.85;2;Given the high urgency level of the disruption, I will modify my current inventory allocation to prioritize retail orders as instructed by the coordinator. This decision takes into account our low inventory levels and delayed delivery schedule, ensuring that critical retail shipments are fulfilled first. By cancelling 50% of non-priority pending shipments, we can focus on meeting the urgent needs of our retail customers.;cot;llama3.1:8b;llama;Given the high urgency level of the disruption, I will modify my current inventory allocation to prioritize retail orders as instructed by the coordinator. This decision takes into account our low inventory levels and delayed delivery schedule, ensuring that critical retail shipments are fulfilled first. By cancelling 50% of non-priority pending shipments, we can focus on meeting the urgent needs of our retail customers.;f22129db3bcb1ee17d5abeb18a65e85f251c36ff451db714b7550fef861e47b0;511;100;32.937.878.370.285.000;TRUE;FALSE;79
360;10/06/2026 00:00;retail;R9;high;accept;0.008;1.0;2;Given the high urgency level of the disruption, our current stockout status, and the coordinator's instruction to increase safety stock as a buffer, accepting the reorder request is the most prudent decision to ensure continued broiler meat availability for our customers.;cot;llama3.1:8b;llama;Given the high urgency level of the disruption, our current stockout status, and the coordinator's instruction to increase safety stock as a buffer, accepting the reorder request is the most prudent decision to ensure continued broiler meat availability for our customers.;16727bee795a8377d787d001e991d5f231659d2806c18c6fdddf22d8c27f23a7;503;73;288.393.235.206.604;TRUE;FALSE;79
432;10/06/2026 18:00;slaughterhouse;R9;high;modify;0.0084;0.85;1;Given the high urgency level of the disruption, I will modify the output stock to meet the coordinator's instruction. However, considering our current processing capacity is below threshold and worker availability is low, I will adjust the factor slightly lower than before to ensure a more cautious approach.;cot;llama3.1:8b;llama;Given the high urgency level of the disruption, I will modify the output stock to meet the coordinator's instruction. However, considering our current processing capacity is below threshold and worker availability is low, I will adjust the factor slightly lower than before to ensure a more cautious approach.;a9e9fa950b919240f289965a232037d68991c4f58c03e76baddeb78d1dfde91b;524;80;30.207.679.986.953.700;TRUE;FALSE;79
432;10/06/2026 18:00;wholesaler;R9;high;modify;0.0079;0.92;2;Given the high urgency level of the disruption, I will modify the instruction to prioritize inventory for Retail while maintaining current levels and cancelling 50% of non-priority pending shipments to focus on critical Retail needs.;cot;llama3.1:8b;llama;Given the high urgency level of the disruption, I will modify the instruction to prioritize inventory for Retail while maintaining current levels and cancelling 50% of non-priority pending shipments to focus on critical Retail needs.;1cabbb567857630c23d76ee0acb4b34484eba11e31da031e18ec4d652f1903cf;525;67;28.394.530.296.325.600;TRUE;FALSE;79
432;10/06/2026 18:00;retail;R9;high;accept;0.0081;1.0;2;Given the high urgency level of the disruption, the current stockout status, and the coordinator's instruction to increase safety stock as a buffer, I accept the request to add 30 kg to the reorder request and adjust the safety stock by 10%. This will help mitigate the shortage and ensure continued supply to meet customer demand.;cot;llama3.1:8b;llama;Given the high urgency level of the disruption, the current stockout status, and the coordinator's instruction to increase safety stock as a buffer, I accept the request to add 30 kg to the reorder request and adjust the safety stock by 10%. This will help mitigate the shortage and ensure continued supply to meet customer demand.;ae0b075ae09aaec1e0cc9775228870a2400cc81cf1bbdbe05fae13b2ac1e88e5;517;90;2.926.934.289.932.250;TRUE;FALSE;79
36;08/06/2026 15:00;farm;R4;normal;modify;0.0071;0.8;1;Given the current production capacity is below 60%, reducing outgoing orders to 80% of actual capacity will help prevent further strain on resources and maintain a stable flock operation.;cot;llama3.1:8b;llama;Given the current production capacity is below 60%, reducing outgoing orders to 80% of actual capacity will help prevent further strain on resources and maintain a stable flock operation.;012d34cb2db4a30393ab602530e427a646a937abede5cc3ef41dc786cd72c559;502;60;25.604.898.929.595.900;TRUE;FALSE;80
36;08/06/2026 15:00;slaughterhouse;R4;normal;modify;0.0073;0.8;1;Given the current processing capacity is below threshold, reducing it to 80% as instructed by the coordinator will help prevent potential delays and maintain output stock levels within acceptable limits.;cot;llama3.1:8b;llama;Given the current processing capacity is below threshold, reducing it to 80% as instructed by the coordinator will help prevent potential delays and maintain output stock levels within acceptable limits.;1fc92340fe9f1bab05c58bf37b150211b4a1fd3c0c1f89e926503de30b7529c7;503;60;26.343.801.021.575.900;TRUE;FALSE;80
36;08/06/2026 15:00;retail;R4;normal;accept;0.0072;1.0;1;Given the current retail inventory is above safety stock, but sales rate is high and increasing, it's prudent to accept the coordinator's instruction to add a reorder request of +20 kg to mitigate potential future shortages.;cot;llama3.1:8b;llama;Given the current retail inventory is above safety stock, but sales rate is high and increasing, it's prudent to accept the coordinator's instruction to add a reorder request of +20 kg to mitigate potential future shortages.;ddd2d55911c5cce3c4d6d652a55cce5744591cb7d55a59db3c9fbda6b71619a5;483;67;26.067.884.922.027.500;TRUE;FALSE;80
90;09/06/2026 04:30;wholesaler;R14;normal;modify;0.0078;0.8;1;Given the current inventory level is below threshold, I will modify the reorder point to anticipate potential surge in orders from Retail. Raising the reorder point by 10% as instructed by the coordinator will help mitigate the risk of stockouts and ensure timely delivery.;cot;llama3.1:8b;llama;Given the current inventory level is below threshold, I will modify the reorder point to anticipate potential surge in orders from Retail. Raising the reorder point by 10% as instructed by the coordinator will help mitigate the risk of stockouts and ensure timely delivery.;37bf29edfa63ff96938918ed3ff4ee19b3b5775b159271efc42e93f487845597;490;77;2.809.955.620.765.680;TRUE;FALSE;80
90;09/06/2026 04:30;retail;R14;normal;accept;0.0085;1.0;2;The current retail inventory is below the safety stock threshold, but not critically low. The sales rate has increased significantly, indicating a surge in demand. Given the coordinator's instruction to increase reorder request by +25 kg and update demand estimate by 10%, I accept this adjustment as it aligns with our operational constraints.;cot;llama3.1:8b;llama;The current retail inventory is below the safety stock threshold, but not critically low. The sales rate has increased significantly, indicating a surge in demand. Given the coordinator's instruction to increase reorder request by +25 kg and update demand estimate by 10%, I accept this adjustment as it aligns with our operational constraints.;706f57e4f5a1ec1f91af1568d85c51f85f659ee13633fe8ce0ec4e287511470f;506;88;30.512.479.543.685.900;TRUE;FALSE;80
144;09/06/2026 18:00;wholesaler;R14;normal;modify;0.0079;0.85;1;Given the current inventory level is below 30% capacity, I will modify the reorder point by 10% as instructed to anticipate potential surge in reorders from Retail. This adjustment will help prevent stockouts and ensure timely delivery of broilers to our customers.;cot;llama3.1:8b;llama;Given the current inventory level is below 30% capacity, I will modify the reorder point by 10% as instructed to anticipate potential surge in reorders from Retail. This adjustment will help prevent stockouts and ensure timely delivery of broilers to our customers.;3334b95b78feb629488f7799a99b64bc4668cbccad1fafbc76853f8629125577;496;78;2.857.853.627.204.890;TRUE;FALSE;80
144;09/06/2026 18:00;retail;R14;normal;accept;0.0081;1.0;2;Given the current stockout flag is active, sales rate exceeds expected levels, and shortage duration has exceeded 2 hours, it's essential to accept the coordinator's instruction to increase reorder request by +25 kg to prevent further disruptions.;cot;llama3.1:8b;llama;Given the current stockout flag is active, sales rate exceeds expected levels, and shortage duration has exceeded 2 hours, it's essential to accept the coordinator's instruction to increase reorder request by +25 kg to prevent further disruptions.;2a90e966c30bdc712d1e1cd30949bd837e438b88772957d7694f1215d442308e;522;71;29.183.121.919.631.900;TRUE;FALSE;80
216;10/06/2026 12:00;wholesaler;R14;normal;modify;0.0083;0.92;1;Given the current inventory level is below 30% capacity, incoming orders are exceeding our threshold, and delivery schedule is delayed, I agree with the coordinator's instruction to increase reorder point by 10%. This adjustment will help mitigate potential stockouts and ensure timely delivery of broilers to retailers.;cot;llama3.1:8b;llama;Given the current inventory level is below 30% capacity, incoming orders are exceeding our threshold, and delivery schedule is delayed, I agree with the coordinator's instruction to increase reorder point by 10%. This adjustment will help mitigate potential stockouts and ensure timely delivery of broilers to retailers.;df43eac9805120f8f28b8140e38cde165fbd32ca485c61353c51b252b90d42bc;510;84;29.793.111.324.310.300;TRUE;FALSE;80
216;10/06/2026 12:00;retail;R14;normal;modify;0.0087;0.8;2;Given the current stockout flag is active, high sales rate, and prolonged shortage duration, I need to adjust the reorder request to ensure timely replenishment. Increasing the order by +25 kg as instructed by the coordinator seems reasonable, but considering our local operational constraints, I'll modify the factor to 0.8 to account for potential delays in delivery.;cot;llama3.1:8b;llama;Given the current stockout flag is active, high sales rate, and prolonged shortage duration, I need to adjust the reorder request to ensure timely replenishment. Increasing the order by +25 kg as instructed by the coordinator seems reasonable, but considering our local operational constraints, I'll modify the factor to 0.8 to account for potential delays in delivery.;44786545c652f3f2095c7d03ece949cf6ec4748244a39c20bc252d4f9bf102eb;536;97;31.417.868.614.196.700;TRUE;FALSE;80
36;10/06/2026 15:00;farm;R4;normal;modify;0.0045;0.8;1;Given the current production capacity is below 60%, reducing outgoing orders to 80% of actual capacity will help maintain a stable flock operation and prevent potential disruptions. This adjustment aligns with the coordinating agent's instruction, taking into account our local operational constraints.;cot;llama3.1:8b;llama;Given the current production capacity is below 60%, reducing outgoing orders to 80% of actual capacity will help maintain a stable flock operation and prevent potential disruptions. This adjustment aligns with the coordinating agent's instruction, taking into account our local operational constraints.;012d34cb2db4a30393ab602530e427a646a937abede5cc3ef41dc786cd72c559;502;77;16.234.153.270.721.400;TRUE;FALSE;81
36;10/06/2026 15:00;slaughterhouse;R4;normal;modify;0.0033;0.8;1;Given the current processing capacity is below threshold, reducing it to 80% as instructed by the coordinator will help prevent potential delays and maintain output stock levels within acceptable limits.;cot;llama3.1:8b;llama;Given the current processing capacity is below threshold, reducing it to 80% as instructed by the coordinator will help prevent potential delays and maintain output stock levels within acceptable limits.;1fc92340fe9f1bab05c58bf37b150211b4a1fd3c0c1f89e926503de30b7529c7;503;60;1.194.998.574.256.890;TRUE;FALSE;81
36;10/06/2026 15:00;retail;R4;normal;accept;0.0075;1.0;1;Given the current retail inventory is above safety stock, but sales rate is high and increasing, it's prudent to accept the coordinator's instruction to add a reorder request of +20 kg to mitigate potential future shortages.;cot;llama3.1:8b;llama;Given the current retail inventory is above safety stock, but sales rate is high and increasing, it's prudent to accept the coordinator's instruction to add a reorder request of +20 kg to mitigate potential future shortages.;ddd2d55911c5cce3c4d6d652a55cce5744591cb7d55a59db3c9fbda6b71619a5;483;67;268.939.151.763.916;TRUE;FALSE;81
80;11/06/2026 02:00;wholesaler;R8;normal;modify;0.008;0.8;2;The current inventory level is below the threshold, but not critically low. The incoming orders are above capacity, and the delivery schedule is normal. Modifying the delivery schedule to 'rerouted' will help mitigate potential disruptions and ensure timely delivery of critical shipments.;cot;llama3.1:8b;llama;The current inventory level is below the threshold, but not critically low. The incoming orders are above capacity, and the delivery schedule is normal. Modifying the delivery schedule to 'rerouted' will help mitigate potential disruptions and ensure timely delivery of critical shipments.;ad6bcf992c7ee5b9b01ec073725e0ade160e267730817f36ab226fb2badecfc6;506;77;2.863.303.852.081.290;TRUE;FALSE;81
80;11/06/2026 02:00;retail;R8;normal;modify;0.0083;0.8;1;Given the current retail inventory of 44.2 kg, which is above the safety stock threshold, and considering the coordinator's instruction to adjust demand_estimate to 95% due to potential disruption, I will modify the demand estimate to account for the anticipated delay without immediately triggering a stockout flag.;cot;llama3.1:8b;llama;Given the current retail inventory of 44.2 kg, which is above the safety stock threshold, and considering the coordinator's instruction to adjust demand_estimate to 95% due to potential disruption, I will modify the demand estimate to account for the anticipated delay without immediately triggering a stockout flag.;08a5cfb9483f3b0f846492f1f7d34667173f4e52c351a9786946327441d95a90;496;85;30.043.962.478.637.600;TRUE;FALSE;81
129;11/06/2026 14:15;slaughterhouse;R9;high;modify;0.0086;0.85;1;Given the high urgency level of the disruption, I will modify our output stock to increase by 15% as instructed by the coordinator. However, considering our current processing capacity is below threshold and worker availability is low, I will adjust the factor to 0.85 to ensure a more cautious approach.;cot;llama3.1:8b;llama;Given the high urgency level of the disruption, I will modify our output stock to increase by 15% as instructed by the coordinator. However, considering our current processing capacity is below threshold and worker availability is low, I will adjust the factor to 0.85 to ensure a more cautious approach.;5d3018f11b23f0763952ee02d56305f4b9e8cb83ba16984197ab65d33c6c490e;510;86;30.927.354.097.366.300;TRUE;FALSE;81
129;11/06/2026 14:15;wholesaler;R9;high;modify;0.0084;0.85;2;Given the high urgency level of the disruption, I will modify my current inventory allocation to prioritize retail orders as instructed by the coordinator. This decision is supported by our current low inventory levels and incoming orders exceeding capacity. By prioritizing retail orders, we can minimize stockouts and ensure critical customer needs are met.;cot;llama3.1:8b;llama;Given the high urgency level of the disruption, I will modify my current inventory allocation to prioritize retail orders as instructed by the coordinator. This decision is supported by our current low inventory levels and incoming orders exceeding capacity. By prioritizing retail orders, we can minimize stockouts and ensure critical customer needs are met.;6f547fa344998adbbea3e89f951c0bd051bebd54ed85bdd54935c018fccf1c2e;514;87;30.381.489.515.304.500;TRUE;FALSE;81
129;11/06/2026 14:15;retail;R9;high;accept;0.0088;1.0;2;The current retail inventory is below the safety stock threshold, and the sales rate has exceeded expectations by more than 50%. The coordinator's instruction to add a reorder request for +30 kg and increase the safety stock by 10% as an emergency buffer is appropriate given the high urgency level of the disruption.;cot;llama3.1:8b;llama;The current retail inventory is below the safety stock threshold, and the sales rate has exceeded expectations by more than 50%. The coordinator's instruction to add a reorder request for +30 kg and increase the safety stock by 10% as an emergency buffer is appropriate given the high urgency level of the disruption.;34d083d934e3bde9a61df2fb7e942f6fd74206920c19be6052efccccd534ff67;515;86;31.678.908.109.664.900;TRUE;FALSE;81
360;14/06/2026 00:00;slaughterhouse;R9;high;modify;0.0085;0.92;1;Given the high urgency level of the disruption, I will modify the output stock to meet the coordinator's instruction. However, considering our current processing capacity is below threshold and worker availability is low, I will adjust the factor slightly to ensure a more cautious approach.;cot;llama3.1:8b;llama;Given the high urgency level of the disruption, I will modify the output stock to meet the coordinator's instruction. However, considering our current processing capacity is below threshold and worker availability is low, I will adjust the factor slightly to ensure a more cautious approach.;a9784a4e74794acf134c1ded8676fa8f16a03af0b35c7973fd89404b9039fa7a;524;77;30.540.048.360.824.500;TRUE;FALSE;81
360;14/06/2026 00:00;wholesaler;R9;high;accept;0.0085;1.0;2;Given the high urgency level of the disruption, prioritizing inventory for Retail is necessary to ensure critical orders are fulfilled. Canceling 50% of non-priority pending shipments will help focus resources on Retail's needs and prevent stockouts.;cot;llama3.1:8b;llama;Given the high urgency level of the disruption, prioritizing inventory for Retail is necessary to ensure critical orders are fulfilled. Canceling 50% of non-priority pending shipments will help focus resources on Retail's needs and prevent stockouts.;59d48249f2e320c65e7483ba227852a740ad8c9d7ab8cc0d8a550dad802e4d03;528;72;3.050.902.485.847.470;TRUE;FALSE;81
360;14/06/2026 00:00;retail;R9;high;accept;0.0087;1.0;2;Given the high urgency level of the disruption, our current stockout status, and the coordinator's instruction to increase safety stock as a buffer, I accept the request to reorder +30 kg immediately.;cot;llama3.1:8b;llama;Given the high urgency level of the disruption, our current stockout status, and the coordinator's instruction to increase safety stock as a buffer, I accept the request to reorder +30 kg immediately.;2d13a5485299ec5310fe48ac27b52ee58ec4a4f35fdd99d6f8b373d21258054b;529;64;31.491.065.979.003.900;TRUE;FALSE;81
36;12/06/2026 15:00;farm;R4;normal;modify;0.0043;0.8;1;Given the current production capacity is below 60%, reducing outgoing orders to 80% of actual capacity will help maintain a stable flock operation and prevent potential disruptions. This adjustment aligns with the coordinating agent's instruction, taking into account our local operational constraints.;cot;llama3.1:8b;llama;Given the current production capacity is below 60%, reducing outgoing orders to 80% of actual capacity will help maintain a stable flock operation and prevent potential disruptions. This adjustment aligns with the coordinating agent's instruction, taking into account our local operational constraints.;012d34cb2db4a30393ab602530e427a646a937abede5cc3ef41dc786cd72c559;502;77;15.434.884.548.187.200;TRUE;FALSE;82
36;12/06/2026 15:00;slaughterhouse;R4;normal;modify;0.0075;0.8;1;Given the current processing capacity is below threshold, reducing it to 80% as instructed by the coordinator will help prevent potential delays and maintain output stock levels within acceptable limits.;cot;llama3.1:8b;llama;Given the current processing capacity is below threshold, reducing it to 80% as instructed by the coordinator will help prevent potential delays and maintain output stock levels within acceptable limits.;1fc92340fe9f1bab05c58bf37b150211b4a1fd3c0c1f89e926503de30b7529c7;503;60;26.824.831.247.329.700;TRUE;FALSE;82
36;12/06/2026 15:00;retail;R4;normal;accept;0.0075;1.0;1;Given the current retail inventory is above safety stock, but sales rate is high and increasing, it's prudent to accept the coordinator's instruction to add a reorder request of +20 kg to mitigate potential future shortages.;cot;llama3.1:8b;llama;Given the current retail inventory is above safety stock, but sales rate is high and increasing, it's prudent to accept the coordinator's instruction to add a reorder request of +20 kg to mitigate potential future shortages.;ddd2d55911c5cce3c4d6d652a55cce5744591cb7d55a59db3c9fbda6b71619a5;483;67;27.174.058.198.928.800;TRUE;FALSE;82
88;13/06/2026 04:00;farm;R12;high;modify;0.0094;0.85;2;Given the high urgency level of the disruption, I must adjust outgoing orders to match our current production capacity. Reducing orders by 25% will help prevent further strain on resources and allow us to maintain a stable flock. Additionally, increasing production capacity by 5% through intensified operations may be feasible, but it requires careful monitoring to avoid overexertion.;cot;llama3.1:8b;llama;Given the high urgency level of the disruption, I must adjust outgoing orders to match our current production capacity. Reducing orders by 25% will help prevent further strain on resources and allow us to maintain a stable flock. Additionally, increasing production capacity by 5% through intensified operations may be feasible, but it requires careful monitoring to avoid overexertion.;3448e2236b5e18af073922453ce35ccd182219b38438f22cc388afff82dcf19a;525;98;33.749.197.483.062.700;TRUE;FALSE;82
88;13/06/2026 04:00;wholesaler;R12;high;modify;0.0086;0.8;2;Given the high urgency level of the disruption, I will modify our distribution capacity to 85% as instructed by the coordinator. This adjustment will help optimize our supply chain and ensure timely delivery of broilers to customers. However, I will not immediately change the delivery schedule to 'rerouted' without further assessment of its impact on our local operations.;cot;llama3.1:8b;llama;Given the high urgency level of the disruption, I will modify our distribution capacity to 85% as instructed by the coordinator. This adjustment will help optimize our supply chain and ensure timely delivery of broilers to customers. However, I will not immediately change the delivery schedule to 'rerouted' without further assessment of its impact on our local operations.;942a2adf8ecc981ce7f0dd7a8a700f966ac924d283eec79985efb7fc00a54fe3;503;95;31.111.573.457.717.800;TRUE;FALSE;82
324;15/06/2026 15:00;slaughterhouse;R9;high;modify;0.0083;0.85;1;Given the high urgency level of the disruption, I will modify our current processing schedule to increase output stock by 15% as instructed by the coordinator. However, considering our current low worker availability and partial equipment status, I must adjust the factor slightly to ensure a more cautious approach.;cot;llama3.1:8b;llama;Given the high urgency level of the disruption, I will modify our current processing schedule to increase output stock by 15% as instructed by the coordinator. However, considering our current low worker availability and partial equipment status, I must adjust the factor slightly to ensure a more cautious approach.;546d83e8a32074a71cb5f1fff400eccb910987ea5e5ea93a1b772568b7513537;508;82;29.989.225.149.154.600;TRUE;FALSE;82
324;15/06/2026 15:00;wholesaler;R9;high;modify;0.0084;0.85;2;Given the high urgency level of the disruption, I must prioritize inventory allocation to Retail as instructed by the Coordinating Agent. However, considering our current low inventory levels and incoming orders exceeding capacity, a modification is necessary to ensure we meet critical Retail demands without compromising on other non-priority shipments.;cot;llama3.1:8b;llama;Given the high urgency level of the disruption, I must prioritize inventory allocation to Retail as instructed by the Coordinating Agent. However, considering our current low inventory levels and incoming orders exceeding capacity, a modification is necessary to ensure we meet critical Retail demands without compromising on other non-priority shipments.;dbc3f9d9dad9845c3ca9afcf68a5531f47b343a2a033971b5475a2d0d4e22d8c;512;85;30.149.314.165.115.300;TRUE;FALSE;82
324;15/06/2026 15:00;retail;R9;high;accept;0.009;1.0;2;The current retail status indicates a severe stockout situation, with inventory at 0 kg and sales rate exceeding expected levels by 150%. The coordinator's instruction to add 30 kg to the reorder request and increase safety stock by 10% as an emergency buffer is appropriate given the high urgency level of the disruption triggered by Rule R9.;cot;llama3.1:8b;llama;The current retail status indicates a severe stockout situation, with inventory at 0 kg and sales rate exceeding expected levels by 150%. The coordinator's instruction to add 30 kg to the reorder request and increase safety stock by 10% as an emergency buffer is appropriate given the high urgency level of the disruption triggered by Rule R9.;f65708ebec9ffb877f3d9466a4ac9e4d8bb0e4811892a771edcc1ba3655c2bf2;501;93;3.230.605.459.213.250;TRUE;FALSE;82
36;14/06/2026 15:00;farm;R4;normal;modify;0.0073;0.8;1;Given the current production capacity is below 60%, reducing outgoing orders to 80% of actual capacity will help prevent further strain on resources and maintain a stable flock operation.;cot;llama3.1:8b;llama;Given the current production capacity is below 60%, reducing outgoing orders to 80% of actual capacity will help prevent further strain on resources and maintain a stable flock operation.;012d34cb2db4a30393ab602530e427a646a937abede5cc3ef41dc786cd72c559;502;60;26.280.598.163.604.700;TRUE;FALSE;83
36;14/06/2026 15:00;slaughterhouse;R4;normal;modify;0.0076;0.8;1;Given the current processing capacity is below threshold, reducing it to 80% as instructed by the coordinator will help prevent potential delays and maintain output stock levels within acceptable limits.;cot;llama3.1:8b;llama;Given the current processing capacity is below threshold, reducing it to 80% as instructed by the coordinator will help prevent potential delays and maintain output stock levels within acceptable limits.;1fc92340fe9f1bab05c58bf37b150211b4a1fd3c0c1f89e926503de30b7529c7;503;60;27.471.214.532.852.100;TRUE;FALSE;83
36;14/06/2026 15:00;retail;R4;normal;accept;0.0075;1.0;1;Given the current retail inventory is above safety stock, but sales rate is high and increasing, it's prudent to accept the coordinator's instruction to add a reorder request of +20 kg to mitigate potential future shortages.;cot;llama3.1:8b;llama;Given the current retail inventory is above safety stock, but sales rate is high and increasing, it's prudent to accept the coordinator's instruction to add a reorder request of +20 kg to mitigate potential future shortages.;ddd2d55911c5cce3c4d6d652a55cce5744591cb7d55a59db3c9fbda6b71619a5;483;67;26.976.818.323.135.300;TRUE;FALSE;83
88;15/06/2026 04:00;wholesaler;R8;normal;modify;0.0082;0.8;2;The current inventory level is below the threshold, but not critically low. The incoming orders are above capacity, and the delivery schedule is normal. Given the coordinator's instruction to reroute shipments and reduce pending shipments by 15%, I will modify my decision to accept these changes.;cot;llama3.1:8b;llama;The current inventory level is below the threshold, but not critically low. The incoming orders are above capacity, and the delivery schedule is normal. Given the coordinator's instruction to reroute shipments and reduce pending shipments by 15%, I will modify my decision to accept these changes.;fd5a4992d77a3595939c4a912b71db67266ab9e72b8e2dd4ca333b0338c453d6;506;81;29.504.810.333.251.900;TRUE;FALSE;83
88;15/06/2026 04:00;retail;R8;normal;modify;0.0084;0.8;1;Given the current retail inventory of 37.71 kg, which is above the safety stock threshold, and considering the coordinator's instruction to adjust demand_estimate to 95% due to potential disruption, I will modify the demand estimate to account for the expected delay without immediately triggering a stockout flag.;cot;llama3.1:8b;llama;Given the current retail inventory of 37.71 kg, which is above the safety stock threshold, and considering the coordinator's instruction to adjust demand_estimate to 95% due to potential disruption, I will modify the demand estimate to account for the expected delay without immediately triggering a stockout flag.;00e193fe1b0dc8acdce6f9b21ccd2580809de8723aff2f04f9b38d8c94f44b3f;496;85;30.212.560.892.105.100;TRUE;FALSE;83
111;15/06/2026 09:45;slaughterhouse;R9;high;modify;0.0085;0.85;1;Given the high urgency level of the disruption, I will modify our output stock to increase by 15% as instructed by the coordinator. However, considering our current operational constraints, such as low worker availability and near-maximum processing capacity, I will adjust the factor slightly to ensure a more cautious approach.;cot;llama3.1:8b;llama;Given the high urgency level of the disruption, I will modify our output stock to increase by 15% as instructed by the coordinator. However, considering our current operational constraints, such as low worker availability and near-maximum processing capacity, I will adjust the factor slightly to ensure a more cautious approach.;65da64d17da08deb14b5ccb8e0648da04aa5a8481dd7b0ad12d208650ccfdb58;508;86;3.075.005.030.632.010;TRUE;FALSE;83
111;15/06/2026 09:45;wholesaler;R9;high;modify;0.0088;0.85;2;Given the high urgency level of the disruption, I will modify my current inventory allocation to prioritize retail orders as instructed by the coordinator. This decision takes into account our current low inventory levels and the need to focus on critical retail shipments. By modifying our existing shipment schedule, we can ensure that essential products reach their destinations promptly.;cot;llama3.1:8b;llama;Given the high urgency level of the disruption, I will modify my current inventory allocation to prioritize retail orders as instructed by the coordinator. This decision takes into account our current low inventory levels and the need to focus on critical retail shipments. By modifying our existing shipment schedule, we can ensure that essential products reach their destinations promptly.;7e4aeddff850cd5c0798be7921736d16001c37dc57e34bb3a854b0795bb05df6;514;90;31.655.493.021.011.300;TRUE;FALSE;83
111;15/06/2026 09:45;retail;R9;high;accept;0.0085;1.0;2;The current retail inventory is below the safety stock threshold, and the sales rate has exceeded expectations by 150%. The coordinator's instruction to add a reorder request for +30 kg and increase the safety stock by 10% as an emergency buffer is appropriate given the high urgency level of the disruption.;cot;llama3.1:8b;llama;The current retail inventory is below the safety stock threshold, and the sales rate has exceeded expectations by 150%. The coordinator's instruction to add a reorder request for +30 kg and increase the safety stock by 10% as an emergency buffer is appropriate given the high urgency level of the disruption.;1b20880a17d646b411a96837e18febf6ac99196432fd785fbd5c0199974db737;515;84;3.073.603.129.386.900;TRUE;FALSE;83
360;18/06/2026 00:00;slaughterhouse;R9;high;modify;0.0084;0.92;1;Given the high urgency level of the disruption, I will modify the output stock to meet the coordinator's instruction. However, considering our current processing capacity is below threshold and worker availability is low, I will adjust the factor to ensure a balanced approach.;cot;llama3.1:8b;llama;Given the high urgency level of the disruption, I will modify the output stock to meet the coordinator's instruction. However, considering our current processing capacity is below threshold and worker availability is low, I will adjust the factor to ensure a balanced approach.;aadf0e3287e656cbacf767232f00bee6a832865b9f1404159dc403622fbd2adb;524;75;3.006.445.813.179.010;TRUE;FALSE;83
360;18/06/2026 00:00;wholesaler;R9;high;accept;0.0081;1.0;2;Given the high urgency level of the disruption, prioritizing inventory for Retail is necessary to ensure critical orders are fulfilled. Canceling 50% of non-priority pending shipments will help focus resources on Retail's needs and prevent stockouts.;cot;llama3.1:8b;llama;Given the high urgency level of the disruption, prioritizing inventory for Retail is necessary to ensure critical orders are fulfilled. Canceling 50% of non-priority pending shipments will help focus resources on Retail's needs and prevent stockouts.;59d48249f2e320c65e7483ba227852a740ad8c9d7ab8cc0d8a550dad802e4d03;528;72;29.015.846.490.859.900;TRUE;FALSE;83
360;18/06/2026 00:00;retail;R9;high;accept;0.0089;1.0;2;Given the high urgency level of the disruption, the current stockout status, and the coordinator's instruction to increase safety stock as a buffer, I accept the request to add 30 kg to the reorder request and adjust the safety stock by 10%. This will help mitigate the shortage and ensure continued supply to our customers.;cot;llama3.1:8b;llama;Given the high urgency level of the disruption, the current stockout status, and the coordinator's instruction to increase safety stock as a buffer, I accept the request to add 30 kg to the reorder request and adjust the safety stock by 10%. This will help mitigate the shortage and ensure continued supply to our customers.;1c720ed4c20a002f881e0ff74c179d4815b104742d16ff9f6f66694c4fe46ad7;529;89;3.201.734.685.897.820;TRUE;FALSE;83
36;16/06/2026 15:00;farm;R4;normal;modify;0.0044;0.8;1;Given the current production capacity is below 60%, reducing outgoing orders to 80% of actual capacity will help maintain a stable flock operation and prevent potential disruptions. This adjustment aligns with the coordinating agent's instruction, taking into account our local operational constraints.;cot;llama3.1:8b;llama;Given the current production capacity is below 60%, reducing outgoing orders to 80% of actual capacity will help maintain a stable flock operation and prevent potential disruptions. This adjustment aligns with the coordinating agent's instruction, taking into account our local operational constraints.;012d34cb2db4a30393ab602530e427a646a937abede5cc3ef41dc786cd72c559;502;77;15.746.530.771.255.400;TRUE;FALSE;84
36;16/06/2026 15:00;slaughterhouse;R4;normal;modify;0.0072;0.8;1;Given the current processing capacity is below threshold, reducing it to 80% as instructed by the coordinator will help prevent potential delays and maintain output stock levels within acceptable limits.;cot;llama3.1:8b;llama;Given the current processing capacity is below threshold, reducing it to 80% as instructed by the coordinator will help prevent potential delays and maintain output stock levels within acceptable limits.;1fc92340fe9f1bab05c58bf37b150211b4a1fd3c0c1f89e926503de30b7529c7;503;60;2.606.119.680.404.660;TRUE;FALSE;84
36;16/06/2026 15:00;retail;R4;normal;accept;0.0074;1.0;1;Given the current retail inventory is above safety stock, but sales rate is high and increasing, it's prudent to accept the coordinator's instruction to add a reorder request of +20 kg to mitigate potential future shortages.;cot;llama3.1:8b;llama;Given the current retail inventory is above safety stock, but sales rate is high and increasing, it's prudent to accept the coordinator's instruction to add a reorder request of +20 kg to mitigate potential future shortages.;ddd2d55911c5cce3c4d6d652a55cce5744591cb7d55a59db3c9fbda6b71619a5;483;67;26.798.309.564.590.400;TRUE;FALSE;84
88;17/06/2026 04:00;farm;R12;high;modify;0.0086;0.85;2;Given the high urgency level of the disruption, I must adjust outgoing orders to match our current production capacity. Reducing orders by 25% will help prevent further strain on resources and allow us to maintain a stable flock management. This adjustment should also enable us to increase production capacity by 5%, as instructed.;cot;llama3.1:8b;llama;Given the high urgency level of the disruption, I must adjust outgoing orders to match our current production capacity. Reducing orders by 25% will help prevent further strain on resources and allow us to maintain a stable flock management. This adjustment should also enable us to increase production capacity by 5%, as instructed.;661a4f154f3e7769329db93f9350fc57436f7cbac4495a27d474566250e0a490;525;88;31.105.283.975.601.100;TRUE;FALSE;84
88;17/06/2026 04:00;wholesaler;R12;high;modify;0.0088;0.8;2;Given the high urgency level of the disruption, I will modify our distribution capacity to 85% as instructed by the coordinator. This adjustment will help optimize our supply chain and ensure timely delivery of broilers to customers. However, I will not immediately change the delivery schedule to 'rerouted' without further assessment of its impact on our local operations.;cot;llama3.1:8b;llama;Given the high urgency level of the disruption, I will modify our distribution capacity to 85% as instructed by the coordinator. This adjustment will help optimize our supply chain and ensure timely delivery of broilers to customers. However, I will not immediately change the delivery schedule to 'rerouted' without further assessment of its impact on our local operations.;942a2adf8ecc981ce7f0dd7a8a700f966ac924d283eec79985efb7fc00a54fe3;503;95;3.180.339.789.390.560;TRUE;FALSE;84
360;20/06/2026 00:00;slaughterhouse;R9;high;modify;0.0085;0.85;1;Given the high urgency level of the disruption, I will modify our current processing schedule to increase output stock by 15% as instructed by the coordinator. However, considering our current low worker availability and equipment status being down, we need to carefully manage this adjustment to avoid further disruptions.;cot;llama3.1:8b;llama;Given the high urgency level of the disruption, I will modify our current processing schedule to increase output stock by 15% as instructed by the coordinator. However, considering our current low worker availability and equipment status being down, we need to carefully manage this adjustment to avoid further disruptions.;929633209e7fd35ccb76e09ebcf8c27562d21519fbb2d5fe5d04c794ec070ee3;510;82;3.053.350.019.454.950;TRUE;FALSE;84
360;20/06/2026 00:00;wholesaler;R9;high;modify;0.0088;0.85;2;Given the high urgency level of the disruption, I must prioritize inventory allocation to Retail as instructed by the coordinator. However, considering our current low inventory levels and incoming orders exceeding capacity, I will modify the instruction to allocate only 70% of pending shipments to non-priority customers, ensuring we meet critical Retail demands while minimizing losses.;cot;llama3.1:8b;llama;Given the high urgency level of the disruption, I must prioritize inventory allocation to Retail as instructed by the coordinator. However, considering our current low inventory levels and incoming orders exceeding capacity, I will modify the instruction to allocate only 70% of pending shipments to non-priority customers, ensuring we meet critical Retail demands while minimizing losses.;4e52b8f7d09bc2704ffca3930c6d1eea9074c325ba9a876fbdaea11dbf914bf4;511;92;3.156.052.255.630.490;TRUE;FALSE;84
360;20/06/2026 00:00;retail;R9;high;accept;0.0086;1.0;2;Given the high urgency level of the disruption, our current stockout status, and the coordinator's instruction to increase safety stock as a buffer, I accept the request to add 30 kg to the reorder request and adjust the safety stock by 10%. This will help mitigate the shortage and ensure we can meet customer demand.;cot;llama3.1:8b;llama;Given the high urgency level of the disruption, our current stockout status, and the coordinator's instruction to increase safety stock as a buffer, I accept the request to add 30 kg to the reorder request and adjust the safety stock by 10%. This will help mitigate the shortage and ensure we can meet customer demand.;33523a5505b892f2de3d42e6edef3d3e2d4c2f5145346dc56f33293ffb62b5d4;501;89;3.111.146.903.038.020;TRUE;FALSE;84
432;20/06/2026 18:00;slaughterhouse;R9;high;modify;0.0085;0.92;1;Given the high urgency level of the disruption, I will modify the output stock to meet the coordinator's instruction. However, considering our current processing capacity is below threshold and worker availability is low, I will adjust the factor slightly lower than before to ensure a more cautious approach.;cot;llama3.1:8b;llama;Given the high urgency level of the disruption, I will modify the output stock to meet the coordinator's instruction. However, considering our current processing capacity is below threshold and worker availability is low, I will adjust the factor slightly lower than before to ensure a more cautious approach.;33921f68f65721c5701af26b2adf47f8f997132b1a52adcf2601d30015526fbd;524;80;30.735.283.136.367.700;TRUE;FALSE;84
432;20/06/2026 18:00;wholesaler;R9;high;modify;0.009;0.92;2;Given the high urgency level of the disruption, I will modify the instruction to prioritize inventory_level for Retail while maintaining current levels and cancelling 50% of non-priority pending_shipments to focus on critical Retail orders. This approach balances the need to meet urgent Retail demands with the constraints of our current operational state.;cot;llama3.1:8b;llama;Given the high urgency level of the disruption, I will modify the instruction to prioritize inventory_level for Retail while maintaining current levels and cancelling 50% of non-priority pending_shipments to focus on critical Retail orders. This approach balances the need to meet urgent Retail demands with the constraints of our current operational state.;2f169e3d457171d2122f2975ddb2ff2aa5636ae40742134494f7ebad2705a6bf;527;88;3.232.822.322.845.450;TRUE;FALSE;84
432;20/06/2026 18:00;retail;R9;high;accept;0.0082;1.0;2;Given the high urgency level of the disruption, the current stockout status, and the coordinator's instruction to increase safety stock as a buffer, I accept the request to add 30 kg to the reorder request and adjust the safety stock by 10%. This will help mitigate the shortage and ensure continued supply to meet customer demand.;cot;llama3.1:8b;llama;Given the high urgency level of the disruption, the current stockout status, and the coordinator's instruction to increase safety stock as a buffer, I accept the request to add 30 kg to the reorder request and adjust the safety stock by 10%. This will help mitigate the shortage and ensure continued supply to meet customer demand.;93569f52f7975ce0409960cf99b4cf20b940e477fb5e66daaeb3b0b56791c674;515;90;29.506.614.923.477.100;TRUE;FALSE;84
36;18/06/2026 15:00;farm;R4;normal;modify;0.0073;0.8;1;Given the current production capacity is below 60%, reducing outgoing orders to 80% of actual capacity will help prevent further strain on resources and maintain a stable flock operation.;cot;llama3.1:8b;llama;Given the current production capacity is below 60%, reducing outgoing orders to 80% of actual capacity will help prevent further strain on resources and maintain a stable flock operation.;012d34cb2db4a30393ab602530e427a646a937abede5cc3ef41dc786cd72c559;502;60;26.130.746.126.174.900;TRUE;FALSE;85
36;18/06/2026 15:00;slaughterhouse;R4;normal;modify;0.0072;0.8;1;Given the current processing capacity is below threshold, reducing it to 80% as instructed by the coordinator will help prevent potential delays and maintain output stock levels within acceptable limits.;cot;llama3.1:8b;llama;Given the current processing capacity is below threshold, reducing it to 80% as instructed by the coordinator will help prevent potential delays and maintain output stock levels within acceptable limits.;1fc92340fe9f1bab05c58bf37b150211b4a1fd3c0c1f89e926503de30b7529c7;503;60;25.986.181.020.736.600;TRUE;FALSE;85
36;18/06/2026 15:00;retail;R4;normal;accept;0.0073;1.0;1;Given the current retail inventory is above safety stock, but sales rate is high and increasing, it's prudent to accept the coordinator's instruction to add a reorder request of +20 kg to mitigate potential future shortages.;cot;llama3.1:8b;llama;Given the current retail inventory is above safety stock, but sales rate is high and increasing, it's prudent to accept the coordinator's instruction to add a reorder request of +20 kg to mitigate potential future shortages.;ddd2d55911c5cce3c4d6d652a55cce5744591cb7d55a59db3c9fbda6b71619a5;483;67;26.136.183.500.289.900;TRUE;FALSE;85
88;19/06/2026 04:00;wholesaler;R8;normal;modify;0.008;0.8;2;The current inventory level is below the threshold, but not critically low. The incoming orders are above capacity, and the delivery schedule is normal. Given the coordinator's instruction to reroute shipments and reduce pending shipments by 15%, I will modify my decision to accept these changes.;cot;llama3.1:8b;llama;The current inventory level is below the threshold, but not critically low. The incoming orders are above capacity, and the delivery schedule is normal. Given the coordinator's instruction to reroute shipments and reduce pending shipments by 15%, I will modify my decision to accept these changes.;fd5a4992d77a3595939c4a912b71db67266ab9e72b8e2dd4ca333b0338c453d6;506;81;288.314.368.724.823;TRUE;FALSE;85
88;19/06/2026 04:00;retail;R8;normal;modify;0.0081;0.8;1;Given the current retail inventory of 37.71 kg, which is above the safety stock threshold, and considering the coordinator's instruction to adjust demand_estimate to 95% due to potential disruption, I will modify the demand estimate to account for the expected delay without immediately triggering a stockout flag.;cot;llama3.1:8b;llama;Given the current retail inventory of 37.71 kg, which is above the safety stock threshold, and considering the coordinator's instruction to adjust demand_estimate to 95% due to potential disruption, I will modify the demand estimate to account for the expected delay without immediately triggering a stockout flag.;00e193fe1b0dc8acdce6f9b21ccd2580809de8723aff2f04f9b38d8c94f44b3f;496;85;29.035.393.953.323.300;TRUE;FALSE;85
111;19/06/2026 09:45;slaughterhouse;R9;high;modify;0.0082;0.85;1;Given the high urgency level of the disruption, I will modify our output stock to increase by 15% as instructed by the coordinator. However, considering our current operational constraints, such as low worker availability and near-maximum processing capacity, I will adjust the factor slightly to ensure a more cautious approach.;cot;llama3.1:8b;llama;Given the high urgency level of the disruption, I will modify our output stock to increase by 15% as instructed by the coordinator. However, considering our current operational constraints, such as low worker availability and near-maximum processing capacity, I will adjust the factor slightly to ensure a more cautious approach.;65da64d17da08deb14b5ccb8e0648da04aa5a8481dd7b0ad12d208650ccfdb58;508;86;29.657.582.998.275.700;TRUE;FALSE;85
111;19/06/2026 09:45;wholesaler;R9;high;modify;0.0085;0.85;2;Given the high urgency level of the disruption, I will modify my current inventory allocation to prioritize retail orders as instructed by the coordinator. This decision takes into account our current low inventory levels and the need to focus on critical retail shipments. By modifying our existing shipment schedule, we can ensure that essential products reach their destinations promptly.;cot;llama3.1:8b;llama;Given the high urgency level of the disruption, I will modify my current inventory allocation to prioritize retail orders as instructed by the coordinator. This decision takes into account our current low inventory levels and the need to focus on critical retail shipments. By modifying our existing shipment schedule, we can ensure that essential products reach their destinations promptly.;7e4aeddff850cd5c0798be7921736d16001c37dc57e34bb3a854b0795bb05df6;514;90;30.420.472.145.080.500;TRUE;FALSE;85
111;19/06/2026 09:45;retail;R9;high;accept;0.0086;1.0;2;The current retail inventory is below the safety stock threshold, and the sales rate has exceeded expectations by 150%. The coordinator's instruction to add a reorder request for +30 kg and increase the safety stock by 10% as an emergency buffer is appropriate given the high urgency level of the disruption.;cot;llama3.1:8b;llama;The current retail inventory is below the safety stock threshold, and the sales rate has exceeded expectations by 150%. The coordinator's instruction to add a reorder request for +30 kg and increase the safety stock by 10% as an emergency buffer is appropriate given the high urgency level of the disruption.;1b20880a17d646b411a96837e18febf6ac99196432fd785fbd5c0199974db737;515;84;30.947.364.568.710.300;TRUE;FALSE;85
360;22/06/2026 00:00;slaughterhouse;R9;high;modify;0.0084;0.92;1;Given the high urgency level of the disruption, I will modify the output stock to meet the coordinator's instruction. However, considering our current processing capacity is below threshold and worker availability is low, I will adjust the factor to ensure a balanced approach.;cot;llama3.1:8b;llama;Given the high urgency level of the disruption, I will modify the output stock to meet the coordinator's instruction. However, considering our current processing capacity is below threshold and worker availability is low, I will adjust the factor to ensure a balanced approach.;aadf0e3287e656cbacf767232f00bee6a832865b9f1404159dc403622fbd2adb;524;75;30.140.408.277.511.500;TRUE;FALSE;85
360;22/06/2026 00:00;wholesaler;R9;high;accept;0.0082;1.0;2;Given the high urgency level of the disruption, prioritizing inventory for Retail is necessary to ensure critical orders are fulfilled. Canceling 50% of non-priority pending shipments will help focus resources on Retail's needs and prevent stockouts.;cot;llama3.1:8b;llama;Given the high urgency level of the disruption, prioritizing inventory for Retail is necessary to ensure critical orders are fulfilled. Canceling 50% of non-priority pending shipments will help focus resources on Retail's needs and prevent stockouts.;59d48249f2e320c65e7483ba227852a740ad8c9d7ab8cc0d8a550dad802e4d03;528;72;2.955.656.099.319.450;TRUE;FALSE;85
360;22/06/2026 00:00;retail;R9;high;accept;0.0089;1.0;2;Given the high urgency level of the disruption, the current stockout status, and the coordinator's instruction to increase safety stock as a buffer, I accept the request to add 30 kg to the reorder request and adjust the safety stock by 10%. This will help mitigate the shortage and ensure continued supply to our customers.;cot;llama3.1:8b;llama;Given the high urgency level of the disruption, the current stockout status, and the coordinator's instruction to increase safety stock as a buffer, I accept the request to add 30 kg to the reorder request and adjust the safety stock by 10%. This will help mitigate the shortage and ensure continued supply to our customers.;1c720ed4c20a002f881e0ff74c179d4815b104742d16ff9f6f66694c4fe46ad7;529;89;31.950.963.497.161.800;TRUE;FALSE;85
36;20/06/2026 15:00;farm;R4;normal;modify;0.0042;0.8;1;Given the current production capacity is below 60%, reducing outgoing orders to 80% of actual capacity will help maintain a stable flock operation and prevent potential disruptions. This adjustment aligns with the coordinating agent's instruction, taking into account our local operational constraints.;cot;llama3.1:8b;llama;Given the current production capacity is below 60%, reducing outgoing orders to 80% of actual capacity will help maintain a stable flock operation and prevent potential disruptions. This adjustment aligns with the coordinating agent's instruction, taking into account our local operational constraints.;012d34cb2db4a30393ab602530e427a646a937abede5cc3ef41dc786cd72c559;502;77;15.125.356.674.194.300;TRUE;FALSE;86
36;20/06/2026 15:00;slaughterhouse;R4;normal;modify;0.0076;0.8;1;Given the current processing capacity is below threshold, reducing it to 80% as instructed by the coordinator will help prevent potential delays and maintain output stock levels within acceptable limits.;cot;llama3.1:8b;llama;Given the current processing capacity is below threshold, reducing it to 80% as instructed by the coordinator will help prevent potential delays and maintain output stock levels within acceptable limits.;1fc92340fe9f1bab05c58bf37b150211b4a1fd3c0c1f89e926503de30b7529c7;503;60;27.181.751.489.639.200;TRUE;FALSE;86
36;20/06/2026 15:00;retail;R4;normal;accept;0.0074;1.0;1;Given the current retail inventory is above safety stock, but sales rate is high and increasing, it's prudent to accept the coordinator's instruction to add a reorder request of +20 kg to mitigate potential future shortages.;cot;llama3.1:8b;llama;Given the current retail inventory is above safety stock, but sales rate is high and increasing, it's prudent to accept the coordinator's instruction to add a reorder request of +20 kg to mitigate potential future shortages.;ddd2d55911c5cce3c4d6d652a55cce5744591cb7d55a59db3c9fbda6b71619a5;483;67;26.623.531.341.552.700;TRUE;FALSE;86
88;21/06/2026 04:00;wholesaler;R8;normal;modify;0.0083;0.8;2;The current inventory level is below the threshold, but not critically low. The incoming orders are above capacity, and the delivery schedule is normal. Given the coordinator's instruction to reroute shipments and reduce pending shipments by 15%, I will modify my decision to accept these changes.;cot;llama3.1:8b;llama;The current inventory level is below the threshold, but not critically low. The incoming orders are above capacity, and the delivery schedule is normal. Given the coordinator's instruction to reroute shipments and reduce pending shipments by 15%, I will modify my decision to accept these changes.;fd5a4992d77a3595939c4a912b71db67266ab9e72b8e2dd4ca333b0338c453d6;506;81;3.001.284.646.987.910;TRUE;FALSE;86
88;21/06/2026 04:00;retail;R8;normal;modify;0.0082;0.8;1;Given the current retail inventory of 37.71 kg, which is above the safety stock threshold, and considering the coordinator's instruction to adjust demand_estimate to 95% due to potential disruption, I will modify the demand estimate to account for the expected delay without immediately triggering a stockout flag.;cot;llama3.1:8b;llama;Given the current retail inventory of 37.71 kg, which is above the safety stock threshold, and considering the coordinator's instruction to adjust demand_estimate to 95% due to potential disruption, I will modify the demand estimate to account for the expected delay without immediately triggering a stockout flag.;00e193fe1b0dc8acdce6f9b21ccd2580809de8723aff2f04f9b38d8c94f44b3f;496;85;29.696.150.302.886.900;TRUE;FALSE;86
111;21/06/2026 09:45;slaughterhouse;R9;high;modify;0.0086;0.85;1;Given the high urgency level of the disruption, I will modify our output stock to increase by 15% as instructed by the coordinator. However, considering our current operational constraints, such as low worker availability and near-maximum processing capacity, I will adjust the factor slightly to ensure a more cautious approach.;cot;llama3.1:8b;llama;Given the high urgency level of the disruption, I will modify our output stock to increase by 15% as instructed by the coordinator. However, considering our current operational constraints, such as low worker availability and near-maximum processing capacity, I will adjust the factor slightly to ensure a more cautious approach.;65da64d17da08deb14b5ccb8e0648da04aa5a8481dd7b0ad12d208650ccfdb58;508;86;30.894.155.502.319.300;TRUE;FALSE;86
111;21/06/2026 09:45;wholesaler;R9;high;modify;0.0088;0.85;2;Given the high urgency level of the disruption, I will modify my current inventory allocation to prioritize retail orders as instructed by the coordinator. This decision takes into account our current low inventory levels and the need to focus on critical retail shipments. By modifying our existing shipment schedule, we can ensure that essential products reach their destinations promptly.;cot;llama3.1:8b;llama;Given the high urgency level of the disruption, I will modify my current inventory allocation to prioritize retail orders as instructed by the coordinator. This decision takes into account our current low inventory levels and the need to focus on critical retail shipments. By modifying our existing shipment schedule, we can ensure that essential products reach their destinations promptly.;7e4aeddff850cd5c0798be7921736d16001c37dc57e34bb3a854b0795bb05df6;514;90;31.730.278.491.973.800;TRUE;FALSE;86
111;21/06/2026 09:45;retail;R9;high;accept;0.0088;1.0;2;The current retail inventory is below the safety stock threshold, and the sales rate has exceeded expectations by 150%. The coordinator's instruction to add a reorder request for +30 kg and increase the safety stock by 10% as an emergency buffer is appropriate given the high urgency level of the disruption.;cot;llama3.1:8b;llama;The current retail inventory is below the safety stock threshold, and the sales rate has exceeded expectations by 150%. The coordinator's instruction to add a reorder request for +30 kg and increase the safety stock by 10% as an emergency buffer is appropriate given the high urgency level of the disruption.;1b20880a17d646b411a96837e18febf6ac99196432fd785fbd5c0199974db737;515;84;3.154.852.557.182.310;TRUE;FALSE;86
36;22/06/2026 15:00;farm;R4;normal;modify;0.0043;0.8;1;Given the current production capacity is below 60%, reducing outgoing orders to 80% of actual capacity will help maintain a stable flock operation and prevent potential disruptions. This adjustment aligns with the coordinating agent's instruction, taking into account our local operational constraints.;cot;llama3.1:8b;llama;Given the current production capacity is below 60%, reducing outgoing orders to 80% of actual capacity will help maintain a stable flock operation and prevent potential disruptions. This adjustment aligns with the coordinating agent's instruction, taking into account our local operational constraints.;012d34cb2db4a30393ab602530e427a646a937abede5cc3ef41dc786cd72c559;502;77;15.615.559.577.941.800;TRUE;FALSE;87
36;22/06/2026 15:00;slaughterhouse;R4;normal;modify;0.0074;0.8;1;Given the current processing capacity is below threshold, reducing it to 80% as instructed by the coordinator will help prevent potential delays and maintain output stock levels within acceptable limits.;cot;llama3.1:8b;llama;Given the current processing capacity is below threshold, reducing it to 80% as instructed by the coordinator will help prevent potential delays and maintain output stock levels within acceptable limits.;1fc92340fe9f1bab05c58bf37b150211b4a1fd3c0c1f89e926503de30b7529c7;503;60;2.677.645.206.451.410;TRUE;FALSE;87
36;22/06/2026 15:00;retail;R4;normal;accept;0.0074;1.0;1;Given the current retail inventory is above safety stock, but sales rate is high and increasing, it's prudent to accept the coordinator's instruction to add a reorder request of +20 kg to mitigate potential future shortages.;cot;llama3.1:8b;llama;Given the current retail inventory is above safety stock, but sales rate is high and increasing, it's prudent to accept the coordinator's instruction to add a reorder request of +20 kg to mitigate potential future shortages.;ddd2d55911c5cce3c4d6d652a55cce5744591cb7d55a59db3c9fbda6b71619a5;483;67;26.596.030.950.546.200;TRUE;FALSE;87
88;23/06/2026 04:00;farm;R12;high;modify;0.0089;0.85;2;Given the high urgency level of the disruption, I must adjust outgoing orders to match our current production capacity. Reducing orders by 25% will help us manage the flock more effectively and prevent further strain on resources. Additionally, increasing production capacity by 5% through intensification is feasible considering our current mortality rate.;cot;llama3.1:8b;llama;Given the high urgency level of the disruption, I must adjust outgoing orders to match our current production capacity. Reducing orders by 25% will help us manage the flock more effectively and prevent further strain on resources. Additionally, increasing production capacity by 5% through intensification is feasible considering our current mortality rate.;64e023ac6f42ddf9b7c080925259a968e8055811b5e9d22041fc1fcac45c3d6b;525;89;3.215.293.550.491.330;TRUE;FALSE;87
88;23/06/2026 04:00;wholesaler;R12;high;modify;0.0088;0.8;2;Given the high urgency level of the disruption, I will modify our distribution capacity to 85% as instructed by the coordinator. This adjustment will help optimize our supply chain and ensure timely delivery of broilers to customers. However, I will not immediately change the delivery schedule to 'rerouted' without further assessment of its impact on our local operations.;cot;llama3.1:8b;llama;Given the high urgency level of the disruption, I will modify our distribution capacity to 85% as instructed by the coordinator. This adjustment will help optimize our supply chain and ensure timely delivery of broilers to customers. However, I will not immediately change the delivery schedule to 'rerouted' without further assessment of its impact on our local operations.;942a2adf8ecc981ce7f0dd7a8a700f966ac924d283eec79985efb7fc00a54fe3;503;95;3.177.600.383.758.540;TRUE;FALSE;87
324;25/06/2026 15:00;slaughterhouse;R9;high;modify;0.0083;0.85;1;Given the high urgency level of the disruption, I will modify our current processing schedule to increase output stock by 15% as instructed by the coordinator. However, considering our current low worker availability and partial equipment status, I must adjust the factor slightly to ensure a more cautious approach.;cot;llama3.1:8b;llama;Given the high urgency level of the disruption, I will modify our current processing schedule to increase output stock by 15% as instructed by the coordinator. However, considering our current low worker availability and partial equipment status, I must adjust the factor slightly to ensure a more cautious approach.;aae1703866f302bc4f5e7d434bf01bafa2ef9478dd5c40cc477dffe9f4cc18ff;508;82;29.963.093.996.047.900;TRUE;FALSE;87
324;25/06/2026 15:00;wholesaler;R9;high;modify;0.0085;0.85;2;Given the high urgency level of the disruption, I must prioritize inventory allocation to Retail as instructed by the Coordinating Agent. However, considering our current low inventory levels and incoming orders exceeding capacity, a modification is necessary to ensure we meet critical Retail demands without compromising on other non-priority shipments.;cot;llama3.1:8b;llama;Given the high urgency level of the disruption, I must prioritize inventory allocation to Retail as instructed by the Coordinating Agent. However, considering our current low inventory levels and incoming orders exceeding capacity, a modification is necessary to ensure we meet critical Retail demands without compromising on other non-priority shipments.;dbc3f9d9dad9845c3ca9afcf68a5531f47b343a2a033971b5475a2d0d4e22d8c;512;85;304.574.875.831.604;TRUE;FALSE;87
324;25/06/2026 15:00;retail;R9;high;accept;0.0088;1.0;2;The current retail status indicates a severe stockout situation, with inventory at 0 kg and sales rate exceeding expected levels by 150%. The coordinator's instruction to add 30 kg to the reorder request and increase safety stock by 10% as an emergency buffer is appropriate given the high urgency level of the disruption triggered by Rule R9.;cot;llama3.1:8b;llama;The current retail status indicates a severe stockout situation, with inventory at 0 kg and sales rate exceeding expected levels by 150%. The coordinator's instruction to add 30 kg to the reorder request and increase safety stock by 10% as an emergency buffer is appropriate given the high urgency level of the disruption triggered by Rule R9.;f65708ebec9ffb877f3d9466a4ac9e4d8bb0e4811892a771edcc1ba3655c2bf2;501;93;31.845.401.763.916.000;TRUE;FALSE;87
36;24/06/2026 15:00;farm;R4;normal;modify;0.0074;0.8;1;Given the current production capacity is below 60%, reducing outgoing orders to 80% of actual capacity will help prevent further strain on resources and maintain a stable flock operation.;cot;llama3.1:8b;llama;Given the current production capacity is below 60%, reducing outgoing orders to 80% of actual capacity will help prevent further strain on resources and maintain a stable flock operation.;012d34cb2db4a30393ab602530e427a646a937abede5cc3ef41dc786cd72c559;502;60;26.605.632.305.145.200;TRUE;FALSE;88
36;24/06/2026 15:00;slaughterhouse;R4;normal;modify;0.0072;0.8;1;Given the current processing capacity is below threshold, reducing it to 80% as instructed by the coordinator will help prevent potential delays and maintain output stock levels within acceptable limits.;cot;llama3.1:8b;llama;Given the current processing capacity is below threshold, reducing it to 80% as instructed by the coordinator will help prevent potential delays and maintain output stock levels within acceptable limits.;1fc92340fe9f1bab05c58bf37b150211b4a1fd3c0c1f89e926503de30b7529c7;503;60;25.983.318.090.438.800;TRUE;FALSE;88
36;24/06/2026 15:00;retail;R4;normal;accept;0.0075;1.0;1;Given the current retail inventory is above safety stock, but sales rate is high and increasing, it's prudent to accept the coordinator's instruction to add a reorder request of +20 kg to mitigate potential future shortages.;cot;llama3.1:8b;llama;Given the current retail inventory is above safety stock, but sales rate is high and increasing, it's prudent to accept the coordinator's instruction to add a reorder request of +20 kg to mitigate potential future shortages.;ddd2d55911c5cce3c4d6d652a55cce5744591cb7d55a59db3c9fbda6b71619a5;483;67;27.058.107.614.517.200;TRUE;FALSE;88
72;25/06/2026 00:00;wholesaler;R8;normal;modify;0.0081;0.8;2;The current inventory level is below the threshold, but we have incoming orders that exceed our capacity by 20%. To mitigate this risk, I will modify the delivery schedule to rerouted and reduce pending shipments by 15% to prioritize urgent deliveries.;cot;llama3.1:8b;llama;The current inventory level is below the threshold, but we have incoming orders that exceed our capacity by 20%. To mitigate this risk, I will modify the delivery schedule to rerouted and reduce pending shipments by 15% to prioritize urgent deliveries.;86ed27074272392618a62be58a012e8765a420b596deefb4fe803d2759d1b56e;506;75;29.191.807.985.305.700;TRUE;FALSE;88
72;25/06/2026 00:00;retail;R8;normal;modify;0.0083;0.8;1;Given the current retail inventory of 36.64 kg, which is above the safety stock threshold, and considering the coordinator's instruction to adjust demand_estimate to 95% due to potential disruption, I will modify the demand estimate to account for the anticipated delay without immediately triggering a stockout flag.;cot;llama3.1:8b;llama;Given the current retail inventory of 36.64 kg, which is above the safety stock threshold, and considering the coordinator's instruction to adjust demand_estimate to 95% due to potential disruption, I will modify the demand estimate to account for the anticipated delay without immediately triggering a stockout flag.;9d00ed5f5f99f4d5df9c685e8a505515443f8a236aef5952edfb0d166be11869;496;85;29.986.776.113.510.100;TRUE;FALSE;88
90;25/06/2026 04:30;slaughterhouse;R9;high;modify;0.0085;0.85;1;Given the high urgency level of the disruption, I will modify our current processing schedule to increase output stock by 15% as instructed by the coordinator. However, considering our current low worker availability and partial equipment status, I must adjust the factor to ensure a more cautious approach.;cot;llama3.1:8b;llama;Given the high urgency level of the disruption, I will modify our current processing schedule to increase output stock by 15% as instructed by the coordinator. However, considering our current low worker availability and partial equipment status, I must adjust the factor to ensure a more cautious approach.;3a258488ce3830a5b108b5e3959d62eda2debbcb3c2711ca9737257a449f49d5;510;81;3.049.651.050.567.620;TRUE;FALSE;88
90;25/06/2026 04:30;wholesaler;R9;high;modify;0.0087;0.85;2;Given the high urgency level of the disruption, I will modify my current inventory allocation to prioritize retail orders as instructed by the coordinator. This decision takes into account our current low inventory levels and the need to focus on critical retail shipments. By modifying our existing allocation, we can ensure that essential products reach their destination promptly.;cot;llama3.1:8b;llama;Given the high urgency level of the disruption, I will modify my current inventory allocation to prioritize retail orders as instructed by the coordinator. This decision takes into account our current low inventory levels and the need to focus on critical retail shipments. By modifying our existing allocation, we can ensure that essential products reach their destination promptly.;e0338cff3ce9c3b17e3f7c52dbeed3a1f2897e512bbfeaf9eeebcda9b141fb95;514;89;31.332.409.858.703.600;TRUE;FALSE;88
90;25/06/2026 04:30;retail;R9;high;accept;0.0082;1.0;2;Given the high urgency level of the disruption, the current stockout flag is 0, and the sales rate exceeds expected levels by 50%, I accept the coordinator's instruction to add a reorder request for +30 kg as a buffer against potential future shortages.;cot;llama3.1:8b;llama;Given the high urgency level of the disruption, the current stockout flag is 0, and the sales rate exceeds expected levels by 50%, I accept the coordinator's instruction to add a reorder request for +30 kg as a buffer against potential future shortages.;975af3a828495a866ecd6aa7989100ef00f34ad123e3e1750072c363d03fe9df;515;77;29.682.225.465.774.500;TRUE;FALSE;88
144;25/06/2026 18:00;slaughterhouse;R9;high;modify;0.0077;0.92;1;Given the high urgency level of the disruption, I will modify the output stock to meet the coordinator's instruction. However, considering our current processing capacity is below threshold and worker availability is low, I will adjust the factor to ensure a balanced approach.;cot;llama3.1:8b;llama;Given the high urgency level of the disruption, I will modify the output stock to meet the coordinator's instruction. However, considering our current processing capacity is below threshold and worker availability is low, I will adjust the factor to ensure a balanced approach.;3f56b50f46dae57fb0f700693bcfec6fcda202190cfc3cff9c93c818a27ddaa8;524;75;27.684.565.782.546.900;TRUE;FALSE;88
144;25/06/2026 18:00;wholesaler;R9;high;modify;0.0088;0.9;2;Given the high urgency level of the disruption, I will modify the instruction to prioritize inventory_level for Retail while maintaining current levels and cancelling 50% of non-priority pending_shipments to focus on critical Retail orders. This approach balances the need to support Retail with the operational constraints of managing inventory and shipments.;cot;llama3.1:8b;llama;Given the high urgency level of the disruption, I will modify the instruction to prioritize inventory_level for Retail while maintaining current levels and cancelling 50% of non-priority pending_shipments to focus on critical Retail orders. This approach balances the need to support Retail with the operational constraints of managing inventory and shipments.;bb7e06faa6d1ce4da5568e95e7db196920e8ff690cfc69c785fada4962a2dbb3;525;87;31.722.914.218.902.500;TRUE;FALSE;88
144;25/06/2026 18:00;retail;R9;high;accept;0.0091;1.0;2;Given the high urgency level of the disruption, the current stockout flag is active, and sales rate exceeds expected levels by 150%, I accept the coordinating agent's instruction to add a reorder request for +30 kg as a buffer against further shortages. Increasing safety stock by 10% will also provide an additional emergency buffer.;cot;llama3.1:8b;llama;Given the high urgency level of the disruption, the current stockout flag is active, and sales rate exceeds expected levels by 150%, I accept the coordinating agent's instruction to add a reorder request for +30 kg as a buffer against further shortages. Increasing safety stock by 10% will also provide an additional emergency buffer.;74658cc3425cb59129dad014506eab2109149a7f16cf3ddff21d983148be826d;529;90;32.678.129.196.166.900;TRUE;FALSE;88
216;26/06/2026 12:00;slaughterhouse;R9;high;modify;0.0083;0.92;1;Given the high urgency level of the disruption, I will modify the output stock to meet the coordinator's instruction. However, considering our current processing capacity is below threshold and worker availability is low, I will adjust the factor slightly lower than previous modifications to ensure a more cautious approach.;cot;llama3.1:8b;llama;Given the high urgency level of the disruption, I will modify the output stock to meet the coordinator's instruction. However, considering our current processing capacity is below threshold and worker availability is low, I will adjust the factor slightly lower than previous modifications to ensure a more cautious approach.;c4fd766b4545c11ab3a478e108671b0b8fa70c968b5a972459cacde52bf95deb;538;81;29.851.998.805.999.700;TRUE;FALSE;88
216;26/06/2026 12:00;wholesaler;R9;high;modify;0.008;0.95;2;Given the high urgency level of the disruption, I will modify the instruction to prioritize inventory for Retail while maintaining current levels and cancelling 50% of non-priority pending shipments to focus on critical Retail needs.;cot;llama3.1:8b;llama;Given the high urgency level of the disruption, I will modify the instruction to prioritize inventory for Retail while maintaining current levels and cancelling 50% of non-priority pending shipments to focus on critical Retail needs.;39430b28a0fdb24f2b90a83d2fd8a2018ef59f3db7b25d2448971abd3f279f78;541;67;28.647.451.877.593.900;TRUE;FALSE;88
216;26/06/2026 12:00;retail;R9;high;accept;0.0085;1.0;2;Given the high urgency level of the disruption, the current stockout status, and the coordinator's instruction to increase safety stock by 10% as a buffer, I accept the request to add an extra 30 kg to the reorder request. This will help mitigate the shortage and ensure continued supply to meet customer demand.;cot;llama3.1:8b;llama;Given the high urgency level of the disruption, the current stockout status, and the coordinator's instruction to increase safety stock by 10% as a buffer, I accept the request to add an extra 30 kg to the reorder request. This will help mitigate the shortage and ensure continued supply to meet customer demand.;6cf80c662ada1bbe34d44891a529e038815fdc5f78da982170bce590984a6e03;531;88;30.565.738.916.397.000;TRUE;FALSE;88
288;27/06/2026 06:00;slaughterhouse;R9;high;modify;0.0064;0.92;1;Given the high urgency level of the disruption, I will modify the output stock to meet the coordinator's instruction. However, considering our current processing capacity is below threshold and worker availability is low, I will adjust the factor slightly to ensure we don't overcommit resources.;cot;llama3.1:8b;llama;Given the high urgency level of the disruption, I will modify the output stock to meet the coordinator's instruction. However, considering our current processing capacity is below threshold and worker availability is low, I will adjust the factor slightly to ensure we don't overcommit resources.;c91740029c4fcdfdd65573c3f10b47d60f3ba3fe36084498bd35440a00e5de9b;538;79;23.212.810.277.938.800;TRUE;FALSE;88
288;27/06/2026 06:00;wholesaler;R9;high;modify;0.0088;0.92;2;Given the high urgency level of the disruption, I will modify the instruction to prioritize inventory for Retail while maintaining current levels and cancelling 50% of non-priority pending shipments to focus on critical Retail needs.;cot;llama3.1:8b;llama;Given the high urgency level of the disruption, I will modify the instruction to prioritize inventory for Retail while maintaining current levels and cancelling 50% of non-priority pending shipments to focus on critical Retail needs.;4b592a138e370a752701ab22ecd07e60bbe0fdfc24b3c7c8a2463e710a609b3b;539;67;31.618.102.312.088.000;TRUE;FALSE;88
288;27/06/2026 06:00;retail;R9;high;accept;0.0083;1.0;2;Given the high urgency level of the disruption, our current stockout status, and the coordinator's instruction to increase safety stock as a buffer, I accept the request to add 30 kg to the reorder request and adjust the safety stock by 10%. This will help mitigate the shortage and ensure we can meet customer demand.;cot;llama3.1:8b;llama;Given the high urgency level of the disruption, our current stockout status, and the coordinator's instruction to increase safety stock as a buffer, I accept the request to add 30 kg to the reorder request and adjust the safety stock by 10%. This will help mitigate the shortage and ensure we can meet customer demand.;1ecf955d3c11a6dbdbc03f8289f85dd42d4f23dc1dc98fbe2b9525a890c2e56c;531;89;29.803.452.491.760.200;TRUE;FALSE;88
296;27/06/2026 08:00;slaughterhouse;R9;high;modify;0.0064;0.85;1;Given the high urgency level of the disruption, I will modify the output stock to increase by 15% as instructed by the coordinator. However, considering our current processing capacity is below 50%, I will adjust the factor slightly lower than before to ensure we don't overcommit resources.;cot;llama3.1:8b;llama;Given the high urgency level of the disruption, I will modify the output stock to increase by 15% as instructed by the coordinator. However, considering our current processing capacity is below 50%, I will adjust the factor slightly lower than before to ensure we don't overcommit resources.;100febbd9dd058f3e165496e3d2c87d92f1aa7cf5d2383b16bb491cde32d11af;538;83;2.310.398.840.904.230;TRUE;FALSE;88
296;27/06/2026 08:00;wholesaler;R9;high;modify;0.0091;0.92;2;Given the high urgency level of the disruption, I will modify my current strategy to prioritize inventory for Retail and cancel 50% of non-priority pending shipments to focus on critical Retail orders. This decision is based on the coordinator's instruction and my local operational constraints, including low inventory levels and high incoming orders.;cot;llama3.1:8b;llama;Given the high urgency level of the disruption, I will modify my current strategy to prioritize inventory for Retail and cancel 50% of non-priority pending shipments to focus on critical Retail orders. This decision is based on the coordinator's instruction and my local operational constraints, including low inventory levels and high incoming orders.;7ed39067237ca53f9ed8d60071df14a301f6d10da6d26547599783e01bb5673c;541;88;32.883.838.415.145.800;TRUE;FALSE;88
296;27/06/2026 08:00;retail;R9;high;accept;0.0083;1.0;2;Given the high urgency level of the disruption, our current stockout status, and the coordinator's instruction to increase safety stock as a buffer, I accept the request to add 30 kg to the reorder request and adjust the safety stock by 10%. This will help mitigate the shortage and ensure we can meet customer demand.;cot;llama3.1:8b;llama;Given the high urgency level of the disruption, our current stockout status, and the coordinator's instruction to increase safety stock as a buffer, I accept the request to add 30 kg to the reorder request and adjust the safety stock by 10%. This will help mitigate the shortage and ensure we can meet customer demand.;700dc1311c8d2b022f3a7b50c3f6fc239cdadda33df805c975db32b4a9213a7e;531;89;29.958.295.345.306.300;TRUE;FALSE;88
360;28/06/2026 00:00;slaughterhouse;R9;high;modify;0.0062;0.92;1;The current processing delay is above the threshold, but increasing output stock by 15% will help to mitigate the disruption caused by the equipment status being partial. However, considering our local operational constraints, we should adjust this instruction to ensure it aligns with our available worker capacity and processing capacity.;cot;llama3.1:8b;llama;The current processing delay is above the threshold, but increasing output stock by 15% will help to mitigate the disruption caused by the equipment status being partial. However, considering our local operational constraints, we should adjust this instruction to ensure it aligns with our available worker capacity and processing capacity.;0d98bac0cf6ed3b8aa17ccabd668237faf551dfd49caf7196596c794049d539c;538;84;2.232.191.777.229.300;TRUE;FALSE;88
360;28/06/2026 00:00;wholesaler;R9;high;modify;0.0094;0.95;2;Given the high urgency level of the disruption, I will modify my current inventory allocation to prioritize retail orders as instructed by the coordinator. This decision is supported by our current low inventory levels and high incoming orders, which necessitate a focus on critical retail shipments. By modifying our existing shipment schedule, we can ensure that essential retail deliveries are met while minimizing disruptions.;cot;llama3.1:8b;llama;Given the high urgency level of the disruption, I will modify my current inventory allocation to prioritize retail orders as instructed by the coordinator. This decision is supported by our current low inventory levels and high incoming orders, which necessitate a focus on critical retail shipments. By modifying our existing shipment schedule, we can ensure that essential retail deliveries are met while minimizing disruptions.;2665b311948d07e0fddc6931b819ad21c15cc40472b5689642984ba9d515b244;542;97;3.385.916.566.848.750;TRUE;FALSE;88
360;28/06/2026 00:00;retail;R9;high;accept;0.0084;1.0;2;Given the high urgency level of the disruption, our current stockout status, and the coordinator's instruction to increase safety stock as a buffer, I accept the request to add 30 kg to the reorder request and adjust the safety stock by 10%. This will help mitigate the shortage and ensure we can meet customer demand.;cot;llama3.1:8b;llama;Given the high urgency level of the disruption, our current stockout status, and the coordinator's instruction to increase safety stock as a buffer, I accept the request to add 30 kg to the reorder request and adjust the safety stock by 10%. This will help mitigate the shortage and ensure we can meet customer demand.;935af517080d745b630dd156bb5b3b076cfea9f3f13a9db2bbcac70421062087;531;89;30.200.235.843.658.400;TRUE;FALSE;88
36;26/06/2026 15:00;farm;R4;normal;modify;0.0042;0.8;1;Given the current production capacity is below 60%, reducing outgoing orders to 80% of actual capacity will help maintain a stable flock operation and prevent potential disruptions. This adjustment aligns with the coordinating agent's instruction, taking into account our local operational constraints.;cot;llama3.1:8b;llama;Given the current production capacity is below 60%, reducing outgoing orders to 80% of actual capacity will help maintain a stable flock operation and prevent potential disruptions. This adjustment aligns with the coordinating agent's instruction, taking into account our local operational constraints.;012d34cb2db4a30393ab602530e427a646a937abede5cc3ef41dc786cd72c559;502;77;15.082.521.915.435.700;TRUE;FALSE;89
36;26/06/2026 15:00;slaughterhouse;R4;normal;modify;0.0074;0.8;1;Given the current processing capacity is below threshold, reducing it to 80% as instructed by the coordinator will help prevent potential delays and maintain output stock levels within acceptable limits.;cot;llama3.1:8b;llama;Given the current processing capacity is below threshold, reducing it to 80% as instructed by the coordinator will help prevent potential delays and maintain output stock levels within acceptable limits.;1fc92340fe9f1bab05c58bf37b150211b4a1fd3c0c1f89e926503de30b7529c7;503;60;26.600.752.592.086.700;TRUE;FALSE;89
36;26/06/2026 15:00;retail;R4;normal;accept;0.0075;1.0;1;Given the current retail inventory is above safety stock, but sales rate is high and increasing, it's prudent to accept the coordinator's instruction to add a reorder request of +20 kg to mitigate potential future shortages.;cot;llama3.1:8b;llama;Given the current retail inventory is above safety stock, but sales rate is high and increasing, it's prudent to accept the coordinator's instruction to add a reorder request of +20 kg to mitigate potential future shortages.;ddd2d55911c5cce3c4d6d652a55cce5744591cb7d55a59db3c9fbda6b71619a5;483;67;2.702.191.925.048.820;TRUE;FALSE;89
80;27/06/2026 02:00;wholesaler;R8;normal;modify;0.0081;0.8;2;The current inventory level is below the threshold, but not critically low. The incoming orders are above capacity, and the delivery schedule is normal. Modifying the delivery schedule to 'rerouted' will help mitigate potential disruptions and ensure timely delivery of critical shipments.;cot;llama3.1:8b;llama;The current inventory level is below the threshold, but not critically low. The incoming orders are above capacity, and the delivery schedule is normal. Modifying the delivery schedule to 'rerouted' will help mitigate potential disruptions and ensure timely delivery of critical shipments.;ad6bcf992c7ee5b9b01ec073725e0ade160e267730817f36ab226fb2badecfc6;506;77;2.917.106.342.315.670;TRUE;FALSE;89
80;27/06/2026 02:00;retail;R8;normal;modify;0.0082;0.8;1;Given the current retail inventory of 44.2 kg, which is above the safety stock threshold, and considering the coordinator's instruction to adjust demand_estimate to 95% due to potential disruption, I will modify the demand estimate to account for the anticipated delay without immediately triggering a stockout flag.;cot;llama3.1:8b;llama;Given the current retail inventory of 44.2 kg, which is above the safety stock threshold, and considering the coordinator's instruction to adjust demand_estimate to 95% due to potential disruption, I will modify the demand estimate to account for the anticipated delay without immediately triggering a stockout flag.;08a5cfb9483f3b0f846492f1f7d34667173f4e52c351a9786946327441d95a90;496;85;2.961.515.736.579.890;TRUE;FALSE;89
108;27/06/2026 09:00;farm;R12;high;modify;0.008;0.85;2;Given the high urgency level of the disruption, I must adjust outgoing orders to match our current production capacity. Reducing orders by 25% will help prevent overstocking and maintain a stable supply chain. Additionally, increasing production capacity by 5% through intensification is feasible considering our current mortality rate and disease alert status.;cot;llama3.1:8b;llama;Given the high urgency level of the disruption, I must adjust outgoing orders to match our current production capacity. Reducing orders by 25% will help prevent overstocking and maintain a stable supply chain. Additionally, increasing production capacity by 5% through intensification is feasible considering our current mortality rate and disease alert status.;7a480d51495381720c3ffa35c40a308e490e64b0f904862afac2f578737f8f19;527;91;2.892.001.223.564.140;TRUE;FALSE;89
108;27/06/2026 09:00;wholesaler;R12;high;modify;0.0092;0.85;2;Given the high urgency level of the disruption, I will adjust our distribution capacity to 85% as instructed by the coordinator. This adjustment is necessary to optimize our response to the disruption and ensure that we can meet the increased demand for broiler distribution in East Java. By modifying our capacity, we can better align with the available supply from Farm and reroute deliveries accordingly.;cot;llama3.1:8b;llama;Given the high urgency level of the disruption, I will adjust our distribution capacity to 85% as instructed by the coordinator. This adjustment is necessary to optimize our response to the disruption and ensure that we can meet the increased demand for broiler distribution in East Java. By modifying our capacity, we can better align with the available supply from Farm and reroute deliveries accordingly.;03b59bae30bd4a8783b8b474ed0106e2832d3b73f40817313bdad611135f25ad;512;100;33.287.195.444.107.000;TRUE;FALSE;89
144;27/06/2026 18:00;slaughterhouse;R9;high;modify;0.0086;0.85;1;Given the high urgency level of the disruption, I will modify our output stock to increase by 15% as instructed by the coordinator. However, considering our current processing capacity is below threshold and worker availability is low, I will adjust the factor slightly to ensure we don't overcommit resources.;cot;llama3.1:8b;llama;Given the high urgency level of the disruption, I will modify our output stock to increase by 15% as instructed by the coordinator. However, considering our current processing capacity is below threshold and worker availability is low, I will adjust the factor slightly to ensure we don't overcommit resources.;c23c9a5a7bb07ec84e83fa7d3022a69472650fee41fac27cd64bbda2fff1644f;510;84;30.940.473.794.937.100;TRUE;FALSE;89
144;27/06/2026 18:00;wholesaler;R9;high;modify;0.0078;0.9;2;Given the high urgency level of the disruption, I will modify the instruction to prioritize inventory for Retail while maintaining current levels and cancelling 50% of non-priority pending shipments to focus on critical Retail needs.;cot;llama3.1:8b;llama;Given the high urgency level of the disruption, I will modify the instruction to prioritize inventory for Retail while maintaining current levels and cancelling 50% of non-priority pending shipments to focus on critical Retail needs.;7abb791c3dc02f091fe32c7d4557c650f2b7b895f072e380a9a0edc1d501a3ec;528;67;28.110.954.999.923.700;TRUE;FALSE;89
144;27/06/2026 18:00;retail;R9;high;accept;0.0087;1.0;2;The current retail inventory is below the safety stock threshold, and the sales rate has exceeded expected levels. The coordinator's instruction to add a reorder request for +30 kg and increase the safety stock by 10% as an emergency buffer is appropriate given the high urgency level of the disruption.;cot;llama3.1:8b;llama;The current retail inventory is below the safety stock threshold, and the sales rate has exceeded expected levels. The coordinator's instruction to add a reorder request for +30 kg and increase the safety stock by 10% as an emergency buffer is appropriate given the high urgency level of the disruption.;cd9da13517dc889c026319d8311098222577a5ddab035e21cb219faa2dbaa4e2;515;82;31.194.308.757.781.900;TRUE;FALSE;89
36;28/06/2026 15:00;farm;R4;normal;modify;0.0068;0.8;1;Given the current production capacity is below 60%, reducing outgoing orders to 80% of actual capacity will help maintain a stable flock management and prevent potential disruptions. This adjustment aligns with the coordinator's instruction, taking into account our local operational constraints.;cot;llama3.1:8b;llama;Given the current production capacity is below 60%, reducing outgoing orders to 80% of actual capacity will help maintain a stable flock management and prevent potential disruptions. This adjustment aligns with the coordinator's instruction, taking into account our local operational constraints.;012d34cb2db4a30393ab602530e427a646a937abede5cc3ef41dc786cd72c559;502;76;24.596.556.186.676.000;TRUE;FALSE;90
36;28/06/2026 15:00;slaughterhouse;R4;normal;modify;0.0074;0.8;1;Given the current processing capacity is below threshold, reducing it to 80% as instructed by the coordinator will help prevent potential delays and maintain output stock levels within acceptable limits.;cot;llama3.1:8b;llama;Given the current processing capacity is below threshold, reducing it to 80% as instructed by the coordinator will help prevent potential delays and maintain output stock levels within acceptable limits.;1fc92340fe9f1bab05c58bf37b150211b4a1fd3c0c1f89e926503de30b7529c7;503;60;26.588.306.665.420.500;TRUE;FALSE;90
36;28/06/2026 15:00;retail;R4;normal;accept;0.0076;1.0;1;Given the current retail inventory is above safety stock, but sales rate is high and increasing, it's prudent to accept the coordinator's instruction to add a reorder request of +20 kg to mitigate potential future shortages.;cot;llama3.1:8b;llama;Given the current retail inventory is above safety stock, but sales rate is high and increasing, it's prudent to accept the coordinator's instruction to add a reorder request of +20 kg to mitigate potential future shortages.;ddd2d55911c5cce3c4d6d652a55cce5744591cb7d55a59db3c9fbda6b71619a5;483;67;2.738.219.428.062.430;TRUE;FALSE;90
72;29/06/2026 00:00;wholesaler;R8;normal;modify;0.0076;0.8;2;The current inventory level is below the threshold, but we have incoming orders that exceed our capacity by 20%. To mitigate this risk, I will modify the delivery schedule to rerouted and reduce pending shipments by 15% to prioritize urgent deliveries.;cot;llama3.1:8b;llama;The current inventory level is below the threshold, but we have incoming orders that exceed our capacity by 20%. To mitigate this risk, I will modify the delivery schedule to rerouted and reduce pending shipments by 15% to prioritize urgent deliveries.;86ed27074272392618a62be58a012e8765a420b596deefb4fe803d2759d1b56e;506;75;27.387.993.097.305.200;TRUE;FALSE;90
72;29/06/2026 00:00;retail;R8;normal;modify;0.0081;0.8;1;Given the current retail inventory of 36.64 kg, which is above the safety stock threshold, and considering the coordinator's instruction to adjust demand_estimate to 95% due to potential disruption, I will modify the demand estimate to account for the anticipated delay without immediately triggering a stockout flag.;cot;llama3.1:8b;llama;Given the current retail inventory of 36.64 kg, which is above the safety stock threshold, and considering the coordinator's instruction to adjust demand_estimate to 95% due to potential disruption, I will modify the demand estimate to account for the anticipated delay without immediately triggering a stockout flag.;9d00ed5f5f99f4d5df9c685e8a505515443f8a236aef5952edfb0d166be11869;496;85;29.075.425.386.428.800;TRUE;FALSE;90
90;29/06/2026 04:30;slaughterhouse;R9;high;modify;0.0081;0.85;1;Given the high urgency level of the disruption, I will modify our current processing schedule to increase output stock by 15% as instructed by the coordinator. However, considering our current low worker availability and equipment status, I must adjust the factor slightly to ensure a more realistic outcome.;cot;llama3.1:8b;llama;Given the high urgency level of the disruption, I will modify our current processing schedule to increase output stock by 15% as instructed by the coordinator. However, considering our current low worker availability and equipment status, I must adjust the factor slightly to ensure a more realistic outcome.;1aa8e0badb4f60d63b948d782f489f3ed294747fc9c573921e3532296ad60fc3;510;81;29.336.504.697.799.600;TRUE;FALSE;90
90;29/06/2026 04:30;wholesaler;R9;high;modify;0.0084;0.85;2;Given the high urgency level of the disruption, I will modify my current inventory allocation to prioritize retail orders as instructed by the coordinator. This decision takes into account our current low inventory levels and the need to focus on critical retail shipments. By modifying our existing allocation, we can ensure that essential products reach their destination promptly.;cot;llama3.1:8b;llama;Given the high urgency level of the disruption, I will modify my current inventory allocation to prioritize retail orders as instructed by the coordinator. This decision takes into account our current low inventory levels and the need to focus on critical retail shipments. By modifying our existing allocation, we can ensure that essential products reach their destination promptly.;e0338cff3ce9c3b17e3f7c52dbeed3a1f2897e512bbfeaf9eeebcda9b141fb95;514;89;30.276.520.013.809.200;TRUE;FALSE;90
90;29/06/2026 04:30;retail;R9;high;accept;0.0083;1.0;2;Given the high urgency level of the disruption, the current stockout flag is 0, and the sales rate exceeds expected levels by 50%, I accept the coordinator's instruction to add a reorder request for +30 kg as a buffer against potential future shortages.;cot;llama3.1:8b;llama;Given the high urgency level of the disruption, the current stockout flag is 0, and the sales rate exceeds expected levels by 50%, I accept the coordinator's instruction to add a reorder request for +30 kg as a buffer against potential future shortages.;975af3a828495a866ecd6aa7989100ef00f34ad123e3e1750072c363d03fe9df;515;77;29.724.703.788.757.300;TRUE;FALSE;90
144;29/06/2026 18:00;slaughterhouse;R9;high;modify;0.0078;0.92;1;Given the high urgency level of the disruption, I will modify the output stock to meet the coordinator's instruction. However, considering our current processing capacity is below threshold and worker availability is low, I will adjust the factor slightly to ensure a more cautious approach.;cot;llama3.1:8b;llama;Given the high urgency level of the disruption, I will modify the output stock to meet the coordinator's instruction. However, considering our current processing capacity is below threshold and worker availability is low, I will adjust the factor slightly to ensure a more cautious approach.;a3d806932d968ba63447b0fd0199ed34ef0f6b352241c1d51db579ba96d7865b;524;77;2.794.997.239.112.850;TRUE;FALSE;90
144;29/06/2026 18:00;wholesaler;R9;high;modify;0.0079;0.9;2;Given the high urgency level of the disruption, I will modify the instruction to prioritize inventory for Retail while maintaining current levels and cancelling 50% of non-priority pending shipments to focus on critical Retail needs.;cot;llama3.1:8b;llama;Given the high urgency level of the disruption, I will modify the instruction to prioritize inventory for Retail while maintaining current levels and cancelling 50% of non-priority pending shipments to focus on critical Retail needs.;6f03f70f0347c8decf4b5715afefbf11498025b4d6ac497ac50586cecd46df63;525;67;28.418.635.845.184.300;TRUE;FALSE;90
144;29/06/2026 18:00;retail;R9;high;accept;0.0092;1.0;2;Given the high urgency level of the disruption, the current stockout flag is active, and sales rate exceeds expected levels by 150%, I accept the coordinating agent's instruction to add a reorder request for +30 kg as a buffer against further shortages. Increasing safety stock by 10% will also provide an additional emergency buffer.;cot;llama3.1:8b;llama;Given the high urgency level of the disruption, the current stockout flag is active, and sales rate exceeds expected levels by 150%, I accept the coordinating agent's instruction to add a reorder request for +30 kg as a buffer against further shortages. Increasing safety stock by 10% will also provide an additional emergency buffer.;74658cc3425cb59129dad014506eab2109149a7f16cf3ddff21d983148be826d;529;90;33.040.854.930.877.600;TRUE;FALSE;90
216;30/06/2026 12:00;slaughterhouse;R9;high;modify;0.0082;0.92;1;Given the high urgency level of the disruption, I will modify the output stock to meet the coordinator's instruction. However, considering our current processing capacity is below threshold and worker availability is low, I will not fully accept the instruction but rather adjust it according to our operational constraints.;cot;llama3.1:8b;llama;Given the high urgency level of the disruption, I will modify the output stock to meet the coordinator's instruction. However, considering our current processing capacity is below threshold and worker availability is low, I will not fully accept the instruction but rather adjust it according to our operational constraints.;7c13aabb178243b4fb9ddc0d32e8225cca016b7db6d4ba7dec49733ddcec6cc1;538;81;29.401.906.490.325.900;TRUE;FALSE;90
216;30/06/2026 12:00;wholesaler;R9;high;modify;0.0079;0.95;2;Given the high urgency level of the disruption, I will modify the instruction to prioritize inventory for Retail while maintaining current levels and cancelling 50% of non-priority pending shipments to focus on critical Retail needs.;cot;llama3.1:8b;llama;Given the high urgency level of the disruption, I will modify the instruction to prioritize inventory for Retail while maintaining current levels and cancelling 50% of non-priority pending shipments to focus on critical Retail needs.;51594a0755262d0c71a9bee04c18f4b3a65b8f00f80e9d7a8746a26ef9df6ac5;541;67;28.502.782.821.655.200;TRUE;FALSE;90
216;30/06/2026 12:00;retail;R9;high;accept;0.0085;1.0;2;Given the high urgency level of the disruption, the current stockout status, and the coordinator's instruction to increase safety stock by 10% as a buffer, I accept the request to add an extra 30 kg to the reorder request. This will help mitigate the shortage and ensure continued supply to meet customer demand.;cot;llama3.1:8b;llama;Given the high urgency level of the disruption, the current stockout status, and the coordinator's instruction to increase safety stock by 10% as a buffer, I accept the request to add an extra 30 kg to the reorder request. This will help mitigate the shortage and ensure continued supply to meet customer demand.;54ea264ba0584a271eb8bc6fa8b128b6667ef597ab9650ff26497a228b6c271a;531;88;3.045.221.710.205.070;TRUE;FALSE;90
288;01/07/2026 06:00;slaughterhouse;R9;high;modify;0.009;0.92;1;Given the high urgency level of the disruption, I will modify the output stock to meet the coordinator's instruction. However, considering our current processing capacity is below threshold and worker availability is slightly low, I will adjust the factor to 0.92 to ensure a balanced approach.;cot;llama3.1:8b;llama;Given the high urgency level of the disruption, I will modify the output stock to meet the coordinator's instruction. However, considering our current processing capacity is below threshold and worker availability is slightly low, I will adjust the factor to 0.92 to ensure a balanced approach.;86578dd76edc66c64dfe16507cffdac286afa35f0e736a3e42448f9b25dde232;538;81;32.449.684.381.484.900;TRUE;FALSE;90
288;01/07/2026 06:00;wholesaler;R9;high;modify;0.0082;0.92;2;Given the high urgency level of the disruption, I will modify the instruction to prioritize inventory for Retail while maintaining current levels and cancelling 50% of non-priority pending shipments to focus on critical Retail needs.;cot;llama3.1:8b;llama;Given the high urgency level of the disruption, I will modify the instruction to prioritize inventory for Retail while maintaining current levels and cancelling 50% of non-priority pending shipments to focus on critical Retail needs.;ce8bdab1259e4136aa3bf08641fe901a08b07602cb8e66cf2e4af44cdfe41cbe;542;67;29.485.326.766.967.700;TRUE;FALSE;90
288;01/07/2026 06:00;retail;R9;high;accept;0.0081;1.0;2;Given the high urgency level of the disruption, our current stockout status, and the coordinator's instruction to increase safety stock as a buffer, I accept the request to add 30 kg to the reorder request and adjust the safety stock by 10%. This will help mitigate the shortage and ensure we can meet customer demand.;cot;llama3.1:8b;llama;Given the high urgency level of the disruption, our current stockout status, and the coordinator's instruction to increase safety stock as a buffer, I accept the request to add 30 kg to the reorder request and adjust the safety stock by 10%. This will help mitigate the shortage and ensure we can meet customer demand.;00689cea5fe42d61cc11cb1a1c3592e2cce5ecc3eaf9cae1ba6b8e761a43fecd;531;89;29.132.341.623.306.200;TRUE;FALSE;90
320;01/07/2026 14:00;slaughterhouse;R9;high;modify;0.0064;0.92;1;The current processing delay is above the threshold, but we can still increase output stock by 15% to meet the coordinator's instruction and fill the distribution gap. However, I will modify the instruction as our current capacity is below 50%, so we need to prioritize increasing it first.;cot;llama3.1:8b;llama;The current processing delay is above the threshold, but we can still increase output stock by 15% to meet the coordinator's instruction and fill the distribution gap. However, I will modify the instruction as our current capacity is below 50%, so we need to prioritize increasing it first.;b68630fc437a9ef569e341820a9905273873a2656cabc281124498eb0cfd1c99;538;83;23.056.225.299.835.200;TRUE;FALSE;90
320;01/07/2026 14:00;wholesaler;R9;high;modify;0.0089;0.92;2;Given the high urgency level of the disruption, I will modify my current strategy to prioritize inventory for Retail and cancel 50% of non-priority pending shipments to focus on critical Retail orders. This decision is based on the coordinator's instruction and my local operational constraints, including low inventory levels and high incoming orders.;cot;llama3.1:8b;llama;Given the high urgency level of the disruption, I will modify my current strategy to prioritize inventory for Retail and cancel 50% of non-priority pending shipments to focus on critical Retail orders. This decision is based on the coordinator's instruction and my local operational constraints, including low inventory levels and high incoming orders.;226d160724018ba12486f8f4fc5359e67f9c26a56e11d9a8f6c6134465cb3801;539;88;3.188.675.355.911.250;TRUE;FALSE;90
320;01/07/2026 14:00;retail;R9;high;accept;0.0085;1.0;2;Given the high urgency level of the disruption, the current stockout flag is 0, and the sales rate exceeds expected levels, I accept the coordinating agent's instruction to add a reorder request for +30 kg as a buffer against potential future shortages.;cot;llama3.1:8b;llama;Given the high urgency level of the disruption, the current stockout flag is 0, and the sales rate exceeds expected levels, I accept the coordinating agent's instruction to add a reorder request for +30 kg as a buffer against potential future shortages.;5bda0b8f0fb722ba170c1eaca6f1c208674b92410faac9d0d67d9144b9ec4e43;531;75;30.549.652.099.609.300;TRUE;FALSE;90
360;02/07/2026 00:00;slaughterhouse;R9;high;modify;0.004;0.85;1;Given the high urgency level of the disruption, I will modify the output stock to meet the coordinator's instruction. However, considering our current processing capacity is below threshold and worker availability is low, I will adjust the factor to ensure a more cautious approach.;cot;llama3.1:8b;llama;Given the high urgency level of the disruption, I will modify the output stock to meet the coordinator's instruction. However, considering our current processing capacity is below threshold and worker availability is low, I will adjust the factor to ensure a more cautious approach.;b68630fc437a9ef569e341820a9905273873a2656cabc281124498eb0cfd1c99;538;76;14.271.975.755.691.500;TRUE;FALSE;90
360;02/07/2026 00:00;wholesaler;R9;high;modify;0.0093;0.95;2;Given the high urgency level of the disruption, I will modify my current inventory allocation to prioritize retail orders as instructed by the coordinator. This decision is supported by our current low inventory levels and high incoming orders, which indicate a need for immediate action. By prioritizing retail orders, we can minimize stockouts and ensure business continuity.;cot;llama3.1:8b;llama;Given the high urgency level of the disruption, I will modify my current inventory allocation to prioritize retail orders as instructed by the coordinator. This decision is supported by our current low inventory levels and high incoming orders, which indicate a need for immediate action. By prioritizing retail orders, we can minimize stockouts and ensure business continuity.;6555b4d792b57ec6ab0d3ccc8df95a6b8fe47c98258b5086e6329d77e1651f8d;541;91;3.363.729.166.984.550;TRUE;FALSE;90
360;02/07/2026 00:00;retail;R9;high;accept;0.0091;1.0;2;Given the high urgency level of the disruption, our current stockout status, and the coordinator's instruction to increase safety stock as a buffer, I accept the request to add 30 kg to the reorder request and adjust the safety stock by 10%. This will help mitigate the shortage and ensure we can meet customer demand.;cot;llama3.1:8b;llama;Given the high urgency level of the disruption, our current stockout status, and the coordinator's instruction to increase safety stock as a buffer, I accept the request to add 30 kg to the reorder request and adjust the safety stock by 10%. This will help mitigate the shortage and ensure we can meet customer demand.;028f5ff1bf98e77a15ddfe80430f6159fffdf203cbcd8807fa55b644b1ac3854;531;89;32.832.889.795.303.300;TRUE;FALSE;90
36;30/06/2026 15:00;farm;R4;normal;modify;0.004;0.8;1;Given the current production capacity is below 60%, reducing outgoing orders to 80% of actual capacity will help maintain a stable flock operation and prevent potential disruptions. This adjustment aligns with the coordinating agent's instruction, taking into account our local operational constraints.;cot;llama3.1:8b;llama;Given the current production capacity is below 60%, reducing outgoing orders to 80% of actual capacity will help maintain a stable flock operation and prevent potential disruptions. This adjustment aligns with the coordinating agent's instruction, taking into account our local operational constraints.;012d34cb2db4a30393ab602530e427a646a937abede5cc3ef41dc786cd72c559;502;77;14.361.420.631.408.600;TRUE;FALSE;91
36;30/06/2026 15:00;slaughterhouse;R4;normal;modify;0.0072;0.8;1;Given the current processing capacity is below threshold, reducing it to 80% as instructed by the coordinator will help prevent potential delays and maintain output stock levels within acceptable limits.;cot;llama3.1:8b;llama;Given the current processing capacity is below threshold, reducing it to 80% as instructed by the coordinator will help prevent potential delays and maintain output stock levels within acceptable limits.;1fc92340fe9f1bab05c58bf37b150211b4a1fd3c0c1f89e926503de30b7529c7;503;60;25.997.814.655.303.900;TRUE;FALSE;91
36;30/06/2026 15:00;retail;R4;normal;accept;0.0074;1.0;1;Given the current retail inventory is above safety stock, but sales rate is high and increasing, it's prudent to accept the coordinator's instruction to add a reorder request of +20 kg to mitigate potential future shortages.;cot;llama3.1:8b;llama;Given the current retail inventory is above safety stock, but sales rate is high and increasing, it's prudent to accept the coordinator's instruction to add a reorder request of +20 kg to mitigate potential future shortages.;ddd2d55911c5cce3c4d6d652a55cce5744591cb7d55a59db3c9fbda6b71619a5;483;67;26.763.935.089.111.300;TRUE;FALSE;91
88;01/07/2026 04:00;farm;R12;high;modify;0.0089;0.85;2;Given the high urgency level of the disruption, I must adjust outgoing orders to match our current production capacity. Reducing orders by 25% will help prevent further strain on resources and allow us to maintain a stable flock management. This adjustment should also enable us to increase production capacity by 5%, as instructed.;cot;llama3.1:8b;llama;Given the high urgency level of the disruption, I must adjust outgoing orders to match our current production capacity. Reducing orders by 25% will help prevent further strain on resources and allow us to maintain a stable flock management. This adjustment should also enable us to increase production capacity by 5%, as instructed.;f53714c17ab838f4c93e1ab00c51146fca8fcb5ba5f458e51e77ca2d95aad995;525;88;32.075.162.172.317.500;TRUE;FALSE;91
88;01/07/2026 04:00;wholesaler;R12;high;modify;0.0088;0.8;2;Given the high urgency level of the disruption, I will modify our distribution capacity to 85% as instructed by the coordinator. This adjustment will help optimize our supply chain and ensure timely delivery of broilers to customers. However, I will not immediately change the delivery schedule to 'rerouted' without further assessment of its impact on our local operations.;cot;llama3.1:8b;llama;Given the high urgency level of the disruption, I will modify our distribution capacity to 85% as instructed by the coordinator. This adjustment will help optimize our supply chain and ensure timely delivery of broilers to customers. However, I will not immediately change the delivery schedule to 'rerouted' without further assessment of its impact on our local operations.;942a2adf8ecc981ce7f0dd7a8a700f966ac924d283eec79985efb7fc00a54fe3;503;95;3.180.699.610.710.140;TRUE;FALSE;91
360;04/07/2026 00:00;slaughterhouse;R9;high;modify;0.0084;0.85;1;Given the high urgency level of the disruption, I will modify our current processing schedule to increase output stock by 15% as instructed by the coordinator. However, considering our current low worker availability and moderate processing delay, I must adjust the factor slightly to ensure a balanced response.;cot;llama3.1:8b;llama;Given the high urgency level of the disruption, I will modify our current processing schedule to increase output stock by 15% as instructed by the coordinator. However, considering our current low worker availability and moderate processing delay, I must adjust the factor slightly to ensure a balanced response.;59caa61f87c8c75c9e5deb8a33a78ad9340aad2484d90956e380387665220060;510;81;30.114.517.211.914.000;TRUE;FALSE;91
360;04/07/2026 00:00;wholesaler;R9;high;modify;0.0091;0.85;2;Given the high urgency level of the disruption, I will modify my current inventory allocation to prioritize retail orders as instructed by the coordinator. This decision is supported by our current low inventory levels and delayed delivery schedule, which necessitate a focus on critical retail shipments. By cancelling 50% of non-priority pending shipments, we can ensure timely delivery of essential products to retailers.;cot;llama3.1:8b;llama;Given the high urgency level of the disruption, I will modify my current inventory allocation to prioritize retail orders as instructed by the coordinator. This decision is supported by our current low inventory levels and delayed delivery schedule, which necessitate a focus on critical retail shipments. By cancelling 50% of non-priority pending shipments, we can ensure timely delivery of essential products to retailers.;5f10b2cfa234e7571f67a464537343a37748fac3db78f8edd99c54968b79881a;511;100;3.278.947.424.888.610;TRUE;FALSE;91
360;04/07/2026 00:00;retail;R9;high;accept;0.0087;1.0;2;Given the high urgency level of the disruption, our current stockout status, and the coordinator's instruction to increase safety stock as a buffer, I accept the request to add 30 kg to the reorder request and adjust the safety stock by 10%. This will help mitigate the shortage and ensure we can meet customer demand.;cot;llama3.1:8b;llama;Given the high urgency level of the disruption, our current stockout status, and the coordinator's instruction to increase safety stock as a buffer, I accept the request to add 30 kg to the reorder request and adjust the safety stock by 10%. This will help mitigate the shortage and ensure we can meet customer demand.;ed8c6795fd19aecdf5f3b3957997421b40cef857149bab012799d45aedd41b98;503;89;3.122.230.839.729.300;TRUE;FALSE;91
432;04/07/2026 18:00;slaughterhouse;R9;high;modify;0.0081;0.92;1;Given the high urgency level of the disruption, I will modify the output stock to meet the coordinator's instruction. However, considering our current processing capacity is below threshold and worker availability is also low, I will adjust the factor slightly lower than before to ensure we don't overcommit resources.;cot;llama3.1:8b;llama;Given the high urgency level of the disruption, I will modify the output stock to meet the coordinator's instruction. However, considering our current processing capacity is below threshold and worker availability is also low, I will adjust the factor slightly lower than before to ensure we don't overcommit resources.;3386b6d2420d47b202f5a12ee64b77cce4b1093dfa0d585a164c072f42b5460d;524;83;29.262.842.416.763.300;TRUE;FALSE;91
432;04/07/2026 18:00;wholesaler;R9;high;modify;0.0079;0.92;2;Given the high urgency level of the disruption, I will modify the instruction to prioritize inventory for Retail while maintaining current levels and cancelling 50% of non-priority pending shipments to focus on critical Retail needs.;cot;llama3.1:8b;llama;Given the high urgency level of the disruption, I will modify the instruction to prioritize inventory for Retail while maintaining current levels and cancelling 50% of non-priority pending shipments to focus on critical Retail needs.;a5bfaa254db2945b097913dce57c879e911e49c6c02c542846acafbf157443f3;525;67;2.839.499.258.995.050;TRUE;FALSE;91
432;04/07/2026 18:00;retail;R9;high;accept;0.0081;1.0;2;Given the high urgency level of the disruption, the current stockout status, and the coordinator's instruction to increase safety stock as a buffer, I accept the request to add 30 kg to the reorder request and adjust the safety stock by 10%. This will help mitigate the shortage and ensure continued supply to meet customer demand.;cot;llama3.1:8b;llama;Given the high urgency level of the disruption, the current stockout status, and the coordinator's instruction to increase safety stock as a buffer, I accept the request to add 30 kg to the reorder request and adjust the safety stock by 10%. This will help mitigate the shortage and ensure continued supply to meet customer demand.;b68957fc67d59aa4852b0a62ddc333de625190fe2fefef3bec95cc9737e71475;517;90;29.184.868.335.723.800;TRUE;FALSE;91
36;02/07/2026 15:00;farm;R4;normal;modify;0.0074;0.8;1;Given the current production capacity is below 60%, reducing outgoing orders to 80% of actual capacity will help prevent further strain on resources and maintain a stable flock operation.;cot;llama3.1:8b;llama;Given the current production capacity is below 60%, reducing outgoing orders to 80% of actual capacity will help prevent further strain on resources and maintain a stable flock operation.;012d34cb2db4a30393ab602530e427a646a937abede5cc3ef41dc786cd72c559;502;60;26.509.260.654.449.400;TRUE;FALSE;92
36;02/07/2026 15:00;slaughterhouse;R4;normal;modify;0.0075;0.8;1;Given the current processing capacity is below threshold, reducing it to 80% as instructed by the coordinator will help prevent potential delays and maintain output stock levels within acceptable limits.;cot;llama3.1:8b;llama;Given the current processing capacity is below threshold, reducing it to 80% as instructed by the coordinator will help prevent potential delays and maintain output stock levels within acceptable limits.;1fc92340fe9f1bab05c58bf37b150211b4a1fd3c0c1f89e926503de30b7529c7;503;60;26.842.132.806.777.900;TRUE;FALSE;92
36;02/07/2026 15:00;retail;R4;normal;accept;0.0076;1.0;1;Given the current retail inventory is above safety stock, but sales rate is high and increasing, it's prudent to accept the coordinator's instruction to add a reorder request of +20 kg to mitigate potential future shortages.;cot;llama3.1:8b;llama;Given the current retail inventory is above safety stock, but sales rate is high and increasing, it's prudent to accept the coordinator's instruction to add a reorder request of +20 kg to mitigate potential future shortages.;ddd2d55911c5cce3c4d6d652a55cce5744591cb7d55a59db3c9fbda6b71619a5;483;67;2.733.449.077.606.200;TRUE;FALSE;92
88;03/07/2026 04:00;wholesaler;R8;normal;modify;0.0085;0.85;2;The current inventory level is below the threshold, but not critically low. The incoming orders are above capacity, and the delivery schedule is normal. Given the coordinator's instruction to reroute shipments and reduce pending shipments by 15%, I will modify the delivery schedule to 'rerouted' to mitigate potential disruptions.;cot;llama3.1:8b;llama;The current inventory level is below the threshold, but not critically low. The incoming orders are above capacity, and the delivery schedule is normal. Given the coordinator's instruction to reroute shipments and reduce pending shipments by 15%, I will modify the delivery schedule to 'rerouted' to mitigate potential disruptions.;efd65afd3fa1393e270ff0d1ea6add3f8729a7b01c9240cf40a76dd8a8d556bc;506;87;30.629.713.773.727.400;TRUE;FALSE;92
88;03/07/2026 04:00;retail;R8;normal;modify;0.0082;0.8;1;Given the current retail inventory of 35.01 kg, which is above the safety stock threshold, and considering the coordinator's instruction to adjust demand_estimate to 95% due to potential disruption, I will modify the demand estimate to account for the anticipated delay without immediately triggering a stockout flag.;cot;llama3.1:8b;llama;Given the current retail inventory of 35.01 kg, which is above the safety stock threshold, and considering the coordinator's instruction to adjust demand_estimate to 95% due to potential disruption, I will modify the demand estimate to account for the anticipated delay without immediately triggering a stockout flag.;ae00c152d262c81a27d7689a25ab148151bfc55e25657ff9228ca7ff081a2fc3;496;85;29.372.940.063.476.500;TRUE;FALSE;92
105;03/07/2026 08:15;slaughterhouse;R9;high;modify;0.0083;0.85;1;Given the high urgency level of the disruption, I will modify our current processing schedule to increase output stock by 15% as instructed by the coordinator. However, considering our current low worker availability and partial equipment status, I must adjust the factor slightly to ensure a more cautious approach.;cot;llama3.1:8b;llama;Given the high urgency level of the disruption, I will modify our current processing schedule to increase output stock by 15% as instructed by the coordinator. However, considering our current low worker availability and partial equipment status, I must adjust the factor slightly to ensure a more cautious approach.;2fa341636a7b136592d57121ea058f9177a9b7a2477abc145ac8723a873d58d6;510;82;29.787.269.353.866.500;TRUE;FALSE;92
105;03/07/2026 08:15;wholesaler;R9;high;modify;0.0086;0.92;2;Given the high urgency level of the disruption, I will modify my current inventory allocation to prioritize retail orders as instructed by the coordinator. This decision is supported by our current low inventory levels and incoming orders exceeding capacity. By prioritizing retail, we can minimize stockouts and ensure critical customer needs are met.;cot;llama3.1:8b;llama;Given the high urgency level of the disruption, I will modify my current inventory allocation to prioritize retail orders as instructed by the coordinator. This decision is supported by our current low inventory levels and incoming orders exceeding capacity. By prioritizing retail, we can minimize stockouts and ensure critical customer needs are met.;72d896248e5275381510c504e9cb6530b95746149234e19566d54c144f7b4b73;514;86;31.119.442.462.921.100;TRUE;FALSE;92
105;03/07/2026 08:15;retail;R9;high;accept;0.0087;1.0;2;The current retail inventory is below the safety stock threshold, and the sales rate has exceeded expectations by 150%. The coordinator's instruction to add a reorder request for +30 kg and increase the safety stock by 10% as an emergency buffer is appropriate given the high urgency level of the disruption.;cot;llama3.1:8b;llama;The current retail inventory is below the safety stock threshold, and the sales rate has exceeded expectations by 150%. The coordinator's instruction to add a reorder request for +30 kg and increase the safety stock by 10% as an emergency buffer is appropriate given the high urgency level of the disruption.;9dc98227d6b7a4cbfd0f4a7e2aa3285af2e873b02bf3ad895bee00cc0488b52b;515;84;3.141.145.610.809.320;TRUE;FALSE;92
144;03/07/2026 18:00;slaughterhouse;R9;high;modify;0.008;0.92;1;Given the high urgency level of the disruption, I will modify the output stock to increase by 15% as instructed by the coordinator. However, considering our current processing capacity is below 50%, I will adjust the factor slightly lower than the previous modification to ensure we don't overcommit resources.;cot;llama3.1:8b;llama;Given the high urgency level of the disruption, I will modify the output stock to increase by 15% as instructed by the coordinator. However, considering our current processing capacity is below 50%, I will adjust the factor slightly lower than the previous modification to ensure we don't overcommit resources.;02347432fbd67bd99fa73134aaa2469ea8de0c0c28f2243ce1848050ffb3bb39;524;85;2.886.909.532.546.990;TRUE;FALSE;92
144;03/07/2026 18:00;wholesaler;R9;high;modify;0.008;0.95;2;Given the high urgency level of the disruption, I will modify the instruction to prioritize inventory_level for Retail while maintaining current levels and cancelling 50% of non-priority pending_shipments to focus on critical Retail orders.;cot;llama3.1:8b;llama;Given the high urgency level of the disruption, I will modify the instruction to prioritize inventory_level for Retail while maintaining current levels and cancelling 50% of non-priority pending_shipments to focus on critical Retail orders.;9576d3f665f1dd438eaf1628771f5445f667e38e3b899e10254a9ba3998839e1;528;69;2.868.898.367.881.770;TRUE;FALSE;92
144;03/07/2026 18:00;retail;R9;high;accept;0.0089;1.0;2;Given the high urgency level of the disruption, the current stockout status, and the coordinator's instruction to increase safety stock as a buffer, I accept the request to add 30 kg to the reorder request. This will help mitigate the shortage and ensure continued supply to meet customer demand.;cot;llama3.1:8b;llama;Given the high urgency level of the disruption, the current stockout status, and the coordinator's instruction to increase safety stock as a buffer, I accept the request to add 30 kg to the reorder request. This will help mitigate the shortage and ensure continued supply to meet customer demand.;b08cdce623413233b80442e2eec69e27d116dff1ce80806fb8bf901e782af146;529;82;31.917.935.371.398.900;TRUE;FALSE;92
36;04/07/2026 15:00;farm;R4;normal;modify;0.004;0.8;1;Given the current production capacity is below 60%, reducing outgoing orders to 80% of actual capacity will help maintain a stable flock operation and prevent potential disruptions. This adjustment aligns with the coordinating agent's instruction, taking into account our local operational constraints.;cot;llama3.1:8b;llama;Given the current production capacity is below 60%, reducing outgoing orders to 80% of actual capacity will help maintain a stable flock operation and prevent potential disruptions. This adjustment aligns with the coordinating agent's instruction, taking into account our local operational constraints.;012d34cb2db4a30393ab602530e427a646a937abede5cc3ef41dc786cd72c559;502;77;14.479.195.833.206.100;TRUE;FALSE;93
36;04/07/2026 15:00;slaughterhouse;R4;normal;modify;0.0076;0.8;1;Given the current processing capacity is below threshold, reducing it to 80% as instructed by the coordinator will help prevent potential delays and maintain output stock levels within acceptable limits.;cot;llama3.1:8b;llama;Given the current processing capacity is below threshold, reducing it to 80% as instructed by the coordinator will help prevent potential delays and maintain output stock levels within acceptable limits.;1fc92340fe9f1bab05c58bf37b150211b4a1fd3c0c1f89e926503de30b7529c7;503;60;27.354.417.085.647.500;TRUE;FALSE;93
36;04/07/2026 15:00;retail;R4;normal;accept;0.0075;1.0;1;Given the current retail inventory is above safety stock, but sales rate is high and increasing, it's prudent to accept the coordinator's instruction to add a reorder request of +20 kg to mitigate potential future shortages.;cot;llama3.1:8b;llama;Given the current retail inventory is above safety stock, but sales rate is high and increasing, it's prudent to accept the coordinator's instruction to add a reorder request of +20 kg to mitigate potential future shortages.;ddd2d55911c5cce3c4d6d652a55cce5744591cb7d55a59db3c9fbda6b71619a5;483;67;2.704.747.200.012.200;TRUE;FALSE;93
88;05/07/2026 04:00;farm;R12;high;modify;0.0092;0.85;2;Given the high urgency level of the disruption, I must adjust outgoing orders to match our current production capacity. Reducing orders by 25% will help prevent further strain on resources and allow us to maintain a stable flock management. Additionally, increasing production capacity by 5% through intensification is feasible considering our current feed stock levels.;cot;llama3.1:8b;llama;Given the high urgency level of the disruption, I must adjust outgoing orders to match our current production capacity. Reducing orders by 25% will help prevent further strain on resources and allow us to maintain a stable flock management. Additionally, increasing production capacity by 5% through intensification is feasible considering our current feed stock levels.;99f46f75ca8f819917ebec164e8a3f4196a1d137f48924bc24015ea0ffac56ab;525;92;3.312.670.660.018.920;TRUE;FALSE;93
88;05/07/2026 04:00;wholesaler;R12;high;modify;0.0088;0.8;2;Given the high urgency level of the disruption, I will modify our distribution capacity to 85% as instructed by the coordinator. This adjustment will help optimize our supply chain and ensure timely delivery of broilers to customers. However, I will not immediately change the delivery schedule to 'rerouted' without further assessment of its impact on our local operations.;cot;llama3.1:8b;llama;Given the high urgency level of the disruption, I will modify our distribution capacity to 85% as instructed by the coordinator. This adjustment will help optimize our supply chain and ensure timely delivery of broilers to customers. However, I will not immediately change the delivery schedule to 'rerouted' without further assessment of its impact on our local operations.;942a2adf8ecc981ce7f0dd7a8a700f966ac924d283eec79985efb7fc00a54fe3;503;95;31.824.580.430.984.400;TRUE;FALSE;93
36;06/07/2026 15:00;farm;R4;normal;modify;0.0071;0.8;1;Given the current production capacity is below 60%, reducing outgoing orders to 80% of actual capacity will help prevent further strain on resources and maintain a stable flock operation.;cot;llama3.1:8b;llama;Given the current production capacity is below 60%, reducing outgoing orders to 80% of actual capacity will help prevent further strain on resources and maintain a stable flock operation.;012d34cb2db4a30393ab602530e427a646a937abede5cc3ef41dc786cd72c559;502;60;25.447.899.341.583.200;TRUE;FALSE;94
36;06/07/2026 15:00;slaughterhouse;R4;normal;modify;0.0032;0.8;1;Given the current processing capacity is below threshold, reducing it to 80% as instructed by the coordinator will help prevent potential delays and maintain output stock levels within acceptable limits.;cot;llama3.1:8b;llama;Given the current processing capacity is below threshold, reducing it to 80% as instructed by the coordinator will help prevent potential delays and maintain output stock levels within acceptable limits.;1fc92340fe9f1bab05c58bf37b150211b4a1fd3c0c1f89e926503de30b7529c7;503;60;11.411.609.888.076.700;TRUE;FALSE;94
36;06/07/2026 15:00;retail;R4;normal;accept;0.0039;1.0;1;The current retail inventory is above the safety stock threshold, but sales rate is high and increasing. Adding +20 kg to the reorder request will help mitigate potential future shortages due to the coordinator's signal of a potential disruption.;cot;llama3.1:8b;llama;The current retail inventory is above the safety stock threshold, but sales rate is high and increasing. Adding +20 kg to the reorder request will help mitigate potential future shortages due to the coordinator's signal of a potential disruption.;ddd2d55911c5cce3c4d6d652a55cce5744591cb7d55a59db3c9fbda6b71619a5;483;69;13.922.753.810.882.500;TRUE;FALSE;94
88;07/07/2026 04:00;farm;R12;high;modify;0.0099;0.85;2;Given the high urgency level of the disruption, I must adjust outgoing orders to match our current production capacity. Reducing orders by 25% will help prevent further strain on resources and allow us to maintain a stable flock. Additionally, increasing production capacity by 5% through intensified operations may be feasible considering our current mortality rate is within acceptable limits.;cot;llama3.1:8b;llama;Given the high urgency level of the disruption, I must adjust outgoing orders to match our current production capacity. Reducing orders by 25% will help prevent further strain on resources and allow us to maintain a stable flock. Additionally, increasing production capacity by 5% through intensified operations may be feasible considering our current mortality rate is within acceptable limits.;98ead0567b9d1889a65d775d5839f13b44a4d38a7c9c49c389ef07c33281a64f;525;95;3.561.606.407.165.520;TRUE;FALSE;94
88;07/07/2026 04:00;wholesaler;R12;high;modify;0.0052;0.8;2;Given the high urgency level of the disruption, I will modify our distribution capacity to 85% as instructed by the coordinator. This adjustment will help optimize our supply chain and ensure timely delivery of broilers to our customers. However, I will not change the delivery schedule to 'rerouted' yet, as it may cause additional logistical complexities.;cot;llama3.1:8b;llama;Given the high urgency level of the disruption, I will modify our distribution capacity to 85% as instructed by the coordinator. This adjustment will help optimize our supply chain and ensure timely delivery of broilers to our customers. However, I will not change the delivery schedule to 'rerouted' yet, as it may cause additional logistical complexities.;942a2adf8ecc981ce7f0dd7a8a700f966ac924d283eec79985efb7fc00a54fe3;503;94;1.854.223.322.868.340;TRUE;FALSE;94
324;09/07/2026 15:00;slaughterhouse;R9;high;modify;0.0087;0.85;1;Given the high urgency level of the disruption, I will modify our current processing schedule to increase output stock by 15% as instructed by the coordinator. However, considering our current low worker availability and partial equipment status, I must adjust the factor to ensure a more cautious approach.;cot;llama3.1:8b;llama;Given the high urgency level of the disruption, I will modify our current processing schedule to increase output stock by 15% as instructed by the coordinator. However, considering our current low worker availability and partial equipment status, I must adjust the factor to ensure a more cautious approach.;2408c307602c978844d68412a31a0605bc76ce9a8c32ec007a359a060ddffbf2;508;81;3.117.578.887.939.450;TRUE;FALSE;94
324;09/07/2026 15:00;wholesaler;R9;high;modify;0.0083;0.85;2;Given the high urgency level of the disruption, I must prioritize inventory allocation to Retail as instructed by the Coordinating Agent. However, considering our current low inventory levels and incoming orders exceeding capacity, a modification is necessary to ensure we meet critical Retail demands without compromising on other non-priority shipments.;cot;llama3.1:8b;llama;Given the high urgency level of the disruption, I must prioritize inventory allocation to Retail as instructed by the Coordinating Agent. However, considering our current low inventory levels and incoming orders exceeding capacity, a modification is necessary to ensure we meet critical Retail demands without compromising on other non-priority shipments.;dbc3f9d9dad9845c3ca9afcf68a5531f47b343a2a033971b5475a2d0d4e22d8c;512;85;3.002.105.450.630.180;TRUE;FALSE;94
324;09/07/2026 15:00;retail;R9;high;accept;0.0088;1.0;2;The current retail status indicates a severe stockout situation, with inventory at 0 kg and sales rate exceeding expected levels by 150%. The coordinator's instruction to add 30 kg to the reorder request and increase safety stock by 10% as an emergency buffer is appropriate given the high urgency level of the disruption triggered by Rule R9.;cot;llama3.1:8b;llama;The current retail status indicates a severe stockout situation, with inventory at 0 kg and sales rate exceeding expected levels by 150%. The coordinator's instruction to add 30 kg to the reorder request and increase safety stock by 10% as an emergency buffer is appropriate given the high urgency level of the disruption triggered by Rule R9.;f65708ebec9ffb877f3d9466a4ac9e4d8bb0e4811892a771edcc1ba3655c2bf2;501;93;31.534.485.578.536.900;TRUE;FALSE;94
36;08/07/2026 15:00;farm;R4;normal;modify;0.0073;0.8;1;Given the current production capacity is below 60%, reducing outgoing orders to 80% of actual capacity will help prevent further strain on resources and maintain a stable flock operation.;cot;llama3.1:8b;llama;Given the current production capacity is below 60%, reducing outgoing orders to 80% of actual capacity will help prevent further strain on resources and maintain a stable flock operation.;012d34cb2db4a30393ab602530e427a646a937abede5cc3ef41dc786cd72c559;502;60;26.419.773.817.062.300;TRUE;FALSE;95
36;08/07/2026 15:00;slaughterhouse;R4;normal;modify;0.0074;0.8;1;Given the current processing capacity is below threshold, reducing it to 80% as instructed by the coordinator will help prevent potential delays and maintain output stock levels within acceptable limits.;cot;llama3.1:8b;llama;Given the current processing capacity is below threshold, reducing it to 80% as instructed by the coordinator will help prevent potential delays and maintain output stock levels within acceptable limits.;1fc92340fe9f1bab05c58bf37b150211b4a1fd3c0c1f89e926503de30b7529c7;503;60;26.675.857.305.526.700;TRUE;FALSE;95
36;08/07/2026 15:00;retail;R4;normal;accept;0.0074;1.0;1;Given the current retail inventory is above safety stock, but sales rate is high and increasing, it's prudent to accept the coordinator's instruction to add a reorder request of +20 kg to mitigate potential future shortages.;cot;llama3.1:8b;llama;Given the current retail inventory is above safety stock, but sales rate is high and increasing, it's prudent to accept the coordinator's instruction to add a reorder request of +20 kg to mitigate potential future shortages.;ddd2d55911c5cce3c4d6d652a55cce5744591cb7d55a59db3c9fbda6b71619a5;483;67;26.813.635.110.855.100;TRUE;FALSE;95
80;09/07/2026 02:00;wholesaler;R8;normal;modify;0.0079;0.8;2;The current inventory level is below the threshold, but not critically low. The incoming orders are above capacity, and the delivery schedule is normal. Modifying the delivery schedule to 'rerouted' will help mitigate potential disruptions and ensure timely delivery of critical shipments.;cot;llama3.1:8b;llama;The current inventory level is below the threshold, but not critically low. The incoming orders are above capacity, and the delivery schedule is normal. Modifying the delivery schedule to 'rerouted' will help mitigate potential disruptions and ensure timely delivery of critical shipments.;ad6bcf992c7ee5b9b01ec073725e0ade160e267730817f36ab226fb2badecfc6;506;77;2.848.248.600.959.770;TRUE;FALSE;95
80;09/07/2026 02:00;retail;R8;normal;modify;0.0085;0.8;1;Given the current retail inventory of 44.2 kg, which is above the safety stock threshold, and considering the coordinator's instruction to adjust demand_estimate to 95% due to potential disruption, I will modify the demand estimate to account for the anticipated delay without immediately triggering a stockout flag.;cot;llama3.1:8b;llama;Given the current retail inventory of 44.2 kg, which is above the safety stock threshold, and considering the coordinator's instruction to adjust demand_estimate to 95% due to potential disruption, I will modify the demand estimate to account for the anticipated delay without immediately triggering a stockout flag.;08a5cfb9483f3b0f846492f1f7d34667173f4e52c351a9786946327441d95a90;496;85;30.464.642.763.137.800;TRUE;FALSE;95
108;09/07/2026 09:00;farm;R12;high;modify;0.0077;0.85;2;Given the high urgency level of the disruption, I must adjust outgoing orders to match our current production capacity. Reducing orders by 25% will help prevent overstocking and maintain a stable supply chain. Additionally, increasing production capacity by 5% through intensification is feasible considering our current mortality rate and disease alert status.;cot;llama3.1:8b;llama;Given the high urgency level of the disruption, I must adjust outgoing orders to match our current production capacity. Reducing orders by 25% will help prevent overstocking and maintain a stable supply chain. Additionally, increasing production capacity by 5% through intensification is feasible considering our current mortality rate and disease alert status.;7a480d51495381720c3ffa35c40a308e490e64b0f904862afac2f578737f8f19;527;91;2.772.335.910.797.110;TRUE;FALSE;95
108;09/07/2026 09:00;wholesaler;R12;high;modify;0.0092;0.85;2;Given the high urgency level of the disruption, I will adjust our distribution capacity to 85% as instructed by the coordinator. This adjustment is necessary to optimize our response to the disruption and ensure that we can meet the increased demand for broiler distribution in East Java. By modifying our capacity, we can better align with the available supply from Farm and reroute deliveries accordingly.;cot;llama3.1:8b;llama;Given the high urgency level of the disruption, I will adjust our distribution capacity to 85% as instructed by the coordinator. This adjustment is necessary to optimize our response to the disruption and ensure that we can meet the increased demand for broiler distribution in East Java. By modifying our capacity, we can better align with the available supply from Farm and reroute deliveries accordingly.;03b59bae30bd4a8783b8b474ed0106e2832d3b73f40817313bdad611135f25ad;512;100;3.316.485.381.126.400;TRUE;FALSE;95
36;10/07/2026 15:00;farm;R4;normal;modify;0.0069;0.8;1;Given the current production capacity is below 60%, reducing outgoing orders to 80% of actual capacity will help maintain a stable flock management and prevent potential disruptions. This adjustment aligns with the coordinator's instruction, taking into account our local operational constraints.;cot;llama3.1:8b;llama;Given the current production capacity is below 60%, reducing outgoing orders to 80% of actual capacity will help maintain a stable flock management and prevent potential disruptions. This adjustment aligns with the coordinator's instruction, taking into account our local operational constraints.;012d34cb2db4a30393ab602530e427a646a937abede5cc3ef41dc786cd72c559;502;76;24.756.343.841.552.700;TRUE;FALSE;96
36;10/07/2026 15:00;slaughterhouse;R4;normal;modify;0.0035;0.8;1;Given the current processing capacity is below threshold, reducing it to 80% as instructed by the coordinator will help prevent potential delays and maintain output stock levels within acceptable limits.;cot;llama3.1:8b;llama;Given the current processing capacity is below threshold, reducing it to 80% as instructed by the coordinator will help prevent potential delays and maintain output stock levels within acceptable limits.;1fc92340fe9f1bab05c58bf37b150211b4a1fd3c0c1f89e926503de30b7529c7;503;60;12.638.210.535.049.400;TRUE;FALSE;96
36;10/07/2026 15:00;retail;R4;normal;accept;0.0075;1.0;1;Given the current retail inventory is above safety stock, but sales rate is high and increasing, it's prudent to accept the coordinator's instruction to add a reorder request of +20 kg to mitigate potential future shortages.;cot;llama3.1:8b;llama;Given the current retail inventory is above safety stock, but sales rate is high and increasing, it's prudent to accept the coordinator's instruction to add a reorder request of +20 kg to mitigate potential future shortages.;ddd2d55911c5cce3c4d6d652a55cce5744591cb7d55a59db3c9fbda6b71619a5;483;67;27.008.837.938.308.700;TRUE;FALSE;96
80;11/07/2026 02:00;wholesaler;R8;normal;modify;0.0082;0.8;2;The current inventory level is below the threshold, but not critically low. The incoming orders are above capacity, and the delivery schedule is normal. Given these conditions, modifying the delivery schedule to 'rerouted' with a 15% reduction in pending shipments seems reasonable.;cot;llama3.1:8b;llama;The current inventory level is below the threshold, but not critically low. The incoming orders are above capacity, and the delivery schedule is normal. Given these conditions, modifying the delivery schedule to 'rerouted' with a 15% reduction in pending shipments seems reasonable.;9bc9d53a7046ebc2664b324e55774ecadf778a46497da2a8bd5e8b0a360899e2;506;79;29.437.384.605.407.700;TRUE;FALSE;96
80;11/07/2026 02:00;retail;R8;normal;modify;0.0082;0.8;1;Given the current retail inventory of 32.8 kg, which is above the safety stock threshold, and considering the coordinator's instruction to adjust demand_estimate to 95% due to potential disruption, I will modify the demand estimate to account for the anticipated delay without immediately triggering a stockout flag.;cot;llama3.1:8b;llama;Given the current retail inventory of 32.8 kg, which is above the safety stock threshold, and considering the coordinator's instruction to adjust demand_estimate to 95% due to potential disruption, I will modify the demand estimate to account for the anticipated delay without immediately triggering a stockout flag.;f9aaa5b9519f25dadc600950b6c8a142e50dba137fb75c44871a2b2861295f2c;496;85;2.940.321.660.041.800;TRUE;FALSE;96
96;11/07/2026 06:00;slaughterhouse;R9;high;modify;0.0082;0.85;1;Given the high urgency level of the disruption, I will modify our current processing schedule to increase output stock by 15% as instructed by the coordinator. However, considering our current low worker availability and partial equipment status, I must adjust the factor to ensure a more cautious approach.;cot;llama3.1:8b;llama;Given the high urgency level of the disruption, I will modify our current processing schedule to increase output stock by 15% as instructed by the coordinator. However, considering our current low worker availability and partial equipment status, I must adjust the factor to ensure a more cautious approach.;8e935738cdc93a0e25b8623b8f5918ad6d0009adf6a1e9d374eae18fadb8c3e8;510;81;2.954.658.007.621.760;TRUE;FALSE;96
96;11/07/2026 06:00;wholesaler;R9;high;modify;0.0086;0.85;2;Given the high urgency level of the disruption, I will modify our current inventory allocation to prioritize retail orders as instructed by the coordinator. This decision is supported by our current low inventory levels and incoming orders exceeding capacity. By prioritizing retail orders, we can minimize stockouts and ensure critical customer needs are met.;cot;llama3.1:8b;llama;Given the high urgency level of the disruption, I will modify our current inventory allocation to prioritize retail orders as instructed by the coordinator. This decision is supported by our current low inventory levels and incoming orders exceeding capacity. By prioritizing retail orders, we can minimize stockouts and ensure critical customer needs are met.;93764ff5e5bffb37d66b51101e3d20224493ef7cabe2689fee23020599b0572d;514;87;309.186.692.237.854;TRUE;FALSE;96
96;11/07/2026 06:00;retail;R9;high;accept;0.0085;1.0;2;The current retail inventory is below the safety stock threshold, and the sales rate has exceeded expected levels. The coordinating agent's instruction to increase reorder request by +30 kg and raise safety stock by 10% as an emergency buffer aligns with our operational needs to prevent stockouts during this disruption.;cot;llama3.1:8b;llama;The current retail inventory is below the safety stock threshold, and the sales rate has exceeded expected levels. The coordinating agent's instruction to increase reorder request by +30 kg and raise safety stock by 10% as an emergency buffer aligns with our operational needs to prevent stockouts during this disruption.;d4a5bbb1c0ea933e2761a414492af5a4ef0bf13dfc0a69241bd13f2b42dd749f;515;84;30.728.450.059.890.700;TRUE;FALSE;96
144;11/07/2026 18:00;slaughterhouse;R9;high;modify;0.008;0.85;1;Given the high urgency level of the disruption, I will modify the output stock to meet the coordinator's instruction. However, considering our current processing capacity is below threshold and worker availability is low, I will adjust the factor slightly to ensure we don't overcommit resources.;cot;llama3.1:8b;llama;Given the high urgency level of the disruption, I will modify the output stock to meet the coordinator's instruction. However, considering our current processing capacity is below threshold and worker availability is low, I will adjust the factor slightly to ensure we don't overcommit resources.;52cf736f65faea32c0e5e3f533566692b8522615593b163b5819f7bf0f65e887;524;79;28.843.986.749.649.000;TRUE;FALSE;96
144;11/07/2026 18:00;wholesaler;R9;high;modify;0.0088;0.9;2;Given the high urgency level of the disruption, I will modify the instruction to prioritize inventory_level for Retail while maintaining current levels and cancelling 50% of non-priority pending_shipments to focus on critical Retail orders. This approach balances the need to support Retail with the operational constraints of managing inventory and shipments.;cot;llama3.1:8b;llama;Given the high urgency level of the disruption, I will modify the instruction to prioritize inventory_level for Retail while maintaining current levels and cancelling 50% of non-priority pending_shipments to focus on critical Retail orders. This approach balances the need to support Retail with the operational constraints of managing inventory and shipments.;221520afe8ceb7e7b13c1b4a47059ba2b9d78d14fc339b68c7af82c1ff4fbd6a;525;87;3.158.289.909.362.790;TRUE;FALSE;96
144;11/07/2026 18:00;retail;R9;high;accept;0.0091;1.0;2;Given the high urgency level of the disruption, the current stockout flag is active, and sales rate exceeds expected levels by 50%, I accept the coordinator's instruction to add a reorder request for +30 kg as a buffer against further disruptions. Increasing safety stock by 10% will also provide an additional cushion in case of future shortages.;cot;llama3.1:8b;llama;Given the high urgency level of the disruption, the current stockout flag is active, and sales rate exceeds expected levels by 50%, I accept the coordinator's instruction to add a reorder request for +30 kg as a buffer against further disruptions. Increasing safety stock by 10% will also provide an additional cushion in case of future shortages.;1b1c8ff58b2c5822b4bf6082ea1019e039ebbedbcb5b2a847b4a9c977bb0bec8;529;93;32.668.644.428.253.100;TRUE;FALSE;96
216;12/07/2026 12:00;slaughterhouse;R9;high;modify;0.0087;0.85;1;Given the high urgency level of the disruption, I will modify our current processing schedule to increase output stock by 15% as instructed by the coordinator. This adjustment should help fill the distribution gap while also considering our operational constraints and current capacity levels.;cot;llama3.1:8b;llama;Given the high urgency level of the disruption, I will modify our current processing schedule to increase output stock by 15% as instructed by the coordinator. This adjustment should help fill the distribution gap while also considering our operational constraints and current capacity levels.;3a982466963c30dc2e46b6d182f600ee5d63d5625d4b5c110cbba3d1cf298b3e;538;75;312.978.355.884.552;TRUE;FALSE;96
216;12/07/2026 12:00;wholesaler;R9;high;modify;0.0082;0.95;2;Given the high urgency level of the disruption, I will modify the instruction to prioritize inventory for Retail while maintaining current levels and cancelling 50% of non-priority pending shipments to focus on critical Retail needs.;cot;llama3.1:8b;llama;Given the high urgency level of the disruption, I will modify the instruction to prioritize inventory for Retail while maintaining current levels and cancelling 50% of non-priority pending shipments to focus on critical Retail needs.;45d471ea2282c8041fee6a9d078eb12e6db6faa148de33d7b9b75fbe141d641d;541;67;29.485.474.824.905.300;TRUE;FALSE;96
216;12/07/2026 12:00;retail;R9;high;accept;0.0079;1.0;2;The current stockout flag is high, indicating a severe disruption in broiler meat availability. The coordinator's instruction to add a reorder request of +30 kg and increase the safety stock by 10% as an emergency buffer is appropriate given our low inventory levels and high sales rate.;cot;llama3.1:8b;llama;The current stockout flag is high, indicating a severe disruption in broiler meat availability. The coordinator's instruction to add a reorder request of +30 kg and increase the safety stock by 10% as an emergency buffer is appropriate given our low inventory levels and high sales rate.;c211f1db6b84874bb0c54dfd923e9678850fa1a08276d333b5ef620cb00aa236;529;81;28.535.284.519.195.500;TRUE;FALSE;96
36;12/07/2026 15:00;farm;R4;normal;modify;0.004;0.8;1;Given the current production capacity is below 60%, reducing outgoing orders to 80% of actual capacity will help maintain a stable flock operation and prevent potential disruptions. This adjustment aligns with the coordinating agent's instruction, taking into account our local operational constraints.;cot;llama3.1:8b;llama;Given the current production capacity is below 60%, reducing outgoing orders to 80% of actual capacity will help maintain a stable flock operation and prevent potential disruptions. This adjustment aligns with the coordinating agent's instruction, taking into account our local operational constraints.;012d34cb2db4a30393ab602530e427a646a937abede5cc3ef41dc786cd72c559;502;77;14.289.649.248.123.100;TRUE;FALSE;97
36;12/07/2026 15:00;slaughterhouse;R4;normal;modify;0.0072;0.8;1;Given the current processing capacity is below threshold, reducing it to 80% as instructed by the coordinator will help prevent potential delays and maintain output stock levels within acceptable limits.;cot;llama3.1:8b;llama;Given the current processing capacity is below threshold, reducing it to 80% as instructed by the coordinator will help prevent potential delays and maintain output stock levels within acceptable limits.;1fc92340fe9f1bab05c58bf37b150211b4a1fd3c0c1f89e926503de30b7529c7;503;60;2.602.250.099.182.120;TRUE;FALSE;97
36;12/07/2026 15:00;retail;R4;normal;accept;0.0073;1.0;1;Given the current retail inventory is above safety stock, but sales rate is high and increasing, it's prudent to accept the coordinator's instruction to add a reorder request of +20 kg to mitigate potential future shortages.;cot;llama3.1:8b;llama;Given the current retail inventory is above safety stock, but sales rate is high and increasing, it's prudent to accept the coordinator's instruction to add a reorder request of +20 kg to mitigate potential future shortages.;ddd2d55911c5cce3c4d6d652a55cce5744591cb7d55a59db3c9fbda6b71619a5;483;67;2.617.815.065.383.910;TRUE;FALSE;97
80;13/07/2026 02:00;wholesaler;R8;normal;modify;0.0082;0.8;2;The current inventory level is below the threshold, but not critically low. The incoming orders are above capacity, and the delivery schedule is normal. Modifying the delivery schedule to 'rerouted' will help mitigate potential disruptions and ensure timely delivery of critical shipments.;cot;llama3.1:8b;llama;The current inventory level is below the threshold, but not critically low. The incoming orders are above capacity, and the delivery schedule is normal. Modifying the delivery schedule to 'rerouted' will help mitigate potential disruptions and ensure timely delivery of critical shipments.;ad6bcf992c7ee5b9b01ec073725e0ade160e267730817f36ab226fb2badecfc6;506;77;29.547.664.642.333.900;TRUE;FALSE;97
80;13/07/2026 02:00;retail;R8;normal;modify;0.0083;0.8;1;Given the current retail inventory of 44.2 kg, which is above the safety stock threshold, and considering the coordinator's instruction to adjust demand_estimate to 95% due to potential disruption, I will modify the demand estimate to account for the anticipated delay without immediately triggering a stockout flag.;cot;llama3.1:8b;llama;Given the current retail inventory of 44.2 kg, which is above the safety stock threshold, and considering the coordinator's instruction to adjust demand_estimate to 95% due to potential disruption, I will modify the demand estimate to account for the anticipated delay without immediately triggering a stockout flag.;08a5cfb9483f3b0f846492f1f7d34667173f4e52c351a9786946327441d95a90;496;85;30.021.892.309.188.800;TRUE;FALSE;97
123;13/07/2026 12:45;slaughterhouse;R9;high;modify;0.0086;0.85;1;Given the high urgency level of the disruption, I will modify our output stock to increase by 15% as instructed by the coordinator. However, considering our current operational constraints, such as low worker availability and near-maximum processing capacity, I will adjust the factor slightly to ensure a more cautious approach.;cot;llama3.1:8b;llama;Given the high urgency level of the disruption, I will modify our output stock to increase by 15% as instructed by the coordinator. However, considering our current operational constraints, such as low worker availability and near-maximum processing capacity, I will adjust the factor slightly to ensure a more cautious approach.;65da64d17da08deb14b5ccb8e0648da04aa5a8481dd7b0ad12d208650ccfdb58;508;86;3.108.782.982.826.230;TRUE;FALSE;97
123;13/07/2026 12:45;wholesaler;R9;high;modify;0.0086;0.85;2;Given the high urgency level of the disruption, I will modify our current inventory allocation to prioritize retail orders as instructed by the coordinator. This decision is supported by our current low inventory levels and incoming orders exceeding capacity. By prioritizing retail orders, we can minimize stockouts and ensure critical customer needs are met.;cot;llama3.1:8b;llama;Given the high urgency level of the disruption, I will modify our current inventory allocation to prioritize retail orders as instructed by the coordinator. This decision is supported by our current low inventory levels and incoming orders exceeding capacity. By prioritizing retail orders, we can minimize stockouts and ensure critical customer needs are met.;9140bbfa23ec5d3ebca7aba605fa8fc8ad4eaf2b75061cae1a5eb5018c0d0d41;514;87;31.002.976.179.122.900;TRUE;FALSE;97
123;13/07/2026 12:45;retail;R9;high;accept;0.0086;1.0;2;The current retail inventory is below the safety stock threshold, and the sales rate has exceeded expected levels. The coordinating agent's instruction to add a reorder request for +30 kg and increase the safety stock by 10% as an emergency buffer is appropriate given the high urgency level of the disruption.;cot;llama3.1:8b;llama;The current retail inventory is below the safety stock threshold, and the sales rate has exceeded expected levels. The coordinating agent's instruction to add a reorder request for +30 kg and increase the safety stock by 10% as an emergency buffer is appropriate given the high urgency level of the disruption.;c36c161e94f2126adf5cdf1692d9db3f512448f8142ec0b383fdbc07eafaaf9c;515;83;31.070.990.800.857.500;TRUE;FALSE;97
396;16/07/2026 09:00;slaughterhouse;R9;high;modify;0.0088;0.85;1;Given the high urgency level of the disruption, I will modify the output stock to meet the coordinator's instruction. However, considering our current processing capacity is below threshold and equipment status is down, I will adjust the factor slightly lower than before to ensure we don't overcommit resources.;cot;llama3.1:8b;llama;Given the high urgency level of the disruption, I will modify the output stock to meet the coordinator's instruction. However, considering our current processing capacity is below threshold and equipment status is down, I will adjust the factor slightly lower than before to ensure we don't overcommit resources.;d847f678afac8da575d60d26138cebf05829b7afa2bb5ed0afddb81aee4e20af;524;82;31.756.487.607.955.900;TRUE;FALSE;97
396;16/07/2026 09:00;wholesaler;R9;high;modify;0.0082;0.9;2;Given the high urgency level of the disruption, I will modify the instruction to prioritize inventory_level for Retail while maintaining current levels and cancelling 50% of non-priority pending_shipments to focus on critical Retail orders.;cot;llama3.1:8b;llama;Given the high urgency level of the disruption, I will modify the instruction to prioritize inventory_level for Retail while maintaining current levels and cancelling 50% of non-priority pending_shipments to focus on critical Retail orders.;a54015cb564a706fa1f7521de388e2b5dc34041e684f8042fb7c01ba2f661282;525;69;29.453.310.012.817.300;TRUE;FALSE;97
396;16/07/2026 09:00;retail;R9;high;accept;0.0091;1.0;2;Given the high urgency level of the disruption, the current stockout flag is active, and sales rate exceeds expected levels by 150%, I accept the coordinating agent's instruction to add a reorder request for +30 kg as a buffer against further disruptions. Increasing safety stock by 10% will also provide an additional emergency buffer.;cot;llama3.1:8b;llama;Given the high urgency level of the disruption, the current stockout flag is active, and sales rate exceeds expected levels by 150%, I accept the coordinating agent's instruction to add a reorder request for +30 kg as a buffer against further disruptions. Increasing safety stock by 10% will also provide an additional emergency buffer.;0c2ce60c7580819a9ecedaf411add7e460d69a47c1cc2e7242815a0196f0a627;529;90;3.289.703.130.722.040;TRUE;FALSE;97
468;17/07/2026 03:00;slaughterhouse;R9;high;modify;0.0083;0.85;1;Given the high urgency level of the disruption, I will modify our current processing schedule to increase output stock by 15% as instructed by the coordinator. This adjustment should help fill the distribution gap while also considering our operational constraints and current capacity levels.;cot;llama3.1:8b;llama;Given the high urgency level of the disruption, I will modify our current processing schedule to increase output stock by 15% as instructed by the coordinator. This adjustment should help fill the distribution gap while also considering our operational constraints and current capacity levels.;1f5b6a070fc3a018f492fdf4cf1f68f0616353218f40eeba1cc95d719e2be046;536;75;29.881.652.116.775.500;TRUE;FALSE;97
468;17/07/2026 03:00;wholesaler;R9;high;modify;0.0082;0.95;2;Given the high urgency level of the disruption, I will modify the instruction to prioritize inventory for Retail while maintaining current levels and cancelling 50% of non-priority pending shipments to focus on critical Retail needs.;cot;llama3.1:8b;llama;Given the high urgency level of the disruption, I will modify the instruction to prioritize inventory for Retail while maintaining current levels and cancelling 50% of non-priority pending shipments to focus on critical Retail needs.;432f9e04a9a5ca33f88d34173d924f69ba9b03875f5a07bad11b18d95434cb6a;539;67;29.692.864.656.448.300;TRUE;FALSE;97
468;17/07/2026 03:00;retail;R9;high;accept;0.0087;1.0;2;Given the high urgency level of the disruption, I accept the coordinating agent's instruction to increase reorder request by +30 kg and adjust safety stock by 10% as an emergency buffer. This decision aims to mitigate potential stockouts and ensure continued supply during this critical period.;cot;llama3.1:8b;llama;Given the high urgency level of the disruption, I accept the coordinating agent's instruction to increase reorder request by +30 kg and adjust safety stock by 10% as an emergency buffer. This decision aims to mitigate potential stockouts and ensure continued supply during this critical period.;7afc2f808f2719a612c2f19b3f9ccc43d8f15a83ceec2f12a3b8ae00f1807d19;529;79;31.315.523.862.838.700;TRUE;FALSE;97
36;14/07/2026 15:00;farm;R4;normal;modify;0.0043;0.8;1;Given the current production capacity is below 60%, reducing outgoing orders to 80% of actual capacity will help maintain a stable flock operation and prevent potential disruptions. This adjustment aligns with the coordinating agent's instruction, taking into account our local operational constraints.;cot;llama3.1:8b;llama;Given the current production capacity is below 60%, reducing outgoing orders to 80% of actual capacity will help maintain a stable flock operation and prevent potential disruptions. This adjustment aligns with the coordinating agent's instruction, taking into account our local operational constraints.;012d34cb2db4a30393ab602530e427a646a937abede5cc3ef41dc786cd72c559;502;77;15.460.103.750.228.800;TRUE;FALSE;98
36;14/07/2026 15:00;slaughterhouse;R4;normal;modify;0.0074;0.8;1;Given the current processing capacity is below threshold, reducing it to 80% as instructed by the coordinator will help prevent potential delays and maintain output stock levels within acceptable limits.;cot;llama3.1:8b;llama;Given the current processing capacity is below threshold, reducing it to 80% as instructed by the coordinator will help prevent potential delays and maintain output stock levels within acceptable limits.;1fc92340fe9f1bab05c58bf37b150211b4a1fd3c0c1f89e926503de30b7529c7;503;60;26.584.060.192.108.100;TRUE;FALSE;98
36;14/07/2026 15:00;retail;R4;normal;accept;0.0073;1.0;1;Given the current retail inventory is above safety stock, but sales rate is high and increasing, it's prudent to accept the coordinator's instruction to add a reorder request of +20 kg to mitigate potential future shortages.;cot;llama3.1:8b;llama;Given the current retail inventory is above safety stock, but sales rate is high and increasing, it's prudent to accept the coordinator's instruction to add a reorder request of +20 kg to mitigate potential future shortages.;ddd2d55911c5cce3c4d6d652a55cce5744591cb7d55a59db3c9fbda6b71619a5;483;67;2.640.521.502.494.810;TRUE;FALSE;98
88;15/07/2026 04:00;wholesaler;R8;normal;modify;0.0082;0.8;2;The current inventory level is below the threshold, but not critically low. The incoming orders are above capacity, and the delivery schedule is normal. Given the coordinator's instruction to reroute shipments and reduce pending shipments by 15%, I will modify my decision to accept these changes.;cot;llama3.1:8b;llama;The current inventory level is below the threshold, but not critically low. The incoming orders are above capacity, and the delivery schedule is normal. Given the coordinator's instruction to reroute shipments and reduce pending shipments by 15%, I will modify my decision to accept these changes.;fd5a4992d77a3595939c4a912b71db67266ab9e72b8e2dd4ca333b0338c453d6;506;81;2.951.600.670.814.510;TRUE;FALSE;98
88;15/07/2026 04:00;retail;R8;normal;modify;0.0086;0.8;1;Given the current retail inventory of 37.71 kg, which is above the safety stock threshold, and considering the coordinator's instruction to adjust demand_estimate to 95% due to potential disruption, I will modify the demand estimate to account for the expected delay without immediately triggering a stockout flag.;cot;llama3.1:8b;llama;Given the current retail inventory of 37.71 kg, which is above the safety stock threshold, and considering the coordinator's instruction to adjust demand_estimate to 95% due to potential disruption, I will modify the demand estimate to account for the expected delay without immediately triggering a stockout flag.;00e193fe1b0dc8acdce6f9b21ccd2580809de8723aff2f04f9b38d8c94f44b3f;496;85;30.995.614.528.656.000;TRUE;FALSE;98
111;15/07/2026 09:45;slaughterhouse;R9;high;modify;0.0087;0.85;1;Given the high urgency level of the disruption, I will modify our output stock to increase by 15% as instructed by the coordinator. However, considering our current operational constraints, such as low worker availability and near-maximum processing capacity, I will adjust the factor slightly to ensure a more cautious approach.;cot;llama3.1:8b;llama;Given the high urgency level of the disruption, I will modify our output stock to increase by 15% as instructed by the coordinator. However, considering our current operational constraints, such as low worker availability and near-maximum processing capacity, I will adjust the factor slightly to ensure a more cautious approach.;65da64d17da08deb14b5ccb8e0648da04aa5a8481dd7b0ad12d208650ccfdb58;508;86;3.134.561.324.119.560;TRUE;FALSE;98
111;15/07/2026 09:45;wholesaler;R9;high;modify;0.0088;0.85;2;Given the high urgency level of the disruption, I will modify my current inventory allocation to prioritize retail orders as instructed by the coordinator. This decision takes into account our current low inventory levels and the need to focus on critical retail shipments. By modifying our existing shipment schedule, we can ensure that essential products reach their destinations promptly.;cot;llama3.1:8b;llama;Given the high urgency level of the disruption, I will modify my current inventory allocation to prioritize retail orders as instructed by the coordinator. This decision takes into account our current low inventory levels and the need to focus on critical retail shipments. By modifying our existing shipment schedule, we can ensure that essential products reach their destinations promptly.;7e4aeddff850cd5c0798be7921736d16001c37dc57e34bb3a854b0795bb05df6;514;90;31.592.580.318.450.900;TRUE;FALSE;98
111;15/07/2026 09:45;retail;R9;high;accept;0.0088;1.0;2;The current retail inventory is below the safety stock threshold, and the sales rate has exceeded expectations by 150%. The coordinator's instruction to add a reorder request for +30 kg and increase the safety stock by 10% as an emergency buffer is appropriate given the high urgency level of the disruption.;cot;llama3.1:8b;llama;The current retail inventory is below the safety stock threshold, and the sales rate has exceeded expectations by 150%. The coordinator's instruction to add a reorder request for +30 kg and increase the safety stock by 10% as an emergency buffer is appropriate given the high urgency level of the disruption.;1b20880a17d646b411a96837e18febf6ac99196432fd785fbd5c0199974db737;515;84;31.639.564.990.997.300;TRUE;FALSE;98
36;16/07/2026 15:00;farm;R4;normal;modify;0.0043;0.8;1;Given the current production capacity is below 60%, reducing outgoing orders to 80% of actual capacity will help maintain a stable flock operation and prevent potential disruptions. This adjustment aligns with the coordinating agent's instruction, taking into account our local operational constraints.;cot;llama3.1:8b;llama;Given the current production capacity is below 60%, reducing outgoing orders to 80% of actual capacity will help maintain a stable flock operation and prevent potential disruptions. This adjustment aligns with the coordinating agent's instruction, taking into account our local operational constraints.;012d34cb2db4a30393ab602530e427a646a937abede5cc3ef41dc786cd72c559;502;77;15.483.030.080.795.200;TRUE;FALSE;99
36;16/07/2026 15:00;slaughterhouse;R4;normal;modify;0.0074;0.8;1;Given the current processing capacity is below threshold, reducing it to 80% as instructed by the coordinator will help prevent potential delays and maintain output stock levels within acceptable limits.;cot;llama3.1:8b;llama;Given the current processing capacity is below threshold, reducing it to 80% as instructed by the coordinator will help prevent potential delays and maintain output stock levels within acceptable limits.;1fc92340fe9f1bab05c58bf37b150211b4a1fd3c0c1f89e926503de30b7529c7;503;60;26.683.701.515.197.700;TRUE;FALSE;99
36;16/07/2026 15:00;retail;R4;normal;accept;0.0073;1.0;1;Given the current retail inventory is above safety stock, but sales rate is high and increasing, it's prudent to accept the coordinator's instruction to add a reorder request of +20 kg to mitigate potential future shortages.;cot;llama3.1:8b;llama;Given the current retail inventory is above safety stock, but sales rate is high and increasing, it's prudent to accept the coordinator's instruction to add a reorder request of +20 kg to mitigate potential future shortages.;ddd2d55911c5cce3c4d6d652a55cce5744591cb7d55a59db3c9fbda6b71619a5;483;67;2.624.117.398.262.020;TRUE;FALSE;99
88;17/07/2026 04:00;wholesaler;R8;normal;modify;0.0085;0.85;2;The current inventory level is below the threshold, but not critically low. The incoming orders are above capacity, and the delivery schedule is normal. Given the coordinator's instruction to reroute shipments and reduce pending shipments by 15%, I will modify the delivery schedule to 'rerouted' to mitigate potential disruptions.;cot;llama3.1:8b;llama;The current inventory level is below the threshold, but not critically low. The incoming orders are above capacity, and the delivery schedule is normal. Given the coordinator's instruction to reroute shipments and reduce pending shipments by 15%, I will modify the delivery schedule to 'rerouted' to mitigate potential disruptions.;efd65afd3fa1393e270ff0d1ea6add3f8729a7b01c9240cf40a76dd8a8d556bc;506;87;30.489.667.177.200.300;TRUE;FALSE;99
88;17/07/2026 04:00;retail;R8;normal;modify;0.0084;0.8;1;Given the current retail inventory of 35.01 kg, which is above the safety stock threshold, and considering the coordinator's instruction to adjust demand_estimate to 95% due to potential disruption, I will modify the demand estimate to account for the anticipated delay without immediately triggering a stockout flag.;cot;llama3.1:8b;llama;Given the current retail inventory of 35.01 kg, which is above the safety stock threshold, and considering the coordinator's instruction to adjust demand_estimate to 95% due to potential disruption, I will modify the demand estimate to account for the anticipated delay without immediately triggering a stockout flag.;ae00c152d262c81a27d7689a25ab148151bfc55e25657ff9228ca7ff081a2fc3;496;85;30.254.574.298.858.600;TRUE;FALSE;99
105;17/07/2026 08:15;slaughterhouse;R9;high;modify;0.0085;0.85;1;Given the high urgency level of the disruption, I will modify our current processing schedule to increase output stock by 15% as instructed by the coordinator. However, considering our current low worker availability and partial equipment status, I must adjust the factor slightly to ensure a more cautious approach.;cot;llama3.1:8b;llama;Given the high urgency level of the disruption, I will modify our current processing schedule to increase output stock by 15% as instructed by the coordinator. However, considering our current low worker availability and partial equipment status, I must adjust the factor slightly to ensure a more cautious approach.;ef8ebcb9660209205d6048f29f9f3b38820b825305d2820d4f3b9b492d95f497;510;82;30.584.425.449.371.300;TRUE;FALSE;99
105;17/07/2026 08:15;wholesaler;R9;high;modify;0.0086;0.92;2;Given the high urgency level of the disruption, I will modify my current inventory allocation to prioritize retail orders as instructed by the coordinator. This decision is supported by our current low inventory levels and incoming orders exceeding capacity. By prioritizing retail, we can minimize stockouts and ensure critical customer needs are met.;cot;llama3.1:8b;llama;Given the high urgency level of the disruption, I will modify my current inventory allocation to prioritize retail orders as instructed by the coordinator. This decision is supported by our current low inventory levels and incoming orders exceeding capacity. By prioritizing retail, we can minimize stockouts and ensure critical customer needs are met.;72d896248e5275381510c504e9cb6530b95746149234e19566d54c144f7b4b73;514;86;3.086.695.885.658.260;TRUE;FALSE;99
105;17/07/2026 08:15;retail;R9;high;accept;0.0084;1.0;2;The current retail inventory is below the safety stock threshold, and the sales rate has exceeded expectations by 150%. The coordinator's instruction to add a reorder request for +30 kg and increase the safety stock by 10% as an emergency buffer is appropriate given the high urgency level of the disruption.;cot;llama3.1:8b;llama;The current retail inventory is below the safety stock threshold, and the sales rate has exceeded expectations by 150%. The coordinator's instruction to add a reorder request for +30 kg and increase the safety stock by 10% as an emergency buffer is appropriate given the high urgency level of the disruption.;9dc98227d6b7a4cbfd0f4a7e2aa3285af2e873b02bf3ad895bee00cc0488b52b;515;84;30.407.623.291.015.600;TRUE;FALSE;99
144;17/07/2026 18:00;slaughterhouse;R9;high;modify;0.0083;0.92;1;Given the high urgency level of the disruption, I will modify the output stock to increase by 15% as instructed by the coordinator. However, considering our current processing capacity is below 50%, I will adjust the factor slightly lower than the previous modification to ensure we don't overcommit resources.;cot;llama3.1:8b;llama;Given the high urgency level of the disruption, I will modify the output stock to increase by 15% as instructed by the coordinator. However, considering our current processing capacity is below 50%, I will adjust the factor slightly lower than the previous modification to ensure we don't overcommit resources.;dec40f4dcf75bdbb77842c23f056eccdef06bcb3acf507266a3424a03dde79a3;524;85;29.705.852.270.126.300;TRUE;FALSE;99
144;17/07/2026 18:00;wholesaler;R9;high;modify;0.009;0.95;2;Given the high urgency level of the disruption, I will modify the instruction to prioritize inventory_level for Retail while maintaining current levels and cancelling 50% of non-priority pending_shipments to focus on critical Retail orders.;cot;llama3.1:8b;llama;Given the high urgency level of the disruption, I will modify the instruction to prioritize inventory_level for Retail while maintaining current levels and cancelling 50% of non-priority pending_shipments to focus on critical Retail orders.;9576d3f665f1dd438eaf1628771f5445f667e38e3b899e10254a9ba3998839e1;528;69;3.256.697.654.724.120;TRUE;FALSE;99
144;17/07/2026 18:00;retail;R9;high;accept;0.0097;1.0;2;Given the high urgency level of the disruption, the current stockout status, and the coordinator's instruction to increase safety stock as a buffer, I accept the request to add 30 kg to the reorder request. This will help mitigate the shortage and ensure continued supply to meet customer demand.;cot;llama3.1:8b;llama;Given the high urgency level of the disruption, the current stockout status, and the coordinator's instruction to increase safety stock as a buffer, I accept the request to add 30 kg to the reorder request. This will help mitigate the shortage and ensure continued supply to meet customer demand.;b08cdce623413233b80442e2eec69e27d116dff1ce80806fb8bf901e782af146;529;82;3.491.765.785.217.280;TRUE;FALSE;99
36;18/07/2026 15:00;farm;R4;normal;modify;0.0052;0.8;1;Given the current production capacity is below 60%, reducing outgoing orders to 80% of actual capacity will help maintain a stable flock operation and prevent potential disruptions. This adjustment aligns with the coordinating agent's instruction, taking into account our local operational constraints.;cot;llama3.1:8b;llama;Given the current production capacity is below 60%, reducing outgoing orders to 80% of actual capacity will help maintain a stable flock operation and prevent potential disruptions. This adjustment aligns with the coordinating agent's instruction, taking into account our local operational constraints.;012d34cb2db4a30393ab602530e427a646a937abede5cc3ef41dc786cd72c559;502;77;1.883.067.774.772.640;TRUE;FALSE;100
36;18/07/2026 15:00;slaughterhouse;R4;normal;modify;0.0085;0.8;1;Given the current processing capacity is below threshold, reducing it to 80% as instructed by the coordinator will help prevent potential delays and maintain output stock levels within acceptable limits.;cot;llama3.1:8b;llama;Given the current processing capacity is below threshold, reducing it to 80% as instructed by the coordinator will help prevent potential delays and maintain output stock levels within acceptable limits.;1fc92340fe9f1bab05c58bf37b150211b4a1fd3c0c1f89e926503de30b7529c7;503;60;30.593.716.144.561.700;TRUE;FALSE;100
36;18/07/2026 15:00;retail;R4;normal;accept;0.0073;1.0;1;Given the current retail inventory is above safety stock, but sales rate is high and increasing, it's prudent to accept the coordinator's instruction to add a reorder request of +20 kg to mitigate potential future shortages.;cot;llama3.1:8b;llama;Given the current retail inventory is above safety stock, but sales rate is high and increasing, it's prudent to accept the coordinator's instruction to add a reorder request of +20 kg to mitigate potential future shortages.;ddd2d55911c5cce3c4d6d652a55cce5744591cb7d55a59db3c9fbda6b71619a5;483;67;26.270.952.463.150.000;TRUE;FALSE;100
88;19/07/2026 04:00;farm;R12;high;modify;0.0089;0.85;2;Given the high urgency level of the disruption, I must adjust outgoing orders to match our current production capacity. Reducing orders by 25% will help prevent further strain on resources and allow us to maintain a stable flock management. This adjustment should also enable us to increase production capacity by 5%, as instructed.;cot;llama3.1:8b;llama;Given the high urgency level of the disruption, I must adjust outgoing orders to match our current production capacity. Reducing orders by 25% will help prevent further strain on resources and allow us to maintain a stable flock management. This adjustment should also enable us to increase production capacity by 5%, as instructed.;dcff3925ad431b18ee7d48d563bc87e5a51878daafedaa6544ac74ae9fd7530f;525;88;3.202.869.200.706.480;TRUE;FALSE;100
88;19/07/2026 04:00;wholesaler;R12;high;modify;0.0091;0.8;2;Given the high urgency level of the disruption, I will modify our distribution capacity to 85% as instructed by the coordinator. This adjustment will help optimize our supply chain and ensure timely delivery of broilers to customers. However, I will not immediately change the delivery schedule to 'rerouted' without further assessment of its impact on our local operations.;cot;llama3.1:8b;llama;Given the high urgency level of the disruption, I will modify our distribution capacity to 85% as instructed by the coordinator. This adjustment will help optimize our supply chain and ensure timely delivery of broilers to customers. However, I will not immediately change the delivery schedule to 'rerouted' without further assessment of its impact on our local operations.;942a2adf8ecc981ce7f0dd7a8a700f966ac924d283eec79985efb7fc00a54fe3;503;95;3.289.645.075.798.030;TRUE;FALSE;100
360;22/07/2026 00:00;slaughterhouse;R9;high;modify;0.0088;0.85;1;Given the high urgency level of the disruption, I will modify our current processing schedule to increase output stock by 15% as instructed by the coordinator. However, considering our current low worker availability and slight delay in processing, I will adjust this modification to ensure we don't exacerbate these issues.;cot;llama3.1:8b;llama;Given the high urgency level of the disruption, I will modify our current processing schedule to increase output stock by 15% as instructed by the coordinator. However, considering our current low worker availability and slight delay in processing, I will adjust this modification to ensure we don't exacerbate these issues.;a69ca8fb4f76ccfd32d6e2755c47f413db25bb3c6ec3d05286464ac39bf4a55a;510;85;3.151.106.286.048.880;TRUE;FALSE;100
360;22/07/2026 00:00;wholesaler;R9;high;modify;0.009;0.85;2;Given the high urgency level of the disruption, I will modify my current inventory allocation to prioritize retail orders as instructed by the coordinator. This decision is supported by our current low inventory levels and delayed delivery schedule, which necessitate a focus on critical retail shipments. By modifying our existing shipment plans, we can ensure that essential products reach their destinations promptly.;cot;llama3.1:8b;llama;Given the high urgency level of the disruption, I will modify my current inventory allocation to prioritize retail orders as instructed by the coordinator. This decision is supported by our current low inventory levels and delayed delivery schedule, which necessitate a focus on critical retail shipments. By modifying our existing shipment plans, we can ensure that essential products reach their destinations promptly.;ab39b7dced7fed00845387bc2fa5ace608d87717293f49906e59a49f904f8f1a;511;95;32.277.480.602.264.400;TRUE;FALSE;100
360;22/07/2026 00:00;retail;R9;high;accept;0.009;1.0;2;Given the high urgency level of the disruption, our current stockout status, and the coordinator's instruction to increase safety stock as a buffer, I accept the request to add 30 kg to the reorder request and adjust the safety stock by 10%. This will help mitigate the shortage and ensure we can meet customer demand during this challenging period.;cot;llama3.1:8b;llama;Given the high urgency level of the disruption, our current stockout status, and the coordinator's instruction to increase safety stock as a buffer, I accept the request to add 30 kg to the reorder request and adjust the safety stock by 10%. This will help mitigate the shortage and ensure we can meet customer demand during this challenging period.;67b5ba4816431611e1564964ca2067a3288331aac970bd45294b89026ad2575b;503;93;3.251.631.212.234.490;TRUE;FALSE;100
432;22/07/2026 18:00;slaughterhouse;R9;high;modify;0.0081;0.92;1;Given the high urgency level of the disruption, I will modify the output stock to meet the coordinator's instruction. However, considering our current processing capacity is below threshold and worker availability is low, I will adjust the factor slightly to ensure we don't overcommit resources.;cot;llama3.1:8b;llama;Given the high urgency level of the disruption, I will modify the output stock to meet the coordinator's instruction. However, considering our current processing capacity is below threshold and worker availability is low, I will adjust the factor slightly to ensure we don't overcommit resources.;408d3749cb8ed6ab31a1340168b7c4e804a69cee6533b64ffd181a0726ff579b;524;79;29.139.819.145.202.600;TRUE;FALSE;100
432;22/07/2026 18:00;wholesaler;R9;high;modify;0.0081;0.92;2;Given the high urgency level of the disruption, I will modify the instruction to prioritize inventory for Retail while maintaining current levels and cancelling 50% of non-priority pending shipments to focus on critical Retail needs.;cot;llama3.1:8b;llama;Given the high urgency level of the disruption, I will modify the instruction to prioritize inventory for Retail while maintaining current levels and cancelling 50% of non-priority pending shipments to focus on critical Retail needs.;a7660701ab1cc8e2e1d5f44f653dfeb605c3c2a76ba5518744f5af78b7d492ef;525;67;29.290.222.883.224.400;TRUE;FALSE;100
432;22/07/2026 18:00;retail;R9;high;accept;0.0081;1.0;2;Given the high urgency level of the disruption, the current stockout status, and the coordinator's instruction to increase safety stock as a buffer, I accept the request to add 30 kg to the reorder request and adjust the safety stock by 10%. This will help mitigate the shortage and ensure continued supply to meet customer demand.;cot;llama3.1:8b;llama;Given the high urgency level of the disruption, the current stockout status, and the coordinator's instruction to increase safety stock as a buffer, I accept the request to add 30 kg to the reorder request and adjust the safety stock by 10%. This will help mitigate the shortage and ensure continued supply to meet customer demand.;9a45c039be0dfe71a51eb6b59dceb2565a3091763b1acd7758d7dfcc319dff3e;517;90;2.933.364.963.531.490;TRUE;FALSE;100
