tick,timestamp,node_id,node_type,disrupted,available_supply,production_capacity,mortality_rate,processing_capacity,output_stock,inventory_level,pending_shipments,retail_inventory,safety_stock,stockout_flag,shortage_duration,sales_rate,reorder_request,scenario_id,mode
0,2026-04-19 06:00,supplier_1,supplier,0,929.55,,,,,,,,,,,,,55,hitl
0,2026-04-19 06:00,farm_1,farm,0,,786.0,0.021,,,,,,,,,,,55,hitl
0,2026-04-19 06:00,slaughterhouse_1,slaughterhouse,0,,,,389.0,221.99,,,,,,,,,55,hitl
0,2026-04-19 06:00,wholesaler_1,wholesaler,0,,,,,,156.21,7.4,,,,,,,55,hitl
0,2026-04-19 06:00,retail_1,retail,0,,,,,,,,80.82,30.0,0.0,0.0,11.61,0.0,55,hitl
1,2026-04-19 06:15,supplier_1,supplier,0,928.64,,,,,,,,,,,,,55,hitl
1,2026-04-19 06:15,farm_1,farm,0,,786.0,0.021,,,,,,,,,,,55,hitl
1,2026-04-19 06:15,slaughterhouse_1,slaughterhouse,0,,,,389.0,232.49,,,,,,,,,55,hitl
1,2026-04-19 06:15,wholesaler_1,wholesaler,0,,,,,,177.55,7.4,,,,,,,55,hitl
1,2026-04-19 06:15,retail_1,retail,0,,,,,,,,86.15,30.0,0.0,0.0,11.61,0.0,55,hitl
2,2026-04-19 06:30,supplier_1,supplier,0,927.61,,,,,,,,,,,,,55,hitl
2,2026-04-19 06:30,farm_1,farm,0,,786.0,0.021,,,,,,,,,,,55,hitl
2,2026-04-19 06:30,slaughterhouse_1,slaughterhouse,0,,,,389.0,242.52,,,,,,,,,55,hitl
2,2026-04-19 06:30,wholesaler_1,wholesaler,0,,,,,,175.76,7.4,,,,,,,55,hitl
2,2026-04-19 06:30,retail_1,retail,0,,,,,,,,83.29,30.0,0.0,0.0,11.61,0.0,55,hitl
3,2026-04-19 06:45,supplier_1,supplier,0,926.46,,,,,,,,,,,,,55,hitl
3,2026-04-19 06:45,farm_1,farm,0,,786.0,0.021,,,,,,,,,,,55,hitl
3,2026-04-19 06:45,slaughterhouse_1,slaughterhouse,0,,,,389.0,254.04,,,,,,,,,55,hitl
3,2026-04-19 06:45,wholesaler_1,wholesaler,0,,,,,,173.27,7.4,,,,,,,55,hitl
3,2026-04-19 06:45,retail_1,retail,0,,,,,,,,80.24,30.0,0.0,0.0,11.61,0.0,55,hitl
4,2026-04-19 07:00,supplier_1,supplier,0,925.42,,,,,,,,,,,,,55,hitl
4,2026-04-19 07:00,farm_1,farm,0,,786.0,0.021,,,,,,,,,,,55,hitl
4,2026-04-19 07:00,slaughterhouse_1,slaughterhouse,0,,,,389.0,264.14,,,,,,,,,55,hitl
4,2026-04-19 07:00,wholesaler_1,wholesaler,0,,,,,,163.2,7.4,,,,,,,55,hitl
4,2026-04-19 07:00,retail_1,retail,0,,,,,,,,77.47,30.0,0.0,0.0,11.61,0.0,55,hitl
5,2026-04-19 07:15,supplier_1,supplier,0,923.93,,,,,,,,,,,,,55,hitl
5,2026-04-19 07:15,farm_1,farm,0,,786.0,0.021,,,,,,,,,,,55,hitl
5,2026-04-19 07:15,slaughterhouse_1,slaughterhouse,0,,,,389.0,274.59,,,,,,,,,55,hitl
5,2026-04-19 07:15,wholesaler_1,wholesaler,0,,,,,,161.4,7.4,,,,,,,55,hitl
5,2026-04-19 07:15,retail_1,retail,0,,,,,,,,82.72,30.0,0.0,0.0,11.61,0.0,55,hitl
6,2026-04-19 07:30,supplier_1,supplier,0,923.37,,,,,,,,,,,,,55,hitl
6,2026-04-19 07:30,farm_1,farm,0,,786.0,0.021,,,,,,,,,,,55,hitl
6,2026-04-19 07:30,slaughterhouse_1,slaughterhouse,0,,,,389.0,285.02,,,,,,,,,55,hitl
6,2026-04-19 07:30,wholesaler_1,wholesaler,0,,,,,,158.67,7.4,,,,,,,55,hitl
6,2026-04-19 07:30,retail_1,retail,0,,,,,,,,79.59,30.0,0.0,0.0,11.61,0.0,55,hitl
7,2026-04-19 07:45,supplier_1,supplier,0,922.52,,,,,,,,,,,,,55,hitl
7,2026-04-19 07:45,farm_1,farm,0,,786.0,0.021,,,,,,,,,,,55,hitl
7,2026-04-19 07:45,slaughterhouse_1,slaughterhouse,0,,,,389.0,295.76,,,,,,,,,55,hitl
7,2026-04-19 07:45,wholesaler_1,wholesaler,0,,,,,,156.73,7.4,,,,,,,55,hitl
7,2026-04-19 07:45,retail_1,retail,0,,,,,,,,76.64,30.0,0.0,0.0,11.61,0.0,55,hitl
8,2026-04-19 08:00,supplier_1,supplier,0,921.66,,,,,,,,,,,,,55,hitl
8,2026-04-19 08:00,farm_1,farm,0,,786.0,0.021,,,,,,,,,,,55,hitl
8,2026-04-19 08:00,slaughterhouse_1,slaughterhouse,0,,,,389.0,281.82,,,,,,,,,55,hitl
8,2026-04-19 08:00,wholesaler_1,wholesaler,0,,,,,,147.05,7.4,,,,,,,55,hitl
8,2026-04-19 08:00,retail_1,retail,0,,,,,,,,73.58,30.0,0.0,0.0,11.61,0.0,55,hitl
9,2026-04-19 08:15,supplier_1,supplier,0,921.11,,,,,,,,,,,,,55,hitl
9,2026-04-19 08:15,farm_1,farm,0,,786.0,0.021,,,,,,,,,,,55,hitl
9,2026-04-19 08:15,slaughterhouse_1,slaughterhouse,0,,,,389.0,292.01,,,,,,,,,55,hitl
9,2026-04-19 08:15,wholesaler_1,wholesaler,0,,,,,,169.22,7.4,,,,,,,55,hitl
9,2026-04-19 08:15,retail_1,retail,0,,,,,,,,78.49,30.0,0.0,0.0,11.61,0.0,55,hitl
10,2026-04-19 08:30,supplier_1,supplier,0,920.48,,,,,,,,,,,,,55,hitl
10,2026-04-19 08:30,farm_1,farm,0,,786.0,0.021,,,,,,,,,,,55,hitl
10,2026-04-19 08:30,slaughterhouse_1,slaughterhouse,0,,,,389.0,301.97,,,,,,,,,55,hitl
10,2026-04-19 08:30,wholesaler_1,wholesaler,0,,,,,,167.48,7.4,,,,,,,55,hitl
10,2026-04-19 08:30,retail_1,retail,0,,,,,,,,75.57,30.0,0.0,0.0,11.61,0.0,55,hitl
11,2026-04-19 08:45,supplier_1,supplier,0,919.65,,,,,,,,,,,,,55,hitl
11,2026-04-19 08:45,farm_1,farm,0,,786.0,0.021,,,,,,,,,,,55,hitl
11,2026-04-19 08:45,slaughterhouse_1,slaughterhouse,0,,,,389.0,313.63,,,,,,,,,55,hitl
11,2026-04-19 08:45,wholesaler_1,wholesaler,0,,,,,,164.78,7.4,,,,,,,55,hitl
11,2026-04-19 08:45,retail_1,retail,0,,,,,,,,73.0,30.0,0.0,0.0,11.61,0.0,55,hitl
12,2026-04-19 09:00,supplier_1,supplier,0,918.17,,,,,,,,,,,,,55,hitl
12,2026-04-19 09:00,farm_1,farm,0,,786.0,0.021,,,,,,,,,,,55,hitl
12,2026-04-19 09:00,slaughterhouse_1,slaughterhouse,0,,,,389.0,324.4,,,,,,,,,55,hitl
12,2026-04-19 09:00,wholesaler_1,wholesaler,0,,,,,,154.96,7.4,,,,,,,55,hitl
12,2026-04-19 09:00,retail_1,retail,0,,,,,,,,69.76,30.0,0.0,0.0,11.61,0.0,55,hitl
13,2026-04-19 09:15,supplier_1,supplier,0,917.22,,,,,,,,,,,,,55,hitl
13,2026-04-19 09:15,farm_1,farm,0,,786.0,0.021,,,,,,,,,,,55,hitl
13,2026-04-19 09:15,slaughterhouse_1,slaughterhouse,0,,,,389.0,335.39,,,,,,,,,55,hitl
13,2026-04-19 09:15,wholesaler_1,wholesaler,0,,,,,,152.5,7.4,,,,,,,55,hitl
13,2026-04-19 09:15,retail_1,retail,0,,,,,,,,74.6,30.0,0.0,0.0,11.61,0.0,55,hitl
14,2026-04-19 09:30,supplier_1,supplier,0,915.78,,,,,,,,,,,,,55,hitl
14,2026-04-19 09:30,farm_1,farm,0,,786.0,0.021,,,,,,,,,,,55,hitl
14,2026-04-19 09:30,slaughterhouse_1,slaughterhouse,0,,,,389.0,346.72,,,,,,,,,55,hitl
14,2026-04-19 09:30,wholesaler_1,wholesaler,0,,,,,,149.56,7.4,,,,,,,55,hitl
14,2026-04-19 09:30,retail_1,retail,0,,,,,,,,71.79,30.0,0.0,0.0,11.61,0.0,55,hitl
15,2026-04-19 09:45,supplier_1,supplier,0,914.86,,,,,,,,,,,,,55,hitl
15,2026-04-19 09:45,farm_1,farm,0,,786.0,0.021,,,,,,,,,,,55,hitl
15,2026-04-19 09:45,slaughterhouse_1,slaughterhouse,0,,,,389.0,357.58,,,,,,,,,55,hitl
15,2026-04-19 09:45,wholesaler_1,wholesaler,0,,,,,,147.72,7.4,,,,,,,55,hitl
15,2026-04-19 09:45,retail_1,retail,0,,,,,,,,68.7,30.0,0.0,0.0,11.61,0.0,55,hitl
16,2026-04-19 10:00,supplier_1,supplier,0,914.04,,,,,,,,,,,,,55,hitl
16,2026-04-19 10:00,farm_1,farm,0,,786.0,0.021,,,,,,,,,,,55,hitl
16,2026-04-19 10:00,slaughterhouse_1,slaughterhouse,0,,,,389.0,343.7,,,,,,,,,55,hitl
16,2026-04-19 10:00,wholesaler_1,wholesaler,0,,,,,,137.35,7.4,,,,,,,55,hitl
16,2026-04-19 10:00,retail_1,retail,0,,,,,,,,65.83,30.0,0.0,0.0,11.61,0.0,55,hitl
17,2026-04-19 10:15,supplier_1,supplier,0,912.99,,,,,,,,,,,,,55,hitl
17,2026-04-19 10:15,farm_1,farm,0,,786.0,0.021,,,,,,,,,,,55,hitl
17,2026-04-19 10:15,slaughterhouse_1,slaughterhouse,0,,,,389.0,354.85,,,,,,,,,55,hitl
17,2026-04-19 10:15,wholesaler_1,wholesaler,0,,,,,,159.23,7.4,,,,,,,55,hitl
17,2026-04-19 10:15,retail_1,retail,0,,,,,,,,71.07,30.0,0.0,0.0,11.61,0.0,55,hitl
18,2026-04-19 10:30,supplier_1,supplier,0,912.11,,,,,,,,,,,,,55,hitl
18,2026-04-19 10:30,farm_1,farm,0,,786.0,0.021,,,,,,,,,,,55,hitl
18,2026-04-19 10:30,slaughterhouse_1,slaughterhouse,0,,,,389.0,366.36,,,,,,,,,55,hitl
18,2026-04-19 10:30,wholesaler_1,wholesaler,0,,,,,,156.37,7.4,,,,,,,55,hitl
18,2026-04-19 10:30,retail_1,retail,0,,,,,,,,68.1,30.0,0.0,0.0,11.61,0.0,55,hitl
19,2026-04-19 10:45,supplier_1,supplier,0,911.36,,,,,,,,,,,,,55,hitl
19,2026-04-19 10:45,farm_1,farm,0,,786.0,0.021,,,,,,,,,,,55,hitl
19,2026-04-19 10:45,slaughterhouse_1,slaughterhouse,0,,,,389.0,376.52,,,,,,,,,55,hitl
19,2026-04-19 10:45,wholesaler_1,wholesaler,0,,,,,,153.63,7.4,,,,,,,55,hitl
19,2026-04-19 10:45,retail_1,retail,0,,,,,,,,65.47,30.0,0.0,0.0,11.61,0.0,55,hitl
20,2026-04-19 11:00,supplier_1,supplier,0,909.88,,,,,,,,,,,,,55,hitl
20,2026-04-19 11:00,farm_1,farm,0,,786.0,0.021,,,,,,,,,,,55,hitl
20,2026-04-19 11:00,slaughterhouse_1,slaughterhouse,0,,,,389.0,386.58,,,,,,,,,55,hitl
20,2026-04-19 11:00,wholesaler_1,wholesaler,0,,,,,,143.63,7.4,,,,,,,55,hitl
20,2026-04-19 11:00,retail_1,retail,0,,,,,,,,62.28,30.0,0.0,0.0,11.61,0.0,55,hitl
21,2026-04-19 11:15,supplier_1,supplier,0,908.78,,,,,,,,,,,,,55,hitl
21,2026-04-19 11:15,farm_1,farm,0,,786.0,0.021,,,,,,,,,,,55,hitl
21,2026-04-19 11:15,slaughterhouse_1,slaughterhouse,0,,,,389.0,398.06,,,,,,,,,55,hitl
21,2026-04-19 11:15,wholesaler_1,wholesaler,0,,,,,,141.89,7.4,,,,,,,55,hitl
21,2026-04-19 11:15,retail_1,retail,0,,,,,,,,67.19,30.0,0.0,0.0,11.61,0.0,55,hitl
22,2026-04-19 11:30,supplier_1,supplier,0,907.75,,,,,,,,,,,,,55,hitl
22,2026-04-19 11:30,farm_1,farm,0,,786.0,0.021,,,,,,,,,,,55,hitl
22,2026-04-19 11:30,slaughterhouse_1,slaughterhouse,0,,,,389.0,400.0,,,,,,,,,55,hitl
22,2026-04-19 11:30,wholesaler_1,wholesaler,0,,,,,,139.15,7.4,,,,,,,55,hitl
22,2026-04-19 11:30,retail_1,retail,0,,,,,,,,64.01,30.0,0.0,0.0,11.61,0.0,55,hitl
23,2026-04-19 11:45,supplier_1,supplier,0,906.82,,,,,,,,,,,,,55,hitl
23,2026-04-19 11:45,farm_1,farm,0,,786.0,0.021,,,,,,,,,,,55,hitl
23,2026-04-19 11:45,slaughterhouse_1,slaughterhouse,0,,,,389.0,400.0,,,,,,,,,55,hitl
23,2026-04-19 11:45,wholesaler_1,wholesaler,0,,,,,,137.35,7.4,,,,,,,55,hitl
23,2026-04-19 11:45,retail_1,retail,0,,,,,,,,60.82,30.0,0.0,0.0,11.61,0.0,55,hitl
24,2026-04-19 12:00,supplier_1,supplier,0,905.54,,,,,,,,,,,,,55,hitl
24,2026-04-19 12:00,farm_1,farm,0,,786.0,0.021,,,,,,,,,,,55,hitl
24,2026-04-19 12:00,slaughterhouse_1,slaughterhouse,0,,,,389.0,376.0,,,,,,,,,55,hitl
24,2026-04-19 12:00,wholesaler_1,wholesaler,0,,,,,,127.34,7.4,,,,,,,55,hitl
24,2026-04-19 12:00,retail_1,retail,0,,,,,,,,57.61,30.0,0.0,0.0,11.61,0.0,55,hitl
25,2026-04-19 12:15,supplier_1,supplier,0,904.5,,,,,,,,,,,,,55,hitl
25,2026-04-19 12:15,farm_1,farm,0,,786.0,0.021,,,,,,,,,,,55,hitl
25,2026-04-19 12:15,slaughterhouse_1,slaughterhouse,0,,,,389.0,387.06,,,,,,,,,55,hitl
25,2026-04-19 12:15,wholesaler_1,wholesaler,0,,,,,,149.23,7.4,,,,,,,55,hitl
25,2026-04-19 12:15,retail_1,retail,0,,,,,,,,62.74,30.0,0.0,0.0,11.61,0.0,55,hitl
26,2026-04-19 12:30,supplier_1,supplier,0,903.13,,,,,,,,,,,,,55,hitl
26,2026-04-19 12:30,farm_1,farm,0,,786.0,0.021,,,,,,,,,,,55,hitl
26,2026-04-19 12:30,slaughterhouse_1,slaughterhouse,0,,,,389.0,397.3,,,,,,,,,55,hitl
26,2026-04-19 12:30,wholesaler_1,wholesaler,0,,,,,,146.93,7.4,,,,,,,55,hitl
26,2026-04-19 12:30,retail_1,retail,0,,,,,,,,59.64,30.0,0.0,0.0,11.61,0.0,55,hitl
27,2026-04-19 12:45,supplier_1,supplier,0,902.47,,,,,,,,,,,,,55,hitl
27,2026-04-19 12:45,farm_1,farm,0,,786.0,0.021,,,,,,,,,,,55,hitl
27,2026-04-19 12:45,slaughterhouse_1,slaughterhouse,0,,,,389.0,400.0,,,,,,,,,55,hitl
27,2026-04-19 12:45,wholesaler_1,wholesaler,0,,,,,,145.06,7.4,,,,,,,55,hitl
27,2026-04-19 12:45,retail_1,retail,0,,,,,,,,57.05,30.0,0.0,0.0,11.61,0.0,55,hitl
28,2026-04-19 13:00,supplier_1,supplier,0,901.38,,,,,,,,,,,,,55,hitl
28,2026-04-19 13:00,farm_1,farm,0,,786.0,0.021,,,,,,,,,,,55,hitl
28,2026-04-19 13:00,slaughterhouse_1,slaughterhouse,0,,,,389.0,400.0,,,,,,,,,55,hitl
28,2026-04-19 13:00,wholesaler_1,wholesaler,0,,,,,,134.33,7.4,,,,,,,55,hitl
28,2026-04-19 13:00,retail_1,retail,0,,,,,,,,54.44,30.0,0.0,0.0,11.61,0.0,55,hitl
29,2026-04-19 13:15,supplier_1,supplier,0,900.18,,,,,,,,,,,,,55,hitl
29,2026-04-19 13:15,farm_1,farm,0,,786.0,0.021,,,,,,,,,,,55,hitl
29,2026-04-19 13:15,slaughterhouse_1,slaughterhouse,0,,,,389.0,400.0,,,,,,,,,55,hitl
29,2026-04-19 13:15,wholesaler_1,wholesaler,0,,,,,,132.79,7.4,,,,,,,55,hitl
29,2026-04-19 13:15,retail_1,retail,0,,,,,,,,59.5,30.0,0.0,0.0,11.61,0.0,55,hitl
30,2026-04-19 13:30,supplier_1,supplier,0,899.49,,,,,,,,,,,,,55,hitl
30,2026-04-19 13:30,farm_1,farm,0,,786.0,0.021,,,,,,,,,,,55,hitl
30,2026-04-19 13:30,slaughterhouse_1,slaughterhouse,0,,,,389.0,400.0,,,,,,,,,55,hitl
30,2026-04-19 13:30,wholesaler_1,wholesaler,0,,,,,,130.44,7.4,,,,,,,55,hitl
30,2026-04-19 13:30,retail_1,retail,0,,,,,,,,56.33,30.0,0.0,0.0,11.61,0.0,55,hitl
31,2026-04-19 13:45,supplier_1,supplier,0,898.95,,,,,,,,,,,,,55,hitl
31,2026-04-19 13:45,farm_1,farm,0,,786.0,0.021,,,,,,,,,,,55,hitl
31,2026-04-19 13:45,slaughterhouse_1,slaughterhouse,0,,,,389.0,400.0,,,,,,,,,55,hitl
31,2026-04-19 13:45,wholesaler_1,wholesaler,0,,,,,,128.5,7.4,,,,,,,55,hitl
31,2026-04-19 13:45,retail_1,retail,0,,,,,,,,53.49,30.0,0.0,0.0,11.61,0.0,55,hitl
32,2026-04-19 14:00,supplier_1,supplier,0,897.65,,,,,,,,,,,,,55,hitl
32,2026-04-19 14:00,farm_1,farm,0,,786.0,0.021,,,,,,,,,,,55,hitl
32,2026-04-19 14:00,slaughterhouse_1,slaughterhouse,0,,,,389.0,376.0,,,,,,,,,55,hitl
32,2026-04-19 14:00,wholesaler_1,wholesaler,0,,,,,,118.32,7.4,,,,,,,55,hitl
32,2026-04-19 14:00,retail_1,retail,0,,,,,,,,50.25,30.0,0.0,0.0,11.61,0.0,55,hitl
33,2026-04-19 14:15,supplier_1,supplier,0,896.49,,,,,,,,,,,,,55,hitl
33,2026-04-19 14:15,farm_1,farm,0,,786.0,0.021,,,,,,,,,,,55,hitl
33,2026-04-19 14:15,slaughterhouse_1,slaughterhouse,0,,,,389.0,386.67,,,,,,,,,55,hitl
33,2026-04-19 14:15,wholesaler_1,wholesaler,0,,,,,,139.33,7.4,,,,,,,55,hitl
33,2026-04-19 14:15,retail_1,retail,0,,,,,,,,55.69,30.0,0.0,0.0,11.61,0.0,55,hitl
34,2026-04-19 14:30,supplier_1,supplier,0,895.98,,,,,,,,,,,,,55,hitl
34,2026-04-19 14:30,farm_1,farm,0,,786.0,0.021,,,,,,,,,,,55,hitl
34,2026-04-19 14:30,slaughterhouse_1,slaughterhouse,0,,,,389.0,397.22,,,,,,,,,55,hitl
34,2026-04-19 14:30,wholesaler_1,wholesaler,0,,,,,,137.79,7.4,,,,,,,55,hitl
34,2026-04-19 14:30,retail_1,retail,0,,,,,,,,52.56,30.0,0.0,0.0,11.61,0.0,55,hitl
35,2026-04-19 14:45,supplier_1,supplier,0,895.44,,,,,,,,,,,,,55,hitl
35,2026-04-19 14:45,farm_1,farm,0,,786.0,0.021,,,,,,,,,,,55,hitl
35,2026-04-19 14:45,slaughterhouse_1,slaughterhouse,0,,,,389.0,400.0,,,,,,,,,55,hitl
35,2026-04-19 14:45,wholesaler_1,wholesaler,0,,,,,,135.79,7.4,,,,,,,55,hitl
35,2026-04-19 14:45,retail_1,retail,0,,,,,,,,49.42,30.0,0.0,0.0,11.61,0.0,55,hitl
36,2026-04-19 15:00,supplier_1,supplier,0,894.84,,,,,,,,,,,,,55,hitl
36,2026-04-19 15:00,farm_1,farm,1,,786.0,0.021,,,,,,,,,,,55,hitl
36,2026-04-19 15:00,slaughterhouse_1,slaughterhouse,0,,,,311.2,400.0,,,,,,,,,55,hitl
36,2026-04-19 15:00,wholesaler_1,wholesaler,0,,,,,,126.03,7.4,,,,,,,55,hitl
36,2026-04-19 15:00,retail_1,retail,0,,,,,,,,46.62,30.0,0.0,0.0,11.61,16.0388,55,hitl
37,2026-04-19 15:15,supplier_1,supplier,0,894.1,,,,,,,,,,,,,55,hitl
37,2026-04-19 15:15,farm_1,farm,1,,786.0,0.021,,,,,,,,,,,55,hitl
37,2026-04-19 15:15,slaughterhouse_1,slaughterhouse,0,,,,311.2,400.0,,,,,,,,,55,hitl
37,2026-04-19 15:15,wholesaler_1,wholesaler,0,,,,,,123.86,7.4,,,,,,,55,hitl
37,2026-04-19 15:15,retail_1,retail,0,,,,,,,,51.79,30.0,0.0,0.0,11.61,16.0388,55,hitl
38,2026-04-19 15:30,supplier_1,supplier,0,893.28,,,,,,,,,,,,,55,hitl
38,2026-04-19 15:30,farm_1,farm,1,,786.0,0.021,,,,,,,,,,,55,hitl
38,2026-04-19 15:30,slaughterhouse_1,slaughterhouse,0,,,,311.2,400.0,,,,,,,,,55,hitl
38,2026-04-19 15:30,wholesaler_1,wholesaler,0,,,,,,120.92,7.4,,,,,,,55,hitl
38,2026-04-19 15:30,retail_1,retail,0,,,,,,,,49.21,30.0,0.0,0.0,11.61,16.0388,55,hitl
39,2026-04-19 15:45,supplier_1,supplier,0,892.18,,,,,,,,,,,,,55,hitl
39,2026-04-19 15:45,farm_1,farm,1,,786.0,0.021,,,,,,,,,,,55,hitl
39,2026-04-19 15:45,slaughterhouse_1,slaughterhouse,0,,,,311.2,400.0,,,,,,,,,55,hitl
39,2026-04-19 15:45,wholesaler_1,wholesaler,0,,,,,,119.38,7.4,,,,,,,55,hitl
39,2026-04-19 15:45,retail_1,retail,0,,,,,,,,46.35,30.0,0.0,0.0,11.61,16.0388,55,hitl
40,2026-04-19 16:00,supplier_1,supplier,0,891.35,,,,,,,,,,,,,55,hitl
40,2026-04-19 16:00,farm_1,farm,1,,786.0,0.021,,,,,,,,,,,55,hitl
40,2026-04-19 16:00,slaughterhouse_1,slaughterhouse,0,,,,311.2,376.0,,,,,,,,,55,hitl
40,2026-04-19 16:00,wholesaler_1,wholesaler,0,,,,,,109.6,7.4,,,,,,,55,hitl
40,2026-04-19 16:00,retail_1,retail,0,,,,,,,,43.32,30.0,0.0,0.0,11.61,16.0388,55,hitl
41,2026-04-19 16:15,supplier_1,supplier,0,890.37,,,,,,,,,,,,,55,hitl
41,2026-04-19 16:15,farm_1,farm,1,,786.0,0.021,,,,,,,,,,,55,hitl
41,2026-04-19 16:15,slaughterhouse_1,slaughterhouse,0,,,,311.2,384.28,,,,,,,,,55,hitl
41,2026-04-19 16:15,wholesaler_1,wholesaler,0,,,,,,131.7,7.4,,,,,,,55,hitl
41,2026-04-19 16:15,retail_1,retail,0,,,,,,,,47.21,30.0,0.0,0.0,11.61,16.0388,55,hitl
42,2026-04-19 16:30,supplier_1,supplier,0,889.86,,,,,,,,,,,,,55,hitl
42,2026-04-19 16:30,farm_1,farm,1,,786.0,0.021,,,,,,,,,,,55,hitl
42,2026-04-19 16:30,slaughterhouse_1,slaughterhouse,0,,,,311.2,393.35,,,,,,,,,55,hitl
42,2026-04-19 16:30,wholesaler_1,wholesaler,0,,,,,,128.88,7.4,,,,,,,55,hitl
42,2026-04-19 16:30,retail_1,retail,0,,,,,,,,43.99,30.0,0.0,0.0,11.61,16.0388,55,hitl
43,2026-04-19 16:45,supplier_1,supplier,0,888.54,,,,,,,,,,,,,55,hitl
43,2026-04-19 16:45,farm_1,farm,1,,786.0,0.021,,,,,,,,,,,55,hitl
43,2026-04-19 16:45,slaughterhouse_1,slaughterhouse,0,,,,311.2,400.0,,,,,,,,,55,hitl
43,2026-04-19 16:45,wholesaler_1,wholesaler,0,,,,,,126.85,7.4,,,,,,,55,hitl
43,2026-04-19 16:45,retail_1,retail,0,,,,,,,,40.74,30.0,0.0,0.0,11.61,16.0388,55,hitl
44,2026-04-19 17:00,supplier_1,supplier,0,887.44,,,,,,,,,,,,,55,hitl
44,2026-04-19 17:00,farm_1,farm,1,,786.0,0.021,,,,,,,,,,,55,hitl
44,2026-04-19 17:00,slaughterhouse_1,slaughterhouse,0,,,,311.2,400.0,,,,,,,,,55,hitl
44,2026-04-19 17:00,wholesaler_1,wholesaler,0,,,,,,118.02,7.4,,,,,,,55,hitl
44,2026-04-19 17:00,retail_1,retail,0,,,,,,,,37.69,30.0,0.0,0.0,11.61,16.0388,55,hitl
45,2026-04-19 17:15,supplier_1,supplier,0,886.79,,,,,,,,,,,,,55,hitl
45,2026-04-19 17:15,farm_1,farm,1,,786.0,0.021,,,,,,,,,,,55,hitl
45,2026-04-19 17:15,slaughterhouse_1,slaughterhouse,0,,,,311.2,400.0,,,,,,,,,55,hitl
45,2026-04-19 17:15,wholesaler_1,wholesaler,0,,,,,,115.8,7.4,,,,,,,55,hitl
45,2026-04-19 17:15,retail_1,retail,0,,,,,,,,41.64,30.0,0.0,0.0,11.61,16.0388,55,hitl
46,2026-04-19 17:30,supplier_1,supplier,0,885.59,,,,,,,,,,,,,55,hitl
46,2026-04-19 17:30,farm_1,farm,1,,786.0,0.021,,,,,,,,,,,55,hitl
46,2026-04-19 17:30,slaughterhouse_1,slaughterhouse,0,,,,311.2,400.0,,,,,,,,,55,hitl
46,2026-04-19 17:30,wholesaler_1,wholesaler,0,,,,,,113.8,7.4,,,,,,,55,hitl
46,2026-04-19 17:30,retail_1,retail,0,,,,,,,,38.76,30.0,0.0,0.0,11.61,16.0388,55,hitl
47,2026-04-19 17:45,supplier_1,supplier,0,884.58,,,,,,,,,,,,,55,hitl
47,2026-04-19 17:45,farm_1,farm,1,,786.0,0.021,,,,,,,,,,,55,hitl
47,2026-04-19 17:45,slaughterhouse_1,slaughterhouse,0,,,,311.2,400.0,,,,,,,,,55,hitl
47,2026-04-19 17:45,wholesaler_1,wholesaler,0,,,,,,111.32,7.4,,,,,,,55,hitl
47,2026-04-19 17:45,retail_1,retail,0,,,,,,,,36.0,30.0,0.0,0.0,11.61,16.0388,55,hitl
48,2026-04-19 18:00,supplier_1,supplier,0,883.43,,,,,,,,,,,,,55,hitl
48,2026-04-19 18:00,farm_1,farm,1,,786.0,0.021,,,,,,,,,,,55,hitl
48,2026-04-19 18:00,slaughterhouse_1,slaughterhouse,0,,,,311.2,376.0,,,,,,,,,55,hitl
48,2026-04-19 18:00,wholesaler_1,wholesaler,0,,,,,,101.45,7.4,,,,,,,55,hitl
48,2026-04-19 18:00,retail_1,retail,0,,,,,,,,33.25,30.0,0.0,0.0,11.61,16.0388,55,hitl
49,2026-04-19 18:15,supplier_1,supplier,0,881.96,,,,,,,,,,,,,55,hitl
49,2026-04-19 18:15,farm_1,farm,1,,786.0,0.021,,,,,,,,,,,55,hitl
49,2026-04-19 18:15,slaughterhouse_1,slaughterhouse,0,,,,311.2,384.3,,,,,,,,,55,hitl
49,2026-04-19 18:15,wholesaler_1,wholesaler,0,,,,,,123.57,7.4,,,,,,,55,hitl
49,2026-04-19 18:15,retail_1,retail,0,,,,,,,,37.56,30.0,0.0,0.0,11.61,16.0388,55,hitl
50,2026-04-19 18:30,supplier_1,supplier,0,880.53,,,,,,,,,,,,,55,hitl
50,2026-04-19 18:30,farm_1,farm,1,,786.0,0.021,,,,,,,,,,,55,hitl
50,2026-04-19 18:30,slaughterhouse_1,slaughterhouse,0,,,,311.2,392.73,,,,,,,,,55,hitl
50,2026-04-19 18:30,wholesaler_1,wholesaler,0,,,,,,121.04,7.4,,,,,,,55,hitl
50,2026-04-19 18:30,retail_1,retail,0,,,,,,,,34.5,30.0,0.0,0.0,11.61,16.0388,55,hitl
51,2026-04-19 18:45,supplier_1,supplier,0,879.99,,,,,,,,,,,,,55,hitl
51,2026-04-19 18:45,farm_1,farm,1,,786.0,0.021,,,,,,,,,,,55,hitl
51,2026-04-19 18:45,slaughterhouse_1,slaughterhouse,0,,,,311.2,400.0,,,,,,,,,55,hitl
51,2026-04-19 18:45,wholesaler_1,wholesaler,0,,,,,,119.12,7.4,,,,,,,55,hitl
51,2026-04-19 18:45,retail_1,retail,0,,,,,,,,31.69,30.0,0.0,0.0,11.61,16.0388,55,hitl
52,2026-04-19 19:00,supplier_1,supplier,0,878.7,,,,,,,,,,,,,55,hitl
52,2026-04-19 19:00,farm_1,farm,1,,786.0,0.021,,,,,,,,,,,55,hitl
52,2026-04-19 19:00,slaughterhouse_1,slaughterhouse,0,,,,311.2,400.0,,,,,,,,,55,hitl
52,2026-04-19 19:00,wholesaler_1,wholesaler,0,,,,,,110.44,7.4,,,,,,,55,hitl
52,2026-04-19 19:00,retail_1,retail,0,,,,,,,,28.85,30.0,0.0,0.25,11.61,16.0388,55,hitl
53,2026-04-19 19:15,supplier_1,supplier,0,877.23,,,,,,,,,,,,,55,hitl
53,2026-04-19 19:15,farm_1,farm,1,,786.0,0.021,,,,,,,,,,,55,hitl
53,2026-04-19 19:15,slaughterhouse_1,slaughterhouse,0,,,,311.2,400.0,,,,,,,,,55,hitl
53,2026-04-19 19:15,wholesaler_1,wholesaler,0,,,,,,108.16,7.4,,,,,,,55,hitl
53,2026-04-19 19:15,retail_1,retail,0,,,,,,,,32.77,30.0,0.0,0.5,11.61,16.0388,55,hitl
54,2026-04-19 19:30,supplier_1,supplier,0,876.67,,,,,,,,,,,,,55,hitl
54,2026-04-19 19:30,farm_1,farm,1,,786.0,0.021,,,,,,,,,,,55,hitl
54,2026-04-19 19:30,slaughterhouse_1,slaughterhouse,0,,,,311.2,400.0,,,,,,,,,55,hitl
54,2026-04-19 19:30,wholesaler_1,wholesaler,0,,,,,,105.97,7.4,,,,,,,55,hitl
54,2026-04-19 19:30,retail_1,retail,0,,,,,,,,29.67,30.0,0.0,0.75,11.61,16.0388,55,hitl
55,2026-04-19 19:45,supplier_1,supplier,0,875.33,,,,,,,,,,,,,55,hitl
55,2026-04-19 19:45,farm_1,farm,1,,786.0,0.021,,,,,,,,,,,55,hitl
55,2026-04-19 19:45,slaughterhouse_1,slaughterhouse,0,,,,311.2,400.0,,,,,,,,,55,hitl
55,2026-04-19 19:45,wholesaler_1,wholesaler,0,,,,,,103.47,7.4,,,,,,,55,hitl
55,2026-04-19 19:45,retail_1,retail,0,,,,,,,,27.09,30.0,0.0,1.0,11.61,16.0388,55,hitl
56,2026-04-19 20:00,supplier_1,supplier,0,873.87,,,,,,,,,,,,,55,hitl
56,2026-04-19 20:00,farm_1,farm,1,,786.0,0.021,,,,,,,,,,,55,hitl
56,2026-04-19 20:00,slaughterhouse_1,slaughterhouse,0,,,,311.2,376.0,,,,,,,,,55,hitl
56,2026-04-19 20:00,wholesaler_1,wholesaler,0,,,,,,93.64,7.4,,,,,,,55,hitl
56,2026-04-19 20:00,retail_1,retail,0,,,,,,,,23.88,30.0,0.0,1.25,11.61,16.0388,55,hitl
57,2026-04-19 20:15,supplier_1,supplier,0,872.39,,,,,,,,,,,,,55,hitl
57,2026-04-19 20:15,farm_1,farm,1,,358.0,0.136,,,,,,,,,,,55,hitl
57,2026-04-19 20:15,slaughterhouse_1,slaughterhouse,0,,,,311.2,384.46,,,,,,,,,55,hitl
57,2026-04-19 20:15,wholesaler_1,wholesaler,0,,,,,,115.71,7.4,,,,,,,55,hitl
57,2026-04-19 20:15,retail_1,retail,0,,,,,,,,27.76,30.0,0.0,1.5,11.61,16.0388,55,hitl
58,2026-04-19 20:30,supplier_1,supplier,0,871.43,,,,,,,,,,,,,55,hitl
58,2026-04-19 20:30,farm_1,farm,1,,358.0,0.136,,,,,,,,,,,55,hitl
58,2026-04-19 20:30,slaughterhouse_1,slaughterhouse,0,,,,311.2,392.93,,,,,,,,,55,hitl
58,2026-04-19 20:30,wholesaler_1,wholesaler,0,,,,,,113.45,7.4,,,,,,,55,hitl
58,2026-04-19 20:30,retail_1,retail,0,,,,,,,,24.59,30.0,0.0,1.75,11.61,16.0388,55,hitl
59,2026-04-19 20:45,supplier_1,supplier,0,870.02,,,,,,,,,,,,,55,hitl
59,2026-04-19 20:45,farm_1,farm,1,,358.0,0.136,,,,,,,,,,,55,hitl
59,2026-04-19 20:45,slaughterhouse_1,slaughterhouse,0,,,,311.2,400.0,,,,,,,,,55,hitl
59,2026-04-19 20:45,wholesaler_1,wholesaler,0,,,,,,111.82,7.4,,,,,,,55,hitl
59,2026-04-19 20:45,retail_1,retail,0,,,,,,,,22.01,30.0,0.0,2.0,11.61,16.0388,55,hitl
60,2026-04-19 21:00,supplier_1,supplier,0,868.73,,,,,,,,,,,,,55,hitl
60,2026-04-19 21:00,farm_1,farm,1,,358.0,0.136,,,,,,,,,,,55,hitl
60,2026-04-19 21:00,slaughterhouse_1,slaughterhouse,0,,,,311.2,400.0,,,,,,,,,55,hitl
60,2026-04-19 21:00,wholesaler_1,wholesaler,0,,,,,,102.71,7.4,,,,,,,55,hitl
60,2026-04-19 21:00,retail_1,retail,1,,,,,,,,19.32,30.0,0.0,2.25,11.61,16.0388,55,hitl
61,2026-04-19 21:15,supplier_1,supplier,0,867.52,,,,,,,,,,,,,55,hitl
61,2026-04-19 21:15,farm_1,farm,1,,358.0,0.136,,,,,,,,,,,55,hitl
61,2026-04-19 21:15,slaughterhouse_1,slaughterhouse,0,,,,311.2,400.0,,,,,,,,,55,hitl
61,2026-04-19 21:15,wholesaler_1,wholesaler,0,,,,,,99.98,7.4,,,,,,,55,hitl
61,2026-04-19 21:15,retail_1,retail,1,,,,,,,,23.68,30.0,0.0,2.5,11.61,16.0388,55,hitl
62,2026-04-19 21:30,supplier_1,supplier,0,866.92,,,,,,,,,,,,,55,hitl
62,2026-04-19 21:30,farm_1,farm,1,,358.0,0.136,,,,,,,,,,,55,hitl
62,2026-04-19 21:30,slaughterhouse_1,slaughterhouse,0,,,,311.2,400.0,,,,,,,,,55,hitl
62,2026-04-19 21:30,wholesaler_1,wholesaler,0,,,,,,97.29,7.4,,,,,,,55,hitl
62,2026-04-19 21:30,retail_1,retail,1,,,,,,,,20.48,30.0,0.0,2.75,11.61,16.0388,55,hitl
63,2026-04-19 21:45,supplier_1,supplier,0,866.32,,,,,,,,,,,,,55,hitl
63,2026-04-19 21:45,farm_1,farm,1,,358.0,0.136,,,,,,,,,,,55,hitl
63,2026-04-19 21:45,slaughterhouse_1,slaughterhouse,0,,,,311.2,400.0,,,,,,,,,55,hitl
63,2026-04-19 21:45,wholesaler_1,wholesaler,0,,,,,,94.48,7.4,,,,,,,55,hitl
63,2026-04-19 21:45,retail_1,retail,1,,,,,,,,17.65,30.0,0.0,3.0,11.61,16.0388,55,hitl
64,2026-04-19 22:00,supplier_1,supplier,0,865.48,,,,,,,,,,,,,55,hitl
64,2026-04-19 22:00,farm_1,farm,1,,358.0,0.136,,,,,,,,,,,55,hitl
64,2026-04-19 22:00,slaughterhouse_1,slaughterhouse,0,,,,311.2,376.0,,,,,,,,,55,hitl
64,2026-04-19 22:00,wholesaler_1,wholesaler,1,,,,,,84.48,7.4,,,,,,,55,hitl
64,2026-04-19 22:00,retail_1,retail,1,,,,,,,,14.88,30.0,0.0,3.25,11.61,16.0388,55,hitl
65,2026-04-19 22:15,supplier_1,supplier,0,864.87,,,,,,,,,,,,,55,hitl
65,2026-04-19 22:15,farm_1,farm,1,,358.0,0.136,,,,,,,,,,,55,hitl
65,2026-04-19 22:15,slaughterhouse_1,slaughterhouse,0,,,,311.2,384.82,,,,,,,,,55,hitl
65,2026-04-19 22:15,wholesaler_1,wholesaler,1,,,,,,106.74,7.4,,,,,,,55,hitl
65,2026-04-19 22:15,retail_1,retail,1,,,,,,,,18.97,30.0,0.0,3.5,11.61,16.0388,55,hitl
66,2026-04-19 22:30,supplier_1,supplier,0,864.2,,,,,,,,,,,,,55,hitl
66,2026-04-19 22:30,farm_1,farm,1,,358.0,0.136,,,,,,,,,,,55,hitl
66,2026-04-19 22:30,slaughterhouse_1,slaughterhouse,0,,,,311.2,392.76,,,,,,,,,55,hitl
66,2026-04-19 22:30,wholesaler_1,wholesaler,1,,,,,,104.4,7.4,,,,,,,55,hitl
66,2026-04-19 22:30,retail_1,retail,1,,,,,,,,15.98,30.0,0.0,3.75,11.61,16.0388,55,hitl
67,2026-04-19 22:45,supplier_1,supplier,0,863.5,,,,,,,,,,,,,55,hitl
67,2026-04-19 22:45,farm_1,farm,1,,358.0,0.136,,,,,,,,,,,55,hitl
67,2026-04-19 22:45,slaughterhouse_1,slaughterhouse,0,,,,311.2,400.0,,,,,,,,,55,hitl
67,2026-04-19 22:45,wholesaler_1,wholesaler,1,,,,,,102.49,7.4,,,,,,,55,hitl
67,2026-04-19 22:45,retail_1,retail,1,,,,,,,,12.76,30.0,0.0,4.0,11.61,16.0388,55,hitl
68,2026-04-19 23:00,supplier_1,supplier,0,862.92,,,,,,,,,,,,,55,hitl
68,2026-04-19 23:00,farm_1,farm,1,,358.0,0.136,,,,,,,,,,,55,hitl
68,2026-04-19 23:00,slaughterhouse_1,slaughterhouse,0,,,,311.2,400.0,,,,,,,,,55,hitl
68,2026-04-19 23:00,wholesaler_1,wholesaler,1,,,,,,93.76,7.4,,,,,,,55,hitl
68,2026-04-19 23:00,retail_1,retail,1,,,,,,,,9.85,30.0,0.0,4.25,11.61,16.0388,55,hitl
69,2026-04-19 23:15,supplier_1,supplier,0,862.24,,,,,,,,,,,,,55,hitl
69,2026-04-19 23:15,farm_1,farm,1,,358.0,0.136,,,,,,,,,,,55,hitl
69,2026-04-19 23:15,slaughterhouse_1,slaughterhouse,0,,,,311.2,400.0,,,,,,,,,55,hitl
69,2026-04-19 23:15,wholesaler_1,wholesaler,1,,,,,,91.1,7.4,,,,,,,55,hitl
69,2026-04-19 23:15,retail_1,retail,1,,,,,,,,13.83,30.0,0.0,4.5,11.61,16.0388,55,hitl
70,2026-04-19 23:30,supplier_1,supplier,0,860.8,,,,,,,,,,,,,55,hitl
70,2026-04-19 23:30,farm_1,farm,1,,358.0,0.136,,,,,,,,,,,55,hitl
70,2026-04-19 23:30,slaughterhouse_1,slaughterhouse,0,,,,311.2,400.0,,,,,,,,,55,hitl
70,2026-04-19 23:30,wholesaler_1,wholesaler,1,,,,,,89.29,7.4,,,,,,,55,hitl
70,2026-04-19 23:30,retail_1,retail,1,,,,,,,,11.21,30.0,0.0,4.75,11.61,16.0388,55,hitl
71,2026-04-19 23:45,supplier_1,supplier,0,859.33,,,,,,,,,,,,,55,hitl
71,2026-04-19 23:45,farm_1,farm,1,,358.0,0.136,,,,,,,,,,,55,hitl
71,2026-04-19 23:45,slaughterhouse_1,slaughterhouse,0,,,,311.2,400.0,,,,,,,,,55,hitl
71,2026-04-19 23:45,wholesaler_1,wholesaler,1,,,,,,86.76,7.4,,,,,,,55,hitl
71,2026-04-19 23:45,retail_1,retail,1,,,,,,,,7.97,30.0,0.0,5.0,11.61,16.0388,55,hitl
72,2026-04-20 00:00,supplier_1,supplier,0,858.51,,,,,,,,,,,,,55,hitl
72,2026-04-20 00:00,farm_1,farm,1,,358.0,0.136,,,,,,,,,,,55,hitl
72,2026-04-20 00:00,slaughterhouse_1,slaughterhouse,0,,,,311.2,376.0,,,,,,,,,55,hitl
72,2026-04-20 00:00,wholesaler_1,wholesaler,1,,,,,,77.07,7.4,,,,,,,55,hitl
72,2026-04-20 00:00,retail_1,retail,1,,,,,,,,4.89,30.0,0.0,5.25,11.61,16.0388,55,hitl
73,2026-04-20 00:15,supplier_1,supplier,0,857.23,,,,,,,,,,,,,55,hitl
73,2026-04-20 00:15,farm_1,farm,1,,358.0,0.136,,,,,,,,,,,55,hitl
73,2026-04-20 00:15,slaughterhouse_1,slaughterhouse,0,,,,311.2,384.84,,,,,,,,,55,hitl
73,2026-04-20 00:15,wholesaler_1,wholesaler,1,,,,,,98.22,7.4,,,,,,,55,hitl
73,2026-04-20 00:15,retail_1,retail,1,,,,,,,,9.4,30.0,0.0,5.5,11.61,16.0388,55,hitl
74,2026-04-20 00:30,supplier_1,supplier,0,856.22,,,,,,,,,,,,,55,hitl
74,2026-04-20 00:30,farm_1,farm,1,,358.0,0.136,,,,,,,,,,,55,hitl
74,2026-04-20 00:30,slaughterhouse_1,slaughterhouse,0,,,,311.2,393.47,,,,,,,,,55,hitl
74,2026-04-20 00:30,wholesaler_1,wholesaler,1,,,,,,96.05,7.4,,,,,,,55,hitl
74,2026-04-20 00:30,retail_1,retail,1,,,,,,,,6.76,30.0,0.0,5.75,11.61,16.0388,55,hitl
75,2026-04-20 00:45,supplier_1,supplier,0,855.43,,,,,,,,,,,,,55,hitl
75,2026-04-20 00:45,farm_1,farm,1,,358.0,0.136,,,,,,,,,,,55,hitl
75,2026-04-20 00:45,slaughterhouse_1,slaughterhouse,0,,,,311.2,400.0,,,,,,,,,55,hitl
75,2026-04-20 00:45,wholesaler_1,wholesaler,1,,,,,,94.27,7.4,,,,,,,55,hitl
75,2026-04-20 00:45,retail_1,retail,1,,,,,,,,3.96,30.0,0.0,6.0,11.61,16.0388,55,hitl
76,2026-04-20 01:00,supplier_1,supplier,0,854.25,,,,,,,,,,,,,55,hitl
76,2026-04-20 01:00,farm_1,farm,1,,358.0,0.136,,,,,,,,,,,55,hitl
76,2026-04-20 01:00,slaughterhouse_1,slaughterhouse,0,,,,311.2,400.0,,,,,,,,,55,hitl
76,2026-04-20 01:00,wholesaler_1,wholesaler,1,,,,,,85.48,7.4,,,,,,,55,hitl
76,2026-04-20 01:00,retail_1,retail,1,,,,,,,,0.86,30.0,0.0,6.25,11.61,16.0388,55,hitl
77,2026-04-20 01:15,supplier_1,supplier,0,852.96,,,,,,,,,,,,,55,hitl
77,2026-04-20 01:15,farm_1,farm,1,,358.0,0.136,,,,,,,,,,,55,hitl
77,2026-04-20 01:15,slaughterhouse_1,slaughterhouse,0,,,,311.2,400.0,,,,,,,,,55,hitl
77,2026-04-20 01:15,wholesaler_1,wholesaler,1,,,,,,83.35,7.4,,,,,,,55,hitl
77,2026-04-20 01:15,retail_1,retail,1,,,,,,,,7.08,30.0,1.0,6.5,11.61,16.0388,55,hitl
78,2026-04-20 01:30,supplier_1,supplier,0,852.38,,,,,,,,,,,,,55,hitl
78,2026-04-20 01:30,farm_1,farm,1,,358.0,0.136,,,,,,,,,,,55,hitl
78,2026-04-20 01:30,slaughterhouse_1,slaughterhouse,0,,,,311.2,400.0,,,,,,,,,55,hitl
78,2026-04-20 01:30,wholesaler_1,wholesaler,1,,,,,,80.74,7.4,,,,,,,55,hitl
78,2026-04-20 01:30,retail_1,retail,1,,,,,,,,4.49,30.0,0.0,6.75,11.61,16.0388,55,hitl
79,2026-04-20 01:45,supplier_1,supplier,0,851.5,,,,,,,,,,,,,55,hitl
79,2026-04-20 01:45,farm_1,farm,1,,358.0,0.136,,,,,,,,,,,55,hitl
79,2026-04-20 01:45,slaughterhouse_1,slaughterhouse,0,,,,311.2,400.0,,,,,,,,,55,hitl
79,2026-04-20 01:45,wholesaler_1,wholesaler,1,,,,,,79.09,7.4,,,,,,,55,hitl
79,2026-04-20 01:45,retail_1,retail,1,,,,,,,,1.52,30.0,0.0,7.0,11.61,16.0388,55,hitl
80,2026-04-20 02:00,supplier_1,supplier,0,850.35,,,,,,,,,,,,,55,hitl
80,2026-04-20 02:00,farm_1,farm,1,,358.0,0.136,,,,,,,,,,,55,hitl
80,2026-04-20 02:00,slaughterhouse_1,slaughterhouse,0,,,,311.2,376.0,,,,,,,,,55,hitl
80,2026-04-20 02:00,wholesaler_1,wholesaler,1,,,,,,69.02,7.4,,,,,,,55,hitl
80,2026-04-20 02:00,retail_1,retail,1,,,,,,,,0.0,30.0,1.0,7.25,11.61,16.0388,55,hitl
81,2026-04-20 02:15,supplier_1,supplier,0,848.88,,,,,,,,,,,,,55,hitl
81,2026-04-20 02:15,farm_1,farm,1,,358.0,0.136,,,,,,,,,,,55,hitl
81,2026-04-20 02:15,slaughterhouse_1,slaughterhouse,0,,,,311.2,385.09,,,,,,,,,55,hitl
81,2026-04-20 02:15,wholesaler_1,wholesaler,1,,,,,,90.69,7.4,,,,,,,55,hitl
81,2026-04-20 02:15,retail_1,retail,1,,,,,,,,7.08,30.0,1.0,7.5,11.61,16.0388,55,hitl
82,2026-04-20 02:30,supplier_1,supplier,0,848.13,,,,,,,,,,,,,55,hitl
82,2026-04-20 02:30,farm_1,farm,1,,358.0,0.136,,,,,,,,,,,55,hitl
82,2026-04-20 02:30,slaughterhouse_1,slaughterhouse,0,,,,311.2,393.58,,,,,,,,,55,hitl
82,2026-04-20 02:30,wholesaler_1,wholesaler,1,,,,,,88.11,7.4,,,,,,,55,hitl
82,2026-04-20 02:30,retail_1,retail,1,,,,,,,,3.92,30.0,0.0,7.75,11.61,16.0388,55,hitl
83,2026-04-20 02:45,supplier_1,supplier,0,846.86,,,,,,,,,,,,,55,hitl
83,2026-04-20 02:45,farm_1,farm,1,,358.0,0.136,,,,,,,,,,,55,hitl
83,2026-04-20 02:45,slaughterhouse_1,slaughterhouse,0,,,,311.2,400.0,,,,,,,,,55,hitl
83,2026-04-20 02:45,wholesaler_1,wholesaler,1,,,,,,85.14,7.4,,,,,,,55,hitl
83,2026-04-20 02:45,retail_1,retail,1,,,,,,,,1.05,30.0,0.0,8.0,11.61,16.0388,55,hitl
84,2026-04-20 03:00,supplier_1,supplier,0,846.01,,,,,,,,,,,,,55,hitl
84,2026-04-20 03:00,farm_1,farm,1,,358.0,0.136,,,,,,,,,,,55,hitl
84,2026-04-20 03:00,slaughterhouse_1,slaughterhouse,0,,,,311.2,400.0,,,,,,,,,55,hitl
84,2026-04-20 03:00,wholesaler_1,wholesaler,1,,,,,,75.88,7.4,,,,,,,55,hitl
84,2026-04-20 03:00,retail_1,retail,1,,,,,,,,0.0,30.0,1.0,8.25,11.61,16.0388,55,hitl
85,2026-04-20 03:15,supplier_1,supplier,0,845.43,,,,,,,,,,,,,55,hitl
85,2026-04-20 03:15,farm_1,farm,1,,358.0,0.136,,,,,,,,,,,55,hitl
85,2026-04-20 03:15,slaughterhouse_1,slaughterhouse,0,,,,311.2,400.0,,,,,,,,,55,hitl
85,2026-04-20 03:15,wholesaler_1,wholesaler,1,,,,,,73.22,7.4,,,,,,,55,hitl
85,2026-04-20 03:15,retail_1,retail,1,,,,,,,,7.08,30.0,1.0,8.5,11.61,16.0388,55,hitl
86,2026-04-20 03:30,supplier_1,supplier,0,844.34,,,,,,,,,,,,,55,hitl
86,2026-04-20 03:30,farm_1,farm,1,,358.0,0.136,,,,,,,,,,,55,hitl
86,2026-04-20 03:30,slaughterhouse_1,slaughterhouse,0,,,,311.2,400.0,,,,,,,,,55,hitl
86,2026-04-20 03:30,wholesaler_1,wholesaler,1,,,,,,70.67,7.4,,,,,,,55,hitl
86,2026-04-20 03:30,retail_1,retail,1,,,,,,,,4.27,30.0,0.0,8.75,11.61,16.0388,55,hitl
87,2026-04-20 03:45,supplier_1,supplier,0,843.6,,,,,,,,,,,,,55,hitl
87,2026-04-20 03:45,farm_1,farm,1,,358.0,0.136,,,,,,,,,,,55,hitl
87,2026-04-20 03:45,slaughterhouse_1,slaughterhouse,0,,,,311.2,400.0,,,,,,,,,55,hitl
87,2026-04-20 03:45,wholesaler_1,wholesaler,1,,,,,,67.96,7.4,,,,,,,55,hitl
87,2026-04-20 03:45,retail_1,retail,1,,,,,,,,1.32,30.0,0.0,9.0,11.61,16.0388,55,hitl
88,2026-04-20 04:00,supplier_1,supplier,0,842.27,,,,,,,,,,,,,55,hitl
88,2026-04-20 04:00,farm_1,farm,1,,358.0,0.136,,,,,,,,,,,55,hitl
88,2026-04-20 04:00,slaughterhouse_1,slaughterhouse,0,,,,311.2,376.0,,,,,,,,,55,hitl
88,2026-04-20 04:00,wholesaler_1,wholesaler,1,,,,,,58.15,7.4,,,,,,,55,hitl
88,2026-04-20 04:00,retail_1,retail,1,,,,,,,,0.0,30.0,1.0,9.25,11.61,16.0388,55,hitl
89,2026-04-20 04:15,supplier_1,supplier,0,841.03,,,,,,,,,,,,,55,hitl
89,2026-04-20 04:15,farm_1,farm,1,,358.0,0.136,,,,,,,,,,,55,hitl
89,2026-04-20 04:15,slaughterhouse_1,slaughterhouse,0,,,,311.2,384.16,,,,,,,,,55,hitl
89,2026-04-20 04:15,wholesaler_1,wholesaler,1,,,,,,79.95,7.4,,,,,,,55,hitl
89,2026-04-20 04:15,retail_1,retail,1,,,,,,,,7.08,30.0,1.0,9.5,11.61,16.0388,55,hitl
90,2026-04-20 04:30,supplier_1,supplier,0,840.3,,,,,,,,,,,,,55,hitl
90,2026-04-20 04:30,farm_1,farm,1,,358.0,0.136,,,,,,,,,,,55,hitl
90,2026-04-20 04:30,slaughterhouse_1,slaughterhouse,0,,,,311.2,392.46,,,,,,,,,55,hitl
90,2026-04-20 04:30,wholesaler_1,wholesaler,1,,,,,,77.27,7.4,,,,,,,55,hitl
90,2026-04-20 04:30,retail_1,retail,1,,,,,,,,4.01,30.0,0.0,9.75,11.61,16.0388,55,hitl
91,2026-04-20 04:45,supplier_1,supplier,0,839.16,,,,,,,,,,,,,55,hitl
91,2026-04-20 04:45,farm_1,farm,1,,358.0,0.136,,,,,,,,,,,55,hitl
91,2026-04-20 04:45,slaughterhouse_1,slaughterhouse,0,,,,311.2,400.0,,,,,,,,,55,hitl
91,2026-04-20 04:45,wholesaler_1,wholesaler,1,,,,,,75.67,7.4,,,,,,,55,hitl
91,2026-04-20 04:45,retail_1,retail,1,,,,,,,,1.19,30.0,0.0,10.0,11.61,16.0388,55,hitl
92,2026-04-20 05:00,supplier_1,supplier,0,838.49,,,,,,,,,,,,,55,hitl
92,2026-04-20 05:00,farm_1,farm,1,,358.0,0.136,,,,,,,,,,,55,hitl
92,2026-04-20 05:00,slaughterhouse_1,slaughterhouse,0,,,,311.2,400.0,,,,,,,,,55,hitl
92,2026-04-20 05:00,wholesaler_1,wholesaler,1,,,,,,66.19,7.4,,,,,,,55,hitl
92,2026-04-20 05:00,retail_1,retail,1,,,,,,,,0.0,30.0,1.0,10.25,11.61,16.0388,55,hitl
93,2026-04-20 05:15,supplier_1,supplier,0,837.08,,,,,,,,,,,,,55,hitl
93,2026-04-20 05:15,farm_1,farm,1,,358.0,0.136,,,,,,,,,,,55,hitl
93,2026-04-20 05:15,slaughterhouse_1,slaughterhouse,0,,,,311.2,400.0,,,,,,,,,55,hitl
93,2026-04-20 05:15,wholesaler_1,wholesaler,1,,,,,,64.4,7.4,,,,,,,55,hitl
93,2026-04-20 05:15,retail_1,retail,1,,,,,,,,7.08,30.0,1.0,10.5,11.61,16.0388,55,hitl
94,2026-04-20 05:30,supplier_1,supplier,0,835.79,,,,,,,,,,,,,55,hitl
94,2026-04-20 05:30,farm_1,farm,1,,358.0,0.136,,,,,,,,,,,55,hitl
94,2026-04-20 05:30,slaughterhouse_1,slaughterhouse,0,,,,311.2,400.0,,,,,,,,,55,hitl
94,2026-04-20 05:30,wholesaler_1,wholesaler,1,,,,,,62.78,7.4,,,,,,,55,hitl
94,2026-04-20 05:30,retail_1,retail,1,,,,,,,,4.17,30.0,0.0,10.75,11.61,16.0388,55,hitl
95,2026-04-20 05:45,supplier_1,supplier,0,834.65,,,,,,,,,,,,,55,hitl
95,2026-04-20 05:45,farm_1,farm,1,,358.0,0.136,,,,,,,,,,,55,hitl
95,2026-04-20 05:45,slaughterhouse_1,slaughterhouse,0,,,,311.2,400.0,,,,,,,,,55,hitl
95,2026-04-20 05:45,wholesaler_1,wholesaler,1,,,,,,60.77,7.4,,,,,,,55,hitl
95,2026-04-20 05:45,retail_1,retail,1,,,,,,,,1.25,30.0,0.0,11.0,11.61,16.0388,55,hitl
96,2026-04-20 06:00,supplier_1,supplier,0,833.93,,,,,,,,,,,,,55,hitl
96,2026-04-20 06:00,farm_1,farm,1,,358.0,0.136,,,,,,,,,,,55,hitl
96,2026-04-20 06:00,slaughterhouse_1,slaughterhouse,0,,,,311.2,376.0,,,,,,,,,55,hitl
96,2026-04-20 06:00,wholesaler_1,wholesaler,1,,,,,,51.53,7.4,,,,,,,55,hitl
96,2026-04-20 06:00,retail_1,retail,1,,,,,,,,0.0,30.0,1.0,11.25,11.61,16.0388,55,hitl
97,2026-04-20 06:15,supplier_1,supplier,0,832.85,,,,,,,,,,,,,55,hitl
97,2026-04-20 06:15,farm_1,farm,1,,358.0,0.136,,,,,,,,,,,55,hitl
97,2026-04-20 06:15,slaughterhouse_1,slaughterhouse,0,,,,311.2,384.69,,,,,,,,,55,hitl
97,2026-04-20 06:15,wholesaler_1,wholesaler,1,,,,,,72.61,7.4,,,,,,,55,hitl
97,2026-04-20 06:15,retail_1,retail,1,,,,,,,,7.08,30.0,1.0,11.5,11.61,16.0388,55,hitl
98,2026-04-20 06:30,supplier_1,supplier,0,831.94,,,,,,,,,,,,,55,hitl
98,2026-04-20 06:30,farm_1,farm,1,,358.0,0.136,,,,,,,,,,,55,hitl
98,2026-04-20 06:30,slaughterhouse_1,slaughterhouse,0,,,,311.2,393.66,,,,,,,,,55,hitl
98,2026-04-20 06:30,wholesaler_1,wholesaler,1,,,,,,70.31,7.4,,,,,,,55,hitl
98,2026-04-20 06:30,retail_1,retail,1,,,,,,,,4.08,30.0,0.0,11.75,11.61,16.0388,55,hitl
99,2026-04-20 06:45,supplier_1,supplier,0,830.51,,,,,,,,,,,,,55,hitl
99,2026-04-20 06:45,farm_1,farm,1,,358.0,0.136,,,,,,,,,,,55,hitl
99,2026-04-20 06:45,slaughterhouse_1,slaughterhouse,0,,,,311.2,400.0,,,,,,,,,55,hitl
99,2026-04-20 06:45,wholesaler_1,wholesaler,1,,,,,,68.03,7.4,,,,,,,55,hitl
99,2026-04-20 06:45,retail_1,retail,1,,,,,,,,1.3,30.0,0.0,12.0,11.61,16.0388,55,hitl
100,2026-04-20 07:00,supplier_1,supplier,0,829.77,,,,,,,,,,,,,55,hitl
100,2026-04-20 07:00,farm_1,farm,1,,358.0,0.136,,,,,,,,,,,55,hitl
100,2026-04-20 07:00,slaughterhouse_1,slaughterhouse,0,,,,311.2,400.0,,,,,,,,,55,hitl
100,2026-04-20 07:00,wholesaler_1,wholesaler,1,,,,,,59.12,7.4,,,,,,,55,hitl
100,2026-04-20 07:00,retail_1,retail,1,,,,,,,,0.0,30.0,1.0,12.25,11.61,16.0388,55,hitl
101,2026-04-20 07:15,supplier_1,supplier,0,828.32,,,,,,,,,,,,,55,hitl
101,2026-04-20 07:15,farm_1,farm,1,,358.0,0.136,,,,,,,,,,,55,hitl
101,2026-04-20 07:15,slaughterhouse_1,slaughterhouse,0,,,,311.2,400.0,,,,,,,,,55,hitl
101,2026-04-20 07:15,wholesaler_1,wholesaler,1,,,,,,56.95,7.4,,,,,,,55,hitl
101,2026-04-20 07:15,retail_1,retail,1,,,,,,,,7.08,30.0,1.0,12.5,11.61,16.0388,55,hitl
102,2026-04-20 07:30,supplier_1,supplier,0,826.91,,,,,,,,,,,,,55,hitl
102,2026-04-20 07:30,farm_1,farm,1,,358.0,0.136,,,,,,,,,,,55,hitl
102,2026-04-20 07:30,slaughterhouse_1,slaughterhouse,0,,,,311.2,400.0,,,,,,,,,55,hitl
102,2026-04-20 07:30,wholesaler_1,wholesaler,1,,,,,,54.64,7.4,,,,,,,55,hitl
102,2026-04-20 07:30,retail_1,retail,1,,,,,,,,4.48,30.0,0.0,12.75,11.61,16.0388,55,hitl
103,2026-04-20 07:45,supplier_1,supplier,0,826.08,,,,,,,,,,,,,55,hitl
103,2026-04-20 07:45,farm_1,farm,1,,358.0,0.136,,,,,,,,,,,55,hitl
103,2026-04-20 07:45,slaughterhouse_1,slaughterhouse,0,,,,311.2,400.0,,,,,,,,,55,hitl
103,2026-04-20 07:45,wholesaler_1,wholesaler,1,,,,,,52.08,7.4,,,,,,,55,hitl
103,2026-04-20 07:45,retail_1,retail,1,,,,,,,,1.38,30.0,0.0,13.0,11.61,16.0388,55,hitl
104,2026-04-20 08:00,supplier_1,supplier,0,824.63,,,,,,,,,,,,,55,hitl
104,2026-04-20 08:00,farm_1,farm,1,,358.0,0.136,,,,,,,,,,,55,hitl
104,2026-04-20 08:00,slaughterhouse_1,slaughterhouse,0,,,,311.2,376.0,,,,,,,,,55,hitl
104,2026-04-20 08:00,wholesaler_1,wholesaler,1,,,,,,42.47,7.4,,,,,,,55,hitl
104,2026-04-20 08:00,retail_1,retail,1,,,,,,,,0.0,30.0,1.0,13.25,11.61,16.0388,55,hitl
105,2026-04-20 08:15,supplier_1,supplier,0,823.65,,,,,,,,,,,,,55,hitl
105,2026-04-20 08:15,farm_1,farm,1,,358.0,0.136,,,,,,,,,,,55,hitl
105,2026-04-20 08:15,slaughterhouse_1,slaughterhouse,0,,,,311.2,384.76,,,,,,,,,55,hitl
105,2026-04-20 08:15,wholesaler_1,wholesaler,1,,,,,,63.62,7.4,,,,,,,55,hitl
105,2026-04-20 08:15,retail_1,retail,1,,,,,,,,7.08,30.0,1.0,13.5,11.61,16.0388,55,hitl
106,2026-04-20 08:30,supplier_1,supplier,0,822.43,,,,,,,,,,,,,55,hitl
106,2026-04-20 08:30,farm_1,farm,1,,358.0,0.136,,,,,,,,,,,55,hitl
106,2026-04-20 08:30,slaughterhouse_1,slaughterhouse,0,,,,311.2,393.17,,,,,,,,,55,hitl
106,2026-04-20 08:30,wholesaler_1,wholesaler,1,,,,,,61.75,7.4,,,,,,,55,hitl
106,2026-04-20 08:30,retail_1,retail,1,,,,,,,,3.86,30.0,0.0,13.75,11.61,16.0388,55,hitl
107,2026-04-20 08:45,supplier_1,supplier,0,821.46,,,,,,,,,,,,,55,hitl
107,2026-04-20 08:45,farm_1,farm,1,,358.0,0.136,,,,,,,,,,,55,hitl
107,2026-04-20 08:45,slaughterhouse_1,slaughterhouse,0,,,,311.2,400.0,,,,,,,,,55,hitl
107,2026-04-20 08:45,wholesaler_1,wholesaler,1,,,,,,58.91,7.4,,,,,,,55,hitl
107,2026-04-20 08:45,retail_1,retail,1,,,,,,,,1.15,30.0,0.0,14.0,11.61,16.0388,55,hitl
108,2026-04-20 09:00,supplier_1,supplier,0,820.37,,,,,,,,,,,,,55,hitl
108,2026-04-20 09:00,farm_1,farm,1,,358.0,0.136,,,,,,,,,,,55,hitl
108,2026-04-20 09:00,slaughterhouse_1,slaughterhouse,0,,,,311.2,400.0,,,,,,,,,55,hitl
108,2026-04-20 09:00,wholesaler_1,wholesaler,1,,,,,,49.33,7.4,,,,,,,55,hitl
108,2026-04-20 09:00,retail_1,retail,1,,,,,,,,0.0,30.0,1.0,14.25,11.61,16.0388,55,hitl
109,2026-04-20 09:15,supplier_1,supplier,0,819.04,,,,,,,,,,,,,55,hitl
109,2026-04-20 09:15,farm_1,farm,1,,358.0,0.136,,,,,,,,,,,55,hitl
109,2026-04-20 09:15,slaughterhouse_1,slaughterhouse,0,,,,311.2,400.0,,,,,,,,,55,hitl
109,2026-04-20 09:15,wholesaler_1,wholesaler,1,,,,,,46.39,7.4,,,,,,,55,hitl
109,2026-04-20 09:15,retail_1,retail,1,,,,,,,,7.08,30.0,1.0,14.5,11.61,16.0388,55,hitl
110,2026-04-20 09:30,supplier_1,supplier,0,818.18,,,,,,,,,,,,,55,hitl
110,2026-04-20 09:30,farm_1,farm,1,,358.0,0.136,,,,,,,,,,,55,hitl
110,2026-04-20 09:30,slaughterhouse_1,slaughterhouse,0,,,,311.2,400.0,,,,,,,,,55,hitl
110,2026-04-20 09:30,wholesaler_1,wholesaler,1,,,,,,43.99,7.4,,,,,,,55,hitl
110,2026-04-20 09:30,retail_1,retail,1,,,,,,,,3.89,30.0,0.0,14.75,11.61,16.0388,55,hitl
111,2026-04-20 09:45,supplier_1,supplier,0,816.82,,,,,,,,,,,,,55,hitl
111,2026-04-20 09:45,farm_1,farm,1,,358.0,0.136,,,,,,,,,,,55,hitl
111,2026-04-20 09:45,slaughterhouse_1,slaughterhouse,0,,,,311.2,400.0,,,,,,,,,55,hitl
111,2026-04-20 09:45,wholesaler_1,wholesaler,1,,,,,,41.23,7.4,,,,,,,55,hitl
111,2026-04-20 09:45,retail_1,retail,1,,,,,,,,1.09,30.0,0.0,15.0,11.61,16.0388,55,hitl
112,2026-04-20 10:00,supplier_1,supplier,0,816.16,,,,,,,,,,,,,55,hitl
112,2026-04-20 10:00,farm_1,farm,1,,358.0,0.136,,,,,,,,,,,55,hitl
112,2026-04-20 10:00,slaughterhouse_1,slaughterhouse,0,,,,311.2,376.0,,,,,,,,,55,hitl
112,2026-04-20 10:00,wholesaler_1,wholesaler,1,,,,,,31.22,7.4,,,,,,,55,hitl
112,2026-04-20 10:00,retail_1,retail,1,,,,,,,,0.0,30.0,1.0,15.25,11.61,16.0388,55,hitl
113,2026-04-20 10:15,supplier_1,supplier,0,815.12,,,,,,,,,,,,,55,hitl
113,2026-04-20 10:15,farm_1,farm,1,,358.0,0.136,,,,,,,,,,,55,hitl
113,2026-04-20 10:15,slaughterhouse_1,slaughterhouse,0,,,,311.2,385.26,,,,,,,,,55,hitl
113,2026-04-20 10:15,wholesaler_1,wholesaler,1,,,,,,53.61,7.4,,,,,,,55,hitl
113,2026-04-20 10:15,retail_1,retail,1,,,,,,,,7.08,30.0,1.0,15.5,11.61,16.0388,55,hitl
114,2026-04-20 10:30,supplier_1,supplier,0,813.68,,,,,,,,,,,,,55,hitl
114,2026-04-20 10:30,farm_1,farm,1,,358.0,0.136,,,,,,,,,,,55,hitl
114,2026-04-20 10:30,slaughterhouse_1,slaughterhouse,0,,,,311.2,394.14,,,,,,,,,55,hitl
114,2026-04-20 10:30,wholesaler_1,wholesaler,1,,,,,,51.08,7.4,,,,,,,55,hitl
114,2026-04-20 10:30,retail_1,retail,1,,,,,,,,4.35,30.0,0.0,15.75,11.61,16.0388,55,hitl
115,2026-04-20 10:45,supplier_1,supplier,0,812.5,,,,,,,,,,,,,55,hitl
115,2026-04-20 10:45,farm_1,farm,1,,358.0,0.136,,,,,,,,,,,55,hitl
115,2026-04-20 10:45,slaughterhouse_1,slaughterhouse,1,,,,165.0,88.81,,,,,,,,,55,hitl
115,2026-04-20 10:45,wholesaler_1,wholesaler,1,,,,,,48.39,7.4,,,,,,,55,hitl
115,2026-04-20 10:45,retail_1,retail,1,,,,,,,,1.34,30.0,0.0,16.0,11.61,16.0388,55,hitl
116,2026-04-20 11:00,supplier_1,supplier,0,811.9,,,,,,,,,,,,,55,hitl
116,2026-04-20 11:00,farm_1,farm,1,,358.0,0.136,,,,,,,,,,,55,hitl
116,2026-04-20 11:00,slaughterhouse_1,slaughterhouse,1,,,,165.0,93.45,,,,,,,,,55,hitl
116,2026-04-20 11:00,wholesaler_1,wholesaler,1,,,,,,41.35,7.4,,,,,,,55,hitl
116,2026-04-20 11:00,retail_1,retail,1,,,,,,,,0.0,30.0,1.0,16.25,11.61,16.0388,55,hitl
117,2026-04-20 11:15,supplier_1,supplier,0,810.93,,,,,,,,,,,,,55,hitl
117,2026-04-20 11:15,farm_1,farm,1,,358.0,0.136,,,,,,,,,,,55,hitl
117,2026-04-20 11:15,slaughterhouse_1,slaughterhouse,1,,,,165.0,98.36,,,,,,,,,55,hitl
117,2026-04-20 11:15,wholesaler_1,wholesaler,1,,,,,,39.79,7.4,,,,,,,55,hitl
117,2026-04-20 11:15,retail_1,retail,1,,,,,,,,4.96,30.0,1.0,16.5,11.61,16.0388,55,hitl
118,2026-04-20 11:30,supplier_1,supplier,0,809.67,,,,,,,,,,,,,55,hitl
118,2026-04-20 11:30,farm_1,farm,1,,358.0,0.136,,,,,,,,,,,55,hitl
118,2026-04-20 11:30,slaughterhouse_1,slaughterhouse,1,,,,165.0,103.08,,,,,,,,,55,hitl
118,2026-04-20 11:30,wholesaler_1,wholesaler,1,,,,,,36.79,7.4,,,,,,,55,hitl
118,2026-04-20 11:30,retail_1,retail,1,,,,,,,,2.08,30.0,0.0,16.75,11.61,16.0388,55,hitl
119,2026-04-20 11:45,supplier_1,supplier,0,809.05,,,,,,,,,,,,,55,hitl
119,2026-04-20 11:45,farm_1,farm,1,,358.0,0.136,,,,,,,,,,,55,hitl
119,2026-04-20 11:45,slaughterhouse_1,slaughterhouse,1,,,,165.0,107.48,,,,,,,,,55,hitl
119,2026-04-20 11:45,wholesaler_1,wholesaler,1,,,,,,34.06,7.4,,,,,,,55,hitl
119,2026-04-20 11:45,retail_1,retail,1,,,,,,,,0.0,30.0,1.0,17.0,11.61,16.0388,55,hitl
120,2026-04-20 12:00,supplier_1,supplier,0,807.79,,,,,,,,,,,,,55,hitl
120,2026-04-20 12:00,farm_1,farm,1,,358.0,0.136,,,,,,,,,,,55,hitl
120,2026-04-20 12:00,slaughterhouse_1,slaughterhouse,1,,,,165.0,107.57,,,,,,,,,55,hitl
120,2026-04-20 12:00,wholesaler_1,wholesaler,1,,,,,,27.06,7.4,,,,,,,55,hitl
120,2026-04-20 12:00,retail_1,retail,1,,,,,,,,0.0,30.0,1.0,17.25,11.61,16.0388,55,hitl
121,2026-04-20 12:15,supplier_1,supplier,0,806.61,,,,,,,,,,,,,55,hitl
121,2026-04-20 12:15,farm_1,farm,1,,358.0,0.136,,,,,,,,,,,55,hitl
121,2026-04-20 12:15,slaughterhouse_1,slaughterhouse,1,,,,165.0,112.28,,,,,,,,,55,hitl
121,2026-04-20 12:15,wholesaler_1,wholesaler,1,,,,,,29.83,7.4,,,,,,,55,hitl
121,2026-04-20 12:15,retail_1,retail,1,,,,,,,,4.96,30.0,1.0,17.5,11.61,16.0388,55,hitl
122,2026-04-20 12:30,supplier_1,supplier,0,806.01,,,,,,,,,,,,,55,hitl
122,2026-04-20 12:30,farm_1,farm,1,,358.0,0.136,,,,,,,,,,,55,hitl
122,2026-04-20 12:30,slaughterhouse_1,slaughterhouse,1,,,,165.0,116.6,,,,,,,,,55,hitl
122,2026-04-20 12:30,wholesaler_1,wholesaler,1,,,,,,28.17,7.4,,,,,,,55,hitl
122,2026-04-20 12:30,retail_1,retail,1,,,,,,,,1.72,30.0,0.0,17.75,11.61,16.0388,55,hitl
123,2026-04-20 12:45,supplier_1,supplier,0,805.16,,,,,,,,,,,,,55,hitl
123,2026-04-20 12:45,farm_1,farm,1,,358.0,0.136,,,,,,,,,,,55,hitl
123,2026-04-20 12:45,slaughterhouse_1,slaughterhouse,1,,,,165.0,121.16,,,,,,,,,55,hitl
123,2026-04-20 12:45,wholesaler_1,wholesaler,1,,,,,,26.54,7.4,,,,,,,55,hitl
123,2026-04-20 12:45,retail_1,retail,1,,,,,,,,0.0,30.0,1.0,18.0,11.61,16.0388,55,hitl
124,2026-04-20 13:00,supplier_1,supplier,0,804.36,,,,,,,,,,,,,55,hitl
124,2026-04-20 13:00,farm_1,farm,1,,358.0,0.136,,,,,,,,,,,55,hitl
124,2026-04-20 13:00,slaughterhouse_1,slaughterhouse,1,,,,165.0,125.98,,,,,,,,,55,hitl
124,2026-04-20 13:00,wholesaler_1,wholesaler,1,,,,,,24.83,7.4,,,,,,,55,hitl
124,2026-04-20 13:00,retail_1,retail,1,,,,,,,,0.0,30.0,1.0,18.25,11.61,16.0388,55,hitl
125,2026-04-20 13:15,supplier_1,supplier,0,803.08,,,,,,,,,,,,,55,hitl
125,2026-04-20 13:15,farm_1,farm,1,,358.0,0.136,,,,,,,,,,,55,hitl
125,2026-04-20 13:15,slaughterhouse_1,slaughterhouse,1,,,,165.0,130.5,,,,,,,,,55,hitl
125,2026-04-20 13:15,wholesaler_1,wholesaler,1,,,,,,22.84,7.4,,,,,,,55,hitl
125,2026-04-20 13:15,retail_1,retail,1,,,,,,,,0.0,30.0,1.0,18.5,11.61,16.0388,55,hitl
126,2026-04-20 13:30,supplier_1,supplier,0,802.5,,,,,,,,,,,,,55,hitl
126,2026-04-20 13:30,farm_1,farm,1,,358.0,0.136,,,,,,,,,,,55,hitl
126,2026-04-20 13:30,slaughterhouse_1,slaughterhouse,1,,,,165.0,134.72,,,,,,,,,55,hitl
126,2026-04-20 13:30,wholesaler_1,wholesaler,1,,,,,,19.86,7.4,,,,,,,55,hitl
126,2026-04-20 13:30,retail_1,retail,1,,,,,,,,0.0,30.0,1.0,18.75,11.61,16.0388,55,hitl
127,2026-04-20 13:45,supplier_1,supplier,0,801.69,,,,,,,,,,,,,55,hitl
127,2026-04-20 13:45,farm_1,farm,1,,358.0,0.136,,,,,,,,,,,55,hitl
127,2026-04-20 13:45,slaughterhouse_1,slaughterhouse,1,,,,165.0,139.03,,,,,,,,,55,hitl
127,2026-04-20 13:45,wholesaler_1,wholesaler,1,,,,,,17.98,7.4,,,,,,,55,hitl
127,2026-04-20 13:45,retail_1,retail,1,,,,,,,,0.0,30.0,1.0,19.0,11.61,16.0388,55,hitl
128,2026-04-20 14:00,supplier_1,supplier,0,800.56,,,,,,,,,,,,,55,hitl
128,2026-04-20 14:00,farm_1,farm,1,,358.0,0.136,,,,,,,,,,,55,hitl
128,2026-04-20 14:00,slaughterhouse_1,slaughterhouse,1,,,,165.0,139.16,,,,,,,,,55,hitl
128,2026-04-20 14:00,wholesaler_1,wholesaler,1,,,,,,16.12,7.4,,,,,,,55,hitl
128,2026-04-20 14:00,retail_1,retail,1,,,,,,,,0.0,30.0,1.0,19.25,11.61,16.0388,55,hitl
129,2026-04-20 14:15,supplier_1,supplier,0,799.94,,,,,,,,,,,,,55,hitl
129,2026-04-20 14:15,farm_1,farm,1,,358.0,0.136,,,,,,,,,,,55,hitl
129,2026-04-20 14:15,slaughterhouse_1,slaughterhouse,1,,,,165.0,143.98,,,,,,,,,55,hitl
129,2026-04-20 14:15,wholesaler_1,wholesaler,1,,,,,,17.91,7.4,,,,,,,55,hitl
129,2026-04-20 14:15,retail_1,retail,1,,,,,,,,0.0,30.0,1.0,19.5,11.61,16.0388,55,hitl
130,2026-04-20 14:30,supplier_1,supplier,0,799.36,,,,,,,,,,,,,55,hitl
130,2026-04-20 14:30,farm_1,farm,1,,358.0,0.136,,,,,,,,,,,55,hitl
130,2026-04-20 14:30,slaughterhouse_1,slaughterhouse,1,,,,165.0,148.19,,,,,,,,,55,hitl
130,2026-04-20 14:30,wholesaler_1,wholesaler,1,,,,,,15.46,7.4,,,,,,,55,hitl
130,2026-04-20 14:30,retail_1,retail,1,,,,,,,,0.0,30.0,1.0,19.75,11.61,16.0388,55,hitl
131,2026-04-20 14:45,supplier_1,supplier,0,798.11,,,,,,,,,,,,,55,hitl
131,2026-04-20 14:45,farm_1,farm,1,,358.0,0.136,,,,,,,,,,,55,hitl
131,2026-04-20 14:45,slaughterhouse_1,slaughterhouse,1,,,,165.0,152.93,,,,,,,,,55,hitl
131,2026-04-20 14:45,wholesaler_1,wholesaler,1,,,,,,13.36,7.4,,,,,,,55,hitl
131,2026-04-20 14:45,retail_1,retail,1,,,,,,,,0.0,30.0,1.0,20.0,11.61,16.0388,55,hitl
132,2026-04-20 15:00,supplier_1,supplier,0,797.01,,,,,,,,,,,,,55,hitl
132,2026-04-20 15:00,farm_1,farm,1,,358.0,0.136,,,,,,,,,,,55,hitl
132,2026-04-20 15:00,slaughterhouse_1,slaughterhouse,1,,,,165.0,157.47,,,,,,,,,55,hitl
132,2026-04-20 15:00,wholesaler_1,wholesaler,1,,,,,,10.72,7.4,,,,,,,55,hitl
132,2026-04-20 15:00,retail_1,retail,1,,,,,,,,0.0,30.0,1.0,20.25,11.61,16.0388,55,hitl
133,2026-04-20 15:15,supplier_1,supplier,0,796.02,,,,,,,,,,,,,55,hitl
133,2026-04-20 15:15,farm_1,farm,1,,358.0,0.136,,,,,,,,,,,55,hitl
133,2026-04-20 15:15,slaughterhouse_1,slaughterhouse,1,,,,165.0,161.7,,,,,,,,,55,hitl
133,2026-04-20 15:15,wholesaler_1,wholesaler,1,,,,,,8.52,7.4,,,,,,,55,hitl
133,2026-04-20 15:15,retail_1,retail,1,,,,,,,,0.0,30.0,1.0,20.5,11.61,16.0388,55,hitl
134,2026-04-20 15:30,supplier_1,supplier,0,794.87,,,,,,,,,,,,,55,hitl
134,2026-04-20 15:30,farm_1,farm,1,,358.0,0.136,,,,,,,,,,,55,hitl
134,2026-04-20 15:30,slaughterhouse_1,slaughterhouse,1,,,,165.0,166.56,,,,,,,,,55,hitl
134,2026-04-20 15:30,wholesaler_1,wholesaler,1,,,,,,6.73,7.4,,,,,,,55,hitl
134,2026-04-20 15:30,retail_1,retail,1,,,,,,,,0.0,30.0,1.0,20.75,11.61,16.0388,55,hitl
135,2026-04-20 15:45,supplier_1,supplier,0,793.5,,,,,,,,,,,,,55,hitl
135,2026-04-20 15:45,farm_1,farm,1,,358.0,0.136,,,,,,,,,,,55,hitl
135,2026-04-20 15:45,slaughterhouse_1,slaughterhouse,1,,,,165.0,170.94,,,,,,,,,55,hitl
135,2026-04-20 15:45,wholesaler_1,wholesaler,1,,,,,,4.61,7.4,,,,,,,55,hitl
135,2026-04-20 15:45,retail_1,retail,1,,,,,,,,0.0,30.0,1.0,21.0,11.61,16.0388,55,hitl
136,2026-04-20 16:00,supplier_1,supplier,0,792.97,,,,,,,,,,,,,55,hitl
136,2026-04-20 16:00,farm_1,farm,1,,358.0,0.136,,,,,,,,,,,55,hitl
136,2026-04-20 16:00,slaughterhouse_1,slaughterhouse,1,,,,165.0,171.23,,,,,,,,,55,hitl
136,2026-04-20 16:00,wholesaler_1,wholesaler,1,,,,,,2.26,7.4,,,,,,,55,hitl
136,2026-04-20 16:00,retail_1,retail,1,,,,,,,,0.0,30.0,1.0,21.25,11.61,16.0388,55,hitl
137,2026-04-20 16:15,supplier_1,supplier,0,792.21,,,,,,,,,,,,,55,hitl
137,2026-04-20 16:15,farm_1,farm,1,,358.0,0.136,,,,,,,,,,,55,hitl
137,2026-04-20 16:15,slaughterhouse_1,slaughterhouse,1,,,,165.0,175.7,,,,,,,,,55,hitl
137,2026-04-20 16:15,wholesaler_1,wholesaler,1,,,,,,4.86,7.4,,,,,,,55,hitl
137,2026-04-20 16:15,retail_1,retail,1,,,,,,,,0.0,30.0,1.0,21.5,11.61,16.0388,55,hitl
138,2026-04-20 16:30,supplier_1,supplier,0,791.35,,,,,,,,,,,,,55,hitl
138,2026-04-20 16:30,farm_1,farm,1,,358.0,0.136,,,,,,,,,,,55,hitl
138,2026-04-20 16:30,slaughterhouse_1,slaughterhouse,1,,,,165.0,179.95,,,,,,,,,55,hitl
138,2026-04-20 16:30,wholesaler_1,wholesaler,1,,,,,,2.32,7.4,,,,,,,55,hitl
138,2026-04-20 16:30,retail_1,retail,1,,,,,,,,0.0,30.0,1.0,21.75,11.61,16.0388,55,hitl
139,2026-04-20 16:45,supplier_1,supplier,0,790.67,,,,,,,,,,,,,55,hitl
139,2026-04-20 16:45,farm_1,farm,1,,358.0,0.136,,,,,,,,,,,55,hitl
139,2026-04-20 16:45,slaughterhouse_1,slaughterhouse,1,,,,165.0,184.72,,,,,,,,,55,hitl
139,2026-04-20 16:45,wholesaler_1,wholesaler,1,,,,,,0.0,7.4,,,,,,,55,hitl
139,2026-04-20 16:45,retail_1,retail,1,,,,,,,,0.0,30.0,1.0,22.0,11.61,16.0388,55,hitl
140,2026-04-20 17:00,supplier_1,supplier,0,789.97,,,,,,,,,,,,,55,hitl
140,2026-04-20 17:00,farm_1,farm,1,,358.0,0.136,,,,,,,,,,,55,hitl
140,2026-04-20 17:00,slaughterhouse_1,slaughterhouse,1,,,,165.0,189.16,,,,,,,,,55,hitl
140,2026-04-20 17:00,wholesaler_1,wholesaler,1,,,,,,0.0,7.4,,,,,,,55,hitl
140,2026-04-20 17:00,retail_1,retail,1,,,,,,,,0.0,30.0,1.0,22.25,11.61,16.0388,55,hitl
141,2026-04-20 17:15,supplier_1,supplier,0,789.28,,,,,,,,,,,,,55,hitl
141,2026-04-20 17:15,farm_1,farm,1,,358.0,0.136,,,,,,,,,,,55,hitl
141,2026-04-20 17:15,slaughterhouse_1,slaughterhouse,1,,,,165.0,193.59,,,,,,,,,55,hitl
141,2026-04-20 17:15,wholesaler_1,wholesaler,1,,,,,,0.0,7.4,,,,,,,55,hitl
141,2026-04-20 17:15,retail_1,retail,1,,,,,,,,0.0,30.0,1.0,22.5,11.61,16.0388,55,hitl
142,2026-04-20 17:30,supplier_1,supplier,0,788.68,,,,,,,,,,,,,55,hitl
142,2026-04-20 17:30,farm_1,farm,1,,358.0,0.136,,,,,,,,,,,55,hitl
142,2026-04-20 17:30,slaughterhouse_1,slaughterhouse,1,,,,165.0,197.92,,,,,,,,,55,hitl
142,2026-04-20 17:30,wholesaler_1,wholesaler,1,,,,,,0.0,7.4,,,,,,,55,hitl
142,2026-04-20 17:30,retail_1,retail,1,,,,,,,,0.0,30.0,1.0,22.75,11.61,16.0388,55,hitl
143,2026-04-20 17:45,supplier_1,supplier,0,787.79,,,,,,,,,,,,,55,hitl
143,2026-04-20 17:45,farm_1,farm,1,,358.0,0.136,,,,,,,,,,,55,hitl
143,2026-04-20 17:45,slaughterhouse_1,slaughterhouse,1,,,,165.0,202.47,,,,,,,,,55,hitl
143,2026-04-20 17:45,wholesaler_1,wholesaler,1,,,,,,0.0,7.4,,,,,,,55,hitl
143,2026-04-20 17:45,retail_1,retail,1,,,,,,,,0.0,30.0,1.0,23.0,11.61,16.0388,55,hitl
144,2026-04-20 18:00,supplier_1,supplier,0,786.54,,,,,,,,,,,,,55,hitl
144,2026-04-20 18:00,farm_1,farm,1,,358.0,0.136,,,,,,,,,,,55,hitl
144,2026-04-20 18:00,slaughterhouse_1,slaughterhouse,1,,,,165.0,203.1,,,,,,,,,55,hitl
144,2026-04-20 18:00,wholesaler_1,wholesaler,1,,,,,,0.0,7.4,,,,,,,55,hitl
144,2026-04-20 18:00,retail_1,retail,1,,,,,,,,0.0,30.0,1.0,23.25,11.61,16.0388,55,hitl
145,2026-04-20 18:15,supplier_1,supplier,0,785.18,,,,,,,,,,,,,55,hitl
145,2026-04-20 18:15,farm_1,farm,1,,358.0,0.136,,,,,,,,,,,55,hitl
145,2026-04-20 18:15,slaughterhouse_1,slaughterhouse,1,,,,165.0,207.67,,,,,,,,,55,hitl
145,2026-04-20 18:15,wholesaler_1,wholesaler,1,,,,,,4.32,7.4,,,,,,,55,hitl
145,2026-04-20 18:15,retail_1,retail,1,,,,,,,,0.0,30.0,1.0,23.5,11.61,16.0388,55,hitl
146,2026-04-20 18:30,supplier_1,supplier,0,783.88,,,,,,,,,,,,,55,hitl
146,2026-04-20 18:30,farm_1,farm,1,,358.0,0.136,,,,,,,,,,,55,hitl
146,2026-04-20 18:30,slaughterhouse_1,slaughterhouse,1,,,,165.0,211.9,,,,,,,,,55,hitl
146,2026-04-20 18:30,wholesaler_1,wholesaler,1,,,,,,2.02,7.4,,,,,,,55,hitl
146,2026-04-20 18:30,retail_1,retail,1,,,,,,,,0.0,30.0,1.0,23.75,11.61,16.0388,55,hitl
147,2026-04-20 18:45,supplier_1,supplier,0,783.03,,,,,,,,,,,,,55,hitl
147,2026-04-20 18:45,farm_1,farm,1,,358.0,0.136,,,,,,,,,,,55,hitl
147,2026-04-20 18:45,slaughterhouse_1,slaughterhouse,1,,,,165.0,216.29,,,,,,,,,55,hitl
147,2026-04-20 18:45,wholesaler_1,wholesaler,1,,,,,,0.27,7.4,,,,,,,55,hitl
147,2026-04-20 18:45,retail_1,retail,1,,,,,,,,0.0,30.0,1.0,24.0,11.61,16.0388,55,hitl
148,2026-04-20 19:00,supplier_1,supplier,0,782.27,,,,,,,,,,,,,55,hitl
148,2026-04-20 19:00,farm_1,farm,1,,358.0,0.136,,,,,,,,,,,55,hitl
148,2026-04-20 19:00,slaughterhouse_1,slaughterhouse,1,,,,165.0,221.17,,,,,,,,,55,hitl
148,2026-04-20 19:00,wholesaler_1,wholesaler,1,,,,,,0.0,7.4,,,,,,,55,hitl
148,2026-04-20 19:00,retail_1,retail,1,,,,,,,,0.0,30.0,1.0,24.25,11.61,16.0388,55,hitl
149,2026-04-20 19:15,supplier_1,supplier,0,781.08,,,,,,,,,,,,,55,hitl
149,2026-04-20 19:15,farm_1,farm,1,,358.0,0.136,,,,,,,,,,,55,hitl
149,2026-04-20 19:15,slaughterhouse_1,slaughterhouse,1,,,,165.0,225.97,,,,,,,,,55,hitl
149,2026-04-20 19:15,wholesaler_1,wholesaler,1,,,,,,0.0,7.4,,,,,,,55,hitl
149,2026-04-20 19:15,retail_1,retail,1,,,,,,,,0.0,30.0,1.0,24.5,11.61,16.0388,55,hitl
150,2026-04-20 19:30,supplier_1,supplier,0,780.03,,,,,,,,,,,,,55,hitl
150,2026-04-20 19:30,farm_1,farm,1,,358.0,0.136,,,,,,,,,,,55,hitl
150,2026-04-20 19:30,slaughterhouse_1,slaughterhouse,1,,,,165.0,230.68,,,,,,,,,55,hitl
150,2026-04-20 19:30,wholesaler_1,wholesaler,1,,,,,,0.0,7.4,,,,,,,55,hitl
150,2026-04-20 19:30,retail_1,retail,1,,,,,,,,0.0,30.0,1.0,24.75,11.61,16.0388,55,hitl
151,2026-04-20 19:45,supplier_1,supplier,0,778.95,,,,,,,,,,,,,55,hitl
151,2026-04-20 19:45,farm_1,farm,1,,358.0,0.136,,,,,,,,,,,55,hitl
151,2026-04-20 19:45,slaughterhouse_1,slaughterhouse,1,,,,165.0,235.04,,,,,,,,,55,hitl
151,2026-04-20 19:45,wholesaler_1,wholesaler,1,,,,,,0.0,7.4,,,,,,,55,hitl
151,2026-04-20 19:45,retail_1,retail,1,,,,,,,,0.0,30.0,1.0,25.0,11.61,16.0388,55,hitl
152,2026-04-20 20:00,supplier_1,supplier,0,777.78,,,,,,,,,,,,,55,hitl
152,2026-04-20 20:00,farm_1,farm,1,,358.0,0.136,,,,,,,,,,,55,hitl
152,2026-04-20 20:00,slaughterhouse_1,slaughterhouse,1,,,,165.0,235.58,,,,,,,,,55,hitl
152,2026-04-20 20:00,wholesaler_1,wholesaler,1,,,,,,0.0,7.4,,,,,,,55,hitl
152,2026-04-20 20:00,retail_1,retail,1,,,,,,,,0.0,30.0,1.0,25.25,11.61,16.0388,55,hitl
153,2026-04-20 20:15,supplier_1,supplier,0,776.72,,,,,,,,,,,,,55,hitl
153,2026-04-20 20:15,farm_1,farm,1,,358.0,0.136,,,,,,,,,,,55,hitl
153,2026-04-20 20:15,slaughterhouse_1,slaughterhouse,1,,,,165.0,239.82,,,,,,,,,55,hitl
153,2026-04-20 20:15,wholesaler_1,wholesaler,1,,,,,,4.32,7.4,,,,,,,55,hitl
153,2026-04-20 20:15,retail_1,retail,1,,,,,,,,0.0,30.0,1.0,25.5,11.61,16.0388,55,hitl
154,2026-04-20 20:30,supplier_1,supplier,0,776.12,,,,,,,,,,,,,55,hitl
154,2026-04-20 20:30,farm_1,farm,1,,358.0,0.136,,,,,,,,,,,55,hitl
154,2026-04-20 20:30,slaughterhouse_1,slaughterhouse,1,,,,165.0,244.48,,,,,,,,,55,hitl
154,2026-04-20 20:30,wholesaler_1,wholesaler,1,,,,,,2.42,7.4,,,,,,,55,hitl
154,2026-04-20 20:30,retail_1,retail,1,,,,,,,,0.0,30.0,1.0,25.75,11.61,16.0388,55,hitl
155,2026-04-20 20:45,supplier_1,supplier,0,775.0,,,,,,,,,,,,,55,hitl
155,2026-04-20 20:45,farm_1,farm,1,,358.0,0.136,,,,,,,,,,,55,hitl
155,2026-04-20 20:45,slaughterhouse_1,slaughterhouse,1,,,,165.0,249.02,,,,,,,,,55,hitl
155,2026-04-20 20:45,wholesaler_1,wholesaler,1,,,,,,0.1,7.4,,,,,,,55,hitl
155,2026-04-20 20:45,retail_1,retail,1,,,,,,,,0.0,30.0,1.0,26.0,11.61,16.0388,55,hitl
156,2026-04-20 21:00,supplier_1,supplier,0,774.31,,,,,,,,,,,,,55,hitl
156,2026-04-20 21:00,farm_1,farm,1,,358.0,0.136,,,,,,,,,,,55,hitl
156,2026-04-20 21:00,slaughterhouse_1,slaughterhouse,1,,,,165.0,253.71,,,,,,,,,55,hitl
156,2026-04-20 21:00,wholesaler_1,wholesaler,1,,,,,,0.0,7.4,,,,,,,55,hitl
156,2026-04-20 21:00,retail_1,retail,1,,,,,,,,0.0,30.0,1.0,26.25,11.61,16.0388,55,hitl
157,2026-04-20 21:15,supplier_1,supplier,0,773.75,,,,,,,,,,,,,55,hitl
157,2026-04-20 21:15,farm_1,farm,1,,358.0,0.136,,,,,,,,,,,55,hitl
157,2026-04-20 21:15,slaughterhouse_1,slaughterhouse,1,,,,165.0,258.4,,,,,,,,,55,hitl
157,2026-04-20 21:15,wholesaler_1,wholesaler,1,,,,,,0.0,7.4,,,,,,,55,hitl
157,2026-04-20 21:15,retail_1,retail,1,,,,,,,,0.0,30.0,1.0,26.5,11.61,16.0388,55,hitl
158,2026-04-20 21:30,supplier_1,supplier,0,772.41,,,,,,,,,,,,,55,hitl
158,2026-04-20 21:30,farm_1,farm,1,,358.0,0.136,,,,,,,,,,,55,hitl
158,2026-04-20 21:30,slaughterhouse_1,slaughterhouse,1,,,,165.0,263.12,,,,,,,,,55,hitl
158,2026-04-20 21:30,wholesaler_1,wholesaler,1,,,,,,0.0,7.4,,,,,,,55,hitl
158,2026-04-20 21:30,retail_1,retail,1,,,,,,,,0.0,30.0,1.0,26.75,11.61,16.0388,55,hitl
159,2026-04-20 21:45,supplier_1,supplier,0,771.74,,,,,,,,,,,,,55,hitl
159,2026-04-20 21:45,farm_1,farm,1,,358.0,0.136,,,,,,,,,,,55,hitl
159,2026-04-20 21:45,slaughterhouse_1,slaughterhouse,1,,,,165.0,267.41,,,,,,,,,55,hitl
159,2026-04-20 21:45,wholesaler_1,wholesaler,1,,,,,,0.0,7.4,,,,,,,55,hitl
159,2026-04-20 21:45,retail_1,retail,1,,,,,,,,0.0,30.0,1.0,27.0,11.61,16.0388,55,hitl
160,2026-04-20 22:00,supplier_1,supplier,0,770.55,,,,,,,,,,,,,55,hitl
160,2026-04-20 22:00,farm_1,farm,1,,358.0,0.136,,,,,,,,,,,55,hitl
160,2026-04-20 22:00,slaughterhouse_1,slaughterhouse,1,,,,165.0,267.41,,,,,,,,,55,hitl
160,2026-04-20 22:00,wholesaler_1,wholesaler,1,,,,,,0.0,7.4,,,,,,,55,hitl
160,2026-04-20 22:00,retail_1,retail,1,,,,,,,,0.0,30.0,1.0,27.25,11.61,16.0388,55,hitl
161,2026-04-20 22:15,supplier_1,supplier,0,769.31,,,,,,,,,,,,,55,hitl
161,2026-04-20 22:15,farm_1,farm,1,,358.0,0.136,,,,,,,,,,,55,hitl
161,2026-04-20 22:15,slaughterhouse_1,slaughterhouse,1,,,,165.0,272.27,,,,,,,,,55,hitl
161,2026-04-20 22:15,wholesaler_1,wholesaler,1,,,,,,4.32,7.4,,,,,,,55,hitl
161,2026-04-20 22:15,retail_1,retail,1,,,,,,,,0.0,30.0,1.0,27.5,11.61,16.0388,55,hitl
162,2026-04-20 22:30,supplier_1,supplier,0,768.64,,,,,,,,,,,,,55,hitl
162,2026-04-20 22:30,farm_1,farm,1,,358.0,0.136,,,,,,,,,,,55,hitl
162,2026-04-20 22:30,slaughterhouse_1,slaughterhouse,1,,,,165.0,277.05,,,,,,,,,55,hitl
162,2026-04-20 22:30,wholesaler_1,wholesaler,1,,,,,,2.27,7.4,,,,,,,55,hitl
162,2026-04-20 22:30,retail_1,retail,1,,,,,,,,0.0,30.0,1.0,27.75,11.61,16.0388,55,hitl
163,2026-04-20 22:45,supplier_1,supplier,0,767.23,,,,,,,,,,,,,55,hitl
163,2026-04-20 22:45,farm_1,farm,1,,358.0,0.136,,,,,,,,,,,55,hitl
163,2026-04-20 22:45,slaughterhouse_1,slaughterhouse,1,,,,165.0,281.57,,,,,,,,,55,hitl
163,2026-04-20 22:45,wholesaler_1,wholesaler,1,,,,,,0.0,7.4,,,,,,,55,hitl
163,2026-04-20 22:45,retail_1,retail,1,,,,,,,,0.0,30.0,1.0,28.0,11.61,16.0388,55,hitl
164,2026-04-20 23:00,supplier_1,supplier,0,766.03,,,,,,,,,,,,,55,hitl
164,2026-04-20 23:00,farm_1,farm,1,,358.0,0.136,,,,,,,,,,,55,hitl
164,2026-04-20 23:00,slaughterhouse_1,slaughterhouse,1,,,,165.0,285.96,,,,,,,,,55,hitl
164,2026-04-20 23:00,wholesaler_1,wholesaler,1,,,,,,0.0,7.4,,,,,,,55,hitl
164,2026-04-20 23:00,retail_1,retail,1,,,,,,,,0.0,30.0,1.0,28.25,11.61,16.0388,55,hitl
165,2026-04-20 23:15,supplier_1,supplier,0,765.52,,,,,,,,,,,,,55,hitl
165,2026-04-20 23:15,farm_1,farm,1,,358.0,0.136,,,,,,,,,,,55,hitl
165,2026-04-20 23:15,slaughterhouse_1,slaughterhouse,1,,,,165.0,290.85,,,,,,,,,55,hitl
165,2026-04-20 23:15,wholesaler_1,wholesaler,1,,,,,,0.0,7.4,,,,,,,55,hitl
165,2026-04-20 23:15,retail_1,retail,1,,,,,,,,0.0,30.0,1.0,28.5,11.61,16.0388,55,hitl
166,2026-04-20 23:30,supplier_1,supplier,0,764.56,,,,,,,,,,,,,55,hitl
166,2026-04-20 23:30,farm_1,farm,1,,358.0,0.136,,,,,,,,,,,55,hitl
166,2026-04-20 23:30,slaughterhouse_1,slaughterhouse,1,,,,165.0,295.56,,,,,,,,,55,hitl
166,2026-04-20 23:30,wholesaler_1,wholesaler,1,,,,,,0.0,7.4,,,,,,,55,hitl
166,2026-04-20 23:30,retail_1,retail,1,,,,,,,,0.0,30.0,1.0,28.75,11.61,16.0388,55,hitl
167,2026-04-20 23:45,supplier_1,supplier,0,763.93,,,,,,,,,,,,,55,hitl
167,2026-04-20 23:45,farm_1,farm,1,,358.0,0.136,,,,,,,,,,,55,hitl
167,2026-04-20 23:45,slaughterhouse_1,slaughterhouse,1,,,,165.0,299.8,,,,,,,,,55,hitl
167,2026-04-20 23:45,wholesaler_1,wholesaler,1,,,,,,0.0,7.4,,,,,,,55,hitl
167,2026-04-20 23:45,retail_1,retail,1,,,,,,,,0.0,30.0,1.0,29.0,11.61,16.0388,55,hitl
168,2026-04-21 00:00,supplier_1,supplier,0,762.77,,,,,,,,,,,,,55,hitl
168,2026-04-21 00:00,farm_1,farm,1,,358.0,0.136,,,,,,,,,,,55,hitl
168,2026-04-21 00:00,slaughterhouse_1,slaughterhouse,1,,,,165.0,300.07,,,,,,,,,55,hitl
168,2026-04-21 00:00,wholesaler_1,wholesaler,1,,,,,,0.0,7.4,,,,,,,55,hitl
168,2026-04-21 00:00,retail_1,retail,1,,,,,,,,0.0,30.0,1.0,29.25,11.61,16.0388,55,hitl
169,2026-04-21 00:15,supplier_1,supplier,0,762.18,,,,,,,,,,,,,55,hitl
169,2026-04-21 00:15,farm_1,farm,1,,358.0,0.136,,,,,,,,,,,55,hitl
169,2026-04-21 00:15,slaughterhouse_1,slaughterhouse,1,,,,165.0,304.57,,,,,,,,,55,hitl
169,2026-04-21 00:15,wholesaler_1,wholesaler,1,,,,,,4.32,7.4,,,,,,,55,hitl
169,2026-04-21 00:15,retail_1,retail,1,,,,,,,,0.0,30.0,1.0,29.5,11.61,16.0388,55,hitl
170,2026-04-21 00:30,supplier_1,supplier,0,760.91,,,,,,,,,,,,,55,hitl
170,2026-04-21 00:30,farm_1,farm,1,,358.0,0.136,,,,,,,,,,,55,hitl
170,2026-04-21 00:30,slaughterhouse_1,slaughterhouse,1,,,,165.0,309.23,,,,,,,,,55,hitl
170,2026-04-21 00:30,wholesaler_1,wholesaler,1,,,,,,1.35,7.4,,,,,,,55,hitl
170,2026-04-21 00:30,retail_1,retail,1,,,,,,,,0.0,30.0,1.0,29.75,11.61,16.0388,55,hitl
171,2026-04-21 00:45,supplier_1,supplier,0,759.95,,,,,,,,,,,,,55,hitl
171,2026-04-21 00:45,farm_1,farm,1,,358.0,0.136,,,,,,,,,,,55,hitl
171,2026-04-21 00:45,slaughterhouse_1,slaughterhouse,1,,,,165.0,313.88,,,,,,,,,55,hitl
171,2026-04-21 00:45,wholesaler_1,wholesaler,1,,,,,,0.0,7.4,,,,,,,55,hitl
171,2026-04-21 00:45,retail_1,retail,1,,,,,,,,0.0,30.0,1.0,30.0,11.61,16.0388,55,hitl
172,2026-04-21 01:00,supplier_1,supplier,0,759.09,,,,,,,,,,,,,55,hitl
172,2026-04-21 01:00,farm_1,farm,1,,358.0,0.136,,,,,,,,,,,55,hitl
172,2026-04-21 01:00,slaughterhouse_1,slaughterhouse,1,,,,165.0,318.1,,,,,,,,,55,hitl
172,2026-04-21 01:00,wholesaler_1,wholesaler,1,,,,,,0.0,7.4,,,,,,,55,hitl
172,2026-04-21 01:00,retail_1,retail,1,,,,,,,,0.0,30.0,1.0,30.25,11.61,16.0388,55,hitl
173,2026-04-21 01:15,supplier_1,supplier,0,758.38,,,,,,,,,,,,,55,hitl
173,2026-04-21 01:15,farm_1,farm,1,,358.0,0.136,,,,,,,,,,,55,hitl
173,2026-04-21 01:15,slaughterhouse_1,slaughterhouse,1,,,,165.0,322.86,,,,,,,,,55,hitl
173,2026-04-21 01:15,wholesaler_1,wholesaler,1,,,,,,0.0,7.4,,,,,,,55,hitl
173,2026-04-21 01:15,retail_1,retail,1,,,,,,,,0.0,30.0,1.0,30.5,11.61,16.0388,55,hitl
174,2026-04-21 01:30,supplier_1,supplier,0,757.54,,,,,,,,,,,,,55,hitl
174,2026-04-21 01:30,farm_1,farm,1,,358.0,0.136,,,,,,,,,,,55,hitl
174,2026-04-21 01:30,slaughterhouse_1,slaughterhouse,1,,,,165.0,327.4,,,,,,,,,55,hitl
174,2026-04-21 01:30,wholesaler_1,wholesaler,1,,,,,,0.0,7.4,,,,,,,55,hitl
174,2026-04-21 01:30,retail_1,retail,1,,,,,,,,0.0,30.0,1.0,30.75,11.61,16.0388,55,hitl
175,2026-04-21 01:45,supplier_1,supplier,0,756.58,,,,,,,,,,,,,55,hitl
175,2026-04-21 01:45,farm_1,farm,1,,358.0,0.136,,,,,,,,,,,55,hitl
175,2026-04-21 01:45,slaughterhouse_1,slaughterhouse,1,,,,165.0,331.76,,,,,,,,,55,hitl
175,2026-04-21 01:45,wholesaler_1,wholesaler,1,,,,,,0.0,7.4,,,,,,,55,hitl
175,2026-04-21 01:45,retail_1,retail,1,,,,,,,,0.0,30.0,1.0,31.0,11.61,16.0388,55,hitl
176,2026-04-21 02:00,supplier_1,supplier,0,755.56,,,,,,,,,,,,,55,hitl
176,2026-04-21 02:00,farm_1,farm,1,,358.0,0.136,,,,,,,,,,,55,hitl
176,2026-04-21 02:00,slaughterhouse_1,slaughterhouse,1,,,,165.0,332.16,,,,,,,,,55,hitl
176,2026-04-21 02:00,wholesaler_1,wholesaler,1,,,,,,0.0,7.4,,,,,,,55,hitl
176,2026-04-21 02:00,retail_1,retail,1,,,,,,,,0.0,30.0,1.0,31.25,11.61,16.0388,55,hitl
177,2026-04-21 02:15,supplier_1,supplier,0,754.4,,,,,,,,,,,,,55,hitl
177,2026-04-21 02:15,farm_1,farm,1,,358.0,0.136,,,,,,,,,,,55,hitl
177,2026-04-21 02:15,slaughterhouse_1,slaughterhouse,1,,,,165.0,336.96,,,,,,,,,55,hitl
177,2026-04-21 02:15,wholesaler_1,wholesaler,1,,,,,,4.32,7.4,,,,,,,55,hitl
177,2026-04-21 02:15,retail_1,retail,1,,,,,,,,0.0,30.0,1.0,31.5,11.61,16.0388,55,hitl
178,2026-04-21 02:30,supplier_1,supplier,0,753.33,,,,,,,,,,,,,55,hitl
178,2026-04-21 02:30,farm_1,farm,1,,358.0,0.136,,,,,,,,,,,55,hitl
178,2026-04-21 02:30,slaughterhouse_1,slaughterhouse,1,,,,165.0,341.78,,,,,,,,,55,hitl
178,2026-04-21 02:30,wholesaler_1,wholesaler,1,,,,,,1.67,7.4,,,,,,,55,hitl
178,2026-04-21 02:30,retail_1,retail,1,,,,,,,,0.0,30.0,1.0,31.75,11.61,16.0388,55,hitl
179,2026-04-21 02:45,supplier_1,supplier,0,752.74,,,,,,,,,,,,,55,hitl
179,2026-04-21 02:45,farm_1,farm,1,,358.0,0.136,,,,,,,,,,,55,hitl
179,2026-04-21 02:45,slaughterhouse_1,slaughterhouse,1,,,,165.0,346.15,,,,,,,,,55,hitl
179,2026-04-21 02:45,wholesaler_1,wholesaler,1,,,,,,0.0,7.4,,,,,,,55,hitl
179,2026-04-21 02:45,retail_1,retail,1,,,,,,,,0.0,30.0,1.0,32.0,11.61,16.0388,55,hitl
180,2026-04-21 03:00,supplier_1,supplier,0,751.95,,,,,,,,,,,,,55,hitl
180,2026-04-21 03:00,farm_1,farm,1,,358.0,0.136,,,,,,,,,,,55,hitl
180,2026-04-21 03:00,slaughterhouse_1,slaughterhouse,1,,,,165.0,350.71,,,,,,,,,55,hitl
180,2026-04-21 03:00,wholesaler_1,wholesaler,1,,,,,,0.0,7.4,,,,,,,55,hitl
180,2026-04-21 03:00,retail_1,retail,1,,,,,,,,0.0,30.0,1.0,32.25,11.61,16.0388,55,hitl
181,2026-04-21 03:15,supplier_1,supplier,0,750.88,,,,,,,,,,,,,55,hitl
181,2026-04-21 03:15,farm_1,farm,1,,358.0,0.136,,,,,,,,,,,55,hitl
181,2026-04-21 03:15,slaughterhouse_1,slaughterhouse,1,,,,165.0,355.12,,,,,,,,,55,hitl
181,2026-04-21 03:15,wholesaler_1,wholesaler,1,,,,,,0.0,7.4,,,,,,,55,hitl
181,2026-04-21 03:15,retail_1,retail,1,,,,,,,,0.0,30.0,1.0,32.5,11.61,16.0388,55,hitl
182,2026-04-21 03:30,supplier_1,supplier,0,749.41,,,,,,,,,,,,,55,hitl
182,2026-04-21 03:30,farm_1,farm,1,,358.0,0.136,,,,,,,,,,,55,hitl
182,2026-04-21 03:30,slaughterhouse_1,slaughterhouse,1,,,,165.0,360.03,,,,,,,,,55,hitl
182,2026-04-21 03:30,wholesaler_1,wholesaler,1,,,,,,0.0,7.4,,,,,,,55,hitl
182,2026-04-21 03:30,retail_1,retail,1,,,,,,,,0.0,30.0,1.0,32.75,11.61,16.0388,55,hitl
183,2026-04-21 03:45,supplier_1,supplier,0,748.62,,,,,,,,,,,,,55,hitl
183,2026-04-21 03:45,farm_1,farm,1,,358.0,0.136,,,,,,,,,,,55,hitl
183,2026-04-21 03:45,slaughterhouse_1,slaughterhouse,1,,,,165.0,364.73,,,,,,,,,55,hitl
183,2026-04-21 03:45,wholesaler_1,wholesaler,1,,,,,,0.0,7.4,,,,,,,55,hitl
183,2026-04-21 03:45,retail_1,retail,1,,,,,,,,0.0,30.0,1.0,33.0,11.61,16.0388,55,hitl
184,2026-04-21 04:00,supplier_1,supplier,0,747.58,,,,,,,,,,,,,55,hitl
184,2026-04-21 04:00,farm_1,farm,1,,358.0,0.136,,,,,,,,,,,55,hitl
184,2026-04-21 04:00,slaughterhouse_1,slaughterhouse,1,,,,165.0,364.66,,,,,,,,,55,hitl
184,2026-04-21 04:00,wholesaler_1,wholesaler,1,,,,,,0.0,7.4,,,,,,,55,hitl
184,2026-04-21 04:00,retail_1,retail,1,,,,,,,,0.0,30.0,1.0,33.25,11.61,16.0388,55,hitl
185,2026-04-21 04:15,supplier_1,supplier,0,746.97,,,,,,,,,,,,,55,hitl
185,2026-04-21 04:15,farm_1,farm,1,,358.0,0.136,,,,,,,,,,,55,hitl
185,2026-04-21 04:15,slaughterhouse_1,slaughterhouse,1,,,,165.0,369.58,,,,,,,,,55,hitl
185,2026-04-21 04:15,wholesaler_1,wholesaler,1,,,,,,4.32,7.4,,,,,,,55,hitl
185,2026-04-21 04:15,retail_1,retail,1,,,,,,,,0.0,30.0,1.0,33.5,11.61,16.0388,55,hitl
186,2026-04-21 04:30,supplier_1,supplier,0,746.27,,,,,,,,,,,,,55,hitl
186,2026-04-21 04:30,farm_1,farm,1,,358.0,0.136,,,,,,,,,,,55,hitl
186,2026-04-21 04:30,slaughterhouse_1,slaughterhouse,1,,,,165.0,374.3,,,,,,,,,55,hitl
186,2026-04-21 04:30,wholesaler_1,wholesaler,1,,,,,,1.43,7.4,,,,,,,55,hitl
186,2026-04-21 04:30,retail_1,retail,1,,,,,,,,0.0,30.0,1.0,33.75,11.61,16.0388,55,hitl
187,2026-04-21 04:45,supplier_1,supplier,0,745.21,,,,,,,,,,,,,55,hitl
187,2026-04-21 04:45,farm_1,farm,1,,358.0,0.136,,,,,,,,,,,55,hitl
187,2026-04-21 04:45,slaughterhouse_1,slaughterhouse,1,,,,165.0,378.7,,,,,,,,,55,hitl
187,2026-04-21 04:45,wholesaler_1,wholesaler,1,,,,,,0.0,7.4,,,,,,,55,hitl
187,2026-04-21 04:45,retail_1,retail,1,,,,,,,,0.0,30.0,1.0,34.0,11.61,16.0388,55,hitl
188,2026-04-21 05:00,supplier_1,supplier,0,744.36,,,,,,,,,,,,,55,hitl
188,2026-04-21 05:00,farm_1,farm,1,,358.0,0.136,,,,,,,,,,,55,hitl
188,2026-04-21 05:00,slaughterhouse_1,slaughterhouse,1,,,,165.0,383.58,,,,,,,,,55,hitl
188,2026-04-21 05:00,wholesaler_1,wholesaler,1,,,,,,0.0,7.4,,,,,,,55,hitl
188,2026-04-21 05:00,retail_1,retail,1,,,,,,,,0.0,30.0,1.0,34.25,11.61,16.0388,55,hitl
189,2026-04-21 05:15,supplier_1,supplier,0,743.57,,,,,,,,,,,,,55,hitl
189,2026-04-21 05:15,farm_1,farm,1,,358.0,0.136,,,,,,,,,,,55,hitl
189,2026-04-21 05:15,slaughterhouse_1,slaughterhouse,1,,,,165.0,388.37,,,,,,,,,55,hitl
189,2026-04-21 05:15,wholesaler_1,wholesaler,1,,,,,,0.0,7.4,,,,,,,55,hitl
189,2026-04-21 05:15,retail_1,retail,1,,,,,,,,0.0,30.0,1.0,34.5,11.61,16.0388,55,hitl
190,2026-04-21 05:30,supplier_1,supplier,0,742.9,,,,,,,,,,,,,55,hitl
190,2026-04-21 05:30,farm_1,farm,1,,358.0,0.136,,,,,,,,,,,55,hitl
190,2026-04-21 05:30,slaughterhouse_1,slaughterhouse,1,,,,165.0,392.81,,,,,,,,,55,hitl
190,2026-04-21 05:30,wholesaler_1,wholesaler,1,,,,,,0.0,7.4,,,,,,,55,hitl
190,2026-04-21 05:30,retail_1,retail,1,,,,,,,,0.0,30.0,1.0,34.75,11.61,16.0388,55,hitl
191,2026-04-21 05:45,supplier_1,supplier,0,741.45,,,,,,,,,,,,,55,hitl
191,2026-04-21 05:45,farm_1,farm,1,,358.0,0.136,,,,,,,,,,,55,hitl
191,2026-04-21 05:45,slaughterhouse_1,slaughterhouse,1,,,,165.0,397.35,,,,,,,,,55,hitl
191,2026-04-21 05:45,wholesaler_1,wholesaler,1,,,,,,0.0,7.4,,,,,,,55,hitl
191,2026-04-21 05:45,retail_1,retail,1,,,,,,,,0.0,30.0,1.0,35.0,11.61,16.0388,55,hitl
192,2026-04-21 06:00,supplier_1,supplier,0,740.72,,,,,,,,,,,,,55,hitl
192,2026-04-21 06:00,farm_1,farm,1,,358.0,0.136,,,,,,,,,,,55,hitl
192,2026-04-21 06:00,slaughterhouse_1,slaughterhouse,1,,,,165.0,395.68,,,,,,,,,55,hitl
192,2026-04-21 06:00,wholesaler_1,wholesaler,1,,,,,,0.0,7.4,,,,,,,55,hitl
192,2026-04-21 06:00,retail_1,retail,1,,,,,,,,0.0,30.0,1.0,35.25,11.61,16.0388,55,hitl
193,2026-04-21 06:15,supplier_1,supplier,0,740.01,,,,,,,,,,,,,55,hitl
193,2026-04-21 06:15,farm_1,farm,1,,358.0,0.136,,,,,,,,,,,55,hitl
193,2026-04-21 06:15,slaughterhouse_1,slaughterhouse,1,,,,165.0,400.0,,,,,,,,,55,hitl
193,2026-04-21 06:15,wholesaler_1,wholesaler,1,,,,,,4.32,7.4,,,,,,,55,hitl
193,2026-04-21 06:15,retail_1,retail,1,,,,,,,,0.0,30.0,1.0,35.5,11.61,16.0388,55,hitl
194,2026-04-21 06:30,supplier_1,supplier,0,738.68,,,,,,,,,,,,,55,hitl
194,2026-04-21 06:30,farm_1,farm,1,,358.0,0.136,,,,,,,,,,,55,hitl
194,2026-04-21 06:30,slaughterhouse_1,slaughterhouse,1,,,,165.0,400.0,,,,,,,,,55,hitl
194,2026-04-21 06:30,wholesaler_1,wholesaler,1,,,,,,2.3,7.4,,,,,,,55,hitl
194,2026-04-21 06:30,retail_1,retail,1,,,,,,,,0.0,30.0,1.0,35.75,11.61,16.0388,55,hitl
195,2026-04-21 06:45,supplier_1,supplier,0,737.67,,,,,,,,,,,,,55,hitl
195,2026-04-21 06:45,farm_1,farm,1,,358.0,0.136,,,,,,,,,,,55,hitl
195,2026-04-21 06:45,slaughterhouse_1,slaughterhouse,1,,,,165.0,400.0,,,,,,,,,55,hitl
195,2026-04-21 06:45,wholesaler_1,wholesaler,1,,,,,,0.05,7.4,,,,,,,55,hitl
195,2026-04-21 06:45,retail_1,retail,1,,,,,,,,0.0,30.0,1.0,36.0,11.61,16.0388,55,hitl
196,2026-04-21 07:00,supplier_1,supplier,0,736.35,,,,,,,,,,,,,55,hitl
196,2026-04-21 07:00,farm_1,farm,1,,358.0,0.136,,,,,,,,,,,55,hitl
196,2026-04-21 07:00,slaughterhouse_1,slaughterhouse,1,,,,165.0,400.0,,,,,,,,,55,hitl
196,2026-04-21 07:00,wholesaler_1,wholesaler,1,,,,,,0.0,7.4,,,,,,,55,hitl
196,2026-04-21 07:00,retail_1,retail,1,,,,,,,,0.0,30.0,1.0,36.25,11.61,16.0388,55,hitl
197,2026-04-21 07:15,supplier_1,supplier,0,735.26,,,,,,,,,,,,,55,hitl
197,2026-04-21 07:15,farm_1,farm,1,,358.0,0.136,,,,,,,,,,,55,hitl
197,2026-04-21 07:15,slaughterhouse_1,slaughterhouse,1,,,,165.0,400.0,,,,,,,,,55,hitl
197,2026-04-21 07:15,wholesaler_1,wholesaler,1,,,,,,0.0,7.4,,,,,,,55,hitl
197,2026-04-21 07:15,retail_1,retail,1,,,,,,,,0.0,30.0,1.0,36.5,11.61,16.0388,55,hitl
198,2026-04-21 07:30,supplier_1,supplier,0,734.26,,,,,,,,,,,,,55,hitl
198,2026-04-21 07:30,farm_1,farm,1,,358.0,0.136,,,,,,,,,,,55,hitl
198,2026-04-21 07:30,slaughterhouse_1,slaughterhouse,1,,,,165.0,400.0,,,,,,,,,55,hitl
198,2026-04-21 07:30,wholesaler_1,wholesaler,1,,,,,,0.0,7.4,,,,,,,55,hitl
198,2026-04-21 07:30,retail_1,retail,1,,,,,,,,0.0,30.0,1.0,36.75,11.61,16.0388,55,hitl
199,2026-04-21 07:45,supplier_1,supplier,0,733.65,,,,,,,,,,,,,55,hitl
199,2026-04-21 07:45,farm_1,farm,1,,358.0,0.136,,,,,,,,,,,55,hitl
199,2026-04-21 07:45,slaughterhouse_1,slaughterhouse,1,,,,165.0,400.0,,,,,,,,,55,hitl
199,2026-04-21 07:45,wholesaler_1,wholesaler,1,,,,,,0.0,7.4,,,,,,,55,hitl
199,2026-04-21 07:45,retail_1,retail,1,,,,,,,,0.0,30.0,1.0,37.0,11.61,16.0388,55,hitl
200,2026-04-21 08:00,supplier_1,supplier,0,733.05,,,,,,,,,,,,,55,hitl
200,2026-04-21 08:00,farm_1,farm,1,,358.0,0.136,,,,,,,,,,,55,hitl
200,2026-04-21 08:00,slaughterhouse_1,slaughterhouse,1,,,,165.0,395.68,,,,,,,,,55,hitl
200,2026-04-21 08:00,wholesaler_1,wholesaler,1,,,,,,0.0,7.4,,,,,,,55,hitl
200,2026-04-21 08:00,retail_1,retail,1,,,,,,,,0.0,30.0,1.0,37.25,11.61,16.0388,55,hitl
201,2026-04-21 08:15,supplier_1,supplier,0,732.29,,,,,,,,,,,,,55,hitl
201,2026-04-21 08:15,farm_1,farm,1,,358.0,0.136,,,,,,,,,,,55,hitl
201,2026-04-21 08:15,slaughterhouse_1,slaughterhouse,1,,,,165.0,400.0,,,,,,,,,55,hitl
201,2026-04-21 08:15,wholesaler_1,wholesaler,1,,,,,,4.32,7.4,,,,,,,55,hitl
201,2026-04-21 08:15,retail_1,retail,1,,,,,,,,0.0,30.0,1.0,37.5,11.61,16.0388,55,hitl
202,2026-04-21 08:30,supplier_1,supplier,0,731.41,,,,,,,,,,,,,55,hitl
202,2026-04-21 08:30,farm_1,farm,1,,358.0,0.136,,,,,,,,,,,55,hitl
202,2026-04-21 08:30,slaughterhouse_1,slaughterhouse,1,,,,165.0,400.0,,,,,,,,,55,hitl
202,2026-04-21 08:30,wholesaler_1,wholesaler,1,,,,,,2.77,7.4,,,,,,,55,hitl
202,2026-04-21 08:30,retail_1,retail,1,,,,,,,,0.0,30.0,1.0,37.75,11.61,16.0388,55,hitl
203,2026-04-21 08:45,supplier_1,supplier,0,730.23,,,,,,,,,,,,,55,hitl
203,2026-04-21 08:45,farm_1,farm,1,,358.0,0.136,,,,,,,,,,,55,hitl
203,2026-04-21 08:45,slaughterhouse_1,slaughterhouse,1,,,,165.0,400.0,,,,,,,,,55,hitl
203,2026-04-21 08:45,wholesaler_1,wholesaler,1,,,,,,1.03,7.4,,,,,,,55,hitl
203,2026-04-21 08:45,retail_1,retail,1,,,,,,,,0.0,30.0,1.0,38.0,11.61,16.0388,55,hitl
204,2026-04-21 09:00,supplier_1,supplier,0,729.38,,,,,,,,,,,,,55,hitl
204,2026-04-21 09:00,farm_1,farm,1,,358.0,0.136,,,,,,,,,,,55,hitl
204,2026-04-21 09:00,slaughterhouse_1,slaughterhouse,1,,,,165.0,400.0,,,,,,,,,55,hitl
204,2026-04-21 09:00,wholesaler_1,wholesaler,1,,,,,,0.0,7.4,,,,,,,55,hitl
204,2026-04-21 09:00,retail_1,retail,1,,,,,,,,0.0,30.0,1.0,38.25,11.61,16.0388,55,hitl
205,2026-04-21 09:15,supplier_1,supplier,0,728.17,,,,,,,,,,,,,55,hitl
205,2026-04-21 09:15,farm_1,farm,1,,358.0,0.136,,,,,,,,,,,55,hitl
205,2026-04-21 09:15,slaughterhouse_1,slaughterhouse,1,,,,165.0,400.0,,,,,,,,,55,hitl
205,2026-04-21 09:15,wholesaler_1,wholesaler,1,,,,,,0.0,7.4,,,,,,,55,hitl
205,2026-04-21 09:15,retail_1,retail,1,,,,,,,,0.0,30.0,1.0,38.5,11.61,16.0388,55,hitl
206,2026-04-21 09:30,supplier_1,supplier,0,727.6,,,,,,,,,,,,,55,hitl
206,2026-04-21 09:30,farm_1,farm,1,,358.0,0.136,,,,,,,,,,,55,hitl
206,2026-04-21 09:30,slaughterhouse_1,slaughterhouse,1,,,,165.0,400.0,,,,,,,,,55,hitl
206,2026-04-21 09:30,wholesaler_1,wholesaler,1,,,,,,0.0,7.4,,,,,,,55,hitl
206,2026-04-21 09:30,retail_1,retail,1,,,,,,,,0.0,30.0,1.0,38.75,11.61,16.0388,55,hitl
207,2026-04-21 09:45,supplier_1,supplier,0,726.7,,,,,,,,,,,,,55,hitl
207,2026-04-21 09:45,farm_1,farm,1,,358.0,0.136,,,,,,,,,,,55,hitl
207,2026-04-21 09:45,slaughterhouse_1,slaughterhouse,1,,,,165.0,400.0,,,,,,,,,55,hitl
207,2026-04-21 09:45,wholesaler_1,wholesaler,1,,,,,,0.0,7.4,,,,,,,55,hitl
207,2026-04-21 09:45,retail_1,retail,1,,,,,,,,0.0,30.0,1.0,39.0,11.61,16.0388,55,hitl
208,2026-04-21 10:00,supplier_1,supplier,0,725.25,,,,,,,,,,,,,55,hitl
208,2026-04-21 10:00,farm_1,farm,0,,620.0,0.033,,,,,,,,,,,55,hitl
208,2026-04-21 10:00,slaughterhouse_1,slaughterhouse,1,,,,165.0,395.68,,,,,,,,,55,hitl
208,2026-04-21 10:00,wholesaler_1,wholesaler,1,,,,,,0.0,7.4,,,,,,,55,hitl
208,2026-04-21 10:00,retail_1,retail,1,,,,,,,,0.0,30.0,1.0,39.25,11.61,16.0388,55,hitl
209,2026-04-21 10:15,supplier_1,supplier,0,724.11,,,,,,,,,,,,,55,hitl
209,2026-04-21 10:15,farm_1,farm,0,,620.0,0.033,,,,,,,,,,,55,hitl
209,2026-04-21 10:15,slaughterhouse_1,slaughterhouse,1,,,,165.0,399.98,,,,,,,,,55,hitl
209,2026-04-21 10:15,wholesaler_1,wholesaler,1,,,,,,4.32,7.4,,,,,,,55,hitl
209,2026-04-21 10:15,retail_1,retail,1,,,,,,,,0.0,30.0,1.0,39.5,11.61,16.0388,55,hitl
210,2026-04-21 10:30,supplier_1,supplier,0,723.46,,,,,,,,,,,,,55,hitl
210,2026-04-21 10:30,farm_1,farm,0,,620.0,0.033,,,,,,,,,,,55,hitl
210,2026-04-21 10:30,slaughterhouse_1,slaughterhouse,1,,,,165.0,400.0,,,,,,,,,55,hitl
210,2026-04-21 10:30,wholesaler_1,wholesaler,1,,,,,,2.74,7.4,,,,,,,55,hitl
210,2026-04-21 10:30,retail_1,retail,1,,,,,,,,0.0,30.0,1.0,39.75,11.61,16.0388,55,hitl
211,2026-04-21 10:45,supplier_1,supplier,0,722.23,,,,,,,,,,,,,55,hitl
211,2026-04-21 10:45,farm_1,farm,0,,620.0,0.033,,,,,,,,,,,55,hitl
211,2026-04-21 10:45,slaughterhouse_1,slaughterhouse,1,,,,165.0,400.0,,,,,,,,,55,hitl
211,2026-04-21 10:45,wholesaler_1,wholesaler,1,,,,,,0.83,7.4,,,,,,,55,hitl
211,2026-04-21 10:45,retail_1,retail,1,,,,,,,,0.0,30.0,1.0,40.0,11.61,16.0388,55,hitl
212,2026-04-21 11:00,supplier_1,supplier,0,721.6,,,,,,,,,,,,,55,hitl
212,2026-04-21 11:00,farm_1,farm,0,,620.0,0.033,,,,,,,,,,,55,hitl
212,2026-04-21 11:00,slaughterhouse_1,slaughterhouse,1,,,,165.0,400.0,,,,,,,,,55,hitl
212,2026-04-21 11:00,wholesaler_1,wholesaler,1,,,,,,0.0,7.4,,,,,,,55,hitl
212,2026-04-21 11:00,retail_1,retail,1,,,,,,,,0.0,30.0,1.0,40.25,11.61,16.0388,55,hitl
213,2026-04-21 11:15,supplier_1,supplier,0,720.9,,,,,,,,,,,,,55,hitl
213,2026-04-21 11:15,farm_1,farm,0,,620.0,0.033,,,,,,,,,,,55,hitl
213,2026-04-21 11:15,slaughterhouse_1,slaughterhouse,1,,,,165.0,400.0,,,,,,,,,55,hitl
213,2026-04-21 11:15,wholesaler_1,wholesaler,1,,,,,,0.0,7.4,,,,,,,55,hitl
213,2026-04-21 11:15,retail_1,retail,1,,,,,,,,0.0,30.0,1.0,40.5,11.61,16.0388,55,hitl
214,2026-04-21 11:30,supplier_1,supplier,0,719.63,,,,,,,,,,,,,55,hitl
214,2026-04-21 11:30,farm_1,farm,0,,620.0,0.033,,,,,,,,,,,55,hitl
214,2026-04-21 11:30,slaughterhouse_1,slaughterhouse,1,,,,165.0,400.0,,,,,,,,,55,hitl
214,2026-04-21 11:30,wholesaler_1,wholesaler,1,,,,,,0.0,7.4,,,,,,,55,hitl
214,2026-04-21 11:30,retail_1,retail,1,,,,,,,,0.0,30.0,1.0,40.75,11.61,16.0388,55,hitl
215,2026-04-21 11:45,supplier_1,supplier,0,718.8,,,,,,,,,,,,,55,hitl
215,2026-04-21 11:45,farm_1,farm,0,,620.0,0.033,,,,,,,,,,,55,hitl
215,2026-04-21 11:45,slaughterhouse_1,slaughterhouse,1,,,,165.0,400.0,,,,,,,,,55,hitl
215,2026-04-21 11:45,wholesaler_1,wholesaler,1,,,,,,0.0,7.4,,,,,,,55,hitl
215,2026-04-21 11:45,retail_1,retail,1,,,,,,,,0.0,30.0,1.0,41.0,11.61,16.0388,55,hitl
216,2026-04-21 12:00,supplier_1,supplier,0,718.22,,,,,,,,,,,,,55,hitl
216,2026-04-21 12:00,farm_1,farm,0,,620.0,0.033,,,,,,,,,,,55,hitl
216,2026-04-21 12:00,slaughterhouse_1,slaughterhouse,1,,,,165.0,395.68,,,,,,,,,55,hitl
216,2026-04-21 12:00,wholesaler_1,wholesaler,1,,,,,,0.0,7.4,,,,,,,55,hitl
216,2026-04-21 12:00,retail_1,retail,1,,,,,,,,0.0,30.0,1.0,41.25,11.61,16.0388,55,hitl
217,2026-04-21 12:15,supplier_1,supplier,0,717.04,,,,,,,,,,,,,55,hitl
217,2026-04-21 12:15,farm_1,farm,0,,620.0,0.033,,,,,,,,,,,55,hitl
217,2026-04-21 12:15,slaughterhouse_1,slaughterhouse,1,,,,165.0,400.0,,,,,,,,,55,hitl
217,2026-04-21 12:15,wholesaler_1,wholesaler,1,,,,,,4.32,7.4,,,,,,,55,hitl
217,2026-04-21 12:15,retail_1,retail,1,,,,,,,,0.0,30.0,1.0,41.5,11.61,16.0388,55,hitl
218,2026-04-21 12:30,supplier_1,supplier,0,716.36,,,,,,,,,,,,,55,hitl
218,2026-04-21 12:30,farm_1,farm,0,,620.0,0.033,,,,,,,,,,,55,hitl
218,2026-04-21 12:30,slaughterhouse_1,slaughterhouse,1,,,,165.0,400.0,,,,,,,,,55,hitl
218,2026-04-21 12:30,wholesaler_1,wholesaler,1,,,,,,1.47,7.4,,,,,,,55,hitl
218,2026-04-21 12:30,retail_1,retail,1,,,,,,,,0.0,30.0,1.0,41.75,11.61,16.0388,55,hitl
219,2026-04-21 12:45,supplier_1,supplier,0,715.02,,,,,,,,,,,,,55,hitl
219,2026-04-21 12:45,farm_1,farm,0,,620.0,0.033,,,,,,,,,,,55,hitl
219,2026-04-21 12:45,slaughterhouse_1,slaughterhouse,1,,,,165.0,400.0,,,,,,,,,55,hitl
219,2026-04-21 12:45,wholesaler_1,wholesaler,1,,,,,,0.0,7.4,,,,,,,55,hitl
219,2026-04-21 12:45,retail_1,retail,1,,,,,,,,0.0,30.0,1.0,42.0,11.61,16.0388,55,hitl
220,2026-04-21 13:00,supplier_1,supplier,0,713.96,,,,,,,,,,,,,55,hitl
220,2026-04-21 13:00,farm_1,farm,0,,620.0,0.033,,,,,,,,,,,55,hitl
220,2026-04-21 13:00,slaughterhouse_1,slaughterhouse,1,,,,165.0,400.0,,,,,,,,,55,hitl
220,2026-04-21 13:00,wholesaler_1,wholesaler,1,,,,,,0.0,7.4,,,,,,,55,hitl
220,2026-04-21 13:00,retail_1,retail,1,,,,,,,,0.0,30.0,1.0,42.25,11.61,16.0388,55,hitl
221,2026-04-21 13:15,supplier_1,supplier,0,712.84,,,,,,,,,,,,,55,hitl
221,2026-04-21 13:15,farm_1,farm,0,,620.0,0.033,,,,,,,,,,,55,hitl
221,2026-04-21 13:15,slaughterhouse_1,slaughterhouse,1,,,,165.0,400.0,,,,,,,,,55,hitl
221,2026-04-21 13:15,wholesaler_1,wholesaler,1,,,,,,0.0,7.4,,,,,,,55,hitl
221,2026-04-21 13:15,retail_1,retail,1,,,,,,,,0.0,30.0,1.0,42.5,11.61,16.0388,55,hitl
222,2026-04-21 13:30,supplier_1,supplier,0,711.91,,,,,,,,,,,,,55,hitl
222,2026-04-21 13:30,farm_1,farm,0,,620.0,0.033,,,,,,,,,,,55,hitl
222,2026-04-21 13:30,slaughterhouse_1,slaughterhouse,1,,,,165.0,400.0,,,,,,,,,55,hitl
222,2026-04-21 13:30,wholesaler_1,wholesaler,1,,,,,,0.0,7.4,,,,,,,55,hitl
222,2026-04-21 13:30,retail_1,retail,1,,,,,,,,0.0,30.0,1.0,42.75,11.61,16.0388,55,hitl
223,2026-04-21 13:45,supplier_1,supplier,0,711.12,,,,,,,,,,,,,55,hitl
223,2026-04-21 13:45,farm_1,farm,0,,620.0,0.033,,,,,,,,,,,55,hitl
223,2026-04-21 13:45,slaughterhouse_1,slaughterhouse,1,,,,165.0,400.0,,,,,,,,,55,hitl
223,2026-04-21 13:45,wholesaler_1,wholesaler,1,,,,,,0.0,7.4,,,,,,,55,hitl
223,2026-04-21 13:45,retail_1,retail,1,,,,,,,,0.0,30.0,1.0,43.0,11.61,16.0388,55,hitl
224,2026-04-21 14:00,supplier_1,supplier,0,710.41,,,,,,,,,,,,,55,hitl
224,2026-04-21 14:00,farm_1,farm,0,,620.0,0.033,,,,,,,,,,,55,hitl
224,2026-04-21 14:00,slaughterhouse_1,slaughterhouse,1,,,,165.0,395.68,,,,,,,,,55,hitl
224,2026-04-21 14:00,wholesaler_1,wholesaler,1,,,,,,0.0,7.4,,,,,,,55,hitl
224,2026-04-21 14:00,retail_1,retail,1,,,,,,,,0.0,30.0,1.0,43.25,11.61,16.0388,55,hitl
225,2026-04-21 14:15,supplier_1,supplier,0,709.77,,,,,,,,,,,,,55,hitl
225,2026-04-21 14:15,farm_1,farm,0,,620.0,0.033,,,,,,,,,,,55,hitl
225,2026-04-21 14:15,slaughterhouse_1,slaughterhouse,1,,,,165.0,400.0,,,,,,,,,55,hitl
225,2026-04-21 14:15,wholesaler_1,wholesaler,1,,,,,,4.32,7.4,,,,,,,55,hitl
225,2026-04-21 14:15,retail_1,retail,1,,,,,,,,0.0,30.0,1.0,43.5,11.61,16.0388,55,hitl
226,2026-04-21 14:30,supplier_1,supplier,0,708.79,,,,,,,,,,,,,55,hitl
226,2026-04-21 14:30,farm_1,farm,0,,620.0,0.033,,,,,,,,,,,55,hitl
226,2026-04-21 14:30,slaughterhouse_1,slaughterhouse,1,,,,165.0,400.0,,,,,,,,,55,hitl
226,2026-04-21 14:30,wholesaler_1,wholesaler,1,,,,,,2.26,7.4,,,,,,,55,hitl
226,2026-04-21 14:30,retail_1,retail,1,,,,,,,,0.0,30.0,1.0,43.75,11.61,16.0388,55,hitl
227,2026-04-21 14:45,supplier_1,supplier,0,707.29,,,,,,,,,,,,,55,hitl
227,2026-04-21 14:45,farm_1,farm,0,,620.0,0.033,,,,,,,,,,,55,hitl
227,2026-04-21 14:45,slaughterhouse_1,slaughterhouse,1,,,,165.0,400.0,,,,,,,,,55,hitl
227,2026-04-21 14:45,wholesaler_1,wholesaler,1,,,,,,0.0,7.4,,,,,,,55,hitl
227,2026-04-21 14:45,retail_1,retail,1,,,,,,,,0.0,30.0,1.0,44.0,11.61,16.0388,55,hitl
228,2026-04-21 15:00,supplier_1,supplier,0,706.4,,,,,,,,,,,,,55,hitl
228,2026-04-21 15:00,farm_1,farm,0,,620.0,0.033,,,,,,,,,,,55,hitl
228,2026-04-21 15:00,slaughterhouse_1,slaughterhouse,1,,,,165.0,400.0,,,,,,,,,55,hitl
228,2026-04-21 15:00,wholesaler_1,wholesaler,1,,,,,,0.0,7.4,,,,,,,55,hitl
228,2026-04-21 15:00,retail_1,retail,1,,,,,,,,0.0,30.0,1.0,44.25,11.61,16.0388,55,hitl
229,2026-04-21 15:15,supplier_1,supplier,0,705.33,,,,,,,,,,,,,55,hitl
229,2026-04-21 15:15,farm_1,farm,0,,620.0,0.033,,,,,,,,,,,55,hitl
229,2026-04-21 15:15,slaughterhouse_1,slaughterhouse,1,,,,165.0,400.0,,,,,,,,,55,hitl
229,2026-04-21 15:15,wholesaler_1,wholesaler,1,,,,,,0.0,7.4,,,,,,,55,hitl
229,2026-04-21 15:15,retail_1,retail,1,,,,,,,,0.0,30.0,1.0,44.5,11.61,16.0388,55,hitl
230,2026-04-21 15:30,supplier_1,supplier,0,703.93,,,,,,,,,,,,,55,hitl
230,2026-04-21 15:30,farm_1,farm,0,,620.0,0.033,,,,,,,,,,,55,hitl
230,2026-04-21 15:30,slaughterhouse_1,slaughterhouse,1,,,,165.0,400.0,,,,,,,,,55,hitl
230,2026-04-21 15:30,wholesaler_1,wholesaler,1,,,,,,0.0,7.4,,,,,,,55,hitl
230,2026-04-21 15:30,retail_1,retail,1,,,,,,,,0.0,30.0,1.0,44.75,11.61,16.0388,55,hitl
231,2026-04-21 15:45,supplier_1,supplier,0,703.3,,,,,,,,,,,,,55,hitl
231,2026-04-21 15:45,farm_1,farm,0,,620.0,0.033,,,,,,,,,,,55,hitl
231,2026-04-21 15:45,slaughterhouse_1,slaughterhouse,1,,,,165.0,400.0,,,,,,,,,55,hitl
231,2026-04-21 15:45,wholesaler_1,wholesaler,1,,,,,,0.0,7.4,,,,,,,55,hitl
231,2026-04-21 15:45,retail_1,retail,1,,,,,,,,0.0,30.0,1.0,45.0,11.61,16.0388,55,hitl
232,2026-04-21 16:00,supplier_1,supplier,0,701.99,,,,,,,,,,,,,55,hitl
232,2026-04-21 16:00,farm_1,farm,0,,620.0,0.033,,,,,,,,,,,55,hitl
232,2026-04-21 16:00,slaughterhouse_1,slaughterhouse,1,,,,165.0,395.68,,,,,,,,,55,hitl
232,2026-04-21 16:00,wholesaler_1,wholesaler,1,,,,,,0.0,7.4,,,,,,,55,hitl
232,2026-04-21 16:00,retail_1,retail,1,,,,,,,,0.0,30.0,1.0,45.25,11.61,16.0388,55,hitl
233,2026-04-21 16:15,supplier_1,supplier,0,700.83,,,,,,,,,,,,,55,hitl
233,2026-04-21 16:15,farm_1,farm,0,,620.0,0.033,,,,,,,,,,,55,hitl
233,2026-04-21 16:15,slaughterhouse_1,slaughterhouse,1,,,,165.0,399.92,,,,,,,,,55,hitl
233,2026-04-21 16:15,wholesaler_1,wholesaler,1,,,,,,4.32,7.4,,,,,,,55,hitl
233,2026-04-21 16:15,retail_1,retail,1,,,,,,,,0.0,30.0,1.0,45.5,11.61,16.0388,55,hitl
234,2026-04-21 16:30,supplier_1,supplier,0,700.31,,,,,,,,,,,,,55,hitl
234,2026-04-21 16:30,farm_1,farm,0,,620.0,0.033,,,,,,,,,,,55,hitl
234,2026-04-21 16:30,slaughterhouse_1,slaughterhouse,1,,,,165.0,400.0,,,,,,,,,55,hitl
234,2026-04-21 16:30,wholesaler_1,wholesaler,1,,,,,,2.46,7.4,,,,,,,55,hitl
234,2026-04-21 16:30,retail_1,retail,1,,,,,,,,0.0,30.0,1.0,45.75,11.61,16.0388,55,hitl
235,2026-04-21 16:45,supplier_1,supplier,0,699.14,,,,,,,,,,,,,55,hitl
235,2026-04-21 16:45,farm_1,farm,0,,620.0,0.033,,,,,,,,,,,55,hitl
235,2026-04-21 16:45,slaughterhouse_1,slaughterhouse,1,,,,165.0,400.0,,,,,,,,,55,hitl
235,2026-04-21 16:45,wholesaler_1,wholesaler,1,,,,,,0.63,7.4,,,,,,,55,hitl
235,2026-04-21 16:45,retail_1,retail,1,,,,,,,,0.0,30.0,1.0,46.0,11.61,16.0388,55,hitl
236,2026-04-21 17:00,supplier_1,supplier,0,698.63,,,,,,,,,,,,,55,hitl
236,2026-04-21 17:00,farm_1,farm,0,,620.0,0.033,,,,,,,,,,,55,hitl
236,2026-04-21 17:00,slaughterhouse_1,slaughterhouse,1,,,,165.0,400.0,,,,,,,,,55,hitl
236,2026-04-21 17:00,wholesaler_1,wholesaler,1,,,,,,0.0,7.4,,,,,,,55,hitl
236,2026-04-21 17:00,retail_1,retail,1,,,,,,,,0.0,30.0,1.0,46.25,11.61,16.0388,55,hitl
237,2026-04-21 17:15,supplier_1,supplier,0,697.4,,,,,,,,,,,,,55,hitl
237,2026-04-21 17:15,farm_1,farm,0,,620.0,0.033,,,,,,,,,,,55,hitl
237,2026-04-21 17:15,slaughterhouse_1,slaughterhouse,1,,,,165.0,400.0,,,,,,,,,55,hitl
237,2026-04-21 17:15,wholesaler_1,wholesaler,1,,,,,,0.0,7.4,,,,,,,55,hitl
237,2026-04-21 17:15,retail_1,retail,1,,,,,,,,0.0,30.0,1.0,46.5,11.61,16.0388,55,hitl
238,2026-04-21 17:30,supplier_1,supplier,0,696.24,,,,,,,,,,,,,55,hitl
238,2026-04-21 17:30,farm_1,farm,0,,620.0,0.033,,,,,,,,,,,55,hitl
238,2026-04-21 17:30,slaughterhouse_1,slaughterhouse,1,,,,165.0,400.0,,,,,,,,,55,hitl
238,2026-04-21 17:30,wholesaler_1,wholesaler,1,,,,,,0.0,7.4,,,,,,,55,hitl
238,2026-04-21 17:30,retail_1,retail,1,,,,,,,,0.0,30.0,1.0,46.75,11.61,16.0388,55,hitl
239,2026-04-21 17:45,supplier_1,supplier,0,695.05,,,,,,,,,,,,,55,hitl
239,2026-04-21 17:45,farm_1,farm,0,,620.0,0.033,,,,,,,,,,,55,hitl
239,2026-04-21 17:45,slaughterhouse_1,slaughterhouse,1,,,,165.0,400.0,,,,,,,,,55,hitl
239,2026-04-21 17:45,wholesaler_1,wholesaler,1,,,,,,0.0,7.4,,,,,,,55,hitl
239,2026-04-21 17:45,retail_1,retail,1,,,,,,,,0.0,30.0,1.0,47.0,11.61,16.0388,55,hitl
240,2026-04-21 18:00,supplier_1,supplier,0,693.58,,,,,,,,,,,,,55,hitl
240,2026-04-21 18:00,farm_1,farm,0,,620.0,0.033,,,,,,,,,,,55,hitl
240,2026-04-21 18:00,slaughterhouse_1,slaughterhouse,1,,,,165.0,395.68,,,,,,,,,55,hitl
240,2026-04-21 18:00,wholesaler_1,wholesaler,1,,,,,,0.0,7.4,,,,,,,55,hitl
240,2026-04-21 18:00,retail_1,retail,1,,,,,,,,0.0,30.0,1.0,47.25,11.61,16.0388,55,hitl
241,2026-04-21 18:15,supplier_1,supplier,0,692.59,,,,,,,,,,,,,55,hitl
241,2026-04-21 18:15,farm_1,farm,0,,620.0,0.033,,,,,,,,,,,55,hitl
241,2026-04-21 18:15,slaughterhouse_1,slaughterhouse,1,,,,165.0,400.0,,,,,,,,,55,hitl
241,2026-04-21 18:15,wholesaler_1,wholesaler,1,,,,,,4.32,7.4,,,,,,,55,hitl
241,2026-04-21 18:15,retail_1,retail,1,,,,,,,,0.0,30.0,1.0,47.5,11.61,16.0388,55,hitl
242,2026-04-21 18:30,supplier_1,supplier,0,691.85,,,,,,,,,,,,,55,hitl
242,2026-04-21 18:30,farm_1,farm,0,,620.0,0.033,,,,,,,,,,,55,hitl
242,2026-04-21 18:30,slaughterhouse_1,slaughterhouse,1,,,,165.0,400.0,,,,,,,,,55,hitl
242,2026-04-21 18:30,wholesaler_1,wholesaler,1,,,,,,2.12,7.4,,,,,,,55,hitl
242,2026-04-21 18:30,retail_1,retail,1,,,,,,,,0.0,30.0,1.0,47.75,11.61,16.0388,55,hitl
243,2026-04-21 18:45,supplier_1,supplier,0,690.59,,,,,,,,,,,,,55,hitl
243,2026-04-21 18:45,farm_1,farm,0,,620.0,0.033,,,,,,,,,,,55,hitl
243,2026-04-21 18:45,slaughterhouse_1,slaughterhouse,1,,,,165.0,400.0,,,,,,,,,55,hitl
243,2026-04-21 18:45,wholesaler_1,wholesaler,1,,,,,,0.0,7.4,,,,,,,55,hitl
243,2026-04-21 18:45,retail_1,retail,1,,,,,,,,0.0,30.0,1.0,48.0,11.61,16.0388,55,hitl
244,2026-04-21 19:00,supplier_1,supplier,0,689.18,,,,,,,,,,,,,55,hitl
244,2026-04-21 19:00,farm_1,farm,0,,620.0,0.033,,,,,,,,,,,55,hitl
244,2026-04-21 19:00,slaughterhouse_1,slaughterhouse,1,,,,165.0,400.0,,,,,,,,,55,hitl
244,2026-04-21 19:00,wholesaler_1,wholesaler,1,,,,,,0.0,7.4,,,,,,,55,hitl
244,2026-04-21 19:00,retail_1,retail,1,,,,,,,,0.0,30.0,1.0,48.25,11.61,16.0388,55,hitl
245,2026-04-21 19:15,supplier_1,supplier,0,688.28,,,,,,,,,,,,,55,hitl
245,2026-04-21 19:15,farm_1,farm,0,,620.0,0.033,,,,,,,,,,,55,hitl
245,2026-04-21 19:15,slaughterhouse_1,slaughterhouse,1,,,,165.0,400.0,,,,,,,,,55,hitl
245,2026-04-21 19:15,wholesaler_1,wholesaler,1,,,,,,0.0,7.4,,,,,,,55,hitl
245,2026-04-21 19:15,retail_1,retail,1,,,,,,,,0.0,30.0,1.0,48.5,11.61,16.0388,55,hitl
246,2026-04-21 19:30,supplier_1,supplier,0,687.09,,,,,,,,,,,,,55,hitl
246,2026-04-21 19:30,farm_1,farm,0,,620.0,0.033,,,,,,,,,,,55,hitl
246,2026-04-21 19:30,slaughterhouse_1,slaughterhouse,1,,,,165.0,400.0,,,,,,,,,55,hitl
246,2026-04-21 19:30,wholesaler_1,wholesaler,1,,,,,,0.0,7.4,,,,,,,55,hitl
246,2026-04-21 19:30,retail_1,retail,1,,,,,,,,0.0,30.0,1.0,48.75,11.61,16.0388,55,hitl
247,2026-04-21 19:45,supplier_1,supplier,0,685.93,,,,,,,,,,,,,55,hitl
247,2026-04-21 19:45,farm_1,farm,0,,620.0,0.033,,,,,,,,,,,55,hitl
247,2026-04-21 19:45,slaughterhouse_1,slaughterhouse,1,,,,165.0,400.0,,,,,,,,,55,hitl
247,2026-04-21 19:45,wholesaler_1,wholesaler,1,,,,,,0.0,7.4,,,,,,,55,hitl
247,2026-04-21 19:45,retail_1,retail,1,,,,,,,,0.0,30.0,1.0,49.0,11.61,16.0388,55,hitl
248,2026-04-21 20:00,supplier_1,supplier,0,684.83,,,,,,,,,,,,,55,hitl
248,2026-04-21 20:00,farm_1,farm,0,,620.0,0.033,,,,,,,,,,,55,hitl
248,2026-04-21 20:00,slaughterhouse_1,slaughterhouse,1,,,,165.0,395.68,,,,,,,,,55,hitl
248,2026-04-21 20:00,wholesaler_1,wholesaler,1,,,,,,0.0,7.4,,,,,,,55,hitl
248,2026-04-21 20:00,retail_1,retail,1,,,,,,,,0.0,30.0,1.0,49.25,11.61,16.0388,55,hitl
249,2026-04-21 20:15,supplier_1,supplier,0,683.37,,,,,,,,,,,,,55,hitl
249,2026-04-21 20:15,farm_1,farm,0,,620.0,0.033,,,,,,,,,,,55,hitl
249,2026-04-21 20:15,slaughterhouse_1,slaughterhouse,1,,,,165.0,399.98,,,,,,,,,55,hitl
249,2026-04-21 20:15,wholesaler_1,wholesaler,1,,,,,,4.32,7.4,,,,,,,55,hitl
249,2026-04-21 20:15,retail_1,retail,1,,,,,,,,0.0,30.0,1.0,49.5,11.61,16.0388,55,hitl
250,2026-04-21 20:30,supplier_1,supplier,0,682.55,,,,,,,,,,,,,55,hitl
250,2026-04-21 20:30,farm_1,farm,0,,620.0,0.033,,,,,,,,,,,55,hitl
250,2026-04-21 20:30,slaughterhouse_1,slaughterhouse,1,,,,165.0,400.0,,,,,,,,,55,hitl
250,2026-04-21 20:30,wholesaler_1,wholesaler,1,,,,,,2.45,7.4,,,,,,,55,hitl
250,2026-04-21 20:30,retail_1,retail,1,,,,,,,,0.0,30.0,1.0,49.75,11.61,16.0388,55,hitl
251,2026-04-21 20:45,supplier_1,supplier,0,681.57,,,,,,,,,,,,,55,hitl
251,2026-04-21 20:45,farm_1,farm,0,,620.0,0.033,,,,,,,,,,,55,hitl
251,2026-04-21 20:45,slaughterhouse_1,slaughterhouse,1,,,,165.0,400.0,,,,,,,,,55,hitl
251,2026-04-21 20:45,wholesaler_1,wholesaler,1,,,,,,0.87,7.4,,,,,,,55,hitl
251,2026-04-21 20:45,retail_1,retail,1,,,,,,,,0.0,30.0,1.0,50.0,11.61,16.0388,55,hitl
252,2026-04-21 21:00,supplier_1,supplier,0,680.33,,,,,,,,,,,,,55,hitl
252,2026-04-21 21:00,farm_1,farm,1,,620.0,0.033,,,,,,,,,,,55,hitl
252,2026-04-21 21:00,slaughterhouse_1,slaughterhouse,1,,,,165.0,400.0,,,,,,,,,55,hitl
252,2026-04-21 21:00,wholesaler_1,wholesaler,1,,,,,,0.0,7.4,,,,,,,55,hitl
252,2026-04-21 21:00,retail_1,retail,1,,,,,,,,0.0,30.0,1.0,50.25,11.61,16.0388,55,hitl
253,2026-04-21 21:15,supplier_1,supplier,0,679.78,,,,,,,,,,,,,55,hitl
253,2026-04-21 21:15,farm_1,farm,1,,620.0,0.033,,,,,,,,,,,55,hitl
253,2026-04-21 21:15,slaughterhouse_1,slaughterhouse,1,,,,165.0,400.0,,,,,,,,,55,hitl
253,2026-04-21 21:15,wholesaler_1,wholesaler,1,,,,,,0.0,7.4,,,,,,,55,hitl
253,2026-04-21 21:15,retail_1,retail,1,,,,,,,,0.0,30.0,1.0,50.5,11.61,16.0388,55,hitl
254,2026-04-21 21:30,supplier_1,supplier,0,678.88,,,,,,,,,,,,,55,hitl
254,2026-04-21 21:30,farm_1,farm,1,,620.0,0.033,,,,,,,,,,,55,hitl
254,2026-04-21 21:30,slaughterhouse_1,slaughterhouse,1,,,,165.0,400.0,,,,,,,,,55,hitl
254,2026-04-21 21:30,wholesaler_1,wholesaler,1,,,,,,0.0,7.4,,,,,,,55,hitl
254,2026-04-21 21:30,retail_1,retail,1,,,,,,,,0.0,30.0,1.0,50.75,11.61,16.0388,55,hitl
255,2026-04-21 21:45,supplier_1,supplier,0,677.96,,,,,,,,,,,,,55,hitl
255,2026-04-21 21:45,farm_1,farm,1,,620.0,0.033,,,,,,,,,,,55,hitl
255,2026-04-21 21:45,slaughterhouse_1,slaughterhouse,1,,,,165.0,400.0,,,,,,,,,55,hitl
255,2026-04-21 21:45,wholesaler_1,wholesaler,1,,,,,,0.0,7.4,,,,,,,55,hitl
255,2026-04-21 21:45,retail_1,retail,1,,,,,,,,0.0,30.0,1.0,51.0,11.61,16.0388,55,hitl
256,2026-04-21 22:00,supplier_1,supplier,0,676.79,,,,,,,,,,,,,55,hitl
256,2026-04-21 22:00,farm_1,farm,1,,620.0,0.033,,,,,,,,,,,55,hitl
256,2026-04-21 22:00,slaughterhouse_1,slaughterhouse,1,,,,165.0,395.68,,,,,,,,,55,hitl
256,2026-04-21 22:00,wholesaler_1,wholesaler,1,,,,,,0.0,7.4,,,,,,,55,hitl
256,2026-04-21 22:00,retail_1,retail,1,,,,,,,,0.0,30.0,1.0,51.25,11.61,16.0388,55,hitl
257,2026-04-21 22:15,supplier_1,supplier,0,675.58,,,,,,,,,,,,,55,hitl
257,2026-04-21 22:15,farm_1,farm,1,,620.0,0.033,,,,,,,,,,,55,hitl
257,2026-04-21 22:15,slaughterhouse_1,slaughterhouse,1,,,,165.0,400.0,,,,,,,,,55,hitl
257,2026-04-21 22:15,wholesaler_1,wholesaler,1,,,,,,4.32,7.4,,,,,,,55,hitl
257,2026-04-21 22:15,retail_1,retail,1,,,,,,,,0.0,30.0,1.0,51.5,11.61,16.0388,55,hitl
258,2026-04-21 22:30,supplier_1,supplier,0,674.57,,,,,,,,,,,,,55,hitl
258,2026-04-21 22:30,farm_1,farm,1,,620.0,0.033,,,,,,,,,,,55,hitl
258,2026-04-21 22:30,slaughterhouse_1,slaughterhouse,1,,,,165.0,400.0,,,,,,,,,55,hitl
258,2026-04-21 22:30,wholesaler_1,wholesaler,1,,,,,,1.78,7.4,,,,,,,55,hitl
258,2026-04-21 22:30,retail_1,retail,1,,,,,,,,0.0,30.0,1.0,51.75,11.61,16.0388,55,hitl
259,2026-04-21 22:45,supplier_1,supplier,0,673.39,,,,,,,,,,,,,55,hitl
259,2026-04-21 22:45,farm_1,farm,1,,620.0,0.033,,,,,,,,,,,55,hitl
259,2026-04-21 22:45,slaughterhouse_1,slaughterhouse,1,,,,165.0,400.0,,,,,,,,,55,hitl
259,2026-04-21 22:45,wholesaler_1,wholesaler,1,,,,,,0.0,7.4,,,,,,,55,hitl
259,2026-04-21 22:45,retail_1,retail,1,,,,,,,,0.0,30.0,1.0,52.0,11.61,16.0388,55,hitl
260,2026-04-21 23:00,supplier_1,supplier,0,672.34,,,,,,,,,,,,,55,hitl
260,2026-04-21 23:00,farm_1,farm,1,,620.0,0.033,,,,,,,,,,,55,hitl
260,2026-04-21 23:00,slaughterhouse_1,slaughterhouse,1,,,,165.0,400.0,,,,,,,,,55,hitl
260,2026-04-21 23:00,wholesaler_1,wholesaler,1,,,,,,0.0,7.4,,,,,,,55,hitl
260,2026-04-21 23:00,retail_1,retail,1,,,,,,,,0.0,30.0,1.0,52.25,11.61,16.0388,55,hitl
261,2026-04-21 23:15,supplier_1,supplier,0,671.42,,,,,,,,,,,,,55,hitl
261,2026-04-21 23:15,farm_1,farm,1,,620.0,0.033,,,,,,,,,,,55,hitl
261,2026-04-21 23:15,slaughterhouse_1,slaughterhouse,1,,,,165.0,400.0,,,,,,,,,55,hitl
261,2026-04-21 23:15,wholesaler_1,wholesaler,1,,,,,,0.0,7.4,,,,,,,55,hitl
261,2026-04-21 23:15,retail_1,retail,1,,,,,,,,0.0,30.0,1.0,52.5,11.61,16.0388,55,hitl
262,2026-04-21 23:30,supplier_1,supplier,0,670.53,,,,,,,,,,,,,55,hitl
262,2026-04-21 23:30,farm_1,farm,1,,620.0,0.033,,,,,,,,,,,55,hitl
262,2026-04-21 23:30,slaughterhouse_1,slaughterhouse,1,,,,165.0,400.0,,,,,,,,,55,hitl
262,2026-04-21 23:30,wholesaler_1,wholesaler,1,,,,,,0.0,7.4,,,,,,,55,hitl
262,2026-04-21 23:30,retail_1,retail,1,,,,,,,,0.0,30.0,1.0,52.75,11.61,16.0388,55,hitl
263,2026-04-21 23:45,supplier_1,supplier,0,669.67,,,,,,,,,,,,,55,hitl
263,2026-04-21 23:45,farm_1,farm,1,,620.0,0.033,,,,,,,,,,,55,hitl
263,2026-04-21 23:45,slaughterhouse_1,slaughterhouse,1,,,,165.0,400.0,,,,,,,,,55,hitl
263,2026-04-21 23:45,wholesaler_1,wholesaler,1,,,,,,0.0,7.4,,,,,,,55,hitl
263,2026-04-21 23:45,retail_1,retail,1,,,,,,,,0.0,30.0,1.0,53.0,11.61,16.0388,55,hitl
264,2026-04-22 00:00,supplier_1,supplier,0,668.51,,,,,,,,,,,,,55,hitl
264,2026-04-22 00:00,farm_1,farm,1,,620.0,0.033,,,,,,,,,,,55,hitl
264,2026-04-22 00:00,slaughterhouse_1,slaughterhouse,1,,,,165.0,395.68,,,,,,,,,55,hitl
264,2026-04-22 00:00,wholesaler_1,wholesaler,1,,,,,,0.0,7.4,,,,,,,55,hitl
264,2026-04-22 00:00,retail_1,retail,1,,,,,,,,0.0,30.0,1.0,53.25,11.61,16.0388,55,hitl
265,2026-04-22 00:15,supplier_1,supplier,0,667.36,,,,,,,,,,,,,55,hitl
265,2026-04-22 00:15,farm_1,farm,1,,620.0,0.033,,,,,,,,,,,55,hitl
265,2026-04-22 00:15,slaughterhouse_1,slaughterhouse,1,,,,165.0,400.0,,,,,,,,,55,hitl
265,2026-04-22 00:15,wholesaler_1,wholesaler,1,,,,,,4.32,7.4,,,,,,,55,hitl
265,2026-04-22 00:15,retail_1,retail,1,,,,,,,,0.0,30.0,1.0,53.5,11.61,16.0388,55,hitl
266,2026-04-22 00:30,supplier_1,supplier,0,665.87,,,,,,,,,,,,,55,hitl
266,2026-04-22 00:30,farm_1,farm,1,,620.0,0.033,,,,,,,,,,,55,hitl
266,2026-04-22 00:30,slaughterhouse_1,slaughterhouse,1,,,,165.0,400.0,,,,,,,,,55,hitl
266,2026-04-22 00:30,wholesaler_1,wholesaler,1,,,,,,2.27,7.4,,,,,,,55,hitl
266,2026-04-22 00:30,retail_1,retail,1,,,,,,,,0.0,30.0,1.0,53.75,11.61,16.0388,55,hitl
267,2026-04-22 00:45,supplier_1,supplier,0,664.74,,,,,,,,,,,,,55,hitl
267,2026-04-22 00:45,farm_1,farm,1,,620.0,0.033,,,,,,,,,,,55,hitl
267,2026-04-22 00:45,slaughterhouse_1,slaughterhouse,1,,,,165.0,400.0,,,,,,,,,55,hitl
267,2026-04-22 00:45,wholesaler_1,wholesaler,1,,,,,,0.01,7.4,,,,,,,55,hitl
267,2026-04-22 00:45,retail_1,retail,1,,,,,,,,0.0,30.0,1.0,54.0,11.61,16.0388,55,hitl
268,2026-04-22 01:00,supplier_1,supplier,0,663.64,,,,,,,,,,,,,55,hitl
268,2026-04-22 01:00,farm_1,farm,1,,620.0,0.033,,,,,,,,,,,55,hitl
268,2026-04-22 01:00,slaughterhouse_1,slaughterhouse,1,,,,165.0,400.0,,,,,,,,,55,hitl
268,2026-04-22 01:00,wholesaler_1,wholesaler,1,,,,,,0.0,7.4,,,,,,,55,hitl
268,2026-04-22 01:00,retail_1,retail,1,,,,,,,,0.0,30.0,1.0,54.25,11.61,16.0388,55,hitl
269,2026-04-22 01:15,supplier_1,supplier,0,662.39,,,,,,,,,,,,,55,hitl
269,2026-04-22 01:15,farm_1,farm,1,,620.0,0.033,,,,,,,,,,,55,hitl
269,2026-04-22 01:15,slaughterhouse_1,slaughterhouse,1,,,,165.0,400.0,,,,,,,,,55,hitl
269,2026-04-22 01:15,wholesaler_1,wholesaler,1,,,,,,0.0,7.4,,,,,,,55,hitl
269,2026-04-22 01:15,retail_1,retail,1,,,,,,,,0.0,30.0,1.0,54.5,11.61,16.0388,55,hitl
270,2026-04-22 01:30,supplier_1,supplier,0,661.48,,,,,,,,,,,,,55,hitl
270,2026-04-22 01:30,farm_1,farm,1,,620.0,0.033,,,,,,,,,,,55,hitl
270,2026-04-22 01:30,slaughterhouse_1,slaughterhouse,1,,,,165.0,400.0,,,,,,,,,55,hitl
270,2026-04-22 01:30,wholesaler_1,wholesaler,1,,,,,,0.0,7.4,,,,,,,55,hitl
270,2026-04-22 01:30,retail_1,retail,1,,,,,,,,0.0,30.0,1.0,54.75,11.61,16.0388,55,hitl
271,2026-04-22 01:45,supplier_1,supplier,0,660.2,,,,,,,,,,,,,55,hitl
271,2026-04-22 01:45,farm_1,farm,1,,620.0,0.033,,,,,,,,,,,55,hitl
271,2026-04-22 01:45,slaughterhouse_1,slaughterhouse,1,,,,165.0,400.0,,,,,,,,,55,hitl
271,2026-04-22 01:45,wholesaler_1,wholesaler,1,,,,,,0.0,7.4,,,,,,,55,hitl
271,2026-04-22 01:45,retail_1,retail,1,,,,,,,,0.0,30.0,1.0,55.0,11.61,16.0388,55,hitl
272,2026-04-22 02:00,supplier_1,supplier,0,659.63,,,,,,,,,,,,,55,hitl
272,2026-04-22 02:00,farm_1,farm,1,,620.0,0.033,,,,,,,,,,,55,hitl
272,2026-04-22 02:00,slaughterhouse_1,slaughterhouse,1,,,,165.0,395.68,,,,,,,,,55,hitl
272,2026-04-22 02:00,wholesaler_1,wholesaler,1,,,,,,0.0,7.4,,,,,,,55,hitl
272,2026-04-22 02:00,retail_1,retail,1,,,,,,,,0.0,30.0,1.0,55.25,11.61,16.0388,55,hitl
273,2026-04-22 02:15,supplier_1,supplier,0,658.72,,,,,,,,,,,,,55,hitl
273,2026-04-22 02:15,farm_1,farm,1,,620.0,0.033,,,,,,,,,,,55,hitl
273,2026-04-22 02:15,slaughterhouse_1,slaughterhouse,0,,,,372.0,222.1,,,,,,,,,55,hitl
273,2026-04-22 02:15,wholesaler_1,wholesaler,1,,,,,,4.32,7.4,,,,,,,55,hitl
273,2026-04-22 02:15,retail_1,retail,1,,,,,,,,0.0,30.0,1.0,55.5,11.61,16.0388,55,hitl
274,2026-04-22 02:30,supplier_1,supplier,0,657.76,,,,,,,,,,,,,55,hitl
274,2026-04-22 02:30,farm_1,farm,1,,620.0,0.033,,,,,,,,,,,55,hitl
274,2026-04-22 02:30,slaughterhouse_1,slaughterhouse,0,,,,372.0,233.2,,,,,,,,,55,hitl
274,2026-04-22 02:30,wholesaler_1,wholesaler,1,,,,,,2.3,7.4,,,,,,,55,hitl
274,2026-04-22 02:30,retail_1,retail,1,,,,,,,,0.0,30.0,1.0,55.75,11.61,16.0388,55,hitl
275,2026-04-22 02:45,supplier_1,supplier,0,656.42,,,,,,,,,,,,,55,hitl
275,2026-04-22 02:45,farm_1,farm,1,,620.0,0.033,,,,,,,,,,,55,hitl
275,2026-04-22 02:45,slaughterhouse_1,slaughterhouse,0,,,,372.0,244.32,,,,,,,,,55,hitl
275,2026-04-22 02:45,wholesaler_1,wholesaler,1,,,,,,0.74,7.4,,,,,,,55,hitl
275,2026-04-22 02:45,retail_1,retail,1,,,,,,,,0.0,30.0,1.0,56.0,11.61,16.0388,55,hitl
276,2026-04-22 03:00,supplier_1,supplier,0,654.93,,,,,,,,,,,,,55,hitl
276,2026-04-22 03:00,farm_1,farm,1,,620.0,0.033,,,,,,,,,,,55,hitl
276,2026-04-22 03:00,slaughterhouse_1,slaughterhouse,0,,,,372.0,255.24,,,,,,,,,55,hitl
276,2026-04-22 03:00,wholesaler_1,wholesaler,1,,,,,,0.0,7.4,,,,,,,55,hitl
276,2026-04-22 03:00,retail_1,retail,1,,,,,,,,0.0,30.0,1.0,56.25,11.61,16.0388,55,hitl
277,2026-04-22 03:15,supplier_1,supplier,0,654.26,,,,,,,,,,,,,55,hitl
277,2026-04-22 03:15,farm_1,farm,1,,620.0,0.033,,,,,,,,,,,55,hitl
277,2026-04-22 03:15,slaughterhouse_1,slaughterhouse,0,,,,372.0,266.01,,,,,,,,,55,hitl
277,2026-04-22 03:15,wholesaler_1,wholesaler,1,,,,,,0.0,7.4,,,,,,,55,hitl
277,2026-04-22 03:15,retail_1,retail,1,,,,,,,,0.0,30.0,1.0,56.5,11.61,16.0388,55,hitl
278,2026-04-22 03:30,supplier_1,supplier,0,653.52,,,,,,,,,,,,,55,hitl
278,2026-04-22 03:30,farm_1,farm,1,,620.0,0.033,,,,,,,,,,,55,hitl
278,2026-04-22 03:30,slaughterhouse_1,slaughterhouse,0,,,,372.0,275.95,,,,,,,,,55,hitl
278,2026-04-22 03:30,wholesaler_1,wholesaler,1,,,,,,0.0,7.4,,,,,,,55,hitl
278,2026-04-22 03:30,retail_1,retail,1,,,,,,,,0.0,30.0,1.0,56.75,11.61,16.0388,55,hitl
279,2026-04-22 03:45,supplier_1,supplier,0,652.22,,,,,,,,,,,,,55,hitl
279,2026-04-22 03:45,farm_1,farm,1,,620.0,0.033,,,,,,,,,,,55,hitl
279,2026-04-22 03:45,slaughterhouse_1,slaughterhouse,0,,,,372.0,286.01,,,,,,,,,55,hitl
279,2026-04-22 03:45,wholesaler_1,wholesaler,1,,,,,,0.0,7.4,,,,,,,55,hitl
279,2026-04-22 03:45,retail_1,retail,1,,,,,,,,0.0,30.0,1.0,57.0,11.61,16.0388,55,hitl
280,2026-04-22 04:00,supplier_1,supplier,0,651.48,,,,,,,,,,,,,55,hitl
280,2026-04-22 04:00,farm_1,farm,1,,620.0,0.033,,,,,,,,,,,55,hitl
280,2026-04-22 04:00,slaughterhouse_1,slaughterhouse,0,,,,372.0,272.59,,,,,,,,,55,hitl
280,2026-04-22 04:00,wholesaler_1,wholesaler,1,,,,,,0.0,7.4,,,,,,,55,hitl
280,2026-04-22 04:00,retail_1,retail,1,,,,,,,,0.0,30.0,1.0,57.25,11.61,16.0388,55,hitl
281,2026-04-22 04:15,supplier_1,supplier,0,650.7,,,,,,,,,,,,,55,hitl
281,2026-04-22 04:15,farm_1,farm,1,,620.0,0.033,,,,,,,,,,,55,hitl
281,2026-04-22 04:15,slaughterhouse_1,slaughterhouse,0,,,,372.0,283.55,,,,,,,,,55,hitl
281,2026-04-22 04:15,wholesaler_1,wholesaler,1,,,,,,24.0,7.4,,,,,,,55,hitl
281,2026-04-22 04:15,retail_1,retail,1,,,,,,,,0.0,30.0,1.0,57.5,11.61,16.0388,55,hitl
282,2026-04-22 04:30,supplier_1,supplier,0,649.51,,,,,,,,,,,,,55,hitl
282,2026-04-22 04:30,farm_1,farm,1,,620.0,0.033,,,,,,,,,,,55,hitl
282,2026-04-22 04:30,slaughterhouse_1,slaughterhouse,0,,,,372.0,293.61,,,,,,,,,55,hitl
282,2026-04-22 04:30,wholesaler_1,wholesaler,1,,,,,,22.26,7.4,,,,,,,55,hitl
282,2026-04-22 04:30,retail_1,retail,1,,,,,,,,0.0,30.0,1.0,57.75,11.61,16.0388,55,hitl
283,2026-04-22 04:45,supplier_1,supplier,0,648.54,,,,,,,,,,,,,55,hitl
283,2026-04-22 04:45,farm_1,farm,1,,620.0,0.033,,,,,,,,,,,55,hitl
283,2026-04-22 04:45,slaughterhouse_1,slaughterhouse,0,,,,372.0,303.13,,,,,,,,,55,hitl
283,2026-04-22 04:45,wholesaler_1,wholesaler,1,,,,,,20.26,7.4,,,,,,,55,hitl
283,2026-04-22 04:45,retail_1,retail,1,,,,,,,,0.0,30.0,1.0,58.0,11.61,16.0388,55,hitl
284,2026-04-22 05:00,supplier_1,supplier,0,647.42,,,,,,,,,,,,,55,hitl
284,2026-04-22 05:00,farm_1,farm,1,,620.0,0.033,,,,,,,,,,,55,hitl
284,2026-04-22 05:00,slaughterhouse_1,slaughterhouse,0,,,,372.0,314.22,,,,,,,,,55,hitl
284,2026-04-22 05:00,wholesaler_1,wholesaler,1,,,,,,17.61,7.4,,,,,,,55,hitl
284,2026-04-22 05:00,retail_1,retail,1,,,,,,,,0.0,30.0,1.0,58.25,11.61,16.0388,55,hitl
285,2026-04-22 05:15,supplier_1,supplier,0,646.89,,,,,,,,,,,,,55,hitl
285,2026-04-22 05:15,farm_1,farm,1,,620.0,0.033,,,,,,,,,,,55,hitl
285,2026-04-22 05:15,slaughterhouse_1,slaughterhouse,0,,,,372.0,324.33,,,,,,,,,55,hitl
285,2026-04-22 05:15,wholesaler_1,wholesaler,1,,,,,,15.35,7.4,,,,,,,55,hitl
285,2026-04-22 05:15,retail_1,retail,1,,,,,,,,0.0,30.0,1.0,58.5,11.61,16.0388,55,hitl
286,2026-04-22 05:30,supplier_1,supplier,0,645.9,,,,,,,,,,,,,55,hitl
286,2026-04-22 05:30,farm_1,farm,1,,620.0,0.033,,,,,,,,,,,55,hitl
286,2026-04-22 05:30,slaughterhouse_1,slaughterhouse,0,,,,372.0,335.12,,,,,,,,,55,hitl
286,2026-04-22 05:30,wholesaler_1,wholesaler,1,,,,,,12.97,7.4,,,,,,,55,hitl
286,2026-04-22 05:30,retail_1,retail,1,,,,,,,,0.0,30.0,1.0,58.75,11.61,16.0388,55,hitl
287,2026-04-22 05:45,supplier_1,supplier,0,645.05,,,,,,,,,,,,,55,hitl
287,2026-04-22 05:45,farm_1,farm,1,,620.0,0.033,,,,,,,,,,,55,hitl
287,2026-04-22 05:45,slaughterhouse_1,slaughterhouse,0,,,,372.0,345.52,,,,,,,,,55,hitl
287,2026-04-22 05:45,wholesaler_1,wholesaler,1,,,,,,10.81,7.4,,,,,,,55,hitl
287,2026-04-22 05:45,retail_1,retail,1,,,,,,,,0.0,30.0,1.0,59.0,11.61,16.0388,55,hitl
