tick,timestamp,node_id,node_type,disrupted,available_supply,production_capacity,mortality_rate,processing_capacity,output_stock,inventory_level,pending_shipments,retail_inventory,safety_stock,stockout_flag,shortage_duration,sales_rate,reorder_request,scenario_id,mode
0,2026-07-10 06:00,supplier_1,supplier,0,894.47,,,,,,,,,,,,,96,hitl
0,2026-07-10 06:00,farm_1,farm,0,,752.0,0.0197,,,,,,,,,,,96,hitl
0,2026-07-10 06:00,slaughterhouse_1,slaughterhouse,0,,,,491.0,284.54,,,,,,,,,96,hitl
0,2026-07-10 06:00,wholesaler_1,wholesaler,0,,,,,,162.74,7.6,,,,,,,96,hitl
0,2026-07-10 06:00,retail_1,retail,0,,,,,,,,87.64,30.0,0.0,0.0,2.8,0.0,96,hitl
1,2026-07-10 06:15,supplier_1,supplier,0,893.27,,,,,,,,,,,,,96,hitl
1,2026-07-10 06:15,farm_1,farm,0,,752.0,0.0197,,,,,,,,,,,96,hitl
1,2026-07-10 06:15,slaughterhouse_1,slaughterhouse,0,,,,491.0,298.47,,,,,,,,,96,hitl
1,2026-07-10 06:15,wholesaler_1,wholesaler,0,,,,,,184.55,7.6,,,,,,,96,hitl
1,2026-07-10 06:15,retail_1,retail,0,,,,,,,,94.94,30.0,0.0,0.0,2.8,0.0,96,hitl
2,2026-07-10 06:30,supplier_1,supplier,0,892.05,,,,,,,,,,,,,96,hitl
2,2026-07-10 06:30,farm_1,farm,0,,752.0,0.0197,,,,,,,,,,,96,hitl
2,2026-07-10 06:30,slaughterhouse_1,slaughterhouse,0,,,,491.0,312.76,,,,,,,,,96,hitl
2,2026-07-10 06:30,wholesaler_1,wholesaler,0,,,,,,182.29,7.6,,,,,,,96,hitl
2,2026-07-10 06:30,retail_1,retail,0,,,,,,,,94.19,30.0,0.0,0.0,2.8,0.0,96,hitl
3,2026-07-10 06:45,supplier_1,supplier,0,891.24,,,,,,,,,,,,,96,hitl
3,2026-07-10 06:45,farm_1,farm,0,,752.0,0.0197,,,,,,,,,,,96,hitl
3,2026-07-10 06:45,slaughterhouse_1,slaughterhouse,0,,,,491.0,325.97,,,,,,,,,96,hitl
3,2026-07-10 06:45,wholesaler_1,wholesaler,0,,,,,,179.97,7.6,,,,,,,96,hitl
3,2026-07-10 06:45,retail_1,retail,0,,,,,,,,93.52,30.0,0.0,0.0,2.8,0.0,96,hitl
4,2026-07-10 07:00,supplier_1,supplier,0,890.28,,,,,,,,,,,,,96,hitl
4,2026-07-10 07:00,farm_1,farm,0,,752.0,0.0197,,,,,,,,,,,96,hitl
4,2026-07-10 07:00,slaughterhouse_1,slaughterhouse,0,,,,491.0,340.61,,,,,,,,,96,hitl
4,2026-07-10 07:00,wholesaler_1,wholesaler,0,,,,,,170.46,7.6,,,,,,,96,hitl
4,2026-07-10 07:00,retail_1,retail,0,,,,,,,,92.74,30.0,0.0,0.0,2.8,0.0,96,hitl
5,2026-07-10 07:15,supplier_1,supplier,0,888.79,,,,,,,,,,,,,96,hitl
5,2026-07-10 07:15,farm_1,farm,0,,752.0,0.0197,,,,,,,,,,,96,hitl
5,2026-07-10 07:15,slaughterhouse_1,slaughterhouse,0,,,,491.0,354.15,,,,,,,,,96,hitl
5,2026-07-10 07:15,wholesaler_1,wholesaler,0,,,,,,167.64,7.6,,,,,,,96,hitl
5,2026-07-10 07:15,retail_1,retail,0,,,,,,,,100.06,30.0,0.0,0.0,2.8,0.0,96,hitl
6,2026-07-10 07:30,supplier_1,supplier,0,888.05,,,,,,,,,,,,,96,hitl
6,2026-07-10 07:30,farm_1,farm,0,,752.0,0.0197,,,,,,,,,,,96,hitl
6,2026-07-10 07:30,slaughterhouse_1,slaughterhouse,0,,,,491.0,367.87,,,,,,,,,96,hitl
6,2026-07-10 07:30,wholesaler_1,wholesaler,0,,,,,,165.03,7.6,,,,,,,96,hitl
6,2026-07-10 07:30,retail_1,retail,0,,,,,,,,99.3,30.0,0.0,0.0,2.8,0.0,96,hitl
7,2026-07-10 07:45,supplier_1,supplier,0,887.01,,,,,,,,,,,,,96,hitl
7,2026-07-10 07:45,farm_1,farm,0,,752.0,0.0197,,,,,,,,,,,96,hitl
7,2026-07-10 07:45,slaughterhouse_1,slaughterhouse,0,,,,491.0,382.05,,,,,,,,,96,hitl
7,2026-07-10 07:45,wholesaler_1,wholesaler,0,,,,,,162.48,7.6,,,,,,,96,hitl
7,2026-07-10 07:45,retail_1,retail,0,,,,,,,,98.54,30.0,0.0,0.0,2.8,0.0,96,hitl
8,2026-07-10 08:00,supplier_1,supplier,0,885.85,,,,,,,,,,,,,96,hitl
8,2026-07-10 08:00,farm_1,farm,0,,752.0,0.0197,,,,,,,,,,,96,hitl
8,2026-07-10 08:00,slaughterhouse_1,slaughterhouse,0,,,,491.0,372.17,,,,,,,,,96,hitl
8,2026-07-10 08:00,wholesaler_1,wholesaler,0,,,,,,153.77,7.6,,,,,,,96,hitl
8,2026-07-10 08:00,retail_1,retail,0,,,,,,,,97.81,30.0,0.0,0.0,2.8,0.0,96,hitl
9,2026-07-10 08:15,supplier_1,supplier,0,885.13,,,,,,,,,,,,,96,hitl
9,2026-07-10 08:15,farm_1,farm,0,,752.0,0.0197,,,,,,,,,,,96,hitl
9,2026-07-10 08:15,slaughterhouse_1,slaughterhouse,0,,,,491.0,385.04,,,,,,,,,96,hitl
9,2026-07-10 08:15,wholesaler_1,wholesaler,0,,,,,,174.87,7.6,,,,,,,96,hitl
9,2026-07-10 08:15,retail_1,retail,0,,,,,,,,104.36,30.0,0.0,0.0,2.8,0.0,96,hitl
10,2026-07-10 08:30,supplier_1,supplier,0,883.89,,,,,,,,,,,,,96,hitl
10,2026-07-10 08:30,farm_1,farm,0,,752.0,0.0197,,,,,,,,,,,96,hitl
10,2026-07-10 08:30,slaughterhouse_1,slaughterhouse,0,,,,491.0,398.63,,,,,,,,,96,hitl
10,2026-07-10 08:30,wholesaler_1,wholesaler,0,,,,,,172.09,7.6,,,,,,,96,hitl
10,2026-07-10 08:30,retail_1,retail,0,,,,,,,,103.7,30.0,0.0,0.0,2.8,0.0,96,hitl
11,2026-07-10 08:45,supplier_1,supplier,0,882.58,,,,,,,,,,,,,96,hitl
11,2026-07-10 08:45,farm_1,farm,0,,752.0,0.0197,,,,,,,,,,,96,hitl
11,2026-07-10 08:45,slaughterhouse_1,slaughterhouse,0,,,,491.0,400.0,,,,,,,,,96,hitl
11,2026-07-10 08:45,wholesaler_1,wholesaler,0,,,,,,169.49,7.6,,,,,,,96,hitl
11,2026-07-10 08:45,retail_1,retail,0,,,,,,,,103.06,30.0,0.0,0.0,2.8,0.0,96,hitl
12,2026-07-10 09:00,supplier_1,supplier,0,881.44,,,,,,,,,,,,,96,hitl
12,2026-07-10 09:00,farm_1,farm,0,,752.0,0.0197,,,,,,,,,,,96,hitl
12,2026-07-10 09:00,slaughterhouse_1,slaughterhouse,0,,,,491.0,400.0,,,,,,,,,96,hitl
12,2026-07-10 09:00,wholesaler_1,wholesaler,0,,,,,,164.6,7.6,,,,,,,96,hitl
12,2026-07-10 09:00,retail_1,retail,0,,,,,,,,102.35,30.0,0.0,0.0,2.8,0.0,96,hitl
13,2026-07-10 09:15,supplier_1,supplier,0,880.1,,,,,,,,,,,,,96,hitl
13,2026-07-10 09:15,farm_1,farm,0,,752.0,0.0197,,,,,,,,,,,96,hitl
13,2026-07-10 09:15,slaughterhouse_1,slaughterhouse,0,,,,491.0,400.0,,,,,,,,,96,hitl
13,2026-07-10 09:15,wholesaler_1,wholesaler,0,,,,,,162.27,7.6,,,,,,,96,hitl
13,2026-07-10 09:15,retail_1,retail,0,,,,,,,,104.28,30.0,0.0,0.0,2.8,0.0,96,hitl
14,2026-07-10 09:30,supplier_1,supplier,0,879.25,,,,,,,,,,,,,96,hitl
14,2026-07-10 09:30,farm_1,farm,0,,752.0,0.0197,,,,,,,,,,,96,hitl
14,2026-07-10 09:30,slaughterhouse_1,slaughterhouse,0,,,,491.0,400.0,,,,,,,,,96,hitl
14,2026-07-10 09:30,wholesaler_1,wholesaler,0,,,,,,160.21,7.6,,,,,,,96,hitl
14,2026-07-10 09:30,retail_1,retail,0,,,,,,,,103.53,30.0,0.0,0.0,2.8,0.0,96,hitl
15,2026-07-10 09:45,supplier_1,supplier,0,878.48,,,,,,,,,,,,,96,hitl
15,2026-07-10 09:45,farm_1,farm,0,,752.0,0.0197,,,,,,,,,,,96,hitl
15,2026-07-10 09:45,slaughterhouse_1,slaughterhouse,0,,,,491.0,400.0,,,,,,,,,96,hitl
15,2026-07-10 09:45,wholesaler_1,wholesaler,0,,,,,,157.69,7.6,,,,,,,96,hitl
15,2026-07-10 09:45,retail_1,retail,0,,,,,,,,102.9,30.0,0.0,0.0,2.8,0.0,96,hitl
16,2026-07-10 10:00,supplier_1,supplier,0,877.16,,,,,,,,,,,,,96,hitl
16,2026-07-10 10:00,farm_1,farm,0,,752.0,0.0197,,,,,,,,,,,96,hitl
16,2026-07-10 10:00,slaughterhouse_1,slaughterhouse,0,,,,491.0,376.0,,,,,,,,,96,hitl
16,2026-07-10 10:00,wholesaler_1,wholesaler,0,,,,,,152.96,7.6,,,,,,,96,hitl
16,2026-07-10 10:00,retail_1,retail,0,,,,,,,,102.13,30.0,0.0,0.0,2.8,0.0,96,hitl
17,2026-07-10 10:15,supplier_1,supplier,0,875.72,,,,,,,,,,,,,96,hitl
17,2026-07-10 10:15,farm_1,farm,0,,752.0,0.0197,,,,,,,,,,,96,hitl
17,2026-07-10 10:15,slaughterhouse_1,slaughterhouse,0,,,,491.0,390.05,,,,,,,,,96,hitl
17,2026-07-10 10:15,wholesaler_1,wholesaler,0,,,,,,174.28,7.6,,,,,,,96,hitl
17,2026-07-10 10:15,retail_1,retail,0,,,,,,,,104.27,30.0,0.0,0.0,2.8,0.0,96,hitl
18,2026-07-10 10:30,supplier_1,supplier,0,874.73,,,,,,,,,,,,,96,hitl
18,2026-07-10 10:30,farm_1,farm,0,,752.0,0.0197,,,,,,,,,,,96,hitl
18,2026-07-10 10:30,slaughterhouse_1,slaughterhouse,0,,,,491.0,400.0,,,,,,,,,96,hitl
18,2026-07-10 10:30,wholesaler_1,wholesaler,0,,,,,,172.09,7.6,,,,,,,96,hitl
18,2026-07-10 10:30,retail_1,retail,0,,,,,,,,103.59,30.0,0.0,0.0,2.8,0.0,96,hitl
19,2026-07-10 10:45,supplier_1,supplier,0,874.04,,,,,,,,,,,,,96,hitl
19,2026-07-10 10:45,farm_1,farm,0,,752.0,0.0197,,,,,,,,,,,96,hitl
19,2026-07-10 10:45,slaughterhouse_1,slaughterhouse,0,,,,491.0,400.0,,,,,,,,,96,hitl
19,2026-07-10 10:45,wholesaler_1,wholesaler,0,,,,,,170.11,7.6,,,,,,,96,hitl
19,2026-07-10 10:45,retail_1,retail,0,,,,,,,,102.86,30.0,0.0,0.0,2.8,0.0,96,hitl
20,2026-07-10 11:00,supplier_1,supplier,0,873.19,,,,,,,,,,,,,96,hitl
20,2026-07-10 11:00,farm_1,farm,0,,752.0,0.0197,,,,,,,,,,,96,hitl
20,2026-07-10 11:00,slaughterhouse_1,slaughterhouse,0,,,,491.0,400.0,,,,,,,,,96,hitl
20,2026-07-10 11:00,wholesaler_1,wholesaler,0,,,,,,164.99,7.6,,,,,,,96,hitl
20,2026-07-10 11:00,retail_1,retail,0,,,,,,,,102.16,30.0,0.0,0.0,2.8,0.0,96,hitl
21,2026-07-10 11:15,supplier_1,supplier,0,872.58,,,,,,,,,,,,,96,hitl
21,2026-07-10 11:15,farm_1,farm,0,,752.0,0.0197,,,,,,,,,,,96,hitl
21,2026-07-10 11:15,slaughterhouse_1,slaughterhouse,0,,,,491.0,400.0,,,,,,,,,96,hitl
21,2026-07-10 11:15,wholesaler_1,wholesaler,0,,,,,,162.16,7.6,,,,,,,96,hitl
21,2026-07-10 11:15,retail_1,retail,0,,,,,,,,104.36,30.0,0.0,0.0,2.8,0.0,96,hitl
22,2026-07-10 11:30,supplier_1,supplier,0,871.37,,,,,,,,,,,,,96,hitl
22,2026-07-10 11:30,farm_1,farm,0,,752.0,0.0197,,,,,,,,,,,96,hitl
22,2026-07-10 11:30,slaughterhouse_1,slaughterhouse,0,,,,491.0,400.0,,,,,,,,,96,hitl
22,2026-07-10 11:30,wholesaler_1,wholesaler,0,,,,,,159.45,7.6,,,,,,,96,hitl
22,2026-07-10 11:30,retail_1,retail,0,,,,,,,,103.66,30.0,0.0,0.0,2.8,0.0,96,hitl
23,2026-07-10 11:45,supplier_1,supplier,0,870.14,,,,,,,,,,,,,96,hitl
23,2026-07-10 11:45,farm_1,farm,0,,752.0,0.0197,,,,,,,,,,,96,hitl
23,2026-07-10 11:45,slaughterhouse_1,slaughterhouse,0,,,,491.0,400.0,,,,,,,,,96,hitl
23,2026-07-10 11:45,wholesaler_1,wholesaler,0,,,,,,156.71,7.6,,,,,,,96,hitl
23,2026-07-10 11:45,retail_1,retail,0,,,,,,,,102.91,30.0,0.0,0.0,2.8,0.0,96,hitl
24,2026-07-10 12:00,supplier_1,supplier,0,869.04,,,,,,,,,,,,,96,hitl
24,2026-07-10 12:00,farm_1,farm,0,,752.0,0.0197,,,,,,,,,,,96,hitl
24,2026-07-10 12:00,slaughterhouse_1,slaughterhouse,0,,,,491.0,376.0,,,,,,,,,96,hitl
24,2026-07-10 12:00,wholesaler_1,wholesaler,0,,,,,,152.19,7.6,,,,,,,96,hitl
24,2026-07-10 12:00,retail_1,retail,0,,,,,,,,102.15,30.0,0.0,0.0,2.8,0.0,96,hitl
25,2026-07-10 12:15,supplier_1,supplier,0,867.8,,,,,,,,,,,,,96,hitl
25,2026-07-10 12:15,farm_1,farm,0,,752.0,0.0197,,,,,,,,,,,96,hitl
25,2026-07-10 12:15,slaughterhouse_1,slaughterhouse,0,,,,491.0,389.85,,,,,,,,,96,hitl
25,2026-07-10 12:15,wholesaler_1,wholesaler,0,,,,,,173.97,7.6,,,,,,,96,hitl
25,2026-07-10 12:15,retail_1,retail,0,,,,,,,,104.32,30.0,0.0,0.0,2.8,0.0,96,hitl
26,2026-07-10 12:30,supplier_1,supplier,0,866.34,,,,,,,,,,,,,96,hitl
26,2026-07-10 12:30,farm_1,farm,0,,752.0,0.0197,,,,,,,,,,,96,hitl
26,2026-07-10 12:30,slaughterhouse_1,slaughterhouse,0,,,,491.0,400.0,,,,,,,,,96,hitl
26,2026-07-10 12:30,wholesaler_1,wholesaler,0,,,,,,171.08,7.6,,,,,,,96,hitl
26,2026-07-10 12:30,retail_1,retail,0,,,,,,,,103.57,30.0,0.0,0.0,2.8,0.0,96,hitl
27,2026-07-10 12:45,supplier_1,supplier,0,865.5,,,,,,,,,,,,,96,hitl
27,2026-07-10 12:45,farm_1,farm,0,,752.0,0.0197,,,,,,,,,,,96,hitl
27,2026-07-10 12:45,slaughterhouse_1,slaughterhouse,0,,,,491.0,400.0,,,,,,,,,96,hitl
27,2026-07-10 12:45,wholesaler_1,wholesaler,0,,,,,,169.51,7.6,,,,,,,96,hitl
27,2026-07-10 12:45,retail_1,retail,0,,,,,,,,102.83,30.0,0.0,0.0,2.8,0.0,96,hitl
28,2026-07-10 13:00,supplier_1,supplier,0,864.12,,,,,,,,,,,,,96,hitl
28,2026-07-10 13:00,farm_1,farm,0,,752.0,0.0197,,,,,,,,,,,96,hitl
28,2026-07-10 13:00,slaughterhouse_1,slaughterhouse,0,,,,491.0,400.0,,,,,,,,,96,hitl
28,2026-07-10 13:00,wholesaler_1,wholesaler,0,,,,,,164.05,7.6,,,,,,,96,hitl
28,2026-07-10 13:00,retail_1,retail,0,,,,,,,,102.05,30.0,0.0,0.0,2.8,0.0,96,hitl
29,2026-07-10 13:15,supplier_1,supplier,0,863.11,,,,,,,,,,,,,96,hitl
29,2026-07-10 13:15,farm_1,farm,0,,752.0,0.0197,,,,,,,,,,,96,hitl
29,2026-07-10 13:15,slaughterhouse_1,slaughterhouse,0,,,,491.0,400.0,,,,,,,,,96,hitl
29,2026-07-10 13:15,wholesaler_1,wholesaler,0,,,,,,162.52,7.6,,,,,,,96,hitl
29,2026-07-10 13:15,retail_1,retail,0,,,,,,,,104.36,30.0,0.0,0.0,2.8,0.0,96,hitl
30,2026-07-10 13:30,supplier_1,supplier,0,861.62,,,,,,,,,,,,,96,hitl
30,2026-07-10 13:30,farm_1,farm,0,,752.0,0.0197,,,,,,,,,,,96,hitl
30,2026-07-10 13:30,slaughterhouse_1,slaughterhouse,0,,,,491.0,400.0,,,,,,,,,96,hitl
30,2026-07-10 13:30,wholesaler_1,wholesaler,0,,,,,,159.9,7.6,,,,,,,96,hitl
30,2026-07-10 13:30,retail_1,retail,0,,,,,,,,103.68,30.0,0.0,0.0,2.8,0.0,96,hitl
31,2026-07-10 13:45,supplier_1,supplier,0,860.21,,,,,,,,,,,,,96,hitl
31,2026-07-10 13:45,farm_1,farm,0,,752.0,0.0197,,,,,,,,,,,96,hitl
31,2026-07-10 13:45,slaughterhouse_1,slaughterhouse,0,,,,491.0,400.0,,,,,,,,,96,hitl
31,2026-07-10 13:45,wholesaler_1,wholesaler,0,,,,,,158.34,7.6,,,,,,,96,hitl
31,2026-07-10 13:45,retail_1,retail,0,,,,,,,,102.98,30.0,0.0,0.0,2.8,0.0,96,hitl
32,2026-07-10 14:00,supplier_1,supplier,0,859.43,,,,,,,,,,,,,96,hitl
32,2026-07-10 14:00,farm_1,farm,0,,752.0,0.0197,,,,,,,,,,,96,hitl
32,2026-07-10 14:00,slaughterhouse_1,slaughterhouse,0,,,,491.0,376.0,,,,,,,,,96,hitl
32,2026-07-10 14:00,wholesaler_1,wholesaler,0,,,,,,153.34,7.6,,,,,,,96,hitl
32,2026-07-10 14:00,retail_1,retail,0,,,,,,,,102.28,30.0,0.0,0.0,2.8,0.0,96,hitl
33,2026-07-10 14:15,supplier_1,supplier,0,858.13,,,,,,,,,,,,,96,hitl
33,2026-07-10 14:15,farm_1,farm,0,,752.0,0.0197,,,,,,,,,,,96,hitl
33,2026-07-10 14:15,slaughterhouse_1,slaughterhouse,0,,,,491.0,388.53,,,,,,,,,96,hitl
33,2026-07-10 14:15,wholesaler_1,wholesaler,0,,,,,,175.72,7.6,,,,,,,96,hitl
33,2026-07-10 14:15,retail_1,retail,0,,,,,,,,104.27,30.0,0.0,0.0,2.8,0.0,96,hitl
34,2026-07-10 14:30,supplier_1,supplier,0,856.79,,,,,,,,,,,,,96,hitl
34,2026-07-10 14:30,farm_1,farm,0,,752.0,0.0197,,,,,,,,,,,96,hitl
34,2026-07-10 14:30,slaughterhouse_1,slaughterhouse,0,,,,491.0,400.0,,,,,,,,,96,hitl
34,2026-07-10 14:30,wholesaler_1,wholesaler,0,,,,,,173.58,7.6,,,,,,,96,hitl
34,2026-07-10 14:30,retail_1,retail,0,,,,,,,,103.5,30.0,0.0,0.0,2.8,0.0,96,hitl
35,2026-07-10 14:45,supplier_1,supplier,0,855.33,,,,,,,,,,,,,96,hitl
35,2026-07-10 14:45,farm_1,farm,0,,752.0,0.0197,,,,,,,,,,,96,hitl
35,2026-07-10 14:45,slaughterhouse_1,slaughterhouse,0,,,,491.0,400.0,,,,,,,,,96,hitl
35,2026-07-10 14:45,wholesaler_1,wholesaler,0,,,,,,171.87,7.6,,,,,,,96,hitl
35,2026-07-10 14:45,retail_1,retail,0,,,,,,,,102.83,30.0,0.0,0.0,2.8,0.0,96,hitl
36,2026-07-10 15:00,supplier_1,supplier,0,854.73,,,,,,,,,,,,,96,hitl
36,2026-07-10 15:00,farm_1,farm,1,,752.0,0.0197,,,,,,,,,,,96,hitl
36,2026-07-10 15:00,slaughterhouse_1,slaughterhouse,0,,,,392.8,400.0,,,,,,,,,96,hitl
36,2026-07-10 15:00,wholesaler_1,wholesaler,0,,,,,,167.52,7.6,,,,,,,96,hitl
36,2026-07-10 15:00,retail_1,retail,0,,,,,,,,102.17,30.0,0.0,0.0,2.8,14.4174,96,hitl
37,2026-07-10 15:15,supplier_1,supplier,0,853.74,,,,,,,,,,,,,96,hitl
37,2026-07-10 15:15,farm_1,farm,1,,752.0,0.0197,,,,,,,,,,,96,hitl
37,2026-07-10 15:15,slaughterhouse_1,slaughterhouse,0,,,,392.8,400.0,,,,,,,,,96,hitl
37,2026-07-10 15:15,wholesaler_1,wholesaler,0,,,,,,165.68,7.6,,,,,,,96,hitl
37,2026-07-10 15:15,retail_1,retail,0,,,,,,,,104.27,30.0,0.0,0.0,2.8,14.4174,96,hitl
38,2026-07-10 15:30,supplier_1,supplier,0,853.18,,,,,,,,,,,,,96,hitl
38,2026-07-10 15:30,farm_1,farm,1,,752.0,0.0197,,,,,,,,,,,96,hitl
38,2026-07-10 15:30,slaughterhouse_1,slaughterhouse,0,,,,392.8,400.0,,,,,,,,,96,hitl
38,2026-07-10 15:30,wholesaler_1,wholesaler,0,,,,,,163.66,7.6,,,,,,,96,hitl
38,2026-07-10 15:30,retail_1,retail,0,,,,,,,,103.58,30.0,0.0,0.0,2.8,14.4174,96,hitl
39,2026-07-10 15:45,supplier_1,supplier,0,852.38,,,,,,,,,,,,,96,hitl
39,2026-07-10 15:45,farm_1,farm,1,,752.0,0.0197,,,,,,,,,,,96,hitl
39,2026-07-10 15:45,slaughterhouse_1,slaughterhouse,0,,,,392.8,400.0,,,,,,,,,96,hitl
39,2026-07-10 15:45,wholesaler_1,wholesaler,0,,,,,,161.22,7.6,,,,,,,96,hitl
39,2026-07-10 15:45,retail_1,retail,0,,,,,,,,102.93,30.0,0.0,0.0,2.8,14.4174,96,hitl
40,2026-07-10 16:00,supplier_1,supplier,0,850.91,,,,,,,,,,,,,96,hitl
40,2026-07-10 16:00,farm_1,farm,1,,752.0,0.0197,,,,,,,,,,,96,hitl
40,2026-07-10 16:00,slaughterhouse_1,slaughterhouse,0,,,,392.8,376.0,,,,,,,,,96,hitl
40,2026-07-10 16:00,wholesaler_1,wholesaler,0,,,,,,155.68,7.6,,,,,,,96,hitl
40,2026-07-10 16:00,retail_1,retail,0,,,,,,,,102.16,30.0,0.0,0.0,2.8,14.4174,96,hitl
41,2026-07-10 16:15,supplier_1,supplier,0,850.06,,,,,,,,,,,,,96,hitl
41,2026-07-10 16:15,farm_1,farm,1,,752.0,0.0197,,,,,,,,,,,96,hitl
41,2026-07-10 16:15,slaughterhouse_1,slaughterhouse,0,,,,392.8,387.73,,,,,,,,,96,hitl
41,2026-07-10 16:15,wholesaler_1,wholesaler,0,,,,,,177.24,7.6,,,,,,,96,hitl
41,2026-07-10 16:15,retail_1,retail,0,,,,,,,,104.34,30.0,0.0,0.0,2.8,14.4174,96,hitl
42,2026-07-10 16:30,supplier_1,supplier,0,848.59,,,,,,,,,,,,,96,hitl
42,2026-07-10 16:30,farm_1,farm,1,,752.0,0.0197,,,,,,,,,,,96,hitl
42,2026-07-10 16:30,slaughterhouse_1,slaughterhouse,0,,,,392.8,398.74,,,,,,,,,96,hitl
42,2026-07-10 16:30,wholesaler_1,wholesaler,0,,,,,,174.58,7.6,,,,,,,96,hitl
42,2026-07-10 16:30,retail_1,retail,0,,,,,,,,103.64,30.0,0.0,0.0,2.8,14.4174,96,hitl
43,2026-07-10 16:45,supplier_1,supplier,0,847.41,,,,,,,,,,,,,96,hitl
43,2026-07-10 16:45,farm_1,farm,1,,752.0,0.0197,,,,,,,,,,,96,hitl
43,2026-07-10 16:45,slaughterhouse_1,slaughterhouse,0,,,,392.8,400.0,,,,,,,,,96,hitl
43,2026-07-10 16:45,wholesaler_1,wholesaler,0,,,,,,172.11,7.6,,,,,,,96,hitl
43,2026-07-10 16:45,retail_1,retail,0,,,,,,,,103.01,30.0,0.0,0.0,2.8,14.4174,96,hitl
44,2026-07-10 17:00,supplier_1,supplier,0,846.84,,,,,,,,,,,,,96,hitl
44,2026-07-10 17:00,farm_1,farm,1,,752.0,0.0197,,,,,,,,,,,96,hitl
44,2026-07-10 17:00,slaughterhouse_1,slaughterhouse,0,,,,392.8,400.0,,,,,,,,,96,hitl
44,2026-07-10 17:00,wholesaler_1,wholesaler,0,,,,,,167.34,7.6,,,,,,,96,hitl
44,2026-07-10 17:00,retail_1,retail,0,,,,,,,,102.25,30.0,0.0,0.0,2.8,14.4174,96,hitl
45,2026-07-10 17:15,supplier_1,supplier,0,845.64,,,,,,,,,,,,,96,hitl
45,2026-07-10 17:15,farm_1,farm,1,,752.0,0.0197,,,,,,,,,,,96,hitl
45,2026-07-10 17:15,slaughterhouse_1,slaughterhouse,0,,,,392.8,400.0,,,,,,,,,96,hitl
45,2026-07-10 17:15,wholesaler_1,wholesaler,0,,,,,,165.39,7.6,,,,,,,96,hitl
45,2026-07-10 17:15,retail_1,retail,0,,,,,,,,104.26,30.0,0.0,0.0,2.8,14.4174,96,hitl
46,2026-07-10 17:30,supplier_1,supplier,0,844.3,,,,,,,,,,,,,96,hitl
46,2026-07-10 17:30,farm_1,farm,1,,752.0,0.0197,,,,,,,,,,,96,hitl
46,2026-07-10 17:30,slaughterhouse_1,slaughterhouse,0,,,,392.8,400.0,,,,,,,,,96,hitl
46,2026-07-10 17:30,wholesaler_1,wholesaler,0,,,,,,162.45,7.6,,,,,,,96,hitl
46,2026-07-10 17:30,retail_1,retail,0,,,,,,,,103.53,30.0,0.0,0.0,2.8,14.4174,96,hitl
47,2026-07-10 17:45,supplier_1,supplier,0,843.65,,,,,,,,,,,,,96,hitl
47,2026-07-10 17:45,farm_1,farm,1,,752.0,0.0197,,,,,,,,,,,96,hitl
47,2026-07-10 17:45,slaughterhouse_1,slaughterhouse,0,,,,392.8,400.0,,,,,,,,,96,hitl
47,2026-07-10 17:45,wholesaler_1,wholesaler,0,,,,,,160.4,7.6,,,,,,,96,hitl
47,2026-07-10 17:45,retail_1,retail,0,,,,,,,,102.79,30.0,0.0,0.0,2.8,14.4174,96,hitl
48,2026-07-10 18:00,supplier_1,supplier,0,842.33,,,,,,,,,,,,,96,hitl
48,2026-07-10 18:00,farm_1,farm,1,,752.0,0.0197,,,,,,,,,,,96,hitl
48,2026-07-10 18:00,slaughterhouse_1,slaughterhouse,0,,,,392.8,376.0,,,,,,,,,96,hitl
48,2026-07-10 18:00,wholesaler_1,wholesaler,0,,,,,,155.34,7.6,,,,,,,96,hitl
48,2026-07-10 18:00,retail_1,retail,0,,,,,,,,102.02,30.0,0.0,0.0,2.8,14.4174,96,hitl
49,2026-07-10 18:15,supplier_1,supplier,0,841.15,,,,,,,,,,,,,96,hitl
49,2026-07-10 18:15,farm_1,farm,1,,752.0,0.0197,,,,,,,,,,,96,hitl
49,2026-07-10 18:15,slaughterhouse_1,slaughterhouse,0,,,,392.8,387.63,,,,,,,,,96,hitl
49,2026-07-10 18:15,wholesaler_1,wholesaler,0,,,,,,177.75,7.6,,,,,,,96,hitl
49,2026-07-10 18:15,retail_1,retail,0,,,,,,,,104.32,30.0,0.0,0.0,2.8,14.4174,96,hitl
50,2026-07-10 18:30,supplier_1,supplier,0,839.94,,,,,,,,,,,,,96,hitl
50,2026-07-10 18:30,farm_1,farm,1,,752.0,0.0197,,,,,,,,,,,96,hitl
50,2026-07-10 18:30,slaughterhouse_1,slaughterhouse,0,,,,392.8,398.47,,,,,,,,,96,hitl
50,2026-07-10 18:30,wholesaler_1,wholesaler,0,,,,,,176.19,7.6,,,,,,,96,hitl
50,2026-07-10 18:30,retail_1,retail,0,,,,,,,,103.68,30.0,0.0,0.0,2.8,14.4174,96,hitl
51,2026-07-10 18:45,supplier_1,supplier,0,838.8,,,,,,,,,,,,,96,hitl
51,2026-07-10 18:45,farm_1,farm,1,,752.0,0.0197,,,,,,,,,,,96,hitl
51,2026-07-10 18:45,slaughterhouse_1,slaughterhouse,0,,,,392.8,400.0,,,,,,,,,96,hitl
51,2026-07-10 18:45,wholesaler_1,wholesaler,0,,,,,,173.55,7.6,,,,,,,96,hitl
51,2026-07-10 18:45,retail_1,retail,0,,,,,,,,102.99,30.0,0.0,0.0,2.8,14.4174,96,hitl
52,2026-07-10 19:00,supplier_1,supplier,0,837.78,,,,,,,,,,,,,96,hitl
52,2026-07-10 19:00,farm_1,farm,1,,752.0,0.0197,,,,,,,,,,,96,hitl
52,2026-07-10 19:00,slaughterhouse_1,slaughterhouse,0,,,,392.8,400.0,,,,,,,,,96,hitl
52,2026-07-10 19:00,wholesaler_1,wholesaler,0,,,,,,168.09,7.6,,,,,,,96,hitl
52,2026-07-10 19:00,retail_1,retail,0,,,,,,,,102.33,30.0,0.0,0.0,2.8,14.4174,96,hitl
53,2026-07-10 19:15,supplier_1,supplier,0,837.0,,,,,,,,,,,,,96,hitl
53,2026-07-10 19:15,farm_1,farm,1,,752.0,0.0197,,,,,,,,,,,96,hitl
53,2026-07-10 19:15,slaughterhouse_1,slaughterhouse,0,,,,392.8,400.0,,,,,,,,,96,hitl
53,2026-07-10 19:15,wholesaler_1,wholesaler,0,,,,,,165.58,7.6,,,,,,,96,hitl
53,2026-07-10 19:15,retail_1,retail,0,,,,,,,,104.36,30.0,0.0,0.0,2.8,14.4174,96,hitl
54,2026-07-10 19:30,supplier_1,supplier,0,835.71,,,,,,,,,,,,,96,hitl
54,2026-07-10 19:30,farm_1,farm,1,,752.0,0.0197,,,,,,,,,,,96,hitl
54,2026-07-10 19:30,slaughterhouse_1,slaughterhouse,0,,,,392.8,400.0,,,,,,,,,96,hitl
54,2026-07-10 19:30,wholesaler_1,wholesaler,0,,,,,,162.89,7.6,,,,,,,96,hitl
54,2026-07-10 19:30,retail_1,retail,0,,,,,,,,103.72,30.0,0.0,0.0,2.8,14.4174,96,hitl
55,2026-07-10 19:45,supplier_1,supplier,0,834.69,,,,,,,,,,,,,96,hitl
55,2026-07-10 19:45,farm_1,farm,1,,752.0,0.0197,,,,,,,,,,,96,hitl
55,2026-07-10 19:45,slaughterhouse_1,slaughterhouse,0,,,,392.8,400.0,,,,,,,,,96,hitl
55,2026-07-10 19:45,wholesaler_1,wholesaler,0,,,,,,160.5,7.6,,,,,,,96,hitl
55,2026-07-10 19:45,retail_1,retail,0,,,,,,,,103.07,30.0,0.0,0.0,2.8,14.4174,96,hitl
56,2026-07-10 20:00,supplier_1,supplier,0,834.11,,,,,,,,,,,,,96,hitl
56,2026-07-10 20:00,farm_1,farm,1,,752.0,0.0197,,,,,,,,,,,96,hitl
56,2026-07-10 20:00,slaughterhouse_1,slaughterhouse,0,,,,392.8,376.0,,,,,,,,,96,hitl
56,2026-07-10 20:00,wholesaler_1,wholesaler,0,,,,,,156.21,7.6,,,,,,,96,hitl
56,2026-07-10 20:00,retail_1,retail,0,,,,,,,,102.33,30.0,0.0,0.0,2.8,14.4174,96,hitl
57,2026-07-10 20:15,supplier_1,supplier,0,832.95,,,,,,,,,,,,,96,hitl
57,2026-07-10 20:15,farm_1,farm,1,,752.0,0.0197,,,,,,,,,,,96,hitl
57,2026-07-10 20:15,slaughterhouse_1,slaughterhouse,1,,,,176.0,91.65,,,,,,,,,96,hitl
57,2026-07-10 20:15,wholesaler_1,wholesaler,0,,,,,,177.63,7.6,,,,,,,96,hitl
57,2026-07-10 20:15,retail_1,retail,0,,,,,,,,104.32,30.0,0.0,0.0,2.8,14.4174,96,hitl
58,2026-07-10 20:30,supplier_1,supplier,0,832.33,,,,,,,,,,,,,96,hitl
58,2026-07-10 20:30,farm_1,farm,1,,752.0,0.0197,,,,,,,,,,,96,hitl
58,2026-07-10 20:30,slaughterhouse_1,slaughterhouse,1,,,,176.0,96.81,,,,,,,,,96,hitl
58,2026-07-10 20:30,wholesaler_1,wholesaler,0,,,,,,175.87,7.6,,,,,,,96,hitl
58,2026-07-10 20:30,retail_1,retail,0,,,,,,,,103.7,30.0,0.0,0.0,2.8,14.4174,96,hitl
59,2026-07-10 20:45,supplier_1,supplier,0,831.28,,,,,,,,,,,,,96,hitl
59,2026-07-10 20:45,farm_1,farm,1,,752.0,0.0197,,,,,,,,,,,96,hitl
59,2026-07-10 20:45,slaughterhouse_1,slaughterhouse,1,,,,176.0,101.97,,,,,,,,,96,hitl
59,2026-07-10 20:45,wholesaler_1,wholesaler,0,,,,,,173.34,7.6,,,,,,,96,hitl
59,2026-07-10 20:45,retail_1,retail,0,,,,,,,,102.94,30.0,0.0,0.0,2.8,14.4174,96,hitl
60,2026-07-10 21:00,supplier_1,supplier,0,829.81,,,,,,,,,,,,,96,hitl
60,2026-07-10 21:00,farm_1,farm,1,,752.0,0.0197,,,,,,,,,,,96,hitl
60,2026-07-10 21:00,slaughterhouse_1,slaughterhouse,1,,,,176.0,106.56,,,,,,,,,96,hitl
60,2026-07-10 21:00,wholesaler_1,wholesaler,0,,,,,,168.72,7.6,,,,,,,96,hitl
60,2026-07-10 21:00,retail_1,retail,0,,,,,,,,102.25,30.0,0.0,0.0,2.8,14.4174,96,hitl
61,2026-07-10 21:15,supplier_1,supplier,0,828.49,,,,,,,,,,,,,96,hitl
61,2026-07-10 21:15,farm_1,farm,1,,752.0,0.0197,,,,,,,,,,,96,hitl
61,2026-07-10 21:15,slaughterhouse_1,slaughterhouse,1,,,,176.0,111.23,,,,,,,,,96,hitl
61,2026-07-10 21:15,wholesaler_1,wholesaler,0,,,,,,166.99,7.6,,,,,,,96,hitl
61,2026-07-10 21:15,retail_1,retail,0,,,,,,,,104.31,30.0,0.0,0.0,2.8,14.4174,96,hitl
62,2026-07-10 21:30,supplier_1,supplier,0,827.32,,,,,,,,,,,,,96,hitl
62,2026-07-10 21:30,farm_1,farm,1,,752.0,0.0197,,,,,,,,,,,96,hitl
62,2026-07-10 21:30,slaughterhouse_1,slaughterhouse,1,,,,176.0,116.12,,,,,,,,,96,hitl
62,2026-07-10 21:30,wholesaler_1,wholesaler,0,,,,,,164.22,7.6,,,,,,,96,hitl
62,2026-07-10 21:30,retail_1,retail,0,,,,,,,,103.66,30.0,0.0,0.0,2.8,14.4174,96,hitl
63,2026-07-10 21:45,supplier_1,supplier,0,825.94,,,,,,,,,,,,,96,hitl
63,2026-07-10 21:45,farm_1,farm,1,,752.0,0.0197,,,,,,,,,,,96,hitl
63,2026-07-10 21:45,slaughterhouse_1,slaughterhouse,1,,,,176.0,120.69,,,,,,,,,96,hitl
63,2026-07-10 21:45,wholesaler_1,wholesaler,0,,,,,,161.87,7.6,,,,,,,96,hitl
63,2026-07-10 21:45,retail_1,retail,0,,,,,,,,103.02,30.0,0.0,0.0,2.8,14.4174,96,hitl
64,2026-07-10 22:00,supplier_1,supplier,0,825.14,,,,,,,,,,,,,96,hitl
64,2026-07-10 22:00,farm_1,farm,1,,752.0,0.0197,,,,,,,,,,,96,hitl
64,2026-07-10 22:00,slaughterhouse_1,slaughterhouse,1,,,,176.0,120.87,,,,,,,,,96,hitl
64,2026-07-10 22:00,wholesaler_1,wholesaler,0,,,,,,156.41,7.6,,,,,,,96,hitl
64,2026-07-10 22:00,retail_1,retail,0,,,,,,,,102.4,30.0,0.0,0.0,2.8,14.4174,96,hitl
65,2026-07-10 22:15,supplier_1,supplier,0,823.92,,,,,,,,,,,,,96,hitl
65,2026-07-10 22:15,farm_1,farm,1,,752.0,0.0197,,,,,,,,,,,96,hitl
65,2026-07-10 22:15,slaughterhouse_1,slaughterhouse,1,,,,176.0,125.8,,,,,,,,,96,hitl
65,2026-07-10 22:15,wholesaler_1,wholesaler,0,,,,,,159.2,7.6,,,,,,,96,hitl
65,2026-07-10 22:15,retail_1,retail,0,,,,,,,,104.36,30.0,0.0,0.0,2.8,14.4174,96,hitl
66,2026-07-10 22:30,supplier_1,supplier,0,822.9,,,,,,,,,,,,,96,hitl
66,2026-07-10 22:30,farm_1,farm,1,,752.0,0.0197,,,,,,,,,,,96,hitl
66,2026-07-10 22:30,slaughterhouse_1,slaughterhouse,1,,,,176.0,130.94,,,,,,,,,96,hitl
66,2026-07-10 22:30,wholesaler_1,wholesaler,0,,,,,,156.75,7.6,,,,,,,96,hitl
66,2026-07-10 22:30,retail_1,retail,0,,,,,,,,103.73,30.0,0.0,0.0,2.8,14.4174,96,hitl
67,2026-07-10 22:45,supplier_1,supplier,0,821.92,,,,,,,,,,,,,96,hitl
67,2026-07-10 22:45,farm_1,farm,1,,752.0,0.0197,,,,,,,,,,,96,hitl
67,2026-07-10 22:45,slaughterhouse_1,slaughterhouse,1,,,,176.0,136.0,,,,,,,,,96,hitl
67,2026-07-10 22:45,wholesaler_1,wholesaler,0,,,,,,154.22,7.6,,,,,,,96,hitl
67,2026-07-10 22:45,retail_1,retail,0,,,,,,,,102.97,30.0,0.0,0.0,2.8,14.4174,96,hitl
68,2026-07-10 23:00,supplier_1,supplier,0,820.97,,,,,,,,,,,,,96,hitl
68,2026-07-10 23:00,farm_1,farm,1,,752.0,0.0197,,,,,,,,,,,96,hitl
68,2026-07-10 23:00,slaughterhouse_1,slaughterhouse,1,,,,176.0,141.22,,,,,,,,,96,hitl
68,2026-07-10 23:00,wholesaler_1,wholesaler,0,,,,,,149.13,7.6,,,,,,,96,hitl
68,2026-07-10 23:00,retail_1,retail,0,,,,,,,,102.3,30.0,0.0,0.0,2.8,14.4174,96,hitl
69,2026-07-10 23:15,supplier_1,supplier,0,820.06,,,,,,,,,,,,,96,hitl
69,2026-07-10 23:15,farm_1,farm,1,,752.0,0.0197,,,,,,,,,,,96,hitl
69,2026-07-10 23:15,slaughterhouse_1,slaughterhouse,1,,,,176.0,146.4,,,,,,,,,96,hitl
69,2026-07-10 23:15,wholesaler_1,wholesaler,0,,,,,,146.95,7.6,,,,,,,96,hitl
69,2026-07-10 23:15,retail_1,retail,0,,,,,,,,104.26,30.0,0.0,0.0,2.8,14.4174,96,hitl
70,2026-07-10 23:30,supplier_1,supplier,0,819.44,,,,,,,,,,,,,96,hitl
70,2026-07-10 23:30,farm_1,farm,1,,752.0,0.0197,,,,,,,,,,,96,hitl
70,2026-07-10 23:30,slaughterhouse_1,slaughterhouse,1,,,,176.0,151.57,,,,,,,,,96,hitl
70,2026-07-10 23:30,wholesaler_1,wholesaler,0,,,,,,143.99,7.6,,,,,,,96,hitl
70,2026-07-10 23:30,retail_1,retail,0,,,,,,,,103.49,30.0,0.0,0.0,2.8,14.4174,96,hitl
71,2026-07-10 23:45,supplier_1,supplier,0,818.56,,,,,,,,,,,,,96,hitl
71,2026-07-10 23:45,farm_1,farm,1,,752.0,0.0197,,,,,,,,,,,96,hitl
71,2026-07-10 23:45,slaughterhouse_1,slaughterhouse,1,,,,176.0,156.28,,,,,,,,,96,hitl
71,2026-07-10 23:45,wholesaler_1,wholesaler,0,,,,,,142.21,7.6,,,,,,,96,hitl
71,2026-07-10 23:45,retail_1,retail,0,,,,,,,,102.8,30.0,0.0,0.0,2.8,14.4174,96,hitl
72,2026-07-11 00:00,supplier_1,supplier,0,817.28,,,,,,,,,,,,,96,hitl
72,2026-07-11 00:00,farm_1,farm,0,,752.0,0.0197,,,,,,,,,,,96,hitl
72,2026-07-11 00:00,slaughterhouse_1,slaughterhouse,1,,,,176.0,156.67,,,,,,,,,96,hitl
72,2026-07-11 00:00,wholesaler_1,wholesaler,0,,,,,,136.95,7.6,,,,,,,96,hitl
72,2026-07-11 00:00,retail_1,retail,0,,,,,,,,102.11,30.0,0.0,0.0,2.8,14.4174,96,hitl
73,2026-07-11 00:15,supplier_1,supplier,0,816.03,,,,,,,,,,,,,96,hitl
73,2026-07-11 00:15,farm_1,farm,0,,752.0,0.0197,,,,,,,,,,,96,hitl
73,2026-07-11 00:15,slaughterhouse_1,slaughterhouse,1,,,,176.0,161.26,,,,,,,,,96,hitl
73,2026-07-11 00:15,wholesaler_1,wholesaler,0,,,,,,138.8,7.6,,,,,,,96,hitl
73,2026-07-11 00:15,retail_1,retail,0,,,,,,,,104.34,30.0,0.0,0.0,2.8,14.4174,96,hitl
74,2026-07-11 00:30,supplier_1,supplier,0,814.73,,,,,,,,,,,,,96,hitl
74,2026-07-11 00:30,farm_1,farm,0,,752.0,0.0197,,,,,,,,,,,96,hitl
74,2026-07-11 00:30,slaughterhouse_1,slaughterhouse,1,,,,176.0,166.12,,,,,,,,,96,hitl
74,2026-07-11 00:30,wholesaler_1,wholesaler,0,,,,,,137.04,7.6,,,,,,,96,hitl
74,2026-07-11 00:30,retail_1,retail,0,,,,,,,,103.56,30.0,0.0,0.0,2.8,14.4174,96,hitl
75,2026-07-11 00:45,supplier_1,supplier,0,814.19,,,,,,,,,,,,,96,hitl
75,2026-07-11 00:45,farm_1,farm,0,,752.0,0.0197,,,,,,,,,,,96,hitl
75,2026-07-11 00:45,slaughterhouse_1,slaughterhouse,1,,,,176.0,171.37,,,,,,,,,96,hitl
75,2026-07-11 00:45,wholesaler_1,wholesaler,0,,,,,,135.46,7.6,,,,,,,96,hitl
75,2026-07-11 00:45,retail_1,retail,0,,,,,,,,102.8,30.0,0.0,0.0,2.8,14.4174,96,hitl
76,2026-07-11 01:00,supplier_1,supplier,0,813.33,,,,,,,,,,,,,96,hitl
76,2026-07-11 01:00,farm_1,farm,0,,752.0,0.0197,,,,,,,,,,,96,hitl
76,2026-07-11 01:00,slaughterhouse_1,slaughterhouse,1,,,,176.0,176.18,,,,,,,,,96,hitl
76,2026-07-11 01:00,wholesaler_1,wholesaler,0,,,,,,130.41,7.6,,,,,,,96,hitl
76,2026-07-11 01:00,retail_1,retail,0,,,,,,,,102.08,30.0,0.0,0.0,2.8,14.4174,96,hitl
77,2026-07-11 01:15,supplier_1,supplier,0,811.84,,,,,,,,,,,,,96,hitl
77,2026-07-11 01:15,farm_1,farm,0,,752.0,0.0197,,,,,,,,,,,96,hitl
77,2026-07-11 01:15,slaughterhouse_1,slaughterhouse,1,,,,176.0,181.0,,,,,,,,,96,hitl
77,2026-07-11 01:15,wholesaler_1,wholesaler,0,,,,,,127.98,7.6,,,,,,,96,hitl
77,2026-07-11 01:15,retail_1,retail,0,,,,,,,,104.35,30.0,0.0,0.0,2.8,14.4174,96,hitl
78,2026-07-11 01:30,supplier_1,supplier,0,810.39,,,,,,,,,,,,,96,hitl
78,2026-07-11 01:30,farm_1,farm,0,,752.0,0.0197,,,,,,,,,,,96,hitl
78,2026-07-11 01:30,slaughterhouse_1,slaughterhouse,1,,,,176.0,186.24,,,,,,,,,96,hitl
78,2026-07-11 01:30,wholesaler_1,wholesaler,0,,,,,,126.19,7.6,,,,,,,96,hitl
78,2026-07-11 01:30,retail_1,retail,0,,,,,,,,103.69,30.0,0.0,0.0,2.8,14.4174,96,hitl
79,2026-07-11 01:45,supplier_1,supplier,0,809.75,,,,,,,,,,,,,96,hitl
79,2026-07-11 01:45,farm_1,farm,0,,752.0,0.0197,,,,,,,,,,,96,hitl
79,2026-07-11 01:45,slaughterhouse_1,slaughterhouse,1,,,,176.0,191.45,,,,,,,,,96,hitl
79,2026-07-11 01:45,wholesaler_1,wholesaler,0,,,,,,124.25,7.6,,,,,,,96,hitl
79,2026-07-11 01:45,retail_1,retail,0,,,,,,,,102.98,30.0,0.0,0.0,2.8,14.4174,96,hitl
80,2026-07-11 02:00,supplier_1,supplier,0,808.71,,,,,,,,,,,,,96,hitl
80,2026-07-11 02:00,farm_1,farm,0,,752.0,0.0197,,,,,,,,,,,96,hitl
80,2026-07-11 02:00,slaughterhouse_1,slaughterhouse,1,,,,176.0,191.78,,,,,,,,,96,hitl
80,2026-07-11 02:00,wholesaler_1,wholesaler,0,,,,,,118.62,7.6,,,,,,,96,hitl
80,2026-07-11 02:00,retail_1,retail,0,,,,,,,,102.3,30.0,0.0,0.0,2.8,14.4174,96,hitl
81,2026-07-11 02:15,supplier_1,supplier,0,807.9,,,,,,,,,,,,,96,hitl
81,2026-07-11 02:15,farm_1,farm,0,,752.0,0.0197,,,,,,,,,,,96,hitl
81,2026-07-11 02:15,slaughterhouse_1,slaughterhouse,1,,,,176.0,196.92,,,,,,,,,96,hitl
81,2026-07-11 02:15,wholesaler_1,wholesaler,0,,,,,,120.17,7.6,,,,,,,96,hitl
81,2026-07-11 02:15,retail_1,retail,0,,,,,,,,104.28,30.0,0.0,0.0,2.8,14.4174,96,hitl
82,2026-07-11 02:30,supplier_1,supplier,0,806.9,,,,,,,,,,,,,96,hitl
82,2026-07-11 02:30,farm_1,farm,0,,752.0,0.0197,,,,,,,,,,,96,hitl
82,2026-07-11 02:30,slaughterhouse_1,slaughterhouse,1,,,,176.0,201.69,,,,,,,,,96,hitl
82,2026-07-11 02:30,wholesaler_1,wholesaler,0,,,,,,117.41,7.6,,,,,,,96,hitl
82,2026-07-11 02:30,retail_1,retail,0,,,,,,,,103.63,30.0,0.0,0.0,2.8,14.4174,96,hitl
83,2026-07-11 02:45,supplier_1,supplier,0,806.07,,,,,,,,,,,,,96,hitl
83,2026-07-11 02:45,farm_1,farm,0,,752.0,0.0197,,,,,,,,,,,96,hitl
83,2026-07-11 02:45,slaughterhouse_1,slaughterhouse,1,,,,176.0,206.37,,,,,,,,,96,hitl
83,2026-07-11 02:45,wholesaler_1,wholesaler,0,,,,,,115.28,7.6,,,,,,,96,hitl
83,2026-07-11 02:45,retail_1,retail,0,,,,,,,,102.91,30.0,0.0,0.0,2.8,14.4174,96,hitl
84,2026-07-11 03:00,supplier_1,supplier,0,805.5,,,,,,,,,,,,,96,hitl
84,2026-07-11 03:00,farm_1,farm,0,,752.0,0.0197,,,,,,,,,,,96,hitl
84,2026-07-11 03:00,slaughterhouse_1,slaughterhouse,1,,,,176.0,211.64,,,,,,,,,96,hitl
84,2026-07-11 03:00,wholesaler_1,wholesaler,0,,,,,,110.1,7.6,,,,,,,96,hitl
84,2026-07-11 03:00,retail_1,retail,0,,,,,,,,102.21,30.0,0.0,0.0,2.8,14.4174,96,hitl
85,2026-07-11 03:15,supplier_1,supplier,0,804.74,,,,,,,,,,,,,96,hitl
85,2026-07-11 03:15,farm_1,farm,0,,752.0,0.0197,,,,,,,,,,,96,hitl
85,2026-07-11 03:15,slaughterhouse_1,slaughterhouse,1,,,,176.0,216.66,,,,,,,,,96,hitl
85,2026-07-11 03:15,wholesaler_1,wholesaler,0,,,,,,108.32,7.6,,,,,,,96,hitl
85,2026-07-11 03:15,retail_1,retail,0,,,,,,,,104.27,30.0,0.0,0.0,2.8,14.4174,96,hitl
86,2026-07-11 03:30,supplier_1,supplier,0,804.14,,,,,,,,,,,,,96,hitl
86,2026-07-11 03:30,farm_1,farm,0,,752.0,0.0197,,,,,,,,,,,96,hitl
86,2026-07-11 03:30,slaughterhouse_1,slaughterhouse,1,,,,176.0,221.82,,,,,,,,,96,hitl
86,2026-07-11 03:30,wholesaler_1,wholesaler,0,,,,,,106.21,7.6,,,,,,,96,hitl
86,2026-07-11 03:30,retail_1,retail,0,,,,,,,,103.62,30.0,0.0,0.0,2.8,14.4174,96,hitl
87,2026-07-11 03:45,supplier_1,supplier,0,802.68,,,,,,,,,,,,,96,hitl
87,2026-07-11 03:45,farm_1,farm,0,,752.0,0.0197,,,,,,,,,,,96,hitl
87,2026-07-11 03:45,slaughterhouse_1,slaughterhouse,1,,,,176.0,226.81,,,,,,,,,96,hitl
87,2026-07-11 03:45,wholesaler_1,wholesaler,0,,,,,,103.47,7.6,,,,,,,96,hitl
87,2026-07-11 03:45,retail_1,retail,0,,,,,,,,102.91,30.0,0.0,0.0,2.8,14.4174,96,hitl
88,2026-07-11 04:00,supplier_1,supplier,0,801.91,,,,,,,,,,,,,96,hitl
88,2026-07-11 04:00,farm_1,farm,0,,752.0,0.0197,,,,,,,,,,,96,hitl
88,2026-07-11 04:00,slaughterhouse_1,slaughterhouse,1,,,,176.0,227.59,,,,,,,,,96,hitl
88,2026-07-11 04:00,wholesaler_1,wholesaler,0,,,,,,97.93,7.6,,,,,,,96,hitl
88,2026-07-11 04:00,retail_1,retail,0,,,,,,,,102.26,30.0,0.0,0.0,2.8,14.4174,96,hitl
89,2026-07-11 04:15,supplier_1,supplier,0,801.07,,,,,,,,,,,,,96,hitl
89,2026-07-11 04:15,farm_1,farm,0,,752.0,0.0197,,,,,,,,,,,96,hitl
89,2026-07-11 04:15,slaughterhouse_1,slaughterhouse,1,,,,176.0,232.5,,,,,,,,,96,hitl
89,2026-07-11 04:15,wholesaler_1,wholesaler,0,,,,,,100.73,7.6,,,,,,,96,hitl
89,2026-07-11 04:15,retail_1,retail,0,,,,,,,,104.33,30.0,0.0,0.0,2.8,14.4174,96,hitl
90,2026-07-11 04:30,supplier_1,supplier,0,800.34,,,,,,,,,,,,,96,hitl
90,2026-07-11 04:30,farm_1,farm,0,,752.0,0.0197,,,,,,,,,,,96,hitl
90,2026-07-11 04:30,slaughterhouse_1,slaughterhouse,1,,,,176.0,237.12,,,,,,,,,96,hitl
90,2026-07-11 04:30,wholesaler_1,wholesaler,0,,,,,,99.14,7.6,,,,,,,96,hitl
90,2026-07-11 04:30,retail_1,retail,0,,,,,,,,103.59,30.0,0.0,0.0,2.8,14.4174,96,hitl
91,2026-07-11 04:45,supplier_1,supplier,0,799.39,,,,,,,,,,,,,96,hitl
91,2026-07-11 04:45,farm_1,farm,0,,752.0,0.0197,,,,,,,,,,,96,hitl
91,2026-07-11 04:45,slaughterhouse_1,slaughterhouse,1,,,,176.0,241.96,,,,,,,,,96,hitl
91,2026-07-11 04:45,wholesaler_1,wholesaler,0,,,,,,96.45,7.6,,,,,,,96,hitl
91,2026-07-11 04:45,retail_1,retail,0,,,,,,,,102.92,30.0,0.0,0.0,2.8,14.4174,96,hitl
92,2026-07-11 05:00,supplier_1,supplier,0,798.82,,,,,,,,,,,,,96,hitl
92,2026-07-11 05:00,farm_1,farm,0,,752.0,0.0197,,,,,,,,,,,96,hitl
92,2026-07-11 05:00,slaughterhouse_1,slaughterhouse,1,,,,176.0,246.65,,,,,,,,,96,hitl
92,2026-07-11 05:00,wholesaler_1,wholesaler,0,,,,,,91.12,7.6,,,,,,,96,hitl
92,2026-07-11 05:00,retail_1,retail,0,,,,,,,,102.21,30.0,0.0,0.0,2.8,14.4174,96,hitl
93,2026-07-11 05:15,supplier_1,supplier,0,797.8,,,,,,,,,,,,,96,hitl
93,2026-07-11 05:15,farm_1,farm,0,,752.0,0.0197,,,,,,,,,,,96,hitl
93,2026-07-11 05:15,slaughterhouse_1,slaughterhouse,1,,,,176.0,251.36,,,,,,,,,96,hitl
93,2026-07-11 05:15,wholesaler_1,wholesaler,0,,,,,,88.77,7.6,,,,,,,96,hitl
93,2026-07-11 05:15,retail_1,retail,0,,,,,,,,104.35,30.0,0.0,0.0,2.8,14.4174,96,hitl
94,2026-07-11 05:30,supplier_1,supplier,0,796.76,,,,,,,,,,,,,96,hitl
94,2026-07-11 05:30,farm_1,farm,0,,752.0,0.0197,,,,,,,,,,,96,hitl
94,2026-07-11 05:30,slaughterhouse_1,slaughterhouse,1,,,,176.0,256.5,,,,,,,,,96,hitl
94,2026-07-11 05:30,wholesaler_1,wholesaler,0,,,,,,86.35,7.6,,,,,,,96,hitl
94,2026-07-11 05:30,retail_1,retail,0,,,,,,,,103.68,30.0,0.0,0.0,2.8,14.4174,96,hitl
95,2026-07-11 05:45,supplier_1,supplier,0,795.61,,,,,,,,,,,,,96,hitl
95,2026-07-11 05:45,farm_1,farm,0,,752.0,0.0197,,,,,,,,,,,96,hitl
95,2026-07-11 05:45,slaughterhouse_1,slaughterhouse,1,,,,176.0,261.32,,,,,,,,,96,hitl
95,2026-07-11 05:45,wholesaler_1,wholesaler,0,,,,,,83.76,7.6,,,,,,,96,hitl
95,2026-07-11 05:45,retail_1,retail,0,,,,,,,,103.0,30.0,0.0,0.0,2.8,14.4174,96,hitl
96,2026-07-11 06:00,supplier_1,supplier,0,795.05,,,,,,,,,,,,,96,hitl
96,2026-07-11 06:00,farm_1,farm,0,,752.0,0.0197,,,,,,,,,,,96,hitl
96,2026-07-11 06:00,slaughterhouse_1,slaughterhouse,1,,,,176.0,261.87,,,,,,,,,96,hitl
96,2026-07-11 06:00,wholesaler_1,wholesaler,1,,,,,,78.82,6.46,,,,,,,96,hitl
96,2026-07-11 06:00,retail_1,retail,0,,,,,,,,102.29,30.0,0.0,0.0,2.8,14.4174,96,hitl
97,2026-07-11 06:15,supplier_1,supplier,0,794.09,,,,,,,,,,,,,96,hitl
97,2026-07-11 06:15,farm_1,farm,0,,752.0,0.0197,,,,,,,,,,,96,hitl
97,2026-07-11 06:15,slaughterhouse_1,slaughterhouse,1,,,,176.0,267.05,,,,,,,,,96,hitl
97,2026-07-11 06:15,wholesaler_1,wholesaler,1,,,,,,81.14,6.46,,,,,,,96,hitl
97,2026-07-11 06:15,retail_1,retail,0,,,,,,,,104.26,30.0,0.0,0.0,2.8,14.4174,96,hitl
98,2026-07-11 06:30,supplier_1,supplier,0,792.8,,,,,,,,,,,,,96,hitl
98,2026-07-11 06:30,farm_1,farm,0,,752.0,0.0197,,,,,,,,,,,96,hitl
98,2026-07-11 06:30,slaughterhouse_1,slaughterhouse,1,,,,176.0,271.68,,,,,,,,,96,hitl
98,2026-07-11 06:30,wholesaler_1,wholesaler,1,,,,,,79.43,6.46,,,,,,,96,hitl
98,2026-07-11 06:30,retail_1,retail,0,,,,,,,,103.61,30.0,0.0,0.0,2.8,14.4174,96,hitl
99,2026-07-11 06:45,supplier_1,supplier,0,791.96,,,,,,,,,,,,,96,hitl
99,2026-07-11 06:45,farm_1,farm,0,,752.0,0.0197,,,,,,,,,,,96,hitl
99,2026-07-11 06:45,slaughterhouse_1,slaughterhouse,1,,,,176.0,276.84,,,,,,,,,96,hitl
99,2026-07-11 06:45,wholesaler_1,wholesaler,1,,,,,,77.19,6.46,,,,,,,96,hitl
99,2026-07-11 06:45,retail_1,retail,0,,,,,,,,102.9,30.0,0.0,0.0,2.8,14.4174,96,hitl
100,2026-07-11 07:00,supplier_1,supplier,0,790.97,,,,,,,,,,,,,96,hitl
100,2026-07-11 07:00,farm_1,farm,0,,752.0,0.0197,,,,,,,,,,,96,hitl
100,2026-07-11 07:00,slaughterhouse_1,slaughterhouse,1,,,,176.0,281.89,,,,,,,,,96,hitl
100,2026-07-11 07:00,wholesaler_1,wholesaler,1,,,,,,71.36,6.46,,,,,,,96,hitl
100,2026-07-11 07:00,retail_1,retail,0,,,,,,,,102.16,30.0,0.0,0.0,2.8,14.4174,96,hitl
101,2026-07-11 07:15,supplier_1,supplier,0,790.35,,,,,,,,,,,,,96,hitl
101,2026-07-11 07:15,farm_1,farm,0,,752.0,0.0197,,,,,,,,,,,96,hitl
101,2026-07-11 07:15,slaughterhouse_1,slaughterhouse,1,,,,176.0,287.13,,,,,,,,,96,hitl
101,2026-07-11 07:15,wholesaler_1,wholesaler,1,,,,,,68.51,6.46,,,,,,,96,hitl
101,2026-07-11 07:15,retail_1,retail,0,,,,,,,,104.37,30.0,0.0,0.0,2.8,14.4174,96,hitl
102,2026-07-11 07:30,supplier_1,supplier,0,789.66,,,,,,,,,,,,,96,hitl
102,2026-07-11 07:30,farm_1,farm,0,,752.0,0.0197,,,,,,,,,,,96,hitl
102,2026-07-11 07:30,slaughterhouse_1,slaughterhouse,1,,,,176.0,292.01,,,,,,,,,96,hitl
102,2026-07-11 07:30,wholesaler_1,wholesaler,1,,,,,,66.28,6.46,,,,,,,96,hitl
102,2026-07-11 07:30,retail_1,retail,0,,,,,,,,103.74,30.0,0.0,0.0,2.8,14.4174,96,hitl
103,2026-07-11 07:45,supplier_1,supplier,0,788.67,,,,,,,,,,,,,96,hitl
103,2026-07-11 07:45,farm_1,farm,0,,752.0,0.0197,,,,,,,,,,,96,hitl
103,2026-07-11 07:45,slaughterhouse_1,slaughterhouse,1,,,,176.0,296.81,,,,,,,,,96,hitl
103,2026-07-11 07:45,wholesaler_1,wholesaler,1,,,,,,63.31,6.46,,,,,,,96,hitl
103,2026-07-11 07:45,retail_1,retail,0,,,,,,,,102.98,30.0,0.0,0.0,2.8,14.4174,96,hitl
104,2026-07-11 08:00,supplier_1,supplier,0,787.39,,,,,,,,,,,,,96,hitl
104,2026-07-11 08:00,farm_1,farm,0,,752.0,0.0197,,,,,,,,,,,96,hitl
104,2026-07-11 08:00,slaughterhouse_1,slaughterhouse,1,,,,176.0,297.24,,,,,,,,,96,hitl
104,2026-07-11 08:00,wholesaler_1,wholesaler,1,,,,,,57.69,6.46,,,,,,,96,hitl
104,2026-07-11 08:00,retail_1,retail,0,,,,,,,,102.35,30.0,0.0,0.0,2.8,14.4174,96,hitl
105,2026-07-11 08:15,supplier_1,supplier,0,786.41,,,,,,,,,,,,,96,hitl
105,2026-07-11 08:15,farm_1,farm,0,,752.0,0.0197,,,,,,,,,,,96,hitl
105,2026-07-11 08:15,slaughterhouse_1,slaughterhouse,1,,,,176.0,301.95,,,,,,,,,96,hitl
105,2026-07-11 08:15,wholesaler_1,wholesaler,1,,,,,,59.47,6.46,,,,,,,96,hitl
105,2026-07-11 08:15,retail_1,retail,0,,,,,,,,104.37,30.0,0.0,0.0,2.8,14.4174,96,hitl
106,2026-07-11 08:30,supplier_1,supplier,0,785.35,,,,,,,,,,,,,96,hitl
106,2026-07-11 08:30,farm_1,farm,0,,752.0,0.0197,,,,,,,,,,,96,hitl
106,2026-07-11 08:30,slaughterhouse_1,slaughterhouse,1,,,,176.0,306.87,,,,,,,,,96,hitl
106,2026-07-11 08:30,wholesaler_1,wholesaler,1,,,,,,56.69,6.46,,,,,,,96,hitl
106,2026-07-11 08:30,retail_1,retail,0,,,,,,,,103.71,30.0,0.0,0.0,2.8,14.4174,96,hitl
107,2026-07-11 08:45,supplier_1,supplier,0,784.67,,,,,,,,,,,,,96,hitl
107,2026-07-11 08:45,farm_1,farm,0,,752.0,0.0197,,,,,,,,,,,96,hitl
107,2026-07-11 08:45,slaughterhouse_1,slaughterhouse,1,,,,176.0,311.78,,,,,,,,,96,hitl
107,2026-07-11 08:45,wholesaler_1,wholesaler,1,,,,,,54.25,6.46,,,,,,,96,hitl
107,2026-07-11 08:45,retail_1,retail,0,,,,,,,,103.05,30.0,0.0,0.0,2.8,14.4174,96,hitl
108,2026-07-11 09:00,supplier_1,supplier,0,783.93,,,,,,,,,,,,,96,hitl
108,2026-07-11 09:00,farm_1,farm,1,,752.0,0.0197,,,,,,,,,,,96,hitl
108,2026-07-11 09:00,slaughterhouse_1,slaughterhouse,1,,,,176.0,316.85,,,,,,,,,96,hitl
108,2026-07-11 09:00,wholesaler_1,wholesaler,1,,,,,,48.99,6.46,,,,,,,96,hitl
108,2026-07-11 09:00,retail_1,retail,0,,,,,,,,102.35,30.0,0.0,0.0,2.8,14.4174,96,hitl
109,2026-07-11 09:15,supplier_1,supplier,0,782.95,,,,,,,,,,,,,96,hitl
109,2026-07-11 09:15,farm_1,farm,1,,752.0,0.0197,,,,,,,,,,,96,hitl
109,2026-07-11 09:15,slaughterhouse_1,slaughterhouse,1,,,,176.0,321.51,,,,,,,,,96,hitl
109,2026-07-11 09:15,wholesaler_1,wholesaler,1,,,,,,47.18,6.46,,,,,,,96,hitl
109,2026-07-11 09:15,retail_1,retail,0,,,,,,,,104.32,30.0,0.0,0.0,2.8,14.4174,96,hitl
110,2026-07-11 09:30,supplier_1,supplier,0,782.43,,,,,,,,,,,,,96,hitl
110,2026-07-11 09:30,farm_1,farm,1,,752.0,0.0197,,,,,,,,,,,96,hitl
110,2026-07-11 09:30,slaughterhouse_1,slaughterhouse,1,,,,176.0,326.31,,,,,,,,,96,hitl
110,2026-07-11 09:30,wholesaler_1,wholesaler,1,,,,,,44.52,6.46,,,,,,,96,hitl
110,2026-07-11 09:30,retail_1,retail,0,,,,,,,,103.54,30.0,0.0,0.0,2.8,14.4174,96,hitl
111,2026-07-11 09:45,supplier_1,supplier,0,781.47,,,,,,,,,,,,,96,hitl
111,2026-07-11 09:45,farm_1,farm,1,,752.0,0.0197,,,,,,,,,,,96,hitl
111,2026-07-11 09:45,slaughterhouse_1,slaughterhouse,1,,,,176.0,331.14,,,,,,,,,96,hitl
111,2026-07-11 09:45,wholesaler_1,wholesaler,1,,,,,,41.95,6.46,,,,,,,96,hitl
111,2026-07-11 09:45,retail_1,retail,0,,,,,,,,102.85,30.0,0.0,0.0,2.8,14.4174,96,hitl
112,2026-07-11 10:00,supplier_1,supplier,0,780.25,,,,,,,,,,,,,96,hitl
112,2026-07-11 10:00,farm_1,farm,1,,752.0,0.0197,,,,,,,,,,,96,hitl
112,2026-07-11 10:00,slaughterhouse_1,slaughterhouse,1,,,,176.0,331.39,,,,,,,,,96,hitl
112,2026-07-11 10:00,wholesaler_1,wholesaler,1,,,,,,37.53,6.46,,,,,,,96,hitl
112,2026-07-11 10:00,retail_1,retail,0,,,,,,,,102.17,30.0,0.0,0.0,2.8,14.4174,96,hitl
113,2026-07-11 10:15,supplier_1,supplier,0,779.04,,,,,,,,,,,,,96,hitl
113,2026-07-11 10:15,farm_1,farm,1,,752.0,0.0197,,,,,,,,,,,96,hitl
113,2026-07-11 10:15,slaughterhouse_1,slaughterhouse,1,,,,176.0,336.65,,,,,,,,,96,hitl
113,2026-07-11 10:15,wholesaler_1,wholesaler,1,,,,,,39.68,6.46,,,,,,,96,hitl
113,2026-07-11 10:15,retail_1,retail,0,,,,,,,,104.33,30.0,0.0,0.0,2.8,14.4174,96,hitl
114,2026-07-11 10:30,supplier_1,supplier,0,777.7,,,,,,,,,,,,,96,hitl
114,2026-07-11 10:30,farm_1,farm,1,,752.0,0.0197,,,,,,,,,,,96,hitl
114,2026-07-11 10:30,slaughterhouse_1,slaughterhouse,1,,,,176.0,341.91,,,,,,,,,96,hitl
114,2026-07-11 10:30,wholesaler_1,wholesaler,1,,,,,,38.08,6.46,,,,,,,96,hitl
114,2026-07-11 10:30,retail_1,retail,0,,,,,,,,103.64,30.0,0.0,0.0,2.8,14.4174,96,hitl
115,2026-07-11 10:45,supplier_1,supplier,0,777.1,,,,,,,,,,,,,96,hitl
115,2026-07-11 10:45,farm_1,farm,1,,752.0,0.0197,,,,,,,,,,,96,hitl
115,2026-07-11 10:45,slaughterhouse_1,slaughterhouse,1,,,,176.0,347.13,,,,,,,,,96,hitl
115,2026-07-11 10:45,wholesaler_1,wholesaler,1,,,,,,56.24,72.0,,,,,,,96,hitl
115,2026-07-11 10:45,retail_1,retail,0,,,,,,,,102.9,30.0,0.0,0.0,2.8,14.4174,96,hitl
116,2026-07-11 11:00,supplier_1,supplier,0,776.46,,,,,,,,,,,,,96,hitl
116,2026-07-11 11:00,farm_1,farm,1,,752.0,0.0197,,,,,,,,,,,96,hitl
116,2026-07-11 11:00,slaughterhouse_1,slaughterhouse,1,,,,176.0,352.4,,,,,,,,,96,hitl
116,2026-07-11 11:00,wholesaler_1,wholesaler,1,,,,,,50.73,72.0,,,,,,,96,hitl
116,2026-07-11 11:00,retail_1,retail,0,,,,,,,,102.21,30.0,0.0,0.0,2.8,14.4174,96,hitl
117,2026-07-11 11:15,supplier_1,supplier,0,775.8,,,,,,,,,,,,,96,hitl
117,2026-07-11 11:15,farm_1,farm,1,,752.0,0.0197,,,,,,,,,,,96,hitl
117,2026-07-11 11:15,slaughterhouse_1,slaughterhouse,1,,,,176.0,357.42,,,,,,,,,96,hitl
117,2026-07-11 11:15,wholesaler_1,wholesaler,1,,,,,,49.02,72.0,,,,,,,96,hitl
117,2026-07-11 11:15,retail_1,retail,0,,,,,,,,104.3,30.0,0.0,0.0,2.8,14.4174,96,hitl
118,2026-07-11 11:30,supplier_1,supplier,0,775.0,,,,,,,,,,,,,96,hitl
118,2026-07-11 11:30,farm_1,farm,1,,752.0,0.0197,,,,,,,,,,,96,hitl
118,2026-07-11 11:30,slaughterhouse_1,slaughterhouse,1,,,,176.0,362.21,,,,,,,,,96,hitl
118,2026-07-11 11:30,wholesaler_1,wholesaler,1,,,,,,46.82,72.0,,,,,,,96,hitl
118,2026-07-11 11:30,retail_1,retail,0,,,,,,,,103.55,30.0,0.0,0.0,2.8,14.4174,96,hitl
119,2026-07-11 11:45,supplier_1,supplier,0,774.05,,,,,,,,,,,,,96,hitl
119,2026-07-11 11:45,farm_1,farm,1,,752.0,0.0197,,,,,,,,,,,96,hitl
119,2026-07-11 11:45,slaughterhouse_1,slaughterhouse,1,,,,176.0,366.86,,,,,,,,,96,hitl
119,2026-07-11 11:45,wholesaler_1,wholesaler,1,,,,,,44.21,72.0,,,,,,,96,hitl
119,2026-07-11 11:45,retail_1,retail,0,,,,,,,,102.85,30.0,0.0,0.0,2.8,14.4174,96,hitl
120,2026-07-11 12:00,supplier_1,supplier,0,772.61,,,,,,,,,,,,,96,hitl
120,2026-07-11 12:00,farm_1,farm,1,,752.0,0.0197,,,,,,,,,,,96,hitl
120,2026-07-11 12:00,slaughterhouse_1,slaughterhouse,1,,,,176.0,367.38,,,,,,,,,96,hitl
120,2026-07-11 12:00,wholesaler_1,wholesaler,1,,,,,,39.6,72.0,,,,,,,96,hitl
120,2026-07-11 12:00,retail_1,retail,0,,,,,,,,102.15,30.0,0.0,0.0,2.8,14.4174,96,hitl
121,2026-07-11 12:15,supplier_1,supplier,0,771.37,,,,,,,,,,,,,96,hitl
121,2026-07-11 12:15,farm_1,farm,1,,752.0,0.0197,,,,,,,,,,,96,hitl
121,2026-07-11 12:15,slaughterhouse_1,slaughterhouse,1,,,,176.0,372.52,,,,,,,,,96,hitl
121,2026-07-11 12:15,wholesaler_1,wholesaler,1,,,,,,42.41,72.0,,,,,,,96,hitl
121,2026-07-11 12:15,retail_1,retail,0,,,,,,,,104.38,30.0,0.0,0.0,2.8,14.4174,96,hitl
122,2026-07-11 12:30,supplier_1,supplier,0,770.5,,,,,,,,,,,,,96,hitl
122,2026-07-11 12:30,farm_1,farm,1,,752.0,0.0197,,,,,,,,,,,96,hitl
122,2026-07-11 12:30,slaughterhouse_1,slaughterhouse,1,,,,176.0,377.35,,,,,,,,,96,hitl
122,2026-07-11 12:30,wholesaler_1,wholesaler,1,,,,,,40.68,72.0,,,,,,,96,hitl
122,2026-07-11 12:30,retail_1,retail,0,,,,,,,,103.74,30.0,0.0,0.0,2.8,14.4174,96,hitl
123,2026-07-11 12:45,supplier_1,supplier,0,769.2,,,,,,,,,,,,,96,hitl
123,2026-07-11 12:45,farm_1,farm,1,,752.0,0.0197,,,,,,,,,,,96,hitl
123,2026-07-11 12:45,slaughterhouse_1,slaughterhouse,1,,,,176.0,381.85,,,,,,,,,96,hitl
123,2026-07-11 12:45,wholesaler_1,wholesaler,1,,,,,,38.86,72.0,,,,,,,96,hitl
123,2026-07-11 12:45,retail_1,retail,0,,,,,,,,102.97,30.0,0.0,0.0,2.8,14.4174,96,hitl
124,2026-07-11 13:00,supplier_1,supplier,0,767.74,,,,,,,,,,,,,96,hitl
124,2026-07-11 13:00,farm_1,farm,1,,752.0,0.0197,,,,,,,,,,,96,hitl
124,2026-07-11 13:00,slaughterhouse_1,slaughterhouse,1,,,,176.0,386.35,,,,,,,,,96,hitl
124,2026-07-11 13:00,wholesaler_1,wholesaler,1,,,,,,33.22,72.0,,,,,,,96,hitl
124,2026-07-11 13:00,retail_1,retail,0,,,,,,,,102.29,30.0,0.0,0.0,2.8,14.4174,96,hitl
125,2026-07-11 13:15,supplier_1,supplier,0,767.15,,,,,,,,,,,,,96,hitl
125,2026-07-11 13:15,farm_1,farm,1,,752.0,0.0197,,,,,,,,,,,96,hitl
125,2026-07-11 13:15,slaughterhouse_1,slaughterhouse,1,,,,176.0,390.88,,,,,,,,,96,hitl
125,2026-07-11 13:15,wholesaler_1,wholesaler,1,,,,,,30.35,72.0,,,,,,,96,hitl
125,2026-07-11 13:15,retail_1,retail,0,,,,,,,,104.33,30.0,0.0,0.0,2.8,14.4174,96,hitl
126,2026-07-11 13:30,supplier_1,supplier,0,766.06,,,,,,,,,,,,,96,hitl
126,2026-07-11 13:30,farm_1,farm,1,,752.0,0.0197,,,,,,,,,,,96,hitl
126,2026-07-11 13:30,slaughterhouse_1,slaughterhouse,1,,,,176.0,395.71,,,,,,,,,96,hitl
126,2026-07-11 13:30,wholesaler_1,wholesaler,1,,,,,,27.96,72.0,,,,,,,96,hitl
126,2026-07-11 13:30,retail_1,retail,0,,,,,,,,103.58,30.0,0.0,0.0,2.8,14.4174,96,hitl
127,2026-07-11 13:45,supplier_1,supplier,0,765.32,,,,,,,,,,,,,96,hitl
127,2026-07-11 13:45,farm_1,farm,1,,752.0,0.0197,,,,,,,,,,,96,hitl
127,2026-07-11 13:45,slaughterhouse_1,slaughterhouse,1,,,,176.0,400.0,,,,,,,,,96,hitl
127,2026-07-11 13:45,wholesaler_1,wholesaler,1,,,,,,26.3,72.0,,,,,,,96,hitl
127,2026-07-11 13:45,retail_1,retail,0,,,,,,,,102.92,30.0,0.0,0.0,2.8,14.4174,96,hitl
128,2026-07-11 14:00,supplier_1,supplier,0,764.4,,,,,,,,,,,,,96,hitl
128,2026-07-11 14:00,farm_1,farm,1,,752.0,0.0197,,,,,,,,,,,96,hitl
128,2026-07-11 14:00,slaughterhouse_1,slaughterhouse,1,,,,176.0,395.68,,,,,,,,,96,hitl
128,2026-07-11 14:00,wholesaler_1,wholesaler,1,,,,,,23.91,72.0,,,,,,,96,hitl
128,2026-07-11 14:00,retail_1,retail,0,,,,,,,,102.26,30.0,0.0,0.0,2.8,14.4174,96,hitl
129,2026-07-11 14:15,supplier_1,supplier,0,763.57,,,,,,,,,,,,,96,hitl
129,2026-07-11 14:15,farm_1,farm,1,,752.0,0.0197,,,,,,,,,,,96,hitl
129,2026-07-11 14:15,slaughterhouse_1,slaughterhouse,1,,,,176.0,400.0,,,,,,,,,96,hitl
129,2026-07-11 14:15,wholesaler_1,wholesaler,1,,,,,,25.79,72.0,,,,,,,96,hitl
129,2026-07-11 14:15,retail_1,retail,0,,,,,,,,101.64,30.0,0.0,0.0,2.8,14.4174,96,hitl
130,2026-07-11 14:30,supplier_1,supplier,0,762.88,,,,,,,,,,,,,96,hitl
130,2026-07-11 14:30,farm_1,farm,1,,752.0,0.0197,,,,,,,,,,,96,hitl
130,2026-07-11 14:30,slaughterhouse_1,slaughterhouse,1,,,,176.0,400.0,,,,,,,,,96,hitl
130,2026-07-11 14:30,wholesaler_1,wholesaler,1,,,,,,22.83,72.0,,,,,,,96,hitl
130,2026-07-11 14:30,retail_1,retail,0,,,,,,,,100.87,30.0,0.0,0.0,2.8,14.4174,96,hitl
131,2026-07-11 14:45,supplier_1,supplier,0,761.59,,,,,,,,,,,,,96,hitl
131,2026-07-11 14:45,farm_1,farm,1,,752.0,0.0197,,,,,,,,,,,96,hitl
131,2026-07-11 14:45,slaughterhouse_1,slaughterhouse,1,,,,176.0,400.0,,,,,,,,,96,hitl
131,2026-07-11 14:45,wholesaler_1,wholesaler,1,,,,,,20.52,72.0,,,,,,,96,hitl
131,2026-07-11 14:45,retail_1,retail,0,,,,,,,,100.11,30.0,0.0,0.0,2.8,14.4174,96,hitl
132,2026-07-11 15:00,supplier_1,supplier,0,760.78,,,,,,,,,,,,,96,hitl
132,2026-07-11 15:00,farm_1,farm,1,,752.0,0.0197,,,,,,,,,,,96,hitl
132,2026-07-11 15:00,slaughterhouse_1,slaughterhouse,1,,,,176.0,400.0,,,,,,,,,96,hitl
132,2026-07-11 15:00,wholesaler_1,wholesaler,1,,,,,,18.97,72.0,,,,,,,96,hitl
132,2026-07-11 15:00,retail_1,retail,0,,,,,,,,99.43,30.0,0.0,0.0,2.8,14.4174,96,hitl
133,2026-07-11 15:15,supplier_1,supplier,0,759.56,,,,,,,,,,,,,96,hitl
133,2026-07-11 15:15,farm_1,farm,1,,752.0,0.0197,,,,,,,,,,,96,hitl
133,2026-07-11 15:15,slaughterhouse_1,slaughterhouse,1,,,,176.0,400.0,,,,,,,,,96,hitl
133,2026-07-11 15:15,wholesaler_1,wholesaler,1,,,,,,17.3,72.0,,,,,,,96,hitl
133,2026-07-11 15:15,retail_1,retail,0,,,,,,,,98.8,30.0,0.0,0.0,2.8,14.4174,96,hitl
134,2026-07-11 15:30,supplier_1,supplier,0,758.99,,,,,,,,,,,,,96,hitl
134,2026-07-11 15:30,farm_1,farm,1,,752.0,0.0197,,,,,,,,,,,96,hitl
134,2026-07-11 15:30,slaughterhouse_1,slaughterhouse,1,,,,176.0,400.0,,,,,,,,,96,hitl
134,2026-07-11 15:30,wholesaler_1,wholesaler,1,,,,,,15.14,72.0,,,,,,,96,hitl
134,2026-07-11 15:30,retail_1,retail,0,,,,,,,,98.16,30.0,0.0,0.0,2.8,14.4174,96,hitl
135,2026-07-11 15:45,supplier_1,supplier,0,757.84,,,,,,,,,,,,,96,hitl
135,2026-07-11 15:45,farm_1,farm,1,,752.0,0.0197,,,,,,,,,,,96,hitl
135,2026-07-11 15:45,slaughterhouse_1,slaughterhouse,1,,,,176.0,400.0,,,,,,,,,96,hitl
135,2026-07-11 15:45,wholesaler_1,wholesaler,1,,,,,,12.64,72.0,,,,,,,96,hitl
135,2026-07-11 15:45,retail_1,retail,0,,,,,,,,97.4,30.0,0.0,0.0,2.8,14.4174,96,hitl
136,2026-07-11 16:00,supplier_1,supplier,0,756.51,,,,,,,,,,,,,96,hitl
136,2026-07-11 16:00,farm_1,farm,1,,752.0,0.0197,,,,,,,,,,,96,hitl
136,2026-07-11 16:00,slaughterhouse_1,slaughterhouse,1,,,,176.0,395.68,,,,,,,,,96,hitl
136,2026-07-11 16:00,wholesaler_1,wholesaler,1,,,,,,9.96,72.0,,,,,,,96,hitl
136,2026-07-11 16:00,retail_1,retail,0,,,,,,,,96.78,30.0,0.0,0.0,2.8,14.4174,96,hitl
137,2026-07-11 16:15,supplier_1,supplier,0,755.59,,,,,,,,,,,,,96,hitl
137,2026-07-11 16:15,farm_1,farm,1,,752.0,0.0197,,,,,,,,,,,96,hitl
137,2026-07-11 16:15,slaughterhouse_1,slaughterhouse,1,,,,176.0,400.0,,,,,,,,,96,hitl
137,2026-07-11 16:15,wholesaler_1,wholesaler,1,,,,,,12.29,72.0,,,,,,,96,hitl
137,2026-07-11 16:15,retail_1,retail,0,,,,,,,,96.04,30.0,0.0,0.0,2.8,14.4174,96,hitl
138,2026-07-11 16:30,supplier_1,supplier,0,754.93,,,,,,,,,,,,,96,hitl
138,2026-07-11 16:30,farm_1,farm,1,,752.0,0.0197,,,,,,,,,,,96,hitl
138,2026-07-11 16:30,slaughterhouse_1,slaughterhouse,1,,,,176.0,400.0,,,,,,,,,96,hitl
138,2026-07-11 16:30,wholesaler_1,wholesaler,1,,,,,,10.51,72.0,,,,,,,96,hitl
138,2026-07-11 16:30,retail_1,retail,0,,,,,,,,95.37,30.0,0.0,0.0,2.8,14.4174,96,hitl
139,2026-07-11 16:45,supplier_1,supplier,0,754.05,,,,,,,,,,,,,96,hitl
139,2026-07-11 16:45,farm_1,farm,1,,752.0,0.0197,,,,,,,,,,,96,hitl
139,2026-07-11 16:45,slaughterhouse_1,slaughterhouse,1,,,,176.0,400.0,,,,,,,,,96,hitl
139,2026-07-11 16:45,wholesaler_1,wholesaler,1,,,,,,7.84,72.0,,,,,,,96,hitl
139,2026-07-11 16:45,retail_1,retail,0,,,,,,,,94.71,30.0,0.0,0.0,2.8,14.4174,96,hitl
140,2026-07-11 17:00,supplier_1,supplier,0,752.68,,,,,,,,,,,,,96,hitl
140,2026-07-11 17:00,farm_1,farm,1,,752.0,0.0197,,,,,,,,,,,96,hitl
140,2026-07-11 17:00,slaughterhouse_1,slaughterhouse,1,,,,176.0,400.0,,,,,,,,,96,hitl
140,2026-07-11 17:00,wholesaler_1,wholesaler,1,,,,,,5.99,72.0,,,,,,,96,hitl
140,2026-07-11 17:00,retail_1,retail,0,,,,,,,,94.03,30.0,0.0,0.0,2.8,14.4174,96,hitl
141,2026-07-11 17:15,supplier_1,supplier,0,751.67,,,,,,,,,,,,,96,hitl
141,2026-07-11 17:15,farm_1,farm,1,,752.0,0.0197,,,,,,,,,,,96,hitl
141,2026-07-11 17:15,slaughterhouse_1,slaughterhouse,1,,,,176.0,400.0,,,,,,,,,96,hitl
141,2026-07-11 17:15,wholesaler_1,wholesaler,1,,,,,,3.83,72.0,,,,,,,96,hitl
141,2026-07-11 17:15,retail_1,retail,0,,,,,,,,93.37,30.0,0.0,0.0,2.8,14.4174,96,hitl
142,2026-07-11 17:30,supplier_1,supplier,0,751.05,,,,,,,,,,,,,96,hitl
142,2026-07-11 17:30,farm_1,farm,1,,752.0,0.0197,,,,,,,,,,,96,hitl
142,2026-07-11 17:30,slaughterhouse_1,slaughterhouse,1,,,,176.0,400.0,,,,,,,,,96,hitl
142,2026-07-11 17:30,wholesaler_1,wholesaler,1,,,,,,1.87,72.0,,,,,,,96,hitl
142,2026-07-11 17:30,retail_1,retail,0,,,,,,,,92.6,30.0,0.0,0.0,2.8,14.4174,96,hitl
143,2026-07-11 17:45,supplier_1,supplier,0,750.53,,,,,,,,,,,,,96,hitl
143,2026-07-11 17:45,farm_1,farm,1,,752.0,0.0197,,,,,,,,,,,96,hitl
143,2026-07-11 17:45,slaughterhouse_1,slaughterhouse,1,,,,176.0,400.0,,,,,,,,,96,hitl
143,2026-07-11 17:45,wholesaler_1,wholesaler,1,,,,,,0.0,72.0,,,,,,,96,hitl
143,2026-07-11 17:45,retail_1,retail,0,,,,,,,,91.83,30.0,0.0,0.0,2.8,14.4174,96,hitl
144,2026-07-11 18:00,supplier_1,supplier,0,749.28,,,,,,,,,,,,,96,hitl
144,2026-07-11 18:00,farm_1,farm,0,,752.0,0.0197,,,,,,,,,,,96,hitl
144,2026-07-11 18:00,slaughterhouse_1,slaughterhouse,1,,,,176.0,395.68,,,,,,,,,96,hitl
144,2026-07-11 18:00,wholesaler_1,wholesaler,1,,,,,,0.0,61.2,,,,,,,96,hitl
144,2026-07-11 18:00,retail_1,retail,0,,,,,,,,91.07,30.0,0.0,0.0,2.8,14.4174,96,hitl
145,2026-07-11 18:15,supplier_1,supplier,0,748.09,,,,,,,,,,,,,96,hitl
145,2026-07-11 18:15,farm_1,farm,0,,752.0,0.0197,,,,,,,,,,,96,hitl
145,2026-07-11 18:15,slaughterhouse_1,slaughterhouse,1,,,,176.0,400.0,,,,,,,,,96,hitl
145,2026-07-11 18:15,wholesaler_1,wholesaler,1,,,,,,4.32,61.2,,,,,,,96,hitl
145,2026-07-11 18:15,retail_1,retail,0,,,,,,,,90.37,30.0,0.0,0.0,2.8,14.4174,96,hitl
146,2026-07-11 18:30,supplier_1,supplier,0,747.23,,,,,,,,,,,,,96,hitl
146,2026-07-11 18:30,farm_1,farm,0,,752.0,0.0197,,,,,,,,,,,96,hitl
146,2026-07-11 18:30,slaughterhouse_1,slaughterhouse,1,,,,176.0,400.0,,,,,,,,,96,hitl
146,2026-07-11 18:30,wholesaler_1,wholesaler,1,,,,,,1.83,61.2,,,,,,,96,hitl
146,2026-07-11 18:30,retail_1,retail,0,,,,,,,,89.68,30.0,0.0,0.0,2.8,14.4174,96,hitl
147,2026-07-11 18:45,supplier_1,supplier,0,745.95,,,,,,,,,,,,,96,hitl
147,2026-07-11 18:45,farm_1,farm,0,,752.0,0.0197,,,,,,,,,,,96,hitl
147,2026-07-11 18:45,slaughterhouse_1,slaughterhouse,1,,,,176.0,400.0,,,,,,,,,96,hitl
147,2026-07-11 18:45,wholesaler_1,wholesaler,1,,,,,,0.0,61.2,,,,,,,96,hitl
147,2026-07-11 18:45,retail_1,retail,0,,,,,,,,89.0,30.0,0.0,0.0,2.8,14.4174,96,hitl
148,2026-07-11 19:00,supplier_1,supplier,0,744.92,,,,,,,,,,,,,96,hitl
148,2026-07-11 19:00,farm_1,farm,0,,752.0,0.0197,,,,,,,,,,,96,hitl
148,2026-07-11 19:00,slaughterhouse_1,slaughterhouse,1,,,,176.0,400.0,,,,,,,,,96,hitl
148,2026-07-11 19:00,wholesaler_1,wholesaler,1,,,,,,0.0,61.2,,,,,,,96,hitl
148,2026-07-11 19:00,retail_1,retail,0,,,,,,,,88.27,30.0,0.0,0.0,2.8,14.4174,96,hitl
149,2026-07-11 19:15,supplier_1,supplier,0,743.5,,,,,,,,,,,,,96,hitl
149,2026-07-11 19:15,farm_1,farm,0,,752.0,0.0197,,,,,,,,,,,96,hitl
149,2026-07-11 19:15,slaughterhouse_1,slaughterhouse,1,,,,176.0,400.0,,,,,,,,,96,hitl
149,2026-07-11 19:15,wholesaler_1,wholesaler,1,,,,,,0.0,61.2,,,,,,,96,hitl
149,2026-07-11 19:15,retail_1,retail,0,,,,,,,,87.55,30.0,0.0,0.0,2.8,14.4174,96,hitl
150,2026-07-11 19:30,supplier_1,supplier,0,742.67,,,,,,,,,,,,,96,hitl
150,2026-07-11 19:30,farm_1,farm,0,,752.0,0.0197,,,,,,,,,,,96,hitl
150,2026-07-11 19:30,slaughterhouse_1,slaughterhouse,1,,,,176.0,400.0,,,,,,,,,96,hitl
150,2026-07-11 19:30,wholesaler_1,wholesaler,1,,,,,,0.0,61.2,,,,,,,96,hitl
150,2026-07-11 19:30,retail_1,retail,0,,,,,,,,86.86,30.0,0.0,0.0,2.8,14.4174,96,hitl
151,2026-07-11 19:45,supplier_1,supplier,0,741.78,,,,,,,,,,,,,96,hitl
151,2026-07-11 19:45,farm_1,farm,0,,752.0,0.0197,,,,,,,,,,,96,hitl
151,2026-07-11 19:45,slaughterhouse_1,slaughterhouse,1,,,,176.0,400.0,,,,,,,,,96,hitl
151,2026-07-11 19:45,wholesaler_1,wholesaler,1,,,,,,0.0,61.2,,,,,,,96,hitl
151,2026-07-11 19:45,retail_1,retail,0,,,,,,,,86.21,30.0,0.0,0.0,2.8,14.4174,96,hitl
152,2026-07-11 20:00,supplier_1,supplier,0,740.3,,,,,,,,,,,,,96,hitl
152,2026-07-11 20:00,farm_1,farm,0,,752.0,0.0197,,,,,,,,,,,96,hitl
152,2026-07-11 20:00,slaughterhouse_1,slaughterhouse,1,,,,176.0,395.68,,,,,,,,,96,hitl
152,2026-07-11 20:00,wholesaler_1,wholesaler,1,,,,,,0.0,61.2,,,,,,,96,hitl
152,2026-07-11 20:00,retail_1,retail,0,,,,,,,,85.58,30.0,0.0,0.0,2.8,14.4174,96,hitl
153,2026-07-11 20:15,supplier_1,supplier,0,738.8,,,,,,,,,,,,,96,hitl
153,2026-07-11 20:15,farm_1,farm,0,,752.0,0.0197,,,,,,,,,,,96,hitl
153,2026-07-11 20:15,slaughterhouse_1,slaughterhouse,1,,,,176.0,400.0,,,,,,,,,96,hitl
153,2026-07-11 20:15,wholesaler_1,wholesaler,1,,,,,,4.32,61.2,,,,,,,96,hitl
153,2026-07-11 20:15,retail_1,retail,0,,,,,,,,84.95,30.0,0.0,0.0,2.8,14.4174,96,hitl
154,2026-07-11 20:30,supplier_1,supplier,0,738.0,,,,,,,,,,,,,96,hitl
154,2026-07-11 20:30,farm_1,farm,0,,752.0,0.0197,,,,,,,,,,,96,hitl
154,2026-07-11 20:30,slaughterhouse_1,slaughterhouse,1,,,,176.0,400.0,,,,,,,,,96,hitl
154,2026-07-11 20:30,wholesaler_1,wholesaler,1,,,,,,2.71,61.2,,,,,,,96,hitl
154,2026-07-11 20:30,retail_1,retail,0,,,,,,,,84.26,30.0,0.0,0.0,2.8,14.4174,96,hitl
155,2026-07-11 20:45,supplier_1,supplier,0,736.7,,,,,,,,,,,,,96,hitl
155,2026-07-11 20:45,farm_1,farm,0,,752.0,0.0197,,,,,,,,,,,96,hitl
155,2026-07-11 20:45,slaughterhouse_1,slaughterhouse,1,,,,176.0,400.0,,,,,,,,,96,hitl
155,2026-07-11 20:45,wholesaler_1,wholesaler,1,,,,,,0.16,61.2,,,,,,,96,hitl
155,2026-07-11 20:45,retail_1,retail,0,,,,,,,,83.49,30.0,0.0,0.0,2.8,14.4174,96,hitl
156,2026-07-11 21:00,supplier_1,supplier,0,735.42,,,,,,,,,,,,,96,hitl
156,2026-07-11 21:00,farm_1,farm,0,,752.0,0.0197,,,,,,,,,,,96,hitl
156,2026-07-11 21:00,slaughterhouse_1,slaughterhouse,1,,,,176.0,400.0,,,,,,,,,96,hitl
156,2026-07-11 21:00,wholesaler_1,wholesaler,1,,,,,,0.0,61.2,,,,,,,96,hitl
156,2026-07-11 21:00,retail_1,retail,0,,,,,,,,82.85,30.0,0.0,0.0,2.8,14.4174,96,hitl
157,2026-07-11 21:15,supplier_1,supplier,0,734.03,,,,,,,,,,,,,96,hitl
157,2026-07-11 21:15,farm_1,farm,0,,752.0,0.0197,,,,,,,,,,,96,hitl
157,2026-07-11 21:15,slaughterhouse_1,slaughterhouse,1,,,,176.0,400.0,,,,,,,,,96,hitl
157,2026-07-11 21:15,wholesaler_1,wholesaler,1,,,,,,0.0,61.2,,,,,,,96,hitl
157,2026-07-11 21:15,retail_1,retail,0,,,,,,,,82.1,30.0,0.0,0.0,2.8,14.4174,96,hitl
158,2026-07-11 21:30,supplier_1,supplier,0,732.92,,,,,,,,,,,,,96,hitl
158,2026-07-11 21:30,farm_1,farm,0,,752.0,0.0197,,,,,,,,,,,96,hitl
158,2026-07-11 21:30,slaughterhouse_1,slaughterhouse,1,,,,176.0,400.0,,,,,,,,,96,hitl
158,2026-07-11 21:30,wholesaler_1,wholesaler,1,,,,,,0.0,61.2,,,,,,,96,hitl
158,2026-07-11 21:30,retail_1,retail,0,,,,,,,,81.4,30.0,0.0,0.0,2.8,14.4174,96,hitl
159,2026-07-11 21:45,supplier_1,supplier,0,731.86,,,,,,,,,,,,,96,hitl
159,2026-07-11 21:45,farm_1,farm,0,,752.0,0.0197,,,,,,,,,,,96,hitl
159,2026-07-11 21:45,slaughterhouse_1,slaughterhouse,1,,,,176.0,400.0,,,,,,,,,96,hitl
159,2026-07-11 21:45,wholesaler_1,wholesaler,1,,,,,,0.0,61.2,,,,,,,96,hitl
159,2026-07-11 21:45,retail_1,retail,0,,,,,,,,80.74,30.0,0.0,0.0,2.8,14.4174,96,hitl
160,2026-07-11 22:00,supplier_1,supplier,0,731.1,,,,,,,,,,,,,96,hitl
160,2026-07-11 22:00,farm_1,farm,0,,752.0,0.0197,,,,,,,,,,,96,hitl
160,2026-07-11 22:00,slaughterhouse_1,slaughterhouse,1,,,,176.0,395.68,,,,,,,,,96,hitl
160,2026-07-11 22:00,wholesaler_1,wholesaler,1,,,,,,0.0,61.2,,,,,,,96,hitl
160,2026-07-11 22:00,retail_1,retail,0,,,,,,,,80.09,30.0,0.0,0.0,2.8,14.4174,96,hitl
161,2026-07-11 22:15,supplier_1,supplier,0,730.05,,,,,,,,,,,,,96,hitl
161,2026-07-11 22:15,farm_1,farm,0,,752.0,0.0197,,,,,,,,,,,96,hitl
161,2026-07-11 22:15,slaughterhouse_1,slaughterhouse,1,,,,176.0,400.0,,,,,,,,,96,hitl
161,2026-07-11 22:15,wholesaler_1,wholesaler,1,,,,,,4.32,61.2,,,,,,,96,hitl
161,2026-07-11 22:15,retail_1,retail,0,,,,,,,,79.35,30.0,0.0,0.0,2.8,14.4174,96,hitl
162,2026-07-11 22:30,supplier_1,supplier,0,729.51,,,,,,,,,,,,,96,hitl
162,2026-07-11 22:30,farm_1,farm,0,,752.0,0.0197,,,,,,,,,,,96,hitl
162,2026-07-11 22:30,slaughterhouse_1,slaughterhouse,1,,,,176.0,400.0,,,,,,,,,96,hitl
162,2026-07-11 22:30,wholesaler_1,wholesaler,1,,,,,,1.48,61.2,,,,,,,96,hitl
162,2026-07-11 22:30,retail_1,retail,0,,,,,,,,78.57,30.0,0.0,0.0,2.8,14.4174,96,hitl
163,2026-07-11 22:45,supplier_1,supplier,0,728.8,,,,,,,,,,,,,96,hitl
163,2026-07-11 22:45,farm_1,farm,0,,752.0,0.0197,,,,,,,,,,,96,hitl
163,2026-07-11 22:45,slaughterhouse_1,slaughterhouse,1,,,,176.0,400.0,,,,,,,,,96,hitl
163,2026-07-11 22:45,wholesaler_1,wholesaler,1,,,,,,0.0,61.2,,,,,,,96,hitl
163,2026-07-11 22:45,retail_1,retail,0,,,,,,,,77.91,30.0,0.0,0.0,2.8,14.4174,96,hitl
164,2026-07-11 23:00,supplier_1,supplier,0,727.41,,,,,,,,,,,,,96,hitl
164,2026-07-11 23:00,farm_1,farm,0,,752.0,0.0197,,,,,,,,,,,96,hitl
164,2026-07-11 23:00,slaughterhouse_1,slaughterhouse,1,,,,176.0,400.0,,,,,,,,,96,hitl
164,2026-07-11 23:00,wholesaler_1,wholesaler,1,,,,,,0.0,61.2,,,,,,,96,hitl
164,2026-07-11 23:00,retail_1,retail,0,,,,,,,,77.26,30.0,0.0,0.0,2.8,14.4174,96,hitl
165,2026-07-11 23:15,supplier_1,supplier,0,726.78,,,,,,,,,,,,,96,hitl
165,2026-07-11 23:15,farm_1,farm,0,,752.0,0.0197,,,,,,,,,,,96,hitl
165,2026-07-11 23:15,slaughterhouse_1,slaughterhouse,1,,,,176.0,400.0,,,,,,,,,96,hitl
165,2026-07-11 23:15,wholesaler_1,wholesaler,1,,,,,,0.0,61.2,,,,,,,96,hitl
165,2026-07-11 23:15,retail_1,retail,0,,,,,,,,76.48,30.0,0.0,0.0,2.8,14.4174,96,hitl
166,2026-07-11 23:30,supplier_1,supplier,0,725.3,,,,,,,,,,,,,96,hitl
166,2026-07-11 23:30,farm_1,farm,0,,752.0,0.0197,,,,,,,,,,,96,hitl
166,2026-07-11 23:30,slaughterhouse_1,slaughterhouse,1,,,,176.0,400.0,,,,,,,,,96,hitl
166,2026-07-11 23:30,wholesaler_1,wholesaler,1,,,,,,0.0,61.2,,,,,,,96,hitl
166,2026-07-11 23:30,retail_1,retail,0,,,,,,,,75.74,30.0,0.0,0.0,2.8,14.4174,96,hitl
167,2026-07-11 23:45,supplier_1,supplier,0,724.66,,,,,,,,,,,,,96,hitl
167,2026-07-11 23:45,farm_1,farm,0,,752.0,0.0197,,,,,,,,,,,96,hitl
167,2026-07-11 23:45,slaughterhouse_1,slaughterhouse,1,,,,176.0,400.0,,,,,,,,,96,hitl
167,2026-07-11 23:45,wholesaler_1,wholesaler,1,,,,,,0.0,61.2,,,,,,,96,hitl
167,2026-07-11 23:45,retail_1,retail,0,,,,,,,,75.05,30.0,0.0,0.0,2.8,14.4174,96,hitl
168,2026-07-12 00:00,supplier_1,supplier,0,723.59,,,,,,,,,,,,,96,hitl
168,2026-07-12 00:00,farm_1,farm,0,,752.0,0.0197,,,,,,,,,,,96,hitl
168,2026-07-12 00:00,slaughterhouse_1,slaughterhouse,1,,,,176.0,395.68,,,,,,,,,96,hitl
168,2026-07-12 00:00,wholesaler_1,wholesaler,1,,,,,,0.0,61.2,,,,,,,96,hitl
168,2026-07-12 00:00,retail_1,retail,0,,,,,,,,74.29,30.0,0.0,0.0,2.8,14.4174,96,hitl
169,2026-07-12 00:15,supplier_1,supplier,0,722.29,,,,,,,,,,,,,96,hitl
169,2026-07-12 00:15,farm_1,farm,0,,752.0,0.0197,,,,,,,,,,,96,hitl
169,2026-07-12 00:15,slaughterhouse_1,slaughterhouse,1,,,,176.0,400.0,,,,,,,,,96,hitl
169,2026-07-12 00:15,wholesaler_1,wholesaler,1,,,,,,4.32,61.2,,,,,,,96,hitl
169,2026-07-12 00:15,retail_1,retail,0,,,,,,,,73.51,30.0,0.0,0.0,2.8,14.4174,96,hitl
170,2026-07-12 00:30,supplier_1,supplier,0,720.85,,,,,,,,,,,,,96,hitl
170,2026-07-12 00:30,farm_1,farm,0,,752.0,0.0197,,,,,,,,,,,96,hitl
170,2026-07-12 00:30,slaughterhouse_1,slaughterhouse,1,,,,176.0,400.0,,,,,,,,,96,hitl
170,2026-07-12 00:30,wholesaler_1,wholesaler,1,,,,,,2.56,61.2,,,,,,,96,hitl
170,2026-07-12 00:30,retail_1,retail,0,,,,,,,,72.85,30.0,0.0,0.0,2.8,14.4174,96,hitl
171,2026-07-12 00:45,supplier_1,supplier,0,719.93,,,,,,,,,,,,,96,hitl
171,2026-07-12 00:45,farm_1,farm,0,,752.0,0.0197,,,,,,,,,,,96,hitl
171,2026-07-12 00:45,slaughterhouse_1,slaughterhouse,1,,,,176.0,400.0,,,,,,,,,96,hitl
171,2026-07-12 00:45,wholesaler_1,wholesaler,1,,,,,,0.0,61.2,,,,,,,96,hitl
171,2026-07-12 00:45,retail_1,retail,0,,,,,,,,72.08,30.0,0.0,0.0,2.8,14.4174,96,hitl
172,2026-07-12 01:00,supplier_1,supplier,0,719.31,,,,,,,,,,,,,96,hitl
172,2026-07-12 01:00,farm_1,farm,0,,752.0,0.0197,,,,,,,,,,,96,hitl
172,2026-07-12 01:00,slaughterhouse_1,slaughterhouse,1,,,,176.0,400.0,,,,,,,,,96,hitl
172,2026-07-12 01:00,wholesaler_1,wholesaler,1,,,,,,0.0,61.2,,,,,,,96,hitl
172,2026-07-12 01:00,retail_1,retail,0,,,,,,,,71.37,30.0,0.0,0.0,2.8,14.4174,96,hitl
173,2026-07-12 01:15,supplier_1,supplier,0,718.78,,,,,,,,,,,,,96,hitl
173,2026-07-12 01:15,farm_1,farm,0,,752.0,0.0197,,,,,,,,,,,96,hitl
173,2026-07-12 01:15,slaughterhouse_1,slaughterhouse,1,,,,176.0,400.0,,,,,,,,,96,hitl
173,2026-07-12 01:15,wholesaler_1,wholesaler,1,,,,,,0.0,61.2,,,,,,,96,hitl
173,2026-07-12 01:15,retail_1,retail,0,,,,,,,,70.67,30.0,0.0,0.0,2.8,14.4174,96,hitl
174,2026-07-12 01:30,supplier_1,supplier,0,717.31,,,,,,,,,,,,,96,hitl
174,2026-07-12 01:30,farm_1,farm,0,,752.0,0.0197,,,,,,,,,,,96,hitl
174,2026-07-12 01:30,slaughterhouse_1,slaughterhouse,1,,,,176.0,400.0,,,,,,,,,96,hitl
174,2026-07-12 01:30,wholesaler_1,wholesaler,1,,,,,,0.0,61.2,,,,,,,96,hitl
174,2026-07-12 01:30,retail_1,retail,0,,,,,,,,70.01,30.0,0.0,0.0,2.8,14.4174,96,hitl
175,2026-07-12 01:45,supplier_1,supplier,0,716.08,,,,,,,,,,,,,96,hitl
175,2026-07-12 01:45,farm_1,farm,0,,752.0,0.0197,,,,,,,,,,,96,hitl
175,2026-07-12 01:45,slaughterhouse_1,slaughterhouse,1,,,,176.0,400.0,,,,,,,,,96,hitl
175,2026-07-12 01:45,wholesaler_1,wholesaler,1,,,,,,0.0,61.2,,,,,,,96,hitl
175,2026-07-12 01:45,retail_1,retail,0,,,,,,,,69.33,30.0,0.0,0.0,2.8,14.4174,96,hitl
176,2026-07-12 02:00,supplier_1,supplier,0,715.3,,,,,,,,,,,,,96,hitl
176,2026-07-12 02:00,farm_1,farm,0,,752.0,0.0197,,,,,,,,,,,96,hitl
176,2026-07-12 02:00,slaughterhouse_1,slaughterhouse,1,,,,176.0,395.68,,,,,,,,,96,hitl
176,2026-07-12 02:00,wholesaler_1,wholesaler,1,,,,,,0.0,61.2,,,,,,,96,hitl
176,2026-07-12 02:00,retail_1,retail,0,,,,,,,,68.59,30.0,0.0,0.0,2.8,14.4174,96,hitl
177,2026-07-12 02:15,supplier_1,supplier,0,714.27,,,,,,,,,,,,,96,hitl
177,2026-07-12 02:15,farm_1,farm,0,,752.0,0.0197,,,,,,,,,,,96,hitl
177,2026-07-12 02:15,slaughterhouse_1,slaughterhouse,1,,,,176.0,400.0,,,,,,,,,96,hitl
177,2026-07-12 02:15,wholesaler_1,wholesaler,1,,,,,,4.32,61.2,,,,,,,96,hitl
177,2026-07-12 02:15,retail_1,retail,0,,,,,,,,67.92,30.0,0.0,0.0,2.8,14.4174,96,hitl
178,2026-07-12 02:30,supplier_1,supplier,0,712.86,,,,,,,,,,,,,96,hitl
178,2026-07-12 02:30,farm_1,farm,0,,752.0,0.0197,,,,,,,,,,,96,hitl
178,2026-07-12 02:30,slaughterhouse_1,slaughterhouse,1,,,,176.0,400.0,,,,,,,,,96,hitl
178,2026-07-12 02:30,wholesaler_1,wholesaler,1,,,,,,1.82,61.2,,,,,,,96,hitl
178,2026-07-12 02:30,retail_1,retail,0,,,,,,,,67.16,30.0,0.0,0.0,2.8,14.4174,96,hitl
179,2026-07-12 02:45,supplier_1,supplier,0,711.4,,,,,,,,,,,,,96,hitl
179,2026-07-12 02:45,farm_1,farm,0,,752.0,0.0197,,,,,,,,,,,96,hitl
179,2026-07-12 02:45,slaughterhouse_1,slaughterhouse,1,,,,176.0,400.0,,,,,,,,,96,hitl
179,2026-07-12 02:45,wholesaler_1,wholesaler,1,,,,,,0.06,61.2,,,,,,,96,hitl
179,2026-07-12 02:45,retail_1,retail,0,,,,,,,,66.4,30.0,0.0,0.0,2.8,14.4174,96,hitl
180,2026-07-12 03:00,supplier_1,supplier,0,710.35,,,,,,,,,,,,,96,hitl
180,2026-07-12 03:00,farm_1,farm,1,,752.0,0.0197,,,,,,,,,,,96,hitl
180,2026-07-12 03:00,slaughterhouse_1,slaughterhouse,1,,,,176.0,400.0,,,,,,,,,96,hitl
180,2026-07-12 03:00,wholesaler_1,wholesaler,1,,,,,,0.0,61.2,,,,,,,96,hitl
180,2026-07-12 03:00,retail_1,retail,0,,,,,,,,65.64,30.0,0.0,0.0,2.8,14.4174,96,hitl
181,2026-07-12 03:15,supplier_1,supplier,0,709.18,,,,,,,,,,,,,96,hitl
181,2026-07-12 03:15,farm_1,farm,1,,752.0,0.0197,,,,,,,,,,,96,hitl
181,2026-07-12 03:15,slaughterhouse_1,slaughterhouse,1,,,,176.0,400.0,,,,,,,,,96,hitl
181,2026-07-12 03:15,wholesaler_1,wholesaler,1,,,,,,0.0,61.2,,,,,,,96,hitl
181,2026-07-12 03:15,retail_1,retail,0,,,,,,,,65.01,30.0,0.0,0.0,2.8,14.4174,96,hitl
182,2026-07-12 03:30,supplier_1,supplier,0,708.37,,,,,,,,,,,,,96,hitl
182,2026-07-12 03:30,farm_1,farm,1,,752.0,0.0197,,,,,,,,,,,96,hitl
182,2026-07-12 03:30,slaughterhouse_1,slaughterhouse,1,,,,176.0,400.0,,,,,,,,,96,hitl
182,2026-07-12 03:30,wholesaler_1,wholesaler,1,,,,,,0.0,61.2,,,,,,,96,hitl
182,2026-07-12 03:30,retail_1,retail,0,,,,,,,,64.31,30.0,0.0,0.0,2.8,14.4174,96,hitl
183,2026-07-12 03:45,supplier_1,supplier,0,707.58,,,,,,,,,,,,,96,hitl
183,2026-07-12 03:45,farm_1,farm,1,,752.0,0.0197,,,,,,,,,,,96,hitl
183,2026-07-12 03:45,slaughterhouse_1,slaughterhouse,1,,,,176.0,400.0,,,,,,,,,96,hitl
183,2026-07-12 03:45,wholesaler_1,wholesaler,1,,,,,,0.0,61.2,,,,,,,96,hitl
183,2026-07-12 03:45,retail_1,retail,0,,,,,,,,63.53,30.0,0.0,0.0,2.8,14.4174,96,hitl
184,2026-07-12 04:00,supplier_1,supplier,0,706.68,,,,,,,,,,,,,96,hitl
184,2026-07-12 04:00,farm_1,farm,1,,752.0,0.0197,,,,,,,,,,,96,hitl
184,2026-07-12 04:00,slaughterhouse_1,slaughterhouse,1,,,,176.0,395.68,,,,,,,,,96,hitl
184,2026-07-12 04:00,wholesaler_1,wholesaler,1,,,,,,0.0,61.2,,,,,,,96,hitl
184,2026-07-12 04:00,retail_1,retail,0,,,,,,,,62.85,30.0,0.0,0.0,2.8,14.4174,96,hitl
185,2026-07-12 04:15,supplier_1,supplier,0,706.17,,,,,,,,,,,,,96,hitl
185,2026-07-12 04:15,farm_1,farm,1,,752.0,0.0197,,,,,,,,,,,96,hitl
185,2026-07-12 04:15,slaughterhouse_1,slaughterhouse,1,,,,176.0,400.0,,,,,,,,,96,hitl
185,2026-07-12 04:15,wholesaler_1,wholesaler,1,,,,,,4.32,61.2,,,,,,,96,hitl
185,2026-07-12 04:15,retail_1,retail,0,,,,,,,,62.23,30.0,0.0,0.0,2.8,14.4174,96,hitl
186,2026-07-12 04:30,supplier_1,supplier,0,704.75,,,,,,,,,,,,,96,hitl
186,2026-07-12 04:30,farm_1,farm,1,,752.0,0.0197,,,,,,,,,,,96,hitl
186,2026-07-12 04:30,slaughterhouse_1,slaughterhouse,1,,,,176.0,400.0,,,,,,,,,96,hitl
186,2026-07-12 04:30,wholesaler_1,wholesaler,1,,,,,,2.76,61.2,,,,,,,96,hitl
186,2026-07-12 04:30,retail_1,retail,0,,,,,,,,61.5,30.0,0.0,0.0,2.8,14.4174,96,hitl
187,2026-07-12 04:45,supplier_1,supplier,0,703.66,,,,,,,,,,,,,96,hitl
187,2026-07-12 04:45,farm_1,farm,1,,752.0,0.0197,,,,,,,,,,,96,hitl
187,2026-07-12 04:45,slaughterhouse_1,slaughterhouse,1,,,,176.0,400.0,,,,,,,,,96,hitl
187,2026-07-12 04:45,wholesaler_1,wholesaler,1,,,,,,0.29,61.2,,,,,,,96,hitl
187,2026-07-12 04:45,retail_1,retail,0,,,,,,,,60.85,30.0,0.0,0.0,2.8,14.4174,96,hitl
188,2026-07-12 05:00,supplier_1,supplier,0,703.05,,,,,,,,,,,,,96,hitl
188,2026-07-12 05:00,farm_1,farm,1,,752.0,0.0197,,,,,,,,,,,96,hitl
188,2026-07-12 05:00,slaughterhouse_1,slaughterhouse,1,,,,176.0,400.0,,,,,,,,,96,hitl
188,2026-07-12 05:00,wholesaler_1,wholesaler,1,,,,,,0.0,61.2,,,,,,,96,hitl
188,2026-07-12 05:00,retail_1,retail,0,,,,,,,,60.21,30.0,0.0,0.0,2.8,14.4174,96,hitl
189,2026-07-12 05:15,supplier_1,supplier,0,701.79,,,,,,,,,,,,,96,hitl
189,2026-07-12 05:15,farm_1,farm,1,,752.0,0.0197,,,,,,,,,,,96,hitl
189,2026-07-12 05:15,slaughterhouse_1,slaughterhouse,1,,,,176.0,400.0,,,,,,,,,96,hitl
189,2026-07-12 05:15,wholesaler_1,wholesaler,1,,,,,,0.0,61.2,,,,,,,96,hitl
189,2026-07-12 05:15,retail_1,retail,0,,,,,,,,59.43,30.0,0.0,0.0,2.8,14.4174,96,hitl
190,2026-07-12 05:30,supplier_1,supplier,0,700.64,,,,,,,,,,,,,96,hitl
190,2026-07-12 05:30,farm_1,farm,1,,752.0,0.0197,,,,,,,,,,,96,hitl
190,2026-07-12 05:30,slaughterhouse_1,slaughterhouse,1,,,,176.0,400.0,,,,,,,,,96,hitl
190,2026-07-12 05:30,wholesaler_1,wholesaler,1,,,,,,0.0,61.2,,,,,,,96,hitl
190,2026-07-12 05:30,retail_1,retail,0,,,,,,,,58.76,30.0,0.0,0.0,2.8,14.4174,96,hitl
191,2026-07-12 05:45,supplier_1,supplier,0,700.06,,,,,,,,,,,,,96,hitl
191,2026-07-12 05:45,farm_1,farm,1,,752.0,0.0197,,,,,,,,,,,96,hitl
191,2026-07-12 05:45,slaughterhouse_1,slaughterhouse,1,,,,176.0,400.0,,,,,,,,,96,hitl
191,2026-07-12 05:45,wholesaler_1,wholesaler,1,,,,,,0.0,61.2,,,,,,,96,hitl
191,2026-07-12 05:45,retail_1,retail,0,,,,,,,,58.07,30.0,0.0,0.0,2.8,14.4174,96,hitl
192,2026-07-12 06:00,supplier_1,supplier,0,698.92,,,,,,,,,,,,,96,hitl
192,2026-07-12 06:00,farm_1,farm,1,,752.0,0.0197,,,,,,,,,,,96,hitl
192,2026-07-12 06:00,slaughterhouse_1,slaughterhouse,1,,,,176.0,395.68,,,,,,,,,96,hitl
192,2026-07-12 06:00,wholesaler_1,wholesaler,1,,,,,,0.0,61.2,,,,,,,96,hitl
192,2026-07-12 06:00,retail_1,retail,0,,,,,,,,57.32,30.0,0.0,0.0,2.8,14.4174,96,hitl
193,2026-07-12 06:15,supplier_1,supplier,0,698.27,,,,,,,,,,,,,96,hitl
193,2026-07-12 06:15,farm_1,farm,1,,752.0,0.0197,,,,,,,,,,,96,hitl
193,2026-07-12 06:15,slaughterhouse_1,slaughterhouse,1,,,,176.0,400.0,,,,,,,,,96,hitl
193,2026-07-12 06:15,wholesaler_1,wholesaler,1,,,,,,4.32,61.2,,,,,,,96,hitl
193,2026-07-12 06:15,retail_1,retail,0,,,,,,,,56.62,30.0,0.0,0.0,2.8,14.4174,96,hitl
194,2026-07-12 06:30,supplier_1,supplier,0,697.08,,,,,,,,,,,,,96,hitl
194,2026-07-12 06:30,farm_1,farm,1,,752.0,0.0197,,,,,,,,,,,96,hitl
194,2026-07-12 06:30,slaughterhouse_1,slaughterhouse,1,,,,176.0,400.0,,,,,,,,,96,hitl
194,2026-07-12 06:30,wholesaler_1,wholesaler,1,,,,,,1.95,61.2,,,,,,,96,hitl
194,2026-07-12 06:30,retail_1,retail,0,,,,,,,,55.97,30.0,0.0,0.0,2.8,14.4174,96,hitl
195,2026-07-12 06:45,supplier_1,supplier,0,695.64,,,,,,,,,,,,,96,hitl
195,2026-07-12 06:45,farm_1,farm,1,,752.0,0.0197,,,,,,,,,,,96,hitl
195,2026-07-12 06:45,slaughterhouse_1,slaughterhouse,1,,,,176.0,400.0,,,,,,,,,96,hitl
195,2026-07-12 06:45,wholesaler_1,wholesaler,1,,,,,,0.19,61.2,,,,,,,96,hitl
195,2026-07-12 06:45,retail_1,retail,0,,,,,,,,55.24,30.0,0.0,0.0,2.8,14.4174,96,hitl
196,2026-07-12 07:00,supplier_1,supplier,0,694.23,,,,,,,,,,,,,96,hitl
196,2026-07-12 07:00,farm_1,farm,1,,752.0,0.0197,,,,,,,,,,,96,hitl
196,2026-07-12 07:00,slaughterhouse_1,slaughterhouse,1,,,,176.0,400.0,,,,,,,,,96,hitl
196,2026-07-12 07:00,wholesaler_1,wholesaler,1,,,,,,0.0,61.2,,,,,,,96,hitl
196,2026-07-12 07:00,retail_1,retail,0,,,,,,,,54.6,30.0,0.0,0.0,2.8,14.4174,96,hitl
197,2026-07-12 07:15,supplier_1,supplier,0,693.71,,,,,,,,,,,,,96,hitl
197,2026-07-12 07:15,farm_1,farm,1,,752.0,0.0197,,,,,,,,,,,96,hitl
197,2026-07-12 07:15,slaughterhouse_1,slaughterhouse,1,,,,176.0,400.0,,,,,,,,,96,hitl
197,2026-07-12 07:15,wholesaler_1,wholesaler,1,,,,,,0.0,61.2,,,,,,,96,hitl
197,2026-07-12 07:15,retail_1,retail,0,,,,,,,,53.89,30.0,0.0,0.0,2.8,14.4174,96,hitl
198,2026-07-12 07:30,supplier_1,supplier,0,693.03,,,,,,,,,,,,,96,hitl
198,2026-07-12 07:30,farm_1,farm,1,,752.0,0.0197,,,,,,,,,,,96,hitl
198,2026-07-12 07:30,slaughterhouse_1,slaughterhouse,1,,,,176.0,400.0,,,,,,,,,96,hitl
198,2026-07-12 07:30,wholesaler_1,wholesaler,1,,,,,,0.0,61.2,,,,,,,96,hitl
198,2026-07-12 07:30,retail_1,retail,0,,,,,,,,53.17,30.0,0.0,0.0,2.8,14.4174,96,hitl
199,2026-07-12 07:45,supplier_1,supplier,0,692.17,,,,,,,,,,,,,96,hitl
199,2026-07-12 07:45,farm_1,farm,1,,752.0,0.0197,,,,,,,,,,,96,hitl
199,2026-07-12 07:45,slaughterhouse_1,slaughterhouse,1,,,,176.0,400.0,,,,,,,,,96,hitl
199,2026-07-12 07:45,wholesaler_1,wholesaler,1,,,,,,0.0,61.2,,,,,,,96,hitl
199,2026-07-12 07:45,retail_1,retail,0,,,,,,,,52.46,30.0,0.0,0.0,2.8,14.4174,96,hitl
200,2026-07-12 08:00,supplier_1,supplier,0,691.02,,,,,,,,,,,,,96,hitl
200,2026-07-12 08:00,farm_1,farm,1,,752.0,0.0197,,,,,,,,,,,96,hitl
200,2026-07-12 08:00,slaughterhouse_1,slaughterhouse,1,,,,176.0,395.68,,,,,,,,,96,hitl
200,2026-07-12 08:00,wholesaler_1,wholesaler,1,,,,,,0.0,61.2,,,,,,,96,hitl
200,2026-07-12 08:00,retail_1,retail,0,,,,,,,,51.7,30.0,0.0,0.0,2.8,14.4174,96,hitl
201,2026-07-12 08:15,supplier_1,supplier,0,690.11,,,,,,,,,,,,,96,hitl
201,2026-07-12 08:15,farm_1,farm,1,,752.0,0.0197,,,,,,,,,,,96,hitl
201,2026-07-12 08:15,slaughterhouse_1,slaughterhouse,1,,,,176.0,400.0,,,,,,,,,96,hitl
201,2026-07-12 08:15,wholesaler_1,wholesaler,1,,,,,,4.32,61.2,,,,,,,96,hitl
201,2026-07-12 08:15,retail_1,retail,0,,,,,,,,51.06,30.0,0.0,0.0,2.8,14.4174,96,hitl
202,2026-07-12 08:30,supplier_1,supplier,0,689.53,,,,,,,,,,,,,96,hitl
202,2026-07-12 08:30,farm_1,farm,1,,752.0,0.0197,,,,,,,,,,,96,hitl
202,2026-07-12 08:30,slaughterhouse_1,slaughterhouse,1,,,,176.0,400.0,,,,,,,,,96,hitl
202,2026-07-12 08:30,wholesaler_1,wholesaler,1,,,,,,1.9,61.2,,,,,,,96,hitl
202,2026-07-12 08:30,retail_1,retail,0,,,,,,,,50.3,30.0,0.0,0.0,2.8,14.4174,96,hitl
203,2026-07-12 08:45,supplier_1,supplier,0,688.77,,,,,,,,,,,,,96,hitl
203,2026-07-12 08:45,farm_1,farm,1,,752.0,0.0197,,,,,,,,,,,96,hitl
203,2026-07-12 08:45,slaughterhouse_1,slaughterhouse,1,,,,176.0,400.0,,,,,,,,,96,hitl
203,2026-07-12 08:45,wholesaler_1,wholesaler,1,,,,,,0.31,61.2,,,,,,,96,hitl
203,2026-07-12 08:45,retail_1,retail,0,,,,,,,,49.64,30.0,0.0,0.0,2.8,14.4174,96,hitl
204,2026-07-12 09:00,supplier_1,supplier,0,687.86,,,,,,,,,,,,,96,hitl
204,2026-07-12 09:00,farm_1,farm,1,,752.0,0.0197,,,,,,,,,,,96,hitl
204,2026-07-12 09:00,slaughterhouse_1,slaughterhouse,1,,,,176.0,400.0,,,,,,,,,96,hitl
204,2026-07-12 09:00,wholesaler_1,wholesaler,1,,,,,,0.0,61.2,,,,,,,96,hitl
204,2026-07-12 09:00,retail_1,retail,0,,,,,,,,48.92,30.0,0.0,0.0,2.8,14.4174,96,hitl
205,2026-07-12 09:15,supplier_1,supplier,0,686.66,,,,,,,,,,,,,96,hitl
205,2026-07-12 09:15,farm_1,farm,1,,752.0,0.0197,,,,,,,,,,,96,hitl
205,2026-07-12 09:15,slaughterhouse_1,slaughterhouse,1,,,,176.0,400.0,,,,,,,,,96,hitl
205,2026-07-12 09:15,wholesaler_1,wholesaler,1,,,,,,0.0,61.2,,,,,,,96,hitl
205,2026-07-12 09:15,retail_1,retail,0,,,,,,,,48.19,30.0,0.0,0.0,2.8,14.4174,96,hitl
206,2026-07-12 09:30,supplier_1,supplier,0,685.55,,,,,,,,,,,,,96,hitl
206,2026-07-12 09:30,farm_1,farm,1,,752.0,0.0197,,,,,,,,,,,96,hitl
206,2026-07-12 09:30,slaughterhouse_1,slaughterhouse,1,,,,176.0,400.0,,,,,,,,,96,hitl
206,2026-07-12 09:30,wholesaler_1,wholesaler,1,,,,,,0.0,61.2,,,,,,,96,hitl
206,2026-07-12 09:30,retail_1,retail,0,,,,,,,,47.56,30.0,0.0,0.0,2.8,14.4174,96,hitl
207,2026-07-12 09:45,supplier_1,supplier,0,684.5,,,,,,,,,,,,,96,hitl
207,2026-07-12 09:45,farm_1,farm,1,,752.0,0.0197,,,,,,,,,,,96,hitl
207,2026-07-12 09:45,slaughterhouse_1,slaughterhouse,1,,,,176.0,400.0,,,,,,,,,96,hitl
207,2026-07-12 09:45,wholesaler_1,wholesaler,1,,,,,,0.0,61.2,,,,,,,96,hitl
207,2026-07-12 09:45,retail_1,retail,0,,,,,,,,46.89,30.0,0.0,0.0,2.8,14.4174,96,hitl
208,2026-07-12 10:00,supplier_1,supplier,0,683.73,,,,,,,,,,,,,96,hitl
208,2026-07-12 10:00,farm_1,farm,1,,752.0,0.0197,,,,,,,,,,,96,hitl
208,2026-07-12 10:00,slaughterhouse_1,slaughterhouse,0,,,,372.0,198.95,,,,,,,,,96,hitl
208,2026-07-12 10:00,wholesaler_1,wholesaler,1,,,,,,0.0,61.2,,,,,,,96,hitl
208,2026-07-12 10:00,retail_1,retail,0,,,,,,,,46.17,30.0,0.0,0.0,2.8,14.4174,96,hitl
209,2026-07-12 10:15,supplier_1,supplier,0,682.27,,,,,,,,,,,,,96,hitl
209,2026-07-12 10:15,farm_1,farm,1,,752.0,0.0197,,,,,,,,,,,96,hitl
209,2026-07-12 10:15,slaughterhouse_1,slaughterhouse,0,,,,372.0,210.11,,,,,,,,,96,hitl
209,2026-07-12 10:15,wholesaler_1,wholesaler,1,,,,,,24.0,61.2,,,,,,,96,hitl
209,2026-07-12 10:15,retail_1,retail,0,,,,,,,,45.48,30.0,0.0,0.0,2.8,14.4174,96,hitl
210,2026-07-12 10:30,supplier_1,supplier,0,681.74,,,,,,,,,,,,,96,hitl
210,2026-07-12 10:30,farm_1,farm,1,,752.0,0.0197,,,,,,,,,,,96,hitl
210,2026-07-12 10:30,slaughterhouse_1,slaughterhouse,0,,,,372.0,220.51,,,,,,,,,96,hitl
210,2026-07-12 10:30,wholesaler_1,wholesaler,1,,,,,,22.18,61.2,,,,,,,96,hitl
210,2026-07-12 10:30,retail_1,retail,0,,,,,,,,44.82,30.0,0.0,0.0,2.8,14.4174,96,hitl
211,2026-07-12 10:45,supplier_1,supplier,0,680.28,,,,,,,,,,,,,96,hitl
211,2026-07-12 10:45,farm_1,farm,1,,752.0,0.0197,,,,,,,,,,,96,hitl
211,2026-07-12 10:45,slaughterhouse_1,slaughterhouse,0,,,,372.0,230.65,,,,,,,,,96,hitl
211,2026-07-12 10:45,wholesaler_1,wholesaler,1,,,,,,19.64,61.2,,,,,,,96,hitl
211,2026-07-12 10:45,retail_1,retail,0,,,,,,,,44.14,30.0,0.0,0.0,2.8,14.4174,96,hitl
212,2026-07-12 11:00,supplier_1,supplier,0,678.96,,,,,,,,,,,,,96,hitl
212,2026-07-12 11:00,farm_1,farm,1,,752.0,0.0197,,,,,,,,,,,96,hitl
212,2026-07-12 11:00,slaughterhouse_1,slaughterhouse,0,,,,372.0,241.75,,,,,,,,,96,hitl
212,2026-07-12 11:00,wholesaler_1,wholesaler,1,,,,,,17.38,61.2,,,,,,,96,hitl
212,2026-07-12 11:00,retail_1,retail,0,,,,,,,,43.42,30.0,0.0,0.0,2.8,14.4174,96,hitl
213,2026-07-12 11:15,supplier_1,supplier,0,677.48,,,,,,,,,,,,,96,hitl
213,2026-07-12 11:15,farm_1,farm,1,,752.0,0.0197,,,,,,,,,,,96,hitl
213,2026-07-12 11:15,slaughterhouse_1,slaughterhouse,0,,,,372.0,252.28,,,,,,,,,96,hitl
213,2026-07-12 11:15,wholesaler_1,wholesaler,1,,,,,,15.63,61.2,,,,,,,96,hitl
213,2026-07-12 11:15,retail_1,retail,0,,,,,,,,42.75,30.0,0.0,0.0,2.8,14.4174,96,hitl
214,2026-07-12 11:30,supplier_1,supplier,0,676.0,,,,,,,,,,,,,96,hitl
214,2026-07-12 11:30,farm_1,farm,1,,752.0,0.0197,,,,,,,,,,,96,hitl
214,2026-07-12 11:30,slaughterhouse_1,slaughterhouse,0,,,,372.0,262.61,,,,,,,,,96,hitl
214,2026-07-12 11:30,wholesaler_1,wholesaler,1,,,,,,12.95,61.2,,,,,,,96,hitl
214,2026-07-12 11:30,retail_1,retail,0,,,,,,,,41.99,30.0,0.0,0.0,2.8,14.4174,96,hitl
215,2026-07-12 11:45,supplier_1,supplier,0,674.62,,,,,,,,,,,,,96,hitl
215,2026-07-12 11:45,farm_1,farm,1,,752.0,0.0197,,,,,,,,,,,96,hitl
215,2026-07-12 11:45,slaughterhouse_1,slaughterhouse,0,,,,372.0,272.22,,,,,,,,,96,hitl
215,2026-07-12 11:45,wholesaler_1,wholesaler,1,,,,,,11.37,61.2,,,,,,,96,hitl
215,2026-07-12 11:45,retail_1,retail,0,,,,,,,,41.26,30.0,0.0,0.0,2.8,14.4174,96,hitl
216,2026-07-12 12:00,supplier_1,supplier,0,673.61,,,,,,,,,,,,,96,hitl
216,2026-07-12 12:00,farm_1,farm,0,,752.0,0.0197,,,,,,,,,,,96,hitl
216,2026-07-12 12:00,slaughterhouse_1,slaughterhouse,0,,,,372.0,257.76,,,,,,,,,96,hitl
216,2026-07-12 12:00,wholesaler_1,wholesaler,1,,,,,,9.81,52.02,,,,,,,96,hitl
216,2026-07-12 12:00,retail_1,retail,0,,,,,,,,40.55,30.0,0.0,0.0,2.8,14.4174,96,hitl
217,2026-07-12 12:15,supplier_1,supplier,0,672.55,,,,,,,,,,,,,96,hitl
217,2026-07-12 12:15,farm_1,farm,0,,752.0,0.0197,,,,,,,,,,,96,hitl
217,2026-07-12 12:15,slaughterhouse_1,slaughterhouse,0,,,,372.0,268.51,,,,,,,,,96,hitl
217,2026-07-12 12:15,wholesaler_1,wholesaler,1,,,,,,32.04,52.02,,,,,,,96,hitl
217,2026-07-12 12:15,retail_1,retail,0,,,,,,,,39.83,30.0,0.0,0.0,2.8,14.4174,96,hitl
218,2026-07-12 12:30,supplier_1,supplier,0,671.16,,,,,,,,,,,,,96,hitl
218,2026-07-12 12:30,farm_1,farm,0,,752.0,0.0197,,,,,,,,,,,96,hitl
218,2026-07-12 12:30,slaughterhouse_1,slaughterhouse,0,,,,372.0,279.65,,,,,,,,,96,hitl
218,2026-07-12 12:30,wholesaler_1,wholesaler,1,,,,,,29.99,52.02,,,,,,,96,hitl
218,2026-07-12 12:30,retail_1,retail,0,,,,,,,,39.12,30.0,0.0,0.0,2.8,14.4174,96,hitl
219,2026-07-12 12:45,supplier_1,supplier,0,669.91,,,,,,,,,,,,,96,hitl
219,2026-07-12 12:45,farm_1,farm,0,,752.0,0.0197,,,,,,,,,,,96,hitl
219,2026-07-12 12:45,slaughterhouse_1,slaughterhouse,0,,,,372.0,290.38,,,,,,,,,96,hitl
219,2026-07-12 12:45,wholesaler_1,wholesaler,1,,,,,,28.3,52.02,,,,,,,96,hitl
219,2026-07-12 12:45,retail_1,retail,0,,,,,,,,38.41,30.0,0.0,0.0,2.8,14.4174,96,hitl
220,2026-07-12 13:00,supplier_1,supplier,0,668.67,,,,,,,,,,,,,96,hitl
220,2026-07-12 13:00,farm_1,farm,0,,752.0,0.0197,,,,,,,,,,,96,hitl
220,2026-07-12 13:00,slaughterhouse_1,slaughterhouse,0,,,,372.0,300.82,,,,,,,,,96,hitl
220,2026-07-12 13:00,wholesaler_1,wholesaler,1,,,,,,26.03,52.02,,,,,,,96,hitl
220,2026-07-12 13:00,retail_1,retail,0,,,,,,,,37.78,30.0,0.0,0.0,2.8,14.4174,96,hitl
221,2026-07-12 13:15,supplier_1,supplier,0,667.61,,,,,,,,,,,,,96,hitl
221,2026-07-12 13:15,farm_1,farm,0,,752.0,0.0197,,,,,,,,,,,96,hitl
221,2026-07-12 13:15,slaughterhouse_1,slaughterhouse,0,,,,372.0,311.32,,,,,,,,,96,hitl
221,2026-07-12 13:15,wholesaler_1,wholesaler,1,,,,,,23.41,52.02,,,,,,,96,hitl
221,2026-07-12 13:15,retail_1,retail,0,,,,,,,,37.14,30.0,0.0,0.0,2.8,14.4174,96,hitl
222,2026-07-12 13:30,supplier_1,supplier,0,666.94,,,,,,,,,,,,,96,hitl
222,2026-07-12 13:30,farm_1,farm,0,,752.0,0.0197,,,,,,,,,,,96,hitl
222,2026-07-12 13:30,slaughterhouse_1,slaughterhouse,0,,,,372.0,321.92,,,,,,,,,96,hitl
222,2026-07-12 13:30,wholesaler_1,wholesaler,1,,,,,,21.63,52.02,,,,,,,96,hitl
222,2026-07-12 13:30,retail_1,retail,0,,,,,,,,36.37,30.0,0.0,0.0,2.8,14.4174,96,hitl
223,2026-07-12 13:45,supplier_1,supplier,0,666.22,,,,,,,,,,,,,96,hitl
223,2026-07-12 13:45,farm_1,farm,0,,752.0,0.0197,,,,,,,,,,,96,hitl
223,2026-07-12 13:45,slaughterhouse_1,slaughterhouse,0,,,,372.0,332.09,,,,,,,,,96,hitl
223,2026-07-12 13:45,wholesaler_1,wholesaler,1,,,,,,19.86,52.02,,,,,,,96,hitl
223,2026-07-12 13:45,retail_1,retail,0,,,,,,,,35.67,30.0,0.0,0.0,2.8,14.4174,96,hitl
224,2026-07-12 14:00,supplier_1,supplier,0,665.37,,,,,,,,,,,,,96,hitl
224,2026-07-12 14:00,farm_1,farm,0,,752.0,0.0197,,,,,,,,,,,96,hitl
224,2026-07-12 14:00,slaughterhouse_1,slaughterhouse,0,,,,372.0,318.29,,,,,,,,,96,hitl
224,2026-07-12 14:00,wholesaler_1,wholesaler,1,,,,,,17.06,52.02,,,,,,,96,hitl
224,2026-07-12 14:00,retail_1,retail,0,,,,,,,,34.99,30.0,0.0,0.0,2.8,14.4174,96,hitl
225,2026-07-12 14:15,supplier_1,supplier,0,664.67,,,,,,,,,,,,,96,hitl
225,2026-07-12 14:15,farm_1,farm,0,,752.0,0.0197,,,,,,,,,,,96,hitl
225,2026-07-12 14:15,slaughterhouse_1,slaughterhouse,0,,,,372.0,329.24,,,,,,,,,96,hitl
225,2026-07-12 14:15,wholesaler_1,wholesaler,1,,,,,,38.24,52.02,,,,,,,96,hitl
225,2026-07-12 14:15,retail_1,retail,0,,,,,,,,34.25,30.0,0.0,0.0,2.8,14.4174,96,hitl
226,2026-07-12 14:30,supplier_1,supplier,0,663.26,,,,,,,,,,,,,96,hitl
226,2026-07-12 14:30,farm_1,farm,0,,752.0,0.0197,,,,,,,,,,,96,hitl
226,2026-07-12 14:30,slaughterhouse_1,slaughterhouse,0,,,,372.0,340.27,,,,,,,,,96,hitl
226,2026-07-12 14:30,wholesaler_1,wholesaler,1,,,,,,35.93,52.02,,,,,,,96,hitl
226,2026-07-12 14:30,retail_1,retail,0,,,,,,,,33.61,30.0,0.0,0.0,2.8,14.4174,96,hitl
227,2026-07-12 14:45,supplier_1,supplier,0,661.87,,,,,,,,,,,,,96,hitl
227,2026-07-12 14:45,farm_1,farm,0,,752.0,0.0197,,,,,,,,,,,96,hitl
227,2026-07-12 14:45,slaughterhouse_1,slaughterhouse,0,,,,372.0,350.85,,,,,,,,,96,hitl
227,2026-07-12 14:45,wholesaler_1,wholesaler,1,,,,,,34.35,52.02,,,,,,,96,hitl
227,2026-07-12 14:45,retail_1,retail,0,,,,,,,,32.99,30.0,0.0,0.0,2.8,14.4174,96,hitl
228,2026-07-12 15:00,supplier_1,supplier,0,660.41,,,,,,,,,,,,,96,hitl
228,2026-07-12 15:00,farm_1,farm,0,,752.0,0.0197,,,,,,,,,,,96,hitl
228,2026-07-12 15:00,slaughterhouse_1,slaughterhouse,0,,,,372.0,361.32,,,,,,,,,96,hitl
228,2026-07-12 15:00,wholesaler_1,wholesaler,1,,,,,,23.76,52.02,,,,,,,96,hitl
228,2026-07-12 15:00,retail_1,retail,0,,,,,,,,32.36,30.0,0.0,0.0,2.8,14.4174,96,hitl
229,2026-07-12 15:15,supplier_1,supplier,0,659.09,,,,,,,,,,,,,96,hitl
229,2026-07-12 15:15,farm_1,farm,0,,752.0,0.0197,,,,,,,,,,,96,hitl
229,2026-07-12 15:15,slaughterhouse_1,slaughterhouse,0,,,,372.0,372.02,,,,,,,,,96,hitl
229,2026-07-12 15:15,wholesaler_1,wholesaler,1,,,,,,21.71,52.02,,,,,,,96,hitl
229,2026-07-12 15:15,retail_1,retail,0,,,,,,,,40.48,30.0,0.0,0.0,2.8,14.4174,96,hitl
230,2026-07-12 15:30,supplier_1,supplier,0,658.53,,,,,,,,,,,,,96,hitl
230,2026-07-12 15:30,farm_1,farm,0,,752.0,0.0197,,,,,,,,,,,96,hitl
230,2026-07-12 15:30,slaughterhouse_1,slaughterhouse,0,,,,372.0,382.1,,,,,,,,,96,hitl
230,2026-07-12 15:30,wholesaler_1,wholesaler,1,,,,,,19.06,52.02,,,,,,,96,hitl
230,2026-07-12 15:30,retail_1,retail,0,,,,,,,,39.76,30.0,0.0,0.0,2.8,14.4174,96,hitl
231,2026-07-12 15:45,supplier_1,supplier,0,657.68,,,,,,,,,,,,,96,hitl
231,2026-07-12 15:45,farm_1,farm,0,,752.0,0.0197,,,,,,,,,,,96,hitl
231,2026-07-12 15:45,slaughterhouse_1,slaughterhouse,0,,,,372.0,392.07,,,,,,,,,96,hitl
231,2026-07-12 15:45,wholesaler_1,wholesaler,1,,,,,,17.23,52.02,,,,,,,96,hitl
231,2026-07-12 15:45,retail_1,retail,0,,,,,,,,39.07,30.0,0.0,0.0,2.8,14.4174,96,hitl
232,2026-07-12 16:00,supplier_1,supplier,0,656.5,,,,,,,,,,,,,96,hitl
232,2026-07-12 16:00,farm_1,farm,0,,752.0,0.0197,,,,,,,,,,,96,hitl
232,2026-07-12 16:00,slaughterhouse_1,slaughterhouse,0,,,,372.0,376.0,,,,,,,,,96,hitl
232,2026-07-12 16:00,wholesaler_1,wholesaler,1,,,,,,14.52,52.02,,,,,,,96,hitl
232,2026-07-12 16:00,retail_1,retail,0,,,,,,,,38.3,30.0,0.0,0.0,2.8,14.4174,96,hitl
233,2026-07-12 16:15,supplier_1,supplier,0,655.55,,,,,,,,,,,,,96,hitl
233,2026-07-12 16:15,farm_1,farm,0,,752.0,0.0197,,,,,,,,,,,96,hitl
233,2026-07-12 16:15,slaughterhouse_1,slaughterhouse,0,,,,372.0,385.96,,,,,,,,,96,hitl
233,2026-07-12 16:15,wholesaler_1,wholesaler,1,,,,,,36.71,52.02,,,,,,,96,hitl
233,2026-07-12 16:15,retail_1,retail,0,,,,,,,,37.67,30.0,0.0,0.0,2.8,14.4174,96,hitl
234,2026-07-12 16:30,supplier_1,supplier,0,654.3,,,,,,,,,,,,,96,hitl
234,2026-07-12 16:30,farm_1,farm,0,,752.0,0.0197,,,,,,,,,,,96,hitl
234,2026-07-12 16:30,slaughterhouse_1,slaughterhouse,0,,,,372.0,396.32,,,,,,,,,96,hitl
234,2026-07-12 16:30,wholesaler_1,wholesaler,1,,,,,,34.12,52.02,,,,,,,96,hitl
234,2026-07-12 16:30,retail_1,retail,0,,,,,,,,36.9,30.0,0.0,0.0,2.8,14.4174,96,hitl
235,2026-07-12 16:45,supplier_1,supplier,0,653.78,,,,,,,,,,,,,96,hitl
235,2026-07-12 16:45,farm_1,farm,0,,752.0,0.0197,,,,,,,,,,,96,hitl
235,2026-07-12 16:45,slaughterhouse_1,slaughterhouse,0,,,,372.0,400.0,,,,,,,,,96,hitl
235,2026-07-12 16:45,wholesaler_1,wholesaler,1,,,,,,31.79,52.02,,,,,,,96,hitl
235,2026-07-12 16:45,retail_1,retail,0,,,,,,,,36.2,30.0,0.0,0.0,2.8,14.4174,96,hitl
236,2026-07-12 17:00,supplier_1,supplier,0,653.1,,,,,,,,,,,,,96,hitl
236,2026-07-12 17:00,farm_1,farm,0,,752.0,0.0197,,,,,,,,,,,96,hitl
236,2026-07-12 17:00,slaughterhouse_1,slaughterhouse,0,,,,372.0,400.0,,,,,,,,,96,hitl
236,2026-07-12 17:00,wholesaler_1,wholesaler,1,,,,,,29.96,52.02,,,,,,,96,hitl
236,2026-07-12 17:00,retail_1,retail,0,,,,,,,,35.44,30.0,0.0,0.0,2.8,14.4174,96,hitl
237,2026-07-12 17:15,supplier_1,supplier,0,652.09,,,,,,,,,,,,,96,hitl
237,2026-07-12 17:15,farm_1,farm,0,,752.0,0.0197,,,,,,,,,,,96,hitl
237,2026-07-12 17:15,slaughterhouse_1,slaughterhouse,0,,,,372.0,400.0,,,,,,,,,96,hitl
237,2026-07-12 17:15,wholesaler_1,wholesaler,1,,,,,,27.3,52.02,,,,,,,96,hitl
237,2026-07-12 17:15,retail_1,retail,0,,,,,,,,34.69,30.0,0.0,0.0,2.8,14.4174,96,hitl
238,2026-07-12 17:30,supplier_1,supplier,0,651.41,,,,,,,,,,,,,96,hitl
238,2026-07-12 17:30,farm_1,farm,0,,752.0,0.0197,,,,,,,,,,,96,hitl
238,2026-07-12 17:30,slaughterhouse_1,slaughterhouse,0,,,,372.0,400.0,,,,,,,,,96,hitl
238,2026-07-12 17:30,wholesaler_1,wholesaler,1,,,,,,25.42,52.02,,,,,,,96,hitl
238,2026-07-12 17:30,retail_1,retail,0,,,,,,,,34.01,30.0,0.0,0.0,2.8,14.4174,96,hitl
239,2026-07-12 17:45,supplier_1,supplier,0,650.47,,,,,,,,,,,,,96,hitl
239,2026-07-12 17:45,farm_1,farm,0,,752.0,0.0197,,,,,,,,,,,96,hitl
239,2026-07-12 17:45,slaughterhouse_1,slaughterhouse,0,,,,372.0,400.0,,,,,,,,,96,hitl
239,2026-07-12 17:45,wholesaler_1,wholesaler,1,,,,,,23.91,52.02,,,,,,,96,hitl
239,2026-07-12 17:45,retail_1,retail,0,,,,,,,,33.35,30.0,0.0,0.0,2.8,14.4174,96,hitl
240,2026-07-12 18:00,supplier_1,supplier,0,649.92,,,,,,,,,,,,,96,hitl
240,2026-07-12 18:00,farm_1,farm,0,,752.0,0.0197,,,,,,,,,,,96,hitl
240,2026-07-12 18:00,slaughterhouse_1,slaughterhouse,0,,,,372.0,376.0,,,,,,,,,96,hitl
240,2026-07-12 18:00,wholesaler_1,wholesaler,1,,,,,,21.09,52.02,,,,,,,96,hitl
240,2026-07-12 18:00,retail_1,retail,0,,,,,,,,32.65,30.0,0.0,0.0,2.8,14.4174,96,hitl
241,2026-07-12 18:15,supplier_1,supplier,0,648.88,,,,,,,,,,,,,96,hitl
241,2026-07-12 18:15,farm_1,farm,0,,752.0,0.0197,,,,,,,,,,,96,hitl
241,2026-07-12 18:15,slaughterhouse_1,slaughterhouse,0,,,,372.0,385.64,,,,,,,,,96,hitl
241,2026-07-12 18:15,wholesaler_1,wholesaler,1,,,,,,43.1,52.02,,,,,,,96,hitl
241,2026-07-12 18:15,retail_1,retail,0,,,,,,,,32.01,30.0,0.0,0.0,2.8,14.4174,96,hitl
242,2026-07-12 18:30,supplier_1,supplier,0,647.57,,,,,,,,,,,,,96,hitl
242,2026-07-12 18:30,farm_1,farm,0,,752.0,0.0197,,,,,,,,,,,96,hitl
242,2026-07-12 18:30,slaughterhouse_1,slaughterhouse,0,,,,372.0,396.2,,,,,,,,,96,hitl
242,2026-07-12 18:30,wholesaler_1,wholesaler,1,,,,,,40.81,52.02,,,,,,,96,hitl
242,2026-07-12 18:30,retail_1,retail,0,,,,,,,,31.24,30.0,0.0,0.0,2.8,14.4174,96,hitl
243,2026-07-12 18:45,supplier_1,supplier,0,646.86,,,,,,,,,,,,,96,hitl
243,2026-07-12 18:45,farm_1,farm,0,,752.0,0.0197,,,,,,,,,,,96,hitl
243,2026-07-12 18:45,slaughterhouse_1,slaughterhouse,0,,,,372.0,400.0,,,,,,,,,96,hitl
243,2026-07-12 18:45,wholesaler_1,wholesaler,1,,,,,,38.14,52.02,,,,,,,96,hitl
243,2026-07-12 18:45,retail_1,retail,0,,,,,,,,30.53,30.0,0.0,0.0,2.8,14.4174,96,hitl
244,2026-07-12 19:00,supplier_1,supplier,0,646.03,,,,,,,,,,,,,96,hitl
244,2026-07-12 19:00,farm_1,farm,0,,752.0,0.0197,,,,,,,,,,,96,hitl
244,2026-07-12 19:00,slaughterhouse_1,slaughterhouse,0,,,,372.0,400.0,,,,,,,,,96,hitl
244,2026-07-12 19:00,wholesaler_1,wholesaler,1,,,,,,26.72,52.02,,,,,,,96,hitl
244,2026-07-12 19:00,retail_1,retail,0,,,,,,,,29.8,30.0,0.0,0.25,2.8,14.4174,96,hitl
245,2026-07-12 19:15,supplier_1,supplier,0,644.72,,,,,,,,,,,,,96,hitl
245,2026-07-12 19:15,farm_1,farm,0,,752.0,0.0197,,,,,,,,,,,96,hitl
245,2026-07-12 19:15,slaughterhouse_1,slaughterhouse,0,,,,372.0,400.0,,,,,,,,,96,hitl
245,2026-07-12 19:15,wholesaler_1,wholesaler,1,,,,,,24.74,52.02,,,,,,,96,hitl
245,2026-07-12 19:15,retail_1,retail,0,,,,,,,,37.92,30.0,0.0,0.5,2.8,14.4174,96,hitl
246,2026-07-12 19:30,supplier_1,supplier,0,643.77,,,,,,,,,,,,,96,hitl
246,2026-07-12 19:30,farm_1,farm,0,,752.0,0.0197,,,,,,,,,,,96,hitl
246,2026-07-12 19:30,slaughterhouse_1,slaughterhouse,0,,,,372.0,400.0,,,,,,,,,96,hitl
246,2026-07-12 19:30,wholesaler_1,wholesaler,1,,,,,,22.49,52.02,,,,,,,96,hitl
246,2026-07-12 19:30,retail_1,retail,0,,,,,,,,37.16,30.0,0.0,0.0,2.8,14.4174,96,hitl
247,2026-07-12 19:45,supplier_1,supplier,0,642.41,,,,,,,,,,,,,96,hitl
247,2026-07-12 19:45,farm_1,farm,0,,752.0,0.0197,,,,,,,,,,,96,hitl
247,2026-07-12 19:45,slaughterhouse_1,slaughterhouse,0,,,,372.0,400.0,,,,,,,,,96,hitl
247,2026-07-12 19:45,wholesaler_1,wholesaler,1,,,,,,20.98,52.02,,,,,,,96,hitl
247,2026-07-12 19:45,retail_1,retail,0,,,,,,,,36.48,30.0,0.0,0.0,2.8,14.4174,96,hitl
248,2026-07-12 20:00,supplier_1,supplier,0,641.38,,,,,,,,,,,,,96,hitl
248,2026-07-12 20:00,farm_1,farm,0,,752.0,0.0197,,,,,,,,,,,96,hitl
248,2026-07-12 20:00,slaughterhouse_1,slaughterhouse,0,,,,372.0,376.0,,,,,,,,,96,hitl
248,2026-07-12 20:00,wholesaler_1,wholesaler,1,,,,,,19.38,52.02,,,,,,,96,hitl
248,2026-07-12 20:00,retail_1,retail,0,,,,,,,,35.82,30.0,0.0,0.0,2.8,14.4174,96,hitl
249,2026-07-12 20:15,supplier_1,supplier,0,640.58,,,,,,,,,,,,,96,hitl
249,2026-07-12 20:15,farm_1,farm,0,,752.0,0.0197,,,,,,,,,,,96,hitl
249,2026-07-12 20:15,slaughterhouse_1,slaughterhouse,0,,,,372.0,385.66,,,,,,,,,96,hitl
249,2026-07-12 20:15,wholesaler_1,wholesaler,1,,,,,,41.13,52.02,,,,,,,96,hitl
249,2026-07-12 20:15,retail_1,retail,0,,,,,,,,35.08,30.0,0.0,0.0,2.8,14.4174,96,hitl
250,2026-07-12 20:30,supplier_1,supplier,0,639.46,,,,,,,,,,,,,96,hitl
250,2026-07-12 20:30,farm_1,farm,0,,752.0,0.0197,,,,,,,,,,,96,hitl
250,2026-07-12 20:30,slaughterhouse_1,slaughterhouse,0,,,,372.0,395.78,,,,,,,,,96,hitl
250,2026-07-12 20:30,wholesaler_1,wholesaler,1,,,,,,39.23,52.02,,,,,,,96,hitl
250,2026-07-12 20:30,retail_1,retail,0,,,,,,,,34.42,30.0,0.0,0.0,2.8,14.4174,96,hitl
251,2026-07-12 20:45,supplier_1,supplier,0,638.35,,,,,,,,,,,,,96,hitl
251,2026-07-12 20:45,farm_1,farm,0,,752.0,0.0197,,,,,,,,,,,96,hitl
251,2026-07-12 20:45,slaughterhouse_1,slaughterhouse,0,,,,372.0,400.0,,,,,,,,,96,hitl
251,2026-07-12 20:45,wholesaler_1,wholesaler,1,,,,,,36.87,52.02,,,,,,,96,hitl
251,2026-07-12 20:45,retail_1,retail,0,,,,,,,,33.8,30.0,0.0,0.0,2.8,14.4174,96,hitl
252,2026-07-12 21:00,supplier_1,supplier,0,637.69,,,,,,,,,,,,,96,hitl
252,2026-07-12 21:00,farm_1,farm,1,,752.0,0.0197,,,,,,,,,,,96,hitl
252,2026-07-12 21:00,slaughterhouse_1,slaughterhouse,0,,,,372.0,400.0,,,,,,,,,96,hitl
252,2026-07-12 21:00,wholesaler_1,wholesaler,1,,,,,,26.58,52.02,,,,,,,96,hitl
252,2026-07-12 21:00,retail_1,retail,0,,,,,,,,33.07,30.0,0.0,0.0,2.8,14.4174,96,hitl
253,2026-07-12 21:15,supplier_1,supplier,0,637.14,,,,,,,,,,,,,96,hitl
253,2026-07-12 21:15,farm_1,farm,1,,752.0,0.0197,,,,,,,,,,,96,hitl
253,2026-07-12 21:15,slaughterhouse_1,slaughterhouse,0,,,,372.0,400.0,,,,,,,,,96,hitl
253,2026-07-12 21:15,wholesaler_1,wholesaler,1,,,,,,23.76,52.02,,,,,,,96,hitl
253,2026-07-12 21:15,retail_1,retail,0,,,,,,,,41.1,30.0,0.0,0.0,2.8,14.4174,96,hitl
254,2026-07-12 21:30,supplier_1,supplier,0,636.16,,,,,,,,,,,,,96,hitl
254,2026-07-12 21:30,farm_1,farm,1,,752.0,0.0197,,,,,,,,,,,96,hitl
254,2026-07-12 21:30,slaughterhouse_1,slaughterhouse,0,,,,372.0,400.0,,,,,,,,,96,hitl
254,2026-07-12 21:30,wholesaler_1,wholesaler,1,,,,,,21.52,52.02,,,,,,,96,hitl
254,2026-07-12 21:30,retail_1,retail,0,,,,,,,,40.46,30.0,0.0,0.0,2.8,14.4174,96,hitl
255,2026-07-12 21:45,supplier_1,supplier,0,635.39,,,,,,,,,,,,,96,hitl
255,2026-07-12 21:45,farm_1,farm,1,,752.0,0.0197,,,,,,,,,,,96,hitl
255,2026-07-12 21:45,slaughterhouse_1,slaughterhouse,0,,,,372.0,400.0,,,,,,,,,96,hitl
255,2026-07-12 21:45,wholesaler_1,wholesaler,1,,,,,,19.74,52.02,,,,,,,96,hitl
255,2026-07-12 21:45,retail_1,retail,0,,,,,,,,39.69,30.0,0.0,0.0,2.8,14.4174,96,hitl
256,2026-07-12 22:00,supplier_1,supplier,0,634.18,,,,,,,,,,,,,96,hitl
256,2026-07-12 22:00,farm_1,farm,1,,752.0,0.0197,,,,,,,,,,,96,hitl
256,2026-07-12 22:00,slaughterhouse_1,slaughterhouse,0,,,,372.0,376.0,,,,,,,,,96,hitl
256,2026-07-12 22:00,wholesaler_1,wholesaler,1,,,,,,18.2,52.02,,,,,,,96,hitl
256,2026-07-12 22:00,retail_1,retail,0,,,,,,,,39.03,30.0,0.0,0.0,2.8,14.4174,96,hitl
257,2026-07-12 22:15,supplier_1,supplier,0,632.95,,,,,,,,,,,,,96,hitl
257,2026-07-12 22:15,farm_1,farm,1,,752.0,0.0197,,,,,,,,,,,96,hitl
257,2026-07-12 22:15,slaughterhouse_1,slaughterhouse,0,,,,372.0,385.58,,,,,,,,,96,hitl
257,2026-07-12 22:15,wholesaler_1,wholesaler,1,,,,,,40.58,52.02,,,,,,,96,hitl
257,2026-07-12 22:15,retail_1,retail,0,,,,,,,,38.34,30.0,0.0,0.0,2.8,14.4174,96,hitl
258,2026-07-12 22:30,supplier_1,supplier,0,632.35,,,,,,,,,,,,,96,hitl
258,2026-07-12 22:30,farm_1,farm,1,,752.0,0.0197,,,,,,,,,,,96,hitl
258,2026-07-12 22:30,slaughterhouse_1,slaughterhouse,0,,,,372.0,395.92,,,,,,,,,96,hitl
258,2026-07-12 22:30,wholesaler_1,wholesaler,1,,,,,,38.64,52.02,,,,,,,96,hitl
258,2026-07-12 22:30,retail_1,retail,0,,,,,,,,37.7,30.0,0.0,0.0,2.8,14.4174,96,hitl
259,2026-07-12 22:45,supplier_1,supplier,0,631.27,,,,,,,,,,,,,96,hitl
259,2026-07-12 22:45,farm_1,farm,1,,752.0,0.0197,,,,,,,,,,,96,hitl
259,2026-07-12 22:45,slaughterhouse_1,slaughterhouse,0,,,,372.0,400.0,,,,,,,,,96,hitl
259,2026-07-12 22:45,wholesaler_1,wholesaler,1,,,,,,36.45,52.02,,,,,,,96,hitl
259,2026-07-12 22:45,retail_1,retail,0,,,,,,,,36.94,30.0,0.0,0.0,2.8,14.4174,96,hitl
260,2026-07-12 23:00,supplier_1,supplier,0,629.83,,,,,,,,,,,,,96,hitl
260,2026-07-12 23:00,farm_1,farm,1,,752.0,0.0197,,,,,,,,,,,96,hitl
260,2026-07-12 23:00,slaughterhouse_1,slaughterhouse,0,,,,372.0,400.0,,,,,,,,,96,hitl
260,2026-07-12 23:00,wholesaler_1,wholesaler,1,,,,,,26.72,52.02,,,,,,,96,hitl
260,2026-07-12 23:00,retail_1,retail,0,,,,,,,,36.2,30.0,0.0,0.0,2.8,14.4174,96,hitl
261,2026-07-12 23:15,supplier_1,supplier,0,628.8,,,,,,,,,,,,,96,hitl
261,2026-07-12 23:15,farm_1,farm,1,,752.0,0.0197,,,,,,,,,,,96,hitl
261,2026-07-12 23:15,slaughterhouse_1,slaughterhouse,0,,,,372.0,400.0,,,,,,,,,96,hitl
261,2026-07-12 23:15,wholesaler_1,wholesaler,1,,,,,,24.49,52.02,,,,,,,96,hitl
261,2026-07-12 23:15,retail_1,retail,0,,,,,,,,42.58,30.0,0.0,0.0,2.8,14.4174,96,hitl
262,2026-07-12 23:30,supplier_1,supplier,0,628.03,,,,,,,,,,,,,96,hitl
262,2026-07-12 23:30,farm_1,farm,1,,752.0,0.0197,,,,,,,,,,,96,hitl
262,2026-07-12 23:30,slaughterhouse_1,slaughterhouse,0,,,,372.0,400.0,,,,,,,,,96,hitl
262,2026-07-12 23:30,wholesaler_1,wholesaler,1,,,,,,21.9,52.02,,,,,,,96,hitl
262,2026-07-12 23:30,retail_1,retail,0,,,,,,,,41.96,30.0,0.0,0.0,2.8,14.4174,96,hitl
263,2026-07-12 23:45,supplier_1,supplier,0,627.45,,,,,,,,,,,,,96,hitl
263,2026-07-12 23:45,farm_1,farm,1,,752.0,0.0197,,,,,,,,,,,96,hitl
263,2026-07-12 23:45,slaughterhouse_1,slaughterhouse,0,,,,372.0,400.0,,,,,,,,,96,hitl
263,2026-07-12 23:45,wholesaler_1,wholesaler,1,,,,,,19.8,52.02,,,,,,,96,hitl
263,2026-07-12 23:45,retail_1,retail,0,,,,,,,,41.32,30.0,0.0,0.0,2.8,14.4174,96,hitl
264,2026-07-13 00:00,supplier_1,supplier,0,626.59,,,,,,,,,,,,,96,hitl
264,2026-07-13 00:00,farm_1,farm,1,,752.0,0.0197,,,,,,,,,,,96,hitl
264,2026-07-13 00:00,slaughterhouse_1,slaughterhouse,0,,,,372.0,376.0,,,,,,,,,96,hitl
264,2026-07-13 00:00,wholesaler_1,wholesaler,1,,,,,,17.53,52.02,,,,,,,96,hitl
264,2026-07-13 00:00,retail_1,retail,0,,,,,,,,40.6,30.0,0.0,0.0,2.8,14.4174,96,hitl
265,2026-07-13 00:15,supplier_1,supplier,0,625.69,,,,,,,,,,,,,96,hitl
265,2026-07-13 00:15,farm_1,farm,1,,752.0,0.0197,,,,,,,,,,,96,hitl
265,2026-07-13 00:15,slaughterhouse_1,slaughterhouse,0,,,,372.0,386.27,,,,,,,,,96,hitl
265,2026-07-13 00:15,wholesaler_1,wholesaler,1,,,,,,38.93,52.02,,,,,,,96,hitl
265,2026-07-13 00:15,retail_1,retail,0,,,,,,,,39.94,30.0,0.0,0.0,2.8,14.4174,96,hitl
266,2026-07-13 00:30,supplier_1,supplier,0,625.1,,,,,,,,,,,,,96,hitl
266,2026-07-13 00:30,farm_1,farm,1,,752.0,0.0197,,,,,,,,,,,96,hitl
266,2026-07-13 00:30,slaughterhouse_1,slaughterhouse,0,,,,372.0,397.13,,,,,,,,,96,hitl
266,2026-07-13 00:30,wholesaler_1,wholesaler,1,,,,,,37.02,52.02,,,,,,,96,hitl
266,2026-07-13 00:30,retail_1,retail,0,,,,,,,,39.29,30.0,0.0,0.0,2.8,14.4174,96,hitl
267,2026-07-13 00:45,supplier_1,supplier,0,624.07,,,,,,,,,,,,,96,hitl
267,2026-07-13 00:45,farm_1,farm,1,,752.0,0.0197,,,,,,,,,,,96,hitl
267,2026-07-13 00:45,slaughterhouse_1,slaughterhouse,0,,,,372.0,400.0,,,,,,,,,96,hitl
267,2026-07-13 00:45,wholesaler_1,wholesaler,1,,,,,,35.06,52.02,,,,,,,96,hitl
267,2026-07-13 00:45,retail_1,retail,0,,,,,,,,38.58,30.0,0.0,0.0,2.8,14.4174,96,hitl
268,2026-07-13 01:00,supplier_1,supplier,0,623.06,,,,,,,,,,,,,96,hitl
268,2026-07-13 01:00,farm_1,farm,1,,752.0,0.0197,,,,,,,,,,,96,hitl
268,2026-07-13 01:00,slaughterhouse_1,slaughterhouse,0,,,,372.0,400.0,,,,,,,,,96,hitl
268,2026-07-13 01:00,wholesaler_1,wholesaler,1,,,,,,25.31,52.02,,,,,,,96,hitl
268,2026-07-13 01:00,retail_1,retail,0,,,,,,,,37.96,30.0,0.0,0.0,2.8,14.4174,96,hitl
269,2026-07-13 01:15,supplier_1,supplier,0,621.81,,,,,,,,,,,,,96,hitl
269,2026-07-13 01:15,farm_1,farm,1,,752.0,0.0197,,,,,,,,,,,96,hitl
269,2026-07-13 01:15,slaughterhouse_1,slaughterhouse,0,,,,372.0,400.0,,,,,,,,,96,hitl
269,2026-07-13 01:15,wholesaler_1,wholesaler,1,,,,,,22.69,52.02,,,,,,,96,hitl
269,2026-07-13 01:15,retail_1,retail,0,,,,,,,,44.31,30.0,0.0,0.0,2.8,14.4174,96,hitl
270,2026-07-13 01:30,supplier_1,supplier,0,621.3,,,,,,,,,,,,,96,hitl
270,2026-07-13 01:30,farm_1,farm,1,,752.0,0.0197,,,,,,,,,,,96,hitl
270,2026-07-13 01:30,slaughterhouse_1,slaughterhouse,0,,,,372.0,400.0,,,,,,,,,96,hitl
270,2026-07-13 01:30,wholesaler_1,wholesaler,1,,,,,,19.98,52.02,,,,,,,96,hitl
270,2026-07-13 01:30,retail_1,retail,0,,,,,,,,43.62,30.0,0.0,0.0,2.8,14.4174,96,hitl
271,2026-07-13 01:45,supplier_1,supplier,0,619.85,,,,,,,,,,,,,96,hitl
271,2026-07-13 01:45,farm_1,farm,1,,752.0,0.0197,,,,,,,,,,,96,hitl
271,2026-07-13 01:45,slaughterhouse_1,slaughterhouse,0,,,,372.0,400.0,,,,,,,,,96,hitl
271,2026-07-13 01:45,wholesaler_1,wholesaler,1,,,,,,17.79,52.02,,,,,,,96,hitl
271,2026-07-13 01:45,retail_1,retail,0,,,,,,,,42.85,30.0,0.0,0.0,2.8,14.4174,96,hitl
272,2026-07-13 02:00,supplier_1,supplier,0,618.47,,,,,,,,,,,,,96,hitl
272,2026-07-13 02:00,farm_1,farm,1,,752.0,0.0197,,,,,,,,,,,96,hitl
272,2026-07-13 02:00,slaughterhouse_1,slaughterhouse,0,,,,372.0,376.0,,,,,,,,,96,hitl
272,2026-07-13 02:00,wholesaler_1,wholesaler,1,,,,,,14.87,52.02,,,,,,,96,hitl
272,2026-07-13 02:00,retail_1,retail,0,,,,,,,,42.07,30.0,0.0,0.0,2.8,14.4174,96,hitl
273,2026-07-13 02:15,supplier_1,supplier,0,617.05,,,,,,,,,,,,,96,hitl
273,2026-07-13 02:15,farm_1,farm,1,,752.0,0.0197,,,,,,,,,,,96,hitl
273,2026-07-13 02:15,slaughterhouse_1,slaughterhouse,0,,,,372.0,386.23,,,,,,,,,96,hitl
273,2026-07-13 02:15,wholesaler_1,wholesaler,0,,,,,,184.33,16.0,,,,,,,96,hitl
273,2026-07-13 02:15,retail_1,retail,0,,,,,,,,41.35,30.0,0.0,0.0,2.8,14.4174,96,hitl
274,2026-07-13 02:30,supplier_1,supplier,0,616.2,,,,,,,,,,,,,96,hitl
274,2026-07-13 02:30,farm_1,farm,1,,752.0,0.0197,,,,,,,,,,,96,hitl
274,2026-07-13 02:30,slaughterhouse_1,slaughterhouse,0,,,,372.0,396.68,,,,,,,,,96,hitl
274,2026-07-13 02:30,wholesaler_1,wholesaler,0,,,,,,181.84,16.0,,,,,,,96,hitl
274,2026-07-13 02:30,retail_1,retail,0,,,,,,,,40.61,30.0,0.0,0.0,2.8,14.4174,96,hitl
275,2026-07-13 02:45,supplier_1,supplier,0,615.43,,,,,,,,,,,,,96,hitl
275,2026-07-13 02:45,farm_1,farm,1,,752.0,0.0197,,,,,,,,,,,96,hitl
275,2026-07-13 02:45,slaughterhouse_1,slaughterhouse,0,,,,372.0,400.0,,,,,,,,,96,hitl
275,2026-07-13 02:45,wholesaler_1,wholesaler,0,,,,,,180.16,16.0,,,,,,,96,hitl
275,2026-07-13 02:45,retail_1,retail,0,,,,,,,,39.85,30.0,0.0,0.0,2.8,14.4174,96,hitl
276,2026-07-13 03:00,supplier_1,supplier,0,614.43,,,,,,,,,,,,,96,hitl
276,2026-07-13 03:00,farm_1,farm,1,,752.0,0.0197,,,,,,,,,,,96,hitl
276,2026-07-13 03:00,slaughterhouse_1,slaughterhouse,0,,,,372.0,400.0,,,,,,,,,96,hitl
276,2026-07-13 03:00,wholesaler_1,wholesaler,0,,,,,,171.35,16.0,,,,,,,96,hitl
276,2026-07-13 03:00,retail_1,retail,0,,,,,,,,39.07,30.0,0.0,0.0,2.8,14.4174,96,hitl
277,2026-07-13 03:15,supplier_1,supplier,0,613.79,,,,,,,,,,,,,96,hitl
277,2026-07-13 03:15,farm_1,farm,1,,752.0,0.0197,,,,,,,,,,,96,hitl
277,2026-07-13 03:15,slaughterhouse_1,slaughterhouse,0,,,,372.0,400.0,,,,,,,,,96,hitl
277,2026-07-13 03:15,wholesaler_1,wholesaler,0,,,,,,168.35,16.0,,,,,,,96,hitl
277,2026-07-13 03:15,retail_1,retail,0,,,,,,,,45.34,30.0,0.0,0.0,2.8,14.4174,96,hitl
278,2026-07-13 03:30,supplier_1,supplier,0,613.27,,,,,,,,,,,,,96,hitl
278,2026-07-13 03:30,farm_1,farm,1,,752.0,0.0197,,,,,,,,,,,96,hitl
278,2026-07-13 03:30,slaughterhouse_1,slaughterhouse,0,,,,372.0,400.0,,,,,,,,,96,hitl
278,2026-07-13 03:30,wholesaler_1,wholesaler,0,,,,,,166.59,16.0,,,,,,,96,hitl
278,2026-07-13 03:30,retail_1,retail,0,,,,,,,,44.69,30.0,0.0,0.0,2.8,14.4174,96,hitl
279,2026-07-13 03:45,supplier_1,supplier,0,612.3,,,,,,,,,,,,,96,hitl
279,2026-07-13 03:45,farm_1,farm,1,,752.0,0.0197,,,,,,,,,,,96,hitl
279,2026-07-13 03:45,slaughterhouse_1,slaughterhouse,0,,,,372.0,400.0,,,,,,,,,96,hitl
279,2026-07-13 03:45,wholesaler_1,wholesaler,0,,,,,,164.2,16.0,,,,,,,96,hitl
279,2026-07-13 03:45,retail_1,retail,0,,,,,,,,44.04,30.0,0.0,0.0,2.8,14.4174,96,hitl
280,2026-07-13 04:00,supplier_1,supplier,0,611.15,,,,,,,,,,,,,96,hitl
280,2026-07-13 04:00,farm_1,farm,1,,752.0,0.0197,,,,,,,,,,,96,hitl
280,2026-07-13 04:00,slaughterhouse_1,slaughterhouse,0,,,,372.0,376.0,,,,,,,,,96,hitl
280,2026-07-13 04:00,wholesaler_1,wholesaler,0,,,,,,154.24,16.0,,,,,,,96,hitl
280,2026-07-13 04:00,retail_1,retail,0,,,,,,,,43.3,30.0,0.0,0.0,2.8,14.4174,96,hitl
281,2026-07-13 04:15,supplier_1,supplier,0,610.36,,,,,,,,,,,,,96,hitl
281,2026-07-13 04:15,farm_1,farm,1,,752.0,0.0197,,,,,,,,,,,96,hitl
281,2026-07-13 04:15,slaughterhouse_1,slaughterhouse,0,,,,372.0,385.67,,,,,,,,,96,hitl
281,2026-07-13 04:15,wholesaler_1,wholesaler,0,,,,,,175.79,16.0,,,,,,,96,hitl
281,2026-07-13 04:15,retail_1,retail,0,,,,,,,,49.63,30.0,0.0,0.0,2.8,14.4174,96,hitl
282,2026-07-13 04:30,supplier_1,supplier,0,609.08,,,,,,,,,,,,,96,hitl
282,2026-07-13 04:30,farm_1,farm,1,,752.0,0.0197,,,,,,,,,,,96,hitl
282,2026-07-13 04:30,slaughterhouse_1,slaughterhouse,0,,,,372.0,396.54,,,,,,,,,96,hitl
282,2026-07-13 04:30,wholesaler_1,wholesaler,0,,,,,,173.41,16.0,,,,,,,96,hitl
282,2026-07-13 04:30,retail_1,retail,0,,,,,,,,48.99,30.0,0.0,0.0,2.8,14.4174,96,hitl
283,2026-07-13 04:45,supplier_1,supplier,0,608.13,,,,,,,,,,,,,96,hitl
283,2026-07-13 04:45,farm_1,farm,1,,752.0,0.0197,,,,,,,,,,,96,hitl
283,2026-07-13 04:45,slaughterhouse_1,slaughterhouse,0,,,,372.0,400.0,,,,,,,,,96,hitl
283,2026-07-13 04:45,wholesaler_1,wholesaler,0,,,,,,171.44,16.0,,,,,,,96,hitl
283,2026-07-13 04:45,retail_1,retail,0,,,,,,,,48.25,30.0,0.0,0.0,2.8,14.4174,96,hitl
284,2026-07-13 05:00,supplier_1,supplier,0,607.02,,,,,,,,,,,,,96,hitl
284,2026-07-13 05:00,farm_1,farm,1,,752.0,0.0197,,,,,,,,,,,96,hitl
284,2026-07-13 05:00,slaughterhouse_1,slaughterhouse,0,,,,372.0,400.0,,,,,,,,,96,hitl
284,2026-07-13 05:00,wholesaler_1,wholesaler,0,,,,,,162.5,16.0,,,,,,,96,hitl
284,2026-07-13 05:00,retail_1,retail,0,,,,,,,,47.5,30.0,0.0,0.0,2.8,14.4174,96,hitl
285,2026-07-13 05:15,supplier_1,supplier,0,606.18,,,,,,,,,,,,,96,hitl
285,2026-07-13 05:15,farm_1,farm,1,,752.0,0.0197,,,,,,,,,,,96,hitl
285,2026-07-13 05:15,slaughterhouse_1,slaughterhouse,0,,,,372.0,400.0,,,,,,,,,96,hitl
285,2026-07-13 05:15,wholesaler_1,wholesaler,0,,,,,,160.3,16.0,,,,,,,96,hitl
285,2026-07-13 05:15,retail_1,retail,0,,,,,,,,53.84,30.0,0.0,0.0,2.8,14.4174,96,hitl
286,2026-07-13 05:30,supplier_1,supplier,0,605.02,,,,,,,,,,,,,96,hitl
286,2026-07-13 05:30,farm_1,farm,1,,752.0,0.0197,,,,,,,,,,,96,hitl
286,2026-07-13 05:30,slaughterhouse_1,slaughterhouse,0,,,,372.0,400.0,,,,,,,,,96,hitl
286,2026-07-13 05:30,wholesaler_1,wholesaler,0,,,,,,157.4,16.0,,,,,,,96,hitl
286,2026-07-13 05:30,retail_1,retail,0,,,,,,,,53.12,30.0,0.0,0.0,2.8,14.4174,96,hitl
287,2026-07-13 05:45,supplier_1,supplier,0,603.85,,,,,,,,,,,,,96,hitl
287,2026-07-13 05:45,farm_1,farm,1,,752.0,0.0197,,,,,,,,,,,96,hitl
287,2026-07-13 05:45,slaughterhouse_1,slaughterhouse,0,,,,372.0,400.0,,,,,,,,,96,hitl
287,2026-07-13 05:45,wholesaler_1,wholesaler,0,,,,,,154.43,16.0,,,,,,,96,hitl
287,2026-07-13 05:45,retail_1,retail,0,,,,,,,,52.46,30.0,0.0,0.0,2.8,14.4174,96,hitl
