tick,timestamp,node_id,node_type,disrupted,available_supply,production_capacity,mortality_rate,processing_capacity,output_stock,inventory_level,pending_shipments,retail_inventory,safety_stock,stockout_flag,shortage_duration,sales_rate,reorder_request,scenario_id,mode
0,2026-01-05 06:00,supplier_1,supplier,0,912.48,,,,,,,,,,,,,3,hitl
0,2026-01-05 06:00,farm_1,farm,0,,775.0,0.0264,,,,,,,,,,,3,hitl
0,2026-01-05 06:00,slaughterhouse_1,slaughterhouse,0,,,,410.0,231.98,,,,,,,,,3,hitl
0,2026-01-05 06:00,wholesaler_1,wholesaler,0,,,,,,159.35,13.8,,,,,,,3,hitl
0,2026-01-05 06:00,retail_1,retail,0,,,,,,,,88.43,30.0,0.0,0.0,14.48,0.0,3,hitl
1,2026-01-05 06:15,supplier_1,supplier,0,911.66,,,,,,,,,,,,,3,hitl
1,2026-01-05 06:15,farm_1,farm,0,,775.0,0.0264,,,,,,,,,,,3,hitl
1,2026-01-05 06:15,slaughterhouse_1,slaughterhouse,0,,,,410.0,243.26,,,,,,,,,3,hitl
1,2026-01-05 06:15,wholesaler_1,wholesaler,0,,,,,,181.03,13.8,,,,,,,3,hitl
1,2026-01-05 06:15,retail_1,retail,0,,,,,,,,92.93,30.0,0.0,0.0,14.48,0.0,3,hitl
2,2026-01-05 06:30,supplier_1,supplier,0,911.05,,,,,,,,,,,,,3,hitl
2,2026-01-05 06:30,farm_1,farm,0,,775.0,0.0264,,,,,,,,,,,3,hitl
2,2026-01-05 06:30,slaughterhouse_1,slaughterhouse,0,,,,410.0,254.54,,,,,,,,,3,hitl
2,2026-01-05 06:30,wholesaler_1,wholesaler,0,,,,,,178.43,13.8,,,,,,,3,hitl
2,2026-01-05 06:30,retail_1,retail,0,,,,,,,,89.34,30.0,0.0,0.0,14.48,0.0,3,hitl
3,2026-01-05 06:45,supplier_1,supplier,0,909.96,,,,,,,,,,,,,3,hitl
3,2026-01-05 06:45,farm_1,farm,0,,775.0,0.0264,,,,,,,,,,,3,hitl
3,2026-01-05 06:45,slaughterhouse_1,slaughterhouse,0,,,,410.0,265.83,,,,,,,,,3,hitl
3,2026-01-05 06:45,wholesaler_1,wholesaler,0,,,,,,176.65,13.8,,,,,,,3,hitl
3,2026-01-05 06:45,retail_1,retail,0,,,,,,,,85.8,30.0,0.0,0.0,14.48,0.0,3,hitl
4,2026-01-05 07:00,supplier_1,supplier,0,909.33,,,,,,,,,,,,,3,hitl
4,2026-01-05 07:00,farm_1,farm,0,,775.0,0.0264,,,,,,,,,,,3,hitl
4,2026-01-05 07:00,slaughterhouse_1,slaughterhouse,0,,,,410.0,276.44,,,,,,,,,3,hitl
4,2026-01-05 07:00,wholesaler_1,wholesaler,0,,,,,,166.83,13.8,,,,,,,3,hitl
4,2026-01-05 07:00,retail_1,retail,0,,,,,,,,82.14,30.0,0.0,0.0,14.48,0.0,3,hitl
5,2026-01-05 07:15,supplier_1,supplier,0,908.17,,,,,,,,,,,,,3,hitl
5,2026-01-05 07:15,farm_1,farm,0,,775.0,0.0264,,,,,,,,,,,3,hitl
5,2026-01-05 07:15,slaughterhouse_1,slaughterhouse,0,,,,410.0,287.96,,,,,,,,,3,hitl
5,2026-01-05 07:15,wholesaler_1,wholesaler,0,,,,,,164.83,13.8,,,,,,,3,hitl
5,2026-01-05 07:15,retail_1,retail,0,,,,,,,,86.62,30.0,0.0,0.0,14.48,0.0,3,hitl
6,2026-01-05 07:30,supplier_1,supplier,0,907.27,,,,,,,,,,,,,3,hitl
6,2026-01-05 07:30,farm_1,farm,0,,775.0,0.0264,,,,,,,,,,,3,hitl
6,2026-01-05 07:30,slaughterhouse_1,slaughterhouse,0,,,,410.0,298.68,,,,,,,,,3,hitl
6,2026-01-05 07:30,wholesaler_1,wholesaler,0,,,,,,162.15,13.8,,,,,,,3,hitl
6,2026-01-05 07:30,retail_1,retail,0,,,,,,,,83.4,30.0,0.0,0.0,14.48,0.0,3,hitl
7,2026-01-05 07:45,supplier_1,supplier,0,906.16,,,,,,,,,,,,,3,hitl
7,2026-01-05 07:45,farm_1,farm,0,,775.0,0.0264,,,,,,,,,,,3,hitl
7,2026-01-05 07:45,slaughterhouse_1,slaughterhouse,0,,,,410.0,310.56,,,,,,,,,3,hitl
7,2026-01-05 07:45,wholesaler_1,wholesaler,0,,,,,,160.26,13.8,,,,,,,3,hitl
7,2026-01-05 07:45,retail_1,retail,0,,,,,,,,79.54,30.0,0.0,0.0,14.48,0.0,3,hitl
8,2026-01-05 08:00,supplier_1,supplier,0,905.37,,,,,,,,,,,,,3,hitl
8,2026-01-05 08:00,farm_1,farm,0,,775.0,0.0264,,,,,,,,,,,3,hitl
8,2026-01-05 08:00,slaughterhouse_1,slaughterhouse,0,,,,410.0,298.77,,,,,,,,,3,hitl
8,2026-01-05 08:00,wholesaler_1,wholesaler,0,,,,,,149.38,13.8,,,,,,,3,hitl
8,2026-01-05 08:00,retail_1,retail,0,,,,,,,,76.21,30.0,0.0,0.0,14.48,0.0,3,hitl
9,2026-01-05 08:15,supplier_1,supplier,0,904.53,,,,,,,,,,,,,3,hitl
9,2026-01-05 08:15,farm_1,farm,0,,775.0,0.0264,,,,,,,,,,,3,hitl
9,2026-01-05 08:15,slaughterhouse_1,slaughterhouse,0,,,,410.0,310.5,,,,,,,,,3,hitl
9,2026-01-05 08:15,wholesaler_1,wholesaler,0,,,,,,170.86,13.8,,,,,,,3,hitl
9,2026-01-05 08:15,retail_1,retail,0,,,,,,,,80.23,30.0,0.0,0.0,14.48,0.0,3,hitl
10,2026-01-05 08:30,supplier_1,supplier,0,903.72,,,,,,,,,,,,,3,hitl
10,2026-01-05 08:30,farm_1,farm,0,,775.0,0.0264,,,,,,,,,,,3,hitl
10,2026-01-05 08:30,slaughterhouse_1,slaughterhouse,0,,,,410.0,321.02,,,,,,,,,3,hitl
10,2026-01-05 08:30,wholesaler_1,wholesaler,0,,,,,,168.8,13.8,,,,,,,3,hitl
10,2026-01-05 08:30,retail_1,retail,0,,,,,,,,76.21,30.0,0.0,0.0,14.48,0.0,3,hitl
11,2026-01-05 08:45,supplier_1,supplier,0,902.64,,,,,,,,,,,,,3,hitl
11,2026-01-05 08:45,farm_1,farm,0,,775.0,0.0264,,,,,,,,,,,3,hitl
11,2026-01-05 08:45,slaughterhouse_1,slaughterhouse,0,,,,410.0,332.43,,,,,,,,,3,hitl
11,2026-01-05 08:45,wholesaler_1,wholesaler,0,,,,,,166.21,13.8,,,,,,,3,hitl
11,2026-01-05 08:45,retail_1,retail,0,,,,,,,,72.69,30.0,0.0,0.0,14.48,0.0,3,hitl
12,2026-01-05 09:00,supplier_1,supplier,0,901.15,,,,,,,,,,,,,3,hitl
12,2026-01-05 09:00,farm_1,farm,0,,775.0,0.0264,,,,,,,,,,,3,hitl
12,2026-01-05 09:00,slaughterhouse_1,slaughterhouse,0,,,,410.0,343.15,,,,,,,,,3,hitl
12,2026-01-05 09:00,wholesaler_1,wholesaler,0,,,,,,155.35,13.8,,,,,,,3,hitl
12,2026-01-05 09:00,retail_1,retail,0,,,,,,,,69.45,30.0,0.0,0.0,14.48,0.0,3,hitl
13,2026-01-05 09:15,supplier_1,supplier,0,900.56,,,,,,,,,,,,,3,hitl
13,2026-01-05 09:15,farm_1,farm,0,,775.0,0.0264,,,,,,,,,,,3,hitl
13,2026-01-05 09:15,slaughterhouse_1,slaughterhouse,0,,,,410.0,353.61,,,,,,,,,3,hitl
13,2026-01-05 09:15,wholesaler_1,wholesaler,0,,,,,,152.82,13.8,,,,,,,3,hitl
13,2026-01-05 09:15,retail_1,retail,0,,,,,,,,73.93,30.0,0.0,0.0,14.48,0.0,3,hitl
14,2026-01-05 09:30,supplier_1,supplier,0,899.35,,,,,,,,,,,,,3,hitl
14,2026-01-05 09:30,farm_1,farm,0,,775.0,0.0264,,,,,,,,,,,3,hitl
14,2026-01-05 09:30,slaughterhouse_1,slaughterhouse,0,,,,410.0,365.77,,,,,,,,,3,hitl
14,2026-01-05 09:30,wholesaler_1,wholesaler,0,,,,,,151.2,13.8,,,,,,,3,hitl
14,2026-01-05 09:30,retail_1,retail,0,,,,,,,,70.21,30.0,0.0,0.0,14.48,0.0,3,hitl
15,2026-01-05 09:45,supplier_1,supplier,0,898.25,,,,,,,,,,,,,3,hitl
15,2026-01-05 09:45,farm_1,farm,0,,775.0,0.0264,,,,,,,,,,,3,hitl
15,2026-01-05 09:45,slaughterhouse_1,slaughterhouse,0,,,,410.0,376.85,,,,,,,,,3,hitl
15,2026-01-05 09:45,wholesaler_1,wholesaler,0,,,,,,149.68,13.8,,,,,,,3,hitl
15,2026-01-05 09:45,retail_1,retail,0,,,,,,,,66.3,30.0,0.0,0.0,14.48,0.0,3,hitl
16,2026-01-05 10:00,supplier_1,supplier,0,897.01,,,,,,,,,,,,,3,hitl
16,2026-01-05 10:00,farm_1,farm,0,,775.0,0.0264,,,,,,,,,,,3,hitl
16,2026-01-05 10:00,slaughterhouse_1,slaughterhouse,0,,,,410.0,364.2,,,,,,,,,3,hitl
16,2026-01-05 10:00,wholesaler_1,wholesaler,0,,,,,,139.32,13.8,,,,,,,3,hitl
16,2026-01-05 10:00,retail_1,retail,0,,,,,,,,62.87,30.0,0.0,0.0,14.48,0.0,3,hitl
17,2026-01-05 10:15,supplier_1,supplier,0,896.23,,,,,,,,,,,,,3,hitl
17,2026-01-05 10:15,farm_1,farm,0,,775.0,0.0264,,,,,,,,,,,3,hitl
17,2026-01-05 10:15,slaughterhouse_1,slaughterhouse,0,,,,410.0,375.48,,,,,,,,,3,hitl
17,2026-01-05 10:15,wholesaler_1,wholesaler,0,,,,,,161.72,13.8,,,,,,,3,hitl
17,2026-01-05 10:15,retail_1,retail,0,,,,,,,,67.37,30.0,0.0,0.0,14.48,0.0,3,hitl
18,2026-01-05 10:30,supplier_1,supplier,0,895.69,,,,,,,,,,,,,3,hitl
18,2026-01-05 10:30,farm_1,farm,0,,775.0,0.0264,,,,,,,,,,,3,hitl
18,2026-01-05 10:30,slaughterhouse_1,slaughterhouse,0,,,,410.0,387.41,,,,,,,,,3,hitl
18,2026-01-05 10:30,wholesaler_1,wholesaler,0,,,,,,159.01,13.8,,,,,,,3,hitl
18,2026-01-05 10:30,retail_1,retail,0,,,,,,,,63.95,30.0,0.0,0.0,14.48,0.0,3,hitl
19,2026-01-05 10:45,supplier_1,supplier,0,894.95,,,,,,,,,,,,,3,hitl
19,2026-01-05 10:45,farm_1,farm,0,,775.0,0.0264,,,,,,,,,,,3,hitl
19,2026-01-05 10:45,slaughterhouse_1,slaughterhouse,0,,,,410.0,399.69,,,,,,,,,3,hitl
19,2026-01-05 10:45,wholesaler_1,wholesaler,0,,,,,,156.44,13.8,,,,,,,3,hitl
19,2026-01-05 10:45,retail_1,retail,0,,,,,,,,60.24,30.0,0.0,0.0,14.48,0.0,3,hitl
20,2026-01-05 11:00,supplier_1,supplier,0,893.52,,,,,,,,,,,,,3,hitl
20,2026-01-05 11:00,farm_1,farm,0,,775.0,0.0264,,,,,,,,,,,3,hitl
20,2026-01-05 11:00,slaughterhouse_1,slaughterhouse,0,,,,410.0,400.0,,,,,,,,,3,hitl
20,2026-01-05 11:00,wholesaler_1,wholesaler,0,,,,,,145.82,13.8,,,,,,,3,hitl
20,2026-01-05 11:00,retail_1,retail,0,,,,,,,,56.66,30.0,0.0,0.0,14.48,0.0,3,hitl
21,2026-01-05 11:15,supplier_1,supplier,0,892.91,,,,,,,,,,,,,3,hitl
21,2026-01-05 11:15,farm_1,farm,0,,775.0,0.0264,,,,,,,,,,,3,hitl
21,2026-01-05 11:15,slaughterhouse_1,slaughterhouse,0,,,,410.0,400.0,,,,,,,,,3,hitl
21,2026-01-05 11:15,wholesaler_1,wholesaler,0,,,,,,143.08,13.8,,,,,,,3,hitl
21,2026-01-05 11:15,retail_1,retail,0,,,,,,,,61.25,30.0,0.0,0.0,14.48,0.0,3,hitl
22,2026-01-05 11:30,supplier_1,supplier,0,891.97,,,,,,,,,,,,,3,hitl
22,2026-01-05 11:30,farm_1,farm,0,,775.0,0.0264,,,,,,,,,,,3,hitl
22,2026-01-05 11:30,slaughterhouse_1,slaughterhouse,0,,,,410.0,400.0,,,,,,,,,3,hitl
22,2026-01-05 11:30,wholesaler_1,wholesaler,0,,,,,,140.2,13.8,,,,,,,3,hitl
22,2026-01-05 11:30,retail_1,retail,0,,,,,,,,57.82,30.0,0.0,0.0,14.48,0.0,3,hitl
23,2026-01-05 11:45,supplier_1,supplier,0,891.41,,,,,,,,,,,,,3,hitl
23,2026-01-05 11:45,farm_1,farm,0,,775.0,0.0264,,,,,,,,,,,3,hitl
23,2026-01-05 11:45,slaughterhouse_1,slaughterhouse,0,,,,410.0,400.0,,,,,,,,,3,hitl
23,2026-01-05 11:45,wholesaler_1,wholesaler,0,,,,,,138.47,13.8,,,,,,,3,hitl
23,2026-01-05 11:45,retail_1,retail,0,,,,,,,,53.82,30.0,0.0,0.0,14.48,0.0,3,hitl
24,2026-01-05 12:00,supplier_1,supplier,0,890.35,,,,,,,,,,,,,3,hitl
24,2026-01-05 12:00,farm_1,farm,0,,775.0,0.0264,,,,,,,,,,,3,hitl
24,2026-01-05 12:00,slaughterhouse_1,slaughterhouse,0,,,,410.0,376.0,,,,,,,,,3,hitl
24,2026-01-05 12:00,wholesaler_1,wholesaler,0,,,,,,128.46,13.8,,,,,,,3,hitl
24,2026-01-05 12:00,retail_1,retail,0,,,,,,,,49.83,30.0,0.0,0.0,14.48,0.0,3,hitl
25,2026-01-05 12:15,supplier_1,supplier,0,888.95,,,,,,,,,,,,,3,hitl
25,2026-01-05 12:15,farm_1,farm,0,,775.0,0.0264,,,,,,,,,,,3,hitl
25,2026-01-05 12:15,slaughterhouse_1,slaughterhouse,0,,,,410.0,387.49,,,,,,,,,3,hitl
25,2026-01-05 12:15,wholesaler_1,wholesaler,0,,,,,,150.42,13.8,,,,,,,3,hitl
25,2026-01-05 12:15,retail_1,retail,0,,,,,,,,54.28,30.0,0.0,0.0,14.48,0.0,3,hitl
26,2026-01-05 12:30,supplier_1,supplier,0,888.34,,,,,,,,,,,,,3,hitl
26,2026-01-05 12:30,farm_1,farm,0,,775.0,0.0264,,,,,,,,,,,3,hitl
26,2026-01-05 12:30,slaughterhouse_1,slaughterhouse,0,,,,410.0,399.63,,,,,,,,,3,hitl
26,2026-01-05 12:30,wholesaler_1,wholesaler,0,,,,,,148.44,13.8,,,,,,,3,hitl
26,2026-01-05 12:30,retail_1,retail,0,,,,,,,,50.74,30.0,0.0,0.0,14.48,0.0,3,hitl
27,2026-01-05 12:45,supplier_1,supplier,0,887.51,,,,,,,,,,,,,3,hitl
27,2026-01-05 12:45,farm_1,farm,0,,775.0,0.0264,,,,,,,,,,,3,hitl
27,2026-01-05 12:45,slaughterhouse_1,slaughterhouse,0,,,,410.0,400.0,,,,,,,,,3,hitl
27,2026-01-05 12:45,wholesaler_1,wholesaler,0,,,,,,146.24,13.8,,,,,,,3,hitl
27,2026-01-05 12:45,retail_1,retail,0,,,,,,,,46.99,30.0,0.0,0.0,14.48,0.0,3,hitl
28,2026-01-05 13:00,supplier_1,supplier,0,886.36,,,,,,,,,,,,,3,hitl
28,2026-01-05 13:00,farm_1,farm,0,,775.0,0.0264,,,,,,,,,,,3,hitl
28,2026-01-05 13:00,slaughterhouse_1,slaughterhouse,0,,,,410.0,400.0,,,,,,,,,3,hitl
28,2026-01-05 13:00,wholesaler_1,wholesaler,0,,,,,,136.31,13.8,,,,,,,3,hitl
28,2026-01-05 13:00,retail_1,retail,0,,,,,,,,43.27,30.0,0.0,0.0,14.48,0.0,3,hitl
29,2026-01-05 13:15,supplier_1,supplier,0,884.93,,,,,,,,,,,,,3,hitl
29,2026-01-05 13:15,farm_1,farm,0,,775.0,0.0264,,,,,,,,,,,3,hitl
29,2026-01-05 13:15,slaughterhouse_1,slaughterhouse,0,,,,410.0,400.0,,,,,,,,,3,hitl
29,2026-01-05 13:15,wholesaler_1,wholesaler,0,,,,,,133.85,13.8,,,,,,,3,hitl
29,2026-01-05 13:15,retail_1,retail,0,,,,,,,,47.49,30.0,0.0,0.0,14.48,0.0,3,hitl
30,2026-01-05 13:30,supplier_1,supplier,0,883.89,,,,,,,,,,,,,3,hitl
30,2026-01-05 13:30,farm_1,farm,0,,775.0,0.0264,,,,,,,,,,,3,hitl
30,2026-01-05 13:30,slaughterhouse_1,slaughterhouse,0,,,,410.0,400.0,,,,,,,,,3,hitl
30,2026-01-05 13:30,wholesaler_1,wholesaler,0,,,,,,131.32,13.8,,,,,,,3,hitl
30,2026-01-05 13:30,retail_1,retail,0,,,,,,,,43.78,30.0,0.0,0.0,14.48,0.0,3,hitl
31,2026-01-05 13:45,supplier_1,supplier,0,882.84,,,,,,,,,,,,,3,hitl
31,2026-01-05 13:45,farm_1,farm,0,,775.0,0.0264,,,,,,,,,,,3,hitl
31,2026-01-05 13:45,slaughterhouse_1,slaughterhouse,0,,,,410.0,400.0,,,,,,,,,3,hitl
31,2026-01-05 13:45,wholesaler_1,wholesaler,0,,,,,,128.85,13.8,,,,,,,3,hitl
31,2026-01-05 13:45,retail_1,retail,0,,,,,,,,39.81,30.0,0.0,0.0,14.48,0.0,3,hitl
32,2026-01-05 14:00,supplier_1,supplier,0,881.39,,,,,,,,,,,,,3,hitl
32,2026-01-05 14:00,farm_1,farm,0,,775.0,0.0264,,,,,,,,,,,3,hitl
32,2026-01-05 14:00,slaughterhouse_1,slaughterhouse,0,,,,410.0,376.0,,,,,,,,,3,hitl
32,2026-01-05 14:00,wholesaler_1,wholesaler,0,,,,,,118.81,13.8,,,,,,,3,hitl
32,2026-01-05 14:00,retail_1,retail,0,,,,,,,,36.29,30.0,0.0,0.0,14.48,0.0,3,hitl
33,2026-01-05 14:15,supplier_1,supplier,0,880.26,,,,,,,,,,,,,3,hitl
33,2026-01-05 14:15,farm_1,farm,0,,775.0,0.0264,,,,,,,,,,,3,hitl
33,2026-01-05 14:15,slaughterhouse_1,slaughterhouse,0,,,,410.0,387.33,,,,,,,,,3,hitl
33,2026-01-05 14:15,wholesaler_1,wholesaler,0,,,,,,140.69,13.8,,,,,,,3,hitl
33,2026-01-05 14:15,retail_1,retail,0,,,,,,,,41.06,30.0,0.0,0.0,14.48,0.0,3,hitl
34,2026-01-05 14:30,supplier_1,supplier,0,878.79,,,,,,,,,,,,,3,hitl
34,2026-01-05 14:30,farm_1,farm,0,,775.0,0.0264,,,,,,,,,,,3,hitl
34,2026-01-05 14:30,slaughterhouse_1,slaughterhouse,0,,,,410.0,398.99,,,,,,,,,3,hitl
34,2026-01-05 14:30,wholesaler_1,wholesaler,0,,,,,,138.97,13.8,,,,,,,3,hitl
34,2026-01-05 14:30,retail_1,retail,0,,,,,,,,37.1,30.0,0.0,0.0,14.48,0.0,3,hitl
35,2026-01-05 14:45,supplier_1,supplier,0,877.8,,,,,,,,,,,,,3,hitl
35,2026-01-05 14:45,farm_1,farm,0,,775.0,0.0264,,,,,,,,,,,3,hitl
35,2026-01-05 14:45,slaughterhouse_1,slaughterhouse,0,,,,410.0,400.0,,,,,,,,,3,hitl
35,2026-01-05 14:45,wholesaler_1,wholesaler,0,,,,,,136.38,13.8,,,,,,,3,hitl
35,2026-01-05 14:45,retail_1,retail,0,,,,,,,,33.81,30.0,0.0,0.0,14.48,0.0,3,hitl
36,2026-01-05 15:00,supplier_1,supplier,0,876.89,,,,,,,,,,,,,3,hitl
36,2026-01-05 15:00,farm_1,farm,1,,775.0,0.0264,,,,,,,,,,,3,hitl
36,2026-01-05 15:00,slaughterhouse_1,slaughterhouse,0,,,,328.0,400.0,,,,,,,,,3,hitl
36,2026-01-05 15:00,wholesaler_1,wholesaler,0,,,,,,126.53,13.8,,,,,,,3,hitl
36,2026-01-05 15:00,retail_1,retail,0,,,,,,,,30.33,30.0,0.0,0.0,14.48,17.6046,3,hitl
37,2026-01-05 15:15,supplier_1,supplier,0,876.0,,,,,,,,,,,,,3,hitl
37,2026-01-05 15:15,farm_1,farm,1,,775.0,0.0264,,,,,,,,,,,3,hitl
37,2026-01-05 15:15,slaughterhouse_1,slaughterhouse,0,,,,328.0,400.0,,,,,,,,,3,hitl
37,2026-01-05 15:15,wholesaler_1,wholesaler,0,,,,,,124.36,13.8,,,,,,,3,hitl
37,2026-01-05 15:15,retail_1,retail,0,,,,,,,,34.39,30.0,0.0,0.25,14.48,17.6046,3,hitl
38,2026-01-05 15:30,supplier_1,supplier,0,874.71,,,,,,,,,,,,,3,hitl
38,2026-01-05 15:30,farm_1,farm,1,,775.0,0.0264,,,,,,,,,,,3,hitl
38,2026-01-05 15:30,slaughterhouse_1,slaughterhouse,0,,,,328.0,400.0,,,,,,,,,3,hitl
38,2026-01-05 15:30,wholesaler_1,wholesaler,0,,,,,,121.47,13.8,,,,,,,3,hitl
38,2026-01-05 15:30,retail_1,retail,0,,,,,,,,31.13,30.0,0.0,0.0,14.48,17.6046,3,hitl
39,2026-01-05 15:45,supplier_1,supplier,0,873.68,,,,,,,,,,,,,3,hitl
39,2026-01-05 15:45,farm_1,farm,1,,775.0,0.0264,,,,,,,,,,,3,hitl
39,2026-01-05 15:45,slaughterhouse_1,slaughterhouse,0,,,,328.0,400.0,,,,,,,,,3,hitl
39,2026-01-05 15:45,wholesaler_1,wholesaler,0,,,,,,118.57,13.8,,,,,,,3,hitl
39,2026-01-05 15:45,retail_1,retail,0,,,,,,,,27.38,30.0,0.0,0.25,14.48,17.6046,3,hitl
40,2026-01-05 16:00,supplier_1,supplier,0,873.07,,,,,,,,,,,,,3,hitl
40,2026-01-05 16:00,farm_1,farm,1,,775.0,0.0264,,,,,,,,,,,3,hitl
40,2026-01-05 16:00,slaughterhouse_1,slaughterhouse,0,,,,328.0,376.0,,,,,,,,,3,hitl
40,2026-01-05 16:00,wholesaler_1,wholesaler,0,,,,,,109.17,13.8,,,,,,,3,hitl
40,2026-01-05 16:00,retail_1,retail,0,,,,,,,,23.64,30.0,0.0,0.5,14.48,17.6046,3,hitl
41,2026-01-05 16:15,supplier_1,supplier,0,871.61,,,,,,,,,,,,,3,hitl
41,2026-01-05 16:15,farm_1,farm,1,,775.0,0.0264,,,,,,,,,,,3,hitl
41,2026-01-05 16:15,slaughterhouse_1,slaughterhouse,0,,,,328.0,384.92,,,,,,,,,3,hitl
41,2026-01-05 16:15,wholesaler_1,wholesaler,0,,,,,,130.48,13.8,,,,,,,3,hitl
41,2026-01-05 16:15,retail_1,retail,0,,,,,,,,27.31,30.0,0.0,0.75,14.48,17.6046,3,hitl
42,2026-01-05 16:30,supplier_1,supplier,0,870.43,,,,,,,,,,,,,3,hitl
42,2026-01-05 16:30,farm_1,farm,1,,775.0,0.0264,,,,,,,,,,,3,hitl
42,2026-01-05 16:30,slaughterhouse_1,slaughterhouse,0,,,,328.0,394.02,,,,,,,,,3,hitl
42,2026-01-05 16:30,wholesaler_1,wholesaler,0,,,,,,128.23,13.8,,,,,,,3,hitl
42,2026-01-05 16:30,retail_1,retail,0,,,,,,,,23.74,30.0,0.0,1.0,14.48,17.6046,3,hitl
43,2026-01-05 16:45,supplier_1,supplier,0,869.57,,,,,,,,,,,,,3,hitl
43,2026-01-05 16:45,farm_1,farm,1,,775.0,0.0264,,,,,,,,,,,3,hitl
43,2026-01-05 16:45,slaughterhouse_1,slaughterhouse,0,,,,328.0,400.0,,,,,,,,,3,hitl
43,2026-01-05 16:45,wholesaler_1,wholesaler,0,,,,,,125.34,13.8,,,,,,,3,hitl
43,2026-01-05 16:45,retail_1,retail,0,,,,,,,,20.11,30.0,0.0,1.25,14.48,17.6046,3,hitl
44,2026-01-05 17:00,supplier_1,supplier,0,868.33,,,,,,,,,,,,,3,hitl
44,2026-01-05 17:00,farm_1,farm,1,,775.0,0.0264,,,,,,,,,,,3,hitl
44,2026-01-05 17:00,slaughterhouse_1,slaughterhouse,0,,,,328.0,400.0,,,,,,,,,3,hitl
44,2026-01-05 17:00,wholesaler_1,wholesaler,0,,,,,,116.67,13.8,,,,,,,3,hitl
44,2026-01-05 17:00,retail_1,retail,0,,,,,,,,16.14,30.0,0.0,1.5,14.48,17.6046,3,hitl
45,2026-01-05 17:15,supplier_1,supplier,0,867.45,,,,,,,,,,,,,3,hitl
45,2026-01-05 17:15,farm_1,farm,1,,775.0,0.0264,,,,,,,,,,,3,hitl
45,2026-01-05 17:15,slaughterhouse_1,slaughterhouse,0,,,,328.0,400.0,,,,,,,,,3,hitl
45,2026-01-05 17:15,wholesaler_1,wholesaler,0,,,,,,113.84,13.8,,,,,,,3,hitl
45,2026-01-05 17:15,retail_1,retail,0,,,,,,,,20.01,30.0,0.0,1.75,14.48,17.6046,3,hitl
46,2026-01-05 17:30,supplier_1,supplier,0,866.54,,,,,,,,,,,,,3,hitl
46,2026-01-05 17:30,farm_1,farm,1,,775.0,0.0264,,,,,,,,,,,3,hitl
46,2026-01-05 17:30,slaughterhouse_1,slaughterhouse,0,,,,328.0,400.0,,,,,,,,,3,hitl
46,2026-01-05 17:30,wholesaler_1,wholesaler,0,,,,,,110.97,13.8,,,,,,,3,hitl
46,2026-01-05 17:30,retail_1,retail,0,,,,,,,,16.09,30.0,0.0,2.0,14.48,17.6046,3,hitl
47,2026-01-05 17:45,supplier_1,supplier,0,865.67,,,,,,,,,,,,,3,hitl
47,2026-01-05 17:45,farm_1,farm,1,,775.0,0.0264,,,,,,,,,,,3,hitl
47,2026-01-05 17:45,slaughterhouse_1,slaughterhouse,0,,,,328.0,400.0,,,,,,,,,3,hitl
47,2026-01-05 17:45,wholesaler_1,wholesaler,0,,,,,,107.99,13.8,,,,,,,3,hitl
47,2026-01-05 17:45,retail_1,retail,0,,,,,,,,12.69,30.0,0.0,2.25,14.48,17.6046,3,hitl
48,2026-01-05 18:00,supplier_1,supplier,0,864.71,,,,,,,,,,,,,3,hitl
48,2026-01-05 18:00,farm_1,farm,1,,380.0,0.14,,,,,,,,,,,3,hitl
48,2026-01-05 18:00,slaughterhouse_1,slaughterhouse,0,,,,328.0,376.0,,,,,,,,,3,hitl
48,2026-01-05 18:00,wholesaler_1,wholesaler,0,,,,,,98.03,13.8,,,,,,,3,hitl
48,2026-01-05 18:00,retail_1,retail,1,,,,,,,,9.15,30.0,0.0,2.5,14.48,17.6046,3,hitl
49,2026-01-05 18:15,supplier_1,supplier,0,863.72,,,,,,,,,,,,,3,hitl
49,2026-01-05 18:15,farm_1,farm,1,,380.0,0.14,,,,,,,,,,,3,hitl
49,2026-01-05 18:15,slaughterhouse_1,slaughterhouse,0,,,,328.0,384.37,,,,,,,,,3,hitl
49,2026-01-05 18:15,wholesaler_1,wholesaler,0,,,,,,119.35,13.8,,,,,,,3,hitl
49,2026-01-05 18:15,retail_1,retail,1,,,,,,,,12.8,30.0,0.0,2.75,14.48,17.6046,3,hitl
50,2026-01-05 18:30,supplier_1,supplier,0,862.32,,,,,,,,,,,,,3,hitl
50,2026-01-05 18:30,farm_1,farm,1,,380.0,0.14,,,,,,,,,,,3,hitl
50,2026-01-05 18:30,slaughterhouse_1,slaughterhouse,0,,,,328.0,394.0,,,,,,,,,3,hitl
50,2026-01-05 18:30,wholesaler_1,wholesaler,0,,,,,,116.96,13.8,,,,,,,3,hitl
50,2026-01-05 18:30,retail_1,retail,1,,,,,,,,9.16,30.0,0.0,3.0,14.48,17.6046,3,hitl
51,2026-01-05 18:45,supplier_1,supplier,0,861.07,,,,,,,,,,,,,3,hitl
51,2026-01-05 18:45,farm_1,farm,1,,380.0,0.14,,,,,,,,,,,3,hitl
51,2026-01-05 18:45,slaughterhouse_1,slaughterhouse,0,,,,328.0,400.0,,,,,,,,,3,hitl
51,2026-01-05 18:45,wholesaler_1,wholesaler,0,,,,,,114.52,13.8,,,,,,,3,hitl
51,2026-01-05 18:45,retail_1,retail,1,,,,,,,,5.19,30.0,0.0,3.25,14.48,17.6046,3,hitl
52,2026-01-05 19:00,supplier_1,supplier,0,860.28,,,,,,,,,,,,,3,hitl
52,2026-01-05 19:00,farm_1,farm,1,,380.0,0.14,,,,,,,,,,,3,hitl
52,2026-01-05 19:00,slaughterhouse_1,slaughterhouse,0,,,,328.0,400.0,,,,,,,,,3,hitl
52,2026-01-05 19:00,wholesaler_1,wholesaler,0,,,,,,105.78,13.8,,,,,,,3,hitl
52,2026-01-05 19:00,retail_1,retail,1,,,,,,,,1.56,30.0,0.0,3.5,14.48,17.6046,3,hitl
53,2026-01-05 19:15,supplier_1,supplier,0,859.28,,,,,,,,,,,,,3,hitl
53,2026-01-05 19:15,farm_1,farm,1,,380.0,0.14,,,,,,,,,,,3,hitl
53,2026-01-05 19:15,slaughterhouse_1,slaughterhouse,0,,,,328.0,400.0,,,,,,,,,3,hitl
53,2026-01-05 19:15,wholesaler_1,wholesaler,0,,,,,,103.87,13.8,,,,,,,3,hitl
53,2026-01-05 19:15,retail_1,retail,1,,,,,,,,7.15,30.0,1.0,3.75,14.48,17.6046,3,hitl
54,2026-01-05 19:30,supplier_1,supplier,0,858.28,,,,,,,,,,,,,3,hitl
54,2026-01-05 19:30,farm_1,farm,1,,380.0,0.14,,,,,,,,,,,3,hitl
54,2026-01-05 19:30,slaughterhouse_1,slaughterhouse,0,,,,328.0,400.0,,,,,,,,,3,hitl
54,2026-01-05 19:30,wholesaler_1,wholesaler,0,,,,,,101.67,13.8,,,,,,,3,hitl
54,2026-01-05 19:30,retail_1,retail,1,,,,,,,,3.91,30.0,0.0,4.0,14.48,17.6046,3,hitl
55,2026-01-05 19:45,supplier_1,supplier,0,857.59,,,,,,,,,,,,,3,hitl
55,2026-01-05 19:45,farm_1,farm,1,,380.0,0.14,,,,,,,,,,,3,hitl
55,2026-01-05 19:45,slaughterhouse_1,slaughterhouse,0,,,,328.0,400.0,,,,,,,,,3,hitl
55,2026-01-05 19:45,wholesaler_1,wholesaler,0,,,,,,99.02,13.8,,,,,,,3,hitl
55,2026-01-05 19:45,retail_1,retail,1,,,,,,,,0.29,30.0,0.0,4.25,14.48,17.6046,3,hitl
56,2026-01-05 20:00,supplier_1,supplier,0,856.88,,,,,,,,,,,,,3,hitl
56,2026-01-05 20:00,farm_1,farm,1,,380.0,0.14,,,,,,,,,,,3,hitl
56,2026-01-05 20:00,slaughterhouse_1,slaughterhouse,0,,,,328.0,376.0,,,,,,,,,3,hitl
56,2026-01-05 20:00,wholesaler_1,wholesaler,0,,,,,,90.31,13.8,,,,,,,3,hitl
56,2026-01-05 20:00,retail_1,retail,1,,,,,,,,0.0,30.0,1.0,4.5,14.48,17.6046,3,hitl
57,2026-01-05 20:15,supplier_1,supplier,0,855.58,,,,,,,,,,,,,3,hitl
57,2026-01-05 20:15,farm_1,farm,1,,380.0,0.14,,,,,,,,,,,3,hitl
57,2026-01-05 20:15,slaughterhouse_1,slaughterhouse,0,,,,328.0,385.74,,,,,,,,,3,hitl
57,2026-01-05 20:15,wholesaler_1,wholesaler,0,,,,,,112.14,13.8,,,,,,,3,hitl
57,2026-01-05 20:15,retail_1,retail,1,,,,,,,,7.15,30.0,1.0,4.75,14.48,17.6046,3,hitl
58,2026-01-05 20:30,supplier_1,supplier,0,854.8,,,,,,,,,,,,,3,hitl
58,2026-01-05 20:30,farm_1,farm,1,,380.0,0.14,,,,,,,,,,,3,hitl
58,2026-01-05 20:30,slaughterhouse_1,slaughterhouse,0,,,,328.0,394.58,,,,,,,,,3,hitl
58,2026-01-05 20:30,wholesaler_1,wholesaler,0,,,,,,109.82,13.8,,,,,,,3,hitl
58,2026-01-05 20:30,retail_1,retail,1,,,,,,,,3.4,30.0,0.0,5.0,14.48,17.6046,3,hitl
59,2026-01-05 20:45,supplier_1,supplier,0,853.78,,,,,,,,,,,,,3,hitl
59,2026-01-05 20:45,farm_1,farm,1,,380.0,0.14,,,,,,,,,,,3,hitl
59,2026-01-05 20:45,slaughterhouse_1,slaughterhouse,0,,,,328.0,400.0,,,,,,,,,3,hitl
59,2026-01-05 20:45,wholesaler_1,wholesaler,0,,,,,,108.17,13.8,,,,,,,3,hitl
59,2026-01-05 20:45,retail_1,retail,1,,,,,,,,0.0,30.0,1.0,5.25,14.48,17.6046,3,hitl
60,2026-01-05 21:00,supplier_1,supplier,0,853.04,,,,,,,,,,,,,3,hitl
60,2026-01-05 21:00,farm_1,farm,1,,380.0,0.14,,,,,,,,,,,3,hitl
60,2026-01-05 21:00,slaughterhouse_1,slaughterhouse,0,,,,328.0,400.0,,,,,,,,,3,hitl
60,2026-01-05 21:00,wholesaler_1,wholesaler,0,,,,,,98.95,13.8,,,,,,,3,hitl
60,2026-01-05 21:00,retail_1,retail,1,,,,,,,,0.0,30.0,1.0,5.5,14.48,17.6046,3,hitl
61,2026-01-05 21:15,supplier_1,supplier,0,852.18,,,,,,,,,,,,,3,hitl
61,2026-01-05 21:15,farm_1,farm,1,,380.0,0.14,,,,,,,,,,,3,hitl
61,2026-01-05 21:15,slaughterhouse_1,slaughterhouse,0,,,,328.0,400.0,,,,,,,,,3,hitl
61,2026-01-05 21:15,wholesaler_1,wholesaler,0,,,,,,96.45,13.8,,,,,,,3,hitl
61,2026-01-05 21:15,retail_1,retail,1,,,,,,,,7.15,30.0,1.0,5.75,14.48,17.6046,3,hitl
62,2026-01-05 21:30,supplier_1,supplier,0,850.76,,,,,,,,,,,,,3,hitl
62,2026-01-05 21:30,farm_1,farm,1,,380.0,0.14,,,,,,,,,,,3,hitl
62,2026-01-05 21:30,slaughterhouse_1,slaughterhouse,0,,,,328.0,400.0,,,,,,,,,3,hitl
62,2026-01-05 21:30,wholesaler_1,wholesaler,0,,,,,,94.37,13.8,,,,,,,3,hitl
62,2026-01-05 21:30,retail_1,retail,1,,,,,,,,3.21,30.0,0.0,6.0,14.48,17.6046,3,hitl
63,2026-01-05 21:45,supplier_1,supplier,0,849.48,,,,,,,,,,,,,3,hitl
63,2026-01-05 21:45,farm_1,farm,1,,380.0,0.14,,,,,,,,,,,3,hitl
63,2026-01-05 21:45,slaughterhouse_1,slaughterhouse,0,,,,328.0,400.0,,,,,,,,,3,hitl
63,2026-01-05 21:45,wholesaler_1,wholesaler,0,,,,,,91.66,13.8,,,,,,,3,hitl
63,2026-01-05 21:45,retail_1,retail,1,,,,,,,,0.0,30.0,1.0,6.25,14.48,17.6046,3,hitl
64,2026-01-05 22:00,supplier_1,supplier,0,848.47,,,,,,,,,,,,,3,hitl
64,2026-01-05 22:00,farm_1,farm,1,,380.0,0.14,,,,,,,,,,,3,hitl
64,2026-01-05 22:00,slaughterhouse_1,slaughterhouse,0,,,,328.0,376.0,,,,,,,,,3,hitl
64,2026-01-05 22:00,wholesaler_1,wholesaler,1,,,,,,82.55,13.8,,,,,,,3,hitl
64,2026-01-05 22:00,retail_1,retail,1,,,,,,,,0.0,30.0,1.0,6.5,14.48,17.6046,3,hitl
65,2026-01-05 22:15,supplier_1,supplier,0,847.32,,,,,,,,,,,,,3,hitl
65,2026-01-05 22:15,farm_1,farm,1,,380.0,0.14,,,,,,,,,,,3,hitl
65,2026-01-05 22:15,slaughterhouse_1,slaughterhouse,0,,,,328.0,384.38,,,,,,,,,3,hitl
65,2026-01-05 22:15,wholesaler_1,wholesaler,1,,,,,,103.97,13.8,,,,,,,3,hitl
65,2026-01-05 22:15,retail_1,retail,1,,,,,,,,7.15,30.0,1.0,6.75,14.48,17.6046,3,hitl
66,2026-01-05 22:30,supplier_1,supplier,0,846.44,,,,,,,,,,,,,3,hitl
66,2026-01-05 22:30,farm_1,farm,1,,380.0,0.14,,,,,,,,,,,3,hitl
66,2026-01-05 22:30,slaughterhouse_1,slaughterhouse,0,,,,328.0,394.02,,,,,,,,,3,hitl
66,2026-01-05 22:30,wholesaler_1,wholesaler,1,,,,,,101.19,13.8,,,,,,,3,hitl
66,2026-01-05 22:30,retail_1,retail,1,,,,,,,,3.5,30.0,0.0,7.0,14.48,17.6046,3,hitl
67,2026-01-05 22:45,supplier_1,supplier,0,845.43,,,,,,,,,,,,,3,hitl
67,2026-01-05 22:45,farm_1,farm,1,,380.0,0.14,,,,,,,,,,,3,hitl
67,2026-01-05 22:45,slaughterhouse_1,slaughterhouse,0,,,,328.0,400.0,,,,,,,,,3,hitl
67,2026-01-05 22:45,wholesaler_1,wholesaler,1,,,,,,98.64,13.8,,,,,,,3,hitl
67,2026-01-05 22:45,retail_1,retail,1,,,,,,,,0.0,30.0,1.0,7.25,14.48,17.6046,3,hitl
68,2026-01-05 23:00,supplier_1,supplier,0,844.7,,,,,,,,,,,,,3,hitl
68,2026-01-05 23:00,farm_1,farm,1,,380.0,0.14,,,,,,,,,,,3,hitl
68,2026-01-05 23:00,slaughterhouse_1,slaughterhouse,0,,,,328.0,400.0,,,,,,,,,3,hitl
68,2026-01-05 23:00,wholesaler_1,wholesaler,1,,,,,,89.05,13.8,,,,,,,3,hitl
68,2026-01-05 23:00,retail_1,retail,1,,,,,,,,0.0,30.0,1.0,7.5,14.48,17.6046,3,hitl
69,2026-01-05 23:15,supplier_1,supplier,0,843.48,,,,,,,,,,,,,3,hitl
69,2026-01-05 23:15,farm_1,farm,1,,380.0,0.14,,,,,,,,,,,3,hitl
69,2026-01-05 23:15,slaughterhouse_1,slaughterhouse,0,,,,328.0,400.0,,,,,,,,,3,hitl
69,2026-01-05 23:15,wholesaler_1,wholesaler,1,,,,,,86.94,13.8,,,,,,,3,hitl
69,2026-01-05 23:15,retail_1,retail,1,,,,,,,,7.15,30.0,1.0,7.75,14.48,17.6046,3,hitl
70,2026-01-05 23:30,supplier_1,supplier,0,842.3,,,,,,,,,,,,,3,hitl
70,2026-01-05 23:30,farm_1,farm,1,,380.0,0.14,,,,,,,,,,,3,hitl
70,2026-01-05 23:30,slaughterhouse_1,slaughterhouse,0,,,,328.0,400.0,,,,,,,,,3,hitl
70,2026-01-05 23:30,wholesaler_1,wholesaler,1,,,,,,85.03,13.8,,,,,,,3,hitl
70,2026-01-05 23:30,retail_1,retail,1,,,,,,,,3.13,30.0,0.0,8.0,14.48,17.6046,3,hitl
71,2026-01-05 23:45,supplier_1,supplier,0,840.9,,,,,,,,,,,,,3,hitl
71,2026-01-05 23:45,farm_1,farm,1,,380.0,0.14,,,,,,,,,,,3,hitl
71,2026-01-05 23:45,slaughterhouse_1,slaughterhouse,0,,,,328.0,400.0,,,,,,,,,3,hitl
71,2026-01-05 23:45,wholesaler_1,wholesaler,1,,,,,,83.11,13.8,,,,,,,3,hitl
71,2026-01-05 23:45,retail_1,retail,1,,,,,,,,0.0,30.0,1.0,8.25,14.48,17.6046,3,hitl
72,2026-01-06 00:00,supplier_1,supplier,0,839.66,,,,,,,,,,,,,3,hitl
72,2026-01-06 00:00,farm_1,farm,1,,380.0,0.14,,,,,,,,,,,3,hitl
72,2026-01-06 00:00,slaughterhouse_1,slaughterhouse,0,,,,328.0,376.0,,,,,,,,,3,hitl
72,2026-01-06 00:00,wholesaler_1,wholesaler,1,,,,,,72.98,13.8,,,,,,,3,hitl
72,2026-01-06 00:00,retail_1,retail,1,,,,,,,,0.0,30.0,1.0,8.5,14.48,17.6046,3,hitl
73,2026-01-06 00:15,supplier_1,supplier,0,838.65,,,,,,,,,,,,,3,hitl
73,2026-01-06 00:15,farm_1,farm,1,,380.0,0.14,,,,,,,,,,,3,hitl
73,2026-01-06 00:15,slaughterhouse_1,slaughterhouse,0,,,,328.0,384.91,,,,,,,,,3,hitl
73,2026-01-06 00:15,wholesaler_1,wholesaler,1,,,,,,94.49,13.8,,,,,,,3,hitl
73,2026-01-06 00:15,retail_1,retail,1,,,,,,,,7.15,30.0,1.0,8.75,14.48,17.6046,3,hitl
74,2026-01-06 00:30,supplier_1,supplier,0,837.79,,,,,,,,,,,,,3,hitl
74,2026-01-06 00:30,farm_1,farm,1,,380.0,0.14,,,,,,,,,,,3,hitl
74,2026-01-06 00:30,slaughterhouse_1,slaughterhouse,0,,,,328.0,394.44,,,,,,,,,3,hitl
74,2026-01-06 00:30,wholesaler_1,wholesaler,1,,,,,,91.64,13.8,,,,,,,3,hitl
74,2026-01-06 00:30,retail_1,retail,1,,,,,,,,3.42,30.0,0.0,9.0,14.48,17.6046,3,hitl
75,2026-01-06 00:45,supplier_1,supplier,0,836.48,,,,,,,,,,,,,3,hitl
75,2026-01-06 00:45,farm_1,farm,1,,380.0,0.14,,,,,,,,,,,3,hitl
75,2026-01-06 00:45,slaughterhouse_1,slaughterhouse,0,,,,328.0,400.0,,,,,,,,,3,hitl
75,2026-01-06 00:45,wholesaler_1,wholesaler,1,,,,,,89.97,13.8,,,,,,,3,hitl
75,2026-01-06 00:45,retail_1,retail,1,,,,,,,,0.0,30.0,1.0,9.25,14.48,17.6046,3,hitl
76,2026-01-06 01:00,supplier_1,supplier,0,835.59,,,,,,,,,,,,,3,hitl
76,2026-01-06 01:00,farm_1,farm,1,,380.0,0.14,,,,,,,,,,,3,hitl
76,2026-01-06 01:00,slaughterhouse_1,slaughterhouse,0,,,,328.0,400.0,,,,,,,,,3,hitl
76,2026-01-06 01:00,wholesaler_1,wholesaler,1,,,,,,81.09,13.8,,,,,,,3,hitl
76,2026-01-06 01:00,retail_1,retail,1,,,,,,,,0.0,30.0,1.0,9.5,14.48,17.6046,3,hitl
77,2026-01-06 01:15,supplier_1,supplier,0,834.78,,,,,,,,,,,,,3,hitl
77,2026-01-06 01:15,farm_1,farm,1,,380.0,0.14,,,,,,,,,,,3,hitl
77,2026-01-06 01:15,slaughterhouse_1,slaughterhouse,0,,,,328.0,400.0,,,,,,,,,3,hitl
77,2026-01-06 01:15,wholesaler_1,wholesaler,1,,,,,,78.22,13.8,,,,,,,3,hitl
77,2026-01-06 01:15,retail_1,retail,1,,,,,,,,7.15,30.0,1.0,9.75,14.48,17.6046,3,hitl
78,2026-01-06 01:30,supplier_1,supplier,0,833.37,,,,,,,,,,,,,3,hitl
78,2026-01-06 01:30,farm_1,farm,1,,380.0,0.14,,,,,,,,,,,3,hitl
78,2026-01-06 01:30,slaughterhouse_1,slaughterhouse,0,,,,328.0,400.0,,,,,,,,,3,hitl
78,2026-01-06 01:30,wholesaler_1,wholesaler,1,,,,,,76.12,13.8,,,,,,,3,hitl
78,2026-01-06 01:30,retail_1,retail,1,,,,,,,,3.95,30.0,0.0,10.0,14.48,17.6046,3,hitl
79,2026-01-06 01:45,supplier_1,supplier,0,832.49,,,,,,,,,,,,,3,hitl
79,2026-01-06 01:45,farm_1,farm,1,,380.0,0.14,,,,,,,,,,,3,hitl
79,2026-01-06 01:45,slaughterhouse_1,slaughterhouse,0,,,,328.0,400.0,,,,,,,,,3,hitl
79,2026-01-06 01:45,wholesaler_1,wholesaler,1,,,,,,74.57,13.8,,,,,,,3,hitl
79,2026-01-06 01:45,retail_1,retail,1,,,,,,,,0.56,30.0,0.0,10.25,14.48,17.6046,3,hitl
80,2026-01-06 02:00,supplier_1,supplier,0,831.59,,,,,,,,,,,,,3,hitl
80,2026-01-06 02:00,farm_1,farm,1,,380.0,0.14,,,,,,,,,,,3,hitl
80,2026-01-06 02:00,slaughterhouse_1,slaughterhouse,0,,,,328.0,376.0,,,,,,,,,3,hitl
80,2026-01-06 02:00,wholesaler_1,wholesaler,1,,,,,,65.62,13.8,,,,,,,3,hitl
80,2026-01-06 02:00,retail_1,retail,1,,,,,,,,0.0,30.0,1.0,10.5,14.48,17.6046,3,hitl
81,2026-01-06 02:15,supplier_1,supplier,0,830.2,,,,,,,,,,,,,3,hitl
81,2026-01-06 02:15,farm_1,farm,1,,380.0,0.14,,,,,,,,,,,3,hitl
81,2026-01-06 02:15,slaughterhouse_1,slaughterhouse,0,,,,328.0,385.17,,,,,,,,,3,hitl
81,2026-01-06 02:15,wholesaler_1,wholesaler,1,,,,,,87.97,13.8,,,,,,,3,hitl
81,2026-01-06 02:15,retail_1,retail,1,,,,,,,,7.15,30.0,1.0,10.75,14.48,17.6046,3,hitl
82,2026-01-06 02:30,supplier_1,supplier,0,829.43,,,,,,,,,,,,,3,hitl
82,2026-01-06 02:30,farm_1,farm,1,,380.0,0.14,,,,,,,,,,,3,hitl
82,2026-01-06 02:30,slaughterhouse_1,slaughterhouse,0,,,,328.0,394.41,,,,,,,,,3,hitl
82,2026-01-06 02:30,wholesaler_1,wholesaler,1,,,,,,85.25,13.8,,,,,,,3,hitl
82,2026-01-06 02:30,retail_1,retail,1,,,,,,,,3.26,30.0,0.0,11.0,14.48,17.6046,3,hitl
83,2026-01-06 02:45,supplier_1,supplier,0,828.66,,,,,,,,,,,,,3,hitl
83,2026-01-06 02:45,farm_1,farm,1,,380.0,0.14,,,,,,,,,,,3,hitl
83,2026-01-06 02:45,slaughterhouse_1,slaughterhouse,0,,,,328.0,400.0,,,,,,,,,3,hitl
83,2026-01-06 02:45,wholesaler_1,wholesaler,1,,,,,,82.55,13.8,,,,,,,3,hitl
83,2026-01-06 02:45,retail_1,retail,1,,,,,,,,0.0,30.0,1.0,11.25,14.48,17.6046,3,hitl
84,2026-01-06 03:00,supplier_1,supplier,0,827.19,,,,,,,,,,,,,3,hitl
84,2026-01-06 03:00,farm_1,farm,1,,380.0,0.14,,,,,,,,,,,3,hitl
84,2026-01-06 03:00,slaughterhouse_1,slaughterhouse,0,,,,328.0,400.0,,,,,,,,,3,hitl
84,2026-01-06 03:00,wholesaler_1,wholesaler,1,,,,,,72.59,13.8,,,,,,,3,hitl
84,2026-01-06 03:00,retail_1,retail,1,,,,,,,,0.0,30.0,1.0,11.5,14.48,17.6046,3,hitl
85,2026-01-06 03:15,supplier_1,supplier,0,826.34,,,,,,,,,,,,,3,hitl
85,2026-01-06 03:15,farm_1,farm,1,,380.0,0.14,,,,,,,,,,,3,hitl
85,2026-01-06 03:15,slaughterhouse_1,slaughterhouse,0,,,,328.0,400.0,,,,,,,,,3,hitl
85,2026-01-06 03:15,wholesaler_1,wholesaler,1,,,,,,71.07,13.8,,,,,,,3,hitl
85,2026-01-06 03:15,retail_1,retail,1,,,,,,,,7.15,30.0,1.0,11.75,14.48,17.6046,3,hitl
86,2026-01-06 03:30,supplier_1,supplier,0,824.94,,,,,,,,,,,,,3,hitl
86,2026-01-06 03:30,farm_1,farm,1,,380.0,0.14,,,,,,,,,,,3,hitl
86,2026-01-06 03:30,slaughterhouse_1,slaughterhouse,0,,,,328.0,400.0,,,,,,,,,3,hitl
86,2026-01-06 03:30,wholesaler_1,wholesaler,1,,,,,,69.14,13.8,,,,,,,3,hitl
86,2026-01-06 03:30,retail_1,retail,1,,,,,,,,3.43,30.0,0.0,12.0,14.48,17.6046,3,hitl
87,2026-01-06 03:45,supplier_1,supplier,0,824.08,,,,,,,,,,,,,3,hitl
87,2026-01-06 03:45,farm_1,farm,1,,380.0,0.14,,,,,,,,,,,3,hitl
87,2026-01-06 03:45,slaughterhouse_1,slaughterhouse,0,,,,328.0,400.0,,,,,,,,,3,hitl
87,2026-01-06 03:45,wholesaler_1,wholesaler,1,,,,,,67.4,13.8,,,,,,,3,hitl
87,2026-01-06 03:45,retail_1,retail,1,,,,,,,,0.0,30.0,1.0,12.25,14.48,17.6046,3,hitl
88,2026-01-06 04:00,supplier_1,supplier,0,822.96,,,,,,,,,,,,,3,hitl
88,2026-01-06 04:00,farm_1,farm,1,,380.0,0.14,,,,,,,,,,,3,hitl
88,2026-01-06 04:00,slaughterhouse_1,slaughterhouse,0,,,,328.0,376.0,,,,,,,,,3,hitl
88,2026-01-06 04:00,wholesaler_1,wholesaler,1,,,,,,58.4,13.8,,,,,,,3,hitl
88,2026-01-06 04:00,retail_1,retail,1,,,,,,,,0.0,30.0,1.0,12.5,14.48,17.6046,3,hitl
89,2026-01-06 04:15,supplier_1,supplier,0,822.3,,,,,,,,,,,,,3,hitl
89,2026-01-06 04:15,farm_1,farm,1,,380.0,0.14,,,,,,,,,,,3,hitl
89,2026-01-06 04:15,slaughterhouse_1,slaughterhouse,0,,,,328.0,385.33,,,,,,,,,3,hitl
89,2026-01-06 04:15,wholesaler_1,wholesaler,1,,,,,,80.7,13.8,,,,,,,3,hitl
89,2026-01-06 04:15,retail_1,retail,1,,,,,,,,7.15,30.0,1.0,12.75,14.48,17.6046,3,hitl
90,2026-01-06 04:30,supplier_1,supplier,0,821.21,,,,,,,,,,,,,3,hitl
90,2026-01-06 04:30,farm_1,farm,1,,380.0,0.14,,,,,,,,,,,3,hitl
90,2026-01-06 04:30,slaughterhouse_1,slaughterhouse,0,,,,328.0,394.75,,,,,,,,,3,hitl
90,2026-01-06 04:30,wholesaler_1,wholesaler,1,,,,,,77.89,13.8,,,,,,,3,hitl
90,2026-01-06 04:30,retail_1,retail,1,,,,,,,,3.46,30.0,0.0,13.0,14.48,17.6046,3,hitl
91,2026-01-06 04:45,supplier_1,supplier,0,820.11,,,,,,,,,,,,,3,hitl
91,2026-01-06 04:45,farm_1,farm,1,,380.0,0.14,,,,,,,,,,,3,hitl
91,2026-01-06 04:45,slaughterhouse_1,slaughterhouse,0,,,,328.0,400.0,,,,,,,,,3,hitl
91,2026-01-06 04:45,wholesaler_1,wholesaler,1,,,,,,75.72,13.8,,,,,,,3,hitl
91,2026-01-06 04:45,retail_1,retail,1,,,,,,,,0.01,30.0,0.0,13.25,14.48,17.6046,3,hitl
92,2026-01-06 05:00,supplier_1,supplier,0,818.93,,,,,,,,,,,,,3,hitl
92,2026-01-06 05:00,farm_1,farm,1,,380.0,0.14,,,,,,,,,,,3,hitl
92,2026-01-06 05:00,slaughterhouse_1,slaughterhouse,0,,,,328.0,400.0,,,,,,,,,3,hitl
92,2026-01-06 05:00,wholesaler_1,wholesaler,1,,,,,,66.52,13.8,,,,,,,3,hitl
92,2026-01-06 05:00,retail_1,retail,1,,,,,,,,0.0,30.0,1.0,13.5,14.48,17.6046,3,hitl
93,2026-01-06 05:15,supplier_1,supplier,0,818.39,,,,,,,,,,,,,3,hitl
93,2026-01-06 05:15,farm_1,farm,1,,380.0,0.14,,,,,,,,,,,3,hitl
93,2026-01-06 05:15,slaughterhouse_1,slaughterhouse,0,,,,328.0,400.0,,,,,,,,,3,hitl
93,2026-01-06 05:15,wholesaler_1,wholesaler,1,,,,,,64.37,13.8,,,,,,,3,hitl
93,2026-01-06 05:15,retail_1,retail,1,,,,,,,,7.15,30.0,1.0,13.75,14.48,17.6046,3,hitl
94,2026-01-06 05:30,supplier_1,supplier,0,817.27,,,,,,,,,,,,,3,hitl
94,2026-01-06 05:30,farm_1,farm,1,,380.0,0.14,,,,,,,,,,,3,hitl
94,2026-01-06 05:30,slaughterhouse_1,slaughterhouse,0,,,,328.0,400.0,,,,,,,,,3,hitl
94,2026-01-06 05:30,wholesaler_1,wholesaler,1,,,,,,62.17,13.8,,,,,,,3,hitl
94,2026-01-06 05:30,retail_1,retail,1,,,,,,,,3.3,30.0,0.0,14.0,14.48,17.6046,3,hitl
95,2026-01-06 05:45,supplier_1,supplier,0,816.08,,,,,,,,,,,,,3,hitl
95,2026-01-06 05:45,farm_1,farm,1,,380.0,0.14,,,,,,,,,,,3,hitl
95,2026-01-06 05:45,slaughterhouse_1,slaughterhouse,0,,,,328.0,400.0,,,,,,,,,3,hitl
95,2026-01-06 05:45,wholesaler_1,wholesaler,1,,,,,,59.39,13.8,,,,,,,3,hitl
95,2026-01-06 05:45,retail_1,retail,1,,,,,,,,0.01,30.0,0.0,14.25,14.48,17.6046,3,hitl
96,2026-01-06 06:00,supplier_1,supplier,0,814.82,,,,,,,,,,,,,3,hitl
96,2026-01-06 06:00,farm_1,farm,1,,380.0,0.14,,,,,,,,,,,3,hitl
96,2026-01-06 06:00,slaughterhouse_1,slaughterhouse,1,,,,175.0,82.82,,,,,,,,,3,hitl
96,2026-01-06 06:00,wholesaler_1,wholesaler,1,,,,,,52.35,13.8,,,,,,,3,hitl
96,2026-01-06 06:00,retail_1,retail,1,,,,,,,,0.0,30.0,1.0,14.5,14.48,17.6046,3,hitl
97,2026-01-06 06:15,supplier_1,supplier,0,814.29,,,,,,,,,,,,,3,hitl
97,2026-01-06 06:15,farm_1,farm,1,,380.0,0.14,,,,,,,,,,,3,hitl
97,2026-01-06 06:15,slaughterhouse_1,slaughterhouse,1,,,,175.0,87.67,,,,,,,,,3,hitl
97,2026-01-06 06:15,wholesaler_1,wholesaler,1,,,,,,54.69,13.8,,,,,,,3,hitl
97,2026-01-06 06:15,retail_1,retail,1,,,,,,,,5.01,30.0,1.0,14.75,14.48,17.6046,3,hitl
98,2026-01-06 06:30,supplier_1,supplier,0,813.18,,,,,,,,,,,,,3,hitl
98,2026-01-06 06:30,farm_1,farm,1,,380.0,0.14,,,,,,,,,,,3,hitl
98,2026-01-06 06:30,slaughterhouse_1,slaughterhouse,1,,,,175.0,92.92,,,,,,,,,3,hitl
98,2026-01-06 06:30,wholesaler_1,wholesaler,1,,,,,,51.96,13.8,,,,,,,3,hitl
98,2026-01-06 06:30,retail_1,retail,1,,,,,,,,1.13,30.0,0.0,15.0,14.48,17.6046,3,hitl
99,2026-01-06 06:45,supplier_1,supplier,0,811.72,,,,,,,,,,,,,3,hitl
99,2026-01-06 06:45,farm_1,farm,1,,380.0,0.14,,,,,,,,,,,3,hitl
99,2026-01-06 06:45,slaughterhouse_1,slaughterhouse,1,,,,175.0,97.95,,,,,,,,,3,hitl
99,2026-01-06 06:45,wholesaler_1,wholesaler,1,,,,,,50.37,13.8,,,,,,,3,hitl
99,2026-01-06 06:45,retail_1,retail,1,,,,,,,,0.0,30.0,1.0,15.25,14.48,17.6046,3,hitl
100,2026-01-06 07:00,supplier_1,supplier,0,810.65,,,,,,,,,,,,,3,hitl
100,2026-01-06 07:00,farm_1,farm,1,,380.0,0.14,,,,,,,,,,,3,hitl
100,2026-01-06 07:00,slaughterhouse_1,slaughterhouse,1,,,,175.0,102.98,,,,,,,,,3,hitl
100,2026-01-06 07:00,wholesaler_1,wholesaler,1,,,,,,43.68,13.8,,,,,,,3,hitl
100,2026-01-06 07:00,retail_1,retail,1,,,,,,,,0.0,30.0,1.0,15.5,14.48,17.6046,3,hitl
101,2026-01-06 07:15,supplier_1,supplier,0,809.22,,,,,,,,,,,,,3,hitl
101,2026-01-06 07:15,farm_1,farm,1,,380.0,0.14,,,,,,,,,,,3,hitl
101,2026-01-06 07:15,slaughterhouse_1,slaughterhouse,1,,,,175.0,107.55,,,,,,,,,3,hitl
101,2026-01-06 07:15,wholesaler_1,wholesaler,1,,,,,,40.74,13.8,,,,,,,3,hitl
101,2026-01-06 07:15,retail_1,retail,1,,,,,,,,5.01,30.0,1.0,15.75,14.48,17.6046,3,hitl
102,2026-01-06 07:30,supplier_1,supplier,0,808.32,,,,,,,,,,,,,3,hitl
102,2026-01-06 07:30,farm_1,farm,1,,380.0,0.14,,,,,,,,,,,3,hitl
102,2026-01-06 07:30,slaughterhouse_1,slaughterhouse,1,,,,175.0,112.52,,,,,,,,,3,hitl
102,2026-01-06 07:30,wholesaler_1,wholesaler,1,,,,,,38.69,13.8,,,,,,,3,hitl
102,2026-01-06 07:30,retail_1,retail,1,,,,,,,,1.58,30.0,0.0,16.0,14.48,17.6046,3,hitl
103,2026-01-06 07:45,supplier_1,supplier,0,807.38,,,,,,,,,,,,,3,hitl
103,2026-01-06 07:45,farm_1,farm,1,,380.0,0.14,,,,,,,,,,,3,hitl
103,2026-01-06 07:45,slaughterhouse_1,slaughterhouse,1,,,,175.0,117.25,,,,,,,,,3,hitl
103,2026-01-06 07:45,wholesaler_1,wholesaler,1,,,,,,37.09,13.8,,,,,,,3,hitl
103,2026-01-06 07:45,retail_1,retail,1,,,,,,,,0.0,30.0,1.0,16.25,14.48,17.6046,3,hitl
104,2026-01-06 08:00,supplier_1,supplier,0,806.37,,,,,,,,,,,,,3,hitl
104,2026-01-06 08:00,farm_1,farm,1,,380.0,0.14,,,,,,,,,,,3,hitl
104,2026-01-06 08:00,slaughterhouse_1,slaughterhouse,1,,,,175.0,117.68,,,,,,,,,3,hitl
104,2026-01-06 08:00,wholesaler_1,wholesaler,1,,,,,,29.48,13.8,,,,,,,3,hitl
104,2026-01-06 08:00,retail_1,retail,1,,,,,,,,0.0,30.0,1.0,16.5,14.48,17.6046,3,hitl
105,2026-01-06 08:15,supplier_1,supplier,0,805.69,,,,,,,,,,,,,3,hitl
105,2026-01-06 08:15,farm_1,farm,1,,380.0,0.14,,,,,,,,,,,3,hitl
105,2026-01-06 08:15,slaughterhouse_1,slaughterhouse,1,,,,175.0,122.29,,,,,,,,,3,hitl
105,2026-01-06 08:15,wholesaler_1,wholesaler,1,,,,,,31.15,13.8,,,,,,,3,hitl
105,2026-01-06 08:15,retail_1,retail,1,,,,,,,,5.01,30.0,1.0,16.75,14.48,17.6046,3,hitl
106,2026-01-06 08:30,supplier_1,supplier,0,804.49,,,,,,,,,,,,,3,hitl
106,2026-01-06 08:30,farm_1,farm,1,,380.0,0.14,,,,,,,,,,,3,hitl
106,2026-01-06 08:30,slaughterhouse_1,slaughterhouse,1,,,,175.0,126.84,,,,,,,,,3,hitl
106,2026-01-06 08:30,wholesaler_1,wholesaler,1,,,,,,29.32,13.8,,,,,,,3,hitl
106,2026-01-06 08:30,retail_1,retail,1,,,,,,,,1.72,30.0,0.0,17.0,14.48,17.6046,3,hitl
107,2026-01-06 08:45,supplier_1,supplier,0,803.55,,,,,,,,,,,,,3,hitl
107,2026-01-06 08:45,farm_1,farm,1,,380.0,0.14,,,,,,,,,,,3,hitl
107,2026-01-06 08:45,slaughterhouse_1,slaughterhouse,1,,,,175.0,131.37,,,,,,,,,3,hitl
107,2026-01-06 08:45,wholesaler_1,wholesaler,1,,,,,,27.32,13.8,,,,,,,3,hitl
107,2026-01-06 08:45,retail_1,retail,1,,,,,,,,0.0,30.0,1.0,17.25,14.48,17.6046,3,hitl
108,2026-01-06 09:00,supplier_1,supplier,0,802.19,,,,,,,,,,,,,3,hitl
108,2026-01-06 09:00,farm_1,farm,1,,380.0,0.14,,,,,,,,,,,3,hitl
108,2026-01-06 09:00,slaughterhouse_1,slaughterhouse,1,,,,175.0,136.32,,,,,,,,,3,hitl
108,2026-01-06 09:00,wholesaler_1,wholesaler,1,,,,,,25.5,13.8,,,,,,,3,hitl
108,2026-01-06 09:00,retail_1,retail,1,,,,,,,,0.0,30.0,1.0,17.5,14.48,17.6046,3,hitl
109,2026-01-06 09:15,supplier_1,supplier,0,800.99,,,,,,,,,,,,,3,hitl
109,2026-01-06 09:15,farm_1,farm,1,,380.0,0.14,,,,,,,,,,,3,hitl
109,2026-01-06 09:15,slaughterhouse_1,slaughterhouse,1,,,,175.0,141.24,,,,,,,,,3,hitl
109,2026-01-06 09:15,wholesaler_1,wholesaler,1,,,,,,23.28,13.8,,,,,,,3,hitl
109,2026-01-06 09:15,retail_1,retail,1,,,,,,,,0.0,30.0,1.0,17.75,14.48,17.6046,3,hitl
110,2026-01-06 09:30,supplier_1,supplier,0,799.95,,,,,,,,,,,,,3,hitl
110,2026-01-06 09:30,farm_1,farm,1,,380.0,0.14,,,,,,,,,,,3,hitl
110,2026-01-06 09:30,slaughterhouse_1,slaughterhouse,1,,,,175.0,145.78,,,,,,,,,3,hitl
110,2026-01-06 09:30,wholesaler_1,wholesaler,1,,,,,,20.88,13.8,,,,,,,3,hitl
110,2026-01-06 09:30,retail_1,retail,1,,,,,,,,0.0,30.0,1.0,18.0,14.48,17.6046,3,hitl
111,2026-01-06 09:45,supplier_1,supplier,0,798.79,,,,,,,,,,,,,3,hitl
111,2026-01-06 09:45,farm_1,farm,1,,380.0,0.14,,,,,,,,,,,3,hitl
111,2026-01-06 09:45,slaughterhouse_1,slaughterhouse,1,,,,175.0,150.49,,,,,,,,,3,hitl
111,2026-01-06 09:45,wholesaler_1,wholesaler,1,,,,,,18.82,13.8,,,,,,,3,hitl
111,2026-01-06 09:45,retail_1,retail,1,,,,,,,,0.0,30.0,1.0,18.25,14.48,17.6046,3,hitl
112,2026-01-06 10:00,supplier_1,supplier,0,797.94,,,,,,,,,,,,,3,hitl
112,2026-01-06 10:00,farm_1,farm,1,,380.0,0.14,,,,,,,,,,,3,hitl
112,2026-01-06 10:00,slaughterhouse_1,slaughterhouse,1,,,,175.0,150.91,,,,,,,,,3,hitl
112,2026-01-06 10:00,wholesaler_1,wholesaler,1,,,,,,16.77,13.8,,,,,,,3,hitl
112,2026-01-06 10:00,retail_1,retail,1,,,,,,,,0.0,30.0,1.0,18.5,14.48,17.6046,3,hitl
113,2026-01-06 10:15,supplier_1,supplier,0,796.54,,,,,,,,,,,,,3,hitl
113,2026-01-06 10:15,farm_1,farm,1,,380.0,0.14,,,,,,,,,,,3,hitl
113,2026-01-06 10:15,slaughterhouse_1,slaughterhouse,1,,,,175.0,155.41,,,,,,,,,3,hitl
113,2026-01-06 10:15,wholesaler_1,wholesaler,1,,,,,,18.81,13.8,,,,,,,3,hitl
113,2026-01-06 10:15,retail_1,retail,1,,,,,,,,0.0,30.0,1.0,18.75,14.48,17.6046,3,hitl
114,2026-01-06 10:30,supplier_1,supplier,0,795.67,,,,,,,,,,,,,3,hitl
114,2026-01-06 10:30,farm_1,farm,1,,380.0,0.14,,,,,,,,,,,3,hitl
114,2026-01-06 10:30,slaughterhouse_1,slaughterhouse,1,,,,175.0,160.59,,,,,,,,,3,hitl
114,2026-01-06 10:30,wholesaler_1,wholesaler,1,,,,,,16.22,13.8,,,,,,,3,hitl
114,2026-01-06 10:30,retail_1,retail,1,,,,,,,,0.0,30.0,1.0,19.0,14.48,17.6046,3,hitl
115,2026-01-06 10:45,supplier_1,supplier,0,794.54,,,,,,,,,,,,,3,hitl
115,2026-01-06 10:45,farm_1,farm,1,,380.0,0.14,,,,,,,,,,,3,hitl
115,2026-01-06 10:45,slaughterhouse_1,slaughterhouse,1,,,,175.0,165.37,,,,,,,,,3,hitl
115,2026-01-06 10:45,wholesaler_1,wholesaler,1,,,,,,14.57,13.8,,,,,,,3,hitl
115,2026-01-06 10:45,retail_1,retail,1,,,,,,,,0.0,30.0,1.0,19.25,14.48,17.6046,3,hitl
116,2026-01-06 11:00,supplier_1,supplier,0,793.41,,,,,,,,,,,,,3,hitl
116,2026-01-06 11:00,farm_1,farm,1,,380.0,0.14,,,,,,,,,,,3,hitl
116,2026-01-06 11:00,slaughterhouse_1,slaughterhouse,1,,,,175.0,170.48,,,,,,,,,3,hitl
116,2026-01-06 11:00,wholesaler_1,wholesaler,1,,,,,,12.01,13.8,,,,,,,3,hitl
116,2026-01-06 11:00,retail_1,retail,1,,,,,,,,0.0,30.0,1.0,19.5,14.48,17.6046,3,hitl
117,2026-01-06 11:15,supplier_1,supplier,0,791.97,,,,,,,,,,,,,3,hitl
117,2026-01-06 11:15,farm_1,farm,1,,380.0,0.14,,,,,,,,,,,3,hitl
117,2026-01-06 11:15,slaughterhouse_1,slaughterhouse,1,,,,175.0,175.02,,,,,,,,,3,hitl
117,2026-01-06 11:15,wholesaler_1,wholesaler,1,,,,,,10.47,13.8,,,,,,,3,hitl
117,2026-01-06 11:15,retail_1,retail,1,,,,,,,,0.0,30.0,1.0,19.75,14.48,17.6046,3,hitl
118,2026-01-06 11:30,supplier_1,supplier,0,790.48,,,,,,,,,,,,,3,hitl
118,2026-01-06 11:30,farm_1,farm,1,,380.0,0.14,,,,,,,,,,,3,hitl
118,2026-01-06 11:30,slaughterhouse_1,slaughterhouse,1,,,,175.0,179.76,,,,,,,,,3,hitl
118,2026-01-06 11:30,wholesaler_1,wholesaler,1,,,,,,7.52,13.8,,,,,,,3,hitl
118,2026-01-06 11:30,retail_1,retail,1,,,,,,,,0.0,30.0,1.0,20.0,14.48,17.6046,3,hitl
119,2026-01-06 11:45,supplier_1,supplier,0,789.47,,,,,,,,,,,,,3,hitl
119,2026-01-06 11:45,farm_1,farm,1,,380.0,0.14,,,,,,,,,,,3,hitl
119,2026-01-06 11:45,slaughterhouse_1,slaughterhouse,1,,,,175.0,184.29,,,,,,,,,3,hitl
119,2026-01-06 11:45,wholesaler_1,wholesaler,1,,,,,,4.84,13.8,,,,,,,3,hitl
119,2026-01-06 11:45,retail_1,retail,1,,,,,,,,0.0,30.0,1.0,20.25,14.48,17.6046,3,hitl
120,2026-01-06 12:00,supplier_1,supplier,0,788.24,,,,,,,,,,,,,3,hitl
120,2026-01-06 12:00,farm_1,farm,1,,380.0,0.14,,,,,,,,,,,3,hitl
120,2026-01-06 12:00,slaughterhouse_1,slaughterhouse,1,,,,175.0,184.73,,,,,,,,,3,hitl
120,2026-01-06 12:00,wholesaler_1,wholesaler,1,,,,,,2.43,13.8,,,,,,,3,hitl
120,2026-01-06 12:00,retail_1,retail,1,,,,,,,,0.0,30.0,1.0,20.5,14.48,17.6046,3,hitl
121,2026-01-06 12:15,supplier_1,supplier,0,787.08,,,,,,,,,,,,,3,hitl
121,2026-01-06 12:15,farm_1,farm,1,,380.0,0.14,,,,,,,,,,,3,hitl
121,2026-01-06 12:15,slaughterhouse_1,slaughterhouse,1,,,,175.0,189.82,,,,,,,,,3,hitl
121,2026-01-06 12:15,wholesaler_1,wholesaler,1,,,,,,4.32,13.8,,,,,,,3,hitl
121,2026-01-06 12:15,retail_1,retail,1,,,,,,,,0.0,30.0,1.0,20.75,14.48,17.6046,3,hitl
122,2026-01-06 12:30,supplier_1,supplier,0,786.48,,,,,,,,,,,,,3,hitl
122,2026-01-06 12:30,farm_1,farm,1,,380.0,0.14,,,,,,,,,,,3,hitl
122,2026-01-06 12:30,slaughterhouse_1,slaughterhouse,1,,,,175.0,194.77,,,,,,,,,3,hitl
122,2026-01-06 12:30,wholesaler_1,wholesaler,1,,,,,,1.45,13.8,,,,,,,3,hitl
122,2026-01-06 12:30,retail_1,retail,1,,,,,,,,0.0,30.0,1.0,21.0,14.48,17.6046,3,hitl
123,2026-01-06 12:45,supplier_1,supplier,0,785.32,,,,,,,,,,,,,3,hitl
123,2026-01-06 12:45,farm_1,farm,1,,380.0,0.14,,,,,,,,,,,3,hitl
123,2026-01-06 12:45,slaughterhouse_1,slaughterhouse,1,,,,175.0,199.33,,,,,,,,,3,hitl
123,2026-01-06 12:45,wholesaler_1,wholesaler,1,,,,,,0.0,13.8,,,,,,,3,hitl
123,2026-01-06 12:45,retail_1,retail,1,,,,,,,,0.0,30.0,1.0,21.25,14.48,17.6046,3,hitl
124,2026-01-06 13:00,supplier_1,supplier,0,784.32,,,,,,,,,,,,,3,hitl
124,2026-01-06 13:00,farm_1,farm,1,,380.0,0.14,,,,,,,,,,,3,hitl
124,2026-01-06 13:00,slaughterhouse_1,slaughterhouse,1,,,,175.0,203.99,,,,,,,,,3,hitl
124,2026-01-06 13:00,wholesaler_1,wholesaler,1,,,,,,0.0,13.8,,,,,,,3,hitl
124,2026-01-06 13:00,retail_1,retail,1,,,,,,,,0.0,30.0,1.0,21.5,14.48,17.6046,3,hitl
125,2026-01-06 13:15,supplier_1,supplier,0,783.67,,,,,,,,,,,,,3,hitl
125,2026-01-06 13:15,farm_1,farm,1,,380.0,0.14,,,,,,,,,,,3,hitl
125,2026-01-06 13:15,slaughterhouse_1,slaughterhouse,1,,,,175.0,208.88,,,,,,,,,3,hitl
125,2026-01-06 13:15,wholesaler_1,wholesaler,1,,,,,,0.0,13.8,,,,,,,3,hitl
125,2026-01-06 13:15,retail_1,retail,1,,,,,,,,0.0,30.0,1.0,21.75,14.48,17.6046,3,hitl
126,2026-01-06 13:30,supplier_1,supplier,0,782.73,,,,,,,,,,,,,3,hitl
126,2026-01-06 13:30,farm_1,farm,1,,380.0,0.14,,,,,,,,,,,3,hitl
126,2026-01-06 13:30,slaughterhouse_1,slaughterhouse,1,,,,175.0,213.42,,,,,,,,,3,hitl
126,2026-01-06 13:30,wholesaler_1,wholesaler,1,,,,,,0.0,13.8,,,,,,,3,hitl
126,2026-01-06 13:30,retail_1,retail,1,,,,,,,,0.0,30.0,1.0,22.0,14.48,17.6046,3,hitl
127,2026-01-06 13:45,supplier_1,supplier,0,782.22,,,,,,,,,,,,,3,hitl
127,2026-01-06 13:45,farm_1,farm,1,,380.0,0.14,,,,,,,,,,,3,hitl
127,2026-01-06 13:45,slaughterhouse_1,slaughterhouse,1,,,,175.0,217.92,,,,,,,,,3,hitl
127,2026-01-06 13:45,wholesaler_1,wholesaler,1,,,,,,0.0,13.8,,,,,,,3,hitl
127,2026-01-06 13:45,retail_1,retail,1,,,,,,,,0.0,30.0,1.0,22.25,14.48,17.6046,3,hitl
128,2026-01-06 14:00,supplier_1,supplier,0,781.27,,,,,,,,,,,,,3,hitl
128,2026-01-06 14:00,farm_1,farm,1,,380.0,0.14,,,,,,,,,,,3,hitl
128,2026-01-06 14:00,slaughterhouse_1,slaughterhouse,1,,,,175.0,218.55,,,,,,,,,3,hitl
128,2026-01-06 14:00,wholesaler_1,wholesaler,1,,,,,,0.0,13.8,,,,,,,3,hitl
128,2026-01-06 14:00,retail_1,retail,1,,,,,,,,0.0,30.0,1.0,22.5,14.48,17.6046,3,hitl
129,2026-01-06 14:15,supplier_1,supplier,0,780.0,,,,,,,,,,,,,3,hitl
129,2026-01-06 14:15,farm_1,farm,1,,380.0,0.14,,,,,,,,,,,3,hitl
129,2026-01-06 14:15,slaughterhouse_1,slaughterhouse,1,,,,175.0,223.35,,,,,,,,,3,hitl
129,2026-01-06 14:15,wholesaler_1,wholesaler,1,,,,,,4.32,13.8,,,,,,,3,hitl
129,2026-01-06 14:15,retail_1,retail,1,,,,,,,,0.0,30.0,1.0,22.75,14.48,17.6046,3,hitl
130,2026-01-06 14:30,supplier_1,supplier,0,779.04,,,,,,,,,,,,,3,hitl
130,2026-01-06 14:30,farm_1,farm,1,,380.0,0.14,,,,,,,,,,,3,hitl
130,2026-01-06 14:30,slaughterhouse_1,slaughterhouse,1,,,,175.0,228.57,,,,,,,,,3,hitl
130,2026-01-06 14:30,wholesaler_1,wholesaler,1,,,,,,2.7,13.8,,,,,,,3,hitl
130,2026-01-06 14:30,retail_1,retail,1,,,,,,,,0.0,30.0,1.0,23.0,14.48,17.6046,3,hitl
131,2026-01-06 14:45,supplier_1,supplier,0,778.12,,,,,,,,,,,,,3,hitl
131,2026-01-06 14:45,farm_1,farm,1,,380.0,0.14,,,,,,,,,,,3,hitl
131,2026-01-06 14:45,slaughterhouse_1,slaughterhouse,1,,,,175.0,233.41,,,,,,,,,3,hitl
131,2026-01-06 14:45,wholesaler_1,wholesaler,1,,,,,,0.99,13.8,,,,,,,3,hitl
131,2026-01-06 14:45,retail_1,retail,1,,,,,,,,0.0,30.0,1.0,23.25,14.48,17.6046,3,hitl
132,2026-01-06 15:00,supplier_1,supplier,0,777.42,,,,,,,,,,,,,3,hitl
132,2026-01-06 15:00,farm_1,farm,1,,380.0,0.14,,,,,,,,,,,3,hitl
132,2026-01-06 15:00,slaughterhouse_1,slaughterhouse,1,,,,175.0,238.53,,,,,,,,,3,hitl
132,2026-01-06 15:00,wholesaler_1,wholesaler,1,,,,,,0.0,13.8,,,,,,,3,hitl
132,2026-01-06 15:00,retail_1,retail,1,,,,,,,,0.0,30.0,1.0,23.5,14.48,17.6046,3,hitl
133,2026-01-06 15:15,supplier_1,supplier,0,776.4,,,,,,,,,,,,,3,hitl
133,2026-01-06 15:15,farm_1,farm,1,,380.0,0.14,,,,,,,,,,,3,hitl
133,2026-01-06 15:15,slaughterhouse_1,slaughterhouse,1,,,,175.0,243.17,,,,,,,,,3,hitl
133,2026-01-06 15:15,wholesaler_1,wholesaler,1,,,,,,0.0,13.8,,,,,,,3,hitl
133,2026-01-06 15:15,retail_1,retail,1,,,,,,,,0.0,30.0,1.0,23.75,14.48,17.6046,3,hitl
134,2026-01-06 15:30,supplier_1,supplier,0,775.2,,,,,,,,,,,,,3,hitl
134,2026-01-06 15:30,farm_1,farm,1,,380.0,0.14,,,,,,,,,,,3,hitl
134,2026-01-06 15:30,slaughterhouse_1,slaughterhouse,1,,,,175.0,247.85,,,,,,,,,3,hitl
134,2026-01-06 15:30,wholesaler_1,wholesaler,1,,,,,,0.0,13.8,,,,,,,3,hitl
134,2026-01-06 15:30,retail_1,retail,1,,,,,,,,0.0,30.0,1.0,24.0,14.48,17.6046,3,hitl
135,2026-01-06 15:45,supplier_1,supplier,0,774.01,,,,,,,,,,,,,3,hitl
135,2026-01-06 15:45,farm_1,farm,1,,380.0,0.14,,,,,,,,,,,3,hitl
135,2026-01-06 15:45,slaughterhouse_1,slaughterhouse,1,,,,175.0,252.43,,,,,,,,,3,hitl
135,2026-01-06 15:45,wholesaler_1,wholesaler,1,,,,,,0.0,13.8,,,,,,,3,hitl
135,2026-01-06 15:45,retail_1,retail,1,,,,,,,,0.0,30.0,1.0,24.25,14.48,17.6046,3,hitl
136,2026-01-06 16:00,supplier_1,supplier,0,773.05,,,,,,,,,,,,,3,hitl
136,2026-01-06 16:00,farm_1,farm,1,,380.0,0.14,,,,,,,,,,,3,hitl
136,2026-01-06 16:00,slaughterhouse_1,slaughterhouse,1,,,,175.0,252.6,,,,,,,,,3,hitl
136,2026-01-06 16:00,wholesaler_1,wholesaler,1,,,,,,0.0,13.8,,,,,,,3,hitl
136,2026-01-06 16:00,retail_1,retail,1,,,,,,,,0.0,30.0,1.0,24.5,14.48,17.6046,3,hitl
137,2026-01-06 16:15,supplier_1,supplier,0,772.27,,,,,,,,,,,,,3,hitl
137,2026-01-06 16:15,farm_1,farm,1,,380.0,0.14,,,,,,,,,,,3,hitl
137,2026-01-06 16:15,slaughterhouse_1,slaughterhouse,1,,,,175.0,257.76,,,,,,,,,3,hitl
137,2026-01-06 16:15,wholesaler_1,wholesaler,1,,,,,,4.32,13.8,,,,,,,3,hitl
137,2026-01-06 16:15,retail_1,retail,1,,,,,,,,0.0,30.0,1.0,24.75,14.48,17.6046,3,hitl
138,2026-01-06 16:30,supplier_1,supplier,0,771.22,,,,,,,,,,,,,3,hitl
138,2026-01-06 16:30,farm_1,farm,1,,380.0,0.14,,,,,,,,,,,3,hitl
138,2026-01-06 16:30,slaughterhouse_1,slaughterhouse,1,,,,175.0,262.63,,,,,,,,,3,hitl
138,2026-01-06 16:30,wholesaler_1,wholesaler,1,,,,,,2.7,13.8,,,,,,,3,hitl
138,2026-01-06 16:30,retail_1,retail,1,,,,,,,,0.0,30.0,1.0,25.0,14.48,17.6046,3,hitl
139,2026-01-06 16:45,supplier_1,supplier,0,770.0,,,,,,,,,,,,,3,hitl
139,2026-01-06 16:45,farm_1,farm,1,,380.0,0.14,,,,,,,,,,,3,hitl
139,2026-01-06 16:45,slaughterhouse_1,slaughterhouse,1,,,,175.0,267.72,,,,,,,,,3,hitl
139,2026-01-06 16:45,wholesaler_1,wholesaler,1,,,,,,0.02,13.8,,,,,,,3,hitl
139,2026-01-06 16:45,retail_1,retail,1,,,,,,,,0.0,30.0,1.0,25.25,14.48,17.6046,3,hitl
140,2026-01-06 17:00,supplier_1,supplier,0,768.62,,,,,,,,,,,,,3,hitl
140,2026-01-06 17:00,farm_1,farm,1,,380.0,0.14,,,,,,,,,,,3,hitl
140,2026-01-06 17:00,slaughterhouse_1,slaughterhouse,1,,,,175.0,272.34,,,,,,,,,3,hitl
140,2026-01-06 17:00,wholesaler_1,wholesaler,1,,,,,,0.0,13.8,,,,,,,3,hitl
140,2026-01-06 17:00,retail_1,retail,1,,,,,,,,0.0,30.0,1.0,25.5,14.48,17.6046,3,hitl
141,2026-01-06 17:15,supplier_1,supplier,0,767.45,,,,,,,,,,,,,3,hitl
141,2026-01-06 17:15,farm_1,farm,1,,380.0,0.14,,,,,,,,,,,3,hitl
141,2026-01-06 17:15,slaughterhouse_1,slaughterhouse,1,,,,175.0,277.47,,,,,,,,,3,hitl
141,2026-01-06 17:15,wholesaler_1,wholesaler,1,,,,,,0.0,13.8,,,,,,,3,hitl
141,2026-01-06 17:15,retail_1,retail,1,,,,,,,,0.0,30.0,1.0,25.75,14.48,17.6046,3,hitl
142,2026-01-06 17:30,supplier_1,supplier,0,766.35,,,,,,,,,,,,,3,hitl
142,2026-01-06 17:30,farm_1,farm,1,,380.0,0.14,,,,,,,,,,,3,hitl
142,2026-01-06 17:30,slaughterhouse_1,slaughterhouse,1,,,,175.0,282.12,,,,,,,,,3,hitl
142,2026-01-06 17:30,wholesaler_1,wholesaler,1,,,,,,0.0,13.8,,,,,,,3,hitl
142,2026-01-06 17:30,retail_1,retail,1,,,,,,,,0.0,30.0,1.0,26.0,14.48,17.6046,3,hitl
143,2026-01-06 17:45,supplier_1,supplier,0,764.98,,,,,,,,,,,,,3,hitl
143,2026-01-06 17:45,farm_1,farm,1,,380.0,0.14,,,,,,,,,,,3,hitl
143,2026-01-06 17:45,slaughterhouse_1,slaughterhouse,1,,,,175.0,286.77,,,,,,,,,3,hitl
143,2026-01-06 17:45,wholesaler_1,wholesaler,1,,,,,,0.0,13.8,,,,,,,3,hitl
143,2026-01-06 17:45,retail_1,retail,1,,,,,,,,0.0,30.0,1.0,26.25,14.48,17.6046,3,hitl
144,2026-01-06 18:00,supplier_1,supplier,0,764.19,,,,,,,,,,,,,3,hitl
144,2026-01-06 18:00,farm_1,farm,1,,380.0,0.14,,,,,,,,,,,3,hitl
144,2026-01-06 18:00,slaughterhouse_1,slaughterhouse,1,,,,175.0,287.09,,,,,,,,,3,hitl
144,2026-01-06 18:00,wholesaler_1,wholesaler,1,,,,,,0.0,13.8,,,,,,,3,hitl
144,2026-01-06 18:00,retail_1,retail,1,,,,,,,,0.0,30.0,1.0,26.5,14.48,17.6046,3,hitl
145,2026-01-06 18:15,supplier_1,supplier,0,763.19,,,,,,,,,,,,,3,hitl
145,2026-01-06 18:15,farm_1,farm,1,,380.0,0.14,,,,,,,,,,,3,hitl
145,2026-01-06 18:15,slaughterhouse_1,slaughterhouse,1,,,,175.0,291.8,,,,,,,,,3,hitl
145,2026-01-06 18:15,wholesaler_1,wholesaler,1,,,,,,4.32,13.8,,,,,,,3,hitl
145,2026-01-06 18:15,retail_1,retail,1,,,,,,,,0.0,30.0,1.0,26.75,14.48,17.6046,3,hitl
146,2026-01-06 18:30,supplier_1,supplier,0,762.05,,,,,,,,,,,,,3,hitl
146,2026-01-06 18:30,farm_1,farm,1,,380.0,0.14,,,,,,,,,,,3,hitl
146,2026-01-06 18:30,slaughterhouse_1,slaughterhouse,1,,,,175.0,296.64,,,,,,,,,3,hitl
146,2026-01-06 18:30,wholesaler_1,wholesaler,1,,,,,,2.67,13.8,,,,,,,3,hitl
146,2026-01-06 18:30,retail_1,retail,1,,,,,,,,0.0,30.0,1.0,27.0,14.48,17.6046,3,hitl
147,2026-01-06 18:45,supplier_1,supplier,0,761.1,,,,,,,,,,,,,3,hitl
147,2026-01-06 18:45,farm_1,farm,1,,380.0,0.14,,,,,,,,,,,3,hitl
147,2026-01-06 18:45,slaughterhouse_1,slaughterhouse,1,,,,175.0,301.4,,,,,,,,,3,hitl
147,2026-01-06 18:45,wholesaler_1,wholesaler,1,,,,,,0.71,13.8,,,,,,,3,hitl
147,2026-01-06 18:45,retail_1,retail,1,,,,,,,,0.0,30.0,1.0,27.25,14.48,17.6046,3,hitl
148,2026-01-06 19:00,supplier_1,supplier,0,760.23,,,,,,,,,,,,,3,hitl
148,2026-01-06 19:00,farm_1,farm,1,,380.0,0.14,,,,,,,,,,,3,hitl
148,2026-01-06 19:00,slaughterhouse_1,slaughterhouse,1,,,,175.0,306.05,,,,,,,,,3,hitl
148,2026-01-06 19:00,wholesaler_1,wholesaler,1,,,,,,0.0,13.8,,,,,,,3,hitl
148,2026-01-06 19:00,retail_1,retail,1,,,,,,,,0.0,30.0,1.0,27.5,14.48,17.6046,3,hitl
149,2026-01-06 19:15,supplier_1,supplier,0,759.1,,,,,,,,,,,,,3,hitl
149,2026-01-06 19:15,farm_1,farm,1,,380.0,0.14,,,,,,,,,,,3,hitl
149,2026-01-06 19:15,slaughterhouse_1,slaughterhouse,1,,,,175.0,311.13,,,,,,,,,3,hitl
149,2026-01-06 19:15,wholesaler_1,wholesaler,1,,,,,,0.0,13.8,,,,,,,3,hitl
149,2026-01-06 19:15,retail_1,retail,1,,,,,,,,0.0,30.0,1.0,27.75,14.48,17.6046,3,hitl
150,2026-01-06 19:30,supplier_1,supplier,0,757.89,,,,,,,,,,,,,3,hitl
150,2026-01-06 19:30,farm_1,farm,1,,380.0,0.14,,,,,,,,,,,3,hitl
150,2026-01-06 19:30,slaughterhouse_1,slaughterhouse,1,,,,175.0,315.95,,,,,,,,,3,hitl
150,2026-01-06 19:30,wholesaler_1,wholesaler,1,,,,,,0.0,13.8,,,,,,,3,hitl
150,2026-01-06 19:30,retail_1,retail,1,,,,,,,,0.0,30.0,1.0,28.0,14.48,17.6046,3,hitl
151,2026-01-06 19:45,supplier_1,supplier,0,756.86,,,,,,,,,,,,,3,hitl
151,2026-01-06 19:45,farm_1,farm,1,,380.0,0.14,,,,,,,,,,,3,hitl
151,2026-01-06 19:45,slaughterhouse_1,slaughterhouse,1,,,,175.0,320.86,,,,,,,,,3,hitl
151,2026-01-06 19:45,wholesaler_1,wholesaler,1,,,,,,0.0,13.8,,,,,,,3,hitl
151,2026-01-06 19:45,retail_1,retail,1,,,,,,,,0.0,30.0,1.0,28.25,14.48,17.6046,3,hitl
152,2026-01-06 20:00,supplier_1,supplier,0,756.07,,,,,,,,,,,,,3,hitl
152,2026-01-06 20:00,farm_1,farm,1,,380.0,0.14,,,,,,,,,,,3,hitl
152,2026-01-06 20:00,slaughterhouse_1,slaughterhouse,1,,,,175.0,321.32,,,,,,,,,3,hitl
152,2026-01-06 20:00,wholesaler_1,wholesaler,1,,,,,,0.0,13.8,,,,,,,3,hitl
152,2026-01-06 20:00,retail_1,retail,1,,,,,,,,0.0,30.0,1.0,28.5,14.48,17.6046,3,hitl
153,2026-01-06 20:15,supplier_1,supplier,0,755.34,,,,,,,,,,,,,3,hitl
153,2026-01-06 20:15,farm_1,farm,1,,380.0,0.14,,,,,,,,,,,3,hitl
153,2026-01-06 20:15,slaughterhouse_1,slaughterhouse,1,,,,175.0,326.06,,,,,,,,,3,hitl
153,2026-01-06 20:15,wholesaler_1,wholesaler,1,,,,,,4.32,13.8,,,,,,,3,hitl
153,2026-01-06 20:15,retail_1,retail,1,,,,,,,,0.0,30.0,1.0,28.75,14.48,17.6046,3,hitl
154,2026-01-06 20:30,supplier_1,supplier,0,754.58,,,,,,,,,,,,,3,hitl
154,2026-01-06 20:30,farm_1,farm,1,,380.0,0.14,,,,,,,,,,,3,hitl
154,2026-01-06 20:30,slaughterhouse_1,slaughterhouse,1,,,,175.0,330.89,,,,,,,,,3,hitl
154,2026-01-06 20:30,wholesaler_1,wholesaler,1,,,,,,1.96,13.8,,,,,,,3,hitl
154,2026-01-06 20:30,retail_1,retail,1,,,,,,,,0.0,30.0,1.0,29.0,14.48,17.6046,3,hitl
155,2026-01-06 20:45,supplier_1,supplier,0,753.56,,,,,,,,,,,,,3,hitl
155,2026-01-06 20:45,farm_1,farm,1,,380.0,0.14,,,,,,,,,,,3,hitl
155,2026-01-06 20:45,slaughterhouse_1,slaughterhouse,1,,,,175.0,336.12,,,,,,,,,3,hitl
155,2026-01-06 20:45,wholesaler_1,wholesaler,1,,,,,,0.0,13.8,,,,,,,3,hitl
155,2026-01-06 20:45,retail_1,retail,1,,,,,,,,0.0,30.0,1.0,29.25,14.48,17.6046,3,hitl
156,2026-01-06 21:00,supplier_1,supplier,0,752.6,,,,,,,,,,,,,3,hitl
156,2026-01-06 21:00,farm_1,farm,1,,380.0,0.14,,,,,,,,,,,3,hitl
156,2026-01-06 21:00,slaughterhouse_1,slaughterhouse,1,,,,175.0,340.74,,,,,,,,,3,hitl
156,2026-01-06 21:00,wholesaler_1,wholesaler,1,,,,,,0.0,13.8,,,,,,,3,hitl
156,2026-01-06 21:00,retail_1,retail,1,,,,,,,,0.0,30.0,1.0,29.5,14.48,17.6046,3,hitl
157,2026-01-06 21:15,supplier_1,supplier,0,752.07,,,,,,,,,,,,,3,hitl
157,2026-01-06 21:15,farm_1,farm,1,,380.0,0.14,,,,,,,,,,,3,hitl
157,2026-01-06 21:15,slaughterhouse_1,slaughterhouse,1,,,,175.0,345.69,,,,,,,,,3,hitl
157,2026-01-06 21:15,wholesaler_1,wholesaler,1,,,,,,0.0,13.8,,,,,,,3,hitl
157,2026-01-06 21:15,retail_1,retail,1,,,,,,,,0.0,30.0,1.0,29.75,14.48,17.6046,3,hitl
158,2026-01-06 21:30,supplier_1,supplier,0,750.78,,,,,,,,,,,,,3,hitl
158,2026-01-06 21:30,farm_1,farm,1,,380.0,0.14,,,,,,,,,,,3,hitl
158,2026-01-06 21:30,slaughterhouse_1,slaughterhouse,1,,,,175.0,350.55,,,,,,,,,3,hitl
158,2026-01-06 21:30,wholesaler_1,wholesaler,1,,,,,,0.0,13.8,,,,,,,3,hitl
158,2026-01-06 21:30,retail_1,retail,1,,,,,,,,0.0,30.0,1.0,30.0,14.48,17.6046,3,hitl
159,2026-01-06 21:45,supplier_1,supplier,0,749.28,,,,,,,,,,,,,3,hitl
159,2026-01-06 21:45,farm_1,farm,1,,380.0,0.14,,,,,,,,,,,3,hitl
159,2026-01-06 21:45,slaughterhouse_1,slaughterhouse,1,,,,175.0,355.77,,,,,,,,,3,hitl
159,2026-01-06 21:45,wholesaler_1,wholesaler,1,,,,,,0.0,13.8,,,,,,,3,hitl
159,2026-01-06 21:45,retail_1,retail,1,,,,,,,,0.0,30.0,1.0,30.25,14.48,17.6046,3,hitl
160,2026-01-06 22:00,supplier_1,supplier,0,748.31,,,,,,,,,,,,,3,hitl
160,2026-01-06 22:00,farm_1,farm,1,,380.0,0.14,,,,,,,,,,,3,hitl
160,2026-01-06 22:00,slaughterhouse_1,slaughterhouse,1,,,,175.0,356.34,,,,,,,,,3,hitl
160,2026-01-06 22:00,wholesaler_1,wholesaler,1,,,,,,0.0,13.8,,,,,,,3,hitl
160,2026-01-06 22:00,retail_1,retail,1,,,,,,,,0.0,30.0,1.0,30.5,14.48,17.6046,3,hitl
161,2026-01-06 22:15,supplier_1,supplier,0,747.51,,,,,,,,,,,,,3,hitl
161,2026-01-06 22:15,farm_1,farm,1,,380.0,0.14,,,,,,,,,,,3,hitl
161,2026-01-06 22:15,slaughterhouse_1,slaughterhouse,1,,,,175.0,361.09,,,,,,,,,3,hitl
161,2026-01-06 22:15,wholesaler_1,wholesaler,1,,,,,,4.32,13.8,,,,,,,3,hitl
161,2026-01-06 22:15,retail_1,retail,1,,,,,,,,0.0,30.0,1.0,30.75,14.48,17.6046,3,hitl
162,2026-01-06 22:30,supplier_1,supplier,0,746.99,,,,,,,,,,,,,3,hitl
162,2026-01-06 22:30,farm_1,farm,1,,380.0,0.14,,,,,,,,,,,3,hitl
162,2026-01-06 22:30,slaughterhouse_1,slaughterhouse,1,,,,175.0,366.14,,,,,,,,,3,hitl
162,2026-01-06 22:30,wholesaler_1,wholesaler,1,,,,,,2.24,13.8,,,,,,,3,hitl
162,2026-01-06 22:30,retail_1,retail,1,,,,,,,,0.0,30.0,1.0,31.0,14.48,17.6046,3,hitl
163,2026-01-06 22:45,supplier_1,supplier,0,746.35,,,,,,,,,,,,,3,hitl
163,2026-01-06 22:45,farm_1,farm,1,,380.0,0.14,,,,,,,,,,,3,hitl
163,2026-01-06 22:45,slaughterhouse_1,slaughterhouse,1,,,,175.0,371.21,,,,,,,,,3,hitl
163,2026-01-06 22:45,wholesaler_1,wholesaler,1,,,,,,0.0,13.8,,,,,,,3,hitl
163,2026-01-06 22:45,retail_1,retail,1,,,,,,,,0.0,30.0,1.0,31.25,14.48,17.6046,3,hitl
164,2026-01-06 23:00,supplier_1,supplier,0,745.36,,,,,,,,,,,,,3,hitl
164,2026-01-06 23:00,farm_1,farm,1,,380.0,0.14,,,,,,,,,,,3,hitl
164,2026-01-06 23:00,slaughterhouse_1,slaughterhouse,1,,,,175.0,375.71,,,,,,,,,3,hitl
164,2026-01-06 23:00,wholesaler_1,wholesaler,1,,,,,,0.0,13.8,,,,,,,3,hitl
164,2026-01-06 23:00,retail_1,retail,1,,,,,,,,0.0,30.0,1.0,31.5,14.48,17.6046,3,hitl
165,2026-01-06 23:15,supplier_1,supplier,0,744.1,,,,,,,,,,,,,3,hitl
165,2026-01-06 23:15,farm_1,farm,1,,380.0,0.14,,,,,,,,,,,3,hitl
165,2026-01-06 23:15,slaughterhouse_1,slaughterhouse,1,,,,175.0,380.23,,,,,,,,,3,hitl
165,2026-01-06 23:15,wholesaler_1,wholesaler,1,,,,,,0.0,13.8,,,,,,,3,hitl
165,2026-01-06 23:15,retail_1,retail,1,,,,,,,,0.0,30.0,1.0,31.75,14.48,17.6046,3,hitl
166,2026-01-06 23:30,supplier_1,supplier,0,743.14,,,,,,,,,,,,,3,hitl
166,2026-01-06 23:30,farm_1,farm,1,,380.0,0.14,,,,,,,,,,,3,hitl
166,2026-01-06 23:30,slaughterhouse_1,slaughterhouse,1,,,,175.0,385.05,,,,,,,,,3,hitl
166,2026-01-06 23:30,wholesaler_1,wholesaler,1,,,,,,0.0,13.8,,,,,,,3,hitl
166,2026-01-06 23:30,retail_1,retail,1,,,,,,,,0.0,30.0,1.0,32.0,14.48,17.6046,3,hitl
167,2026-01-06 23:45,supplier_1,supplier,0,742.34,,,,,,,,,,,,,3,hitl
167,2026-01-06 23:45,farm_1,farm,1,,380.0,0.14,,,,,,,,,,,3,hitl
167,2026-01-06 23:45,slaughterhouse_1,slaughterhouse,1,,,,175.0,389.84,,,,,,,,,3,hitl
167,2026-01-06 23:45,wholesaler_1,wholesaler,1,,,,,,0.0,13.8,,,,,,,3,hitl
167,2026-01-06 23:45,retail_1,retail,1,,,,,,,,0.0,30.0,1.0,32.25,14.48,17.6046,3,hitl
168,2026-01-07 00:00,supplier_1,supplier,0,741.75,,,,,,,,,,,,,3,hitl
168,2026-01-07 00:00,farm_1,farm,1,,380.0,0.14,,,,,,,,,,,3,hitl
168,2026-01-07 00:00,slaughterhouse_1,slaughterhouse,1,,,,175.0,390.71,,,,,,,,,3,hitl
168,2026-01-07 00:00,wholesaler_1,wholesaler,1,,,,,,0.0,13.8,,,,,,,3,hitl
168,2026-01-07 00:00,retail_1,retail,1,,,,,,,,0.0,30.0,1.0,32.5,14.48,17.6046,3,hitl
169,2026-01-07 00:15,supplier_1,supplier,0,740.82,,,,,,,,,,,,,3,hitl
169,2026-01-07 00:15,farm_1,farm,1,,380.0,0.14,,,,,,,,,,,3,hitl
169,2026-01-07 00:15,slaughterhouse_1,slaughterhouse,1,,,,175.0,395.65,,,,,,,,,3,hitl
169,2026-01-07 00:15,wholesaler_1,wholesaler,1,,,,,,4.32,13.8,,,,,,,3,hitl
169,2026-01-07 00:15,retail_1,retail,1,,,,,,,,0.0,30.0,1.0,32.75,14.48,17.6046,3,hitl
170,2026-01-07 00:30,supplier_1,supplier,0,740.06,,,,,,,,,,,,,3,hitl
170,2026-01-07 00:30,farm_1,farm,1,,380.0,0.14,,,,,,,,,,,3,hitl
170,2026-01-07 00:30,slaughterhouse_1,slaughterhouse,1,,,,175.0,400.0,,,,,,,,,3,hitl
170,2026-01-07 00:30,wholesaler_1,wholesaler,1,,,,,,2.1,13.8,,,,,,,3,hitl
170,2026-01-07 00:30,retail_1,retail,1,,,,,,,,0.0,30.0,1.0,33.0,14.48,17.6046,3,hitl
171,2026-01-07 00:45,supplier_1,supplier,0,739.07,,,,,,,,,,,,,3,hitl
171,2026-01-07 00:45,farm_1,farm,1,,380.0,0.14,,,,,,,,,,,3,hitl
171,2026-01-07 00:45,slaughterhouse_1,slaughterhouse,1,,,,175.0,400.0,,,,,,,,,3,hitl
171,2026-01-07 00:45,wholesaler_1,wholesaler,1,,,,,,0.1,13.8,,,,,,,3,hitl
171,2026-01-07 00:45,retail_1,retail,1,,,,,,,,0.0,30.0,1.0,33.25,14.48,17.6046,3,hitl
172,2026-01-07 01:00,supplier_1,supplier,0,738.26,,,,,,,,,,,,,3,hitl
172,2026-01-07 01:00,farm_1,farm,1,,380.0,0.14,,,,,,,,,,,3,hitl
172,2026-01-07 01:00,slaughterhouse_1,slaughterhouse,1,,,,175.0,400.0,,,,,,,,,3,hitl
172,2026-01-07 01:00,wholesaler_1,wholesaler,1,,,,,,0.0,13.8,,,,,,,3,hitl
172,2026-01-07 01:00,retail_1,retail,1,,,,,,,,0.0,30.0,1.0,33.5,14.48,17.6046,3,hitl
173,2026-01-07 01:15,supplier_1,supplier,0,737.53,,,,,,,,,,,,,3,hitl
173,2026-01-07 01:15,farm_1,farm,1,,380.0,0.14,,,,,,,,,,,3,hitl
173,2026-01-07 01:15,slaughterhouse_1,slaughterhouse,1,,,,175.0,400.0,,,,,,,,,3,hitl
173,2026-01-07 01:15,wholesaler_1,wholesaler,1,,,,,,0.0,13.8,,,,,,,3,hitl
173,2026-01-07 01:15,retail_1,retail,1,,,,,,,,0.0,30.0,1.0,33.75,14.48,17.6046,3,hitl
174,2026-01-07 01:30,supplier_1,supplier,0,736.59,,,,,,,,,,,,,3,hitl
174,2026-01-07 01:30,farm_1,farm,1,,380.0,0.14,,,,,,,,,,,3,hitl
174,2026-01-07 01:30,slaughterhouse_1,slaughterhouse,1,,,,175.0,400.0,,,,,,,,,3,hitl
174,2026-01-07 01:30,wholesaler_1,wholesaler,1,,,,,,0.0,13.8,,,,,,,3,hitl
174,2026-01-07 01:30,retail_1,retail,1,,,,,,,,0.0,30.0,1.0,34.0,14.48,17.6046,3,hitl
175,2026-01-07 01:45,supplier_1,supplier,0,735.98,,,,,,,,,,,,,3,hitl
175,2026-01-07 01:45,farm_1,farm,1,,380.0,0.14,,,,,,,,,,,3,hitl
175,2026-01-07 01:45,slaughterhouse_1,slaughterhouse,1,,,,175.0,400.0,,,,,,,,,3,hitl
175,2026-01-07 01:45,wholesaler_1,wholesaler,1,,,,,,0.0,13.8,,,,,,,3,hitl
175,2026-01-07 01:45,retail_1,retail,1,,,,,,,,0.0,30.0,1.0,34.25,14.48,17.6046,3,hitl
176,2026-01-07 02:00,supplier_1,supplier,0,735.0,,,,,,,,,,,,,3,hitl
176,2026-01-07 02:00,farm_1,farm,1,,380.0,0.14,,,,,,,,,,,3,hitl
176,2026-01-07 02:00,slaughterhouse_1,slaughterhouse,1,,,,175.0,395.68,,,,,,,,,3,hitl
176,2026-01-07 02:00,wholesaler_1,wholesaler,1,,,,,,0.0,13.8,,,,,,,3,hitl
176,2026-01-07 02:00,retail_1,retail,1,,,,,,,,0.0,30.0,1.0,34.5,14.48,17.6046,3,hitl
177,2026-01-07 02:15,supplier_1,supplier,0,734.49,,,,,,,,,,,,,3,hitl
177,2026-01-07 02:15,farm_1,farm,1,,380.0,0.14,,,,,,,,,,,3,hitl
177,2026-01-07 02:15,slaughterhouse_1,slaughterhouse,1,,,,175.0,400.0,,,,,,,,,3,hitl
177,2026-01-07 02:15,wholesaler_1,wholesaler,1,,,,,,4.32,13.8,,,,,,,3,hitl
177,2026-01-07 02:15,retail_1,retail,1,,,,,,,,0.0,30.0,1.0,34.75,14.48,17.6046,3,hitl
178,2026-01-07 02:30,supplier_1,supplier,0,733.68,,,,,,,,,,,,,3,hitl
178,2026-01-07 02:30,farm_1,farm,1,,380.0,0.14,,,,,,,,,,,3,hitl
178,2026-01-07 02:30,slaughterhouse_1,slaughterhouse,1,,,,175.0,400.0,,,,,,,,,3,hitl
178,2026-01-07 02:30,wholesaler_1,wholesaler,1,,,,,,1.51,13.8,,,,,,,3,hitl
178,2026-01-07 02:30,retail_1,retail,1,,,,,,,,0.0,30.0,1.0,35.0,14.48,17.6046,3,hitl
179,2026-01-07 02:45,supplier_1,supplier,0,732.82,,,,,,,,,,,,,3,hitl
179,2026-01-07 02:45,farm_1,farm,1,,380.0,0.14,,,,,,,,,,,3,hitl
179,2026-01-07 02:45,slaughterhouse_1,slaughterhouse,1,,,,175.0,400.0,,,,,,,,,3,hitl
179,2026-01-07 02:45,wholesaler_1,wholesaler,1,,,,,,0.0,13.8,,,,,,,3,hitl
179,2026-01-07 02:45,retail_1,retail,1,,,,,,,,0.0,30.0,1.0,35.25,14.48,17.6046,3,hitl
180,2026-01-07 03:00,supplier_1,supplier,0,731.7,,,,,,,,,,,,,3,hitl
180,2026-01-07 03:00,farm_1,farm,1,,380.0,0.14,,,,,,,,,,,3,hitl
180,2026-01-07 03:00,slaughterhouse_1,slaughterhouse,1,,,,175.0,400.0,,,,,,,,,3,hitl
180,2026-01-07 03:00,wholesaler_1,wholesaler,1,,,,,,0.0,13.8,,,,,,,3,hitl
180,2026-01-07 03:00,retail_1,retail,1,,,,,,,,0.0,30.0,1.0,35.5,14.48,17.6046,3,hitl
181,2026-01-07 03:15,supplier_1,supplier,0,730.48,,,,,,,,,,,,,3,hitl
181,2026-01-07 03:15,farm_1,farm,1,,380.0,0.14,,,,,,,,,,,3,hitl
181,2026-01-07 03:15,slaughterhouse_1,slaughterhouse,1,,,,175.0,400.0,,,,,,,,,3,hitl
181,2026-01-07 03:15,wholesaler_1,wholesaler,1,,,,,,0.0,13.8,,,,,,,3,hitl
181,2026-01-07 03:15,retail_1,retail,1,,,,,,,,0.0,30.0,1.0,35.75,14.48,17.6046,3,hitl
182,2026-01-07 03:30,supplier_1,supplier,0,729.33,,,,,,,,,,,,,3,hitl
182,2026-01-07 03:30,farm_1,farm,1,,380.0,0.14,,,,,,,,,,,3,hitl
182,2026-01-07 03:30,slaughterhouse_1,slaughterhouse,1,,,,175.0,400.0,,,,,,,,,3,hitl
182,2026-01-07 03:30,wholesaler_1,wholesaler,1,,,,,,0.0,13.8,,,,,,,3,hitl
182,2026-01-07 03:30,retail_1,retail,1,,,,,,,,0.0,30.0,1.0,36.0,14.48,17.6046,3,hitl
183,2026-01-07 03:45,supplier_1,supplier,0,727.86,,,,,,,,,,,,,3,hitl
183,2026-01-07 03:45,farm_1,farm,1,,380.0,0.14,,,,,,,,,,,3,hitl
183,2026-01-07 03:45,slaughterhouse_1,slaughterhouse,1,,,,175.0,400.0,,,,,,,,,3,hitl
183,2026-01-07 03:45,wholesaler_1,wholesaler,1,,,,,,0.0,13.8,,,,,,,3,hitl
183,2026-01-07 03:45,retail_1,retail,1,,,,,,,,0.0,30.0,1.0,36.25,14.48,17.6046,3,hitl
184,2026-01-07 04:00,supplier_1,supplier,0,727.12,,,,,,,,,,,,,3,hitl
184,2026-01-07 04:00,farm_1,farm,1,,380.0,0.14,,,,,,,,,,,3,hitl
184,2026-01-07 04:00,slaughterhouse_1,slaughterhouse,1,,,,175.0,395.68,,,,,,,,,3,hitl
184,2026-01-07 04:00,wholesaler_1,wholesaler,1,,,,,,0.0,13.8,,,,,,,3,hitl
184,2026-01-07 04:00,retail_1,retail,1,,,,,,,,0.0,30.0,1.0,36.5,14.48,17.6046,3,hitl
185,2026-01-07 04:15,supplier_1,supplier,0,726.37,,,,,,,,,,,,,3,hitl
185,2026-01-07 04:15,farm_1,farm,1,,380.0,0.14,,,,,,,,,,,3,hitl
185,2026-01-07 04:15,slaughterhouse_1,slaughterhouse,1,,,,175.0,400.0,,,,,,,,,3,hitl
185,2026-01-07 04:15,wholesaler_1,wholesaler,1,,,,,,4.32,13.8,,,,,,,3,hitl
185,2026-01-07 04:15,retail_1,retail,1,,,,,,,,0.0,30.0,1.0,36.75,14.48,17.6046,3,hitl
186,2026-01-07 04:30,supplier_1,supplier,0,725.38,,,,,,,,,,,,,3,hitl
186,2026-01-07 04:30,farm_1,farm,1,,380.0,0.14,,,,,,,,,,,3,hitl
186,2026-01-07 04:30,slaughterhouse_1,slaughterhouse,1,,,,175.0,400.0,,,,,,,,,3,hitl
186,2026-01-07 04:30,wholesaler_1,wholesaler,1,,,,,,2.2,13.8,,,,,,,3,hitl
186,2026-01-07 04:30,retail_1,retail,1,,,,,,,,0.0,30.0,1.0,37.0,14.48,17.6046,3,hitl
187,2026-01-07 04:45,supplier_1,supplier,0,724.22,,,,,,,,,,,,,3,hitl
187,2026-01-07 04:45,farm_1,farm,1,,380.0,0.14,,,,,,,,,,,3,hitl
187,2026-01-07 04:45,slaughterhouse_1,slaughterhouse,1,,,,175.0,400.0,,,,,,,,,3,hitl
187,2026-01-07 04:45,wholesaler_1,wholesaler,1,,,,,,0.53,13.8,,,,,,,3,hitl
187,2026-01-07 04:45,retail_1,retail,1,,,,,,,,0.0,30.0,1.0,37.25,14.48,17.6046,3,hitl
188,2026-01-07 05:00,supplier_1,supplier,0,723.32,,,,,,,,,,,,,3,hitl
188,2026-01-07 05:00,farm_1,farm,1,,380.0,0.14,,,,,,,,,,,3,hitl
188,2026-01-07 05:00,slaughterhouse_1,slaughterhouse,1,,,,175.0,400.0,,,,,,,,,3,hitl
188,2026-01-07 05:00,wholesaler_1,wholesaler,1,,,,,,0.0,13.8,,,,,,,3,hitl
188,2026-01-07 05:00,retail_1,retail,1,,,,,,,,0.0,30.0,1.0,37.5,14.48,17.6046,3,hitl
189,2026-01-07 05:15,supplier_1,supplier,0,722.37,,,,,,,,,,,,,3,hitl
189,2026-01-07 05:15,farm_1,farm,1,,380.0,0.14,,,,,,,,,,,3,hitl
189,2026-01-07 05:15,slaughterhouse_1,slaughterhouse,1,,,,175.0,400.0,,,,,,,,,3,hitl
189,2026-01-07 05:15,wholesaler_1,wholesaler,1,,,,,,0.0,13.8,,,,,,,3,hitl
189,2026-01-07 05:15,retail_1,retail,1,,,,,,,,0.0,30.0,1.0,37.75,14.48,17.6046,3,hitl
190,2026-01-07 05:30,supplier_1,supplier,0,720.87,,,,,,,,,,,,,3,hitl
190,2026-01-07 05:30,farm_1,farm,1,,380.0,0.14,,,,,,,,,,,3,hitl
190,2026-01-07 05:30,slaughterhouse_1,slaughterhouse,1,,,,175.0,400.0,,,,,,,,,3,hitl
190,2026-01-07 05:30,wholesaler_1,wholesaler,1,,,,,,0.0,13.8,,,,,,,3,hitl
190,2026-01-07 05:30,retail_1,retail,1,,,,,,,,0.0,30.0,1.0,38.0,14.48,17.6046,3,hitl
191,2026-01-07 05:45,supplier_1,supplier,0,720.02,,,,,,,,,,,,,3,hitl
191,2026-01-07 05:45,farm_1,farm,1,,380.0,0.14,,,,,,,,,,,3,hitl
191,2026-01-07 05:45,slaughterhouse_1,slaughterhouse,1,,,,175.0,400.0,,,,,,,,,3,hitl
191,2026-01-07 05:45,wholesaler_1,wholesaler,1,,,,,,0.0,13.8,,,,,,,3,hitl
191,2026-01-07 05:45,retail_1,retail,1,,,,,,,,0.0,30.0,1.0,38.25,14.48,17.6046,3,hitl
192,2026-01-07 06:00,supplier_1,supplier,0,719.23,,,,,,,,,,,,,3,hitl
192,2026-01-07 06:00,farm_1,farm,1,,380.0,0.14,,,,,,,,,,,3,hitl
192,2026-01-07 06:00,slaughterhouse_1,slaughterhouse,1,,,,175.0,395.68,,,,,,,,,3,hitl
192,2026-01-07 06:00,wholesaler_1,wholesaler,1,,,,,,0.0,13.8,,,,,,,3,hitl
192,2026-01-07 06:00,retail_1,retail,1,,,,,,,,6.28,30.0,0.0,3.75,16.5,75.0,3,hitl
193,2026-01-07 06:15,supplier_1,supplier,0,718.15,,,,,,,,,,,,,3,hitl
193,2026-01-07 06:15,farm_1,farm,1,,380.0,0.14,,,,,,,,,,,3,hitl
193,2026-01-07 06:15,slaughterhouse_1,slaughterhouse,1,,,,175.0,400.0,,,,,,,,,3,hitl
193,2026-01-07 06:15,wholesaler_1,wholesaler,1,,,,,,4.32,13.8,,,,,,,3,hitl
193,2026-01-07 06:15,retail_1,retail,1,,,,,,,,2.38,30.0,0.0,4.0,16.5,75.0,3,hitl
194,2026-01-07 06:30,supplier_1,supplier,0,717.36,,,,,,,,,,,,,3,hitl
194,2026-01-07 06:30,farm_1,farm,1,,380.0,0.14,,,,,,,,,,,3,hitl
194,2026-01-07 06:30,slaughterhouse_1,slaughterhouse,1,,,,175.0,400.0,,,,,,,,,3,hitl
194,2026-01-07 06:30,wholesaler_1,wholesaler,1,,,,,,1.47,13.8,,,,,,,3,hitl
194,2026-01-07 06:30,retail_1,retail,1,,,,,,,,0.0,30.0,1.0,4.25,16.5,75.0,3,hitl
195,2026-01-07 06:45,supplier_1,supplier,0,716.8,,,,,,,,,,,,,3,hitl
195,2026-01-07 06:45,farm_1,farm,1,,380.0,0.14,,,,,,,,,,,3,hitl
195,2026-01-07 06:45,slaughterhouse_1,slaughterhouse,1,,,,175.0,400.0,,,,,,,,,3,hitl
195,2026-01-07 06:45,wholesaler_1,wholesaler,1,,,,,,0.0,13.8,,,,,,,3,hitl
195,2026-01-07 06:45,retail_1,retail,1,,,,,,,,0.0,30.0,1.0,4.5,16.5,75.0,3,hitl
196,2026-01-07 07:00,supplier_1,supplier,0,715.77,,,,,,,,,,,,,3,hitl
196,2026-01-07 07:00,farm_1,farm,1,,380.0,0.14,,,,,,,,,,,3,hitl
196,2026-01-07 07:00,slaughterhouse_1,slaughterhouse,1,,,,175.0,400.0,,,,,,,,,3,hitl
196,2026-01-07 07:00,wholesaler_1,wholesaler,1,,,,,,0.0,13.8,,,,,,,3,hitl
196,2026-01-07 07:00,retail_1,retail,1,,,,,,,,0.0,30.0,1.0,4.75,16.5,75.0,3,hitl
197,2026-01-07 07:15,supplier_1,supplier,0,714.55,,,,,,,,,,,,,3,hitl
197,2026-01-07 07:15,farm_1,farm,1,,380.0,0.14,,,,,,,,,,,3,hitl
197,2026-01-07 07:15,slaughterhouse_1,slaughterhouse,1,,,,175.0,400.0,,,,,,,,,3,hitl
197,2026-01-07 07:15,wholesaler_1,wholesaler,1,,,,,,0.0,13.8,,,,,,,3,hitl
197,2026-01-07 07:15,retail_1,retail,1,,,,,,,,0.0,30.0,1.0,5.0,16.5,75.0,3,hitl
198,2026-01-07 07:30,supplier_1,supplier,0,713.93,,,,,,,,,,,,,3,hitl
198,2026-01-07 07:30,farm_1,farm,1,,380.0,0.14,,,,,,,,,,,3,hitl
198,2026-01-07 07:30,slaughterhouse_1,slaughterhouse,1,,,,175.0,400.0,,,,,,,,,3,hitl
198,2026-01-07 07:30,wholesaler_1,wholesaler,1,,,,,,0.0,13.8,,,,,,,3,hitl
198,2026-01-07 07:30,retail_1,retail,1,,,,,,,,0.0,30.0,1.0,5.25,16.5,75.0,3,hitl
199,2026-01-07 07:45,supplier_1,supplier,0,712.77,,,,,,,,,,,,,3,hitl
199,2026-01-07 07:45,farm_1,farm,1,,380.0,0.14,,,,,,,,,,,3,hitl
199,2026-01-07 07:45,slaughterhouse_1,slaughterhouse,1,,,,175.0,400.0,,,,,,,,,3,hitl
199,2026-01-07 07:45,wholesaler_1,wholesaler,1,,,,,,0.0,13.8,,,,,,,3,hitl
199,2026-01-07 07:45,retail_1,retail,1,,,,,,,,0.0,30.0,1.0,5.5,16.5,75.0,3,hitl
200,2026-01-07 08:00,supplier_1,supplier,0,712.02,,,,,,,,,,,,,3,hitl
200,2026-01-07 08:00,farm_1,farm,1,,380.0,0.14,,,,,,,,,,,3,hitl
200,2026-01-07 08:00,slaughterhouse_1,slaughterhouse,1,,,,175.0,395.68,,,,,,,,,3,hitl
200,2026-01-07 08:00,wholesaler_1,wholesaler,1,,,,,,0.0,13.8,,,,,,,3,hitl
200,2026-01-07 08:00,retail_1,retail,1,,,,,,,,0.0,30.0,1.0,5.75,16.5,75.0,3,hitl
201,2026-01-07 08:15,supplier_1,supplier,0,710.93,,,,,,,,,,,,,3,hitl
201,2026-01-07 08:15,farm_1,farm,1,,380.0,0.14,,,,,,,,,,,3,hitl
201,2026-01-07 08:15,slaughterhouse_1,slaughterhouse,1,,,,175.0,400.0,,,,,,,,,3,hitl
201,2026-01-07 08:15,wholesaler_1,wholesaler,1,,,,,,4.32,13.8,,,,,,,3,hitl
201,2026-01-07 08:15,retail_1,retail,1,,,,,,,,0.0,30.0,1.0,6.0,16.5,75.0,3,hitl
202,2026-01-07 08:30,supplier_1,supplier,0,709.56,,,,,,,,,,,,,3,hitl
202,2026-01-07 08:30,farm_1,farm,1,,380.0,0.14,,,,,,,,,,,3,hitl
202,2026-01-07 08:30,slaughterhouse_1,slaughterhouse,1,,,,175.0,400.0,,,,,,,,,3,hitl
202,2026-01-07 08:30,wholesaler_1,wholesaler,1,,,,,,1.38,13.8,,,,,,,3,hitl
202,2026-01-07 08:30,retail_1,retail,1,,,,,,,,0.0,30.0,1.0,6.25,16.5,75.0,3,hitl
203,2026-01-07 08:45,supplier_1,supplier,0,708.54,,,,,,,,,,,,,3,hitl
203,2026-01-07 08:45,farm_1,farm,1,,380.0,0.14,,,,,,,,,,,3,hitl
203,2026-01-07 08:45,slaughterhouse_1,slaughterhouse,1,,,,175.0,400.0,,,,,,,,,3,hitl
203,2026-01-07 08:45,wholesaler_1,wholesaler,1,,,,,,0.0,13.8,,,,,,,3,hitl
203,2026-01-07 08:45,retail_1,retail,1,,,,,,,,0.0,30.0,1.0,6.5,16.5,75.0,3,hitl
204,2026-01-07 09:00,supplier_1,supplier,0,707.49,,,,,,,,,,,,,3,hitl
204,2026-01-07 09:00,farm_1,farm,1,,380.0,0.14,,,,,,,,,,,3,hitl
204,2026-01-07 09:00,slaughterhouse_1,slaughterhouse,1,,,,175.0,400.0,,,,,,,,,3,hitl
204,2026-01-07 09:00,wholesaler_1,wholesaler,1,,,,,,0.0,13.8,,,,,,,3,hitl
204,2026-01-07 09:00,retail_1,retail,1,,,,,,,,0.0,30.0,1.0,6.75,16.5,75.0,3,hitl
205,2026-01-07 09:15,supplier_1,supplier,0,706.9,,,,,,,,,,,,,3,hitl
205,2026-01-07 09:15,farm_1,farm,1,,380.0,0.14,,,,,,,,,,,3,hitl
205,2026-01-07 09:15,slaughterhouse_1,slaughterhouse,1,,,,175.0,400.0,,,,,,,,,3,hitl
205,2026-01-07 09:15,wholesaler_1,wholesaler,1,,,,,,0.0,13.8,,,,,,,3,hitl
205,2026-01-07 09:15,retail_1,retail,1,,,,,,,,0.0,30.0,1.0,7.0,16.5,75.0,3,hitl
206,2026-01-07 09:30,supplier_1,supplier,0,706.14,,,,,,,,,,,,,3,hitl
206,2026-01-07 09:30,farm_1,farm,1,,380.0,0.14,,,,,,,,,,,3,hitl
206,2026-01-07 09:30,slaughterhouse_1,slaughterhouse,1,,,,175.0,400.0,,,,,,,,,3,hitl
206,2026-01-07 09:30,wholesaler_1,wholesaler,1,,,,,,0.0,13.8,,,,,,,3,hitl
206,2026-01-07 09:30,retail_1,retail,1,,,,,,,,0.0,30.0,1.0,7.25,16.5,75.0,3,hitl
207,2026-01-07 09:45,supplier_1,supplier,0,705.56,,,,,,,,,,,,,3,hitl
207,2026-01-07 09:45,farm_1,farm,1,,380.0,0.14,,,,,,,,,,,3,hitl
207,2026-01-07 09:45,slaughterhouse_1,slaughterhouse,1,,,,175.0,400.0,,,,,,,,,3,hitl
207,2026-01-07 09:45,wholesaler_1,wholesaler,1,,,,,,0.0,13.8,,,,,,,3,hitl
207,2026-01-07 09:45,retail_1,retail,1,,,,,,,,0.0,30.0,1.0,7.5,16.5,75.0,3,hitl
208,2026-01-07 10:00,supplier_1,supplier,0,704.34,,,,,,,,,,,,,3,hitl
208,2026-01-07 10:00,farm_1,farm,1,,380.0,0.14,,,,,,,,,,,3,hitl
208,2026-01-07 10:00,slaughterhouse_1,slaughterhouse,1,,,,175.0,395.68,,,,,,,,,3,hitl
208,2026-01-07 10:00,wholesaler_1,wholesaler,1,,,,,,0.0,13.8,,,,,,,3,hitl
208,2026-01-07 10:00,retail_1,retail,1,,,,,,,,0.0,30.0,1.0,7.75,16.5,75.0,3,hitl
209,2026-01-07 10:15,supplier_1,supplier,0,702.85,,,,,,,,,,,,,3,hitl
209,2026-01-07 10:15,farm_1,farm,1,,380.0,0.14,,,,,,,,,,,3,hitl
209,2026-01-07 10:15,slaughterhouse_1,slaughterhouse,1,,,,175.0,400.0,,,,,,,,,3,hitl
209,2026-01-07 10:15,wholesaler_1,wholesaler,1,,,,,,4.32,13.8,,,,,,,3,hitl
209,2026-01-07 10:15,retail_1,retail,1,,,,,,,,0.0,30.0,1.0,8.0,16.5,75.0,3,hitl
210,2026-01-07 10:30,supplier_1,supplier,0,702.28,,,,,,,,,,,,,3,hitl
210,2026-01-07 10:30,farm_1,farm,1,,380.0,0.14,,,,,,,,,,,3,hitl
210,2026-01-07 10:30,slaughterhouse_1,slaughterhouse,1,,,,175.0,400.0,,,,,,,,,3,hitl
210,2026-01-07 10:30,wholesaler_1,wholesaler,1,,,,,,1.97,13.8,,,,,,,3,hitl
210,2026-01-07 10:30,retail_1,retail,1,,,,,,,,0.0,30.0,1.0,8.25,16.5,75.0,3,hitl
211,2026-01-07 10:45,supplier_1,supplier,0,700.89,,,,,,,,,,,,,3,hitl
211,2026-01-07 10:45,farm_1,farm,1,,380.0,0.14,,,,,,,,,,,3,hitl
211,2026-01-07 10:45,slaughterhouse_1,slaughterhouse,1,,,,175.0,400.0,,,,,,,,,3,hitl
211,2026-01-07 10:45,wholesaler_1,wholesaler,1,,,,,,0.0,13.8,,,,,,,3,hitl
211,2026-01-07 10:45,retail_1,retail,1,,,,,,,,0.0,30.0,1.0,8.5,16.5,75.0,3,hitl
212,2026-01-07 11:00,supplier_1,supplier,0,699.47,,,,,,,,,,,,,3,hitl
212,2026-01-07 11:00,farm_1,farm,1,,380.0,0.14,,,,,,,,,,,3,hitl
212,2026-01-07 11:00,slaughterhouse_1,slaughterhouse,1,,,,175.0,400.0,,,,,,,,,3,hitl
212,2026-01-07 11:00,wholesaler_1,wholesaler,1,,,,,,0.0,13.8,,,,,,,3,hitl
212,2026-01-07 11:00,retail_1,retail,1,,,,,,,,0.0,30.0,1.0,8.75,16.5,75.0,3,hitl
213,2026-01-07 11:15,supplier_1,supplier,0,698.15,,,,,,,,,,,,,3,hitl
213,2026-01-07 11:15,farm_1,farm,1,,380.0,0.14,,,,,,,,,,,3,hitl
213,2026-01-07 11:15,slaughterhouse_1,slaughterhouse,1,,,,175.0,400.0,,,,,,,,,3,hitl
213,2026-01-07 11:15,wholesaler_1,wholesaler,1,,,,,,0.0,13.8,,,,,,,3,hitl
213,2026-01-07 11:15,retail_1,retail,1,,,,,,,,0.0,30.0,1.0,9.0,16.5,75.0,3,hitl
214,2026-01-07 11:30,supplier_1,supplier,0,697.53,,,,,,,,,,,,,3,hitl
214,2026-01-07 11:30,farm_1,farm,1,,380.0,0.14,,,,,,,,,,,3,hitl
214,2026-01-07 11:30,slaughterhouse_1,slaughterhouse,1,,,,175.0,400.0,,,,,,,,,3,hitl
214,2026-01-07 11:30,wholesaler_1,wholesaler,1,,,,,,0.0,13.8,,,,,,,3,hitl
214,2026-01-07 11:30,retail_1,retail,1,,,,,,,,0.0,30.0,1.0,9.25,16.5,75.0,3,hitl
215,2026-01-07 11:45,supplier_1,supplier,0,696.25,,,,,,,,,,,,,3,hitl
215,2026-01-07 11:45,farm_1,farm,1,,380.0,0.14,,,,,,,,,,,3,hitl
215,2026-01-07 11:45,slaughterhouse_1,slaughterhouse,1,,,,175.0,400.0,,,,,,,,,3,hitl
215,2026-01-07 11:45,wholesaler_1,wholesaler,1,,,,,,0.0,13.8,,,,,,,3,hitl
215,2026-01-07 11:45,retail_1,retail,1,,,,,,,,0.0,30.0,1.0,9.5,16.5,75.0,3,hitl
216,2026-01-07 12:00,supplier_1,supplier,0,695.59,,,,,,,,,,,,,3,hitl
216,2026-01-07 12:00,farm_1,farm,1,,380.0,0.14,,,,,,,,,,,3,hitl
216,2026-01-07 12:00,slaughterhouse_1,slaughterhouse,1,,,,175.0,395.68,,,,,,,,,3,hitl
216,2026-01-07 12:00,wholesaler_1,wholesaler,1,,,,,,0.0,13.8,,,,,,,3,hitl
216,2026-01-07 12:00,retail_1,retail,1,,,,,,,,0.0,30.0,1.0,9.75,16.5,75.0,3,hitl
217,2026-01-07 12:15,supplier_1,supplier,0,694.49,,,,,,,,,,,,,3,hitl
217,2026-01-07 12:15,farm_1,farm,1,,380.0,0.14,,,,,,,,,,,3,hitl
217,2026-01-07 12:15,slaughterhouse_1,slaughterhouse,1,,,,175.0,400.0,,,,,,,,,3,hitl
217,2026-01-07 12:15,wholesaler_1,wholesaler,1,,,,,,4.32,13.8,,,,,,,3,hitl
217,2026-01-07 12:15,retail_1,retail,1,,,,,,,,0.0,30.0,1.0,10.0,16.5,75.0,3,hitl
218,2026-01-07 12:30,supplier_1,supplier,0,693.62,,,,,,,,,,,,,3,hitl
218,2026-01-07 12:30,farm_1,farm,1,,380.0,0.14,,,,,,,,,,,3,hitl
218,2026-01-07 12:30,slaughterhouse_1,slaughterhouse,1,,,,175.0,400.0,,,,,,,,,3,hitl
218,2026-01-07 12:30,wholesaler_1,wholesaler,1,,,,,,2.21,13.8,,,,,,,3,hitl
218,2026-01-07 12:30,retail_1,retail,1,,,,,,,,0.0,30.0,1.0,10.25,16.5,75.0,3,hitl
219,2026-01-07 12:45,supplier_1,supplier,0,692.38,,,,,,,,,,,,,3,hitl
219,2026-01-07 12:45,farm_1,farm,1,,380.0,0.14,,,,,,,,,,,3,hitl
219,2026-01-07 12:45,slaughterhouse_1,slaughterhouse,1,,,,175.0,400.0,,,,,,,,,3,hitl
219,2026-01-07 12:45,wholesaler_1,wholesaler,1,,,,,,0.34,13.8,,,,,,,3,hitl
219,2026-01-07 12:45,retail_1,retail,1,,,,,,,,0.0,30.0,1.0,10.5,16.5,75.0,3,hitl
220,2026-01-07 13:00,supplier_1,supplier,0,691.03,,,,,,,,,,,,,3,hitl
220,2026-01-07 13:00,farm_1,farm,1,,380.0,0.14,,,,,,,,,,,3,hitl
220,2026-01-07 13:00,slaughterhouse_1,slaughterhouse,1,,,,175.0,400.0,,,,,,,,,3,hitl
220,2026-01-07 13:00,wholesaler_1,wholesaler,1,,,,,,0.0,13.8,,,,,,,3,hitl
220,2026-01-07 13:00,retail_1,retail,1,,,,,,,,0.0,30.0,1.0,10.75,16.5,75.0,3,hitl
221,2026-01-07 13:15,supplier_1,supplier,0,690.12,,,,,,,,,,,,,3,hitl
221,2026-01-07 13:15,farm_1,farm,1,,380.0,0.14,,,,,,,,,,,3,hitl
221,2026-01-07 13:15,slaughterhouse_1,slaughterhouse,1,,,,175.0,400.0,,,,,,,,,3,hitl
221,2026-01-07 13:15,wholesaler_1,wholesaler,1,,,,,,0.0,13.8,,,,,,,3,hitl
221,2026-01-07 13:15,retail_1,retail,1,,,,,,,,0.0,30.0,1.0,11.0,16.5,75.0,3,hitl
222,2026-01-07 13:30,supplier_1,supplier,0,688.93,,,,,,,,,,,,,3,hitl
222,2026-01-07 13:30,farm_1,farm,1,,380.0,0.14,,,,,,,,,,,3,hitl
222,2026-01-07 13:30,slaughterhouse_1,slaughterhouse,1,,,,175.0,400.0,,,,,,,,,3,hitl
222,2026-01-07 13:30,wholesaler_1,wholesaler,1,,,,,,0.0,13.8,,,,,,,3,hitl
222,2026-01-07 13:30,retail_1,retail,1,,,,,,,,0.0,30.0,1.0,11.25,16.5,75.0,3,hitl
223,2026-01-07 13:45,supplier_1,supplier,0,687.86,,,,,,,,,,,,,3,hitl
223,2026-01-07 13:45,farm_1,farm,1,,380.0,0.14,,,,,,,,,,,3,hitl
223,2026-01-07 13:45,slaughterhouse_1,slaughterhouse,1,,,,175.0,400.0,,,,,,,,,3,hitl
223,2026-01-07 13:45,wholesaler_1,wholesaler,1,,,,,,0.0,13.8,,,,,,,3,hitl
223,2026-01-07 13:45,retail_1,retail,1,,,,,,,,0.0,30.0,1.0,11.5,16.5,75.0,3,hitl
224,2026-01-07 14:00,supplier_1,supplier,0,687.16,,,,,,,,,,,,,3,hitl
224,2026-01-07 14:00,farm_1,farm,1,,380.0,0.14,,,,,,,,,,,3,hitl
224,2026-01-07 14:00,slaughterhouse_1,slaughterhouse,1,,,,175.0,395.68,,,,,,,,,3,hitl
224,2026-01-07 14:00,wholesaler_1,wholesaler,1,,,,,,0.0,13.8,,,,,,,3,hitl
224,2026-01-07 14:00,retail_1,retail,1,,,,,,,,0.0,30.0,1.0,11.75,16.5,75.0,3,hitl
225,2026-01-07 14:15,supplier_1,supplier,0,686.39,,,,,,,,,,,,,3,hitl
225,2026-01-07 14:15,farm_1,farm,1,,380.0,0.14,,,,,,,,,,,3,hitl
225,2026-01-07 14:15,slaughterhouse_1,slaughterhouse,1,,,,175.0,400.0,,,,,,,,,3,hitl
225,2026-01-07 14:15,wholesaler_1,wholesaler,1,,,,,,4.32,13.8,,,,,,,3,hitl
225,2026-01-07 14:15,retail_1,retail,1,,,,,,,,0.0,30.0,1.0,12.0,16.5,75.0,3,hitl
226,2026-01-07 14:30,supplier_1,supplier,0,685.21,,,,,,,,,,,,,3,hitl
226,2026-01-07 14:30,farm_1,farm,1,,380.0,0.14,,,,,,,,,,,3,hitl
226,2026-01-07 14:30,slaughterhouse_1,slaughterhouse,1,,,,175.0,400.0,,,,,,,,,3,hitl
226,2026-01-07 14:30,wholesaler_1,wholesaler,1,,,,,,1.93,13.8,,,,,,,3,hitl
226,2026-01-07 14:30,retail_1,retail,1,,,,,,,,0.0,30.0,1.0,12.25,16.5,75.0,3,hitl
227,2026-01-07 14:45,supplier_1,supplier,0,684.61,,,,,,,,,,,,,3,hitl
227,2026-01-07 14:45,farm_1,farm,1,,380.0,0.14,,,,,,,,,,,3,hitl
227,2026-01-07 14:45,slaughterhouse_1,slaughterhouse,1,,,,175.0,400.0,,,,,,,,,3,hitl
227,2026-01-07 14:45,wholesaler_1,wholesaler,1,,,,,,0.0,13.8,,,,,,,3,hitl
227,2026-01-07 14:45,retail_1,retail,1,,,,,,,,0.0,30.0,1.0,12.5,16.5,75.0,3,hitl
228,2026-01-07 15:00,supplier_1,supplier,0,683.6,,,,,,,,,,,,,3,hitl
228,2026-01-07 15:00,farm_1,farm,1,,380.0,0.14,,,,,,,,,,,3,hitl
228,2026-01-07 15:00,slaughterhouse_1,slaughterhouse,1,,,,175.0,400.0,,,,,,,,,3,hitl
228,2026-01-07 15:00,wholesaler_1,wholesaler,1,,,,,,0.0,13.8,,,,,,,3,hitl
228,2026-01-07 15:00,retail_1,retail,1,,,,,,,,0.0,30.0,1.0,12.75,16.5,75.0,3,hitl
229,2026-01-07 15:15,supplier_1,supplier,0,682.17,,,,,,,,,,,,,3,hitl
229,2026-01-07 15:15,farm_1,farm,1,,380.0,0.14,,,,,,,,,,,3,hitl
229,2026-01-07 15:15,slaughterhouse_1,slaughterhouse,1,,,,175.0,400.0,,,,,,,,,3,hitl
229,2026-01-07 15:15,wholesaler_1,wholesaler,1,,,,,,0.0,13.8,,,,,,,3,hitl
229,2026-01-07 15:15,retail_1,retail,1,,,,,,,,0.0,30.0,1.0,13.0,16.5,75.0,3,hitl
230,2026-01-07 15:30,supplier_1,supplier,0,680.69,,,,,,,,,,,,,3,hitl
230,2026-01-07 15:30,farm_1,farm,1,,380.0,0.14,,,,,,,,,,,3,hitl
230,2026-01-07 15:30,slaughterhouse_1,slaughterhouse,1,,,,175.0,400.0,,,,,,,,,3,hitl
230,2026-01-07 15:30,wholesaler_1,wholesaler,1,,,,,,0.0,13.8,,,,,,,3,hitl
230,2026-01-07 15:30,retail_1,retail,1,,,,,,,,0.0,30.0,1.0,13.25,16.5,75.0,3,hitl
231,2026-01-07 15:45,supplier_1,supplier,0,680.13,,,,,,,,,,,,,3,hitl
231,2026-01-07 15:45,farm_1,farm,1,,380.0,0.14,,,,,,,,,,,3,hitl
231,2026-01-07 15:45,slaughterhouse_1,slaughterhouse,1,,,,175.0,400.0,,,,,,,,,3,hitl
231,2026-01-07 15:45,wholesaler_1,wholesaler,1,,,,,,0.0,13.8,,,,,,,3,hitl
231,2026-01-07 15:45,retail_1,retail,1,,,,,,,,0.0,30.0,1.0,13.5,16.5,75.0,3,hitl
232,2026-01-07 16:00,supplier_1,supplier,0,678.96,,,,,,,,,,,,,3,hitl
232,2026-01-07 16:00,farm_1,farm,1,,380.0,0.14,,,,,,,,,,,3,hitl
232,2026-01-07 16:00,slaughterhouse_1,slaughterhouse,1,,,,175.0,395.68,,,,,,,,,3,hitl
232,2026-01-07 16:00,wholesaler_1,wholesaler,1,,,,,,0.0,13.8,,,,,,,3,hitl
232,2026-01-07 16:00,retail_1,retail,1,,,,,,,,0.0,30.0,1.0,13.75,16.5,75.0,3,hitl
233,2026-01-07 16:15,supplier_1,supplier,0,677.96,,,,,,,,,,,,,3,hitl
233,2026-01-07 16:15,farm_1,farm,1,,380.0,0.14,,,,,,,,,,,3,hitl
233,2026-01-07 16:15,slaughterhouse_1,slaughterhouse,1,,,,175.0,400.0,,,,,,,,,3,hitl
233,2026-01-07 16:15,wholesaler_1,wholesaler,1,,,,,,4.32,13.8,,,,,,,3,hitl
233,2026-01-07 16:15,retail_1,retail,1,,,,,,,,0.0,30.0,1.0,14.0,16.5,75.0,3,hitl
234,2026-01-07 16:30,supplier_1,supplier,0,677.33,,,,,,,,,,,,,3,hitl
234,2026-01-07 16:30,farm_1,farm,1,,380.0,0.14,,,,,,,,,,,3,hitl
234,2026-01-07 16:30,slaughterhouse_1,slaughterhouse,1,,,,175.0,400.0,,,,,,,,,3,hitl
234,2026-01-07 16:30,wholesaler_1,wholesaler,1,,,,,,1.46,13.8,,,,,,,3,hitl
234,2026-01-07 16:30,retail_1,retail,1,,,,,,,,0.0,30.0,1.0,14.25,16.5,75.0,3,hitl
235,2026-01-07 16:45,supplier_1,supplier,0,676.26,,,,,,,,,,,,,3,hitl
235,2026-01-07 16:45,farm_1,farm,1,,380.0,0.14,,,,,,,,,,,3,hitl
235,2026-01-07 16:45,slaughterhouse_1,slaughterhouse,1,,,,175.0,400.0,,,,,,,,,3,hitl
235,2026-01-07 16:45,wholesaler_1,wholesaler,1,,,,,,0.0,13.8,,,,,,,3,hitl
235,2026-01-07 16:45,retail_1,retail,1,,,,,,,,0.0,30.0,1.0,14.5,16.5,75.0,3,hitl
236,2026-01-07 17:00,supplier_1,supplier,0,674.91,,,,,,,,,,,,,3,hitl
236,2026-01-07 17:00,farm_1,farm,1,,380.0,0.14,,,,,,,,,,,3,hitl
236,2026-01-07 17:00,slaughterhouse_1,slaughterhouse,1,,,,175.0,400.0,,,,,,,,,3,hitl
236,2026-01-07 17:00,wholesaler_1,wholesaler,1,,,,,,0.0,13.8,,,,,,,3,hitl
236,2026-01-07 17:00,retail_1,retail,1,,,,,,,,0.0,30.0,1.0,14.75,16.5,75.0,3,hitl
237,2026-01-07 17:15,supplier_1,supplier,0,673.56,,,,,,,,,,,,,3,hitl
237,2026-01-07 17:15,farm_1,farm,1,,380.0,0.14,,,,,,,,,,,3,hitl
237,2026-01-07 17:15,slaughterhouse_1,slaughterhouse,1,,,,175.0,400.0,,,,,,,,,3,hitl
237,2026-01-07 17:15,wholesaler_1,wholesaler,1,,,,,,0.0,13.8,,,,,,,3,hitl
237,2026-01-07 17:15,retail_1,retail,1,,,,,,,,0.0,30.0,1.0,15.0,16.5,75.0,3,hitl
238,2026-01-07 17:30,supplier_1,supplier,0,672.24,,,,,,,,,,,,,3,hitl
238,2026-01-07 17:30,farm_1,farm,1,,380.0,0.14,,,,,,,,,,,3,hitl
238,2026-01-07 17:30,slaughterhouse_1,slaughterhouse,1,,,,175.0,400.0,,,,,,,,,3,hitl
238,2026-01-07 17:30,wholesaler_1,wholesaler,1,,,,,,0.0,13.8,,,,,,,3,hitl
238,2026-01-07 17:30,retail_1,retail,1,,,,,,,,0.0,30.0,1.0,15.25,16.5,75.0,3,hitl
239,2026-01-07 17:45,supplier_1,supplier,0,671.73,,,,,,,,,,,,,3,hitl
239,2026-01-07 17:45,farm_1,farm,1,,380.0,0.14,,,,,,,,,,,3,hitl
239,2026-01-07 17:45,slaughterhouse_1,slaughterhouse,1,,,,175.0,400.0,,,,,,,,,3,hitl
239,2026-01-07 17:45,wholesaler_1,wholesaler,1,,,,,,0.0,13.8,,,,,,,3,hitl
239,2026-01-07 17:45,retail_1,retail,1,,,,,,,,0.0,30.0,1.0,15.5,16.5,75.0,3,hitl
240,2026-01-07 18:00,supplier_1,supplier,0,670.82,,,,,,,,,,,,,3,hitl
240,2026-01-07 18:00,farm_1,farm,1,,380.0,0.14,,,,,,,,,,,3,hitl
240,2026-01-07 18:00,slaughterhouse_1,slaughterhouse,1,,,,175.0,395.68,,,,,,,,,3,hitl
240,2026-01-07 18:00,wholesaler_1,wholesaler,1,,,,,,0.0,13.8,,,,,,,3,hitl
240,2026-01-07 18:00,retail_1,retail,1,,,,,,,,0.0,30.0,1.0,15.75,16.5,75.0,3,hitl
241,2026-01-07 18:15,supplier_1,supplier,0,670.32,,,,,,,,,,,,,3,hitl
241,2026-01-07 18:15,farm_1,farm,1,,380.0,0.14,,,,,,,,,,,3,hitl
241,2026-01-07 18:15,slaughterhouse_1,slaughterhouse,1,,,,175.0,400.0,,,,,,,,,3,hitl
241,2026-01-07 18:15,wholesaler_1,wholesaler,1,,,,,,4.32,13.8,,,,,,,3,hitl
241,2026-01-07 18:15,retail_1,retail,1,,,,,,,,0.0,30.0,1.0,16.0,16.5,75.0,3,hitl
242,2026-01-07 18:30,supplier_1,supplier,0,669.17,,,,,,,,,,,,,3,hitl
242,2026-01-07 18:30,farm_1,farm,1,,380.0,0.14,,,,,,,,,,,3,hitl
242,2026-01-07 18:30,slaughterhouse_1,slaughterhouse,1,,,,175.0,400.0,,,,,,,,,3,hitl
242,2026-01-07 18:30,wholesaler_1,wholesaler,1,,,,,,2.79,13.8,,,,,,,3,hitl
242,2026-01-07 18:30,retail_1,retail,1,,,,,,,,0.0,30.0,1.0,16.25,16.5,75.0,3,hitl
243,2026-01-07 18:45,supplier_1,supplier,0,668.06,,,,,,,,,,,,,3,hitl
243,2026-01-07 18:45,farm_1,farm,1,,380.0,0.14,,,,,,,,,,,3,hitl
243,2026-01-07 18:45,slaughterhouse_1,slaughterhouse,1,,,,175.0,400.0,,,,,,,,,3,hitl
243,2026-01-07 18:45,wholesaler_1,wholesaler,1,,,,,,1.02,13.8,,,,,,,3,hitl
243,2026-01-07 18:45,retail_1,retail,1,,,,,,,,0.0,30.0,1.0,16.5,16.5,75.0,3,hitl
244,2026-01-07 19:00,supplier_1,supplier,0,667.44,,,,,,,,,,,,,3,hitl
244,2026-01-07 19:00,farm_1,farm,1,,380.0,0.14,,,,,,,,,,,3,hitl
244,2026-01-07 19:00,slaughterhouse_1,slaughterhouse,1,,,,175.0,400.0,,,,,,,,,3,hitl
244,2026-01-07 19:00,wholesaler_1,wholesaler,1,,,,,,0.0,13.8,,,,,,,3,hitl
244,2026-01-07 19:00,retail_1,retail,1,,,,,,,,0.0,30.0,1.0,16.75,16.5,75.0,3,hitl
245,2026-01-07 19:15,supplier_1,supplier,0,666.79,,,,,,,,,,,,,3,hitl
245,2026-01-07 19:15,farm_1,farm,1,,380.0,0.14,,,,,,,,,,,3,hitl
245,2026-01-07 19:15,slaughterhouse_1,slaughterhouse,1,,,,175.0,400.0,,,,,,,,,3,hitl
245,2026-01-07 19:15,wholesaler_1,wholesaler,1,,,,,,0.0,13.8,,,,,,,3,hitl
245,2026-01-07 19:15,retail_1,retail,1,,,,,,,,0.0,30.0,1.0,17.0,16.5,75.0,3,hitl
246,2026-01-07 19:30,supplier_1,supplier,0,666.12,,,,,,,,,,,,,3,hitl
246,2026-01-07 19:30,farm_1,farm,1,,380.0,0.14,,,,,,,,,,,3,hitl
246,2026-01-07 19:30,slaughterhouse_1,slaughterhouse,1,,,,175.0,400.0,,,,,,,,,3,hitl
246,2026-01-07 19:30,wholesaler_1,wholesaler,1,,,,,,0.0,13.8,,,,,,,3,hitl
246,2026-01-07 19:30,retail_1,retail,1,,,,,,,,0.0,30.0,1.0,17.25,16.5,75.0,3,hitl
247,2026-01-07 19:45,supplier_1,supplier,0,665.07,,,,,,,,,,,,,3,hitl
247,2026-01-07 19:45,farm_1,farm,1,,380.0,0.14,,,,,,,,,,,3,hitl
247,2026-01-07 19:45,slaughterhouse_1,slaughterhouse,1,,,,175.0,400.0,,,,,,,,,3,hitl
247,2026-01-07 19:45,wholesaler_1,wholesaler,1,,,,,,0.0,13.8,,,,,,,3,hitl
247,2026-01-07 19:45,retail_1,retail,1,,,,,,,,0.0,30.0,1.0,17.5,16.5,75.0,3,hitl
248,2026-01-07 20:00,supplier_1,supplier,0,663.92,,,,,,,,,,,,,3,hitl
248,2026-01-07 20:00,farm_1,farm,1,,380.0,0.14,,,,,,,,,,,3,hitl
248,2026-01-07 20:00,slaughterhouse_1,slaughterhouse,1,,,,175.0,395.68,,,,,,,,,3,hitl
248,2026-01-07 20:00,wholesaler_1,wholesaler,1,,,,,,0.0,13.8,,,,,,,3,hitl
248,2026-01-07 20:00,retail_1,retail,1,,,,,,,,0.0,30.0,1.0,17.75,16.5,75.0,3,hitl
249,2026-01-07 20:15,supplier_1,supplier,0,662.78,,,,,,,,,,,,,3,hitl
249,2026-01-07 20:15,farm_1,farm,1,,380.0,0.14,,,,,,,,,,,3,hitl
249,2026-01-07 20:15,slaughterhouse_1,slaughterhouse,1,,,,175.0,400.0,,,,,,,,,3,hitl
249,2026-01-07 20:15,wholesaler_1,wholesaler,1,,,,,,4.32,13.8,,,,,,,3,hitl
249,2026-01-07 20:15,retail_1,retail,1,,,,,,,,0.0,30.0,1.0,18.0,16.5,75.0,3,hitl
250,2026-01-07 20:30,supplier_1,supplier,0,661.57,,,,,,,,,,,,,3,hitl
250,2026-01-07 20:30,farm_1,farm,1,,380.0,0.14,,,,,,,,,,,3,hitl
250,2026-01-07 20:30,slaughterhouse_1,slaughterhouse,1,,,,175.0,400.0,,,,,,,,,3,hitl
250,2026-01-07 20:30,wholesaler_1,wholesaler,1,,,,,,2.28,13.8,,,,,,,3,hitl
250,2026-01-07 20:30,retail_1,retail,1,,,,,,,,0.0,30.0,1.0,18.25,16.5,75.0,3,hitl
251,2026-01-07 20:45,supplier_1,supplier,0,660.66,,,,,,,,,,,,,3,hitl
251,2026-01-07 20:45,farm_1,farm,1,,380.0,0.14,,,,,,,,,,,3,hitl
251,2026-01-07 20:45,slaughterhouse_1,slaughterhouse,1,,,,175.0,400.0,,,,,,,,,3,hitl
251,2026-01-07 20:45,wholesaler_1,wholesaler,1,,,,,,0.0,13.8,,,,,,,3,hitl
251,2026-01-07 20:45,retail_1,retail,1,,,,,,,,0.0,30.0,1.0,18.5,16.5,75.0,3,hitl
252,2026-01-07 21:00,supplier_1,supplier,0,659.93,,,,,,,,,,,,,3,hitl
252,2026-01-07 21:00,farm_1,farm,1,,380.0,0.14,,,,,,,,,,,3,hitl
252,2026-01-07 21:00,slaughterhouse_1,slaughterhouse,1,,,,175.0,400.0,,,,,,,,,3,hitl
252,2026-01-07 21:00,wholesaler_1,wholesaler,1,,,,,,0.0,13.8,,,,,,,3,hitl
252,2026-01-07 21:00,retail_1,retail,1,,,,,,,,0.0,30.0,1.0,18.75,16.5,75.0,3,hitl
253,2026-01-07 21:15,supplier_1,supplier,0,659.2,,,,,,,,,,,,,3,hitl
253,2026-01-07 21:15,farm_1,farm,1,,380.0,0.14,,,,,,,,,,,3,hitl
253,2026-01-07 21:15,slaughterhouse_1,slaughterhouse,1,,,,175.0,400.0,,,,,,,,,3,hitl
253,2026-01-07 21:15,wholesaler_1,wholesaler,1,,,,,,0.0,13.8,,,,,,,3,hitl
253,2026-01-07 21:15,retail_1,retail,1,,,,,,,,0.0,30.0,1.0,19.0,16.5,75.0,3,hitl
254,2026-01-07 21:30,supplier_1,supplier,0,658.0,,,,,,,,,,,,,3,hitl
254,2026-01-07 21:30,farm_1,farm,1,,380.0,0.14,,,,,,,,,,,3,hitl
254,2026-01-07 21:30,slaughterhouse_1,slaughterhouse,1,,,,175.0,400.0,,,,,,,,,3,hitl
254,2026-01-07 21:30,wholesaler_1,wholesaler,1,,,,,,0.0,13.8,,,,,,,3,hitl
254,2026-01-07 21:30,retail_1,retail,1,,,,,,,,0.0,30.0,1.0,19.25,16.5,75.0,3,hitl
255,2026-01-07 21:45,supplier_1,supplier,0,657.46,,,,,,,,,,,,,3,hitl
255,2026-01-07 21:45,farm_1,farm,1,,380.0,0.14,,,,,,,,,,,3,hitl
255,2026-01-07 21:45,slaughterhouse_1,slaughterhouse,1,,,,175.0,400.0,,,,,,,,,3,hitl
255,2026-01-07 21:45,wholesaler_1,wholesaler,1,,,,,,0.0,13.8,,,,,,,3,hitl
255,2026-01-07 21:45,retail_1,retail,1,,,,,,,,0.0,30.0,1.0,19.5,16.5,75.0,3,hitl
256,2026-01-07 22:00,supplier_1,supplier,0,656.08,,,,,,,,,,,,,3,hitl
256,2026-01-07 22:00,farm_1,farm,1,,380.0,0.14,,,,,,,,,,,3,hitl
256,2026-01-07 22:00,slaughterhouse_1,slaughterhouse,1,,,,175.0,395.68,,,,,,,,,3,hitl
256,2026-01-07 22:00,wholesaler_1,wholesaler,1,,,,,,0.0,13.8,,,,,,,3,hitl
256,2026-01-07 22:00,retail_1,retail,1,,,,,,,,0.0,30.0,1.0,19.75,16.5,75.0,3,hitl
257,2026-01-07 22:15,supplier_1,supplier,0,654.74,,,,,,,,,,,,,3,hitl
257,2026-01-07 22:15,farm_1,farm,1,,380.0,0.14,,,,,,,,,,,3,hitl
257,2026-01-07 22:15,slaughterhouse_1,slaughterhouse,1,,,,175.0,400.0,,,,,,,,,3,hitl
257,2026-01-07 22:15,wholesaler_1,wholesaler,1,,,,,,4.32,13.8,,,,,,,3,hitl
257,2026-01-07 22:15,retail_1,retail,1,,,,,,,,0.0,30.0,1.0,20.0,16.5,75.0,3,hitl
258,2026-01-07 22:30,supplier_1,supplier,0,653.52,,,,,,,,,,,,,3,hitl
258,2026-01-07 22:30,farm_1,farm,1,,380.0,0.14,,,,,,,,,,,3,hitl
258,2026-01-07 22:30,slaughterhouse_1,slaughterhouse,1,,,,175.0,400.0,,,,,,,,,3,hitl
258,2026-01-07 22:30,wholesaler_1,wholesaler,1,,,,,,2.67,13.8,,,,,,,3,hitl
258,2026-01-07 22:30,retail_1,retail,1,,,,,,,,0.0,30.0,1.0,20.25,16.5,75.0,3,hitl
259,2026-01-07 22:45,supplier_1,supplier,0,652.81,,,,,,,,,,,,,3,hitl
259,2026-01-07 22:45,farm_1,farm,1,,380.0,0.14,,,,,,,,,,,3,hitl
259,2026-01-07 22:45,slaughterhouse_1,slaughterhouse,1,,,,175.0,400.0,,,,,,,,,3,hitl
259,2026-01-07 22:45,wholesaler_1,wholesaler,1,,,,,,0.47,13.8,,,,,,,3,hitl
259,2026-01-07 22:45,retail_1,retail,1,,,,,,,,0.0,30.0,1.0,20.5,16.5,75.0,3,hitl
260,2026-01-07 23:00,supplier_1,supplier,0,652.2,,,,,,,,,,,,,3,hitl
260,2026-01-07 23:00,farm_1,farm,1,,380.0,0.14,,,,,,,,,,,3,hitl
260,2026-01-07 23:00,slaughterhouse_1,slaughterhouse,1,,,,175.0,400.0,,,,,,,,,3,hitl
260,2026-01-07 23:00,wholesaler_1,wholesaler,1,,,,,,0.0,13.8,,,,,,,3,hitl
260,2026-01-07 23:00,retail_1,retail,1,,,,,,,,0.0,30.0,1.0,20.75,16.5,75.0,3,hitl
261,2026-01-07 23:15,supplier_1,supplier,0,651.12,,,,,,,,,,,,,3,hitl
261,2026-01-07 23:15,farm_1,farm,1,,380.0,0.14,,,,,,,,,,,3,hitl
261,2026-01-07 23:15,slaughterhouse_1,slaughterhouse,1,,,,175.0,400.0,,,,,,,,,3,hitl
261,2026-01-07 23:15,wholesaler_1,wholesaler,1,,,,,,0.0,13.8,,,,,,,3,hitl
261,2026-01-07 23:15,retail_1,retail,1,,,,,,,,0.0,30.0,1.0,21.0,16.5,75.0,3,hitl
262,2026-01-07 23:30,supplier_1,supplier,0,650.49,,,,,,,,,,,,,3,hitl
262,2026-01-07 23:30,farm_1,farm,1,,380.0,0.14,,,,,,,,,,,3,hitl
262,2026-01-07 23:30,slaughterhouse_1,slaughterhouse,1,,,,175.0,400.0,,,,,,,,,3,hitl
262,2026-01-07 23:30,wholesaler_1,wholesaler,1,,,,,,0.0,13.8,,,,,,,3,hitl
262,2026-01-07 23:30,retail_1,retail,1,,,,,,,,0.0,30.0,1.0,21.25,16.5,75.0,3,hitl
263,2026-01-07 23:45,supplier_1,supplier,0,649.8,,,,,,,,,,,,,3,hitl
263,2026-01-07 23:45,farm_1,farm,1,,380.0,0.14,,,,,,,,,,,3,hitl
263,2026-01-07 23:45,slaughterhouse_1,slaughterhouse,1,,,,175.0,400.0,,,,,,,,,3,hitl
263,2026-01-07 23:45,wholesaler_1,wholesaler,1,,,,,,0.0,13.8,,,,,,,3,hitl
263,2026-01-07 23:45,retail_1,retail,1,,,,,,,,0.0,30.0,1.0,21.5,16.5,75.0,3,hitl
264,2026-01-08 00:00,supplier_1,supplier,0,648.44,,,,,,,,,,,,,3,hitl
264,2026-01-08 00:00,farm_1,farm,1,,380.0,0.14,,,,,,,,,,,3,hitl
264,2026-01-08 00:00,slaughterhouse_1,slaughterhouse,1,,,,175.0,395.68,,,,,,,,,3,hitl
264,2026-01-08 00:00,wholesaler_1,wholesaler,1,,,,,,0.0,13.8,,,,,,,3,hitl
264,2026-01-08 00:00,retail_1,retail,1,,,,,,,,0.0,30.0,1.0,21.75,16.5,75.0,3,hitl
265,2026-01-08 00:15,supplier_1,supplier,0,647.18,,,,,,,,,,,,,3,hitl
265,2026-01-08 00:15,farm_1,farm,1,,380.0,0.14,,,,,,,,,,,3,hitl
265,2026-01-08 00:15,slaughterhouse_1,slaughterhouse,1,,,,175.0,400.0,,,,,,,,,3,hitl
265,2026-01-08 00:15,wholesaler_1,wholesaler,1,,,,,,4.32,13.8,,,,,,,3,hitl
265,2026-01-08 00:15,retail_1,retail,1,,,,,,,,0.0,30.0,1.0,22.0,16.5,75.0,3,hitl
266,2026-01-08 00:30,supplier_1,supplier,0,645.95,,,,,,,,,,,,,3,hitl
266,2026-01-08 00:30,farm_1,farm,1,,380.0,0.14,,,,,,,,,,,3,hitl
266,2026-01-08 00:30,slaughterhouse_1,slaughterhouse,1,,,,175.0,400.0,,,,,,,,,3,hitl
266,2026-01-08 00:30,wholesaler_1,wholesaler,1,,,,,,2.08,13.8,,,,,,,3,hitl
266,2026-01-08 00:30,retail_1,retail,1,,,,,,,,0.0,30.0,1.0,22.25,16.5,75.0,3,hitl
267,2026-01-08 00:45,supplier_1,supplier,0,644.65,,,,,,,,,,,,,3,hitl
267,2026-01-08 00:45,farm_1,farm,1,,380.0,0.14,,,,,,,,,,,3,hitl
267,2026-01-08 00:45,slaughterhouse_1,slaughterhouse,1,,,,175.0,400.0,,,,,,,,,3,hitl
267,2026-01-08 00:45,wholesaler_1,wholesaler,1,,,,,,0.06,13.8,,,,,,,3,hitl
267,2026-01-08 00:45,retail_1,retail,1,,,,,,,,0.0,30.0,1.0,22.5,16.5,75.0,3,hitl
268,2026-01-08 01:00,supplier_1,supplier,0,643.68,,,,,,,,,,,,,3,hitl
268,2026-01-08 01:00,farm_1,farm,1,,380.0,0.14,,,,,,,,,,,3,hitl
268,2026-01-08 01:00,slaughterhouse_1,slaughterhouse,1,,,,175.0,400.0,,,,,,,,,3,hitl
268,2026-01-08 01:00,wholesaler_1,wholesaler,1,,,,,,0.0,13.8,,,,,,,3,hitl
268,2026-01-08 01:00,retail_1,retail,1,,,,,,,,0.0,30.0,1.0,22.75,16.5,75.0,3,hitl
269,2026-01-08 01:15,supplier_1,supplier,0,642.68,,,,,,,,,,,,,3,hitl
269,2026-01-08 01:15,farm_1,farm,1,,380.0,0.14,,,,,,,,,,,3,hitl
269,2026-01-08 01:15,slaughterhouse_1,slaughterhouse,1,,,,175.0,400.0,,,,,,,,,3,hitl
269,2026-01-08 01:15,wholesaler_1,wholesaler,1,,,,,,0.0,13.8,,,,,,,3,hitl
269,2026-01-08 01:15,retail_1,retail,1,,,,,,,,0.0,30.0,1.0,23.0,16.5,75.0,3,hitl
270,2026-01-08 01:30,supplier_1,supplier,0,641.49,,,,,,,,,,,,,3,hitl
270,2026-01-08 01:30,farm_1,farm,1,,380.0,0.14,,,,,,,,,,,3,hitl
270,2026-01-08 01:30,slaughterhouse_1,slaughterhouse,1,,,,175.0,400.0,,,,,,,,,3,hitl
270,2026-01-08 01:30,wholesaler_1,wholesaler,1,,,,,,0.0,13.8,,,,,,,3,hitl
270,2026-01-08 01:30,retail_1,retail,1,,,,,,,,0.0,30.0,1.0,23.25,16.5,75.0,3,hitl
271,2026-01-08 01:45,supplier_1,supplier,0,640.65,,,,,,,,,,,,,3,hitl
271,2026-01-08 01:45,farm_1,farm,1,,380.0,0.14,,,,,,,,,,,3,hitl
271,2026-01-08 01:45,slaughterhouse_1,slaughterhouse,1,,,,175.0,400.0,,,,,,,,,3,hitl
271,2026-01-08 01:45,wholesaler_1,wholesaler,1,,,,,,0.0,13.8,,,,,,,3,hitl
271,2026-01-08 01:45,retail_1,retail,1,,,,,,,,0.0,30.0,1.0,23.5,16.5,75.0,3,hitl
272,2026-01-08 02:00,supplier_1,supplier,0,640.08,,,,,,,,,,,,,3,hitl
272,2026-01-08 02:00,farm_1,farm,1,,380.0,0.14,,,,,,,,,,,3,hitl
272,2026-01-08 02:00,slaughterhouse_1,slaughterhouse,1,,,,175.0,395.68,,,,,,,,,3,hitl
272,2026-01-08 02:00,wholesaler_1,wholesaler,1,,,,,,0.0,13.8,,,,,,,3,hitl
272,2026-01-08 02:00,retail_1,retail,1,,,,,,,,0.0,30.0,1.0,23.75,16.5,75.0,3,hitl
273,2026-01-08 02:15,supplier_1,supplier,0,638.83,,,,,,,,,,,,,3,hitl
273,2026-01-08 02:15,farm_1,farm,1,,380.0,0.14,,,,,,,,,,,3,hitl
273,2026-01-08 02:15,slaughterhouse_1,slaughterhouse,1,,,,175.0,400.0,,,,,,,,,3,hitl
273,2026-01-08 02:15,wholesaler_1,wholesaler,1,,,,,,4.32,13.8,,,,,,,3,hitl
273,2026-01-08 02:15,retail_1,retail,1,,,,,,,,0.0,30.0,1.0,24.0,16.5,75.0,3,hitl
274,2026-01-08 02:30,supplier_1,supplier,0,637.53,,,,,,,,,,,,,3,hitl
274,2026-01-08 02:30,farm_1,farm,1,,380.0,0.14,,,,,,,,,,,3,hitl
274,2026-01-08 02:30,slaughterhouse_1,slaughterhouse,1,,,,175.0,400.0,,,,,,,,,3,hitl
274,2026-01-08 02:30,wholesaler_1,wholesaler,1,,,,,,2.16,13.8,,,,,,,3,hitl
274,2026-01-08 02:30,retail_1,retail,1,,,,,,,,0.0,30.0,1.0,24.25,16.5,75.0,3,hitl
275,2026-01-08 02:45,supplier_1,supplier,0,636.4,,,,,,,,,,,,,3,hitl
275,2026-01-08 02:45,farm_1,farm,1,,380.0,0.14,,,,,,,,,,,3,hitl
275,2026-01-08 02:45,slaughterhouse_1,slaughterhouse,1,,,,175.0,400.0,,,,,,,,,3,hitl
275,2026-01-08 02:45,wholesaler_1,wholesaler,1,,,,,,0.0,13.8,,,,,,,3,hitl
275,2026-01-08 02:45,retail_1,retail,1,,,,,,,,0.0,30.0,1.0,24.5,16.5,75.0,3,hitl
276,2026-01-08 03:00,supplier_1,supplier,0,635.31,,,,,,,,,,,,,3,hitl
276,2026-01-08 03:00,farm_1,farm,1,,380.0,0.14,,,,,,,,,,,3,hitl
276,2026-01-08 03:00,slaughterhouse_1,slaughterhouse,1,,,,175.0,400.0,,,,,,,,,3,hitl
276,2026-01-08 03:00,wholesaler_1,wholesaler,1,,,,,,0.0,13.8,,,,,,,3,hitl
276,2026-01-08 03:00,retail_1,retail,1,,,,,,,,0.0,30.0,1.0,24.75,16.5,75.0,3,hitl
277,2026-01-08 03:15,supplier_1,supplier,0,634.47,,,,,,,,,,,,,3,hitl
277,2026-01-08 03:15,farm_1,farm,1,,380.0,0.14,,,,,,,,,,,3,hitl
277,2026-01-08 03:15,slaughterhouse_1,slaughterhouse,1,,,,175.0,400.0,,,,,,,,,3,hitl
277,2026-01-08 03:15,wholesaler_1,wholesaler,1,,,,,,0.0,13.8,,,,,,,3,hitl
277,2026-01-08 03:15,retail_1,retail,1,,,,,,,,0.0,30.0,1.0,25.0,16.5,75.0,3,hitl
278,2026-01-08 03:30,supplier_1,supplier,0,633.53,,,,,,,,,,,,,3,hitl
278,2026-01-08 03:30,farm_1,farm,1,,380.0,0.14,,,,,,,,,,,3,hitl
278,2026-01-08 03:30,slaughterhouse_1,slaughterhouse,1,,,,175.0,400.0,,,,,,,,,3,hitl
278,2026-01-08 03:30,wholesaler_1,wholesaler,1,,,,,,0.0,13.8,,,,,,,3,hitl
278,2026-01-08 03:30,retail_1,retail,1,,,,,,,,0.0,30.0,1.0,25.25,16.5,75.0,3,hitl
279,2026-01-08 03:45,supplier_1,supplier,0,632.63,,,,,,,,,,,,,3,hitl
279,2026-01-08 03:45,farm_1,farm,1,,380.0,0.14,,,,,,,,,,,3,hitl
279,2026-01-08 03:45,slaughterhouse_1,slaughterhouse,1,,,,175.0,400.0,,,,,,,,,3,hitl
279,2026-01-08 03:45,wholesaler_1,wholesaler,1,,,,,,0.0,13.8,,,,,,,3,hitl
279,2026-01-08 03:45,retail_1,retail,1,,,,,,,,0.0,30.0,1.0,25.5,16.5,75.0,3,hitl
280,2026-01-08 04:00,supplier_1,supplier,0,631.85,,,,,,,,,,,,,3,hitl
280,2026-01-08 04:00,farm_1,farm,1,,380.0,0.14,,,,,,,,,,,3,hitl
280,2026-01-08 04:00,slaughterhouse_1,slaughterhouse,1,,,,175.0,395.68,,,,,,,,,3,hitl
280,2026-01-08 04:00,wholesaler_1,wholesaler,1,,,,,,0.0,13.8,,,,,,,3,hitl
280,2026-01-08 04:00,retail_1,retail,1,,,,,,,,0.0,30.0,1.0,25.75,16.5,75.0,3,hitl
281,2026-01-08 04:15,supplier_1,supplier,0,631.34,,,,,,,,,,,,,3,hitl
281,2026-01-08 04:15,farm_1,farm,1,,380.0,0.14,,,,,,,,,,,3,hitl
281,2026-01-08 04:15,slaughterhouse_1,slaughterhouse,1,,,,175.0,400.0,,,,,,,,,3,hitl
281,2026-01-08 04:15,wholesaler_1,wholesaler,1,,,,,,4.32,13.8,,,,,,,3,hitl
281,2026-01-08 04:15,retail_1,retail,1,,,,,,,,0.0,30.0,1.0,26.0,16.5,75.0,3,hitl
282,2026-01-08 04:30,supplier_1,supplier,0,630.46,,,,,,,,,,,,,3,hitl
282,2026-01-08 04:30,farm_1,farm,1,,380.0,0.14,,,,,,,,,,,3,hitl
282,2026-01-08 04:30,slaughterhouse_1,slaughterhouse,1,,,,175.0,400.0,,,,,,,,,3,hitl
282,2026-01-08 04:30,wholesaler_1,wholesaler,1,,,,,,2.56,13.8,,,,,,,3,hitl
282,2026-01-08 04:30,retail_1,retail,1,,,,,,,,0.0,30.0,1.0,26.25,16.5,75.0,3,hitl
283,2026-01-08 04:45,supplier_1,supplier,0,629.6,,,,,,,,,,,,,3,hitl
283,2026-01-08 04:45,farm_1,farm,1,,380.0,0.14,,,,,,,,,,,3,hitl
283,2026-01-08 04:45,slaughterhouse_1,slaughterhouse,1,,,,175.0,400.0,,,,,,,,,3,hitl
283,2026-01-08 04:45,wholesaler_1,wholesaler,1,,,,,,0.0,13.8,,,,,,,3,hitl
283,2026-01-08 04:45,retail_1,retail,1,,,,,,,,0.0,30.0,1.0,26.5,16.5,75.0,3,hitl
284,2026-01-08 05:00,supplier_1,supplier,0,628.46,,,,,,,,,,,,,3,hitl
284,2026-01-08 05:00,farm_1,farm,1,,380.0,0.14,,,,,,,,,,,3,hitl
284,2026-01-08 05:00,slaughterhouse_1,slaughterhouse,1,,,,175.0,400.0,,,,,,,,,3,hitl
284,2026-01-08 05:00,wholesaler_1,wholesaler,1,,,,,,0.0,13.8,,,,,,,3,hitl
284,2026-01-08 05:00,retail_1,retail,1,,,,,,,,0.0,30.0,1.0,26.75,16.5,75.0,3,hitl
285,2026-01-08 05:15,supplier_1,supplier,0,627.49,,,,,,,,,,,,,3,hitl
285,2026-01-08 05:15,farm_1,farm,1,,380.0,0.14,,,,,,,,,,,3,hitl
285,2026-01-08 05:15,slaughterhouse_1,slaughterhouse,1,,,,175.0,400.0,,,,,,,,,3,hitl
285,2026-01-08 05:15,wholesaler_1,wholesaler,1,,,,,,0.0,13.8,,,,,,,3,hitl
285,2026-01-08 05:15,retail_1,retail,1,,,,,,,,0.0,30.0,1.0,27.0,16.5,75.0,3,hitl
286,2026-01-08 05:30,supplier_1,supplier,0,626.72,,,,,,,,,,,,,3,hitl
286,2026-01-08 05:30,farm_1,farm,1,,380.0,0.14,,,,,,,,,,,3,hitl
286,2026-01-08 05:30,slaughterhouse_1,slaughterhouse,1,,,,175.0,400.0,,,,,,,,,3,hitl
286,2026-01-08 05:30,wholesaler_1,wholesaler,1,,,,,,0.0,13.8,,,,,,,3,hitl
286,2026-01-08 05:30,retail_1,retail,1,,,,,,,,0.0,30.0,1.0,27.25,16.5,75.0,3,hitl
287,2026-01-08 05:45,supplier_1,supplier,0,625.54,,,,,,,,,,,,,3,hitl
287,2026-01-08 05:45,farm_1,farm,1,,380.0,0.14,,,,,,,,,,,3,hitl
287,2026-01-08 05:45,slaughterhouse_1,slaughterhouse,1,,,,175.0,400.0,,,,,,,,,3,hitl
287,2026-01-08 05:45,wholesaler_1,wholesaler,1,,,,,,0.0,13.8,,,,,,,3,hitl
287,2026-01-08 05:45,retail_1,retail,1,,,,,,,,0.0,30.0,1.0,27.5,16.5,75.0,3,hitl
288,2026-01-08 06:00,supplier_1,supplier,0,624.31,,,,,,,,,,,,,3,hitl
288,2026-01-08 06:00,farm_1,farm,1,,380.0,0.14,,,,,,,,,,,3,hitl
288,2026-01-08 06:00,slaughterhouse_1,slaughterhouse,1,,,,175.0,395.68,,,,,,,,,3,hitl
288,2026-01-08 06:00,wholesaler_1,wholesaler,1,,,,,,0.0,13.8,,,,,,,3,hitl
288,2026-01-08 06:00,retail_1,retail,1,,,,,,,,0.0,30.0,1.0,27.75,16.5,75.0,3,hitl
289,2026-01-08 06:15,supplier_1,supplier,0,622.9,,,,,,,,,,,,,3,hitl
289,2026-01-08 06:15,farm_1,farm,1,,380.0,0.14,,,,,,,,,,,3,hitl
289,2026-01-08 06:15,slaughterhouse_1,slaughterhouse,1,,,,175.0,400.0,,,,,,,,,3,hitl
289,2026-01-08 06:15,wholesaler_1,wholesaler,1,,,,,,4.32,13.8,,,,,,,3,hitl
289,2026-01-08 06:15,retail_1,retail,1,,,,,,,,0.0,30.0,1.0,28.0,16.5,75.0,3,hitl
290,2026-01-08 06:30,supplier_1,supplier,0,622.4,,,,,,,,,,,,,3,hitl
290,2026-01-08 06:30,farm_1,farm,1,,380.0,0.14,,,,,,,,,,,3,hitl
290,2026-01-08 06:30,slaughterhouse_1,slaughterhouse,1,,,,175.0,400.0,,,,,,,,,3,hitl
290,2026-01-08 06:30,wholesaler_1,wholesaler,1,,,,,,2.31,13.8,,,,,,,3,hitl
290,2026-01-08 06:30,retail_1,retail,1,,,,,,,,0.0,30.0,1.0,28.25,16.5,75.0,3,hitl
291,2026-01-08 06:45,supplier_1,supplier,0,620.99,,,,,,,,,,,,,3,hitl
291,2026-01-08 06:45,farm_1,farm,1,,380.0,0.14,,,,,,,,,,,3,hitl
291,2026-01-08 06:45,slaughterhouse_1,slaughterhouse,1,,,,175.0,400.0,,,,,,,,,3,hitl
291,2026-01-08 06:45,wholesaler_1,wholesaler,1,,,,,,0.72,13.8,,,,,,,3,hitl
291,2026-01-08 06:45,retail_1,retail,1,,,,,,,,0.0,30.0,1.0,28.5,16.5,75.0,3,hitl
292,2026-01-08 07:00,supplier_1,supplier,0,619.54,,,,,,,,,,,,,3,hitl
292,2026-01-08 07:00,farm_1,farm,1,,380.0,0.14,,,,,,,,,,,3,hitl
292,2026-01-08 07:00,slaughterhouse_1,slaughterhouse,1,,,,175.0,400.0,,,,,,,,,3,hitl
292,2026-01-08 07:00,wholesaler_1,wholesaler,1,,,,,,0.0,13.8,,,,,,,3,hitl
292,2026-01-08 07:00,retail_1,retail,1,,,,,,,,0.0,30.0,1.0,28.75,16.5,75.0,3,hitl
293,2026-01-08 07:15,supplier_1,supplier,0,618.48,,,,,,,,,,,,,3,hitl
293,2026-01-08 07:15,farm_1,farm,1,,380.0,0.14,,,,,,,,,,,3,hitl
293,2026-01-08 07:15,slaughterhouse_1,slaughterhouse,1,,,,175.0,400.0,,,,,,,,,3,hitl
293,2026-01-08 07:15,wholesaler_1,wholesaler,1,,,,,,0.0,13.8,,,,,,,3,hitl
293,2026-01-08 07:15,retail_1,retail,1,,,,,,,,0.0,30.0,1.0,29.0,16.5,75.0,3,hitl
294,2026-01-08 07:30,supplier_1,supplier,0,617.79,,,,,,,,,,,,,3,hitl
294,2026-01-08 07:30,farm_1,farm,1,,380.0,0.14,,,,,,,,,,,3,hitl
294,2026-01-08 07:30,slaughterhouse_1,slaughterhouse,1,,,,175.0,400.0,,,,,,,,,3,hitl
294,2026-01-08 07:30,wholesaler_1,wholesaler,1,,,,,,0.0,13.8,,,,,,,3,hitl
294,2026-01-08 07:30,retail_1,retail,1,,,,,,,,0.0,30.0,1.0,29.25,16.5,75.0,3,hitl
295,2026-01-08 07:45,supplier_1,supplier,0,616.86,,,,,,,,,,,,,3,hitl
295,2026-01-08 07:45,farm_1,farm,1,,380.0,0.14,,,,,,,,,,,3,hitl
295,2026-01-08 07:45,slaughterhouse_1,slaughterhouse,1,,,,175.0,400.0,,,,,,,,,3,hitl
295,2026-01-08 07:45,wholesaler_1,wholesaler,1,,,,,,0.0,13.8,,,,,,,3,hitl
295,2026-01-08 07:45,retail_1,retail,1,,,,,,,,0.0,30.0,1.0,29.5,16.5,75.0,3,hitl
296,2026-01-08 08:00,supplier_1,supplier,0,615.74,,,,,,,,,,,,,3,hitl
296,2026-01-08 08:00,farm_1,farm,1,,380.0,0.14,,,,,,,,,,,3,hitl
296,2026-01-08 08:00,slaughterhouse_1,slaughterhouse,1,,,,175.0,395.68,,,,,,,,,3,hitl
296,2026-01-08 08:00,wholesaler_1,wholesaler,1,,,,,,0.0,13.8,,,,,,,3,hitl
296,2026-01-08 08:00,retail_1,retail,1,,,,,,,,0.0,30.0,1.0,29.75,16.5,75.0,3,hitl
297,2026-01-08 08:15,supplier_1,supplier,0,614.73,,,,,,,,,,,,,3,hitl
297,2026-01-08 08:15,farm_1,farm,1,,380.0,0.14,,,,,,,,,,,3,hitl
297,2026-01-08 08:15,slaughterhouse_1,slaughterhouse,1,,,,175.0,400.0,,,,,,,,,3,hitl
297,2026-01-08 08:15,wholesaler_1,wholesaler,1,,,,,,4.32,13.8,,,,,,,3,hitl
297,2026-01-08 08:15,retail_1,retail,1,,,,,,,,0.0,30.0,1.0,30.0,16.5,75.0,3,hitl
298,2026-01-08 08:30,supplier_1,supplier,0,613.29,,,,,,,,,,,,,3,hitl
298,2026-01-08 08:30,farm_1,farm,1,,380.0,0.14,,,,,,,,,,,3,hitl
298,2026-01-08 08:30,slaughterhouse_1,slaughterhouse,1,,,,175.0,400.0,,,,,,,,,3,hitl
298,2026-01-08 08:30,wholesaler_1,wholesaler,1,,,,,,2.51,13.8,,,,,,,3,hitl
298,2026-01-08 08:30,retail_1,retail,1,,,,,,,,0.0,30.0,1.0,30.25,16.5,75.0,3,hitl
299,2026-01-08 08:45,supplier_1,supplier,0,612.73,,,,,,,,,,,,,3,hitl
299,2026-01-08 08:45,farm_1,farm,1,,380.0,0.14,,,,,,,,,,,3,hitl
299,2026-01-08 08:45,slaughterhouse_1,slaughterhouse,1,,,,175.0,400.0,,,,,,,,,3,hitl
299,2026-01-08 08:45,wholesaler_1,wholesaler,1,,,,,,0.3,13.8,,,,,,,3,hitl
299,2026-01-08 08:45,retail_1,retail,1,,,,,,,,0.0,30.0,1.0,30.5,16.5,75.0,3,hitl
300,2026-01-08 09:00,supplier_1,supplier,0,611.75,,,,,,,,,,,,,3,hitl
300,2026-01-08 09:00,farm_1,farm,1,,380.0,0.14,,,,,,,,,,,3,hitl
300,2026-01-08 09:00,slaughterhouse_1,slaughterhouse,1,,,,175.0,400.0,,,,,,,,,3,hitl
300,2026-01-08 09:00,wholesaler_1,wholesaler,1,,,,,,0.0,13.8,,,,,,,3,hitl
300,2026-01-08 09:00,retail_1,retail,1,,,,,,,,0.0,30.0,1.0,30.75,16.5,75.0,3,hitl
301,2026-01-08 09:15,supplier_1,supplier,0,610.74,,,,,,,,,,,,,3,hitl
301,2026-01-08 09:15,farm_1,farm,1,,380.0,0.14,,,,,,,,,,,3,hitl
301,2026-01-08 09:15,slaughterhouse_1,slaughterhouse,1,,,,175.0,400.0,,,,,,,,,3,hitl
301,2026-01-08 09:15,wholesaler_1,wholesaler,1,,,,,,0.0,13.8,,,,,,,3,hitl
301,2026-01-08 09:15,retail_1,retail,1,,,,,,,,0.0,30.0,1.0,31.0,16.5,75.0,3,hitl
302,2026-01-08 09:30,supplier_1,supplier,0,609.6,,,,,,,,,,,,,3,hitl
302,2026-01-08 09:30,farm_1,farm,1,,380.0,0.14,,,,,,,,,,,3,hitl
302,2026-01-08 09:30,slaughterhouse_1,slaughterhouse,1,,,,175.0,400.0,,,,,,,,,3,hitl
302,2026-01-08 09:30,wholesaler_1,wholesaler,1,,,,,,0.0,13.8,,,,,,,3,hitl
302,2026-01-08 09:30,retail_1,retail,1,,,,,,,,0.0,30.0,1.0,31.25,16.5,75.0,3,hitl
303,2026-01-08 09:45,supplier_1,supplier,0,608.3,,,,,,,,,,,,,3,hitl
303,2026-01-08 09:45,farm_1,farm,1,,380.0,0.14,,,,,,,,,,,3,hitl
303,2026-01-08 09:45,slaughterhouse_1,slaughterhouse,1,,,,175.0,400.0,,,,,,,,,3,hitl
303,2026-01-08 09:45,wholesaler_1,wholesaler,1,,,,,,0.0,13.8,,,,,,,3,hitl
303,2026-01-08 09:45,retail_1,retail,1,,,,,,,,0.0,30.0,1.0,31.5,16.5,75.0,3,hitl
304,2026-01-08 10:00,supplier_1,supplier,0,607.59,,,,,,,,,,,,,3,hitl
304,2026-01-08 10:00,farm_1,farm,1,,380.0,0.14,,,,,,,,,,,3,hitl
304,2026-01-08 10:00,slaughterhouse_1,slaughterhouse,1,,,,175.0,395.68,,,,,,,,,3,hitl
304,2026-01-08 10:00,wholesaler_1,wholesaler,1,,,,,,0.0,13.8,,,,,,,3,hitl
304,2026-01-08 10:00,retail_1,retail,1,,,,,,,,0.0,30.0,1.0,31.75,16.5,75.0,3,hitl
305,2026-01-08 10:15,supplier_1,supplier,0,607.04,,,,,,,,,,,,,3,hitl
305,2026-01-08 10:15,farm_1,farm,1,,380.0,0.14,,,,,,,,,,,3,hitl
305,2026-01-08 10:15,slaughterhouse_1,slaughterhouse,1,,,,175.0,400.0,,,,,,,,,3,hitl
305,2026-01-08 10:15,wholesaler_1,wholesaler,1,,,,,,4.32,13.8,,,,,,,3,hitl
305,2026-01-08 10:15,retail_1,retail,1,,,,,,,,0.0,30.0,1.0,32.0,16.5,75.0,3,hitl
306,2026-01-08 10:30,supplier_1,supplier,0,605.88,,,,,,,,,,,,,3,hitl
306,2026-01-08 10:30,farm_1,farm,1,,380.0,0.14,,,,,,,,,,,3,hitl
306,2026-01-08 10:30,slaughterhouse_1,slaughterhouse,1,,,,175.0,400.0,,,,,,,,,3,hitl
306,2026-01-08 10:30,wholesaler_1,wholesaler,1,,,,,,2.61,13.8,,,,,,,3,hitl
306,2026-01-08 10:30,retail_1,retail,1,,,,,,,,0.0,30.0,1.0,32.25,16.5,75.0,3,hitl
307,2026-01-08 10:45,supplier_1,supplier,0,605.24,,,,,,,,,,,,,3,hitl
307,2026-01-08 10:45,farm_1,farm,1,,380.0,0.14,,,,,,,,,,,3,hitl
307,2026-01-08 10:45,slaughterhouse_1,slaughterhouse,1,,,,175.0,400.0,,,,,,,,,3,hitl
307,2026-01-08 10:45,wholesaler_1,wholesaler,1,,,,,,0.02,13.8,,,,,,,3,hitl
307,2026-01-08 10:45,retail_1,retail,1,,,,,,,,0.0,30.0,1.0,32.5,16.5,75.0,3,hitl
308,2026-01-08 11:00,supplier_1,supplier,0,604.67,,,,,,,,,,,,,3,hitl
308,2026-01-08 11:00,farm_1,farm,1,,380.0,0.14,,,,,,,,,,,3,hitl
308,2026-01-08 11:00,slaughterhouse_1,slaughterhouse,1,,,,175.0,400.0,,,,,,,,,3,hitl
308,2026-01-08 11:00,wholesaler_1,wholesaler,1,,,,,,0.0,13.8,,,,,,,3,hitl
308,2026-01-08 11:00,retail_1,retail,1,,,,,,,,0.0,30.0,1.0,32.75,16.5,75.0,3,hitl
309,2026-01-08 11:15,supplier_1,supplier,0,603.2,,,,,,,,,,,,,3,hitl
309,2026-01-08 11:15,farm_1,farm,1,,380.0,0.14,,,,,,,,,,,3,hitl
309,2026-01-08 11:15,slaughterhouse_1,slaughterhouse,1,,,,175.0,400.0,,,,,,,,,3,hitl
309,2026-01-08 11:15,wholesaler_1,wholesaler,1,,,,,,0.0,13.8,,,,,,,3,hitl
309,2026-01-08 11:15,retail_1,retail,1,,,,,,,,0.0,30.0,1.0,33.0,16.5,75.0,3,hitl
310,2026-01-08 11:30,supplier_1,supplier,0,602.58,,,,,,,,,,,,,3,hitl
310,2026-01-08 11:30,farm_1,farm,1,,380.0,0.14,,,,,,,,,,,3,hitl
310,2026-01-08 11:30,slaughterhouse_1,slaughterhouse,1,,,,175.0,400.0,,,,,,,,,3,hitl
310,2026-01-08 11:30,wholesaler_1,wholesaler,1,,,,,,0.0,13.8,,,,,,,3,hitl
310,2026-01-08 11:30,retail_1,retail,1,,,,,,,,0.0,30.0,1.0,33.25,16.5,75.0,3,hitl
311,2026-01-08 11:45,supplier_1,supplier,0,601.6,,,,,,,,,,,,,3,hitl
311,2026-01-08 11:45,farm_1,farm,1,,380.0,0.14,,,,,,,,,,,3,hitl
311,2026-01-08 11:45,slaughterhouse_1,slaughterhouse,1,,,,175.0,400.0,,,,,,,,,3,hitl
311,2026-01-08 11:45,wholesaler_1,wholesaler,1,,,,,,0.0,13.8,,,,,,,3,hitl
311,2026-01-08 11:45,retail_1,retail,1,,,,,,,,0.0,30.0,1.0,33.5,16.5,75.0,3,hitl
312,2026-01-08 12:00,supplier_1,supplier,0,600.18,,,,,,,,,,,,,3,hitl
312,2026-01-08 12:00,farm_1,farm,0,,620.0,0.035,,,,,,,,,,,3,hitl
312,2026-01-08 12:00,slaughterhouse_1,slaughterhouse,1,,,,175.0,395.68,,,,,,,,,3,hitl
312,2026-01-08 12:00,wholesaler_1,wholesaler,1,,,,,,0.0,13.8,,,,,,,3,hitl
312,2026-01-08 12:00,retail_1,retail,1,,,,,,,,0.0,30.0,1.0,33.75,16.5,75.0,3,hitl
313,2026-01-08 12:15,supplier_1,supplier,0,599.26,,,,,,,,,,,,,3,hitl
313,2026-01-08 12:15,farm_1,farm,0,,620.0,0.035,,,,,,,,,,,3,hitl
313,2026-01-08 12:15,slaughterhouse_1,slaughterhouse,1,,,,175.0,400.0,,,,,,,,,3,hitl
313,2026-01-08 12:15,wholesaler_1,wholesaler,1,,,,,,4.32,13.8,,,,,,,3,hitl
313,2026-01-08 12:15,retail_1,retail,1,,,,,,,,0.0,30.0,1.0,34.0,16.5,75.0,3,hitl
314,2026-01-08 12:30,supplier_1,supplier,0,598.74,,,,,,,,,,,,,3,hitl
314,2026-01-08 12:30,farm_1,farm,0,,620.0,0.035,,,,,,,,,,,3,hitl
314,2026-01-08 12:30,slaughterhouse_1,slaughterhouse,1,,,,175.0,400.0,,,,,,,,,3,hitl
314,2026-01-08 12:30,wholesaler_1,wholesaler,1,,,,,,1.56,13.8,,,,,,,3,hitl
314,2026-01-08 12:30,retail_1,retail,1,,,,,,,,0.0,30.0,1.0,34.25,16.5,75.0,3,hitl
315,2026-01-08 12:45,supplier_1,supplier,0,597.35,,,,,,,,,,,,,3,hitl
315,2026-01-08 12:45,farm_1,farm,0,,620.0,0.035,,,,,,,,,,,3,hitl
315,2026-01-08 12:45,slaughterhouse_1,slaughterhouse,1,,,,175.0,400.0,,,,,,,,,3,hitl
315,2026-01-08 12:45,wholesaler_1,wholesaler,1,,,,,,0.0,13.8,,,,,,,3,hitl
315,2026-01-08 12:45,retail_1,retail,1,,,,,,,,0.0,30.0,1.0,34.5,16.5,75.0,3,hitl
316,2026-01-08 13:00,supplier_1,supplier,0,596.49,,,,,,,,,,,,,3,hitl
316,2026-01-08 13:00,farm_1,farm,0,,620.0,0.035,,,,,,,,,,,3,hitl
316,2026-01-08 13:00,slaughterhouse_1,slaughterhouse,1,,,,175.0,400.0,,,,,,,,,3,hitl
316,2026-01-08 13:00,wholesaler_1,wholesaler,1,,,,,,0.0,13.8,,,,,,,3,hitl
316,2026-01-08 13:00,retail_1,retail,1,,,,,,,,0.0,30.0,1.0,34.75,16.5,75.0,3,hitl
317,2026-01-08 13:15,supplier_1,supplier,0,595.64,,,,,,,,,,,,,3,hitl
317,2026-01-08 13:15,farm_1,farm,0,,620.0,0.035,,,,,,,,,,,3,hitl
317,2026-01-08 13:15,slaughterhouse_1,slaughterhouse,1,,,,175.0,400.0,,,,,,,,,3,hitl
317,2026-01-08 13:15,wholesaler_1,wholesaler,1,,,,,,0.0,13.8,,,,,,,3,hitl
317,2026-01-08 13:15,retail_1,retail,1,,,,,,,,0.0,30.0,1.0,35.0,16.5,75.0,3,hitl
318,2026-01-08 13:30,supplier_1,supplier,0,594.84,,,,,,,,,,,,,3,hitl
318,2026-01-08 13:30,farm_1,farm,0,,620.0,0.035,,,,,,,,,,,3,hitl
318,2026-01-08 13:30,slaughterhouse_1,slaughterhouse,1,,,,175.0,400.0,,,,,,,,,3,hitl
318,2026-01-08 13:30,wholesaler_1,wholesaler,1,,,,,,0.0,13.8,,,,,,,3,hitl
318,2026-01-08 13:30,retail_1,retail,1,,,,,,,,0.0,30.0,1.0,35.25,16.5,75.0,3,hitl
319,2026-01-08 13:45,supplier_1,supplier,0,593.73,,,,,,,,,,,,,3,hitl
319,2026-01-08 13:45,farm_1,farm,0,,620.0,0.035,,,,,,,,,,,3,hitl
319,2026-01-08 13:45,slaughterhouse_1,slaughterhouse,1,,,,175.0,400.0,,,,,,,,,3,hitl
319,2026-01-08 13:45,wholesaler_1,wholesaler,1,,,,,,0.0,13.8,,,,,,,3,hitl
319,2026-01-08 13:45,retail_1,retail,1,,,,,,,,0.0,30.0,1.0,35.5,16.5,75.0,3,hitl
320,2026-01-08 14:00,supplier_1,supplier,0,593.15,,,,,,,,,,,,,3,hitl
320,2026-01-08 14:00,farm_1,farm,0,,620.0,0.035,,,,,,,,,,,3,hitl
320,2026-01-08 14:00,slaughterhouse_1,slaughterhouse,1,,,,175.0,395.68,,,,,,,,,3,hitl
320,2026-01-08 14:00,wholesaler_1,wholesaler,1,,,,,,0.0,13.8,,,,,,,3,hitl
320,2026-01-08 14:00,retail_1,retail,1,,,,,,,,0.0,30.0,1.0,35.75,16.5,75.0,3,hitl
321,2026-01-08 14:15,supplier_1,supplier,0,591.77,,,,,,,,,,,,,3,hitl
321,2026-01-08 14:15,farm_1,farm,0,,620.0,0.035,,,,,,,,,,,3,hitl
321,2026-01-08 14:15,slaughterhouse_1,slaughterhouse,1,,,,175.0,400.0,,,,,,,,,3,hitl
321,2026-01-08 14:15,wholesaler_1,wholesaler,1,,,,,,4.32,13.8,,,,,,,3,hitl
321,2026-01-08 14:15,retail_1,retail,1,,,,,,,,0.0,30.0,1.0,36.0,16.5,75.0,3,hitl
322,2026-01-08 14:30,supplier_1,supplier,0,591.18,,,,,,,,,,,,,3,hitl
322,2026-01-08 14:30,farm_1,farm,0,,620.0,0.035,,,,,,,,,,,3,hitl
322,2026-01-08 14:30,slaughterhouse_1,slaughterhouse,1,,,,175.0,400.0,,,,,,,,,3,hitl
322,2026-01-08 14:30,wholesaler_1,wholesaler,1,,,,,,1.72,13.8,,,,,,,3,hitl
322,2026-01-08 14:30,retail_1,retail,1,,,,,,,,0.0,30.0,1.0,36.25,16.5,75.0,3,hitl
323,2026-01-08 14:45,supplier_1,supplier,0,589.99,,,,,,,,,,,,,3,hitl
323,2026-01-08 14:45,farm_1,farm,0,,620.0,0.035,,,,,,,,,,,3,hitl
323,2026-01-08 14:45,slaughterhouse_1,slaughterhouse,1,,,,175.0,400.0,,,,,,,,,3,hitl
323,2026-01-08 14:45,wholesaler_1,wholesaler,1,,,,,,0.0,13.8,,,,,,,3,hitl
323,2026-01-08 14:45,retail_1,retail,1,,,,,,,,0.0,30.0,1.0,36.5,16.5,75.0,3,hitl
324,2026-01-08 15:00,supplier_1,supplier,0,589.12,,,,,,,,,,,,,3,hitl
324,2026-01-08 15:00,farm_1,farm,1,,620.0,0.035,,,,,,,,,,,3,hitl
324,2026-01-08 15:00,slaughterhouse_1,slaughterhouse,1,,,,175.0,400.0,,,,,,,,,3,hitl
324,2026-01-08 15:00,wholesaler_1,wholesaler,1,,,,,,0.0,13.8,,,,,,,3,hitl
324,2026-01-08 15:00,retail_1,retail,1,,,,,,,,0.0,30.0,1.0,36.75,16.5,75.0,3,hitl
325,2026-01-08 15:15,supplier_1,supplier,0,587.66,,,,,,,,,,,,,3,hitl
325,2026-01-08 15:15,farm_1,farm,1,,620.0,0.035,,,,,,,,,,,3,hitl
325,2026-01-08 15:15,slaughterhouse_1,slaughterhouse,1,,,,175.0,400.0,,,,,,,,,3,hitl
325,2026-01-08 15:15,wholesaler_1,wholesaler,1,,,,,,0.0,13.8,,,,,,,3,hitl
325,2026-01-08 15:15,retail_1,retail,1,,,,,,,,0.0,30.0,1.0,37.0,16.5,75.0,3,hitl
326,2026-01-08 15:30,supplier_1,supplier,0,586.55,,,,,,,,,,,,,3,hitl
326,2026-01-08 15:30,farm_1,farm,1,,620.0,0.035,,,,,,,,,,,3,hitl
326,2026-01-08 15:30,slaughterhouse_1,slaughterhouse,1,,,,175.0,400.0,,,,,,,,,3,hitl
326,2026-01-08 15:30,wholesaler_1,wholesaler,1,,,,,,0.0,13.8,,,,,,,3,hitl
326,2026-01-08 15:30,retail_1,retail,1,,,,,,,,0.0,30.0,1.0,37.25,16.5,75.0,3,hitl
327,2026-01-08 15:45,supplier_1,supplier,0,585.22,,,,,,,,,,,,,3,hitl
327,2026-01-08 15:45,farm_1,farm,1,,620.0,0.035,,,,,,,,,,,3,hitl
327,2026-01-08 15:45,slaughterhouse_1,slaughterhouse,1,,,,175.0,400.0,,,,,,,,,3,hitl
327,2026-01-08 15:45,wholesaler_1,wholesaler,1,,,,,,0.0,13.8,,,,,,,3,hitl
327,2026-01-08 15:45,retail_1,retail,1,,,,,,,,0.0,30.0,1.0,37.5,16.5,75.0,3,hitl
328,2026-01-08 16:00,supplier_1,supplier,0,584.33,,,,,,,,,,,,,3,hitl
328,2026-01-08 16:00,farm_1,farm,1,,620.0,0.035,,,,,,,,,,,3,hitl
328,2026-01-08 16:00,slaughterhouse_1,slaughterhouse,1,,,,175.0,395.68,,,,,,,,,3,hitl
328,2026-01-08 16:00,wholesaler_1,wholesaler,1,,,,,,0.0,13.8,,,,,,,3,hitl
328,2026-01-08 16:00,retail_1,retail,1,,,,,,,,0.0,30.0,1.0,37.75,16.5,75.0,3,hitl
329,2026-01-08 16:15,supplier_1,supplier,0,583.68,,,,,,,,,,,,,3,hitl
329,2026-01-08 16:15,farm_1,farm,1,,620.0,0.035,,,,,,,,,,,3,hitl
329,2026-01-08 16:15,slaughterhouse_1,slaughterhouse,1,,,,175.0,400.0,,,,,,,,,3,hitl
329,2026-01-08 16:15,wholesaler_1,wholesaler,1,,,,,,4.32,13.8,,,,,,,3,hitl
329,2026-01-08 16:15,retail_1,retail,1,,,,,,,,0.0,30.0,1.0,38.0,16.5,75.0,3,hitl
330,2026-01-08 16:30,supplier_1,supplier,0,583.05,,,,,,,,,,,,,3,hitl
330,2026-01-08 16:30,farm_1,farm,1,,620.0,0.035,,,,,,,,,,,3,hitl
330,2026-01-08 16:30,slaughterhouse_1,slaughterhouse,1,,,,175.0,400.0,,,,,,,,,3,hitl
330,2026-01-08 16:30,wholesaler_1,wholesaler,1,,,,,,2.4,13.8,,,,,,,3,hitl
330,2026-01-08 16:30,retail_1,retail,1,,,,,,,,0.0,30.0,1.0,38.25,16.5,75.0,3,hitl
331,2026-01-08 16:45,supplier_1,supplier,0,581.91,,,,,,,,,,,,,3,hitl
331,2026-01-08 16:45,farm_1,farm,1,,620.0,0.035,,,,,,,,,,,3,hitl
331,2026-01-08 16:45,slaughterhouse_1,slaughterhouse,1,,,,175.0,400.0,,,,,,,,,3,hitl
331,2026-01-08 16:45,wholesaler_1,wholesaler,1,,,,,,0.0,13.8,,,,,,,3,hitl
331,2026-01-08 16:45,retail_1,retail,1,,,,,,,,0.0,30.0,1.0,38.5,16.5,75.0,3,hitl
332,2026-01-08 17:00,supplier_1,supplier,0,581.38,,,,,,,,,,,,,3,hitl
332,2026-01-08 17:00,farm_1,farm,1,,620.0,0.035,,,,,,,,,,,3,hitl
332,2026-01-08 17:00,slaughterhouse_1,slaughterhouse,1,,,,175.0,400.0,,,,,,,,,3,hitl
332,2026-01-08 17:00,wholesaler_1,wholesaler,1,,,,,,0.0,13.8,,,,,,,3,hitl
332,2026-01-08 17:00,retail_1,retail,1,,,,,,,,0.0,30.0,1.0,38.75,16.5,75.0,3,hitl
333,2026-01-08 17:15,supplier_1,supplier,0,580.85,,,,,,,,,,,,,3,hitl
333,2026-01-08 17:15,farm_1,farm,1,,620.0,0.035,,,,,,,,,,,3,hitl
333,2026-01-08 17:15,slaughterhouse_1,slaughterhouse,1,,,,175.0,400.0,,,,,,,,,3,hitl
333,2026-01-08 17:15,wholesaler_1,wholesaler,1,,,,,,0.0,13.8,,,,,,,3,hitl
333,2026-01-08 17:15,retail_1,retail,1,,,,,,,,0.0,30.0,1.0,39.0,16.5,75.0,3,hitl
334,2026-01-08 17:30,supplier_1,supplier,0,579.75,,,,,,,,,,,,,3,hitl
334,2026-01-08 17:30,farm_1,farm,1,,620.0,0.035,,,,,,,,,,,3,hitl
334,2026-01-08 17:30,slaughterhouse_1,slaughterhouse,1,,,,175.0,400.0,,,,,,,,,3,hitl
334,2026-01-08 17:30,wholesaler_1,wholesaler,1,,,,,,0.0,13.8,,,,,,,3,hitl
334,2026-01-08 17:30,retail_1,retail,1,,,,,,,,0.0,30.0,1.0,39.25,16.5,75.0,3,hitl
335,2026-01-08 17:45,supplier_1,supplier,0,578.65,,,,,,,,,,,,,3,hitl
335,2026-01-08 17:45,farm_1,farm,1,,620.0,0.035,,,,,,,,,,,3,hitl
335,2026-01-08 17:45,slaughterhouse_1,slaughterhouse,1,,,,175.0,400.0,,,,,,,,,3,hitl
335,2026-01-08 17:45,wholesaler_1,wholesaler,1,,,,,,0.0,13.8,,,,,,,3,hitl
335,2026-01-08 17:45,retail_1,retail,1,,,,,,,,0.0,30.0,1.0,39.5,16.5,75.0,3,hitl
336,2026-01-08 18:00,supplier_1,supplier,0,577.56,,,,,,,,,,,,,3,hitl
336,2026-01-08 18:00,farm_1,farm,1,,620.0,0.035,,,,,,,,,,,3,hitl
336,2026-01-08 18:00,slaughterhouse_1,slaughterhouse,1,,,,175.0,395.68,,,,,,,,,3,hitl
336,2026-01-08 18:00,wholesaler_1,wholesaler,1,,,,,,0.0,13.8,,,,,,,3,hitl
336,2026-01-08 18:00,retail_1,retail,1,,,,,,,,0.0,30.0,1.0,39.75,16.5,75.0,3,hitl
337,2026-01-08 18:15,supplier_1,supplier,0,576.59,,,,,,,,,,,,,3,hitl
337,2026-01-08 18:15,farm_1,farm,1,,620.0,0.035,,,,,,,,,,,3,hitl
337,2026-01-08 18:15,slaughterhouse_1,slaughterhouse,1,,,,175.0,400.0,,,,,,,,,3,hitl
337,2026-01-08 18:15,wholesaler_1,wholesaler,1,,,,,,4.32,13.8,,,,,,,3,hitl
337,2026-01-08 18:15,retail_1,retail,1,,,,,,,,0.0,30.0,1.0,40.0,16.5,75.0,3,hitl
338,2026-01-08 18:30,supplier_1,supplier,0,575.84,,,,,,,,,,,,,3,hitl
338,2026-01-08 18:30,farm_1,farm,1,,620.0,0.035,,,,,,,,,,,3,hitl
338,2026-01-08 18:30,slaughterhouse_1,slaughterhouse,1,,,,175.0,400.0,,,,,,,,,3,hitl
338,2026-01-08 18:30,wholesaler_1,wholesaler,1,,,,,,2.44,13.8,,,,,,,3,hitl
338,2026-01-08 18:30,retail_1,retail,1,,,,,,,,0.0,30.0,1.0,40.25,16.5,75.0,3,hitl
339,2026-01-08 18:45,supplier_1,supplier,0,574.92,,,,,,,,,,,,,3,hitl
339,2026-01-08 18:45,farm_1,farm,1,,620.0,0.035,,,,,,,,,,,3,hitl
339,2026-01-08 18:45,slaughterhouse_1,slaughterhouse,1,,,,175.0,400.0,,,,,,,,,3,hitl
339,2026-01-08 18:45,wholesaler_1,wholesaler,1,,,,,,0.0,13.8,,,,,,,3,hitl
339,2026-01-08 18:45,retail_1,retail,1,,,,,,,,0.0,30.0,1.0,40.5,16.5,75.0,3,hitl
340,2026-01-08 19:00,supplier_1,supplier,0,574.09,,,,,,,,,,,,,3,hitl
340,2026-01-08 19:00,farm_1,farm,1,,620.0,0.035,,,,,,,,,,,3,hitl
340,2026-01-08 19:00,slaughterhouse_1,slaughterhouse,1,,,,175.0,400.0,,,,,,,,,3,hitl
340,2026-01-08 19:00,wholesaler_1,wholesaler,1,,,,,,0.0,13.8,,,,,,,3,hitl
340,2026-01-08 19:00,retail_1,retail,1,,,,,,,,0.0,30.0,1.0,40.75,16.5,75.0,3,hitl
341,2026-01-08 19:15,supplier_1,supplier,0,572.8,,,,,,,,,,,,,3,hitl
341,2026-01-08 19:15,farm_1,farm,1,,620.0,0.035,,,,,,,,,,,3,hitl
341,2026-01-08 19:15,slaughterhouse_1,slaughterhouse,1,,,,175.0,400.0,,,,,,,,,3,hitl
341,2026-01-08 19:15,wholesaler_1,wholesaler,1,,,,,,0.0,13.8,,,,,,,3,hitl
341,2026-01-08 19:15,retail_1,retail,1,,,,,,,,0.0,30.0,1.0,41.0,16.5,75.0,3,hitl
342,2026-01-08 19:30,supplier_1,supplier,0,571.9,,,,,,,,,,,,,3,hitl
342,2026-01-08 19:30,farm_1,farm,1,,620.0,0.035,,,,,,,,,,,3,hitl
342,2026-01-08 19:30,slaughterhouse_1,slaughterhouse,1,,,,175.0,400.0,,,,,,,,,3,hitl
342,2026-01-08 19:30,wholesaler_1,wholesaler,1,,,,,,0.0,13.8,,,,,,,3,hitl
342,2026-01-08 19:30,retail_1,retail,1,,,,,,,,0.0,30.0,1.0,41.25,16.5,75.0,3,hitl
343,2026-01-08 19:45,supplier_1,supplier,0,570.66,,,,,,,,,,,,,3,hitl
343,2026-01-08 19:45,farm_1,farm,1,,620.0,0.035,,,,,,,,,,,3,hitl
343,2026-01-08 19:45,slaughterhouse_1,slaughterhouse,1,,,,175.0,400.0,,,,,,,,,3,hitl
343,2026-01-08 19:45,wholesaler_1,wholesaler,1,,,,,,0.0,13.8,,,,,,,3,hitl
343,2026-01-08 19:45,retail_1,retail,1,,,,,,,,0.0,30.0,1.0,41.5,16.5,75.0,3,hitl
344,2026-01-08 20:00,supplier_1,supplier,0,569.55,,,,,,,,,,,,,3,hitl
344,2026-01-08 20:00,farm_1,farm,1,,620.0,0.035,,,,,,,,,,,3,hitl
344,2026-01-08 20:00,slaughterhouse_1,slaughterhouse,1,,,,175.0,395.68,,,,,,,,,3,hitl
344,2026-01-08 20:00,wholesaler_1,wholesaler,1,,,,,,0.0,13.8,,,,,,,3,hitl
344,2026-01-08 20:00,retail_1,retail,1,,,,,,,,0.0,30.0,1.0,41.75,16.5,75.0,3,hitl
345,2026-01-08 20:15,supplier_1,supplier,0,568.73,,,,,,,,,,,,,3,hitl
345,2026-01-08 20:15,farm_1,farm,1,,620.0,0.035,,,,,,,,,,,3,hitl
345,2026-01-08 20:15,slaughterhouse_1,slaughterhouse,1,,,,175.0,400.0,,,,,,,,,3,hitl
345,2026-01-08 20:15,wholesaler_1,wholesaler,1,,,,,,4.32,13.8,,,,,,,3,hitl
345,2026-01-08 20:15,retail_1,retail,1,,,,,,,,0.0,30.0,1.0,42.0,16.5,75.0,3,hitl
346,2026-01-08 20:30,supplier_1,supplier,0,567.65,,,,,,,,,,,,,3,hitl
346,2026-01-08 20:30,farm_1,farm,1,,620.0,0.035,,,,,,,,,,,3,hitl
346,2026-01-08 20:30,slaughterhouse_1,slaughterhouse,1,,,,175.0,400.0,,,,,,,,,3,hitl
346,2026-01-08 20:30,wholesaler_1,wholesaler,1,,,,,,2.27,13.8,,,,,,,3,hitl
346,2026-01-08 20:30,retail_1,retail,1,,,,,,,,0.0,30.0,1.0,42.25,16.5,75.0,3,hitl
347,2026-01-08 20:45,supplier_1,supplier,0,566.41,,,,,,,,,,,,,3,hitl
347,2026-01-08 20:45,farm_1,farm,1,,620.0,0.035,,,,,,,,,,,3,hitl
347,2026-01-08 20:45,slaughterhouse_1,slaughterhouse,1,,,,175.0,400.0,,,,,,,,,3,hitl
347,2026-01-08 20:45,wholesaler_1,wholesaler,1,,,,,,0.75,13.8,,,,,,,3,hitl
347,2026-01-08 20:45,retail_1,retail,1,,,,,,,,0.0,30.0,1.0,42.5,16.5,75.0,3,hitl
348,2026-01-08 21:00,supplier_1,supplier,0,565.01,,,,,,,,,,,,,3,hitl
348,2026-01-08 21:00,farm_1,farm,1,,620.0,0.035,,,,,,,,,,,3,hitl
348,2026-01-08 21:00,slaughterhouse_1,slaughterhouse,1,,,,175.0,400.0,,,,,,,,,3,hitl
348,2026-01-08 21:00,wholesaler_1,wholesaler,1,,,,,,0.0,13.8,,,,,,,3,hitl
348,2026-01-08 21:00,retail_1,retail,1,,,,,,,,0.0,30.0,1.0,42.75,16.5,75.0,3,hitl
349,2026-01-08 21:15,supplier_1,supplier,0,563.51,,,,,,,,,,,,,3,hitl
349,2026-01-08 21:15,farm_1,farm,1,,620.0,0.035,,,,,,,,,,,3,hitl
349,2026-01-08 21:15,slaughterhouse_1,slaughterhouse,1,,,,175.0,400.0,,,,,,,,,3,hitl
349,2026-01-08 21:15,wholesaler_1,wholesaler,1,,,,,,0.0,13.8,,,,,,,3,hitl
349,2026-01-08 21:15,retail_1,retail,1,,,,,,,,0.0,30.0,1.0,43.0,16.5,75.0,3,hitl
350,2026-01-08 21:30,supplier_1,supplier,0,562.28,,,,,,,,,,,,,3,hitl
350,2026-01-08 21:30,farm_1,farm,1,,620.0,0.035,,,,,,,,,,,3,hitl
350,2026-01-08 21:30,slaughterhouse_1,slaughterhouse,1,,,,175.0,400.0,,,,,,,,,3,hitl
350,2026-01-08 21:30,wholesaler_1,wholesaler,1,,,,,,0.0,13.8,,,,,,,3,hitl
350,2026-01-08 21:30,retail_1,retail,1,,,,,,,,0.0,30.0,1.0,43.25,16.5,75.0,3,hitl
351,2026-01-08 21:45,supplier_1,supplier,0,561.36,,,,,,,,,,,,,3,hitl
351,2026-01-08 21:45,farm_1,farm,1,,620.0,0.035,,,,,,,,,,,3,hitl
351,2026-01-08 21:45,slaughterhouse_1,slaughterhouse,1,,,,175.0,400.0,,,,,,,,,3,hitl
351,2026-01-08 21:45,wholesaler_1,wholesaler,1,,,,,,0.0,13.8,,,,,,,3,hitl
351,2026-01-08 21:45,retail_1,retail,1,,,,,,,,0.0,30.0,1.0,43.5,16.5,75.0,3,hitl
352,2026-01-08 22:00,supplier_1,supplier,0,560.69,,,,,,,,,,,,,3,hitl
352,2026-01-08 22:00,farm_1,farm,1,,620.0,0.035,,,,,,,,,,,3,hitl
352,2026-01-08 22:00,slaughterhouse_1,slaughterhouse,1,,,,175.0,395.68,,,,,,,,,3,hitl
352,2026-01-08 22:00,wholesaler_1,wholesaler,1,,,,,,0.0,13.8,,,,,,,3,hitl
352,2026-01-08 22:00,retail_1,retail,1,,,,,,,,0.0,30.0,1.0,43.75,16.5,75.0,3,hitl
353,2026-01-08 22:15,supplier_1,supplier,0,559.35,,,,,,,,,,,,,3,hitl
353,2026-01-08 22:15,farm_1,farm,1,,620.0,0.035,,,,,,,,,,,3,hitl
353,2026-01-08 22:15,slaughterhouse_1,slaughterhouse,1,,,,175.0,400.0,,,,,,,,,3,hitl
353,2026-01-08 22:15,wholesaler_1,wholesaler,1,,,,,,4.32,13.8,,,,,,,3,hitl
353,2026-01-08 22:15,retail_1,retail,1,,,,,,,,0.0,30.0,1.0,44.0,16.5,75.0,3,hitl
354,2026-01-08 22:30,supplier_1,supplier,0,558.2,,,,,,,,,,,,,3,hitl
354,2026-01-08 22:30,farm_1,farm,1,,620.0,0.035,,,,,,,,,,,3,hitl
354,2026-01-08 22:30,slaughterhouse_1,slaughterhouse,1,,,,175.0,400.0,,,,,,,,,3,hitl
354,2026-01-08 22:30,wholesaler_1,wholesaler,1,,,,,,2.14,13.8,,,,,,,3,hitl
354,2026-01-08 22:30,retail_1,retail,1,,,,,,,,0.0,30.0,1.0,44.25,16.5,75.0,3,hitl
355,2026-01-08 22:45,supplier_1,supplier,0,557.23,,,,,,,,,,,,,3,hitl
355,2026-01-08 22:45,farm_1,farm,1,,620.0,0.035,,,,,,,,,,,3,hitl
355,2026-01-08 22:45,slaughterhouse_1,slaughterhouse,1,,,,175.0,400.0,,,,,,,,,3,hitl
355,2026-01-08 22:45,wholesaler_1,wholesaler,1,,,,,,0.5,13.8,,,,,,,3,hitl
355,2026-01-08 22:45,retail_1,retail,1,,,,,,,,0.0,30.0,1.0,44.5,16.5,75.0,3,hitl
356,2026-01-08 23:00,supplier_1,supplier,0,556.41,,,,,,,,,,,,,3,hitl
356,2026-01-08 23:00,farm_1,farm,1,,620.0,0.035,,,,,,,,,,,3,hitl
356,2026-01-08 23:00,slaughterhouse_1,slaughterhouse,1,,,,175.0,400.0,,,,,,,,,3,hitl
356,2026-01-08 23:00,wholesaler_1,wholesaler,1,,,,,,0.0,13.8,,,,,,,3,hitl
356,2026-01-08 23:00,retail_1,retail,1,,,,,,,,0.0,30.0,1.0,44.75,16.5,75.0,3,hitl
357,2026-01-08 23:15,supplier_1,supplier,0,555.4,,,,,,,,,,,,,3,hitl
357,2026-01-08 23:15,farm_1,farm,1,,620.0,0.035,,,,,,,,,,,3,hitl
357,2026-01-08 23:15,slaughterhouse_1,slaughterhouse,1,,,,175.0,400.0,,,,,,,,,3,hitl
357,2026-01-08 23:15,wholesaler_1,wholesaler,1,,,,,,0.0,13.8,,,,,,,3,hitl
357,2026-01-08 23:15,retail_1,retail,1,,,,,,,,0.0,30.0,1.0,45.0,16.5,75.0,3,hitl
358,2026-01-08 23:30,supplier_1,supplier,0,554.11,,,,,,,,,,,,,3,hitl
358,2026-01-08 23:30,farm_1,farm,1,,620.0,0.035,,,,,,,,,,,3,hitl
358,2026-01-08 23:30,slaughterhouse_1,slaughterhouse,1,,,,175.0,400.0,,,,,,,,,3,hitl
358,2026-01-08 23:30,wholesaler_1,wholesaler,1,,,,,,0.0,13.8,,,,,,,3,hitl
358,2026-01-08 23:30,retail_1,retail,1,,,,,,,,0.0,30.0,1.0,45.25,16.5,75.0,3,hitl
359,2026-01-08 23:45,supplier_1,supplier,0,553.61,,,,,,,,,,,,,3,hitl
359,2026-01-08 23:45,farm_1,farm,1,,620.0,0.035,,,,,,,,,,,3,hitl
359,2026-01-08 23:45,slaughterhouse_1,slaughterhouse,1,,,,175.0,400.0,,,,,,,,,3,hitl
359,2026-01-08 23:45,wholesaler_1,wholesaler,1,,,,,,0.0,13.8,,,,,,,3,hitl
359,2026-01-08 23:45,retail_1,retail,1,,,,,,,,0.0,30.0,1.0,45.5,16.5,75.0,3,hitl
360,2026-01-09 00:00,supplier_1,supplier,0,552.19,,,,,,,,,,,,,3,hitl
360,2026-01-09 00:00,farm_1,farm,0,,620.0,0.035,,,,,,,,,,,3,hitl
360,2026-01-09 00:00,slaughterhouse_1,slaughterhouse,0,,,,372.0,227.3665,,,,,,,,,3,hitl
360,2026-01-09 00:00,wholesaler_1,wholesaler,1,,,,,,0.0,6.9,,,,,,,3,hitl
360,2026-01-09 00:00,retail_1,retail,1,,,,,,,,0.0,33.0,1.0,45.75,16.5,105.0,3,hitl
361,2026-01-09 00:15,supplier_1,supplier,0,551.02,,,,,,,,,,,,,3,hitl
361,2026-01-09 00:15,farm_1,farm,0,,620.0,0.035,,,,,,,,,,,3,hitl
361,2026-01-09 00:15,slaughterhouse_1,slaughterhouse,0,,,,372.0,238.31,,,,,,,,,3,hitl
361,2026-01-09 00:15,wholesaler_1,wholesaler,1,,,,,,24.0,6.9,,,,,,,3,hitl
361,2026-01-09 00:15,retail_1,retail,1,,,,,,,,0.0,33.0,1.0,46.0,16.5,105.0,3,hitl
362,2026-01-09 00:30,supplier_1,supplier,0,550.31,,,,,,,,,,,,,3,hitl
362,2026-01-09 00:30,farm_1,farm,0,,620.0,0.035,,,,,,,,,,,3,hitl
362,2026-01-09 00:30,slaughterhouse_1,slaughterhouse,0,,,,372.0,248.13,,,,,,,,,3,hitl
362,2026-01-09 00:30,wholesaler_1,wholesaler,1,,,,,,21.05,6.9,,,,,,,3,hitl
362,2026-01-09 00:30,retail_1,retail,1,,,,,,,,0.0,33.0,1.0,46.25,16.5,105.0,3,hitl
363,2026-01-09 00:45,supplier_1,supplier,0,549.77,,,,,,,,,,,,,3,hitl
363,2026-01-09 00:45,farm_1,farm,0,,620.0,0.035,,,,,,,,,,,3,hitl
363,2026-01-09 00:45,slaughterhouse_1,slaughterhouse,0,,,,372.0,258.45,,,,,,,,,3,hitl
363,2026-01-09 00:45,wholesaler_1,wholesaler,1,,,,,,18.15,6.9,,,,,,,3,hitl
363,2026-01-09 00:45,retail_1,retail,1,,,,,,,,0.0,33.0,1.0,46.5,16.5,105.0,3,hitl
364,2026-01-09 01:00,supplier_1,supplier,0,548.76,,,,,,,,,,,,,3,hitl
364,2026-01-09 01:00,farm_1,farm,0,,620.0,0.035,,,,,,,,,,,3,hitl
364,2026-01-09 01:00,slaughterhouse_1,slaughterhouse,0,,,,372.0,269.36,,,,,,,,,3,hitl
364,2026-01-09 01:00,wholesaler_1,wholesaler,1,,,,,,15.18,6.9,,,,,,,3,hitl
364,2026-01-09 01:00,retail_1,retail,1,,,,,,,,0.0,33.0,1.0,46.75,16.5,105.0,3,hitl
365,2026-01-09 01:15,supplier_1,supplier,0,547.54,,,,,,,,,,,,,3,hitl
365,2026-01-09 01:15,farm_1,farm,0,,620.0,0.035,,,,,,,,,,,3,hitl
365,2026-01-09 01:15,slaughterhouse_1,slaughterhouse,0,,,,372.0,280.25,,,,,,,,,3,hitl
365,2026-01-09 01:15,wholesaler_1,wholesaler,1,,,,,,13.14,6.9,,,,,,,3,hitl
365,2026-01-09 01:15,retail_1,retail,1,,,,,,,,0.0,33.0,1.0,47.0,16.5,105.0,3,hitl
366,2026-01-09 01:30,supplier_1,supplier,0,547.01,,,,,,,,,,,,,3,hitl
366,2026-01-09 01:30,farm_1,farm,0,,620.0,0.035,,,,,,,,,,,3,hitl
366,2026-01-09 01:30,slaughterhouse_1,slaughterhouse,0,,,,372.0,290.89,,,,,,,,,3,hitl
366,2026-01-09 01:30,wholesaler_1,wholesaler,1,,,,,,10.5,6.9,,,,,,,3,hitl
366,2026-01-09 01:30,retail_1,retail,1,,,,,,,,0.0,33.0,1.0,47.25,16.5,105.0,3,hitl
367,2026-01-09 01:45,supplier_1,supplier,0,546.49,,,,,,,,,,,,,3,hitl
367,2026-01-09 01:45,farm_1,farm,0,,620.0,0.035,,,,,,,,,,,3,hitl
367,2026-01-09 01:45,slaughterhouse_1,slaughterhouse,0,,,,372.0,301.74,,,,,,,,,3,hitl
367,2026-01-09 01:45,wholesaler_1,wholesaler,1,,,,,,8.48,6.9,,,,,,,3,hitl
367,2026-01-09 01:45,retail_1,retail,1,,,,,,,,0.0,33.0,1.0,47.5,16.5,105.0,3,hitl
368,2026-01-09 02:00,supplier_1,supplier,0,545.12,,,,,,,,,,,,,3,hitl
368,2026-01-09 02:00,farm_1,farm,0,,620.0,0.035,,,,,,,,,,,3,hitl
368,2026-01-09 02:00,slaughterhouse_1,slaughterhouse,0,,,,372.0,287.46,,,,,,,,,3,hitl
368,2026-01-09 02:00,wholesaler_1,wholesaler,1,,,,,,5.62,6.9,,,,,,,3,hitl
368,2026-01-09 02:00,retail_1,retail,1,,,,,,,,0.0,33.0,1.0,47.75,16.5,105.0,3,hitl
369,2026-01-09 02:15,supplier_1,supplier,0,544.14,,,,,,,,,,,,,3,hitl
369,2026-01-09 02:15,farm_1,farm,0,,620.0,0.035,,,,,,,,,,,3,hitl
369,2026-01-09 02:15,slaughterhouse_1,slaughterhouse,0,,,,372.0,298.52,,,,,,,,,3,hitl
369,2026-01-09 02:15,wholesaler_1,wholesaler,1,,,,,,27.74,6.9,,,,,,,3,hitl
369,2026-01-09 02:15,retail_1,retail,1,,,,,,,,0.0,33.0,1.0,48.0,16.5,105.0,3,hitl
370,2026-01-09 02:30,supplier_1,supplier,0,543.18,,,,,,,,,,,,,3,hitl
370,2026-01-09 02:30,farm_1,farm,0,,620.0,0.035,,,,,,,,,,,3,hitl
370,2026-01-09 02:30,slaughterhouse_1,slaughterhouse,0,,,,372.0,308.45,,,,,,,,,3,hitl
370,2026-01-09 02:30,wholesaler_1,wholesaler,1,,,,,,26.12,6.9,,,,,,,3,hitl
370,2026-01-09 02:30,retail_1,retail,1,,,,,,,,0.0,33.0,1.0,48.25,16.5,105.0,3,hitl
371,2026-01-09 02:45,supplier_1,supplier,0,542.25,,,,,,,,,,,,,3,hitl
371,2026-01-09 02:45,farm_1,farm,0,,620.0,0.035,,,,,,,,,,,3,hitl
371,2026-01-09 02:45,slaughterhouse_1,slaughterhouse,0,,,,372.0,318.2,,,,,,,,,3,hitl
371,2026-01-09 02:45,wholesaler_1,wholesaler,1,,,,,,24.1,6.9,,,,,,,3,hitl
371,2026-01-09 02:45,retail_1,retail,1,,,,,,,,0.0,33.0,1.0,48.5,16.5,105.0,3,hitl
372,2026-01-09 03:00,supplier_1,supplier,0,540.99,,,,,,,,,,,,,3,hitl
372,2026-01-09 03:00,farm_1,farm,0,,620.0,0.035,,,,,,,,,,,3,hitl
372,2026-01-09 03:00,slaughterhouse_1,slaughterhouse,0,,,,372.0,328.88,,,,,,,,,3,hitl
372,2026-01-09 03:00,wholesaler_1,wholesaler,1,,,,,,21.68,6.9,,,,,,,3,hitl
372,2026-01-09 03:00,retail_1,retail,1,,,,,,,,0.0,33.0,1.0,48.75,16.5,105.0,3,hitl
373,2026-01-09 03:15,supplier_1,supplier,0,539.84,,,,,,,,,,,,,3,hitl
373,2026-01-09 03:15,farm_1,farm,0,,620.0,0.035,,,,,,,,,,,3,hitl
373,2026-01-09 03:15,slaughterhouse_1,slaughterhouse,0,,,,372.0,339.7,,,,,,,,,3,hitl
373,2026-01-09 03:15,wholesaler_1,wholesaler,1,,,,,,19.45,6.9,,,,,,,3,hitl
373,2026-01-09 03:15,retail_1,retail,1,,,,,,,,0.0,33.0,1.0,49.0,16.5,105.0,3,hitl
374,2026-01-09 03:30,supplier_1,supplier,0,538.98,,,,,,,,,,,,,3,hitl
374,2026-01-09 03:30,farm_1,farm,0,,620.0,0.035,,,,,,,,,,,3,hitl
374,2026-01-09 03:30,slaughterhouse_1,slaughterhouse,0,,,,372.0,350.15,,,,,,,,,3,hitl
374,2026-01-09 03:30,wholesaler_1,wholesaler,1,,,,,,16.68,6.9,,,,,,,3,hitl
374,2026-01-09 03:30,retail_1,retail,1,,,,,,,,0.0,33.0,1.0,49.25,16.5,105.0,3,hitl
375,2026-01-09 03:45,supplier_1,supplier,0,538.15,,,,,,,,,,,,,3,hitl
375,2026-01-09 03:45,farm_1,farm,0,,620.0,0.035,,,,,,,,,,,3,hitl
375,2026-01-09 03:45,slaughterhouse_1,slaughterhouse,0,,,,372.0,360.09,,,,,,,,,3,hitl
375,2026-01-09 03:45,wholesaler_1,wholesaler,1,,,,,,14.09,6.9,,,,,,,3,hitl
375,2026-01-09 03:45,retail_1,retail,1,,,,,,,,0.0,33.0,1.0,49.5,16.5,105.0,3,hitl
376,2026-01-09 04:00,supplier_1,supplier,0,537.33,,,,,,,,,,,,,3,hitl
376,2026-01-09 04:00,farm_1,farm,0,,620.0,0.035,,,,,,,,,,,3,hitl
376,2026-01-09 04:00,slaughterhouse_1,slaughterhouse,0,,,,372.0,347.0,,,,,,,,,3,hitl
376,2026-01-09 04:00,wholesaler_1,wholesaler,1,,,,,,11.6,6.9,,,,,,,3,hitl
376,2026-01-09 04:00,retail_1,retail,1,,,,,,,,0.0,33.0,1.0,49.75,16.5,105.0,3,hitl
377,2026-01-09 04:15,supplier_1,supplier,0,535.99,,,,,,,,,,,,,3,hitl
377,2026-01-09 04:15,farm_1,farm,0,,620.0,0.035,,,,,,,,,,,3,hitl
377,2026-01-09 04:15,slaughterhouse_1,slaughterhouse,0,,,,372.0,357.07,,,,,,,,,3,hitl
377,2026-01-09 04:15,wholesaler_1,wholesaler,1,,,,,,32.69,6.9,,,,,,,3,hitl
377,2026-01-09 04:15,retail_1,retail,1,,,,,,,,0.0,33.0,1.0,50.0,16.5,105.0,3,hitl
378,2026-01-09 04:30,supplier_1,supplier,0,535.01,,,,,,,,,,,,,3,hitl
378,2026-01-09 04:30,farm_1,farm,0,,620.0,0.035,,,,,,,,,,,3,hitl
378,2026-01-09 04:30,slaughterhouse_1,slaughterhouse,0,,,,372.0,367.35,,,,,,,,,3,hitl
378,2026-01-09 04:30,wholesaler_1,wholesaler,1,,,,,,31.18,6.9,,,,,,,3,hitl
378,2026-01-09 04:30,retail_1,retail,1,,,,,,,,0.0,33.0,1.0,50.25,16.5,105.0,3,hitl
379,2026-01-09 04:45,supplier_1,supplier,0,534.48,,,,,,,,,,,,,3,hitl
379,2026-01-09 04:45,farm_1,farm,0,,620.0,0.035,,,,,,,,,,,3,hitl
379,2026-01-09 04:45,slaughterhouse_1,slaughterhouse,0,,,,372.0,377.02,,,,,,,,,3,hitl
379,2026-01-09 04:45,wholesaler_1,wholesaler,1,,,,,,29.23,6.9,,,,,,,3,hitl
379,2026-01-09 04:45,retail_1,retail,1,,,,,,,,0.0,33.0,1.0,50.5,16.5,105.0,3,hitl
380,2026-01-09 05:00,supplier_1,supplier,0,533.03,,,,,,,,,,,,,3,hitl
380,2026-01-09 05:00,farm_1,farm,0,,620.0,0.035,,,,,,,,,,,3,hitl
380,2026-01-09 05:00,slaughterhouse_1,slaughterhouse,0,,,,372.0,386.7,,,,,,,,,3,hitl
380,2026-01-09 05:00,wholesaler_1,wholesaler,1,,,,,,27.08,6.9,,,,,,,3,hitl
380,2026-01-09 05:00,retail_1,retail,1,,,,,,,,0.0,33.0,1.0,50.75,16.5,105.0,3,hitl
381,2026-01-09 05:15,supplier_1,supplier,0,531.98,,,,,,,,,,,,,3,hitl
381,2026-01-09 05:15,farm_1,farm,0,,620.0,0.035,,,,,,,,,,,3,hitl
381,2026-01-09 05:15,slaughterhouse_1,slaughterhouse,0,,,,372.0,396.2,,,,,,,,,3,hitl
381,2026-01-09 05:15,wholesaler_1,wholesaler,1,,,,,,24.93,6.9,,,,,,,3,hitl
381,2026-01-09 05:15,retail_1,retail,1,,,,,,,,0.0,33.0,1.0,51.0,16.5,105.0,3,hitl
382,2026-01-09 05:30,supplier_1,supplier,0,531.32,,,,,,,,,,,,,3,hitl
382,2026-01-09 05:30,farm_1,farm,0,,620.0,0.035,,,,,,,,,,,3,hitl
382,2026-01-09 05:30,slaughterhouse_1,slaughterhouse,0,,,,372.0,400.0,,,,,,,,,3,hitl
382,2026-01-09 05:30,wholesaler_1,wholesaler,1,,,,,,23.09,6.9,,,,,,,3,hitl
382,2026-01-09 05:30,retail_1,retail,1,,,,,,,,0.0,33.0,1.0,51.25,16.5,105.0,3,hitl
383,2026-01-09 05:45,supplier_1,supplier,0,529.94,,,,,,,,,,,,,3,hitl
383,2026-01-09 05:45,farm_1,farm,0,,620.0,0.035,,,,,,,,,,,3,hitl
383,2026-01-09 05:45,slaughterhouse_1,slaughterhouse,0,,,,372.0,400.0,,,,,,,,,3,hitl
383,2026-01-09 05:45,wholesaler_1,wholesaler,1,,,,,,21.08,6.9,,,,,,,3,hitl
383,2026-01-09 05:45,retail_1,retail,1,,,,,,,,0.0,33.0,1.0,51.5,16.5,105.0,3,hitl
384,2026-01-09 06:00,supplier_1,supplier,0,528.46,,,,,,,,,,,,,3,hitl
384,2026-01-09 06:00,farm_1,farm,0,,620.0,0.035,,,,,,,,,,,3,hitl
384,2026-01-09 06:00,slaughterhouse_1,slaughterhouse,0,,,,372.0,376.0,,,,,,,,,3,hitl
384,2026-01-09 06:00,wholesaler_1,wholesaler,1,,,,,,18.8,6.9,,,,,,,3,hitl
384,2026-01-09 06:00,retail_1,retail,1,,,,,,,,0.0,33.0,1.0,51.75,16.5,105.0,3,hitl
385,2026-01-09 06:15,supplier_1,supplier,0,527.94,,,,,,,,,,,,,3,hitl
385,2026-01-09 06:15,farm_1,farm,0,,620.0,0.035,,,,,,,,,,,3,hitl
385,2026-01-09 06:15,slaughterhouse_1,slaughterhouse,0,,,,372.0,385.59,,,,,,,,,3,hitl
385,2026-01-09 06:15,wholesaler_1,wholesaler,1,,,,,,41.25,6.9,,,,,,,3,hitl
385,2026-01-09 06:15,retail_1,retail,1,,,,,,,,0.0,33.0,1.0,52.0,16.5,105.0,3,hitl
386,2026-01-09 06:30,supplier_1,supplier,0,526.61,,,,,,,,,,,,,3,hitl
386,2026-01-09 06:30,farm_1,farm,0,,620.0,0.035,,,,,,,,,,,3,hitl
386,2026-01-09 06:30,slaughterhouse_1,slaughterhouse,0,,,,372.0,396.02,,,,,,,,,3,hitl
386,2026-01-09 06:30,wholesaler_1,wholesaler,1,,,,,,39.13,6.9,,,,,,,3,hitl
386,2026-01-09 06:30,retail_1,retail,1,,,,,,,,0.0,33.0,1.0,52.25,16.5,105.0,3,hitl
387,2026-01-09 06:45,supplier_1,supplier,0,525.68,,,,,,,,,,,,,3,hitl
387,2026-01-09 06:45,farm_1,farm,0,,620.0,0.035,,,,,,,,,,,3,hitl
387,2026-01-09 06:45,slaughterhouse_1,slaughterhouse,0,,,,372.0,400.0,,,,,,,,,3,hitl
387,2026-01-09 06:45,wholesaler_1,wholesaler,1,,,,,,37.23,6.9,,,,,,,3,hitl
387,2026-01-09 06:45,retail_1,retail,1,,,,,,,,0.0,33.0,1.0,52.5,16.5,105.0,3,hitl
388,2026-01-09 07:00,supplier_1,supplier,0,524.42,,,,,,,,,,,,,3,hitl
388,2026-01-09 07:00,farm_1,farm,0,,620.0,0.035,,,,,,,,,,,3,hitl
388,2026-01-09 07:00,slaughterhouse_1,slaughterhouse,0,,,,372.0,400.0,,,,,,,,,3,hitl
388,2026-01-09 07:00,wholesaler_1,wholesaler,1,,,,,,20.94,6.9,,,,,,,3,hitl
388,2026-01-09 07:00,retail_1,retail,1,,,,,,,,0.0,33.0,1.0,52.75,16.5,105.0,3,hitl
389,2026-01-09 07:15,supplier_1,supplier,0,523.63,,,,,,,,,,,,,3,hitl
389,2026-01-09 07:15,farm_1,farm,0,,620.0,0.035,,,,,,,,,,,3,hitl
389,2026-01-09 07:15,slaughterhouse_1,slaughterhouse,0,,,,372.0,400.0,,,,,,,,,3,hitl
389,2026-01-09 07:15,wholesaler_1,wholesaler,1,,,,,,19.43,6.9,,,,,,,3,hitl
389,2026-01-09 07:15,retail_1,retail,1,,,,,,,,13.6,33.0,1.0,53.0,16.5,105.0,3,hitl
390,2026-01-09 07:30,supplier_1,supplier,0,522.42,,,,,,,,,,,,,3,hitl
390,2026-01-09 07:30,farm_1,farm,0,,620.0,0.035,,,,,,,,,,,3,hitl
390,2026-01-09 07:30,slaughterhouse_1,slaughterhouse,0,,,,372.0,400.0,,,,,,,,,3,hitl
390,2026-01-09 07:30,wholesaler_1,wholesaler,1,,,,,,16.89,6.9,,,,,,,3,hitl
390,2026-01-09 07:30,retail_1,retail,1,,,,,,,,9.92,33.0,0.0,53.25,16.5,105.0,3,hitl
391,2026-01-09 07:45,supplier_1,supplier,0,521.27,,,,,,,,,,,,,3,hitl
391,2026-01-09 07:45,farm_1,farm,0,,620.0,0.035,,,,,,,,,,,3,hitl
391,2026-01-09 07:45,slaughterhouse_1,slaughterhouse,0,,,,372.0,400.0,,,,,,,,,3,hitl
391,2026-01-09 07:45,wholesaler_1,wholesaler,1,,,,,,14.83,6.9,,,,,,,3,hitl
391,2026-01-09 07:45,retail_1,retail,1,,,,,,,,6.01,33.0,0.0,53.5,16.5,105.0,3,hitl
392,2026-01-09 08:00,supplier_1,supplier,0,520.73,,,,,,,,,,,,,3,hitl
392,2026-01-09 08:00,farm_1,farm,0,,620.0,0.035,,,,,,,,,,,3,hitl
392,2026-01-09 08:00,slaughterhouse_1,slaughterhouse,0,,,,372.0,376.0,,,,,,,,,3,hitl
392,2026-01-09 08:00,wholesaler_1,wholesaler,1,,,,,,12.83,6.9,,,,,,,3,hitl
392,2026-01-09 08:00,retail_1,retail,1,,,,,,,,2.37,33.0,0.0,53.75,16.5,105.0,3,hitl
393,2026-01-09 08:15,supplier_1,supplier,0,519.5,,,,,,,,,,,,,3,hitl
393,2026-01-09 08:15,farm_1,farm,0,,620.0,0.035,,,,,,,,,,,3,hitl
393,2026-01-09 08:15,slaughterhouse_1,slaughterhouse,0,,,,372.0,385.73,,,,,,,,,3,hitl
393,2026-01-09 08:15,wholesaler_1,wholesaler,1,,,,,,34.32,6.9,,,,,,,3,hitl
393,2026-01-09 08:15,retail_1,retail,1,,,,,,,,0.0,33.0,1.0,54.0,16.5,105.0,3,hitl
394,2026-01-09 08:30,supplier_1,supplier,0,518.5,,,,,,,,,,,,,3,hitl
394,2026-01-09 08:30,farm_1,farm,0,,620.0,0.035,,,,,,,,,,,3,hitl
394,2026-01-09 08:30,slaughterhouse_1,slaughterhouse,0,,,,372.0,396.56,,,,,,,,,3,hitl
394,2026-01-09 08:30,wholesaler_1,wholesaler,1,,,,,,31.91,6.9,,,,,,,3,hitl
394,2026-01-09 08:30,retail_1,retail,1,,,,,,,,0.0,33.0,1.0,54.25,16.5,105.0,3,hitl
395,2026-01-09 08:45,supplier_1,supplier,0,517.51,,,,,,,,,,,,,3,hitl
395,2026-01-09 08:45,farm_1,farm,0,,620.0,0.035,,,,,,,,,,,3,hitl
395,2026-01-09 08:45,slaughterhouse_1,slaughterhouse,0,,,,372.0,400.0,,,,,,,,,3,hitl
395,2026-01-09 08:45,wholesaler_1,wholesaler,1,,,,,,28.94,6.9,,,,,,,3,hitl
395,2026-01-09 08:45,retail_1,retail,1,,,,,,,,0.0,33.0,1.0,54.5,16.5,105.0,3,hitl
396,2026-01-09 09:00,supplier_1,supplier,0,516.74,,,,,,,,,,,,,3,hitl
396,2026-01-09 09:00,farm_1,farm,1,,620.0,0.035,,,,,,,,,,,3,hitl
396,2026-01-09 09:00,slaughterhouse_1,slaughterhouse,0,,,,372.0,400.0,,,,,,,,,3,hitl
396,2026-01-09 09:00,wholesaler_1,wholesaler,1,,,,,,26.84,6.9,,,,,,,3,hitl
396,2026-01-09 09:00,retail_1,retail,1,,,,,,,,0.0,33.0,1.0,54.75,16.5,105.0,3,hitl
397,2026-01-09 09:15,supplier_1,supplier,0,515.8,,,,,,,,,,,,,3,hitl
397,2026-01-09 09:15,farm_1,farm,1,,620.0,0.035,,,,,,,,,,,3,hitl
397,2026-01-09 09:15,slaughterhouse_1,slaughterhouse,0,,,,372.0,400.0,,,,,,,,,3,hitl
397,2026-01-09 09:15,wholesaler_1,wholesaler,1,,,,,,24.72,6.9,,,,,,,3,hitl
397,2026-01-09 09:15,retail_1,retail,1,,,,,,,,0.0,33.0,1.0,55.0,16.5,105.0,3,hitl
398,2026-01-09 09:30,supplier_1,supplier,0,514.72,,,,,,,,,,,,,3,hitl
398,2026-01-09 09:30,farm_1,farm,1,,620.0,0.035,,,,,,,,,,,3,hitl
398,2026-01-09 09:30,slaughterhouse_1,slaughterhouse,0,,,,372.0,400.0,,,,,,,,,3,hitl
398,2026-01-09 09:30,wholesaler_1,wholesaler,1,,,,,,22.7,6.9,,,,,,,3,hitl
398,2026-01-09 09:30,retail_1,retail,1,,,,,,,,0.0,33.0,1.0,55.25,16.5,105.0,3,hitl
399,2026-01-09 09:45,supplier_1,supplier,0,513.33,,,,,,,,,,,,,3,hitl
399,2026-01-09 09:45,farm_1,farm,1,,620.0,0.035,,,,,,,,,,,3,hitl
399,2026-01-09 09:45,slaughterhouse_1,slaughterhouse,0,,,,372.0,400.0,,,,,,,,,3,hitl
399,2026-01-09 09:45,wholesaler_1,wholesaler,1,,,,,,20.24,6.9,,,,,,,3,hitl
399,2026-01-09 09:45,retail_1,retail,1,,,,,,,,0.0,33.0,1.0,55.5,16.5,105.0,3,hitl
400,2026-01-09 10:00,supplier_1,supplier,0,512.45,,,,,,,,,,,,,3,hitl
400,2026-01-09 10:00,farm_1,farm,1,,620.0,0.035,,,,,,,,,,,3,hitl
400,2026-01-09 10:00,slaughterhouse_1,slaughterhouse,0,,,,372.0,376.0,,,,,,,,,3,hitl
400,2026-01-09 10:00,wholesaler_1,wholesaler,1,,,,,,17.55,6.9,,,,,,,3,hitl
400,2026-01-09 10:00,retail_1,retail,1,,,,,,,,0.0,33.0,1.0,55.75,16.5,105.0,3,hitl
401,2026-01-09 10:15,supplier_1,supplier,0,511.45,,,,,,,,,,,,,3,hitl
401,2026-01-09 10:15,farm_1,farm,1,,620.0,0.035,,,,,,,,,,,3,hitl
401,2026-01-09 10:15,slaughterhouse_1,slaughterhouse,0,,,,372.0,385.71,,,,,,,,,3,hitl
401,2026-01-09 10:15,wholesaler_1,wholesaler,1,,,,,,39.22,6.9,,,,,,,3,hitl
401,2026-01-09 10:15,retail_1,retail,1,,,,,,,,0.0,33.0,1.0,56.0,16.5,105.0,3,hitl
402,2026-01-09 10:30,supplier_1,supplier,0,510.59,,,,,,,,,,,,,3,hitl
402,2026-01-09 10:30,farm_1,farm,1,,620.0,0.035,,,,,,,,,,,3,hitl
402,2026-01-09 10:30,slaughterhouse_1,slaughterhouse,0,,,,372.0,395.23,,,,,,,,,3,hitl
402,2026-01-09 10:30,wholesaler_1,wholesaler,1,,,,,,36.64,6.9,,,,,,,3,hitl
402,2026-01-09 10:30,retail_1,retail,1,,,,,,,,0.0,33.0,1.0,56.25,16.5,105.0,3,hitl
403,2026-01-09 10:45,supplier_1,supplier,0,509.69,,,,,,,,,,,,,3,hitl
403,2026-01-09 10:45,farm_1,farm,1,,620.0,0.035,,,,,,,,,,,3,hitl
403,2026-01-09 10:45,slaughterhouse_1,slaughterhouse,0,,,,372.0,400.0,,,,,,,,,3,hitl
403,2026-01-09 10:45,wholesaler_1,wholesaler,1,,,,,,33.96,6.9,,,,,,,3,hitl
403,2026-01-09 10:45,retail_1,retail,1,,,,,,,,0.0,33.0,1.0,56.5,16.5,105.0,3,hitl
404,2026-01-09 11:00,supplier_1,supplier,0,508.43,,,,,,,,,,,,,3,hitl
404,2026-01-09 11:00,farm_1,farm,1,,620.0,0.035,,,,,,,,,,,3,hitl
404,2026-01-09 11:00,slaughterhouse_1,slaughterhouse,0,,,,372.0,400.0,,,,,,,,,3,hitl
404,2026-01-09 11:00,wholesaler_1,wholesaler,1,,,,,,32.09,6.9,,,,,,,3,hitl
404,2026-01-09 11:00,retail_1,retail,1,,,,,,,,0.0,33.0,1.0,56.75,16.5,105.0,3,hitl
405,2026-01-09 11:15,supplier_1,supplier,0,506.94,,,,,,,,,,,,,3,hitl
405,2026-01-09 11:15,farm_1,farm,1,,620.0,0.035,,,,,,,,,,,3,hitl
405,2026-01-09 11:15,slaughterhouse_1,slaughterhouse,0,,,,372.0,400.0,,,,,,,,,3,hitl
405,2026-01-09 11:15,wholesaler_1,wholesaler,1,,,,,,29.15,6.9,,,,,,,3,hitl
405,2026-01-09 11:15,retail_1,retail,1,,,,,,,,0.0,33.0,1.0,57.0,16.5,105.0,3,hitl
406,2026-01-09 11:30,supplier_1,supplier,0,505.66,,,,,,,,,,,,,3,hitl
406,2026-01-09 11:30,farm_1,farm,1,,620.0,0.035,,,,,,,,,,,3,hitl
406,2026-01-09 11:30,slaughterhouse_1,slaughterhouse,0,,,,372.0,400.0,,,,,,,,,3,hitl
406,2026-01-09 11:30,wholesaler_1,wholesaler,1,,,,,,27.18,6.9,,,,,,,3,hitl
406,2026-01-09 11:30,retail_1,retail,1,,,,,,,,0.0,33.0,1.0,57.25,16.5,105.0,3,hitl
407,2026-01-09 11:45,supplier_1,supplier,0,505.13,,,,,,,,,,,,,3,hitl
407,2026-01-09 11:45,farm_1,farm,1,,620.0,0.035,,,,,,,,,,,3,hitl
407,2026-01-09 11:45,slaughterhouse_1,slaughterhouse,0,,,,372.0,400.0,,,,,,,,,3,hitl
407,2026-01-09 11:45,wholesaler_1,wholesaler,1,,,,,,25.45,6.9,,,,,,,3,hitl
407,2026-01-09 11:45,retail_1,retail,1,,,,,,,,0.0,33.0,1.0,57.5,16.5,105.0,3,hitl
408,2026-01-09 12:00,supplier_1,supplier,0,504.53,,,,,,,,,,,,,3,hitl
408,2026-01-09 12:00,farm_1,farm,1,,620.0,0.035,,,,,,,,,,,3,hitl
408,2026-01-09 12:00,slaughterhouse_1,slaughterhouse,0,,,,372.0,376.0,,,,,,,,,3,hitl
408,2026-01-09 12:00,wholesaler_1,wholesaler,0,,,,,,148.56,16.0,,,,,,,3,hitl
408,2026-01-09 12:00,retail_1,retail,1,,,,,,,,0.0,33.0,1.0,57.75,16.5,105.0,3,hitl
409,2026-01-09 12:15,supplier_1,supplier,0,503.31,,,,,,,,,,,,,3,hitl
409,2026-01-09 12:15,farm_1,farm,1,,620.0,0.035,,,,,,,,,,,3,hitl
409,2026-01-09 12:15,slaughterhouse_1,slaughterhouse,0,,,,372.0,385.93,,,,,,,,,3,hitl
409,2026-01-09 12:15,wholesaler_1,wholesaler,0,,,,,,170.03,16.0,,,,,,,3,hitl
409,2026-01-09 12:15,retail_1,retail,1,,,,,,,,10.88,33.0,1.0,58.0,16.5,105.0,3,hitl
410,2026-01-09 12:30,supplier_1,supplier,0,502.65,,,,,,,,,,,,,3,hitl
410,2026-01-09 12:30,farm_1,farm,1,,620.0,0.035,,,,,,,,,,,3,hitl
410,2026-01-09 12:30,slaughterhouse_1,slaughterhouse,0,,,,372.0,396.17,,,,,,,,,3,hitl
410,2026-01-09 12:30,wholesaler_1,wholesaler,0,,,,,,168.36,16.0,,,,,,,3,hitl
410,2026-01-09 12:30,retail_1,retail,1,,,,,,,,6.91,33.0,0.0,58.25,16.5,105.0,3,hitl
411,2026-01-09 12:45,supplier_1,supplier,0,501.33,,,,,,,,,,,,,3,hitl
411,2026-01-09 12:45,farm_1,farm,1,,620.0,0.035,,,,,,,,,,,3,hitl
411,2026-01-09 12:45,slaughterhouse_1,slaughterhouse,0,,,,372.0,400.0,,,,,,,,,3,hitl
411,2026-01-09 12:45,wholesaler_1,wholesaler,0,,,,,,166.83,16.0,,,,,,,3,hitl
411,2026-01-09 12:45,retail_1,retail,1,,,,,,,,3.13,33.0,0.0,58.5,16.5,105.0,3,hitl
412,2026-01-09 13:00,supplier_1,supplier,0,500.19,,,,,,,,,,,,,3,hitl
412,2026-01-09 13:00,farm_1,farm,1,,620.0,0.035,,,,,,,,,,,3,hitl
412,2026-01-09 13:00,slaughterhouse_1,slaughterhouse,0,,,,372.0,400.0,,,,,,,,,3,hitl
412,2026-01-09 13:00,wholesaler_1,wholesaler,0,,,,,,153.9,16.0,,,,,,,3,hitl
412,2026-01-09 13:00,retail_1,retail,1,,,,,,,,0.0,33.0,1.0,58.75,16.5,105.0,3,hitl
413,2026-01-09 13:15,supplier_1,supplier,0,498.88,,,,,,,,,,,,,3,hitl
413,2026-01-09 13:15,farm_1,farm,1,,620.0,0.035,,,,,,,,,,,3,hitl
413,2026-01-09 13:15,slaughterhouse_1,slaughterhouse,0,,,,372.0,400.0,,,,,,,,,3,hitl
413,2026-01-09 13:15,wholesaler_1,wholesaler,0,,,,,,151.22,16.0,,,,,,,3,hitl
413,2026-01-09 13:15,retail_1,retail,1,,,,,,,,10.88,33.0,1.0,59.0,16.5,105.0,3,hitl
414,2026-01-09 13:30,supplier_1,supplier,0,497.5,,,,,,,,,,,,,3,hitl
414,2026-01-09 13:30,farm_1,farm,1,,620.0,0.035,,,,,,,,,,,3,hitl
414,2026-01-09 13:30,slaughterhouse_1,slaughterhouse,0,,,,372.0,400.0,,,,,,,,,3,hitl
414,2026-01-09 13:30,wholesaler_1,wholesaler,0,,,,,,149.16,16.0,,,,,,,3,hitl
414,2026-01-09 13:30,retail_1,retail,1,,,,,,,,7.21,33.0,0.0,59.25,16.5,105.0,3,hitl
415,2026-01-09 13:45,supplier_1,supplier,0,496.47,,,,,,,,,,,,,3,hitl
415,2026-01-09 13:45,farm_1,farm,1,,620.0,0.035,,,,,,,,,,,3,hitl
415,2026-01-09 13:45,slaughterhouse_1,slaughterhouse,0,,,,372.0,400.0,,,,,,,,,3,hitl
415,2026-01-09 13:45,wholesaler_1,wholesaler,0,,,,,,146.92,16.0,,,,,,,3,hitl
415,2026-01-09 13:45,retail_1,retail,1,,,,,,,,2.71,33.0,0.0,59.5,16.5,105.0,3,hitl
416,2026-01-09 14:00,supplier_1,supplier,0,495.57,,,,,,,,,,,,,3,hitl
416,2026-01-09 14:00,farm_1,farm,1,,620.0,0.035,,,,,,,,,,,3,hitl
416,2026-01-09 14:00,slaughterhouse_1,slaughterhouse,0,,,,372.0,376.0,,,,,,,,,3,hitl
416,2026-01-09 14:00,wholesaler_1,wholesaler,0,,,,,,133.4,16.0,,,,,,,3,hitl
416,2026-01-09 14:00,retail_1,retail,1,,,,,,,,0.0,33.0,1.0,59.75,16.5,105.0,3,hitl
417,2026-01-09 14:15,supplier_1,supplier,0,494.54,,,,,,,,,,,,,3,hitl
417,2026-01-09 14:15,farm_1,farm,1,,620.0,0.035,,,,,,,,,,,3,hitl
417,2026-01-09 14:15,slaughterhouse_1,slaughterhouse,0,,,,372.0,387.05,,,,,,,,,3,hitl
417,2026-01-09 14:15,wholesaler_1,wholesaler,0,,,,,,154.88,16.0,,,,,,,3,hitl
417,2026-01-09 14:15,retail_1,retail,1,,,,,,,,10.88,33.0,1.0,60.0,16.5,105.0,3,hitl
418,2026-01-09 14:30,supplier_1,supplier,0,493.1,,,,,,,,,,,,,3,hitl
418,2026-01-09 14:30,farm_1,farm,1,,620.0,0.035,,,,,,,,,,,3,hitl
418,2026-01-09 14:30,slaughterhouse_1,slaughterhouse,0,,,,372.0,398.05,,,,,,,,,3,hitl
418,2026-01-09 14:30,wholesaler_1,wholesaler,0,,,,,,152.75,16.0,,,,,,,3,hitl
418,2026-01-09 14:30,retail_1,retail,1,,,,,,,,6.94,33.0,0.0,60.25,16.5,105.0,3,hitl
419,2026-01-09 14:45,supplier_1,supplier,0,492.17,,,,,,,,,,,,,3,hitl
419,2026-01-09 14:45,farm_1,farm,1,,620.0,0.035,,,,,,,,,,,3,hitl
419,2026-01-09 14:45,slaughterhouse_1,slaughterhouse,0,,,,372.0,400.0,,,,,,,,,3,hitl
419,2026-01-09 14:45,wholesaler_1,wholesaler,0,,,,,,149.95,16.0,,,,,,,3,hitl
419,2026-01-09 14:45,retail_1,retail,1,,,,,,,,2.67,33.0,0.0,60.5,16.5,105.0,3,hitl
420,2026-01-09 15:00,supplier_1,supplier,0,490.67,,,,,,,,,,,,,3,hitl
420,2026-01-09 15:00,farm_1,farm,1,,620.0,0.035,,,,,,,,,,,3,hitl
420,2026-01-09 15:00,slaughterhouse_1,slaughterhouse,0,,,,372.0,400.0,,,,,,,,,3,hitl
420,2026-01-09 15:00,wholesaler_1,wholesaler,0,,,,,,136.11,16.0,,,,,,,3,hitl
420,2026-01-09 15:00,retail_1,retail,1,,,,,,,,0.0,33.0,1.0,60.75,16.5,105.0,3,hitl
421,2026-01-09 15:15,supplier_1,supplier,0,490.08,,,,,,,,,,,,,3,hitl
421,2026-01-09 15:15,farm_1,farm,1,,620.0,0.035,,,,,,,,,,,3,hitl
421,2026-01-09 15:15,slaughterhouse_1,slaughterhouse,0,,,,372.0,400.0,,,,,,,,,3,hitl
421,2026-01-09 15:15,wholesaler_1,wholesaler,0,,,,,,134.56,16.0,,,,,,,3,hitl
421,2026-01-09 15:15,retail_1,retail,1,,,,,,,,10.88,33.0,1.0,61.0,16.5,105.0,3,hitl
422,2026-01-09 15:30,supplier_1,supplier,0,488.92,,,,,,,,,,,,,3,hitl
422,2026-01-09 15:30,farm_1,farm,1,,620.0,0.035,,,,,,,,,,,3,hitl
422,2026-01-09 15:30,slaughterhouse_1,slaughterhouse,0,,,,372.0,400.0,,,,,,,,,3,hitl
422,2026-01-09 15:30,wholesaler_1,wholesaler,0,,,,,,131.58,16.0,,,,,,,3,hitl
422,2026-01-09 15:30,retail_1,retail,1,,,,,,,,6.71,33.0,0.0,61.25,16.5,105.0,3,hitl
423,2026-01-09 15:45,supplier_1,supplier,0,488.19,,,,,,,,,,,,,3,hitl
423,2026-01-09 15:45,farm_1,farm,1,,620.0,0.035,,,,,,,,,,,3,hitl
423,2026-01-09 15:45,slaughterhouse_1,slaughterhouse,0,,,,372.0,400.0,,,,,,,,,3,hitl
423,2026-01-09 15:45,wholesaler_1,wholesaler,0,,,,,,129.05,16.0,,,,,,,3,hitl
423,2026-01-09 15:45,retail_1,retail,1,,,,,,,,2.53,33.0,0.0,61.5,16.5,105.0,3,hitl
424,2026-01-09 16:00,supplier_1,supplier,0,486.92,,,,,,,,,,,,,3,hitl
424,2026-01-09 16:00,farm_1,farm,1,,620.0,0.035,,,,,,,,,,,3,hitl
424,2026-01-09 16:00,slaughterhouse_1,slaughterhouse,0,,,,372.0,376.0,,,,,,,,,3,hitl
424,2026-01-09 16:00,wholesaler_1,wholesaler,0,,,,,,115.78,16.0,,,,,,,3,hitl
424,2026-01-09 16:00,retail_1,retail,1,,,,,,,,0.0,33.0,1.0,61.75,16.5,105.0,3,hitl
425,2026-01-09 16:15,supplier_1,supplier,0,485.89,,,,,,,,,,,,,3,hitl
425,2026-01-09 16:15,farm_1,farm,1,,620.0,0.035,,,,,,,,,,,3,hitl
425,2026-01-09 16:15,slaughterhouse_1,slaughterhouse,0,,,,372.0,386.83,,,,,,,,,3,hitl
425,2026-01-09 16:15,wholesaler_1,wholesaler,0,,,,,,137.65,16.0,,,,,,,3,hitl
425,2026-01-09 16:15,retail_1,retail,1,,,,,,,,10.88,33.0,1.0,62.0,16.5,105.0,3,hitl
426,2026-01-09 16:30,supplier_1,supplier,0,484.48,,,,,,,,,,,,,3,hitl
426,2026-01-09 16:30,farm_1,farm,1,,620.0,0.035,,,,,,,,,,,3,hitl
426,2026-01-09 16:30,slaughterhouse_1,slaughterhouse,0,,,,372.0,396.61,,,,,,,,,3,hitl
426,2026-01-09 16:30,wholesaler_1,wholesaler,0,,,,,,134.94,16.0,,,,,,,3,hitl
426,2026-01-09 16:30,retail_1,retail,1,,,,,,,,6.93,33.0,0.0,62.25,16.5,105.0,3,hitl
427,2026-01-09 16:45,supplier_1,supplier,0,483.97,,,,,,,,,,,,,3,hitl
427,2026-01-09 16:45,farm_1,farm,1,,620.0,0.035,,,,,,,,,,,3,hitl
427,2026-01-09 16:45,slaughterhouse_1,slaughterhouse,0,,,,372.0,400.0,,,,,,,,,3,hitl
427,2026-01-09 16:45,wholesaler_1,wholesaler,0,,,,,,132.72,16.0,,,,,,,3,hitl
427,2026-01-09 16:45,retail_1,retail,1,,,,,,,,3.2,33.0,0.0,62.5,16.5,105.0,3,hitl
428,2026-01-09 17:00,supplier_1,supplier,0,483.06,,,,,,,,,,,,,3,hitl
428,2026-01-09 17:00,farm_1,farm,1,,620.0,0.035,,,,,,,,,,,3,hitl
428,2026-01-09 17:00,slaughterhouse_1,slaughterhouse,0,,,,372.0,400.0,,,,,,,,,3,hitl
428,2026-01-09 17:00,wholesaler_1,wholesaler,0,,,,,,119.54,16.0,,,,,,,3,hitl
428,2026-01-09 17:00,retail_1,retail,1,,,,,,,,0.0,33.0,1.0,62.75,16.5,105.0,3,hitl
429,2026-01-09 17:15,supplier_1,supplier,0,482.42,,,,,,,,,,,,,3,hitl
429,2026-01-09 17:15,farm_1,farm,1,,620.0,0.035,,,,,,,,,,,3,hitl
429,2026-01-09 17:15,slaughterhouse_1,slaughterhouse,0,,,,372.0,400.0,,,,,,,,,3,hitl
429,2026-01-09 17:15,wholesaler_1,wholesaler,0,,,,,,116.75,16.0,,,,,,,3,hitl
429,2026-01-09 17:15,retail_1,retail,1,,,,,,,,10.88,33.0,1.0,63.0,16.5,105.0,3,hitl
430,2026-01-09 17:30,supplier_1,supplier,0,481.34,,,,,,,,,,,,,3,hitl
430,2026-01-09 17:30,farm_1,farm,1,,620.0,0.035,,,,,,,,,,,3,hitl
430,2026-01-09 17:30,slaughterhouse_1,slaughterhouse,0,,,,372.0,400.0,,,,,,,,,3,hitl
430,2026-01-09 17:30,wholesaler_1,wholesaler,0,,,,,,115.0,16.0,,,,,,,3,hitl
430,2026-01-09 17:30,retail_1,retail,1,,,,,,,,6.36,33.0,0.0,63.25,16.5,105.0,3,hitl
431,2026-01-09 17:45,supplier_1,supplier,0,479.93,,,,,,,,,,,,,3,hitl
431,2026-01-09 17:45,farm_1,farm,1,,620.0,0.035,,,,,,,,,,,3,hitl
431,2026-01-09 17:45,slaughterhouse_1,slaughterhouse,0,,,,372.0,400.0,,,,,,,,,3,hitl
431,2026-01-09 17:45,wholesaler_1,wholesaler,0,,,,,,112.65,16.0,,,,,,,3,hitl
431,2026-01-09 17:45,retail_1,retail,1,,,,,,,,2.21,33.0,0.0,63.5,16.5,105.0,3,hitl
432,2026-01-09 18:00,supplier_1,supplier,0,478.78,,,,,,,,,,,,,3,hitl
432,2026-01-09 18:00,farm_1,farm,0,,620.0,0.035,,,,,,,,,,,3,hitl
432,2026-01-09 18:00,slaughterhouse_1,slaughterhouse,0,,,,372.0,376.0,,,,,,,,,3,hitl
432,2026-01-09 18:00,wholesaler_1,wholesaler,0,,,,,,99.42,8.0,,,,,,,3,hitl
432,2026-01-09 18:00,retail_1,retail,1,,,,,,,,0.0,35.9634,1.0,63.75,16.5,131.926,3,hitl
433,2026-01-09 18:15,supplier_1,supplier,0,477.31,,,,,,,,,,,,,3,hitl
433,2026-01-09 18:15,farm_1,farm,0,,620.0,0.035,,,,,,,,,,,3,hitl
433,2026-01-09 18:15,slaughterhouse_1,slaughterhouse,0,,,,372.0,385.87,,,,,,,,,3,hitl
433,2026-01-09 18:15,wholesaler_1,wholesaler,0,,,,,,120.57,8.0,,,,,,,3,hitl
433,2026-01-09 18:15,retail_1,retail,1,,,,,,,,10.88,35.9634,1.0,64.0,16.5,131.926,3,hitl
434,2026-01-09 18:30,supplier_1,supplier,0,476.41,,,,,,,,,,,,,3,hitl
434,2026-01-09 18:30,farm_1,farm,0,,620.0,0.035,,,,,,,,,,,3,hitl
434,2026-01-09 18:30,slaughterhouse_1,slaughterhouse,0,,,,372.0,395.38,,,,,,,,,3,hitl
434,2026-01-09 18:30,wholesaler_1,wholesaler,0,,,,,,118.35,8.0,,,,,,,3,hitl
434,2026-01-09 18:30,retail_1,retail,1,,,,,,,,6.6,35.9634,0.0,64.25,16.5,131.926,3,hitl
435,2026-01-09 18:45,supplier_1,supplier,0,475.49,,,,,,,,,,,,,3,hitl
435,2026-01-09 18:45,farm_1,farm,0,,620.0,0.035,,,,,,,,,,,3,hitl
435,2026-01-09 18:45,slaughterhouse_1,slaughterhouse,0,,,,372.0,400.0,,,,,,,,,3,hitl
435,2026-01-09 18:45,wholesaler_1,wholesaler,0,,,,,,115.87,8.0,,,,,,,3,hitl
435,2026-01-09 18:45,retail_1,retail,1,,,,,,,,2.32,35.9634,0.0,64.5,16.5,131.926,3,hitl
436,2026-01-09 19:00,supplier_1,supplier,0,474.35,,,,,,,,,,,,,3,hitl
436,2026-01-09 19:00,farm_1,farm,0,,620.0,0.035,,,,,,,,,,,3,hitl
436,2026-01-09 19:00,slaughterhouse_1,slaughterhouse,0,,,,372.0,400.0,,,,,,,,,3,hitl
436,2026-01-09 19:00,wholesaler_1,wholesaler,0,,,,,,98.96,8.0,,,,,,,3,hitl
436,2026-01-09 19:00,retail_1,retail,1,,,,,,,,0.0,35.9634,1.0,64.75,16.5,131.926,3,hitl
437,2026-01-09 19:15,supplier_1,supplier,0,473.72,,,,,,,,,,,,,3,hitl
437,2026-01-09 19:15,farm_1,farm,0,,620.0,0.035,,,,,,,,,,,3,hitl
437,2026-01-09 19:15,slaughterhouse_1,slaughterhouse,0,,,,372.0,400.0,,,,,,,,,3,hitl
437,2026-01-09 19:15,wholesaler_1,wholesaler,0,,,,,,96.78,8.0,,,,,,,3,hitl
437,2026-01-09 19:15,retail_1,retail,1,,,,,,,,15.04,35.9634,1.0,65.0,16.5,131.926,3,hitl
438,2026-01-09 19:30,supplier_1,supplier,0,472.44,,,,,,,,,,,,,3,hitl
438,2026-01-09 19:30,farm_1,farm,0,,620.0,0.035,,,,,,,,,,,3,hitl
438,2026-01-09 19:30,slaughterhouse_1,slaughterhouse,0,,,,372.0,400.0,,,,,,,,,3,hitl
438,2026-01-09 19:30,wholesaler_1,wholesaler,0,,,,,,93.95,8.0,,,,,,,3,hitl
438,2026-01-09 19:30,retail_1,retail,1,,,,,,,,11.03,35.9634,0.0,65.25,16.5,131.926,3,hitl
439,2026-01-09 19:45,supplier_1,supplier,0,471.62,,,,,,,,,,,,,3,hitl
439,2026-01-09 19:45,farm_1,farm,0,,620.0,0.035,,,,,,,,,,,3,hitl
439,2026-01-09 19:45,slaughterhouse_1,slaughterhouse,0,,,,372.0,400.0,,,,,,,,,3,hitl
439,2026-01-09 19:45,wholesaler_1,wholesaler,0,,,,,,91.09,8.0,,,,,,,3,hitl
439,2026-01-09 19:45,retail_1,retail,1,,,,,,,,6.8,35.9634,0.0,65.5,16.5,131.926,3,hitl
440,2026-01-09 20:00,supplier_1,supplier,0,470.23,,,,,,,,,,,,,3,hitl
440,2026-01-09 20:00,farm_1,farm,0,,620.0,0.035,,,,,,,,,,,3,hitl
440,2026-01-09 20:00,slaughterhouse_1,slaughterhouse,0,,,,372.0,376.0,,,,,,,,,3,hitl
440,2026-01-09 20:00,wholesaler_1,wholesaler,1,,,,,,74.45,4.0,,,,,,,3,hitl
440,2026-01-09 20:00,retail_1,retail,1,,,,,,,,2.31,39.5597,0.0,65.75,16.5,161.926,3,hitl
441,2026-01-09 20:15,supplier_1,supplier,0,469.64,,,,,,,,,,,,,3,hitl
441,2026-01-09 20:15,farm_1,farm,0,,620.0,0.035,,,,,,,,,,,3,hitl
441,2026-01-09 20:15,slaughterhouse_1,slaughterhouse,0,,,,372.0,385.97,,,,,,,,,3,hitl
441,2026-01-09 20:15,wholesaler_1,wholesaler,1,,,,,,96.36,4.0,,,,,,,3,hitl
441,2026-01-09 20:15,retail_1,retail,1,,,,,,,,15.04,39.5597,1.0,66.0,16.5,161.926,3,hitl
442,2026-01-09 20:30,supplier_1,supplier,0,468.64,,,,,,,,,,,,,3,hitl
442,2026-01-09 20:30,farm_1,farm,0,,620.0,0.035,,,,,,,,,,,3,hitl
442,2026-01-09 20:30,slaughterhouse_1,slaughterhouse,0,,,,372.0,397.12,,,,,,,,,3,hitl
442,2026-01-09 20:30,wholesaler_1,wholesaler,1,,,,,,94.59,4.0,,,,,,,3,hitl
442,2026-01-09 20:30,retail_1,retail,1,,,,,,,,10.77,39.5597,0.0,66.25,16.5,161.926,3,hitl
443,2026-01-09 20:45,supplier_1,supplier,0,467.17,,,,,,,,,,,,,3,hitl
443,2026-01-09 20:45,farm_1,farm,0,,620.0,0.035,,,,,,,,,,,3,hitl
443,2026-01-09 20:45,slaughterhouse_1,slaughterhouse,0,,,,372.0,400.0,,,,,,,,,3,hitl
443,2026-01-09 20:45,wholesaler_1,wholesaler,1,,,,,,92.23,4.0,,,,,,,3,hitl
443,2026-01-09 20:45,retail_1,retail,1,,,,,,,,6.68,39.5597,0.0,66.5,16.5,161.926,3,hitl
444,2026-01-09 21:00,supplier_1,supplier,0,466.25,,,,,,,,,,,,,3,hitl
444,2026-01-09 21:00,farm_1,farm,0,,620.0,0.035,,,,,,,,,,,3,hitl
444,2026-01-09 21:00,slaughterhouse_1,slaughterhouse,0,,,,372.0,400.0,,,,,,,,,3,hitl
444,2026-01-09 21:00,wholesaler_1,wholesaler,1,,,,,,73.77,4.0,,,,,,,3,hitl
444,2026-01-09 21:00,retail_1,retail,1,,,,,,,,2.67,39.5597,0.0,66.75,16.5,161.926,3,hitl
445,2026-01-09 21:15,supplier_1,supplier,0,465.59,,,,,,,,,,,,,3,hitl
445,2026-01-09 21:15,farm_1,farm,0,,620.0,0.035,,,,,,,,,,,3,hitl
445,2026-01-09 21:15,slaughterhouse_1,slaughterhouse,0,,,,372.0,400.0,,,,,,,,,3,hitl
445,2026-01-09 21:15,wholesaler_1,wholesaler,1,,,,,,71.33,4.0,,,,,,,3,hitl
445,2026-01-09 21:15,retail_1,retail,1,,,,,,,,16.64,39.5597,1.0,67.0,16.5,161.926,3,hitl
446,2026-01-09 21:30,supplier_1,supplier,0,464.26,,,,,,,,,,,,,3,hitl
446,2026-01-09 21:30,farm_1,farm,0,,620.0,0.035,,,,,,,,,,,3,hitl
446,2026-01-09 21:30,slaughterhouse_1,slaughterhouse,0,,,,372.0,400.0,,,,,,,,,3,hitl
446,2026-01-09 21:30,wholesaler_1,wholesaler,1,,,,,,68.91,4.0,,,,,,,3,hitl
446,2026-01-09 21:30,retail_1,retail,1,,,,,,,,12.85,39.5597,0.0,67.25,16.5,161.926,3,hitl
447,2026-01-09 21:45,supplier_1,supplier,0,463.17,,,,,,,,,,,,,3,hitl
447,2026-01-09 21:45,farm_1,farm,0,,620.0,0.035,,,,,,,,,,,3,hitl
447,2026-01-09 21:45,slaughterhouse_1,slaughterhouse,0,,,,372.0,400.0,,,,,,,,,3,hitl
447,2026-01-09 21:45,wholesaler_1,wholesaler,1,,,,,,67.31,4.0,,,,,,,3,hitl
447,2026-01-09 21:45,retail_1,retail,1,,,,,,,,8.55,39.5597,0.0,67.5,16.5,161.926,3,hitl
448,2026-01-09 22:00,supplier_1,supplier,0,462.34,,,,,,,,,,,,,3,hitl
448,2026-01-09 22:00,farm_1,farm,0,,620.0,0.035,,,,,,,,,,,3,hitl
448,2026-01-09 22:00,slaughterhouse_1,slaughterhouse,0,,,,372.0,376.0,,,,,,,,,3,hitl
448,2026-01-09 22:00,wholesaler_1,wholesaler,1,,,,,,48.44,4.0,,,,,,,3,hitl
448,2026-01-09 22:00,retail_1,retail,1,,,,,,,,4.53,39.5597,0.0,67.75,16.5,161.926,3,hitl
449,2026-01-09 22:15,supplier_1,supplier,0,460.94,,,,,,,,,,,,,3,hitl
449,2026-01-09 22:15,farm_1,farm,0,,620.0,0.035,,,,,,,,,,,3,hitl
449,2026-01-09 22:15,slaughterhouse_1,slaughterhouse,0,,,,372.0,385.75,,,,,,,,,3,hitl
449,2026-01-09 22:15,wholesaler_1,wholesaler,1,,,,,,70.78,4.0,,,,,,,3,hitl
449,2026-01-09 22:15,retail_1,retail,1,,,,,,,,17.12,39.5597,0.0,68.0,16.5,161.926,3,hitl
450,2026-01-09 22:30,supplier_1,supplier,0,459.92,,,,,,,,,,,,,3,hitl
450,2026-01-09 22:30,farm_1,farm,0,,620.0,0.035,,,,,,,,,,,3,hitl
450,2026-01-09 22:30,slaughterhouse_1,slaughterhouse,0,,,,372.0,395.85,,,,,,,,,3,hitl
450,2026-01-09 22:30,wholesaler_1,wholesaler,1,,,,,,68.58,4.0,,,,,,,3,hitl
450,2026-01-09 22:30,retail_1,retail,1,,,,,,,,12.56,39.5597,0.0,68.25,16.5,161.926,3,hitl
451,2026-01-09 22:45,supplier_1,supplier,0,458.97,,,,,,,,,,,,,3,hitl
451,2026-01-09 22:45,farm_1,farm,0,,620.0,0.035,,,,,,,,,,,3,hitl
451,2026-01-09 22:45,slaughterhouse_1,slaughterhouse,0,,,,372.0,400.0,,,,,,,,,3,hitl
451,2026-01-09 22:45,wholesaler_1,wholesaler,1,,,,,,66.83,4.0,,,,,,,3,hitl
451,2026-01-09 22:45,retail_1,retail,1,,,,,,,,8.8,39.5597,0.0,68.5,16.5,161.926,3,hitl
452,2026-01-09 23:00,supplier_1,supplier,0,457.53,,,,,,,,,,,,,3,hitl
452,2026-01-09 23:00,farm_1,farm,0,,620.0,0.035,,,,,,,,,,,3,hitl
452,2026-01-09 23:00,slaughterhouse_1,slaughterhouse,0,,,,372.0,400.0,,,,,,,,,3,hitl
452,2026-01-09 23:00,wholesaler_1,wholesaler,1,,,,,,48.22,4.0,,,,,,,3,hitl
452,2026-01-09 23:00,retail_1,retail,1,,,,,,,,4.75,39.5597,0.0,68.75,16.5,161.926,3,hitl
453,2026-01-09 23:15,supplier_1,supplier,0,456.12,,,,,,,,,,,,,3,hitl
453,2026-01-09 23:15,farm_1,farm,0,,620.0,0.035,,,,,,,,,,,3,hitl
453,2026-01-09 23:15,slaughterhouse_1,slaughterhouse,0,,,,372.0,400.0,,,,,,,,,3,hitl
453,2026-01-09 23:15,wholesaler_1,wholesaler,1,,,,,,46.13,4.0,,,,,,,3,hitl
453,2026-01-09 23:15,retail_1,retail,1,,,,,,,,17.74,39.5597,0.0,69.0,16.5,161.926,3,hitl
454,2026-01-09 23:30,supplier_1,supplier,0,455.33,,,,,,,,,,,,,3,hitl
454,2026-01-09 23:30,farm_1,farm,0,,620.0,0.035,,,,,,,,,,,3,hitl
454,2026-01-09 23:30,slaughterhouse_1,slaughterhouse,0,,,,372.0,400.0,,,,,,,,,3,hitl
454,2026-01-09 23:30,wholesaler_1,wholesaler,1,,,,,,44.4,4.0,,,,,,,3,hitl
454,2026-01-09 23:30,retail_1,retail,1,,,,,,,,14.09,39.5597,0.0,69.25,16.5,161.926,3,hitl
455,2026-01-09 23:45,supplier_1,supplier,0,454.48,,,,,,,,,,,,,3,hitl
455,2026-01-09 23:45,farm_1,farm,0,,620.0,0.035,,,,,,,,,,,3,hitl
455,2026-01-09 23:45,slaughterhouse_1,slaughterhouse,0,,,,372.0,400.0,,,,,,,,,3,hitl
455,2026-01-09 23:45,wholesaler_1,wholesaler,1,,,,,,41.61,4.0,,,,,,,3,hitl
455,2026-01-09 23:45,retail_1,retail,1,,,,,,,,10.14,39.5597,0.0,69.5,16.5,161.926,3,hitl
456,2026-01-10 00:00,supplier_1,supplier,0,453.34,,,,,,,,,,,,,3,hitl
456,2026-01-10 00:00,farm_1,farm,0,,620.0,0.035,,,,,,,,,,,3,hitl
456,2026-01-10 00:00,slaughterhouse_1,slaughterhouse,0,,,,372.0,376.0,,,,,,,,,3,hitl
456,2026-01-10 00:00,wholesaler_1,wholesaler,1,,,,,,38.51,4.0,,,,,,,3,hitl
456,2026-01-10 00:00,retail_1,retail,0,,,,,,,,65.09,30.0,0.0,0.0,10.5,0.0,3,hitl
457,2026-01-10 00:15,supplier_1,supplier,0,452.54,,,,,,,,,,,,,3,hitl
457,2026-01-10 00:15,farm_1,farm,0,,620.0,0.035,,,,,,,,,,,3,hitl
457,2026-01-10 00:15,slaughterhouse_1,slaughterhouse,0,,,,372.0,385.58,,,,,,,,,3,hitl
457,2026-01-10 00:15,wholesaler_1,wholesaler,1,,,,,,60.13,4.0,,,,,,,3,hitl
457,2026-01-10 00:15,retail_1,retail,0,,,,,,,,64.21,30.0,0.0,0.0,10.5,0.0,3,hitl
458,2026-01-10 00:30,supplier_1,supplier,0,451.78,,,,,,,,,,,,,3,hitl
458,2026-01-10 00:30,farm_1,farm,0,,620.0,0.035,,,,,,,,,,,3,hitl
458,2026-01-10 00:30,slaughterhouse_1,slaughterhouse,0,,,,372.0,396.2,,,,,,,,,3,hitl
458,2026-01-10 00:30,wholesaler_1,wholesaler,1,,,,,,57.81,4.0,,,,,,,3,hitl
458,2026-01-10 00:30,retail_1,retail,0,,,,,,,,61.58,30.0,0.0,0.0,10.5,0.0,3,hitl
459,2026-01-10 00:45,supplier_1,supplier,0,450.54,,,,,,,,,,,,,3,hitl
459,2026-01-10 00:45,farm_1,farm,0,,620.0,0.035,,,,,,,,,,,3,hitl
459,2026-01-10 00:45,slaughterhouse_1,slaughterhouse,0,,,,372.0,400.0,,,,,,,,,3,hitl
459,2026-01-10 00:45,wholesaler_1,wholesaler,1,,,,,,55.4,4.0,,,,,,,3,hitl
459,2026-01-10 00:45,retail_1,retail,0,,,,,,,,58.93,30.0,0.0,0.0,10.5,0.0,3,hitl
460,2026-01-10 01:00,supplier_1,supplier,0,449.05,,,,,,,,,,,,,3,hitl
460,2026-01-10 01:00,farm_1,farm,0,,620.0,0.035,,,,,,,,,,,3,hitl
460,2026-01-10 01:00,slaughterhouse_1,slaughterhouse,0,,,,372.0,400.0,,,,,,,,,3,hitl
460,2026-01-10 01:00,wholesaler_1,wholesaler,1,,,,,,51.43,4.0,,,,,,,3,hitl
460,2026-01-10 01:00,retail_1,retail,0,,,,,,,,56.44,30.0,0.0,0.0,10.5,0.0,3,hitl
461,2026-01-10 01:15,supplier_1,supplier,0,447.73,,,,,,,,,,,,,3,hitl
461,2026-01-10 01:15,farm_1,farm,0,,620.0,0.035,,,,,,,,,,,3,hitl
461,2026-01-10 01:15,slaughterhouse_1,slaughterhouse,0,,,,372.0,400.0,,,,,,,,,3,hitl
461,2026-01-10 01:15,wholesaler_1,wholesaler,1,,,,,,49.59,4.0,,,,,,,3,hitl
461,2026-01-10 01:15,retail_1,retail,0,,,,,,,,55.46,30.0,0.0,0.0,10.5,0.0,3,hitl
462,2026-01-10 01:30,supplier_1,supplier,0,446.82,,,,,,,,,,,,,3,hitl
462,2026-01-10 01:30,farm_1,farm,0,,620.0,0.035,,,,,,,,,,,3,hitl
462,2026-01-10 01:30,slaughterhouse_1,slaughterhouse,0,,,,372.0,400.0,,,,,,,,,3,hitl
462,2026-01-10 01:30,wholesaler_1,wholesaler,1,,,,,,47.45,4.0,,,,,,,3,hitl
462,2026-01-10 01:30,retail_1,retail,0,,,,,,,,52.55,30.0,0.0,0.0,10.5,0.0,3,hitl
463,2026-01-10 01:45,supplier_1,supplier,0,445.64,,,,,,,,,,,,,3,hitl
463,2026-01-10 01:45,farm_1,farm,0,,620.0,0.035,,,,,,,,,,,3,hitl
463,2026-01-10 01:45,slaughterhouse_1,slaughterhouse,0,,,,372.0,400.0,,,,,,,,,3,hitl
463,2026-01-10 01:45,wholesaler_1,wholesaler,1,,,,,,44.49,4.0,,,,,,,3,hitl
463,2026-01-10 01:45,retail_1,retail,0,,,,,,,,49.79,30.0,0.0,0.0,10.5,0.0,3,hitl
464,2026-01-10 02:00,supplier_1,supplier,0,444.3,,,,,,,,,,,,,3,hitl
464,2026-01-10 02:00,farm_1,farm,0,,620.0,0.035,,,,,,,,,,,3,hitl
464,2026-01-10 02:00,slaughterhouse_1,slaughterhouse,0,,,,372.0,376.0,,,,,,,,,3,hitl
464,2026-01-10 02:00,wholesaler_1,wholesaler,1,,,,,,40.42,4.0,,,,,,,3,hitl
464,2026-01-10 02:00,retail_1,retail,0,,,,,,,,46.9,30.0,0.0,0.0,10.5,0.0,3,hitl
465,2026-01-10 02:15,supplier_1,supplier,0,443.61,,,,,,,,,,,,,3,hitl
465,2026-01-10 02:15,farm_1,farm,0,,620.0,0.035,,,,,,,,,,,3,hitl
465,2026-01-10 02:15,slaughterhouse_1,slaughterhouse,0,,,,372.0,386.42,,,,,,,,,3,hitl
465,2026-01-10 02:15,wholesaler_1,wholesaler,1,,,,,,61.9,4.0,,,,,,,3,hitl
465,2026-01-10 02:15,retail_1,retail,0,,,,,,,,45.42,30.0,0.0,0.0,10.5,0.0,3,hitl
466,2026-01-10 02:30,supplier_1,supplier,0,442.73,,,,,,,,,,,,,3,hitl
466,2026-01-10 02:30,farm_1,farm,0,,620.0,0.035,,,,,,,,,,,3,hitl
466,2026-01-10 02:30,slaughterhouse_1,slaughterhouse,0,,,,372.0,396.63,,,,,,,,,3,hitl
466,2026-01-10 02:30,wholesaler_1,wholesaler,1,,,,,,59.55,4.0,,,,,,,3,hitl
466,2026-01-10 02:30,retail_1,retail,0,,,,,,,,42.73,30.0,0.0,0.0,10.5,0.0,3,hitl
467,2026-01-10 02:45,supplier_1,supplier,0,441.29,,,,,,,,,,,,,3,hitl
467,2026-01-10 02:45,farm_1,farm,0,,620.0,0.035,,,,,,,,,,,3,hitl
467,2026-01-10 02:45,slaughterhouse_1,slaughterhouse,0,,,,372.0,400.0,,,,,,,,,3,hitl
467,2026-01-10 02:45,wholesaler_1,wholesaler,1,,,,,,57.56,4.0,,,,,,,3,hitl
467,2026-01-10 02:45,retail_1,retail,0,,,,,,,,39.84,30.0,0.0,0.0,10.5,0.0,3,hitl
468,2026-01-10 03:00,supplier_1,supplier,0,440.5,,,,,,,,,,,,,3,hitl
468,2026-01-10 03:00,farm_1,farm,1,,620.0,0.035,,,,,,,,,,,3,hitl
468,2026-01-10 03:00,slaughterhouse_1,slaughterhouse,0,,,,372.0,400.0,,,,,,,,,3,hitl
468,2026-01-10 03:00,wholesaler_1,wholesaler,1,,,,,,53.69,4.0,,,,,,,3,hitl
468,2026-01-10 03:00,retail_1,retail,0,,,,,,,,36.96,30.0,0.0,0.0,10.5,0.0,3,hitl
469,2026-01-10 03:15,supplier_1,supplier,0,439.01,,,,,,,,,,,,,3,hitl
469,2026-01-10 03:15,farm_1,farm,1,,620.0,0.035,,,,,,,,,,,3,hitl
469,2026-01-10 03:15,slaughterhouse_1,slaughterhouse,0,,,,372.0,400.0,,,,,,,,,3,hitl
469,2026-01-10 03:15,wholesaler_1,wholesaler,1,,,,,,51.81,4.0,,,,,,,3,hitl
469,2026-01-10 03:15,retail_1,retail,0,,,,,,,,35.95,30.0,0.0,0.0,10.5,0.0,3,hitl
470,2026-01-10 03:30,supplier_1,supplier,0,438.49,,,,,,,,,,,,,3,hitl
470,2026-01-10 03:30,farm_1,farm,1,,620.0,0.035,,,,,,,,,,,3,hitl
470,2026-01-10 03:30,slaughterhouse_1,slaughterhouse,0,,,,372.0,400.0,,,,,,,,,3,hitl
470,2026-01-10 03:30,wholesaler_1,wholesaler,1,,,,,,50.03,4.0,,,,,,,3,hitl
470,2026-01-10 03:30,retail_1,retail,0,,,,,,,,33.18,30.0,0.0,0.0,10.5,0.0,3,hitl
471,2026-01-10 03:45,supplier_1,supplier,0,437.1,,,,,,,,,,,,,3,hitl
471,2026-01-10 03:45,farm_1,farm,1,,620.0,0.035,,,,,,,,,,,3,hitl
471,2026-01-10 03:45,slaughterhouse_1,slaughterhouse,0,,,,372.0,400.0,,,,,,,,,3,hitl
471,2026-01-10 03:45,wholesaler_1,wholesaler,1,,,,,,47.42,4.0,,,,,,,3,hitl
471,2026-01-10 03:45,retail_1,retail,0,,,,,,,,30.84,30.0,0.0,0.0,10.5,0.0,3,hitl
472,2026-01-10 04:00,supplier_1,supplier,0,435.69,,,,,,,,,,,,,3,hitl
472,2026-01-10 04:00,farm_1,farm,1,,620.0,0.035,,,,,,,,,,,3,hitl
472,2026-01-10 04:00,slaughterhouse_1,slaughterhouse,0,,,,372.0,376.0,,,,,,,,,3,hitl
472,2026-01-10 04:00,wholesaler_1,wholesaler,1,,,,,,43.62,4.0,,,,,,,3,hitl
472,2026-01-10 04:00,retail_1,retail,0,,,,,,,,28.07,30.0,0.0,0.25,10.5,0.0,3,hitl
473,2026-01-10 04:15,supplier_1,supplier,0,434.67,,,,,,,,,,,,,3,hitl
473,2026-01-10 04:15,farm_1,farm,1,,620.0,0.035,,,,,,,,,,,3,hitl
473,2026-01-10 04:15,slaughterhouse_1,slaughterhouse,0,,,,372.0,386.75,,,,,,,,,3,hitl
473,2026-01-10 04:15,wholesaler_1,wholesaler,1,,,,,,65.69,4.0,,,,,,,3,hitl
473,2026-01-10 04:15,retail_1,retail,0,,,,,,,,26.07,30.0,0.0,0.5,10.5,0.0,3,hitl
474,2026-01-10 04:30,supplier_1,supplier,0,433.51,,,,,,,,,,,,,3,hitl
474,2026-01-10 04:30,farm_1,farm,1,,620.0,0.035,,,,,,,,,,,3,hitl
474,2026-01-10 04:30,slaughterhouse_1,slaughterhouse,0,,,,372.0,397.44,,,,,,,,,3,hitl
474,2026-01-10 04:30,wholesaler_1,wholesaler,1,,,,,,63.22,4.0,,,,,,,3,hitl
474,2026-01-10 04:30,retail_1,retail,0,,,,,,,,23.51,30.0,0.0,0.75,10.5,0.0,3,hitl
475,2026-01-10 04:45,supplier_1,supplier,0,432.67,,,,,,,,,,,,,3,hitl
475,2026-01-10 04:45,farm_1,farm,1,,620.0,0.035,,,,,,,,,,,3,hitl
475,2026-01-10 04:45,slaughterhouse_1,slaughterhouse,0,,,,372.0,400.0,,,,,,,,,3,hitl
475,2026-01-10 04:45,wholesaler_1,wholesaler,1,,,,,,61.56,4.0,,,,,,,3,hitl
475,2026-01-10 04:45,retail_1,retail,0,,,,,,,,21.1,30.0,0.0,1.0,10.5,0.0,3,hitl
476,2026-01-10 05:00,supplier_1,supplier,0,431.58,,,,,,,,,,,,,3,hitl
476,2026-01-10 05:00,farm_1,farm,1,,620.0,0.035,,,,,,,,,,,3,hitl
476,2026-01-10 05:00,slaughterhouse_1,slaughterhouse,0,,,,372.0,400.0,,,,,,,,,3,hitl
476,2026-01-10 05:00,wholesaler_1,wholesaler,1,,,,,,59.05,4.0,,,,,,,3,hitl
476,2026-01-10 05:00,retail_1,retail,0,,,,,,,,18.69,30.0,0.0,1.25,10.5,0.0,3,hitl
477,2026-01-10 05:15,supplier_1,supplier,0,430.38,,,,,,,,,,,,,3,hitl
477,2026-01-10 05:15,farm_1,farm,1,,620.0,0.035,,,,,,,,,,,3,hitl
477,2026-01-10 05:15,slaughterhouse_1,slaughterhouse,0,,,,372.0,400.0,,,,,,,,,3,hitl
477,2026-01-10 05:15,wholesaler_1,wholesaler,1,,,,,,57.15,4.0,,,,,,,3,hitl
477,2026-01-10 05:15,retail_1,retail,0,,,,,,,,16.7,30.0,0.0,1.5,10.5,0.0,3,hitl
478,2026-01-10 05:30,supplier_1,supplier,0,429.0,,,,,,,,,,,,,3,hitl
478,2026-01-10 05:30,farm_1,farm,1,,620.0,0.035,,,,,,,,,,,3,hitl
478,2026-01-10 05:30,slaughterhouse_1,slaughterhouse,0,,,,372.0,400.0,,,,,,,,,3,hitl
478,2026-01-10 05:30,wholesaler_1,wholesaler,1,,,,,,54.8,4.0,,,,,,,3,hitl
478,2026-01-10 05:30,retail_1,retail,0,,,,,,,,14.15,30.0,0.0,1.75,10.5,0.0,3,hitl
479,2026-01-10 05:45,supplier_1,supplier,0,428.04,,,,,,,,,,,,,3,hitl
479,2026-01-10 05:45,farm_1,farm,1,,620.0,0.035,,,,,,,,,,,3,hitl
479,2026-01-10 05:45,slaughterhouse_1,slaughterhouse,0,,,,372.0,400.0,,,,,,,,,3,hitl
479,2026-01-10 05:45,wholesaler_1,wholesaler,1,,,,,,52.29,4.0,,,,,,,3,hitl
479,2026-01-10 05:45,retail_1,retail,0,,,,,,,,11.49,30.0,0.0,2.0,10.5,0.0,3,hitl
