tick,timestamp,node_id,node_type,disrupted,available_supply,production_capacity,mortality_rate,processing_capacity,output_stock,inventory_level,pending_shipments,retail_inventory,safety_stock,stockout_flag,shortage_duration,sales_rate,reorder_request,scenario_id,mode
0,2026-02-10 06:00,supplier_1,supplier,0,887.45,,,,,,,,,,,,,21,hitl
0,2026-02-10 06:00,farm_1,farm,0,,751.0,0.0286,,,,,,,,,,,21,hitl
0,2026-02-10 06:00,slaughterhouse_1,slaughterhouse,0,,,,482.0,313.82,,,,,,,,,21,hitl
0,2026-02-10 06:00,wholesaler_1,wholesaler,0,,,,,,165.06,0.0,,,,,,,21,hitl
0,2026-02-10 06:00,retail_1,retail,0,,,,,,,,82.3,30.0,0.0,0.0,3.58,0.0,21,hitl
1,2026-02-10 06:15,supplier_1,supplier,0,886.82,,,,,,,,,,,,,21,hitl
1,2026-02-10 06:15,farm_1,farm,0,,751.0,0.0286,,,,,,,,,,,21,hitl
1,2026-02-10 06:15,slaughterhouse_1,slaughterhouse,0,,,,482.0,326.67,,,,,,,,,21,hitl
1,2026-02-10 06:15,wholesaler_1,wholesaler,0,,,,,,186.93,0.0,,,,,,,21,hitl
1,2026-02-10 06:15,retail_1,retail,0,,,,,,,,89.48,30.0,0.0,0.0,3.58,0.0,21,hitl
2,2026-02-10 06:30,supplier_1,supplier,0,886.03,,,,,,,,,,,,,21,hitl
2,2026-02-10 06:30,farm_1,farm,0,,751.0,0.0286,,,,,,,,,,,21,hitl
2,2026-02-10 06:30,slaughterhouse_1,slaughterhouse,0,,,,482.0,341.06,,,,,,,,,21,hitl
2,2026-02-10 06:30,wholesaler_1,wholesaler,0,,,,,,184.98,0.0,,,,,,,21,hitl
2,2026-02-10 06:30,retail_1,retail,0,,,,,,,,88.55,30.0,0.0,0.0,3.58,0.0,21,hitl
3,2026-02-10 06:45,supplier_1,supplier,0,884.99,,,,,,,,,,,,,21,hitl
3,2026-02-10 06:45,farm_1,farm,0,,751.0,0.0286,,,,,,,,,,,21,hitl
3,2026-02-10 06:45,slaughterhouse_1,slaughterhouse,0,,,,482.0,355.23,,,,,,,,,21,hitl
3,2026-02-10 06:45,wholesaler_1,wholesaler,0,,,,,,182.07,0.0,,,,,,,21,hitl
3,2026-02-10 06:45,retail_1,retail,0,,,,,,,,87.74,30.0,0.0,0.0,3.58,0.0,21,hitl
4,2026-02-10 07:00,supplier_1,supplier,0,883.88,,,,,,,,,,,,,21,hitl
4,2026-02-10 07:00,farm_1,farm,0,,751.0,0.0286,,,,,,,,,,,21,hitl
4,2026-02-10 07:00,slaughterhouse_1,slaughterhouse,0,,,,482.0,367.68,,,,,,,,,21,hitl
4,2026-02-10 07:00,wholesaler_1,wholesaler,0,,,,,,171.08,0.0,,,,,,,21,hitl
4,2026-02-10 07:00,retail_1,retail,0,,,,,,,,86.88,30.0,0.0,0.0,3.58,0.0,21,hitl
5,2026-02-10 07:15,supplier_1,supplier,0,882.54,,,,,,,,,,,,,21,hitl
5,2026-02-10 07:15,farm_1,farm,0,,751.0,0.0286,,,,,,,,,,,21,hitl
5,2026-02-10 07:15,slaughterhouse_1,slaughterhouse,0,,,,482.0,380.43,,,,,,,,,21,hitl
5,2026-02-10 07:15,wholesaler_1,wholesaler,0,,,,,,168.11,0.0,,,,,,,21,hitl
5,2026-02-10 07:15,retail_1,retail,0,,,,,,,,94.06,30.0,0.0,0.0,3.58,0.0,21,hitl
6,2026-02-10 07:30,supplier_1,supplier,0,881.49,,,,,,,,,,,,,21,hitl
6,2026-02-10 07:30,farm_1,farm,0,,751.0,0.0286,,,,,,,,,,,21,hitl
6,2026-02-10 07:30,slaughterhouse_1,slaughterhouse,0,,,,482.0,393.4,,,,,,,,,21,hitl
6,2026-02-10 07:30,wholesaler_1,wholesaler,0,,,,,,166.11,0.0,,,,,,,21,hitl
6,2026-02-10 07:30,retail_1,retail,0,,,,,,,,93.24,30.0,0.0,0.0,3.58,0.0,21,hitl
7,2026-02-10 07:45,supplier_1,supplier,0,880.17,,,,,,,,,,,,,21,hitl
7,2026-02-10 07:45,farm_1,farm,0,,751.0,0.0286,,,,,,,,,,,21,hitl
7,2026-02-10 07:45,slaughterhouse_1,slaughterhouse,0,,,,482.0,400.0,,,,,,,,,21,hitl
7,2026-02-10 07:45,wholesaler_1,wholesaler,0,,,,,,164.11,0.0,,,,,,,21,hitl
7,2026-02-10 07:45,retail_1,retail,0,,,,,,,,92.41,30.0,0.0,0.0,3.58,0.0,21,hitl
8,2026-02-10 08:00,supplier_1,supplier,0,879.52,,,,,,,,,,,,,21,hitl
8,2026-02-10 08:00,farm_1,farm,0,,751.0,0.0286,,,,,,,,,,,21,hitl
8,2026-02-10 08:00,slaughterhouse_1,slaughterhouse,0,,,,482.0,376.0,,,,,,,,,21,hitl
8,2026-02-10 08:00,wholesaler_1,wholesaler,0,,,,,,154.18,0.0,,,,,,,21,hitl
8,2026-02-10 08:00,retail_1,retail,0,,,,,,,,91.5,30.0,0.0,0.0,3.58,0.0,21,hitl
9,2026-02-10 08:15,supplier_1,supplier,0,878.9,,,,,,,,,,,,,21,hitl
9,2026-02-10 08:15,farm_1,farm,0,,751.0,0.0286,,,,,,,,,,,21,hitl
9,2026-02-10 08:15,slaughterhouse_1,slaughterhouse,0,,,,482.0,388.63,,,,,,,,,21,hitl
9,2026-02-10 08:15,wholesaler_1,wholesaler,0,,,,,,176.03,0.0,,,,,,,21,hitl
9,2026-02-10 08:15,retail_1,retail,0,,,,,,,,98.63,30.0,0.0,0.0,3.58,0.0,21,hitl
10,2026-02-10 08:30,supplier_1,supplier,0,878.34,,,,,,,,,,,,,21,hitl
10,2026-02-10 08:30,farm_1,farm,0,,751.0,0.0286,,,,,,,,,,,21,hitl
10,2026-02-10 08:30,slaughterhouse_1,slaughterhouse,0,,,,482.0,400.0,,,,,,,,,21,hitl
10,2026-02-10 08:30,wholesaler_1,wholesaler,0,,,,,,173.91,0.0,,,,,,,21,hitl
10,2026-02-10 08:30,retail_1,retail,0,,,,,,,,97.75,30.0,0.0,0.0,3.58,0.0,21,hitl
11,2026-02-10 08:45,supplier_1,supplier,0,877.29,,,,,,,,,,,,,21,hitl
11,2026-02-10 08:45,farm_1,farm,0,,751.0,0.0286,,,,,,,,,,,21,hitl
11,2026-02-10 08:45,slaughterhouse_1,slaughterhouse,0,,,,482.0,400.0,,,,,,,,,21,hitl
11,2026-02-10 08:45,wholesaler_1,wholesaler,0,,,,,,172.38,0.0,,,,,,,21,hitl
11,2026-02-10 08:45,retail_1,retail,0,,,,,,,,96.81,30.0,0.0,0.0,3.58,0.0,21,hitl
12,2026-02-10 09:00,supplier_1,supplier,0,875.98,,,,,,,,,,,,,21,hitl
12,2026-02-10 09:00,farm_1,farm,0,,751.0,0.0286,,,,,,,,,,,21,hitl
12,2026-02-10 09:00,slaughterhouse_1,slaughterhouse,0,,,,482.0,400.0,,,,,,,,,21,hitl
12,2026-02-10 09:00,wholesaler_1,wholesaler,0,,,,,,161.63,0.0,,,,,,,21,hitl
12,2026-02-10 09:00,retail_1,retail,0,,,,,,,,95.95,30.0,0.0,0.0,3.58,0.0,21,hitl
13,2026-02-10 09:15,supplier_1,supplier,0,875.29,,,,,,,,,,,,,21,hitl
13,2026-02-10 09:15,farm_1,farm,0,,751.0,0.0286,,,,,,,,,,,21,hitl
13,2026-02-10 09:15,slaughterhouse_1,slaughterhouse,0,,,,482.0,400.0,,,,,,,,,21,hitl
13,2026-02-10 09:15,wholesaler_1,wholesaler,0,,,,,,158.91,0.0,,,,,,,21,hitl
13,2026-02-10 09:15,retail_1,retail,0,,,,,,,,102.96,30.0,0.0,0.0,3.58,0.0,21,hitl
14,2026-02-10 09:30,supplier_1,supplier,0,874.78,,,,,,,,,,,,,21,hitl
14,2026-02-10 09:30,farm_1,farm,0,,751.0,0.0286,,,,,,,,,,,21,hitl
14,2026-02-10 09:30,slaughterhouse_1,slaughterhouse,0,,,,482.0,400.0,,,,,,,,,21,hitl
14,2026-02-10 09:30,wholesaler_1,wholesaler,0,,,,,,157.41,0.0,,,,,,,21,hitl
14,2026-02-10 09:30,retail_1,retail,0,,,,,,,,102.1,30.0,0.0,0.0,3.58,0.0,21,hitl
15,2026-02-10 09:45,supplier_1,supplier,0,873.84,,,,,,,,,,,,,21,hitl
15,2026-02-10 09:45,farm_1,farm,0,,751.0,0.0286,,,,,,,,,,,21,hitl
15,2026-02-10 09:45,slaughterhouse_1,slaughterhouse,0,,,,482.0,400.0,,,,,,,,,21,hitl
15,2026-02-10 09:45,wholesaler_1,wholesaler,0,,,,,,155.49,0.0,,,,,,,21,hitl
15,2026-02-10 09:45,retail_1,retail,0,,,,,,,,101.11,30.0,0.0,0.0,3.58,0.0,21,hitl
16,2026-02-10 10:00,supplier_1,supplier,0,872.87,,,,,,,,,,,,,21,hitl
16,2026-02-10 10:00,farm_1,farm,0,,751.0,0.0286,,,,,,,,,,,21,hitl
16,2026-02-10 10:00,slaughterhouse_1,slaughterhouse,0,,,,482.0,376.0,,,,,,,,,21,hitl
16,2026-02-10 10:00,wholesaler_1,wholesaler,0,,,,,,149.22,0.0,,,,,,,21,hitl
16,2026-02-10 10:00,retail_1,retail,0,,,,,,,,100.26,30.0,0.0,0.0,3.58,0.0,21,hitl
17,2026-02-10 10:15,supplier_1,supplier,0,872.11,,,,,,,,,,,,,21,hitl
17,2026-02-10 10:15,farm_1,farm,0,,751.0,0.0286,,,,,,,,,,,21,hitl
17,2026-02-10 10:15,slaughterhouse_1,slaughterhouse,0,,,,482.0,389.86,,,,,,,,,21,hitl
17,2026-02-10 10:15,wholesaler_1,wholesaler,0,,,,,,170.48,0.0,,,,,,,21,hitl
17,2026-02-10 10:15,retail_1,retail,0,,,,,,,,104.09,30.0,0.0,0.0,3.58,0.0,21,hitl
18,2026-02-10 10:30,supplier_1,supplier,0,871.49,,,,,,,,,,,,,21,hitl
18,2026-02-10 10:30,farm_1,farm,0,,751.0,0.0286,,,,,,,,,,,21,hitl
18,2026-02-10 10:30,slaughterhouse_1,slaughterhouse,0,,,,482.0,400.0,,,,,,,,,21,hitl
18,2026-02-10 10:30,wholesaler_1,wholesaler,0,,,,,,168.26,0.0,,,,,,,21,hitl
18,2026-02-10 10:30,retail_1,retail,0,,,,,,,,103.17,30.0,0.0,0.0,3.58,0.0,21,hitl
19,2026-02-10 10:45,supplier_1,supplier,0,870.45,,,,,,,,,,,,,21,hitl
19,2026-02-10 10:45,farm_1,farm,0,,751.0,0.0286,,,,,,,,,,,21,hitl
19,2026-02-10 10:45,slaughterhouse_1,slaughterhouse,0,,,,482.0,400.0,,,,,,,,,21,hitl
19,2026-02-10 10:45,wholesaler_1,wholesaler,0,,,,,,166.28,0.0,,,,,,,21,hitl
19,2026-02-10 10:45,retail_1,retail,0,,,,,,,,102.31,30.0,0.0,0.0,3.58,0.0,21,hitl
20,2026-02-10 11:00,supplier_1,supplier,0,869.12,,,,,,,,,,,,,21,hitl
20,2026-02-10 11:00,farm_1,farm,0,,751.0,0.0286,,,,,,,,,,,21,hitl
20,2026-02-10 11:00,slaughterhouse_1,slaughterhouse,0,,,,482.0,400.0,,,,,,,,,21,hitl
20,2026-02-10 11:00,wholesaler_1,wholesaler,0,,,,,,160.97,0.0,,,,,,,21,hitl
20,2026-02-10 11:00,retail_1,retail,0,,,,,,,,101.35,30.0,0.0,0.0,3.58,0.0,21,hitl
21,2026-02-10 11:15,supplier_1,supplier,0,867.74,,,,,,,,,,,,,21,hitl
21,2026-02-10 11:15,farm_1,farm,0,,751.0,0.0286,,,,,,,,,,,21,hitl
21,2026-02-10 11:15,slaughterhouse_1,slaughterhouse,0,,,,482.0,400.0,,,,,,,,,21,hitl
21,2026-02-10 11:15,wholesaler_1,wholesaler,0,,,,,,158.76,0.0,,,,,,,21,hitl
21,2026-02-10 11:15,retail_1,retail,0,,,,,,,,104.21,30.0,0.0,0.0,3.58,0.0,21,hitl
22,2026-02-10 11:30,supplier_1,supplier,0,866.29,,,,,,,,,,,,,21,hitl
22,2026-02-10 11:30,farm_1,farm,0,,751.0,0.0286,,,,,,,,,,,21,hitl
22,2026-02-10 11:30,slaughterhouse_1,slaughterhouse,0,,,,482.0,400.0,,,,,,,,,21,hitl
22,2026-02-10 11:30,wholesaler_1,wholesaler,0,,,,,,156.35,0.0,,,,,,,21,hitl
22,2026-02-10 11:30,retail_1,retail,0,,,,,,,,103.34,30.0,0.0,0.0,3.58,0.0,21,hitl
23,2026-02-10 11:45,supplier_1,supplier,0,865.16,,,,,,,,,,,,,21,hitl
23,2026-02-10 11:45,farm_1,farm,0,,751.0,0.0286,,,,,,,,,,,21,hitl
23,2026-02-10 11:45,slaughterhouse_1,slaughterhouse,0,,,,482.0,400.0,,,,,,,,,21,hitl
23,2026-02-10 11:45,wholesaler_1,wholesaler,0,,,,,,154.11,0.0,,,,,,,21,hitl
23,2026-02-10 11:45,retail_1,retail,0,,,,,,,,102.34,30.0,0.0,0.0,3.58,0.0,21,hitl
24,2026-02-10 12:00,supplier_1,supplier,0,864.25,,,,,,,,,,,,,21,hitl
24,2026-02-10 12:00,farm_1,farm,0,,751.0,0.0286,,,,,,,,,,,21,hitl
24,2026-02-10 12:00,slaughterhouse_1,slaughterhouse,0,,,,482.0,376.0,,,,,,,,,21,hitl
24,2026-02-10 12:00,wholesaler_1,wholesaler,0,,,,,,148.25,0.0,,,,,,,21,hitl
24,2026-02-10 12:00,retail_1,retail,0,,,,,,,,101.43,30.0,0.0,0.0,3.58,0.0,21,hitl
25,2026-02-10 12:15,supplier_1,supplier,0,863.29,,,,,,,,,,,,,21,hitl
25,2026-02-10 12:15,farm_1,farm,0,,751.0,0.0286,,,,,,,,,,,21,hitl
25,2026-02-10 12:15,slaughterhouse_1,slaughterhouse,0,,,,482.0,389.46,,,,,,,,,21,hitl
25,2026-02-10 12:15,wholesaler_1,wholesaler,0,,,,,,170.42,0.0,,,,,,,21,hitl
25,2026-02-10 12:15,retail_1,retail,0,,,,,,,,104.18,30.0,0.0,0.0,3.58,0.0,21,hitl
26,2026-02-10 12:30,supplier_1,supplier,0,862.15,,,,,,,,,,,,,21,hitl
26,2026-02-10 12:30,farm_1,farm,0,,751.0,0.0286,,,,,,,,,,,21,hitl
26,2026-02-10 12:30,slaughterhouse_1,slaughterhouse,0,,,,482.0,400.0,,,,,,,,,21,hitl
26,2026-02-10 12:30,wholesaler_1,wholesaler,0,,,,,,168.06,0.0,,,,,,,21,hitl
26,2026-02-10 12:30,retail_1,retail,0,,,,,,,,103.18,30.0,0.0,0.0,3.58,0.0,21,hitl
27,2026-02-10 12:45,supplier_1,supplier,0,861.46,,,,,,,,,,,,,21,hitl
27,2026-02-10 12:45,farm_1,farm,0,,751.0,0.0286,,,,,,,,,,,21,hitl
27,2026-02-10 12:45,slaughterhouse_1,slaughterhouse,0,,,,482.0,400.0,,,,,,,,,21,hitl
27,2026-02-10 12:45,wholesaler_1,wholesaler,0,,,,,,166.43,0.0,,,,,,,21,hitl
27,2026-02-10 12:45,retail_1,retail,0,,,,,,,,102.36,30.0,0.0,0.0,3.58,0.0,21,hitl
28,2026-02-10 13:00,supplier_1,supplier,0,860.96,,,,,,,,,,,,,21,hitl
28,2026-02-10 13:00,farm_1,farm,0,,751.0,0.0286,,,,,,,,,,,21,hitl
28,2026-02-10 13:00,slaughterhouse_1,slaughterhouse,0,,,,482.0,400.0,,,,,,,,,21,hitl
28,2026-02-10 13:00,wholesaler_1,wholesaler,0,,,,,,160.64,0.0,,,,,,,21,hitl
28,2026-02-10 13:00,retail_1,retail,0,,,,,,,,101.36,30.0,0.0,0.0,3.58,0.0,21,hitl
29,2026-02-10 13:15,supplier_1,supplier,0,860.25,,,,,,,,,,,,,21,hitl
29,2026-02-10 13:15,farm_1,farm,0,,751.0,0.0286,,,,,,,,,,,21,hitl
29,2026-02-10 13:15,slaughterhouse_1,slaughterhouse,0,,,,482.0,400.0,,,,,,,,,21,hitl
29,2026-02-10 13:15,wholesaler_1,wholesaler,0,,,,,,158.2,0.0,,,,,,,21,hitl
29,2026-02-10 13:15,retail_1,retail,0,,,,,,,,104.16,30.0,0.0,0.0,3.58,0.0,21,hitl
30,2026-02-10 13:30,supplier_1,supplier,0,859.63,,,,,,,,,,,,,21,hitl
30,2026-02-10 13:30,farm_1,farm,0,,751.0,0.0286,,,,,,,,,,,21,hitl
30,2026-02-10 13:30,slaughterhouse_1,slaughterhouse,0,,,,482.0,400.0,,,,,,,,,21,hitl
30,2026-02-10 13:30,wholesaler_1,wholesaler,0,,,,,,156.02,0.0,,,,,,,21,hitl
30,2026-02-10 13:30,retail_1,retail,0,,,,,,,,103.29,30.0,0.0,0.0,3.58,0.0,21,hitl
31,2026-02-10 13:45,supplier_1,supplier,0,859.03,,,,,,,,,,,,,21,hitl
31,2026-02-10 13:45,farm_1,farm,0,,751.0,0.0286,,,,,,,,,,,21,hitl
31,2026-02-10 13:45,slaughterhouse_1,slaughterhouse,0,,,,482.0,400.0,,,,,,,,,21,hitl
31,2026-02-10 13:45,wholesaler_1,wholesaler,0,,,,,,153.92,0.0,,,,,,,21,hitl
31,2026-02-10 13:45,retail_1,retail,0,,,,,,,,102.39,30.0,0.0,0.0,3.58,0.0,21,hitl
32,2026-02-10 14:00,supplier_1,supplier,0,858.2,,,,,,,,,,,,,21,hitl
32,2026-02-10 14:00,farm_1,farm,0,,751.0,0.0286,,,,,,,,,,,21,hitl
32,2026-02-10 14:00,slaughterhouse_1,slaughterhouse,0,,,,482.0,376.0,,,,,,,,,21,hitl
32,2026-02-10 14:00,wholesaler_1,wholesaler,0,,,,,,147.6,0.0,,,,,,,21,hitl
32,2026-02-10 14:00,retail_1,retail,0,,,,,,,,101.57,30.0,0.0,0.0,3.58,0.0,21,hitl
33,2026-02-10 14:15,supplier_1,supplier,0,857.24,,,,,,,,,,,,,21,hitl
33,2026-02-10 14:15,farm_1,farm,0,,751.0,0.0286,,,,,,,,,,,21,hitl
33,2026-02-10 14:15,slaughterhouse_1,slaughterhouse,0,,,,482.0,389.19,,,,,,,,,21,hitl
33,2026-02-10 14:15,wholesaler_1,wholesaler,0,,,,,,168.66,0.0,,,,,,,21,hitl
33,2026-02-10 14:15,retail_1,retail,0,,,,,,,,104.2,30.0,0.0,0.0,3.58,0.0,21,hitl
34,2026-02-10 14:30,supplier_1,supplier,0,856.24,,,,,,,,,,,,,21,hitl
34,2026-02-10 14:30,farm_1,farm,0,,751.0,0.0286,,,,,,,,,,,21,hitl
34,2026-02-10 14:30,slaughterhouse_1,slaughterhouse,0,,,,482.0,400.0,,,,,,,,,21,hitl
34,2026-02-10 14:30,wholesaler_1,wholesaler,0,,,,,,166.43,0.0,,,,,,,21,hitl
34,2026-02-10 14:30,retail_1,retail,0,,,,,,,,103.4,30.0,0.0,0.0,3.58,0.0,21,hitl
35,2026-02-10 14:45,supplier_1,supplier,0,855.34,,,,,,,,,,,,,21,hitl
35,2026-02-10 14:45,farm_1,farm,0,,751.0,0.0286,,,,,,,,,,,21,hitl
35,2026-02-10 14:45,slaughterhouse_1,slaughterhouse,0,,,,482.0,400.0,,,,,,,,,21,hitl
35,2026-02-10 14:45,wholesaler_1,wholesaler,0,,,,,,164.22,0.0,,,,,,,21,hitl
35,2026-02-10 14:45,retail_1,retail,0,,,,,,,,102.57,30.0,0.0,0.0,3.58,0.0,21,hitl
36,2026-02-10 15:00,supplier_1,supplier,0,854.49,,,,,,,,,,,,,21,hitl
36,2026-02-10 15:00,farm_1,farm,1,,751.0,0.0286,,,,,,,,,,,21,hitl
36,2026-02-10 15:00,slaughterhouse_1,slaughterhouse,0,,,,385.6,400.0,,,,,,,,,21,hitl
36,2026-02-10 15:00,wholesaler_1,wholesaler,0,,,,,,159.39,0.0,,,,,,,21,hitl
36,2026-02-10 15:00,retail_1,retail,0,,,,,,,,101.71,30.0,0.0,0.0,3.58,17.2929,21,hitl
37,2026-02-10 15:15,supplier_1,supplier,0,853.12,,,,,,,,,,,,,21,hitl
37,2026-02-10 15:15,farm_1,farm,1,,751.0,0.0286,,,,,,,,,,,21,hitl
37,2026-02-10 15:15,slaughterhouse_1,slaughterhouse,0,,,,385.6,400.0,,,,,,,,,21,hitl
37,2026-02-10 15:15,wholesaler_1,wholesaler,0,,,,,,157.24,0.0,,,,,,,21,hitl
37,2026-02-10 15:15,retail_1,retail,0,,,,,,,,104.14,30.0,0.0,0.0,3.58,17.2929,21,hitl
38,2026-02-10 15:30,supplier_1,supplier,0,851.97,,,,,,,,,,,,,21,hitl
38,2026-02-10 15:30,farm_1,farm,1,,751.0,0.0286,,,,,,,,,,,21,hitl
38,2026-02-10 15:30,slaughterhouse_1,slaughterhouse,0,,,,385.6,400.0,,,,,,,,,21,hitl
38,2026-02-10 15:30,wholesaler_1,wholesaler,0,,,,,,154.66,0.0,,,,,,,21,hitl
38,2026-02-10 15:30,retail_1,retail,0,,,,,,,,103.34,30.0,0.0,0.0,3.58,17.2929,21,hitl
39,2026-02-10 15:45,supplier_1,supplier,0,850.74,,,,,,,,,,,,,21,hitl
39,2026-02-10 15:45,farm_1,farm,1,,751.0,0.0286,,,,,,,,,,,21,hitl
39,2026-02-10 15:45,slaughterhouse_1,slaughterhouse,0,,,,385.6,400.0,,,,,,,,,21,hitl
39,2026-02-10 15:45,wholesaler_1,wholesaler,0,,,,,,153.03,0.0,,,,,,,21,hitl
39,2026-02-10 15:45,retail_1,retail,0,,,,,,,,102.53,30.0,0.0,0.0,3.58,17.2929,21,hitl
40,2026-02-10 16:00,supplier_1,supplier,0,849.81,,,,,,,,,,,,,21,hitl
40,2026-02-10 16:00,farm_1,farm,1,,751.0,0.0286,,,,,,,,,,,21,hitl
40,2026-02-10 16:00,slaughterhouse_1,slaughterhouse,0,,,,385.6,376.0,,,,,,,,,21,hitl
40,2026-02-10 16:00,wholesaler_1,wholesaler,0,,,,,,147.0,0.0,,,,,,,21,hitl
40,2026-02-10 16:00,retail_1,retail,0,,,,,,,,101.59,30.0,0.0,0.0,3.58,17.2929,21,hitl
41,2026-02-10 16:15,supplier_1,supplier,0,848.71,,,,,,,,,,,,,21,hitl
41,2026-02-10 16:15,farm_1,farm,1,,751.0,0.0286,,,,,,,,,,,21,hitl
41,2026-02-10 16:15,slaughterhouse_1,slaughterhouse,0,,,,385.6,387.49,,,,,,,,,21,hitl
41,2026-02-10 16:15,wholesaler_1,wholesaler,0,,,,,,169.13,0.0,,,,,,,21,hitl
41,2026-02-10 16:15,retail_1,retail,0,,,,,,,,104.21,30.0,0.0,0.0,3.58,17.2929,21,hitl
42,2026-02-10 16:30,supplier_1,supplier,0,847.61,,,,,,,,,,,,,21,hitl
42,2026-02-10 16:30,farm_1,farm,1,,751.0,0.0286,,,,,,,,,,,21,hitl
42,2026-02-10 16:30,slaughterhouse_1,slaughterhouse,0,,,,385.6,398.04,,,,,,,,,21,hitl
42,2026-02-10 16:30,wholesaler_1,wholesaler,0,,,,,,167.3,0.0,,,,,,,21,hitl
42,2026-02-10 16:30,retail_1,retail,0,,,,,,,,103.39,30.0,0.0,0.0,3.58,17.2929,21,hitl
43,2026-02-10 16:45,supplier_1,supplier,0,846.22,,,,,,,,,,,,,21,hitl
43,2026-02-10 16:45,farm_1,farm,1,,751.0,0.0286,,,,,,,,,,,21,hitl
43,2026-02-10 16:45,slaughterhouse_1,slaughterhouse,0,,,,385.6,400.0,,,,,,,,,21,hitl
43,2026-02-10 16:45,wholesaler_1,wholesaler,0,,,,,,165.22,0.0,,,,,,,21,hitl
43,2026-02-10 16:45,retail_1,retail,0,,,,,,,,102.43,30.0,0.0,0.0,3.58,17.2929,21,hitl
44,2026-02-10 17:00,supplier_1,supplier,0,844.79,,,,,,,,,,,,,21,hitl
44,2026-02-10 17:00,farm_1,farm,1,,751.0,0.0286,,,,,,,,,,,21,hitl
44,2026-02-10 17:00,slaughterhouse_1,slaughterhouse,0,,,,385.6,400.0,,,,,,,,,21,hitl
44,2026-02-10 17:00,wholesaler_1,wholesaler,0,,,,,,160.14,0.0,,,,,,,21,hitl
44,2026-02-10 17:00,retail_1,retail,0,,,,,,,,101.48,30.0,0.0,0.0,3.58,17.2929,21,hitl
45,2026-02-10 17:15,supplier_1,supplier,0,843.95,,,,,,,,,,,,,21,hitl
45,2026-02-10 17:15,farm_1,farm,1,,751.0,0.0286,,,,,,,,,,,21,hitl
45,2026-02-10 17:15,slaughterhouse_1,slaughterhouse,0,,,,385.6,400.0,,,,,,,,,21,hitl
45,2026-02-10 17:15,wholesaler_1,wholesaler,0,,,,,,157.46,0.0,,,,,,,21,hitl
45,2026-02-10 17:15,retail_1,retail,0,,,,,,,,104.04,30.0,0.0,0.0,3.58,17.2929,21,hitl
46,2026-02-10 17:30,supplier_1,supplier,0,843.4,,,,,,,,,,,,,21,hitl
46,2026-02-10 17:30,farm_1,farm,1,,751.0,0.0286,,,,,,,,,,,21,hitl
46,2026-02-10 17:30,slaughterhouse_1,slaughterhouse,0,,,,385.6,400.0,,,,,,,,,21,hitl
46,2026-02-10 17:30,wholesaler_1,wholesaler,0,,,,,,155.13,0.0,,,,,,,21,hitl
46,2026-02-10 17:30,retail_1,retail,0,,,,,,,,103.11,30.0,0.0,0.0,3.58,17.2929,21,hitl
47,2026-02-10 17:45,supplier_1,supplier,0,842.3,,,,,,,,,,,,,21,hitl
47,2026-02-10 17:45,farm_1,farm,1,,751.0,0.0286,,,,,,,,,,,21,hitl
47,2026-02-10 17:45,slaughterhouse_1,slaughterhouse,0,,,,385.6,400.0,,,,,,,,,21,hitl
47,2026-02-10 17:45,wholesaler_1,wholesaler,0,,,,,,152.67,0.0,,,,,,,21,hitl
47,2026-02-10 17:45,retail_1,retail,0,,,,,,,,102.17,30.0,0.0,0.0,3.58,17.2929,21,hitl
48,2026-02-10 18:00,supplier_1,supplier,0,841.21,,,,,,,,,,,,,21,hitl
48,2026-02-10 18:00,farm_1,farm,1,,751.0,0.0286,,,,,,,,,,,21,hitl
48,2026-02-10 18:00,slaughterhouse_1,slaughterhouse,0,,,,385.6,376.0,,,,,,,,,21,hitl
48,2026-02-10 18:00,wholesaler_1,wholesaler,0,,,,,,146.76,0.0,,,,,,,21,hitl
48,2026-02-10 18:00,retail_1,retail,0,,,,,,,,101.17,30.0,0.0,0.0,3.58,17.2929,21,hitl
49,2026-02-10 18:15,supplier_1,supplier,0,840.44,,,,,,,,,,,,,21,hitl
49,2026-02-10 18:15,farm_1,farm,1,,751.0,0.0286,,,,,,,,,,,21,hitl
49,2026-02-10 18:15,slaughterhouse_1,slaughterhouse,0,,,,385.6,387.16,,,,,,,,,21,hitl
49,2026-02-10 18:15,wholesaler_1,wholesaler,0,,,,,,168.12,0.0,,,,,,,21,hitl
49,2026-02-10 18:15,retail_1,retail,0,,,,,,,,104.17,30.0,0.0,0.0,3.58,17.2929,21,hitl
50,2026-02-10 18:30,supplier_1,supplier,0,839.47,,,,,,,,,,,,,21,hitl
50,2026-02-10 18:30,farm_1,farm,1,,751.0,0.0286,,,,,,,,,,,21,hitl
50,2026-02-10 18:30,slaughterhouse_1,slaughterhouse,0,,,,385.6,397.25,,,,,,,,,21,hitl
50,2026-02-10 18:30,wholesaler_1,wholesaler,0,,,,,,165.54,0.0,,,,,,,21,hitl
50,2026-02-10 18:30,retail_1,retail,0,,,,,,,,103.3,30.0,0.0,0.0,3.58,17.2929,21,hitl
51,2026-02-10 18:45,supplier_1,supplier,0,837.99,,,,,,,,,,,,,21,hitl
51,2026-02-10 18:45,farm_1,farm,1,,751.0,0.0286,,,,,,,,,,,21,hitl
51,2026-02-10 18:45,slaughterhouse_1,slaughterhouse,0,,,,385.6,400.0,,,,,,,,,21,hitl
51,2026-02-10 18:45,wholesaler_1,wholesaler,0,,,,,,163.91,0.0,,,,,,,21,hitl
51,2026-02-10 18:45,retail_1,retail,0,,,,,,,,102.43,30.0,0.0,0.0,3.58,17.2929,21,hitl
52,2026-02-10 19:00,supplier_1,supplier,0,836.97,,,,,,,,,,,,,21,hitl
52,2026-02-10 19:00,farm_1,farm,1,,751.0,0.0286,,,,,,,,,,,21,hitl
52,2026-02-10 19:00,slaughterhouse_1,slaughterhouse,0,,,,385.6,400.0,,,,,,,,,21,hitl
52,2026-02-10 19:00,wholesaler_1,wholesaler,0,,,,,,158.29,0.0,,,,,,,21,hitl
52,2026-02-10 19:00,retail_1,retail,0,,,,,,,,101.5,30.0,0.0,0.0,3.58,17.2929,21,hitl
53,2026-02-10 19:15,supplier_1,supplier,0,835.66,,,,,,,,,,,,,21,hitl
53,2026-02-10 19:15,farm_1,farm,1,,751.0,0.0286,,,,,,,,,,,21,hitl
53,2026-02-10 19:15,slaughterhouse_1,slaughterhouse,0,,,,385.6,400.0,,,,,,,,,21,hitl
53,2026-02-10 19:15,wholesaler_1,wholesaler,0,,,,,,156.41,0.0,,,,,,,21,hitl
53,2026-02-10 19:15,retail_1,retail,0,,,,,,,,104.09,30.0,0.0,0.0,3.58,17.2929,21,hitl
54,2026-02-10 19:30,supplier_1,supplier,0,835.0,,,,,,,,,,,,,21,hitl
54,2026-02-10 19:30,farm_1,farm,1,,751.0,0.0286,,,,,,,,,,,21,hitl
54,2026-02-10 19:30,slaughterhouse_1,slaughterhouse,0,,,,385.6,400.0,,,,,,,,,21,hitl
54,2026-02-10 19:30,wholesaler_1,wholesaler,0,,,,,,154.83,0.0,,,,,,,21,hitl
54,2026-02-10 19:30,retail_1,retail,0,,,,,,,,103.13,30.0,0.0,0.0,3.58,17.2929,21,hitl
55,2026-02-10 19:45,supplier_1,supplier,0,833.78,,,,,,,,,,,,,21,hitl
55,2026-02-10 19:45,farm_1,farm,1,,751.0,0.0286,,,,,,,,,,,21,hitl
55,2026-02-10 19:45,slaughterhouse_1,slaughterhouse,0,,,,385.6,400.0,,,,,,,,,21,hitl
55,2026-02-10 19:45,wholesaler_1,wholesaler,0,,,,,,152.66,0.0,,,,,,,21,hitl
55,2026-02-10 19:45,retail_1,retail,0,,,,,,,,102.24,30.0,0.0,0.0,3.58,17.2929,21,hitl
56,2026-02-10 20:00,supplier_1,supplier,0,832.49,,,,,,,,,,,,,21,hitl
56,2026-02-10 20:00,farm_1,farm,1,,751.0,0.0286,,,,,,,,,,,21,hitl
56,2026-02-10 20:00,slaughterhouse_1,slaughterhouse,0,,,,385.6,376.0,,,,,,,,,21,hitl
56,2026-02-10 20:00,wholesaler_1,wholesaler,0,,,,,,147.01,0.0,,,,,,,21,hitl
56,2026-02-10 20:00,retail_1,retail,0,,,,,,,,101.43,30.0,0.0,0.0,3.58,17.2929,21,hitl
57,2026-02-10 20:15,supplier_1,supplier,1,287.78,,,,,,,,,,,,,21,hitl
57,2026-02-10 20:15,farm_1,farm,1,,751.0,0.0286,,,,,,,,,,,21,hitl
57,2026-02-10 20:15,slaughterhouse_1,slaughterhouse,0,,,,385.6,386.46,,,,,,,,,21,hitl
57,2026-02-10 20:15,wholesaler_1,wholesaler,0,,,,,,168.26,0.0,,,,,,,21,hitl
57,2026-02-10 20:15,retail_1,retail,0,,,,,,,,104.02,30.0,0.0,0.0,3.58,17.2929,21,hitl
58,2026-02-10 20:30,supplier_1,supplier,1,287.07,,,,,,,,,,,,,21,hitl
58,2026-02-10 20:30,farm_1,farm,1,,751.0,0.0286,,,,,,,,,,,21,hitl
58,2026-02-10 20:30,slaughterhouse_1,slaughterhouse,0,,,,385.6,396.81,,,,,,,,,21,hitl
58,2026-02-10 20:30,wholesaler_1,wholesaler,0,,,,,,165.86,0.0,,,,,,,21,hitl
58,2026-02-10 20:30,retail_1,retail,0,,,,,,,,103.15,30.0,0.0,0.0,3.58,17.2929,21,hitl
59,2026-02-10 20:45,supplier_1,supplier,1,285.89,,,,,,,,,,,,,21,hitl
59,2026-02-10 20:45,farm_1,farm,1,,751.0,0.0286,,,,,,,,,,,21,hitl
59,2026-02-10 20:45,slaughterhouse_1,slaughterhouse,0,,,,385.6,400.0,,,,,,,,,21,hitl
59,2026-02-10 20:45,wholesaler_1,wholesaler,0,,,,,,163.86,0.0,,,,,,,21,hitl
59,2026-02-10 20:45,retail_1,retail,0,,,,,,,,102.17,30.0,0.0,0.0,3.58,17.2929,21,hitl
60,2026-02-10 21:00,supplier_1,supplier,1,284.97,,,,,,,,,,,,,21,hitl
60,2026-02-10 21:00,farm_1,farm,1,,751.0,0.0286,,,,,,,,,,,21,hitl
60,2026-02-10 21:00,slaughterhouse_1,slaughterhouse,0,,,,385.6,400.0,,,,,,,,,21,hitl
60,2026-02-10 21:00,wholesaler_1,wholesaler,0,,,,,,158.01,0.0,,,,,,,21,hitl
60,2026-02-10 21:00,retail_1,retail,0,,,,,,,,101.22,30.0,0.0,0.0,3.58,17.2929,21,hitl
61,2026-02-10 21:15,supplier_1,supplier,1,284.16,,,,,,,,,,,,,21,hitl
61,2026-02-10 21:15,farm_1,farm,1,,751.0,0.0286,,,,,,,,,,,21,hitl
61,2026-02-10 21:15,slaughterhouse_1,slaughterhouse,0,,,,385.6,400.0,,,,,,,,,21,hitl
61,2026-02-10 21:15,wholesaler_1,wholesaler,0,,,,,,155.9,0.0,,,,,,,21,hitl
61,2026-02-10 21:15,retail_1,retail,0,,,,,,,,104.0,30.0,0.0,0.0,3.58,17.2929,21,hitl
62,2026-02-10 21:30,supplier_1,supplier,1,283.53,,,,,,,,,,,,,21,hitl
62,2026-02-10 21:30,farm_1,farm,1,,751.0,0.0286,,,,,,,,,,,21,hitl
62,2026-02-10 21:30,slaughterhouse_1,slaughterhouse,0,,,,385.6,400.0,,,,,,,,,21,hitl
62,2026-02-10 21:30,wholesaler_1,wholesaler,0,,,,,,153.18,0.0,,,,,,,21,hitl
62,2026-02-10 21:30,retail_1,retail,0,,,,,,,,103.17,30.0,0.0,0.0,3.58,17.2929,21,hitl
63,2026-02-10 21:45,supplier_1,supplier,1,282.47,,,,,,,,,,,,,21,hitl
63,2026-02-10 21:45,farm_1,farm,1,,751.0,0.0286,,,,,,,,,,,21,hitl
63,2026-02-10 21:45,slaughterhouse_1,slaughterhouse,0,,,,385.6,400.0,,,,,,,,,21,hitl
63,2026-02-10 21:45,wholesaler_1,wholesaler,0,,,,,,151.0,0.0,,,,,,,21,hitl
63,2026-02-10 21:45,retail_1,retail,0,,,,,,,,102.34,30.0,0.0,0.0,3.58,17.2929,21,hitl
64,2026-02-10 22:00,supplier_1,supplier,1,281.22,,,,,,,,,,,,,21,hitl
64,2026-02-10 22:00,farm_1,farm,1,,751.0,0.0286,,,,,,,,,,,21,hitl
64,2026-02-10 22:00,slaughterhouse_1,slaughterhouse,0,,,,385.6,376.0,,,,,,,,,21,hitl
64,2026-02-10 22:00,wholesaler_1,wholesaler,0,,,,,,145.08,0.0,,,,,,,21,hitl
64,2026-02-10 22:00,retail_1,retail,0,,,,,,,,101.52,30.0,0.0,0.0,3.58,17.2929,21,hitl
65,2026-02-10 22:15,supplier_1,supplier,1,280.1,,,,,,,,,,,,,21,hitl
65,2026-02-10 22:15,farm_1,farm,1,,751.0,0.0286,,,,,,,,,,,21,hitl
65,2026-02-10 22:15,slaughterhouse_1,slaughterhouse,0,,,,385.6,386.29,,,,,,,,,21,hitl
65,2026-02-10 22:15,wholesaler_1,wholesaler,0,,,,,,167.03,0.0,,,,,,,21,hitl
65,2026-02-10 22:15,retail_1,retail,0,,,,,,,,104.1,30.0,0.0,0.0,3.58,17.2929,21,hitl
66,2026-02-10 22:30,supplier_1,supplier,1,279.27,,,,,,,,,,,,,21,hitl
66,2026-02-10 22:30,farm_1,farm,1,,751.0,0.0286,,,,,,,,,,,21,hitl
66,2026-02-10 22:30,slaughterhouse_1,slaughterhouse,0,,,,385.6,396.27,,,,,,,,,21,hitl
66,2026-02-10 22:30,wholesaler_1,wholesaler,0,,,,,,164.79,0.0,,,,,,,21,hitl
66,2026-02-10 22:30,retail_1,retail,0,,,,,,,,103.11,30.0,0.0,0.0,3.58,17.2929,21,hitl
67,2026-02-10 22:45,supplier_1,supplier,1,278.58,,,,,,,,,,,,,21,hitl
67,2026-02-10 22:45,farm_1,farm,1,,751.0,0.0286,,,,,,,,,,,21,hitl
67,2026-02-10 22:45,slaughterhouse_1,slaughterhouse,0,,,,385.6,400.0,,,,,,,,,21,hitl
67,2026-02-10 22:45,wholesaler_1,wholesaler,0,,,,,,162.67,0.0,,,,,,,21,hitl
67,2026-02-10 22:45,retail_1,retail,0,,,,,,,,102.26,30.0,0.0,0.0,3.58,17.2929,21,hitl
68,2026-02-10 23:00,supplier_1,supplier,1,278.04,,,,,,,,,,,,,21,hitl
68,2026-02-10 23:00,farm_1,farm,1,,751.0,0.0286,,,,,,,,,,,21,hitl
68,2026-02-10 23:00,slaughterhouse_1,slaughterhouse,0,,,,385.6,400.0,,,,,,,,,21,hitl
68,2026-02-10 23:00,wholesaler_1,wholesaler,0,,,,,,157.01,0.0,,,,,,,21,hitl
68,2026-02-10 23:00,retail_1,retail,0,,,,,,,,101.35,30.0,0.0,0.0,3.58,17.2929,21,hitl
69,2026-02-10 23:15,supplier_1,supplier,1,277.08,,,,,,,,,,,,,21,hitl
69,2026-02-10 23:15,farm_1,farm,1,,751.0,0.0286,,,,,,,,,,,21,hitl
69,2026-02-10 23:15,slaughterhouse_1,slaughterhouse,0,,,,385.6,400.0,,,,,,,,,21,hitl
69,2026-02-10 23:15,wholesaler_1,wholesaler,0,,,,,,155.21,0.0,,,,,,,21,hitl
69,2026-02-10 23:15,retail_1,retail,0,,,,,,,,104.05,30.0,0.0,0.0,3.58,17.2929,21,hitl
70,2026-02-10 23:30,supplier_1,supplier,1,275.71,,,,,,,,,,,,,21,hitl
70,2026-02-10 23:30,farm_1,farm,1,,751.0,0.0286,,,,,,,,,,,21,hitl
70,2026-02-10 23:30,slaughterhouse_1,slaughterhouse,0,,,,385.6,400.0,,,,,,,,,21,hitl
70,2026-02-10 23:30,wholesaler_1,wholesaler,0,,,,,,153.59,0.0,,,,,,,21,hitl
70,2026-02-10 23:30,retail_1,retail,0,,,,,,,,103.12,30.0,0.0,0.0,3.58,17.2929,21,hitl
71,2026-02-10 23:45,supplier_1,supplier,1,274.81,,,,,,,,,,,,,21,hitl
71,2026-02-10 23:45,farm_1,farm,1,,751.0,0.0286,,,,,,,,,,,21,hitl
71,2026-02-10 23:45,slaughterhouse_1,slaughterhouse,0,,,,385.6,400.0,,,,,,,,,21,hitl
71,2026-02-10 23:45,wholesaler_1,wholesaler,0,,,,,,151.09,0.0,,,,,,,21,hitl
71,2026-02-10 23:45,retail_1,retail,0,,,,,,,,102.19,30.0,0.0,0.0,3.58,17.2929,21,hitl
72,2026-02-11 00:00,supplier_1,supplier,1,273.7,,,,,,,,,,,,,21,hitl
72,2026-02-11 00:00,farm_1,farm,0,,751.0,0.0286,,,,,,,,,,,21,hitl
72,2026-02-11 00:00,slaughterhouse_1,slaughterhouse,0,,,,385.6,376.0,,,,,,,,,21,hitl
72,2026-02-11 00:00,wholesaler_1,wholesaler,0,,,,,,144.61,0.0,,,,,,,21,hitl
72,2026-02-11 00:00,retail_1,retail,0,,,,,,,,101.21,30.0,0.0,0.0,3.58,17.2929,21,hitl
73,2026-02-11 00:15,supplier_1,supplier,1,272.84,,,,,,,,,,,,,21,hitl
73,2026-02-11 00:15,farm_1,farm,0,,751.0,0.0286,,,,,,,,,,,21,hitl
73,2026-02-11 00:15,slaughterhouse_1,slaughterhouse,0,,,,385.6,386.74,,,,,,,,,21,hitl
73,2026-02-11 00:15,wholesaler_1,wholesaler,0,,,,,,166.79,0.0,,,,,,,21,hitl
73,2026-02-11 00:15,retail_1,retail,0,,,,,,,,104.21,30.0,0.0,0.0,3.58,17.2929,21,hitl
74,2026-02-11 00:30,supplier_1,supplier,1,271.53,,,,,,,,,,,,,21,hitl
74,2026-02-11 00:30,farm_1,farm,0,,751.0,0.0286,,,,,,,,,,,21,hitl
74,2026-02-11 00:30,slaughterhouse_1,slaughterhouse,0,,,,385.6,397.14,,,,,,,,,21,hitl
74,2026-02-11 00:30,wholesaler_1,wholesaler,0,,,,,,164.68,0.0,,,,,,,21,hitl
74,2026-02-11 00:30,retail_1,retail,0,,,,,,,,103.3,30.0,0.0,0.0,3.58,17.2929,21,hitl
75,2026-02-11 00:45,supplier_1,supplier,1,270.96,,,,,,,,,,,,,21,hitl
75,2026-02-11 00:45,farm_1,farm,0,,751.0,0.0286,,,,,,,,,,,21,hitl
75,2026-02-11 00:45,slaughterhouse_1,slaughterhouse,0,,,,385.6,400.0,,,,,,,,,21,hitl
75,2026-02-11 00:45,wholesaler_1,wholesaler,0,,,,,,162.07,0.0,,,,,,,21,hitl
75,2026-02-11 00:45,retail_1,retail,0,,,,,,,,102.4,30.0,0.0,0.0,3.58,17.2929,21,hitl
76,2026-02-11 01:00,supplier_1,supplier,1,270.18,,,,,,,,,,,,,21,hitl
76,2026-02-11 01:00,farm_1,farm,0,,751.0,0.0286,,,,,,,,,,,21,hitl
76,2026-02-11 01:00,slaughterhouse_1,slaughterhouse,0,,,,385.6,400.0,,,,,,,,,21,hitl
76,2026-02-11 01:00,wholesaler_1,wholesaler,0,,,,,,156.28,0.0,,,,,,,21,hitl
76,2026-02-11 01:00,retail_1,retail,0,,,,,,,,101.4,30.0,0.0,0.0,3.58,17.2929,21,hitl
77,2026-02-11 01:15,supplier_1,supplier,1,268.97,,,,,,,,,,,,,21,hitl
77,2026-02-11 01:15,farm_1,farm,0,,751.0,0.0286,,,,,,,,,,,21,hitl
77,2026-02-11 01:15,slaughterhouse_1,slaughterhouse,0,,,,385.6,400.0,,,,,,,,,21,hitl
77,2026-02-11 01:15,wholesaler_1,wholesaler,0,,,,,,154.17,0.0,,,,,,,21,hitl
77,2026-02-11 01:15,retail_1,retail,0,,,,,,,,104.14,30.0,0.0,0.0,3.58,17.2929,21,hitl
78,2026-02-11 01:30,supplier_1,supplier,1,268.1,,,,,,,,,,,,,21,hitl
78,2026-02-11 01:30,farm_1,farm,0,,751.0,0.0286,,,,,,,,,,,21,hitl
78,2026-02-11 01:30,slaughterhouse_1,slaughterhouse,0,,,,385.6,400.0,,,,,,,,,21,hitl
78,2026-02-11 01:30,wholesaler_1,wholesaler,0,,,,,,152.23,0.0,,,,,,,21,hitl
78,2026-02-11 01:30,retail_1,retail,0,,,,,,,,103.18,30.0,0.0,0.0,3.58,17.2929,21,hitl
79,2026-02-11 01:45,supplier_1,supplier,1,266.84,,,,,,,,,,,,,21,hitl
79,2026-02-11 01:45,farm_1,farm,0,,751.0,0.0286,,,,,,,,,,,21,hitl
79,2026-02-11 01:45,slaughterhouse_1,slaughterhouse,0,,,,385.6,400.0,,,,,,,,,21,hitl
79,2026-02-11 01:45,wholesaler_1,wholesaler,0,,,,,,149.41,0.0,,,,,,,21,hitl
79,2026-02-11 01:45,retail_1,retail,0,,,,,,,,102.37,30.0,0.0,0.0,3.58,17.2929,21,hitl
80,2026-02-11 02:00,supplier_1,supplier,1,265.98,,,,,,,,,,,,,21,hitl
80,2026-02-11 02:00,farm_1,farm,0,,751.0,0.0286,,,,,,,,,,,21,hitl
80,2026-02-11 02:00,slaughterhouse_1,slaughterhouse,0,,,,385.6,376.0,,,,,,,,,21,hitl
80,2026-02-11 02:00,wholesaler_1,wholesaler,0,,,,,,144.17,0.0,,,,,,,21,hitl
80,2026-02-11 02:00,retail_1,retail,0,,,,,,,,101.55,30.0,0.0,0.0,3.58,17.2929,21,hitl
81,2026-02-11 02:15,supplier_1,supplier,1,264.96,,,,,,,,,,,,,21,hitl
81,2026-02-11 02:15,farm_1,farm,0,,751.0,0.0286,,,,,,,,,,,21,hitl
81,2026-02-11 02:15,slaughterhouse_1,slaughterhouse,0,,,,385.6,386.6,,,,,,,,,21,hitl
81,2026-02-11 02:15,wholesaler_1,wholesaler,0,,,,,,165.61,0.0,,,,,,,21,hitl
81,2026-02-11 02:15,retail_1,retail,0,,,,,,,,104.12,30.0,0.0,0.0,3.58,17.2929,21,hitl
82,2026-02-11 02:30,supplier_1,supplier,1,263.74,,,,,,,,,,,,,21,hitl
82,2026-02-11 02:30,farm_1,farm,0,,751.0,0.0286,,,,,,,,,,,21,hitl
82,2026-02-11 02:30,slaughterhouse_1,slaughterhouse,0,,,,385.6,397.96,,,,,,,,,21,hitl
82,2026-02-11 02:30,wholesaler_1,wholesaler,0,,,,,,163.12,0.0,,,,,,,21,hitl
82,2026-02-11 02:30,retail_1,retail,0,,,,,,,,103.27,30.0,0.0,0.0,3.58,17.2929,21,hitl
83,2026-02-11 02:45,supplier_1,supplier,1,262.59,,,,,,,,,,,,,21,hitl
83,2026-02-11 02:45,farm_1,farm,0,,751.0,0.0286,,,,,,,,,,,21,hitl
83,2026-02-11 02:45,slaughterhouse_1,slaughterhouse,0,,,,385.6,400.0,,,,,,,,,21,hitl
83,2026-02-11 02:45,wholesaler_1,wholesaler,0,,,,,,161.17,0.0,,,,,,,21,hitl
83,2026-02-11 02:45,retail_1,retail,0,,,,,,,,102.39,30.0,0.0,0.0,3.58,17.2929,21,hitl
84,2026-02-11 03:00,supplier_1,supplier,1,261.33,,,,,,,,,,,,,21,hitl
84,2026-02-11 03:00,farm_1,farm,0,,751.0,0.0286,,,,,,,,,,,21,hitl
84,2026-02-11 03:00,slaughterhouse_1,slaughterhouse,0,,,,385.6,400.0,,,,,,,,,21,hitl
84,2026-02-11 03:00,wholesaler_1,wholesaler,0,,,,,,155.35,0.0,,,,,,,21,hitl
84,2026-02-11 03:00,retail_1,retail,0,,,,,,,,101.54,30.0,0.0,0.0,3.58,17.2929,21,hitl
85,2026-02-11 03:15,supplier_1,supplier,1,260.06,,,,,,,,,,,,,21,hitl
85,2026-02-11 03:15,farm_1,farm,0,,751.0,0.0286,,,,,,,,,,,21,hitl
85,2026-02-11 03:15,slaughterhouse_1,slaughterhouse,0,,,,385.6,400.0,,,,,,,,,21,hitl
85,2026-02-11 03:15,wholesaler_1,wholesaler,0,,,,,,153.41,0.0,,,,,,,21,hitl
85,2026-02-11 03:15,retail_1,retail,0,,,,,,,,104.01,30.0,0.0,0.0,3.58,17.2929,21,hitl
86,2026-02-11 03:30,supplier_1,supplier,1,258.94,,,,,,,,,,,,,21,hitl
86,2026-02-11 03:30,farm_1,farm,0,,751.0,0.0286,,,,,,,,,,,21,hitl
86,2026-02-11 03:30,slaughterhouse_1,slaughterhouse,0,,,,385.6,400.0,,,,,,,,,21,hitl
86,2026-02-11 03:30,wholesaler_1,wholesaler,0,,,,,,151.16,0.0,,,,,,,21,hitl
86,2026-02-11 03:30,retail_1,retail,0,,,,,,,,103.06,30.0,0.0,0.0,3.58,17.2929,21,hitl
87,2026-02-11 03:45,supplier_1,supplier,1,258.01,,,,,,,,,,,,,21,hitl
87,2026-02-11 03:45,farm_1,farm,0,,751.0,0.0286,,,,,,,,,,,21,hitl
87,2026-02-11 03:45,slaughterhouse_1,slaughterhouse,0,,,,385.6,400.0,,,,,,,,,21,hitl
87,2026-02-11 03:45,wholesaler_1,wholesaler,0,,,,,,148.93,0.0,,,,,,,21,hitl
87,2026-02-11 03:45,retail_1,retail,0,,,,,,,,102.07,30.0,0.0,0.0,3.58,17.2929,21,hitl
88,2026-02-11 04:00,supplier_1,supplier,1,256.7,,,,,,,,,,,,,21,hitl
88,2026-02-11 04:00,farm_1,farm,0,,751.0,0.0286,,,,,,,,,,,21,hitl
88,2026-02-11 04:00,slaughterhouse_1,slaughterhouse,0,,,,385.6,376.0,,,,,,,,,21,hitl
88,2026-02-11 04:00,wholesaler_1,wholesaler,0,,,,,,142.85,0.0,,,,,,,21,hitl
88,2026-02-11 04:00,retail_1,retail,0,,,,,,,,101.27,30.0,0.0,0.0,3.58,17.2929,21,hitl
89,2026-02-11 04:15,supplier_1,supplier,1,255.43,,,,,,,,,,,,,21,hitl
89,2026-02-11 04:15,farm_1,farm,0,,751.0,0.0286,,,,,,,,,,,21,hitl
89,2026-02-11 04:15,slaughterhouse_1,slaughterhouse,0,,,,385.6,386.67,,,,,,,,,21,hitl
89,2026-02-11 04:15,wholesaler_1,wholesaler,0,,,,,,164.5,0.0,,,,,,,21,hitl
89,2026-02-11 04:15,retail_1,retail,0,,,,,,,,104.18,30.0,0.0,0.0,3.58,17.2929,21,hitl
90,2026-02-11 04:30,supplier_1,supplier,1,254.35,,,,,,,,,,,,,21,hitl
90,2026-02-11 04:30,farm_1,farm,0,,751.0,0.0286,,,,,,,,,,,21,hitl
90,2026-02-11 04:30,slaughterhouse_1,slaughterhouse,0,,,,385.6,397.94,,,,,,,,,21,hitl
90,2026-02-11 04:30,wholesaler_1,wholesaler,0,,,,,,161.7,0.0,,,,,,,21,hitl
90,2026-02-11 04:30,retail_1,retail,0,,,,,,,,103.19,30.0,0.0,0.0,3.58,17.2929,21,hitl
91,2026-02-11 04:45,supplier_1,supplier,1,253.26,,,,,,,,,,,,,21,hitl
91,2026-02-11 04:45,farm_1,farm,0,,751.0,0.0286,,,,,,,,,,,21,hitl
91,2026-02-11 04:45,slaughterhouse_1,slaughterhouse,0,,,,385.6,400.0,,,,,,,,,21,hitl
91,2026-02-11 04:45,wholesaler_1,wholesaler,0,,,,,,159.11,0.0,,,,,,,21,hitl
91,2026-02-11 04:45,retail_1,retail,0,,,,,,,,102.25,30.0,0.0,0.0,3.58,17.2929,21,hitl
92,2026-02-11 05:00,supplier_1,supplier,1,252.14,,,,,,,,,,,,,21,hitl
92,2026-02-11 05:00,farm_1,farm,0,,751.0,0.0286,,,,,,,,,,,21,hitl
92,2026-02-11 05:00,slaughterhouse_1,slaughterhouse,0,,,,385.6,400.0,,,,,,,,,21,hitl
92,2026-02-11 05:00,wholesaler_1,wholesaler,0,,,,,,153.8,0.0,,,,,,,21,hitl
92,2026-02-11 05:00,retail_1,retail,0,,,,,,,,101.28,30.0,0.0,0.0,3.58,17.2929,21,hitl
93,2026-02-11 05:15,supplier_1,supplier,1,250.98,,,,,,,,,,,,,21,hitl
93,2026-02-11 05:15,farm_1,farm,0,,751.0,0.0286,,,,,,,,,,,21,hitl
93,2026-02-11 05:15,slaughterhouse_1,slaughterhouse,0,,,,385.6,400.0,,,,,,,,,21,hitl
93,2026-02-11 05:15,wholesaler_1,wholesaler,0,,,,,,150.87,0.0,,,,,,,21,hitl
93,2026-02-11 05:15,retail_1,retail,0,,,,,,,,104.12,30.0,0.0,0.0,3.58,17.2929,21,hitl
94,2026-02-11 05:30,supplier_1,supplier,1,249.76,,,,,,,,,,,,,21,hitl
94,2026-02-11 05:30,farm_1,farm,0,,751.0,0.0286,,,,,,,,,,,21,hitl
94,2026-02-11 05:30,slaughterhouse_1,slaughterhouse,0,,,,385.6,400.0,,,,,,,,,21,hitl
94,2026-02-11 05:30,wholesaler_1,wholesaler,0,,,,,,147.93,0.0,,,,,,,21,hitl
94,2026-02-11 05:30,retail_1,retail,0,,,,,,,,103.12,30.0,0.0,0.0,3.58,17.2929,21,hitl
95,2026-02-11 05:45,supplier_1,supplier,1,248.38,,,,,,,,,,,,,21,hitl
95,2026-02-11 05:45,farm_1,farm,0,,751.0,0.0286,,,,,,,,,,,21,hitl
95,2026-02-11 05:45,slaughterhouse_1,slaughterhouse,0,,,,385.6,400.0,,,,,,,,,21,hitl
95,2026-02-11 05:45,wholesaler_1,wholesaler,0,,,,,,146.12,0.0,,,,,,,21,hitl
95,2026-02-11 05:45,retail_1,retail,0,,,,,,,,102.17,30.0,0.0,0.0,3.58,17.2929,21,hitl
96,2026-02-11 06:00,supplier_1,supplier,1,247.88,,,,,,,,,,,,,21,hitl
96,2026-02-11 06:00,farm_1,farm,0,,751.0,0.0286,,,,,,,,,,,21,hitl
96,2026-02-11 06:00,slaughterhouse_1,slaughterhouse,0,,,,385.6,376.0,,,,,,,,,21,hitl
96,2026-02-11 06:00,wholesaler_1,wholesaler,0,,,,,,140.64,0.0,,,,,,,21,hitl
96,2026-02-11 06:00,retail_1,retail,0,,,,,,,,101.28,30.0,0.0,0.0,3.58,17.2929,21,hitl
97,2026-02-11 06:15,supplier_1,supplier,1,246.73,,,,,,,,,,,,,21,hitl
97,2026-02-11 06:15,farm_1,farm,0,,751.0,0.0286,,,,,,,,,,,21,hitl
97,2026-02-11 06:15,slaughterhouse_1,slaughterhouse,0,,,,385.6,386.9,,,,,,,,,21,hitl
97,2026-02-11 06:15,wholesaler_1,wholesaler,0,,,,,,162.0,0.0,,,,,,,21,hitl
97,2026-02-11 06:15,retail_1,retail,0,,,,,,,,104.12,30.0,0.0,0.0,3.58,17.2929,21,hitl
98,2026-02-11 06:30,supplier_1,supplier,1,246.01,,,,,,,,,,,,,21,hitl
98,2026-02-11 06:30,farm_1,farm,0,,751.0,0.0286,,,,,,,,,,,21,hitl
98,2026-02-11 06:30,slaughterhouse_1,slaughterhouse,0,,,,385.6,398.05,,,,,,,,,21,hitl
98,2026-02-11 06:30,wholesaler_1,wholesaler,0,,,,,,159.69,0.0,,,,,,,21,hitl
98,2026-02-11 06:30,retail_1,retail,0,,,,,,,,103.19,30.0,0.0,0.0,3.58,17.2929,21,hitl
99,2026-02-11 06:45,supplier_1,supplier,1,244.6,,,,,,,,,,,,,21,hitl
99,2026-02-11 06:45,farm_1,farm,0,,751.0,0.0286,,,,,,,,,,,21,hitl
99,2026-02-11 06:45,slaughterhouse_1,slaughterhouse,0,,,,385.6,400.0,,,,,,,,,21,hitl
99,2026-02-11 06:45,wholesaler_1,wholesaler,0,,,,,,157.7,0.0,,,,,,,21,hitl
99,2026-02-11 06:45,retail_1,retail,0,,,,,,,,102.24,30.0,0.0,0.0,3.58,17.2929,21,hitl
100,2026-02-11 07:00,supplier_1,supplier,1,243.24,,,,,,,,,,,,,21,hitl
100,2026-02-11 07:00,farm_1,farm,0,,751.0,0.0286,,,,,,,,,,,21,hitl
100,2026-02-11 07:00,slaughterhouse_1,slaughterhouse,0,,,,385.6,400.0,,,,,,,,,21,hitl
100,2026-02-11 07:00,wholesaler_1,wholesaler,0,,,,,,152.33,0.0,,,,,,,21,hitl
100,2026-02-11 07:00,retail_1,retail,0,,,,,,,,101.37,30.0,0.0,0.0,3.58,17.2929,21,hitl
101,2026-02-11 07:15,supplier_1,supplier,1,242.19,,,,,,,,,,,,,21,hitl
101,2026-02-11 07:15,farm_1,farm,0,,751.0,0.0286,,,,,,,,,,,21,hitl
101,2026-02-11 07:15,slaughterhouse_1,slaughterhouse,0,,,,385.6,400.0,,,,,,,,,21,hitl
101,2026-02-11 07:15,wholesaler_1,wholesaler,0,,,,,,150.47,0.0,,,,,,,21,hitl
101,2026-02-11 07:15,retail_1,retail,0,,,,,,,,104.01,30.0,0.0,0.0,3.58,17.2929,21,hitl
102,2026-02-11 07:30,supplier_1,supplier,1,240.8,,,,,,,,,,,,,21,hitl
102,2026-02-11 07:30,farm_1,farm,0,,751.0,0.0286,,,,,,,,,,,21,hitl
102,2026-02-11 07:30,slaughterhouse_1,slaughterhouse,0,,,,385.6,400.0,,,,,,,,,21,hitl
102,2026-02-11 07:30,wholesaler_1,wholesaler,0,,,,,,147.5,0.0,,,,,,,21,hitl
102,2026-02-11 07:30,retail_1,retail,0,,,,,,,,103.17,30.0,0.0,0.0,3.58,17.2929,21,hitl
103,2026-02-11 07:45,supplier_1,supplier,1,239.97,,,,,,,,,,,,,21,hitl
103,2026-02-11 07:45,farm_1,farm,0,,751.0,0.0286,,,,,,,,,,,21,hitl
103,2026-02-11 07:45,slaughterhouse_1,slaughterhouse,0,,,,385.6,400.0,,,,,,,,,21,hitl
103,2026-02-11 07:45,wholesaler_1,wholesaler,0,,,,,,144.6,0.0,,,,,,,21,hitl
103,2026-02-11 07:45,retail_1,retail,0,,,,,,,,102.24,30.0,0.0,0.0,3.58,17.2929,21,hitl
104,2026-02-11 08:00,supplier_1,supplier,1,239.05,,,,,,,,,,,,,21,hitl
104,2026-02-11 08:00,farm_1,farm,0,,751.0,0.0286,,,,,,,,,,,21,hitl
104,2026-02-11 08:00,slaughterhouse_1,slaughterhouse,0,,,,385.6,376.0,,,,,,,,,21,hitl
104,2026-02-11 08:00,wholesaler_1,wholesaler,0,,,,,,139.21,0.0,,,,,,,21,hitl
104,2026-02-11 08:00,retail_1,retail,0,,,,,,,,101.31,30.0,0.0,0.0,3.58,17.2929,21,hitl
105,2026-02-11 08:15,supplier_1,supplier,1,238.07,,,,,,,,,,,,,21,hitl
105,2026-02-11 08:15,farm_1,farm,0,,751.0,0.0286,,,,,,,,,,,21,hitl
105,2026-02-11 08:15,slaughterhouse_1,slaughterhouse,0,,,,385.6,387.48,,,,,,,,,21,hitl
105,2026-02-11 08:15,wholesaler_1,wholesaler,0,,,,,,161.16,0.0,,,,,,,21,hitl
105,2026-02-11 08:15,retail_1,retail,0,,,,,,,,104.18,30.0,0.0,0.0,3.58,17.2929,21,hitl
106,2026-02-11 08:30,supplier_1,supplier,1,237.17,,,,,,,,,,,,,21,hitl
106,2026-02-11 08:30,farm_1,farm,0,,751.0,0.0286,,,,,,,,,,,21,hitl
106,2026-02-11 08:30,slaughterhouse_1,slaughterhouse,0,,,,385.6,398.2,,,,,,,,,21,hitl
106,2026-02-11 08:30,wholesaler_1,wholesaler,0,,,,,,159.22,0.0,,,,,,,21,hitl
106,2026-02-11 08:30,retail_1,retail,0,,,,,,,,103.38,30.0,0.0,0.0,3.58,17.2929,21,hitl
107,2026-02-11 08:45,supplier_1,supplier,1,235.84,,,,,,,,,,,,,21,hitl
107,2026-02-11 08:45,farm_1,farm,0,,751.0,0.0286,,,,,,,,,,,21,hitl
107,2026-02-11 08:45,slaughterhouse_1,slaughterhouse,0,,,,385.6,400.0,,,,,,,,,21,hitl
107,2026-02-11 08:45,wholesaler_1,wholesaler,0,,,,,,157.34,0.0,,,,,,,21,hitl
107,2026-02-11 08:45,retail_1,retail,0,,,,,,,,102.5,30.0,0.0,0.0,3.58,17.2929,21,hitl
108,2026-02-11 09:00,supplier_1,supplier,1,235.33,,,,,,,,,,,,,21,hitl
108,2026-02-11 09:00,farm_1,farm,1,,751.0,0.0286,,,,,,,,,,,21,hitl
108,2026-02-11 09:00,slaughterhouse_1,slaughterhouse,0,,,,308.48,400.0,,,,,,,,,21,hitl
108,2026-02-11 09:00,wholesaler_1,wholesaler,0,,,,,,151.39,0.0,,,,,,,21,hitl
108,2026-02-11 09:00,retail_1,retail,0,,,,,,,,101.56,30.0,0.0,0.0,3.58,37.2929,21,hitl
109,2026-02-11 09:15,supplier_1,supplier,1,233.87,,,,,,,,,,,,,21,hitl
109,2026-02-11 09:15,farm_1,farm,1,,751.0,0.0286,,,,,,,,,,,21,hitl
109,2026-02-11 09:15,slaughterhouse_1,slaughterhouse,0,,,,308.48,400.0,,,,,,,,,21,hitl
109,2026-02-11 09:15,wholesaler_1,wholesaler,0,,,,,,149.29,0.0,,,,,,,21,hitl
109,2026-02-11 09:15,retail_1,retail,0,,,,,,,,104.1,30.0,0.0,0.0,3.58,37.2929,21,hitl
110,2026-02-11 09:30,supplier_1,supplier,1,232.66,,,,,,,,,,,,,21,hitl
110,2026-02-11 09:30,farm_1,farm,1,,751.0,0.0286,,,,,,,,,,,21,hitl
110,2026-02-11 09:30,slaughterhouse_1,slaughterhouse,0,,,,308.48,400.0,,,,,,,,,21,hitl
110,2026-02-11 09:30,wholesaler_1,wholesaler,0,,,,,,147.76,0.0,,,,,,,21,hitl
110,2026-02-11 09:30,retail_1,retail,0,,,,,,,,103.28,30.0,0.0,0.0,3.58,37.2929,21,hitl
111,2026-02-11 09:45,supplier_1,supplier,1,231.32,,,,,,,,,,,,,21,hitl
111,2026-02-11 09:45,farm_1,farm,1,,751.0,0.0286,,,,,,,,,,,21,hitl
111,2026-02-11 09:45,slaughterhouse_1,slaughterhouse,0,,,,308.48,400.0,,,,,,,,,21,hitl
111,2026-02-11 09:45,wholesaler_1,wholesaler,0,,,,,,145.22,0.0,,,,,,,21,hitl
111,2026-02-11 09:45,retail_1,retail,0,,,,,,,,102.35,30.0,0.0,0.0,3.58,37.2929,21,hitl
112,2026-02-11 10:00,supplier_1,supplier,1,230.72,,,,,,,,,,,,,21,hitl
112,2026-02-11 10:00,farm_1,farm,1,,751.0,0.0286,,,,,,,,,,,21,hitl
112,2026-02-11 10:00,slaughterhouse_1,slaughterhouse,0,,,,308.48,376.0,,,,,,,,,21,hitl
112,2026-02-11 10:00,wholesaler_1,wholesaler,0,,,,,,138.85,0.0,,,,,,,21,hitl
112,2026-02-11 10:00,retail_1,retail,0,,,,,,,,101.38,30.0,0.0,0.0,3.58,37.2929,21,hitl
113,2026-02-11 10:15,supplier_1,supplier,1,230.06,,,,,,,,,,,,,21,hitl
113,2026-02-11 10:15,farm_1,farm,1,,751.0,0.0286,,,,,,,,,,,21,hitl
113,2026-02-11 10:15,slaughterhouse_1,slaughterhouse,0,,,,308.48,383.96,,,,,,,,,21,hitl
113,2026-02-11 10:15,wholesaler_1,wholesaler,0,,,,,,160.42,0.0,,,,,,,21,hitl
113,2026-02-11 10:15,retail_1,retail,0,,,,,,,,104.13,30.0,0.0,0.0,3.58,37.2929,21,hitl
114,2026-02-11 10:30,supplier_1,supplier,1,228.68,,,,,,,,,,,,,21,hitl
114,2026-02-11 10:30,farm_1,farm,1,,751.0,0.0286,,,,,,,,,,,21,hitl
114,2026-02-11 10:30,slaughterhouse_1,slaughterhouse,0,,,,308.48,392.33,,,,,,,,,21,hitl
114,2026-02-11 10:30,wholesaler_1,wholesaler,0,,,,,,158.74,0.0,,,,,,,21,hitl
114,2026-02-11 10:30,retail_1,retail,0,,,,,,,,103.25,30.0,0.0,0.0,3.58,37.2929,21,hitl
115,2026-02-11 10:45,supplier_1,supplier,1,227.44,,,,,,,,,,,,,21,hitl
115,2026-02-11 10:45,farm_1,farm,1,,403.0,0.144,,,,,,,,,,,21,hitl
115,2026-02-11 10:45,slaughterhouse_1,slaughterhouse,0,,,,308.48,400.0,,,,,,,,,21,hitl
115,2026-02-11 10:45,wholesaler_1,wholesaler,0,,,,,,156.51,0.0,,,,,,,21,hitl
115,2026-02-11 10:45,retail_1,retail,0,,,,,,,,102.42,30.0,0.0,0.0,3.58,37.2929,21,hitl
116,2026-02-11 11:00,supplier_1,supplier,1,226.42,,,,,,,,,,,,,21,hitl
116,2026-02-11 11:00,farm_1,farm,1,,403.0,0.144,,,,,,,,,,,21,hitl
116,2026-02-11 11:00,slaughterhouse_1,slaughterhouse,0,,,,308.48,400.0,,,,,,,,,21,hitl
116,2026-02-11 11:00,wholesaler_1,wholesaler,0,,,,,,150.24,0.0,,,,,,,21,hitl
116,2026-02-11 11:00,retail_1,retail,0,,,,,,,,101.44,30.0,0.0,0.0,3.58,37.2929,21,hitl
117,2026-02-11 11:15,supplier_1,supplier,1,225.22,,,,,,,,,,,,,21,hitl
117,2026-02-11 11:15,farm_1,farm,1,,403.0,0.144,,,,,,,,,,,21,hitl
117,2026-02-11 11:15,slaughterhouse_1,slaughterhouse,0,,,,308.48,400.0,,,,,,,,,21,hitl
117,2026-02-11 11:15,wholesaler_1,wholesaler,0,,,,,,148.69,0.0,,,,,,,21,hitl
117,2026-02-11 11:15,retail_1,retail,0,,,,,,,,104.12,30.0,0.0,0.0,3.58,37.2929,21,hitl
118,2026-02-11 11:30,supplier_1,supplier,1,224.37,,,,,,,,,,,,,21,hitl
118,2026-02-11 11:30,farm_1,farm,1,,403.0,0.144,,,,,,,,,,,21,hitl
118,2026-02-11 11:30,slaughterhouse_1,slaughterhouse,0,,,,308.48,400.0,,,,,,,,,21,hitl
118,2026-02-11 11:30,wholesaler_1,wholesaler,0,,,,,,146.59,0.0,,,,,,,21,hitl
118,2026-02-11 11:30,retail_1,retail,0,,,,,,,,103.31,30.0,0.0,0.0,3.58,37.2929,21,hitl
119,2026-02-11 11:45,supplier_1,supplier,1,223.71,,,,,,,,,,,,,21,hitl
119,2026-02-11 11:45,farm_1,farm,1,,403.0,0.144,,,,,,,,,,,21,hitl
119,2026-02-11 11:45,slaughterhouse_1,slaughterhouse,0,,,,308.48,400.0,,,,,,,,,21,hitl
119,2026-02-11 11:45,wholesaler_1,wholesaler,0,,,,,,143.6,0.0,,,,,,,21,hitl
119,2026-02-11 11:45,retail_1,retail,0,,,,,,,,102.49,30.0,0.0,0.0,3.58,37.2929,21,hitl
120,2026-02-11 12:00,supplier_1,supplier,1,222.83,,,,,,,,,,,,,21,hitl
120,2026-02-11 12:00,farm_1,farm,1,,403.0,0.144,,,,,,,,,,,21,hitl
120,2026-02-11 12:00,slaughterhouse_1,slaughterhouse,0,,,,308.48,376.0,,,,,,,,,21,hitl
120,2026-02-11 12:00,wholesaler_1,wholesaler,0,,,,,,138.63,0.0,,,,,,,21,hitl
120,2026-02-11 12:00,retail_1,retail,0,,,,,,,,101.57,30.0,0.0,0.0,3.58,37.2929,21,hitl
121,2026-02-11 12:15,supplier_1,supplier,1,222.19,,,,,,,,,,,,,21,hitl
121,2026-02-11 12:15,farm_1,farm,1,,403.0,0.144,,,,,,,,,,,21,hitl
121,2026-02-11 12:15,slaughterhouse_1,slaughterhouse,0,,,,308.48,384.06,,,,,,,,,21,hitl
121,2026-02-11 12:15,wholesaler_1,wholesaler,0,,,,,,159.91,0.0,,,,,,,21,hitl
121,2026-02-11 12:15,retail_1,retail,0,,,,,,,,104.16,30.0,0.0,0.0,3.58,37.2929,21,hitl
122,2026-02-11 12:30,supplier_1,supplier,1,220.82,,,,,,,,,,,,,21,hitl
122,2026-02-11 12:30,farm_1,farm,1,,403.0,0.144,,,,,,,,,,,21,hitl
122,2026-02-11 12:30,slaughterhouse_1,slaughterhouse,0,,,,308.48,393.31,,,,,,,,,21,hitl
122,2026-02-11 12:30,wholesaler_1,wholesaler,0,,,,,,157.1,0.0,,,,,,,21,hitl
122,2026-02-11 12:30,retail_1,retail,0,,,,,,,,103.34,30.0,0.0,0.0,3.58,37.2929,21,hitl
123,2026-02-11 12:45,supplier_1,supplier,1,219.58,,,,,,,,,,,,,21,hitl
123,2026-02-11 12:45,farm_1,farm,1,,403.0,0.144,,,,,,,,,,,21,hitl
123,2026-02-11 12:45,slaughterhouse_1,slaughterhouse,0,,,,308.48,400.0,,,,,,,,,21,hitl
123,2026-02-11 12:45,wholesaler_1,wholesaler,0,,,,,,155.02,0.0,,,,,,,21,hitl
123,2026-02-11 12:45,retail_1,retail,0,,,,,,,,102.42,30.0,0.0,0.0,3.58,37.2929,21,hitl
124,2026-02-11 13:00,supplier_1,supplier,1,218.53,,,,,,,,,,,,,21,hitl
124,2026-02-11 13:00,farm_1,farm,1,,403.0,0.144,,,,,,,,,,,21,hitl
124,2026-02-11 13:00,slaughterhouse_1,slaughterhouse,0,,,,308.48,400.0,,,,,,,,,21,hitl
124,2026-02-11 13:00,wholesaler_1,wholesaler,0,,,,,,148.64,0.0,,,,,,,21,hitl
124,2026-02-11 13:00,retail_1,retail,0,,,,,,,,101.62,30.0,0.0,0.0,3.58,37.2929,21,hitl
125,2026-02-11 13:15,supplier_1,supplier,1,217.89,,,,,,,,,,,,,21,hitl
125,2026-02-11 13:15,farm_1,farm,1,,403.0,0.144,,,,,,,,,,,21,hitl
125,2026-02-11 13:15,slaughterhouse_1,slaughterhouse,0,,,,308.48,400.0,,,,,,,,,21,hitl
125,2026-02-11 13:15,wholesaler_1,wholesaler,0,,,,,,147.04,0.0,,,,,,,21,hitl
125,2026-02-11 13:15,retail_1,retail,0,,,,,,,,104.04,30.0,0.0,0.0,3.58,37.2929,21,hitl
126,2026-02-11 13:30,supplier_1,supplier,1,216.45,,,,,,,,,,,,,21,hitl
126,2026-02-11 13:30,farm_1,farm,1,,403.0,0.144,,,,,,,,,,,21,hitl
126,2026-02-11 13:30,slaughterhouse_1,slaughterhouse,0,,,,308.48,400.0,,,,,,,,,21,hitl
126,2026-02-11 13:30,wholesaler_1,wholesaler,0,,,,,,145.19,0.0,,,,,,,21,hitl
126,2026-02-11 13:30,retail_1,retail,0,,,,,,,,103.18,30.0,0.0,0.0,3.58,37.2929,21,hitl
127,2026-02-11 13:45,supplier_1,supplier,1,215.13,,,,,,,,,,,,,21,hitl
127,2026-02-11 13:45,farm_1,farm,1,,403.0,0.144,,,,,,,,,,,21,hitl
127,2026-02-11 13:45,slaughterhouse_1,slaughterhouse,0,,,,308.48,400.0,,,,,,,,,21,hitl
127,2026-02-11 13:45,wholesaler_1,wholesaler,0,,,,,,142.24,0.0,,,,,,,21,hitl
127,2026-02-11 13:45,retail_1,retail,0,,,,,,,,102.21,30.0,0.0,0.0,3.58,37.2929,21,hitl
128,2026-02-11 14:00,supplier_1,supplier,1,214.14,,,,,,,,,,,,,21,hitl
128,2026-02-11 14:00,farm_1,farm,1,,403.0,0.144,,,,,,,,,,,21,hitl
128,2026-02-11 14:00,slaughterhouse_1,slaughterhouse,0,,,,308.48,376.0,,,,,,,,,21,hitl
128,2026-02-11 14:00,wholesaler_1,wholesaler,0,,,,,,136.35,0.0,,,,,,,21,hitl
128,2026-02-11 14:00,retail_1,retail,0,,,,,,,,101.34,30.0,0.0,0.0,3.58,37.2929,21,hitl
129,2026-02-11 14:15,supplier_1,supplier,1,212.81,,,,,,,,,,,,,21,hitl
129,2026-02-11 14:15,farm_1,farm,1,,403.0,0.144,,,,,,,,,,,21,hitl
129,2026-02-11 14:15,slaughterhouse_1,slaughterhouse,0,,,,308.48,385.24,,,,,,,,,21,hitl
129,2026-02-11 14:15,wholesaler_1,wholesaler,0,,,,,,157.66,0.0,,,,,,,21,hitl
129,2026-02-11 14:15,retail_1,retail,0,,,,,,,,104.01,30.0,0.0,0.0,3.58,37.2929,21,hitl
130,2026-02-11 14:30,supplier_1,supplier,1,211.82,,,,,,,,,,,,,21,hitl
130,2026-02-11 14:30,farm_1,farm,1,,403.0,0.144,,,,,,,,,,,21,hitl
130,2026-02-11 14:30,slaughterhouse_1,slaughterhouse,0,,,,308.48,394.45,,,,,,,,,21,hitl
130,2026-02-11 14:30,wholesaler_1,wholesaler,0,,,,,,156.06,0.0,,,,,,,21,hitl
130,2026-02-11 14:30,retail_1,retail,0,,,,,,,,103.18,30.0,0.0,0.0,3.58,37.2929,21,hitl
131,2026-02-11 14:45,supplier_1,supplier,1,211.25,,,,,,,,,,,,,21,hitl
131,2026-02-11 14:45,farm_1,farm,1,,403.0,0.144,,,,,,,,,,,21,hitl
131,2026-02-11 14:45,slaughterhouse_1,slaughterhouse,0,,,,308.48,400.0,,,,,,,,,21,hitl
131,2026-02-11 14:45,wholesaler_1,wholesaler,0,,,,,,153.4,0.0,,,,,,,21,hitl
131,2026-02-11 14:45,retail_1,retail,0,,,,,,,,102.21,30.0,0.0,0.0,3.58,37.2929,21,hitl
132,2026-02-11 15:00,supplier_1,supplier,1,210.29,,,,,,,,,,,,,21,hitl
132,2026-02-11 15:00,farm_1,farm,1,,403.0,0.144,,,,,,,,,,,21,hitl
132,2026-02-11 15:00,slaughterhouse_1,slaughterhouse,0,,,,308.48,400.0,,,,,,,,,21,hitl
132,2026-02-11 15:00,wholesaler_1,wholesaler,0,,,,,,148.01,0.0,,,,,,,21,hitl
132,2026-02-11 15:00,retail_1,retail,0,,,,,,,,101.23,30.0,0.0,0.0,3.58,37.2929,21,hitl
133,2026-02-11 15:15,supplier_1,supplier,1,208.98,,,,,,,,,,,,,21,hitl
133,2026-02-11 15:15,farm_1,farm,1,,403.0,0.144,,,,,,,,,,,21,hitl
133,2026-02-11 15:15,slaughterhouse_1,slaughterhouse,0,,,,308.48,400.0,,,,,,,,,21,hitl
133,2026-02-11 15:15,wholesaler_1,wholesaler,0,,,,,,145.83,0.0,,,,,,,21,hitl
133,2026-02-11 15:15,retail_1,retail,0,,,,,,,,104.04,30.0,0.0,0.0,3.58,37.2929,21,hitl
134,2026-02-11 15:30,supplier_1,supplier,1,207.63,,,,,,,,,,,,,21,hitl
134,2026-02-11 15:30,farm_1,farm,1,,403.0,0.144,,,,,,,,,,,21,hitl
134,2026-02-11 15:30,slaughterhouse_1,slaughterhouse,0,,,,308.48,400.0,,,,,,,,,21,hitl
134,2026-02-11 15:30,wholesaler_1,wholesaler,0,,,,,,143.13,0.0,,,,,,,21,hitl
134,2026-02-11 15:30,retail_1,retail,0,,,,,,,,103.1,30.0,0.0,0.0,3.58,37.2929,21,hitl
135,2026-02-11 15:45,supplier_1,supplier,1,206.39,,,,,,,,,,,,,21,hitl
135,2026-02-11 15:45,farm_1,farm,1,,403.0,0.144,,,,,,,,,,,21,hitl
135,2026-02-11 15:45,slaughterhouse_1,slaughterhouse,0,,,,308.48,400.0,,,,,,,,,21,hitl
135,2026-02-11 15:45,wholesaler_1,wholesaler,0,,,,,,140.61,0.0,,,,,,,21,hitl
135,2026-02-11 15:45,retail_1,retail,0,,,,,,,,102.15,30.0,0.0,0.0,3.58,37.2929,21,hitl
136,2026-02-11 16:00,supplier_1,supplier,1,205.06,,,,,,,,,,,,,21,hitl
136,2026-02-11 16:00,farm_1,farm,1,,403.0,0.144,,,,,,,,,,,21,hitl
136,2026-02-11 16:00,slaughterhouse_1,slaughterhouse,0,,,,308.48,376.0,,,,,,,,,21,hitl
136,2026-02-11 16:00,wholesaler_1,wholesaler,0,,,,,,134.42,0.0,,,,,,,21,hitl
136,2026-02-11 16:00,retail_1,retail,0,,,,,,,,101.35,30.0,0.0,0.0,3.58,37.2929,21,hitl
137,2026-02-11 16:15,supplier_1,supplier,1,204.39,,,,,,,,,,,,,21,hitl
137,2026-02-11 16:15,farm_1,farm,1,,403.0,0.144,,,,,,,,,,,21,hitl
137,2026-02-11 16:15,slaughterhouse_1,slaughterhouse,0,,,,308.48,385.1,,,,,,,,,21,hitl
137,2026-02-11 16:15,wholesaler_1,wholesaler,0,,,,,,155.53,0.0,,,,,,,21,hitl
137,2026-02-11 16:15,retail_1,retail,0,,,,,,,,104.11,30.0,0.0,0.0,3.58,37.2929,21,hitl
138,2026-02-11 16:30,supplier_1,supplier,1,203.33,,,,,,,,,,,,,21,hitl
138,2026-02-11 16:30,farm_1,farm,1,,403.0,0.144,,,,,,,,,,,21,hitl
138,2026-02-11 16:30,slaughterhouse_1,slaughterhouse,0,,,,308.48,393.1,,,,,,,,,21,hitl
138,2026-02-11 16:30,wholesaler_1,wholesaler,0,,,,,,153.26,0.0,,,,,,,21,hitl
138,2026-02-11 16:30,retail_1,retail,0,,,,,,,,103.2,30.0,0.0,0.0,3.58,37.2929,21,hitl
139,2026-02-11 16:45,supplier_1,supplier,1,202.1,,,,,,,,,,,,,21,hitl
139,2026-02-11 16:45,farm_1,farm,1,,403.0,0.144,,,,,,,,,,,21,hitl
139,2026-02-11 16:45,slaughterhouse_1,slaughterhouse,0,,,,308.48,400.0,,,,,,,,,21,hitl
139,2026-02-11 16:45,wholesaler_1,wholesaler,0,,,,,,150.38,0.0,,,,,,,21,hitl
139,2026-02-11 16:45,retail_1,retail,0,,,,,,,,102.22,30.0,0.0,0.0,3.58,37.2929,21,hitl
140,2026-02-11 17:00,supplier_1,supplier,1,201.15,,,,,,,,,,,,,21,hitl
140,2026-02-11 17:00,farm_1,farm,1,,403.0,0.144,,,,,,,,,,,21,hitl
140,2026-02-11 17:00,slaughterhouse_1,slaughterhouse,0,,,,308.48,400.0,,,,,,,,,21,hitl
140,2026-02-11 17:00,wholesaler_1,wholesaler,0,,,,,,143.8,0.0,,,,,,,21,hitl
140,2026-02-11 17:00,retail_1,retail,0,,,,,,,,101.29,30.0,0.0,0.0,3.58,37.2929,21,hitl
141,2026-02-11 17:15,supplier_1,supplier,1,200.09,,,,,,,,,,,,,21,hitl
141,2026-02-11 17:15,farm_1,farm,1,,403.0,0.144,,,,,,,,,,,21,hitl
141,2026-02-11 17:15,slaughterhouse_1,slaughterhouse,0,,,,308.48,400.0,,,,,,,,,21,hitl
141,2026-02-11 17:15,wholesaler_1,wholesaler,0,,,,,,140.98,0.0,,,,,,,21,hitl
141,2026-02-11 17:15,retail_1,retail,0,,,,,,,,104.1,30.0,0.0,0.0,3.58,37.2929,21,hitl
142,2026-02-11 17:30,supplier_1,supplier,1,199.32,,,,,,,,,,,,,21,hitl
142,2026-02-11 17:30,farm_1,farm,1,,403.0,0.144,,,,,,,,,,,21,hitl
142,2026-02-11 17:30,slaughterhouse_1,slaughterhouse,0,,,,308.48,400.0,,,,,,,,,21,hitl
142,2026-02-11 17:30,wholesaler_1,wholesaler,0,,,,,,139.17,0.0,,,,,,,21,hitl
142,2026-02-11 17:30,retail_1,retail,0,,,,,,,,103.3,30.0,0.0,0.0,3.58,37.2929,21,hitl
143,2026-02-11 17:45,supplier_1,supplier,1,197.84,,,,,,,,,,,,,21,hitl
143,2026-02-11 17:45,farm_1,farm,1,,403.0,0.144,,,,,,,,,,,21,hitl
143,2026-02-11 17:45,slaughterhouse_1,slaughterhouse,0,,,,308.48,400.0,,,,,,,,,21,hitl
143,2026-02-11 17:45,wholesaler_1,wholesaler,0,,,,,,137.45,0.0,,,,,,,21,hitl
143,2026-02-11 17:45,retail_1,retail,0,,,,,,,,102.4,30.0,0.0,0.0,3.58,37.2929,21,hitl
144,2026-02-11 18:00,supplier_1,supplier,1,196.89,,,,,,,,,,,,,21,hitl
144,2026-02-11 18:00,farm_1,farm,1,,403.0,0.144,,,,,,,,,,,21,hitl
144,2026-02-11 18:00,slaughterhouse_1,slaughterhouse,0,,,,308.48,376.0,,,,,,,,,21,hitl
144,2026-02-11 18:00,wholesaler_1,wholesaler,0,,,,,,131.74,0.0,,,,,,,21,hitl
144,2026-02-11 18:00,retail_1,retail,0,,,,,,,,101.5,30.0,0.0,0.0,3.58,37.2929,21,hitl
145,2026-02-11 18:15,supplier_1,supplier,1,196.2,,,,,,,,,,,,,21,hitl
145,2026-02-11 18:15,farm_1,farm,1,,403.0,0.144,,,,,,,,,,,21,hitl
145,2026-02-11 18:15,slaughterhouse_1,slaughterhouse,0,,,,308.48,383.87,,,,,,,,,21,hitl
145,2026-02-11 18:15,wholesaler_1,wholesaler,0,,,,,,153.4,0.0,,,,,,,21,hitl
145,2026-02-11 18:15,retail_1,retail,0,,,,,,,,104.09,30.0,0.0,0.0,3.58,37.2929,21,hitl
146,2026-02-11 18:30,supplier_1,supplier,1,194.79,,,,,,,,,,,,,21,hitl
146,2026-02-11 18:30,farm_1,farm,1,,403.0,0.144,,,,,,,,,,,21,hitl
146,2026-02-11 18:30,slaughterhouse_1,slaughterhouse,0,,,,308.48,392.33,,,,,,,,,21,hitl
146,2026-02-11 18:30,wholesaler_1,wholesaler,0,,,,,,150.67,0.0,,,,,,,21,hitl
146,2026-02-11 18:30,retail_1,retail,0,,,,,,,,103.18,30.0,0.0,0.0,3.58,37.2929,21,hitl
147,2026-02-11 18:45,supplier_1,supplier,1,194.04,,,,,,,,,,,,,21,hitl
147,2026-02-11 18:45,farm_1,farm,1,,403.0,0.144,,,,,,,,,,,21,hitl
147,2026-02-11 18:45,slaughterhouse_1,slaughterhouse,0,,,,308.48,400.0,,,,,,,,,21,hitl
147,2026-02-11 18:45,wholesaler_1,wholesaler,0,,,,,,148.77,0.0,,,,,,,21,hitl
147,2026-02-11 18:45,retail_1,retail,0,,,,,,,,102.24,30.0,0.0,0.0,3.58,37.2929,21,hitl
148,2026-02-11 19:00,supplier_1,supplier,1,193.32,,,,,,,,,,,,,21,hitl
148,2026-02-11 19:00,farm_1,farm,1,,403.0,0.144,,,,,,,,,,,21,hitl
148,2026-02-11 19:00,slaughterhouse_1,slaughterhouse,0,,,,308.48,400.0,,,,,,,,,21,hitl
148,2026-02-11 19:00,wholesaler_1,wholesaler,0,,,,,,142.57,0.0,,,,,,,21,hitl
148,2026-02-11 19:00,retail_1,retail,0,,,,,,,,101.36,30.0,0.0,0.0,3.58,37.2929,21,hitl
149,2026-02-11 19:15,supplier_1,supplier,1,191.88,,,,,,,,,,,,,21,hitl
149,2026-02-11 19:15,farm_1,farm,1,,403.0,0.144,,,,,,,,,,,21,hitl
149,2026-02-11 19:15,slaughterhouse_1,slaughterhouse,0,,,,308.48,400.0,,,,,,,,,21,hitl
149,2026-02-11 19:15,wholesaler_1,wholesaler,0,,,,,,139.74,0.0,,,,,,,21,hitl
149,2026-02-11 19:15,retail_1,retail,0,,,,,,,,104.08,30.0,0.0,0.0,3.58,37.2929,21,hitl
150,2026-02-11 19:30,supplier_1,supplier,1,191.25,,,,,,,,,,,,,21,hitl
150,2026-02-11 19:30,farm_1,farm,1,,403.0,0.144,,,,,,,,,,,21,hitl
150,2026-02-11 19:30,slaughterhouse_1,slaughterhouse,0,,,,308.48,400.0,,,,,,,,,21,hitl
150,2026-02-11 19:30,wholesaler_1,wholesaler,0,,,,,,136.88,0.0,,,,,,,21,hitl
150,2026-02-11 19:30,retail_1,retail,0,,,,,,,,103.15,30.0,0.0,0.0,3.58,37.2929,21,hitl
151,2026-02-11 19:45,supplier_1,supplier,1,190.65,,,,,,,,,,,,,21,hitl
151,2026-02-11 19:45,farm_1,farm,1,,403.0,0.144,,,,,,,,,,,21,hitl
151,2026-02-11 19:45,slaughterhouse_1,slaughterhouse,0,,,,308.48,400.0,,,,,,,,,21,hitl
151,2026-02-11 19:45,wholesaler_1,wholesaler,0,,,,,,134.45,0.0,,,,,,,21,hitl
151,2026-02-11 19:45,retail_1,retail,0,,,,,,,,102.26,30.0,0.0,0.0,3.58,37.2929,21,hitl
152,2026-02-11 20:00,supplier_1,supplier,1,190.07,,,,,,,,,,,,,21,hitl
152,2026-02-11 20:00,farm_1,farm,1,,403.0,0.144,,,,,,,,,,,21,hitl
152,2026-02-11 20:00,slaughterhouse_1,slaughterhouse,0,,,,308.48,376.0,,,,,,,,,21,hitl
152,2026-02-11 20:00,wholesaler_1,wholesaler,0,,,,,,129.01,0.0,,,,,,,21,hitl
152,2026-02-11 20:00,retail_1,retail,0,,,,,,,,101.44,30.0,0.0,0.0,3.58,37.2929,21,hitl
153,2026-02-11 20:15,supplier_1,supplier,1,189.2,,,,,,,,,,,,,21,hitl
153,2026-02-11 20:15,farm_1,farm,1,,403.0,0.144,,,,,,,,,,,21,hitl
153,2026-02-11 20:15,slaughterhouse_1,slaughterhouse,0,,,,308.48,384.8,,,,,,,,,21,hitl
153,2026-02-11 20:15,wholesaler_1,wholesaler,0,,,,,,150.19,0.0,,,,,,,21,hitl
153,2026-02-11 20:15,retail_1,retail,0,,,,,,,,104.02,30.0,0.0,0.0,3.58,37.2929,21,hitl
154,2026-02-11 20:30,supplier_1,supplier,1,188.68,,,,,,,,,,,,,21,hitl
154,2026-02-11 20:30,farm_1,farm,1,,403.0,0.144,,,,,,,,,,,21,hitl
154,2026-02-11 20:30,slaughterhouse_1,slaughterhouse,0,,,,308.48,393.56,,,,,,,,,21,hitl
154,2026-02-11 20:30,wholesaler_1,wholesaler,0,,,,,,148.05,0.0,,,,,,,21,hitl
154,2026-02-11 20:30,retail_1,retail,0,,,,,,,,103.03,30.0,0.0,0.0,3.58,37.2929,21,hitl
155,2026-02-11 20:45,supplier_1,supplier,1,187.92,,,,,,,,,,,,,21,hitl
155,2026-02-11 20:45,farm_1,farm,1,,403.0,0.144,,,,,,,,,,,21,hitl
155,2026-02-11 20:45,slaughterhouse_1,slaughterhouse,0,,,,308.48,400.0,,,,,,,,,21,hitl
155,2026-02-11 20:45,wholesaler_1,wholesaler,0,,,,,,145.95,0.0,,,,,,,21,hitl
155,2026-02-11 20:45,retail_1,retail,0,,,,,,,,102.1,30.0,0.0,0.0,3.58,37.2929,21,hitl
156,2026-02-11 21:00,supplier_1,supplier,1,186.93,,,,,,,,,,,,,21,hitl
156,2026-02-11 21:00,farm_1,farm,1,,403.0,0.144,,,,,,,,,,,21,hitl
156,2026-02-11 21:00,slaughterhouse_1,slaughterhouse,0,,,,308.48,400.0,,,,,,,,,21,hitl
156,2026-02-11 21:00,wholesaler_1,wholesaler,0,,,,,,139.16,0.0,,,,,,,21,hitl
156,2026-02-11 21:00,retail_1,retail,0,,,,,,,,101.19,30.0,0.0,0.0,3.58,37.2929,21,hitl
157,2026-02-11 21:15,supplier_1,supplier,1,185.71,,,,,,,,,,,,,21,hitl
157,2026-02-11 21:15,farm_1,farm,1,,403.0,0.144,,,,,,,,,,,21,hitl
157,2026-02-11 21:15,slaughterhouse_1,slaughterhouse,0,,,,308.48,400.0,,,,,,,,,21,hitl
157,2026-02-11 21:15,wholesaler_1,wholesaler,0,,,,,,137.2,0.0,,,,,,,21,hitl
157,2026-02-11 21:15,retail_1,retail,0,,,,,,,,104.1,30.0,0.0,0.0,3.58,37.2929,21,hitl
158,2026-02-11 21:30,supplier_1,supplier,1,184.54,,,,,,,,,,,,,21,hitl
158,2026-02-11 21:30,farm_1,farm,1,,403.0,0.144,,,,,,,,,,,21,hitl
158,2026-02-11 21:30,slaughterhouse_1,slaughterhouse,0,,,,308.48,400.0,,,,,,,,,21,hitl
158,2026-02-11 21:30,wholesaler_1,wholesaler,0,,,,,,134.74,0.0,,,,,,,21,hitl
158,2026-02-11 21:30,retail_1,retail,0,,,,,,,,103.25,30.0,0.0,0.0,3.58,37.2929,21,hitl
159,2026-02-11 21:45,supplier_1,supplier,1,183.82,,,,,,,,,,,,,21,hitl
159,2026-02-11 21:45,farm_1,farm,1,,403.0,0.144,,,,,,,,,,,21,hitl
159,2026-02-11 21:45,slaughterhouse_1,slaughterhouse,0,,,,308.48,400.0,,,,,,,,,21,hitl
159,2026-02-11 21:45,wholesaler_1,wholesaler,0,,,,,,131.87,0.0,,,,,,,21,hitl
159,2026-02-11 21:45,retail_1,retail,0,,,,,,,,102.43,30.0,0.0,0.0,3.58,37.2929,21,hitl
160,2026-02-11 22:00,supplier_1,supplier,1,182.58,,,,,,,,,,,,,21,hitl
160,2026-02-11 22:00,farm_1,farm,1,,403.0,0.144,,,,,,,,,,,21,hitl
160,2026-02-11 22:00,slaughterhouse_1,slaughterhouse,0,,,,308.48,376.0,,,,,,,,,21,hitl
160,2026-02-11 22:00,wholesaler_1,wholesaler,0,,,,,,126.34,0.0,,,,,,,21,hitl
160,2026-02-11 22:00,retail_1,retail,0,,,,,,,,101.61,30.0,0.0,0.0,3.58,37.2929,21,hitl
161,2026-02-11 22:15,supplier_1,supplier,1,181.13,,,,,,,,,,,,,21,hitl
161,2026-02-11 22:15,farm_1,farm,1,,403.0,0.144,,,,,,,,,,,21,hitl
161,2026-02-11 22:15,slaughterhouse_1,slaughterhouse,0,,,,308.48,383.97,,,,,,,,,21,hitl
161,2026-02-11 22:15,wholesaler_1,wholesaler,0,,,,,,148.51,0.0,,,,,,,21,hitl
161,2026-02-11 22:15,retail_1,retail,0,,,,,,,,104.03,30.0,0.0,0.0,3.58,37.2929,21,hitl
162,2026-02-11 22:30,supplier_1,supplier,1,180.11,,,,,,,,,,,,,21,hitl
162,2026-02-11 22:30,farm_1,farm,1,,403.0,0.144,,,,,,,,,,,21,hitl
162,2026-02-11 22:30,slaughterhouse_1,slaughterhouse,0,,,,308.48,393.22,,,,,,,,,21,hitl
162,2026-02-11 22:30,wholesaler_1,wholesaler,0,,,,,,146.08,0.0,,,,,,,21,hitl
162,2026-02-11 22:30,retail_1,retail,0,,,,,,,,103.19,30.0,0.0,0.0,3.58,37.2929,21,hitl
163,2026-02-11 22:45,supplier_1,supplier,1,179.49,,,,,,,,,,,,,21,hitl
163,2026-02-11 22:45,farm_1,farm,1,,403.0,0.144,,,,,,,,,,,21,hitl
163,2026-02-11 22:45,slaughterhouse_1,slaughterhouse,0,,,,308.48,400.0,,,,,,,,,21,hitl
163,2026-02-11 22:45,wholesaler_1,wholesaler,0,,,,,,144.13,0.0,,,,,,,21,hitl
163,2026-02-11 22:45,retail_1,retail,0,,,,,,,,102.35,30.0,0.0,0.0,3.58,37.2929,21,hitl
164,2026-02-11 23:00,supplier_1,supplier,1,178.49,,,,,,,,,,,,,21,hitl
164,2026-02-11 23:00,farm_1,farm,1,,403.0,0.144,,,,,,,,,,,21,hitl
164,2026-02-11 23:00,slaughterhouse_1,slaughterhouse,0,,,,308.48,400.0,,,,,,,,,21,hitl
164,2026-02-11 23:00,wholesaler_1,wholesaler,0,,,,,,138.0,0.0,,,,,,,21,hitl
164,2026-02-11 23:00,retail_1,retail,0,,,,,,,,101.46,30.0,0.0,0.0,3.58,37.2929,21,hitl
165,2026-02-11 23:15,supplier_1,supplier,1,177.64,,,,,,,,,,,,,21,hitl
165,2026-02-11 23:15,farm_1,farm,1,,403.0,0.144,,,,,,,,,,,21,hitl
165,2026-02-11 23:15,slaughterhouse_1,slaughterhouse,0,,,,308.48,400.0,,,,,,,,,21,hitl
165,2026-02-11 23:15,wholesaler_1,wholesaler,0,,,,,,135.02,0.0,,,,,,,21,hitl
165,2026-02-11 23:15,retail_1,retail,0,,,,,,,,104.07,30.0,0.0,0.0,3.58,37.2929,21,hitl
166,2026-02-11 23:30,supplier_1,supplier,1,177.03,,,,,,,,,,,,,21,hitl
166,2026-02-11 23:30,farm_1,farm,1,,403.0,0.144,,,,,,,,,,,21,hitl
166,2026-02-11 23:30,slaughterhouse_1,slaughterhouse,0,,,,308.48,400.0,,,,,,,,,21,hitl
166,2026-02-11 23:30,wholesaler_1,wholesaler,0,,,,,,133.38,0.0,,,,,,,21,hitl
166,2026-02-11 23:30,retail_1,retail,0,,,,,,,,103.11,30.0,0.0,0.0,3.58,37.2929,21,hitl
167,2026-02-11 23:45,supplier_1,supplier,1,176.15,,,,,,,,,,,,,21,hitl
167,2026-02-11 23:45,farm_1,farm,1,,403.0,0.144,,,,,,,,,,,21,hitl
167,2026-02-11 23:45,slaughterhouse_1,slaughterhouse,0,,,,308.48,400.0,,,,,,,,,21,hitl
167,2026-02-11 23:45,wholesaler_1,wholesaler,0,,,,,,131.3,0.0,,,,,,,21,hitl
167,2026-02-11 23:45,retail_1,retail,0,,,,,,,,102.31,30.0,0.0,0.0,3.58,37.2929,21,hitl
168,2026-02-12 00:00,supplier_1,supplier,1,175.22,,,,,,,,,,,,,21,hitl
168,2026-02-12 00:00,farm_1,farm,1,,403.0,0.144,,,,,,,,,,,21,hitl
168,2026-02-12 00:00,slaughterhouse_1,slaughterhouse,0,,,,308.48,376.0,,,,,,,,,21,hitl
168,2026-02-12 00:00,wholesaler_1,wholesaler,0,,,,,,125.14,0.0,,,,,,,21,hitl
168,2026-02-12 00:00,retail_1,retail,0,,,,,,,,101.34,30.0,0.0,0.0,3.58,37.2929,21,hitl
169,2026-02-12 00:15,supplier_1,supplier,1,174.33,,,,,,,,,,,,,21,hitl
169,2026-02-12 00:15,farm_1,farm,1,,403.0,0.144,,,,,,,,,,,21,hitl
169,2026-02-12 00:15,slaughterhouse_1,slaughterhouse,0,,,,308.48,384.72,,,,,,,,,21,hitl
169,2026-02-12 00:15,wholesaler_1,wholesaler,0,,,,,,146.39,0.0,,,,,,,21,hitl
169,2026-02-12 00:15,retail_1,retail,0,,,,,,,,104.18,30.0,0.0,0.0,3.58,37.2929,21,hitl
170,2026-02-12 00:30,supplier_1,supplier,1,173.59,,,,,,,,,,,,,21,hitl
170,2026-02-12 00:30,farm_1,farm,1,,403.0,0.144,,,,,,,,,,,21,hitl
170,2026-02-12 00:30,slaughterhouse_1,slaughterhouse,0,,,,308.48,393.18,,,,,,,,,21,hitl
170,2026-02-12 00:30,wholesaler_1,wholesaler,0,,,,,,143.77,0.0,,,,,,,21,hitl
170,2026-02-12 00:30,retail_1,retail,0,,,,,,,,103.27,30.0,0.0,0.0,3.58,37.2929,21,hitl
171,2026-02-12 00:45,supplier_1,supplier,1,172.86,,,,,,,,,,,,,21,hitl
171,2026-02-12 00:45,farm_1,farm,1,,403.0,0.144,,,,,,,,,,,21,hitl
171,2026-02-12 00:45,slaughterhouse_1,slaughterhouse,0,,,,308.48,400.0,,,,,,,,,21,hitl
171,2026-02-12 00:45,wholesaler_1,wholesaler,0,,,,,,141.61,0.0,,,,,,,21,hitl
171,2026-02-12 00:45,retail_1,retail,0,,,,,,,,102.4,30.0,0.0,0.0,3.58,37.2929,21,hitl
172,2026-02-12 01:00,supplier_1,supplier,1,171.55,,,,,,,,,,,,,21,hitl
172,2026-02-12 01:00,farm_1,farm,1,,403.0,0.144,,,,,,,,,,,21,hitl
172,2026-02-12 01:00,slaughterhouse_1,slaughterhouse,0,,,,308.48,400.0,,,,,,,,,21,hitl
172,2026-02-12 01:00,wholesaler_1,wholesaler,0,,,,,,136.51,0.0,,,,,,,21,hitl
172,2026-02-12 01:00,retail_1,retail,0,,,,,,,,101.57,30.0,0.0,0.0,3.58,37.2929,21,hitl
173,2026-02-12 01:15,supplier_1,supplier,1,170.08,,,,,,,,,,,,,21,hitl
173,2026-02-12 01:15,farm_1,farm,1,,403.0,0.144,,,,,,,,,,,21,hitl
173,2026-02-12 01:15,slaughterhouse_1,slaughterhouse,0,,,,308.48,400.0,,,,,,,,,21,hitl
173,2026-02-12 01:15,wholesaler_1,wholesaler,0,,,,,,134.21,0.0,,,,,,,21,hitl
173,2026-02-12 01:15,retail_1,retail,0,,,,,,,,104.15,30.0,0.0,0.0,3.58,37.2929,21,hitl
174,2026-02-12 01:30,supplier_1,supplier,1,169.57,,,,,,,,,,,,,21,hitl
174,2026-02-12 01:30,farm_1,farm,1,,403.0,0.144,,,,,,,,,,,21,hitl
174,2026-02-12 01:30,slaughterhouse_1,slaughterhouse,0,,,,308.48,400.0,,,,,,,,,21,hitl
174,2026-02-12 01:30,wholesaler_1,wholesaler,0,,,,,,132.4,0.0,,,,,,,21,hitl
174,2026-02-12 01:30,retail_1,retail,0,,,,,,,,103.29,30.0,0.0,0.0,3.58,37.2929,21,hitl
175,2026-02-12 01:45,supplier_1,supplier,1,168.31,,,,,,,,,,,,,21,hitl
175,2026-02-12 01:45,farm_1,farm,1,,403.0,0.144,,,,,,,,,,,21,hitl
175,2026-02-12 01:45,slaughterhouse_1,slaughterhouse,0,,,,308.48,400.0,,,,,,,,,21,hitl
175,2026-02-12 01:45,wholesaler_1,wholesaler,0,,,,,,129.95,0.0,,,,,,,21,hitl
175,2026-02-12 01:45,retail_1,retail,0,,,,,,,,102.47,30.0,0.0,0.0,3.58,37.2929,21,hitl
176,2026-02-12 02:00,supplier_1,supplier,1,166.94,,,,,,,,,,,,,21,hitl
176,2026-02-12 02:00,farm_1,farm,1,,403.0,0.144,,,,,,,,,,,21,hitl
176,2026-02-12 02:00,slaughterhouse_1,slaughterhouse,0,,,,308.48,376.0,,,,,,,,,21,hitl
176,2026-02-12 02:00,wholesaler_1,wholesaler,0,,,,,,124.39,0.0,,,,,,,21,hitl
176,2026-02-12 02:00,retail_1,retail,0,,,,,,,,101.54,30.0,0.0,0.0,3.58,37.2929,21,hitl
177,2026-02-12 02:15,supplier_1,supplier,1,165.66,,,,,,,,,,,,,21,hitl
177,2026-02-12 02:15,farm_1,farm,1,,403.0,0.144,,,,,,,,,,,21,hitl
177,2026-02-12 02:15,slaughterhouse_1,slaughterhouse,0,,,,308.48,384.86,,,,,,,,,21,hitl
177,2026-02-12 02:15,wholesaler_1,wholesaler,0,,,,,,145.74,0.0,,,,,,,21,hitl
177,2026-02-12 02:15,retail_1,retail,0,,,,,,,,104.05,30.0,0.0,0.0,3.58,37.2929,21,hitl
178,2026-02-12 02:30,supplier_1,supplier,1,164.45,,,,,,,,,,,,,21,hitl
178,2026-02-12 02:30,farm_1,farm,1,,403.0,0.144,,,,,,,,,,,21,hitl
178,2026-02-12 02:30,slaughterhouse_1,slaughterhouse,0,,,,308.48,393.04,,,,,,,,,21,hitl
178,2026-02-12 02:30,wholesaler_1,wholesaler,0,,,,,,143.66,0.0,,,,,,,21,hitl
178,2026-02-12 02:30,retail_1,retail,0,,,,,,,,103.12,30.0,0.0,0.0,3.58,37.2929,21,hitl
179,2026-02-12 02:45,supplier_1,supplier,1,163.93,,,,,,,,,,,,,21,hitl
179,2026-02-12 02:45,farm_1,farm,1,,403.0,0.144,,,,,,,,,,,21,hitl
179,2026-02-12 02:45,slaughterhouse_1,slaughterhouse,0,,,,308.48,400.0,,,,,,,,,21,hitl
179,2026-02-12 02:45,wholesaler_1,wholesaler,0,,,,,,141.02,0.0,,,,,,,21,hitl
179,2026-02-12 02:45,retail_1,retail,0,,,,,,,,102.29,30.0,0.0,0.0,3.58,37.2929,21,hitl
180,2026-02-12 03:00,supplier_1,supplier,1,162.59,,,,,,,,,,,,,21,hitl
180,2026-02-12 03:00,farm_1,farm,1,,403.0,0.144,,,,,,,,,,,21,hitl
180,2026-02-12 03:00,slaughterhouse_1,slaughterhouse,0,,,,308.48,400.0,,,,,,,,,21,hitl
180,2026-02-12 03:00,wholesaler_1,wholesaler,0,,,,,,134.9,0.0,,,,,,,21,hitl
180,2026-02-12 03:00,retail_1,retail,0,,,,,,,,101.32,30.0,0.0,0.0,3.58,37.2929,21,hitl
181,2026-02-12 03:15,supplier_1,supplier,1,161.16,,,,,,,,,,,,,21,hitl
181,2026-02-12 03:15,farm_1,farm,1,,403.0,0.144,,,,,,,,,,,21,hitl
181,2026-02-12 03:15,slaughterhouse_1,slaughterhouse,0,,,,308.48,400.0,,,,,,,,,21,hitl
181,2026-02-12 03:15,wholesaler_1,wholesaler,0,,,,,,132.32,0.0,,,,,,,21,hitl
181,2026-02-12 03:15,retail_1,retail,0,,,,,,,,104.13,30.0,0.0,0.0,3.58,37.2929,21,hitl
182,2026-02-12 03:30,supplier_1,supplier,1,159.87,,,,,,,,,,,,,21,hitl
182,2026-02-12 03:30,farm_1,farm,1,,403.0,0.144,,,,,,,,,,,21,hitl
182,2026-02-12 03:30,slaughterhouse_1,slaughterhouse,0,,,,308.48,400.0,,,,,,,,,21,hitl
182,2026-02-12 03:30,wholesaler_1,wholesaler,0,,,,,,129.72,0.0,,,,,,,21,hitl
182,2026-02-12 03:30,retail_1,retail,0,,,,,,,,103.21,30.0,0.0,0.0,3.58,37.2929,21,hitl
183,2026-02-12 03:45,supplier_1,supplier,1,158.51,,,,,,,,,,,,,21,hitl
183,2026-02-12 03:45,farm_1,farm,1,,403.0,0.144,,,,,,,,,,,21,hitl
183,2026-02-12 03:45,slaughterhouse_1,slaughterhouse,0,,,,308.48,400.0,,,,,,,,,21,hitl
183,2026-02-12 03:45,wholesaler_1,wholesaler,0,,,,,,127.79,0.0,,,,,,,21,hitl
183,2026-02-12 03:45,retail_1,retail,0,,,,,,,,102.27,30.0,0.0,0.0,3.58,37.2929,21,hitl
184,2026-02-12 04:00,supplier_1,supplier,1,157.49,,,,,,,,,,,,,21,hitl
184,2026-02-12 04:00,farm_1,farm,1,,403.0,0.144,,,,,,,,,,,21,hitl
184,2026-02-12 04:00,slaughterhouse_1,slaughterhouse,0,,,,308.48,376.0,,,,,,,,,21,hitl
184,2026-02-12 04:00,wholesaler_1,wholesaler,0,,,,,,122.23,0.0,,,,,,,21,hitl
184,2026-02-12 04:00,retail_1,retail,0,,,,,,,,101.48,30.0,0.0,0.0,3.58,37.2929,21,hitl
185,2026-02-12 04:15,supplier_1,supplier,1,156.27,,,,,,,,,,,,,21,hitl
185,2026-02-12 04:15,farm_1,farm,1,,403.0,0.144,,,,,,,,,,,21,hitl
185,2026-02-12 04:15,slaughterhouse_1,slaughterhouse,0,,,,308.48,383.93,,,,,,,,,21,hitl
185,2026-02-12 04:15,wholesaler_1,wholesaler,0,,,,,,144.44,0.0,,,,,,,21,hitl
185,2026-02-12 04:15,retail_1,retail,0,,,,,,,,104.19,30.0,0.0,0.0,3.58,37.2929,21,hitl
186,2026-02-12 04:30,supplier_1,supplier,1,154.77,,,,,,,,,,,,,21,hitl
186,2026-02-12 04:30,farm_1,farm,1,,403.0,0.144,,,,,,,,,,,21,hitl
186,2026-02-12 04:30,slaughterhouse_1,slaughterhouse,0,,,,308.48,393.03,,,,,,,,,21,hitl
186,2026-02-12 04:30,wholesaler_1,wholesaler,0,,,,,,142.12,0.0,,,,,,,21,hitl
186,2026-02-12 04:30,retail_1,retail,0,,,,,,,,103.32,30.0,0.0,0.0,3.58,37.2929,21,hitl
187,2026-02-12 04:45,supplier_1,supplier,1,153.76,,,,,,,,,,,,,21,hitl
187,2026-02-12 04:45,farm_1,farm,1,,403.0,0.144,,,,,,,,,,,21,hitl
187,2026-02-12 04:45,slaughterhouse_1,slaughterhouse,0,,,,308.48,400.0,,,,,,,,,21,hitl
187,2026-02-12 04:45,wholesaler_1,wholesaler,0,,,,,,139.73,0.0,,,,,,,21,hitl
187,2026-02-12 04:45,retail_1,retail,0,,,,,,,,102.36,30.0,0.0,0.0,3.58,37.2929,21,hitl
188,2026-02-12 05:00,supplier_1,supplier,1,152.44,,,,,,,,,,,,,21,hitl
188,2026-02-12 05:00,farm_1,farm,1,,403.0,0.144,,,,,,,,,,,21,hitl
188,2026-02-12 05:00,slaughterhouse_1,slaughterhouse,0,,,,308.48,400.0,,,,,,,,,21,hitl
188,2026-02-12 05:00,wholesaler_1,wholesaler,0,,,,,,133.57,0.0,,,,,,,21,hitl
188,2026-02-12 05:00,retail_1,retail,0,,,,,,,,101.46,30.0,0.0,0.0,3.58,37.2929,21,hitl
189,2026-02-12 05:15,supplier_1,supplier,1,151.85,,,,,,,,,,,,,21,hitl
189,2026-02-12 05:15,farm_1,farm,1,,403.0,0.144,,,,,,,,,,,21,hitl
189,2026-02-12 05:15,slaughterhouse_1,slaughterhouse,0,,,,308.48,400.0,,,,,,,,,21,hitl
189,2026-02-12 05:15,wholesaler_1,wholesaler,0,,,,,,130.73,0.0,,,,,,,21,hitl
189,2026-02-12 05:15,retail_1,retail,0,,,,,,,,104.18,30.0,0.0,0.0,3.58,37.2929,21,hitl
190,2026-02-12 05:30,supplier_1,supplier,1,151.25,,,,,,,,,,,,,21,hitl
190,2026-02-12 05:30,farm_1,farm,1,,403.0,0.144,,,,,,,,,,,21,hitl
190,2026-02-12 05:30,slaughterhouse_1,slaughterhouse,0,,,,308.48,400.0,,,,,,,,,21,hitl
190,2026-02-12 05:30,wholesaler_1,wholesaler,0,,,,,,128.52,0.0,,,,,,,21,hitl
190,2026-02-12 05:30,retail_1,retail,0,,,,,,,,103.26,30.0,0.0,0.0,3.58,37.2929,21,hitl
191,2026-02-12 05:45,supplier_1,supplier,1,149.82,,,,,,,,,,,,,21,hitl
191,2026-02-12 05:45,farm_1,farm,1,,403.0,0.144,,,,,,,,,,,21,hitl
191,2026-02-12 05:45,slaughterhouse_1,slaughterhouse,0,,,,308.48,400.0,,,,,,,,,21,hitl
191,2026-02-12 05:45,wholesaler_1,wholesaler,0,,,,,,125.56,0.0,,,,,,,21,hitl
191,2026-02-12 05:45,retail_1,retail,0,,,,,,,,102.33,30.0,0.0,0.0,3.58,37.2929,21,hitl
192,2026-02-12 06:00,supplier_1,supplier,1,148.9,,,,,,,,,,,,,21,hitl
192,2026-02-12 06:00,farm_1,farm,1,,403.0,0.144,,,,,,,,,,,21,hitl
192,2026-02-12 06:00,slaughterhouse_1,slaughterhouse,0,,,,308.48,376.0,,,,,,,,,21,hitl
192,2026-02-12 06:00,wholesaler_1,wholesaler,0,,,,,,119.17,0.0,,,,,,,21,hitl
192,2026-02-12 06:00,retail_1,retail,0,,,,,,,,101.34,30.0,0.0,0.0,3.58,37.2929,21,hitl
193,2026-02-12 06:15,supplier_1,supplier,1,147.76,,,,,,,,,,,,,21,hitl
193,2026-02-12 06:15,farm_1,farm,1,,403.0,0.144,,,,,,,,,,,21,hitl
193,2026-02-12 06:15,slaughterhouse_1,slaughterhouse,0,,,,308.48,383.88,,,,,,,,,21,hitl
193,2026-02-12 06:15,wholesaler_1,wholesaler,0,,,,,,140.78,0.0,,,,,,,21,hitl
193,2026-02-12 06:15,retail_1,retail,0,,,,,,,,104.17,30.0,0.0,0.0,3.58,37.2929,21,hitl
194,2026-02-12 06:30,supplier_1,supplier,1,146.34,,,,,,,,,,,,,21,hitl
194,2026-02-12 06:30,farm_1,farm,1,,403.0,0.144,,,,,,,,,,,21,hitl
194,2026-02-12 06:30,slaughterhouse_1,slaughterhouse,0,,,,308.48,391.86,,,,,,,,,21,hitl
194,2026-02-12 06:30,wholesaler_1,wholesaler,0,,,,,,138.77,0.0,,,,,,,21,hitl
194,2026-02-12 06:30,retail_1,retail,0,,,,,,,,103.23,30.0,0.0,0.0,3.58,37.2929,21,hitl
195,2026-02-12 06:45,supplier_1,supplier,1,145.18,,,,,,,,,,,,,21,hitl
195,2026-02-12 06:45,farm_1,farm,1,,403.0,0.144,,,,,,,,,,,21,hitl
195,2026-02-12 06:45,slaughterhouse_1,slaughterhouse,0,,,,308.48,400.0,,,,,,,,,21,hitl
195,2026-02-12 06:45,wholesaler_1,wholesaler,0,,,,,,137.1,0.0,,,,,,,21,hitl
195,2026-02-12 06:45,retail_1,retail,0,,,,,,,,102.36,30.0,0.0,0.0,3.58,37.2929,21,hitl
196,2026-02-12 07:00,supplier_1,supplier,1,143.86,,,,,,,,,,,,,21,hitl
196,2026-02-12 07:00,farm_1,farm,1,,403.0,0.144,,,,,,,,,,,21,hitl
196,2026-02-12 07:00,slaughterhouse_1,slaughterhouse,0,,,,308.48,400.0,,,,,,,,,21,hitl
196,2026-02-12 07:00,wholesaler_1,wholesaler,0,,,,,,131.33,0.0,,,,,,,21,hitl
196,2026-02-12 07:00,retail_1,retail,0,,,,,,,,101.48,30.0,0.0,0.0,3.58,37.2929,21,hitl
197,2026-02-12 07:15,supplier_1,supplier,1,142.41,,,,,,,,,,,,,21,hitl
197,2026-02-12 07:15,farm_1,farm,1,,403.0,0.144,,,,,,,,,,,21,hitl
197,2026-02-12 07:15,slaughterhouse_1,slaughterhouse,0,,,,308.48,400.0,,,,,,,,,21,hitl
197,2026-02-12 07:15,wholesaler_1,wholesaler,0,,,,,,128.88,0.0,,,,,,,21,hitl
197,2026-02-12 07:15,retail_1,retail,0,,,,,,,,104.09,30.0,0.0,0.0,3.58,37.2929,21,hitl
198,2026-02-12 07:30,supplier_1,supplier,1,141.76,,,,,,,,,,,,,21,hitl
198,2026-02-12 07:30,farm_1,farm,1,,403.0,0.144,,,,,,,,,,,21,hitl
198,2026-02-12 07:30,slaughterhouse_1,slaughterhouse,0,,,,308.48,400.0,,,,,,,,,21,hitl
198,2026-02-12 07:30,wholesaler_1,wholesaler,0,,,,,,127.35,0.0,,,,,,,21,hitl
198,2026-02-12 07:30,retail_1,retail,0,,,,,,,,103.18,30.0,0.0,0.0,3.58,37.2929,21,hitl
199,2026-02-12 07:45,supplier_1,supplier,1,140.58,,,,,,,,,,,,,21,hitl
199,2026-02-12 07:45,farm_1,farm,1,,403.0,0.144,,,,,,,,,,,21,hitl
199,2026-02-12 07:45,slaughterhouse_1,slaughterhouse,0,,,,308.48,400.0,,,,,,,,,21,hitl
199,2026-02-12 07:45,wholesaler_1,wholesaler,0,,,,,,124.36,0.0,,,,,,,21,hitl
199,2026-02-12 07:45,retail_1,retail,0,,,,,,,,102.28,30.0,0.0,0.0,3.58,37.2929,21,hitl
200,2026-02-12 08:00,supplier_1,supplier,1,139.86,,,,,,,,,,,,,21,hitl
200,2026-02-12 08:00,farm_1,farm,1,,403.0,0.144,,,,,,,,,,,21,hitl
200,2026-02-12 08:00,slaughterhouse_1,slaughterhouse,0,,,,308.48,376.0,,,,,,,,,21,hitl
200,2026-02-12 08:00,wholesaler_1,wholesaler,0,,,,,,118.23,0.0,,,,,,,21,hitl
200,2026-02-12 08:00,retail_1,retail,0,,,,,,,,101.48,30.0,0.0,0.0,3.58,37.2929,21,hitl
201,2026-02-12 08:15,supplier_1,supplier,1,138.83,,,,,,,,,,,,,21,hitl
201,2026-02-12 08:15,farm_1,farm,1,,403.0,0.144,,,,,,,,,,,21,hitl
201,2026-02-12 08:15,slaughterhouse_1,slaughterhouse,0,,,,308.48,384.45,,,,,,,,,21,hitl
201,2026-02-12 08:15,wholesaler_1,wholesaler,0,,,,,,140.64,0.0,,,,,,,21,hitl
201,2026-02-12 08:15,retail_1,retail,0,,,,,,,,104.07,30.0,0.0,0.0,3.58,37.2929,21,hitl
202,2026-02-12 08:30,supplier_1,supplier,1,137.64,,,,,,,,,,,,,21,hitl
202,2026-02-12 08:30,farm_1,farm,1,,403.0,0.144,,,,,,,,,,,21,hitl
202,2026-02-12 08:30,slaughterhouse_1,slaughterhouse,0,,,,308.48,393.0,,,,,,,,,21,hitl
202,2026-02-12 08:30,wholesaler_1,wholesaler,0,,,,,,138.55,0.0,,,,,,,21,hitl
202,2026-02-12 08:30,retail_1,retail,0,,,,,,,,103.16,30.0,0.0,0.0,3.58,37.2929,21,hitl
203,2026-02-12 08:45,supplier_1,supplier,1,136.29,,,,,,,,,,,,,21,hitl
203,2026-02-12 08:45,farm_1,farm,1,,403.0,0.144,,,,,,,,,,,21,hitl
203,2026-02-12 08:45,slaughterhouse_1,slaughterhouse,0,,,,308.48,400.0,,,,,,,,,21,hitl
203,2026-02-12 08:45,wholesaler_1,wholesaler,0,,,,,,136.61,0.0,,,,,,,21,hitl
203,2026-02-12 08:45,retail_1,retail,0,,,,,,,,102.23,30.0,0.0,0.0,3.58,37.2929,21,hitl
204,2026-02-12 09:00,supplier_1,supplier,1,135.2,,,,,,,,,,,,,21,hitl
204,2026-02-12 09:00,farm_1,farm,1,,403.0,0.144,,,,,,,,,,,21,hitl
204,2026-02-12 09:00,slaughterhouse_1,slaughterhouse,0,,,,308.48,400.0,,,,,,,,,21,hitl
204,2026-02-12 09:00,wholesaler_1,wholesaler,0,,,,,,130.35,0.0,,,,,,,21,hitl
204,2026-02-12 09:00,retail_1,retail,0,,,,,,,,101.3,30.0,0.0,0.0,3.58,37.2929,21,hitl
205,2026-02-12 09:15,supplier_1,supplier,1,134.42,,,,,,,,,,,,,21,hitl
205,2026-02-12 09:15,farm_1,farm,1,,403.0,0.144,,,,,,,,,,,21,hitl
205,2026-02-12 09:15,slaughterhouse_1,slaughterhouse,0,,,,308.48,400.0,,,,,,,,,21,hitl
205,2026-02-12 09:15,wholesaler_1,wholesaler,0,,,,,,128.81,0.0,,,,,,,21,hitl
205,2026-02-12 09:15,retail_1,retail,0,,,,,,,,104.21,30.0,0.0,0.0,3.58,37.2929,21,hitl
206,2026-02-12 09:30,supplier_1,supplier,1,133.47,,,,,,,,,,,,,21,hitl
206,2026-02-12 09:30,farm_1,farm,1,,403.0,0.144,,,,,,,,,,,21,hitl
206,2026-02-12 09:30,slaughterhouse_1,slaughterhouse,0,,,,308.48,400.0,,,,,,,,,21,hitl
206,2026-02-12 09:30,wholesaler_1,wholesaler,0,,,,,,126.64,0.0,,,,,,,21,hitl
206,2026-02-12 09:30,retail_1,retail,0,,,,,,,,103.3,30.0,0.0,0.0,3.58,37.2929,21,hitl
207,2026-02-12 09:45,supplier_1,supplier,1,132.23,,,,,,,,,,,,,21,hitl
207,2026-02-12 09:45,farm_1,farm,1,,403.0,0.144,,,,,,,,,,,21,hitl
207,2026-02-12 09:45,slaughterhouse_1,slaughterhouse,0,,,,308.48,400.0,,,,,,,,,21,hitl
207,2026-02-12 09:45,wholesaler_1,wholesaler,0,,,,,,124.06,0.0,,,,,,,21,hitl
207,2026-02-12 09:45,retail_1,retail,0,,,,,,,,102.5,30.0,0.0,0.0,3.58,37.2929,21,hitl
208,2026-02-12 10:00,supplier_1,supplier,0,679.31,,,,,,,,,,,,,21,hitl
208,2026-02-12 10:00,farm_1,farm,1,,403.0,0.144,,,,,,,,,,,21,hitl
208,2026-02-12 10:00,slaughterhouse_1,slaughterhouse,0,,,,308.48,376.0,,,,,,,,,21,hitl
208,2026-02-12 10:00,wholesaler_1,wholesaler,0,,,,,,118.33,0.0,,,,,,,21,hitl
208,2026-02-12 10:00,retail_1,retail,0,,,,,,,,101.59,30.0,0.0,0.0,3.58,37.2929,21,hitl
209,2026-02-12 10:15,supplier_1,supplier,0,678.47,,,,,,,,,,,,,21,hitl
209,2026-02-12 10:15,farm_1,farm,1,,403.0,0.144,,,,,,,,,,,21,hitl
209,2026-02-12 10:15,slaughterhouse_1,slaughterhouse,0,,,,308.48,384.61,,,,,,,,,21,hitl
209,2026-02-12 10:15,wholesaler_1,wholesaler,0,,,,,,140.14,0.0,,,,,,,21,hitl
209,2026-02-12 10:15,retail_1,retail,0,,,,,,,,104.18,30.0,0.0,0.0,3.58,37.2929,21,hitl
210,2026-02-12 10:30,supplier_1,supplier,0,677.66,,,,,,,,,,,,,21,hitl
210,2026-02-12 10:30,farm_1,farm,1,,403.0,0.144,,,,,,,,,,,21,hitl
210,2026-02-12 10:30,slaughterhouse_1,slaughterhouse,0,,,,308.48,393.25,,,,,,,,,21,hitl
210,2026-02-12 10:30,wholesaler_1,wholesaler,0,,,,,,138.2,0.0,,,,,,,21,hitl
210,2026-02-12 10:30,retail_1,retail,0,,,,,,,,103.21,30.0,0.0,0.0,3.58,37.2929,21,hitl
211,2026-02-12 10:45,supplier_1,supplier,0,677.06,,,,,,,,,,,,,21,hitl
211,2026-02-12 10:45,farm_1,farm,1,,403.0,0.144,,,,,,,,,,,21,hitl
211,2026-02-12 10:45,slaughterhouse_1,slaughterhouse,0,,,,308.48,400.0,,,,,,,,,21,hitl
211,2026-02-12 10:45,wholesaler_1,wholesaler,0,,,,,,136.2,0.0,,,,,,,21,hitl
211,2026-02-12 10:45,retail_1,retail,0,,,,,,,,102.33,30.0,0.0,0.0,3.58,37.2929,21,hitl
212,2026-02-12 11:00,supplier_1,supplier,0,675.69,,,,,,,,,,,,,21,hitl
212,2026-02-12 11:00,farm_1,farm,1,,403.0,0.144,,,,,,,,,,,21,hitl
212,2026-02-12 11:00,slaughterhouse_1,slaughterhouse,0,,,,308.48,400.0,,,,,,,,,21,hitl
212,2026-02-12 11:00,wholesaler_1,wholesaler,0,,,,,,130.72,0.0,,,,,,,21,hitl
212,2026-02-12 11:00,retail_1,retail,0,,,,,,,,101.54,30.0,0.0,0.0,3.58,37.2929,21,hitl
213,2026-02-12 11:15,supplier_1,supplier,0,674.8,,,,,,,,,,,,,21,hitl
213,2026-02-12 11:15,farm_1,farm,1,,403.0,0.144,,,,,,,,,,,21,hitl
213,2026-02-12 11:15,slaughterhouse_1,slaughterhouse,0,,,,308.48,400.0,,,,,,,,,21,hitl
213,2026-02-12 11:15,wholesaler_1,wholesaler,0,,,,,,128.07,0.0,,,,,,,21,hitl
213,2026-02-12 11:15,retail_1,retail,0,,,,,,,,104.21,30.0,0.0,0.0,3.58,37.2929,21,hitl
214,2026-02-12 11:30,supplier_1,supplier,0,674.2,,,,,,,,,,,,,21,hitl
214,2026-02-12 11:30,farm_1,farm,1,,403.0,0.144,,,,,,,,,,,21,hitl
214,2026-02-12 11:30,slaughterhouse_1,slaughterhouse,0,,,,308.48,400.0,,,,,,,,,21,hitl
214,2026-02-12 11:30,wholesaler_1,wholesaler,0,,,,,,126.08,0.0,,,,,,,21,hitl
214,2026-02-12 11:30,retail_1,retail,0,,,,,,,,103.29,30.0,0.0,0.0,3.58,37.2929,21,hitl
215,2026-02-12 11:45,supplier_1,supplier,0,673.03,,,,,,,,,,,,,21,hitl
215,2026-02-12 11:45,farm_1,farm,1,,403.0,0.144,,,,,,,,,,,21,hitl
215,2026-02-12 11:45,slaughterhouse_1,slaughterhouse,0,,,,308.48,400.0,,,,,,,,,21,hitl
215,2026-02-12 11:45,wholesaler_1,wholesaler,0,,,,,,124.28,0.0,,,,,,,21,hitl
215,2026-02-12 11:45,retail_1,retail,0,,,,,,,,102.46,30.0,0.0,0.0,3.58,37.2929,21,hitl
216,2026-02-12 12:00,supplier_1,supplier,0,671.57,,,,,,,,,,,,,21,hitl
216,2026-02-12 12:00,farm_1,farm,1,,403.0,0.144,,,,,,,,,,,21,hitl
216,2026-02-12 12:00,slaughterhouse_1,slaughterhouse,0,,,,308.48,376.0,,,,,,,,,21,hitl
216,2026-02-12 12:00,wholesaler_1,wholesaler,0,,,,,,118.54,0.0,,,,,,,21,hitl
216,2026-02-12 12:00,retail_1,retail,0,,,,,,,,101.59,30.0,0.0,0.0,3.58,37.2929,21,hitl
217,2026-02-12 12:15,supplier_1,supplier,0,670.27,,,,,,,,,,,,,21,hitl
217,2026-02-12 12:15,farm_1,farm,1,,403.0,0.144,,,,,,,,,,,21,hitl
217,2026-02-12 12:15,slaughterhouse_1,slaughterhouse,0,,,,308.48,384.73,,,,,,,,,21,hitl
217,2026-02-12 12:15,wholesaler_1,wholesaler,0,,,,,,140.28,0.0,,,,,,,21,hitl
217,2026-02-12 12:15,retail_1,retail,0,,,,,,,,104.15,30.0,0.0,0.0,3.58,37.2929,21,hitl
218,2026-02-12 12:30,supplier_1,supplier,0,669.74,,,,,,,,,,,,,21,hitl
218,2026-02-12 12:30,farm_1,farm,1,,403.0,0.144,,,,,,,,,,,21,hitl
218,2026-02-12 12:30,slaughterhouse_1,slaughterhouse,0,,,,308.48,393.88,,,,,,,,,21,hitl
218,2026-02-12 12:30,wholesaler_1,wholesaler,0,,,,,,138.2,0.0,,,,,,,21,hitl
218,2026-02-12 12:30,retail_1,retail,0,,,,,,,,103.25,30.0,0.0,0.0,3.58,37.2929,21,hitl
219,2026-02-12 12:45,supplier_1,supplier,0,668.94,,,,,,,,,,,,,21,hitl
219,2026-02-12 12:45,farm_1,farm,1,,403.0,0.144,,,,,,,,,,,21,hitl
219,2026-02-12 12:45,slaughterhouse_1,slaughterhouse,0,,,,308.48,400.0,,,,,,,,,21,hitl
219,2026-02-12 12:45,wholesaler_1,wholesaler,0,,,,,,135.22,0.0,,,,,,,21,hitl
219,2026-02-12 12:45,retail_1,retail,0,,,,,,,,102.3,30.0,0.0,0.0,3.58,37.2929,21,hitl
220,2026-02-12 13:00,supplier_1,supplier,0,667.74,,,,,,,,,,,,,21,hitl
220,2026-02-12 13:00,farm_1,farm,1,,403.0,0.144,,,,,,,,,,,21,hitl
220,2026-02-12 13:00,slaughterhouse_1,slaughterhouse,0,,,,308.48,400.0,,,,,,,,,21,hitl
220,2026-02-12 13:00,wholesaler_1,wholesaler,0,,,,,,129.97,0.0,,,,,,,21,hitl
220,2026-02-12 13:00,retail_1,retail,0,,,,,,,,101.46,30.0,0.0,0.0,3.58,37.2929,21,hitl
221,2026-02-12 13:15,supplier_1,supplier,0,666.61,,,,,,,,,,,,,21,hitl
221,2026-02-12 13:15,farm_1,farm,1,,403.0,0.144,,,,,,,,,,,21,hitl
221,2026-02-12 13:15,slaughterhouse_1,slaughterhouse,0,,,,308.48,400.0,,,,,,,,,21,hitl
221,2026-02-12 13:15,wholesaler_1,wholesaler,0,,,,,,128.06,0.0,,,,,,,21,hitl
221,2026-02-12 13:15,retail_1,retail,0,,,,,,,,104.18,30.0,0.0,0.0,3.58,37.2929,21,hitl
222,2026-02-12 13:30,supplier_1,supplier,0,665.58,,,,,,,,,,,,,21,hitl
222,2026-02-12 13:30,farm_1,farm,1,,403.0,0.144,,,,,,,,,,,21,hitl
222,2026-02-12 13:30,slaughterhouse_1,slaughterhouse,0,,,,308.48,400.0,,,,,,,,,21,hitl
222,2026-02-12 13:30,wholesaler_1,wholesaler,0,,,,,,126.08,0.0,,,,,,,21,hitl
222,2026-02-12 13:30,retail_1,retail,0,,,,,,,,103.18,30.0,0.0,0.0,3.58,37.2929,21,hitl
223,2026-02-12 13:45,supplier_1,supplier,0,664.35,,,,,,,,,,,,,21,hitl
223,2026-02-12 13:45,farm_1,farm,1,,403.0,0.144,,,,,,,,,,,21,hitl
223,2026-02-12 13:45,slaughterhouse_1,slaughterhouse,0,,,,308.48,400.0,,,,,,,,,21,hitl
223,2026-02-12 13:45,wholesaler_1,wholesaler,0,,,,,,123.17,0.0,,,,,,,21,hitl
223,2026-02-12 13:45,retail_1,retail,0,,,,,,,,102.29,30.0,0.0,0.0,3.58,37.2929,21,hitl
224,2026-02-12 14:00,supplier_1,supplier,0,663.84,,,,,,,,,,,,,21,hitl
224,2026-02-12 14:00,farm_1,farm,1,,403.0,0.144,,,,,,,,,,,21,hitl
224,2026-02-12 14:00,slaughterhouse_1,slaughterhouse,0,,,,308.48,376.0,,,,,,,,,21,hitl
224,2026-02-12 14:00,wholesaler_1,wholesaler,0,,,,,,116.82,0.0,,,,,,,21,hitl
224,2026-02-12 14:00,retail_1,retail,0,,,,,,,,101.39,30.0,0.0,0.0,3.58,37.2929,21,hitl
225,2026-02-12 14:15,supplier_1,supplier,0,662.99,,,,,,,,,,,,,21,hitl
225,2026-02-12 14:15,farm_1,farm,1,,403.0,0.144,,,,,,,,,,,21,hitl
225,2026-02-12 14:15,slaughterhouse_1,slaughterhouse,0,,,,308.48,384.85,,,,,,,,,21,hitl
225,2026-02-12 14:15,wholesaler_1,wholesaler,0,,,,,,138.25,0.0,,,,,,,21,hitl
225,2026-02-12 14:15,retail_1,retail,0,,,,,,,,104.01,30.0,0.0,0.0,3.58,37.2929,21,hitl
226,2026-02-12 14:30,supplier_1,supplier,0,662.18,,,,,,,,,,,,,21,hitl
226,2026-02-12 14:30,farm_1,farm,1,,403.0,0.144,,,,,,,,,,,21,hitl
226,2026-02-12 14:30,slaughterhouse_1,slaughterhouse,0,,,,308.48,393.5,,,,,,,,,21,hitl
226,2026-02-12 14:30,wholesaler_1,wholesaler,0,,,,,,136.41,0.0,,,,,,,21,hitl
226,2026-02-12 14:30,retail_1,retail,0,,,,,,,,103.01,30.0,0.0,0.0,3.58,37.2929,21,hitl
227,2026-02-12 14:45,supplier_1,supplier,0,661.55,,,,,,,,,,,,,21,hitl
227,2026-02-12 14:45,farm_1,farm,1,,403.0,0.144,,,,,,,,,,,21,hitl
227,2026-02-12 14:45,slaughterhouse_1,slaughterhouse,0,,,,308.48,400.0,,,,,,,,,21,hitl
227,2026-02-12 14:45,wholesaler_1,wholesaler,0,,,,,,133.74,0.0,,,,,,,21,hitl
227,2026-02-12 14:45,retail_1,retail,0,,,,,,,,102.08,30.0,0.0,0.0,3.58,37.2929,21,hitl
228,2026-02-12 15:00,supplier_1,supplier,0,660.69,,,,,,,,,,,,,21,hitl
228,2026-02-12 15:00,farm_1,farm,1,,403.0,0.144,,,,,,,,,,,21,hitl
228,2026-02-12 15:00,slaughterhouse_1,slaughterhouse,0,,,,308.48,400.0,,,,,,,,,21,hitl
228,2026-02-12 15:00,wholesaler_1,wholesaler,0,,,,,,128.13,0.0,,,,,,,21,hitl
228,2026-02-12 15:00,retail_1,retail,0,,,,,,,,101.23,30.0,0.0,0.0,3.58,37.2929,21,hitl
229,2026-02-12 15:15,supplier_1,supplier,0,660.06,,,,,,,,,,,,,21,hitl
229,2026-02-12 15:15,farm_1,farm,1,,403.0,0.144,,,,,,,,,,,21,hitl
229,2026-02-12 15:15,slaughterhouse_1,slaughterhouse,0,,,,308.48,400.0,,,,,,,,,21,hitl
229,2026-02-12 15:15,wholesaler_1,wholesaler,0,,,,,,126.06,0.0,,,,,,,21,hitl
229,2026-02-12 15:15,retail_1,retail,0,,,,,,,,104.02,30.0,0.0,0.0,3.58,37.2929,21,hitl
230,2026-02-12 15:30,supplier_1,supplier,0,659.55,,,,,,,,,,,,,21,hitl
230,2026-02-12 15:30,farm_1,farm,1,,403.0,0.144,,,,,,,,,,,21,hitl
230,2026-02-12 15:30,slaughterhouse_1,slaughterhouse,0,,,,308.48,400.0,,,,,,,,,21,hitl
230,2026-02-12 15:30,wholesaler_1,wholesaler,0,,,,,,123.17,0.0,,,,,,,21,hitl
230,2026-02-12 15:30,retail_1,retail,0,,,,,,,,103.06,30.0,0.0,0.0,3.58,37.2929,21,hitl
231,2026-02-12 15:45,supplier_1,supplier,0,658.71,,,,,,,,,,,,,21,hitl
231,2026-02-12 15:45,farm_1,farm,1,,403.0,0.144,,,,,,,,,,,21,hitl
231,2026-02-12 15:45,slaughterhouse_1,slaughterhouse,0,,,,308.48,400.0,,,,,,,,,21,hitl
231,2026-02-12 15:45,wholesaler_1,wholesaler,0,,,,,,121.62,0.0,,,,,,,21,hitl
231,2026-02-12 15:45,retail_1,retail,0,,,,,,,,102.18,30.0,0.0,0.0,3.58,37.2929,21,hitl
232,2026-02-12 16:00,supplier_1,supplier,0,657.31,,,,,,,,,,,,,21,hitl
232,2026-02-12 16:00,farm_1,farm,1,,403.0,0.144,,,,,,,,,,,21,hitl
232,2026-02-12 16:00,slaughterhouse_1,slaughterhouse,0,,,,308.48,376.0,,,,,,,,,21,hitl
232,2026-02-12 16:00,wholesaler_1,wholesaler,0,,,,,,115.72,0.0,,,,,,,21,hitl
232,2026-02-12 16:00,retail_1,retail,0,,,,,,,,101.32,30.0,0.0,0.0,3.58,37.2929,21,hitl
233,2026-02-12 16:15,supplier_1,supplier,0,656.8,,,,,,,,,,,,,21,hitl
233,2026-02-12 16:15,farm_1,farm,1,,403.0,0.144,,,,,,,,,,,21,hitl
233,2026-02-12 16:15,slaughterhouse_1,slaughterhouse,0,,,,308.48,384.35,,,,,,,,,21,hitl
233,2026-02-12 16:15,wholesaler_1,wholesaler,0,,,,,,137.1,0.0,,,,,,,21,hitl
233,2026-02-12 16:15,retail_1,retail,0,,,,,,,,104.19,30.0,0.0,0.0,3.58,37.2929,21,hitl
234,2026-02-12 16:30,supplier_1,supplier,0,656.18,,,,,,,,,,,,,21,hitl
234,2026-02-12 16:30,farm_1,farm,1,,403.0,0.144,,,,,,,,,,,21,hitl
234,2026-02-12 16:30,slaughterhouse_1,slaughterhouse,0,,,,308.48,392.63,,,,,,,,,21,hitl
234,2026-02-12 16:30,wholesaler_1,wholesaler,0,,,,,,135.1,0.0,,,,,,,21,hitl
234,2026-02-12 16:30,retail_1,retail,0,,,,,,,,103.32,30.0,0.0,0.0,3.58,37.2929,21,hitl
235,2026-02-12 16:45,supplier_1,supplier,0,655.12,,,,,,,,,,,,,21,hitl
235,2026-02-12 16:45,farm_1,farm,1,,403.0,0.144,,,,,,,,,,,21,hitl
235,2026-02-12 16:45,slaughterhouse_1,slaughterhouse,0,,,,308.48,400.0,,,,,,,,,21,hitl
235,2026-02-12 16:45,wholesaler_1,wholesaler,0,,,,,,133.11,0.0,,,,,,,21,hitl
235,2026-02-12 16:45,retail_1,retail,0,,,,,,,,102.41,30.0,0.0,0.0,3.58,37.2929,21,hitl
236,2026-02-12 17:00,supplier_1,supplier,0,654.05,,,,,,,,,,,,,21,hitl
236,2026-02-12 17:00,farm_1,farm,1,,403.0,0.144,,,,,,,,,,,21,hitl
236,2026-02-12 17:00,slaughterhouse_1,slaughterhouse,0,,,,308.48,400.0,,,,,,,,,21,hitl
236,2026-02-12 17:00,wholesaler_1,wholesaler,0,,,,,,127.59,0.0,,,,,,,21,hitl
236,2026-02-12 17:00,retail_1,retail,0,,,,,,,,101.54,30.0,0.0,0.0,3.58,37.2929,21,hitl
237,2026-02-12 17:15,supplier_1,supplier,0,652.57,,,,,,,,,,,,,21,hitl
237,2026-02-12 17:15,farm_1,farm,1,,403.0,0.144,,,,,,,,,,,21,hitl
237,2026-02-12 17:15,slaughterhouse_1,slaughterhouse,0,,,,308.48,400.0,,,,,,,,,21,hitl
237,2026-02-12 17:15,wholesaler_1,wholesaler,0,,,,,,124.66,0.0,,,,,,,21,hitl
237,2026-02-12 17:15,retail_1,retail,0,,,,,,,,104.07,30.0,0.0,0.0,3.58,37.2929,21,hitl
238,2026-02-12 17:30,supplier_1,supplier,0,651.99,,,,,,,,,,,,,21,hitl
238,2026-02-12 17:30,farm_1,farm,1,,403.0,0.144,,,,,,,,,,,21,hitl
238,2026-02-12 17:30,slaughterhouse_1,slaughterhouse,0,,,,308.48,400.0,,,,,,,,,21,hitl
238,2026-02-12 17:30,wholesaler_1,wholesaler,0,,,,,,121.89,0.0,,,,,,,21,hitl
238,2026-02-12 17:30,retail_1,retail,0,,,,,,,,103.09,30.0,0.0,0.0,3.58,37.2929,21,hitl
239,2026-02-12 17:45,supplier_1,supplier,0,651.33,,,,,,,,,,,,,21,hitl
239,2026-02-12 17:45,farm_1,farm,1,,403.0,0.144,,,,,,,,,,,21,hitl
239,2026-02-12 17:45,slaughterhouse_1,slaughterhouse,0,,,,308.48,400.0,,,,,,,,,21,hitl
239,2026-02-12 17:45,wholesaler_1,wholesaler,0,,,,,,119.72,0.0,,,,,,,21,hitl
239,2026-02-12 17:45,retail_1,retail,0,,,,,,,,102.17,30.0,0.0,0.0,3.58,37.2929,21,hitl
240,2026-02-12 18:00,supplier_1,supplier,0,650.09,,,,,,,,,,,,,21,hitl
240,2026-02-12 18:00,farm_1,farm,1,,403.0,0.144,,,,,,,,,,,21,hitl
240,2026-02-12 18:00,slaughterhouse_1,slaughterhouse,0,,,,308.48,376.0,,,,,,,,,21,hitl
240,2026-02-12 18:00,wholesaler_1,wholesaler,0,,,,,,114.4,0.0,,,,,,,21,hitl
240,2026-02-12 18:00,retail_1,retail,0,,,,,,,,101.34,30.0,0.0,0.0,3.58,37.2929,21,hitl
241,2026-02-12 18:15,supplier_1,supplier,0,648.6,,,,,,,,,,,,,21,hitl
241,2026-02-12 18:15,farm_1,farm,1,,403.0,0.144,,,,,,,,,,,21,hitl
241,2026-02-12 18:15,slaughterhouse_1,slaughterhouse,0,,,,308.48,384.04,,,,,,,,,21,hitl
241,2026-02-12 18:15,wholesaler_1,wholesaler,0,,,,,,136.66,0.0,,,,,,,21,hitl
241,2026-02-12 18:15,retail_1,retail,0,,,,,,,,104.17,30.0,0.0,0.0,3.58,37.2929,21,hitl
242,2026-02-12 18:30,supplier_1,supplier,0,647.82,,,,,,,,,,,,,21,hitl
242,2026-02-12 18:30,farm_1,farm,1,,403.0,0.144,,,,,,,,,,,21,hitl
242,2026-02-12 18:30,slaughterhouse_1,slaughterhouse,0,,,,308.48,392.13,,,,,,,,,21,hitl
242,2026-02-12 18:30,wholesaler_1,wholesaler,0,,,,,,133.67,0.0,,,,,,,21,hitl
242,2026-02-12 18:30,retail_1,retail,0,,,,,,,,103.25,30.0,0.0,0.0,3.58,37.2929,21,hitl
243,2026-02-12 18:45,supplier_1,supplier,0,647.06,,,,,,,,,,,,,21,hitl
243,2026-02-12 18:45,farm_1,farm,1,,403.0,0.144,,,,,,,,,,,21,hitl
243,2026-02-12 18:45,slaughterhouse_1,slaughterhouse,0,,,,308.48,400.0,,,,,,,,,21,hitl
243,2026-02-12 18:45,wholesaler_1,wholesaler,0,,,,,,131.65,0.0,,,,,,,21,hitl
243,2026-02-12 18:45,retail_1,retail,0,,,,,,,,102.27,30.0,0.0,0.0,3.58,37.2929,21,hitl
244,2026-02-12 19:00,supplier_1,supplier,0,646.52,,,,,,,,,,,,,21,hitl
244,2026-02-12 19:00,farm_1,farm,1,,403.0,0.144,,,,,,,,,,,21,hitl
244,2026-02-12 19:00,slaughterhouse_1,slaughterhouse,0,,,,308.48,400.0,,,,,,,,,21,hitl
244,2026-02-12 19:00,wholesaler_1,wholesaler,0,,,,,,126.42,0.0,,,,,,,21,hitl
244,2026-02-12 19:00,retail_1,retail,0,,,,,,,,101.45,30.0,0.0,0.0,3.58,37.2929,21,hitl
245,2026-02-12 19:15,supplier_1,supplier,0,645.4,,,,,,,,,,,,,21,hitl
245,2026-02-12 19:15,farm_1,farm,1,,403.0,0.144,,,,,,,,,,,21,hitl
245,2026-02-12 19:15,slaughterhouse_1,slaughterhouse,0,,,,308.48,400.0,,,,,,,,,21,hitl
245,2026-02-12 19:15,wholesaler_1,wholesaler,0,,,,,,124.92,0.0,,,,,,,21,hitl
245,2026-02-12 19:15,retail_1,retail,0,,,,,,,,104.07,30.0,0.0,0.0,3.58,37.2929,21,hitl
246,2026-02-12 19:30,supplier_1,supplier,0,644.01,,,,,,,,,,,,,21,hitl
246,2026-02-12 19:30,farm_1,farm,1,,403.0,0.144,,,,,,,,,,,21,hitl
246,2026-02-12 19:30,slaughterhouse_1,slaughterhouse,0,,,,308.48,400.0,,,,,,,,,21,hitl
246,2026-02-12 19:30,wholesaler_1,wholesaler,0,,,,,,122.46,0.0,,,,,,,21,hitl
246,2026-02-12 19:30,retail_1,retail,0,,,,,,,,103.18,30.0,0.0,0.0,3.58,37.2929,21,hitl
247,2026-02-12 19:45,supplier_1,supplier,0,642.77,,,,,,,,,,,,,21,hitl
247,2026-02-12 19:45,farm_1,farm,1,,403.0,0.144,,,,,,,,,,,21,hitl
247,2026-02-12 19:45,slaughterhouse_1,slaughterhouse,0,,,,308.48,400.0,,,,,,,,,21,hitl
247,2026-02-12 19:45,wholesaler_1,wholesaler,0,,,,,,119.98,0.0,,,,,,,21,hitl
247,2026-02-12 19:45,retail_1,retail,0,,,,,,,,102.26,30.0,0.0,0.0,3.58,37.2929,21,hitl
248,2026-02-12 20:00,supplier_1,supplier,0,641.66,,,,,,,,,,,,,21,hitl
248,2026-02-12 20:00,farm_1,farm,1,,403.0,0.144,,,,,,,,,,,21,hitl
248,2026-02-12 20:00,slaughterhouse_1,slaughterhouse,0,,,,308.48,376.0,,,,,,,,,21,hitl
248,2026-02-12 20:00,wholesaler_1,wholesaler,0,,,,,,114.76,0.0,,,,,,,21,hitl
248,2026-02-12 20:00,retail_1,retail,0,,,,,,,,101.46,30.0,0.0,0.0,3.58,37.2929,21,hitl
249,2026-02-12 20:15,supplier_1,supplier,0,641.05,,,,,,,,,,,,,21,hitl
249,2026-02-12 20:15,farm_1,farm,1,,403.0,0.144,,,,,,,,,,,21,hitl
249,2026-02-12 20:15,slaughterhouse_1,slaughterhouse,0,,,,308.48,384.99,,,,,,,,,21,hitl
249,2026-02-12 20:15,wholesaler_1,wholesaler,0,,,,,,135.98,0.0,,,,,,,21,hitl
249,2026-02-12 20:15,retail_1,retail,0,,,,,,,,104.08,30.0,0.0,0.0,3.58,37.2929,21,hitl
250,2026-02-12 20:30,supplier_1,supplier,0,640.02,,,,,,,,,,,,,21,hitl
250,2026-02-12 20:30,farm_1,farm,1,,403.0,0.144,,,,,,,,,,,21,hitl
250,2026-02-12 20:30,slaughterhouse_1,slaughterhouse,0,,,,308.48,393.42,,,,,,,,,21,hitl
250,2026-02-12 20:30,wholesaler_1,wholesaler,0,,,,,,133.83,0.0,,,,,,,21,hitl
250,2026-02-12 20:30,retail_1,retail,0,,,,,,,,103.15,30.0,0.0,0.0,3.58,37.2929,21,hitl
251,2026-02-12 20:45,supplier_1,supplier,0,638.98,,,,,,,,,,,,,21,hitl
251,2026-02-12 20:45,farm_1,farm,1,,403.0,0.144,,,,,,,,,,,21,hitl
251,2026-02-12 20:45,slaughterhouse_1,slaughterhouse,0,,,,308.48,400.0,,,,,,,,,21,hitl
251,2026-02-12 20:45,wholesaler_1,wholesaler,0,,,,,,132.16,0.0,,,,,,,21,hitl
251,2026-02-12 20:45,retail_1,retail,0,,,,,,,,102.26,30.0,0.0,0.0,3.58,37.2929,21,hitl
252,2026-02-12 21:00,supplier_1,supplier,0,637.52,,,,,,,,,,,,,21,hitl
252,2026-02-12 21:00,farm_1,farm,1,,403.0,0.144,,,,,,,,,,,21,hitl
252,2026-02-12 21:00,slaughterhouse_1,slaughterhouse,0,,,,308.48,400.0,,,,,,,,,21,hitl
252,2026-02-12 21:00,wholesaler_1,wholesaler,0,,,,,,126.97,0.0,,,,,,,21,hitl
252,2026-02-12 21:00,retail_1,retail,0,,,,,,,,101.4,30.0,0.0,0.0,3.58,37.2929,21,hitl
253,2026-02-12 21:15,supplier_1,supplier,0,636.82,,,,,,,,,,,,,21,hitl
253,2026-02-12 21:15,farm_1,farm,1,,403.0,0.144,,,,,,,,,,,21,hitl
253,2026-02-12 21:15,slaughterhouse_1,slaughterhouse,0,,,,308.48,400.0,,,,,,,,,21,hitl
253,2026-02-12 21:15,wholesaler_1,wholesaler,0,,,,,,125.04,0.0,,,,,,,21,hitl
253,2026-02-12 21:15,retail_1,retail,0,,,,,,,,104.09,30.0,0.0,0.0,3.58,37.2929,21,hitl
254,2026-02-12 21:30,supplier_1,supplier,0,635.75,,,,,,,,,,,,,21,hitl
254,2026-02-12 21:30,farm_1,farm,1,,403.0,0.144,,,,,,,,,,,21,hitl
254,2026-02-12 21:30,slaughterhouse_1,slaughterhouse,0,,,,308.48,400.0,,,,,,,,,21,hitl
254,2026-02-12 21:30,wholesaler_1,wholesaler,0,,,,,,122.67,0.0,,,,,,,21,hitl
254,2026-02-12 21:30,retail_1,retail,0,,,,,,,,103.24,30.0,0.0,0.0,3.58,37.2929,21,hitl
255,2026-02-12 21:45,supplier_1,supplier,0,634.53,,,,,,,,,,,,,21,hitl
255,2026-02-12 21:45,farm_1,farm,1,,403.0,0.144,,,,,,,,,,,21,hitl
255,2026-02-12 21:45,slaughterhouse_1,slaughterhouse,0,,,,308.48,400.0,,,,,,,,,21,hitl
255,2026-02-12 21:45,wholesaler_1,wholesaler,0,,,,,,119.9,0.0,,,,,,,21,hitl
255,2026-02-12 21:45,retail_1,retail,0,,,,,,,,102.42,30.0,0.0,0.0,3.58,37.2929,21,hitl
256,2026-02-12 22:00,supplier_1,supplier,0,633.27,,,,,,,,,,,,,21,hitl
256,2026-02-12 22:00,farm_1,farm,1,,403.0,0.144,,,,,,,,,,,21,hitl
256,2026-02-12 22:00,slaughterhouse_1,slaughterhouse,0,,,,308.48,376.0,,,,,,,,,21,hitl
256,2026-02-12 22:00,wholesaler_1,wholesaler,0,,,,,,113.51,0.0,,,,,,,21,hitl
256,2026-02-12 22:00,retail_1,retail,0,,,,,,,,101.52,30.0,0.0,0.0,3.58,37.2929,21,hitl
257,2026-02-12 22:15,supplier_1,supplier,0,632.74,,,,,,,,,,,,,21,hitl
257,2026-02-12 22:15,farm_1,farm,1,,403.0,0.144,,,,,,,,,,,21,hitl
257,2026-02-12 22:15,slaughterhouse_1,slaughterhouse,0,,,,308.48,384.27,,,,,,,,,21,hitl
257,2026-02-12 22:15,wholesaler_1,wholesaler,0,,,,,,135.32,0.0,,,,,,,21,hitl
257,2026-02-12 22:15,retail_1,retail,0,,,,,,,,104.15,30.0,0.0,0.0,3.58,37.2929,21,hitl
258,2026-02-12 22:30,supplier_1,supplier,0,631.44,,,,,,,,,,,,,21,hitl
258,2026-02-12 22:30,farm_1,farm,1,,403.0,0.144,,,,,,,,,,,21,hitl
258,2026-02-12 22:30,slaughterhouse_1,slaughterhouse,0,,,,308.48,392.59,,,,,,,,,21,hitl
258,2026-02-12 22:30,wholesaler_1,wholesaler,0,,,,,,133.4,0.0,,,,,,,21,hitl
258,2026-02-12 22:30,retail_1,retail,0,,,,,,,,103.3,30.0,0.0,0.0,3.58,37.2929,21,hitl
259,2026-02-12 22:45,supplier_1,supplier,0,630.59,,,,,,,,,,,,,21,hitl
259,2026-02-12 22:45,farm_1,farm,1,,403.0,0.144,,,,,,,,,,,21,hitl
259,2026-02-12 22:45,slaughterhouse_1,slaughterhouse,0,,,,308.48,400.0,,,,,,,,,21,hitl
259,2026-02-12 22:45,wholesaler_1,wholesaler,0,,,,,,131.77,0.0,,,,,,,21,hitl
259,2026-02-12 22:45,retail_1,retail,0,,,,,,,,102.42,30.0,0.0,0.0,3.58,37.2929,21,hitl
260,2026-02-12 23:00,supplier_1,supplier,0,629.84,,,,,,,,,,,,,21,hitl
260,2026-02-12 23:00,farm_1,farm,1,,403.0,0.144,,,,,,,,,,,21,hitl
260,2026-02-12 23:00,slaughterhouse_1,slaughterhouse,0,,,,308.48,400.0,,,,,,,,,21,hitl
260,2026-02-12 23:00,wholesaler_1,wholesaler,0,,,,,,126.75,0.0,,,,,,,21,hitl
260,2026-02-12 23:00,retail_1,retail,0,,,,,,,,101.61,30.0,0.0,0.0,3.58,37.2929,21,hitl
261,2026-02-12 23:15,supplier_1,supplier,0,629.04,,,,,,,,,,,,,21,hitl
261,2026-02-12 23:15,farm_1,farm,1,,403.0,0.144,,,,,,,,,,,21,hitl
261,2026-02-12 23:15,slaughterhouse_1,slaughterhouse,0,,,,308.48,400.0,,,,,,,,,21,hitl
261,2026-02-12 23:15,wholesaler_1,wholesaler,0,,,,,,124.45,0.0,,,,,,,21,hitl
261,2026-02-12 23:15,retail_1,retail,0,,,,,,,,104.17,30.0,0.0,0.0,3.58,37.2929,21,hitl
262,2026-02-12 23:30,supplier_1,supplier,0,627.92,,,,,,,,,,,,,21,hitl
262,2026-02-12 23:30,farm_1,farm,1,,403.0,0.144,,,,,,,,,,,21,hitl
262,2026-02-12 23:30,slaughterhouse_1,slaughterhouse,0,,,,308.48,400.0,,,,,,,,,21,hitl
262,2026-02-12 23:30,wholesaler_1,wholesaler,0,,,,,,122.23,0.0,,,,,,,21,hitl
262,2026-02-12 23:30,retail_1,retail,0,,,,,,,,103.33,30.0,0.0,0.0,3.58,37.2929,21,hitl
263,2026-02-12 23:45,supplier_1,supplier,0,626.82,,,,,,,,,,,,,21,hitl
263,2026-02-12 23:45,farm_1,farm,1,,403.0,0.144,,,,,,,,,,,21,hitl
263,2026-02-12 23:45,slaughterhouse_1,slaughterhouse,0,,,,308.48,400.0,,,,,,,,,21,hitl
263,2026-02-12 23:45,wholesaler_1,wholesaler,0,,,,,,120.13,0.0,,,,,,,21,hitl
263,2026-02-12 23:45,retail_1,retail,0,,,,,,,,102.34,30.0,0.0,0.0,3.58,37.2929,21,hitl
264,2026-02-13 00:00,supplier_1,supplier,0,626.08,,,,,,,,,,,,,21,hitl
264,2026-02-13 00:00,farm_1,farm,1,,403.0,0.144,,,,,,,,,,,21,hitl
264,2026-02-13 00:00,slaughterhouse_1,slaughterhouse,0,,,,308.48,376.0,,,,,,,,,21,hitl
264,2026-02-13 00:00,wholesaler_1,wholesaler,0,,,,,,114.84,0.0,,,,,,,21,hitl
264,2026-02-13 00:00,retail_1,retail,0,,,,,,,,101.35,30.0,0.0,0.0,3.58,37.2929,21,hitl
265,2026-02-13 00:15,supplier_1,supplier,0,624.68,,,,,,,,,,,,,21,hitl
265,2026-02-13 00:15,farm_1,farm,1,,403.0,0.144,,,,,,,,,,,21,hitl
265,2026-02-13 00:15,slaughterhouse_1,slaughterhouse,0,,,,308.48,384.3,,,,,,,,,21,hitl
265,2026-02-13 00:15,wholesaler_1,wholesaler,0,,,,,,136.39,0.0,,,,,,,21,hitl
265,2026-02-13 00:15,retail_1,retail,0,,,,,,,,104.19,30.0,0.0,0.0,3.58,37.2929,21,hitl
266,2026-02-13 00:30,supplier_1,supplier,0,623.88,,,,,,,,,,,,,21,hitl
266,2026-02-13 00:30,farm_1,farm,1,,403.0,0.144,,,,,,,,,,,21,hitl
266,2026-02-13 00:30,slaughterhouse_1,slaughterhouse,0,,,,308.48,393.08,,,,,,,,,21,hitl
266,2026-02-13 00:30,wholesaler_1,wholesaler,0,,,,,,133.79,0.0,,,,,,,21,hitl
266,2026-02-13 00:30,retail_1,retail,0,,,,,,,,103.2,30.0,0.0,0.0,3.58,37.2929,21,hitl
267,2026-02-13 00:45,supplier_1,supplier,0,622.58,,,,,,,,,,,,,21,hitl
267,2026-02-13 00:45,farm_1,farm,1,,403.0,0.144,,,,,,,,,,,21,hitl
267,2026-02-13 00:45,slaughterhouse_1,slaughterhouse,0,,,,308.48,400.0,,,,,,,,,21,hitl
267,2026-02-13 00:45,wholesaler_1,wholesaler,0,,,,,,131.93,0.0,,,,,,,21,hitl
267,2026-02-13 00:45,retail_1,retail,0,,,,,,,,102.31,30.0,0.0,0.0,3.58,37.2929,21,hitl
268,2026-02-13 01:00,supplier_1,supplier,0,622.06,,,,,,,,,,,,,21,hitl
268,2026-02-13 01:00,farm_1,farm,1,,403.0,0.144,,,,,,,,,,,21,hitl
268,2026-02-13 01:00,slaughterhouse_1,slaughterhouse,0,,,,308.48,400.0,,,,,,,,,21,hitl
268,2026-02-13 01:00,wholesaler_1,wholesaler,0,,,,,,125.91,0.0,,,,,,,21,hitl
268,2026-02-13 01:00,retail_1,retail,0,,,,,,,,101.36,30.0,0.0,0.0,3.58,37.2929,21,hitl
269,2026-02-13 01:15,supplier_1,supplier,0,621.19,,,,,,,,,,,,,21,hitl
269,2026-02-13 01:15,farm_1,farm,1,,403.0,0.144,,,,,,,,,,,21,hitl
269,2026-02-13 01:15,slaughterhouse_1,slaughterhouse,0,,,,308.48,400.0,,,,,,,,,21,hitl
269,2026-02-13 01:15,wholesaler_1,wholesaler,0,,,,,,124.24,0.0,,,,,,,21,hitl
269,2026-02-13 01:15,retail_1,retail,0,,,,,,,,104.1,30.0,0.0,0.0,3.58,37.2929,21,hitl
270,2026-02-13 01:30,supplier_1,supplier,0,619.84,,,,,,,,,,,,,21,hitl
270,2026-02-13 01:30,farm_1,farm,1,,403.0,0.144,,,,,,,,,,,21,hitl
270,2026-02-13 01:30,slaughterhouse_1,slaughterhouse,0,,,,308.48,400.0,,,,,,,,,21,hitl
270,2026-02-13 01:30,wholesaler_1,wholesaler,0,,,,,,122.36,0.0,,,,,,,21,hitl
270,2026-02-13 01:30,retail_1,retail,0,,,,,,,,103.22,30.0,0.0,0.0,3.58,37.2929,21,hitl
271,2026-02-13 01:45,supplier_1,supplier,0,619.29,,,,,,,,,,,,,21,hitl
271,2026-02-13 01:45,farm_1,farm,1,,403.0,0.144,,,,,,,,,,,21,hitl
271,2026-02-13 01:45,slaughterhouse_1,slaughterhouse,0,,,,308.48,400.0,,,,,,,,,21,hitl
271,2026-02-13 01:45,wholesaler_1,wholesaler,0,,,,,,120.45,0.0,,,,,,,21,hitl
271,2026-02-13 01:45,retail_1,retail,0,,,,,,,,102.32,30.0,0.0,0.0,3.58,37.2929,21,hitl
272,2026-02-13 02:00,supplier_1,supplier,0,618.16,,,,,,,,,,,,,21,hitl
272,2026-02-13 02:00,farm_1,farm,1,,403.0,0.144,,,,,,,,,,,21,hitl
272,2026-02-13 02:00,slaughterhouse_1,slaughterhouse,0,,,,308.48,376.0,,,,,,,,,21,hitl
272,2026-02-13 02:00,wholesaler_1,wholesaler,0,,,,,,114.44,0.0,,,,,,,21,hitl
272,2026-02-13 02:00,retail_1,retail,0,,,,,,,,101.37,30.0,0.0,0.0,3.58,37.2929,21,hitl
273,2026-02-13 02:15,supplier_1,supplier,0,617.19,,,,,,,,,,,,,21,hitl
273,2026-02-13 02:15,farm_1,farm,0,,620.0,0.035,,,,,,,,,,,21,hitl
273,2026-02-13 02:15,slaughterhouse_1,slaughterhouse,0,,,,308.48,384.5,,,,,,,,,21,hitl
273,2026-02-13 02:15,wholesaler_1,wholesaler,0,,,,,,136.52,0.0,,,,,,,21,hitl
273,2026-02-13 02:15,retail_1,retail,0,,,,,,,,104.15,30.0,0.0,0.0,3.58,37.2929,21,hitl
274,2026-02-13 02:30,supplier_1,supplier,0,616.23,,,,,,,,,,,,,21,hitl
274,2026-02-13 02:30,farm_1,farm,0,,620.0,0.035,,,,,,,,,,,21,hitl
274,2026-02-13 02:30,slaughterhouse_1,slaughterhouse,0,,,,308.48,392.63,,,,,,,,,21,hitl
274,2026-02-13 02:30,wholesaler_1,wholesaler,0,,,,,,134.5,0.0,,,,,,,21,hitl
274,2026-02-13 02:30,retail_1,retail,0,,,,,,,,103.26,30.0,0.0,0.0,3.58,37.2929,21,hitl
275,2026-02-13 02:45,supplier_1,supplier,0,615.41,,,,,,,,,,,,,21,hitl
275,2026-02-13 02:45,farm_1,farm,0,,620.0,0.035,,,,,,,,,,,21,hitl
275,2026-02-13 02:45,slaughterhouse_1,slaughterhouse,0,,,,308.48,400.0,,,,,,,,,21,hitl
275,2026-02-13 02:45,wholesaler_1,wholesaler,0,,,,,,131.72,0.0,,,,,,,21,hitl
275,2026-02-13 02:45,retail_1,retail,0,,,,,,,,102.38,30.0,0.0,0.0,3.58,37.2929,21,hitl
276,2026-02-13 03:00,supplier_1,supplier,0,614.42,,,,,,,,,,,,,21,hitl
276,2026-02-13 03:00,farm_1,farm,0,,620.0,0.035,,,,,,,,,,,21,hitl
276,2026-02-13 03:00,slaughterhouse_1,slaughterhouse,0,,,,308.48,400.0,,,,,,,,,21,hitl
276,2026-02-13 03:00,wholesaler_1,wholesaler,0,,,,,,125.33,0.0,,,,,,,21,hitl
276,2026-02-13 03:00,retail_1,retail,0,,,,,,,,101.54,30.0,0.0,0.0,3.58,37.2929,21,hitl
277,2026-02-13 03:15,supplier_1,supplier,0,612.96,,,,,,,,,,,,,21,hitl
277,2026-02-13 03:15,farm_1,farm,0,,620.0,0.035,,,,,,,,,,,21,hitl
277,2026-02-13 03:15,slaughterhouse_1,slaughterhouse,0,,,,308.48,400.0,,,,,,,,,21,hitl
277,2026-02-13 03:15,wholesaler_1,wholesaler,0,,,,,,122.64,0.0,,,,,,,21,hitl
277,2026-02-13 03:15,retail_1,retail,0,,,,,,,,104.03,30.0,0.0,0.0,3.58,37.2929,21,hitl
278,2026-02-13 03:30,supplier_1,supplier,0,612.36,,,,,,,,,,,,,21,hitl
278,2026-02-13 03:30,farm_1,farm,0,,620.0,0.035,,,,,,,,,,,21,hitl
278,2026-02-13 03:30,slaughterhouse_1,slaughterhouse,0,,,,308.48,400.0,,,,,,,,,21,hitl
278,2026-02-13 03:30,wholesaler_1,wholesaler,0,,,,,,119.75,0.0,,,,,,,21,hitl
278,2026-02-13 03:30,retail_1,retail,0,,,,,,,,103.2,30.0,0.0,0.0,3.58,37.2929,21,hitl
279,2026-02-13 03:45,supplier_1,supplier,0,611.59,,,,,,,,,,,,,21,hitl
279,2026-02-13 03:45,farm_1,farm,0,,620.0,0.035,,,,,,,,,,,21,hitl
279,2026-02-13 03:45,slaughterhouse_1,slaughterhouse,0,,,,308.48,400.0,,,,,,,,,21,hitl
279,2026-02-13 03:45,wholesaler_1,wholesaler,0,,,,,,117.73,0.0,,,,,,,21,hitl
279,2026-02-13 03:45,retail_1,retail,0,,,,,,,,102.25,30.0,0.0,0.0,3.58,37.2929,21,hitl
280,2026-02-13 04:00,supplier_1,supplier,0,610.92,,,,,,,,,,,,,21,hitl
280,2026-02-13 04:00,farm_1,farm,0,,620.0,0.035,,,,,,,,,,,21,hitl
280,2026-02-13 04:00,slaughterhouse_1,slaughterhouse,0,,,,308.48,376.0,,,,,,,,,21,hitl
280,2026-02-13 04:00,wholesaler_1,wholesaler,0,,,,,,111.39,0.0,,,,,,,21,hitl
280,2026-02-13 04:00,retail_1,retail,0,,,,,,,,101.36,30.0,0.0,0.0,3.58,37.2929,21,hitl
281,2026-02-13 04:15,supplier_1,supplier,0,610.05,,,,,,,,,,,,,21,hitl
281,2026-02-13 04:15,farm_1,farm,0,,620.0,0.035,,,,,,,,,,,21,hitl
281,2026-02-13 04:15,slaughterhouse_1,slaughterhouse,0,,,,308.48,383.97,,,,,,,,,21,hitl
281,2026-02-13 04:15,wholesaler_1,wholesaler,0,,,,,,133.4,0.0,,,,,,,21,hitl
281,2026-02-13 04:15,retail_1,retail,0,,,,,,,,104.02,30.0,0.0,0.0,3.58,37.2929,21,hitl
282,2026-02-13 04:30,supplier_1,supplier,0,609.22,,,,,,,,,,,,,21,hitl
282,2026-02-13 04:30,farm_1,farm,0,,620.0,0.035,,,,,,,,,,,21,hitl
282,2026-02-13 04:30,slaughterhouse_1,slaughterhouse,0,,,,308.48,392.09,,,,,,,,,21,hitl
282,2026-02-13 04:30,wholesaler_1,wholesaler,0,,,,,,131.4,0.0,,,,,,,21,hitl
282,2026-02-13 04:30,retail_1,retail,0,,,,,,,,103.07,30.0,0.0,0.0,3.58,37.2929,21,hitl
283,2026-02-13 04:45,supplier_1,supplier,0,608.43,,,,,,,,,,,,,21,hitl
283,2026-02-13 04:45,farm_1,farm,0,,620.0,0.035,,,,,,,,,,,21,hitl
283,2026-02-13 04:45,slaughterhouse_1,slaughterhouse,0,,,,308.48,400.0,,,,,,,,,21,hitl
283,2026-02-13 04:45,wholesaler_1,wholesaler,0,,,,,,129.78,0.0,,,,,,,21,hitl
283,2026-02-13 04:45,retail_1,retail,0,,,,,,,,102.07,30.0,0.0,0.0,3.58,37.2929,21,hitl
284,2026-02-13 05:00,supplier_1,supplier,0,607.89,,,,,,,,,,,,,21,hitl
284,2026-02-13 05:00,farm_1,farm,0,,620.0,0.035,,,,,,,,,,,21,hitl
284,2026-02-13 05:00,slaughterhouse_1,slaughterhouse,0,,,,308.48,400.0,,,,,,,,,21,hitl
284,2026-02-13 05:00,wholesaler_1,wholesaler,0,,,,,,123.42,0.0,,,,,,,21,hitl
284,2026-02-13 05:00,retail_1,retail,0,,,,,,,,101.26,30.0,0.0,0.0,3.58,37.2929,21,hitl
285,2026-02-13 05:15,supplier_1,supplier,0,606.82,,,,,,,,,,,,,21,hitl
285,2026-02-13 05:15,farm_1,farm,0,,620.0,0.035,,,,,,,,,,,21,hitl
285,2026-02-13 05:15,slaughterhouse_1,slaughterhouse,0,,,,308.48,400.0,,,,,,,,,21,hitl
285,2026-02-13 05:15,wholesaler_1,wholesaler,0,,,,,,120.56,0.0,,,,,,,21,hitl
285,2026-02-13 05:15,retail_1,retail,0,,,,,,,,104.18,30.0,0.0,0.0,3.58,37.2929,21,hitl
286,2026-02-13 05:30,supplier_1,supplier,0,605.62,,,,,,,,,,,,,21,hitl
286,2026-02-13 05:30,farm_1,farm,0,,620.0,0.035,,,,,,,,,,,21,hitl
286,2026-02-13 05:30,slaughterhouse_1,slaughterhouse,0,,,,308.48,400.0,,,,,,,,,21,hitl
286,2026-02-13 05:30,wholesaler_1,wholesaler,0,,,,,,118.66,0.0,,,,,,,21,hitl
286,2026-02-13 05:30,retail_1,retail,0,,,,,,,,103.38,30.0,0.0,0.0,3.58,37.2929,21,hitl
287,2026-02-13 05:45,supplier_1,supplier,0,604.52,,,,,,,,,,,,,21,hitl
287,2026-02-13 05:45,farm_1,farm,0,,620.0,0.035,,,,,,,,,,,21,hitl
287,2026-02-13 05:45,slaughterhouse_1,slaughterhouse,0,,,,308.48,400.0,,,,,,,,,21,hitl
287,2026-02-13 05:45,wholesaler_1,wholesaler,0,,,,,,117.06,0.0,,,,,,,21,hitl
287,2026-02-13 05:45,retail_1,retail,0,,,,,,,,102.46,30.0,0.0,0.0,3.58,37.2929,21,hitl
