tick,timestamp,node_id,node_type,disrupted,available_supply,production_capacity,mortality_rate,processing_capacity,output_stock,inventory_level,pending_shipments,retail_inventory,safety_stock,stockout_flag,shortage_duration,sales_rate,reorder_request,scenario_id,mode
0,2026-01-11 06:00,supplier_1,supplier,0,926.08,,,,,,,,,,,,,6,hitl
0,2026-01-11 06:00,farm_1,farm,0,,786.0,0.021,,,,,,,,,,,6,hitl
0,2026-01-11 06:00,slaughterhouse_1,slaughterhouse,0,,,,497.0,269.09,,,,,,,,,6,hitl
0,2026-01-11 06:00,wholesaler_1,wholesaler,0,,,,,,162.42,6.4,,,,,,,6,hitl
0,2026-01-11 06:00,retail_1,retail,0,,,,,,,,82.51,30.0,0.0,0.0,3.58,0.0,6,hitl
1,2026-01-11 06:15,supplier_1,supplier,0,924.61,,,,,,,,,,,,,6,hitl
1,2026-01-11 06:15,farm_1,farm,0,,786.0,0.021,,,,,,,,,,,6,hitl
1,2026-01-11 06:15,slaughterhouse_1,slaughterhouse,0,,,,497.0,283.46,,,,,,,,,6,hitl
1,2026-01-11 06:15,wholesaler_1,wholesaler,0,,,,,,183.91,6.4,,,,,,,6,hitl
1,2026-01-11 06:15,retail_1,retail,0,,,,,,,,89.72,30.0,0.0,0.0,3.58,0.0,6,hitl
2,2026-01-11 06:30,supplier_1,supplier,0,923.72,,,,,,,,,,,,,6,hitl
2,2026-01-11 06:30,farm_1,farm,0,,786.0,0.021,,,,,,,,,,,6,hitl
2,2026-01-11 06:30,slaughterhouse_1,slaughterhouse,0,,,,497.0,296.56,,,,,,,,,6,hitl
2,2026-01-11 06:30,wholesaler_1,wholesaler,0,,,,,,181.26,6.4,,,,,,,6,hitl
2,2026-01-11 06:30,retail_1,retail,0,,,,,,,,88.8,30.0,0.0,0.0,3.58,0.0,6,hitl
3,2026-01-11 06:45,supplier_1,supplier,0,922.29,,,,,,,,,,,,,6,hitl
3,2026-01-11 06:45,farm_1,farm,0,,786.0,0.021,,,,,,,,,,,6,hitl
3,2026-01-11 06:45,slaughterhouse_1,slaughterhouse,0,,,,497.0,309.8,,,,,,,,,6,hitl
3,2026-01-11 06:45,wholesaler_1,wholesaler,0,,,,,,178.68,6.4,,,,,,,6,hitl
3,2026-01-11 06:45,retail_1,retail,0,,,,,,,,87.8,30.0,0.0,0.0,3.58,0.0,6,hitl
4,2026-01-11 07:00,supplier_1,supplier,0,921.48,,,,,,,,,,,,,6,hitl
4,2026-01-11 07:00,farm_1,farm,0,,786.0,0.021,,,,,,,,,,,6,hitl
4,2026-01-11 07:00,slaughterhouse_1,slaughterhouse,0,,,,497.0,322.87,,,,,,,,,6,hitl
4,2026-01-11 07:00,wholesaler_1,wholesaler,0,,,,,,168.93,6.4,,,,,,,6,hitl
4,2026-01-11 07:00,retail_1,retail,0,,,,,,,,86.89,30.0,0.0,0.0,3.58,0.0,6,hitl
5,2026-01-11 07:15,supplier_1,supplier,0,920.51,,,,,,,,,,,,,6,hitl
5,2026-01-11 07:15,farm_1,farm,0,,786.0,0.021,,,,,,,,,,,6,hitl
5,2026-01-11 07:15,slaughterhouse_1,slaughterhouse,0,,,,497.0,336.07,,,,,,,,,6,hitl
5,2026-01-11 07:15,wholesaler_1,wholesaler,0,,,,,,166.15,6.4,,,,,,,6,hitl
5,2026-01-11 07:15,retail_1,retail,0,,,,,,,,94.0,30.0,0.0,0.0,3.58,0.0,6,hitl
6,2026-01-11 07:30,supplier_1,supplier,0,919.96,,,,,,,,,,,,,6,hitl
6,2026-01-11 07:30,farm_1,farm,0,,786.0,0.021,,,,,,,,,,,6,hitl
6,2026-01-11 07:30,slaughterhouse_1,slaughterhouse,0,,,,497.0,349.18,,,,,,,,,6,hitl
6,2026-01-11 07:30,wholesaler_1,wholesaler,0,,,,,,163.58,6.4,,,,,,,6,hitl
6,2026-01-11 07:30,retail_1,retail,0,,,,,,,,93.04,30.0,0.0,0.0,3.58,0.0,6,hitl
7,2026-01-11 07:45,supplier_1,supplier,0,918.99,,,,,,,,,,,,,6,hitl
7,2026-01-11 07:45,farm_1,farm,0,,786.0,0.021,,,,,,,,,,,6,hitl
7,2026-01-11 07:45,slaughterhouse_1,slaughterhouse,0,,,,497.0,362.84,,,,,,,,,6,hitl
7,2026-01-11 07:45,wholesaler_1,wholesaler,0,,,,,,161.77,6.4,,,,,,,6,hitl
7,2026-01-11 07:45,retail_1,retail,0,,,,,,,,92.15,30.0,0.0,0.0,3.58,0.0,6,hitl
8,2026-01-11 08:00,supplier_1,supplier,0,918.26,,,,,,,,,,,,,6,hitl
8,2026-01-11 08:00,farm_1,farm,0,,786.0,0.021,,,,,,,,,,,6,hitl
8,2026-01-11 08:00,slaughterhouse_1,slaughterhouse,0,,,,497.0,352.0,,,,,,,,,6,hitl
8,2026-01-11 08:00,wholesaler_1,wholesaler,0,,,,,,152.03,6.4,,,,,,,6,hitl
8,2026-01-11 08:00,retail_1,retail,0,,,,,,,,91.16,30.0,0.0,0.0,3.58,0.0,6,hitl
9,2026-01-11 08:15,supplier_1,supplier,0,917.14,,,,,,,,,,,,,6,hitl
9,2026-01-11 08:15,farm_1,farm,0,,786.0,0.021,,,,,,,,,,,6,hitl
9,2026-01-11 08:15,slaughterhouse_1,slaughterhouse,0,,,,497.0,366.63,,,,,,,,,6,hitl
9,2026-01-11 08:15,wholesaler_1,wholesaler,0,,,,,,173.12,6.4,,,,,,,6,hitl
9,2026-01-11 08:15,retail_1,retail,0,,,,,,,,98.35,30.0,0.0,0.0,3.58,0.0,6,hitl
10,2026-01-11 08:30,supplier_1,supplier,0,915.76,,,,,,,,,,,,,6,hitl
10,2026-01-11 08:30,farm_1,farm,0,,786.0,0.021,,,,,,,,,,,6,hitl
10,2026-01-11 08:30,slaughterhouse_1,slaughterhouse,0,,,,497.0,381.05,,,,,,,,,6,hitl
10,2026-01-11 08:30,wholesaler_1,wholesaler,0,,,,,,170.63,6.4,,,,,,,6,hitl
10,2026-01-11 08:30,retail_1,retail,0,,,,,,,,97.37,30.0,0.0,0.0,3.58,0.0,6,hitl
11,2026-01-11 08:45,supplier_1,supplier,0,914.61,,,,,,,,,,,,,6,hitl
11,2026-01-11 08:45,farm_1,farm,0,,786.0,0.021,,,,,,,,,,,6,hitl
11,2026-01-11 08:45,slaughterhouse_1,slaughterhouse,0,,,,497.0,395.13,,,,,,,,,6,hitl
11,2026-01-11 08:45,wholesaler_1,wholesaler,0,,,,,,168.06,6.4,,,,,,,6,hitl
11,2026-01-11 08:45,retail_1,retail,0,,,,,,,,96.48,30.0,0.0,0.0,3.58,0.0,6,hitl
12,2026-01-11 09:00,supplier_1,supplier,0,913.44,,,,,,,,,,,,,6,hitl
12,2026-01-11 09:00,farm_1,farm,0,,786.0,0.021,,,,,,,,,,,6,hitl
12,2026-01-11 09:00,slaughterhouse_1,slaughterhouse,0,,,,497.0,400.0,,,,,,,,,6,hitl
12,2026-01-11 09:00,wholesaler_1,wholesaler,0,,,,,,158.31,6.4,,,,,,,6,hitl
12,2026-01-11 09:00,retail_1,retail,0,,,,,,,,95.69,30.0,0.0,0.0,3.58,0.0,6,hitl
13,2026-01-11 09:15,supplier_1,supplier,0,912.19,,,,,,,,,,,,,6,hitl
13,2026-01-11 09:15,farm_1,farm,0,,786.0,0.021,,,,,,,,,,,6,hitl
13,2026-01-11 09:15,slaughterhouse_1,slaughterhouse,0,,,,497.0,400.0,,,,,,,,,6,hitl
13,2026-01-11 09:15,wholesaler_1,wholesaler,0,,,,,,156.7,6.4,,,,,,,6,hitl
13,2026-01-11 09:15,retail_1,retail,0,,,,,,,,102.73,30.0,0.0,0.0,3.58,0.0,6,hitl
14,2026-01-11 09:30,supplier_1,supplier,0,910.93,,,,,,,,,,,,,6,hitl
14,2026-01-11 09:30,farm_1,farm,0,,786.0,0.021,,,,,,,,,,,6,hitl
14,2026-01-11 09:30,slaughterhouse_1,slaughterhouse,0,,,,497.0,400.0,,,,,,,,,6,hitl
14,2026-01-11 09:30,wholesaler_1,wholesaler,0,,,,,,154.56,6.4,,,,,,,6,hitl
14,2026-01-11 09:30,retail_1,retail,0,,,,,,,,101.8,30.0,0.0,0.0,3.58,0.0,6,hitl
15,2026-01-11 09:45,supplier_1,supplier,0,910.25,,,,,,,,,,,,,6,hitl
15,2026-01-11 09:45,farm_1,farm,0,,786.0,0.021,,,,,,,,,,,6,hitl
15,2026-01-11 09:45,slaughterhouse_1,slaughterhouse,0,,,,497.0,400.0,,,,,,,,,6,hitl
15,2026-01-11 09:45,wholesaler_1,wholesaler,0,,,,,,151.82,6.4,,,,,,,6,hitl
15,2026-01-11 09:45,retail_1,retail,0,,,,,,,,100.86,30.0,0.0,0.0,3.58,0.0,6,hitl
16,2026-01-11 10:00,supplier_1,supplier,0,909.71,,,,,,,,,,,,,6,hitl
16,2026-01-11 10:00,farm_1,farm,0,,786.0,0.021,,,,,,,,,,,6,hitl
16,2026-01-11 10:00,slaughterhouse_1,slaughterhouse,0,,,,497.0,376.0,,,,,,,,,6,hitl
16,2026-01-11 10:00,wholesaler_1,wholesaler,0,,,,,,144.93,6.4,,,,,,,6,hitl
16,2026-01-11 10:00,retail_1,retail,0,,,,,,,,100.03,30.0,0.0,0.0,3.58,0.0,6,hitl
17,2026-01-11 10:15,supplier_1,supplier,0,909.08,,,,,,,,,,,,,6,hitl
17,2026-01-11 10:15,farm_1,farm,0,,786.0,0.021,,,,,,,,,,,6,hitl
17,2026-01-11 10:15,slaughterhouse_1,slaughterhouse,0,,,,497.0,388.68,,,,,,,,,6,hitl
17,2026-01-11 10:15,wholesaler_1,wholesaler,0,,,,,,167.13,6.4,,,,,,,6,hitl
17,2026-01-11 10:15,retail_1,retail,0,,,,,,,,104.06,30.0,0.0,0.0,3.58,0.0,6,hitl
18,2026-01-11 10:30,supplier_1,supplier,0,907.99,,,,,,,,,,,,,6,hitl
18,2026-01-11 10:30,farm_1,farm,0,,786.0,0.021,,,,,,,,,,,6,hitl
18,2026-01-11 10:30,slaughterhouse_1,slaughterhouse,0,,,,497.0,400.0,,,,,,,,,6,hitl
18,2026-01-11 10:30,wholesaler_1,wholesaler,0,,,,,,165.04,6.4,,,,,,,6,hitl
18,2026-01-11 10:30,retail_1,retail,0,,,,,,,,103.1,30.0,0.0,0.0,3.58,0.0,6,hitl
19,2026-01-11 10:45,supplier_1,supplier,0,906.77,,,,,,,,,,,,,6,hitl
19,2026-01-11 10:45,farm_1,farm,0,,786.0,0.021,,,,,,,,,,,6,hitl
19,2026-01-11 10:45,slaughterhouse_1,slaughterhouse,0,,,,497.0,400.0,,,,,,,,,6,hitl
19,2026-01-11 10:45,wholesaler_1,wholesaler,0,,,,,,163.13,6.4,,,,,,,6,hitl
19,2026-01-11 10:45,retail_1,retail,0,,,,,,,,102.28,30.0,0.0,0.0,3.58,0.0,6,hitl
20,2026-01-11 11:00,supplier_1,supplier,0,905.73,,,,,,,,,,,,,6,hitl
20,2026-01-11 11:00,farm_1,farm,0,,786.0,0.021,,,,,,,,,,,6,hitl
20,2026-01-11 11:00,slaughterhouse_1,slaughterhouse,0,,,,497.0,400.0,,,,,,,,,6,hitl
20,2026-01-11 11:00,wholesaler_1,wholesaler,0,,,,,,157.84,6.4,,,,,,,6,hitl
20,2026-01-11 11:00,retail_1,retail,0,,,,,,,,101.35,30.0,0.0,0.0,3.58,0.0,6,hitl
21,2026-01-11 11:15,supplier_1,supplier,0,904.72,,,,,,,,,,,,,6,hitl
21,2026-01-11 11:15,farm_1,farm,0,,786.0,0.021,,,,,,,,,,,6,hitl
21,2026-01-11 11:15,slaughterhouse_1,slaughterhouse,0,,,,497.0,400.0,,,,,,,,,6,hitl
21,2026-01-11 11:15,wholesaler_1,wholesaler,0,,,,,,155.03,6.4,,,,,,,6,hitl
21,2026-01-11 11:15,retail_1,retail,0,,,,,,,,104.04,30.0,0.0,0.0,3.58,0.0,6,hitl
22,2026-01-11 11:30,supplier_1,supplier,0,904.0,,,,,,,,,,,,,6,hitl
22,2026-01-11 11:30,farm_1,farm,0,,786.0,0.021,,,,,,,,,,,6,hitl
22,2026-01-11 11:30,slaughterhouse_1,slaughterhouse,0,,,,497.0,400.0,,,,,,,,,6,hitl
22,2026-01-11 11:30,wholesaler_1,wholesaler,0,,,,,,152.59,6.4,,,,,,,6,hitl
22,2026-01-11 11:30,retail_1,retail,0,,,,,,,,103.22,30.0,0.0,0.0,3.58,0.0,6,hitl
23,2026-01-11 11:45,supplier_1,supplier,0,902.61,,,,,,,,,,,,,6,hitl
23,2026-01-11 11:45,farm_1,farm,0,,786.0,0.021,,,,,,,,,,,6,hitl
23,2026-01-11 11:45,slaughterhouse_1,slaughterhouse,0,,,,497.0,400.0,,,,,,,,,6,hitl
23,2026-01-11 11:45,wholesaler_1,wholesaler,0,,,,,,149.77,6.4,,,,,,,6,hitl
23,2026-01-11 11:45,retail_1,retail,0,,,,,,,,102.42,30.0,0.0,0.0,3.58,0.0,6,hitl
24,2026-01-11 12:00,supplier_1,supplier,0,901.65,,,,,,,,,,,,,6,hitl
24,2026-01-11 12:00,farm_1,farm,0,,786.0,0.021,,,,,,,,,,,6,hitl
24,2026-01-11 12:00,slaughterhouse_1,slaughterhouse,0,,,,497.0,376.0,,,,,,,,,6,hitl
24,2026-01-11 12:00,wholesaler_1,wholesaler,0,,,,,,144.19,6.4,,,,,,,6,hitl
24,2026-01-11 12:00,retail_1,retail,0,,,,,,,,101.42,30.0,0.0,0.0,3.58,0.0,6,hitl
25,2026-01-11 12:15,supplier_1,supplier,0,900.89,,,,,,,,,,,,,6,hitl
25,2026-01-11 12:15,farm_1,farm,0,,786.0,0.021,,,,,,,,,,,6,hitl
25,2026-01-11 12:15,slaughterhouse_1,slaughterhouse,0,,,,497.0,390.26,,,,,,,,,6,hitl
25,2026-01-11 12:15,wholesaler_1,wholesaler,0,,,,,,166.66,6.4,,,,,,,6,hitl
25,2026-01-11 12:15,retail_1,retail,0,,,,,,,,104.21,30.0,0.0,0.0,3.58,0.0,6,hitl
26,2026-01-11 12:30,supplier_1,supplier,0,900.09,,,,,,,,,,,,,6,hitl
26,2026-01-11 12:30,farm_1,farm,0,,786.0,0.021,,,,,,,,,,,6,hitl
26,2026-01-11 12:30,slaughterhouse_1,slaughterhouse,0,,,,497.0,400.0,,,,,,,,,6,hitl
26,2026-01-11 12:30,wholesaler_1,wholesaler,0,,,,,,163.83,6.4,,,,,,,6,hitl
26,2026-01-11 12:30,retail_1,retail,0,,,,,,,,103.23,30.0,0.0,0.0,3.58,0.0,6,hitl
27,2026-01-11 12:45,supplier_1,supplier,0,899.19,,,,,,,,,,,,,6,hitl
27,2026-01-11 12:45,farm_1,farm,0,,786.0,0.021,,,,,,,,,,,6,hitl
27,2026-01-11 12:45,slaughterhouse_1,slaughterhouse,0,,,,497.0,400.0,,,,,,,,,6,hitl
27,2026-01-11 12:45,wholesaler_1,wholesaler,0,,,,,,161.24,6.4,,,,,,,6,hitl
27,2026-01-11 12:45,retail_1,retail,0,,,,,,,,102.35,30.0,0.0,0.0,3.58,0.0,6,hitl
28,2026-01-11 13:00,supplier_1,supplier,0,898.17,,,,,,,,,,,,,6,hitl
28,2026-01-11 13:00,farm_1,farm,0,,786.0,0.021,,,,,,,,,,,6,hitl
28,2026-01-11 13:00,slaughterhouse_1,slaughterhouse,0,,,,497.0,400.0,,,,,,,,,6,hitl
28,2026-01-11 13:00,wholesaler_1,wholesaler,0,,,,,,156.06,6.4,,,,,,,6,hitl
28,2026-01-11 13:00,retail_1,retail,0,,,,,,,,101.37,30.0,0.0,0.0,3.58,0.0,6,hitl
29,2026-01-11 13:15,supplier_1,supplier,0,897.55,,,,,,,,,,,,,6,hitl
29,2026-01-11 13:15,farm_1,farm,0,,786.0,0.021,,,,,,,,,,,6,hitl
29,2026-01-11 13:15,slaughterhouse_1,slaughterhouse,0,,,,497.0,400.0,,,,,,,,,6,hitl
29,2026-01-11 13:15,wholesaler_1,wholesaler,0,,,,,,154.52,6.4,,,,,,,6,hitl
29,2026-01-11 13:15,retail_1,retail,0,,,,,,,,104.19,30.0,0.0,0.0,3.58,0.0,6,hitl
30,2026-01-11 13:30,supplier_1,supplier,0,896.11,,,,,,,,,,,,,6,hitl
30,2026-01-11 13:30,farm_1,farm,0,,786.0,0.021,,,,,,,,,,,6,hitl
30,2026-01-11 13:30,slaughterhouse_1,slaughterhouse,0,,,,497.0,400.0,,,,,,,,,6,hitl
30,2026-01-11 13:30,wholesaler_1,wholesaler,0,,,,,,152.01,6.4,,,,,,,6,hitl
30,2026-01-11 13:30,retail_1,retail,0,,,,,,,,103.34,30.0,0.0,0.0,3.58,0.0,6,hitl
31,2026-01-11 13:45,supplier_1,supplier,0,895.29,,,,,,,,,,,,,6,hitl
31,2026-01-11 13:45,farm_1,farm,0,,786.0,0.021,,,,,,,,,,,6,hitl
31,2026-01-11 13:45,slaughterhouse_1,slaughterhouse,0,,,,497.0,400.0,,,,,,,,,6,hitl
31,2026-01-11 13:45,wholesaler_1,wholesaler,0,,,,,,149.82,6.4,,,,,,,6,hitl
31,2026-01-11 13:45,retail_1,retail,0,,,,,,,,102.48,30.0,0.0,0.0,3.58,0.0,6,hitl
32,2026-01-11 14:00,supplier_1,supplier,0,893.99,,,,,,,,,,,,,6,hitl
32,2026-01-11 14:00,farm_1,farm,0,,786.0,0.021,,,,,,,,,,,6,hitl
32,2026-01-11 14:00,slaughterhouse_1,slaughterhouse,0,,,,497.0,376.0,,,,,,,,,6,hitl
32,2026-01-11 14:00,wholesaler_1,wholesaler,0,,,,,,143.8,6.4,,,,,,,6,hitl
32,2026-01-11 14:00,retail_1,retail,0,,,,,,,,101.6,30.0,0.0,0.0,3.58,0.0,6,hitl
33,2026-01-11 14:15,supplier_1,supplier,0,892.81,,,,,,,,,,,,,6,hitl
33,2026-01-11 14:15,farm_1,farm,0,,786.0,0.021,,,,,,,,,,,6,hitl
33,2026-01-11 14:15,slaughterhouse_1,slaughterhouse,0,,,,497.0,389.2,,,,,,,,,6,hitl
33,2026-01-11 14:15,wholesaler_1,wholesaler,0,,,,,,165.12,6.4,,,,,,,6,hitl
33,2026-01-11 14:15,retail_1,retail,0,,,,,,,,104.09,30.0,0.0,0.0,3.58,0.0,6,hitl
34,2026-01-11 14:30,supplier_1,supplier,0,891.75,,,,,,,,,,,,,6,hitl
34,2026-01-11 14:30,farm_1,farm,0,,786.0,0.021,,,,,,,,,,,6,hitl
34,2026-01-11 14:30,slaughterhouse_1,slaughterhouse,0,,,,497.0,400.0,,,,,,,,,6,hitl
34,2026-01-11 14:30,wholesaler_1,wholesaler,0,,,,,,163.09,6.4,,,,,,,6,hitl
34,2026-01-11 14:30,retail_1,retail,0,,,,,,,,103.27,30.0,0.0,0.0,3.58,0.0,6,hitl
35,2026-01-11 14:45,supplier_1,supplier,0,891.02,,,,,,,,,,,,,6,hitl
35,2026-01-11 14:45,farm_1,farm,0,,786.0,0.021,,,,,,,,,,,6,hitl
35,2026-01-11 14:45,slaughterhouse_1,slaughterhouse,0,,,,497.0,400.0,,,,,,,,,6,hitl
35,2026-01-11 14:45,wholesaler_1,wholesaler,0,,,,,,160.6,6.4,,,,,,,6,hitl
35,2026-01-11 14:45,retail_1,retail,0,,,,,,,,102.42,30.0,0.0,0.0,3.58,0.0,6,hitl
36,2026-01-11 15:00,supplier_1,supplier,0,890.03,,,,,,,,,,,,,6,hitl
36,2026-01-11 15:00,farm_1,farm,1,,786.0,0.021,,,,,,,,,,,6,hitl
36,2026-01-11 15:00,slaughterhouse_1,slaughterhouse,0,,,,397.6,400.0,,,,,,,,,6,hitl
36,2026-01-11 15:00,wholesaler_1,wholesaler,0,,,,,,155.02,6.4,,,,,,,6,hitl
36,2026-01-11 15:00,retail_1,retail,0,,,,,,,,101.47,30.0,0.0,0.0,3.58,20.0,6,hitl
37,2026-01-11 15:15,supplier_1,supplier,0,888.81,,,,,,,,,,,,,6,hitl
37,2026-01-11 15:15,farm_1,farm,1,,786.0,0.021,,,,,,,,,,,6,hitl
37,2026-01-11 15:15,slaughterhouse_1,slaughterhouse,0,,,,397.6,400.0,,,,,,,,,6,hitl
37,2026-01-11 15:15,wholesaler_1,wholesaler,0,,,,,,153.35,6.4,,,,,,,6,hitl
37,2026-01-11 15:15,retail_1,retail,0,,,,,,,,104.09,30.0,0.0,0.0,3.58,20.0,6,hitl
38,2026-01-11 15:30,supplier_1,supplier,0,888.23,,,,,,,,,,,,,6,hitl
38,2026-01-11 15:30,farm_1,farm,1,,786.0,0.021,,,,,,,,,,,6,hitl
38,2026-01-11 15:30,slaughterhouse_1,slaughterhouse,0,,,,397.6,400.0,,,,,,,,,6,hitl
38,2026-01-11 15:30,wholesaler_1,wholesaler,0,,,,,,151.29,6.4,,,,,,,6,hitl
38,2026-01-11 15:30,retail_1,retail,0,,,,,,,,103.19,30.0,0.0,0.0,3.58,20.0,6,hitl
39,2026-01-11 15:45,supplier_1,supplier,0,887.34,,,,,,,,,,,,,6,hitl
39,2026-01-11 15:45,farm_1,farm,1,,786.0,0.021,,,,,,,,,,,6,hitl
39,2026-01-11 15:45,slaughterhouse_1,slaughterhouse,0,,,,397.6,400.0,,,,,,,,,6,hitl
39,2026-01-11 15:45,wholesaler_1,wholesaler,0,,,,,,149.56,6.4,,,,,,,6,hitl
39,2026-01-11 15:45,retail_1,retail,0,,,,,,,,102.36,30.0,0.0,0.0,3.58,20.0,6,hitl
40,2026-01-11 16:00,supplier_1,supplier,0,886.43,,,,,,,,,,,,,6,hitl
40,2026-01-11 16:00,farm_1,farm,1,,786.0,0.021,,,,,,,,,,,6,hitl
40,2026-01-11 16:00,slaughterhouse_1,slaughterhouse,0,,,,397.6,376.0,,,,,,,,,6,hitl
40,2026-01-11 16:00,wholesaler_1,wholesaler,0,,,,,,143.88,6.4,,,,,,,6,hitl
40,2026-01-11 16:00,retail_1,retail,0,,,,,,,,101.54,30.0,0.0,0.0,3.58,20.0,6,hitl
41,2026-01-11 16:15,supplier_1,supplier,0,885.71,,,,,,,,,,,,,6,hitl
41,2026-01-11 16:15,farm_1,farm,1,,786.0,0.021,,,,,,,,,,,6,hitl
41,2026-01-11 16:15,slaughterhouse_1,slaughterhouse,0,,,,397.6,386.39,,,,,,,,,6,hitl
41,2026-01-11 16:15,wholesaler_1,wholesaler,0,,,,,,165.22,6.4,,,,,,,6,hitl
41,2026-01-11 16:15,retail_1,retail,0,,,,,,,,104.18,30.0,0.0,0.0,3.58,20.0,6,hitl
42,2026-01-11 16:30,supplier_1,supplier,0,884.49,,,,,,,,,,,,,6,hitl
42,2026-01-11 16:30,farm_1,farm,1,,786.0,0.021,,,,,,,,,,,6,hitl
42,2026-01-11 16:30,slaughterhouse_1,slaughterhouse,0,,,,397.6,398.12,,,,,,,,,6,hitl
42,2026-01-11 16:30,wholesaler_1,wholesaler,0,,,,,,162.65,6.4,,,,,,,6,hitl
42,2026-01-11 16:30,retail_1,retail,0,,,,,,,,103.24,30.0,0.0,0.0,3.58,20.0,6,hitl
43,2026-01-11 16:45,supplier_1,supplier,0,883.89,,,,,,,,,,,,,6,hitl
43,2026-01-11 16:45,farm_1,farm,1,,786.0,0.021,,,,,,,,,,,6,hitl
43,2026-01-11 16:45,slaughterhouse_1,slaughterhouse,0,,,,397.6,400.0,,,,,,,,,6,hitl
43,2026-01-11 16:45,wholesaler_1,wholesaler,0,,,,,,160.69,6.4,,,,,,,6,hitl
43,2026-01-11 16:45,retail_1,retail,0,,,,,,,,102.26,30.0,0.0,0.0,3.58,20.0,6,hitl
44,2026-01-11 17:00,supplier_1,supplier,0,882.76,,,,,,,,,,,,,6,hitl
44,2026-01-11 17:00,farm_1,farm,1,,786.0,0.021,,,,,,,,,,,6,hitl
44,2026-01-11 17:00,slaughterhouse_1,slaughterhouse,0,,,,397.6,400.0,,,,,,,,,6,hitl
44,2026-01-11 17:00,wholesaler_1,wholesaler,0,,,,,,154.58,6.4,,,,,,,6,hitl
44,2026-01-11 17:00,retail_1,retail,0,,,,,,,,101.38,30.0,0.0,0.0,3.58,20.0,6,hitl
45,2026-01-11 17:15,supplier_1,supplier,0,881.36,,,,,,,,,,,,,6,hitl
45,2026-01-11 17:15,farm_1,farm,1,,786.0,0.021,,,,,,,,,,,6,hitl
45,2026-01-11 17:15,slaughterhouse_1,slaughterhouse,0,,,,397.6,400.0,,,,,,,,,6,hitl
45,2026-01-11 17:15,wholesaler_1,wholesaler,0,,,,,,152.52,6.4,,,,,,,6,hitl
45,2026-01-11 17:15,retail_1,retail,0,,,,,,,,104.17,30.0,0.0,0.0,3.58,20.0,6,hitl
46,2026-01-11 17:30,supplier_1,supplier,0,880.33,,,,,,,,,,,,,6,hitl
46,2026-01-11 17:30,farm_1,farm,1,,786.0,0.021,,,,,,,,,,,6,hitl
46,2026-01-11 17:30,slaughterhouse_1,slaughterhouse,0,,,,397.6,400.0,,,,,,,,,6,hitl
46,2026-01-11 17:30,wholesaler_1,wholesaler,0,,,,,,150.8,6.4,,,,,,,6,hitl
46,2026-01-11 17:30,retail_1,retail,0,,,,,,,,103.25,30.0,0.0,0.0,3.58,20.0,6,hitl
47,2026-01-11 17:45,supplier_1,supplier,0,879.4,,,,,,,,,,,,,6,hitl
47,2026-01-11 17:45,farm_1,farm,1,,786.0,0.021,,,,,,,,,,,6,hitl
47,2026-01-11 17:45,slaughterhouse_1,slaughterhouse,0,,,,397.6,400.0,,,,,,,,,6,hitl
47,2026-01-11 17:45,wholesaler_1,wholesaler,0,,,,,,148.26,6.4,,,,,,,6,hitl
47,2026-01-11 17:45,retail_1,retail,0,,,,,,,,102.42,30.0,0.0,0.0,3.58,20.0,6,hitl
48,2026-01-11 18:00,supplier_1,supplier,0,878.69,,,,,,,,,,,,,6,hitl
48,2026-01-11 18:00,farm_1,farm,1,,786.0,0.021,,,,,,,,,,,6,hitl
48,2026-01-11 18:00,slaughterhouse_1,slaughterhouse,0,,,,397.6,376.0,,,,,,,,,6,hitl
48,2026-01-11 18:00,wholesaler_1,wholesaler,0,,,,,,143.0,6.4,,,,,,,6,hitl
48,2026-01-11 18:00,retail_1,retail,0,,,,,,,,101.45,30.0,0.0,0.0,3.58,20.0,6,hitl
49,2026-01-11 18:15,supplier_1,supplier,0,877.81,,,,,,,,,,,,,6,hitl
49,2026-01-11 18:15,farm_1,farm,1,,786.0,0.021,,,,,,,,,,,6,hitl
49,2026-01-11 18:15,slaughterhouse_1,slaughterhouse,0,,,,397.6,386.19,,,,,,,,,6,hitl
49,2026-01-11 18:15,wholesaler_1,wholesaler,0,,,,,,164.45,6.4,,,,,,,6,hitl
49,2026-01-11 18:15,retail_1,retail,0,,,,,,,,104.14,30.0,0.0,0.0,3.58,20.0,6,hitl
50,2026-01-11 18:30,supplier_1,supplier,0,876.65,,,,,,,,,,,,,6,hitl
50,2026-01-11 18:30,farm_1,farm,1,,786.0,0.021,,,,,,,,,,,6,hitl
50,2026-01-11 18:30,slaughterhouse_1,slaughterhouse,0,,,,397.6,396.63,,,,,,,,,6,hitl
50,2026-01-11 18:30,wholesaler_1,wholesaler,0,,,,,,162.13,6.4,,,,,,,6,hitl
50,2026-01-11 18:30,retail_1,retail,0,,,,,,,,103.25,30.0,0.0,0.0,3.58,20.0,6,hitl
51,2026-01-11 18:45,supplier_1,supplier,0,876.04,,,,,,,,,,,,,6,hitl
51,2026-01-11 18:45,farm_1,farm,1,,220.0,0.238,,,,,,,,,,,6,hitl
51,2026-01-11 18:45,slaughterhouse_1,slaughterhouse,0,,,,397.6,400.0,,,,,,,,,6,hitl
51,2026-01-11 18:45,wholesaler_1,wholesaler,0,,,,,,160.02,6.4,,,,,,,6,hitl
51,2026-01-11 18:45,retail_1,retail,0,,,,,,,,102.4,30.0,0.0,0.0,3.58,20.0,6,hitl
52,2026-01-11 19:00,supplier_1,supplier,0,875.33,,,,,,,,,,,,,6,hitl
52,2026-01-11 19:00,farm_1,farm,1,,220.0,0.238,,,,,,,,,,,6,hitl
52,2026-01-11 19:00,slaughterhouse_1,slaughterhouse,0,,,,397.6,400.0,,,,,,,,,6,hitl
52,2026-01-11 19:00,wholesaler_1,wholesaler,0,,,,,,154.13,6.4,,,,,,,6,hitl
52,2026-01-11 19:00,retail_1,retail,0,,,,,,,,101.6,30.0,0.0,0.0,3.58,20.0,6,hitl
53,2026-01-11 19:15,supplier_1,supplier,0,874.71,,,,,,,,,,,,,6,hitl
53,2026-01-11 19:15,farm_1,farm,1,,220.0,0.238,,,,,,,,,,,6,hitl
53,2026-01-11 19:15,slaughterhouse_1,slaughterhouse,0,,,,397.6,400.0,,,,,,,,,6,hitl
53,2026-01-11 19:15,wholesaler_1,wholesaler,0,,,,,,151.55,6.4,,,,,,,6,hitl
53,2026-01-11 19:15,retail_1,retail,0,,,,,,,,104.14,30.0,0.0,0.0,3.58,20.0,6,hitl
54,2026-01-11 19:30,supplier_1,supplier,0,873.7,,,,,,,,,,,,,6,hitl
54,2026-01-11 19:30,farm_1,farm,1,,220.0,0.238,,,,,,,,,,,6,hitl
54,2026-01-11 19:30,slaughterhouse_1,slaughterhouse,0,,,,397.6,400.0,,,,,,,,,6,hitl
54,2026-01-11 19:30,wholesaler_1,wholesaler,0,,,,,,149.84,6.4,,,,,,,6,hitl
54,2026-01-11 19:30,retail_1,retail,0,,,,,,,,103.21,30.0,0.0,0.0,3.58,20.0,6,hitl
55,2026-01-11 19:45,supplier_1,supplier,0,872.28,,,,,,,,,,,,,6,hitl
55,2026-01-11 19:45,farm_1,farm,1,,220.0,0.238,,,,,,,,,,,6,hitl
55,2026-01-11 19:45,slaughterhouse_1,slaughterhouse,0,,,,397.6,400.0,,,,,,,,,6,hitl
55,2026-01-11 19:45,wholesaler_1,wholesaler,0,,,,,,148.08,6.4,,,,,,,6,hitl
55,2026-01-11 19:45,retail_1,retail,0,,,,,,,,102.22,30.0,0.0,0.0,3.58,20.0,6,hitl
56,2026-01-11 20:00,supplier_1,supplier,0,871.44,,,,,,,,,,,,,6,hitl
56,2026-01-11 20:00,farm_1,farm,1,,220.0,0.238,,,,,,,,,,,6,hitl
56,2026-01-11 20:00,slaughterhouse_1,slaughterhouse,0,,,,397.6,376.0,,,,,,,,,6,hitl
56,2026-01-11 20:00,wholesaler_1,wholesaler,0,,,,,,142.44,6.4,,,,,,,6,hitl
56,2026-01-11 20:00,retail_1,retail,0,,,,,,,,101.42,30.0,0.0,0.0,3.58,20.0,6,hitl
57,2026-01-11 20:15,supplier_1,supplier,0,870.11,,,,,,,,,,,,,6,hitl
57,2026-01-11 20:15,farm_1,farm,1,,220.0,0.238,,,,,,,,,,,6,hitl
57,2026-01-11 20:15,slaughterhouse_1,slaughterhouse,0,,,,397.6,386.83,,,,,,,,,6,hitl
57,2026-01-11 20:15,wholesaler_1,wholesaler,0,,,,,,164.37,6.4,,,,,,,6,hitl
57,2026-01-11 20:15,retail_1,retail,0,,,,,,,,104.04,30.0,0.0,0.0,3.58,20.0,6,hitl
58,2026-01-11 20:30,supplier_1,supplier,0,868.8,,,,,,,,,,,,,6,hitl
58,2026-01-11 20:30,farm_1,farm,1,,220.0,0.238,,,,,,,,,,,6,hitl
58,2026-01-11 20:30,slaughterhouse_1,slaughterhouse,0,,,,397.6,398.66,,,,,,,,,6,hitl
58,2026-01-11 20:30,wholesaler_1,wholesaler,0,,,,,,162.28,6.4,,,,,,,6,hitl
58,2026-01-11 20:30,retail_1,retail,0,,,,,,,,103.2,30.0,0.0,0.0,3.58,20.0,6,hitl
59,2026-01-11 20:45,supplier_1,supplier,0,868.13,,,,,,,,,,,,,6,hitl
59,2026-01-11 20:45,farm_1,farm,1,,220.0,0.238,,,,,,,,,,,6,hitl
59,2026-01-11 20:45,slaughterhouse_1,slaughterhouse,0,,,,397.6,400.0,,,,,,,,,6,hitl
59,2026-01-11 20:45,wholesaler_1,wholesaler,0,,,,,,159.57,6.4,,,,,,,6,hitl
59,2026-01-11 20:45,retail_1,retail,0,,,,,,,,102.25,30.0,0.0,0.0,3.58,20.0,6,hitl
60,2026-01-11 21:00,supplier_1,supplier,0,867.46,,,,,,,,,,,,,6,hitl
60,2026-01-11 21:00,farm_1,farm,1,,220.0,0.238,,,,,,,,,,,6,hitl
60,2026-01-11 21:00,slaughterhouse_1,slaughterhouse,0,,,,397.6,400.0,,,,,,,,,6,hitl
60,2026-01-11 21:00,wholesaler_1,wholesaler,0,,,,,,153.88,6.4,,,,,,,6,hitl
60,2026-01-11 21:00,retail_1,retail,0,,,,,,,,101.33,30.0,0.0,0.0,3.58,20.0,6,hitl
61,2026-01-11 21:15,supplier_1,supplier,0,866.8,,,,,,,,,,,,,6,hitl
61,2026-01-11 21:15,farm_1,farm,1,,220.0,0.238,,,,,,,,,,,6,hitl
61,2026-01-11 21:15,slaughterhouse_1,slaughterhouse,0,,,,397.6,400.0,,,,,,,,,6,hitl
61,2026-01-11 21:15,wholesaler_1,wholesaler,0,,,,,,150.98,6.4,,,,,,,6,hitl
61,2026-01-11 21:15,retail_1,retail,0,,,,,,,,104.19,30.0,0.0,0.0,3.58,20.0,6,hitl
62,2026-01-11 21:30,supplier_1,supplier,0,866.27,,,,,,,,,,,,,6,hitl
62,2026-01-11 21:30,farm_1,farm,1,,220.0,0.238,,,,,,,,,,,6,hitl
62,2026-01-11 21:30,slaughterhouse_1,slaughterhouse,0,,,,397.6,400.0,,,,,,,,,6,hitl
62,2026-01-11 21:30,wholesaler_1,wholesaler,0,,,,,,148.15,6.4,,,,,,,6,hitl
62,2026-01-11 21:30,retail_1,retail,0,,,,,,,,103.27,30.0,0.0,0.0,3.58,20.0,6,hitl
63,2026-01-11 21:45,supplier_1,supplier,0,865.0,,,,,,,,,,,,,6,hitl
63,2026-01-11 21:45,farm_1,farm,1,,220.0,0.238,,,,,,,,,,,6,hitl
63,2026-01-11 21:45,slaughterhouse_1,slaughterhouse,0,,,,397.6,400.0,,,,,,,,,6,hitl
63,2026-01-11 21:45,wholesaler_1,wholesaler,0,,,,,,145.93,6.4,,,,,,,6,hitl
63,2026-01-11 21:45,retail_1,retail,0,,,,,,,,102.33,30.0,0.0,0.0,3.58,20.0,6,hitl
64,2026-01-11 22:00,supplier_1,supplier,0,863.81,,,,,,,,,,,,,6,hitl
64,2026-01-11 22:00,farm_1,farm,1,,220.0,0.238,,,,,,,,,,,6,hitl
64,2026-01-11 22:00,slaughterhouse_1,slaughterhouse,0,,,,397.6,376.0,,,,,,,,,6,hitl
64,2026-01-11 22:00,wholesaler_1,wholesaler,0,,,,,,140.42,6.4,,,,,,,6,hitl
64,2026-01-11 22:00,retail_1,retail,0,,,,,,,,101.53,30.0,0.0,0.0,3.58,20.0,6,hitl
65,2026-01-11 22:15,supplier_1,supplier,0,862.48,,,,,,,,,,,,,6,hitl
65,2026-01-11 22:15,farm_1,farm,1,,220.0,0.238,,,,,,,,,,,6,hitl
65,2026-01-11 22:15,slaughterhouse_1,slaughterhouse,0,,,,397.6,386.58,,,,,,,,,6,hitl
65,2026-01-11 22:15,wholesaler_1,wholesaler,0,,,,,,162.28,6.4,,,,,,,6,hitl
65,2026-01-11 22:15,retail_1,retail,0,,,,,,,,104.07,30.0,0.0,0.0,3.58,20.0,6,hitl
66,2026-01-11 22:30,supplier_1,supplier,0,861.18,,,,,,,,,,,,,6,hitl
66,2026-01-11 22:30,farm_1,farm,1,,220.0,0.238,,,,,,,,,,,6,hitl
66,2026-01-11 22:30,slaughterhouse_1,slaughterhouse,0,,,,397.6,396.88,,,,,,,,,6,hitl
66,2026-01-11 22:30,wholesaler_1,wholesaler,0,,,,,,159.39,6.4,,,,,,,6,hitl
66,2026-01-11 22:30,retail_1,retail,0,,,,,,,,103.24,30.0,0.0,0.0,3.58,20.0,6,hitl
67,2026-01-11 22:45,supplier_1,supplier,0,860.55,,,,,,,,,,,,,6,hitl
67,2026-01-11 22:45,farm_1,farm,1,,220.0,0.238,,,,,,,,,,,6,hitl
67,2026-01-11 22:45,slaughterhouse_1,slaughterhouse,0,,,,397.6,400.0,,,,,,,,,6,hitl
67,2026-01-11 22:45,wholesaler_1,wholesaler,0,,,,,,157.19,6.4,,,,,,,6,hitl
67,2026-01-11 22:45,retail_1,retail,0,,,,,,,,102.25,30.0,0.0,0.0,3.58,20.0,6,hitl
68,2026-01-11 23:00,supplier_1,supplier,0,859.21,,,,,,,,,,,,,6,hitl
68,2026-01-11 23:00,farm_1,farm,1,,220.0,0.238,,,,,,,,,,,6,hitl
68,2026-01-11 23:00,slaughterhouse_1,slaughterhouse,0,,,,397.6,400.0,,,,,,,,,6,hitl
68,2026-01-11 23:00,wholesaler_1,wholesaler,0,,,,,,151.69,6.4,,,,,,,6,hitl
68,2026-01-11 23:00,retail_1,retail,0,,,,,,,,101.32,30.0,0.0,0.0,3.58,20.0,6,hitl
69,2026-01-11 23:15,supplier_1,supplier,0,858.48,,,,,,,,,,,,,6,hitl
69,2026-01-11 23:15,farm_1,farm,1,,220.0,0.238,,,,,,,,,,,6,hitl
69,2026-01-11 23:15,slaughterhouse_1,slaughterhouse,0,,,,397.6,400.0,,,,,,,,,6,hitl
69,2026-01-11 23:15,wholesaler_1,wholesaler,0,,,,,,149.0,6.4,,,,,,,6,hitl
69,2026-01-11 23:15,retail_1,retail,0,,,,,,,,104.17,30.0,0.0,0.0,3.58,20.0,6,hitl
70,2026-01-11 23:30,supplier_1,supplier,0,857.8,,,,,,,,,,,,,6,hitl
70,2026-01-11 23:30,farm_1,farm,1,,220.0,0.238,,,,,,,,,,,6,hitl
70,2026-01-11 23:30,slaughterhouse_1,slaughterhouse,0,,,,397.6,400.0,,,,,,,,,6,hitl
70,2026-01-11 23:30,wholesaler_1,wholesaler,0,,,,,,147.38,6.4,,,,,,,6,hitl
70,2026-01-11 23:30,retail_1,retail,0,,,,,,,,103.21,30.0,0.0,0.0,3.58,20.0,6,hitl
71,2026-01-11 23:45,supplier_1,supplier,0,856.79,,,,,,,,,,,,,6,hitl
71,2026-01-11 23:45,farm_1,farm,1,,220.0,0.238,,,,,,,,,,,6,hitl
71,2026-01-11 23:45,slaughterhouse_1,slaughterhouse,0,,,,397.6,400.0,,,,,,,,,6,hitl
71,2026-01-11 23:45,wholesaler_1,wholesaler,0,,,,,,144.87,6.4,,,,,,,6,hitl
71,2026-01-11 23:45,retail_1,retail,0,,,,,,,,102.41,30.0,0.0,0.0,3.58,20.0,6,hitl
72,2026-01-12 00:00,supplier_1,supplier,0,855.79,,,,,,,,,,,,,6,hitl
72,2026-01-12 00:00,farm_1,farm,1,,220.0,0.238,,,,,,,,,,,6,hitl
72,2026-01-12 00:00,slaughterhouse_1,slaughterhouse,0,,,,397.6,376.0,,,,,,,,,6,hitl
72,2026-01-12 00:00,wholesaler_1,wholesaler,0,,,,,,139.29,6.4,,,,,,,6,hitl
72,2026-01-12 00:00,retail_1,retail,0,,,,,,,,101.47,30.0,0.0,0.0,3.58,20.0,6,hitl
73,2026-01-12 00:15,supplier_1,supplier,0,854.33,,,,,,,,,,,,,6,hitl
73,2026-01-12 00:15,farm_1,farm,1,,220.0,0.238,,,,,,,,,,,6,hitl
73,2026-01-12 00:15,slaughterhouse_1,slaughterhouse,0,,,,397.6,386.52,,,,,,,,,6,hitl
73,2026-01-12 00:15,wholesaler_1,wholesaler,0,,,,,,160.82,6.4,,,,,,,6,hitl
73,2026-01-12 00:15,retail_1,retail,0,,,,,,,,104.09,30.0,0.0,0.0,3.58,20.0,6,hitl
74,2026-01-12 00:30,supplier_1,supplier,0,853.15,,,,,,,,,,,,,6,hitl
74,2026-01-12 00:30,farm_1,farm,1,,220.0,0.238,,,,,,,,,,,6,hitl
74,2026-01-12 00:30,slaughterhouse_1,slaughterhouse,0,,,,397.6,397.57,,,,,,,,,6,hitl
74,2026-01-12 00:30,wholesaler_1,wholesaler,0,,,,,,159.2,6.4,,,,,,,6,hitl
74,2026-01-12 00:30,retail_1,retail,0,,,,,,,,103.22,30.0,0.0,0.0,3.58,20.0,6,hitl
75,2026-01-12 00:45,supplier_1,supplier,0,852.02,,,,,,,,,,,,,6,hitl
75,2026-01-12 00:45,farm_1,farm,1,,220.0,0.238,,,,,,,,,,,6,hitl
75,2026-01-12 00:45,slaughterhouse_1,slaughterhouse,0,,,,397.6,400.0,,,,,,,,,6,hitl
75,2026-01-12 00:45,wholesaler_1,wholesaler,0,,,,,,157.63,6.4,,,,,,,6,hitl
75,2026-01-12 00:45,retail_1,retail,0,,,,,,,,102.37,30.0,0.0,0.0,3.58,20.0,6,hitl
76,2026-01-12 01:00,supplier_1,supplier,0,850.59,,,,,,,,,,,,,6,hitl
76,2026-01-12 01:00,farm_1,farm,1,,220.0,0.238,,,,,,,,,,,6,hitl
76,2026-01-12 01:00,slaughterhouse_1,slaughterhouse,0,,,,397.6,400.0,,,,,,,,,6,hitl
76,2026-01-12 01:00,wholesaler_1,wholesaler,0,,,,,,151.27,6.4,,,,,,,6,hitl
76,2026-01-12 01:00,retail_1,retail,0,,,,,,,,101.38,30.0,0.0,0.0,3.58,20.0,6,hitl
77,2026-01-12 01:15,supplier_1,supplier,0,849.32,,,,,,,,,,,,,6,hitl
77,2026-01-12 01:15,farm_1,farm,1,,220.0,0.238,,,,,,,,,,,6,hitl
77,2026-01-12 01:15,slaughterhouse_1,slaughterhouse,0,,,,397.6,400.0,,,,,,,,,6,hitl
77,2026-01-12 01:15,wholesaler_1,wholesaler,0,,,,,,149.18,6.4,,,,,,,6,hitl
77,2026-01-12 01:15,retail_1,retail,0,,,,,,,,104.1,30.0,0.0,0.0,3.58,20.0,6,hitl
78,2026-01-12 01:30,supplier_1,supplier,0,848.8,,,,,,,,,,,,,6,hitl
78,2026-01-12 01:30,farm_1,farm,1,,220.0,0.238,,,,,,,,,,,6,hitl
78,2026-01-12 01:30,slaughterhouse_1,slaughterhouse,0,,,,397.6,400.0,,,,,,,,,6,hitl
78,2026-01-12 01:30,wholesaler_1,wholesaler,0,,,,,,146.98,6.4,,,,,,,6,hitl
78,2026-01-12 01:30,retail_1,retail,0,,,,,,,,103.19,30.0,0.0,0.0,3.58,20.0,6,hitl
79,2026-01-12 01:45,supplier_1,supplier,0,848.12,,,,,,,,,,,,,6,hitl
79,2026-01-12 01:45,farm_1,farm,1,,220.0,0.238,,,,,,,,,,,6,hitl
79,2026-01-12 01:45,slaughterhouse_1,slaughterhouse,0,,,,397.6,400.0,,,,,,,,,6,hitl
79,2026-01-12 01:45,wholesaler_1,wholesaler,0,,,,,,145.11,6.4,,,,,,,6,hitl
79,2026-01-12 01:45,retail_1,retail,0,,,,,,,,102.31,30.0,0.0,0.0,3.58,20.0,6,hitl
80,2026-01-12 02:00,supplier_1,supplier,0,847.12,,,,,,,,,,,,,6,hitl
80,2026-01-12 02:00,farm_1,farm,1,,220.0,0.238,,,,,,,,,,,6,hitl
80,2026-01-12 02:00,slaughterhouse_1,slaughterhouse,0,,,,397.6,376.0,,,,,,,,,6,hitl
80,2026-01-12 02:00,wholesaler_1,wholesaler,0,,,,,,138.91,6.4,,,,,,,6,hitl
80,2026-01-12 02:00,retail_1,retail,0,,,,,,,,101.48,30.0,0.0,0.0,3.58,20.0,6,hitl
81,2026-01-12 02:15,supplier_1,supplier,0,845.94,,,,,,,,,,,,,6,hitl
81,2026-01-12 02:15,farm_1,farm,1,,220.0,0.238,,,,,,,,,,,6,hitl
81,2026-01-12 02:15,slaughterhouse_1,slaughterhouse,0,,,,397.6,386.44,,,,,,,,,6,hitl
81,2026-01-12 02:15,wholesaler_1,wholesaler,0,,,,,,160.62,6.4,,,,,,,6,hitl
81,2026-01-12 02:15,retail_1,retail,0,,,,,,,,104.09,30.0,0.0,0.0,3.58,20.0,6,hitl
82,2026-01-12 02:30,supplier_1,supplier,0,845.07,,,,,,,,,,,,,6,hitl
82,2026-01-12 02:30,farm_1,farm,1,,220.0,0.238,,,,,,,,,,,6,hitl
82,2026-01-12 02:30,slaughterhouse_1,slaughterhouse,0,,,,397.6,396.94,,,,,,,,,6,hitl
82,2026-01-12 02:30,wholesaler_1,wholesaler,0,,,,,,157.74,6.4,,,,,,,6,hitl
82,2026-01-12 02:30,retail_1,retail,0,,,,,,,,103.19,30.0,0.0,0.0,3.58,20.0,6,hitl
83,2026-01-12 02:45,supplier_1,supplier,0,843.82,,,,,,,,,,,,,6,hitl
83,2026-01-12 02:45,farm_1,farm,1,,220.0,0.238,,,,,,,,,,,6,hitl
83,2026-01-12 02:45,slaughterhouse_1,slaughterhouse,0,,,,397.6,400.0,,,,,,,,,6,hitl
83,2026-01-12 02:45,wholesaler_1,wholesaler,0,,,,,,154.88,6.4,,,,,,,6,hitl
83,2026-01-12 02:45,retail_1,retail,0,,,,,,,,102.27,30.0,0.0,0.0,3.58,20.0,6,hitl
84,2026-01-12 03:00,supplier_1,supplier,0,842.86,,,,,,,,,,,,,6,hitl
84,2026-01-12 03:00,farm_1,farm,1,,220.0,0.238,,,,,,,,,,,6,hitl
84,2026-01-12 03:00,slaughterhouse_1,slaughterhouse,0,,,,397.6,400.0,,,,,,,,,6,hitl
84,2026-01-12 03:00,wholesaler_1,wholesaler,0,,,,,,149.51,6.4,,,,,,,6,hitl
84,2026-01-12 03:00,retail_1,retail,0,,,,,,,,101.27,30.0,0.0,0.0,3.58,20.0,6,hitl
85,2026-01-12 03:15,supplier_1,supplier,0,841.59,,,,,,,,,,,,,6,hitl
85,2026-01-12 03:15,farm_1,farm,1,,220.0,0.238,,,,,,,,,,,6,hitl
85,2026-01-12 03:15,slaughterhouse_1,slaughterhouse,0,,,,397.6,400.0,,,,,,,,,6,hitl
85,2026-01-12 03:15,wholesaler_1,wholesaler,0,,,,,,147.52,6.4,,,,,,,6,hitl
85,2026-01-12 03:15,retail_1,retail,0,,,,,,,,104.04,30.0,0.0,0.0,3.58,20.0,6,hitl
86,2026-01-12 03:30,supplier_1,supplier,0,840.29,,,,,,,,,,,,,6,hitl
86,2026-01-12 03:30,farm_1,farm,1,,220.0,0.238,,,,,,,,,,,6,hitl
86,2026-01-12 03:30,slaughterhouse_1,slaughterhouse,0,,,,397.6,400.0,,,,,,,,,6,hitl
86,2026-01-12 03:30,wholesaler_1,wholesaler,0,,,,,,145.32,6.4,,,,,,,6,hitl
86,2026-01-12 03:30,retail_1,retail,0,,,,,,,,103.11,30.0,0.0,0.0,3.58,20.0,6,hitl
87,2026-01-12 03:45,supplier_1,supplier,0,839.46,,,,,,,,,,,,,6,hitl
87,2026-01-12 03:45,farm_1,farm,1,,220.0,0.238,,,,,,,,,,,6,hitl
87,2026-01-12 03:45,slaughterhouse_1,slaughterhouse,0,,,,397.6,400.0,,,,,,,,,6,hitl
87,2026-01-12 03:45,wholesaler_1,wholesaler,0,,,,,,142.63,6.4,,,,,,,6,hitl
87,2026-01-12 03:45,retail_1,retail,0,,,,,,,,102.22,30.0,0.0,0.0,3.58,20.0,6,hitl
88,2026-01-12 04:00,supplier_1,supplier,0,838.47,,,,,,,,,,,,,6,hitl
88,2026-01-12 04:00,farm_1,farm,1,,220.0,0.238,,,,,,,,,,,6,hitl
88,2026-01-12 04:00,slaughterhouse_1,slaughterhouse,0,,,,397.6,376.0,,,,,,,,,6,hitl
88,2026-01-12 04:00,wholesaler_1,wholesaler,0,,,,,,136.83,6.4,,,,,,,6,hitl
88,2026-01-12 04:00,retail_1,retail,0,,,,,,,,101.41,30.0,0.0,0.0,3.58,20.0,6,hitl
89,2026-01-12 04:15,supplier_1,supplier,0,837.19,,,,,,,,,,,,,6,hitl
89,2026-01-12 04:15,farm_1,farm,1,,220.0,0.238,,,,,,,,,,,6,hitl
89,2026-01-12 04:15,slaughterhouse_1,slaughterhouse,0,,,,397.6,386.79,,,,,,,,,6,hitl
89,2026-01-12 04:15,wholesaler_1,wholesaler,0,,,,,,158.28,6.4,,,,,,,6,hitl
89,2026-01-12 04:15,retail_1,retail,0,,,,,,,,104.12,30.0,0.0,0.0,3.58,20.0,6,hitl
90,2026-01-12 04:30,supplier_1,supplier,0,836.08,,,,,,,,,,,,,6,hitl
90,2026-01-12 04:30,farm_1,farm,1,,220.0,0.238,,,,,,,,,,,6,hitl
90,2026-01-12 04:30,slaughterhouse_1,slaughterhouse,0,,,,397.6,397.41,,,,,,,,,6,hitl
90,2026-01-12 04:30,wholesaler_1,wholesaler,0,,,,,,155.74,6.4,,,,,,,6,hitl
90,2026-01-12 04:30,retail_1,retail,0,,,,,,,,103.27,30.0,0.0,0.0,3.58,20.0,6,hitl
91,2026-01-12 04:45,supplier_1,supplier,0,834.94,,,,,,,,,,,,,6,hitl
91,2026-01-12 04:45,farm_1,farm,1,,220.0,0.238,,,,,,,,,,,6,hitl
91,2026-01-12 04:45,slaughterhouse_1,slaughterhouse,0,,,,397.6,400.0,,,,,,,,,6,hitl
91,2026-01-12 04:45,wholesaler_1,wholesaler,0,,,,,,152.75,6.4,,,,,,,6,hitl
91,2026-01-12 04:45,retail_1,retail,0,,,,,,,,102.41,30.0,0.0,0.0,3.58,20.0,6,hitl
92,2026-01-12 05:00,supplier_1,supplier,0,834.24,,,,,,,,,,,,,6,hitl
92,2026-01-12 05:00,farm_1,farm,1,,220.0,0.238,,,,,,,,,,,6,hitl
92,2026-01-12 05:00,slaughterhouse_1,slaughterhouse,0,,,,397.6,400.0,,,,,,,,,6,hitl
92,2026-01-12 05:00,wholesaler_1,wholesaler,0,,,,,,147.23,6.4,,,,,,,6,hitl
92,2026-01-12 05:00,retail_1,retail,0,,,,,,,,101.51,30.0,0.0,0.0,3.58,20.0,6,hitl
93,2026-01-12 05:15,supplier_1,supplier,0,833.32,,,,,,,,,,,,,6,hitl
93,2026-01-12 05:15,farm_1,farm,1,,220.0,0.238,,,,,,,,,,,6,hitl
93,2026-01-12 05:15,slaughterhouse_1,slaughterhouse,0,,,,397.6,400.0,,,,,,,,,6,hitl
93,2026-01-12 05:15,wholesaler_1,wholesaler,0,,,,,,145.44,6.4,,,,,,,6,hitl
93,2026-01-12 05:15,retail_1,retail,0,,,,,,,,104.06,30.0,0.0,0.0,3.58,20.0,6,hitl
94,2026-01-12 05:30,supplier_1,supplier,0,832.46,,,,,,,,,,,,,6,hitl
94,2026-01-12 05:30,farm_1,farm,1,,220.0,0.238,,,,,,,,,,,6,hitl
94,2026-01-12 05:30,slaughterhouse_1,slaughterhouse,0,,,,397.6,400.0,,,,,,,,,6,hitl
94,2026-01-12 05:30,wholesaler_1,wholesaler,0,,,,,,143.51,6.4,,,,,,,6,hitl
94,2026-01-12 05:30,retail_1,retail,0,,,,,,,,103.26,30.0,0.0,0.0,3.58,20.0,6,hitl
95,2026-01-12 05:45,supplier_1,supplier,0,831.61,,,,,,,,,,,,,6,hitl
95,2026-01-12 05:45,farm_1,farm,1,,220.0,0.238,,,,,,,,,,,6,hitl
95,2026-01-12 05:45,slaughterhouse_1,slaughterhouse,0,,,,397.6,400.0,,,,,,,,,6,hitl
95,2026-01-12 05:45,wholesaler_1,wholesaler,0,,,,,,141.39,6.4,,,,,,,6,hitl
95,2026-01-12 05:45,retail_1,retail,0,,,,,,,,102.45,30.0,0.0,0.0,3.58,20.0,6,hitl
96,2026-01-12 06:00,supplier_1,supplier,0,830.68,,,,,,,,,,,,,6,hitl
96,2026-01-12 06:00,farm_1,farm,1,,220.0,0.238,,,,,,,,,,,6,hitl
96,2026-01-12 06:00,slaughterhouse_1,slaughterhouse,0,,,,397.6,376.0,,,,,,,,,6,hitl
96,2026-01-12 06:00,wholesaler_1,wholesaler,0,,,,,,136.46,6.4,,,,,,,6,hitl
96,2026-01-12 06:00,retail_1,retail,0,,,,,,,,101.58,30.0,0.0,0.0,3.58,20.0,6,hitl
97,2026-01-12 06:15,supplier_1,supplier,0,829.24,,,,,,,,,,,,,6,hitl
97,2026-01-12 06:15,farm_1,farm,1,,220.0,0.238,,,,,,,,,,,6,hitl
97,2026-01-12 06:15,slaughterhouse_1,slaughterhouse,0,,,,397.6,386.63,,,,,,,,,6,hitl
97,2026-01-12 06:15,wholesaler_1,wholesaler,0,,,,,,158.05,6.4,,,,,,,6,hitl
97,2026-01-12 06:15,retail_1,retail,0,,,,,,,,104.05,30.0,0.0,0.0,3.58,20.0,6,hitl
98,2026-01-12 06:30,supplier_1,supplier,0,827.98,,,,,,,,,,,,,6,hitl
98,2026-01-12 06:30,farm_1,farm,1,,220.0,0.238,,,,,,,,,,,6,hitl
98,2026-01-12 06:30,slaughterhouse_1,slaughterhouse,0,,,,397.6,396.86,,,,,,,,,6,hitl
98,2026-01-12 06:30,wholesaler_1,wholesaler,0,,,,,,155.46,6.4,,,,,,,6,hitl
98,2026-01-12 06:30,retail_1,retail,0,,,,,,,,103.17,30.0,0.0,0.0,3.58,20.0,6,hitl
99,2026-01-12 06:45,supplier_1,supplier,0,826.76,,,,,,,,,,,,,6,hitl
99,2026-01-12 06:45,farm_1,farm,1,,220.0,0.238,,,,,,,,,,,6,hitl
99,2026-01-12 06:45,slaughterhouse_1,slaughterhouse,0,,,,397.6,400.0,,,,,,,,,6,hitl
99,2026-01-12 06:45,wholesaler_1,wholesaler,0,,,,,,152.63,6.4,,,,,,,6,hitl
99,2026-01-12 06:45,retail_1,retail,0,,,,,,,,102.36,30.0,0.0,0.0,3.58,20.0,6,hitl
100,2026-01-12 07:00,supplier_1,supplier,0,826.25,,,,,,,,,,,,,6,hitl
100,2026-01-12 07:00,farm_1,farm,1,,220.0,0.238,,,,,,,,,,,6,hitl
100,2026-01-12 07:00,slaughterhouse_1,slaughterhouse,0,,,,397.6,400.0,,,,,,,,,6,hitl
100,2026-01-12 07:00,wholesaler_1,wholesaler,0,,,,,,146.63,6.4,,,,,,,6,hitl
100,2026-01-12 07:00,retail_1,retail,0,,,,,,,,101.41,30.0,0.0,0.0,3.58,20.0,6,hitl
101,2026-01-12 07:15,supplier_1,supplier,0,825.6,,,,,,,,,,,,,6,hitl
101,2026-01-12 07:15,farm_1,farm,1,,220.0,0.238,,,,,,,,,,,6,hitl
101,2026-01-12 07:15,slaughterhouse_1,slaughterhouse,0,,,,397.6,400.0,,,,,,,,,6,hitl
101,2026-01-12 07:15,wholesaler_1,wholesaler,0,,,,,,144.68,6.4,,,,,,,6,hitl
101,2026-01-12 07:15,retail_1,retail,0,,,,,,,,104.14,30.0,0.0,0.0,3.58,20.0,6,hitl
102,2026-01-12 07:30,supplier_1,supplier,1,181.01,,,,,,,,,,,,,6,hitl
102,2026-01-12 07:30,farm_1,farm,1,,220.0,0.238,,,,,,,,,,,6,hitl
102,2026-01-12 07:30,slaughterhouse_1,slaughterhouse,0,,,,397.6,400.0,,,,,,,,,6,hitl
102,2026-01-12 07:30,wholesaler_1,wholesaler,0,,,,,,142.21,6.4,,,,,,,6,hitl
102,2026-01-12 07:30,retail_1,retail,0,,,,,,,,103.24,30.0,0.0,0.0,3.58,20.0,6,hitl
103,2026-01-12 07:45,supplier_1,supplier,1,180.11,,,,,,,,,,,,,6,hitl
103,2026-01-12 07:45,farm_1,farm,1,,220.0,0.238,,,,,,,,,,,6,hitl
103,2026-01-12 07:45,slaughterhouse_1,slaughterhouse,0,,,,397.6,400.0,,,,,,,,,6,hitl
103,2026-01-12 07:45,wholesaler_1,wholesaler,0,,,,,,140.43,6.4,,,,,,,6,hitl
103,2026-01-12 07:45,retail_1,retail,0,,,,,,,,102.43,30.0,0.0,0.0,3.58,20.0,6,hitl
104,2026-01-12 08:00,supplier_1,supplier,1,178.88,,,,,,,,,,,,,6,hitl
104,2026-01-12 08:00,farm_1,farm,1,,220.0,0.238,,,,,,,,,,,6,hitl
104,2026-01-12 08:00,slaughterhouse_1,slaughterhouse,0,,,,397.6,376.0,,,,,,,,,6,hitl
104,2026-01-12 08:00,wholesaler_1,wholesaler,0,,,,,,135.51,6.4,,,,,,,6,hitl
104,2026-01-12 08:00,retail_1,retail,0,,,,,,,,101.63,30.0,0.0,0.0,3.58,20.0,6,hitl
105,2026-01-12 08:15,supplier_1,supplier,1,178.06,,,,,,,,,,,,,6,hitl
105,2026-01-12 08:15,farm_1,farm,1,,220.0,0.238,,,,,,,,,,,6,hitl
105,2026-01-12 08:15,slaughterhouse_1,slaughterhouse,0,,,,397.6,387.9,,,,,,,,,6,hitl
105,2026-01-12 08:15,wholesaler_1,wholesaler,0,,,,,,157.83,6.4,,,,,,,6,hitl
105,2026-01-12 08:15,retail_1,retail,0,,,,,,,,104.15,30.0,0.0,0.0,3.58,20.0,6,hitl
106,2026-01-12 08:30,supplier_1,supplier,1,177.12,,,,,,,,,,,,,6,hitl
106,2026-01-12 08:30,farm_1,farm,1,,220.0,0.238,,,,,,,,,,,6,hitl
106,2026-01-12 08:30,slaughterhouse_1,slaughterhouse,0,,,,397.6,399.31,,,,,,,,,6,hitl
106,2026-01-12 08:30,wholesaler_1,wholesaler,0,,,,,,155.28,6.4,,,,,,,6,hitl
106,2026-01-12 08:30,retail_1,retail,0,,,,,,,,103.29,30.0,0.0,0.0,3.58,20.0,6,hitl
107,2026-01-12 08:45,supplier_1,supplier,1,176.12,,,,,,,,,,,,,6,hitl
107,2026-01-12 08:45,farm_1,farm,1,,220.0,0.238,,,,,,,,,,,6,hitl
107,2026-01-12 08:45,slaughterhouse_1,slaughterhouse,0,,,,397.6,400.0,,,,,,,,,6,hitl
107,2026-01-12 08:45,wholesaler_1,wholesaler,0,,,,,,152.63,6.4,,,,,,,6,hitl
107,2026-01-12 08:45,retail_1,retail,0,,,,,,,,102.29,30.0,0.0,0.0,3.58,20.0,6,hitl
108,2026-01-12 09:00,supplier_1,supplier,1,174.81,,,,,,,,,,,,,6,hitl
108,2026-01-12 09:00,farm_1,farm,1,,220.0,0.238,,,,,,,,,,,6,hitl
108,2026-01-12 09:00,slaughterhouse_1,slaughterhouse,0,,,,397.6,400.0,,,,,,,,,6,hitl
108,2026-01-12 09:00,wholesaler_1,wholesaler,0,,,,,,146.49,6.4,,,,,,,6,hitl
108,2026-01-12 09:00,retail_1,retail,0,,,,,,,,101.43,30.0,0.0,0.0,3.58,20.0,6,hitl
109,2026-01-12 09:15,supplier_1,supplier,1,173.88,,,,,,,,,,,,,6,hitl
109,2026-01-12 09:15,farm_1,farm,1,,220.0,0.238,,,,,,,,,,,6,hitl
109,2026-01-12 09:15,slaughterhouse_1,slaughterhouse,0,,,,397.6,400.0,,,,,,,,,6,hitl
109,2026-01-12 09:15,wholesaler_1,wholesaler,0,,,,,,143.98,6.4,,,,,,,6,hitl
109,2026-01-12 09:15,retail_1,retail,0,,,,,,,,104.14,30.0,0.0,0.0,3.58,20.0,6,hitl
110,2026-01-12 09:30,supplier_1,supplier,1,172.83,,,,,,,,,,,,,6,hitl
110,2026-01-12 09:30,farm_1,farm,1,,220.0,0.238,,,,,,,,,,,6,hitl
110,2026-01-12 09:30,slaughterhouse_1,slaughterhouse,0,,,,397.6,400.0,,,,,,,,,6,hitl
110,2026-01-12 09:30,wholesaler_1,wholesaler,0,,,,,,141.29,6.4,,,,,,,6,hitl
110,2026-01-12 09:30,retail_1,retail,0,,,,,,,,103.16,30.0,0.0,0.0,3.58,20.0,6,hitl
111,2026-01-12 09:45,supplier_1,supplier,1,172.19,,,,,,,,,,,,,6,hitl
111,2026-01-12 09:45,farm_1,farm,1,,220.0,0.238,,,,,,,,,,,6,hitl
111,2026-01-12 09:45,slaughterhouse_1,slaughterhouse,0,,,,397.6,400.0,,,,,,,,,6,hitl
111,2026-01-12 09:45,wholesaler_1,wholesaler,0,,,,,,139.34,6.4,,,,,,,6,hitl
111,2026-01-12 09:45,retail_1,retail,0,,,,,,,,102.35,30.0,0.0,0.0,3.58,20.0,6,hitl
112,2026-01-12 10:00,supplier_1,supplier,1,171.15,,,,,,,,,,,,,6,hitl
112,2026-01-12 10:00,farm_1,farm,1,,220.0,0.238,,,,,,,,,,,6,hitl
112,2026-01-12 10:00,slaughterhouse_1,slaughterhouse,0,,,,397.6,376.0,,,,,,,,,6,hitl
112,2026-01-12 10:00,wholesaler_1,wholesaler,0,,,,,,133.45,6.4,,,,,,,6,hitl
112,2026-01-12 10:00,retail_1,retail,0,,,,,,,,101.5,30.0,0.0,0.0,3.58,20.0,6,hitl
113,2026-01-12 10:15,supplier_1,supplier,1,170.64,,,,,,,,,,,,,6,hitl
113,2026-01-12 10:15,farm_1,farm,1,,220.0,0.238,,,,,,,,,,,6,hitl
113,2026-01-12 10:15,slaughterhouse_1,slaughterhouse,0,,,,397.6,387.53,,,,,,,,,6,hitl
113,2026-01-12 10:15,wholesaler_1,wholesaler,0,,,,,,155.51,6.4,,,,,,,6,hitl
113,2026-01-12 10:15,retail_1,retail,0,,,,,,,,104.06,30.0,0.0,0.0,3.58,20.0,6,hitl
114,2026-01-12 10:30,supplier_1,supplier,1,169.45,,,,,,,,,,,,,6,hitl
114,2026-01-12 10:30,farm_1,farm,1,,220.0,0.238,,,,,,,,,,,6,hitl
114,2026-01-12 10:30,slaughterhouse_1,slaughterhouse,0,,,,397.6,398.12,,,,,,,,,6,hitl
114,2026-01-12 10:30,wholesaler_1,wholesaler,0,,,,,,153.5,6.4,,,,,,,6,hitl
114,2026-01-12 10:30,retail_1,retail,0,,,,,,,,103.19,30.0,0.0,0.0,3.58,20.0,6,hitl
115,2026-01-12 10:45,supplier_1,supplier,1,168.88,,,,,,,,,,,,,6,hitl
115,2026-01-12 10:45,farm_1,farm,1,,220.0,0.238,,,,,,,,,,,6,hitl
115,2026-01-12 10:45,slaughterhouse_1,slaughterhouse,0,,,,397.6,400.0,,,,,,,,,6,hitl
115,2026-01-12 10:45,wholesaler_1,wholesaler,0,,,,,,151.48,6.4,,,,,,,6,hitl
115,2026-01-12 10:45,retail_1,retail,0,,,,,,,,102.4,30.0,0.0,0.0,3.58,20.0,6,hitl
116,2026-01-12 11:00,supplier_1,supplier,1,168.28,,,,,,,,,,,,,6,hitl
116,2026-01-12 11:00,farm_1,farm,1,,220.0,0.238,,,,,,,,,,,6,hitl
116,2026-01-12 11:00,slaughterhouse_1,slaughterhouse,0,,,,397.6,400.0,,,,,,,,,6,hitl
116,2026-01-12 11:00,wholesaler_1,wholesaler,0,,,,,,145.45,6.4,,,,,,,6,hitl
116,2026-01-12 11:00,retail_1,retail,0,,,,,,,,101.5,30.0,0.0,0.0,3.58,20.0,6,hitl
117,2026-01-12 11:15,supplier_1,supplier,1,167.47,,,,,,,,,,,,,6,hitl
117,2026-01-12 11:15,farm_1,farm,1,,220.0,0.238,,,,,,,,,,,6,hitl
117,2026-01-12 11:15,slaughterhouse_1,slaughterhouse,0,,,,397.6,400.0,,,,,,,,,6,hitl
117,2026-01-12 11:15,wholesaler_1,wholesaler,0,,,,,,142.69,6.4,,,,,,,6,hitl
117,2026-01-12 11:15,retail_1,retail,0,,,,,,,,104.04,30.0,0.0,0.0,3.58,20.0,6,hitl
118,2026-01-12 11:30,supplier_1,supplier,1,166.7,,,,,,,,,,,,,6,hitl
118,2026-01-12 11:30,farm_1,farm,1,,220.0,0.238,,,,,,,,,,,6,hitl
118,2026-01-12 11:30,slaughterhouse_1,slaughterhouse,0,,,,397.6,400.0,,,,,,,,,6,hitl
118,2026-01-12 11:30,wholesaler_1,wholesaler,0,,,,,,141.04,6.4,,,,,,,6,hitl
118,2026-01-12 11:30,retail_1,retail,0,,,,,,,,103.05,30.0,0.0,0.0,3.58,20.0,6,hitl
119,2026-01-12 11:45,supplier_1,supplier,1,166.08,,,,,,,,,,,,,6,hitl
119,2026-01-12 11:45,farm_1,farm,1,,220.0,0.238,,,,,,,,,,,6,hitl
119,2026-01-12 11:45,slaughterhouse_1,slaughterhouse,0,,,,397.6,400.0,,,,,,,,,6,hitl
119,2026-01-12 11:45,wholesaler_1,wholesaler,0,,,,,,139.48,6.4,,,,,,,6,hitl
119,2026-01-12 11:45,retail_1,retail,0,,,,,,,,102.26,30.0,0.0,0.0,3.58,20.0,6,hitl
120,2026-01-12 12:00,supplier_1,supplier,1,164.84,,,,,,,,,,,,,6,hitl
120,2026-01-12 12:00,farm_1,farm,1,,220.0,0.238,,,,,,,,,,,6,hitl
120,2026-01-12 12:00,slaughterhouse_1,slaughterhouse,0,,,,397.6,376.0,,,,,,,,,6,hitl
120,2026-01-12 12:00,wholesaler_1,wholesaler,0,,,,,,133.42,6.4,,,,,,,6,hitl
120,2026-01-12 12:00,retail_1,retail,0,,,,,,,,101.43,30.0,0.0,0.0,3.58,20.0,6,hitl
121,2026-01-12 12:15,supplier_1,supplier,1,163.85,,,,,,,,,,,,,6,hitl
121,2026-01-12 12:15,farm_1,farm,1,,220.0,0.238,,,,,,,,,,,6,hitl
121,2026-01-12 12:15,slaughterhouse_1,slaughterhouse,0,,,,397.6,387.88,,,,,,,,,6,hitl
121,2026-01-12 12:15,wholesaler_1,wholesaler,0,,,,,,154.87,6.4,,,,,,,6,hitl
121,2026-01-12 12:15,retail_1,retail,0,,,,,,,,104.16,30.0,0.0,0.0,3.58,20.0,6,hitl
122,2026-01-12 12:30,supplier_1,supplier,1,162.88,,,,,,,,,,,,,6,hitl
122,2026-01-12 12:30,farm_1,farm,1,,220.0,0.238,,,,,,,,,,,6,hitl
122,2026-01-12 12:30,slaughterhouse_1,slaughterhouse,0,,,,397.6,398.08,,,,,,,,,6,hitl
122,2026-01-12 12:30,wholesaler_1,wholesaler,0,,,,,,152.55,6.4,,,,,,,6,hitl
122,2026-01-12 12:30,retail_1,retail,0,,,,,,,,103.23,30.0,0.0,0.0,3.58,20.0,6,hitl
123,2026-01-12 12:45,supplier_1,supplier,1,162.06,,,,,,,,,,,,,6,hitl
123,2026-01-12 12:45,farm_1,farm,1,,220.0,0.238,,,,,,,,,,,6,hitl
123,2026-01-12 12:45,slaughterhouse_1,slaughterhouse,0,,,,397.6,400.0,,,,,,,,,6,hitl
123,2026-01-12 12:45,wholesaler_1,wholesaler,0,,,,,,149.66,6.4,,,,,,,6,hitl
123,2026-01-12 12:45,retail_1,retail,0,,,,,,,,102.27,30.0,0.0,0.0,3.58,20.0,6,hitl
124,2026-01-12 13:00,supplier_1,supplier,1,161.01,,,,,,,,,,,,,6,hitl
124,2026-01-12 13:00,farm_1,farm,1,,220.0,0.238,,,,,,,,,,,6,hitl
124,2026-01-12 13:00,slaughterhouse_1,slaughterhouse,0,,,,397.6,400.0,,,,,,,,,6,hitl
124,2026-01-12 13:00,wholesaler_1,wholesaler,0,,,,,,143.74,6.4,,,,,,,6,hitl
124,2026-01-12 13:00,retail_1,retail,0,,,,,,,,101.27,30.0,0.0,0.0,3.58,20.0,6,hitl
125,2026-01-12 13:15,supplier_1,supplier,1,160.5,,,,,,,,,,,,,6,hitl
125,2026-01-12 13:15,farm_1,farm,1,,220.0,0.238,,,,,,,,,,,6,hitl
125,2026-01-12 13:15,slaughterhouse_1,slaughterhouse,0,,,,397.6,400.0,,,,,,,,,6,hitl
125,2026-01-12 13:15,wholesaler_1,wholesaler,0,,,,,,141.43,6.4,,,,,,,6,hitl
125,2026-01-12 13:15,retail_1,retail,0,,,,,,,,104.12,30.0,0.0,0.0,3.58,20.0,6,hitl
126,2026-01-12 13:30,supplier_1,supplier,1,159.45,,,,,,,,,,,,,6,hitl
126,2026-01-12 13:30,farm_1,farm,1,,220.0,0.238,,,,,,,,,,,6,hitl
126,2026-01-12 13:30,slaughterhouse_1,slaughterhouse,0,,,,397.6,400.0,,,,,,,,,6,hitl
126,2026-01-12 13:30,wholesaler_1,wholesaler,0,,,,,,139.48,6.4,,,,,,,6,hitl
126,2026-01-12 13:30,retail_1,retail,0,,,,,,,,103.14,30.0,0.0,0.0,3.58,20.0,6,hitl
127,2026-01-12 13:45,supplier_1,supplier,1,158.02,,,,,,,,,,,,,6,hitl
127,2026-01-12 13:45,farm_1,farm,1,,220.0,0.238,,,,,,,,,,,6,hitl
127,2026-01-12 13:45,slaughterhouse_1,slaughterhouse,0,,,,397.6,400.0,,,,,,,,,6,hitl
127,2026-01-12 13:45,wholesaler_1,wholesaler,0,,,,,,137.72,6.4,,,,,,,6,hitl
127,2026-01-12 13:45,retail_1,retail,0,,,,,,,,102.28,30.0,0.0,0.0,3.58,20.0,6,hitl
128,2026-01-12 14:00,supplier_1,supplier,1,157.05,,,,,,,,,,,,,6,hitl
128,2026-01-12 14:00,farm_1,farm,1,,220.0,0.238,,,,,,,,,,,6,hitl
128,2026-01-12 14:00,slaughterhouse_1,slaughterhouse,0,,,,397.6,376.0,,,,,,,,,6,hitl
128,2026-01-12 14:00,wholesaler_1,wholesaler,0,,,,,,131.75,6.4,,,,,,,6,hitl
128,2026-01-12 14:00,retail_1,retail,0,,,,,,,,101.3,30.0,0.0,0.0,3.58,20.0,6,hitl
129,2026-01-12 14:15,supplier_1,supplier,1,156.05,,,,,,,,,,,,,6,hitl
129,2026-01-12 14:15,farm_1,farm,1,,220.0,0.238,,,,,,,,,,,6,hitl
129,2026-01-12 14:15,slaughterhouse_1,slaughterhouse,0,,,,397.6,387.07,,,,,,,,,6,hitl
129,2026-01-12 14:15,wholesaler_1,wholesaler,0,,,,,,153.31,6.4,,,,,,,6,hitl
129,2026-01-12 14:15,retail_1,retail,0,,,,,,,,104.2,30.0,0.0,0.0,3.58,20.0,6,hitl
130,2026-01-12 14:30,supplier_1,supplier,1,155.31,,,,,,,,,,,,,6,hitl
130,2026-01-12 14:30,farm_1,farm,1,,220.0,0.238,,,,,,,,,,,6,hitl
130,2026-01-12 14:30,slaughterhouse_1,slaughterhouse,0,,,,397.6,397.23,,,,,,,,,6,hitl
130,2026-01-12 14:30,wholesaler_1,wholesaler,0,,,,,,151.22,6.4,,,,,,,6,hitl
130,2026-01-12 14:30,retail_1,retail,0,,,,,,,,103.31,30.0,0.0,0.0,3.58,20.0,6,hitl
131,2026-01-12 14:45,supplier_1,supplier,1,154.17,,,,,,,,,,,,,6,hitl
131,2026-01-12 14:45,farm_1,farm,1,,220.0,0.238,,,,,,,,,,,6,hitl
131,2026-01-12 14:45,slaughterhouse_1,slaughterhouse,0,,,,397.6,400.0,,,,,,,,,6,hitl
131,2026-01-12 14:45,wholesaler_1,wholesaler,0,,,,,,148.56,6.4,,,,,,,6,hitl
131,2026-01-12 14:45,retail_1,retail,0,,,,,,,,102.45,30.0,0.0,0.0,3.58,20.0,6,hitl
132,2026-01-12 15:00,supplier_1,supplier,1,152.67,,,,,,,,,,,,,6,hitl
132,2026-01-12 15:00,farm_1,farm,1,,220.0,0.238,,,,,,,,,,,6,hitl
132,2026-01-12 15:00,slaughterhouse_1,slaughterhouse,0,,,,397.6,400.0,,,,,,,,,6,hitl
132,2026-01-12 15:00,wholesaler_1,wholesaler,0,,,,,,143.33,6.4,,,,,,,6,hitl
132,2026-01-12 15:00,retail_1,retail,0,,,,,,,,101.47,30.0,0.0,0.0,3.58,20.0,6,hitl
133,2026-01-12 15:15,supplier_1,supplier,1,151.54,,,,,,,,,,,,,6,hitl
133,2026-01-12 15:15,farm_1,farm,1,,220.0,0.238,,,,,,,,,,,6,hitl
133,2026-01-12 15:15,slaughterhouse_1,slaughterhouse,0,,,,397.6,400.0,,,,,,,,,6,hitl
133,2026-01-12 15:15,wholesaler_1,wholesaler,0,,,,,,140.85,6.4,,,,,,,6,hitl
133,2026-01-12 15:15,retail_1,retail,0,,,,,,,,104.13,30.0,0.0,0.0,3.58,20.0,6,hitl
134,2026-01-12 15:30,supplier_1,supplier,1,150.41,,,,,,,,,,,,,6,hitl
134,2026-01-12 15:30,farm_1,farm,1,,220.0,0.238,,,,,,,,,,,6,hitl
134,2026-01-12 15:30,slaughterhouse_1,slaughterhouse,0,,,,397.6,400.0,,,,,,,,,6,hitl
134,2026-01-12 15:30,wholesaler_1,wholesaler,0,,,,,,138.54,6.4,,,,,,,6,hitl
134,2026-01-12 15:30,retail_1,retail,0,,,,,,,,103.24,30.0,0.0,0.0,3.58,20.0,6,hitl
135,2026-01-12 15:45,supplier_1,supplier,1,148.98,,,,,,,,,,,,,6,hitl
135,2026-01-12 15:45,farm_1,farm,1,,220.0,0.238,,,,,,,,,,,6,hitl
135,2026-01-12 15:45,slaughterhouse_1,slaughterhouse,0,,,,397.6,400.0,,,,,,,,,6,hitl
135,2026-01-12 15:45,wholesaler_1,wholesaler,0,,,,,,136.79,6.4,,,,,,,6,hitl
135,2026-01-12 15:45,retail_1,retail,0,,,,,,,,102.32,30.0,0.0,0.0,3.58,20.0,6,hitl
136,2026-01-12 16:00,supplier_1,supplier,1,148.27,,,,,,,,,,,,,6,hitl
136,2026-01-12 16:00,farm_1,farm,1,,220.0,0.238,,,,,,,,,,,6,hitl
136,2026-01-12 16:00,slaughterhouse_1,slaughterhouse,0,,,,397.6,376.0,,,,,,,,,6,hitl
136,2026-01-12 16:00,wholesaler_1,wholesaler,0,,,,,,130.32,6.4,,,,,,,6,hitl
136,2026-01-12 16:00,retail_1,retail,0,,,,,,,,101.4,30.0,0.0,0.0,3.58,20.0,6,hitl
137,2026-01-12 16:15,supplier_1,supplier,1,147.71,,,,,,,,,,,,,6,hitl
137,2026-01-12 16:15,farm_1,farm,1,,220.0,0.238,,,,,,,,,,,6,hitl
137,2026-01-12 16:15,slaughterhouse_1,slaughterhouse,0,,,,397.6,387.05,,,,,,,,,6,hitl
137,2026-01-12 16:15,wholesaler_1,wholesaler,0,,,,,,152.51,6.4,,,,,,,6,hitl
137,2026-01-12 16:15,retail_1,retail,0,,,,,,,,104.11,30.0,0.0,0.0,3.58,20.0,6,hitl
138,2026-01-12 16:30,supplier_1,supplier,1,146.55,,,,,,,,,,,,,6,hitl
138,2026-01-12 16:30,farm_1,farm,1,,220.0,0.238,,,,,,,,,,,6,hitl
138,2026-01-12 16:30,slaughterhouse_1,slaughterhouse,0,,,,397.6,398.19,,,,,,,,,6,hitl
138,2026-01-12 16:30,wholesaler_1,wholesaler,0,,,,,,149.95,6.4,,,,,,,6,hitl
138,2026-01-12 16:30,retail_1,retail,0,,,,,,,,103.22,30.0,0.0,0.0,3.58,20.0,6,hitl
139,2026-01-12 16:45,supplier_1,supplier,1,145.93,,,,,,,,,,,,,6,hitl
139,2026-01-12 16:45,farm_1,farm,1,,220.0,0.238,,,,,,,,,,,6,hitl
139,2026-01-12 16:45,slaughterhouse_1,slaughterhouse,0,,,,397.6,400.0,,,,,,,,,6,hitl
139,2026-01-12 16:45,wholesaler_1,wholesaler,0,,,,,,148.43,6.4,,,,,,,6,hitl
139,2026-01-12 16:45,retail_1,retail,0,,,,,,,,102.24,30.0,0.0,0.0,3.58,20.0,6,hitl
140,2026-01-12 17:00,supplier_1,supplier,1,145.4,,,,,,,,,,,,,6,hitl
140,2026-01-12 17:00,farm_1,farm,1,,220.0,0.238,,,,,,,,,,,6,hitl
140,2026-01-12 17:00,slaughterhouse_1,slaughterhouse,0,,,,397.6,400.0,,,,,,,,,6,hitl
140,2026-01-12 17:00,wholesaler_1,wholesaler,0,,,,,,142.6,6.4,,,,,,,6,hitl
140,2026-01-12 17:00,retail_1,retail,0,,,,,,,,101.32,30.0,0.0,0.0,3.58,20.0,6,hitl
141,2026-01-12 17:15,supplier_1,supplier,1,143.91,,,,,,,,,,,,,6,hitl
141,2026-01-12 17:15,farm_1,farm,1,,220.0,0.238,,,,,,,,,,,6,hitl
141,2026-01-12 17:15,slaughterhouse_1,slaughterhouse,0,,,,397.6,400.0,,,,,,,,,6,hitl
141,2026-01-12 17:15,wholesaler_1,wholesaler,0,,,,,,140.05,6.4,,,,,,,6,hitl
141,2026-01-12 17:15,retail_1,retail,0,,,,,,,,104.0,30.0,0.0,0.0,3.58,20.0,6,hitl
142,2026-01-12 17:30,supplier_1,supplier,1,142.43,,,,,,,,,,,,,6,hitl
142,2026-01-12 17:30,farm_1,farm,1,,220.0,0.238,,,,,,,,,,,6,hitl
142,2026-01-12 17:30,slaughterhouse_1,slaughterhouse,0,,,,397.6,400.0,,,,,,,,,6,hitl
142,2026-01-12 17:30,wholesaler_1,wholesaler,0,,,,,,138.3,6.4,,,,,,,6,hitl
142,2026-01-12 17:30,retail_1,retail,0,,,,,,,,103.01,30.0,0.0,0.0,3.58,20.0,6,hitl
143,2026-01-12 17:45,supplier_1,supplier,1,141.68,,,,,,,,,,,,,6,hitl
143,2026-01-12 17:45,farm_1,farm,1,,220.0,0.238,,,,,,,,,,,6,hitl
143,2026-01-12 17:45,slaughterhouse_1,slaughterhouse,0,,,,397.6,400.0,,,,,,,,,6,hitl
143,2026-01-12 17:45,wholesaler_1,wholesaler,0,,,,,,135.87,6.4,,,,,,,6,hitl
143,2026-01-12 17:45,retail_1,retail,0,,,,,,,,102.16,30.0,0.0,0.0,3.58,20.0,6,hitl
144,2026-01-12 18:00,supplier_1,supplier,1,140.48,,,,,,,,,,,,,6,hitl
144,2026-01-12 18:00,farm_1,farm,1,,220.0,0.238,,,,,,,,,,,6,hitl
144,2026-01-12 18:00,slaughterhouse_1,slaughterhouse,0,,,,397.6,376.0,,,,,,,,,6,hitl
144,2026-01-12 18:00,wholesaler_1,wholesaler,0,,,,,,130.49,6.4,,,,,,,6,hitl
144,2026-01-12 18:00,retail_1,retail,0,,,,,,,,101.23,30.0,0.0,0.0,3.58,20.0,6,hitl
145,2026-01-12 18:15,supplier_1,supplier,1,139.49,,,,,,,,,,,,,6,hitl
145,2026-01-12 18:15,farm_1,farm,1,,220.0,0.238,,,,,,,,,,,6,hitl
145,2026-01-12 18:15,slaughterhouse_1,slaughterhouse,0,,,,397.6,386.72,,,,,,,,,6,hitl
145,2026-01-12 18:15,wholesaler_1,wholesaler,0,,,,,,152.53,6.4,,,,,,,6,hitl
145,2026-01-12 18:15,retail_1,retail,0,,,,,,,,104.02,30.0,0.0,0.0,3.58,20.0,6,hitl
146,2026-01-12 18:30,supplier_1,supplier,1,138.07,,,,,,,,,,,,,6,hitl
146,2026-01-12 18:30,farm_1,farm,1,,220.0,0.238,,,,,,,,,,,6,hitl
146,2026-01-12 18:30,slaughterhouse_1,slaughterhouse,0,,,,397.6,397.3,,,,,,,,,6,hitl
146,2026-01-12 18:30,wholesaler_1,wholesaler,0,,,,,,150.8,6.4,,,,,,,6,hitl
146,2026-01-12 18:30,retail_1,retail,0,,,,,,,,103.09,30.0,0.0,0.0,3.58,20.0,6,hitl
147,2026-01-12 18:45,supplier_1,supplier,1,137.27,,,,,,,,,,,,,6,hitl
147,2026-01-12 18:45,farm_1,farm,1,,220.0,0.238,,,,,,,,,,,6,hitl
147,2026-01-12 18:45,slaughterhouse_1,slaughterhouse,0,,,,397.6,400.0,,,,,,,,,6,hitl
147,2026-01-12 18:45,wholesaler_1,wholesaler,0,,,,,,147.94,6.4,,,,,,,6,hitl
147,2026-01-12 18:45,retail_1,retail,0,,,,,,,,102.25,30.0,0.0,0.0,3.58,20.0,6,hitl
148,2026-01-12 19:00,supplier_1,supplier,1,135.87,,,,,,,,,,,,,6,hitl
148,2026-01-12 19:00,farm_1,farm,1,,220.0,0.238,,,,,,,,,,,6,hitl
148,2026-01-12 19:00,slaughterhouse_1,slaughterhouse,0,,,,397.6,400.0,,,,,,,,,6,hitl
148,2026-01-12 19:00,wholesaler_1,wholesaler,0,,,,,,142.23,6.4,,,,,,,6,hitl
148,2026-01-12 19:00,retail_1,retail,0,,,,,,,,101.28,30.0,0.0,0.0,3.58,20.0,6,hitl
149,2026-01-12 19:15,supplier_1,supplier,1,134.57,,,,,,,,,,,,,6,hitl
149,2026-01-12 19:15,farm_1,farm,1,,220.0,0.238,,,,,,,,,,,6,hitl
149,2026-01-12 19:15,slaughterhouse_1,slaughterhouse,0,,,,397.6,400.0,,,,,,,,,6,hitl
149,2026-01-12 19:15,wholesaler_1,wholesaler,0,,,,,,140.02,6.4,,,,,,,6,hitl
149,2026-01-12 19:15,retail_1,retail,0,,,,,,,,104.06,30.0,0.0,0.0,3.58,20.0,6,hitl
150,2026-01-12 19:30,supplier_1,supplier,1,133.07,,,,,,,,,,,,,6,hitl
150,2026-01-12 19:30,farm_1,farm,1,,220.0,0.238,,,,,,,,,,,6,hitl
150,2026-01-12 19:30,slaughterhouse_1,slaughterhouse,0,,,,397.6,400.0,,,,,,,,,6,hitl
150,2026-01-12 19:30,wholesaler_1,wholesaler,0,,,,,,138.42,6.4,,,,,,,6,hitl
150,2026-01-12 19:30,retail_1,retail,0,,,,,,,,103.13,30.0,0.0,0.0,3.58,20.0,6,hitl
151,2026-01-12 19:45,supplier_1,supplier,1,132.16,,,,,,,,,,,,,6,hitl
151,2026-01-12 19:45,farm_1,farm,1,,220.0,0.238,,,,,,,,,,,6,hitl
151,2026-01-12 19:45,slaughterhouse_1,slaughterhouse,0,,,,397.6,400.0,,,,,,,,,6,hitl
151,2026-01-12 19:45,wholesaler_1,wholesaler,0,,,,,,136.85,6.4,,,,,,,6,hitl
151,2026-01-12 19:45,retail_1,retail,0,,,,,,,,102.14,30.0,0.0,0.0,3.58,20.0,6,hitl
152,2026-01-12 20:00,supplier_1,supplier,1,131.6,,,,,,,,,,,,,6,hitl
152,2026-01-12 20:00,farm_1,farm,1,,220.0,0.238,,,,,,,,,,,6,hitl
152,2026-01-12 20:00,slaughterhouse_1,slaughterhouse,0,,,,397.6,376.0,,,,,,,,,6,hitl
152,2026-01-12 20:00,wholesaler_1,wholesaler,0,,,,,,130.5,6.4,,,,,,,6,hitl
152,2026-01-12 20:00,retail_1,retail,0,,,,,,,,101.27,30.0,0.0,0.0,3.58,20.0,6,hitl
153,2026-01-12 20:15,supplier_1,supplier,1,130.66,,,,,,,,,,,,,6,hitl
153,2026-01-12 20:15,farm_1,farm,1,,220.0,0.238,,,,,,,,,,,6,hitl
153,2026-01-12 20:15,slaughterhouse_1,slaughterhouse,1,,,,112.0,46.96,,,,,,,,,6,hitl
153,2026-01-12 20:15,wholesaler_1,wholesaler,0,,,,,,151.95,6.4,,,,,,,6,hitl
153,2026-01-12 20:15,retail_1,retail,0,,,,,,,,104.06,30.0,0.0,0.0,3.58,20.0,6,hitl
154,2026-01-12 20:30,supplier_1,supplier,1,130.1,,,,,,,,,,,,,6,hitl
154,2026-01-12 20:30,farm_1,farm,1,,220.0,0.238,,,,,,,,,,,6,hitl
154,2026-01-12 20:30,slaughterhouse_1,slaughterhouse,1,,,,112.0,49.98,,,,,,,,,6,hitl
154,2026-01-12 20:30,wholesaler_1,wholesaler,0,,,,,,150.38,6.4,,,,,,,6,hitl
154,2026-01-12 20:30,retail_1,retail,0,,,,,,,,103.08,30.0,0.0,0.0,3.58,20.0,6,hitl
155,2026-01-12 20:45,supplier_1,supplier,1,129.28,,,,,,,,,,,,,6,hitl
155,2026-01-12 20:45,farm_1,farm,1,,220.0,0.238,,,,,,,,,,,6,hitl
155,2026-01-12 20:45,slaughterhouse_1,slaughterhouse,1,,,,112.0,52.85,,,,,,,,,6,hitl
155,2026-01-12 20:45,wholesaler_1,wholesaler,0,,,,,,148.11,6.4,,,,,,,6,hitl
155,2026-01-12 20:45,retail_1,retail,0,,,,,,,,102.27,30.0,0.0,0.0,3.58,20.0,6,hitl
156,2026-01-12 21:00,supplier_1,supplier,1,128.36,,,,,,,,,,,,,6,hitl
156,2026-01-12 21:00,farm_1,farm,1,,220.0,0.238,,,,,,,,,,,6,hitl
156,2026-01-12 21:00,slaughterhouse_1,slaughterhouse,1,,,,112.0,55.76,,,,,,,,,6,hitl
156,2026-01-12 21:00,wholesaler_1,wholesaler,0,,,,,,142.44,6.4,,,,,,,6,hitl
156,2026-01-12 21:00,retail_1,retail,0,,,,,,,,101.42,30.0,0.0,0.0,3.58,20.0,6,hitl
157,2026-01-12 21:15,supplier_1,supplier,1,127.76,,,,,,,,,,,,,6,hitl
157,2026-01-12 21:15,farm_1,farm,1,,220.0,0.238,,,,,,,,,,,6,hitl
157,2026-01-12 21:15,slaughterhouse_1,slaughterhouse,1,,,,112.0,58.65,,,,,,,,,6,hitl
157,2026-01-12 21:15,wholesaler_1,wholesaler,0,,,,,,140.14,6.4,,,,,,,6,hitl
157,2026-01-12 21:15,retail_1,retail,0,,,,,,,,104.18,30.0,0.0,0.0,3.58,20.0,6,hitl
158,2026-01-12 21:30,supplier_1,supplier,1,126.8,,,,,,,,,,,,,6,hitl
158,2026-01-12 21:30,farm_1,farm,1,,220.0,0.238,,,,,,,,,,,6,hitl
158,2026-01-12 21:30,slaughterhouse_1,slaughterhouse,1,,,,112.0,61.97,,,,,,,,,6,hitl
158,2026-01-12 21:30,wholesaler_1,wholesaler,0,,,,,,138.6,6.4,,,,,,,6,hitl
158,2026-01-12 21:30,retail_1,retail,0,,,,,,,,103.19,30.0,0.0,0.0,3.58,20.0,6,hitl
159,2026-01-12 21:45,supplier_1,supplier,1,125.48,,,,,,,,,,,,,6,hitl
159,2026-01-12 21:45,farm_1,farm,1,,220.0,0.238,,,,,,,,,,,6,hitl
159,2026-01-12 21:45,slaughterhouse_1,slaughterhouse,1,,,,112.0,65.3,,,,,,,,,6,hitl
159,2026-01-12 21:45,wholesaler_1,wholesaler,0,,,,,,136.02,6.4,,,,,,,6,hitl
159,2026-01-12 21:45,retail_1,retail,0,,,,,,,,102.27,30.0,0.0,0.0,3.58,20.0,6,hitl
160,2026-01-12 22:00,supplier_1,supplier,1,124.62,,,,,,,,,,,,,6,hitl
160,2026-01-12 22:00,farm_1,farm,1,,220.0,0.238,,,,,,,,,,,6,hitl
160,2026-01-12 22:00,slaughterhouse_1,slaughterhouse,1,,,,112.0,63.96,,,,,,,,,6,hitl
160,2026-01-12 22:00,wholesaler_1,wholesaler,0,,,,,,130.27,6.4,,,,,,,6,hitl
160,2026-01-12 22:00,retail_1,retail,0,,,,,,,,101.42,30.0,0.0,0.0,3.58,20.0,6,hitl
161,2026-01-12 22:15,supplier_1,supplier,1,123.65,,,,,,,,,,,,,6,hitl
161,2026-01-12 22:15,farm_1,farm,1,,220.0,0.238,,,,,,,,,,,6,hitl
161,2026-01-12 22:15,slaughterhouse_1,slaughterhouse,1,,,,112.0,66.88,,,,,,,,,6,hitl
161,2026-01-12 22:15,wholesaler_1,wholesaler,0,,,,,,131.81,6.4,,,,,,,6,hitl
161,2026-01-12 22:15,retail_1,retail,0,,,,,,,,104.01,30.0,0.0,0.0,3.58,20.0,6,hitl
162,2026-01-12 22:30,supplier_1,supplier,1,122.2,,,,,,,,,,,,,6,hitl
162,2026-01-12 22:30,farm_1,farm,1,,220.0,0.238,,,,,,,,,,,6,hitl
162,2026-01-12 22:30,slaughterhouse_1,slaughterhouse,1,,,,112.0,70.0,,,,,,,,,6,hitl
162,2026-01-12 22:30,wholesaler_1,wholesaler,0,,,,,,129.53,6.4,,,,,,,6,hitl
162,2026-01-12 22:30,retail_1,retail,0,,,,,,,,103.12,30.0,0.0,0.0,3.58,20.0,6,hitl
163,2026-01-12 22:45,supplier_1,supplier,1,121.11,,,,,,,,,,,,,6,hitl
163,2026-01-12 22:45,farm_1,farm,1,,220.0,0.238,,,,,,,,,,,6,hitl
163,2026-01-12 22:45,slaughterhouse_1,slaughterhouse,1,,,,112.0,73.32,,,,,,,,,6,hitl
163,2026-01-12 22:45,wholesaler_1,wholesaler,0,,,,,,127.48,6.4,,,,,,,6,hitl
163,2026-01-12 22:45,retail_1,retail,0,,,,,,,,102.15,30.0,0.0,0.0,3.58,20.0,6,hitl
164,2026-01-12 23:00,supplier_1,supplier,1,120.36,,,,,,,,,,,,,6,hitl
164,2026-01-12 23:00,farm_1,farm,1,,220.0,0.238,,,,,,,,,,,6,hitl
164,2026-01-12 23:00,slaughterhouse_1,slaughterhouse,1,,,,112.0,76.43,,,,,,,,,6,hitl
164,2026-01-12 23:00,wholesaler_1,wholesaler,0,,,,,,121.83,6.4,,,,,,,6,hitl
164,2026-01-12 23:00,retail_1,retail,0,,,,,,,,101.24,30.0,0.0,0.0,3.58,20.0,6,hitl
165,2026-01-12 23:15,supplier_1,supplier,1,119.11,,,,,,,,,,,,,6,hitl
165,2026-01-12 23:15,farm_1,farm,1,,220.0,0.238,,,,,,,,,,,6,hitl
165,2026-01-12 23:15,slaughterhouse_1,slaughterhouse,1,,,,112.0,79.39,,,,,,,,,6,hitl
165,2026-01-12 23:15,wholesaler_1,wholesaler,0,,,,,,119.5,6.4,,,,,,,6,hitl
165,2026-01-12 23:15,retail_1,retail,0,,,,,,,,104.15,30.0,0.0,0.0,3.58,20.0,6,hitl
166,2026-01-12 23:30,supplier_1,supplier,1,117.67,,,,,,,,,,,,,6,hitl
166,2026-01-12 23:30,farm_1,farm,1,,220.0,0.238,,,,,,,,,,,6,hitl
166,2026-01-12 23:30,slaughterhouse_1,slaughterhouse,1,,,,112.0,82.26,,,,,,,,,6,hitl
166,2026-01-12 23:30,wholesaler_1,wholesaler,0,,,,,,117.69,6.4,,,,,,,6,hitl
166,2026-01-12 23:30,retail_1,retail,0,,,,,,,,103.33,30.0,0.0,0.0,3.58,20.0,6,hitl
167,2026-01-12 23:45,supplier_1,supplier,1,116.74,,,,,,,,,,,,,6,hitl
167,2026-01-12 23:45,farm_1,farm,1,,220.0,0.238,,,,,,,,,,,6,hitl
167,2026-01-12 23:45,slaughterhouse_1,slaughterhouse,1,,,,112.0,85.34,,,,,,,,,6,hitl
167,2026-01-12 23:45,wholesaler_1,wholesaler,0,,,,,,115.28,6.4,,,,,,,6,hitl
167,2026-01-12 23:45,retail_1,retail,0,,,,,,,,102.5,30.0,0.0,0.0,3.58,20.0,6,hitl
168,2026-01-13 00:00,supplier_1,supplier,1,115.76,,,,,,,,,,,,,6,hitl
168,2026-01-13 00:00,farm_1,farm,1,,220.0,0.238,,,,,,,,,,,6,hitl
168,2026-01-13 00:00,slaughterhouse_1,slaughterhouse,1,,,,112.0,84.3,,,,,,,,,6,hitl
168,2026-01-13 00:00,wholesaler_1,wholesaler,0,,,,,,109.63,6.4,,,,,,,6,hitl
168,2026-01-13 00:00,retail_1,retail,0,,,,,,,,101.64,30.0,0.0,0.0,3.58,20.0,6,hitl
169,2026-01-13 00:15,supplier_1,supplier,1,114.36,,,,,,,,,,,,,6,hitl
169,2026-01-13 00:15,farm_1,farm,1,,220.0,0.238,,,,,,,,,,,6,hitl
169,2026-01-13 00:15,slaughterhouse_1,slaughterhouse,1,,,,112.0,87.22,,,,,,,,,6,hitl
169,2026-01-13 00:15,wholesaler_1,wholesaler,0,,,,,,111.47,6.4,,,,,,,6,hitl
169,2026-01-13 00:15,retail_1,retail,0,,,,,,,,104.08,30.0,0.0,0.0,3.58,20.0,6,hitl
170,2026-01-13 00:30,supplier_1,supplier,1,113.03,,,,,,,,,,,,,6,hitl
170,2026-01-13 00:30,farm_1,farm,1,,220.0,0.238,,,,,,,,,,,6,hitl
170,2026-01-13 00:30,slaughterhouse_1,slaughterhouse,1,,,,112.0,90.45,,,,,,,,,6,hitl
170,2026-01-13 00:30,wholesaler_1,wholesaler,0,,,,,,108.54,6.4,,,,,,,6,hitl
170,2026-01-13 00:30,retail_1,retail,0,,,,,,,,103.13,30.0,0.0,0.0,3.58,20.0,6,hitl
171,2026-01-13 00:45,supplier_1,supplier,1,111.77,,,,,,,,,,,,,6,hitl
171,2026-01-13 00:45,farm_1,farm,1,,220.0,0.238,,,,,,,,,,,6,hitl
171,2026-01-13 00:45,slaughterhouse_1,slaughterhouse,1,,,,112.0,93.64,,,,,,,,,6,hitl
171,2026-01-13 00:45,wholesaler_1,wholesaler,0,,,,,,106.1,6.4,,,,,,,6,hitl
171,2026-01-13 00:45,retail_1,retail,0,,,,,,,,102.24,30.0,0.0,0.0,3.58,20.0,6,hitl
172,2026-01-13 01:00,supplier_1,supplier,1,110.65,,,,,,,,,,,,,6,hitl
172,2026-01-13 01:00,farm_1,farm,1,,220.0,0.238,,,,,,,,,,,6,hitl
172,2026-01-13 01:00,slaughterhouse_1,slaughterhouse,1,,,,112.0,96.66,,,,,,,,,6,hitl
172,2026-01-13 01:00,wholesaler_1,wholesaler,0,,,,,,99.73,6.4,,,,,,,6,hitl
172,2026-01-13 01:00,retail_1,retail,0,,,,,,,,101.26,30.0,0.0,0.0,3.58,20.0,6,hitl
173,2026-01-13 01:15,supplier_1,supplier,1,110.03,,,,,,,,,,,,,6,hitl
173,2026-01-13 01:15,farm_1,farm,1,,220.0,0.238,,,,,,,,,,,6,hitl
173,2026-01-13 01:15,slaughterhouse_1,slaughterhouse,1,,,,112.0,99.56,,,,,,,,,6,hitl
173,2026-01-13 01:15,wholesaler_1,wholesaler,0,,,,,,97.67,6.4,,,,,,,6,hitl
173,2026-01-13 01:15,retail_1,retail,0,,,,,,,,104.03,30.0,0.0,0.0,3.58,20.0,6,hitl
174,2026-01-13 01:30,supplier_1,supplier,1,109.35,,,,,,,,,,,,,6,hitl
174,2026-01-13 01:30,farm_1,farm,1,,220.0,0.238,,,,,,,,,,,6,hitl
174,2026-01-13 01:30,slaughterhouse_1,slaughterhouse,1,,,,112.0,102.89,,,,,,,,,6,hitl
174,2026-01-13 01:30,wholesaler_1,wholesaler,0,,,,,,95.34,6.4,,,,,,,6,hitl
174,2026-01-13 01:30,retail_1,retail,0,,,,,,,,103.07,30.0,0.0,0.0,3.58,20.0,6,hitl
175,2026-01-13 01:45,supplier_1,supplier,1,108.52,,,,,,,,,,,,,6,hitl
175,2026-01-13 01:45,farm_1,farm,1,,220.0,0.238,,,,,,,,,,,6,hitl
175,2026-01-13 01:45,slaughterhouse_1,slaughterhouse,1,,,,112.0,105.99,,,,,,,,,6,hitl
175,2026-01-13 01:45,wholesaler_1,wholesaler,0,,,,,,93.35,6.4,,,,,,,6,hitl
175,2026-01-13 01:45,retail_1,retail,0,,,,,,,,102.1,30.0,0.0,0.0,3.58,20.0,6,hitl
176,2026-01-13 02:00,supplier_1,supplier,1,107.74,,,,,,,,,,,,,6,hitl
176,2026-01-13 02:00,farm_1,farm,1,,231.0,0.238,,,,,,,,,,,6,hitl
176,2026-01-13 02:00,slaughterhouse_1,slaughterhouse,1,,,,112.0,104.69,,,,,,,,,6,hitl
176,2026-01-13 02:00,wholesaler_1,wholesaler,1,,,,,,87.3,6.4,,,,,,,6,hitl
176,2026-01-13 02:00,retail_1,retail,0,,,,,,,,101.15,30.0,0.0,0.0,3.58,20.0,6,hitl
177,2026-01-13 02:15,supplier_1,supplier,1,106.63,,,,,,,,,,,,,6,hitl
177,2026-01-13 02:15,farm_1,farm,1,,231.0,0.238,,,,,,,,,,,6,hitl
177,2026-01-13 02:15,slaughterhouse_1,slaughterhouse,1,,,,112.0,107.88,,,,,,,,,6,hitl
177,2026-01-13 02:15,wholesaler_1,wholesaler,1,,,,,,89.67,6.4,,,,,,,6,hitl
177,2026-01-13 02:15,retail_1,retail,0,,,,,,,,104.18,30.0,0.0,0.0,3.58,20.0,6,hitl
178,2026-01-13 02:30,supplier_1,supplier,1,106.12,,,,,,,,,,,,,6,hitl
178,2026-01-13 02:30,farm_1,farm,1,,231.0,0.238,,,,,,,,,,,6,hitl
178,2026-01-13 02:30,slaughterhouse_1,slaughterhouse,1,,,,112.0,111.0,,,,,,,,,6,hitl
178,2026-01-13 02:30,wholesaler_1,wholesaler,1,,,,,,86.98,6.4,,,,,,,6,hitl
178,2026-01-13 02:30,retail_1,retail,0,,,,,,,,103.25,30.0,0.0,0.0,3.58,20.0,6,hitl
179,2026-01-13 02:45,supplier_1,supplier,1,104.94,,,,,,,,,,,,,6,hitl
179,2026-01-13 02:45,farm_1,farm,1,,231.0,0.238,,,,,,,,,,,6,hitl
179,2026-01-13 02:45,slaughterhouse_1,slaughterhouse,1,,,,112.0,114.22,,,,,,,,,6,hitl
179,2026-01-13 02:45,wholesaler_1,wholesaler,1,,,,,,84.68,6.4,,,,,,,6,hitl
179,2026-01-13 02:45,retail_1,retail,0,,,,,,,,102.25,30.0,0.0,0.0,3.58,20.0,6,hitl
180,2026-01-13 03:00,supplier_1,supplier,1,103.7,,,,,,,,,,,,,6,hitl
180,2026-01-13 03:00,farm_1,farm,1,,231.0,0.238,,,,,,,,,,,6,hitl
180,2026-01-13 03:00,slaughterhouse_1,slaughterhouse,1,,,,112.0,117.08,,,,,,,,,6,hitl
180,2026-01-13 03:00,wholesaler_1,wholesaler,1,,,,,,78.7,6.4,,,,,,,6,hitl
180,2026-01-13 03:00,retail_1,retail,0,,,,,,,,101.32,30.0,0.0,0.0,3.58,20.0,6,hitl
181,2026-01-13 03:15,supplier_1,supplier,1,102.37,,,,,,,,,,,,,6,hitl
181,2026-01-13 03:15,farm_1,farm,1,,231.0,0.238,,,,,,,,,,,6,hitl
181,2026-01-13 03:15,slaughterhouse_1,slaughterhouse,1,,,,112.0,120.16,,,,,,,,,6,hitl
181,2026-01-13 03:15,wholesaler_1,wholesaler,1,,,,,,76.72,6.4,,,,,,,6,hitl
181,2026-01-13 03:15,retail_1,retail,0,,,,,,,,104.04,30.0,0.0,0.0,3.58,20.0,6,hitl
182,2026-01-13 03:30,supplier_1,supplier,1,100.89,,,,,,,,,,,,,6,hitl
182,2026-01-13 03:30,farm_1,farm,1,,231.0,0.238,,,,,,,,,,,6,hitl
182,2026-01-13 03:30,slaughterhouse_1,slaughterhouse,1,,,,112.0,123.34,,,,,,,,,6,hitl
182,2026-01-13 03:30,wholesaler_1,wholesaler,1,,,,,,74.1,6.4,,,,,,,6,hitl
182,2026-01-13 03:30,retail_1,retail,0,,,,,,,,103.1,30.0,0.0,0.0,3.58,20.0,6,hitl
183,2026-01-13 03:45,supplier_1,supplier,1,99.45,,,,,,,,,,,,,6,hitl
183,2026-01-13 03:45,farm_1,farm,1,,231.0,0.238,,,,,,,,,,,6,hitl
183,2026-01-13 03:45,slaughterhouse_1,slaughterhouse,1,,,,112.0,126.59,,,,,,,,,6,hitl
183,2026-01-13 03:45,wholesaler_1,wholesaler,1,,,,,,71.61,6.4,,,,,,,6,hitl
183,2026-01-13 03:45,retail_1,retail,0,,,,,,,,102.1,30.0,0.0,0.0,3.58,20.0,6,hitl
184,2026-01-13 04:00,supplier_1,supplier,1,98.38,,,,,,,,,,,,,6,hitl
184,2026-01-13 04:00,farm_1,farm,1,,231.0,0.238,,,,,,,,,,,6,hitl
184,2026-01-13 04:00,slaughterhouse_1,slaughterhouse,1,,,,112.0,125.44,,,,,,,,,6,hitl
184,2026-01-13 04:00,wholesaler_1,wholesaler,1,,,,,,65.14,6.4,,,,,,,6,hitl
184,2026-01-13 04:00,retail_1,retail,0,,,,,,,,101.21,30.0,0.0,0.0,3.58,20.0,6,hitl
185,2026-01-13 04:15,supplier_1,supplier,1,97.42,,,,,,,,,,,,,6,hitl
185,2026-01-13 04:15,farm_1,farm,1,,231.0,0.238,,,,,,,,,,,6,hitl
185,2026-01-13 04:15,slaughterhouse_1,slaughterhouse,1,,,,112.0,128.46,,,,,,,,,6,hitl
185,2026-01-13 04:15,wholesaler_1,wholesaler,1,,,,,,67.9,6.4,,,,,,,6,hitl
185,2026-01-13 04:15,retail_1,retail,0,,,,,,,,104.05,30.0,0.0,0.0,3.58,20.0,6,hitl
186,2026-01-13 04:30,supplier_1,supplier,1,95.97,,,,,,,,,,,,,6,hitl
186,2026-01-13 04:30,farm_1,farm,1,,231.0,0.238,,,,,,,,,,,6,hitl
186,2026-01-13 04:30,slaughterhouse_1,slaughterhouse,1,,,,112.0,131.65,,,,,,,,,6,hitl
186,2026-01-13 04:30,wholesaler_1,wholesaler,1,,,,,,65.4,6.4,,,,,,,6,hitl
186,2026-01-13 04:30,retail_1,retail,0,,,,,,,,103.17,30.0,0.0,0.0,3.58,20.0,6,hitl
187,2026-01-13 04:45,supplier_1,supplier,1,95.41,,,,,,,,,,,,,6,hitl
187,2026-01-13 04:45,farm_1,farm,1,,231.0,0.238,,,,,,,,,,,6,hitl
187,2026-01-13 04:45,slaughterhouse_1,slaughterhouse,1,,,,112.0,134.87,,,,,,,,,6,hitl
187,2026-01-13 04:45,wholesaler_1,wholesaler,1,,,,,,63.21,6.4,,,,,,,6,hitl
187,2026-01-13 04:45,retail_1,retail,0,,,,,,,,102.27,30.0,0.0,0.0,3.58,20.0,6,hitl
188,2026-01-13 05:00,supplier_1,supplier,1,93.94,,,,,,,,,,,,,6,hitl
188,2026-01-13 05:00,farm_1,farm,1,,231.0,0.238,,,,,,,,,,,6,hitl
188,2026-01-13 05:00,slaughterhouse_1,slaughterhouse,1,,,,112.0,138.11,,,,,,,,,6,hitl
188,2026-01-13 05:00,wholesaler_1,wholesaler,1,,,,,,57.55,6.4,,,,,,,6,hitl
188,2026-01-13 05:00,retail_1,retail,0,,,,,,,,101.38,30.0,0.0,0.0,3.58,20.0,6,hitl
189,2026-01-13 05:15,supplier_1,supplier,1,93.42,,,,,,,,,,,,,6,hitl
189,2026-01-13 05:15,farm_1,farm,1,,231.0,0.238,,,,,,,,,,,6,hitl
189,2026-01-13 05:15,slaughterhouse_1,slaughterhouse,1,,,,112.0,141.01,,,,,,,,,6,hitl
189,2026-01-13 05:15,wholesaler_1,wholesaler,1,,,,,,55.42,6.4,,,,,,,6,hitl
189,2026-01-13 05:15,retail_1,retail,0,,,,,,,,104.13,30.0,0.0,0.0,3.58,20.0,6,hitl
190,2026-01-13 05:30,supplier_1,supplier,1,92.66,,,,,,,,,,,,,6,hitl
190,2026-01-13 05:30,farm_1,farm,1,,231.0,0.238,,,,,,,,,,,6,hitl
190,2026-01-13 05:30,slaughterhouse_1,slaughterhouse,1,,,,112.0,144.06,,,,,,,,,6,hitl
190,2026-01-13 05:30,wholesaler_1,wholesaler,1,,,,,,53.44,6.4,,,,,,,6,hitl
190,2026-01-13 05:30,retail_1,retail,0,,,,,,,,103.32,30.0,0.0,0.0,3.58,20.0,6,hitl
191,2026-01-13 05:45,supplier_1,supplier,1,91.75,,,,,,,,,,,,,6,hitl
191,2026-01-13 05:45,farm_1,farm,1,,231.0,0.238,,,,,,,,,,,6,hitl
191,2026-01-13 05:45,slaughterhouse_1,slaughterhouse,1,,,,112.0,147.41,,,,,,,,,6,hitl
191,2026-01-13 05:45,wholesaler_1,wholesaler,1,,,,,,50.61,6.4,,,,,,,6,hitl
191,2026-01-13 05:45,retail_1,retail,0,,,,,,,,102.49,30.0,0.0,0.0,3.58,20.0,6,hitl
192,2026-01-13 06:00,supplier_1,supplier,1,90.84,,,,,,,,,,,,,6,hitl
192,2026-01-13 06:00,farm_1,farm,1,,231.0,0.238,,,,,,,,,,,6,hitl
192,2026-01-13 06:00,slaughterhouse_1,slaughterhouse,1,,,,112.0,146.0,,,,,,,,,6,hitl
192,2026-01-13 06:00,wholesaler_1,wholesaler,1,,,,,,45.39,6.4,,,,,,,6,hitl
192,2026-01-13 06:00,retail_1,retail,0,,,,,,,,101.56,30.0,0.0,0.0,3.58,20.0,6,hitl
193,2026-01-13 06:15,supplier_1,supplier,1,89.49,,,,,,,,,,,,,6,hitl
193,2026-01-13 06:15,farm_1,farm,1,,231.0,0.238,,,,,,,,,,,6,hitl
193,2026-01-13 06:15,slaughterhouse_1,slaughterhouse,1,,,,112.0,149.2,,,,,,,,,6,hitl
193,2026-01-13 06:15,wholesaler_1,wholesaler,1,,,,,,47.56,6.4,,,,,,,6,hitl
193,2026-01-13 06:15,retail_1,retail,0,,,,,,,,104.13,30.0,0.0,0.0,3.58,20.0,6,hitl
194,2026-01-13 06:30,supplier_1,supplier,1,88.65,,,,,,,,,,,,,6,hitl
194,2026-01-13 06:30,farm_1,farm,1,,231.0,0.238,,,,,,,,,,,6,hitl
194,2026-01-13 06:30,slaughterhouse_1,slaughterhouse,1,,,,112.0,152.3,,,,,,,,,6,hitl
194,2026-01-13 06:30,wholesaler_1,wholesaler,1,,,,,,45.9,6.4,,,,,,,6,hitl
194,2026-01-13 06:30,retail_1,retail,0,,,,,,,,103.32,30.0,0.0,0.0,3.58,20.0,6,hitl
195,2026-01-13 06:45,supplier_1,supplier,1,87.75,,,,,,,,,,,,,6,hitl
195,2026-01-13 06:45,farm_1,farm,1,,231.0,0.238,,,,,,,,,,,6,hitl
195,2026-01-13 06:45,slaughterhouse_1,slaughterhouse,1,,,,112.0,155.35,,,,,,,,,6,hitl
195,2026-01-13 06:45,wholesaler_1,wholesaler,1,,,,,,44.4,6.4,,,,,,,6,hitl
195,2026-01-13 06:45,retail_1,retail,0,,,,,,,,102.34,30.0,0.0,0.0,3.58,20.0,6,hitl
196,2026-01-13 07:00,supplier_1,supplier,1,86.33,,,,,,,,,,,,,6,hitl
196,2026-01-13 07:00,farm_1,farm,1,,231.0,0.238,,,,,,,,,,,6,hitl
196,2026-01-13 07:00,slaughterhouse_1,slaughterhouse,1,,,,112.0,158.65,,,,,,,,,6,hitl
196,2026-01-13 07:00,wholesaler_1,wholesaler,1,,,,,,38.7,6.4,,,,,,,6,hitl
196,2026-01-13 07:00,retail_1,retail,0,,,,,,,,101.54,30.0,0.0,0.0,3.58,20.0,6,hitl
197,2026-01-13 07:15,supplier_1,supplier,1,85.7,,,,,,,,,,,,,6,hitl
197,2026-01-13 07:15,farm_1,farm,1,,231.0,0.238,,,,,,,,,,,6,hitl
197,2026-01-13 07:15,slaughterhouse_1,slaughterhouse,1,,,,112.0,161.77,,,,,,,,,6,hitl
197,2026-01-13 07:15,wholesaler_1,wholesaler,1,,,,,,36.36,6.4,,,,,,,6,hitl
197,2026-01-13 07:15,retail_1,retail,0,,,,,,,,104.0,30.0,0.0,0.0,3.58,20.0,6,hitl
198,2026-01-13 07:30,supplier_1,supplier,1,84.57,,,,,,,,,,,,,6,hitl
198,2026-01-13 07:30,farm_1,farm,1,,231.0,0.238,,,,,,,,,,,6,hitl
198,2026-01-13 07:30,slaughterhouse_1,slaughterhouse,1,,,,112.0,164.93,,,,,,,,,6,hitl
198,2026-01-13 07:30,wholesaler_1,wholesaler,1,,,,,,34.22,6.4,,,,,,,6,hitl
198,2026-01-13 07:30,retail_1,retail,0,,,,,,,,103.06,30.0,0.0,0.0,3.58,20.0,6,hitl
199,2026-01-13 07:45,supplier_1,supplier,1,83.3,,,,,,,,,,,,,6,hitl
199,2026-01-13 07:45,farm_1,farm,1,,231.0,0.238,,,,,,,,,,,6,hitl
199,2026-01-13 07:45,slaughterhouse_1,slaughterhouse,1,,,,112.0,167.96,,,,,,,,,6,hitl
199,2026-01-13 07:45,wholesaler_1,wholesaler,1,,,,,,32.47,6.4,,,,,,,6,hitl
199,2026-01-13 07:45,retail_1,retail,0,,,,,,,,102.19,30.0,0.0,0.0,3.58,20.0,6,hitl
200,2026-01-13 08:00,supplier_1,supplier,1,82.76,,,,,,,,,,,,,6,hitl
200,2026-01-13 08:00,farm_1,farm,1,,231.0,0.238,,,,,,,,,,,6,hitl
200,2026-01-13 08:00,slaughterhouse_1,slaughterhouse,1,,,,112.0,166.7,,,,,,,,,6,hitl
200,2026-01-13 08:00,wholesaler_1,wholesaler,1,,,,,,26.53,6.4,,,,,,,6,hitl
200,2026-01-13 08:00,retail_1,retail,0,,,,,,,,101.32,30.0,0.0,0.0,3.58,20.0,6,hitl
201,2026-01-13 08:15,supplier_1,supplier,1,81.5,,,,,,,,,,,,,6,hitl
201,2026-01-13 08:15,farm_1,farm,1,,231.0,0.238,,,,,,,,,,,6,hitl
201,2026-01-13 08:15,slaughterhouse_1,slaughterhouse,1,,,,112.0,169.7,,,,,,,,,6,hitl
201,2026-01-13 08:15,wholesaler_1,wholesaler,1,,,,,,27.85,6.4,,,,,,,6,hitl
201,2026-01-13 08:15,retail_1,retail,0,,,,,,,,104.19,30.0,0.0,0.0,3.58,20.0,6,hitl
202,2026-01-13 08:30,supplier_1,supplier,1,80.32,,,,,,,,,,,,,6,hitl
202,2026-01-13 08:30,farm_1,farm,1,,231.0,0.238,,,,,,,,,,,6,hitl
202,2026-01-13 08:30,slaughterhouse_1,slaughterhouse,1,,,,112.0,172.78,,,,,,,,,6,hitl
202,2026-01-13 08:30,wholesaler_1,wholesaler,1,,,,,,25.6,6.4,,,,,,,6,hitl
202,2026-01-13 08:30,retail_1,retail,0,,,,,,,,103.35,30.0,0.0,0.0,3.58,20.0,6,hitl
203,2026-01-13 08:45,supplier_1,supplier,1,79.82,,,,,,,,,,,,,6,hitl
203,2026-01-13 08:45,farm_1,farm,1,,231.0,0.238,,,,,,,,,,,6,hitl
203,2026-01-13 08:45,slaughterhouse_1,slaughterhouse,1,,,,112.0,175.75,,,,,,,,,6,hitl
203,2026-01-13 08:45,wholesaler_1,wholesaler,1,,,,,,22.77,6.4,,,,,,,6,hitl
203,2026-01-13 08:45,retail_1,retail,0,,,,,,,,102.45,30.0,0.0,0.0,3.58,20.0,6,hitl
204,2026-01-13 09:00,supplier_1,supplier,1,79.1,,,,,,,,,,,,,6,hitl
204,2026-01-13 09:00,farm_1,farm,1,,231.0,0.238,,,,,,,,,,,6,hitl
204,2026-01-13 09:00,slaughterhouse_1,slaughterhouse,1,,,,112.0,178.9,,,,,,,,,6,hitl
204,2026-01-13 09:00,wholesaler_1,wholesaler,1,,,,,,19.84,6.4,,,,,,,6,hitl
204,2026-01-13 09:00,retail_1,retail,0,,,,,,,,101.55,30.0,0.0,0.0,3.58,20.0,6,hitl
205,2026-01-13 09:15,supplier_1,supplier,1,78.45,,,,,,,,,,,,,6,hitl
205,2026-01-13 09:15,farm_1,farm,1,,231.0,0.238,,,,,,,,,,,6,hitl
205,2026-01-13 09:15,slaughterhouse_1,slaughterhouse,1,,,,112.0,181.86,,,,,,,,,6,hitl
205,2026-01-13 09:15,wholesaler_1,wholesaler,1,,,,,,16.89,6.4,,,,,,,6,hitl
205,2026-01-13 09:15,retail_1,retail,0,,,,,,,,100.69,30.0,0.0,0.0,3.58,20.0,6,hitl
206,2026-01-13 09:30,supplier_1,supplier,1,77.12,,,,,,,,,,,,,6,hitl
206,2026-01-13 09:30,farm_1,farm,1,,231.0,0.238,,,,,,,,,,,6,hitl
206,2026-01-13 09:30,slaughterhouse_1,slaughterhouse,1,,,,112.0,185.17,,,,,,,,,6,hitl
206,2026-01-13 09:30,wholesaler_1,wholesaler,1,,,,,,14.78,6.4,,,,,,,6,hitl
206,2026-01-13 09:30,retail_1,retail,0,,,,,,,,99.76,30.0,0.0,0.0,3.58,20.0,6,hitl
207,2026-01-13 09:45,supplier_1,supplier,1,76.33,,,,,,,,,,,,,6,hitl
207,2026-01-13 09:45,farm_1,farm,1,,231.0,0.238,,,,,,,,,,,6,hitl
207,2026-01-13 09:45,slaughterhouse_1,slaughterhouse,1,,,,112.0,188.23,,,,,,,,,6,hitl
207,2026-01-13 09:45,wholesaler_1,wholesaler,1,,,,,,11.83,6.4,,,,,,,6,hitl
207,2026-01-13 09:45,retail_1,retail,0,,,,,,,,98.79,30.0,0.0,0.0,3.58,20.0,6,hitl
208,2026-01-13 10:00,supplier_1,supplier,1,75.3,,,,,,,,,,,,,6,hitl
208,2026-01-13 10:00,farm_1,farm,1,,231.0,0.238,,,,,,,,,,,6,hitl
208,2026-01-13 10:00,slaughterhouse_1,slaughterhouse,1,,,,112.0,187.27,,,,,,,,,6,hitl
208,2026-01-13 10:00,wholesaler_1,wholesaler,1,,,,,,10.04,6.4,,,,,,,6,hitl
208,2026-01-13 10:00,retail_1,retail,0,,,,,,,,97.86,30.0,0.0,0.0,3.58,20.0,6,hitl
209,2026-01-13 10:15,supplier_1,supplier,1,73.8,,,,,,,,,,,,,6,hitl
209,2026-01-13 10:15,farm_1,farm,1,,231.0,0.238,,,,,,,,,,,6,hitl
209,2026-01-13 10:15,slaughterhouse_1,slaughterhouse,1,,,,112.0,190.27,,,,,,,,,6,hitl
209,2026-01-13 10:15,wholesaler_1,wholesaler,1,,,,,,11.7,6.4,,,,,,,6,hitl
209,2026-01-13 10:15,retail_1,retail,0,,,,,,,,96.86,30.0,0.0,0.0,3.58,20.0,6,hitl
210,2026-01-13 10:30,supplier_1,supplier,1,72.36,,,,,,,,,,,,,6,hitl
210,2026-01-13 10:30,farm_1,farm,1,,231.0,0.238,,,,,,,,,,,6,hitl
210,2026-01-13 10:30,slaughterhouse_1,slaughterhouse,1,,,,112.0,193.51,,,,,,,,,6,hitl
210,2026-01-13 10:30,wholesaler_1,wholesaler,1,,,,,,9.26,6.4,,,,,,,6,hitl
210,2026-01-13 10:30,retail_1,retail,0,,,,,,,,96.02,30.0,0.0,0.0,3.58,20.0,6,hitl
211,2026-01-13 10:45,supplier_1,supplier,1,71.64,,,,,,,,,,,,,6,hitl
211,2026-01-13 10:45,farm_1,farm,1,,231.0,0.238,,,,,,,,,,,6,hitl
211,2026-01-13 10:45,slaughterhouse_1,slaughterhouse,1,,,,112.0,196.46,,,,,,,,,6,hitl
211,2026-01-13 10:45,wholesaler_1,wholesaler,1,,,,,,7.7,6.4,,,,,,,6,hitl
211,2026-01-13 10:45,retail_1,retail,0,,,,,,,,95.13,30.0,0.0,0.0,3.58,20.0,6,hitl
212,2026-01-13 11:00,supplier_1,supplier,1,70.58,,,,,,,,,,,,,6,hitl
212,2026-01-13 11:00,farm_1,farm,1,,231.0,0.238,,,,,,,,,,,6,hitl
212,2026-01-13 11:00,slaughterhouse_1,slaughterhouse,1,,,,112.0,199.42,,,,,,,,,6,hitl
212,2026-01-13 11:00,wholesaler_1,wholesaler,1,,,,,,4.94,6.4,,,,,,,6,hitl
212,2026-01-13 11:00,retail_1,retail,0,,,,,,,,94.17,30.0,0.0,0.0,3.58,20.0,6,hitl
213,2026-01-13 11:15,supplier_1,supplier,1,70.02,,,,,,,,,,,,,6,hitl
213,2026-01-13 11:15,farm_1,farm,1,,231.0,0.238,,,,,,,,,,,6,hitl
213,2026-01-13 11:15,slaughterhouse_1,slaughterhouse,1,,,,112.0,202.72,,,,,,,,,6,hitl
213,2026-01-13 11:15,wholesaler_1,wholesaler,1,,,,,,2.02,6.4,,,,,,,6,hitl
213,2026-01-13 11:15,retail_1,retail,0,,,,,,,,93.38,30.0,0.0,0.0,3.58,20.0,6,hitl
214,2026-01-13 11:30,supplier_1,supplier,1,69.11,,,,,,,,,,,,,6,hitl
214,2026-01-13 11:30,farm_1,farm,1,,231.0,0.238,,,,,,,,,,,6,hitl
214,2026-01-13 11:30,slaughterhouse_1,slaughterhouse,1,,,,112.0,205.64,,,,,,,,,6,hitl
214,2026-01-13 11:30,wholesaler_1,wholesaler,1,,,,,,0.18,6.4,,,,,,,6,hitl
214,2026-01-13 11:30,retail_1,retail,0,,,,,,,,92.39,30.0,0.0,0.0,3.58,20.0,6,hitl
215,2026-01-13 11:45,supplier_1,supplier,1,67.78,,,,,,,,,,,,,6,hitl
215,2026-01-13 11:45,farm_1,farm,1,,231.0,0.238,,,,,,,,,,,6,hitl
215,2026-01-13 11:45,slaughterhouse_1,slaughterhouse,1,,,,112.0,208.9,,,,,,,,,6,hitl
215,2026-01-13 11:45,wholesaler_1,wholesaler,1,,,,,,0.0,6.4,,,,,,,6,hitl
215,2026-01-13 11:45,retail_1,retail,0,,,,,,,,91.49,30.0,0.0,0.0,3.58,20.0,6,hitl
216,2026-01-13 12:00,supplier_1,supplier,1,66.54,,,,,,,,,,,,,6,hitl
216,2026-01-13 12:00,farm_1,farm,1,,231.0,0.238,,,,,,,,,,,6,hitl
216,2026-01-13 12:00,slaughterhouse_1,slaughterhouse,1,,,,112.0,207.64,,,,,,,,,6,hitl
216,2026-01-13 12:00,wholesaler_1,wholesaler,1,,,,,,0.0,6.4,,,,,,,6,hitl
216,2026-01-13 12:00,retail_1,retail,0,,,,,,,,90.67,30.0,0.0,0.0,3.58,20.0,6,hitl
217,2026-01-13 12:15,supplier_1,supplier,1,65.5,,,,,,,,,,,,,6,hitl
217,2026-01-13 12:15,farm_1,farm,1,,231.0,0.238,,,,,,,,,,,6,hitl
217,2026-01-13 12:15,slaughterhouse_1,slaughterhouse,1,,,,112.0,210.7,,,,,,,,,6,hitl
217,2026-01-13 12:15,wholesaler_1,wholesaler,1,,,,,,4.32,6.4,,,,,,,6,hitl
217,2026-01-13 12:15,retail_1,retail,0,,,,,,,,89.69,30.0,0.0,0.0,3.58,20.0,6,hitl
218,2026-01-13 12:30,supplier_1,supplier,1,64.46,,,,,,,,,,,,,6,hitl
218,2026-01-13 12:30,farm_1,farm,1,,231.0,0.238,,,,,,,,,,,6,hitl
218,2026-01-13 12:30,slaughterhouse_1,slaughterhouse,1,,,,112.0,213.97,,,,,,,,,6,hitl
218,2026-01-13 12:30,wholesaler_1,wholesaler,1,,,,,,2.63,6.4,,,,,,,6,hitl
218,2026-01-13 12:30,retail_1,retail,0,,,,,,,,88.85,30.0,0.0,0.0,3.58,20.0,6,hitl
219,2026-01-13 12:45,supplier_1,supplier,1,63.53,,,,,,,,,,,,,6,hitl
219,2026-01-13 12:45,farm_1,farm,1,,231.0,0.238,,,,,,,,,,,6,hitl
219,2026-01-13 12:45,slaughterhouse_1,slaughterhouse,1,,,,112.0,217.03,,,,,,,,,6,hitl
219,2026-01-13 12:45,wholesaler_1,wholesaler,1,,,,,,0.2,6.4,,,,,,,6,hitl
219,2026-01-13 12:45,retail_1,retail,0,,,,,,,,87.91,30.0,0.0,0.0,3.58,20.0,6,hitl
220,2026-01-13 13:00,supplier_1,supplier,1,62.95,,,,,,,,,,,,,6,hitl
220,2026-01-13 13:00,farm_1,farm,1,,231.0,0.238,,,,,,,,,,,6,hitl
220,2026-01-13 13:00,slaughterhouse_1,slaughterhouse,1,,,,112.0,220.08,,,,,,,,,6,hitl
220,2026-01-13 13:00,wholesaler_1,wholesaler,1,,,,,,0.0,6.4,,,,,,,6,hitl
220,2026-01-13 13:00,retail_1,retail,0,,,,,,,,86.99,30.0,0.0,0.0,3.58,20.0,6,hitl
221,2026-01-13 13:15,supplier_1,supplier,1,61.97,,,,,,,,,,,,,6,hitl
221,2026-01-13 13:15,farm_1,farm,1,,231.0,0.238,,,,,,,,,,,6,hitl
221,2026-01-13 13:15,slaughterhouse_1,slaughterhouse,1,,,,112.0,223.16,,,,,,,,,6,hitl
221,2026-01-13 13:15,wholesaler_1,wholesaler,1,,,,,,0.0,6.4,,,,,,,6,hitl
221,2026-01-13 13:15,retail_1,retail,0,,,,,,,,86.17,30.0,0.0,0.0,3.58,20.0,6,hitl
222,2026-01-13 13:30,supplier_1,supplier,1,60.54,,,,,,,,,,,,,6,hitl
222,2026-01-13 13:30,farm_1,farm,1,,231.0,0.238,,,,,,,,,,,6,hitl
222,2026-01-13 13:30,slaughterhouse_1,slaughterhouse,1,,,,112.0,226.4,,,,,,,,,6,hitl
222,2026-01-13 13:30,wholesaler_1,wholesaler,1,,,,,,0.0,6.4,,,,,,,6,hitl
222,2026-01-13 13:30,retail_1,retail,0,,,,,,,,85.25,30.0,0.0,0.0,3.58,20.0,6,hitl
223,2026-01-13 13:45,supplier_1,supplier,1,59.42,,,,,,,,,,,,,6,hitl
223,2026-01-13 13:45,farm_1,farm,1,,231.0,0.238,,,,,,,,,,,6,hitl
223,2026-01-13 13:45,slaughterhouse_1,slaughterhouse,1,,,,112.0,229.73,,,,,,,,,6,hitl
223,2026-01-13 13:45,wholesaler_1,wholesaler,1,,,,,,0.0,6.4,,,,,,,6,hitl
223,2026-01-13 13:45,retail_1,retail,0,,,,,,,,84.36,30.0,0.0,0.0,3.58,20.0,6,hitl
224,2026-01-13 14:00,supplier_1,supplier,1,58.61,,,,,,,,,,,,,6,hitl
224,2026-01-13 14:00,farm_1,farm,1,,231.0,0.238,,,,,,,,,,,6,hitl
224,2026-01-13 14:00,slaughterhouse_1,slaughterhouse,1,,,,112.0,228.55,,,,,,,,,6,hitl
224,2026-01-13 14:00,wholesaler_1,wholesaler,1,,,,,,0.0,6.4,,,,,,,6,hitl
224,2026-01-13 14:00,retail_1,retail,0,,,,,,,,83.47,30.0,0.0,0.0,3.58,20.0,6,hitl
225,2026-01-13 14:15,supplier_1,supplier,1,57.76,,,,,,,,,,,,,6,hitl
225,2026-01-13 14:15,farm_1,farm,1,,231.0,0.238,,,,,,,,,,,6,hitl
225,2026-01-13 14:15,slaughterhouse_1,slaughterhouse,1,,,,112.0,231.44,,,,,,,,,6,hitl
225,2026-01-13 14:15,wholesaler_1,wholesaler,1,,,,,,4.32,6.4,,,,,,,6,hitl
225,2026-01-13 14:15,retail_1,retail,0,,,,,,,,82.47,30.0,0.0,0.0,3.58,20.0,6,hitl
226,2026-01-13 14:30,supplier_1,supplier,1,57.11,,,,,,,,,,,,,6,hitl
226,2026-01-13 14:30,farm_1,farm,1,,231.0,0.238,,,,,,,,,,,6,hitl
226,2026-01-13 14:30,slaughterhouse_1,slaughterhouse,1,,,,112.0,234.34,,,,,,,,,6,hitl
226,2026-01-13 14:30,wholesaler_1,wholesaler,1,,,,,,2.5,6.4,,,,,,,6,hitl
226,2026-01-13 14:30,retail_1,retail,0,,,,,,,,81.47,30.0,0.0,0.0,3.58,20.0,6,hitl
227,2026-01-13 14:45,supplier_1,supplier,1,55.9,,,,,,,,,,,,,6,hitl
227,2026-01-13 14:45,farm_1,farm,1,,231.0,0.238,,,,,,,,,,,6,hitl
227,2026-01-13 14:45,slaughterhouse_1,slaughterhouse,1,,,,112.0,237.23,,,,,,,,,6,hitl
227,2026-01-13 14:45,wholesaler_1,wholesaler,1,,,,,,0.0,6.4,,,,,,,6,hitl
227,2026-01-13 14:45,retail_1,retail,0,,,,,,,,80.63,30.0,0.0,0.0,3.58,20.0,6,hitl
228,2026-01-13 15:00,supplier_1,supplier,1,55.0,,,,,,,,,,,,,6,hitl
228,2026-01-13 15:00,farm_1,farm,1,,231.0,0.238,,,,,,,,,,,6,hitl
228,2026-01-13 15:00,slaughterhouse_1,slaughterhouse,1,,,,112.0,240.46,,,,,,,,,6,hitl
228,2026-01-13 15:00,wholesaler_1,wholesaler,1,,,,,,0.0,6.4,,,,,,,6,hitl
228,2026-01-13 15:00,retail_1,retail,0,,,,,,,,79.69,30.0,0.0,0.0,3.58,20.0,6,hitl
229,2026-01-13 15:15,supplier_1,supplier,1,53.51,,,,,,,,,,,,,6,hitl
229,2026-01-13 15:15,farm_1,farm,1,,231.0,0.238,,,,,,,,,,,6,hitl
229,2026-01-13 15:15,slaughterhouse_1,slaughterhouse,1,,,,112.0,243.69,,,,,,,,,6,hitl
229,2026-01-13 15:15,wholesaler_1,wholesaler,1,,,,,,0.0,6.4,,,,,,,6,hitl
229,2026-01-13 15:15,retail_1,retail,0,,,,,,,,78.76,30.0,0.0,0.0,3.58,20.0,6,hitl
230,2026-01-13 15:30,supplier_1,supplier,1,52.06,,,,,,,,,,,,,6,hitl
230,2026-01-13 15:30,farm_1,farm,1,,231.0,0.238,,,,,,,,,,,6,hitl
230,2026-01-13 15:30,slaughterhouse_1,slaughterhouse,1,,,,112.0,246.88,,,,,,,,,6,hitl
230,2026-01-13 15:30,wholesaler_1,wholesaler,1,,,,,,0.0,6.4,,,,,,,6,hitl
230,2026-01-13 15:30,retail_1,retail,0,,,,,,,,77.84,30.0,0.0,0.0,3.58,20.0,6,hitl
231,2026-01-13 15:45,supplier_1,supplier,1,50.91,,,,,,,,,,,,,6,hitl
231,2026-01-13 15:45,farm_1,farm,1,,231.0,0.238,,,,,,,,,,,6,hitl
231,2026-01-13 15:45,slaughterhouse_1,slaughterhouse,1,,,,112.0,249.83,,,,,,,,,6,hitl
231,2026-01-13 15:45,wholesaler_1,wholesaler,1,,,,,,0.0,6.4,,,,,,,6,hitl
231,2026-01-13 15:45,retail_1,retail,0,,,,,,,,76.98,30.0,0.0,0.0,3.58,20.0,6,hitl
232,2026-01-13 16:00,supplier_1,supplier,1,50.11,,,,,,,,,,,,,6,hitl
232,2026-01-13 16:00,farm_1,farm,1,,231.0,0.238,,,,,,,,,,,6,hitl
232,2026-01-13 16:00,slaughterhouse_1,slaughterhouse,1,,,,112.0,248.48,,,,,,,,,6,hitl
232,2026-01-13 16:00,wholesaler_1,wholesaler,1,,,,,,0.0,6.4,,,,,,,6,hitl
232,2026-01-13 16:00,retail_1,retail,0,,,,,,,,76.01,30.0,0.0,0.0,3.58,20.0,6,hitl
233,2026-01-13 16:15,supplier_1,supplier,1,49.36,,,,,,,,,,,,,6,hitl
233,2026-01-13 16:15,farm_1,farm,1,,231.0,0.238,,,,,,,,,,,6,hitl
233,2026-01-13 16:15,slaughterhouse_1,slaughterhouse,1,,,,112.0,251.54,,,,,,,,,6,hitl
233,2026-01-13 16:15,wholesaler_1,wholesaler,1,,,,,,4.32,6.4,,,,,,,6,hitl
233,2026-01-13 16:15,retail_1,retail,0,,,,,,,,75.03,30.0,0.0,0.0,3.58,20.0,6,hitl
234,2026-01-13 16:30,supplier_1,supplier,1,47.88,,,,,,,,,,,,,6,hitl
234,2026-01-13 16:30,farm_1,farm,1,,231.0,0.238,,,,,,,,,,,6,hitl
234,2026-01-13 16:30,slaughterhouse_1,slaughterhouse,1,,,,112.0,254.4,,,,,,,,,6,hitl
234,2026-01-13 16:30,wholesaler_1,wholesaler,1,,,,,,1.98,6.4,,,,,,,6,hitl
234,2026-01-13 16:30,retail_1,retail,0,,,,,,,,74.18,30.0,0.0,0.0,3.58,20.0,6,hitl
235,2026-01-13 16:45,supplier_1,supplier,1,47.05,,,,,,,,,,,,,6,hitl
235,2026-01-13 16:45,farm_1,farm,1,,231.0,0.238,,,,,,,,,,,6,hitl
235,2026-01-13 16:45,slaughterhouse_1,slaughterhouse,1,,,,112.0,257.36,,,,,,,,,6,hitl
235,2026-01-13 16:45,wholesaler_1,wholesaler,1,,,,,,0.43,6.4,,,,,,,6,hitl
235,2026-01-13 16:45,retail_1,retail,0,,,,,,,,73.28,30.0,0.0,0.0,3.58,20.0,6,hitl
236,2026-01-13 17:00,supplier_1,supplier,1,46.32,,,,,,,,,,,,,6,hitl
236,2026-01-13 17:00,farm_1,farm,1,,231.0,0.238,,,,,,,,,,,6,hitl
236,2026-01-13 17:00,slaughterhouse_1,slaughterhouse,1,,,,112.0,260.27,,,,,,,,,6,hitl
236,2026-01-13 17:00,wholesaler_1,wholesaler,1,,,,,,0.0,6.4,,,,,,,6,hitl
236,2026-01-13 17:00,retail_1,retail,0,,,,,,,,72.29,30.0,0.0,0.0,3.58,20.0,6,hitl
237,2026-01-13 17:15,supplier_1,supplier,1,45.51,,,,,,,,,,,,,6,hitl
237,2026-01-13 17:15,farm_1,farm,1,,231.0,0.238,,,,,,,,,,,6,hitl
237,2026-01-13 17:15,slaughterhouse_1,slaughterhouse,1,,,,112.0,263.17,,,,,,,,,6,hitl
237,2026-01-13 17:15,wholesaler_1,wholesaler,1,,,,,,0.0,6.4,,,,,,,6,hitl
237,2026-01-13 17:15,retail_1,retail,0,,,,,,,,71.33,30.0,0.0,0.0,3.58,20.0,6,hitl
238,2026-01-13 17:30,supplier_1,supplier,1,44.03,,,,,,,,,,,,,6,hitl
238,2026-01-13 17:30,farm_1,farm,1,,231.0,0.238,,,,,,,,,,,6,hitl
238,2026-01-13 17:30,slaughterhouse_1,slaughterhouse,1,,,,112.0,266.44,,,,,,,,,6,hitl
238,2026-01-13 17:30,wholesaler_1,wholesaler,1,,,,,,0.0,6.4,,,,,,,6,hitl
238,2026-01-13 17:30,retail_1,retail,0,,,,,,,,70.4,30.0,0.0,0.0,3.58,20.0,6,hitl
239,2026-01-13 17:45,supplier_1,supplier,1,43.34,,,,,,,,,,,,,6,hitl
239,2026-01-13 17:45,farm_1,farm,1,,231.0,0.238,,,,,,,,,,,6,hitl
239,2026-01-13 17:45,slaughterhouse_1,slaughterhouse,1,,,,112.0,269.76,,,,,,,,,6,hitl
239,2026-01-13 17:45,wholesaler_1,wholesaler,1,,,,,,0.0,6.4,,,,,,,6,hitl
239,2026-01-13 17:45,retail_1,retail,0,,,,,,,,69.53,30.0,0.0,0.0,3.58,20.0,6,hitl
240,2026-01-13 18:00,supplier_1,supplier,1,42.83,,,,,,,,,,,,,6,hitl
240,2026-01-13 18:00,farm_1,farm,1,,231.0,0.238,,,,,,,,,,,6,hitl
240,2026-01-13 18:00,slaughterhouse_1,slaughterhouse,1,,,,112.0,268.34,,,,,,,,,6,hitl
240,2026-01-13 18:00,wholesaler_1,wholesaler,1,,,,,,0.0,6.4,,,,,,,6,hitl
240,2026-01-13 18:00,retail_1,retail,0,,,,,,,,68.57,30.0,0.0,0.0,3.58,20.0,6,hitl
241,2026-01-13 18:15,supplier_1,supplier,1,41.52,,,,,,,,,,,,,6,hitl
241,2026-01-13 18:15,farm_1,farm,1,,231.0,0.238,,,,,,,,,,,6,hitl
241,2026-01-13 18:15,slaughterhouse_1,slaughterhouse,1,,,,112.0,271.68,,,,,,,,,6,hitl
241,2026-01-13 18:15,wholesaler_1,wholesaler,1,,,,,,4.32,6.4,,,,,,,6,hitl
241,2026-01-13 18:15,retail_1,retail,0,,,,,,,,67.71,30.0,0.0,0.0,3.58,20.0,6,hitl
242,2026-01-13 18:30,supplier_1,supplier,1,40.59,,,,,,,,,,,,,6,hitl
242,2026-01-13 18:30,farm_1,farm,1,,231.0,0.238,,,,,,,,,,,6,hitl
242,2026-01-13 18:30,slaughterhouse_1,slaughterhouse,1,,,,112.0,274.75,,,,,,,,,6,hitl
242,2026-01-13 18:30,wholesaler_1,wholesaler,1,,,,,,1.83,6.4,,,,,,,6,hitl
242,2026-01-13 18:30,retail_1,retail,0,,,,,,,,66.77,30.0,0.0,0.0,3.58,20.0,6,hitl
243,2026-01-13 18:45,supplier_1,supplier,1,39.63,,,,,,,,,,,,,6,hitl
243,2026-01-13 18:45,farm_1,farm,1,,231.0,0.238,,,,,,,,,,,6,hitl
243,2026-01-13 18:45,slaughterhouse_1,slaughterhouse,1,,,,112.0,278.09,,,,,,,,,6,hitl
243,2026-01-13 18:45,wholesaler_1,wholesaler,1,,,,,,0.21,6.4,,,,,,,6,hitl
243,2026-01-13 18:45,retail_1,retail,0,,,,,,,,65.86,30.0,0.0,0.0,3.58,20.0,6,hitl
244,2026-01-13 19:00,supplier_1,supplier,1,38.99,,,,,,,,,,,,,6,hitl
244,2026-01-13 19:00,farm_1,farm,1,,231.0,0.238,,,,,,,,,,,6,hitl
244,2026-01-13 19:00,slaughterhouse_1,slaughterhouse,1,,,,112.0,281.07,,,,,,,,,6,hitl
244,2026-01-13 19:00,wholesaler_1,wholesaler,1,,,,,,0.0,6.4,,,,,,,6,hitl
244,2026-01-13 19:00,retail_1,retail,0,,,,,,,,64.87,30.0,0.0,0.0,3.58,20.0,6,hitl
245,2026-01-13 19:15,supplier_1,supplier,1,37.87,,,,,,,,,,,,,6,hitl
245,2026-01-13 19:15,farm_1,farm,1,,231.0,0.238,,,,,,,,,,,6,hitl
245,2026-01-13 19:15,slaughterhouse_1,slaughterhouse,1,,,,112.0,284.25,,,,,,,,,6,hitl
245,2026-01-13 19:15,wholesaler_1,wholesaler,1,,,,,,0.0,6.4,,,,,,,6,hitl
245,2026-01-13 19:15,retail_1,retail,0,,,,,,,,63.88,30.0,0.0,0.0,3.58,20.0,6,hitl
246,2026-01-13 19:30,supplier_1,supplier,1,36.37,,,,,,,,,,,,,6,hitl
246,2026-01-13 19:30,farm_1,farm,1,,231.0,0.238,,,,,,,,,,,6,hitl
246,2026-01-13 19:30,slaughterhouse_1,slaughterhouse,1,,,,112.0,287.11,,,,,,,,,6,hitl
246,2026-01-13 19:30,wholesaler_1,wholesaler,1,,,,,,0.0,6.4,,,,,,,6,hitl
246,2026-01-13 19:30,retail_1,retail,0,,,,,,,,62.9,30.0,0.0,0.0,3.58,20.0,6,hitl
247,2026-01-13 19:45,supplier_1,supplier,1,34.97,,,,,,,,,,,,,6,hitl
247,2026-01-13 19:45,farm_1,farm,1,,231.0,0.238,,,,,,,,,,,6,hitl
247,2026-01-13 19:45,slaughterhouse_1,slaughterhouse,1,,,,112.0,290.37,,,,,,,,,6,hitl
247,2026-01-13 19:45,wholesaler_1,wholesaler,1,,,,,,0.0,6.4,,,,,,,6,hitl
247,2026-01-13 19:45,retail_1,retail,0,,,,,,,,61.94,30.0,0.0,0.0,3.58,20.0,6,hitl
248,2026-01-13 20:00,supplier_1,supplier,1,34.36,,,,,,,,,,,,,6,hitl
248,2026-01-13 20:00,farm_1,farm,1,,231.0,0.238,,,,,,,,,,,6,hitl
248,2026-01-13 20:00,slaughterhouse_1,slaughterhouse,1,,,,112.0,289.18,,,,,,,,,6,hitl
248,2026-01-13 20:00,wholesaler_1,wholesaler,1,,,,,,0.0,6.4,,,,,,,6,hitl
248,2026-01-13 20:00,retail_1,retail,0,,,,,,,,60.95,30.0,0.0,0.0,3.58,20.0,6,hitl
249,2026-01-13 20:15,supplier_1,supplier,1,33.53,,,,,,,,,,,,,6,hitl
249,2026-01-13 20:15,farm_1,farm,1,,231.0,0.238,,,,,,,,,,,6,hitl
249,2026-01-13 20:15,slaughterhouse_1,slaughterhouse,1,,,,112.0,292.35,,,,,,,,,6,hitl
249,2026-01-13 20:15,wholesaler_1,wholesaler,1,,,,,,4.32,6.4,,,,,,,6,hitl
249,2026-01-13 20:15,retail_1,retail,0,,,,,,,,60.06,30.0,0.0,0.0,3.58,20.0,6,hitl
250,2026-01-13 20:30,supplier_1,supplier,1,32.35,,,,,,,,,,,,,6,hitl
250,2026-01-13 20:30,farm_1,farm,1,,231.0,0.238,,,,,,,,,,,6,hitl
250,2026-01-13 20:30,slaughterhouse_1,slaughterhouse,1,,,,112.0,295.39,,,,,,,,,6,hitl
250,2026-01-13 20:30,wholesaler_1,wholesaler,1,,,,,,2.77,6.4,,,,,,,6,hitl
250,2026-01-13 20:30,retail_1,retail,0,,,,,,,,59.24,30.0,0.0,0.0,3.58,20.0,6,hitl
251,2026-01-13 20:45,supplier_1,supplier,1,30.88,,,,,,,,,,,,,6,hitl
251,2026-01-13 20:45,farm_1,farm,1,,231.0,0.238,,,,,,,,,,,6,hitl
251,2026-01-13 20:45,slaughterhouse_1,slaughterhouse,1,,,,112.0,298.49,,,,,,,,,6,hitl
251,2026-01-13 20:45,wholesaler_1,wholesaler,1,,,,,,0.0,6.4,,,,,,,6,hitl
251,2026-01-13 20:45,retail_1,retail,0,,,,,,,,58.42,30.0,0.0,0.0,3.58,20.0,6,hitl
252,2026-01-13 21:00,supplier_1,supplier,1,30.33,,,,,,,,,,,,,6,hitl
252,2026-01-13 21:00,farm_1,farm,1,,231.0,0.238,,,,,,,,,,,6,hitl
252,2026-01-13 21:00,slaughterhouse_1,slaughterhouse,1,,,,112.0,301.75,,,,,,,,,6,hitl
252,2026-01-13 21:00,wholesaler_1,wholesaler,1,,,,,,0.0,6.4,,,,,,,6,hitl
252,2026-01-13 21:00,retail_1,retail,0,,,,,,,,57.61,30.0,0.0,0.0,3.58,20.0,6,hitl
253,2026-01-13 21:15,supplier_1,supplier,1,29.46,,,,,,,,,,,,,6,hitl
253,2026-01-13 21:15,farm_1,farm,1,,231.0,0.238,,,,,,,,,,,6,hitl
253,2026-01-13 21:15,slaughterhouse_1,slaughterhouse,1,,,,112.0,304.85,,,,,,,,,6,hitl
253,2026-01-13 21:15,wholesaler_1,wholesaler,1,,,,,,0.0,6.4,,,,,,,6,hitl
253,2026-01-13 21:15,retail_1,retail,0,,,,,,,,56.76,30.0,0.0,0.0,3.58,20.0,6,hitl
254,2026-01-13 21:30,supplier_1,supplier,1,28.54,,,,,,,,,,,,,6,hitl
254,2026-01-13 21:30,farm_1,farm,1,,231.0,0.238,,,,,,,,,,,6,hitl
254,2026-01-13 21:30,slaughterhouse_1,slaughterhouse,1,,,,112.0,308.06,,,,,,,,,6,hitl
254,2026-01-13 21:30,wholesaler_1,wholesaler,1,,,,,,0.0,6.4,,,,,,,6,hitl
254,2026-01-13 21:30,retail_1,retail,0,,,,,,,,55.92,30.0,0.0,0.0,3.58,20.0,6,hitl
255,2026-01-13 21:45,supplier_1,supplier,1,28.0,,,,,,,,,,,,,6,hitl
255,2026-01-13 21:45,farm_1,farm,1,,231.0,0.238,,,,,,,,,,,6,hitl
255,2026-01-13 21:45,slaughterhouse_1,slaughterhouse,1,,,,112.0,311.4,,,,,,,,,6,hitl
255,2026-01-13 21:45,wholesaler_1,wholesaler,1,,,,,,0.0,6.4,,,,,,,6,hitl
255,2026-01-13 21:45,retail_1,retail,0,,,,,,,,54.99,30.0,0.0,0.0,3.58,20.0,6,hitl
256,2026-01-13 22:00,supplier_1,supplier,1,26.66,,,,,,,,,,,,,6,hitl
256,2026-01-13 22:00,farm_1,farm,1,,231.0,0.238,,,,,,,,,,,6,hitl
256,2026-01-13 22:00,slaughterhouse_1,slaughterhouse,1,,,,112.0,310.16,,,,,,,,,6,hitl
256,2026-01-13 22:00,wholesaler_1,wholesaler,1,,,,,,0.0,6.4,,,,,,,6,hitl
256,2026-01-13 22:00,retail_1,retail,0,,,,,,,,54.13,30.0,0.0,0.0,3.58,20.0,6,hitl
257,2026-01-13 22:15,supplier_1,supplier,1,25.76,,,,,,,,,,,,,6,hitl
257,2026-01-13 22:15,farm_1,farm,1,,231.0,0.238,,,,,,,,,,,6,hitl
257,2026-01-13 22:15,slaughterhouse_1,slaughterhouse,1,,,,112.0,313.11,,,,,,,,,6,hitl
257,2026-01-13 22:15,wholesaler_1,wholesaler,1,,,,,,4.32,6.4,,,,,,,6,hitl
257,2026-01-13 22:15,retail_1,retail,0,,,,,,,,53.33,30.0,0.0,0.0,3.58,20.0,6,hitl
258,2026-01-13 22:30,supplier_1,supplier,1,25.23,,,,,,,,,,,,,6,hitl
258,2026-01-13 22:30,farm_1,farm,1,,231.0,0.238,,,,,,,,,,,6,hitl
258,2026-01-13 22:30,slaughterhouse_1,slaughterhouse,1,,,,112.0,316.08,,,,,,,,,6,hitl
258,2026-01-13 22:30,wholesaler_1,wholesaler,1,,,,,,1.76,6.4,,,,,,,6,hitl
258,2026-01-13 22:30,retail_1,retail,0,,,,,,,,52.38,30.0,0.0,0.0,3.58,20.0,6,hitl
259,2026-01-13 22:45,supplier_1,supplier,1,23.75,,,,,,,,,,,,,6,hitl
259,2026-01-13 22:45,farm_1,farm,1,,231.0,0.238,,,,,,,,,,,6,hitl
259,2026-01-13 22:45,slaughterhouse_1,slaughterhouse,1,,,,112.0,319.29,,,,,,,,,6,hitl
259,2026-01-13 22:45,wholesaler_1,wholesaler,1,,,,,,0.16,6.4,,,,,,,6,hitl
259,2026-01-13 22:45,retail_1,retail,0,,,,,,,,51.42,30.0,0.0,0.0,3.58,20.0,6,hitl
260,2026-01-13 23:00,supplier_1,supplier,1,22.37,,,,,,,,,,,,,6,hitl
260,2026-01-13 23:00,farm_1,farm,1,,231.0,0.238,,,,,,,,,,,6,hitl
260,2026-01-13 23:00,slaughterhouse_1,slaughterhouse,1,,,,112.0,322.21,,,,,,,,,6,hitl
260,2026-01-13 23:00,wholesaler_1,wholesaler,1,,,,,,0.0,6.4,,,,,,,6,hitl
260,2026-01-13 23:00,retail_1,retail,0,,,,,,,,50.42,30.0,0.0,0.0,3.58,20.0,6,hitl
261,2026-01-13 23:15,supplier_1,supplier,1,20.88,,,,,,,,,,,,,6,hitl
261,2026-01-13 23:15,farm_1,farm,1,,231.0,0.238,,,,,,,,,,,6,hitl
261,2026-01-13 23:15,slaughterhouse_1,slaughterhouse,1,,,,112.0,325.47,,,,,,,,,6,hitl
261,2026-01-13 23:15,wholesaler_1,wholesaler,1,,,,,,0.0,6.4,,,,,,,6,hitl
261,2026-01-13 23:15,retail_1,retail,0,,,,,,,,49.52,30.0,0.0,0.0,3.58,20.0,6,hitl
262,2026-01-13 23:30,supplier_1,supplier,1,20.0,,,,,,,,,,,,,6,hitl
262,2026-01-13 23:30,farm_1,farm,1,,231.0,0.238,,,,,,,,,,,6,hitl
262,2026-01-13 23:30,slaughterhouse_1,slaughterhouse,1,,,,112.0,328.41,,,,,,,,,6,hitl
262,2026-01-13 23:30,wholesaler_1,wholesaler,1,,,,,,0.0,6.4,,,,,,,6,hitl
262,2026-01-13 23:30,retail_1,retail,0,,,,,,,,48.59,30.0,0.0,0.0,3.58,20.0,6,hitl
263,2026-01-13 23:45,supplier_1,supplier,1,19.05,,,,,,,,,,,,,6,hitl
263,2026-01-13 23:45,farm_1,farm,1,,231.0,0.238,,,,,,,,,,,6,hitl
263,2026-01-13 23:45,slaughterhouse_1,slaughterhouse,1,,,,112.0,331.36,,,,,,,,,6,hitl
263,2026-01-13 23:45,wholesaler_1,wholesaler,1,,,,,,0.0,6.4,,,,,,,6,hitl
263,2026-01-13 23:45,retail_1,retail,0,,,,,,,,47.78,30.0,0.0,0.0,3.58,20.0,6,hitl
264,2026-01-14 00:00,supplier_1,supplier,1,17.67,,,,,,,,,,,,,6,hitl
264,2026-01-14 00:00,farm_1,farm,1,,231.0,0.238,,,,,,,,,,,6,hitl
264,2026-01-14 00:00,slaughterhouse_1,slaughterhouse,1,,,,112.0,330.21,,,,,,,,,6,hitl
264,2026-01-14 00:00,wholesaler_1,wholesaler,1,,,,,,0.0,6.4,,,,,,,6,hitl
264,2026-01-14 00:00,retail_1,retail,0,,,,,,,,46.95,30.0,0.0,0.0,3.58,20.0,6,hitl
265,2026-01-14 00:15,supplier_1,supplier,1,16.72,,,,,,,,,,,,,6,hitl
265,2026-01-14 00:15,farm_1,farm,1,,231.0,0.238,,,,,,,,,,,6,hitl
265,2026-01-14 00:15,slaughterhouse_1,slaughterhouse,1,,,,112.0,333.22,,,,,,,,,6,hitl
265,2026-01-14 00:15,wholesaler_1,wholesaler,1,,,,,,4.32,6.4,,,,,,,6,hitl
265,2026-01-14 00:15,retail_1,retail,0,,,,,,,,45.96,30.0,0.0,0.0,3.58,20.0,6,hitl
266,2026-01-14 00:30,supplier_1,supplier,1,15.27,,,,,,,,,,,,,6,hitl
266,2026-01-14 00:30,farm_1,farm,1,,231.0,0.238,,,,,,,,,,,6,hitl
266,2026-01-14 00:30,slaughterhouse_1,slaughterhouse,1,,,,112.0,336.47,,,,,,,,,6,hitl
266,2026-01-14 00:30,wholesaler_1,wholesaler,1,,,,,,2.53,6.4,,,,,,,6,hitl
266,2026-01-14 00:30,retail_1,retail,0,,,,,,,,45.05,30.0,0.0,0.0,3.58,20.0,6,hitl
267,2026-01-14 00:45,supplier_1,supplier,1,13.96,,,,,,,,,,,,,6,hitl
267,2026-01-14 00:45,farm_1,farm,1,,231.0,0.238,,,,,,,,,,,6,hitl
267,2026-01-14 00:45,slaughterhouse_1,slaughterhouse,1,,,,112.0,339.34,,,,,,,,,6,hitl
267,2026-01-14 00:45,wholesaler_1,wholesaler,1,,,,,,0.0,6.4,,,,,,,6,hitl
267,2026-01-14 00:45,retail_1,retail,0,,,,,,,,44.06,30.0,0.0,0.0,3.58,20.0,6,hitl
268,2026-01-14 01:00,supplier_1,supplier,1,12.84,,,,,,,,,,,,,6,hitl
268,2026-01-14 01:00,farm_1,farm,1,,231.0,0.238,,,,,,,,,,,6,hitl
268,2026-01-14 01:00,slaughterhouse_1,slaughterhouse,1,,,,112.0,342.32,,,,,,,,,6,hitl
268,2026-01-14 01:00,wholesaler_1,wholesaler,1,,,,,,0.0,6.4,,,,,,,6,hitl
268,2026-01-14 01:00,retail_1,retail,0,,,,,,,,43.21,30.0,0.0,0.0,3.58,20.0,6,hitl
269,2026-01-14 01:15,supplier_1,supplier,1,12.27,,,,,,,,,,,,,6,hitl
269,2026-01-14 01:15,farm_1,farm,1,,231.0,0.238,,,,,,,,,,,6,hitl
269,2026-01-14 01:15,slaughterhouse_1,slaughterhouse,1,,,,112.0,345.21,,,,,,,,,6,hitl
269,2026-01-14 01:15,wholesaler_1,wholesaler,1,,,,,,0.0,6.4,,,,,,,6,hitl
269,2026-01-14 01:15,retail_1,retail,0,,,,,,,,42.3,30.0,0.0,0.0,3.58,20.0,6,hitl
270,2026-01-14 01:30,supplier_1,supplier,1,11.63,,,,,,,,,,,,,6,hitl
270,2026-01-14 01:30,farm_1,farm,1,,231.0,0.238,,,,,,,,,,,6,hitl
270,2026-01-14 01:30,slaughterhouse_1,slaughterhouse,1,,,,112.0,348.16,,,,,,,,,6,hitl
270,2026-01-14 01:30,wholesaler_1,wholesaler,1,,,,,,0.0,6.4,,,,,,,6,hitl
270,2026-01-14 01:30,retail_1,retail,0,,,,,,,,41.31,30.0,0.0,0.0,3.58,20.0,6,hitl
271,2026-01-14 01:45,supplier_1,supplier,1,10.17,,,,,,,,,,,,,6,hitl
271,2026-01-14 01:45,farm_1,farm,1,,231.0,0.238,,,,,,,,,,,6,hitl
271,2026-01-14 01:45,slaughterhouse_1,slaughterhouse,1,,,,112.0,351.36,,,,,,,,,6,hitl
271,2026-01-14 01:45,wholesaler_1,wholesaler,1,,,,,,0.0,6.4,,,,,,,6,hitl
271,2026-01-14 01:45,retail_1,retail,0,,,,,,,,40.34,30.0,0.0,0.0,3.58,20.0,6,hitl
272,2026-01-14 02:00,supplier_1,supplier,1,9.31,,,,,,,,,,,,,6,hitl
272,2026-01-14 02:00,farm_1,farm,1,,231.0,0.238,,,,,,,,,,,6,hitl
272,2026-01-14 02:00,slaughterhouse_1,slaughterhouse,1,,,,112.0,350.21,,,,,,,,,6,hitl
272,2026-01-14 02:00,wholesaler_1,wholesaler,1,,,,,,0.0,6.4,,,,,,,6,hitl
272,2026-01-14 02:00,retail_1,retail,0,,,,,,,,39.5,30.0,0.0,0.0,3.58,20.0,6,hitl
273,2026-01-14 02:15,supplier_1,supplier,1,8.18,,,,,,,,,,,,,6,hitl
273,2026-01-14 02:15,farm_1,farm,1,,231.0,0.238,,,,,,,,,,,6,hitl
273,2026-01-14 02:15,slaughterhouse_1,slaughterhouse,1,,,,112.0,353.13,,,,,,,,,6,hitl
273,2026-01-14 02:15,wholesaler_1,wholesaler,1,,,,,,4.32,6.4,,,,,,,6,hitl
273,2026-01-14 02:15,retail_1,retail,0,,,,,,,,38.68,30.0,0.0,0.0,3.58,20.0,6,hitl
274,2026-01-14 02:30,supplier_1,supplier,1,7.61,,,,,,,,,,,,,6,hitl
274,2026-01-14 02:30,farm_1,farm,1,,231.0,0.238,,,,,,,,,,,6,hitl
274,2026-01-14 02:30,slaughterhouse_1,slaughterhouse,1,,,,112.0,356.35,,,,,,,,,6,hitl
274,2026-01-14 02:30,wholesaler_1,wholesaler,1,,,,,,2.39,6.4,,,,,,,6,hitl
274,2026-01-14 02:30,retail_1,retail,0,,,,,,,,37.81,30.0,0.0,0.0,3.58,20.0,6,hitl
275,2026-01-14 02:45,supplier_1,supplier,1,6.71,,,,,,,,,,,,,6,hitl
275,2026-01-14 02:45,farm_1,farm,1,,231.0,0.238,,,,,,,,,,,6,hitl
275,2026-01-14 02:45,slaughterhouse_1,slaughterhouse,1,,,,112.0,359.28,,,,,,,,,6,hitl
275,2026-01-14 02:45,wholesaler_1,wholesaler,1,,,,,,0.0,6.4,,,,,,,6,hitl
275,2026-01-14 02:45,retail_1,retail,0,,,,,,,,36.92,30.0,0.0,0.0,3.58,20.0,6,hitl
276,2026-01-14 03:00,supplier_1,supplier,1,6.07,,,,,,,,,,,,,6,hitl
276,2026-01-14 03:00,farm_1,farm,1,,231.0,0.238,,,,,,,,,,,6,hitl
276,2026-01-14 03:00,slaughterhouse_1,slaughterhouse,1,,,,112.0,362.57,,,,,,,,,6,hitl
276,2026-01-14 03:00,wholesaler_1,wholesaler,1,,,,,,0.0,6.4,,,,,,,6,hitl
276,2026-01-14 03:00,retail_1,retail,0,,,,,,,,36.11,30.0,0.0,0.0,3.58,20.0,6,hitl
277,2026-01-14 03:15,supplier_1,supplier,1,5.29,,,,,,,,,,,,,6,hitl
277,2026-01-14 03:15,farm_1,farm,1,,231.0,0.238,,,,,,,,,,,6,hitl
277,2026-01-14 03:15,slaughterhouse_1,slaughterhouse,1,,,,112.0,365.48,,,,,,,,,6,hitl
277,2026-01-14 03:15,wholesaler_1,wholesaler,1,,,,,,0.0,6.4,,,,,,,6,hitl
277,2026-01-14 03:15,retail_1,retail,0,,,,,,,,35.2,30.0,0.0,0.0,3.58,20.0,6,hitl
278,2026-01-14 03:30,supplier_1,supplier,1,4.3,,,,,,,,,,,,,6,hitl
278,2026-01-14 03:30,farm_1,farm,0,,620.0,0.036,,,,,,,,,,,6,hitl
278,2026-01-14 03:30,slaughterhouse_1,slaughterhouse,1,,,,112.0,368.37,,,,,,,,,6,hitl
278,2026-01-14 03:30,wholesaler_1,wholesaler,1,,,,,,0.0,6.4,,,,,,,6,hitl
278,2026-01-14 03:30,retail_1,retail,0,,,,,,,,34.38,30.0,0.0,0.0,3.58,20.0,6,hitl
279,2026-01-14 03:45,supplier_1,supplier,1,3.29,,,,,,,,,,,,,6,hitl
279,2026-01-14 03:45,farm_1,farm,0,,620.0,0.036,,,,,,,,,,,6,hitl
279,2026-01-14 03:45,slaughterhouse_1,slaughterhouse,1,,,,112.0,371.51,,,,,,,,,6,hitl
279,2026-01-14 03:45,wholesaler_1,wholesaler,1,,,,,,0.0,6.4,,,,,,,6,hitl
279,2026-01-14 03:45,retail_1,retail,0,,,,,,,,33.47,30.0,0.0,0.0,3.58,20.0,6,hitl
280,2026-01-14 04:00,supplier_1,supplier,1,2.43,,,,,,,,,,,,,6,hitl
280,2026-01-14 04:00,farm_1,farm,0,,620.0,0.036,,,,,,,,,,,6,hitl
280,2026-01-14 04:00,slaughterhouse_1,slaughterhouse,1,,,,112.0,370.42,,,,,,,,,6,hitl
280,2026-01-14 04:00,wholesaler_1,wholesaler,1,,,,,,0.0,6.4,,,,,,,6,hitl
280,2026-01-14 04:00,retail_1,retail,0,,,,,,,,32.49,30.0,0.0,0.0,3.58,20.0,6,hitl
281,2026-01-14 04:15,supplier_1,supplier,1,1.71,,,,,,,,,,,,,6,hitl
281,2026-01-14 04:15,farm_1,farm,0,,620.0,0.036,,,,,,,,,,,6,hitl
281,2026-01-14 04:15,slaughterhouse_1,slaughterhouse,1,,,,112.0,373.41,,,,,,,,,6,hitl
281,2026-01-14 04:15,wholesaler_1,wholesaler,1,,,,,,4.32,6.4,,,,,,,6,hitl
281,2026-01-14 04:15,retail_1,retail,0,,,,,,,,31.63,30.0,0.0,0.0,3.58,20.0,6,hitl
282,2026-01-14 04:30,supplier_1,supplier,1,1.08,,,,,,,,,,,,,6,hitl
282,2026-01-14 04:30,farm_1,farm,0,,620.0,0.036,,,,,,,,,,,6,hitl
282,2026-01-14 04:30,slaughterhouse_1,slaughterhouse,1,,,,112.0,376.5,,,,,,,,,6,hitl
282,2026-01-14 04:30,wholesaler_1,wholesaler,1,,,,,,1.72,6.4,,,,,,,6,hitl
282,2026-01-14 04:30,retail_1,retail,0,,,,,,,,30.71,30.0,0.0,0.0,3.58,20.0,6,hitl
283,2026-01-14 04:45,supplier_1,supplier,1,0.14,,,,,,,,,,,,,6,hitl
283,2026-01-14 04:45,farm_1,farm,0,,620.0,0.036,,,,,,,,,,,6,hitl
283,2026-01-14 04:45,slaughterhouse_1,slaughterhouse,1,,,,112.0,379.86,,,,,,,,,6,hitl
283,2026-01-14 04:45,wholesaler_1,wholesaler,1,,,,,,0.0,6.4,,,,,,,6,hitl
283,2026-01-14 04:45,retail_1,retail,0,,,,,,,,29.92,30.0,0.0,0.25,3.58,20.0,6,hitl
284,2026-01-14 05:00,supplier_1,supplier,1,0.0,,,,,,,,,,,,,6,hitl
284,2026-01-14 05:00,farm_1,farm,0,,620.0,0.036,,,,,,,,,,,6,hitl
284,2026-01-14 05:00,slaughterhouse_1,slaughterhouse,1,,,,112.0,383.11,,,,,,,,,6,hitl
284,2026-01-14 05:00,wholesaler_1,wholesaler,1,,,,,,0.0,6.4,,,,,,,6,hitl
284,2026-01-14 05:00,retail_1,retail,0,,,,,,,,28.96,30.0,0.0,0.5,3.58,20.0,6,hitl
285,2026-01-14 05:15,supplier_1,supplier,1,0.0,,,,,,,,,,,,,6,hitl
285,2026-01-14 05:15,farm_1,farm,0,,620.0,0.036,,,,,,,,,,,6,hitl
285,2026-01-14 05:15,slaughterhouse_1,slaughterhouse,1,,,,112.0,386.44,,,,,,,,,6,hitl
285,2026-01-14 05:15,wholesaler_1,wholesaler,1,,,,,,0.0,6.4,,,,,,,6,hitl
285,2026-01-14 05:15,retail_1,retail,0,,,,,,,,27.98,30.0,0.0,0.75,3.58,20.0,6,hitl
286,2026-01-14 05:30,supplier_1,supplier,1,0.0,,,,,,,,,,,,,6,hitl
286,2026-01-14 05:30,farm_1,farm,0,,620.0,0.036,,,,,,,,,,,6,hitl
286,2026-01-14 05:30,slaughterhouse_1,slaughterhouse,1,,,,112.0,389.58,,,,,,,,,6,hitl
286,2026-01-14 05:30,wholesaler_1,wholesaler,1,,,,,,0.0,6.4,,,,,,,6,hitl
286,2026-01-14 05:30,retail_1,retail,0,,,,,,,,27.09,30.0,0.0,1.0,3.58,20.0,6,hitl
287,2026-01-14 05:45,supplier_1,supplier,1,0.0,,,,,,,,,,,,,6,hitl
287,2026-01-14 05:45,farm_1,farm,0,,620.0,0.036,,,,,,,,,,,6,hitl
287,2026-01-14 05:45,slaughterhouse_1,slaughterhouse,1,,,,112.0,392.58,,,,,,,,,6,hitl
287,2026-01-14 05:45,wholesaler_1,wholesaler,1,,,,,,0.0,6.4,,,,,,,6,hitl
287,2026-01-14 05:45,retail_1,retail,0,,,,,,,,26.09,30.0,0.0,1.25,3.58,20.0,6,hitl
288,2026-01-14 06:00,supplier_1,supplier,1,0.0,,,,,,,,,,,,,6,hitl
288,2026-01-14 06:00,farm_1,farm,1,,651.0,0.036,,,,,,,,,,,6,hitl
288,2026-01-14 06:00,slaughterhouse_1,slaughterhouse,1,,,,112.0,391.18,,,,,,,,,6,hitl
288,2026-01-14 06:00,wholesaler_1,wholesaler,1,,,,,,0.0,6.4,,,,,,,6,hitl
288,2026-01-14 06:00,retail_1,retail,0,,,,,,,,25.19,30.0,0.0,1.5,3.58,20.0,6,hitl
289,2026-01-14 06:15,supplier_1,supplier,1,0.0,,,,,,,,,,,,,6,hitl
289,2026-01-14 06:15,farm_1,farm,1,,651.0,0.036,,,,,,,,,,,6,hitl
289,2026-01-14 06:15,slaughterhouse_1,slaughterhouse,1,,,,112.0,394.27,,,,,,,,,6,hitl
289,2026-01-14 06:15,wholesaler_1,wholesaler,1,,,,,,4.32,6.4,,,,,,,6,hitl
289,2026-01-14 06:15,retail_1,retail,0,,,,,,,,24.23,30.0,0.0,1.75,3.58,20.0,6,hitl
290,2026-01-14 06:30,supplier_1,supplier,1,0.0,,,,,,,,,,,,,6,hitl
290,2026-01-14 06:30,farm_1,farm,1,,651.0,0.036,,,,,,,,,,,6,hitl
290,2026-01-14 06:30,slaughterhouse_1,slaughterhouse,1,,,,112.0,397.2,,,,,,,,,6,hitl
290,2026-01-14 06:30,wholesaler_1,wholesaler,1,,,,,,2.33,6.4,,,,,,,6,hitl
290,2026-01-14 06:30,retail_1,retail,0,,,,,,,,23.42,30.0,0.0,2.0,3.58,20.0,6,hitl
291,2026-01-14 06:45,supplier_1,supplier,1,0.0,,,,,,,,,,,,,6,hitl
291,2026-01-14 06:45,farm_1,farm,1,,651.0,0.036,,,,,,,,,,,6,hitl
291,2026-01-14 06:45,slaughterhouse_1,slaughterhouse,1,,,,112.0,400.0,,,,,,,,,6,hitl
291,2026-01-14 06:45,wholesaler_1,wholesaler,1,,,,,,0.39,6.4,,,,,,,6,hitl
291,2026-01-14 06:45,retail_1,retail,1,,,,,,,,22.5,30.0,0.0,2.25,3.58,20.0,6,hitl
292,2026-01-14 07:00,supplier_1,supplier,1,0.0,,,,,,,,,,,,,6,hitl
292,2026-01-14 07:00,farm_1,farm,1,,651.0,0.036,,,,,,,,,,,6,hitl
292,2026-01-14 07:00,slaughterhouse_1,slaughterhouse,1,,,,112.0,400.0,,,,,,,,,6,hitl
292,2026-01-14 07:00,wholesaler_1,wholesaler,1,,,,,,0.0,6.4,,,,,,,6,hitl
292,2026-01-14 07:00,retail_1,retail,1,,,,,,,,21.68,30.0,0.0,2.5,3.58,20.0,6,hitl
293,2026-01-14 07:15,supplier_1,supplier,1,0.0,,,,,,,,,,,,,6,hitl
293,2026-01-14 07:15,farm_1,farm,1,,651.0,0.036,,,,,,,,,,,6,hitl
293,2026-01-14 07:15,slaughterhouse_1,slaughterhouse,1,,,,112.0,400.0,,,,,,,,,6,hitl
293,2026-01-14 07:15,wholesaler_1,wholesaler,1,,,,,,0.0,6.4,,,,,,,6,hitl
293,2026-01-14 07:15,retail_1,retail,1,,,,,,,,20.81,30.0,0.0,2.75,3.58,20.0,6,hitl
294,2026-01-14 07:30,supplier_1,supplier,1,0.0,,,,,,,,,,,,,6,hitl
294,2026-01-14 07:30,farm_1,farm,1,,651.0,0.036,,,,,,,,,,,6,hitl
294,2026-01-14 07:30,slaughterhouse_1,slaughterhouse,1,,,,112.0,400.0,,,,,,,,,6,hitl
294,2026-01-14 07:30,wholesaler_1,wholesaler,1,,,,,,0.0,6.4,,,,,,,6,hitl
294,2026-01-14 07:30,retail_1,retail,1,,,,,,,,20.01,30.0,0.0,3.0,3.58,20.0,6,hitl
295,2026-01-14 07:45,supplier_1,supplier,1,0.0,,,,,,,,,,,,,6,hitl
295,2026-01-14 07:45,farm_1,farm,1,,651.0,0.036,,,,,,,,,,,6,hitl
295,2026-01-14 07:45,slaughterhouse_1,slaughterhouse,1,,,,112.0,400.0,,,,,,,,,6,hitl
295,2026-01-14 07:45,wholesaler_1,wholesaler,1,,,,,,0.0,6.4,,,,,,,6,hitl
295,2026-01-14 07:45,retail_1,retail,1,,,,,,,,19.08,30.0,0.0,3.25,3.58,20.0,6,hitl
296,2026-01-14 08:00,supplier_1,supplier,1,0.0,,,,,,,,,,,,,6,hitl
296,2026-01-14 08:00,farm_1,farm,1,,651.0,0.036,,,,,,,,,,,6,hitl
296,2026-01-14 08:00,slaughterhouse_1,slaughterhouse,1,,,,112.0,395.68,,,,,,,,,6,hitl
296,2026-01-14 08:00,wholesaler_1,wholesaler,1,,,,,,0.0,6.4,,,,,,,6,hitl
296,2026-01-14 08:00,retail_1,retail,1,,,,,,,,18.11,30.0,0.0,3.5,3.58,20.0,6,hitl
297,2026-01-14 08:15,supplier_1,supplier,1,0.0,,,,,,,,,,,,,6,hitl
297,2026-01-14 08:15,farm_1,farm,1,,651.0,0.036,,,,,,,,,,,6,hitl
297,2026-01-14 08:15,slaughterhouse_1,slaughterhouse,1,,,,112.0,398.71,,,,,,,,,6,hitl
297,2026-01-14 08:15,wholesaler_1,wholesaler,1,,,,,,4.32,6.4,,,,,,,6,hitl
297,2026-01-14 08:15,retail_1,retail,1,,,,,,,,17.27,30.0,0.0,3.75,3.58,20.0,6,hitl
298,2026-01-14 08:30,supplier_1,supplier,1,0.0,,,,,,,,,,,,,6,hitl
298,2026-01-14 08:30,farm_1,farm,1,,651.0,0.036,,,,,,,,,,,6,hitl
298,2026-01-14 08:30,slaughterhouse_1,slaughterhouse,1,,,,112.0,400.0,,,,,,,,,6,hitl
298,2026-01-14 08:30,wholesaler_1,wholesaler,1,,,,,,1.55,6.4,,,,,,,6,hitl
298,2026-01-14 08:30,retail_1,retail,1,,,,,,,,16.36,30.0,0.0,4.0,3.58,20.0,6,hitl
299,2026-01-14 08:45,supplier_1,supplier,1,0.0,,,,,,,,,,,,,6,hitl
299,2026-01-14 08:45,farm_1,farm,1,,651.0,0.036,,,,,,,,,,,6,hitl
299,2026-01-14 08:45,slaughterhouse_1,slaughterhouse,1,,,,112.0,400.0,,,,,,,,,6,hitl
299,2026-01-14 08:45,wholesaler_1,wholesaler,1,,,,,,0.0,6.4,,,,,,,6,hitl
299,2026-01-14 08:45,retail_1,retail,1,,,,,,,,15.51,30.0,0.0,4.25,3.58,20.0,6,hitl
300,2026-01-14 09:00,supplier_1,supplier,1,0.0,,,,,,,,,,,,,6,hitl
300,2026-01-14 09:00,farm_1,farm,1,,651.0,0.036,,,,,,,,,,,6,hitl
300,2026-01-14 09:00,slaughterhouse_1,slaughterhouse,1,,,,112.0,400.0,,,,,,,,,6,hitl
300,2026-01-14 09:00,wholesaler_1,wholesaler,1,,,,,,0.0,6.4,,,,,,,6,hitl
300,2026-01-14 09:00,retail_1,retail,1,,,,,,,,14.71,30.0,0.0,4.5,3.58,20.0,6,hitl
301,2026-01-14 09:15,supplier_1,supplier,1,0.0,,,,,,,,,,,,,6,hitl
301,2026-01-14 09:15,farm_1,farm,1,,651.0,0.036,,,,,,,,,,,6,hitl
301,2026-01-14 09:15,slaughterhouse_1,slaughterhouse,1,,,,112.0,400.0,,,,,,,,,6,hitl
301,2026-01-14 09:15,wholesaler_1,wholesaler,1,,,,,,0.0,6.4,,,,,,,6,hitl
301,2026-01-14 09:15,retail_1,retail,1,,,,,,,,13.72,30.0,0.0,4.75,3.58,20.0,6,hitl
302,2026-01-14 09:30,supplier_1,supplier,1,0.0,,,,,,,,,,,,,6,hitl
302,2026-01-14 09:30,farm_1,farm,1,,651.0,0.036,,,,,,,,,,,6,hitl
302,2026-01-14 09:30,slaughterhouse_1,slaughterhouse,1,,,,112.0,400.0,,,,,,,,,6,hitl
302,2026-01-14 09:30,wholesaler_1,wholesaler,1,,,,,,0.0,6.4,,,,,,,6,hitl
302,2026-01-14 09:30,retail_1,retail,1,,,,,,,,12.79,30.0,0.0,5.0,3.58,20.0,6,hitl
303,2026-01-14 09:45,supplier_1,supplier,1,0.0,,,,,,,,,,,,,6,hitl
303,2026-01-14 09:45,farm_1,farm,1,,651.0,0.036,,,,,,,,,,,6,hitl
303,2026-01-14 09:45,slaughterhouse_1,slaughterhouse,1,,,,112.0,400.0,,,,,,,,,6,hitl
303,2026-01-14 09:45,wholesaler_1,wholesaler,1,,,,,,0.0,6.4,,,,,,,6,hitl
303,2026-01-14 09:45,retail_1,retail,1,,,,,,,,11.91,30.0,0.0,5.25,3.58,20.0,6,hitl
304,2026-01-14 10:00,supplier_1,supplier,1,0.0,,,,,,,,,,,,,6,hitl
304,2026-01-14 10:00,farm_1,farm,1,,651.0,0.036,,,,,,,,,,,6,hitl
304,2026-01-14 10:00,slaughterhouse_1,slaughterhouse,1,,,,112.0,395.68,,,,,,,,,6,hitl
304,2026-01-14 10:00,wholesaler_1,wholesaler,1,,,,,,0.0,6.4,,,,,,,6,hitl
304,2026-01-14 10:00,retail_1,retail,1,,,,,,,,10.97,30.0,0.0,5.5,3.58,20.0,6,hitl
305,2026-01-14 10:15,supplier_1,supplier,1,0.0,,,,,,,,,,,,,6,hitl
305,2026-01-14 10:15,farm_1,farm,1,,651.0,0.036,,,,,,,,,,,6,hitl
305,2026-01-14 10:15,slaughterhouse_1,slaughterhouse,1,,,,112.0,398.87,,,,,,,,,6,hitl
305,2026-01-14 10:15,wholesaler_1,wholesaler,1,,,,,,4.32,6.4,,,,,,,6,hitl
305,2026-01-14 10:15,retail_1,retail,1,,,,,,,,10.04,30.0,0.0,5.75,3.58,20.0,6,hitl
306,2026-01-14 10:30,supplier_1,supplier,1,0.0,,,,,,,,,,,,,6,hitl
306,2026-01-14 10:30,farm_1,farm,1,,651.0,0.036,,,,,,,,,,,6,hitl
306,2026-01-14 10:30,slaughterhouse_1,slaughterhouse,1,,,,112.0,400.0,,,,,,,,,6,hitl
306,2026-01-14 10:30,wholesaler_1,wholesaler,1,,,,,,2.24,6.4,,,,,,,6,hitl
306,2026-01-14 10:30,retail_1,retail,1,,,,,,,,9.09,30.0,0.0,6.0,3.58,20.0,6,hitl
307,2026-01-14 10:45,supplier_1,supplier,1,0.0,,,,,,,,,,,,,6,hitl
307,2026-01-14 10:45,farm_1,farm,1,,651.0,0.036,,,,,,,,,,,6,hitl
307,2026-01-14 10:45,slaughterhouse_1,slaughterhouse,1,,,,112.0,400.0,,,,,,,,,6,hitl
307,2026-01-14 10:45,wholesaler_1,wholesaler,1,,,,,,0.0,6.4,,,,,,,6,hitl
307,2026-01-14 10:45,retail_1,retail,1,,,,,,,,8.13,30.0,0.0,6.25,3.58,20.0,6,hitl
308,2026-01-14 11:00,supplier_1,supplier,1,0.0,,,,,,,,,,,,,6,hitl
308,2026-01-14 11:00,farm_1,farm,1,,651.0,0.036,,,,,,,,,,,6,hitl
308,2026-01-14 11:00,slaughterhouse_1,slaughterhouse,1,,,,112.0,400.0,,,,,,,,,6,hitl
308,2026-01-14 11:00,wholesaler_1,wholesaler,1,,,,,,0.0,6.4,,,,,,,6,hitl
308,2026-01-14 11:00,retail_1,retail,1,,,,,,,,7.17,30.0,0.0,6.5,3.58,20.0,6,hitl
309,2026-01-14 11:15,supplier_1,supplier,1,0.0,,,,,,,,,,,,,6,hitl
309,2026-01-14 11:15,farm_1,farm,1,,651.0,0.036,,,,,,,,,,,6,hitl
309,2026-01-14 11:15,slaughterhouse_1,slaughterhouse,1,,,,112.0,400.0,,,,,,,,,6,hitl
309,2026-01-14 11:15,wholesaler_1,wholesaler,1,,,,,,0.0,6.4,,,,,,,6,hitl
309,2026-01-14 11:15,retail_1,retail,1,,,,,,,,6.26,30.0,0.0,6.75,3.58,20.0,6,hitl
310,2026-01-14 11:30,supplier_1,supplier,1,0.0,,,,,,,,,,,,,6,hitl
310,2026-01-14 11:30,farm_1,farm,1,,651.0,0.036,,,,,,,,,,,6,hitl
310,2026-01-14 11:30,slaughterhouse_1,slaughterhouse,1,,,,112.0,400.0,,,,,,,,,6,hitl
310,2026-01-14 11:30,wholesaler_1,wholesaler,1,,,,,,0.0,6.4,,,,,,,6,hitl
310,2026-01-14 11:30,retail_1,retail,1,,,,,,,,5.28,30.0,0.0,7.0,3.58,20.0,6,hitl
311,2026-01-14 11:45,supplier_1,supplier,1,0.0,,,,,,,,,,,,,6,hitl
311,2026-01-14 11:45,farm_1,farm,1,,651.0,0.036,,,,,,,,,,,6,hitl
311,2026-01-14 11:45,slaughterhouse_1,slaughterhouse,1,,,,112.0,400.0,,,,,,,,,6,hitl
311,2026-01-14 11:45,wholesaler_1,wholesaler,1,,,,,,0.0,6.4,,,,,,,6,hitl
311,2026-01-14 11:45,retail_1,retail,1,,,,,,,,4.49,30.0,0.0,7.25,3.58,20.0,6,hitl
312,2026-01-14 12:00,supplier_1,supplier,1,0.0,,,,,,,,,,,,,6,hitl
312,2026-01-14 12:00,farm_1,farm,1,,651.0,0.036,,,,,,,,,,,6,hitl
312,2026-01-14 12:00,slaughterhouse_1,slaughterhouse,1,,,,112.0,395.68,,,,,,,,,6,hitl
312,2026-01-14 12:00,wholesaler_1,wholesaler,1,,,,,,0.0,6.4,,,,,,,6,hitl
312,2026-01-14 12:00,retail_1,retail,1,,,,,,,,3.61,30.0,0.0,7.5,3.58,20.0,6,hitl
313,2026-01-14 12:15,supplier_1,supplier,1,0.0,,,,,,,,,,,,,6,hitl
313,2026-01-14 12:15,farm_1,farm,1,,651.0,0.036,,,,,,,,,,,6,hitl
313,2026-01-14 12:15,slaughterhouse_1,slaughterhouse,1,,,,112.0,398.91,,,,,,,,,6,hitl
313,2026-01-14 12:15,wholesaler_1,wholesaler,1,,,,,,4.32,6.4,,,,,,,6,hitl
313,2026-01-14 12:15,retail_1,retail,1,,,,,,,,2.73,30.0,0.0,7.75,3.58,20.0,6,hitl
314,2026-01-14 12:30,supplier_1,supplier,1,0.0,,,,,,,,,,,,,6,hitl
314,2026-01-14 12:30,farm_1,farm,1,,651.0,0.036,,,,,,,,,,,6,hitl
314,2026-01-14 12:30,slaughterhouse_1,slaughterhouse,1,,,,112.0,400.0,,,,,,,,,6,hitl
314,2026-01-14 12:30,wholesaler_1,wholesaler,1,,,,,,1.89,6.4,,,,,,,6,hitl
314,2026-01-14 12:30,retail_1,retail,1,,,,,,,,1.85,30.0,0.0,8.0,3.58,20.0,6,hitl
315,2026-01-14 12:45,supplier_1,supplier,1,0.0,,,,,,,,,,,,,6,hitl
315,2026-01-14 12:45,farm_1,farm,1,,651.0,0.036,,,,,,,,,,,6,hitl
315,2026-01-14 12:45,slaughterhouse_1,slaughterhouse,1,,,,112.0,400.0,,,,,,,,,6,hitl
315,2026-01-14 12:45,wholesaler_1,wholesaler,1,,,,,,0.39,6.4,,,,,,,6,hitl
315,2026-01-14 12:45,retail_1,retail,1,,,,,,,,1.06,30.0,0.0,8.25,3.58,20.0,6,hitl
316,2026-01-14 13:00,supplier_1,supplier,1,0.0,,,,,,,,,,,,,6,hitl
316,2026-01-14 13:00,farm_1,farm,1,,651.0,0.036,,,,,,,,,,,6,hitl
316,2026-01-14 13:00,slaughterhouse_1,slaughterhouse,1,,,,112.0,400.0,,,,,,,,,6,hitl
316,2026-01-14 13:00,wholesaler_1,wholesaler,1,,,,,,0.0,6.4,,,,,,,6,hitl
316,2026-01-14 13:00,retail_1,retail,1,,,,,,,,0.06,30.0,0.0,8.5,3.58,20.0,6,hitl
317,2026-01-14 13:15,supplier_1,supplier,1,0.0,,,,,,,,,,,,,6,hitl
317,2026-01-14 13:15,farm_1,farm,1,,651.0,0.036,,,,,,,,,,,6,hitl
317,2026-01-14 13:15,slaughterhouse_1,slaughterhouse,1,,,,112.0,400.0,,,,,,,,,6,hitl
317,2026-01-14 13:15,wholesaler_1,wholesaler,1,,,,,,0.0,6.4,,,,,,,6,hitl
317,2026-01-14 13:15,retail_1,retail,1,,,,,,,,0.0,30.0,1.0,8.75,3.58,20.0,6,hitl
318,2026-01-14 13:30,supplier_1,supplier,1,0.0,,,,,,,,,,,,,6,hitl
318,2026-01-14 13:30,farm_1,farm,1,,651.0,0.036,,,,,,,,,,,6,hitl
318,2026-01-14 13:30,slaughterhouse_1,slaughterhouse,1,,,,112.0,400.0,,,,,,,,,6,hitl
318,2026-01-14 13:30,wholesaler_1,wholesaler,1,,,,,,0.0,6.4,,,,,,,6,hitl
318,2026-01-14 13:30,retail_1,retail,1,,,,,,,,0.0,30.0,1.0,9.0,3.58,20.0,6,hitl
319,2026-01-14 13:45,supplier_1,supplier,1,0.0,,,,,,,,,,,,,6,hitl
319,2026-01-14 13:45,farm_1,farm,1,,651.0,0.036,,,,,,,,,,,6,hitl
319,2026-01-14 13:45,slaughterhouse_1,slaughterhouse,1,,,,112.0,400.0,,,,,,,,,6,hitl
319,2026-01-14 13:45,wholesaler_1,wholesaler,1,,,,,,0.0,6.4,,,,,,,6,hitl
319,2026-01-14 13:45,retail_1,retail,1,,,,,,,,0.0,30.0,1.0,9.25,3.58,20.0,6,hitl
320,2026-01-14 14:00,supplier_1,supplier,1,0.0,,,,,,,,,,,,,6,hitl
320,2026-01-14 14:00,farm_1,farm,1,,651.0,0.036,,,,,,,,,,,6,hitl
320,2026-01-14 14:00,slaughterhouse_1,slaughterhouse,1,,,,112.0,395.68,,,,,,,,,6,hitl
320,2026-01-14 14:00,wholesaler_1,wholesaler,1,,,,,,0.0,6.4,,,,,,,6,hitl
320,2026-01-14 14:00,retail_1,retail,1,,,,,,,,0.0,30.0,1.0,9.5,3.58,20.0,6,hitl
321,2026-01-14 14:15,supplier_1,supplier,1,0.0,,,,,,,,,,,,,6,hitl
321,2026-01-14 14:15,farm_1,farm,1,,651.0,0.036,,,,,,,,,,,6,hitl
321,2026-01-14 14:15,slaughterhouse_1,slaughterhouse,1,,,,112.0,398.65,,,,,,,,,6,hitl
321,2026-01-14 14:15,wholesaler_1,wholesaler,1,,,,,,4.32,6.4,,,,,,,6,hitl
321,2026-01-14 14:15,retail_1,retail,1,,,,,,,,0.0,30.0,1.0,9.75,3.58,20.0,6,hitl
322,2026-01-14 14:30,supplier_1,supplier,1,0.0,,,,,,,,,,,,,6,hitl
322,2026-01-14 14:30,farm_1,farm,1,,651.0,0.036,,,,,,,,,,,6,hitl
322,2026-01-14 14:30,slaughterhouse_1,slaughterhouse,1,,,,112.0,400.0,,,,,,,,,6,hitl
322,2026-01-14 14:30,wholesaler_1,wholesaler,1,,,,,,2.22,6.4,,,,,,,6,hitl
322,2026-01-14 14:30,retail_1,retail,1,,,,,,,,0.0,30.0,1.0,10.0,3.58,20.0,6,hitl
323,2026-01-14 14:45,supplier_1,supplier,1,0.0,,,,,,,,,,,,,6,hitl
323,2026-01-14 14:45,farm_1,farm,1,,651.0,0.036,,,,,,,,,,,6,hitl
323,2026-01-14 14:45,slaughterhouse_1,slaughterhouse,1,,,,112.0,400.0,,,,,,,,,6,hitl
323,2026-01-14 14:45,wholesaler_1,wholesaler,1,,,,,,0.0,6.4,,,,,,,6,hitl
323,2026-01-14 14:45,retail_1,retail,1,,,,,,,,0.0,30.0,1.0,10.25,3.58,20.0,6,hitl
324,2026-01-14 15:00,supplier_1,supplier,1,0.0,,,,,,,,,,,,,6,hitl
324,2026-01-14 15:00,farm_1,farm,0,,651.0,0.036,,,,,,,,,,,6,hitl
324,2026-01-14 15:00,slaughterhouse_1,slaughterhouse,1,,,,112.0,400.0,,,,,,,,,6,hitl
324,2026-01-14 15:00,wholesaler_1,wholesaler,1,,,,,,0.0,3.2,,,,,,,6,hitl
324,2026-01-14 15:00,retail_1,retail,1,,,,,,,,0.0,33.0,1.0,10.5,3.58,50.0,6,hitl
325,2026-01-14 15:15,supplier_1,supplier,1,0.0,,,,,,,,,,,,,6,hitl
325,2026-01-14 15:15,farm_1,farm,0,,651.0,0.036,,,,,,,,,,,6,hitl
325,2026-01-14 15:15,slaughterhouse_1,slaughterhouse,1,,,,112.0,400.0,,,,,,,,,6,hitl
325,2026-01-14 15:15,wholesaler_1,wholesaler,1,,,,,,0.0,3.2,,,,,,,6,hitl
325,2026-01-14 15:15,retail_1,retail,1,,,,,,,,0.0,33.0,1.0,10.75,3.58,50.0,6,hitl
326,2026-01-14 15:30,supplier_1,supplier,1,0.0,,,,,,,,,,,,,6,hitl
326,2026-01-14 15:30,farm_1,farm,0,,651.0,0.036,,,,,,,,,,,6,hitl
326,2026-01-14 15:30,slaughterhouse_1,slaughterhouse,1,,,,112.0,400.0,,,,,,,,,6,hitl
326,2026-01-14 15:30,wholesaler_1,wholesaler,1,,,,,,0.0,3.2,,,,,,,6,hitl
326,2026-01-14 15:30,retail_1,retail,1,,,,,,,,0.0,33.0,1.0,11.0,3.58,50.0,6,hitl
327,2026-01-14 15:45,supplier_1,supplier,1,0.0,,,,,,,,,,,,,6,hitl
327,2026-01-14 15:45,farm_1,farm,0,,651.0,0.036,,,,,,,,,,,6,hitl
327,2026-01-14 15:45,slaughterhouse_1,slaughterhouse,1,,,,112.0,400.0,,,,,,,,,6,hitl
327,2026-01-14 15:45,wholesaler_1,wholesaler,1,,,,,,0.0,3.2,,,,,,,6,hitl
327,2026-01-14 15:45,retail_1,retail,1,,,,,,,,0.0,33.0,1.0,11.25,3.58,50.0,6,hitl
328,2026-01-14 16:00,supplier_1,supplier,1,0.0,,,,,,,,,,,,,6,hitl
328,2026-01-14 16:00,farm_1,farm,0,,651.0,0.036,,,,,,,,,,,6,hitl
328,2026-01-14 16:00,slaughterhouse_1,slaughterhouse,1,,,,112.0,395.68,,,,,,,,,6,hitl
328,2026-01-14 16:00,wholesaler_1,wholesaler,1,,,,,,0.0,3.2,,,,,,,6,hitl
328,2026-01-14 16:00,retail_1,retail,1,,,,,,,,0.0,33.0,1.0,11.5,3.58,50.0,6,hitl
329,2026-01-14 16:15,supplier_1,supplier,1,0.0,,,,,,,,,,,,,6,hitl
329,2026-01-14 16:15,farm_1,farm,0,,651.0,0.036,,,,,,,,,,,6,hitl
329,2026-01-14 16:15,slaughterhouse_1,slaughterhouse,1,,,,112.0,399.03,,,,,,,,,6,hitl
329,2026-01-14 16:15,wholesaler_1,wholesaler,1,,,,,,4.32,3.2,,,,,,,6,hitl
329,2026-01-14 16:15,retail_1,retail,1,,,,,,,,0.0,33.0,1.0,11.75,3.58,50.0,6,hitl
330,2026-01-14 16:30,supplier_1,supplier,1,0.0,,,,,,,,,,,,,6,hitl
330,2026-01-14 16:30,farm_1,farm,0,,651.0,0.036,,,,,,,,,,,6,hitl
330,2026-01-14 16:30,slaughterhouse_1,slaughterhouse,1,,,,112.0,400.0,,,,,,,,,6,hitl
330,2026-01-14 16:30,wholesaler_1,wholesaler,1,,,,,,1.82,3.2,,,,,,,6,hitl
330,2026-01-14 16:30,retail_1,retail,1,,,,,,,,0.0,33.0,1.0,12.0,3.58,50.0,6,hitl
331,2026-01-14 16:45,supplier_1,supplier,1,0.0,,,,,,,,,,,,,6,hitl
331,2026-01-14 16:45,farm_1,farm,0,,651.0,0.036,,,,,,,,,,,6,hitl
331,2026-01-14 16:45,slaughterhouse_1,slaughterhouse,1,,,,112.0,400.0,,,,,,,,,6,hitl
331,2026-01-14 16:45,wholesaler_1,wholesaler,1,,,,,,0.32,3.2,,,,,,,6,hitl
331,2026-01-14 16:45,retail_1,retail,1,,,,,,,,0.0,33.0,1.0,12.25,3.58,50.0,6,hitl
332,2026-01-14 17:00,supplier_1,supplier,1,0.0,,,,,,,,,,,,,6,hitl
332,2026-01-14 17:00,farm_1,farm,0,,651.0,0.036,,,,,,,,,,,6,hitl
332,2026-01-14 17:00,slaughterhouse_1,slaughterhouse,1,,,,112.0,400.0,,,,,,,,,6,hitl
332,2026-01-14 17:00,wholesaler_1,wholesaler,1,,,,,,0.0,3.2,,,,,,,6,hitl
332,2026-01-14 17:00,retail_1,retail,1,,,,,,,,0.0,33.0,1.0,12.5,3.58,50.0,6,hitl
333,2026-01-14 17:15,supplier_1,supplier,1,0.0,,,,,,,,,,,,,6,hitl
333,2026-01-14 17:15,farm_1,farm,0,,651.0,0.036,,,,,,,,,,,6,hitl
333,2026-01-14 17:15,slaughterhouse_1,slaughterhouse,1,,,,112.0,400.0,,,,,,,,,6,hitl
333,2026-01-14 17:15,wholesaler_1,wholesaler,1,,,,,,0.0,3.2,,,,,,,6,hitl
333,2026-01-14 17:15,retail_1,retail,1,,,,,,,,0.0,33.0,1.0,12.75,3.58,50.0,6,hitl
334,2026-01-14 17:30,supplier_1,supplier,1,0.0,,,,,,,,,,,,,6,hitl
334,2026-01-14 17:30,farm_1,farm,0,,651.0,0.036,,,,,,,,,,,6,hitl
334,2026-01-14 17:30,slaughterhouse_1,slaughterhouse,1,,,,112.0,400.0,,,,,,,,,6,hitl
334,2026-01-14 17:30,wholesaler_1,wholesaler,1,,,,,,0.0,3.2,,,,,,,6,hitl
334,2026-01-14 17:30,retail_1,retail,1,,,,,,,,0.0,33.0,1.0,13.0,3.58,50.0,6,hitl
335,2026-01-14 17:45,supplier_1,supplier,1,0.0,,,,,,,,,,,,,6,hitl
335,2026-01-14 17:45,farm_1,farm,0,,651.0,0.036,,,,,,,,,,,6,hitl
335,2026-01-14 17:45,slaughterhouse_1,slaughterhouse,1,,,,112.0,400.0,,,,,,,,,6,hitl
335,2026-01-14 17:45,wholesaler_1,wholesaler,1,,,,,,0.0,3.2,,,,,,,6,hitl
335,2026-01-14 17:45,retail_1,retail,1,,,,,,,,0.0,33.0,1.0,13.25,3.58,50.0,6,hitl
336,2026-01-14 18:00,supplier_1,supplier,1,0.0,,,,,,,,,,,,,6,hitl
336,2026-01-14 18:00,farm_1,farm,0,,651.0,0.036,,,,,,,,,,,6,hitl
336,2026-01-14 18:00,slaughterhouse_1,slaughterhouse,1,,,,112.0,395.68,,,,,,,,,6,hitl
336,2026-01-14 18:00,wholesaler_1,wholesaler,1,,,,,,0.0,3.2,,,,,,,6,hitl
336,2026-01-14 18:00,retail_1,retail,1,,,,,,,,0.0,33.0,1.0,13.5,3.58,50.0,6,hitl
337,2026-01-14 18:15,supplier_1,supplier,1,0.0,,,,,,,,,,,,,6,hitl
337,2026-01-14 18:15,farm_1,farm,0,,651.0,0.036,,,,,,,,,,,6,hitl
337,2026-01-14 18:15,slaughterhouse_1,slaughterhouse,1,,,,112.0,398.96,,,,,,,,,6,hitl
337,2026-01-14 18:15,wholesaler_1,wholesaler,1,,,,,,4.32,3.2,,,,,,,6,hitl
337,2026-01-14 18:15,retail_1,retail,1,,,,,,,,0.0,33.0,1.0,13.75,3.58,50.0,6,hitl
338,2026-01-14 18:30,supplier_1,supplier,1,0.0,,,,,,,,,,,,,6,hitl
338,2026-01-14 18:30,farm_1,farm,0,,651.0,0.036,,,,,,,,,,,6,hitl
338,2026-01-14 18:30,slaughterhouse_1,slaughterhouse,1,,,,112.0,400.0,,,,,,,,,6,hitl
338,2026-01-14 18:30,wholesaler_1,wholesaler,1,,,,,,1.44,3.2,,,,,,,6,hitl
338,2026-01-14 18:30,retail_1,retail,1,,,,,,,,0.0,33.0,1.0,14.0,3.58,50.0,6,hitl
339,2026-01-14 18:45,supplier_1,supplier,1,0.0,,,,,,,,,,,,,6,hitl
339,2026-01-14 18:45,farm_1,farm,0,,651.0,0.036,,,,,,,,,,,6,hitl
339,2026-01-14 18:45,slaughterhouse_1,slaughterhouse,1,,,,112.0,400.0,,,,,,,,,6,hitl
339,2026-01-14 18:45,wholesaler_1,wholesaler,1,,,,,,0.0,3.2,,,,,,,6,hitl
339,2026-01-14 18:45,retail_1,retail,1,,,,,,,,0.0,33.0,1.0,14.25,3.58,50.0,6,hitl
340,2026-01-14 19:00,supplier_1,supplier,1,0.0,,,,,,,,,,,,,6,hitl
340,2026-01-14 19:00,farm_1,farm,0,,651.0,0.036,,,,,,,,,,,6,hitl
340,2026-01-14 19:00,slaughterhouse_1,slaughterhouse,1,,,,112.0,400.0,,,,,,,,,6,hitl
340,2026-01-14 19:00,wholesaler_1,wholesaler,1,,,,,,0.0,3.2,,,,,,,6,hitl
340,2026-01-14 19:00,retail_1,retail,1,,,,,,,,0.0,33.0,1.0,14.5,3.58,50.0,6,hitl
341,2026-01-14 19:15,supplier_1,supplier,1,0.0,,,,,,,,,,,,,6,hitl
341,2026-01-14 19:15,farm_1,farm,0,,651.0,0.036,,,,,,,,,,,6,hitl
341,2026-01-14 19:15,slaughterhouse_1,slaughterhouse,1,,,,112.0,400.0,,,,,,,,,6,hitl
341,2026-01-14 19:15,wholesaler_1,wholesaler,1,,,,,,0.0,3.2,,,,,,,6,hitl
341,2026-01-14 19:15,retail_1,retail,1,,,,,,,,0.0,33.0,1.0,14.75,3.58,50.0,6,hitl
342,2026-01-14 19:30,supplier_1,supplier,1,0.0,,,,,,,,,,,,,6,hitl
342,2026-01-14 19:30,farm_1,farm,0,,651.0,0.036,,,,,,,,,,,6,hitl
342,2026-01-14 19:30,slaughterhouse_1,slaughterhouse,1,,,,112.0,400.0,,,,,,,,,6,hitl
342,2026-01-14 19:30,wholesaler_1,wholesaler,1,,,,,,0.0,3.2,,,,,,,6,hitl
342,2026-01-14 19:30,retail_1,retail,1,,,,,,,,0.0,33.0,1.0,15.0,3.58,50.0,6,hitl
343,2026-01-14 19:45,supplier_1,supplier,1,0.0,,,,,,,,,,,,,6,hitl
343,2026-01-14 19:45,farm_1,farm,0,,651.0,0.036,,,,,,,,,,,6,hitl
343,2026-01-14 19:45,slaughterhouse_1,slaughterhouse,1,,,,112.0,400.0,,,,,,,,,6,hitl
343,2026-01-14 19:45,wholesaler_1,wholesaler,1,,,,,,0.0,3.2,,,,,,,6,hitl
343,2026-01-14 19:45,retail_1,retail,1,,,,,,,,0.0,33.0,1.0,15.25,3.58,50.0,6,hitl
344,2026-01-14 20:00,supplier_1,supplier,1,0.0,,,,,,,,,,,,,6,hitl
344,2026-01-14 20:00,farm_1,farm,0,,651.0,0.036,,,,,,,,,,,6,hitl
344,2026-01-14 20:00,slaughterhouse_1,slaughterhouse,1,,,,112.0,395.68,,,,,,,,,6,hitl
344,2026-01-14 20:00,wholesaler_1,wholesaler,1,,,,,,0.0,3.2,,,,,,,6,hitl
344,2026-01-14 20:00,retail_1,retail,1,,,,,,,,0.0,33.0,1.0,15.5,3.58,50.0,6,hitl
345,2026-01-14 20:15,supplier_1,supplier,1,0.0,,,,,,,,,,,,,6,hitl
345,2026-01-14 20:15,farm_1,farm,0,,651.0,0.036,,,,,,,,,,,6,hitl
345,2026-01-14 20:15,slaughterhouse_1,slaughterhouse,1,,,,112.0,399.02,,,,,,,,,6,hitl
345,2026-01-14 20:15,wholesaler_1,wholesaler,1,,,,,,4.32,3.2,,,,,,,6,hitl
345,2026-01-14 20:15,retail_1,retail,1,,,,,,,,0.0,33.0,1.0,15.75,3.58,50.0,6,hitl
346,2026-01-14 20:30,supplier_1,supplier,1,0.0,,,,,,,,,,,,,6,hitl
346,2026-01-14 20:30,farm_1,farm,0,,651.0,0.036,,,,,,,,,,,6,hitl
346,2026-01-14 20:30,slaughterhouse_1,slaughterhouse,1,,,,112.0,400.0,,,,,,,,,6,hitl
346,2026-01-14 20:30,wholesaler_1,wholesaler,1,,,,,,2.31,3.2,,,,,,,6,hitl
346,2026-01-14 20:30,retail_1,retail,1,,,,,,,,0.0,33.0,1.0,16.0,3.58,50.0,6,hitl
347,2026-01-14 20:45,supplier_1,supplier,1,0.0,,,,,,,,,,,,,6,hitl
347,2026-01-14 20:45,farm_1,farm,0,,651.0,0.036,,,,,,,,,,,6,hitl
347,2026-01-14 20:45,slaughterhouse_1,slaughterhouse,1,,,,112.0,400.0,,,,,,,,,6,hitl
347,2026-01-14 20:45,wholesaler_1,wholesaler,1,,,,,,0.06,3.2,,,,,,,6,hitl
347,2026-01-14 20:45,retail_1,retail,1,,,,,,,,0.0,33.0,1.0,16.25,3.58,50.0,6,hitl
348,2026-01-14 21:00,supplier_1,supplier,1,0.0,,,,,,,,,,,,,6,hitl
348,2026-01-14 21:00,farm_1,farm,0,,651.0,0.036,,,,,,,,,,,6,hitl
348,2026-01-14 21:00,slaughterhouse_1,slaughterhouse,1,,,,112.0,400.0,,,,,,,,,6,hitl
348,2026-01-14 21:00,wholesaler_1,wholesaler,1,,,,,,0.0,3.2,,,,,,,6,hitl
348,2026-01-14 21:00,retail_1,retail,1,,,,,,,,0.0,33.0,1.0,16.5,3.58,50.0,6,hitl
349,2026-01-14 21:15,supplier_1,supplier,1,0.0,,,,,,,,,,,,,6,hitl
349,2026-01-14 21:15,farm_1,farm,0,,651.0,0.036,,,,,,,,,,,6,hitl
349,2026-01-14 21:15,slaughterhouse_1,slaughterhouse,1,,,,112.0,400.0,,,,,,,,,6,hitl
349,2026-01-14 21:15,wholesaler_1,wholesaler,1,,,,,,0.0,3.2,,,,,,,6,hitl
349,2026-01-14 21:15,retail_1,retail,1,,,,,,,,0.0,33.0,1.0,16.75,3.58,50.0,6,hitl
350,2026-01-14 21:30,supplier_1,supplier,1,0.0,,,,,,,,,,,,,6,hitl
350,2026-01-14 21:30,farm_1,farm,0,,651.0,0.036,,,,,,,,,,,6,hitl
350,2026-01-14 21:30,slaughterhouse_1,slaughterhouse,1,,,,112.0,400.0,,,,,,,,,6,hitl
350,2026-01-14 21:30,wholesaler_1,wholesaler,1,,,,,,0.0,3.2,,,,,,,6,hitl
350,2026-01-14 21:30,retail_1,retail,1,,,,,,,,0.0,33.0,1.0,17.0,3.58,50.0,6,hitl
351,2026-01-14 21:45,supplier_1,supplier,1,0.0,,,,,,,,,,,,,6,hitl
351,2026-01-14 21:45,farm_1,farm,0,,651.0,0.036,,,,,,,,,,,6,hitl
351,2026-01-14 21:45,slaughterhouse_1,slaughterhouse,1,,,,112.0,400.0,,,,,,,,,6,hitl
351,2026-01-14 21:45,wholesaler_1,wholesaler,1,,,,,,0.0,3.2,,,,,,,6,hitl
351,2026-01-14 21:45,retail_1,retail,1,,,,,,,,0.0,33.0,1.0,17.25,3.58,50.0,6,hitl
352,2026-01-14 22:00,supplier_1,supplier,1,0.0,,,,,,,,,,,,,6,hitl
352,2026-01-14 22:00,farm_1,farm,0,,651.0,0.036,,,,,,,,,,,6,hitl
352,2026-01-14 22:00,slaughterhouse_1,slaughterhouse,1,,,,112.0,395.68,,,,,,,,,6,hitl
352,2026-01-14 22:00,wholesaler_1,wholesaler,1,,,,,,0.0,3.2,,,,,,,6,hitl
352,2026-01-14 22:00,retail_1,retail,1,,,,,,,,0.0,33.0,1.0,17.5,3.58,50.0,6,hitl
353,2026-01-14 22:15,supplier_1,supplier,1,0.0,,,,,,,,,,,,,6,hitl
353,2026-01-14 22:15,farm_1,farm,0,,651.0,0.036,,,,,,,,,,,6,hitl
353,2026-01-14 22:15,slaughterhouse_1,slaughterhouse,1,,,,112.0,398.79,,,,,,,,,6,hitl
353,2026-01-14 22:15,wholesaler_1,wholesaler,1,,,,,,4.32,3.2,,,,,,,6,hitl
353,2026-01-14 22:15,retail_1,retail,1,,,,,,,,0.0,33.0,1.0,17.75,3.58,50.0,6,hitl
354,2026-01-14 22:30,supplier_1,supplier,1,0.0,,,,,,,,,,,,,6,hitl
354,2026-01-14 22:30,farm_1,farm,0,,651.0,0.036,,,,,,,,,,,6,hitl
354,2026-01-14 22:30,slaughterhouse_1,slaughterhouse,1,,,,112.0,400.0,,,,,,,,,6,hitl
354,2026-01-14 22:30,wholesaler_1,wholesaler,1,,,,,,2.52,3.2,,,,,,,6,hitl
354,2026-01-14 22:30,retail_1,retail,1,,,,,,,,0.0,33.0,1.0,18.0,3.58,50.0,6,hitl
355,2026-01-14 22:45,supplier_1,supplier,1,0.0,,,,,,,,,,,,,6,hitl
355,2026-01-14 22:45,farm_1,farm,0,,651.0,0.036,,,,,,,,,,,6,hitl
355,2026-01-14 22:45,slaughterhouse_1,slaughterhouse,1,,,,112.0,400.0,,,,,,,,,6,hitl
355,2026-01-14 22:45,wholesaler_1,wholesaler,1,,,,,,0.25,3.2,,,,,,,6,hitl
355,2026-01-14 22:45,retail_1,retail,1,,,,,,,,0.0,33.0,1.0,18.25,3.58,50.0,6,hitl
356,2026-01-14 23:00,supplier_1,supplier,1,0.0,,,,,,,,,,,,,6,hitl
356,2026-01-14 23:00,farm_1,farm,0,,651.0,0.036,,,,,,,,,,,6,hitl
356,2026-01-14 23:00,slaughterhouse_1,slaughterhouse,1,,,,112.0,400.0,,,,,,,,,6,hitl
356,2026-01-14 23:00,wholesaler_1,wholesaler,1,,,,,,0.0,3.2,,,,,,,6,hitl
356,2026-01-14 23:00,retail_1,retail,1,,,,,,,,0.0,33.0,1.0,18.5,3.58,50.0,6,hitl
357,2026-01-14 23:15,supplier_1,supplier,1,0.0,,,,,,,,,,,,,6,hitl
357,2026-01-14 23:15,farm_1,farm,0,,651.0,0.036,,,,,,,,,,,6,hitl
357,2026-01-14 23:15,slaughterhouse_1,slaughterhouse,1,,,,112.0,400.0,,,,,,,,,6,hitl
357,2026-01-14 23:15,wholesaler_1,wholesaler,1,,,,,,0.0,3.2,,,,,,,6,hitl
357,2026-01-14 23:15,retail_1,retail,1,,,,,,,,0.0,33.0,1.0,18.75,3.58,50.0,6,hitl
358,2026-01-14 23:30,supplier_1,supplier,1,0.0,,,,,,,,,,,,,6,hitl
358,2026-01-14 23:30,farm_1,farm,0,,651.0,0.036,,,,,,,,,,,6,hitl
358,2026-01-14 23:30,slaughterhouse_1,slaughterhouse,1,,,,112.0,400.0,,,,,,,,,6,hitl
358,2026-01-14 23:30,wholesaler_1,wholesaler,1,,,,,,0.0,3.2,,,,,,,6,hitl
358,2026-01-14 23:30,retail_1,retail,1,,,,,,,,0.0,33.0,1.0,19.0,3.58,50.0,6,hitl
359,2026-01-14 23:45,supplier_1,supplier,1,0.0,,,,,,,,,,,,,6,hitl
359,2026-01-14 23:45,farm_1,farm,0,,651.0,0.036,,,,,,,,,,,6,hitl
359,2026-01-14 23:45,slaughterhouse_1,slaughterhouse,1,,,,112.0,400.0,,,,,,,,,6,hitl
359,2026-01-14 23:45,wholesaler_1,wholesaler,1,,,,,,0.0,3.2,,,,,,,6,hitl
359,2026-01-14 23:45,retail_1,retail,1,,,,,,,,0.0,33.0,1.0,19.25,3.58,50.0,6,hitl
360,2026-01-15 00:00,supplier_1,supplier,1,0.0,,,,,,,,,,,,,6,hitl
360,2026-01-15 00:00,farm_1,farm,1,,651.0,0.036,,,,,,,,,,,6,hitl
360,2026-01-15 00:00,slaughterhouse_1,slaughterhouse,1,,,,112.0,395.68,,,,,,,,,6,hitl
360,2026-01-15 00:00,wholesaler_1,wholesaler,1,,,,,,0.0,3.2,,,,,,,6,hitl
360,2026-01-15 00:00,retail_1,retail,1,,,,,,,,0.0,33.0,1.0,19.5,3.58,50.0,6,hitl
361,2026-01-15 00:15,supplier_1,supplier,1,0.0,,,,,,,,,,,,,6,hitl
361,2026-01-15 00:15,farm_1,farm,1,,651.0,0.036,,,,,,,,,,,6,hitl
361,2026-01-15 00:15,slaughterhouse_1,slaughterhouse,1,,,,112.0,398.84,,,,,,,,,6,hitl
361,2026-01-15 00:15,wholesaler_1,wholesaler,1,,,,,,4.32,3.2,,,,,,,6,hitl
361,2026-01-15 00:15,retail_1,retail,1,,,,,,,,0.0,33.0,1.0,19.75,3.58,50.0,6,hitl
362,2026-01-15 00:30,supplier_1,supplier,1,0.0,,,,,,,,,,,,,6,hitl
362,2026-01-15 00:30,farm_1,farm,1,,651.0,0.036,,,,,,,,,,,6,hitl
362,2026-01-15 00:30,slaughterhouse_1,slaughterhouse,1,,,,112.0,400.0,,,,,,,,,6,hitl
362,2026-01-15 00:30,wholesaler_1,wholesaler,1,,,,,,1.48,3.2,,,,,,,6,hitl
362,2026-01-15 00:30,retail_1,retail,1,,,,,,,,0.0,33.0,1.0,20.0,3.58,50.0,6,hitl
363,2026-01-15 00:45,supplier_1,supplier,1,0.0,,,,,,,,,,,,,6,hitl
363,2026-01-15 00:45,farm_1,farm,1,,651.0,0.036,,,,,,,,,,,6,hitl
363,2026-01-15 00:45,slaughterhouse_1,slaughterhouse,1,,,,112.0,400.0,,,,,,,,,6,hitl
363,2026-01-15 00:45,wholesaler_1,wholesaler,1,,,,,,0.0,3.2,,,,,,,6,hitl
363,2026-01-15 00:45,retail_1,retail,1,,,,,,,,0.0,33.0,1.0,20.25,3.58,50.0,6,hitl
364,2026-01-15 01:00,supplier_1,supplier,1,0.0,,,,,,,,,,,,,6,hitl
364,2026-01-15 01:00,farm_1,farm,1,,651.0,0.036,,,,,,,,,,,6,hitl
364,2026-01-15 01:00,slaughterhouse_1,slaughterhouse,0,,,,372.0,221.83,,,,,,,,,6,hitl
364,2026-01-15 01:00,wholesaler_1,wholesaler,1,,,,,,0.0,3.2,,,,,,,6,hitl
364,2026-01-15 01:00,retail_1,retail,1,,,,,,,,0.0,33.0,1.0,20.5,3.58,50.0,6,hitl
365,2026-01-15 01:15,supplier_1,supplier,1,0.0,,,,,,,,,,,,,6,hitl
365,2026-01-15 01:15,farm_1,farm,1,,651.0,0.036,,,,,,,,,,,6,hitl
365,2026-01-15 01:15,slaughterhouse_1,slaughterhouse,0,,,,372.0,231.62,,,,,,,,,6,hitl
365,2026-01-15 01:15,wholesaler_1,wholesaler,1,,,,,,0.0,3.2,,,,,,,6,hitl
365,2026-01-15 01:15,retail_1,retail,1,,,,,,,,0.0,33.0,1.0,20.75,3.58,50.0,6,hitl
366,2026-01-15 01:30,supplier_1,supplier,1,0.0,,,,,,,,,,,,,6,hitl
366,2026-01-15 01:30,farm_1,farm,1,,651.0,0.036,,,,,,,,,,,6,hitl
366,2026-01-15 01:30,slaughterhouse_1,slaughterhouse,0,,,,372.0,241.95,,,,,,,,,6,hitl
366,2026-01-15 01:30,wholesaler_1,wholesaler,1,,,,,,0.0,3.2,,,,,,,6,hitl
366,2026-01-15 01:30,retail_1,retail,1,,,,,,,,0.0,33.0,1.0,21.0,3.58,50.0,6,hitl
367,2026-01-15 01:45,supplier_1,supplier,1,0.0,,,,,,,,,,,,,6,hitl
367,2026-01-15 01:45,farm_1,farm,1,,651.0,0.036,,,,,,,,,,,6,hitl
367,2026-01-15 01:45,slaughterhouse_1,slaughterhouse,0,,,,372.0,252.1,,,,,,,,,6,hitl
367,2026-01-15 01:45,wholesaler_1,wholesaler,1,,,,,,0.0,3.2,,,,,,,6,hitl
367,2026-01-15 01:45,retail_1,retail,1,,,,,,,,0.0,33.0,1.0,21.25,3.58,50.0,6,hitl
368,2026-01-15 02:00,supplier_1,supplier,1,0.0,,,,,,,,,,,,,6,hitl
368,2026-01-15 02:00,farm_1,farm,1,,651.0,0.036,,,,,,,,,,,6,hitl
368,2026-01-15 02:00,slaughterhouse_1,slaughterhouse,0,,,,372.0,238.85,,,,,,,,,6,hitl
368,2026-01-15 02:00,wholesaler_1,wholesaler,1,,,,,,0.0,3.2,,,,,,,6,hitl
368,2026-01-15 02:00,retail_1,retail,1,,,,,,,,0.0,33.0,1.0,21.5,3.58,50.0,6,hitl
369,2026-01-15 02:15,supplier_1,supplier,1,0.0,,,,,,,,,,,,,6,hitl
369,2026-01-15 02:15,farm_1,farm,1,,651.0,0.036,,,,,,,,,,,6,hitl
369,2026-01-15 02:15,slaughterhouse_1,slaughterhouse,0,,,,372.0,248.8,,,,,,,,,6,hitl
369,2026-01-15 02:15,wholesaler_1,wholesaler,1,,,,,,24.0,3.2,,,,,,,6,hitl
369,2026-01-15 02:15,retail_1,retail,1,,,,,,,,0.0,33.0,1.0,21.75,3.58,50.0,6,hitl
370,2026-01-15 02:30,supplier_1,supplier,1,0.0,,,,,,,,,,,,,6,hitl
370,2026-01-15 02:30,farm_1,farm,1,,651.0,0.036,,,,,,,,,,,6,hitl
370,2026-01-15 02:30,slaughterhouse_1,slaughterhouse,0,,,,372.0,258.63,,,,,,,,,6,hitl
370,2026-01-15 02:30,wholesaler_1,wholesaler,1,,,,,,21.9,3.2,,,,,,,6,hitl
370,2026-01-15 02:30,retail_1,retail,1,,,,,,,,0.0,33.0,1.0,22.0,3.58,50.0,6,hitl
371,2026-01-15 02:45,supplier_1,supplier,1,0.0,,,,,,,,,,,,,6,hitl
371,2026-01-15 02:45,farm_1,farm,1,,651.0,0.036,,,,,,,,,,,6,hitl
371,2026-01-15 02:45,slaughterhouse_1,slaughterhouse,0,,,,372.0,268.72,,,,,,,,,6,hitl
371,2026-01-15 02:45,wholesaler_1,wholesaler,1,,,,,,18.98,3.2,,,,,,,6,hitl
371,2026-01-15 02:45,retail_1,retail,1,,,,,,,,0.0,33.0,1.0,22.25,3.58,50.0,6,hitl
372,2026-01-15 03:00,supplier_1,supplier,1,0.0,,,,,,,,,,,,,6,hitl
372,2026-01-15 03:00,farm_1,farm,1,,651.0,0.036,,,,,,,,,,,6,hitl
372,2026-01-15 03:00,slaughterhouse_1,slaughterhouse,0,,,,372.0,279.62,,,,,,,,,6,hitl
372,2026-01-15 03:00,wholesaler_1,wholesaler,1,,,,,,16.86,3.2,,,,,,,6,hitl
372,2026-01-15 03:00,retail_1,retail,1,,,,,,,,0.0,33.0,1.0,22.5,3.58,50.0,6,hitl
373,2026-01-15 03:15,supplier_1,supplier,1,0.0,,,,,,,,,,,,,6,hitl
373,2026-01-15 03:15,farm_1,farm,1,,651.0,0.036,,,,,,,,,,,6,hitl
373,2026-01-15 03:15,slaughterhouse_1,slaughterhouse,0,,,,372.0,290.64,,,,,,,,,6,hitl
373,2026-01-15 03:15,wholesaler_1,wholesaler,1,,,,,,14.44,3.2,,,,,,,6,hitl
373,2026-01-15 03:15,retail_1,retail,1,,,,,,,,0.0,33.0,1.0,22.75,3.58,50.0,6,hitl
374,2026-01-15 03:30,supplier_1,supplier,1,0.0,,,,,,,,,,,,,6,hitl
374,2026-01-15 03:30,farm_1,farm,1,,651.0,0.036,,,,,,,,,,,6,hitl
374,2026-01-15 03:30,slaughterhouse_1,slaughterhouse,0,,,,372.0,301.14,,,,,,,,,6,hitl
374,2026-01-15 03:30,wholesaler_1,wholesaler,1,,,,,,11.73,3.2,,,,,,,6,hitl
374,2026-01-15 03:30,retail_1,retail,1,,,,,,,,0.0,33.0,1.0,23.0,3.58,50.0,6,hitl
375,2026-01-15 03:45,supplier_1,supplier,1,0.0,,,,,,,,,,,,,6,hitl
375,2026-01-15 03:45,farm_1,farm,1,,651.0,0.036,,,,,,,,,,,6,hitl
375,2026-01-15 03:45,slaughterhouse_1,slaughterhouse,0,,,,372.0,311.55,,,,,,,,,6,hitl
375,2026-01-15 03:45,wholesaler_1,wholesaler,1,,,,,,9.13,3.2,,,,,,,6,hitl
375,2026-01-15 03:45,retail_1,retail,1,,,,,,,,0.0,33.0,1.0,23.25,3.58,50.0,6,hitl
376,2026-01-15 04:00,supplier_1,supplier,1,0.0,,,,,,,,,,,,,6,hitl
376,2026-01-15 04:00,farm_1,farm,1,,651.0,0.036,,,,,,,,,,,6,hitl
376,2026-01-15 04:00,slaughterhouse_1,slaughterhouse,0,,,,372.0,297.99,,,,,,,,,6,hitl
376,2026-01-15 04:00,wholesaler_1,wholesaler,1,,,,,,7.52,3.2,,,,,,,6,hitl
376,2026-01-15 04:00,retail_1,retail,1,,,,,,,,0.0,33.0,1.0,23.5,3.58,50.0,6,hitl
377,2026-01-15 04:15,supplier_1,supplier,1,0.0,,,,,,,,,,,,,6,hitl
377,2026-01-15 04:15,farm_1,farm,1,,651.0,0.036,,,,,,,,,,,6,hitl
377,2026-01-15 04:15,slaughterhouse_1,slaughterhouse,0,,,,372.0,308.5,,,,,,,,,6,hitl
377,2026-01-15 04:15,wholesaler_1,wholesaler,1,,,,,,29.68,3.2,,,,,,,6,hitl
377,2026-01-15 04:15,retail_1,retail,1,,,,,,,,0.0,33.0,1.0,23.75,3.58,50.0,6,hitl
378,2026-01-15 04:30,supplier_1,supplier,1,0.0,,,,,,,,,,,,,6,hitl
378,2026-01-15 04:30,farm_1,farm,1,,651.0,0.036,,,,,,,,,,,6,hitl
378,2026-01-15 04:30,slaughterhouse_1,slaughterhouse,0,,,,372.0,318.04,,,,,,,,,6,hitl
378,2026-01-15 04:30,wholesaler_1,wholesaler,1,,,,,,27.55,3.2,,,,,,,6,hitl
378,2026-01-15 04:30,retail_1,retail,1,,,,,,,,0.0,33.0,1.0,24.0,3.58,50.0,6,hitl
379,2026-01-15 04:45,supplier_1,supplier,1,0.0,,,,,,,,,,,,,6,hitl
379,2026-01-15 04:45,farm_1,farm,1,,651.0,0.036,,,,,,,,,,,6,hitl
379,2026-01-15 04:45,slaughterhouse_1,slaughterhouse,0,,,,372.0,328.19,,,,,,,,,6,hitl
379,2026-01-15 04:45,wholesaler_1,wholesaler,1,,,,,,25.8,3.2,,,,,,,6,hitl
379,2026-01-15 04:45,retail_1,retail,1,,,,,,,,0.0,33.0,1.0,24.25,3.58,50.0,6,hitl
380,2026-01-15 05:00,supplier_1,supplier,1,0.0,,,,,,,,,,,,,6,hitl
380,2026-01-15 05:00,farm_1,farm,1,,651.0,0.036,,,,,,,,,,,6,hitl
380,2026-01-15 05:00,slaughterhouse_1,slaughterhouse,0,,,,372.0,338.22,,,,,,,,,6,hitl
380,2026-01-15 05:00,wholesaler_1,wholesaler,1,,,,,,23.17,3.2,,,,,,,6,hitl
380,2026-01-15 05:00,retail_1,retail,1,,,,,,,,0.0,33.0,1.0,24.5,3.58,50.0,6,hitl
381,2026-01-15 05:15,supplier_1,supplier,1,0.0,,,,,,,,,,,,,6,hitl
381,2026-01-15 05:15,farm_1,farm,1,,651.0,0.036,,,,,,,,,,,6,hitl
381,2026-01-15 05:15,slaughterhouse_1,slaughterhouse,0,,,,372.0,348.3,,,,,,,,,6,hitl
381,2026-01-15 05:15,wholesaler_1,wholesaler,1,,,,,,20.41,3.2,,,,,,,6,hitl
381,2026-01-15 05:15,retail_1,retail,1,,,,,,,,0.0,33.0,1.0,24.75,3.58,50.0,6,hitl
382,2026-01-15 05:30,supplier_1,supplier,1,0.0,,,,,,,,,,,,,6,hitl
382,2026-01-15 05:30,farm_1,farm,1,,651.0,0.036,,,,,,,,,,,6,hitl
382,2026-01-15 05:30,slaughterhouse_1,slaughterhouse,0,,,,372.0,359.29,,,,,,,,,6,hitl
382,2026-01-15 05:30,wholesaler_1,wholesaler,1,,,,,,18.91,3.2,,,,,,,6,hitl
382,2026-01-15 05:30,retail_1,retail,1,,,,,,,,0.0,33.0,1.0,25.0,3.58,50.0,6,hitl
383,2026-01-15 05:45,supplier_1,supplier,1,0.0,,,,,,,,,,,,,6,hitl
383,2026-01-15 05:45,farm_1,farm,1,,651.0,0.036,,,,,,,,,,,6,hitl
383,2026-01-15 05:45,slaughterhouse_1,slaughterhouse,0,,,,372.0,369.83,,,,,,,,,6,hitl
383,2026-01-15 05:45,wholesaler_1,wholesaler,1,,,,,,17.05,3.2,,,,,,,6,hitl
383,2026-01-15 05:45,retail_1,retail,1,,,,,,,,0.0,33.0,1.0,25.25,3.58,50.0,6,hitl
