tick,timestamp,node_id,node_type,disrupted,available_supply,production_capacity,mortality_rate,processing_capacity,output_stock,inventory_level,pending_shipments,retail_inventory,safety_stock,stockout_flag,shortage_duration,sales_rate,reorder_request,scenario_id,mode
0,2026-02-18 06:00,supplier_1,supplier,0,927.61,,,,,,,,,,,,,25,hitl
0,2026-02-18 06:00,farm_1,farm,0,,769.0,0.0223,,,,,,,,,,,25,hitl
0,2026-02-18 06:00,slaughterhouse_1,slaughterhouse,0,,,,397.0,223.88,,,,,,,,,25,hitl
0,2026-02-18 06:00,wholesaler_1,wholesaler,0,,,,,,173.48,6.5,,,,,,,25,hitl
0,2026-02-18 06:00,retail_1,retail,0,,,,,,,,82.51,30.0,0.0,0.0,3.58,0.0,25,hitl
1,2026-02-18 06:15,supplier_1,supplier,0,926.25,,,,,,,,,,,,,25,hitl
1,2026-02-18 06:15,farm_1,farm,0,,769.0,0.0223,,,,,,,,,,,25,hitl
1,2026-02-18 06:15,slaughterhouse_1,slaughterhouse,0,,,,397.0,234.87,,,,,,,,,25,hitl
1,2026-02-18 06:15,wholesaler_1,wholesaler,0,,,,,,195.32,6.5,,,,,,,25,hitl
1,2026-02-18 06:15,retail_1,retail,0,,,,,,,,89.52,30.0,0.0,0.0,3.58,0.0,25,hitl
2,2026-02-18 06:30,supplier_1,supplier,0,925.03,,,,,,,,,,,,,25,hitl
2,2026-02-18 06:30,farm_1,farm,0,,769.0,0.0223,,,,,,,,,,,25,hitl
2,2026-02-18 06:30,slaughterhouse_1,slaughterhouse,0,,,,397.0,245.51,,,,,,,,,25,hitl
2,2026-02-18 06:30,wholesaler_1,wholesaler,0,,,,,,192.57,6.5,,,,,,,25,hitl
2,2026-02-18 06:30,retail_1,retail,0,,,,,,,,88.64,30.0,0.0,0.0,3.58,0.0,25,hitl
3,2026-02-18 06:45,supplier_1,supplier,0,924.24,,,,,,,,,,,,,25,hitl
3,2026-02-18 06:45,farm_1,farm,0,,769.0,0.0223,,,,,,,,,,,25,hitl
3,2026-02-18 06:45,slaughterhouse_1,slaughterhouse,0,,,,397.0,257.06,,,,,,,,,25,hitl
3,2026-02-18 06:45,wholesaler_1,wholesaler,0,,,,,,189.79,6.5,,,,,,,25,hitl
3,2026-02-18 06:45,retail_1,retail,0,,,,,,,,87.7,30.0,0.0,0.0,3.58,0.0,25,hitl
4,2026-02-18 07:00,supplier_1,supplier,0,922.96,,,,,,,,,,,,,25,hitl
4,2026-02-18 07:00,farm_1,farm,0,,769.0,0.0223,,,,,,,,,,,25,hitl
4,2026-02-18 07:00,slaughterhouse_1,slaughterhouse,0,,,,397.0,267.49,,,,,,,,,25,hitl
4,2026-02-18 07:00,wholesaler_1,wholesaler,0,,,,,,179.63,6.5,,,,,,,25,hitl
4,2026-02-18 07:00,retail_1,retail,0,,,,,,,,86.75,30.0,0.0,0.0,3.58,0.0,25,hitl
5,2026-02-18 07:15,supplier_1,supplier,0,921.54,,,,,,,,,,,,,25,hitl
5,2026-02-18 07:15,farm_1,farm,0,,769.0,0.0223,,,,,,,,,,,25,hitl
5,2026-02-18 07:15,slaughterhouse_1,slaughterhouse,0,,,,397.0,277.83,,,,,,,,,25,hitl
5,2026-02-18 07:15,wholesaler_1,wholesaler,0,,,,,,177.57,6.5,,,,,,,25,hitl
5,2026-02-18 07:15,retail_1,retail,0,,,,,,,,93.92,30.0,0.0,0.0,3.58,0.0,25,hitl
6,2026-02-18 07:30,supplier_1,supplier,0,921.03,,,,,,,,,,,,,25,hitl
6,2026-02-18 07:30,farm_1,farm,0,,769.0,0.0223,,,,,,,,,,,25,hitl
6,2026-02-18 07:30,slaughterhouse_1,slaughterhouse,0,,,,397.0,289.3,,,,,,,,,25,hitl
6,2026-02-18 07:30,wholesaler_1,wholesaler,0,,,,,,175.91,6.5,,,,,,,25,hitl
6,2026-02-18 07:30,retail_1,retail,0,,,,,,,,92.99,30.0,0.0,0.0,3.58,0.0,25,hitl
7,2026-02-18 07:45,supplier_1,supplier,0,919.99,,,,,,,,,,,,,25,hitl
7,2026-02-18 07:45,farm_1,farm,0,,769.0,0.0223,,,,,,,,,,,25,hitl
7,2026-02-18 07:45,slaughterhouse_1,slaughterhouse,0,,,,397.0,300.52,,,,,,,,,25,hitl
7,2026-02-18 07:45,wholesaler_1,wholesaler,0,,,,,,173.32,6.5,,,,,,,25,hitl
7,2026-02-18 07:45,retail_1,retail,0,,,,,,,,92.19,30.0,0.0,0.0,3.58,0.0,25,hitl
8,2026-02-18 08:00,supplier_1,supplier,0,919.02,,,,,,,,,,,,,25,hitl
8,2026-02-18 08:00,farm_1,farm,0,,769.0,0.0223,,,,,,,,,,,25,hitl
8,2026-02-18 08:00,slaughterhouse_1,slaughterhouse,0,,,,397.0,288.11,,,,,,,,,25,hitl
8,2026-02-18 08:00,wholesaler_1,wholesaler,0,,,,,,163.27,6.5,,,,,,,25,hitl
8,2026-02-18 08:00,retail_1,retail,0,,,,,,,,91.32,30.0,0.0,0.0,3.58,0.0,25,hitl
9,2026-02-18 08:15,supplier_1,supplier,0,918.45,,,,,,,,,,,,,25,hitl
9,2026-02-18 08:15,farm_1,farm,0,,769.0,0.0223,,,,,,,,,,,25,hitl
9,2026-02-18 08:15,slaughterhouse_1,slaughterhouse,0,,,,397.0,299.79,,,,,,,,,25,hitl
9,2026-02-18 08:15,wholesaler_1,wholesaler,0,,,,,,185.04,6.5,,,,,,,25,hitl
9,2026-02-18 08:15,retail_1,retail,0,,,,,,,,98.49,30.0,0.0,0.0,3.58,0.0,25,hitl
10,2026-02-18 08:30,supplier_1,supplier,0,917.82,,,,,,,,,,,,,25,hitl
10,2026-02-18 08:30,farm_1,farm,0,,769.0,0.0223,,,,,,,,,,,25,hitl
10,2026-02-18 08:30,slaughterhouse_1,slaughterhouse,0,,,,397.0,311.33,,,,,,,,,25,hitl
10,2026-02-18 08:30,wholesaler_1,wholesaler,0,,,,,,182.43,6.5,,,,,,,25,hitl
10,2026-02-18 08:30,retail_1,retail,0,,,,,,,,97.59,30.0,0.0,0.0,3.58,0.0,25,hitl
11,2026-02-18 08:45,supplier_1,supplier,0,917.12,,,,,,,,,,,,,25,hitl
11,2026-02-18 08:45,farm_1,farm,0,,769.0,0.0223,,,,,,,,,,,25,hitl
11,2026-02-18 08:45,slaughterhouse_1,slaughterhouse,0,,,,397.0,321.51,,,,,,,,,25,hitl
11,2026-02-18 08:45,wholesaler_1,wholesaler,0,,,,,,180.53,6.5,,,,,,,25,hitl
11,2026-02-18 08:45,retail_1,retail,0,,,,,,,,96.62,30.0,0.0,0.0,3.58,0.0,25,hitl
12,2026-02-18 09:00,supplier_1,supplier,0,915.8,,,,,,,,,,,,,25,hitl
12,2026-02-18 09:00,farm_1,farm,0,,769.0,0.0223,,,,,,,,,,,25,hitl
12,2026-02-18 09:00,slaughterhouse_1,slaughterhouse,0,,,,397.0,333.02,,,,,,,,,25,hitl
12,2026-02-18 09:00,wholesaler_1,wholesaler,0,,,,,,169.79,6.5,,,,,,,25,hitl
12,2026-02-18 09:00,retail_1,retail,0,,,,,,,,95.7,30.0,0.0,0.0,3.58,0.0,25,hitl
13,2026-02-18 09:15,supplier_1,supplier,0,914.53,,,,,,,,,,,,,25,hitl
13,2026-02-18 09:15,farm_1,farm,0,,769.0,0.0223,,,,,,,,,,,25,hitl
13,2026-02-18 09:15,slaughterhouse_1,slaughterhouse,0,,,,397.0,343.95,,,,,,,,,25,hitl
13,2026-02-18 09:15,wholesaler_1,wholesaler,0,,,,,,167.59,6.5,,,,,,,25,hitl
13,2026-02-18 09:15,retail_1,retail,0,,,,,,,,102.87,30.0,0.0,0.0,3.58,0.0,25,hitl
14,2026-02-18 09:30,supplier_1,supplier,0,914.02,,,,,,,,,,,,,25,hitl
14,2026-02-18 09:30,farm_1,farm,0,,769.0,0.0223,,,,,,,,,,,25,hitl
14,2026-02-18 09:30,slaughterhouse_1,slaughterhouse,0,,,,397.0,355.76,,,,,,,,,25,hitl
14,2026-02-18 09:30,wholesaler_1,wholesaler,0,,,,,,166.02,6.5,,,,,,,25,hitl
14,2026-02-18 09:30,retail_1,retail,0,,,,,,,,101.88,30.0,0.0,0.0,3.58,0.0,25,hitl
15,2026-02-18 09:45,supplier_1,supplier,0,912.98,,,,,,,,,,,,,25,hitl
15,2026-02-18 09:45,farm_1,farm,0,,769.0,0.0223,,,,,,,,,,,25,hitl
15,2026-02-18 09:45,slaughterhouse_1,slaughterhouse,0,,,,397.0,366.38,,,,,,,,,25,hitl
15,2026-02-18 09:45,wholesaler_1,wholesaler,0,,,,,,163.66,6.5,,,,,,,25,hitl
15,2026-02-18 09:45,retail_1,retail,0,,,,,,,,100.99,30.0,0.0,0.0,3.58,0.0,25,hitl
16,2026-02-18 10:00,supplier_1,supplier,0,911.59,,,,,,,,,,,,,25,hitl
16,2026-02-18 10:00,farm_1,farm,0,,769.0,0.0223,,,,,,,,,,,25,hitl
16,2026-02-18 10:00,slaughterhouse_1,slaughterhouse,0,,,,397.0,354.27,,,,,,,,,25,hitl
16,2026-02-18 10:00,wholesaler_1,wholesaler,0,,,,,,156.26,6.5,,,,,,,25,hitl
16,2026-02-18 10:00,retail_1,retail,0,,,,,,,,100.01,30.0,0.0,0.0,3.58,0.0,25,hitl
17,2026-02-18 10:15,supplier_1,supplier,0,910.64,,,,,,,,,,,,,25,hitl
17,2026-02-18 10:15,farm_1,farm,0,,769.0,0.0223,,,,,,,,,,,25,hitl
17,2026-02-18 10:15,slaughterhouse_1,slaughterhouse,0,,,,397.0,366.08,,,,,,,,,25,hitl
17,2026-02-18 10:15,wholesaler_1,wholesaler,0,,,,,,178.32,6.5,,,,,,,25,hitl
17,2026-02-18 10:15,retail_1,retail,0,,,,,,,,104.07,30.0,0.0,0.0,3.58,0.0,25,hitl
18,2026-02-18 10:30,supplier_1,supplier,0,909.95,,,,,,,,,,,,,25,hitl
18,2026-02-18 10:30,farm_1,farm,0,,769.0,0.0223,,,,,,,,,,,25,hitl
18,2026-02-18 10:30,slaughterhouse_1,slaughterhouse,0,,,,397.0,376.25,,,,,,,,,25,hitl
18,2026-02-18 10:30,wholesaler_1,wholesaler,0,,,,,,175.99,6.5,,,,,,,25,hitl
18,2026-02-18 10:30,retail_1,retail,0,,,,,,,,103.11,30.0,0.0,0.0,3.58,0.0,25,hitl
19,2026-02-18 10:45,supplier_1,supplier,0,908.97,,,,,,,,,,,,,25,hitl
19,2026-02-18 10:45,farm_1,farm,0,,769.0,0.0223,,,,,,,,,,,25,hitl
19,2026-02-18 10:45,slaughterhouse_1,slaughterhouse,0,,,,397.0,386.44,,,,,,,,,25,hitl
19,2026-02-18 10:45,wholesaler_1,wholesaler,0,,,,,,173.01,6.5,,,,,,,25,hitl
19,2026-02-18 10:45,retail_1,retail,0,,,,,,,,102.17,30.0,0.0,0.0,3.58,0.0,25,hitl
20,2026-02-18 11:00,supplier_1,supplier,0,907.6,,,,,,,,,,,,,25,hitl
20,2026-02-18 11:00,farm_1,farm,0,,769.0,0.0223,,,,,,,,,,,25,hitl
20,2026-02-18 11:00,slaughterhouse_1,slaughterhouse,0,,,,397.0,397.49,,,,,,,,,25,hitl
20,2026-02-18 11:00,wholesaler_1,wholesaler,0,,,,,,167.46,6.5,,,,,,,25,hitl
20,2026-02-18 11:00,retail_1,retail,0,,,,,,,,101.37,30.0,0.0,0.0,3.58,0.0,25,hitl
21,2026-02-18 11:15,supplier_1,supplier,0,906.62,,,,,,,,,,,,,25,hitl
21,2026-02-18 11:15,farm_1,farm,0,,769.0,0.0223,,,,,,,,,,,25,hitl
21,2026-02-18 11:15,slaughterhouse_1,slaughterhouse,0,,,,397.0,400.0,,,,,,,,,25,hitl
21,2026-02-18 11:15,wholesaler_1,wholesaler,0,,,,,,165.95,6.5,,,,,,,25,hitl
21,2026-02-18 11:15,retail_1,retail,0,,,,,,,,104.02,30.0,0.0,0.0,3.58,0.0,25,hitl
22,2026-02-18 11:30,supplier_1,supplier,0,905.88,,,,,,,,,,,,,25,hitl
22,2026-02-18 11:30,farm_1,farm,0,,769.0,0.0223,,,,,,,,,,,25,hitl
22,2026-02-18 11:30,slaughterhouse_1,slaughterhouse,0,,,,397.0,400.0,,,,,,,,,25,hitl
22,2026-02-18 11:30,wholesaler_1,wholesaler,0,,,,,,163.94,6.5,,,,,,,25,hitl
22,2026-02-18 11:30,retail_1,retail,0,,,,,,,,103.08,30.0,0.0,0.0,3.58,0.0,25,hitl
23,2026-02-18 11:45,supplier_1,supplier,0,905.01,,,,,,,,,,,,,25,hitl
23,2026-02-18 11:45,farm_1,farm,0,,769.0,0.0223,,,,,,,,,,,25,hitl
23,2026-02-18 11:45,slaughterhouse_1,slaughterhouse,0,,,,397.0,400.0,,,,,,,,,25,hitl
23,2026-02-18 11:45,wholesaler_1,wholesaler,0,,,,,,162.26,6.5,,,,,,,25,hitl
23,2026-02-18 11:45,retail_1,retail,0,,,,,,,,102.15,30.0,0.0,0.0,3.58,0.0,25,hitl
24,2026-02-18 12:00,supplier_1,supplier,0,903.82,,,,,,,,,,,,,25,hitl
24,2026-02-18 12:00,farm_1,farm,0,,769.0,0.0223,,,,,,,,,,,25,hitl
24,2026-02-18 12:00,slaughterhouse_1,slaughterhouse,0,,,,397.0,376.0,,,,,,,,,25,hitl
24,2026-02-18 12:00,wholesaler_1,wholesaler,0,,,,,,156.94,6.5,,,,,,,25,hitl
24,2026-02-18 12:00,retail_1,retail,0,,,,,,,,101.2,30.0,0.0,0.0,3.58,0.0,25,hitl
25,2026-02-18 12:15,supplier_1,supplier,0,902.7,,,,,,,,,,,,,25,hitl
25,2026-02-18 12:15,farm_1,farm,0,,769.0,0.0223,,,,,,,,,,,25,hitl
25,2026-02-18 12:15,slaughterhouse_1,slaughterhouse,0,,,,397.0,386.77,,,,,,,,,25,hitl
25,2026-02-18 12:15,wholesaler_1,wholesaler,0,,,,,,178.82,6.5,,,,,,,25,hitl
25,2026-02-18 12:15,retail_1,retail,0,,,,,,,,104.11,30.0,0.0,0.0,3.58,0.0,25,hitl
26,2026-02-18 12:30,supplier_1,supplier,0,901.38,,,,,,,,,,,,,25,hitl
26,2026-02-18 12:30,farm_1,farm,0,,769.0,0.0223,,,,,,,,,,,25,hitl
26,2026-02-18 12:30,slaughterhouse_1,slaughterhouse,0,,,,397.0,396.99,,,,,,,,,25,hitl
26,2026-02-18 12:30,wholesaler_1,wholesaler,0,,,,,,176.15,6.5,,,,,,,25,hitl
26,2026-02-18 12:30,retail_1,retail,0,,,,,,,,103.32,30.0,0.0,0.0,3.58,0.0,25,hitl
27,2026-02-18 12:45,supplier_1,supplier,0,900.31,,,,,,,,,,,,,25,hitl
27,2026-02-18 12:45,farm_1,farm,0,,769.0,0.0223,,,,,,,,,,,25,hitl
27,2026-02-18 12:45,slaughterhouse_1,slaughterhouse,0,,,,397.0,400.0,,,,,,,,,25,hitl
27,2026-02-18 12:45,wholesaler_1,wholesaler,0,,,,,,174.34,6.5,,,,,,,25,hitl
27,2026-02-18 12:45,retail_1,retail,0,,,,,,,,102.46,30.0,0.0,0.0,3.58,0.0,25,hitl
28,2026-02-18 13:00,supplier_1,supplier,0,899.11,,,,,,,,,,,,,25,hitl
28,2026-02-18 13:00,farm_1,farm,0,,769.0,0.0223,,,,,,,,,,,25,hitl
28,2026-02-18 13:00,slaughterhouse_1,slaughterhouse,0,,,,397.0,400.0,,,,,,,,,25,hitl
28,2026-02-18 13:00,wholesaler_1,wholesaler,0,,,,,,168.67,6.5,,,,,,,25,hitl
28,2026-02-18 13:00,retail_1,retail,0,,,,,,,,101.5,30.0,0.0,0.0,3.58,0.0,25,hitl
29,2026-02-18 13:15,supplier_1,supplier,0,897.69,,,,,,,,,,,,,25,hitl
29,2026-02-18 13:15,farm_1,farm,0,,769.0,0.0223,,,,,,,,,,,25,hitl
29,2026-02-18 13:15,slaughterhouse_1,slaughterhouse,0,,,,397.0,400.0,,,,,,,,,25,hitl
29,2026-02-18 13:15,wholesaler_1,wholesaler,0,,,,,,166.37,6.5,,,,,,,25,hitl
29,2026-02-18 13:15,retail_1,retail,0,,,,,,,,104.21,30.0,0.0,0.0,3.58,0.0,25,hitl
30,2026-02-18 13:30,supplier_1,supplier,0,897.12,,,,,,,,,,,,,25,hitl
30,2026-02-18 13:30,farm_1,farm,0,,769.0,0.0223,,,,,,,,,,,25,hitl
30,2026-02-18 13:30,slaughterhouse_1,slaughterhouse,0,,,,397.0,400.0,,,,,,,,,25,hitl
30,2026-02-18 13:30,wholesaler_1,wholesaler,0,,,,,,163.73,6.5,,,,,,,25,hitl
30,2026-02-18 13:30,retail_1,retail,0,,,,,,,,103.21,30.0,0.0,0.0,3.58,0.0,25,hitl
31,2026-02-18 13:45,supplier_1,supplier,0,895.79,,,,,,,,,,,,,25,hitl
31,2026-02-18 13:45,farm_1,farm,0,,769.0,0.0223,,,,,,,,,,,25,hitl
31,2026-02-18 13:45,slaughterhouse_1,slaughterhouse,0,,,,397.0,400.0,,,,,,,,,25,hitl
31,2026-02-18 13:45,wholesaler_1,wholesaler,0,,,,,,161.57,6.5,,,,,,,25,hitl
31,2026-02-18 13:45,retail_1,retail,0,,,,,,,,102.25,30.0,0.0,0.0,3.58,0.0,25,hitl
32,2026-02-18 14:00,supplier_1,supplier,0,894.43,,,,,,,,,,,,,25,hitl
32,2026-02-18 14:00,farm_1,farm,0,,769.0,0.0223,,,,,,,,,,,25,hitl
32,2026-02-18 14:00,slaughterhouse_1,slaughterhouse,0,,,,397.0,376.0,,,,,,,,,25,hitl
32,2026-02-18 14:00,wholesaler_1,wholesaler,0,,,,,,155.61,6.5,,,,,,,25,hitl
32,2026-02-18 14:00,retail_1,retail,0,,,,,,,,101.44,30.0,0.0,0.0,3.58,0.0,25,hitl
33,2026-02-18 14:15,supplier_1,supplier,0,893.47,,,,,,,,,,,,,25,hitl
33,2026-02-18 14:15,farm_1,farm,0,,769.0,0.0223,,,,,,,,,,,25,hitl
33,2026-02-18 14:15,slaughterhouse_1,slaughterhouse,0,,,,397.0,387.21,,,,,,,,,25,hitl
33,2026-02-18 14:15,wholesaler_1,wholesaler,0,,,,,,177.04,6.5,,,,,,,25,hitl
33,2026-02-18 14:15,retail_1,retail,0,,,,,,,,104.08,30.0,0.0,0.0,3.58,0.0,25,hitl
34,2026-02-18 14:30,supplier_1,supplier,0,892.87,,,,,,,,,,,,,25,hitl
34,2026-02-18 14:30,farm_1,farm,0,,769.0,0.0223,,,,,,,,,,,25,hitl
34,2026-02-18 14:30,slaughterhouse_1,slaughterhouse,0,,,,397.0,397.52,,,,,,,,,25,hitl
34,2026-02-18 14:30,wholesaler_1,wholesaler,0,,,,,,175.53,6.5,,,,,,,25,hitl
34,2026-02-18 14:30,retail_1,retail,0,,,,,,,,103.27,30.0,0.0,0.0,3.58,0.0,25,hitl
35,2026-02-18 14:45,supplier_1,supplier,0,891.49,,,,,,,,,,,,,25,hitl
35,2026-02-18 14:45,farm_1,farm,0,,769.0,0.0223,,,,,,,,,,,25,hitl
35,2026-02-18 14:45,slaughterhouse_1,slaughterhouse,0,,,,397.0,400.0,,,,,,,,,25,hitl
35,2026-02-18 14:45,wholesaler_1,wholesaler,0,,,,,,173.14,6.5,,,,,,,25,hitl
35,2026-02-18 14:45,retail_1,retail,0,,,,,,,,102.33,30.0,0.0,0.0,3.58,0.0,25,hitl
36,2026-02-18 15:00,supplier_1,supplier,0,890.53,,,,,,,,,,,,,25,hitl
36,2026-02-18 15:00,farm_1,farm,1,,769.0,0.0223,,,,,,,,,,,25,hitl
36,2026-02-18 15:00,slaughterhouse_1,slaughterhouse,0,,,,317.6,400.0,,,,,,,,,25,hitl
36,2026-02-18 15:00,wholesaler_1,wholesaler,0,,,,,,166.59,6.5,,,,,,,25,hitl
36,2026-02-18 15:00,retail_1,retail,0,,,,,,,,101.35,30.0,0.0,0.0,3.58,15.3586,25,hitl
37,2026-02-18 15:15,supplier_1,supplier,0,889.6,,,,,,,,,,,,,25,hitl
37,2026-02-18 15:15,farm_1,farm,1,,769.0,0.0223,,,,,,,,,,,25,hitl
37,2026-02-18 15:15,slaughterhouse_1,slaughterhouse,0,,,,317.6,400.0,,,,,,,,,25,hitl
37,2026-02-18 15:15,wholesaler_1,wholesaler,0,,,,,,164.28,6.5,,,,,,,25,hitl
37,2026-02-18 15:15,retail_1,retail,0,,,,,,,,104.15,30.0,0.0,0.0,3.58,15.3586,25,hitl
38,2026-02-18 15:30,supplier_1,supplier,0,888.85,,,,,,,,,,,,,25,hitl
38,2026-02-18 15:30,farm_1,farm,1,,92.0,0.379,,,,,,,,,,,25,hitl
38,2026-02-18 15:30,slaughterhouse_1,slaughterhouse,0,,,,317.6,400.0,,,,,,,,,25,hitl
38,2026-02-18 15:30,wholesaler_1,wholesaler,0,,,,,,162.32,6.5,,,,,,,25,hitl
38,2026-02-18 15:30,retail_1,retail,0,,,,,,,,103.17,30.0,0.0,0.0,3.58,15.3586,25,hitl
39,2026-02-18 15:45,supplier_1,supplier,0,887.42,,,,,,,,,,,,,25,hitl
39,2026-02-18 15:45,farm_1,farm,1,,92.0,0.379,,,,,,,,,,,25,hitl
39,2026-02-18 15:45,slaughterhouse_1,slaughterhouse,0,,,,317.6,400.0,,,,,,,,,25,hitl
39,2026-02-18 15:45,wholesaler_1,wholesaler,0,,,,,,160.06,6.5,,,,,,,25,hitl
39,2026-02-18 15:45,retail_1,retail,0,,,,,,,,102.34,30.0,0.0,0.0,3.58,15.3586,25,hitl
40,2026-02-18 16:00,supplier_1,supplier,0,886.15,,,,,,,,,,,,,25,hitl
40,2026-02-18 16:00,farm_1,farm,1,,92.0,0.379,,,,,,,,,,,25,hitl
40,2026-02-18 16:00,slaughterhouse_1,slaughterhouse,0,,,,317.6,376.0,,,,,,,,,25,hitl
40,2026-02-18 16:00,wholesaler_1,wholesaler,0,,,,,,154.64,6.5,,,,,,,25,hitl
40,2026-02-18 16:00,retail_1,retail,0,,,,,,,,101.52,30.0,0.0,0.0,3.58,15.3586,25,hitl
41,2026-02-18 16:15,supplier_1,supplier,0,884.9,,,,,,,,,,,,,25,hitl
41,2026-02-18 16:15,farm_1,farm,1,,92.0,0.379,,,,,,,,,,,25,hitl
41,2026-02-18 16:15,slaughterhouse_1,slaughterhouse,0,,,,317.6,384.79,,,,,,,,,25,hitl
41,2026-02-18 16:15,wholesaler_1,wholesaler,0,,,,,,175.87,6.5,,,,,,,25,hitl
41,2026-02-18 16:15,retail_1,retail,0,,,,,,,,104.12,30.0,0.0,0.0,3.58,15.3586,25,hitl
42,2026-02-18 16:30,supplier_1,supplier,0,884.16,,,,,,,,,,,,,25,hitl
42,2026-02-18 16:30,farm_1,farm,1,,92.0,0.379,,,,,,,,,,,25,hitl
42,2026-02-18 16:30,slaughterhouse_1,slaughterhouse,0,,,,317.6,394.22,,,,,,,,,25,hitl
42,2026-02-18 16:30,wholesaler_1,wholesaler,0,,,,,,173.87,6.5,,,,,,,25,hitl
42,2026-02-18 16:30,retail_1,retail,0,,,,,,,,103.31,30.0,0.0,0.0,3.58,15.3586,25,hitl
43,2026-02-18 16:45,supplier_1,supplier,0,883.3,,,,,,,,,,,,,25,hitl
43,2026-02-18 16:45,farm_1,farm,1,,92.0,0.379,,,,,,,,,,,25,hitl
43,2026-02-18 16:45,slaughterhouse_1,slaughterhouse,0,,,,317.6,400.0,,,,,,,,,25,hitl
43,2026-02-18 16:45,wholesaler_1,wholesaler,0,,,,,,172.01,6.5,,,,,,,25,hitl
43,2026-02-18 16:45,retail_1,retail,0,,,,,,,,102.51,30.0,0.0,0.0,3.58,15.3586,25,hitl
44,2026-02-18 17:00,supplier_1,supplier,0,882.31,,,,,,,,,,,,,25,hitl
44,2026-02-18 17:00,farm_1,farm,1,,92.0,0.379,,,,,,,,,,,25,hitl
44,2026-02-18 17:00,slaughterhouse_1,slaughterhouse,0,,,,317.6,400.0,,,,,,,,,25,hitl
44,2026-02-18 17:00,wholesaler_1,wholesaler,0,,,,,,165.8,6.5,,,,,,,25,hitl
44,2026-02-18 17:00,retail_1,retail,0,,,,,,,,101.68,30.0,0.0,0.0,3.58,15.3586,25,hitl
45,2026-02-18 17:15,supplier_1,supplier,0,881.72,,,,,,,,,,,,,25,hitl
45,2026-02-18 17:15,farm_1,farm,1,,92.0,0.379,,,,,,,,,,,25,hitl
45,2026-02-18 17:15,slaughterhouse_1,slaughterhouse,0,,,,317.6,400.0,,,,,,,,,25,hitl
45,2026-02-18 17:15,wholesaler_1,wholesaler,0,,,,,,164.18,6.5,,,,,,,25,hitl
45,2026-02-18 17:15,retail_1,retail,0,,,,,,,,104.11,30.0,0.0,0.0,3.58,15.3586,25,hitl
46,2026-02-18 17:30,supplier_1,supplier,0,881.04,,,,,,,,,,,,,25,hitl
46,2026-02-18 17:30,farm_1,farm,1,,92.0,0.379,,,,,,,,,,,25,hitl
46,2026-02-18 17:30,slaughterhouse_1,slaughterhouse,0,,,,317.6,400.0,,,,,,,,,25,hitl
46,2026-02-18 17:30,wholesaler_1,wholesaler,0,,,,,,161.41,6.5,,,,,,,25,hitl
46,2026-02-18 17:30,retail_1,retail,0,,,,,,,,103.15,30.0,0.0,0.0,3.58,15.3586,25,hitl
47,2026-02-18 17:45,supplier_1,supplier,0,879.64,,,,,,,,,,,,,25,hitl
47,2026-02-18 17:45,farm_1,farm,1,,92.0,0.379,,,,,,,,,,,25,hitl
47,2026-02-18 17:45,slaughterhouse_1,slaughterhouse,0,,,,317.6,400.0,,,,,,,,,25,hitl
47,2026-02-18 17:45,wholesaler_1,wholesaler,0,,,,,,159.74,6.5,,,,,,,25,hitl
47,2026-02-18 17:45,retail_1,retail,0,,,,,,,,102.19,30.0,0.0,0.0,3.58,15.3586,25,hitl
48,2026-02-18 18:00,supplier_1,supplier,0,878.16,,,,,,,,,,,,,25,hitl
48,2026-02-18 18:00,farm_1,farm,1,,92.0,0.379,,,,,,,,,,,25,hitl
48,2026-02-18 18:00,slaughterhouse_1,slaughterhouse,0,,,,317.6,376.0,,,,,,,,,25,hitl
48,2026-02-18 18:00,wholesaler_1,wholesaler,0,,,,,,154.14,6.5,,,,,,,25,hitl
48,2026-02-18 18:00,retail_1,retail,0,,,,,,,,101.27,30.0,0.0,0.0,3.58,15.3586,25,hitl
49,2026-02-18 18:15,supplier_1,supplier,0,877.65,,,,,,,,,,,,,25,hitl
49,2026-02-18 18:15,farm_1,farm,1,,92.0,0.379,,,,,,,,,,,25,hitl
49,2026-02-18 18:15,slaughterhouse_1,slaughterhouse,0,,,,317.6,385.06,,,,,,,,,25,hitl
49,2026-02-18 18:15,wholesaler_1,wholesaler,0,,,,,,175.32,6.5,,,,,,,25,hitl
49,2026-02-18 18:15,retail_1,retail,0,,,,,,,,104.17,30.0,0.0,0.0,3.58,15.3586,25,hitl
50,2026-02-18 18:30,supplier_1,supplier,0,876.57,,,,,,,,,,,,,25,hitl
50,2026-02-18 18:30,farm_1,farm,1,,92.0,0.379,,,,,,,,,,,25,hitl
50,2026-02-18 18:30,slaughterhouse_1,slaughterhouse,0,,,,317.6,394.13,,,,,,,,,25,hitl
50,2026-02-18 18:30,wholesaler_1,wholesaler,0,,,,,,173.04,6.5,,,,,,,25,hitl
50,2026-02-18 18:30,retail_1,retail,0,,,,,,,,103.24,30.0,0.0,0.0,3.58,15.3586,25,hitl
51,2026-02-18 18:45,supplier_1,supplier,0,875.22,,,,,,,,,,,,,25,hitl
51,2026-02-18 18:45,farm_1,farm,1,,92.0,0.379,,,,,,,,,,,25,hitl
51,2026-02-18 18:45,slaughterhouse_1,slaughterhouse,0,,,,317.6,400.0,,,,,,,,,25,hitl
51,2026-02-18 18:45,wholesaler_1,wholesaler,0,,,,,,170.09,6.5,,,,,,,25,hitl
51,2026-02-18 18:45,retail_1,retail,0,,,,,,,,102.34,30.0,0.0,0.0,3.58,15.3586,25,hitl
52,2026-02-18 19:00,supplier_1,supplier,0,874.71,,,,,,,,,,,,,25,hitl
52,2026-02-18 19:00,farm_1,farm,1,,92.0,0.379,,,,,,,,,,,25,hitl
52,2026-02-18 19:00,slaughterhouse_1,slaughterhouse,0,,,,317.6,400.0,,,,,,,,,25,hitl
52,2026-02-18 19:00,wholesaler_1,wholesaler,0,,,,,,164.63,6.5,,,,,,,25,hitl
52,2026-02-18 19:00,retail_1,retail,0,,,,,,,,101.53,30.0,0.0,0.0,3.58,15.3586,25,hitl
53,2026-02-18 19:15,supplier_1,supplier,0,873.73,,,,,,,,,,,,,25,hitl
53,2026-02-18 19:15,farm_1,farm,1,,92.0,0.379,,,,,,,,,,,25,hitl
53,2026-02-18 19:15,slaughterhouse_1,slaughterhouse,0,,,,317.6,400.0,,,,,,,,,25,hitl
53,2026-02-18 19:15,wholesaler_1,wholesaler,0,,,,,,161.68,6.5,,,,,,,25,hitl
53,2026-02-18 19:15,retail_1,retail,0,,,,,,,,104.16,30.0,0.0,0.0,3.58,15.3586,25,hitl
54,2026-02-18 19:30,supplier_1,supplier,0,872.97,,,,,,,,,,,,,25,hitl
54,2026-02-18 19:30,farm_1,farm,1,,92.0,0.379,,,,,,,,,,,25,hitl
54,2026-02-18 19:30,slaughterhouse_1,slaughterhouse,0,,,,317.6,400.0,,,,,,,,,25,hitl
54,2026-02-18 19:30,wholesaler_1,wholesaler,0,,,,,,159.02,6.5,,,,,,,25,hitl
54,2026-02-18 19:30,retail_1,retail,0,,,,,,,,103.28,30.0,0.0,0.0,3.58,15.3586,25,hitl
55,2026-02-18 19:45,supplier_1,supplier,0,871.95,,,,,,,,,,,,,25,hitl
55,2026-02-18 19:45,farm_1,farm,1,,92.0,0.379,,,,,,,,,,,25,hitl
55,2026-02-18 19:45,slaughterhouse_1,slaughterhouse,0,,,,317.6,400.0,,,,,,,,,25,hitl
55,2026-02-18 19:45,wholesaler_1,wholesaler,0,,,,,,157.28,6.5,,,,,,,25,hitl
55,2026-02-18 19:45,retail_1,retail,0,,,,,,,,102.44,30.0,0.0,0.0,3.58,15.3586,25,hitl
56,2026-02-18 20:00,supplier_1,supplier,0,871.42,,,,,,,,,,,,,25,hitl
56,2026-02-18 20:00,farm_1,farm,1,,92.0,0.379,,,,,,,,,,,25,hitl
56,2026-02-18 20:00,slaughterhouse_1,slaughterhouse,0,,,,317.6,376.0,,,,,,,,,25,hitl
56,2026-02-18 20:00,wholesaler_1,wholesaler,0,,,,,,151.9,6.5,,,,,,,25,hitl
56,2026-02-18 20:00,retail_1,retail,0,,,,,,,,101.45,30.0,0.0,0.0,3.58,15.3586,25,hitl
57,2026-02-18 20:15,supplier_1,supplier,0,870.66,,,,,,,,,,,,,25,hitl
57,2026-02-18 20:15,farm_1,farm,1,,92.0,0.379,,,,,,,,,,,25,hitl
57,2026-02-18 20:15,slaughterhouse_1,slaughterhouse,0,,,,317.6,384.66,,,,,,,,,25,hitl
57,2026-02-18 20:15,wholesaler_1,wholesaler,0,,,,,,173.45,6.5,,,,,,,25,hitl
57,2026-02-18 20:15,retail_1,retail,0,,,,,,,,104.01,30.0,0.0,0.0,3.58,15.3586,25,hitl
58,2026-02-18 20:30,supplier_1,supplier,0,869.68,,,,,,,,,,,,,25,hitl
58,2026-02-18 20:30,farm_1,farm,1,,92.0,0.379,,,,,,,,,,,25,hitl
58,2026-02-18 20:30,slaughterhouse_1,slaughterhouse,0,,,,317.6,393.85,,,,,,,,,25,hitl
58,2026-02-18 20:30,wholesaler_1,wholesaler,0,,,,,,170.83,6.5,,,,,,,25,hitl
58,2026-02-18 20:30,retail_1,retail,0,,,,,,,,103.15,30.0,0.0,0.0,3.58,15.3586,25,hitl
59,2026-02-18 20:45,supplier_1,supplier,0,868.46,,,,,,,,,,,,,25,hitl
59,2026-02-18 20:45,farm_1,farm,1,,92.0,0.379,,,,,,,,,,,25,hitl
59,2026-02-18 20:45,slaughterhouse_1,slaughterhouse,0,,,,317.6,400.0,,,,,,,,,25,hitl
59,2026-02-18 20:45,wholesaler_1,wholesaler,0,,,,,,168.11,6.5,,,,,,,25,hitl
59,2026-02-18 20:45,retail_1,retail,0,,,,,,,,102.24,30.0,0.0,0.0,3.58,15.3586,25,hitl
60,2026-02-18 21:00,supplier_1,supplier,0,867.08,,,,,,,,,,,,,25,hitl
60,2026-02-18 21:00,farm_1,farm,1,,92.0,0.379,,,,,,,,,,,25,hitl
60,2026-02-18 21:00,slaughterhouse_1,slaughterhouse,0,,,,317.6,400.0,,,,,,,,,25,hitl
60,2026-02-18 21:00,wholesaler_1,wholesaler,0,,,,,,161.56,6.5,,,,,,,25,hitl
60,2026-02-18 21:00,retail_1,retail,0,,,,,,,,101.34,30.0,0.0,0.0,3.58,15.3586,25,hitl
61,2026-02-18 21:15,supplier_1,supplier,0,865.97,,,,,,,,,,,,,25,hitl
61,2026-02-18 21:15,farm_1,farm,1,,92.0,0.379,,,,,,,,,,,25,hitl
61,2026-02-18 21:15,slaughterhouse_1,slaughterhouse,0,,,,317.6,400.0,,,,,,,,,25,hitl
61,2026-02-18 21:15,wholesaler_1,wholesaler,0,,,,,,159.93,6.5,,,,,,,25,hitl
61,2026-02-18 21:15,retail_1,retail,0,,,,,,,,104.06,30.0,0.0,0.0,3.58,15.3586,25,hitl
62,2026-02-18 21:30,supplier_1,supplier,0,865.05,,,,,,,,,,,,,25,hitl
62,2026-02-18 21:30,farm_1,farm,1,,92.0,0.379,,,,,,,,,,,25,hitl
62,2026-02-18 21:30,slaughterhouse_1,slaughterhouse,0,,,,317.6,400.0,,,,,,,,,25,hitl
62,2026-02-18 21:30,wholesaler_1,wholesaler,0,,,,,,157.37,6.5,,,,,,,25,hitl
62,2026-02-18 21:30,retail_1,retail,0,,,,,,,,103.26,30.0,0.0,0.0,3.58,15.3586,25,hitl
63,2026-02-18 21:45,supplier_1,supplier,0,863.82,,,,,,,,,,,,,25,hitl
63,2026-02-18 21:45,farm_1,farm,1,,92.0,0.379,,,,,,,,,,,25,hitl
63,2026-02-18 21:45,slaughterhouse_1,slaughterhouse,0,,,,317.6,400.0,,,,,,,,,25,hitl
63,2026-02-18 21:45,wholesaler_1,wholesaler,0,,,,,,154.83,6.5,,,,,,,25,hitl
63,2026-02-18 21:45,retail_1,retail,0,,,,,,,,102.28,30.0,0.0,0.0,3.58,15.3586,25,hitl
64,2026-02-18 22:00,supplier_1,supplier,0,863.04,,,,,,,,,,,,,25,hitl
64,2026-02-18 22:00,farm_1,farm,1,,92.0,0.379,,,,,,,,,,,25,hitl
64,2026-02-18 22:00,slaughterhouse_1,slaughterhouse,0,,,,317.6,376.0,,,,,,,,,25,hitl
64,2026-02-18 22:00,wholesaler_1,wholesaler,0,,,,,,148.55,6.5,,,,,,,25,hitl
64,2026-02-18 22:00,retail_1,retail,0,,,,,,,,101.36,30.0,0.0,0.0,3.58,15.3586,25,hitl
65,2026-02-18 22:15,supplier_1,supplier,0,861.59,,,,,,,,,,,,,25,hitl
65,2026-02-18 22:15,farm_1,farm,1,,92.0,0.379,,,,,,,,,,,25,hitl
65,2026-02-18 22:15,slaughterhouse_1,slaughterhouse,0,,,,317.6,385.37,,,,,,,,,25,hitl
65,2026-02-18 22:15,wholesaler_1,wholesaler,0,,,,,,170.7,6.5,,,,,,,25,hitl
65,2026-02-18 22:15,retail_1,retail,0,,,,,,,,104.08,30.0,0.0,0.0,3.58,15.3586,25,hitl
66,2026-02-18 22:30,supplier_1,supplier,0,860.21,,,,,,,,,,,,,25,hitl
66,2026-02-18 22:30,farm_1,farm,1,,92.0,0.379,,,,,,,,,,,25,hitl
66,2026-02-18 22:30,slaughterhouse_1,slaughterhouse,0,,,,317.6,394.48,,,,,,,,,25,hitl
66,2026-02-18 22:30,wholesaler_1,wholesaler,0,,,,,,168.12,6.5,,,,,,,25,hitl
66,2026-02-18 22:30,retail_1,retail,0,,,,,,,,103.13,30.0,0.0,0.0,3.58,15.3586,25,hitl
67,2026-02-18 22:45,supplier_1,supplier,0,859.38,,,,,,,,,,,,,25,hitl
67,2026-02-18 22:45,farm_1,farm,1,,92.0,0.379,,,,,,,,,,,25,hitl
67,2026-02-18 22:45,slaughterhouse_1,slaughterhouse,0,,,,317.6,400.0,,,,,,,,,25,hitl
67,2026-02-18 22:45,wholesaler_1,wholesaler,0,,,,,,166.02,6.5,,,,,,,25,hitl
67,2026-02-18 22:45,retail_1,retail,0,,,,,,,,102.14,30.0,0.0,0.0,3.58,15.3586,25,hitl
68,2026-02-18 23:00,supplier_1,supplier,0,858.74,,,,,,,,,,,,,25,hitl
68,2026-02-18 23:00,farm_1,farm,1,,92.0,0.379,,,,,,,,,,,25,hitl
68,2026-02-18 23:00,slaughterhouse_1,slaughterhouse,0,,,,317.6,400.0,,,,,,,,,25,hitl
68,2026-02-18 23:00,wholesaler_1,wholesaler,0,,,,,,160.11,6.5,,,,,,,25,hitl
68,2026-02-18 23:00,retail_1,retail,0,,,,,,,,101.18,30.0,0.0,0.0,3.58,15.3586,25,hitl
69,2026-02-18 23:15,supplier_1,supplier,0,857.59,,,,,,,,,,,,,25,hitl
69,2026-02-18 23:15,farm_1,farm,1,,92.0,0.379,,,,,,,,,,,25,hitl
69,2026-02-18 23:15,slaughterhouse_1,slaughterhouse,0,,,,317.6,400.0,,,,,,,,,25,hitl
69,2026-02-18 23:15,wholesaler_1,wholesaler,0,,,,,,157.76,6.5,,,,,,,25,hitl
69,2026-02-18 23:15,retail_1,retail,0,,,,,,,,104.08,30.0,0.0,0.0,3.58,15.3586,25,hitl
70,2026-02-18 23:30,supplier_1,supplier,0,856.56,,,,,,,,,,,,,25,hitl
70,2026-02-18 23:30,farm_1,farm,1,,92.0,0.379,,,,,,,,,,,25,hitl
70,2026-02-18 23:30,slaughterhouse_1,slaughterhouse,0,,,,317.6,400.0,,,,,,,,,25,hitl
70,2026-02-18 23:30,wholesaler_1,wholesaler,0,,,,,,155.54,6.5,,,,,,,25,hitl
70,2026-02-18 23:30,retail_1,retail,0,,,,,,,,103.27,30.0,0.0,0.0,3.58,15.3586,25,hitl
71,2026-02-18 23:45,supplier_1,supplier,0,855.73,,,,,,,,,,,,,25,hitl
71,2026-02-18 23:45,farm_1,farm,1,,92.0,0.379,,,,,,,,,,,25,hitl
71,2026-02-18 23:45,slaughterhouse_1,slaughterhouse,0,,,,317.6,400.0,,,,,,,,,25,hitl
71,2026-02-18 23:45,wholesaler_1,wholesaler,0,,,,,,152.68,6.5,,,,,,,25,hitl
71,2026-02-18 23:45,retail_1,retail,0,,,,,,,,102.33,30.0,0.0,0.0,3.58,15.3586,25,hitl
72,2026-02-19 00:00,supplier_1,supplier,0,854.26,,,,,,,,,,,,,25,hitl
72,2026-02-19 00:00,farm_1,farm,1,,92.0,0.379,,,,,,,,,,,25,hitl
72,2026-02-19 00:00,slaughterhouse_1,slaughterhouse,0,,,,317.6,376.0,,,,,,,,,25,hitl
72,2026-02-19 00:00,wholesaler_1,wholesaler,0,,,,,,146.29,6.5,,,,,,,25,hitl
72,2026-02-19 00:00,retail_1,retail,0,,,,,,,,101.51,30.0,0.0,0.0,3.58,15.3586,25,hitl
73,2026-02-19 00:15,supplier_1,supplier,0,852.81,,,,,,,,,,,,,25,hitl
73,2026-02-19 00:15,farm_1,farm,1,,92.0,0.379,,,,,,,,,,,25,hitl
73,2026-02-19 00:15,slaughterhouse_1,slaughterhouse,0,,,,317.6,384.56,,,,,,,,,25,hitl
73,2026-02-19 00:15,wholesaler_1,wholesaler,0,,,,,,167.67,6.5,,,,,,,25,hitl
73,2026-02-19 00:15,retail_1,retail,0,,,,,,,,104.12,30.0,0.0,0.0,3.58,15.3586,25,hitl
74,2026-02-19 00:30,supplier_1,supplier,0,851.46,,,,,,,,,,,,,25,hitl
74,2026-02-19 00:30,farm_1,farm,1,,92.0,0.379,,,,,,,,,,,25,hitl
74,2026-02-19 00:30,slaughterhouse_1,slaughterhouse,0,,,,317.6,394.03,,,,,,,,,25,hitl
74,2026-02-19 00:30,wholesaler_1,wholesaler,0,,,,,,165.11,6.5,,,,,,,25,hitl
74,2026-02-19 00:30,retail_1,retail,0,,,,,,,,103.22,30.0,0.0,0.0,3.58,15.3586,25,hitl
75,2026-02-19 00:45,supplier_1,supplier,0,850.28,,,,,,,,,,,,,25,hitl
75,2026-02-19 00:45,farm_1,farm,1,,92.0,0.379,,,,,,,,,,,25,hitl
75,2026-02-19 00:45,slaughterhouse_1,slaughterhouse,0,,,,317.6,400.0,,,,,,,,,25,hitl
75,2026-02-19 00:45,wholesaler_1,wholesaler,0,,,,,,162.21,6.5,,,,,,,25,hitl
75,2026-02-19 00:45,retail_1,retail,0,,,,,,,,102.27,30.0,0.0,0.0,3.58,15.3586,25,hitl
76,2026-02-19 01:00,supplier_1,supplier,1,97.91,,,,,,,,,,,,,25,hitl
76,2026-02-19 01:00,farm_1,farm,1,,92.0,0.379,,,,,,,,,,,25,hitl
76,2026-02-19 01:00,slaughterhouse_1,slaughterhouse,0,,,,317.6,400.0,,,,,,,,,25,hitl
76,2026-02-19 01:00,wholesaler_1,wholesaler,0,,,,,,155.73,6.5,,,,,,,25,hitl
76,2026-02-19 01:00,retail_1,retail,0,,,,,,,,101.43,30.0,0.0,0.0,3.58,15.3586,25,hitl
77,2026-02-19 01:15,supplier_1,supplier,1,96.52,,,,,,,,,,,,,25,hitl
77,2026-02-19 01:15,farm_1,farm,1,,92.0,0.379,,,,,,,,,,,25,hitl
77,2026-02-19 01:15,slaughterhouse_1,slaughterhouse,0,,,,317.6,400.0,,,,,,,,,25,hitl
77,2026-02-19 01:15,wholesaler_1,wholesaler,0,,,,,,153.18,6.5,,,,,,,25,hitl
77,2026-02-19 01:15,retail_1,retail,0,,,,,,,,104.08,30.0,0.0,0.0,3.58,15.3586,25,hitl
78,2026-02-19 01:30,supplier_1,supplier,1,95.17,,,,,,,,,,,,,25,hitl
78,2026-02-19 01:30,farm_1,farm,1,,92.0,0.379,,,,,,,,,,,25,hitl
78,2026-02-19 01:30,slaughterhouse_1,slaughterhouse,0,,,,317.6,400.0,,,,,,,,,25,hitl
78,2026-02-19 01:30,wholesaler_1,wholesaler,0,,,,,,150.49,6.5,,,,,,,25,hitl
78,2026-02-19 01:30,retail_1,retail,0,,,,,,,,103.15,30.0,0.0,0.0,3.58,15.3586,25,hitl
79,2026-02-19 01:45,supplier_1,supplier,1,93.94,,,,,,,,,,,,,25,hitl
79,2026-02-19 01:45,farm_1,farm,1,,92.0,0.379,,,,,,,,,,,25,hitl
79,2026-02-19 01:45,slaughterhouse_1,slaughterhouse,0,,,,317.6,400.0,,,,,,,,,25,hitl
79,2026-02-19 01:45,wholesaler_1,wholesaler,0,,,,,,147.81,6.5,,,,,,,25,hitl
79,2026-02-19 01:45,retail_1,retail,0,,,,,,,,102.24,30.0,0.0,0.0,3.58,15.3586,25,hitl
80,2026-02-19 02:00,supplier_1,supplier,1,92.62,,,,,,,,,,,,,25,hitl
80,2026-02-19 02:00,farm_1,farm,1,,92.0,0.379,,,,,,,,,,,25,hitl
80,2026-02-19 02:00,slaughterhouse_1,slaughterhouse,0,,,,317.6,376.0,,,,,,,,,25,hitl
80,2026-02-19 02:00,wholesaler_1,wholesaler,0,,,,,,141.42,6.5,,,,,,,25,hitl
80,2026-02-19 02:00,retail_1,retail,0,,,,,,,,101.34,30.0,0.0,0.0,3.58,15.3586,25,hitl
81,2026-02-19 02:15,supplier_1,supplier,1,91.8,,,,,,,,,,,,,25,hitl
81,2026-02-19 02:15,farm_1,farm,1,,92.0,0.379,,,,,,,,,,,25,hitl
81,2026-02-19 02:15,slaughterhouse_1,slaughterhouse,0,,,,317.6,384.23,,,,,,,,,25,hitl
81,2026-02-19 02:15,wholesaler_1,wholesaler,0,,,,,,162.95,6.5,,,,,,,25,hitl
81,2026-02-19 02:15,retail_1,retail,0,,,,,,,,104.19,30.0,0.0,0.0,3.58,15.3586,25,hitl
82,2026-02-19 02:30,supplier_1,supplier,1,91.2,,,,,,,,,,,,,25,hitl
82,2026-02-19 02:30,farm_1,farm,1,,92.0,0.379,,,,,,,,,,,25,hitl
82,2026-02-19 02:30,slaughterhouse_1,slaughterhouse,0,,,,317.6,393.48,,,,,,,,,25,hitl
82,2026-02-19 02:30,wholesaler_1,wholesaler,0,,,,,,161.24,6.5,,,,,,,25,hitl
82,2026-02-19 02:30,retail_1,retail,0,,,,,,,,103.38,30.0,0.0,0.0,3.58,15.3586,25,hitl
83,2026-02-19 02:45,supplier_1,supplier,1,89.75,,,,,,,,,,,,,25,hitl
83,2026-02-19 02:45,farm_1,farm,1,,92.0,0.379,,,,,,,,,,,25,hitl
83,2026-02-19 02:45,slaughterhouse_1,slaughterhouse,0,,,,317.6,400.0,,,,,,,,,25,hitl
83,2026-02-19 02:45,wholesaler_1,wholesaler,0,,,,,,159.19,6.5,,,,,,,25,hitl
83,2026-02-19 02:45,retail_1,retail,0,,,,,,,,102.51,30.0,0.0,0.0,3.58,15.3586,25,hitl
84,2026-02-19 03:00,supplier_1,supplier,1,88.67,,,,,,,,,,,,,25,hitl
84,2026-02-19 03:00,farm_1,farm,1,,92.0,0.379,,,,,,,,,,,25,hitl
84,2026-02-19 03:00,slaughterhouse_1,slaughterhouse,0,,,,317.6,400.0,,,,,,,,,25,hitl
84,2026-02-19 03:00,wholesaler_1,wholesaler,0,,,,,,153.86,6.5,,,,,,,25,hitl
84,2026-02-19 03:00,retail_1,retail,0,,,,,,,,101.68,30.0,0.0,0.0,3.58,15.3586,25,hitl
85,2026-02-19 03:15,supplier_1,supplier,1,88.06,,,,,,,,,,,,,25,hitl
85,2026-02-19 03:15,farm_1,farm,1,,92.0,0.379,,,,,,,,,,,25,hitl
85,2026-02-19 03:15,slaughterhouse_1,slaughterhouse,0,,,,317.6,400.0,,,,,,,,,25,hitl
85,2026-02-19 03:15,wholesaler_1,wholesaler,0,,,,,,150.91,6.5,,,,,,,25,hitl
85,2026-02-19 03:15,retail_1,retail,0,,,,,,,,104.16,30.0,0.0,0.0,3.58,15.3586,25,hitl
86,2026-02-19 03:30,supplier_1,supplier,1,86.92,,,,,,,,,,,,,25,hitl
86,2026-02-19 03:30,farm_1,farm,1,,92.0,0.379,,,,,,,,,,,25,hitl
86,2026-02-19 03:30,slaughterhouse_1,slaughterhouse,0,,,,317.6,400.0,,,,,,,,,25,hitl
86,2026-02-19 03:30,wholesaler_1,wholesaler,0,,,,,,149.34,6.5,,,,,,,25,hitl
86,2026-02-19 03:30,retail_1,retail,0,,,,,,,,103.36,30.0,0.0,0.0,3.58,15.3586,25,hitl
87,2026-02-19 03:45,supplier_1,supplier,1,85.67,,,,,,,,,,,,,25,hitl
87,2026-02-19 03:45,farm_1,farm,1,,92.0,0.379,,,,,,,,,,,25,hitl
87,2026-02-19 03:45,slaughterhouse_1,slaughterhouse,0,,,,317.6,400.0,,,,,,,,,25,hitl
87,2026-02-19 03:45,wholesaler_1,wholesaler,0,,,,,,146.55,6.5,,,,,,,25,hitl
87,2026-02-19 03:45,retail_1,retail,0,,,,,,,,102.46,30.0,0.0,0.0,3.58,15.3586,25,hitl
88,2026-02-19 04:00,supplier_1,supplier,1,85.07,,,,,,,,,,,,,25,hitl
88,2026-02-19 04:00,farm_1,farm,1,,92.0,0.379,,,,,,,,,,,25,hitl
88,2026-02-19 04:00,slaughterhouse_1,slaughterhouse,0,,,,317.6,376.0,,,,,,,,,25,hitl
88,2026-02-19 04:00,wholesaler_1,wholesaler,0,,,,,,141.27,6.5,,,,,,,25,hitl
88,2026-02-19 04:00,retail_1,retail,0,,,,,,,,101.53,30.0,0.0,0.0,3.58,15.3586,25,hitl
89,2026-02-19 04:15,supplier_1,supplier,1,83.74,,,,,,,,,,,,,25,hitl
89,2026-02-19 04:15,farm_1,farm,1,,92.0,0.379,,,,,,,,,,,25,hitl
89,2026-02-19 04:15,slaughterhouse_1,slaughterhouse,0,,,,317.6,384.1,,,,,,,,,25,hitl
89,2026-02-19 04:15,wholesaler_1,wholesaler,0,,,,,,163.29,6.5,,,,,,,25,hitl
89,2026-02-19 04:15,retail_1,retail,0,,,,,,,,104.09,30.0,0.0,0.0,3.58,15.3586,25,hitl
90,2026-02-19 04:30,supplier_1,supplier,1,82.31,,,,,,,,,,,,,25,hitl
90,2026-02-19 04:30,farm_1,farm,1,,92.0,0.379,,,,,,,,,,,25,hitl
90,2026-02-19 04:30,slaughterhouse_1,slaughterhouse,0,,,,317.6,393.52,,,,,,,,,25,hitl
90,2026-02-19 04:30,wholesaler_1,wholesaler,0,,,,,,160.7,6.5,,,,,,,25,hitl
90,2026-02-19 04:30,retail_1,retail,0,,,,,,,,103.18,30.0,0.0,0.0,3.58,15.3586,25,hitl
91,2026-02-19 04:45,supplier_1,supplier,1,81.26,,,,,,,,,,,,,25,hitl
91,2026-02-19 04:45,farm_1,farm,1,,92.0,0.379,,,,,,,,,,,25,hitl
91,2026-02-19 04:45,slaughterhouse_1,slaughterhouse,0,,,,317.6,400.0,,,,,,,,,25,hitl
91,2026-02-19 04:45,wholesaler_1,wholesaler,0,,,,,,157.76,6.5,,,,,,,25,hitl
91,2026-02-19 04:45,retail_1,retail,0,,,,,,,,102.31,30.0,0.0,0.0,3.58,15.3586,25,hitl
92,2026-02-19 05:00,supplier_1,supplier,1,80.61,,,,,,,,,,,,,25,hitl
92,2026-02-19 05:00,farm_1,farm,1,,92.0,0.379,,,,,,,,,,,25,hitl
92,2026-02-19 05:00,slaughterhouse_1,slaughterhouse,0,,,,317.6,400.0,,,,,,,,,25,hitl
92,2026-02-19 05:00,wholesaler_1,wholesaler,0,,,,,,152.49,6.5,,,,,,,25,hitl
92,2026-02-19 05:00,retail_1,retail,0,,,,,,,,101.51,30.0,0.0,0.0,3.58,15.3586,25,hitl
93,2026-02-19 05:15,supplier_1,supplier,1,79.2,,,,,,,,,,,,,25,hitl
93,2026-02-19 05:15,farm_1,farm,1,,92.0,0.379,,,,,,,,,,,25,hitl
93,2026-02-19 05:15,slaughterhouse_1,slaughterhouse,0,,,,317.6,400.0,,,,,,,,,25,hitl
93,2026-02-19 05:15,wholesaler_1,wholesaler,0,,,,,,150.22,6.5,,,,,,,25,hitl
93,2026-02-19 05:15,retail_1,retail,0,,,,,,,,104.13,30.0,0.0,0.0,3.58,15.3586,25,hitl
94,2026-02-19 05:30,supplier_1,supplier,1,77.93,,,,,,,,,,,,,25,hitl
94,2026-02-19 05:30,farm_1,farm,1,,92.0,0.379,,,,,,,,,,,25,hitl
94,2026-02-19 05:30,slaughterhouse_1,slaughterhouse,0,,,,317.6,400.0,,,,,,,,,25,hitl
94,2026-02-19 05:30,wholesaler_1,wholesaler,0,,,,,,147.98,6.5,,,,,,,25,hitl
94,2026-02-19 05:30,retail_1,retail,0,,,,,,,,103.3,30.0,0.0,0.0,3.58,15.3586,25,hitl
95,2026-02-19 05:45,supplier_1,supplier,1,77.26,,,,,,,,,,,,,25,hitl
95,2026-02-19 05:45,farm_1,farm,1,,92.0,0.379,,,,,,,,,,,25,hitl
95,2026-02-19 05:45,slaughterhouse_1,slaughterhouse,0,,,,317.6,400.0,,,,,,,,,25,hitl
95,2026-02-19 05:45,wholesaler_1,wholesaler,0,,,,,,145.06,6.5,,,,,,,25,hitl
95,2026-02-19 05:45,retail_1,retail,0,,,,,,,,102.36,30.0,0.0,0.0,3.58,15.3586,25,hitl
96,2026-02-19 06:00,supplier_1,supplier,1,76.48,,,,,,,,,,,,,25,hitl
96,2026-02-19 06:00,farm_1,farm,1,,92.0,0.379,,,,,,,,,,,25,hitl
96,2026-02-19 06:00,slaughterhouse_1,slaughterhouse,0,,,,317.6,376.0,,,,,,,,,25,hitl
96,2026-02-19 06:00,wholesaler_1,wholesaler,0,,,,,,138.77,6.5,,,,,,,25,hitl
96,2026-02-19 06:00,retail_1,retail,0,,,,,,,,101.39,30.0,0.0,0.0,3.58,15.3586,25,hitl
97,2026-02-19 06:15,supplier_1,supplier,1,75.34,,,,,,,,,,,,,25,hitl
97,2026-02-19 06:15,farm_1,farm,1,,92.0,0.379,,,,,,,,,,,25,hitl
97,2026-02-19 06:15,slaughterhouse_1,slaughterhouse,0,,,,317.6,385.36,,,,,,,,,25,hitl
97,2026-02-19 06:15,wholesaler_1,wholesaler,0,,,,,,159.83,6.5,,,,,,,25,hitl
97,2026-02-19 06:15,retail_1,retail,0,,,,,,,,104.1,30.0,0.0,0.0,3.58,15.3586,25,hitl
98,2026-02-19 06:30,supplier_1,supplier,1,74.45,,,,,,,,,,,,,25,hitl
98,2026-02-19 06:30,farm_1,farm,1,,92.0,0.379,,,,,,,,,,,25,hitl
98,2026-02-19 06:30,slaughterhouse_1,slaughterhouse,0,,,,317.6,394.56,,,,,,,,,25,hitl
98,2026-02-19 06:30,wholesaler_1,wholesaler,0,,,,,,157.17,6.5,,,,,,,25,hitl
98,2026-02-19 06:30,retail_1,retail,0,,,,,,,,103.15,30.0,0.0,0.0,3.58,15.3586,25,hitl
99,2026-02-19 06:45,supplier_1,supplier,1,73.31,,,,,,,,,,,,,25,hitl
99,2026-02-19 06:45,farm_1,farm,1,,92.0,0.379,,,,,,,,,,,25,hitl
99,2026-02-19 06:45,slaughterhouse_1,slaughterhouse,0,,,,317.6,400.0,,,,,,,,,25,hitl
99,2026-02-19 06:45,wholesaler_1,wholesaler,0,,,,,,155.46,6.5,,,,,,,25,hitl
99,2026-02-19 06:45,retail_1,retail,0,,,,,,,,102.31,30.0,0.0,0.0,3.58,15.3586,25,hitl
100,2026-02-19 07:00,supplier_1,supplier,1,72.61,,,,,,,,,,,,,25,hitl
100,2026-02-19 07:00,farm_1,farm,1,,92.0,0.379,,,,,,,,,,,25,hitl
100,2026-02-19 07:00,slaughterhouse_1,slaughterhouse,0,,,,317.6,400.0,,,,,,,,,25,hitl
100,2026-02-19 07:00,wholesaler_1,wholesaler,0,,,,,,150.32,6.5,,,,,,,25,hitl
100,2026-02-19 07:00,retail_1,retail,0,,,,,,,,101.49,30.0,0.0,0.0,3.58,15.3586,25,hitl
101,2026-02-19 07:15,supplier_1,supplier,1,72.08,,,,,,,,,,,,,25,hitl
101,2026-02-19 07:15,farm_1,farm,1,,92.0,0.379,,,,,,,,,,,25,hitl
101,2026-02-19 07:15,slaughterhouse_1,slaughterhouse,0,,,,317.6,400.0,,,,,,,,,25,hitl
101,2026-02-19 07:15,wholesaler_1,wholesaler,0,,,,,,147.32,6.5,,,,,,,25,hitl
101,2026-02-19 07:15,retail_1,retail,0,,,,,,,,104.02,30.0,0.0,0.0,3.58,15.3586,25,hitl
102,2026-02-19 07:30,supplier_1,supplier,1,70.66,,,,,,,,,,,,,25,hitl
102,2026-02-19 07:30,farm_1,farm,1,,92.0,0.379,,,,,,,,,,,25,hitl
102,2026-02-19 07:30,slaughterhouse_1,slaughterhouse,0,,,,317.6,400.0,,,,,,,,,25,hitl
102,2026-02-19 07:30,wholesaler_1,wholesaler,0,,,,,,144.4,6.5,,,,,,,25,hitl
102,2026-02-19 07:30,retail_1,retail,0,,,,,,,,103.11,30.0,0.0,0.0,3.58,15.3586,25,hitl
103,2026-02-19 07:45,supplier_1,supplier,1,69.53,,,,,,,,,,,,,25,hitl
103,2026-02-19 07:45,farm_1,farm,1,,92.0,0.379,,,,,,,,,,,25,hitl
103,2026-02-19 07:45,slaughterhouse_1,slaughterhouse,0,,,,317.6,400.0,,,,,,,,,25,hitl
103,2026-02-19 07:45,wholesaler_1,wholesaler,0,,,,,,142.66,6.5,,,,,,,25,hitl
103,2026-02-19 07:45,retail_1,retail,0,,,,,,,,102.21,30.0,0.0,0.0,3.58,15.3586,25,hitl
104,2026-02-19 08:00,supplier_1,supplier,1,68.96,,,,,,,,,,,,,25,hitl
104,2026-02-19 08:00,farm_1,farm,1,,92.0,0.379,,,,,,,,,,,25,hitl
104,2026-02-19 08:00,slaughterhouse_1,slaughterhouse,0,,,,317.6,376.0,,,,,,,,,25,hitl
104,2026-02-19 08:00,wholesaler_1,wholesaler,0,,,,,,136.29,6.5,,,,,,,25,hitl
104,2026-02-19 08:00,retail_1,retail,0,,,,,,,,101.22,30.0,0.0,0.0,3.58,15.3586,25,hitl
105,2026-02-19 08:15,supplier_1,supplier,1,67.49,,,,,,,,,,,,,25,hitl
105,2026-02-19 08:15,farm_1,farm,1,,92.0,0.379,,,,,,,,,,,25,hitl
105,2026-02-19 08:15,slaughterhouse_1,slaughterhouse,0,,,,317.6,384.58,,,,,,,,,25,hitl
105,2026-02-19 08:15,wholesaler_1,wholesaler,0,,,,,,158.21,6.5,,,,,,,25,hitl
105,2026-02-19 08:15,retail_1,retail,0,,,,,,,,104.18,30.0,0.0,0.0,3.58,15.3586,25,hitl
106,2026-02-19 08:30,supplier_1,supplier,1,66.54,,,,,,,,,,,,,25,hitl
106,2026-02-19 08:30,farm_1,farm,1,,92.0,0.379,,,,,,,,,,,25,hitl
106,2026-02-19 08:30,slaughterhouse_1,slaughterhouse,0,,,,317.6,392.92,,,,,,,,,25,hitl
106,2026-02-19 08:30,wholesaler_1,wholesaler,0,,,,,,156.34,6.5,,,,,,,25,hitl
106,2026-02-19 08:30,retail_1,retail,0,,,,,,,,103.37,30.0,0.0,0.0,3.58,15.3586,25,hitl
107,2026-02-19 08:45,supplier_1,supplier,1,65.89,,,,,,,,,,,,,25,hitl
107,2026-02-19 08:45,farm_1,farm,1,,92.0,0.379,,,,,,,,,,,25,hitl
107,2026-02-19 08:45,slaughterhouse_1,slaughterhouse,0,,,,317.6,400.0,,,,,,,,,25,hitl
107,2026-02-19 08:45,wholesaler_1,wholesaler,0,,,,,,154.77,6.5,,,,,,,25,hitl
107,2026-02-19 08:45,retail_1,retail,0,,,,,,,,102.48,30.0,0.0,0.0,3.58,15.3586,25,hitl
108,2026-02-19 09:00,supplier_1,supplier,1,64.97,,,,,,,,,,,,,25,hitl
108,2026-02-19 09:00,farm_1,farm,1,,92.0,0.379,,,,,,,,,,,25,hitl
108,2026-02-19 09:00,slaughterhouse_1,slaughterhouse,0,,,,317.6,400.0,,,,,,,,,25,hitl
108,2026-02-19 09:00,wholesaler_1,wholesaler,0,,,,,,149.18,6.5,,,,,,,25,hitl
108,2026-02-19 09:00,retail_1,retail,0,,,,,,,,101.5,30.0,0.0,0.0,3.58,15.3586,25,hitl
109,2026-02-19 09:15,supplier_1,supplier,1,63.53,,,,,,,,,,,,,25,hitl
109,2026-02-19 09:15,farm_1,farm,1,,92.0,0.379,,,,,,,,,,,25,hitl
109,2026-02-19 09:15,slaughterhouse_1,slaughterhouse,0,,,,317.6,400.0,,,,,,,,,25,hitl
109,2026-02-19 09:15,wholesaler_1,wholesaler,0,,,,,,146.87,6.5,,,,,,,25,hitl
109,2026-02-19 09:15,retail_1,retail,0,,,,,,,,104.01,30.0,0.0,0.0,3.58,15.3586,25,hitl
110,2026-02-19 09:30,supplier_1,supplier,1,62.29,,,,,,,,,,,,,25,hitl
110,2026-02-19 09:30,farm_1,farm,1,,92.0,0.379,,,,,,,,,,,25,hitl
110,2026-02-19 09:30,slaughterhouse_1,slaughterhouse,0,,,,317.6,400.0,,,,,,,,,25,hitl
110,2026-02-19 09:30,wholesaler_1,wholesaler,0,,,,,,144.36,6.5,,,,,,,25,hitl
110,2026-02-19 09:30,retail_1,retail,0,,,,,,,,103.03,30.0,0.0,0.0,3.58,15.3586,25,hitl
111,2026-02-19 09:45,supplier_1,supplier,1,61.34,,,,,,,,,,,,,25,hitl
111,2026-02-19 09:45,farm_1,farm,1,,92.0,0.379,,,,,,,,,,,25,hitl
111,2026-02-19 09:45,slaughterhouse_1,slaughterhouse,0,,,,317.6,400.0,,,,,,,,,25,hitl
111,2026-02-19 09:45,wholesaler_1,wholesaler,0,,,,,,142.73,6.5,,,,,,,25,hitl
111,2026-02-19 09:45,retail_1,retail,0,,,,,,,,102.09,30.0,0.0,0.0,3.58,15.3586,25,hitl
112,2026-02-19 10:00,supplier_1,supplier,1,60.34,,,,,,,,,,,,,25,hitl
112,2026-02-19 10:00,farm_1,farm,1,,92.0,0.379,,,,,,,,,,,25,hitl
112,2026-02-19 10:00,slaughterhouse_1,slaughterhouse,0,,,,317.6,376.0,,,,,,,,,25,hitl
112,2026-02-19 10:00,wholesaler_1,wholesaler,0,,,,,,137.22,6.5,,,,,,,25,hitl
112,2026-02-19 10:00,retail_1,retail,0,,,,,,,,101.24,30.0,0.0,0.0,3.58,15.3586,25,hitl
113,2026-02-19 10:15,supplier_1,supplier,1,59.52,,,,,,,,,,,,,25,hitl
113,2026-02-19 10:15,farm_1,farm,1,,92.0,0.379,,,,,,,,,,,25,hitl
113,2026-02-19 10:15,slaughterhouse_1,slaughterhouse,0,,,,317.6,385.08,,,,,,,,,25,hitl
113,2026-02-19 10:15,wholesaler_1,wholesaler,0,,,,,,158.86,6.5,,,,,,,25,hitl
113,2026-02-19 10:15,retail_1,retail,0,,,,,,,,104.15,30.0,0.0,0.0,3.58,15.3586,25,hitl
114,2026-02-19 10:30,supplier_1,supplier,1,58.91,,,,,,,,,,,,,25,hitl
114,2026-02-19 10:30,farm_1,farm,1,,92.0,0.379,,,,,,,,,,,25,hitl
114,2026-02-19 10:30,slaughterhouse_1,slaughterhouse,0,,,,317.6,393.67,,,,,,,,,25,hitl
114,2026-02-19 10:30,wholesaler_1,wholesaler,0,,,,,,156.37,6.5,,,,,,,25,hitl
114,2026-02-19 10:30,retail_1,retail,0,,,,,,,,103.2,30.0,0.0,0.0,3.58,15.3586,25,hitl
115,2026-02-19 10:45,supplier_1,supplier,1,57.97,,,,,,,,,,,,,25,hitl
115,2026-02-19 10:45,farm_1,farm,1,,92.0,0.379,,,,,,,,,,,25,hitl
115,2026-02-19 10:45,slaughterhouse_1,slaughterhouse,1,,,,59.0,23.74,,,,,,,,,25,hitl
115,2026-02-19 10:45,wholesaler_1,wholesaler,0,,,,,,154.15,6.5,,,,,,,25,hitl
115,2026-02-19 10:45,retail_1,retail,0,,,,,,,,102.21,30.0,0.0,0.0,3.58,15.3586,25,hitl
116,2026-02-19 11:00,supplier_1,supplier,1,56.79,,,,,,,,,,,,,25,hitl
116,2026-02-19 11:00,farm_1,farm,1,,92.0,0.379,,,,,,,,,,,25,hitl
116,2026-02-19 11:00,slaughterhouse_1,slaughterhouse,1,,,,59.0,25.45,,,,,,,,,25,hitl
116,2026-02-19 11:00,wholesaler_1,wholesaler,0,,,,,,148.5,6.5,,,,,,,25,hitl
116,2026-02-19 11:00,retail_1,retail,0,,,,,,,,101.22,30.0,0.0,0.0,3.58,15.3586,25,hitl
117,2026-02-19 11:15,supplier_1,supplier,1,55.31,,,,,,,,,,,,,25,hitl
117,2026-02-19 11:15,farm_1,farm,1,,92.0,0.379,,,,,,,,,,,25,hitl
117,2026-02-19 11:15,slaughterhouse_1,slaughterhouse,1,,,,59.0,27.18,,,,,,,,,25,hitl
117,2026-02-19 11:15,wholesaler_1,wholesaler,0,,,,,,146.75,6.5,,,,,,,25,hitl
117,2026-02-19 11:15,retail_1,retail,0,,,,,,,,104.18,30.0,0.0,0.0,3.58,15.3586,25,hitl
118,2026-02-19 11:30,supplier_1,supplier,1,53.94,,,,,,,,,,,,,25,hitl
118,2026-02-19 11:30,farm_1,farm,1,,92.0,0.379,,,,,,,,,,,25,hitl
118,2026-02-19 11:30,slaughterhouse_1,slaughterhouse,1,,,,59.0,28.81,,,,,,,,,25,hitl
118,2026-02-19 11:30,wholesaler_1,wholesaler,0,,,,,,144.54,6.5,,,,,,,25,hitl
118,2026-02-19 11:30,retail_1,retail,0,,,,,,,,103.34,30.0,0.0,0.0,3.58,15.3586,25,hitl
119,2026-02-19 11:45,supplier_1,supplier,1,53.0,,,,,,,,,,,,,25,hitl
119,2026-02-19 11:45,farm_1,farm,1,,92.0,0.379,,,,,,,,,,,25,hitl
119,2026-02-19 11:45,slaughterhouse_1,slaughterhouse,1,,,,59.0,30.35,,,,,,,,,25,hitl
119,2026-02-19 11:45,wholesaler_1,wholesaler,0,,,,,,142.04,6.5,,,,,,,25,hitl
119,2026-02-19 11:45,retail_1,retail,0,,,,,,,,102.34,30.0,0.0,0.0,3.58,15.3586,25,hitl
120,2026-02-19 12:00,supplier_1,supplier,1,51.93,,,,,,,,,,,,,25,hitl
120,2026-02-19 12:00,farm_1,farm,1,,92.0,0.379,,,,,,,,,,,25,hitl
120,2026-02-19 12:00,slaughterhouse_1,slaughterhouse,1,,,,59.0,31.96,,,,,,,,,25,hitl
120,2026-02-19 12:00,wholesaler_1,wholesaler,0,,,,,,136.39,6.5,,,,,,,25,hitl
120,2026-02-19 12:00,retail_1,retail,0,,,,,,,,101.47,30.0,0.0,0.0,3.58,15.3586,25,hitl
121,2026-02-19 12:15,supplier_1,supplier,1,50.75,,,,,,,,,,,,,25,hitl
121,2026-02-19 12:15,farm_1,farm,1,,92.0,0.379,,,,,,,,,,,25,hitl
121,2026-02-19 12:15,slaughterhouse_1,slaughterhouse,1,,,,59.0,33.52,,,,,,,,,25,hitl
121,2026-02-19 12:15,wholesaler_1,wholesaler,0,,,,,,134.2,6.5,,,,,,,25,hitl
121,2026-02-19 12:15,retail_1,retail,0,,,,,,,,104.16,30.0,0.0,0.0,3.58,15.3586,25,hitl
122,2026-02-19 12:30,supplier_1,supplier,1,49.27,,,,,,,,,,,,,25,hitl
122,2026-02-19 12:30,farm_1,farm,1,,92.0,0.379,,,,,,,,,,,25,hitl
122,2026-02-19 12:30,slaughterhouse_1,slaughterhouse,1,,,,59.0,35.28,,,,,,,,,25,hitl
122,2026-02-19 12:30,wholesaler_1,wholesaler,0,,,,,,132.01,6.5,,,,,,,25,hitl
122,2026-02-19 12:30,retail_1,retail,0,,,,,,,,103.16,30.0,0.0,0.0,3.58,15.3586,25,hitl
123,2026-02-19 12:45,supplier_1,supplier,1,48.01,,,,,,,,,,,,,25,hitl
123,2026-02-19 12:45,farm_1,farm,1,,92.0,0.379,,,,,,,,,,,25,hitl
123,2026-02-19 12:45,slaughterhouse_1,slaughterhouse,1,,,,59.0,36.81,,,,,,,,,25,hitl
123,2026-02-19 12:45,wholesaler_1,wholesaler,0,,,,,,130.1,6.5,,,,,,,25,hitl
123,2026-02-19 12:45,retail_1,retail,0,,,,,,,,102.26,30.0,0.0,0.0,3.58,15.3586,25,hitl
124,2026-02-19 13:00,supplier_1,supplier,1,47.25,,,,,,,,,,,,,25,hitl
124,2026-02-19 13:00,farm_1,farm,1,,92.0,0.379,,,,,,,,,,,25,hitl
124,2026-02-19 13:00,slaughterhouse_1,slaughterhouse,1,,,,59.0,38.47,,,,,,,,,25,hitl
124,2026-02-19 13:00,wholesaler_1,wholesaler,0,,,,,,124.75,6.5,,,,,,,25,hitl
124,2026-02-19 13:00,retail_1,retail,0,,,,,,,,101.32,30.0,0.0,0.0,3.58,15.3586,25,hitl
125,2026-02-19 13:15,supplier_1,supplier,1,46.64,,,,,,,,,,,,,25,hitl
125,2026-02-19 13:15,farm_1,farm,1,,92.0,0.379,,,,,,,,,,,25,hitl
125,2026-02-19 13:15,slaughterhouse_1,slaughterhouse,1,,,,59.0,40.03,,,,,,,,,25,hitl
125,2026-02-19 13:15,wholesaler_1,wholesaler,0,,,,,,123.1,6.5,,,,,,,25,hitl
125,2026-02-19 13:15,retail_1,retail,0,,,,,,,,104.09,30.0,0.0,0.0,3.58,15.3586,25,hitl
126,2026-02-19 13:30,supplier_1,supplier,1,45.28,,,,,,,,,,,,,25,hitl
126,2026-02-19 13:30,farm_1,farm,1,,92.0,0.379,,,,,,,,,,,25,hitl
126,2026-02-19 13:30,slaughterhouse_1,slaughterhouse,1,,,,59.0,41.73,,,,,,,,,25,hitl
126,2026-02-19 13:30,wholesaler_1,wholesaler,0,,,,,,120.79,6.5,,,,,,,25,hitl
126,2026-02-19 13:30,retail_1,retail,0,,,,,,,,103.12,30.0,0.0,0.0,3.58,15.3586,25,hitl
127,2026-02-19 13:45,supplier_1,supplier,1,44.58,,,,,,,,,,,,,25,hitl
127,2026-02-19 13:45,farm_1,farm,1,,92.0,0.379,,,,,,,,,,,25,hitl
127,2026-02-19 13:45,slaughterhouse_1,slaughterhouse,1,,,,59.0,43.41,,,,,,,,,25,hitl
127,2026-02-19 13:45,wholesaler_1,wholesaler,0,,,,,,118.79,6.5,,,,,,,25,hitl
127,2026-02-19 13:45,retail_1,retail,0,,,,,,,,102.17,30.0,0.0,0.0,3.58,15.3586,25,hitl
128,2026-02-19 14:00,supplier_1,supplier,1,43.44,,,,,,,,,,,,,25,hitl
128,2026-02-19 14:00,farm_1,farm,1,,92.0,0.379,,,,,,,,,,,25,hitl
128,2026-02-19 14:00,slaughterhouse_1,slaughterhouse,1,,,,59.0,44.94,,,,,,,,,25,hitl
128,2026-02-19 14:00,wholesaler_1,wholesaler,0,,,,,,112.93,6.5,,,,,,,25,hitl
128,2026-02-19 14:00,retail_1,retail,0,,,,,,,,101.3,30.0,0.0,0.0,3.58,15.3586,25,hitl
129,2026-02-19 14:15,supplier_1,supplier,1,42.61,,,,,,,,,,,,,25,hitl
129,2026-02-19 14:15,farm_1,farm,1,,92.0,0.379,,,,,,,,,,,25,hitl
129,2026-02-19 14:15,slaughterhouse_1,slaughterhouse,1,,,,59.0,46.62,,,,,,,,,25,hitl
129,2026-02-19 14:15,wholesaler_1,wholesaler,0,,,,,,111.19,6.5,,,,,,,25,hitl
129,2026-02-19 14:15,retail_1,retail,0,,,,,,,,104.19,30.0,0.0,0.0,3.58,15.3586,25,hitl
130,2026-02-19 14:30,supplier_1,supplier,1,41.69,,,,,,,,,,,,,25,hitl
130,2026-02-19 14:30,farm_1,farm,1,,92.0,0.379,,,,,,,,,,,25,hitl
130,2026-02-19 14:30,slaughterhouse_1,slaughterhouse,1,,,,59.0,48.15,,,,,,,,,25,hitl
130,2026-02-19 14:30,wholesaler_1,wholesaler,0,,,,,,108.64,6.5,,,,,,,25,hitl
130,2026-02-19 14:30,retail_1,retail,0,,,,,,,,103.25,30.0,0.0,0.0,3.58,15.3586,25,hitl
131,2026-02-19 14:45,supplier_1,supplier,1,41.04,,,,,,,,,,,,,25,hitl
131,2026-02-19 14:45,farm_1,farm,1,,92.0,0.379,,,,,,,,,,,25,hitl
131,2026-02-19 14:45,slaughterhouse_1,slaughterhouse,1,,,,59.0,49.81,,,,,,,,,25,hitl
131,2026-02-19 14:45,wholesaler_1,wholesaler,0,,,,,,106.21,6.5,,,,,,,25,hitl
131,2026-02-19 14:45,retail_1,retail,0,,,,,,,,102.26,30.0,0.0,0.0,3.58,15.3586,25,hitl
132,2026-02-19 15:00,supplier_1,supplier,1,39.99,,,,,,,,,,,,,25,hitl
132,2026-02-19 15:00,farm_1,farm,1,,92.0,0.379,,,,,,,,,,,25,hitl
132,2026-02-19 15:00,slaughterhouse_1,slaughterhouse,1,,,,59.0,51.44,,,,,,,,,25,hitl
132,2026-02-19 15:00,wholesaler_1,wholesaler,0,,,,,,100.57,6.5,,,,,,,25,hitl
132,2026-02-19 15:00,retail_1,retail,0,,,,,,,,101.33,30.0,0.0,0.0,3.58,15.3586,25,hitl
133,2026-02-19 15:15,supplier_1,supplier,1,38.68,,,,,,,,,,,,,25,hitl
133,2026-02-19 15:15,farm_1,farm,1,,92.0,0.379,,,,,,,,,,,25,hitl
133,2026-02-19 15:15,slaughterhouse_1,slaughterhouse,1,,,,59.0,53.18,,,,,,,,,25,hitl
133,2026-02-19 15:15,wholesaler_1,wholesaler,0,,,,,,98.47,6.5,,,,,,,25,hitl
133,2026-02-19 15:15,retail_1,retail,0,,,,,,,,104.04,30.0,0.0,0.0,3.58,15.3586,25,hitl
134,2026-02-19 15:30,supplier_1,supplier,1,37.62,,,,,,,,,,,,,25,hitl
134,2026-02-19 15:30,farm_1,farm,1,,92.0,0.379,,,,,,,,,,,25,hitl
134,2026-02-19 15:30,slaughterhouse_1,slaughterhouse,1,,,,59.0,54.82,,,,,,,,,25,hitl
134,2026-02-19 15:30,wholesaler_1,wholesaler,0,,,,,,96.84,6.5,,,,,,,25,hitl
134,2026-02-19 15:30,retail_1,retail,0,,,,,,,,103.2,30.0,0.0,0.0,3.58,15.3586,25,hitl
135,2026-02-19 15:45,supplier_1,supplier,1,37.02,,,,,,,,,,,,,25,hitl
135,2026-02-19 15:45,farm_1,farm,1,,92.0,0.379,,,,,,,,,,,25,hitl
135,2026-02-19 15:45,slaughterhouse_1,slaughterhouse,1,,,,59.0,56.55,,,,,,,,,25,hitl
135,2026-02-19 15:45,wholesaler_1,wholesaler,0,,,,,,94.44,6.5,,,,,,,25,hitl
135,2026-02-19 15:45,retail_1,retail,0,,,,,,,,102.32,30.0,0.0,0.0,3.58,15.3586,25,hitl
136,2026-02-19 16:00,supplier_1,supplier,1,36.36,,,,,,,,,,,,,25,hitl
136,2026-02-19 16:00,farm_1,farm,1,,96.6,0.379,,,,,,,,,,,25,hitl
136,2026-02-19 16:00,slaughterhouse_1,slaughterhouse,1,,,,59.0,53.77,,,,,,,,,25,hitl
136,2026-02-19 16:00,wholesaler_1,wholesaler,1,,,,,,87.89,6.5,,,,,,,25,hitl
136,2026-02-19 16:00,retail_1,retail,0,,,,,,,,101.34,30.0,0.0,0.0,3.58,15.3586,25,hitl
137,2026-02-19 16:15,supplier_1,supplier,1,34.89,,,,,,,,,,,,,25,hitl
137,2026-02-19 16:15,farm_1,farm,1,,96.6,0.379,,,,,,,,,,,25,hitl
137,2026-02-19 16:15,slaughterhouse_1,slaughterhouse,1,,,,59.0,55.38,,,,,,,,,25,hitl
137,2026-02-19 16:15,wholesaler_1,wholesaler,1,,,,,,90.66,6.5,,,,,,,25,hitl
137,2026-02-19 16:15,retail_1,retail,0,,,,,,,,104.14,30.0,0.0,0.0,3.58,15.3586,25,hitl
138,2026-02-19 16:30,supplier_1,supplier,1,34.1,,,,,,,,,,,,,25,hitl
138,2026-02-19 16:30,farm_1,farm,1,,96.6,0.379,,,,,,,,,,,25,hitl
138,2026-02-19 16:30,slaughterhouse_1,slaughterhouse,1,,,,59.0,56.89,,,,,,,,,25,hitl
138,2026-02-19 16:30,wholesaler_1,wholesaler,1,,,,,,87.99,6.5,,,,,,,25,hitl
138,2026-02-19 16:30,retail_1,retail,0,,,,,,,,103.26,30.0,0.0,0.0,3.58,15.3586,25,hitl
139,2026-02-19 16:45,supplier_1,supplier,1,33.54,,,,,,,,,,,,,25,hitl
139,2026-02-19 16:45,farm_1,farm,1,,96.6,0.379,,,,,,,,,,,25,hitl
139,2026-02-19 16:45,slaughterhouse_1,slaughterhouse,1,,,,59.0,58.61,,,,,,,,,25,hitl
139,2026-02-19 16:45,wholesaler_1,wholesaler,1,,,,,,85.27,6.5,,,,,,,25,hitl
139,2026-02-19 16:45,retail_1,retail,0,,,,,,,,102.42,30.0,0.0,0.0,3.58,15.3586,25,hitl
140,2026-02-19 17:00,supplier_1,supplier,1,32.24,,,,,,,,,,,,,25,hitl
140,2026-02-19 17:00,farm_1,farm,1,,96.6,0.379,,,,,,,,,,,25,hitl
140,2026-02-19 17:00,slaughterhouse_1,slaughterhouse,1,,,,59.0,60.21,,,,,,,,,25,hitl
140,2026-02-19 17:00,wholesaler_1,wholesaler,1,,,,,,79.85,6.5,,,,,,,25,hitl
140,2026-02-19 17:00,retail_1,retail,0,,,,,,,,101.53,30.0,0.0,0.0,3.58,15.3586,25,hitl
141,2026-02-19 17:15,supplier_1,supplier,1,30.87,,,,,,,,,,,,,25,hitl
141,2026-02-19 17:15,farm_1,farm,1,,96.6,0.379,,,,,,,,,,,25,hitl
141,2026-02-19 17:15,slaughterhouse_1,slaughterhouse,1,,,,59.0,61.98,,,,,,,,,25,hitl
141,2026-02-19 17:15,wholesaler_1,wholesaler,1,,,,,,77.66,6.5,,,,,,,25,hitl
141,2026-02-19 17:15,retail_1,retail,0,,,,,,,,104.16,30.0,0.0,0.0,3.58,15.3586,25,hitl
142,2026-02-19 17:30,supplier_1,supplier,1,29.61,,,,,,,,,,,,,25,hitl
142,2026-02-19 17:30,farm_1,farm,1,,96.6,0.379,,,,,,,,,,,25,hitl
142,2026-02-19 17:30,slaughterhouse_1,slaughterhouse,1,,,,59.0,63.62,,,,,,,,,25,hitl
142,2026-02-19 17:30,wholesaler_1,wholesaler,1,,,,,,75.32,6.5,,,,,,,25,hitl
142,2026-02-19 17:30,retail_1,retail,0,,,,,,,,103.34,30.0,0.0,0.0,3.58,15.3586,25,hitl
143,2026-02-19 17:45,supplier_1,supplier,1,29.05,,,,,,,,,,,,,25,hitl
143,2026-02-19 17:45,farm_1,farm,1,,96.6,0.379,,,,,,,,,,,25,hitl
143,2026-02-19 17:45,slaughterhouse_1,slaughterhouse,1,,,,59.0,65.3,,,,,,,,,25,hitl
143,2026-02-19 17:45,wholesaler_1,wholesaler,1,,,,,,72.62,6.5,,,,,,,25,hitl
143,2026-02-19 17:45,retail_1,retail,0,,,,,,,,102.49,30.0,0.0,0.0,3.58,15.3586,25,hitl
144,2026-02-19 18:00,supplier_1,supplier,1,28.45,,,,,,,,,,,,,25,hitl
144,2026-02-19 18:00,farm_1,farm,1,,96.6,0.379,,,,,,,,,,,25,hitl
144,2026-02-19 18:00,slaughterhouse_1,slaughterhouse,1,,,,59.0,62.56,,,,,,,,,25,hitl
144,2026-02-19 18:00,wholesaler_1,wholesaler,1,,,,,,67.33,6.5,,,,,,,25,hitl
144,2026-02-19 18:00,retail_1,retail,0,,,,,,,,101.5,30.0,0.0,0.0,3.58,15.3586,25,hitl
145,2026-02-19 18:15,supplier_1,supplier,1,27.62,,,,,,,,,,,,,25,hitl
145,2026-02-19 18:15,farm_1,farm,1,,96.6,0.379,,,,,,,,,,,25,hitl
145,2026-02-19 18:15,slaughterhouse_1,slaughterhouse,1,,,,59.0,64.1,,,,,,,,,25,hitl
145,2026-02-19 18:15,wholesaler_1,wholesaler,1,,,,,,69.99,6.5,,,,,,,25,hitl
145,2026-02-19 18:15,retail_1,retail,0,,,,,,,,104.19,30.0,0.0,0.0,3.58,15.3586,25,hitl
146,2026-02-19 18:30,supplier_1,supplier,1,26.29,,,,,,,,,,,,,25,hitl
146,2026-02-19 18:30,farm_1,farm,1,,96.6,0.379,,,,,,,,,,,25,hitl
146,2026-02-19 18:30,slaughterhouse_1,slaughterhouse,1,,,,59.0,65.68,,,,,,,,,25,hitl
146,2026-02-19 18:30,wholesaler_1,wholesaler,1,,,,,,67.83,6.5,,,,,,,25,hitl
146,2026-02-19 18:30,retail_1,retail,0,,,,,,,,103.38,30.0,0.0,0.0,3.58,15.3586,25,hitl
147,2026-02-19 18:45,supplier_1,supplier,1,25.02,,,,,,,,,,,,,25,hitl
147,2026-02-19 18:45,farm_1,farm,1,,96.6,0.379,,,,,,,,,,,25,hitl
147,2026-02-19 18:45,slaughterhouse_1,slaughterhouse,1,,,,59.0,67.22,,,,,,,,,25,hitl
147,2026-02-19 18:45,wholesaler_1,wholesaler,1,,,,,,66.21,6.5,,,,,,,25,hitl
147,2026-02-19 18:45,retail_1,retail,0,,,,,,,,102.49,30.0,0.0,0.0,3.58,15.3586,25,hitl
148,2026-02-19 19:00,supplier_1,supplier,1,24.31,,,,,,,,,,,,,25,hitl
148,2026-02-19 19:00,farm_1,farm,1,,96.6,0.379,,,,,,,,,,,25,hitl
148,2026-02-19 19:00,slaughterhouse_1,slaughterhouse,1,,,,59.0,68.8,,,,,,,,,25,hitl
148,2026-02-19 19:00,wholesaler_1,wholesaler,1,,,,,,61.23,6.5,,,,,,,25,hitl
148,2026-02-19 19:00,retail_1,retail,0,,,,,,,,101.67,30.0,0.0,0.0,3.58,15.3586,25,hitl
149,2026-02-19 19:15,supplier_1,supplier,1,23.3,,,,,,,,,,,,,25,hitl
149,2026-02-19 19:15,farm_1,farm,1,,96.6,0.379,,,,,,,,,,,25,hitl
149,2026-02-19 19:15,slaughterhouse_1,slaughterhouse,1,,,,59.0,70.34,,,,,,,,,25,hitl
149,2026-02-19 19:15,wholesaler_1,wholesaler,1,,,,,,58.84,6.5,,,,,,,25,hitl
149,2026-02-19 19:15,retail_1,retail,0,,,,,,,,104.16,30.0,0.0,0.0,3.58,15.3586,25,hitl
150,2026-02-19 19:30,supplier_1,supplier,1,21.85,,,,,,,,,,,,,25,hitl
150,2026-02-19 19:30,farm_1,farm,1,,96.6,0.379,,,,,,,,,,,25,hitl
150,2026-02-19 19:30,slaughterhouse_1,slaughterhouse,1,,,,59.0,71.88,,,,,,,,,25,hitl
150,2026-02-19 19:30,wholesaler_1,wholesaler,1,,,,,,57.11,6.5,,,,,,,25,hitl
150,2026-02-19 19:30,retail_1,retail,0,,,,,,,,103.28,30.0,0.0,0.0,3.58,15.3586,25,hitl
151,2026-02-19 19:45,supplier_1,supplier,1,20.55,,,,,,,,,,,,,25,hitl
151,2026-02-19 19:45,farm_1,farm,1,,96.6,0.379,,,,,,,,,,,25,hitl
151,2026-02-19 19:45,slaughterhouse_1,slaughterhouse,1,,,,59.0,73.64,,,,,,,,,25,hitl
151,2026-02-19 19:45,wholesaler_1,wholesaler,1,,,,,,54.28,6.5,,,,,,,25,hitl
151,2026-02-19 19:45,retail_1,retail,0,,,,,,,,102.33,30.0,0.0,0.0,3.58,15.3586,25,hitl
152,2026-02-19 20:00,supplier_1,supplier,1,19.33,,,,,,,,,,,,,25,hitl
152,2026-02-19 20:00,farm_1,farm,1,,96.6,0.379,,,,,,,,,,,25,hitl
152,2026-02-19 20:00,slaughterhouse_1,slaughterhouse,1,,,,59.0,71.02,,,,,,,,,25,hitl
152,2026-02-19 20:00,wholesaler_1,wholesaler,1,,,,,,47.87,6.5,,,,,,,25,hitl
152,2026-02-19 20:00,retail_1,retail,0,,,,,,,,101.49,30.0,0.0,0.0,3.58,15.3586,25,hitl
153,2026-02-19 20:15,supplier_1,supplier,1,18.14,,,,,,,,,,,,,25,hitl
153,2026-02-19 20:15,farm_1,farm,1,,96.6,0.379,,,,,,,,,,,25,hitl
153,2026-02-19 20:15,slaughterhouse_1,slaughterhouse,1,,,,59.0,72.68,,,,,,,,,25,hitl
153,2026-02-19 20:15,wholesaler_1,wholesaler,1,,,,,,14.73,114.0,,,,,,,25,hitl
153,2026-02-19 20:15,retail_1,retail,0,,,,,,,,104.07,30.0,0.0,0.0,3.58,15.3586,25,hitl
154,2026-02-19 20:30,supplier_1,supplier,1,17.35,,,,,,,,,,,,,25,hitl
154,2026-02-19 20:30,farm_1,farm,1,,96.6,0.379,,,,,,,,,,,25,hitl
154,2026-02-19 20:30,slaughterhouse_1,slaughterhouse,1,,,,59.0,74.26,,,,,,,,,25,hitl
154,2026-02-19 20:30,wholesaler_1,wholesaler,1,,,,,,12.15,114.0,,,,,,,25,hitl
154,2026-02-19 20:30,retail_1,retail,0,,,,,,,,103.17,30.0,0.0,0.0,3.58,15.3586,25,hitl
155,2026-02-19 20:45,supplier_1,supplier,1,16.82,,,,,,,,,,,,,25,hitl
155,2026-02-19 20:45,farm_1,farm,1,,96.6,0.379,,,,,,,,,,,25,hitl
155,2026-02-19 20:45,slaughterhouse_1,slaughterhouse,1,,,,59.0,75.92,,,,,,,,,25,hitl
155,2026-02-19 20:45,wholesaler_1,wholesaler,1,,,,,,10.57,114.0,,,,,,,25,hitl
155,2026-02-19 20:45,retail_1,retail,0,,,,,,,,102.25,30.0,0.0,0.0,3.58,15.3586,25,hitl
156,2026-02-19 21:00,supplier_1,supplier,1,15.97,,,,,,,,,,,,,25,hitl
156,2026-02-19 21:00,farm_1,farm,1,,96.6,0.379,,,,,,,,,,,25,hitl
156,2026-02-19 21:00,slaughterhouse_1,slaughterhouse,1,,,,59.0,77.56,,,,,,,,,25,hitl
156,2026-02-19 21:00,wholesaler_1,wholesaler,1,,,,,,9.03,114.0,,,,,,,25,hitl
156,2026-02-19 21:00,retail_1,retail,0,,,,,,,,101.39,30.0,0.0,0.0,3.58,15.3586,25,hitl
157,2026-02-19 21:15,supplier_1,supplier,1,14.77,,,,,,,,,,,,,25,hitl
157,2026-02-19 21:15,farm_1,farm,1,,96.6,0.379,,,,,,,,,,,25,hitl
157,2026-02-19 21:15,slaughterhouse_1,slaughterhouse,1,,,,59.0,79.15,,,,,,,,,25,hitl
157,2026-02-19 21:15,wholesaler_1,wholesaler,1,,,,,,6.88,114.0,,,,,,,25,hitl
157,2026-02-19 21:15,retail_1,retail,0,,,,,,,,100.55,30.0,0.0,0.0,3.58,15.3586,25,hitl
158,2026-02-19 21:30,supplier_1,supplier,1,13.45,,,,,,,,,,,,,25,hitl
158,2026-02-19 21:30,farm_1,farm,1,,96.6,0.379,,,,,,,,,,,25,hitl
158,2026-02-19 21:30,slaughterhouse_1,slaughterhouse,1,,,,59.0,80.72,,,,,,,,,25,hitl
158,2026-02-19 21:30,wholesaler_1,wholesaler,1,,,,,,4.14,114.0,,,,,,,25,hitl
158,2026-02-19 21:30,retail_1,retail,0,,,,,,,,99.64,30.0,0.0,0.0,3.58,15.3586,25,hitl
159,2026-02-19 21:45,supplier_1,supplier,1,12.27,,,,,,,,,,,,,25,hitl
159,2026-02-19 21:45,farm_1,farm,1,,96.6,0.379,,,,,,,,,,,25,hitl
159,2026-02-19 21:45,slaughterhouse_1,slaughterhouse,1,,,,59.0,82.3,,,,,,,,,25,hitl
159,2026-02-19 21:45,wholesaler_1,wholesaler,1,,,,,,1.98,114.0,,,,,,,25,hitl
159,2026-02-19 21:45,retail_1,retail,0,,,,,,,,98.78,30.0,0.0,0.0,3.58,15.3586,25,hitl
160,2026-02-19 22:00,supplier_1,supplier,1,11.51,,,,,,,,,,,,,25,hitl
160,2026-02-19 22:00,farm_1,farm,1,,96.6,0.379,,,,,,,,,,,25,hitl
160,2026-02-19 22:00,slaughterhouse_1,slaughterhouse,1,,,,59.0,79.5,,,,,,,,,25,hitl
160,2026-02-19 22:00,wholesaler_1,wholesaler,1,,,,,,0.0,114.0,,,,,,,25,hitl
160,2026-02-19 22:00,retail_1,retail,0,,,,,,,,97.79,30.0,0.0,0.0,3.58,15.3586,25,hitl
161,2026-02-19 22:15,supplier_1,supplier,1,10.69,,,,,,,,,,,,,25,hitl
161,2026-02-19 22:15,farm_1,farm,1,,96.6,0.379,,,,,,,,,,,25,hitl
161,2026-02-19 22:15,slaughterhouse_1,slaughterhouse,1,,,,59.0,81.16,,,,,,,,,25,hitl
161,2026-02-19 22:15,wholesaler_1,wholesaler,1,,,,,,4.32,114.0,,,,,,,25,hitl
161,2026-02-19 22:15,retail_1,retail,0,,,,,,,,96.95,30.0,0.0,0.0,3.58,15.3586,25,hitl
162,2026-02-19 22:30,supplier_1,supplier,1,9.32,,,,,,,,,,,,,25,hitl
162,2026-02-19 22:30,farm_1,farm,1,,96.6,0.379,,,,,,,,,,,25,hitl
162,2026-02-19 22:30,slaughterhouse_1,slaughterhouse,1,,,,59.0,82.87,,,,,,,,,25,hitl
162,2026-02-19 22:30,wholesaler_1,wholesaler,1,,,,,,2.8,114.0,,,,,,,25,hitl
162,2026-02-19 22:30,retail_1,retail,0,,,,,,,,95.97,30.0,0.0,0.0,3.58,15.3586,25,hitl
163,2026-02-19 22:45,supplier_1,supplier,1,8.57,,,,,,,,,,,,,25,hitl
163,2026-02-19 22:45,farm_1,farm,1,,96.6,0.379,,,,,,,,,,,25,hitl
163,2026-02-19 22:45,slaughterhouse_1,slaughterhouse,1,,,,59.0,84.49,,,,,,,,,25,hitl
163,2026-02-19 22:45,wholesaler_1,wholesaler,1,,,,,,0.54,114.0,,,,,,,25,hitl
163,2026-02-19 22:45,retail_1,retail,0,,,,,,,,95.04,30.0,0.0,0.0,3.58,15.3586,25,hitl
164,2026-02-19 23:00,supplier_1,supplier,1,7.58,,,,,,,,,,,,,25,hitl
164,2026-02-19 23:00,farm_1,farm,1,,96.6,0.379,,,,,,,,,,,25,hitl
164,2026-02-19 23:00,slaughterhouse_1,slaughterhouse,1,,,,59.0,86.17,,,,,,,,,25,hitl
164,2026-02-19 23:00,wholesaler_1,wholesaler,1,,,,,,0.0,114.0,,,,,,,25,hitl
164,2026-02-19 23:00,retail_1,retail,0,,,,,,,,94.1,30.0,0.0,0.0,3.58,15.3586,25,hitl
165,2026-02-19 23:15,supplier_1,supplier,1,6.85,,,,,,,,,,,,,25,hitl
165,2026-02-19 23:15,farm_1,farm,1,,96.6,0.379,,,,,,,,,,,25,hitl
165,2026-02-19 23:15,slaughterhouse_1,slaughterhouse,1,,,,59.0,87.94,,,,,,,,,25,hitl
165,2026-02-19 23:15,wholesaler_1,wholesaler,1,,,,,,0.0,114.0,,,,,,,25,hitl
165,2026-02-19 23:15,retail_1,retail,0,,,,,,,,93.22,30.0,0.0,0.0,3.58,15.3586,25,hitl
166,2026-02-19 23:30,supplier_1,supplier,1,5.92,,,,,,,,,,,,,25,hitl
166,2026-02-19 23:30,farm_1,farm,1,,96.6,0.379,,,,,,,,,,,25,hitl
166,2026-02-19 23:30,slaughterhouse_1,slaughterhouse,1,,,,59.0,89.45,,,,,,,,,25,hitl
166,2026-02-19 23:30,wholesaler_1,wholesaler,1,,,,,,0.0,114.0,,,,,,,25,hitl
166,2026-02-19 23:30,retail_1,retail,0,,,,,,,,92.38,30.0,0.0,0.0,3.58,15.3586,25,hitl
167,2026-02-19 23:45,supplier_1,supplier,1,4.98,,,,,,,,,,,,,25,hitl
167,2026-02-19 23:45,farm_1,farm,1,,96.6,0.379,,,,,,,,,,,25,hitl
167,2026-02-19 23:45,slaughterhouse_1,slaughterhouse,1,,,,59.0,91.14,,,,,,,,,25,hitl
167,2026-02-19 23:45,wholesaler_1,wholesaler,1,,,,,,0.0,114.0,,,,,,,25,hitl
167,2026-02-19 23:45,retail_1,retail,0,,,,,,,,91.58,30.0,0.0,0.0,3.58,15.3586,25,hitl
168,2026-02-20 00:00,supplier_1,supplier,1,3.57,,,,,,,,,,,,,25,hitl
168,2026-02-20 00:00,farm_1,farm,1,,96.6,0.379,,,,,,,,,,,25,hitl
168,2026-02-20 00:00,slaughterhouse_1,slaughterhouse,1,,,,59.0,88.36,,,,,,,,,25,hitl
168,2026-02-20 00:00,wholesaler_1,wholesaler,1,,,,,,0.0,114.0,,,,,,,25,hitl
168,2026-02-20 00:00,retail_1,retail,0,,,,,,,,90.77,30.0,0.0,0.0,3.58,15.3586,25,hitl
169,2026-02-20 00:15,supplier_1,supplier,1,2.9,,,,,,,,,,,,,25,hitl
169,2026-02-20 00:15,farm_1,farm,1,,96.6,0.379,,,,,,,,,,,25,hitl
169,2026-02-20 00:15,slaughterhouse_1,slaughterhouse,1,,,,59.0,89.9,,,,,,,,,25,hitl
169,2026-02-20 00:15,wholesaler_1,wholesaler,1,,,,,,4.32,114.0,,,,,,,25,hitl
169,2026-02-20 00:15,retail_1,retail,0,,,,,,,,89.86,30.0,0.0,0.0,3.58,15.3586,25,hitl
170,2026-02-20 00:30,supplier_1,supplier,1,1.58,,,,,,,,,,,,,25,hitl
170,2026-02-20 00:30,farm_1,farm,1,,96.6,0.379,,,,,,,,,,,25,hitl
170,2026-02-20 00:30,slaughterhouse_1,slaughterhouse,1,,,,59.0,91.56,,,,,,,,,25,hitl
170,2026-02-20 00:30,wholesaler_1,wholesaler,1,,,,,,1.39,114.0,,,,,,,25,hitl
170,2026-02-20 00:30,retail_1,retail,0,,,,,,,,88.91,30.0,0.0,0.0,3.58,15.3586,25,hitl
171,2026-02-20 00:45,supplier_1,supplier,1,0.64,,,,,,,,,,,,,25,hitl
171,2026-02-20 00:45,farm_1,farm,1,,96.6,0.379,,,,,,,,,,,25,hitl
171,2026-02-20 00:45,slaughterhouse_1,slaughterhouse,1,,,,59.0,93.3,,,,,,,,,25,hitl
171,2026-02-20 00:45,wholesaler_1,wholesaler,1,,,,,,0.0,114.0,,,,,,,25,hitl
171,2026-02-20 00:45,retail_1,retail,0,,,,,,,,88.07,30.0,0.0,0.0,3.58,15.3586,25,hitl
172,2026-02-20 01:00,supplier_1,supplier,1,0.0,,,,,,,,,,,,,25,hitl
172,2026-02-20 01:00,farm_1,farm,1,,96.6,0.379,,,,,,,,,,,25,hitl
172,2026-02-20 01:00,slaughterhouse_1,slaughterhouse,1,,,,59.0,94.9,,,,,,,,,25,hitl
172,2026-02-20 01:00,wholesaler_1,wholesaler,1,,,,,,0.0,114.0,,,,,,,25,hitl
172,2026-02-20 01:00,retail_1,retail,0,,,,,,,,87.09,30.0,0.0,0.0,3.58,15.3586,25,hitl
173,2026-02-20 01:15,supplier_1,supplier,1,0.0,,,,,,,,,,,,,25,hitl
173,2026-02-20 01:15,farm_1,farm,1,,96.6,0.379,,,,,,,,,,,25,hitl
173,2026-02-20 01:15,slaughterhouse_1,slaughterhouse,1,,,,59.0,96.55,,,,,,,,,25,hitl
173,2026-02-20 01:15,wholesaler_1,wholesaler,1,,,,,,0.0,114.0,,,,,,,25,hitl
173,2026-02-20 01:15,retail_1,retail,0,,,,,,,,86.16,30.0,0.0,0.0,3.58,15.3586,25,hitl
174,2026-02-20 01:30,supplier_1,supplier,1,0.0,,,,,,,,,,,,,25,hitl
174,2026-02-20 01:30,farm_1,farm,1,,96.6,0.379,,,,,,,,,,,25,hitl
174,2026-02-20 01:30,slaughterhouse_1,slaughterhouse,1,,,,59.0,98.08,,,,,,,,,25,hitl
174,2026-02-20 01:30,wholesaler_1,wholesaler,1,,,,,,0.0,114.0,,,,,,,25,hitl
174,2026-02-20 01:30,retail_1,retail,0,,,,,,,,85.27,30.0,0.0,0.0,3.58,15.3586,25,hitl
175,2026-02-20 01:45,supplier_1,supplier,1,0.0,,,,,,,,,,,,,25,hitl
175,2026-02-20 01:45,farm_1,farm,1,,96.6,0.379,,,,,,,,,,,25,hitl
175,2026-02-20 01:45,slaughterhouse_1,slaughterhouse,1,,,,59.0,99.64,,,,,,,,,25,hitl
175,2026-02-20 01:45,wholesaler_1,wholesaler,1,,,,,,0.0,114.0,,,,,,,25,hitl
175,2026-02-20 01:45,retail_1,retail,0,,,,,,,,84.46,30.0,0.0,0.0,3.58,15.3586,25,hitl
176,2026-02-20 02:00,supplier_1,supplier,1,0.0,,,,,,,,,,,,,25,hitl
176,2026-02-20 02:00,farm_1,farm,1,,96.6,0.379,,,,,,,,,,,25,hitl
176,2026-02-20 02:00,slaughterhouse_1,slaughterhouse,1,,,,59.0,97.03,,,,,,,,,25,hitl
176,2026-02-20 02:00,wholesaler_1,wholesaler,1,,,,,,0.0,114.0,,,,,,,25,hitl
176,2026-02-20 02:00,retail_1,retail,0,,,,,,,,83.67,30.0,0.0,0.0,3.58,15.3586,25,hitl
177,2026-02-20 02:15,supplier_1,supplier,1,0.0,,,,,,,,,,,,,25,hitl
177,2026-02-20 02:15,farm_1,farm,1,,96.6,0.379,,,,,,,,,,,25,hitl
177,2026-02-20 02:15,slaughterhouse_1,slaughterhouse,1,,,,59.0,98.55,,,,,,,,,25,hitl
177,2026-02-20 02:15,wholesaler_1,wholesaler,1,,,,,,4.32,114.0,,,,,,,25,hitl
177,2026-02-20 02:15,retail_1,retail,0,,,,,,,,82.77,30.0,0.0,0.0,3.58,15.3586,25,hitl
178,2026-02-20 02:30,supplier_1,supplier,1,0.0,,,,,,,,,,,,,25,hitl
178,2026-02-20 02:30,farm_1,farm,1,,96.6,0.379,,,,,,,,,,,25,hitl
178,2026-02-20 02:30,slaughterhouse_1,slaughterhouse,1,,,,59.0,100.11,,,,,,,,,25,hitl
178,2026-02-20 02:30,wholesaler_1,wholesaler,1,,,,,,1.81,114.0,,,,,,,25,hitl
178,2026-02-20 02:30,retail_1,retail,0,,,,,,,,81.91,30.0,0.0,0.0,3.58,15.3586,25,hitl
179,2026-02-20 02:45,supplier_1,supplier,1,0.0,,,,,,,,,,,,,25,hitl
179,2026-02-20 02:45,farm_1,farm,1,,96.6,0.379,,,,,,,,,,,25,hitl
179,2026-02-20 02:45,slaughterhouse_1,slaughterhouse,1,,,,59.0,101.71,,,,,,,,,25,hitl
179,2026-02-20 02:45,wholesaler_1,wholesaler,1,,,,,,0.0,114.0,,,,,,,25,hitl
179,2026-02-20 02:45,retail_1,retail,0,,,,,,,,80.97,30.0,0.0,0.0,3.58,15.3586,25,hitl
180,2026-02-20 03:00,supplier_1,supplier,1,0.0,,,,,,,,,,,,,25,hitl
180,2026-02-20 03:00,farm_1,farm,1,,96.6,0.379,,,,,,,,,,,25,hitl
180,2026-02-20 03:00,slaughterhouse_1,slaughterhouse,1,,,,59.0,103.46,,,,,,,,,25,hitl
180,2026-02-20 03:00,wholesaler_1,wholesaler,1,,,,,,0.0,114.0,,,,,,,25,hitl
180,2026-02-20 03:00,retail_1,retail,0,,,,,,,,80.07,30.0,0.0,0.0,3.58,15.3586,25,hitl
181,2026-02-20 03:15,supplier_1,supplier,1,0.0,,,,,,,,,,,,,25,hitl
181,2026-02-20 03:15,farm_1,farm,1,,96.6,0.379,,,,,,,,,,,25,hitl
181,2026-02-20 03:15,slaughterhouse_1,slaughterhouse,1,,,,59.0,105.11,,,,,,,,,25,hitl
181,2026-02-20 03:15,wholesaler_1,wholesaler,1,,,,,,0.0,114.0,,,,,,,25,hitl
181,2026-02-20 03:15,retail_1,retail,0,,,,,,,,79.22,30.0,0.0,0.0,3.58,15.3586,25,hitl
182,2026-02-20 03:30,supplier_1,supplier,1,0.0,,,,,,,,,,,,,25,hitl
182,2026-02-20 03:30,farm_1,farm,1,,96.6,0.379,,,,,,,,,,,25,hitl
182,2026-02-20 03:30,slaughterhouse_1,slaughterhouse,1,,,,59.0,106.83,,,,,,,,,25,hitl
182,2026-02-20 03:30,wholesaler_1,wholesaler,1,,,,,,0.0,114.0,,,,,,,25,hitl
182,2026-02-20 03:30,retail_1,retail,0,,,,,,,,78.33,30.0,0.0,0.0,3.58,15.3586,25,hitl
183,2026-02-20 03:45,supplier_1,supplier,1,0.0,,,,,,,,,,,,,25,hitl
183,2026-02-20 03:45,farm_1,farm,1,,96.6,0.379,,,,,,,,,,,25,hitl
183,2026-02-20 03:45,slaughterhouse_1,slaughterhouse,1,,,,59.0,108.44,,,,,,,,,25,hitl
183,2026-02-20 03:45,wholesaler_1,wholesaler,1,,,,,,0.0,114.0,,,,,,,25,hitl
183,2026-02-20 03:45,retail_1,retail,0,,,,,,,,77.53,30.0,0.0,0.0,3.58,15.3586,25,hitl
184,2026-02-20 04:00,supplier_1,supplier,1,0.0,,,,,,,,,,,,,25,hitl
184,2026-02-20 04:00,farm_1,farm,1,,96.6,0.379,,,,,,,,,,,25,hitl
184,2026-02-20 04:00,slaughterhouse_1,slaughterhouse,1,,,,59.0,105.77,,,,,,,,,25,hitl
184,2026-02-20 04:00,wholesaler_1,wholesaler,1,,,,,,0.0,114.0,,,,,,,25,hitl
184,2026-02-20 04:00,retail_1,retail,0,,,,,,,,76.68,30.0,0.0,0.0,3.58,15.3586,25,hitl
185,2026-02-20 04:15,supplier_1,supplier,1,0.0,,,,,,,,,,,,,25,hitl
185,2026-02-20 04:15,farm_1,farm,1,,96.6,0.379,,,,,,,,,,,25,hitl
185,2026-02-20 04:15,slaughterhouse_1,slaughterhouse,1,,,,59.0,107.46,,,,,,,,,25,hitl
185,2026-02-20 04:15,wholesaler_1,wholesaler,1,,,,,,4.32,114.0,,,,,,,25,hitl
185,2026-02-20 04:15,retail_1,retail,0,,,,,,,,75.76,30.0,0.0,0.0,3.58,15.3586,25,hitl
186,2026-02-20 04:30,supplier_1,supplier,1,0.0,,,,,,,,,,,,,25,hitl
186,2026-02-20 04:30,farm_1,farm,1,,96.6,0.379,,,,,,,,,,,25,hitl
186,2026-02-20 04:30,slaughterhouse_1,slaughterhouse,1,,,,59.0,109.04,,,,,,,,,25,hitl
186,2026-02-20 04:30,wholesaler_1,wholesaler,1,,,,,,2.74,114.0,,,,,,,25,hitl
186,2026-02-20 04:30,retail_1,retail,0,,,,,,,,74.9,30.0,0.0,0.0,3.58,15.3586,25,hitl
187,2026-02-20 04:45,supplier_1,supplier,1,0.0,,,,,,,,,,,,,25,hitl
187,2026-02-20 04:45,farm_1,farm,1,,96.6,0.379,,,,,,,,,,,25,hitl
187,2026-02-20 04:45,slaughterhouse_1,slaughterhouse,1,,,,59.0,110.78,,,,,,,,,25,hitl
187,2026-02-20 04:45,wholesaler_1,wholesaler,1,,,,,,0.6,114.0,,,,,,,25,hitl
187,2026-02-20 04:45,retail_1,retail,0,,,,,,,,73.94,30.0,0.0,0.0,3.58,15.3586,25,hitl
188,2026-02-20 05:00,supplier_1,supplier,1,0.0,,,,,,,,,,,,,25,hitl
188,2026-02-20 05:00,farm_1,farm,1,,96.6,0.379,,,,,,,,,,,25,hitl
188,2026-02-20 05:00,slaughterhouse_1,slaughterhouse,1,,,,59.0,112.29,,,,,,,,,25,hitl
188,2026-02-20 05:00,wholesaler_1,wholesaler,1,,,,,,0.0,114.0,,,,,,,25,hitl
188,2026-02-20 05:00,retail_1,retail,0,,,,,,,,73.13,30.0,0.0,0.0,3.58,15.3586,25,hitl
189,2026-02-20 05:15,supplier_1,supplier,1,0.0,,,,,,,,,,,,,25,hitl
189,2026-02-20 05:15,farm_1,farm,1,,96.6,0.379,,,,,,,,,,,25,hitl
189,2026-02-20 05:15,slaughterhouse_1,slaughterhouse,1,,,,59.0,113.85,,,,,,,,,25,hitl
189,2026-02-20 05:15,wholesaler_1,wholesaler,1,,,,,,0.0,114.0,,,,,,,25,hitl
189,2026-02-20 05:15,retail_1,retail,0,,,,,,,,72.25,30.0,0.0,0.0,3.58,15.3586,25,hitl
190,2026-02-20 05:30,supplier_1,supplier,1,0.0,,,,,,,,,,,,,25,hitl
190,2026-02-20 05:30,farm_1,farm,1,,96.6,0.379,,,,,,,,,,,25,hitl
190,2026-02-20 05:30,slaughterhouse_1,slaughterhouse,1,,,,59.0,115.45,,,,,,,,,25,hitl
190,2026-02-20 05:30,wholesaler_1,wholesaler,1,,,,,,0.0,114.0,,,,,,,25,hitl
190,2026-02-20 05:30,retail_1,retail,0,,,,,,,,71.34,30.0,0.0,0.0,3.58,15.3586,25,hitl
191,2026-02-20 05:45,supplier_1,supplier,1,0.0,,,,,,,,,,,,,25,hitl
191,2026-02-20 05:45,farm_1,farm,1,,96.6,0.379,,,,,,,,,,,25,hitl
191,2026-02-20 05:45,slaughterhouse_1,slaughterhouse,1,,,,59.0,117.19,,,,,,,,,25,hitl
191,2026-02-20 05:45,wholesaler_1,wholesaler,1,,,,,,0.0,114.0,,,,,,,25,hitl
191,2026-02-20 05:45,retail_1,retail,0,,,,,,,,70.48,30.0,0.0,0.0,3.58,15.3586,25,hitl
192,2026-02-20 06:00,supplier_1,supplier,1,0.0,,,,,,,,,,,,,25,hitl
192,2026-02-20 06:00,farm_1,farm,1,,96.6,0.379,,,,,,,,,,,25,hitl
192,2026-02-20 06:00,slaughterhouse_1,slaughterhouse,1,,,,59.0,114.39,,,,,,,,,25,hitl
192,2026-02-20 06:00,wholesaler_1,wholesaler,1,,,,,,0.0,114.0,,,,,,,25,hitl
192,2026-02-20 06:00,retail_1,retail,1,,,,,,,,0.0,29.0,1.0,9.68,21.428,135.0,25,hitl
193,2026-02-20 06:15,supplier_1,supplier,1,0.0,,,,,,,,,,,,,25,hitl
193,2026-02-20 06:15,farm_1,farm,1,,96.6,0.379,,,,,,,,,,,25,hitl
193,2026-02-20 06:15,slaughterhouse_1,slaughterhouse,1,,,,59.0,116.05,,,,,,,,,25,hitl
193,2026-02-20 06:15,wholesaler_1,wholesaler,1,,,,,,4.32,114.0,,,,,,,25,hitl
193,2026-02-20 06:15,retail_1,retail,1,,,,,,,,0.0,29.0,1.0,9.93,21.428,135.0,25,hitl
194,2026-02-20 06:30,supplier_1,supplier,1,0.0,,,,,,,,,,,,,25,hitl
194,2026-02-20 06:30,farm_1,farm,1,,96.6,0.379,,,,,,,,,,,25,hitl
194,2026-02-20 06:30,slaughterhouse_1,slaughterhouse,1,,,,59.0,117.57,,,,,,,,,25,hitl
194,2026-02-20 06:30,wholesaler_1,wholesaler,1,,,,,,2.25,114.0,,,,,,,25,hitl
194,2026-02-20 06:30,retail_1,retail,1,,,,,,,,0.0,29.0,1.0,10.18,21.428,135.0,25,hitl
195,2026-02-20 06:45,supplier_1,supplier,1,0.0,,,,,,,,,,,,,25,hitl
195,2026-02-20 06:45,farm_1,farm,1,,96.6,0.379,,,,,,,,,,,25,hitl
195,2026-02-20 06:45,slaughterhouse_1,slaughterhouse,1,,,,59.0,119.14,,,,,,,,,25,hitl
195,2026-02-20 06:45,wholesaler_1,wholesaler,1,,,,,,0.0,114.0,,,,,,,25,hitl
195,2026-02-20 06:45,retail_1,retail,1,,,,,,,,0.0,29.0,1.0,10.43,21.428,135.0,25,hitl
196,2026-02-20 07:00,supplier_1,supplier,1,0.0,,,,,,,,,,,,,25,hitl
196,2026-02-20 07:00,farm_1,farm,1,,96.6,0.379,,,,,,,,,,,25,hitl
196,2026-02-20 07:00,slaughterhouse_1,slaughterhouse,1,,,,59.0,120.89,,,,,,,,,25,hitl
196,2026-02-20 07:00,wholesaler_1,wholesaler,1,,,,,,0.0,114.0,,,,,,,25,hitl
196,2026-02-20 07:00,retail_1,retail,1,,,,,,,,0.0,29.0,1.0,10.68,21.428,135.0,25,hitl
197,2026-02-20 07:15,supplier_1,supplier,1,0.0,,,,,,,,,,,,,25,hitl
197,2026-02-20 07:15,farm_1,farm,1,,96.6,0.379,,,,,,,,,,,25,hitl
197,2026-02-20 07:15,slaughterhouse_1,slaughterhouse,1,,,,59.0,122.43,,,,,,,,,25,hitl
197,2026-02-20 07:15,wholesaler_1,wholesaler,1,,,,,,0.0,114.0,,,,,,,25,hitl
197,2026-02-20 07:15,retail_1,retail,1,,,,,,,,0.0,29.0,1.0,10.93,21.428,135.0,25,hitl
198,2026-02-20 07:30,supplier_1,supplier,1,0.0,,,,,,,,,,,,,25,hitl
198,2026-02-20 07:30,farm_1,farm,1,,96.6,0.379,,,,,,,,,,,25,hitl
198,2026-02-20 07:30,slaughterhouse_1,slaughterhouse,1,,,,59.0,124.08,,,,,,,,,25,hitl
198,2026-02-20 07:30,wholesaler_1,wholesaler,1,,,,,,0.0,114.0,,,,,,,25,hitl
198,2026-02-20 07:30,retail_1,retail,1,,,,,,,,0.0,29.0,1.0,11.18,21.428,135.0,25,hitl
199,2026-02-20 07:45,supplier_1,supplier,1,0.0,,,,,,,,,,,,,25,hitl
199,2026-02-20 07:45,farm_1,farm,1,,96.6,0.379,,,,,,,,,,,25,hitl
199,2026-02-20 07:45,slaughterhouse_1,slaughterhouse,1,,,,59.0,125.7,,,,,,,,,25,hitl
199,2026-02-20 07:45,wholesaler_1,wholesaler,1,,,,,,0.0,114.0,,,,,,,25,hitl
199,2026-02-20 07:45,retail_1,retail,1,,,,,,,,0.0,29.0,1.0,11.43,21.428,135.0,25,hitl
200,2026-02-20 08:00,supplier_1,supplier,1,0.0,,,,,,,,,,,,,25,hitl
200,2026-02-20 08:00,farm_1,farm,1,,96.6,0.379,,,,,,,,,,,25,hitl
200,2026-02-20 08:00,slaughterhouse_1,slaughterhouse,1,,,,59.0,123.08,,,,,,,,,25,hitl
200,2026-02-20 08:00,wholesaler_1,wholesaler,1,,,,,,0.0,114.0,,,,,,,25,hitl
200,2026-02-20 08:00,retail_1,retail,1,,,,,,,,0.0,29.0,1.0,11.68,21.428,135.0,25,hitl
201,2026-02-20 08:15,supplier_1,supplier,1,0.0,,,,,,,,,,,,,25,hitl
201,2026-02-20 08:15,farm_1,farm,1,,96.6,0.379,,,,,,,,,,,25,hitl
201,2026-02-20 08:15,slaughterhouse_1,slaughterhouse,1,,,,59.0,124.71,,,,,,,,,25,hitl
201,2026-02-20 08:15,wholesaler_1,wholesaler,1,,,,,,4.32,114.0,,,,,,,25,hitl
201,2026-02-20 08:15,retail_1,retail,1,,,,,,,,0.0,29.0,1.0,11.93,21.428,135.0,25,hitl
202,2026-02-20 08:30,supplier_1,supplier,1,0.0,,,,,,,,,,,,,25,hitl
202,2026-02-20 08:30,farm_1,farm,1,,96.6,0.379,,,,,,,,,,,25,hitl
202,2026-02-20 08:30,slaughterhouse_1,slaughterhouse,1,,,,59.0,126.33,,,,,,,,,25,hitl
202,2026-02-20 08:30,wholesaler_1,wholesaler,1,,,,,,2.71,114.0,,,,,,,25,hitl
202,2026-02-20 08:30,retail_1,retail,1,,,,,,,,0.0,29.0,1.0,12.18,21.428,135.0,25,hitl
203,2026-02-20 08:45,supplier_1,supplier,1,0.0,,,,,,,,,,,,,25,hitl
203,2026-02-20 08:45,farm_1,farm,1,,96.6,0.379,,,,,,,,,,,25,hitl
203,2026-02-20 08:45,slaughterhouse_1,slaughterhouse,1,,,,59.0,127.89,,,,,,,,,25,hitl
203,2026-02-20 08:45,wholesaler_1,wholesaler,1,,,,,,0.36,114.0,,,,,,,25,hitl
203,2026-02-20 08:45,retail_1,retail,1,,,,,,,,0.0,29.0,1.0,12.43,21.428,135.0,25,hitl
204,2026-02-20 09:00,supplier_1,supplier,1,0.0,,,,,,,,,,,,,25,hitl
204,2026-02-20 09:00,farm_1,farm,1,,96.6,0.379,,,,,,,,,,,25,hitl
204,2026-02-20 09:00,slaughterhouse_1,slaughterhouse,1,,,,59.0,129.53,,,,,,,,,25,hitl
204,2026-02-20 09:00,wholesaler_1,wholesaler,1,,,,,,0.0,114.0,,,,,,,25,hitl
204,2026-02-20 09:00,retail_1,retail,1,,,,,,,,0.0,29.0,1.0,12.68,21.428,135.0,25,hitl
205,2026-02-20 09:15,supplier_1,supplier,1,0.0,,,,,,,,,,,,,25,hitl
205,2026-02-20 09:15,farm_1,farm,1,,96.6,0.379,,,,,,,,,,,25,hitl
205,2026-02-20 09:15,slaughterhouse_1,slaughterhouse,1,,,,59.0,131.19,,,,,,,,,25,hitl
205,2026-02-20 09:15,wholesaler_1,wholesaler,1,,,,,,0.0,114.0,,,,,,,25,hitl
205,2026-02-20 09:15,retail_1,retail,1,,,,,,,,0.0,29.0,1.0,12.93,21.428,135.0,25,hitl
206,2026-02-20 09:30,supplier_1,supplier,1,0.0,,,,,,,,,,,,,25,hitl
206,2026-02-20 09:30,farm_1,farm,1,,96.6,0.379,,,,,,,,,,,25,hitl
206,2026-02-20 09:30,slaughterhouse_1,slaughterhouse,1,,,,59.0,132.88,,,,,,,,,25,hitl
206,2026-02-20 09:30,wholesaler_1,wholesaler,1,,,,,,0.0,114.0,,,,,,,25,hitl
206,2026-02-20 09:30,retail_1,retail,1,,,,,,,,0.0,29.0,1.0,13.18,21.428,135.0,25,hitl
207,2026-02-20 09:45,supplier_1,supplier,1,0.0,,,,,,,,,,,,,25,hitl
207,2026-02-20 09:45,farm_1,farm,1,,96.6,0.379,,,,,,,,,,,25,hitl
207,2026-02-20 09:45,slaughterhouse_1,slaughterhouse,1,,,,59.0,134.48,,,,,,,,,25,hitl
207,2026-02-20 09:45,wholesaler_1,wholesaler,1,,,,,,0.0,114.0,,,,,,,25,hitl
207,2026-02-20 09:45,retail_1,retail,1,,,,,,,,0.0,29.0,1.0,13.43,21.428,135.0,25,hitl
208,2026-02-20 10:00,supplier_1,supplier,1,0.0,,,,,,,,,,,,,25,hitl
208,2026-02-20 10:00,farm_1,farm,1,,96.6,0.379,,,,,,,,,,,25,hitl
208,2026-02-20 10:00,slaughterhouse_1,slaughterhouse,1,,,,59.0,131.67,,,,,,,,,25,hitl
208,2026-02-20 10:00,wholesaler_1,wholesaler,1,,,,,,0.0,114.0,,,,,,,25,hitl
208,2026-02-20 10:00,retail_1,retail,1,,,,,,,,0.0,29.0,1.0,13.68,21.428,135.0,25,hitl
209,2026-02-20 10:15,supplier_1,supplier,1,0.0,,,,,,,,,,,,,25,hitl
209,2026-02-20 10:15,farm_1,farm,1,,96.6,0.379,,,,,,,,,,,25,hitl
209,2026-02-20 10:15,slaughterhouse_1,slaughterhouse,1,,,,59.0,133.27,,,,,,,,,25,hitl
209,2026-02-20 10:15,wholesaler_1,wholesaler,1,,,,,,4.32,114.0,,,,,,,25,hitl
209,2026-02-20 10:15,retail_1,retail,1,,,,,,,,0.0,29.0,1.0,13.93,21.428,135.0,25,hitl
210,2026-02-20 10:30,supplier_1,supplier,1,0.0,,,,,,,,,,,,,25,hitl
210,2026-02-20 10:30,farm_1,farm,1,,96.6,0.379,,,,,,,,,,,25,hitl
210,2026-02-20 10:30,slaughterhouse_1,slaughterhouse,1,,,,59.0,134.87,,,,,,,,,25,hitl
210,2026-02-20 10:30,wholesaler_1,wholesaler,1,,,,,,2.37,114.0,,,,,,,25,hitl
210,2026-02-20 10:30,retail_1,retail,1,,,,,,,,0.0,29.0,1.0,14.18,21.428,135.0,25,hitl
211,2026-02-20 10:45,supplier_1,supplier,1,0.0,,,,,,,,,,,,,25,hitl
211,2026-02-20 10:45,farm_1,farm,1,,96.6,0.379,,,,,,,,,,,25,hitl
211,2026-02-20 10:45,slaughterhouse_1,slaughterhouse,1,,,,59.0,136.47,,,,,,,,,25,hitl
211,2026-02-20 10:45,wholesaler_1,wholesaler,1,,,,,,0.53,114.0,,,,,,,25,hitl
211,2026-02-20 10:45,retail_1,retail,1,,,,,,,,0.0,29.0,1.0,14.43,21.428,135.0,25,hitl
212,2026-02-20 11:00,supplier_1,supplier,1,0.0,,,,,,,,,,,,,25,hitl
212,2026-02-20 11:00,farm_1,farm,1,,96.6,0.379,,,,,,,,,,,25,hitl
212,2026-02-20 11:00,slaughterhouse_1,slaughterhouse,1,,,,59.0,138.08,,,,,,,,,25,hitl
212,2026-02-20 11:00,wholesaler_1,wholesaler,1,,,,,,0.0,114.0,,,,,,,25,hitl
212,2026-02-20 11:00,retail_1,retail,1,,,,,,,,0.0,29.0,1.0,14.68,21.428,135.0,25,hitl
213,2026-02-20 11:15,supplier_1,supplier,1,0.0,,,,,,,,,,,,,25,hitl
213,2026-02-20 11:15,farm_1,farm,1,,96.6,0.379,,,,,,,,,,,25,hitl
213,2026-02-20 11:15,slaughterhouse_1,slaughterhouse,1,,,,59.0,139.6,,,,,,,,,25,hitl
213,2026-02-20 11:15,wholesaler_1,wholesaler,1,,,,,,0.0,114.0,,,,,,,25,hitl
213,2026-02-20 11:15,retail_1,retail,1,,,,,,,,0.0,29.0,1.0,14.93,21.428,135.0,25,hitl
214,2026-02-20 11:30,supplier_1,supplier,1,0.0,,,,,,,,,,,,,25,hitl
214,2026-02-20 11:30,farm_1,farm,1,,96.6,0.379,,,,,,,,,,,25,hitl
214,2026-02-20 11:30,slaughterhouse_1,slaughterhouse,1,,,,59.0,141.29,,,,,,,,,25,hitl
214,2026-02-20 11:30,wholesaler_1,wholesaler,1,,,,,,0.0,114.0,,,,,,,25,hitl
214,2026-02-20 11:30,retail_1,retail,1,,,,,,,,0.0,29.0,1.0,15.18,21.428,135.0,25,hitl
215,2026-02-20 11:45,supplier_1,supplier,1,0.0,,,,,,,,,,,,,25,hitl
215,2026-02-20 11:45,farm_1,farm,1,,96.6,0.379,,,,,,,,,,,25,hitl
215,2026-02-20 11:45,slaughterhouse_1,slaughterhouse,1,,,,59.0,143.0,,,,,,,,,25,hitl
215,2026-02-20 11:45,wholesaler_1,wholesaler,1,,,,,,0.0,114.0,,,,,,,25,hitl
215,2026-02-20 11:45,retail_1,retail,1,,,,,,,,0.0,29.0,1.0,15.43,21.428,135.0,25,hitl
216,2026-02-20 12:00,supplier_1,supplier,1,0.0,,,,,,,,,,,,,25,hitl
216,2026-02-20 12:00,farm_1,farm,1,,96.6,0.379,,,,,,,,,,,25,hitl
216,2026-02-20 12:00,slaughterhouse_1,slaughterhouse,1,,,,59.0,140.43,,,,,,,,,25,hitl
216,2026-02-20 12:00,wholesaler_1,wholesaler,1,,,,,,0.0,114.0,,,,,,,25,hitl
216,2026-02-20 12:00,retail_1,retail,1,,,,,,,,0.0,29.0,1.0,15.68,21.428,135.0,25,hitl
217,2026-02-20 12:15,supplier_1,supplier,1,0.0,,,,,,,,,,,,,25,hitl
217,2026-02-20 12:15,farm_1,farm,1,,96.6,0.379,,,,,,,,,,,25,hitl
217,2026-02-20 12:15,slaughterhouse_1,slaughterhouse,1,,,,59.0,142.17,,,,,,,,,25,hitl
217,2026-02-20 12:15,wholesaler_1,wholesaler,1,,,,,,4.32,114.0,,,,,,,25,hitl
217,2026-02-20 12:15,retail_1,retail,1,,,,,,,,0.0,29.0,1.0,15.93,21.428,135.0,25,hitl
218,2026-02-20 12:30,supplier_1,supplier,1,0.0,,,,,,,,,,,,,25,hitl
218,2026-02-20 12:30,farm_1,farm,1,,96.6,0.379,,,,,,,,,,,25,hitl
218,2026-02-20 12:30,slaughterhouse_1,slaughterhouse,1,,,,59.0,143.77,,,,,,,,,25,hitl
218,2026-02-20 12:30,wholesaler_1,wholesaler,1,,,,,,1.99,114.0,,,,,,,25,hitl
218,2026-02-20 12:30,retail_1,retail,1,,,,,,,,0.0,29.0,1.0,16.18,21.428,135.0,25,hitl
219,2026-02-20 12:45,supplier_1,supplier,1,0.0,,,,,,,,,,,,,25,hitl
219,2026-02-20 12:45,farm_1,farm,1,,96.6,0.379,,,,,,,,,,,25,hitl
219,2026-02-20 12:45,slaughterhouse_1,slaughterhouse,1,,,,59.0,145.46,,,,,,,,,25,hitl
219,2026-02-20 12:45,wholesaler_1,wholesaler,1,,,,,,0.45,114.0,,,,,,,25,hitl
219,2026-02-20 12:45,retail_1,retail,1,,,,,,,,0.0,29.0,1.0,16.43,21.428,135.0,25,hitl
220,2026-02-20 13:00,supplier_1,supplier,1,0.0,,,,,,,,,,,,,25,hitl
220,2026-02-20 13:00,farm_1,farm,1,,96.6,0.379,,,,,,,,,,,25,hitl
220,2026-02-20 13:00,slaughterhouse_1,slaughterhouse,1,,,,59.0,147.15,,,,,,,,,25,hitl
220,2026-02-20 13:00,wholesaler_1,wholesaler,1,,,,,,0.0,114.0,,,,,,,25,hitl
220,2026-02-20 13:00,retail_1,retail,1,,,,,,,,0.0,29.0,1.0,16.68,21.428,135.0,25,hitl
221,2026-02-20 13:15,supplier_1,supplier,1,0.0,,,,,,,,,,,,,25,hitl
221,2026-02-20 13:15,farm_1,farm,1,,96.6,0.379,,,,,,,,,,,25,hitl
221,2026-02-20 13:15,slaughterhouse_1,slaughterhouse,1,,,,59.0,148.78,,,,,,,,,25,hitl
221,2026-02-20 13:15,wholesaler_1,wholesaler,1,,,,,,0.0,114.0,,,,,,,25,hitl
221,2026-02-20 13:15,retail_1,retail,1,,,,,,,,0.0,29.0,1.0,16.93,21.428,135.0,25,hitl
222,2026-02-20 13:30,supplier_1,supplier,1,0.0,,,,,,,,,,,,,25,hitl
222,2026-02-20 13:30,farm_1,farm,1,,96.6,0.379,,,,,,,,,,,25,hitl
222,2026-02-20 13:30,slaughterhouse_1,slaughterhouse,1,,,,59.0,150.5,,,,,,,,,25,hitl
222,2026-02-20 13:30,wholesaler_1,wholesaler,1,,,,,,0.0,114.0,,,,,,,25,hitl
222,2026-02-20 13:30,retail_1,retail,1,,,,,,,,0.0,29.0,1.0,17.18,21.428,135.0,25,hitl
223,2026-02-20 13:45,supplier_1,supplier,1,0.0,,,,,,,,,,,,,25,hitl
223,2026-02-20 13:45,farm_1,farm,1,,96.6,0.379,,,,,,,,,,,25,hitl
223,2026-02-20 13:45,slaughterhouse_1,slaughterhouse,1,,,,59.0,152.11,,,,,,,,,25,hitl
223,2026-02-20 13:45,wholesaler_1,wholesaler,1,,,,,,0.0,114.0,,,,,,,25,hitl
223,2026-02-20 13:45,retail_1,retail,1,,,,,,,,0.0,29.0,1.0,17.43,21.428,135.0,25,hitl
224,2026-02-20 14:00,supplier_1,supplier,1,0.0,,,,,,,,,,,,,25,hitl
224,2026-02-20 14:00,farm_1,farm,1,,96.6,0.379,,,,,,,,,,,25,hitl
224,2026-02-20 14:00,slaughterhouse_1,slaughterhouse,1,,,,59.0,149.47,,,,,,,,,25,hitl
224,2026-02-20 14:00,wholesaler_1,wholesaler,1,,,,,,0.0,114.0,,,,,,,25,hitl
224,2026-02-20 14:00,retail_1,retail,1,,,,,,,,0.0,29.0,1.0,17.68,21.428,135.0,25,hitl
225,2026-02-20 14:15,supplier_1,supplier,1,0.0,,,,,,,,,,,,,25,hitl
225,2026-02-20 14:15,farm_1,farm,1,,96.6,0.379,,,,,,,,,,,25,hitl
225,2026-02-20 14:15,slaughterhouse_1,slaughterhouse,1,,,,59.0,151.17,,,,,,,,,25,hitl
225,2026-02-20 14:15,wholesaler_1,wholesaler,1,,,,,,4.32,114.0,,,,,,,25,hitl
225,2026-02-20 14:15,retail_1,retail,1,,,,,,,,0.0,29.0,1.0,17.93,21.428,135.0,25,hitl
226,2026-02-20 14:30,supplier_1,supplier,1,0.0,,,,,,,,,,,,,25,hitl
226,2026-02-20 14:30,farm_1,farm,1,,96.6,0.379,,,,,,,,,,,25,hitl
226,2026-02-20 14:30,slaughterhouse_1,slaughterhouse,1,,,,59.0,152.83,,,,,,,,,25,hitl
226,2026-02-20 14:30,wholesaler_1,wholesaler,1,,,,,,1.48,114.0,,,,,,,25,hitl
226,2026-02-20 14:30,retail_1,retail,1,,,,,,,,0.0,29.0,1.0,18.18,21.428,135.0,25,hitl
227,2026-02-20 14:45,supplier_1,supplier,1,0.0,,,,,,,,,,,,,25,hitl
227,2026-02-20 14:45,farm_1,farm,1,,96.6,0.379,,,,,,,,,,,25,hitl
227,2026-02-20 14:45,slaughterhouse_1,slaughterhouse,1,,,,59.0,154.48,,,,,,,,,25,hitl
227,2026-02-20 14:45,wholesaler_1,wholesaler,1,,,,,,0.0,114.0,,,,,,,25,hitl
227,2026-02-20 14:45,retail_1,retail,1,,,,,,,,0.0,29.0,1.0,18.43,21.428,135.0,25,hitl
228,2026-02-20 15:00,supplier_1,supplier,1,0.0,,,,,,,,,,,,,25,hitl
228,2026-02-20 15:00,farm_1,farm,1,,96.6,0.379,,,,,,,,,,,25,hitl
228,2026-02-20 15:00,slaughterhouse_1,slaughterhouse,1,,,,59.0,156.16,,,,,,,,,25,hitl
228,2026-02-20 15:00,wholesaler_1,wholesaler,1,,,,,,0.0,114.0,,,,,,,25,hitl
228,2026-02-20 15:00,retail_1,retail,1,,,,,,,,0.0,29.0,1.0,18.68,21.428,135.0,25,hitl
229,2026-02-20 15:15,supplier_1,supplier,1,0.0,,,,,,,,,,,,,25,hitl
229,2026-02-20 15:15,farm_1,farm,1,,96.6,0.379,,,,,,,,,,,25,hitl
229,2026-02-20 15:15,slaughterhouse_1,slaughterhouse,1,,,,59.0,157.81,,,,,,,,,25,hitl
229,2026-02-20 15:15,wholesaler_1,wholesaler,1,,,,,,0.0,114.0,,,,,,,25,hitl
229,2026-02-20 15:15,retail_1,retail,1,,,,,,,,0.0,29.0,1.0,18.93,21.428,135.0,25,hitl
230,2026-02-20 15:30,supplier_1,supplier,1,0.0,,,,,,,,,,,,,25,hitl
230,2026-02-20 15:30,farm_1,farm,1,,96.6,0.379,,,,,,,,,,,25,hitl
230,2026-02-20 15:30,slaughterhouse_1,slaughterhouse,1,,,,59.0,159.38,,,,,,,,,25,hitl
230,2026-02-20 15:30,wholesaler_1,wholesaler,1,,,,,,0.0,114.0,,,,,,,25,hitl
230,2026-02-20 15:30,retail_1,retail,1,,,,,,,,0.0,29.0,1.0,19.18,21.428,135.0,25,hitl
231,2026-02-20 15:45,supplier_1,supplier,1,0.0,,,,,,,,,,,,,25,hitl
231,2026-02-20 15:45,farm_1,farm,1,,96.6,0.379,,,,,,,,,,,25,hitl
231,2026-02-20 15:45,slaughterhouse_1,slaughterhouse,1,,,,59.0,160.94,,,,,,,,,25,hitl
231,2026-02-20 15:45,wholesaler_1,wholesaler,1,,,,,,0.0,114.0,,,,,,,25,hitl
231,2026-02-20 15:45,retail_1,retail,1,,,,,,,,0.0,29.0,1.0,19.43,21.428,135.0,25,hitl
232,2026-02-20 16:00,supplier_1,supplier,1,0.0,,,,,,,,,,,,,25,hitl
232,2026-02-20 16:00,farm_1,farm,1,,96.6,0.379,,,,,,,,,,,25,hitl
232,2026-02-20 16:00,slaughterhouse_1,slaughterhouse,1,,,,59.0,158.36,,,,,,,,,25,hitl
232,2026-02-20 16:00,wholesaler_1,wholesaler,1,,,,,,0.0,114.0,,,,,,,25,hitl
232,2026-02-20 16:00,retail_1,retail,1,,,,,,,,0.0,29.0,1.0,19.68,21.428,135.0,25,hitl
233,2026-02-20 16:15,supplier_1,supplier,1,0.0,,,,,,,,,,,,,25,hitl
233,2026-02-20 16:15,farm_1,farm,1,,96.6,0.379,,,,,,,,,,,25,hitl
233,2026-02-20 16:15,slaughterhouse_1,slaughterhouse,1,,,,59.0,160.06,,,,,,,,,25,hitl
233,2026-02-20 16:15,wholesaler_1,wholesaler,1,,,,,,4.32,114.0,,,,,,,25,hitl
233,2026-02-20 16:15,retail_1,retail,1,,,,,,,,0.0,29.0,1.0,19.93,21.428,135.0,25,hitl
234,2026-02-20 16:30,supplier_1,supplier,1,0.0,,,,,,,,,,,,,25,hitl
234,2026-02-20 16:30,farm_1,farm,1,,96.6,0.379,,,,,,,,,,,25,hitl
234,2026-02-20 16:30,slaughterhouse_1,slaughterhouse,1,,,,59.0,161.71,,,,,,,,,25,hitl
234,2026-02-20 16:30,wholesaler_1,wholesaler,1,,,,,,1.39,114.0,,,,,,,25,hitl
234,2026-02-20 16:30,retail_1,retail,1,,,,,,,,0.0,29.0,1.0,20.18,21.428,135.0,25,hitl
235,2026-02-20 16:45,supplier_1,supplier,1,0.0,,,,,,,,,,,,,25,hitl
235,2026-02-20 16:45,farm_1,farm,1,,96.6,0.379,,,,,,,,,,,25,hitl
235,2026-02-20 16:45,slaughterhouse_1,slaughterhouse,1,,,,59.0,163.26,,,,,,,,,25,hitl
235,2026-02-20 16:45,wholesaler_1,wholesaler,1,,,,,,0.0,114.0,,,,,,,25,hitl
235,2026-02-20 16:45,retail_1,retail,1,,,,,,,,0.0,29.0,1.0,20.43,21.428,135.0,25,hitl
236,2026-02-20 17:00,supplier_1,supplier,1,0.0,,,,,,,,,,,,,25,hitl
236,2026-02-20 17:00,farm_1,farm,1,,96.6,0.379,,,,,,,,,,,25,hitl
236,2026-02-20 17:00,slaughterhouse_1,slaughterhouse,1,,,,59.0,164.99,,,,,,,,,25,hitl
236,2026-02-20 17:00,wholesaler_1,wholesaler,1,,,,,,0.0,114.0,,,,,,,25,hitl
236,2026-02-20 17:00,retail_1,retail,1,,,,,,,,0.0,29.0,1.0,20.68,21.428,135.0,25,hitl
237,2026-02-20 17:15,supplier_1,supplier,1,0.0,,,,,,,,,,,,,25,hitl
237,2026-02-20 17:15,farm_1,farm,1,,96.6,0.379,,,,,,,,,,,25,hitl
237,2026-02-20 17:15,slaughterhouse_1,slaughterhouse,1,,,,59.0,166.75,,,,,,,,,25,hitl
237,2026-02-20 17:15,wholesaler_1,wholesaler,1,,,,,,0.0,114.0,,,,,,,25,hitl
237,2026-02-20 17:15,retail_1,retail,1,,,,,,,,0.0,29.0,1.0,20.93,21.428,135.0,25,hitl
238,2026-02-20 17:30,supplier_1,supplier,1,0.0,,,,,,,,,,,,,25,hitl
238,2026-02-20 17:30,farm_1,farm,1,,96.6,0.379,,,,,,,,,,,25,hitl
238,2026-02-20 17:30,slaughterhouse_1,slaughterhouse,1,,,,59.0,168.45,,,,,,,,,25,hitl
238,2026-02-20 17:30,wholesaler_1,wholesaler,1,,,,,,0.0,114.0,,,,,,,25,hitl
238,2026-02-20 17:30,retail_1,retail,1,,,,,,,,0.0,29.0,1.0,21.18,21.428,135.0,25,hitl
239,2026-02-20 17:45,supplier_1,supplier,1,0.0,,,,,,,,,,,,,25,hitl
239,2026-02-20 17:45,farm_1,farm,1,,96.6,0.379,,,,,,,,,,,25,hitl
239,2026-02-20 17:45,slaughterhouse_1,slaughterhouse,1,,,,59.0,170.03,,,,,,,,,25,hitl
239,2026-02-20 17:45,wholesaler_1,wholesaler,1,,,,,,0.0,114.0,,,,,,,25,hitl
239,2026-02-20 17:45,retail_1,retail,1,,,,,,,,0.0,29.0,1.0,21.43,21.428,135.0,25,hitl
240,2026-02-20 18:00,supplier_1,supplier,1,0.0,,,,,,,,,,,,,25,hitl
240,2026-02-20 18:00,farm_1,farm,1,,96.6,0.379,,,,,,,,,,,25,hitl
240,2026-02-20 18:00,slaughterhouse_1,slaughterhouse,1,,,,59.0,167.23,,,,,,,,,25,hitl
240,2026-02-20 18:00,wholesaler_1,wholesaler,1,,,,,,0.0,114.0,,,,,,,25,hitl
240,2026-02-20 18:00,retail_1,retail,1,,,,,,,,0.0,29.0,1.0,21.68,21.428,135.0,25,hitl
241,2026-02-20 18:15,supplier_1,supplier,1,0.0,,,,,,,,,,,,,25,hitl
241,2026-02-20 18:15,farm_1,farm,1,,96.6,0.379,,,,,,,,,,,25,hitl
241,2026-02-20 18:15,slaughterhouse_1,slaughterhouse,1,,,,59.0,168.91,,,,,,,,,25,hitl
241,2026-02-20 18:15,wholesaler_1,wholesaler,1,,,,,,4.32,114.0,,,,,,,25,hitl
241,2026-02-20 18:15,retail_1,retail,1,,,,,,,,0.0,29.0,1.0,21.93,21.428,135.0,25,hitl
242,2026-02-20 18:30,supplier_1,supplier,1,0.0,,,,,,,,,,,,,25,hitl
242,2026-02-20 18:30,farm_1,farm,1,,96.6,0.379,,,,,,,,,,,25,hitl
242,2026-02-20 18:30,slaughterhouse_1,slaughterhouse,1,,,,59.0,170.62,,,,,,,,,25,hitl
242,2026-02-20 18:30,wholesaler_1,wholesaler,1,,,,,,2.45,114.0,,,,,,,25,hitl
242,2026-02-20 18:30,retail_1,retail,1,,,,,,,,0.0,29.0,1.0,22.18,21.428,135.0,25,hitl
243,2026-02-20 18:45,supplier_1,supplier,1,0.0,,,,,,,,,,,,,25,hitl
243,2026-02-20 18:45,farm_1,farm,1,,96.6,0.379,,,,,,,,,,,25,hitl
243,2026-02-20 18:45,slaughterhouse_1,slaughterhouse,1,,,,59.0,172.31,,,,,,,,,25,hitl
243,2026-02-20 18:45,wholesaler_1,wholesaler,1,,,,,,0.0,114.0,,,,,,,25,hitl
243,2026-02-20 18:45,retail_1,retail,1,,,,,,,,0.0,29.0,1.0,22.43,21.428,135.0,25,hitl
244,2026-02-20 19:00,supplier_1,supplier,1,0.0,,,,,,,,,,,,,25,hitl
244,2026-02-20 19:00,farm_1,farm,1,,96.6,0.379,,,,,,,,,,,25,hitl
244,2026-02-20 19:00,slaughterhouse_1,slaughterhouse,1,,,,59.0,174.04,,,,,,,,,25,hitl
244,2026-02-20 19:00,wholesaler_1,wholesaler,1,,,,,,0.0,114.0,,,,,,,25,hitl
244,2026-02-20 19:00,retail_1,retail,1,,,,,,,,0.0,29.0,1.0,22.68,21.428,135.0,25,hitl
245,2026-02-20 19:15,supplier_1,supplier,1,0.0,,,,,,,,,,,,,25,hitl
245,2026-02-20 19:15,farm_1,farm,1,,96.6,0.379,,,,,,,,,,,25,hitl
245,2026-02-20 19:15,slaughterhouse_1,slaughterhouse,1,,,,59.0,175.79,,,,,,,,,25,hitl
245,2026-02-20 19:15,wholesaler_1,wholesaler,1,,,,,,0.0,114.0,,,,,,,25,hitl
245,2026-02-20 19:15,retail_1,retail,1,,,,,,,,0.0,29.0,1.0,22.93,21.428,135.0,25,hitl
246,2026-02-20 19:30,supplier_1,supplier,1,0.0,,,,,,,,,,,,,25,hitl
246,2026-02-20 19:30,farm_1,farm,1,,96.6,0.379,,,,,,,,,,,25,hitl
246,2026-02-20 19:30,slaughterhouse_1,slaughterhouse,1,,,,59.0,177.5,,,,,,,,,25,hitl
246,2026-02-20 19:30,wholesaler_1,wholesaler,1,,,,,,0.0,114.0,,,,,,,25,hitl
246,2026-02-20 19:30,retail_1,retail,1,,,,,,,,0.0,29.0,1.0,23.18,21.428,135.0,25,hitl
247,2026-02-20 19:45,supplier_1,supplier,1,0.0,,,,,,,,,,,,,25,hitl
247,2026-02-20 19:45,farm_1,farm,1,,96.6,0.379,,,,,,,,,,,25,hitl
247,2026-02-20 19:45,slaughterhouse_1,slaughterhouse,1,,,,59.0,179.17,,,,,,,,,25,hitl
247,2026-02-20 19:45,wholesaler_1,wholesaler,1,,,,,,0.0,114.0,,,,,,,25,hitl
247,2026-02-20 19:45,retail_1,retail,1,,,,,,,,0.0,29.0,1.0,23.43,21.428,135.0,25,hitl
248,2026-02-20 20:00,supplier_1,supplier,1,0.0,,,,,,,,,,,,,25,hitl
248,2026-02-20 20:00,farm_1,farm,1,,96.6,0.379,,,,,,,,,,,25,hitl
248,2026-02-20 20:00,slaughterhouse_1,slaughterhouse,1,,,,59.0,176.61,,,,,,,,,25,hitl
248,2026-02-20 20:00,wholesaler_1,wholesaler,1,,,,,,0.0,114.0,,,,,,,25,hitl
248,2026-02-20 20:00,retail_1,retail,1,,,,,,,,0.0,29.0,1.0,23.68,21.428,135.0,25,hitl
249,2026-02-20 20:15,supplier_1,supplier,1,0.0,,,,,,,,,,,,,25,hitl
249,2026-02-20 20:15,farm_1,farm,1,,96.6,0.379,,,,,,,,,,,25,hitl
249,2026-02-20 20:15,slaughterhouse_1,slaughterhouse,1,,,,59.0,178.24,,,,,,,,,25,hitl
249,2026-02-20 20:15,wholesaler_1,wholesaler,1,,,,,,4.32,114.0,,,,,,,25,hitl
249,2026-02-20 20:15,retail_1,retail,1,,,,,,,,0.0,29.0,1.0,23.93,21.428,135.0,25,hitl
250,2026-02-20 20:30,supplier_1,supplier,1,0.0,,,,,,,,,,,,,25,hitl
250,2026-02-20 20:30,farm_1,farm,1,,96.6,0.379,,,,,,,,,,,25,hitl
250,2026-02-20 20:30,slaughterhouse_1,slaughterhouse,1,,,,59.0,179.93,,,,,,,,,25,hitl
250,2026-02-20 20:30,wholesaler_1,wholesaler,1,,,,,,2.62,114.0,,,,,,,25,hitl
250,2026-02-20 20:30,retail_1,retail,1,,,,,,,,0.0,29.0,1.0,24.18,21.428,135.0,25,hitl
251,2026-02-20 20:45,supplier_1,supplier,1,0.0,,,,,,,,,,,,,25,hitl
251,2026-02-20 20:45,farm_1,farm,1,,96.6,0.379,,,,,,,,,,,25,hitl
251,2026-02-20 20:45,slaughterhouse_1,slaughterhouse,1,,,,59.0,181.49,,,,,,,,,25,hitl
251,2026-02-20 20:45,wholesaler_1,wholesaler,1,,,,,,0.53,114.0,,,,,,,25,hitl
251,2026-02-20 20:45,retail_1,retail,1,,,,,,,,0.0,29.0,1.0,24.43,21.428,135.0,25,hitl
252,2026-02-20 21:00,supplier_1,supplier,1,0.0,,,,,,,,,,,,,25,hitl
252,2026-02-20 21:00,farm_1,farm,1,,96.6,0.379,,,,,,,,,,,25,hitl
252,2026-02-20 21:00,slaughterhouse_1,slaughterhouse,1,,,,59.0,183.18,,,,,,,,,25,hitl
252,2026-02-20 21:00,wholesaler_1,wholesaler,1,,,,,,0.0,114.0,,,,,,,25,hitl
252,2026-02-20 21:00,retail_1,retail,1,,,,,,,,0.0,29.0,1.0,24.68,21.428,135.0,25,hitl
253,2026-02-20 21:15,supplier_1,supplier,1,0.0,,,,,,,,,,,,,25,hitl
253,2026-02-20 21:15,farm_1,farm,1,,96.6,0.379,,,,,,,,,,,25,hitl
253,2026-02-20 21:15,slaughterhouse_1,slaughterhouse,1,,,,59.0,184.93,,,,,,,,,25,hitl
253,2026-02-20 21:15,wholesaler_1,wholesaler,1,,,,,,0.0,114.0,,,,,,,25,hitl
253,2026-02-20 21:15,retail_1,retail,1,,,,,,,,0.0,29.0,1.0,24.93,21.428,135.0,25,hitl
254,2026-02-20 21:30,supplier_1,supplier,1,0.0,,,,,,,,,,,,,25,hitl
254,2026-02-20 21:30,farm_1,farm,1,,96.6,0.379,,,,,,,,,,,25,hitl
254,2026-02-20 21:30,slaughterhouse_1,slaughterhouse,1,,,,59.0,186.59,,,,,,,,,25,hitl
254,2026-02-20 21:30,wholesaler_1,wholesaler,1,,,,,,0.0,114.0,,,,,,,25,hitl
254,2026-02-20 21:30,retail_1,retail,1,,,,,,,,0.0,29.0,1.0,25.18,21.428,135.0,25,hitl
255,2026-02-20 21:45,supplier_1,supplier,1,0.0,,,,,,,,,,,,,25,hitl
255,2026-02-20 21:45,farm_1,farm,1,,96.6,0.379,,,,,,,,,,,25,hitl
255,2026-02-20 21:45,slaughterhouse_1,slaughterhouse,1,,,,59.0,188.24,,,,,,,,,25,hitl
255,2026-02-20 21:45,wholesaler_1,wholesaler,1,,,,,,0.0,114.0,,,,,,,25,hitl
255,2026-02-20 21:45,retail_1,retail,1,,,,,,,,0.0,29.0,1.0,25.43,21.428,135.0,25,hitl
256,2026-02-20 22:00,supplier_1,supplier,1,0.0,,,,,,,,,,,,,25,hitl
256,2026-02-20 22:00,farm_1,farm,1,,96.6,0.379,,,,,,,,,,,25,hitl
256,2026-02-20 22:00,slaughterhouse_1,slaughterhouse,1,,,,59.0,185.66,,,,,,,,,25,hitl
256,2026-02-20 22:00,wholesaler_1,wholesaler,1,,,,,,0.0,114.0,,,,,,,25,hitl
256,2026-02-20 22:00,retail_1,retail,1,,,,,,,,0.0,29.0,1.0,25.68,21.428,135.0,25,hitl
257,2026-02-20 22:15,supplier_1,supplier,1,0.0,,,,,,,,,,,,,25,hitl
257,2026-02-20 22:15,farm_1,farm,1,,96.6,0.379,,,,,,,,,,,25,hitl
257,2026-02-20 22:15,slaughterhouse_1,slaughterhouse,1,,,,59.0,187.42,,,,,,,,,25,hitl
257,2026-02-20 22:15,wholesaler_1,wholesaler,1,,,,,,4.32,114.0,,,,,,,25,hitl
257,2026-02-20 22:15,retail_1,retail,1,,,,,,,,0.0,29.0,1.0,25.93,21.428,135.0,25,hitl
258,2026-02-20 22:30,supplier_1,supplier,1,0.0,,,,,,,,,,,,,25,hitl
258,2026-02-20 22:30,farm_1,farm,1,,96.6,0.379,,,,,,,,,,,25,hitl
258,2026-02-20 22:30,slaughterhouse_1,slaughterhouse,1,,,,59.0,189.18,,,,,,,,,25,hitl
258,2026-02-20 22:30,wholesaler_1,wholesaler,1,,,,,,2.7,114.0,,,,,,,25,hitl
258,2026-02-20 22:30,retail_1,retail,1,,,,,,,,0.0,29.0,1.0,26.18,21.428,135.0,25,hitl
259,2026-02-20 22:45,supplier_1,supplier,1,0.0,,,,,,,,,,,,,25,hitl
259,2026-02-20 22:45,farm_1,farm,1,,96.6,0.379,,,,,,,,,,,25,hitl
259,2026-02-20 22:45,slaughterhouse_1,slaughterhouse,1,,,,59.0,190.69,,,,,,,,,25,hitl
259,2026-02-20 22:45,wholesaler_1,wholesaler,1,,,,,,0.03,114.0,,,,,,,25,hitl
259,2026-02-20 22:45,retail_1,retail,1,,,,,,,,0.0,29.0,1.0,26.43,21.428,135.0,25,hitl
260,2026-02-20 23:00,supplier_1,supplier,1,0.0,,,,,,,,,,,,,25,hitl
260,2026-02-20 23:00,farm_1,farm,1,,96.6,0.379,,,,,,,,,,,25,hitl
260,2026-02-20 23:00,slaughterhouse_1,slaughterhouse,1,,,,59.0,192.46,,,,,,,,,25,hitl
260,2026-02-20 23:00,wholesaler_1,wholesaler,1,,,,,,0.0,114.0,,,,,,,25,hitl
260,2026-02-20 23:00,retail_1,retail,1,,,,,,,,0.0,29.0,1.0,26.68,21.428,135.0,25,hitl
261,2026-02-20 23:15,supplier_1,supplier,1,0.0,,,,,,,,,,,,,25,hitl
261,2026-02-20 23:15,farm_1,farm,1,,96.6,0.379,,,,,,,,,,,25,hitl
261,2026-02-20 23:15,slaughterhouse_1,slaughterhouse,1,,,,59.0,193.97,,,,,,,,,25,hitl
261,2026-02-20 23:15,wholesaler_1,wholesaler,1,,,,,,0.0,114.0,,,,,,,25,hitl
261,2026-02-20 23:15,retail_1,retail,1,,,,,,,,0.0,29.0,1.0,26.93,21.428,135.0,25,hitl
262,2026-02-20 23:30,supplier_1,supplier,1,0.0,,,,,,,,,,,,,25,hitl
262,2026-02-20 23:30,farm_1,farm,1,,96.6,0.379,,,,,,,,,,,25,hitl
262,2026-02-20 23:30,slaughterhouse_1,slaughterhouse,1,,,,59.0,195.51,,,,,,,,,25,hitl
262,2026-02-20 23:30,wholesaler_1,wholesaler,1,,,,,,0.0,114.0,,,,,,,25,hitl
262,2026-02-20 23:30,retail_1,retail,1,,,,,,,,0.0,29.0,1.0,27.18,21.428,135.0,25,hitl
263,2026-02-20 23:45,supplier_1,supplier,1,0.0,,,,,,,,,,,,,25,hitl
263,2026-02-20 23:45,farm_1,farm,1,,96.6,0.379,,,,,,,,,,,25,hitl
263,2026-02-20 23:45,slaughterhouse_1,slaughterhouse,1,,,,59.0,197.05,,,,,,,,,25,hitl
263,2026-02-20 23:45,wholesaler_1,wholesaler,1,,,,,,0.0,114.0,,,,,,,25,hitl
263,2026-02-20 23:45,retail_1,retail,1,,,,,,,,0.0,29.0,1.0,27.43,21.428,135.0,25,hitl
264,2026-02-21 00:00,supplier_1,supplier,1,0.0,,,,,,,,,,,,,25,hitl
264,2026-02-21 00:00,farm_1,farm,1,,96.6,0.379,,,,,,,,,,,25,hitl
264,2026-02-21 00:00,slaughterhouse_1,slaughterhouse,1,,,,59.0,194.37,,,,,,,,,25,hitl
264,2026-02-21 00:00,wholesaler_1,wholesaler,1,,,,,,0.0,114.0,,,,,,,25,hitl
264,2026-02-21 00:00,retail_1,retail,1,,,,,,,,0.0,29.0,1.0,27.68,21.428,135.0,25,hitl
265,2026-02-21 00:15,supplier_1,supplier,1,0.0,,,,,,,,,,,,,25,hitl
265,2026-02-21 00:15,farm_1,farm,1,,96.6,0.379,,,,,,,,,,,25,hitl
265,2026-02-21 00:15,slaughterhouse_1,slaughterhouse,1,,,,59.0,196.14,,,,,,,,,25,hitl
265,2026-02-21 00:15,wholesaler_1,wholesaler,1,,,,,,4.32,114.0,,,,,,,25,hitl
265,2026-02-21 00:15,retail_1,retail,1,,,,,,,,0.0,29.0,1.0,27.93,21.428,135.0,25,hitl
266,2026-02-21 00:30,supplier_1,supplier,1,0.0,,,,,,,,,,,,,25,hitl
266,2026-02-21 00:30,farm_1,farm,1,,96.6,0.379,,,,,,,,,,,25,hitl
266,2026-02-21 00:30,slaughterhouse_1,slaughterhouse,1,,,,59.0,197.78,,,,,,,,,25,hitl
266,2026-02-21 00:30,wholesaler_1,wholesaler,1,,,,,,2.45,114.0,,,,,,,25,hitl
266,2026-02-21 00:30,retail_1,retail,1,,,,,,,,0.0,29.0,1.0,28.18,21.428,135.0,25,hitl
267,2026-02-21 00:45,supplier_1,supplier,1,0.0,,,,,,,,,,,,,25,hitl
267,2026-02-21 00:45,farm_1,farm,1,,96.6,0.379,,,,,,,,,,,25,hitl
267,2026-02-21 00:45,slaughterhouse_1,slaughterhouse,1,,,,59.0,199.46,,,,,,,,,25,hitl
267,2026-02-21 00:45,wholesaler_1,wholesaler,1,,,,,,0.05,114.0,,,,,,,25,hitl
267,2026-02-21 00:45,retail_1,retail,1,,,,,,,,0.0,29.0,1.0,28.43,21.428,135.0,25,hitl
268,2026-02-21 01:00,supplier_1,supplier,1,0.0,,,,,,,,,,,,,25,hitl
268,2026-02-21 01:00,farm_1,farm,1,,96.6,0.379,,,,,,,,,,,25,hitl
268,2026-02-21 01:00,slaughterhouse_1,slaughterhouse,1,,,,59.0,201.21,,,,,,,,,25,hitl
268,2026-02-21 01:00,wholesaler_1,wholesaler,1,,,,,,0.0,114.0,,,,,,,25,hitl
268,2026-02-21 01:00,retail_1,retail,1,,,,,,,,0.0,29.0,1.0,28.68,21.428,135.0,25,hitl
269,2026-02-21 01:15,supplier_1,supplier,1,0.0,,,,,,,,,,,,,25,hitl
269,2026-02-21 01:15,farm_1,farm,1,,96.6,0.379,,,,,,,,,,,25,hitl
269,2026-02-21 01:15,slaughterhouse_1,slaughterhouse,1,,,,59.0,202.95,,,,,,,,,25,hitl
269,2026-02-21 01:15,wholesaler_1,wholesaler,1,,,,,,0.0,114.0,,,,,,,25,hitl
269,2026-02-21 01:15,retail_1,retail,1,,,,,,,,0.0,29.0,1.0,28.93,21.428,135.0,25,hitl
270,2026-02-21 01:30,supplier_1,supplier,1,0.0,,,,,,,,,,,,,25,hitl
270,2026-02-21 01:30,farm_1,farm,1,,96.6,0.379,,,,,,,,,,,25,hitl
270,2026-02-21 01:30,slaughterhouse_1,slaughterhouse,1,,,,59.0,204.62,,,,,,,,,25,hitl
270,2026-02-21 01:30,wholesaler_1,wholesaler,1,,,,,,0.0,114.0,,,,,,,25,hitl
270,2026-02-21 01:30,retail_1,retail,1,,,,,,,,0.0,29.0,1.0,29.18,21.428,135.0,25,hitl
271,2026-02-21 01:45,supplier_1,supplier,1,0.0,,,,,,,,,,,,,25,hitl
271,2026-02-21 01:45,farm_1,farm,1,,96.6,0.379,,,,,,,,,,,25,hitl
271,2026-02-21 01:45,slaughterhouse_1,slaughterhouse,1,,,,59.0,206.34,,,,,,,,,25,hitl
271,2026-02-21 01:45,wholesaler_1,wholesaler,1,,,,,,0.0,114.0,,,,,,,25,hitl
271,2026-02-21 01:45,retail_1,retail,1,,,,,,,,0.0,29.0,1.0,29.43,21.428,135.0,25,hitl
272,2026-02-21 02:00,supplier_1,supplier,1,0.0,,,,,,,,,,,,,25,hitl
272,2026-02-21 02:00,farm_1,farm,1,,96.6,0.379,,,,,,,,,,,25,hitl
272,2026-02-21 02:00,slaughterhouse_1,slaughterhouse,1,,,,59.0,203.64,,,,,,,,,25,hitl
272,2026-02-21 02:00,wholesaler_1,wholesaler,1,,,,,,0.0,114.0,,,,,,,25,hitl
272,2026-02-21 02:00,retail_1,retail,1,,,,,,,,0.0,29.0,1.0,29.68,21.428,135.0,25,hitl
273,2026-02-21 02:15,supplier_1,supplier,1,0.0,,,,,,,,,,,,,25,hitl
273,2026-02-21 02:15,farm_1,farm,1,,96.6,0.379,,,,,,,,,,,25,hitl
273,2026-02-21 02:15,slaughterhouse_1,slaughterhouse,1,,,,59.0,205.24,,,,,,,,,25,hitl
273,2026-02-21 02:15,wholesaler_1,wholesaler,1,,,,,,4.32,114.0,,,,,,,25,hitl
273,2026-02-21 02:15,retail_1,retail,1,,,,,,,,0.0,29.0,1.0,29.93,21.428,135.0,25,hitl
274,2026-02-21 02:30,supplier_1,supplier,1,0.0,,,,,,,,,,,,,25,hitl
274,2026-02-21 02:30,farm_1,farm,1,,96.6,0.379,,,,,,,,,,,25,hitl
274,2026-02-21 02:30,slaughterhouse_1,slaughterhouse,1,,,,59.0,206.92,,,,,,,,,25,hitl
274,2026-02-21 02:30,wholesaler_1,wholesaler,1,,,,,,2.63,114.0,,,,,,,25,hitl
274,2026-02-21 02:30,retail_1,retail,1,,,,,,,,0.0,29.0,1.0,30.18,21.428,135.0,25,hitl
275,2026-02-21 02:45,supplier_1,supplier,1,0.0,,,,,,,,,,,,,25,hitl
275,2026-02-21 02:45,farm_1,farm,1,,96.6,0.379,,,,,,,,,,,25,hitl
275,2026-02-21 02:45,slaughterhouse_1,slaughterhouse,1,,,,59.0,208.47,,,,,,,,,25,hitl
275,2026-02-21 02:45,wholesaler_1,wholesaler,1,,,,,,0.79,114.0,,,,,,,25,hitl
275,2026-02-21 02:45,retail_1,retail,1,,,,,,,,0.0,29.0,1.0,30.43,21.428,135.0,25,hitl
276,2026-02-21 03:00,supplier_1,supplier,1,0.0,,,,,,,,,,,,,25,hitl
276,2026-02-21 03:00,farm_1,farm,1,,96.6,0.379,,,,,,,,,,,25,hitl
276,2026-02-21 03:00,slaughterhouse_1,slaughterhouse,1,,,,59.0,210.11,,,,,,,,,25,hitl
276,2026-02-21 03:00,wholesaler_1,wholesaler,1,,,,,,0.0,114.0,,,,,,,25,hitl
276,2026-02-21 03:00,retail_1,retail,1,,,,,,,,0.0,29.0,1.0,30.68,21.428,135.0,25,hitl
277,2026-02-21 03:15,supplier_1,supplier,1,0.0,,,,,,,,,,,,,25,hitl
277,2026-02-21 03:15,farm_1,farm,1,,96.6,0.379,,,,,,,,,,,25,hitl
277,2026-02-21 03:15,slaughterhouse_1,slaughterhouse,1,,,,59.0,211.65,,,,,,,,,25,hitl
277,2026-02-21 03:15,wholesaler_1,wholesaler,1,,,,,,0.0,114.0,,,,,,,25,hitl
277,2026-02-21 03:15,retail_1,retail,1,,,,,,,,0.0,29.0,1.0,30.93,21.428,135.0,25,hitl
278,2026-02-21 03:30,supplier_1,supplier,1,0.0,,,,,,,,,,,,,25,hitl
278,2026-02-21 03:30,farm_1,farm,1,,96.6,0.379,,,,,,,,,,,25,hitl
278,2026-02-21 03:30,slaughterhouse_1,slaughterhouse,1,,,,59.0,213.37,,,,,,,,,25,hitl
278,2026-02-21 03:30,wholesaler_1,wholesaler,1,,,,,,0.0,114.0,,,,,,,25,hitl
278,2026-02-21 03:30,retail_1,retail,1,,,,,,,,0.0,29.0,1.0,31.18,21.428,135.0,25,hitl
279,2026-02-21 03:45,supplier_1,supplier,1,0.0,,,,,,,,,,,,,25,hitl
279,2026-02-21 03:45,farm_1,farm,1,,96.6,0.379,,,,,,,,,,,25,hitl
279,2026-02-21 03:45,slaughterhouse_1,slaughterhouse,1,,,,59.0,214.98,,,,,,,,,25,hitl
279,2026-02-21 03:45,wholesaler_1,wholesaler,1,,,,,,0.0,114.0,,,,,,,25,hitl
279,2026-02-21 03:45,retail_1,retail,1,,,,,,,,0.0,29.0,1.0,31.43,21.428,135.0,25,hitl
280,2026-02-21 04:00,supplier_1,supplier,1,0.0,,,,,,,,,,,,,25,hitl
280,2026-02-21 04:00,farm_1,farm,1,,96.6,0.379,,,,,,,,,,,25,hitl
280,2026-02-21 04:00,slaughterhouse_1,slaughterhouse,1,,,,59.0,212.31,,,,,,,,,25,hitl
280,2026-02-21 04:00,wholesaler_1,wholesaler,1,,,,,,0.0,114.0,,,,,,,25,hitl
280,2026-02-21 04:00,retail_1,retail,1,,,,,,,,0.0,29.0,1.0,31.68,21.428,135.0,25,hitl
281,2026-02-21 04:15,supplier_1,supplier,1,0.0,,,,,,,,,,,,,25,hitl
281,2026-02-21 04:15,farm_1,farm,1,,96.6,0.379,,,,,,,,,,,25,hitl
281,2026-02-21 04:15,slaughterhouse_1,slaughterhouse,1,,,,59.0,213.84,,,,,,,,,25,hitl
281,2026-02-21 04:15,wholesaler_1,wholesaler,1,,,,,,4.32,114.0,,,,,,,25,hitl
281,2026-02-21 04:15,retail_1,retail,1,,,,,,,,0.0,29.0,1.0,31.93,21.428,135.0,25,hitl
282,2026-02-21 04:30,supplier_1,supplier,1,0.0,,,,,,,,,,,,,25,hitl
282,2026-02-21 04:30,farm_1,farm,1,,96.6,0.379,,,,,,,,,,,25,hitl
282,2026-02-21 04:30,slaughterhouse_1,slaughterhouse,1,,,,59.0,215.48,,,,,,,,,25,hitl
282,2026-02-21 04:30,wholesaler_1,wholesaler,1,,,,,,1.55,114.0,,,,,,,25,hitl
282,2026-02-21 04:30,retail_1,retail,1,,,,,,,,0.0,29.0,1.0,32.18,21.428,135.0,25,hitl
283,2026-02-21 04:45,supplier_1,supplier,1,0.0,,,,,,,,,,,,,25,hitl
283,2026-02-21 04:45,farm_1,farm,1,,96.6,0.379,,,,,,,,,,,25,hitl
283,2026-02-21 04:45,slaughterhouse_1,slaughterhouse,1,,,,59.0,217.08,,,,,,,,,25,hitl
283,2026-02-21 04:45,wholesaler_1,wholesaler,1,,,,,,0.0,114.0,,,,,,,25,hitl
283,2026-02-21 04:45,retail_1,retail,1,,,,,,,,0.0,29.0,1.0,32.43,21.428,135.0,25,hitl
284,2026-02-21 05:00,supplier_1,supplier,1,0.0,,,,,,,,,,,,,25,hitl
284,2026-02-21 05:00,farm_1,farm,1,,96.6,0.379,,,,,,,,,,,25,hitl
284,2026-02-21 05:00,slaughterhouse_1,slaughterhouse,1,,,,59.0,218.72,,,,,,,,,25,hitl
284,2026-02-21 05:00,wholesaler_1,wholesaler,1,,,,,,0.0,114.0,,,,,,,25,hitl
284,2026-02-21 05:00,retail_1,retail,1,,,,,,,,0.0,29.0,1.0,32.68,21.428,135.0,25,hitl
285,2026-02-21 05:15,supplier_1,supplier,1,0.0,,,,,,,,,,,,,25,hitl
285,2026-02-21 05:15,farm_1,farm,1,,96.6,0.379,,,,,,,,,,,25,hitl
285,2026-02-21 05:15,slaughterhouse_1,slaughterhouse,1,,,,59.0,220.41,,,,,,,,,25,hitl
285,2026-02-21 05:15,wholesaler_1,wholesaler,1,,,,,,0.0,114.0,,,,,,,25,hitl
285,2026-02-21 05:15,retail_1,retail,1,,,,,,,,0.0,29.0,1.0,32.93,21.428,135.0,25,hitl
286,2026-02-21 05:30,supplier_1,supplier,1,0.0,,,,,,,,,,,,,25,hitl
286,2026-02-21 05:30,farm_1,farm,1,,96.6,0.379,,,,,,,,,,,25,hitl
286,2026-02-21 05:30,slaughterhouse_1,slaughterhouse,1,,,,59.0,222.02,,,,,,,,,25,hitl
286,2026-02-21 05:30,wholesaler_1,wholesaler,1,,,,,,0.0,114.0,,,,,,,25,hitl
286,2026-02-21 05:30,retail_1,retail,1,,,,,,,,0.0,29.0,1.0,33.18,21.428,135.0,25,hitl
287,2026-02-21 05:45,supplier_1,supplier,1,0.0,,,,,,,,,,,,,25,hitl
287,2026-02-21 05:45,farm_1,farm,1,,96.6,0.379,,,,,,,,,,,25,hitl
287,2026-02-21 05:45,slaughterhouse_1,slaughterhouse,1,,,,59.0,223.63,,,,,,,,,25,hitl
287,2026-02-21 05:45,wholesaler_1,wholesaler,1,,,,,,0.0,114.0,,,,,,,25,hitl
287,2026-02-21 05:45,retail_1,retail,1,,,,,,,,0.0,29.0,1.0,33.43,21.428,135.0,25,hitl
288,2026-02-21 06:00,supplier_1,supplier,1,0.0,,,,,,,,,,,,,25,hitl
288,2026-02-21 06:00,farm_1,farm,1,,96.6,0.379,,,,,,,,,,,25,hitl
288,2026-02-21 06:00,slaughterhouse_1,slaughterhouse,1,,,,59.0,220.94,,,,,,,,,25,hitl
288,2026-02-21 06:00,wholesaler_1,wholesaler,1,,,,,,0.0,114.0,,,,,,,25,hitl
288,2026-02-21 06:00,retail_1,retail,1,,,,,,,,0.0,29.0,1.0,33.68,21.428,135.0,25,hitl
289,2026-02-21 06:15,supplier_1,supplier,1,0.0,,,,,,,,,,,,,25,hitl
289,2026-02-21 06:15,farm_1,farm,1,,96.6,0.379,,,,,,,,,,,25,hitl
289,2026-02-21 06:15,slaughterhouse_1,slaughterhouse,1,,,,59.0,222.62,,,,,,,,,25,hitl
289,2026-02-21 06:15,wholesaler_1,wholesaler,1,,,,,,4.32,114.0,,,,,,,25,hitl
289,2026-02-21 06:15,retail_1,retail,1,,,,,,,,0.0,29.0,1.0,33.93,21.428,135.0,25,hitl
290,2026-02-21 06:30,supplier_1,supplier,1,0.0,,,,,,,,,,,,,25,hitl
290,2026-02-21 06:30,farm_1,farm,1,,96.6,0.379,,,,,,,,,,,25,hitl
290,2026-02-21 06:30,slaughterhouse_1,slaughterhouse,1,,,,59.0,224.31,,,,,,,,,25,hitl
290,2026-02-21 06:30,wholesaler_1,wholesaler,1,,,,,,1.36,114.0,,,,,,,25,hitl
290,2026-02-21 06:30,retail_1,retail,1,,,,,,,,0.0,29.0,1.0,34.18,21.428,135.0,25,hitl
291,2026-02-21 06:45,supplier_1,supplier,1,0.0,,,,,,,,,,,,,25,hitl
291,2026-02-21 06:45,farm_1,farm,1,,96.6,0.379,,,,,,,,,,,25,hitl
291,2026-02-21 06:45,slaughterhouse_1,slaughterhouse,1,,,,59.0,226.0,,,,,,,,,25,hitl
291,2026-02-21 06:45,wholesaler_1,wholesaler,1,,,,,,0.0,114.0,,,,,,,25,hitl
291,2026-02-21 06:45,retail_1,retail,1,,,,,,,,0.0,29.0,1.0,34.43,21.428,135.0,25,hitl
292,2026-02-21 07:00,supplier_1,supplier,1,0.0,,,,,,,,,,,,,25,hitl
292,2026-02-21 07:00,farm_1,farm,1,,96.6,0.379,,,,,,,,,,,25,hitl
292,2026-02-21 07:00,slaughterhouse_1,slaughterhouse,1,,,,59.0,227.52,,,,,,,,,25,hitl
292,2026-02-21 07:00,wholesaler_1,wholesaler,1,,,,,,0.0,114.0,,,,,,,25,hitl
292,2026-02-21 07:00,retail_1,retail,1,,,,,,,,0.0,29.0,1.0,34.68,21.428,135.0,25,hitl
293,2026-02-21 07:15,supplier_1,supplier,1,0.0,,,,,,,,,,,,,25,hitl
293,2026-02-21 07:15,farm_1,farm,1,,96.6,0.379,,,,,,,,,,,25,hitl
293,2026-02-21 07:15,slaughterhouse_1,slaughterhouse,1,,,,59.0,229.05,,,,,,,,,25,hitl
293,2026-02-21 07:15,wholesaler_1,wholesaler,1,,,,,,0.0,114.0,,,,,,,25,hitl
293,2026-02-21 07:15,retail_1,retail,1,,,,,,,,0.0,29.0,1.0,34.93,21.428,135.0,25,hitl
294,2026-02-21 07:30,supplier_1,supplier,1,0.0,,,,,,,,,,,,,25,hitl
294,2026-02-21 07:30,farm_1,farm,0,,620.0,0.035,,,,,,,,,,,25,hitl
294,2026-02-21 07:30,slaughterhouse_1,slaughterhouse,1,,,,59.0,230.6,,,,,,,,,25,hitl
294,2026-02-21 07:30,wholesaler_1,wholesaler,1,,,,,,0.0,114.0,,,,,,,25,hitl
294,2026-02-21 07:30,retail_1,retail,1,,,,,,,,0.0,29.0,1.0,35.18,21.428,135.0,25,hitl
295,2026-02-21 07:45,supplier_1,supplier,1,0.0,,,,,,,,,,,,,25,hitl
295,2026-02-21 07:45,farm_1,farm,0,,620.0,0.035,,,,,,,,,,,25,hitl
295,2026-02-21 07:45,slaughterhouse_1,slaughterhouse,1,,,,59.0,232.14,,,,,,,,,25,hitl
295,2026-02-21 07:45,wholesaler_1,wholesaler,1,,,,,,0.0,114.0,,,,,,,25,hitl
295,2026-02-21 07:45,retail_1,retail,1,,,,,,,,0.0,29.0,1.0,35.43,21.428,135.0,25,hitl
296,2026-02-21 08:00,supplier_1,supplier,1,0.0,,,,,,,,,,,,,25,hitl
296,2026-02-21 08:00,farm_1,farm,0,,620.0,0.035,,,,,,,,,,,25,hitl
296,2026-02-21 08:00,slaughterhouse_1,slaughterhouse,1,,,,59.0,229.34,,,,,,,,,25,hitl
296,2026-02-21 08:00,wholesaler_1,wholesaler,1,,,,,,0.0,114.0,,,,,,,25,hitl
296,2026-02-21 08:00,retail_1,retail,1,,,,,,,,0.0,29.0,1.0,35.68,21.428,135.0,25,hitl
297,2026-02-21 08:15,supplier_1,supplier,1,0.0,,,,,,,,,,,,,25,hitl
297,2026-02-21 08:15,farm_1,farm,0,,620.0,0.035,,,,,,,,,,,25,hitl
297,2026-02-21 08:15,slaughterhouse_1,slaughterhouse,1,,,,59.0,230.88,,,,,,,,,25,hitl
297,2026-02-21 08:15,wholesaler_1,wholesaler,1,,,,,,4.32,114.0,,,,,,,25,hitl
297,2026-02-21 08:15,retail_1,retail,1,,,,,,,,0.0,29.0,1.0,35.93,21.428,135.0,25,hitl
298,2026-02-21 08:30,supplier_1,supplier,1,0.0,,,,,,,,,,,,,25,hitl
298,2026-02-21 08:30,farm_1,farm,0,,620.0,0.035,,,,,,,,,,,25,hitl
298,2026-02-21 08:30,slaughterhouse_1,slaughterhouse,1,,,,59.0,232.47,,,,,,,,,25,hitl
298,2026-02-21 08:30,wholesaler_1,wholesaler,1,,,,,,1.69,114.0,,,,,,,25,hitl
298,2026-02-21 08:30,retail_1,retail,1,,,,,,,,0.0,29.0,1.0,36.18,21.428,135.0,25,hitl
299,2026-02-21 08:45,supplier_1,supplier,1,0.0,,,,,,,,,,,,,25,hitl
299,2026-02-21 08:45,farm_1,farm,0,,620.0,0.035,,,,,,,,,,,25,hitl
299,2026-02-21 08:45,slaughterhouse_1,slaughterhouse,1,,,,59.0,234.12,,,,,,,,,25,hitl
299,2026-02-21 08:45,wholesaler_1,wholesaler,1,,,,,,0.0,114.0,,,,,,,25,hitl
299,2026-02-21 08:45,retail_1,retail,1,,,,,,,,0.0,29.0,1.0,36.43,21.428,135.0,25,hitl
300,2026-02-21 09:00,supplier_1,supplier,1,0.0,,,,,,,,,,,,,25,hitl
300,2026-02-21 09:00,farm_1,farm,0,,620.0,0.035,,,,,,,,,,,25,hitl
300,2026-02-21 09:00,slaughterhouse_1,slaughterhouse,1,,,,59.0,235.83,,,,,,,,,25,hitl
300,2026-02-21 09:00,wholesaler_1,wholesaler,1,,,,,,0.0,114.0,,,,,,,25,hitl
300,2026-02-21 09:00,retail_1,retail,1,,,,,,,,0.0,29.0,1.0,36.68,21.428,135.0,25,hitl
301,2026-02-21 09:15,supplier_1,supplier,1,0.0,,,,,,,,,,,,,25,hitl
301,2026-02-21 09:15,farm_1,farm,0,,620.0,0.035,,,,,,,,,,,25,hitl
301,2026-02-21 09:15,slaughterhouse_1,slaughterhouse,1,,,,59.0,237.51,,,,,,,,,25,hitl
301,2026-02-21 09:15,wholesaler_1,wholesaler,1,,,,,,0.0,114.0,,,,,,,25,hitl
301,2026-02-21 09:15,retail_1,retail,1,,,,,,,,0.0,29.0,1.0,36.93,21.428,135.0,25,hitl
302,2026-02-21 09:30,supplier_1,supplier,1,0.0,,,,,,,,,,,,,25,hitl
302,2026-02-21 09:30,farm_1,farm,0,,620.0,0.035,,,,,,,,,,,25,hitl
302,2026-02-21 09:30,slaughterhouse_1,slaughterhouse,1,,,,59.0,239.22,,,,,,,,,25,hitl
302,2026-02-21 09:30,wholesaler_1,wholesaler,1,,,,,,0.0,114.0,,,,,,,25,hitl
302,2026-02-21 09:30,retail_1,retail,1,,,,,,,,0.0,29.0,1.0,37.18,21.428,135.0,25,hitl
303,2026-02-21 09:45,supplier_1,supplier,1,0.0,,,,,,,,,,,,,25,hitl
303,2026-02-21 09:45,farm_1,farm,0,,620.0,0.035,,,,,,,,,,,25,hitl
303,2026-02-21 09:45,slaughterhouse_1,slaughterhouse,1,,,,59.0,240.93,,,,,,,,,25,hitl
303,2026-02-21 09:45,wholesaler_1,wholesaler,1,,,,,,0.0,114.0,,,,,,,25,hitl
303,2026-02-21 09:45,retail_1,retail,1,,,,,,,,0.0,29.0,1.0,37.43,21.428,135.0,25,hitl
304,2026-02-21 10:00,supplier_1,supplier,1,0.0,,,,,,,,,,,,,25,hitl
304,2026-02-21 10:00,farm_1,farm,0,,620.0,0.035,,,,,,,,,,,25,hitl
304,2026-02-21 10:00,slaughterhouse_1,slaughterhouse,1,,,,59.0,238.27,,,,,,,,,25,hitl
304,2026-02-21 10:00,wholesaler_1,wholesaler,1,,,,,,0.0,114.0,,,,,,,25,hitl
304,2026-02-21 10:00,retail_1,retail,1,,,,,,,,0.0,29.0,1.0,37.68,21.428,135.0,25,hitl
305,2026-02-21 10:15,supplier_1,supplier,1,0.0,,,,,,,,,,,,,25,hitl
305,2026-02-21 10:15,farm_1,farm,0,,620.0,0.035,,,,,,,,,,,25,hitl
305,2026-02-21 10:15,slaughterhouse_1,slaughterhouse,1,,,,59.0,239.86,,,,,,,,,25,hitl
305,2026-02-21 10:15,wholesaler_1,wholesaler,1,,,,,,4.32,114.0,,,,,,,25,hitl
305,2026-02-21 10:15,retail_1,retail,1,,,,,,,,0.0,29.0,1.0,37.93,21.428,135.0,25,hitl
306,2026-02-21 10:30,supplier_1,supplier,1,0.0,,,,,,,,,,,,,25,hitl
306,2026-02-21 10:30,farm_1,farm,0,,620.0,0.035,,,,,,,,,,,25,hitl
306,2026-02-21 10:30,slaughterhouse_1,slaughterhouse,1,,,,59.0,241.47,,,,,,,,,25,hitl
306,2026-02-21 10:30,wholesaler_1,wholesaler,1,,,,,,1.99,114.0,,,,,,,25,hitl
306,2026-02-21 10:30,retail_1,retail,1,,,,,,,,0.0,29.0,1.0,38.18,21.428,135.0,25,hitl
307,2026-02-21 10:45,supplier_1,supplier,1,0.0,,,,,,,,,,,,,25,hitl
307,2026-02-21 10:45,farm_1,farm,0,,620.0,0.035,,,,,,,,,,,25,hitl
307,2026-02-21 10:45,slaughterhouse_1,slaughterhouse,1,,,,59.0,242.98,,,,,,,,,25,hitl
307,2026-02-21 10:45,wholesaler_1,wholesaler,1,,,,,,0.15,114.0,,,,,,,25,hitl
307,2026-02-21 10:45,retail_1,retail,1,,,,,,,,0.0,29.0,1.0,38.43,21.428,135.0,25,hitl
308,2026-02-21 11:00,supplier_1,supplier,1,0.0,,,,,,,,,,,,,25,hitl
308,2026-02-21 11:00,farm_1,farm,0,,620.0,0.035,,,,,,,,,,,25,hitl
308,2026-02-21 11:00,slaughterhouse_1,slaughterhouse,1,,,,59.0,244.55,,,,,,,,,25,hitl
308,2026-02-21 11:00,wholesaler_1,wholesaler,1,,,,,,0.0,114.0,,,,,,,25,hitl
308,2026-02-21 11:00,retail_1,retail,1,,,,,,,,0.0,29.0,1.0,38.68,21.428,135.0,25,hitl
309,2026-02-21 11:15,supplier_1,supplier,1,0.0,,,,,,,,,,,,,25,hitl
309,2026-02-21 11:15,farm_1,farm,0,,620.0,0.035,,,,,,,,,,,25,hitl
309,2026-02-21 11:15,slaughterhouse_1,slaughterhouse,1,,,,59.0,246.08,,,,,,,,,25,hitl
309,2026-02-21 11:15,wholesaler_1,wholesaler,1,,,,,,0.0,114.0,,,,,,,25,hitl
309,2026-02-21 11:15,retail_1,retail,1,,,,,,,,0.0,29.0,1.0,38.93,21.428,135.0,25,hitl
310,2026-02-21 11:30,supplier_1,supplier,1,0.0,,,,,,,,,,,,,25,hitl
310,2026-02-21 11:30,farm_1,farm,0,,620.0,0.035,,,,,,,,,,,25,hitl
310,2026-02-21 11:30,slaughterhouse_1,slaughterhouse,1,,,,59.0,247.6,,,,,,,,,25,hitl
310,2026-02-21 11:30,wholesaler_1,wholesaler,1,,,,,,0.0,114.0,,,,,,,25,hitl
310,2026-02-21 11:30,retail_1,retail,1,,,,,,,,0.0,29.0,1.0,39.18,21.428,135.0,25,hitl
311,2026-02-21 11:45,supplier_1,supplier,1,0.0,,,,,,,,,,,,,25,hitl
311,2026-02-21 11:45,farm_1,farm,0,,620.0,0.035,,,,,,,,,,,25,hitl
311,2026-02-21 11:45,slaughterhouse_1,slaughterhouse,1,,,,59.0,249.15,,,,,,,,,25,hitl
311,2026-02-21 11:45,wholesaler_1,wholesaler,1,,,,,,0.0,114.0,,,,,,,25,hitl
311,2026-02-21 11:45,retail_1,retail,1,,,,,,,,0.0,29.0,1.0,39.43,21.428,135.0,25,hitl
312,2026-02-21 12:00,supplier_1,supplier,1,0.0,,,,,,,,,,,,,25,hitl
312,2026-02-21 12:00,farm_1,farm,0,,620.0,0.035,,,,,,,,,,,25,hitl
312,2026-02-21 12:00,slaughterhouse_1,slaughterhouse,1,,,,59.0,246.45,,,,,,,,,25,hitl
312,2026-02-21 12:00,wholesaler_1,wholesaler,1,,,,,,0.0,114.0,,,,,,,25,hitl
312,2026-02-21 12:00,retail_1,retail,1,,,,,,,,0.0,29.0,1.0,39.68,21.428,135.0,25,hitl
313,2026-02-21 12:15,supplier_1,supplier,1,0.0,,,,,,,,,,,,,25,hitl
313,2026-02-21 12:15,farm_1,farm,0,,620.0,0.035,,,,,,,,,,,25,hitl
313,2026-02-21 12:15,slaughterhouse_1,slaughterhouse,1,,,,59.0,247.96,,,,,,,,,25,hitl
313,2026-02-21 12:15,wholesaler_1,wholesaler,1,,,,,,4.32,114.0,,,,,,,25,hitl
313,2026-02-21 12:15,retail_1,retail,1,,,,,,,,0.0,29.0,1.0,39.93,21.428,135.0,25,hitl
314,2026-02-21 12:30,supplier_1,supplier,1,0.0,,,,,,,,,,,,,25,hitl
314,2026-02-21 12:30,farm_1,farm,0,,620.0,0.035,,,,,,,,,,,25,hitl
314,2026-02-21 12:30,slaughterhouse_1,slaughterhouse,1,,,,59.0,249.48,,,,,,,,,25,hitl
314,2026-02-21 12:30,wholesaler_1,wholesaler,1,,,,,,2.51,114.0,,,,,,,25,hitl
314,2026-02-21 12:30,retail_1,retail,1,,,,,,,,0.0,29.0,1.0,40.18,21.428,135.0,25,hitl
315,2026-02-21 12:45,supplier_1,supplier,1,0.0,,,,,,,,,,,,,25,hitl
315,2026-02-21 12:45,farm_1,farm,0,,620.0,0.035,,,,,,,,,,,25,hitl
315,2026-02-21 12:45,slaughterhouse_1,slaughterhouse,1,,,,59.0,251.14,,,,,,,,,25,hitl
315,2026-02-21 12:45,wholesaler_1,wholesaler,1,,,,,,0.73,114.0,,,,,,,25,hitl
315,2026-02-21 12:45,retail_1,retail,1,,,,,,,,0.0,29.0,1.0,40.43,21.428,135.0,25,hitl
316,2026-02-21 13:00,supplier_1,supplier,1,0.0,,,,,,,,,,,,,25,hitl
316,2026-02-21 13:00,farm_1,farm,0,,620.0,0.035,,,,,,,,,,,25,hitl
316,2026-02-21 13:00,slaughterhouse_1,slaughterhouse,1,,,,59.0,252.82,,,,,,,,,25,hitl
316,2026-02-21 13:00,wholesaler_1,wholesaler,1,,,,,,0.0,114.0,,,,,,,25,hitl
316,2026-02-21 13:00,retail_1,retail,1,,,,,,,,0.0,29.0,1.0,40.68,21.428,135.0,25,hitl
317,2026-02-21 13:15,supplier_1,supplier,1,0.0,,,,,,,,,,,,,25,hitl
317,2026-02-21 13:15,farm_1,farm,0,,620.0,0.035,,,,,,,,,,,25,hitl
317,2026-02-21 13:15,slaughterhouse_1,slaughterhouse,1,,,,59.0,254.39,,,,,,,,,25,hitl
317,2026-02-21 13:15,wholesaler_1,wholesaler,1,,,,,,0.0,114.0,,,,,,,25,hitl
317,2026-02-21 13:15,retail_1,retail,1,,,,,,,,0.0,29.0,1.0,40.93,21.428,135.0,25,hitl
318,2026-02-21 13:30,supplier_1,supplier,1,0.0,,,,,,,,,,,,,25,hitl
318,2026-02-21 13:30,farm_1,farm,0,,620.0,0.035,,,,,,,,,,,25,hitl
318,2026-02-21 13:30,slaughterhouse_1,slaughterhouse,1,,,,59.0,255.92,,,,,,,,,25,hitl
318,2026-02-21 13:30,wholesaler_1,wholesaler,1,,,,,,0.0,114.0,,,,,,,25,hitl
318,2026-02-21 13:30,retail_1,retail,1,,,,,,,,0.0,29.0,1.0,41.18,21.428,135.0,25,hitl
319,2026-02-21 13:45,supplier_1,supplier,1,0.0,,,,,,,,,,,,,25,hitl
319,2026-02-21 13:45,farm_1,farm,0,,620.0,0.035,,,,,,,,,,,25,hitl
319,2026-02-21 13:45,slaughterhouse_1,slaughterhouse,1,,,,59.0,257.43,,,,,,,,,25,hitl
319,2026-02-21 13:45,wholesaler_1,wholesaler,1,,,,,,0.0,114.0,,,,,,,25,hitl
319,2026-02-21 13:45,retail_1,retail,1,,,,,,,,0.0,29.0,1.0,41.43,21.428,135.0,25,hitl
320,2026-02-21 14:00,supplier_1,supplier,1,0.0,,,,,,,,,,,,,25,hitl
320,2026-02-21 14:00,farm_1,farm,0,,620.0,0.035,,,,,,,,,,,25,hitl
320,2026-02-21 14:00,slaughterhouse_1,slaughterhouse,1,,,,59.0,254.8,,,,,,,,,25,hitl
320,2026-02-21 14:00,wholesaler_1,wholesaler,1,,,,,,0.0,114.0,,,,,,,25,hitl
320,2026-02-21 14:00,retail_1,retail,1,,,,,,,,0.0,29.0,1.0,41.68,21.428,135.0,25,hitl
321,2026-02-21 14:15,supplier_1,supplier,1,0.0,,,,,,,,,,,,,25,hitl
321,2026-02-21 14:15,farm_1,farm,0,,620.0,0.035,,,,,,,,,,,25,hitl
321,2026-02-21 14:15,slaughterhouse_1,slaughterhouse,1,,,,59.0,256.56,,,,,,,,,25,hitl
321,2026-02-21 14:15,wholesaler_1,wholesaler,1,,,,,,4.32,114.0,,,,,,,25,hitl
321,2026-02-21 14:15,retail_1,retail,1,,,,,,,,0.0,29.0,1.0,41.93,21.428,135.0,25,hitl
322,2026-02-21 14:30,supplier_1,supplier,1,0.0,,,,,,,,,,,,,25,hitl
322,2026-02-21 14:30,farm_1,farm,0,,620.0,0.035,,,,,,,,,,,25,hitl
322,2026-02-21 14:30,slaughterhouse_1,slaughterhouse,1,,,,59.0,258.1,,,,,,,,,25,hitl
322,2026-02-21 14:30,wholesaler_1,wholesaler,1,,,,,,1.61,114.0,,,,,,,25,hitl
322,2026-02-21 14:30,retail_1,retail,1,,,,,,,,0.0,29.0,1.0,42.18,21.428,135.0,25,hitl
323,2026-02-21 14:45,supplier_1,supplier,1,0.0,,,,,,,,,,,,,25,hitl
323,2026-02-21 14:45,farm_1,farm,0,,620.0,0.035,,,,,,,,,,,25,hitl
323,2026-02-21 14:45,slaughterhouse_1,slaughterhouse,1,,,,59.0,259.68,,,,,,,,,25,hitl
323,2026-02-21 14:45,wholesaler_1,wholesaler,1,,,,,,0.0,114.0,,,,,,,25,hitl
323,2026-02-21 14:45,retail_1,retail,1,,,,,,,,0.0,29.0,1.0,42.43,21.428,135.0,25,hitl
324,2026-02-21 15:00,supplier_1,supplier,1,0.0,,,,,,,,,,,,,25,hitl
324,2026-02-21 15:00,farm_1,farm,1,,651.0,0.035,,,,,,,,,,,25,hitl
324,2026-02-21 15:00,slaughterhouse_1,slaughterhouse,1,,,,59.0,261.29,,,,,,,,,25,hitl
324,2026-02-21 15:00,wholesaler_1,wholesaler,1,,,,,,0.0,114.0,,,,,,,25,hitl
324,2026-02-21 15:00,retail_1,retail,1,,,,,,,,0.0,29.0,1.0,42.68,21.428,135.0,25,hitl
325,2026-02-21 15:15,supplier_1,supplier,1,0.0,,,,,,,,,,,,,25,hitl
325,2026-02-21 15:15,farm_1,farm,1,,651.0,0.035,,,,,,,,,,,25,hitl
325,2026-02-21 15:15,slaughterhouse_1,slaughterhouse,1,,,,59.0,262.8,,,,,,,,,25,hitl
325,2026-02-21 15:15,wholesaler_1,wholesaler,1,,,,,,0.0,114.0,,,,,,,25,hitl
325,2026-02-21 15:15,retail_1,retail,1,,,,,,,,0.0,29.0,1.0,42.93,21.428,135.0,25,hitl
326,2026-02-21 15:30,supplier_1,supplier,1,0.0,,,,,,,,,,,,,25,hitl
326,2026-02-21 15:30,farm_1,farm,1,,651.0,0.035,,,,,,,,,,,25,hitl
326,2026-02-21 15:30,slaughterhouse_1,slaughterhouse,1,,,,59.0,264.53,,,,,,,,,25,hitl
326,2026-02-21 15:30,wholesaler_1,wholesaler,1,,,,,,0.0,114.0,,,,,,,25,hitl
326,2026-02-21 15:30,retail_1,retail,1,,,,,,,,0.0,29.0,1.0,43.18,21.428,135.0,25,hitl
327,2026-02-21 15:45,supplier_1,supplier,1,0.0,,,,,,,,,,,,,25,hitl
327,2026-02-21 15:45,farm_1,farm,1,,651.0,0.035,,,,,,,,,,,25,hitl
327,2026-02-21 15:45,slaughterhouse_1,slaughterhouse,1,,,,59.0,266.23,,,,,,,,,25,hitl
327,2026-02-21 15:45,wholesaler_1,wholesaler,1,,,,,,0.0,114.0,,,,,,,25,hitl
327,2026-02-21 15:45,retail_1,retail,1,,,,,,,,0.0,29.0,1.0,43.43,21.428,135.0,25,hitl
328,2026-02-21 16:00,supplier_1,supplier,1,0.0,,,,,,,,,,,,,25,hitl
328,2026-02-21 16:00,farm_1,farm,1,,651.0,0.035,,,,,,,,,,,25,hitl
328,2026-02-21 16:00,slaughterhouse_1,slaughterhouse,1,,,,59.0,263.56,,,,,,,,,25,hitl
328,2026-02-21 16:00,wholesaler_1,wholesaler,1,,,,,,0.0,114.0,,,,,,,25,hitl
328,2026-02-21 16:00,retail_1,retail,1,,,,,,,,0.0,29.0,1.0,43.68,21.428,135.0,25,hitl
329,2026-02-21 16:15,supplier_1,supplier,1,0.0,,,,,,,,,,,,,25,hitl
329,2026-02-21 16:15,farm_1,farm,1,,651.0,0.035,,,,,,,,,,,25,hitl
329,2026-02-21 16:15,slaughterhouse_1,slaughterhouse,1,,,,59.0,265.07,,,,,,,,,25,hitl
329,2026-02-21 16:15,wholesaler_1,wholesaler,1,,,,,,4.32,114.0,,,,,,,25,hitl
329,2026-02-21 16:15,retail_1,retail,1,,,,,,,,0.0,29.0,1.0,43.93,21.428,135.0,25,hitl
330,2026-02-21 16:30,supplier_1,supplier,1,0.0,,,,,,,,,,,,,25,hitl
330,2026-02-21 16:30,farm_1,farm,1,,651.0,0.035,,,,,,,,,,,25,hitl
330,2026-02-21 16:30,slaughterhouse_1,slaughterhouse,1,,,,59.0,266.64,,,,,,,,,25,hitl
330,2026-02-21 16:30,wholesaler_1,wholesaler,1,,,,,,2.11,114.0,,,,,,,25,hitl
330,2026-02-21 16:30,retail_1,retail,1,,,,,,,,0.0,29.0,1.0,44.18,21.428,135.0,25,hitl
331,2026-02-21 16:45,supplier_1,supplier,1,0.0,,,,,,,,,,,,,25,hitl
331,2026-02-21 16:45,farm_1,farm,1,,651.0,0.035,,,,,,,,,,,25,hitl
331,2026-02-21 16:45,slaughterhouse_1,slaughterhouse,1,,,,59.0,268.15,,,,,,,,,25,hitl
331,2026-02-21 16:45,wholesaler_1,wholesaler,1,,,,,,0.36,114.0,,,,,,,25,hitl
331,2026-02-21 16:45,retail_1,retail,1,,,,,,,,0.0,29.0,1.0,44.43,21.428,135.0,25,hitl
332,2026-02-21 17:00,supplier_1,supplier,1,0.0,,,,,,,,,,,,,25,hitl
332,2026-02-21 17:00,farm_1,farm,1,,651.0,0.035,,,,,,,,,,,25,hitl
332,2026-02-21 17:00,slaughterhouse_1,slaughterhouse,1,,,,59.0,269.66,,,,,,,,,25,hitl
332,2026-02-21 17:00,wholesaler_1,wholesaler,1,,,,,,0.0,114.0,,,,,,,25,hitl
332,2026-02-21 17:00,retail_1,retail,1,,,,,,,,0.0,29.0,1.0,44.68,21.428,135.0,25,hitl
333,2026-02-21 17:15,supplier_1,supplier,1,0.0,,,,,,,,,,,,,25,hitl
333,2026-02-21 17:15,farm_1,farm,1,,651.0,0.035,,,,,,,,,,,25,hitl
333,2026-02-21 17:15,slaughterhouse_1,slaughterhouse,1,,,,59.0,271.32,,,,,,,,,25,hitl
333,2026-02-21 17:15,wholesaler_1,wholesaler,1,,,,,,0.0,114.0,,,,,,,25,hitl
333,2026-02-21 17:15,retail_1,retail,1,,,,,,,,0.0,29.0,1.0,44.93,21.428,135.0,25,hitl
334,2026-02-21 17:30,supplier_1,supplier,1,0.0,,,,,,,,,,,,,25,hitl
334,2026-02-21 17:30,farm_1,farm,1,,651.0,0.035,,,,,,,,,,,25,hitl
334,2026-02-21 17:30,slaughterhouse_1,slaughterhouse,1,,,,59.0,272.86,,,,,,,,,25,hitl
334,2026-02-21 17:30,wholesaler_1,wholesaler,1,,,,,,0.0,114.0,,,,,,,25,hitl
334,2026-02-21 17:30,retail_1,retail,1,,,,,,,,0.0,29.0,1.0,45.18,21.428,135.0,25,hitl
335,2026-02-21 17:45,supplier_1,supplier,1,0.0,,,,,,,,,,,,,25,hitl
335,2026-02-21 17:45,farm_1,farm,1,,651.0,0.035,,,,,,,,,,,25,hitl
335,2026-02-21 17:45,slaughterhouse_1,slaughterhouse,1,,,,59.0,274.55,,,,,,,,,25,hitl
335,2026-02-21 17:45,wholesaler_1,wholesaler,1,,,,,,0.0,114.0,,,,,,,25,hitl
335,2026-02-21 17:45,retail_1,retail,1,,,,,,,,0.0,29.0,1.0,45.43,21.428,135.0,25,hitl
336,2026-02-21 18:00,supplier_1,supplier,1,0.0,,,,,,,,,,,,,25,hitl
336,2026-02-21 18:00,farm_1,farm,1,,651.0,0.035,,,,,,,,,,,25,hitl
336,2026-02-21 18:00,slaughterhouse_1,slaughterhouse,1,,,,59.0,271.93,,,,,,,,,25,hitl
336,2026-02-21 18:00,wholesaler_1,wholesaler,1,,,,,,0.0,114.0,,,,,,,25,hitl
336,2026-02-21 18:00,retail_1,retail,1,,,,,,,,0.0,29.0,1.0,45.68,21.428,135.0,25,hitl
337,2026-02-21 18:15,supplier_1,supplier,1,0.0,,,,,,,,,,,,,25,hitl
337,2026-02-21 18:15,farm_1,farm,1,,651.0,0.035,,,,,,,,,,,25,hitl
337,2026-02-21 18:15,slaughterhouse_1,slaughterhouse,1,,,,59.0,273.58,,,,,,,,,25,hitl
337,2026-02-21 18:15,wholesaler_1,wholesaler,1,,,,,,4.32,114.0,,,,,,,25,hitl
337,2026-02-21 18:15,retail_1,retail,1,,,,,,,,0.0,29.0,1.0,45.93,21.428,135.0,25,hitl
338,2026-02-21 18:30,supplier_1,supplier,1,0.0,,,,,,,,,,,,,25,hitl
338,2026-02-21 18:30,farm_1,farm,1,,651.0,0.035,,,,,,,,,,,25,hitl
338,2026-02-21 18:30,slaughterhouse_1,slaughterhouse,1,,,,59.0,275.21,,,,,,,,,25,hitl
338,2026-02-21 18:30,wholesaler_1,wholesaler,1,,,,,,2.35,114.0,,,,,,,25,hitl
338,2026-02-21 18:30,retail_1,retail,1,,,,,,,,0.0,29.0,1.0,46.18,21.428,135.0,25,hitl
339,2026-02-21 18:45,supplier_1,supplier,1,0.0,,,,,,,,,,,,,25,hitl
339,2026-02-21 18:45,farm_1,farm,1,,651.0,0.035,,,,,,,,,,,25,hitl
339,2026-02-21 18:45,slaughterhouse_1,slaughterhouse,1,,,,59.0,276.9,,,,,,,,,25,hitl
339,2026-02-21 18:45,wholesaler_1,wholesaler,1,,,,,,0.0,114.0,,,,,,,25,hitl
339,2026-02-21 18:45,retail_1,retail,1,,,,,,,,0.0,29.0,1.0,46.43,21.428,135.0,25,hitl
340,2026-02-21 19:00,supplier_1,supplier,1,0.0,,,,,,,,,,,,,25,hitl
340,2026-02-21 19:00,farm_1,farm,1,,651.0,0.035,,,,,,,,,,,25,hitl
340,2026-02-21 19:00,slaughterhouse_1,slaughterhouse,1,,,,59.0,278.48,,,,,,,,,25,hitl
340,2026-02-21 19:00,wholesaler_1,wholesaler,1,,,,,,0.0,114.0,,,,,,,25,hitl
340,2026-02-21 19:00,retail_1,retail,1,,,,,,,,0.0,29.0,1.0,46.68,21.428,135.0,25,hitl
341,2026-02-21 19:15,supplier_1,supplier,1,0.0,,,,,,,,,,,,,25,hitl
341,2026-02-21 19:15,farm_1,farm,1,,651.0,0.035,,,,,,,,,,,25,hitl
341,2026-02-21 19:15,slaughterhouse_1,slaughterhouse,1,,,,59.0,280.03,,,,,,,,,25,hitl
341,2026-02-21 19:15,wholesaler_1,wholesaler,1,,,,,,0.0,114.0,,,,,,,25,hitl
341,2026-02-21 19:15,retail_1,retail,1,,,,,,,,0.0,29.0,1.0,46.93,21.428,135.0,25,hitl
342,2026-02-21 19:30,supplier_1,supplier,1,0.0,,,,,,,,,,,,,25,hitl
342,2026-02-21 19:30,farm_1,farm,1,,651.0,0.035,,,,,,,,,,,25,hitl
342,2026-02-21 19:30,slaughterhouse_1,slaughterhouse,1,,,,59.0,281.62,,,,,,,,,25,hitl
342,2026-02-21 19:30,wholesaler_1,wholesaler,1,,,,,,0.0,114.0,,,,,,,25,hitl
342,2026-02-21 19:30,retail_1,retail,1,,,,,,,,0.0,29.0,1.0,47.18,21.428,135.0,25,hitl
343,2026-02-21 19:45,supplier_1,supplier,1,0.0,,,,,,,,,,,,,25,hitl
343,2026-02-21 19:45,farm_1,farm,1,,651.0,0.035,,,,,,,,,,,25,hitl
343,2026-02-21 19:45,slaughterhouse_1,slaughterhouse,1,,,,59.0,283.16,,,,,,,,,25,hitl
343,2026-02-21 19:45,wholesaler_1,wholesaler,1,,,,,,0.0,114.0,,,,,,,25,hitl
343,2026-02-21 19:45,retail_1,retail,1,,,,,,,,0.0,29.0,1.0,47.43,21.428,135.0,25,hitl
344,2026-02-21 20:00,supplier_1,supplier,1,0.0,,,,,,,,,,,,,25,hitl
344,2026-02-21 20:00,farm_1,farm,1,,651.0,0.035,,,,,,,,,,,25,hitl
344,2026-02-21 20:00,slaughterhouse_1,slaughterhouse,1,,,,59.0,280.44,,,,,,,,,25,hitl
344,2026-02-21 20:00,wholesaler_1,wholesaler,1,,,,,,0.0,114.0,,,,,,,25,hitl
344,2026-02-21 20:00,retail_1,retail,1,,,,,,,,0.0,29.0,1.0,47.68,21.428,135.0,25,hitl
345,2026-02-21 20:15,supplier_1,supplier,1,0.0,,,,,,,,,,,,,25,hitl
345,2026-02-21 20:15,farm_1,farm,1,,651.0,0.035,,,,,,,,,,,25,hitl
345,2026-02-21 20:15,slaughterhouse_1,slaughterhouse,1,,,,59.0,282.19,,,,,,,,,25,hitl
345,2026-02-21 20:15,wholesaler_1,wholesaler,1,,,,,,4.32,114.0,,,,,,,25,hitl
345,2026-02-21 20:15,retail_1,retail,1,,,,,,,,0.0,29.0,1.0,47.93,21.428,135.0,25,hitl
346,2026-02-21 20:30,supplier_1,supplier,1,0.0,,,,,,,,,,,,,25,hitl
346,2026-02-21 20:30,farm_1,farm,1,,651.0,0.035,,,,,,,,,,,25,hitl
346,2026-02-21 20:30,slaughterhouse_1,slaughterhouse,1,,,,59.0,283.7,,,,,,,,,25,hitl
346,2026-02-21 20:30,wholesaler_1,wholesaler,1,,,,,,1.33,114.0,,,,,,,25,hitl
346,2026-02-21 20:30,retail_1,retail,1,,,,,,,,0.0,29.0,1.0,48.18,21.428,135.0,25,hitl
347,2026-02-21 20:45,supplier_1,supplier,1,0.0,,,,,,,,,,,,,25,hitl
347,2026-02-21 20:45,farm_1,farm,1,,651.0,0.035,,,,,,,,,,,25,hitl
347,2026-02-21 20:45,slaughterhouse_1,slaughterhouse,1,,,,59.0,285.37,,,,,,,,,25,hitl
347,2026-02-21 20:45,wholesaler_1,wholesaler,1,,,,,,0.0,114.0,,,,,,,25,hitl
347,2026-02-21 20:45,retail_1,retail,1,,,,,,,,0.0,29.0,1.0,48.43,21.428,135.0,25,hitl
348,2026-02-21 21:00,supplier_1,supplier,1,0.0,,,,,,,,,,,,,25,hitl
348,2026-02-21 21:00,farm_1,farm,1,,651.0,0.035,,,,,,,,,,,25,hitl
348,2026-02-21 21:00,slaughterhouse_1,slaughterhouse,0,,,,372.0,221.82,,,,,,,,,25,hitl
348,2026-02-21 21:00,wholesaler_1,wholesaler,1,,,,,,0.0,114.0,,,,,,,25,hitl
348,2026-02-21 21:00,retail_1,retail,1,,,,,,,,0.0,29.0,1.0,48.68,21.428,135.0,25,hitl
349,2026-02-21 21:15,supplier_1,supplier,1,0.0,,,,,,,,,,,,,25,hitl
349,2026-02-21 21:15,farm_1,farm,1,,651.0,0.035,,,,,,,,,,,25,hitl
349,2026-02-21 21:15,slaughterhouse_1,slaughterhouse,0,,,,372.0,232.09,,,,,,,,,25,hitl
349,2026-02-21 21:15,wholesaler_1,wholesaler,1,,,,,,0.0,114.0,,,,,,,25,hitl
349,2026-02-21 21:15,retail_1,retail,1,,,,,,,,0.0,29.0,1.0,48.93,21.428,135.0,25,hitl
350,2026-02-21 21:30,supplier_1,supplier,1,0.0,,,,,,,,,,,,,25,hitl
350,2026-02-21 21:30,farm_1,farm,1,,651.0,0.035,,,,,,,,,,,25,hitl
350,2026-02-21 21:30,slaughterhouse_1,slaughterhouse,0,,,,372.0,241.89,,,,,,,,,25,hitl
350,2026-02-21 21:30,wholesaler_1,wholesaler,1,,,,,,0.0,114.0,,,,,,,25,hitl
350,2026-02-21 21:30,retail_1,retail,1,,,,,,,,0.0,29.0,1.0,49.18,21.428,135.0,25,hitl
351,2026-02-21 21:45,supplier_1,supplier,1,0.0,,,,,,,,,,,,,25,hitl
351,2026-02-21 21:45,farm_1,farm,1,,651.0,0.035,,,,,,,,,,,25,hitl
351,2026-02-21 21:45,slaughterhouse_1,slaughterhouse,0,,,,372.0,252.58,,,,,,,,,25,hitl
351,2026-02-21 21:45,wholesaler_1,wholesaler,1,,,,,,0.0,114.0,,,,,,,25,hitl
351,2026-02-21 21:45,retail_1,retail,1,,,,,,,,0.0,29.0,1.0,49.43,21.428,135.0,25,hitl
352,2026-02-21 22:00,supplier_1,supplier,1,0.0,,,,,,,,,,,,,25,hitl
352,2026-02-21 22:00,farm_1,farm,1,,651.0,0.035,,,,,,,,,,,25,hitl
352,2026-02-21 22:00,slaughterhouse_1,slaughterhouse,0,,,,372.0,239.68,,,,,,,,,25,hitl
352,2026-02-21 22:00,wholesaler_1,wholesaler,1,,,,,,0.0,114.0,,,,,,,25,hitl
352,2026-02-21 22:00,retail_1,retail,1,,,,,,,,0.0,29.0,1.0,49.68,21.428,135.0,25,hitl
353,2026-02-21 22:15,supplier_1,supplier,1,0.0,,,,,,,,,,,,,25,hitl
353,2026-02-21 22:15,farm_1,farm,1,,651.0,0.035,,,,,,,,,,,25,hitl
353,2026-02-21 22:15,slaughterhouse_1,slaughterhouse,0,,,,372.0,250.67,,,,,,,,,25,hitl
353,2026-02-21 22:15,wholesaler_1,wholesaler,1,,,,,,24.0,114.0,,,,,,,25,hitl
353,2026-02-21 22:15,retail_1,retail,1,,,,,,,,0.0,29.0,1.0,49.93,21.428,135.0,25,hitl
354,2026-02-21 22:30,supplier_1,supplier,1,0.0,,,,,,,,,,,,,25,hitl
354,2026-02-21 22:30,farm_1,farm,1,,651.0,0.035,,,,,,,,,,,25,hitl
354,2026-02-21 22:30,slaughterhouse_1,slaughterhouse,0,,,,372.0,261.16,,,,,,,,,25,hitl
354,2026-02-21 22:30,wholesaler_1,wholesaler,1,,,,,,22.38,114.0,,,,,,,25,hitl
354,2026-02-21 22:30,retail_1,retail,1,,,,,,,,0.0,29.0,1.0,50.18,21.428,135.0,25,hitl
355,2026-02-21 22:45,supplier_1,supplier,1,0.0,,,,,,,,,,,,,25,hitl
355,2026-02-21 22:45,farm_1,farm,1,,651.0,0.035,,,,,,,,,,,25,hitl
355,2026-02-21 22:45,slaughterhouse_1,slaughterhouse,0,,,,372.0,271.61,,,,,,,,,25,hitl
355,2026-02-21 22:45,wholesaler_1,wholesaler,1,,,,,,20.62,114.0,,,,,,,25,hitl
355,2026-02-21 22:45,retail_1,retail,1,,,,,,,,0.0,29.0,1.0,50.43,21.428,135.0,25,hitl
356,2026-02-21 23:00,supplier_1,supplier,1,0.0,,,,,,,,,,,,,25,hitl
356,2026-02-21 23:00,farm_1,farm,1,,651.0,0.035,,,,,,,,,,,25,hitl
356,2026-02-21 23:00,slaughterhouse_1,slaughterhouse,0,,,,372.0,281.58,,,,,,,,,25,hitl
356,2026-02-21 23:00,wholesaler_1,wholesaler,1,,,,,,18.71,114.0,,,,,,,25,hitl
356,2026-02-21 23:00,retail_1,retail,1,,,,,,,,0.0,29.0,1.0,50.68,21.428,135.0,25,hitl
357,2026-02-21 23:15,supplier_1,supplier,1,0.0,,,,,,,,,,,,,25,hitl
357,2026-02-21 23:15,farm_1,farm,1,,651.0,0.035,,,,,,,,,,,25,hitl
357,2026-02-21 23:15,slaughterhouse_1,slaughterhouse,0,,,,372.0,292.25,,,,,,,,,25,hitl
357,2026-02-21 23:15,wholesaler_1,wholesaler,1,,,,,,16.46,114.0,,,,,,,25,hitl
357,2026-02-21 23:15,retail_1,retail,1,,,,,,,,0.0,29.0,1.0,50.93,21.428,135.0,25,hitl
358,2026-02-21 23:30,supplier_1,supplier,1,0.0,,,,,,,,,,,,,25,hitl
358,2026-02-21 23:30,farm_1,farm,1,,651.0,0.035,,,,,,,,,,,25,hitl
358,2026-02-21 23:30,slaughterhouse_1,slaughterhouse,0,,,,372.0,302.06,,,,,,,,,25,hitl
358,2026-02-21 23:30,wholesaler_1,wholesaler,1,,,,,,13.64,114.0,,,,,,,25,hitl
358,2026-02-21 23:30,retail_1,retail,1,,,,,,,,0.0,29.0,1.0,51.18,21.428,135.0,25,hitl
359,2026-02-21 23:45,supplier_1,supplier,1,0.0,,,,,,,,,,,,,25,hitl
359,2026-02-21 23:45,farm_1,farm,1,,651.0,0.035,,,,,,,,,,,25,hitl
359,2026-02-21 23:45,slaughterhouse_1,slaughterhouse,0,,,,372.0,312.71,,,,,,,,,25,hitl
359,2026-02-21 23:45,wholesaler_1,wholesaler,1,,,,,,11.84,114.0,,,,,,,25,hitl
359,2026-02-21 23:45,retail_1,retail,1,,,,,,,,0.0,29.0,1.0,51.43,21.428,135.0,25,hitl
360,2026-02-22 00:00,supplier_1,supplier,1,0.0,,,,,,,,,,,,,25,hitl
360,2026-02-22 00:00,farm_1,farm,0,,651.0,0.035,,,,,,,,,,,25,hitl
360,2026-02-22 00:00,slaughterhouse_1,slaughterhouse,0,,,,372.0,299.14,,,,,,,,,25,hitl
360,2026-02-22 00:00,wholesaler_1,wholesaler,1,,,,,,9.99,99.3168,,,,,,,25,hitl
360,2026-02-22 00:00,retail_1,retail,1,,,,,,,,0.0,29.0,1.0,51.68,21.428,135.0,25,hitl
361,2026-02-22 00:15,supplier_1,supplier,1,0.0,,,,,,,,,,,,,25,hitl
361,2026-02-22 00:15,farm_1,farm,0,,651.0,0.035,,,,,,,,,,,25,hitl
361,2026-02-22 00:15,slaughterhouse_1,slaughterhouse,0,,,,372.0,308.63,,,,,,,,,25,hitl
361,2026-02-22 00:15,wholesaler_1,wholesaler,1,,,,,,31.87,99.3168,,,,,,,25,hitl
361,2026-02-22 00:15,retail_1,retail,1,,,,,,,,0.0,29.0,1.0,51.93,21.428,135.0,25,hitl
362,2026-02-22 00:30,supplier_1,supplier,1,0.0,,,,,,,,,,,,,25,hitl
362,2026-02-22 00:30,farm_1,farm,0,,651.0,0.035,,,,,,,,,,,25,hitl
362,2026-02-22 00:30,slaughterhouse_1,slaughterhouse,0,,,,372.0,319.34,,,,,,,,,25,hitl
362,2026-02-22 00:30,wholesaler_1,wholesaler,1,,,,,,29.96,99.3168,,,,,,,25,hitl
362,2026-02-22 00:30,retail_1,retail,1,,,,,,,,0.0,29.0,1.0,52.18,21.428,135.0,25,hitl
363,2026-02-22 00:45,supplier_1,supplier,1,0.0,,,,,,,,,,,,,25,hitl
363,2026-02-22 00:45,farm_1,farm,0,,651.0,0.035,,,,,,,,,,,25,hitl
363,2026-02-22 00:45,slaughterhouse_1,slaughterhouse,0,,,,372.0,329.8,,,,,,,,,25,hitl
363,2026-02-22 00:45,wholesaler_1,wholesaler,1,,,,,,27.77,99.3168,,,,,,,25,hitl
363,2026-02-22 00:45,retail_1,retail,1,,,,,,,,0.0,29.0,1.0,52.43,21.428,135.0,25,hitl
364,2026-02-22 01:00,supplier_1,supplier,1,0.0,,,,,,,,,,,,,25,hitl
364,2026-02-22 01:00,farm_1,farm,0,,651.0,0.035,,,,,,,,,,,25,hitl
364,2026-02-22 01:00,slaughterhouse_1,slaughterhouse,0,,,,372.0,340.69,,,,,,,,,25,hitl
364,2026-02-22 01:00,wholesaler_1,wholesaler,1,,,,,,25.54,99.3168,,,,,,,25,hitl
364,2026-02-22 01:00,retail_1,retail,1,,,,,,,,0.0,29.0,1.0,52.68,21.428,135.0,25,hitl
365,2026-02-22 01:15,supplier_1,supplier,1,0.0,,,,,,,,,,,,,25,hitl
365,2026-02-22 01:15,farm_1,farm,0,,651.0,0.035,,,,,,,,,,,25,hitl
365,2026-02-22 01:15,slaughterhouse_1,slaughterhouse,0,,,,372.0,351.33,,,,,,,,,25,hitl
365,2026-02-22 01:15,wholesaler_1,wholesaler,1,,,,,,22.92,99.3168,,,,,,,25,hitl
365,2026-02-22 01:15,retail_1,retail,1,,,,,,,,0.0,29.0,1.0,52.93,21.428,135.0,25,hitl
366,2026-02-22 01:30,supplier_1,supplier,1,0.0,,,,,,,,,,,,,25,hitl
366,2026-02-22 01:30,farm_1,farm,0,,651.0,0.035,,,,,,,,,,,25,hitl
366,2026-02-22 01:30,slaughterhouse_1,slaughterhouse,0,,,,372.0,362.47,,,,,,,,,25,hitl
366,2026-02-22 01:30,wholesaler_1,wholesaler,1,,,,,,20.91,99.3168,,,,,,,25,hitl
366,2026-02-22 01:30,retail_1,retail,1,,,,,,,,0.0,29.0,1.0,53.18,21.428,135.0,25,hitl
367,2026-02-22 01:45,supplier_1,supplier,1,0.0,,,,,,,,,,,,,25,hitl
367,2026-02-22 01:45,farm_1,farm,0,,651.0,0.035,,,,,,,,,,,25,hitl
367,2026-02-22 01:45,slaughterhouse_1,slaughterhouse,0,,,,372.0,373.31,,,,,,,,,25,hitl
367,2026-02-22 01:45,wholesaler_1,wholesaler,1,,,,,,18.37,99.3168,,,,,,,25,hitl
367,2026-02-22 01:45,retail_1,retail,1,,,,,,,,0.0,29.0,1.0,53.43,21.428,135.0,25,hitl
368,2026-02-22 02:00,supplier_1,supplier,1,0.0,,,,,,,,,,,,,25,hitl
368,2026-02-22 02:00,farm_1,farm,0,,651.0,0.035,,,,,,,,,,,25,hitl
368,2026-02-22 02:00,slaughterhouse_1,slaughterhouse,0,,,,372.0,359.58,,,,,,,,,25,hitl
368,2026-02-22 02:00,wholesaler_1,wholesaler,1,,,,,,15.71,99.3168,,,,,,,25,hitl
368,2026-02-22 02:00,retail_1,retail,1,,,,,,,,0.0,29.0,1.0,53.68,21.428,135.0,25,hitl
369,2026-02-22 02:15,supplier_1,supplier,1,0.0,,,,,,,,,,,,,25,hitl
369,2026-02-22 02:15,farm_1,farm,0,,651.0,0.035,,,,,,,,,,,25,hitl
369,2026-02-22 02:15,slaughterhouse_1,slaughterhouse,0,,,,372.0,370.56,,,,,,,,,25,hitl
369,2026-02-22 02:15,wholesaler_1,wholesaler,1,,,,,,37.61,99.3168,,,,,,,25,hitl
369,2026-02-22 02:15,retail_1,retail,1,,,,,,,,0.0,29.0,1.0,53.93,21.428,135.0,25,hitl
370,2026-02-22 02:30,supplier_1,supplier,1,0.0,,,,,,,,,,,,,25,hitl
370,2026-02-22 02:30,farm_1,farm,0,,651.0,0.035,,,,,,,,,,,25,hitl
370,2026-02-22 02:30,slaughterhouse_1,slaughterhouse,0,,,,372.0,381.23,,,,,,,,,25,hitl
370,2026-02-22 02:30,wholesaler_1,wholesaler,1,,,,,,35.68,99.3168,,,,,,,25,hitl
370,2026-02-22 02:30,retail_1,retail,1,,,,,,,,0.0,29.0,1.0,54.18,21.428,135.0,25,hitl
371,2026-02-22 02:45,supplier_1,supplier,1,0.0,,,,,,,,,,,,,25,hitl
371,2026-02-22 02:45,farm_1,farm,0,,651.0,0.035,,,,,,,,,,,25,hitl
371,2026-02-22 02:45,slaughterhouse_1,slaughterhouse,0,,,,372.0,391.92,,,,,,,,,25,hitl
371,2026-02-22 02:45,wholesaler_1,wholesaler,1,,,,,,33.68,99.3168,,,,,,,25,hitl
371,2026-02-22 02:45,retail_1,retail,1,,,,,,,,0.0,29.0,1.0,54.43,21.428,135.0,25,hitl
372,2026-02-22 03:00,supplier_1,supplier,1,0.0,,,,,,,,,,,,,25,hitl
372,2026-02-22 03:00,farm_1,farm,0,,651.0,0.035,,,,,,,,,,,25,hitl
372,2026-02-22 03:00,slaughterhouse_1,slaughterhouse,0,,,,372.0,400.0,,,,,,,,,25,hitl
372,2026-02-22 03:00,wholesaler_1,wholesaler,1,,,,,,15.64,99.3168,,,,,,,25,hitl
372,2026-02-22 03:00,retail_1,retail,1,,,,,,,,0.0,29.0,1.0,54.68,21.428,135.0,25,hitl
373,2026-02-22 03:15,supplier_1,supplier,1,0.0,,,,,,,,,,,,,25,hitl
373,2026-02-22 03:15,farm_1,farm,0,,651.0,0.035,,,,,,,,,,,25,hitl
373,2026-02-22 03:15,slaughterhouse_1,slaughterhouse,0,,,,372.0,400.0,,,,,,,,,25,hitl
373,2026-02-22 03:15,wholesaler_1,wholesaler,1,,,,,,13.14,99.3168,,,,,,,25,hitl
373,2026-02-22 03:15,retail_1,retail,1,,,,,,,,15.2,29.0,1.0,54.93,21.428,135.0,25,hitl
374,2026-02-22 03:30,supplier_1,supplier,1,0.0,,,,,,,,,,,,,25,hitl
374,2026-02-22 03:30,farm_1,farm,0,,651.0,0.035,,,,,,,,,,,25,hitl
374,2026-02-22 03:30,slaughterhouse_1,slaughterhouse,0,,,,372.0,400.0,,,,,,,,,25,hitl
374,2026-02-22 03:30,wholesaler_1,wholesaler,1,,,,,,11.35,99.3168,,,,,,,25,hitl
374,2026-02-22 03:30,retail_1,retail,1,,,,,,,,9.69,29.0,0.0,55.18,21.428,135.0,25,hitl
375,2026-02-22 03:45,supplier_1,supplier,1,0.0,,,,,,,,,,,,,25,hitl
375,2026-02-22 03:45,farm_1,farm,0,,651.0,0.035,,,,,,,,,,,25,hitl
375,2026-02-22 03:45,slaughterhouse_1,slaughterhouse,0,,,,372.0,400.0,,,,,,,,,25,hitl
375,2026-02-22 03:45,wholesaler_1,wholesaler,1,,,,,,9.07,99.3168,,,,,,,25,hitl
375,2026-02-22 03:45,retail_1,retail,1,,,,,,,,4.5,29.0,0.0,55.43,21.428,135.0,25,hitl
376,2026-02-22 04:00,supplier_1,supplier,1,0.0,,,,,,,,,,,,,25,hitl
376,2026-02-22 04:00,farm_1,farm,0,,651.0,0.035,,,,,,,,,,,25,hitl
376,2026-02-22 04:00,slaughterhouse_1,slaughterhouse,0,,,,372.0,376.0,,,,,,,,,25,hitl
376,2026-02-22 04:00,wholesaler_1,wholesaler,1,,,,,,6.21,99.3168,,,,,,,25,hitl
376,2026-02-22 04:00,retail_1,retail,1,,,,,,,,0.0,29.0,1.0,55.68,21.428,135.0,25,hitl
377,2026-02-22 04:15,supplier_1,supplier,1,0.0,,,,,,,,,,,,,25,hitl
377,2026-02-22 04:15,farm_1,farm,0,,651.0,0.035,,,,,,,,,,,25,hitl
377,2026-02-22 04:15,slaughterhouse_1,slaughterhouse,0,,,,372.0,386.4,,,,,,,,,25,hitl
377,2026-02-22 04:15,wholesaler_1,wholesaler,1,,,,,,27.55,99.3168,,,,,,,25,hitl
377,2026-02-22 04:15,retail_1,retail,1,,,,,,,,0.0,29.0,1.0,55.93,21.428,135.0,25,hitl
378,2026-02-22 04:30,supplier_1,supplier,1,0.0,,,,,,,,,,,,,25,hitl
378,2026-02-22 04:30,farm_1,farm,0,,651.0,0.035,,,,,,,,,,,25,hitl
378,2026-02-22 04:30,slaughterhouse_1,slaughterhouse,0,,,,372.0,396.56,,,,,,,,,25,hitl
378,2026-02-22 04:30,wholesaler_1,wholesaler,1,,,,,,24.88,99.3168,,,,,,,25,hitl
378,2026-02-22 04:30,retail_1,retail,1,,,,,,,,0.0,29.0,1.0,56.18,21.428,135.0,25,hitl
379,2026-02-22 04:45,supplier_1,supplier,1,0.0,,,,,,,,,,,,,25,hitl
379,2026-02-22 04:45,farm_1,farm,0,,651.0,0.035,,,,,,,,,,,25,hitl
379,2026-02-22 04:45,slaughterhouse_1,slaughterhouse,0,,,,372.0,400.0,,,,,,,,,25,hitl
379,2026-02-22 04:45,wholesaler_1,wholesaler,1,,,,,,22.64,99.3168,,,,,,,25,hitl
379,2026-02-22 04:45,retail_1,retail,1,,,,,,,,0.0,29.0,1.0,56.43,21.428,135.0,25,hitl
380,2026-02-22 05:00,supplier_1,supplier,1,0.0,,,,,,,,,,,,,25,hitl
380,2026-02-22 05:00,farm_1,farm,0,,651.0,0.035,,,,,,,,,,,25,hitl
380,2026-02-22 05:00,slaughterhouse_1,slaughterhouse,0,,,,372.0,400.0,,,,,,,,,25,hitl
380,2026-02-22 05:00,wholesaler_1,wholesaler,1,,,,,,20.94,99.3168,,,,,,,25,hitl
380,2026-02-22 05:00,retail_1,retail,1,,,,,,,,0.0,29.0,1.0,56.68,21.428,135.0,25,hitl
381,2026-02-22 05:15,supplier_1,supplier,1,0.0,,,,,,,,,,,,,25,hitl
381,2026-02-22 05:15,farm_1,farm,0,,651.0,0.035,,,,,,,,,,,25,hitl
381,2026-02-22 05:15,slaughterhouse_1,slaughterhouse,0,,,,372.0,400.0,,,,,,,,,25,hitl
381,2026-02-22 05:15,wholesaler_1,wholesaler,1,,,,,,19.05,99.3168,,,,,,,25,hitl
381,2026-02-22 05:15,retail_1,retail,1,,,,,,,,0.0,29.0,1.0,56.93,21.428,135.0,25,hitl
382,2026-02-22 05:30,supplier_1,supplier,1,0.0,,,,,,,,,,,,,25,hitl
382,2026-02-22 05:30,farm_1,farm,0,,651.0,0.035,,,,,,,,,,,25,hitl
382,2026-02-22 05:30,slaughterhouse_1,slaughterhouse,0,,,,372.0,400.0,,,,,,,,,25,hitl
382,2026-02-22 05:30,wholesaler_1,wholesaler,1,,,,,,16.67,99.3168,,,,,,,25,hitl
382,2026-02-22 05:30,retail_1,retail,1,,,,,,,,0.0,29.0,1.0,57.18,21.428,135.0,25,hitl
383,2026-02-22 05:45,supplier_1,supplier,1,0.0,,,,,,,,,,,,,25,hitl
383,2026-02-22 05:45,farm_1,farm,0,,651.0,0.035,,,,,,,,,,,25,hitl
383,2026-02-22 05:45,slaughterhouse_1,slaughterhouse,0,,,,372.0,400.0,,,,,,,,,25,hitl
383,2026-02-22 05:45,wholesaler_1,wholesaler,1,,,,,,15.11,99.3168,,,,,,,25,hitl
383,2026-02-22 05:45,retail_1,retail,1,,,,,,,,0.0,29.0,1.0,57.43,21.428,135.0,25,hitl
384,2026-02-22 06:00,supplier_1,supplier,1,0.0,,,,,,,,,,,,,25,hitl
384,2026-02-22 06:00,farm_1,farm,0,,651.0,0.035,,,,,,,,,,,25,hitl
384,2026-02-22 06:00,slaughterhouse_1,slaughterhouse,0,,,,372.0,376.0,,,,,,,,,25,hitl
384,2026-02-22 06:00,wholesaler_1,wholesaler,1,,,,,,13.05,99.3168,,,,,,,25,hitl
384,2026-02-22 06:00,retail_1,retail,1,,,,,,,,0.0,29.0,1.0,57.68,21.428,135.0,25,hitl
385,2026-02-22 06:15,supplier_1,supplier,1,0.0,,,,,,,,,,,,,25,hitl
385,2026-02-22 06:15,farm_1,farm,0,,651.0,0.035,,,,,,,,,,,25,hitl
385,2026-02-22 06:15,slaughterhouse_1,slaughterhouse,0,,,,372.0,385.91,,,,,,,,,25,hitl
385,2026-02-22 06:15,wholesaler_1,wholesaler,1,,,,,,34.28,99.3168,,,,,,,25,hitl
385,2026-02-22 06:15,retail_1,retail,1,,,,,,,,0.0,29.0,1.0,57.93,21.428,135.0,25,hitl
386,2026-02-22 06:30,supplier_1,supplier,1,0.0,,,,,,,,,,,,,25,hitl
386,2026-02-22 06:30,farm_1,farm,0,,651.0,0.035,,,,,,,,,,,25,hitl
386,2026-02-22 06:30,slaughterhouse_1,slaughterhouse,0,,,,372.0,395.4,,,,,,,,,25,hitl
386,2026-02-22 06:30,wholesaler_1,wholesaler,1,,,,,,32.64,99.3168,,,,,,,25,hitl
386,2026-02-22 06:30,retail_1,retail,1,,,,,,,,0.0,29.0,1.0,58.18,21.428,135.0,25,hitl
387,2026-02-22 06:45,supplier_1,supplier,1,0.0,,,,,,,,,,,,,25,hitl
387,2026-02-22 06:45,farm_1,farm,0,,651.0,0.035,,,,,,,,,,,25,hitl
387,2026-02-22 06:45,slaughterhouse_1,slaughterhouse,0,,,,372.0,400.0,,,,,,,,,25,hitl
387,2026-02-22 06:45,wholesaler_1,wholesaler,1,,,,,,30.91,99.3168,,,,,,,25,hitl
387,2026-02-22 06:45,retail_1,retail,1,,,,,,,,0.0,29.0,1.0,58.43,21.428,135.0,25,hitl
388,2026-02-22 07:00,supplier_1,supplier,1,0.0,,,,,,,,,,,,,25,hitl
388,2026-02-22 07:00,farm_1,farm,0,,651.0,0.035,,,,,,,,,,,25,hitl
388,2026-02-22 07:00,slaughterhouse_1,slaughterhouse,0,,,,372.0,400.0,,,,,,,,,25,hitl
388,2026-02-22 07:00,wholesaler_1,wholesaler,1,,,,,,28.15,99.3168,,,,,,,25,hitl
388,2026-02-22 07:00,retail_1,retail,1,,,,,,,,0.0,29.0,1.0,58.68,21.428,135.0,25,hitl
389,2026-02-22 07:15,supplier_1,supplier,1,0.0,,,,,,,,,,,,,25,hitl
389,2026-02-22 07:15,farm_1,farm,0,,651.0,0.035,,,,,,,,,,,25,hitl
389,2026-02-22 07:15,slaughterhouse_1,slaughterhouse,0,,,,372.0,400.0,,,,,,,,,25,hitl
389,2026-02-22 07:15,wholesaler_1,wholesaler,1,,,,,,25.88,99.3168,,,,,,,25,hitl
389,2026-02-22 07:15,retail_1,retail,1,,,,,,,,0.0,29.0,1.0,58.93,21.428,135.0,25,hitl
390,2026-02-22 07:30,supplier_1,supplier,1,0.0,,,,,,,,,,,,,25,hitl
390,2026-02-22 07:30,farm_1,farm,0,,651.0,0.035,,,,,,,,,,,25,hitl
390,2026-02-22 07:30,slaughterhouse_1,slaughterhouse,0,,,,372.0,400.0,,,,,,,,,25,hitl
390,2026-02-22 07:30,wholesaler_1,wholesaler,1,,,,,,23.28,99.3168,,,,,,,25,hitl
390,2026-02-22 07:30,retail_1,retail,1,,,,,,,,0.0,29.0,1.0,59.18,21.428,135.0,25,hitl
391,2026-02-22 07:45,supplier_1,supplier,1,0.0,,,,,,,,,,,,,25,hitl
391,2026-02-22 07:45,farm_1,farm,0,,651.0,0.035,,,,,,,,,,,25,hitl
391,2026-02-22 07:45,slaughterhouse_1,slaughterhouse,0,,,,372.0,400.0,,,,,,,,,25,hitl
391,2026-02-22 07:45,wholesaler_1,wholesaler,1,,,,,,21.44,99.3168,,,,,,,25,hitl
391,2026-02-22 07:45,retail_1,retail,1,,,,,,,,0.0,29.0,1.0,59.43,21.428,135.0,25,hitl
392,2026-02-22 08:00,supplier_1,supplier,1,0.0,,,,,,,,,,,,,25,hitl
392,2026-02-22 08:00,farm_1,farm,0,,651.0,0.035,,,,,,,,,,,25,hitl
392,2026-02-22 08:00,slaughterhouse_1,slaughterhouse,0,,,,372.0,376.0,,,,,,,,,25,hitl
392,2026-02-22 08:00,wholesaler_1,wholesaler,1,,,,,,18.96,99.3168,,,,,,,25,hitl
392,2026-02-22 08:00,retail_1,retail,1,,,,,,,,0.0,29.0,1.0,59.68,21.428,135.0,25,hitl
393,2026-02-22 08:15,supplier_1,supplier,1,0.0,,,,,,,,,,,,,25,hitl
393,2026-02-22 08:15,farm_1,farm,0,,651.0,0.035,,,,,,,,,,,25,hitl
393,2026-02-22 08:15,slaughterhouse_1,slaughterhouse,0,,,,372.0,387.16,,,,,,,,,25,hitl
393,2026-02-22 08:15,wholesaler_1,wholesaler,1,,,,,,40.14,99.3168,,,,,,,25,hitl
393,2026-02-22 08:15,retail_1,retail,1,,,,,,,,0.0,29.0,1.0,59.93,21.428,135.0,25,hitl
394,2026-02-22 08:30,supplier_1,supplier,1,0.0,,,,,,,,,,,,,25,hitl
394,2026-02-22 08:30,farm_1,farm,0,,651.0,0.035,,,,,,,,,,,25,hitl
394,2026-02-22 08:30,slaughterhouse_1,slaughterhouse,0,,,,372.0,397.32,,,,,,,,,25,hitl
394,2026-02-22 08:30,wholesaler_1,wholesaler,1,,,,,,37.59,99.3168,,,,,,,25,hitl
394,2026-02-22 08:30,retail_1,retail,1,,,,,,,,0.0,29.0,1.0,60.18,21.428,135.0,25,hitl
395,2026-02-22 08:45,supplier_1,supplier,1,0.0,,,,,,,,,,,,,25,hitl
395,2026-02-22 08:45,farm_1,farm,0,,651.0,0.035,,,,,,,,,,,25,hitl
395,2026-02-22 08:45,slaughterhouse_1,slaughterhouse,0,,,,372.0,400.0,,,,,,,,,25,hitl
395,2026-02-22 08:45,wholesaler_1,wholesaler,1,,,,,,34.97,99.3168,,,,,,,25,hitl
395,2026-02-22 08:45,retail_1,retail,1,,,,,,,,0.0,29.0,1.0,60.43,21.428,135.0,25,hitl
396,2026-02-22 09:00,supplier_1,supplier,1,0.0,,,,,,,,,,,,,25,hitl
396,2026-02-22 09:00,farm_1,farm,1,,651.0,0.035,,,,,,,,,,,25,hitl
396,2026-02-22 09:00,slaughterhouse_1,slaughterhouse,0,,,,372.0,400.0,,,,,,,,,25,hitl
396,2026-02-22 09:00,wholesaler_1,wholesaler,1,,,,,,17.81,99.3168,,,,,,,25,hitl
396,2026-02-22 09:00,retail_1,retail,1,,,,,,,,0.0,29.0,1.0,60.68,21.428,135.0,25,hitl
397,2026-02-22 09:15,supplier_1,supplier,1,0.0,,,,,,,,,,,,,25,hitl
397,2026-02-22 09:15,farm_1,farm,1,,651.0,0.035,,,,,,,,,,,25,hitl
397,2026-02-22 09:15,slaughterhouse_1,slaughterhouse,0,,,,372.0,400.0,,,,,,,,,25,hitl
397,2026-02-22 09:15,wholesaler_1,wholesaler,1,,,,,,15.86,99.3168,,,,,,,25,hitl
397,2026-02-22 09:15,retail_1,retail,1,,,,,,,,15.2,29.0,1.0,60.93,21.428,135.0,25,hitl
398,2026-02-22 09:30,supplier_1,supplier,1,0.0,,,,,,,,,,,,,25,hitl
398,2026-02-22 09:30,farm_1,farm,1,,651.0,0.035,,,,,,,,,,,25,hitl
398,2026-02-22 09:30,slaughterhouse_1,slaughterhouse,0,,,,372.0,400.0,,,,,,,,,25,hitl
398,2026-02-22 09:30,wholesaler_1,wholesaler,1,,,,,,13.21,99.3168,,,,,,,25,hitl
398,2026-02-22 09:30,retail_1,retail,1,,,,,,,,10.43,29.0,0.0,61.18,21.428,135.0,25,hitl
399,2026-02-22 09:45,supplier_1,supplier,1,0.0,,,,,,,,,,,,,25,hitl
399,2026-02-22 09:45,farm_1,farm,1,,651.0,0.035,,,,,,,,,,,25,hitl
399,2026-02-22 09:45,slaughterhouse_1,slaughterhouse,0,,,,372.0,400.0,,,,,,,,,25,hitl
399,2026-02-22 09:45,wholesaler_1,wholesaler,1,,,,,,10.59,99.3168,,,,,,,25,hitl
399,2026-02-22 09:45,retail_1,retail,1,,,,,,,,5.71,29.0,0.0,61.43,21.428,135.0,25,hitl
400,2026-02-22 10:00,supplier_1,supplier,1,0.0,,,,,,,,,,,,,25,hitl
400,2026-02-22 10:00,farm_1,farm,1,,651.0,0.035,,,,,,,,,,,25,hitl
400,2026-02-22 10:00,slaughterhouse_1,slaughterhouse,0,,,,372.0,376.0,,,,,,,,,25,hitl
400,2026-02-22 10:00,wholesaler_1,wholesaler,1,,,,,,8.56,99.3168,,,,,,,25,hitl
400,2026-02-22 10:00,retail_1,retail,1,,,,,,,,0.33,29.0,0.0,61.68,21.428,135.0,25,hitl
401,2026-02-22 10:15,supplier_1,supplier,1,0.0,,,,,,,,,,,,,25,hitl
401,2026-02-22 10:15,farm_1,farm,1,,651.0,0.035,,,,,,,,,,,25,hitl
401,2026-02-22 10:15,slaughterhouse_1,slaughterhouse,0,,,,372.0,385.73,,,,,,,,,25,hitl
401,2026-02-22 10:15,wholesaler_1,wholesaler,1,,,,,,30.55,99.3168,,,,,,,25,hitl
401,2026-02-22 10:15,retail_1,retail,1,,,,,,,,0.0,29.0,1.0,61.93,21.428,135.0,25,hitl
402,2026-02-22 10:30,supplier_1,supplier,1,0.0,,,,,,,,,,,,,25,hitl
402,2026-02-22 10:30,farm_1,farm,1,,651.0,0.035,,,,,,,,,,,25,hitl
402,2026-02-22 10:30,slaughterhouse_1,slaughterhouse,0,,,,372.0,395.3,,,,,,,,,25,hitl
402,2026-02-22 10:30,wholesaler_1,wholesaler,0,,,,,,159.78,16.0,,,,,,,25,hitl
402,2026-02-22 10:30,retail_1,retail,1,,,,,,,,0.0,29.0,1.0,62.18,21.428,135.0,25,hitl
403,2026-02-22 10:45,supplier_1,supplier,1,0.0,,,,,,,,,,,,,25,hitl
403,2026-02-22 10:45,farm_1,farm,1,,651.0,0.035,,,,,,,,,,,25,hitl
403,2026-02-22 10:45,slaughterhouse_1,slaughterhouse,0,,,,372.0,400.0,,,,,,,,,25,hitl
403,2026-02-22 10:45,wholesaler_1,wholesaler,0,,,,,,157.4,16.0,,,,,,,25,hitl
403,2026-02-22 10:45,retail_1,retail,1,,,,,,,,0.0,29.0,1.0,62.43,21.428,135.0,25,hitl
404,2026-02-22 11:00,supplier_1,supplier,1,0.0,,,,,,,,,,,,,25,hitl
404,2026-02-22 11:00,farm_1,farm,1,,651.0,0.035,,,,,,,,,,,25,hitl
404,2026-02-22 11:00,slaughterhouse_1,slaughterhouse,0,,,,372.0,400.0,,,,,,,,,25,hitl
404,2026-02-22 11:00,wholesaler_1,wholesaler,0,,,,,,142.72,16.0,,,,,,,25,hitl
404,2026-02-22 11:00,retail_1,retail,1,,,,,,,,0.0,29.0,1.0,62.68,21.428,135.0,25,hitl
405,2026-02-22 11:15,supplier_1,supplier,1,0.0,,,,,,,,,,,,,25,hitl
405,2026-02-22 11:15,farm_1,farm,1,,651.0,0.035,,,,,,,,,,,25,hitl
405,2026-02-22 11:15,slaughterhouse_1,slaughterhouse,0,,,,372.0,400.0,,,,,,,,,25,hitl
405,2026-02-22 11:15,wholesaler_1,wholesaler,0,,,,,,139.82,16.0,,,,,,,25,hitl
405,2026-02-22 11:15,retail_1,retail,1,,,,,,,,12.16,29.0,1.0,62.93,21.428,135.0,25,hitl
406,2026-02-22 11:30,supplier_1,supplier,1,0.0,,,,,,,,,,,,,25,hitl
406,2026-02-22 11:30,farm_1,farm,1,,651.0,0.035,,,,,,,,,,,25,hitl
406,2026-02-22 11:30,slaughterhouse_1,slaughterhouse,0,,,,372.0,400.0,,,,,,,,,25,hitl
406,2026-02-22 11:30,wholesaler_1,wholesaler,0,,,,,,138.27,16.0,,,,,,,25,hitl
406,2026-02-22 11:30,retail_1,retail,1,,,,,,,,6.84,29.0,0.0,63.18,21.428,135.0,25,hitl
407,2026-02-22 11:45,supplier_1,supplier,1,0.0,,,,,,,,,,,,,25,hitl
407,2026-02-22 11:45,farm_1,farm,1,,651.0,0.035,,,,,,,,,,,25,hitl
407,2026-02-22 11:45,slaughterhouse_1,slaughterhouse,0,,,,372.0,400.0,,,,,,,,,25,hitl
407,2026-02-22 11:45,wholesaler_1,wholesaler,0,,,,,,135.46,16.0,,,,,,,25,hitl
407,2026-02-22 11:45,retail_1,retail,1,,,,,,,,1.8,29.0,0.0,63.43,21.428,135.0,25,hitl
408,2026-02-22 12:00,supplier_1,supplier,1,0.0,,,,,,,,,,,,,25,hitl
408,2026-02-22 12:00,farm_1,farm,1,,651.0,0.035,,,,,,,,,,,25,hitl
408,2026-02-22 12:00,slaughterhouse_1,slaughterhouse,0,,,,372.0,376.0,,,,,,,,,25,hitl
408,2026-02-22 12:00,wholesaler_1,wholesaler,0,,,,,,121.01,16.0,,,,,,,25,hitl
408,2026-02-22 12:00,retail_1,retail,1,,,,,,,,0.0,29.0,1.0,63.68,21.428,135.0,25,hitl
409,2026-02-22 12:15,supplier_1,supplier,1,0.0,,,,,,,,,,,,,25,hitl
409,2026-02-22 12:15,farm_1,farm,1,,651.0,0.035,,,,,,,,,,,25,hitl
409,2026-02-22 12:15,slaughterhouse_1,slaughterhouse,0,,,,372.0,385.99,,,,,,,,,25,hitl
409,2026-02-22 12:15,wholesaler_1,wholesaler,0,,,,,,142.72,16.0,,,,,,,25,hitl
409,2026-02-22 12:15,retail_1,retail,1,,,,,,,,12.16,29.0,1.0,63.93,21.428,135.0,25,hitl
410,2026-02-22 12:30,supplier_1,supplier,1,0.0,,,,,,,,,,,,,25,hitl
410,2026-02-22 12:30,farm_1,farm,1,,651.0,0.035,,,,,,,,,,,25,hitl
410,2026-02-22 12:30,slaughterhouse_1,slaughterhouse,0,,,,372.0,395.88,,,,,,,,,25,hitl
410,2026-02-22 12:30,wholesaler_1,wholesaler,0,,,,,,140.81,16.0,,,,,,,25,hitl
410,2026-02-22 12:30,retail_1,retail,1,,,,,,,,6.34,29.0,0.0,64.18,21.428,135.0,25,hitl
411,2026-02-22 12:45,supplier_1,supplier,1,0.0,,,,,,,,,,,,,25,hitl
411,2026-02-22 12:45,farm_1,farm,1,,651.0,0.035,,,,,,,,,,,25,hitl
411,2026-02-22 12:45,slaughterhouse_1,slaughterhouse,0,,,,372.0,400.0,,,,,,,,,25,hitl
411,2026-02-22 12:45,wholesaler_1,wholesaler,0,,,,,,139.18,16.0,,,,,,,25,hitl
411,2026-02-22 12:45,retail_1,retail,1,,,,,,,,0.8,29.0,0.0,64.43,21.428,135.0,25,hitl
412,2026-02-22 13:00,supplier_1,supplier,1,0.0,,,,,,,,,,,,,25,hitl
412,2026-02-22 13:00,farm_1,farm,1,,651.0,0.035,,,,,,,,,,,25,hitl
412,2026-02-22 13:00,slaughterhouse_1,slaughterhouse,0,,,,372.0,400.0,,,,,,,,,25,hitl
412,2026-02-22 13:00,wholesaler_1,wholesaler,0,,,,,,125.06,16.0,,,,,,,25,hitl
412,2026-02-22 13:00,retail_1,retail,1,,,,,,,,0.0,29.0,1.0,64.68,21.428,135.0,25,hitl
413,2026-02-22 13:15,supplier_1,supplier,1,0.0,,,,,,,,,,,,,25,hitl
413,2026-02-22 13:15,farm_1,farm,1,,651.0,0.035,,,,,,,,,,,25,hitl
413,2026-02-22 13:15,slaughterhouse_1,slaughterhouse,0,,,,372.0,400.0,,,,,,,,,25,hitl
413,2026-02-22 13:15,wholesaler_1,wholesaler,0,,,,,,123.54,16.0,,,,,,,25,hitl
413,2026-02-22 13:15,retail_1,retail,1,,,,,,,,12.16,29.0,1.0,64.93,21.428,135.0,25,hitl
414,2026-02-22 13:30,supplier_1,supplier,1,0.0,,,,,,,,,,,,,25,hitl
414,2026-02-22 13:30,farm_1,farm,1,,651.0,0.035,,,,,,,,,,,25,hitl
414,2026-02-22 13:30,slaughterhouse_1,slaughterhouse,0,,,,372.0,400.0,,,,,,,,,25,hitl
414,2026-02-22 13:30,wholesaler_1,wholesaler,0,,,,,,121.68,16.0,,,,,,,25,hitl
414,2026-02-22 13:30,retail_1,retail,1,,,,,,,,6.35,29.0,0.0,65.18,21.428,135.0,25,hitl
415,2026-02-22 13:45,supplier_1,supplier,1,0.0,,,,,,,,,,,,,25,hitl
415,2026-02-22 13:45,farm_1,farm,1,,651.0,0.035,,,,,,,,,,,25,hitl
415,2026-02-22 13:45,slaughterhouse_1,slaughterhouse,0,,,,372.0,400.0,,,,,,,,,25,hitl
415,2026-02-22 13:45,wholesaler_1,wholesaler,0,,,,,,119.79,16.0,,,,,,,25,hitl
415,2026-02-22 13:45,retail_1,retail,1,,,,,,,,0.4,29.0,0.0,65.43,21.428,135.0,25,hitl
416,2026-02-22 14:00,supplier_1,supplier,1,0.0,,,,,,,,,,,,,25,hitl
416,2026-02-22 14:00,farm_1,farm,1,,651.0,0.035,,,,,,,,,,,25,hitl
416,2026-02-22 14:00,slaughterhouse_1,slaughterhouse,0,,,,372.0,376.0,,,,,,,,,25,hitl
416,2026-02-22 14:00,wholesaler_1,wholesaler,0,,,,,,105.81,16.0,,,,,,,25,hitl
416,2026-02-22 14:00,retail_1,retail,1,,,,,,,,0.0,29.0,1.0,65.68,21.428,135.0,25,hitl
417,2026-02-22 14:15,supplier_1,supplier,1,0.0,,,,,,,,,,,,,25,hitl
417,2026-02-22 14:15,farm_1,farm,1,,651.0,0.035,,,,,,,,,,,25,hitl
417,2026-02-22 14:15,slaughterhouse_1,slaughterhouse,0,,,,372.0,386.27,,,,,,,,,25,hitl
417,2026-02-22 14:15,wholesaler_1,wholesaler,0,,,,,,127.85,16.0,,,,,,,25,hitl
417,2026-02-22 14:15,retail_1,retail,1,,,,,,,,12.16,29.0,1.0,65.93,21.428,135.0,25,hitl
418,2026-02-22 14:30,supplier_1,supplier,1,0.0,,,,,,,,,,,,,25,hitl
418,2026-02-22 14:30,farm_1,farm,1,,651.0,0.035,,,,,,,,,,,25,hitl
418,2026-02-22 14:30,slaughterhouse_1,slaughterhouse,0,,,,372.0,396.02,,,,,,,,,25,hitl
418,2026-02-22 14:30,wholesaler_1,wholesaler,0,,,,,,126.09,16.0,,,,,,,25,hitl
418,2026-02-22 14:30,retail_1,retail,1,,,,,,,,7.18,29.0,0.0,66.18,21.428,135.0,25,hitl
419,2026-02-22 14:45,supplier_1,supplier,1,0.0,,,,,,,,,,,,,25,hitl
419,2026-02-22 14:45,farm_1,farm,1,,651.0,0.035,,,,,,,,,,,25,hitl
419,2026-02-22 14:45,slaughterhouse_1,slaughterhouse,0,,,,372.0,400.0,,,,,,,,,25,hitl
419,2026-02-22 14:45,wholesaler_1,wholesaler,0,,,,,,123.29,16.0,,,,,,,25,hitl
419,2026-02-22 14:45,retail_1,retail,1,,,,,,,,1.91,29.0,0.0,66.43,21.428,135.0,25,hitl
420,2026-02-22 15:00,supplier_1,supplier,1,0.0,,,,,,,,,,,,,25,hitl
420,2026-02-22 15:00,farm_1,farm,1,,651.0,0.035,,,,,,,,,,,25,hitl
420,2026-02-22 15:00,slaughterhouse_1,slaughterhouse,0,,,,372.0,400.0,,,,,,,,,25,hitl
420,2026-02-22 15:00,wholesaler_1,wholesaler,0,,,,,,109.34,16.0,,,,,,,25,hitl
420,2026-02-22 15:00,retail_1,retail,1,,,,,,,,0.0,29.0,1.0,66.68,21.428,135.0,25,hitl
421,2026-02-22 15:15,supplier_1,supplier,1,0.0,,,,,,,,,,,,,25,hitl
421,2026-02-22 15:15,farm_1,farm,1,,651.0,0.035,,,,,,,,,,,25,hitl
421,2026-02-22 15:15,slaughterhouse_1,slaughterhouse,0,,,,372.0,400.0,,,,,,,,,25,hitl
421,2026-02-22 15:15,wholesaler_1,wholesaler,0,,,,,,107.02,16.0,,,,,,,25,hitl
421,2026-02-22 15:15,retail_1,retail,1,,,,,,,,12.16,29.0,1.0,66.93,21.428,135.0,25,hitl
422,2026-02-22 15:30,supplier_1,supplier,1,0.0,,,,,,,,,,,,,25,hitl
422,2026-02-22 15:30,farm_1,farm,1,,651.0,0.035,,,,,,,,,,,25,hitl
422,2026-02-22 15:30,slaughterhouse_1,slaughterhouse,0,,,,372.0,400.0,,,,,,,,,25,hitl
422,2026-02-22 15:30,wholesaler_1,wholesaler,0,,,,,,104.56,16.0,,,,,,,25,hitl
422,2026-02-22 15:30,retail_1,retail,1,,,,,,,,6.19,29.0,0.0,67.18,21.428,135.0,25,hitl
423,2026-02-22 15:45,supplier_1,supplier,1,0.0,,,,,,,,,,,,,25,hitl
423,2026-02-22 15:45,farm_1,farm,1,,651.0,0.035,,,,,,,,,,,25,hitl
423,2026-02-22 15:45,slaughterhouse_1,slaughterhouse,0,,,,372.0,400.0,,,,,,,,,25,hitl
423,2026-02-22 15:45,wholesaler_1,wholesaler,0,,,,,,102.69,16.0,,,,,,,25,hitl
423,2026-02-22 15:45,retail_1,retail,1,,,,,,,,1.43,29.0,0.0,67.43,21.428,135.0,25,hitl
424,2026-02-22 16:00,supplier_1,supplier,1,0.0,,,,,,,,,,,,,25,hitl
424,2026-02-22 16:00,farm_1,farm,1,,651.0,0.035,,,,,,,,,,,25,hitl
424,2026-02-22 16:00,slaughterhouse_1,slaughterhouse,0,,,,372.0,376.0,,,,,,,,,25,hitl
424,2026-02-22 16:00,wholesaler_1,wholesaler,1,,,,,,88.51,16.0,,,,,,,25,hitl
424,2026-02-22 16:00,retail_1,retail,1,,,,,,,,0.0,29.0,1.0,67.68,21.428,135.0,25,hitl
425,2026-02-22 16:15,supplier_1,supplier,1,0.0,,,,,,,,,,,,,25,hitl
425,2026-02-22 16:15,farm_1,farm,1,,651.0,0.035,,,,,,,,,,,25,hitl
425,2026-02-22 16:15,slaughterhouse_1,slaughterhouse,0,,,,372.0,386.49,,,,,,,,,25,hitl
425,2026-02-22 16:15,wholesaler_1,wholesaler,1,,,,,,110.67,16.0,,,,,,,25,hitl
425,2026-02-22 16:15,retail_1,retail,1,,,,,,,,12.16,29.0,1.0,67.93,21.428,135.0,25,hitl
426,2026-02-22 16:30,supplier_1,supplier,1,0.0,,,,,,,,,,,,,25,hitl
426,2026-02-22 16:30,farm_1,farm,1,,651.0,0.035,,,,,,,,,,,25,hitl
426,2026-02-22 16:30,slaughterhouse_1,slaughterhouse,0,,,,372.0,396.91,,,,,,,,,25,hitl
426,2026-02-22 16:30,wholesaler_1,wholesaler,1,,,,,,108.51,16.0,,,,,,,25,hitl
426,2026-02-22 16:30,retail_1,retail,1,,,,,,,,6.38,29.0,0.0,68.18,21.428,135.0,25,hitl
427,2026-02-22 16:45,supplier_1,supplier,1,0.0,,,,,,,,,,,,,25,hitl
427,2026-02-22 16:45,farm_1,farm,1,,651.0,0.035,,,,,,,,,,,25,hitl
427,2026-02-22 16:45,slaughterhouse_1,slaughterhouse,0,,,,372.0,400.0,,,,,,,,,25,hitl
427,2026-02-22 16:45,wholesaler_1,wholesaler,1,,,,,,106.57,16.0,,,,,,,25,hitl
427,2026-02-22 16:45,retail_1,retail,1,,,,,,,,0.65,29.0,0.0,68.43,21.428,135.0,25,hitl
428,2026-02-22 17:00,supplier_1,supplier,1,0.0,,,,,,,,,,,,,25,hitl
428,2026-02-22 17:00,farm_1,farm,1,,651.0,0.035,,,,,,,,,,,25,hitl
428,2026-02-22 17:00,slaughterhouse_1,slaughterhouse,0,,,,372.0,400.0,,,,,,,,,25,hitl
428,2026-02-22 17:00,wholesaler_1,wholesaler,1,,,,,,92.64,16.0,,,,,,,25,hitl
428,2026-02-22 17:00,retail_1,retail,1,,,,,,,,0.0,29.0,1.0,68.68,21.428,135.0,25,hitl
429,2026-02-22 17:15,supplier_1,supplier,1,0.0,,,,,,,,,,,,,25,hitl
429,2026-02-22 17:15,farm_1,farm,1,,651.0,0.035,,,,,,,,,,,25,hitl
429,2026-02-22 17:15,slaughterhouse_1,slaughterhouse,0,,,,372.0,400.0,,,,,,,,,25,hitl
429,2026-02-22 17:15,wholesaler_1,wholesaler,1,,,,,,90.7,16.0,,,,,,,25,hitl
429,2026-02-22 17:15,retail_1,retail,1,,,,,,,,12.16,29.0,1.0,68.93,21.428,135.0,25,hitl
430,2026-02-22 17:30,supplier_1,supplier,1,0.0,,,,,,,,,,,,,25,hitl
430,2026-02-22 17:30,farm_1,farm,1,,651.0,0.035,,,,,,,,,,,25,hitl
430,2026-02-22 17:30,slaughterhouse_1,slaughterhouse,0,,,,372.0,400.0,,,,,,,,,25,hitl
430,2026-02-22 17:30,wholesaler_1,wholesaler,1,,,,,,88.87,16.0,,,,,,,25,hitl
430,2026-02-22 17:30,retail_1,retail,1,,,,,,,,7.05,29.0,0.0,69.18,21.428,135.0,25,hitl
431,2026-02-22 17:45,supplier_1,supplier,1,0.0,,,,,,,,,,,,,25,hitl
431,2026-02-22 17:45,farm_1,farm,1,,651.0,0.035,,,,,,,,,,,25,hitl
431,2026-02-22 17:45,slaughterhouse_1,slaughterhouse,0,,,,372.0,400.0,,,,,,,,,25,hitl
431,2026-02-22 17:45,wholesaler_1,wholesaler,1,,,,,,87.26,16.0,,,,,,,25,hitl
431,2026-02-22 17:45,retail_1,retail,1,,,,,,,,1.59,29.0,0.0,69.43,21.428,135.0,25,hitl
432,2026-02-22 18:00,supplier_1,supplier,1,0.0,,,,,,,,,,,,,25,hitl
432,2026-02-22 18:00,farm_1,farm,0,,651.0,0.035,,,,,,,,,,,25,hitl
432,2026-02-22 18:00,slaughterhouse_1,slaughterhouse,0,,,,372.0,376.0,,,,,,,,,25,hitl
432,2026-02-22 18:00,wholesaler_1,wholesaler,1,,,,,,73.37,13.6336,,,,,,,25,hitl
432,2026-02-22 18:00,retail_1,retail,1,,,,,,,,0.0,29.0,1.0,69.68,21.428,135.0,25,hitl
433,2026-02-22 18:15,supplier_1,supplier,1,0.0,,,,,,,,,,,,,25,hitl
433,2026-02-22 18:15,farm_1,farm,0,,651.0,0.035,,,,,,,,,,,25,hitl
433,2026-02-22 18:15,slaughterhouse_1,slaughterhouse,0,,,,372.0,386.4,,,,,,,,,25,hitl
433,2026-02-22 18:15,wholesaler_1,wholesaler,1,,,,,,95.66,13.6336,,,,,,,25,hitl
433,2026-02-22 18:15,retail_1,retail,1,,,,,,,,12.16,29.0,1.0,69.93,21.428,135.0,25,hitl
434,2026-02-22 18:30,supplier_1,supplier,1,0.0,,,,,,,,,,,,,25,hitl
434,2026-02-22 18:30,farm_1,farm,0,,651.0,0.035,,,,,,,,,,,25,hitl
434,2026-02-22 18:30,slaughterhouse_1,slaughterhouse,0,,,,372.0,396.06,,,,,,,,,25,hitl
434,2026-02-22 18:30,wholesaler_1,wholesaler,1,,,,,,93.0,13.6336,,,,,,,25,hitl
434,2026-02-22 18:30,retail_1,retail,1,,,,,,,,7.08,29.0,0.0,70.18,21.428,135.0,25,hitl
435,2026-02-22 18:45,supplier_1,supplier,1,0.0,,,,,,,,,,,,,25,hitl
435,2026-02-22 18:45,farm_1,farm,0,,651.0,0.035,,,,,,,,,,,25,hitl
435,2026-02-22 18:45,slaughterhouse_1,slaughterhouse,0,,,,372.0,400.0,,,,,,,,,25,hitl
435,2026-02-22 18:45,wholesaler_1,wholesaler,1,,,,,,90.72,13.6336,,,,,,,25,hitl
435,2026-02-22 18:45,retail_1,retail,1,,,,,,,,1.82,29.0,0.0,70.43,21.428,135.0,25,hitl
436,2026-02-22 19:00,supplier_1,supplier,1,0.0,,,,,,,,,,,,,25,hitl
436,2026-02-22 19:00,farm_1,farm,0,,651.0,0.035,,,,,,,,,,,25,hitl
436,2026-02-22 19:00,slaughterhouse_1,slaughterhouse,0,,,,372.0,400.0,,,,,,,,,25,hitl
436,2026-02-22 19:00,wholesaler_1,wholesaler,1,,,,,,73.48,13.6336,,,,,,,25,hitl
436,2026-02-22 19:00,retail_1,retail,1,,,,,,,,0.0,29.0,1.0,70.68,21.428,135.0,25,hitl
437,2026-02-22 19:15,supplier_1,supplier,1,0.0,,,,,,,,,,,,,25,hitl
437,2026-02-22 19:15,farm_1,farm,0,,651.0,0.035,,,,,,,,,,,25,hitl
437,2026-02-22 19:15,slaughterhouse_1,slaughterhouse,0,,,,372.0,400.0,,,,,,,,,25,hitl
437,2026-02-22 19:15,wholesaler_1,wholesaler,1,,,,,,71.93,13.6336,,,,,,,25,hitl
437,2026-02-22 19:15,retail_1,retail,1,,,,,,,,15.2,29.0,1.0,70.93,21.428,135.0,25,hitl
438,2026-02-22 19:30,supplier_1,supplier,1,0.0,,,,,,,,,,,,,25,hitl
438,2026-02-22 19:30,farm_1,farm,0,,651.0,0.035,,,,,,,,,,,25,hitl
438,2026-02-22 19:30,slaughterhouse_1,slaughterhouse,0,,,,372.0,400.0,,,,,,,,,25,hitl
438,2026-02-22 19:30,wholesaler_1,wholesaler,1,,,,,,69.09,13.6336,,,,,,,25,hitl
438,2026-02-22 19:30,retail_1,retail,1,,,,,,,,9.42,29.0,0.0,71.18,21.428,135.0,25,hitl
439,2026-02-22 19:45,supplier_1,supplier,1,0.0,,,,,,,,,,,,,25,hitl
439,2026-02-22 19:45,farm_1,farm,0,,651.0,0.035,,,,,,,,,,,25,hitl
439,2026-02-22 19:45,slaughterhouse_1,slaughterhouse,0,,,,372.0,400.0,,,,,,,,,25,hitl
439,2026-02-22 19:45,wholesaler_1,wholesaler,1,,,,,,66.95,13.6336,,,,,,,25,hitl
439,2026-02-22 19:45,retail_1,retail,1,,,,,,,,4.04,29.0,0.0,71.43,21.428,135.0,25,hitl
440,2026-02-22 20:00,supplier_1,supplier,1,0.0,,,,,,,,,,,,,25,hitl
440,2026-02-22 20:00,farm_1,farm,0,,651.0,0.035,,,,,,,,,,,25,hitl
440,2026-02-22 20:00,slaughterhouse_1,slaughterhouse,0,,,,372.0,376.0,,,,,,,,,25,hitl
440,2026-02-22 20:00,wholesaler_1,wholesaler,1,,,,,,50.05,13.6336,,,,,,,25,hitl
440,2026-02-22 20:00,retail_1,retail,1,,,,,,,,0.0,29.0,1.0,71.68,21.428,135.0,25,hitl
441,2026-02-22 20:15,supplier_1,supplier,1,0.0,,,,,,,,,,,,,25,hitl
441,2026-02-22 20:15,farm_1,farm,0,,651.0,0.035,,,,,,,,,,,25,hitl
441,2026-02-22 20:15,slaughterhouse_1,slaughterhouse,0,,,,372.0,386.87,,,,,,,,,25,hitl
441,2026-02-22 20:15,wholesaler_1,wholesaler,1,,,,,,71.99,13.6336,,,,,,,25,hitl
441,2026-02-22 20:15,retail_1,retail,1,,,,,,,,15.2,29.0,1.0,71.93,21.428,135.0,25,hitl
442,2026-02-22 20:30,supplier_1,supplier,1,0.0,,,,,,,,,,,,,25,hitl
442,2026-02-22 20:30,farm_1,farm,0,,651.0,0.035,,,,,,,,,,,25,hitl
442,2026-02-22 20:30,slaughterhouse_1,slaughterhouse,0,,,,372.0,397.74,,,,,,,,,25,hitl
442,2026-02-22 20:30,wholesaler_1,wholesaler,1,,,,,,70.24,13.6336,,,,,,,25,hitl
442,2026-02-22 20:30,retail_1,retail,1,,,,,,,,10.23,29.0,0.0,72.18,21.428,135.0,25,hitl
443,2026-02-22 20:45,supplier_1,supplier,1,0.0,,,,,,,,,,,,,25,hitl
443,2026-02-22 20:45,farm_1,farm,0,,651.0,0.035,,,,,,,,,,,25,hitl
443,2026-02-22 20:45,slaughterhouse_1,slaughterhouse,0,,,,372.0,400.0,,,,,,,,,25,hitl
443,2026-02-22 20:45,wholesaler_1,wholesaler,1,,,,,,67.26,13.6336,,,,,,,25,hitl
443,2026-02-22 20:45,retail_1,retail,1,,,,,,,,4.99,29.0,0.0,72.43,21.428,135.0,25,hitl
444,2026-02-22 21:00,supplier_1,supplier,1,0.0,,,,,,,,,,,,,25,hitl
444,2026-02-22 21:00,farm_1,farm,0,,651.0,0.035,,,,,,,,,,,25,hitl
444,2026-02-22 21:00,slaughterhouse_1,slaughterhouse,0,,,,372.0,400.0,,,,,,,,,25,hitl
444,2026-02-22 21:00,wholesaler_1,wholesaler,1,,,,,,50.14,13.6336,,,,,,,25,hitl
444,2026-02-22 21:00,retail_1,retail,1,,,,,,,,0.0,29.0,1.0,72.68,21.428,135.0,25,hitl
445,2026-02-22 21:15,supplier_1,supplier,1,0.0,,,,,,,,,,,,,25,hitl
445,2026-02-22 21:15,farm_1,farm,0,,651.0,0.035,,,,,,,,,,,25,hitl
445,2026-02-22 21:15,slaughterhouse_1,slaughterhouse,0,,,,372.0,400.0,,,,,,,,,25,hitl
445,2026-02-22 21:15,wholesaler_1,wholesaler,1,,,,,,48.42,13.6336,,,,,,,25,hitl
445,2026-02-22 21:15,retail_1,retail,1,,,,,,,,15.2,29.0,1.0,72.93,21.428,135.0,25,hitl
446,2026-02-22 21:30,supplier_1,supplier,1,0.0,,,,,,,,,,,,,25,hitl
446,2026-02-22 21:30,farm_1,farm,0,,651.0,0.035,,,,,,,,,,,25,hitl
446,2026-02-22 21:30,slaughterhouse_1,slaughterhouse,0,,,,372.0,400.0,,,,,,,,,25,hitl
446,2026-02-22 21:30,wholesaler_1,wholesaler,1,,,,,,45.45,13.6336,,,,,,,25,hitl
446,2026-02-22 21:30,retail_1,retail,1,,,,,,,,9.66,29.0,0.0,73.18,21.428,135.0,25,hitl
447,2026-02-22 21:45,supplier_1,supplier,1,0.0,,,,,,,,,,,,,25,hitl
447,2026-02-22 21:45,farm_1,farm,0,,651.0,0.035,,,,,,,,,,,25,hitl
447,2026-02-22 21:45,slaughterhouse_1,slaughterhouse,0,,,,372.0,400.0,,,,,,,,,25,hitl
447,2026-02-22 21:45,wholesaler_1,wholesaler,1,,,,,,42.75,13.6336,,,,,,,25,hitl
447,2026-02-22 21:45,retail_1,retail,1,,,,,,,,4.42,29.0,0.0,73.43,21.428,135.0,25,hitl
448,2026-02-22 22:00,supplier_1,supplier,1,0.0,,,,,,,,,,,,,25,hitl
448,2026-02-22 22:00,farm_1,farm,0,,651.0,0.035,,,,,,,,,,,25,hitl
448,2026-02-22 22:00,slaughterhouse_1,slaughterhouse,0,,,,372.0,376.0,,,,,,,,,25,hitl
448,2026-02-22 22:00,wholesaler_1,wholesaler,1,,,,,,25.82,13.6336,,,,,,,25,hitl
448,2026-02-22 22:00,retail_1,retail,1,,,,,,,,0.0,29.0,1.0,73.68,21.428,135.0,25,hitl
449,2026-02-22 22:15,supplier_1,supplier,1,0.0,,,,,,,,,,,,,25,hitl
449,2026-02-22 22:15,farm_1,farm,0,,651.0,0.035,,,,,,,,,,,25,hitl
449,2026-02-22 22:15,slaughterhouse_1,slaughterhouse,0,,,,372.0,386.47,,,,,,,,,25,hitl
449,2026-02-22 22:15,wholesaler_1,wholesaler,1,,,,,,47.9,13.6336,,,,,,,25,hitl
449,2026-02-22 22:15,retail_1,retail,1,,,,,,,,15.2,29.0,1.0,73.93,21.428,135.0,25,hitl
450,2026-02-22 22:30,supplier_1,supplier,1,0.0,,,,,,,,,,,,,25,hitl
450,2026-02-22 22:30,farm_1,farm,0,,651.0,0.035,,,,,,,,,,,25,hitl
450,2026-02-22 22:30,slaughterhouse_1,slaughterhouse,0,,,,372.0,396.64,,,,,,,,,25,hitl
450,2026-02-22 22:30,wholesaler_1,wholesaler,1,,,,,,46.02,13.6336,,,,,,,25,hitl
450,2026-02-22 22:30,retail_1,retail,1,,,,,,,,10.36,29.0,0.0,74.18,21.428,135.0,25,hitl
451,2026-02-22 22:45,supplier_1,supplier,1,0.0,,,,,,,,,,,,,25,hitl
451,2026-02-22 22:45,farm_1,farm,0,,651.0,0.035,,,,,,,,,,,25,hitl
451,2026-02-22 22:45,slaughterhouse_1,slaughterhouse,0,,,,372.0,400.0,,,,,,,,,25,hitl
451,2026-02-22 22:45,wholesaler_1,wholesaler,1,,,,,,43.22,13.6336,,,,,,,25,hitl
451,2026-02-22 22:45,retail_1,retail,1,,,,,,,,4.37,29.0,0.0,74.43,21.428,135.0,25,hitl
452,2026-02-22 23:00,supplier_1,supplier,1,0.0,,,,,,,,,,,,,25,hitl
452,2026-02-22 23:00,farm_1,farm,0,,651.0,0.035,,,,,,,,,,,25,hitl
452,2026-02-22 23:00,slaughterhouse_1,slaughterhouse,0,,,,372.0,400.0,,,,,,,,,25,hitl
452,2026-02-22 23:00,wholesaler_1,wholesaler,1,,,,,,25.16,13.6336,,,,,,,25,hitl
452,2026-02-22 23:00,retail_1,retail,1,,,,,,,,0.0,29.0,1.0,74.68,21.428,135.0,25,hitl
453,2026-02-22 23:15,supplier_1,supplier,1,0.0,,,,,,,,,,,,,25,hitl
453,2026-02-22 23:15,farm_1,farm,0,,651.0,0.035,,,,,,,,,,,25,hitl
453,2026-02-22 23:15,slaughterhouse_1,slaughterhouse,0,,,,372.0,400.0,,,,,,,,,25,hitl
453,2026-02-22 23:15,wholesaler_1,wholesaler,1,,,,,,22.48,13.6336,,,,,,,25,hitl
453,2026-02-22 23:15,retail_1,retail,1,,,,,,,,15.2,29.0,1.0,74.93,21.428,135.0,25,hitl
454,2026-02-22 23:30,supplier_1,supplier,1,0.0,,,,,,,,,,,,,25,hitl
454,2026-02-22 23:30,farm_1,farm,0,,651.0,0.035,,,,,,,,,,,25,hitl
454,2026-02-22 23:30,slaughterhouse_1,slaughterhouse,0,,,,372.0,400.0,,,,,,,,,25,hitl
454,2026-02-22 23:30,wholesaler_1,wholesaler,1,,,,,,20.73,13.6336,,,,,,,25,hitl
454,2026-02-22 23:30,retail_1,retail,1,,,,,,,,10.14,29.0,0.0,75.18,21.428,135.0,25,hitl
455,2026-02-22 23:45,supplier_1,supplier,1,0.0,,,,,,,,,,,,,25,hitl
455,2026-02-22 23:45,farm_1,farm,0,,651.0,0.035,,,,,,,,,,,25,hitl
455,2026-02-22 23:45,slaughterhouse_1,slaughterhouse,0,,,,372.0,400.0,,,,,,,,,25,hitl
455,2026-02-22 23:45,wholesaler_1,wholesaler,1,,,,,,17.82,13.6336,,,,,,,25,hitl
455,2026-02-22 23:45,retail_1,retail,1,,,,,,,,5.09,29.0,0.0,75.43,21.428,135.0,25,hitl
456,2026-02-23 00:00,supplier_1,supplier,1,0.0,,,,,,,,,,,,,25,hitl
456,2026-02-23 00:00,farm_1,farm,0,,651.0,0.035,,,,,,,,,,,25,hitl
456,2026-02-23 00:00,slaughterhouse_1,slaughterhouse,0,,,,372.0,376.0,,,,,,,,,25,hitl
456,2026-02-23 00:00,wholesaler_1,wholesaler,1,,,,,,16.02,13.6336,,,,,,,25,hitl
456,2026-02-23 00:00,retail_1,retail,0,,,,,,,,65.55,30.0,0.0,0.0,10.997,0.0,25,hitl
457,2026-02-23 00:15,supplier_1,supplier,1,0.0,,,,,,,,,,,,,25,hitl
457,2026-02-23 00:15,farm_1,farm,0,,651.0,0.035,,,,,,,,,,,25,hitl
457,2026-02-23 00:15,slaughterhouse_1,slaughterhouse,0,,,,372.0,386.68,,,,,,,,,25,hitl
457,2026-02-23 00:15,wholesaler_1,wholesaler,1,,,,,,37.73,13.6336,,,,,,,25,hitl
457,2026-02-23 00:15,retail_1,retail,0,,,,,,,,63.02,30.0,0.0,0.0,10.997,0.0,25,hitl
458,2026-02-23 00:30,supplier_1,supplier,1,0.0,,,,,,,,,,,,,25,hitl
458,2026-02-23 00:30,farm_1,farm,0,,651.0,0.035,,,,,,,,,,,25,hitl
458,2026-02-23 00:30,slaughterhouse_1,slaughterhouse,0,,,,372.0,396.69,,,,,,,,,25,hitl
458,2026-02-23 00:30,wholesaler_1,wholesaler,1,,,,,,35.9,13.6336,,,,,,,25,hitl
458,2026-02-23 00:30,retail_1,retail,0,,,,,,,,59.99,30.0,0.0,0.0,10.997,0.0,25,hitl
459,2026-02-23 00:45,supplier_1,supplier,1,0.0,,,,,,,,,,,,,25,hitl
459,2026-02-23 00:45,farm_1,farm,0,,651.0,0.035,,,,,,,,,,,25,hitl
459,2026-02-23 00:45,slaughterhouse_1,slaughterhouse,0,,,,372.0,400.0,,,,,,,,,25,hitl
459,2026-02-23 00:45,wholesaler_1,wholesaler,1,,,,,,33.94,13.6336,,,,,,,25,hitl
459,2026-02-23 00:45,retail_1,retail,0,,,,,,,,57.3,30.0,0.0,0.0,10.997,0.0,25,hitl
460,2026-02-23 01:00,supplier_1,supplier,1,0.0,,,,,,,,,,,,,25,hitl
460,2026-02-23 01:00,farm_1,farm,0,,651.0,0.035,,,,,,,,,,,25,hitl
460,2026-02-23 01:00,slaughterhouse_1,slaughterhouse,0,,,,372.0,400.0,,,,,,,,,25,hitl
460,2026-02-23 01:00,wholesaler_1,wholesaler,1,,,,,,30.31,13.6336,,,,,,,25,hitl
460,2026-02-23 01:00,retail_1,retail,0,,,,,,,,54.83,30.0,0.0,0.0,10.997,0.0,25,hitl
461,2026-02-23 01:15,supplier_1,supplier,1,0.0,,,,,,,,,,,,,25,hitl
461,2026-02-23 01:15,farm_1,farm,0,,651.0,0.035,,,,,,,,,,,25,hitl
461,2026-02-23 01:15,slaughterhouse_1,slaughterhouse,0,,,,372.0,400.0,,,,,,,,,25,hitl
461,2026-02-23 01:15,wholesaler_1,wholesaler,1,,,,,,28.41,13.6336,,,,,,,25,hitl
461,2026-02-23 01:15,retail_1,retail,0,,,,,,,,53.73,30.0,0.0,0.0,10.997,0.0,25,hitl
462,2026-02-23 01:30,supplier_1,supplier,1,0.0,,,,,,,,,,,,,25,hitl
462,2026-02-23 01:30,farm_1,farm,0,,651.0,0.035,,,,,,,,,,,25,hitl
462,2026-02-23 01:30,slaughterhouse_1,slaughterhouse,0,,,,372.0,400.0,,,,,,,,,25,hitl
462,2026-02-23 01:30,wholesaler_1,wholesaler,1,,,,,,26.41,13.6336,,,,,,,25,hitl
462,2026-02-23 01:30,retail_1,retail,0,,,,,,,,51.26,30.0,0.0,0.0,10.997,0.0,25,hitl
463,2026-02-23 01:45,supplier_1,supplier,1,0.0,,,,,,,,,,,,,25,hitl
463,2026-02-23 01:45,farm_1,farm,0,,651.0,0.035,,,,,,,,,,,25,hitl
463,2026-02-23 01:45,slaughterhouse_1,slaughterhouse,0,,,,372.0,400.0,,,,,,,,,25,hitl
463,2026-02-23 01:45,wholesaler_1,wholesaler,1,,,,,,23.46,13.6336,,,,,,,25,hitl
463,2026-02-23 01:45,retail_1,retail,0,,,,,,,,48.34,30.0,0.0,0.0,10.997,0.0,25,hitl
464,2026-02-23 02:00,supplier_1,supplier,1,0.0,,,,,,,,,,,,,25,hitl
464,2026-02-23 02:00,farm_1,farm,0,,651.0,0.035,,,,,,,,,,,25,hitl
464,2026-02-23 02:00,slaughterhouse_1,slaughterhouse,0,,,,372.0,376.0,,,,,,,,,25,hitl
464,2026-02-23 02:00,wholesaler_1,wholesaler,1,,,,,,20.49,13.6336,,,,,,,25,hitl
464,2026-02-23 02:00,retail_1,retail,0,,,,,,,,45.61,30.0,0.0,0.0,10.997,0.0,25,hitl
465,2026-02-23 02:15,supplier_1,supplier,1,0.0,,,,,,,,,,,,,25,hitl
465,2026-02-23 02:15,farm_1,farm,0,,651.0,0.035,,,,,,,,,,,25,hitl
465,2026-02-23 02:15,slaughterhouse_1,slaughterhouse,0,,,,372.0,385.95,,,,,,,,,25,hitl
465,2026-02-23 02:15,wholesaler_1,wholesaler,1,,,,,,41.67,13.6336,,,,,,,25,hitl
465,2026-02-23 02:15,retail_1,retail,0,,,,,,,,43.0,30.0,0.0,0.0,10.997,0.0,25,hitl
466,2026-02-23 02:30,supplier_1,supplier,1,0.0,,,,,,,,,,,,,25,hitl
466,2026-02-23 02:30,farm_1,farm,0,,651.0,0.035,,,,,,,,,,,25,hitl
466,2026-02-23 02:30,slaughterhouse_1,slaughterhouse,0,,,,372.0,395.59,,,,,,,,,25,hitl
466,2026-02-23 02:30,wholesaler_1,wholesaler,1,,,,,,38.92,13.6336,,,,,,,25,hitl
466,2026-02-23 02:30,retail_1,retail,0,,,,,,,,40.19,30.0,0.0,0.0,10.997,0.0,25,hitl
467,2026-02-23 02:45,supplier_1,supplier,1,0.0,,,,,,,,,,,,,25,hitl
467,2026-02-23 02:45,farm_1,farm,0,,651.0,0.035,,,,,,,,,,,25,hitl
467,2026-02-23 02:45,slaughterhouse_1,slaughterhouse,0,,,,372.0,400.0,,,,,,,,,25,hitl
467,2026-02-23 02:45,wholesaler_1,wholesaler,1,,,,,,37.13,13.6336,,,,,,,25,hitl
467,2026-02-23 02:45,retail_1,retail,0,,,,,,,,37.36,30.0,0.0,0.0,10.997,0.0,25,hitl
468,2026-02-23 03:00,supplier_1,supplier,1,0.0,,,,,,,,,,,,,25,hitl
468,2026-02-23 03:00,farm_1,farm,1,,651.0,0.035,,,,,,,,,,,25,hitl
468,2026-02-23 03:00,slaughterhouse_1,slaughterhouse,0,,,,372.0,400.0,,,,,,,,,25,hitl
468,2026-02-23 03:00,wholesaler_1,wholesaler,1,,,,,,33.0,13.6336,,,,,,,25,hitl
468,2026-02-23 03:00,retail_1,retail,0,,,,,,,,34.85,30.0,0.0,0.0,10.997,0.0,25,hitl
469,2026-02-23 03:15,supplier_1,supplier,1,0.0,,,,,,,,,,,,,25,hitl
469,2026-02-23 03:15,farm_1,farm,1,,651.0,0.035,,,,,,,,,,,25,hitl
469,2026-02-23 03:15,slaughterhouse_1,slaughterhouse,0,,,,372.0,400.0,,,,,,,,,25,hitl
469,2026-02-23 03:15,wholesaler_1,wholesaler,1,,,,,,31.13,13.6336,,,,,,,25,hitl
469,2026-02-23 03:15,retail_1,retail,0,,,,,,,,33.72,30.0,0.0,0.0,10.997,0.0,25,hitl
470,2026-02-23 03:30,supplier_1,supplier,1,0.0,,,,,,,,,,,,,25,hitl
470,2026-02-23 03:30,farm_1,farm,1,,651.0,0.035,,,,,,,,,,,25,hitl
470,2026-02-23 03:30,slaughterhouse_1,slaughterhouse,0,,,,372.0,400.0,,,,,,,,,25,hitl
470,2026-02-23 03:30,wholesaler_1,wholesaler,1,,,,,,28.87,13.6336,,,,,,,25,hitl
470,2026-02-23 03:30,retail_1,retail,0,,,,,,,,31.01,30.0,0.0,0.0,10.997,0.0,25,hitl
471,2026-02-23 03:45,supplier_1,supplier,1,0.0,,,,,,,,,,,,,25,hitl
471,2026-02-23 03:45,farm_1,farm,1,,651.0,0.035,,,,,,,,,,,25,hitl
471,2026-02-23 03:45,slaughterhouse_1,slaughterhouse,0,,,,372.0,400.0,,,,,,,,,25,hitl
471,2026-02-23 03:45,wholesaler_1,wholesaler,1,,,,,,26.73,13.6336,,,,,,,25,hitl
471,2026-02-23 03:45,retail_1,retail,0,,,,,,,,28.15,30.0,0.0,0.25,10.997,0.0,25,hitl
472,2026-02-23 04:00,supplier_1,supplier,1,0.0,,,,,,,,,,,,,25,hitl
472,2026-02-23 04:00,farm_1,farm,1,,651.0,0.035,,,,,,,,,,,25,hitl
472,2026-02-23 04:00,slaughterhouse_1,slaughterhouse,0,,,,372.0,376.0,,,,,,,,,25,hitl
472,2026-02-23 04:00,wholesaler_1,wholesaler,1,,,,,,24.8,13.6336,,,,,,,25,hitl
472,2026-02-23 04:00,retail_1,retail,0,,,,,,,,25.7,30.0,0.0,0.5,10.997,0.0,25,hitl
473,2026-02-23 04:15,supplier_1,supplier,1,0.0,,,,,,,,,,,,,25,hitl
473,2026-02-23 04:15,farm_1,farm,1,,651.0,0.035,,,,,,,,,,,25,hitl
473,2026-02-23 04:15,slaughterhouse_1,slaughterhouse,0,,,,372.0,385.63,,,,,,,,,25,hitl
473,2026-02-23 04:15,wholesaler_1,wholesaler,1,,,,,,47.14,13.6336,,,,,,,25,hitl
473,2026-02-23 04:15,retail_1,retail,0,,,,,,,,23.23,30.0,0.0,0.75,10.997,0.0,25,hitl
474,2026-02-23 04:30,supplier_1,supplier,1,0.0,,,,,,,,,,,,,25,hitl
474,2026-02-23 04:30,farm_1,farm,1,,651.0,0.035,,,,,,,,,,,25,hitl
474,2026-02-23 04:30,slaughterhouse_1,slaughterhouse,0,,,,372.0,395.87,,,,,,,,,25,hitl
474,2026-02-23 04:30,wholesaler_1,wholesaler,1,,,,,,44.48,13.6336,,,,,,,25,hitl
474,2026-02-23 04:30,retail_1,retail,0,,,,,,,,20.34,30.0,0.0,1.0,10.997,0.0,25,hitl
475,2026-02-23 04:45,supplier_1,supplier,1,0.0,,,,,,,,,,,,,25,hitl
475,2026-02-23 04:45,farm_1,farm,1,,651.0,0.035,,,,,,,,,,,25,hitl
475,2026-02-23 04:45,slaughterhouse_1,slaughterhouse,0,,,,372.0,400.0,,,,,,,,,25,hitl
475,2026-02-23 04:45,wholesaler_1,wholesaler,1,,,,,,41.94,13.6336,,,,,,,25,hitl
475,2026-02-23 04:45,retail_1,retail,0,,,,,,,,17.3,30.0,0.0,1.25,10.997,0.0,25,hitl
476,2026-02-23 05:00,supplier_1,supplier,1,0.0,,,,,,,,,,,,,25,hitl
476,2026-02-23 05:00,farm_1,farm,1,,651.0,0.035,,,,,,,,,,,25,hitl
476,2026-02-23 05:00,slaughterhouse_1,slaughterhouse,0,,,,372.0,400.0,,,,,,,,,25,hitl
476,2026-02-23 05:00,wholesaler_1,wholesaler,1,,,,,,39.17,13.6336,,,,,,,25,hitl
476,2026-02-23 05:00,retail_1,retail,0,,,,,,,,14.27,30.0,0.0,1.5,10.997,0.0,25,hitl
477,2026-02-23 05:15,supplier_1,supplier,1,0.0,,,,,,,,,,,,,25,hitl
477,2026-02-23 05:15,farm_1,farm,1,,651.0,0.035,,,,,,,,,,,25,hitl
477,2026-02-23 05:15,slaughterhouse_1,slaughterhouse,0,,,,372.0,400.0,,,,,,,,,25,hitl
477,2026-02-23 05:15,wholesaler_1,wholesaler,1,,,,,,36.93,13.6336,,,,,,,25,hitl
477,2026-02-23 05:15,retail_1,retail,0,,,,,,,,12.22,30.0,0.0,1.75,10.997,0.0,25,hitl
478,2026-02-23 05:30,supplier_1,supplier,1,0.0,,,,,,,,,,,,,25,hitl
478,2026-02-23 05:30,farm_1,farm,1,,651.0,0.035,,,,,,,,,,,25,hitl
478,2026-02-23 05:30,slaughterhouse_1,slaughterhouse,0,,,,372.0,400.0,,,,,,,,,25,hitl
478,2026-02-23 05:30,wholesaler_1,wholesaler,1,,,,,,34.79,13.6336,,,,,,,25,hitl
478,2026-02-23 05:30,retail_1,retail,0,,,,,,,,9.26,30.0,0.0,2.0,10.997,0.0,25,hitl
479,2026-02-23 05:45,supplier_1,supplier,1,0.0,,,,,,,,,,,,,25,hitl
479,2026-02-23 05:45,farm_1,farm,1,,651.0,0.035,,,,,,,,,,,25,hitl
479,2026-02-23 05:45,slaughterhouse_1,slaughterhouse,0,,,,372.0,400.0,,,,,,,,,25,hitl
479,2026-02-23 05:45,wholesaler_1,wholesaler,1,,,,,,32.37,13.6336,,,,,,,25,hitl
479,2026-02-23 05:45,retail_1,retail,0,,,,,,,,6.29,30.0,0.0,2.25,10.997,0.0,25,hitl
