tick,timestamp,node_id,node_type,disrupted,available_supply,production_capacity,mortality_rate,processing_capacity,output_stock,inventory_level,pending_shipments,retail_inventory,safety_stock,stockout_flag,shortage_duration,sales_rate,reorder_request,scenario_id,mode
0,2026-04-09 06:00,supplier_1,supplier,0,932.6,,,,,,,,,,,,,50,hitl
0,2026-04-09 06:00,farm_1,farm,0,,774.0,0.0238,,,,,,,,,,,50,hitl
0,2026-04-09 06:00,slaughterhouse_1,slaughterhouse,0,,,,386.0,218.98,,,,,,,,,50,hitl
0,2026-04-09 06:00,wholesaler_1,wholesaler,0,,,,,,160.35,11.4,,,,,,,50,hitl
0,2026-04-09 06:00,retail_1,retail,0,,,,,,,,82.47,30.0,0.0,0.0,3.58,0.0,50,hitl
1,2026-04-09 06:15,supplier_1,supplier,0,931.97,,,,,,,,,,,,,50,hitl
1,2026-04-09 06:15,farm_1,farm,0,,774.0,0.0238,,,,,,,,,,,50,hitl
1,2026-04-09 06:15,slaughterhouse_1,slaughterhouse,0,,,,386.0,229.57,,,,,,,,,50,hitl
1,2026-04-09 06:15,wholesaler_1,wholesaler,0,,,,,,182.27,11.4,,,,,,,50,hitl
1,2026-04-09 06:15,retail_1,retail,0,,,,,,,,89.51,30.0,0.0,0.0,3.58,0.0,50,hitl
2,2026-04-09 06:30,supplier_1,supplier,0,930.68,,,,,,,,,,,,,50,hitl
2,2026-04-09 06:30,farm_1,farm,0,,774.0,0.0238,,,,,,,,,,,50,hitl
2,2026-04-09 06:30,slaughterhouse_1,slaughterhouse,0,,,,386.0,239.61,,,,,,,,,50,hitl
2,2026-04-09 06:30,wholesaler_1,wholesaler,0,,,,,,180.27,11.4,,,,,,,50,hitl
2,2026-04-09 06:30,retail_1,retail,0,,,,,,,,88.59,30.0,0.0,0.0,3.58,0.0,50,hitl
3,2026-04-09 06:45,supplier_1,supplier,0,929.3,,,,,,,,,,,,,50,hitl
3,2026-04-09 06:45,farm_1,farm,0,,774.0,0.0238,,,,,,,,,,,50,hitl
3,2026-04-09 06:45,slaughterhouse_1,slaughterhouse,0,,,,386.0,250.19,,,,,,,,,50,hitl
3,2026-04-09 06:45,wholesaler_1,wholesaler,0,,,,,,177.33,11.4,,,,,,,50,hitl
3,2026-04-09 06:45,retail_1,retail,0,,,,,,,,87.62,30.0,0.0,0.0,3.58,0.0,50,hitl
4,2026-04-09 07:00,supplier_1,supplier,0,928.03,,,,,,,,,,,,,50,hitl
4,2026-04-09 07:00,farm_1,farm,0,,774.0,0.0238,,,,,,,,,,,50,hitl
4,2026-04-09 07:00,slaughterhouse_1,slaughterhouse,0,,,,386.0,260.17,,,,,,,,,50,hitl
4,2026-04-09 07:00,wholesaler_1,wholesaler,0,,,,,,167.78,11.4,,,,,,,50,hitl
4,2026-04-09 07:00,retail_1,retail,0,,,,,,,,86.68,30.0,0.0,0.0,3.58,0.0,50,hitl
5,2026-04-09 07:15,supplier_1,supplier,0,926.98,,,,,,,,,,,,,50,hitl
5,2026-04-09 07:15,farm_1,farm,0,,774.0,0.0238,,,,,,,,,,,50,hitl
5,2026-04-09 07:15,slaughterhouse_1,slaughterhouse,0,,,,386.0,271.67,,,,,,,,,50,hitl
5,2026-04-09 07:15,wholesaler_1,wholesaler,0,,,,,,165.57,11.4,,,,,,,50,hitl
5,2026-04-09 07:15,retail_1,retail,0,,,,,,,,93.77,30.0,0.0,0.0,3.58,0.0,50,hitl
6,2026-04-09 07:30,supplier_1,supplier,0,925.75,,,,,,,,,,,,,50,hitl
6,2026-04-09 07:30,farm_1,farm,0,,774.0,0.0238,,,,,,,,,,,50,hitl
6,2026-04-09 07:30,slaughterhouse_1,slaughterhouse,0,,,,386.0,282.81,,,,,,,,,50,hitl
6,2026-04-09 07:30,wholesaler_1,wholesaler,0,,,,,,163.2,11.4,,,,,,,50,hitl
6,2026-04-09 07:30,retail_1,retail,0,,,,,,,,92.94,30.0,0.0,0.0,3.58,0.0,50,hitl
7,2026-04-09 07:45,supplier_1,supplier,0,924.49,,,,,,,,,,,,,50,hitl
7,2026-04-09 07:45,farm_1,farm,0,,774.0,0.0238,,,,,,,,,,,50,hitl
7,2026-04-09 07:45,slaughterhouse_1,slaughterhouse,0,,,,386.0,294.18,,,,,,,,,50,hitl
7,2026-04-09 07:45,wholesaler_1,wholesaler,0,,,,,,160.42,11.4,,,,,,,50,hitl
7,2026-04-09 07:45,retail_1,retail,0,,,,,,,,92.09,30.0,0.0,0.0,3.58,0.0,50,hitl
8,2026-04-09 08:00,supplier_1,supplier,0,923.88,,,,,,,,,,,,,50,hitl
8,2026-04-09 08:00,farm_1,farm,0,,774.0,0.0238,,,,,,,,,,,50,hitl
8,2026-04-09 08:00,slaughterhouse_1,slaughterhouse,0,,,,386.0,281.62,,,,,,,,,50,hitl
8,2026-04-09 08:00,wholesaler_1,wholesaler,0,,,,,,150.29,11.4,,,,,,,50,hitl
8,2026-04-09 08:00,retail_1,retail,0,,,,,,,,91.3,30.0,0.0,0.0,3.58,0.0,50,hitl
9,2026-04-09 08:15,supplier_1,supplier,0,923.38,,,,,,,,,,,,,50,hitl
9,2026-04-09 08:15,farm_1,farm,0,,774.0,0.0238,,,,,,,,,,,50,hitl
9,2026-04-09 08:15,slaughterhouse_1,slaughterhouse,0,,,,386.0,291.66,,,,,,,,,50,hitl
9,2026-04-09 08:15,wholesaler_1,wholesaler,0,,,,,,171.52,11.4,,,,,,,50,hitl
9,2026-04-09 08:15,retail_1,retail,0,,,,,,,,98.43,30.0,0.0,0.0,3.58,0.0,50,hitl
10,2026-04-09 08:30,supplier_1,supplier,0,922.38,,,,,,,,,,,,,50,hitl
10,2026-04-09 08:30,farm_1,farm,0,,774.0,0.0238,,,,,,,,,,,50,hitl
10,2026-04-09 08:30,slaughterhouse_1,slaughterhouse,0,,,,386.0,302.08,,,,,,,,,50,hitl
10,2026-04-09 08:30,wholesaler_1,wholesaler,0,,,,,,169.38,11.4,,,,,,,50,hitl
10,2026-04-09 08:30,retail_1,retail,0,,,,,,,,97.63,30.0,0.0,0.0,3.58,0.0,50,hitl
11,2026-04-09 08:45,supplier_1,supplier,0,920.89,,,,,,,,,,,,,50,hitl
11,2026-04-09 08:45,farm_1,farm,0,,774.0,0.0238,,,,,,,,,,,50,hitl
11,2026-04-09 08:45,slaughterhouse_1,slaughterhouse,0,,,,386.0,312.34,,,,,,,,,50,hitl
11,2026-04-09 08:45,wholesaler_1,wholesaler,0,,,,,,167.07,11.4,,,,,,,50,hitl
11,2026-04-09 08:45,retail_1,retail,0,,,,,,,,96.65,30.0,0.0,0.0,3.58,0.0,50,hitl
12,2026-04-09 09:00,supplier_1,supplier,0,919.82,,,,,,,,,,,,,50,hitl
12,2026-04-09 09:00,farm_1,farm,0,,774.0,0.0238,,,,,,,,,,,50,hitl
12,2026-04-09 09:00,slaughterhouse_1,slaughterhouse,0,,,,386.0,322.85,,,,,,,,,50,hitl
12,2026-04-09 09:00,wholesaler_1,wholesaler,0,,,,,,156.41,11.4,,,,,,,50,hitl
12,2026-04-09 09:00,retail_1,retail,0,,,,,,,,95.79,30.0,0.0,0.0,3.58,0.0,50,hitl
13,2026-04-09 09:15,supplier_1,supplier,0,918.88,,,,,,,,,,,,,50,hitl
13,2026-04-09 09:15,farm_1,farm,0,,774.0,0.0238,,,,,,,,,,,50,hitl
13,2026-04-09 09:15,slaughterhouse_1,slaughterhouse,0,,,,386.0,333.63,,,,,,,,,50,hitl
13,2026-04-09 09:15,wholesaler_1,wholesaler,0,,,,,,153.53,11.4,,,,,,,50,hitl
13,2026-04-09 09:15,retail_1,retail,0,,,,,,,,102.95,30.0,0.0,0.0,3.58,0.0,50,hitl
14,2026-04-09 09:30,supplier_1,supplier,0,917.6,,,,,,,,,,,,,50,hitl
14,2026-04-09 09:30,farm_1,farm,0,,774.0,0.0238,,,,,,,,,,,50,hitl
14,2026-04-09 09:30,slaughterhouse_1,slaughterhouse,0,,,,386.0,343.89,,,,,,,,,50,hitl
14,2026-04-09 09:30,wholesaler_1,wholesaler,0,,,,,,151.22,11.4,,,,,,,50,hitl
14,2026-04-09 09:30,retail_1,retail,0,,,,,,,,102.09,30.0,0.0,0.0,3.58,0.0,50,hitl
15,2026-04-09 09:45,supplier_1,supplier,0,916.69,,,,,,,,,,,,,50,hitl
15,2026-04-09 09:45,farm_1,farm,0,,774.0,0.0238,,,,,,,,,,,50,hitl
15,2026-04-09 09:45,slaughterhouse_1,slaughterhouse,0,,,,386.0,353.8,,,,,,,,,50,hitl
15,2026-04-09 09:45,wholesaler_1,wholesaler,0,,,,,,149.26,11.4,,,,,,,50,hitl
15,2026-04-09 09:45,retail_1,retail,0,,,,,,,,101.11,30.0,0.0,0.0,3.58,0.0,50,hitl
16,2026-04-09 10:00,supplier_1,supplier,0,915.2,,,,,,,,,,,,,50,hitl
16,2026-04-09 10:00,farm_1,farm,0,,774.0,0.0238,,,,,,,,,,,50,hitl
16,2026-04-09 10:00,slaughterhouse_1,slaughterhouse,0,,,,386.0,341.06,,,,,,,,,50,hitl
16,2026-04-09 10:00,wholesaler_1,wholesaler,0,,,,,,142.65,11.4,,,,,,,50,hitl
16,2026-04-09 10:00,retail_1,retail,0,,,,,,,,100.31,30.0,0.0,0.0,3.58,0.0,50,hitl
17,2026-04-09 10:15,supplier_1,supplier,0,913.77,,,,,,,,,,,,,50,hitl
17,2026-04-09 10:15,farm_1,farm,0,,774.0,0.0238,,,,,,,,,,,50,hitl
17,2026-04-09 10:15,slaughterhouse_1,slaughterhouse,0,,,,386.0,351.04,,,,,,,,,50,hitl
17,2026-04-09 10:15,wholesaler_1,wholesaler,0,,,,,,164.13,11.4,,,,,,,50,hitl
17,2026-04-09 10:15,retail_1,retail,0,,,,,,,,104.06,30.0,0.0,0.0,3.58,0.0,50,hitl
18,2026-04-09 10:30,supplier_1,supplier,0,913.13,,,,,,,,,,,,,50,hitl
18,2026-04-09 10:30,farm_1,farm,0,,774.0,0.0238,,,,,,,,,,,50,hitl
18,2026-04-09 10:30,slaughterhouse_1,slaughterhouse,0,,,,386.0,362.53,,,,,,,,,50,hitl
18,2026-04-09 10:30,wholesaler_1,wholesaler,0,,,,,,162.5,11.4,,,,,,,50,hitl
18,2026-04-09 10:30,retail_1,retail,0,,,,,,,,103.15,30.0,0.0,0.0,3.58,0.0,50,hitl
19,2026-04-09 10:45,supplier_1,supplier,0,912.24,,,,,,,,,,,,,50,hitl
19,2026-04-09 10:45,farm_1,farm,0,,774.0,0.0238,,,,,,,,,,,50,hitl
19,2026-04-09 10:45,slaughterhouse_1,slaughterhouse,0,,,,386.0,373.23,,,,,,,,,50,hitl
19,2026-04-09 10:45,wholesaler_1,wholesaler,0,,,,,,159.58,11.4,,,,,,,50,hitl
19,2026-04-09 10:45,retail_1,retail,0,,,,,,,,102.24,30.0,0.0,0.0,3.58,0.0,50,hitl
20,2026-04-09 11:00,supplier_1,supplier,0,911.51,,,,,,,,,,,,,50,hitl
20,2026-04-09 11:00,farm_1,farm,0,,774.0,0.0238,,,,,,,,,,,50,hitl
20,2026-04-09 11:00,slaughterhouse_1,slaughterhouse,0,,,,386.0,383.13,,,,,,,,,50,hitl
20,2026-04-09 11:00,wholesaler_1,wholesaler,0,,,,,,154.26,11.4,,,,,,,50,hitl
20,2026-04-09 11:00,retail_1,retail,0,,,,,,,,101.34,30.0,0.0,0.0,3.58,0.0,50,hitl
21,2026-04-09 11:15,supplier_1,supplier,0,910.47,,,,,,,,,,,,,50,hitl
21,2026-04-09 11:15,farm_1,farm,0,,774.0,0.0238,,,,,,,,,,,50,hitl
21,2026-04-09 11:15,slaughterhouse_1,slaughterhouse,0,,,,386.0,393.05,,,,,,,,,50,hitl
21,2026-04-09 11:15,wholesaler_1,wholesaler,0,,,,,,151.53,11.4,,,,,,,50,hitl
21,2026-04-09 11:15,retail_1,retail,0,,,,,,,,104.06,30.0,0.0,0.0,3.58,0.0,50,hitl
22,2026-04-09 11:30,supplier_1,supplier,0,909.4,,,,,,,,,,,,,50,hitl
22,2026-04-09 11:30,farm_1,farm,0,,774.0,0.0238,,,,,,,,,,,50,hitl
22,2026-04-09 11:30,slaughterhouse_1,slaughterhouse,0,,,,386.0,400.0,,,,,,,,,50,hitl
22,2026-04-09 11:30,wholesaler_1,wholesaler,0,,,,,,149.67,11.4,,,,,,,50,hitl
22,2026-04-09 11:30,retail_1,retail,0,,,,,,,,103.16,30.0,0.0,0.0,3.58,0.0,50,hitl
23,2026-04-09 11:45,supplier_1,supplier,0,908.59,,,,,,,,,,,,,50,hitl
23,2026-04-09 11:45,farm_1,farm,0,,774.0,0.0238,,,,,,,,,,,50,hitl
23,2026-04-09 11:45,slaughterhouse_1,slaughterhouse,0,,,,386.0,400.0,,,,,,,,,50,hitl
23,2026-04-09 11:45,wholesaler_1,wholesaler,0,,,,,,147.38,11.4,,,,,,,50,hitl
23,2026-04-09 11:45,retail_1,retail,0,,,,,,,,102.19,30.0,0.0,0.0,3.58,0.0,50,hitl
24,2026-04-09 12:00,supplier_1,supplier,0,907.73,,,,,,,,,,,,,50,hitl
24,2026-04-09 12:00,farm_1,farm,0,,774.0,0.0238,,,,,,,,,,,50,hitl
24,2026-04-09 12:00,slaughterhouse_1,slaughterhouse,0,,,,386.0,376.0,,,,,,,,,50,hitl
24,2026-04-09 12:00,wholesaler_1,wholesaler,0,,,,,,140.76,11.4,,,,,,,50,hitl
24,2026-04-09 12:00,retail_1,retail,0,,,,,,,,101.23,30.0,0.0,0.0,3.58,0.0,50,hitl
25,2026-04-09 12:15,supplier_1,supplier,0,907.0,,,,,,,,,,,,,50,hitl
25,2026-04-09 12:15,farm_1,farm,0,,774.0,0.0238,,,,,,,,,,,50,hitl
25,2026-04-09 12:15,slaughterhouse_1,slaughterhouse,0,,,,386.0,386.62,,,,,,,,,50,hitl
25,2026-04-09 12:15,wholesaler_1,wholesaler,0,,,,,,162.91,11.4,,,,,,,50,hitl
25,2026-04-09 12:15,retail_1,retail,0,,,,,,,,104.13,30.0,0.0,0.0,3.58,0.0,50,hitl
26,2026-04-09 12:30,supplier_1,supplier,0,906.15,,,,,,,,,,,,,50,hitl
26,2026-04-09 12:30,farm_1,farm,0,,774.0,0.0238,,,,,,,,,,,50,hitl
26,2026-04-09 12:30,slaughterhouse_1,slaughterhouse,0,,,,386.0,398.02,,,,,,,,,50,hitl
26,2026-04-09 12:30,wholesaler_1,wholesaler,0,,,,,,160.97,11.4,,,,,,,50,hitl
26,2026-04-09 12:30,retail_1,retail,0,,,,,,,,103.22,30.0,0.0,0.0,3.58,0.0,50,hitl
27,2026-04-09 12:45,supplier_1,supplier,0,904.96,,,,,,,,,,,,,50,hitl
27,2026-04-09 12:45,farm_1,farm,0,,774.0,0.0238,,,,,,,,,,,50,hitl
27,2026-04-09 12:45,slaughterhouse_1,slaughterhouse,0,,,,386.0,400.0,,,,,,,,,50,hitl
27,2026-04-09 12:45,wholesaler_1,wholesaler,0,,,,,,158.2,11.4,,,,,,,50,hitl
27,2026-04-09 12:45,retail_1,retail,0,,,,,,,,102.4,30.0,0.0,0.0,3.58,0.0,50,hitl
28,2026-04-09 13:00,supplier_1,supplier,0,904.34,,,,,,,,,,,,,50,hitl
28,2026-04-09 13:00,farm_1,farm,0,,774.0,0.0238,,,,,,,,,,,50,hitl
28,2026-04-09 13:00,slaughterhouse_1,slaughterhouse,0,,,,386.0,400.0,,,,,,,,,50,hitl
28,2026-04-09 13:00,wholesaler_1,wholesaler,0,,,,,,152.58,11.4,,,,,,,50,hitl
28,2026-04-09 13:00,retail_1,retail,0,,,,,,,,101.58,30.0,0.0,0.0,3.58,0.0,50,hitl
29,2026-04-09 13:15,supplier_1,supplier,0,903.63,,,,,,,,,,,,,50,hitl
29,2026-04-09 13:15,farm_1,farm,0,,774.0,0.0238,,,,,,,,,,,50,hitl
29,2026-04-09 13:15,slaughterhouse_1,slaughterhouse,0,,,,386.0,400.0,,,,,,,,,50,hitl
29,2026-04-09 13:15,wholesaler_1,wholesaler,0,,,,,,149.7,11.4,,,,,,,50,hitl
29,2026-04-09 13:15,retail_1,retail,0,,,,,,,,104.04,30.0,0.0,0.0,3.58,0.0,50,hitl
30,2026-04-09 13:30,supplier_1,supplier,0,903.0,,,,,,,,,,,,,50,hitl
30,2026-04-09 13:30,farm_1,farm,0,,774.0,0.0238,,,,,,,,,,,50,hitl
30,2026-04-09 13:30,slaughterhouse_1,slaughterhouse,0,,,,386.0,400.0,,,,,,,,,50,hitl
30,2026-04-09 13:30,wholesaler_1,wholesaler,0,,,,,,147.25,11.4,,,,,,,50,hitl
30,2026-04-09 13:30,retail_1,retail,0,,,,,,,,103.07,30.0,0.0,0.0,3.58,0.0,50,hitl
31,2026-04-09 13:45,supplier_1,supplier,0,901.68,,,,,,,,,,,,,50,hitl
31,2026-04-09 13:45,farm_1,farm,0,,774.0,0.0238,,,,,,,,,,,50,hitl
31,2026-04-09 13:45,slaughterhouse_1,slaughterhouse,0,,,,386.0,400.0,,,,,,,,,50,hitl
31,2026-04-09 13:45,wholesaler_1,wholesaler,0,,,,,,145.28,11.4,,,,,,,50,hitl
31,2026-04-09 13:45,retail_1,retail,0,,,,,,,,102.11,30.0,0.0,0.0,3.58,0.0,50,hitl
32,2026-04-09 14:00,supplier_1,supplier,0,900.98,,,,,,,,,,,,,50,hitl
32,2026-04-09 14:00,farm_1,farm,0,,774.0,0.0238,,,,,,,,,,,50,hitl
32,2026-04-09 14:00,slaughterhouse_1,slaughterhouse,0,,,,386.0,376.0,,,,,,,,,50,hitl
32,2026-04-09 14:00,wholesaler_1,wholesaler,0,,,,,,138.57,11.4,,,,,,,50,hitl
32,2026-04-09 14:00,retail_1,retail,0,,,,,,,,101.22,30.0,0.0,0.0,3.58,0.0,50,hitl
33,2026-04-09 14:15,supplier_1,supplier,0,899.71,,,,,,,,,,,,,50,hitl
33,2026-04-09 14:15,farm_1,farm,0,,774.0,0.0238,,,,,,,,,,,50,hitl
33,2026-04-09 14:15,slaughterhouse_1,slaughterhouse,0,,,,386.0,386.64,,,,,,,,,50,hitl
33,2026-04-09 14:15,wholesaler_1,wholesaler,0,,,,,,160.33,11.4,,,,,,,50,hitl
33,2026-04-09 14:15,retail_1,retail,0,,,,,,,,104.04,30.0,0.0,0.0,3.58,0.0,50,hitl
34,2026-04-09 14:30,supplier_1,supplier,0,898.56,,,,,,,,,,,,,50,hitl
34,2026-04-09 14:30,farm_1,farm,0,,774.0,0.0238,,,,,,,,,,,50,hitl
34,2026-04-09 14:30,slaughterhouse_1,slaughterhouse,0,,,,386.0,396.5,,,,,,,,,50,hitl
34,2026-04-09 14:30,wholesaler_1,wholesaler,0,,,,,,158.51,11.4,,,,,,,50,hitl
34,2026-04-09 14:30,retail_1,retail,0,,,,,,,,103.23,30.0,0.0,0.0,3.58,0.0,50,hitl
35,2026-04-09 14:45,supplier_1,supplier,0,897.35,,,,,,,,,,,,,50,hitl
35,2026-04-09 14:45,farm_1,farm,0,,774.0,0.0238,,,,,,,,,,,50,hitl
35,2026-04-09 14:45,slaughterhouse_1,slaughterhouse,0,,,,386.0,400.0,,,,,,,,,50,hitl
35,2026-04-09 14:45,wholesaler_1,wholesaler,0,,,,,,156.04,11.4,,,,,,,50,hitl
35,2026-04-09 14:45,retail_1,retail,0,,,,,,,,102.34,30.0,0.0,0.0,3.58,0.0,50,hitl
36,2026-04-09 15:00,supplier_1,supplier,0,896.53,,,,,,,,,,,,,50,hitl
36,2026-04-09 15:00,farm_1,farm,1,,774.0,0.0238,,,,,,,,,,,50,hitl
36,2026-04-09 15:00,slaughterhouse_1,slaughterhouse,0,,,,343.54,400.0,,,,,,,,,50,hitl
36,2026-04-09 15:00,wholesaler_1,wholesaler,0,,,,,,149.96,11.4,,,,,,,50,hitl
36,2026-04-09 15:00,retail_1,retail,0,,,,,,,,101.35,30.0,0.0,0.0,3.58,8.0,50,hitl
37,2026-04-09 15:15,supplier_1,supplier,0,895.7,,,,,,,,,,,,,50,hitl
37,2026-04-09 15:15,farm_1,farm,1,,774.0,0.0238,,,,,,,,,,,50,hitl
37,2026-04-09 15:15,slaughterhouse_1,slaughterhouse,0,,,,343.54,400.0,,,,,,,,,50,hitl
37,2026-04-09 15:15,wholesaler_1,wholesaler,0,,,,,,147.42,11.4,,,,,,,50,hitl
37,2026-04-09 15:15,retail_1,retail,0,,,,,,,,104.12,30.0,0.0,0.0,3.58,8.0,50,hitl
38,2026-04-09 15:30,supplier_1,supplier,0,894.39,,,,,,,,,,,,,50,hitl
38,2026-04-09 15:30,farm_1,farm,1,,774.0,0.0238,,,,,,,,,,,50,hitl
38,2026-04-09 15:30,slaughterhouse_1,slaughterhouse,0,,,,343.54,400.0,,,,,,,,,50,hitl
38,2026-04-09 15:30,wholesaler_1,wholesaler,0,,,,,,145.91,11.4,,,,,,,50,hitl
38,2026-04-09 15:30,retail_1,retail,0,,,,,,,,103.13,30.0,0.0,0.0,3.58,8.0,50,hitl
39,2026-04-09 15:45,supplier_1,supplier,0,892.93,,,,,,,,,,,,,50,hitl
39,2026-04-09 15:45,farm_1,farm,1,,774.0,0.0238,,,,,,,,,,,50,hitl
39,2026-04-09 15:45,slaughterhouse_1,slaughterhouse,0,,,,343.54,400.0,,,,,,,,,50,hitl
39,2026-04-09 15:45,wholesaler_1,wholesaler,0,,,,,,144.33,11.4,,,,,,,50,hitl
39,2026-04-09 15:45,retail_1,retail,0,,,,,,,,102.16,30.0,0.0,0.0,3.58,8.0,50,hitl
40,2026-04-09 16:00,supplier_1,supplier,0,892.29,,,,,,,,,,,,,50,hitl
40,2026-04-09 16:00,farm_1,farm,1,,774.0,0.0238,,,,,,,,,,,50,hitl
40,2026-04-09 16:00,slaughterhouse_1,slaughterhouse,0,,,,343.54,376.0,,,,,,,,,50,hitl
40,2026-04-09 16:00,wholesaler_1,wholesaler,0,,,,,,138.45,11.4,,,,,,,50,hitl
40,2026-04-09 16:00,retail_1,retail,0,,,,,,,,101.32,30.0,0.0,0.0,3.58,8.0,50,hitl
41,2026-04-09 16:15,supplier_1,supplier,0,891.12,,,,,,,,,,,,,50,hitl
41,2026-04-09 16:15,farm_1,farm,1,,774.0,0.0238,,,,,,,,,,,50,hitl
41,2026-04-09 16:15,slaughterhouse_1,slaughterhouse,0,,,,343.54,385.69,,,,,,,,,50,hitl
41,2026-04-09 16:15,wholesaler_1,wholesaler,0,,,,,,160.3,11.4,,,,,,,50,hitl
41,2026-04-09 16:15,retail_1,retail,0,,,,,,,,104.15,30.0,0.0,0.0,3.58,8.0,50,hitl
42,2026-04-09 16:30,supplier_1,supplier,0,890.35,,,,,,,,,,,,,50,hitl
42,2026-04-09 16:30,farm_1,farm,1,,774.0,0.0238,,,,,,,,,,,50,hitl
42,2026-04-09 16:30,slaughterhouse_1,slaughterhouse,0,,,,343.54,394.56,,,,,,,,,50,hitl
42,2026-04-09 16:30,wholesaler_1,wholesaler,0,,,,,,158.21,11.4,,,,,,,50,hitl
42,2026-04-09 16:30,retail_1,retail,0,,,,,,,,103.24,30.0,0.0,0.0,3.58,8.0,50,hitl
43,2026-04-09 16:45,supplier_1,supplier,0,889.37,,,,,,,,,,,,,50,hitl
43,2026-04-09 16:45,farm_1,farm,1,,774.0,0.0238,,,,,,,,,,,50,hitl
43,2026-04-09 16:45,slaughterhouse_1,slaughterhouse,0,,,,343.54,400.0,,,,,,,,,50,hitl
43,2026-04-09 16:45,wholesaler_1,wholesaler,0,,,,,,155.87,11.4,,,,,,,50,hitl
43,2026-04-09 16:45,retail_1,retail,0,,,,,,,,102.25,30.0,0.0,0.0,3.58,8.0,50,hitl
44,2026-04-09 17:00,supplier_1,supplier,0,888.49,,,,,,,,,,,,,50,hitl
44,2026-04-09 17:00,farm_1,farm,1,,774.0,0.0238,,,,,,,,,,,50,hitl
44,2026-04-09 17:00,slaughterhouse_1,slaughterhouse,0,,,,343.54,400.0,,,,,,,,,50,hitl
44,2026-04-09 17:00,wholesaler_1,wholesaler,0,,,,,,150.72,11.4,,,,,,,50,hitl
44,2026-04-09 17:00,retail_1,retail,0,,,,,,,,101.37,30.0,0.0,0.0,3.58,8.0,50,hitl
45,2026-04-09 17:15,supplier_1,supplier,0,887.44,,,,,,,,,,,,,50,hitl
45,2026-04-09 17:15,farm_1,farm,1,,774.0,0.0238,,,,,,,,,,,50,hitl
45,2026-04-09 17:15,slaughterhouse_1,slaughterhouse,0,,,,343.54,400.0,,,,,,,,,50,hitl
45,2026-04-09 17:15,wholesaler_1,wholesaler,0,,,,,,148.8,11.4,,,,,,,50,hitl
45,2026-04-09 17:15,retail_1,retail,0,,,,,,,,104.07,30.0,0.0,0.0,3.58,8.0,50,hitl
46,2026-04-09 17:30,supplier_1,supplier,0,886.91,,,,,,,,,,,,,50,hitl
46,2026-04-09 17:30,farm_1,farm,1,,774.0,0.0238,,,,,,,,,,,50,hitl
46,2026-04-09 17:30,slaughterhouse_1,slaughterhouse,0,,,,343.54,400.0,,,,,,,,,50,hitl
46,2026-04-09 17:30,wholesaler_1,wholesaler,0,,,,,,146.3,11.4,,,,,,,50,hitl
46,2026-04-09 17:30,retail_1,retail,0,,,,,,,,103.24,30.0,0.0,0.0,3.58,8.0,50,hitl
47,2026-04-09 17:45,supplier_1,supplier,0,885.42,,,,,,,,,,,,,50,hitl
47,2026-04-09 17:45,farm_1,farm,1,,774.0,0.0238,,,,,,,,,,,50,hitl
47,2026-04-09 17:45,slaughterhouse_1,slaughterhouse,0,,,,343.54,400.0,,,,,,,,,50,hitl
47,2026-04-09 17:45,wholesaler_1,wholesaler,0,,,,,,143.71,11.4,,,,,,,50,hitl
47,2026-04-09 17:45,retail_1,retail,0,,,,,,,,102.36,30.0,0.0,0.0,3.58,8.0,50,hitl
48,2026-04-09 18:00,supplier_1,supplier,0,884.49,,,,,,,,,,,,,50,hitl
48,2026-04-09 18:00,farm_1,farm,1,,774.0,0.0238,,,,,,,,,,,50,hitl
48,2026-04-09 18:00,slaughterhouse_1,slaughterhouse,0,,,,343.54,376.0,,,,,,,,,50,hitl
48,2026-04-09 18:00,wholesaler_1,wholesaler,0,,,,,,138.35,11.4,,,,,,,50,hitl
48,2026-04-09 18:00,retail_1,retail,0,,,,,,,,101.48,30.0,0.0,0.0,3.58,8.0,50,hitl
49,2026-04-09 18:15,supplier_1,supplier,0,883.93,,,,,,,,,,,,,50,hitl
49,2026-04-09 18:15,farm_1,farm,1,,774.0,0.0238,,,,,,,,,,,50,hitl
49,2026-04-09 18:15,slaughterhouse_1,slaughterhouse,0,,,,343.54,385.17,,,,,,,,,50,hitl
49,2026-04-09 18:15,wholesaler_1,wholesaler,0,,,,,,160.29,11.4,,,,,,,50,hitl
49,2026-04-09 18:15,retail_1,retail,0,,,,,,,,104.19,30.0,0.0,0.0,3.58,8.0,50,hitl
50,2026-04-09 18:30,supplier_1,supplier,0,883.16,,,,,,,,,,,,,50,hitl
50,2026-04-09 18:30,farm_1,farm,1,,774.0,0.0238,,,,,,,,,,,50,hitl
50,2026-04-09 18:30,slaughterhouse_1,slaughterhouse,0,,,,343.54,394.49,,,,,,,,,50,hitl
50,2026-04-09 18:30,wholesaler_1,wholesaler,0,,,,,,157.56,11.4,,,,,,,50,hitl
50,2026-04-09 18:30,retail_1,retail,0,,,,,,,,103.37,30.0,0.0,0.0,3.58,8.0,50,hitl
51,2026-04-09 18:45,supplier_1,supplier,0,882.42,,,,,,,,,,,,,50,hitl
51,2026-04-09 18:45,farm_1,farm,1,,774.0,0.0238,,,,,,,,,,,50,hitl
51,2026-04-09 18:45,slaughterhouse_1,slaughterhouse,0,,,,343.54,400.0,,,,,,,,,50,hitl
51,2026-04-09 18:45,wholesaler_1,wholesaler,0,,,,,,154.91,11.4,,,,,,,50,hitl
51,2026-04-09 18:45,retail_1,retail,0,,,,,,,,102.37,30.0,0.0,0.0,3.58,8.0,50,hitl
52,2026-04-09 19:00,supplier_1,supplier,0,881.24,,,,,,,,,,,,,50,hitl
52,2026-04-09 19:00,farm_1,farm,1,,774.0,0.0238,,,,,,,,,,,50,hitl
52,2026-04-09 19:00,slaughterhouse_1,slaughterhouse,0,,,,343.54,400.0,,,,,,,,,50,hitl
52,2026-04-09 19:00,wholesaler_1,wholesaler,0,,,,,,149.49,11.4,,,,,,,50,hitl
52,2026-04-09 19:00,retail_1,retail,0,,,,,,,,101.58,30.0,0.0,0.0,3.58,8.0,50,hitl
53,2026-04-09 19:15,supplier_1,supplier,0,880.56,,,,,,,,,,,,,50,hitl
53,2026-04-09 19:15,farm_1,farm,1,,774.0,0.0238,,,,,,,,,,,50,hitl
53,2026-04-09 19:15,slaughterhouse_1,slaughterhouse,0,,,,343.54,400.0,,,,,,,,,50,hitl
53,2026-04-09 19:15,wholesaler_1,wholesaler,0,,,,,,147.29,11.4,,,,,,,50,hitl
53,2026-04-09 19:15,retail_1,retail,0,,,,,,,,104.05,30.0,0.0,0.0,3.58,8.0,50,hitl
54,2026-04-09 19:30,supplier_1,supplier,0,879.24,,,,,,,,,,,,,50,hitl
54,2026-04-09 19:30,farm_1,farm,1,,774.0,0.0238,,,,,,,,,,,50,hitl
54,2026-04-09 19:30,slaughterhouse_1,slaughterhouse,0,,,,343.54,400.0,,,,,,,,,50,hitl
54,2026-04-09 19:30,wholesaler_1,wholesaler,0,,,,,,144.92,11.4,,,,,,,50,hitl
54,2026-04-09 19:30,retail_1,retail,0,,,,,,,,103.06,30.0,0.0,0.0,3.58,8.0,50,hitl
55,2026-04-09 19:45,supplier_1,supplier,0,878.71,,,,,,,,,,,,,50,hitl
55,2026-04-09 19:45,farm_1,farm,1,,774.0,0.0238,,,,,,,,,,,50,hitl
55,2026-04-09 19:45,slaughterhouse_1,slaughterhouse,0,,,,343.54,400.0,,,,,,,,,50,hitl
55,2026-04-09 19:45,wholesaler_1,wholesaler,0,,,,,,142.73,11.4,,,,,,,50,hitl
55,2026-04-09 19:45,retail_1,retail,0,,,,,,,,102.23,30.0,0.0,0.0,3.58,8.0,50,hitl
56,2026-04-09 20:00,supplier_1,supplier,0,877.34,,,,,,,,,,,,,50,hitl
56,2026-04-09 20:00,farm_1,farm,1,,774.0,0.0238,,,,,,,,,,,50,hitl
56,2026-04-09 20:00,slaughterhouse_1,slaughterhouse,0,,,,343.54,376.0,,,,,,,,,50,hitl
56,2026-04-09 20:00,wholesaler_1,wholesaler,0,,,,,,136.4,11.4,,,,,,,50,hitl
56,2026-04-09 20:00,retail_1,retail,0,,,,,,,,101.38,30.0,0.0,0.0,3.58,8.0,50,hitl
57,2026-04-09 20:15,supplier_1,supplier,1,290.03,,,,,,,,,,,,,50,hitl
57,2026-04-09 20:15,farm_1,farm,1,,774.0,0.0238,,,,,,,,,,,50,hitl
57,2026-04-09 20:15,slaughterhouse_1,slaughterhouse,0,,,,343.54,385.44,,,,,,,,,50,hitl
57,2026-04-09 20:15,wholesaler_1,wholesaler,0,,,,,,158.17,11.4,,,,,,,50,hitl
57,2026-04-09 20:15,retail_1,retail,0,,,,,,,,104.01,30.0,0.0,0.0,3.58,8.0,50,hitl
58,2026-04-09 20:30,supplier_1,supplier,1,288.93,,,,,,,,,,,,,50,hitl
58,2026-04-09 20:30,farm_1,farm,1,,774.0,0.0238,,,,,,,,,,,50,hitl
58,2026-04-09 20:30,slaughterhouse_1,slaughterhouse,0,,,,343.54,395.58,,,,,,,,,50,hitl
58,2026-04-09 20:30,wholesaler_1,wholesaler,0,,,,,,155.45,11.4,,,,,,,50,hitl
58,2026-04-09 20:30,retail_1,retail,0,,,,,,,,103.2,30.0,0.0,0.0,3.58,8.0,50,hitl
59,2026-04-09 20:45,supplier_1,supplier,1,288.18,,,,,,,,,,,,,50,hitl
59,2026-04-09 20:45,farm_1,farm,1,,774.0,0.0238,,,,,,,,,,,50,hitl
59,2026-04-09 20:45,slaughterhouse_1,slaughterhouse,0,,,,343.54,400.0,,,,,,,,,50,hitl
59,2026-04-09 20:45,wholesaler_1,wholesaler,0,,,,,,152.95,11.4,,,,,,,50,hitl
59,2026-04-09 20:45,retail_1,retail,0,,,,,,,,102.35,30.0,0.0,0.0,3.58,8.0,50,hitl
60,2026-04-09 21:00,supplier_1,supplier,1,287.46,,,,,,,,,,,,,50,hitl
60,2026-04-09 21:00,farm_1,farm,1,,774.0,0.0238,,,,,,,,,,,50,hitl
60,2026-04-09 21:00,slaughterhouse_1,slaughterhouse,0,,,,343.54,400.0,,,,,,,,,50,hitl
60,2026-04-09 21:00,wholesaler_1,wholesaler,0,,,,,,147.08,11.4,,,,,,,50,hitl
60,2026-04-09 21:00,retail_1,retail,0,,,,,,,,101.43,30.0,0.0,0.0,3.58,8.0,50,hitl
61,2026-04-09 21:15,supplier_1,supplier,1,286.45,,,,,,,,,,,,,50,hitl
61,2026-04-09 21:15,farm_1,farm,1,,774.0,0.0238,,,,,,,,,,,50,hitl
61,2026-04-09 21:15,slaughterhouse_1,slaughterhouse,0,,,,343.54,400.0,,,,,,,,,50,hitl
61,2026-04-09 21:15,wholesaler_1,wholesaler,0,,,,,,144.48,11.4,,,,,,,50,hitl
61,2026-04-09 21:15,retail_1,retail,0,,,,,,,,104.09,30.0,0.0,0.0,3.58,8.0,50,hitl
62,2026-04-09 21:30,supplier_1,supplier,1,285.6,,,,,,,,,,,,,50,hitl
62,2026-04-09 21:30,farm_1,farm,1,,774.0,0.0238,,,,,,,,,,,50,hitl
62,2026-04-09 21:30,slaughterhouse_1,slaughterhouse,0,,,,343.54,400.0,,,,,,,,,50,hitl
62,2026-04-09 21:30,wholesaler_1,wholesaler,0,,,,,,142.54,11.4,,,,,,,50,hitl
62,2026-04-09 21:30,retail_1,retail,0,,,,,,,,103.16,30.0,0.0,0.0,3.58,8.0,50,hitl
63,2026-04-09 21:45,supplier_1,supplier,1,284.87,,,,,,,,,,,,,50,hitl
63,2026-04-09 21:45,farm_1,farm,1,,774.0,0.0238,,,,,,,,,,,50,hitl
63,2026-04-09 21:45,slaughterhouse_1,slaughterhouse,0,,,,343.54,400.0,,,,,,,,,50,hitl
63,2026-04-09 21:45,wholesaler_1,wholesaler,0,,,,,,140.15,11.4,,,,,,,50,hitl
63,2026-04-09 21:45,retail_1,retail,0,,,,,,,,102.3,30.0,0.0,0.0,3.58,8.0,50,hitl
64,2026-04-09 22:00,supplier_1,supplier,1,284.12,,,,,,,,,,,,,50,hitl
64,2026-04-09 22:00,farm_1,farm,1,,774.0,0.0238,,,,,,,,,,,50,hitl
64,2026-04-09 22:00,slaughterhouse_1,slaughterhouse,0,,,,343.54,376.0,,,,,,,,,50,hitl
64,2026-04-09 22:00,wholesaler_1,wholesaler,0,,,,,,133.69,11.4,,,,,,,50,hitl
64,2026-04-09 22:00,retail_1,retail,0,,,,,,,,101.35,30.0,0.0,0.0,3.58,8.0,50,hitl
65,2026-04-09 22:15,supplier_1,supplier,1,283.32,,,,,,,,,,,,,50,hitl
65,2026-04-09 22:15,farm_1,farm,1,,774.0,0.0238,,,,,,,,,,,50,hitl
65,2026-04-09 22:15,slaughterhouse_1,slaughterhouse,0,,,,343.54,385.53,,,,,,,,,50,hitl
65,2026-04-09 22:15,wholesaler_1,wholesaler,0,,,,,,155.92,11.4,,,,,,,50,hitl
65,2026-04-09 22:15,retail_1,retail,0,,,,,,,,104.09,30.0,0.0,0.0,3.58,8.0,50,hitl
66,2026-04-09 22:30,supplier_1,supplier,1,282.61,,,,,,,,,,,,,50,hitl
66,2026-04-09 22:30,farm_1,farm,1,,774.0,0.0238,,,,,,,,,,,50,hitl
66,2026-04-09 22:30,slaughterhouse_1,slaughterhouse,0,,,,343.54,395.41,,,,,,,,,50,hitl
66,2026-04-09 22:30,wholesaler_1,wholesaler,0,,,,,,153.23,11.4,,,,,,,50,hitl
66,2026-04-09 22:30,retail_1,retail,0,,,,,,,,103.11,30.0,0.0,0.0,3.58,8.0,50,hitl
67,2026-04-09 22:45,supplier_1,supplier,1,281.19,,,,,,,,,,,,,50,hitl
67,2026-04-09 22:45,farm_1,farm,1,,774.0,0.0238,,,,,,,,,,,50,hitl
67,2026-04-09 22:45,slaughterhouse_1,slaughterhouse,0,,,,343.54,400.0,,,,,,,,,50,hitl
67,2026-04-09 22:45,wholesaler_1,wholesaler,0,,,,,,150.59,11.4,,,,,,,50,hitl
67,2026-04-09 22:45,retail_1,retail,0,,,,,,,,102.11,30.0,0.0,0.0,3.58,8.0,50,hitl
68,2026-04-09 23:00,supplier_1,supplier,1,279.77,,,,,,,,,,,,,50,hitl
68,2026-04-09 23:00,farm_1,farm,1,,774.0,0.0238,,,,,,,,,,,50,hitl
68,2026-04-09 23:00,slaughterhouse_1,slaughterhouse,0,,,,343.54,400.0,,,,,,,,,50,hitl
68,2026-04-09 23:00,wholesaler_1,wholesaler,0,,,,,,145.19,11.4,,,,,,,50,hitl
68,2026-04-09 23:00,retail_1,retail,0,,,,,,,,101.19,30.0,0.0,0.0,3.58,8.0,50,hitl
69,2026-04-09 23:15,supplier_1,supplier,1,278.36,,,,,,,,,,,,,50,hitl
69,2026-04-09 23:15,farm_1,farm,1,,774.0,0.0238,,,,,,,,,,,50,hitl
69,2026-04-09 23:15,slaughterhouse_1,slaughterhouse,0,,,,343.54,400.0,,,,,,,,,50,hitl
69,2026-04-09 23:15,wholesaler_1,wholesaler,0,,,,,,142.21,11.4,,,,,,,50,hitl
69,2026-04-09 23:15,retail_1,retail,0,,,,,,,,104.04,30.0,0.0,0.0,3.58,8.0,50,hitl
70,2026-04-09 23:30,supplier_1,supplier,1,276.88,,,,,,,,,,,,,50,hitl
70,2026-04-09 23:30,farm_1,farm,1,,774.0,0.0238,,,,,,,,,,,50,hitl
70,2026-04-09 23:30,slaughterhouse_1,slaughterhouse,0,,,,343.54,400.0,,,,,,,,,50,hitl
70,2026-04-09 23:30,wholesaler_1,wholesaler,0,,,,,,140.5,11.4,,,,,,,50,hitl
70,2026-04-09 23:30,retail_1,retail,0,,,,,,,,103.13,30.0,0.0,0.0,3.58,8.0,50,hitl
71,2026-04-09 23:45,supplier_1,supplier,1,275.93,,,,,,,,,,,,,50,hitl
71,2026-04-09 23:45,farm_1,farm,1,,774.0,0.0238,,,,,,,,,,,50,hitl
71,2026-04-09 23:45,slaughterhouse_1,slaughterhouse,0,,,,343.54,400.0,,,,,,,,,50,hitl
71,2026-04-09 23:45,wholesaler_1,wholesaler,0,,,,,,137.71,11.4,,,,,,,50,hitl
71,2026-04-09 23:45,retail_1,retail,0,,,,,,,,102.3,30.0,0.0,0.0,3.58,8.0,50,hitl
72,2026-04-10 00:00,supplier_1,supplier,1,274.66,,,,,,,,,,,,,50,hitl
72,2026-04-10 00:00,farm_1,farm,0,,774.0,0.0238,,,,,,,,,,,50,hitl
72,2026-04-10 00:00,slaughterhouse_1,slaughterhouse,0,,,,343.54,376.0,,,,,,,,,50,hitl
72,2026-04-10 00:00,wholesaler_1,wholesaler,0,,,,,,132.0,11.4,,,,,,,50,hitl
72,2026-04-10 00:00,retail_1,retail,0,,,,,,,,101.43,30.0,0.0,0.0,3.58,8.0,50,hitl
73,2026-04-10 00:15,supplier_1,supplier,1,273.45,,,,,,,,,,,,,50,hitl
73,2026-04-10 00:15,farm_1,farm,0,,774.0,0.0238,,,,,,,,,,,50,hitl
73,2026-04-10 00:15,slaughterhouse_1,slaughterhouse,0,,,,343.54,384.92,,,,,,,,,50,hitl
73,2026-04-10 00:15,wholesaler_1,wholesaler,0,,,,,,153.33,11.4,,,,,,,50,hitl
73,2026-04-10 00:15,retail_1,retail,0,,,,,,,,104.06,30.0,0.0,0.0,3.58,8.0,50,hitl
74,2026-04-10 00:30,supplier_1,supplier,1,272.38,,,,,,,,,,,,,50,hitl
74,2026-04-10 00:30,farm_1,farm,0,,774.0,0.0238,,,,,,,,,,,50,hitl
74,2026-04-10 00:30,slaughterhouse_1,slaughterhouse,0,,,,343.54,394.81,,,,,,,,,50,hitl
74,2026-04-10 00:30,wholesaler_1,wholesaler,0,,,,,,151.05,11.4,,,,,,,50,hitl
74,2026-04-10 00:30,retail_1,retail,0,,,,,,,,103.11,30.0,0.0,0.0,3.58,8.0,50,hitl
75,2026-04-10 00:45,supplier_1,supplier,1,271.44,,,,,,,,,,,,,50,hitl
75,2026-04-10 00:45,farm_1,farm,0,,774.0,0.0238,,,,,,,,,,,50,hitl
75,2026-04-10 00:45,slaughterhouse_1,slaughterhouse,0,,,,343.54,400.0,,,,,,,,,50,hitl
75,2026-04-10 00:45,wholesaler_1,wholesaler,0,,,,,,148.84,11.4,,,,,,,50,hitl
75,2026-04-10 00:45,retail_1,retail,0,,,,,,,,102.12,30.0,0.0,0.0,3.58,8.0,50,hitl
76,2026-04-10 01:00,supplier_1,supplier,1,270.17,,,,,,,,,,,,,50,hitl
76,2026-04-10 01:00,farm_1,farm,0,,774.0,0.0238,,,,,,,,,,,50,hitl
76,2026-04-10 01:00,slaughterhouse_1,slaughterhouse,0,,,,343.54,400.0,,,,,,,,,50,hitl
76,2026-04-10 01:00,wholesaler_1,wholesaler,0,,,,,,143.32,11.4,,,,,,,50,hitl
76,2026-04-10 01:00,retail_1,retail,0,,,,,,,,101.13,30.0,0.0,0.0,3.58,8.0,50,hitl
77,2026-04-10 01:15,supplier_1,supplier,1,269.58,,,,,,,,,,,,,50,hitl
77,2026-04-10 01:15,farm_1,farm,0,,774.0,0.0238,,,,,,,,,,,50,hitl
77,2026-04-10 01:15,slaughterhouse_1,slaughterhouse,0,,,,343.54,400.0,,,,,,,,,50,hitl
77,2026-04-10 01:15,wholesaler_1,wholesaler,0,,,,,,141.32,11.4,,,,,,,50,hitl
77,2026-04-10 01:15,retail_1,retail,0,,,,,,,,104.05,30.0,0.0,0.0,3.58,8.0,50,hitl
78,2026-04-10 01:30,supplier_1,supplier,1,268.52,,,,,,,,,,,,,50,hitl
78,2026-04-10 01:30,farm_1,farm,0,,774.0,0.0238,,,,,,,,,,,50,hitl
78,2026-04-10 01:30,slaughterhouse_1,slaughterhouse,0,,,,343.54,400.0,,,,,,,,,50,hitl
78,2026-04-10 01:30,wholesaler_1,wholesaler,0,,,,,,139.33,11.4,,,,,,,50,hitl
78,2026-04-10 01:30,retail_1,retail,0,,,,,,,,103.14,30.0,0.0,0.0,3.58,8.0,50,hitl
79,2026-04-10 01:45,supplier_1,supplier,1,267.56,,,,,,,,,,,,,50,hitl
79,2026-04-10 01:45,farm_1,farm,0,,774.0,0.0238,,,,,,,,,,,50,hitl
79,2026-04-10 01:45,slaughterhouse_1,slaughterhouse,0,,,,343.54,400.0,,,,,,,,,50,hitl
79,2026-04-10 01:45,wholesaler_1,wholesaler,0,,,,,,137.54,11.4,,,,,,,50,hitl
79,2026-04-10 01:45,retail_1,retail,0,,,,,,,,102.23,30.0,0.0,0.0,3.58,8.0,50,hitl
80,2026-04-10 02:00,supplier_1,supplier,1,266.57,,,,,,,,,,,,,50,hitl
80,2026-04-10 02:00,farm_1,farm,0,,774.0,0.0238,,,,,,,,,,,50,hitl
80,2026-04-10 02:00,slaughterhouse_1,slaughterhouse,0,,,,343.54,376.0,,,,,,,,,50,hitl
80,2026-04-10 02:00,wholesaler_1,wholesaler,0,,,,,,131.8,11.4,,,,,,,50,hitl
80,2026-04-10 02:00,retail_1,retail,0,,,,,,,,101.33,30.0,0.0,0.0,3.58,8.0,50,hitl
81,2026-04-10 02:15,supplier_1,supplier,1,265.37,,,,,,,,,,,,,50,hitl
81,2026-04-10 02:15,farm_1,farm,0,,774.0,0.0238,,,,,,,,,,,50,hitl
81,2026-04-10 02:15,slaughterhouse_1,slaughterhouse,0,,,,343.54,386.16,,,,,,,,,50,hitl
81,2026-04-10 02:15,wholesaler_1,wholesaler,0,,,,,,153.93,11.4,,,,,,,50,hitl
81,2026-04-10 02:15,retail_1,retail,0,,,,,,,,104.03,30.0,0.0,0.0,3.58,8.0,50,hitl
82,2026-04-10 02:30,supplier_1,supplier,1,263.93,,,,,,,,,,,,,50,hitl
82,2026-04-10 02:30,farm_1,farm,0,,774.0,0.0238,,,,,,,,,,,50,hitl
82,2026-04-10 02:30,slaughterhouse_1,slaughterhouse,0,,,,343.54,395.67,,,,,,,,,50,hitl
82,2026-04-10 02:30,wholesaler_1,wholesaler,0,,,,,,151.99,11.4,,,,,,,50,hitl
82,2026-04-10 02:30,retail_1,retail,0,,,,,,,,103.07,30.0,0.0,0.0,3.58,8.0,50,hitl
83,2026-04-10 02:45,supplier_1,supplier,1,263.0,,,,,,,,,,,,,50,hitl
83,2026-04-10 02:45,farm_1,farm,0,,774.0,0.0238,,,,,,,,,,,50,hitl
83,2026-04-10 02:45,slaughterhouse_1,slaughterhouse,0,,,,343.54,400.0,,,,,,,,,50,hitl
83,2026-04-10 02:45,wholesaler_1,wholesaler,0,,,,,,150.47,11.4,,,,,,,50,hitl
83,2026-04-10 02:45,retail_1,retail,0,,,,,,,,102.25,30.0,0.0,0.0,3.58,8.0,50,hitl
84,2026-04-10 03:00,supplier_1,supplier,1,261.73,,,,,,,,,,,,,50,hitl
84,2026-04-10 03:00,farm_1,farm,0,,774.0,0.0238,,,,,,,,,,,50,hitl
84,2026-04-10 03:00,slaughterhouse_1,slaughterhouse,0,,,,343.54,400.0,,,,,,,,,50,hitl
84,2026-04-10 03:00,wholesaler_1,wholesaler,0,,,,,,144.41,11.4,,,,,,,50,hitl
84,2026-04-10 03:00,retail_1,retail,0,,,,,,,,101.33,30.0,0.0,0.0,3.58,8.0,50,hitl
85,2026-04-10 03:15,supplier_1,supplier,1,261.18,,,,,,,,,,,,,50,hitl
85,2026-04-10 03:15,farm_1,farm,0,,774.0,0.0238,,,,,,,,,,,50,hitl
85,2026-04-10 03:15,slaughterhouse_1,slaughterhouse,0,,,,343.54,400.0,,,,,,,,,50,hitl
85,2026-04-10 03:15,wholesaler_1,wholesaler,0,,,,,,141.7,11.4,,,,,,,50,hitl
85,2026-04-10 03:15,retail_1,retail,0,,,,,,,,104.05,30.0,0.0,0.0,3.58,8.0,50,hitl
86,2026-04-10 03:30,supplier_1,supplier,1,259.99,,,,,,,,,,,,,50,hitl
86,2026-04-10 03:30,farm_1,farm,0,,774.0,0.0238,,,,,,,,,,,50,hitl
86,2026-04-10 03:30,slaughterhouse_1,slaughterhouse,0,,,,343.54,400.0,,,,,,,,,50,hitl
86,2026-04-10 03:30,wholesaler_1,wholesaler,0,,,,,,138.7,11.4,,,,,,,50,hitl
86,2026-04-10 03:30,retail_1,retail,0,,,,,,,,103.19,30.0,0.0,0.0,3.58,8.0,50,hitl
87,2026-04-10 03:45,supplier_1,supplier,1,258.56,,,,,,,,,,,,,50,hitl
87,2026-04-10 03:45,farm_1,farm,0,,774.0,0.0238,,,,,,,,,,,50,hitl
87,2026-04-10 03:45,slaughterhouse_1,slaughterhouse,0,,,,343.54,400.0,,,,,,,,,50,hitl
87,2026-04-10 03:45,wholesaler_1,wholesaler,0,,,,,,136.01,11.4,,,,,,,50,hitl
87,2026-04-10 03:45,retail_1,retail,0,,,,,,,,102.27,30.0,0.0,0.0,3.58,8.0,50,hitl
88,2026-04-10 04:00,supplier_1,supplier,1,257.69,,,,,,,,,,,,,50,hitl
88,2026-04-10 04:00,farm_1,farm,0,,774.0,0.0238,,,,,,,,,,,50,hitl
88,2026-04-10 04:00,slaughterhouse_1,slaughterhouse,0,,,,343.54,376.0,,,,,,,,,50,hitl
88,2026-04-10 04:00,wholesaler_1,wholesaler,0,,,,,,130.24,11.4,,,,,,,50,hitl
88,2026-04-10 04:00,retail_1,retail,0,,,,,,,,101.43,30.0,0.0,0.0,3.58,8.0,50,hitl
89,2026-04-10 04:15,supplier_1,supplier,1,256.85,,,,,,,,,,,,,50,hitl
89,2026-04-10 04:15,farm_1,farm,0,,774.0,0.0238,,,,,,,,,,,50,hitl
89,2026-04-10 04:15,slaughterhouse_1,slaughterhouse,0,,,,343.54,385.84,,,,,,,,,50,hitl
89,2026-04-10 04:15,wholesaler_1,wholesaler,0,,,,,,151.95,11.4,,,,,,,50,hitl
89,2026-04-10 04:15,retail_1,retail,0,,,,,,,,104.07,30.0,0.0,0.0,3.58,8.0,50,hitl
90,2026-04-10 04:30,supplier_1,supplier,1,255.77,,,,,,,,,,,,,50,hitl
90,2026-04-10 04:30,farm_1,farm,0,,774.0,0.0238,,,,,,,,,,,50,hitl
90,2026-04-10 04:30,slaughterhouse_1,slaughterhouse,0,,,,343.54,395.72,,,,,,,,,50,hitl
90,2026-04-10 04:30,wholesaler_1,wholesaler,0,,,,,,150.33,11.4,,,,,,,50,hitl
90,2026-04-10 04:30,retail_1,retail,0,,,,,,,,103.16,30.0,0.0,0.0,3.58,8.0,50,hitl
91,2026-04-10 04:45,supplier_1,supplier,1,254.67,,,,,,,,,,,,,50,hitl
91,2026-04-10 04:45,farm_1,farm,0,,774.0,0.0238,,,,,,,,,,,50,hitl
91,2026-04-10 04:45,slaughterhouse_1,slaughterhouse,0,,,,343.54,400.0,,,,,,,,,50,hitl
91,2026-04-10 04:45,wholesaler_1,wholesaler,0,,,,,,147.8,11.4,,,,,,,50,hitl
91,2026-04-10 04:45,retail_1,retail,0,,,,,,,,102.19,30.0,0.0,0.0,3.58,8.0,50,hitl
92,2026-04-10 05:00,supplier_1,supplier,1,253.31,,,,,,,,,,,,,50,hitl
92,2026-04-10 05:00,farm_1,farm,0,,774.0,0.0238,,,,,,,,,,,50,hitl
92,2026-04-10 05:00,slaughterhouse_1,slaughterhouse,0,,,,343.54,400.0,,,,,,,,,50,hitl
92,2026-04-10 05:00,wholesaler_1,wholesaler,0,,,,,,142.15,11.4,,,,,,,50,hitl
92,2026-04-10 05:00,retail_1,retail,0,,,,,,,,101.3,30.0,0.0,0.0,3.58,8.0,50,hitl
93,2026-04-10 05:15,supplier_1,supplier,1,251.92,,,,,,,,,,,,,50,hitl
93,2026-04-10 05:15,farm_1,farm,0,,774.0,0.0238,,,,,,,,,,,50,hitl
93,2026-04-10 05:15,slaughterhouse_1,slaughterhouse,0,,,,343.54,400.0,,,,,,,,,50,hitl
93,2026-04-10 05:15,wholesaler_1,wholesaler,0,,,,,,139.41,11.4,,,,,,,50,hitl
93,2026-04-10 05:15,retail_1,retail,0,,,,,,,,104.13,30.0,0.0,0.0,3.58,8.0,50,hitl
94,2026-04-10 05:30,supplier_1,supplier,1,250.81,,,,,,,,,,,,,50,hitl
94,2026-04-10 05:30,farm_1,farm,0,,774.0,0.0238,,,,,,,,,,,50,hitl
94,2026-04-10 05:30,slaughterhouse_1,slaughterhouse,0,,,,343.54,400.0,,,,,,,,,50,hitl
94,2026-04-10 05:30,wholesaler_1,wholesaler,0,,,,,,137.27,11.4,,,,,,,50,hitl
94,2026-04-10 05:30,retail_1,retail,0,,,,,,,,103.29,30.0,0.0,0.0,3.58,8.0,50,hitl
95,2026-04-10 05:45,supplier_1,supplier,1,249.53,,,,,,,,,,,,,50,hitl
95,2026-04-10 05:45,farm_1,farm,0,,774.0,0.0238,,,,,,,,,,,50,hitl
95,2026-04-10 05:45,slaughterhouse_1,slaughterhouse,0,,,,343.54,400.0,,,,,,,,,50,hitl
95,2026-04-10 05:45,wholesaler_1,wholesaler,0,,,,,,135.62,11.4,,,,,,,50,hitl
95,2026-04-10 05:45,retail_1,retail,0,,,,,,,,102.34,30.0,0.0,0.0,3.58,8.0,50,hitl
96,2026-04-10 06:00,supplier_1,supplier,1,248.68,,,,,,,,,,,,,50,hitl
96,2026-04-10 06:00,farm_1,farm,0,,774.0,0.0238,,,,,,,,,,,50,hitl
96,2026-04-10 06:00,slaughterhouse_1,slaughterhouse,0,,,,343.54,376.0,,,,,,,,,50,hitl
96,2026-04-10 06:00,wholesaler_1,wholesaler,0,,,,,,129.53,11.4,,,,,,,50,hitl
96,2026-04-10 06:00,retail_1,retail,0,,,,,,,,101.38,30.0,0.0,0.0,3.58,8.0,50,hitl
97,2026-04-10 06:15,supplier_1,supplier,1,247.67,,,,,,,,,,,,,50,hitl
97,2026-04-10 06:15,farm_1,farm,0,,774.0,0.0238,,,,,,,,,,,50,hitl
97,2026-04-10 06:15,slaughterhouse_1,slaughterhouse,0,,,,343.54,385.0,,,,,,,,,50,hitl
97,2026-04-10 06:15,wholesaler_1,wholesaler,0,,,,,,150.77,11.4,,,,,,,50,hitl
97,2026-04-10 06:15,retail_1,retail,0,,,,,,,,104.2,30.0,0.0,0.0,3.58,8.0,50,hitl
98,2026-04-10 06:30,supplier_1,supplier,1,246.83,,,,,,,,,,,,,50,hitl
98,2026-04-10 06:30,farm_1,farm,0,,774.0,0.0238,,,,,,,,,,,50,hitl
98,2026-04-10 06:30,slaughterhouse_1,slaughterhouse,0,,,,343.54,394.85,,,,,,,,,50,hitl
98,2026-04-10 06:30,wholesaler_1,wholesaler,0,,,,,,148.76,11.4,,,,,,,50,hitl
98,2026-04-10 06:30,retail_1,retail,0,,,,,,,,103.26,30.0,0.0,0.0,3.58,8.0,50,hitl
99,2026-04-10 06:45,supplier_1,supplier,1,246.22,,,,,,,,,,,,,50,hitl
99,2026-04-10 06:45,farm_1,farm,0,,774.0,0.0238,,,,,,,,,,,50,hitl
99,2026-04-10 06:45,slaughterhouse_1,slaughterhouse,0,,,,343.54,400.0,,,,,,,,,50,hitl
99,2026-04-10 06:45,wholesaler_1,wholesaler,0,,,,,,146.41,11.4,,,,,,,50,hitl
99,2026-04-10 06:45,retail_1,retail,0,,,,,,,,102.47,30.0,0.0,0.0,3.58,8.0,50,hitl
100,2026-04-10 07:00,supplier_1,supplier,1,245.04,,,,,,,,,,,,,50,hitl
100,2026-04-10 07:00,farm_1,farm,0,,774.0,0.0238,,,,,,,,,,,50,hitl
100,2026-04-10 07:00,slaughterhouse_1,slaughterhouse,0,,,,343.54,400.0,,,,,,,,,50,hitl
100,2026-04-10 07:00,wholesaler_1,wholesaler,0,,,,,,141.12,11.4,,,,,,,50,hitl
100,2026-04-10 07:00,retail_1,retail,0,,,,,,,,101.65,30.0,0.0,0.0,3.58,8.0,50,hitl
101,2026-04-10 07:15,supplier_1,supplier,1,243.61,,,,,,,,,,,,,50,hitl
101,2026-04-10 07:15,farm_1,farm,0,,774.0,0.0238,,,,,,,,,,,50,hitl
101,2026-04-10 07:15,slaughterhouse_1,slaughterhouse,0,,,,343.54,400.0,,,,,,,,,50,hitl
101,2026-04-10 07:15,wholesaler_1,wholesaler,0,,,,,,139.46,11.4,,,,,,,50,hitl
101,2026-04-10 07:15,retail_1,retail,0,,,,,,,,104.03,30.0,0.0,0.0,3.58,8.0,50,hitl
102,2026-04-10 07:30,supplier_1,supplier,1,242.22,,,,,,,,,,,,,50,hitl
102,2026-04-10 07:30,farm_1,farm,0,,774.0,0.0238,,,,,,,,,,,50,hitl
102,2026-04-10 07:30,slaughterhouse_1,slaughterhouse,0,,,,343.54,400.0,,,,,,,,,50,hitl
102,2026-04-10 07:30,wholesaler_1,wholesaler,0,,,,,,136.71,11.4,,,,,,,50,hitl
102,2026-04-10 07:30,retail_1,retail,0,,,,,,,,103.15,30.0,0.0,0.0,3.58,8.0,50,hitl
103,2026-04-10 07:45,supplier_1,supplier,1,241.66,,,,,,,,,,,,,50,hitl
103,2026-04-10 07:45,farm_1,farm,0,,774.0,0.0238,,,,,,,,,,,50,hitl
103,2026-04-10 07:45,slaughterhouse_1,slaughterhouse,0,,,,343.54,400.0,,,,,,,,,50,hitl
103,2026-04-10 07:45,wholesaler_1,wholesaler,0,,,,,,134.99,11.4,,,,,,,50,hitl
103,2026-04-10 07:45,retail_1,retail,0,,,,,,,,102.15,30.0,0.0,0.0,3.58,8.0,50,hitl
104,2026-04-10 08:00,supplier_1,supplier,1,240.32,,,,,,,,,,,,,50,hitl
104,2026-04-10 08:00,farm_1,farm,0,,774.0,0.0238,,,,,,,,,,,50,hitl
104,2026-04-10 08:00,slaughterhouse_1,slaughterhouse,0,,,,343.54,376.0,,,,,,,,,50,hitl
104,2026-04-10 08:00,wholesaler_1,wholesaler,0,,,,,,129.59,11.4,,,,,,,50,hitl
104,2026-04-10 08:00,retail_1,retail,0,,,,,,,,101.26,30.0,0.0,0.0,3.58,8.0,50,hitl
105,2026-04-10 08:15,supplier_1,supplier,1,239.36,,,,,,,,,,,,,50,hitl
105,2026-04-10 08:15,farm_1,farm,0,,774.0,0.0238,,,,,,,,,,,50,hitl
105,2026-04-10 08:15,slaughterhouse_1,slaughterhouse,0,,,,343.54,385.82,,,,,,,,,50,hitl
105,2026-04-10 08:15,wholesaler_1,wholesaler,0,,,,,,150.81,11.4,,,,,,,50,hitl
105,2026-04-10 08:15,retail_1,retail,0,,,,,,,,104.2,30.0,0.0,0.0,3.58,8.0,50,hitl
106,2026-04-10 08:30,supplier_1,supplier,1,238.34,,,,,,,,,,,,,50,hitl
106,2026-04-10 08:30,farm_1,farm,0,,774.0,0.0238,,,,,,,,,,,50,hitl
106,2026-04-10 08:30,slaughterhouse_1,slaughterhouse,0,,,,343.54,394.76,,,,,,,,,50,hitl
106,2026-04-10 08:30,wholesaler_1,wholesaler,0,,,,,,147.85,11.4,,,,,,,50,hitl
106,2026-04-10 08:30,retail_1,retail,0,,,,,,,,103.25,30.0,0.0,0.0,3.58,8.0,50,hitl
107,2026-04-10 08:45,supplier_1,supplier,1,237.41,,,,,,,,,,,,,50,hitl
107,2026-04-10 08:45,farm_1,farm,0,,774.0,0.0238,,,,,,,,,,,50,hitl
107,2026-04-10 08:45,slaughterhouse_1,slaughterhouse,0,,,,343.54,400.0,,,,,,,,,50,hitl
107,2026-04-10 08:45,wholesaler_1,wholesaler,0,,,,,,144.96,11.4,,,,,,,50,hitl
107,2026-04-10 08:45,retail_1,retail,0,,,,,,,,102.39,30.0,0.0,0.0,3.58,8.0,50,hitl
108,2026-04-10 09:00,supplier_1,supplier,1,235.99,,,,,,,,,,,,,50,hitl
108,2026-04-10 09:00,farm_1,farm,1,,774.0,0.0238,,,,,,,,,,,50,hitl
108,2026-04-10 09:00,slaughterhouse_1,slaughterhouse,0,,,,274.832,400.0,,,,,,,,,50,hitl
108,2026-04-10 09:00,wholesaler_1,wholesaler,0,,,,,,139.64,11.4,,,,,,,50,hitl
108,2026-04-10 09:00,retail_1,retail,0,,,,,,,,101.4,30.0,0.0,0.0,3.58,23.2181,50,hitl
109,2026-04-10 09:15,supplier_1,supplier,1,235.25,,,,,,,,,,,,,50,hitl
109,2026-04-10 09:15,farm_1,farm,1,,774.0,0.0238,,,,,,,,,,,50,hitl
109,2026-04-10 09:15,slaughterhouse_1,slaughterhouse,0,,,,274.832,400.0,,,,,,,,,50,hitl
109,2026-04-10 09:15,wholesaler_1,wholesaler,0,,,,,,137.69,11.4,,,,,,,50,hitl
109,2026-04-10 09:15,retail_1,retail,0,,,,,,,,104.14,30.0,0.0,0.0,3.58,23.2181,50,hitl
110,2026-04-10 09:30,supplier_1,supplier,1,234.38,,,,,,,,,,,,,50,hitl
110,2026-04-10 09:30,farm_1,farm,1,,774.0,0.0238,,,,,,,,,,,50,hitl
110,2026-04-10 09:30,slaughterhouse_1,slaughterhouse,0,,,,274.832,400.0,,,,,,,,,50,hitl
110,2026-04-10 09:30,wholesaler_1,wholesaler,0,,,,,,134.91,11.4,,,,,,,50,hitl
110,2026-04-10 09:30,retail_1,retail,0,,,,,,,,103.25,30.0,0.0,0.0,3.58,23.2181,50,hitl
111,2026-04-10 09:45,supplier_1,supplier,1,233.66,,,,,,,,,,,,,50,hitl
111,2026-04-10 09:45,farm_1,farm,1,,774.0,0.0238,,,,,,,,,,,50,hitl
111,2026-04-10 09:45,slaughterhouse_1,slaughterhouse,0,,,,274.832,400.0,,,,,,,,,50,hitl
111,2026-04-10 09:45,wholesaler_1,wholesaler,0,,,,,,132.94,11.4,,,,,,,50,hitl
111,2026-04-10 09:45,retail_1,retail,0,,,,,,,,102.26,30.0,0.0,0.0,3.58,23.2181,50,hitl
112,2026-04-10 10:00,supplier_1,supplier,1,232.37,,,,,,,,,,,,,50,hitl
112,2026-04-10 10:00,farm_1,farm,1,,774.0,0.0238,,,,,,,,,,,50,hitl
112,2026-04-10 10:00,slaughterhouse_1,slaughterhouse,0,,,,274.832,376.0,,,,,,,,,50,hitl
112,2026-04-10 10:00,wholesaler_1,wholesaler,0,,,,,,126.59,11.4,,,,,,,50,hitl
112,2026-04-10 10:00,retail_1,retail,0,,,,,,,,101.32,30.0,0.0,0.0,3.58,23.2181,50,hitl
113,2026-04-10 10:15,supplier_1,supplier,1,231.71,,,,,,,,,,,,,50,hitl
113,2026-04-10 10:15,farm_1,farm,1,,774.0,0.0238,,,,,,,,,,,50,hitl
113,2026-04-10 10:15,slaughterhouse_1,slaughterhouse,0,,,,274.832,383.22,,,,,,,,,50,hitl
113,2026-04-10 10:15,wholesaler_1,wholesaler,0,,,,,,149.06,11.4,,,,,,,50,hitl
113,2026-04-10 10:15,retail_1,retail,0,,,,,,,,104.04,30.0,0.0,0.0,3.58,23.2181,50,hitl
114,2026-04-10 10:30,supplier_1,supplier,1,230.26,,,,,,,,,,,,,50,hitl
114,2026-04-10 10:30,farm_1,farm,1,,774.0,0.0238,,,,,,,,,,,50,hitl
114,2026-04-10 10:30,slaughterhouse_1,slaughterhouse,0,,,,274.832,391.4,,,,,,,,,50,hitl
114,2026-04-10 10:30,wholesaler_1,wholesaler,0,,,,,,146.38,11.4,,,,,,,50,hitl
114,2026-04-10 10:30,retail_1,retail,0,,,,,,,,103.23,30.0,0.0,0.0,3.58,23.2181,50,hitl
115,2026-04-10 10:45,supplier_1,supplier,1,228.98,,,,,,,,,,,,,50,hitl
115,2026-04-10 10:45,farm_1,farm,1,,401.0,0.138,,,,,,,,,,,50,hitl
115,2026-04-10 10:45,slaughterhouse_1,slaughterhouse,0,,,,274.832,398.66,,,,,,,,,50,hitl
115,2026-04-10 10:45,wholesaler_1,wholesaler,0,,,,,,143.41,11.4,,,,,,,50,hitl
115,2026-04-10 10:45,retail_1,retail,0,,,,,,,,102.25,30.0,0.0,0.0,3.58,23.2181,50,hitl
116,2026-04-10 11:00,supplier_1,supplier,1,227.75,,,,,,,,,,,,,50,hitl
116,2026-04-10 11:00,farm_1,farm,1,,401.0,0.138,,,,,,,,,,,50,hitl
116,2026-04-10 11:00,slaughterhouse_1,slaughterhouse,0,,,,274.832,400.0,,,,,,,,,50,hitl
116,2026-04-10 11:00,wholesaler_1,wholesaler,0,,,,,,137.78,11.4,,,,,,,50,hitl
116,2026-04-10 11:00,retail_1,retail,0,,,,,,,,101.26,30.0,0.0,0.0,3.58,23.2181,50,hitl
117,2026-04-10 11:15,supplier_1,supplier,1,226.42,,,,,,,,,,,,,50,hitl
117,2026-04-10 11:15,farm_1,farm,1,,401.0,0.138,,,,,,,,,,,50,hitl
117,2026-04-10 11:15,slaughterhouse_1,slaughterhouse,0,,,,274.832,400.0,,,,,,,,,50,hitl
117,2026-04-10 11:15,wholesaler_1,wholesaler,0,,,,,,135.24,11.4,,,,,,,50,hitl
117,2026-04-10 11:15,retail_1,retail,0,,,,,,,,104.05,30.0,0.0,0.0,3.58,23.2181,50,hitl
118,2026-04-10 11:30,supplier_1,supplier,1,225.84,,,,,,,,,,,,,50,hitl
118,2026-04-10 11:30,farm_1,farm,1,,401.0,0.138,,,,,,,,,,,50,hitl
118,2026-04-10 11:30,slaughterhouse_1,slaughterhouse,0,,,,274.832,400.0,,,,,,,,,50,hitl
118,2026-04-10 11:30,wholesaler_1,wholesaler,0,,,,,,133.17,11.4,,,,,,,50,hitl
118,2026-04-10 11:30,retail_1,retail,0,,,,,,,,103.05,30.0,0.0,0.0,3.58,23.2181,50,hitl
119,2026-04-10 11:45,supplier_1,supplier,1,224.66,,,,,,,,,,,,,50,hitl
119,2026-04-10 11:45,farm_1,farm,1,,401.0,0.138,,,,,,,,,,,50,hitl
119,2026-04-10 11:45,slaughterhouse_1,slaughterhouse,0,,,,274.832,400.0,,,,,,,,,50,hitl
119,2026-04-10 11:45,wholesaler_1,wholesaler,0,,,,,,130.4,11.4,,,,,,,50,hitl
119,2026-04-10 11:45,retail_1,retail,0,,,,,,,,102.13,30.0,0.0,0.0,3.58,23.2181,50,hitl
120,2026-04-10 12:00,supplier_1,supplier,1,223.57,,,,,,,,,,,,,50,hitl
120,2026-04-10 12:00,farm_1,farm,1,,401.0,0.138,,,,,,,,,,,50,hitl
120,2026-04-10 12:00,slaughterhouse_1,slaughterhouse,0,,,,274.832,376.0,,,,,,,,,50,hitl
120,2026-04-10 12:00,wholesaler_1,wholesaler,0,,,,,,123.99,11.4,,,,,,,50,hitl
120,2026-04-10 12:00,retail_1,retail,0,,,,,,,,101.18,30.0,0.0,0.0,3.58,23.2181,50,hitl
121,2026-04-10 12:15,supplier_1,supplier,1,222.75,,,,,,,,,,,,,50,hitl
121,2026-04-10 12:15,farm_1,farm,1,,401.0,0.138,,,,,,,,,,,50,hitl
121,2026-04-10 12:15,slaughterhouse_1,slaughterhouse,0,,,,274.832,383.57,,,,,,,,,50,hitl
121,2026-04-10 12:15,wholesaler_1,wholesaler,0,,,,,,146.06,11.4,,,,,,,50,hitl
121,2026-04-10 12:15,retail_1,retail,0,,,,,,,,104.16,30.0,0.0,0.0,3.58,23.2181,50,hitl
122,2026-04-10 12:30,supplier_1,supplier,1,222.0,,,,,,,,,,,,,50,hitl
122,2026-04-10 12:30,farm_1,farm,1,,401.0,0.138,,,,,,,,,,,50,hitl
122,2026-04-10 12:30,slaughterhouse_1,slaughterhouse,0,,,,274.832,391.38,,,,,,,,,50,hitl
122,2026-04-10 12:30,wholesaler_1,wholesaler,0,,,,,,143.58,11.4,,,,,,,50,hitl
122,2026-04-10 12:30,retail_1,retail,0,,,,,,,,103.2,30.0,0.0,0.0,3.58,23.2181,50,hitl
123,2026-04-10 12:45,supplier_1,supplier,1,221.38,,,,,,,,,,,,,50,hitl
123,2026-04-10 12:45,farm_1,farm,1,,401.0,0.138,,,,,,,,,,,50,hitl
123,2026-04-10 12:45,slaughterhouse_1,slaughterhouse,0,,,,274.832,398.72,,,,,,,,,50,hitl
123,2026-04-10 12:45,wholesaler_1,wholesaler,0,,,,,,140.72,11.4,,,,,,,50,hitl
123,2026-04-10 12:45,retail_1,retail,0,,,,,,,,102.24,30.0,0.0,0.0,3.58,23.2181,50,hitl
124,2026-04-10 13:00,supplier_1,supplier,1,220.14,,,,,,,,,,,,,50,hitl
124,2026-04-10 13:00,farm_1,farm,1,,401.0,0.138,,,,,,,,,,,50,hitl
124,2026-04-10 13:00,slaughterhouse_1,slaughterhouse,0,,,,274.832,400.0,,,,,,,,,50,hitl
124,2026-04-10 13:00,wholesaler_1,wholesaler,0,,,,,,134.87,11.4,,,,,,,50,hitl
124,2026-04-10 13:00,retail_1,retail,0,,,,,,,,101.42,30.0,0.0,0.0,3.58,23.2181,50,hitl
125,2026-04-10 13:15,supplier_1,supplier,1,219.13,,,,,,,,,,,,,50,hitl
125,2026-04-10 13:15,farm_1,farm,1,,401.0,0.138,,,,,,,,,,,50,hitl
125,2026-04-10 13:15,slaughterhouse_1,slaughterhouse,0,,,,274.832,400.0,,,,,,,,,50,hitl
125,2026-04-10 13:15,wholesaler_1,wholesaler,0,,,,,,132.31,11.4,,,,,,,50,hitl
125,2026-04-10 13:15,retail_1,retail,0,,,,,,,,104.01,30.0,0.0,0.0,3.58,23.2181,50,hitl
126,2026-04-10 13:30,supplier_1,supplier,1,218.47,,,,,,,,,,,,,50,hitl
126,2026-04-10 13:30,farm_1,farm,1,,401.0,0.138,,,,,,,,,,,50,hitl
126,2026-04-10 13:30,slaughterhouse_1,slaughterhouse,0,,,,274.832,400.0,,,,,,,,,50,hitl
126,2026-04-10 13:30,wholesaler_1,wholesaler,0,,,,,,129.32,11.4,,,,,,,50,hitl
126,2026-04-10 13:30,retail_1,retail,0,,,,,,,,103.04,30.0,0.0,0.0,3.58,23.2181,50,hitl
127,2026-04-10 13:45,supplier_1,supplier,1,217.27,,,,,,,,,,,,,50,hitl
127,2026-04-10 13:45,farm_1,farm,1,,401.0,0.138,,,,,,,,,,,50,hitl
127,2026-04-10 13:45,slaughterhouse_1,slaughterhouse,0,,,,274.832,400.0,,,,,,,,,50,hitl
127,2026-04-10 13:45,wholesaler_1,wholesaler,0,,,,,,127.28,11.4,,,,,,,50,hitl
127,2026-04-10 13:45,retail_1,retail,0,,,,,,,,102.15,30.0,0.0,0.0,3.58,23.2181,50,hitl
128,2026-04-10 14:00,supplier_1,supplier,1,216.08,,,,,,,,,,,,,50,hitl
128,2026-04-10 14:00,farm_1,farm,1,,401.0,0.138,,,,,,,,,,,50,hitl
128,2026-04-10 14:00,slaughterhouse_1,slaughterhouse,0,,,,274.832,376.0,,,,,,,,,50,hitl
128,2026-04-10 14:00,wholesaler_1,wholesaler,0,,,,,,121.53,11.4,,,,,,,50,hitl
128,2026-04-10 14:00,retail_1,retail,0,,,,,,,,101.24,30.0,0.0,0.0,3.58,23.2181,50,hitl
129,2026-04-10 14:15,supplier_1,supplier,1,215.18,,,,,,,,,,,,,50,hitl
129,2026-04-10 14:15,farm_1,farm,1,,401.0,0.138,,,,,,,,,,,50,hitl
129,2026-04-10 14:15,slaughterhouse_1,slaughterhouse,0,,,,274.832,384.22,,,,,,,,,50,hitl
129,2026-04-10 14:15,wholesaler_1,wholesaler,0,,,,,,143.38,11.4,,,,,,,50,hitl
129,2026-04-10 14:15,retail_1,retail,0,,,,,,,,104.13,30.0,0.0,0.0,3.58,23.2181,50,hitl
130,2026-04-10 14:30,supplier_1,supplier,1,214.52,,,,,,,,,,,,,50,hitl
130,2026-04-10 14:30,farm_1,farm,1,,401.0,0.138,,,,,,,,,,,50,hitl
130,2026-04-10 14:30,slaughterhouse_1,slaughterhouse,0,,,,274.832,392.4,,,,,,,,,50,hitl
130,2026-04-10 14:30,wholesaler_1,wholesaler,0,,,,,,141.67,11.4,,,,,,,50,hitl
130,2026-04-10 14:30,retail_1,retail,0,,,,,,,,103.34,30.0,0.0,0.0,3.58,23.2181,50,hitl
131,2026-04-10 14:45,supplier_1,supplier,1,213.86,,,,,,,,,,,,,50,hitl
131,2026-04-10 14:45,farm_1,farm,1,,401.0,0.138,,,,,,,,,,,50,hitl
131,2026-04-10 14:45,slaughterhouse_1,slaughterhouse,0,,,,274.832,399.84,,,,,,,,,50,hitl
131,2026-04-10 14:45,wholesaler_1,wholesaler,0,,,,,,139.86,11.4,,,,,,,50,hitl
131,2026-04-10 14:45,retail_1,retail,0,,,,,,,,102.41,30.0,0.0,0.0,3.58,23.2181,50,hitl
132,2026-04-10 15:00,supplier_1,supplier,1,212.97,,,,,,,,,,,,,50,hitl
132,2026-04-10 15:00,farm_1,farm,1,,401.0,0.138,,,,,,,,,,,50,hitl
132,2026-04-10 15:00,slaughterhouse_1,slaughterhouse,0,,,,274.832,400.0,,,,,,,,,50,hitl
132,2026-04-10 15:00,wholesaler_1,wholesaler,0,,,,,,133.69,11.4,,,,,,,50,hitl
132,2026-04-10 15:00,retail_1,retail,0,,,,,,,,101.54,30.0,0.0,0.0,3.58,23.2181,50,hitl
133,2026-04-10 15:15,supplier_1,supplier,1,211.73,,,,,,,,,,,,,50,hitl
133,2026-04-10 15:15,farm_1,farm,1,,401.0,0.138,,,,,,,,,,,50,hitl
133,2026-04-10 15:15,slaughterhouse_1,slaughterhouse,0,,,,274.832,400.0,,,,,,,,,50,hitl
133,2026-04-10 15:15,wholesaler_1,wholesaler,0,,,,,,131.63,11.4,,,,,,,50,hitl
133,2026-04-10 15:15,retail_1,retail,0,,,,,,,,104.01,30.0,0.0,0.0,3.58,23.2181,50,hitl
134,2026-04-10 15:30,supplier_1,supplier,1,210.47,,,,,,,,,,,,,50,hitl
134,2026-04-10 15:30,farm_1,farm,1,,401.0,0.138,,,,,,,,,,,50,hitl
134,2026-04-10 15:30,slaughterhouse_1,slaughterhouse,0,,,,274.832,400.0,,,,,,,,,50,hitl
134,2026-04-10 15:30,wholesaler_1,wholesaler,0,,,,,,128.7,11.4,,,,,,,50,hitl
134,2026-04-10 15:30,retail_1,retail,0,,,,,,,,103.02,30.0,0.0,0.0,3.58,23.2181,50,hitl
135,2026-04-10 15:45,supplier_1,supplier,1,209.2,,,,,,,,,,,,,50,hitl
135,2026-04-10 15:45,farm_1,farm,1,,401.0,0.138,,,,,,,,,,,50,hitl
135,2026-04-10 15:45,slaughterhouse_1,slaughterhouse,0,,,,274.832,400.0,,,,,,,,,50,hitl
135,2026-04-10 15:45,wholesaler_1,wholesaler,0,,,,,,126.12,11.4,,,,,,,50,hitl
135,2026-04-10 15:45,retail_1,retail,0,,,,,,,,102.05,30.0,0.0,0.0,3.58,23.2181,50,hitl
136,2026-04-10 16:00,supplier_1,supplier,1,207.91,,,,,,,,,,,,,50,hitl
136,2026-04-10 16:00,farm_1,farm,1,,401.0,0.138,,,,,,,,,,,50,hitl
136,2026-04-10 16:00,slaughterhouse_1,slaughterhouse,0,,,,274.832,376.0,,,,,,,,,50,hitl
136,2026-04-10 16:00,wholesaler_1,wholesaler,0,,,,,,120.41,11.4,,,,,,,50,hitl
136,2026-04-10 16:00,retail_1,retail,0,,,,,,,,101.13,30.0,0.0,0.0,3.58,23.2181,50,hitl
137,2026-04-10 16:15,supplier_1,supplier,1,207.19,,,,,,,,,,,,,50,hitl
137,2026-04-10 16:15,farm_1,farm,1,,401.0,0.138,,,,,,,,,,,50,hitl
137,2026-04-10 16:15,slaughterhouse_1,slaughterhouse,0,,,,274.832,384.19,,,,,,,,,50,hitl
137,2026-04-10 16:15,wholesaler_1,wholesaler,0,,,,,,142.55,11.4,,,,,,,50,hitl
137,2026-04-10 16:15,retail_1,retail,0,,,,,,,,104.11,30.0,0.0,0.0,3.58,23.2181,50,hitl
138,2026-04-10 16:30,supplier_1,supplier,1,205.72,,,,,,,,,,,,,50,hitl
138,2026-04-10 16:30,farm_1,farm,1,,401.0,0.138,,,,,,,,,,,50,hitl
138,2026-04-10 16:30,slaughterhouse_1,slaughterhouse,0,,,,274.832,392.2,,,,,,,,,50,hitl
138,2026-04-10 16:30,wholesaler_1,wholesaler,0,,,,,,140.55,11.4,,,,,,,50,hitl
138,2026-04-10 16:30,retail_1,retail,0,,,,,,,,103.23,30.0,0.0,0.0,3.58,23.2181,50,hitl
139,2026-04-10 16:45,supplier_1,supplier,1,204.67,,,,,,,,,,,,,50,hitl
139,2026-04-10 16:45,farm_1,farm,1,,401.0,0.138,,,,,,,,,,,50,hitl
139,2026-04-10 16:45,slaughterhouse_1,slaughterhouse,0,,,,274.832,399.24,,,,,,,,,50,hitl
139,2026-04-10 16:45,wholesaler_1,wholesaler,0,,,,,,137.99,11.4,,,,,,,50,hitl
139,2026-04-10 16:45,retail_1,retail,0,,,,,,,,102.32,30.0,0.0,0.0,3.58,23.2181,50,hitl
140,2026-04-10 17:00,supplier_1,supplier,1,203.63,,,,,,,,,,,,,50,hitl
140,2026-04-10 17:00,farm_1,farm,1,,401.0,0.138,,,,,,,,,,,50,hitl
140,2026-04-10 17:00,slaughterhouse_1,slaughterhouse,0,,,,274.832,400.0,,,,,,,,,50,hitl
140,2026-04-10 17:00,wholesaler_1,wholesaler,0,,,,,,132.43,11.4,,,,,,,50,hitl
140,2026-04-10 17:00,retail_1,retail,0,,,,,,,,101.53,30.0,0.0,0.0,3.58,23.2181,50,hitl
141,2026-04-10 17:15,supplier_1,supplier,1,202.37,,,,,,,,,,,,,50,hitl
141,2026-04-10 17:15,farm_1,farm,1,,401.0,0.138,,,,,,,,,,,50,hitl
141,2026-04-10 17:15,slaughterhouse_1,slaughterhouse,0,,,,274.832,400.0,,,,,,,,,50,hitl
141,2026-04-10 17:15,wholesaler_1,wholesaler,0,,,,,,130.65,11.4,,,,,,,50,hitl
141,2026-04-10 17:15,retail_1,retail,0,,,,,,,,104.08,30.0,0.0,0.0,3.58,23.2181,50,hitl
142,2026-04-10 17:30,supplier_1,supplier,1,201.49,,,,,,,,,,,,,50,hitl
142,2026-04-10 17:30,farm_1,farm,1,,401.0,0.138,,,,,,,,,,,50,hitl
142,2026-04-10 17:30,slaughterhouse_1,slaughterhouse,0,,,,274.832,400.0,,,,,,,,,50,hitl
142,2026-04-10 17:30,wholesaler_1,wholesaler,0,,,,,,128.92,11.4,,,,,,,50,hitl
142,2026-04-10 17:30,retail_1,retail,0,,,,,,,,103.14,30.0,0.0,0.0,3.58,23.2181,50,hitl
143,2026-04-10 17:45,supplier_1,supplier,1,200.35,,,,,,,,,,,,,50,hitl
143,2026-04-10 17:45,farm_1,farm,1,,401.0,0.138,,,,,,,,,,,50,hitl
143,2026-04-10 17:45,slaughterhouse_1,slaughterhouse,0,,,,274.832,400.0,,,,,,,,,50,hitl
143,2026-04-10 17:45,wholesaler_1,wholesaler,0,,,,,,126.6,11.4,,,,,,,50,hitl
143,2026-04-10 17:45,retail_1,retail,0,,,,,,,,102.33,30.0,0.0,0.0,3.58,23.2181,50,hitl
144,2026-04-10 18:00,supplier_1,supplier,1,199.73,,,,,,,,,,,,,50,hitl
144,2026-04-10 18:00,farm_1,farm,1,,401.0,0.138,,,,,,,,,,,50,hitl
144,2026-04-10 18:00,slaughterhouse_1,slaughterhouse,0,,,,274.832,376.0,,,,,,,,,50,hitl
144,2026-04-10 18:00,wholesaler_1,wholesaler,0,,,,,,121.4,11.4,,,,,,,50,hitl
144,2026-04-10 18:00,retail_1,retail,0,,,,,,,,101.48,30.0,0.0,0.0,3.58,23.2181,50,hitl
145,2026-04-10 18:15,supplier_1,supplier,1,198.82,,,,,,,,,,,,,50,hitl
145,2026-04-10 18:15,farm_1,farm,1,,401.0,0.138,,,,,,,,,,,50,hitl
145,2026-04-10 18:15,slaughterhouse_1,slaughterhouse,0,,,,274.832,383.67,,,,,,,,,50,hitl
145,2026-04-10 18:15,wholesaler_1,wholesaler,0,,,,,,143.63,11.4,,,,,,,50,hitl
145,2026-04-10 18:15,retail_1,retail,0,,,,,,,,104.18,30.0,0.0,0.0,3.58,23.2181,50,hitl
146,2026-04-10 18:30,supplier_1,supplier,1,197.99,,,,,,,,,,,,,50,hitl
146,2026-04-10 18:30,farm_1,farm,1,,401.0,0.138,,,,,,,,,,,50,hitl
146,2026-04-10 18:30,slaughterhouse_1,slaughterhouse,0,,,,274.832,391.6,,,,,,,,,50,hitl
146,2026-04-10 18:30,wholesaler_1,wholesaler,0,,,,,,140.97,11.4,,,,,,,50,hitl
146,2026-04-10 18:30,retail_1,retail,0,,,,,,,,103.32,30.0,0.0,0.0,3.58,23.2181,50,hitl
147,2026-04-10 18:45,supplier_1,supplier,1,196.78,,,,,,,,,,,,,50,hitl
147,2026-04-10 18:45,farm_1,farm,1,,401.0,0.138,,,,,,,,,,,50,hitl
147,2026-04-10 18:45,slaughterhouse_1,slaughterhouse,0,,,,274.832,399.39,,,,,,,,,50,hitl
147,2026-04-10 18:45,wholesaler_1,wholesaler,0,,,,,,138.22,11.4,,,,,,,50,hitl
147,2026-04-10 18:45,retail_1,retail,0,,,,,,,,102.51,30.0,0.0,0.0,3.58,23.2181,50,hitl
148,2026-04-10 19:00,supplier_1,supplier,1,196.16,,,,,,,,,,,,,50,hitl
148,2026-04-10 19:00,farm_1,farm,1,,401.0,0.138,,,,,,,,,,,50,hitl
148,2026-04-10 19:00,slaughterhouse_1,slaughterhouse,0,,,,274.832,400.0,,,,,,,,,50,hitl
148,2026-04-10 19:00,wholesaler_1,wholesaler,0,,,,,,133.12,11.4,,,,,,,50,hitl
148,2026-04-10 19:00,retail_1,retail,0,,,,,,,,101.68,30.0,0.0,0.0,3.58,23.2181,50,hitl
149,2026-04-10 19:15,supplier_1,supplier,1,195.08,,,,,,,,,,,,,50,hitl
149,2026-04-10 19:15,farm_1,farm,1,,401.0,0.138,,,,,,,,,,,50,hitl
149,2026-04-10 19:15,slaughterhouse_1,slaughterhouse,0,,,,274.832,400.0,,,,,,,,,50,hitl
149,2026-04-10 19:15,wholesaler_1,wholesaler,0,,,,,,130.94,11.4,,,,,,,50,hitl
149,2026-04-10 19:15,retail_1,retail,0,,,,,,,,104.16,30.0,0.0,0.0,3.58,23.2181,50,hitl
150,2026-04-10 19:30,supplier_1,supplier,1,194.47,,,,,,,,,,,,,50,hitl
150,2026-04-10 19:30,farm_1,farm,1,,401.0,0.138,,,,,,,,,,,50,hitl
150,2026-04-10 19:30,slaughterhouse_1,slaughterhouse,0,,,,274.832,400.0,,,,,,,,,50,hitl
150,2026-04-10 19:30,wholesaler_1,wholesaler,0,,,,,,128.21,11.4,,,,,,,50,hitl
150,2026-04-10 19:30,retail_1,retail,0,,,,,,,,103.24,30.0,0.0,0.0,3.58,23.2181,50,hitl
151,2026-04-10 19:45,supplier_1,supplier,1,193.23,,,,,,,,,,,,,50,hitl
151,2026-04-10 19:45,farm_1,farm,1,,401.0,0.138,,,,,,,,,,,50,hitl
151,2026-04-10 19:45,slaughterhouse_1,slaughterhouse,0,,,,274.832,400.0,,,,,,,,,50,hitl
151,2026-04-10 19:45,wholesaler_1,wholesaler,0,,,,,,126.44,11.4,,,,,,,50,hitl
151,2026-04-10 19:45,retail_1,retail,0,,,,,,,,102.24,30.0,0.0,0.0,3.58,23.2181,50,hitl
152,2026-04-10 20:00,supplier_1,supplier,1,191.8,,,,,,,,,,,,,50,hitl
152,2026-04-10 20:00,farm_1,farm,1,,401.0,0.138,,,,,,,,,,,50,hitl
152,2026-04-10 20:00,slaughterhouse_1,slaughterhouse,0,,,,274.832,376.0,,,,,,,,,50,hitl
152,2026-04-10 20:00,wholesaler_1,wholesaler,0,,,,,,120.79,11.4,,,,,,,50,hitl
152,2026-04-10 20:00,retail_1,retail,0,,,,,,,,101.42,30.0,0.0,0.0,3.58,23.2181,50,hitl
153,2026-04-10 20:15,supplier_1,supplier,1,191.08,,,,,,,,,,,,,50,hitl
153,2026-04-10 20:15,farm_1,farm,1,,401.0,0.138,,,,,,,,,,,50,hitl
153,2026-04-10 20:15,slaughterhouse_1,slaughterhouse,0,,,,274.832,384.18,,,,,,,,,50,hitl
153,2026-04-10 20:15,wholesaler_1,wholesaler,0,,,,,,142.16,11.4,,,,,,,50,hitl
153,2026-04-10 20:15,retail_1,retail,0,,,,,,,,104.05,30.0,0.0,0.0,3.58,23.2181,50,hitl
154,2026-04-10 20:30,supplier_1,supplier,1,190.15,,,,,,,,,,,,,50,hitl
154,2026-04-10 20:30,farm_1,farm,1,,401.0,0.138,,,,,,,,,,,50,hitl
154,2026-04-10 20:30,slaughterhouse_1,slaughterhouse,0,,,,274.832,391.23,,,,,,,,,50,hitl
154,2026-04-10 20:30,wholesaler_1,wholesaler,0,,,,,,140.21,11.4,,,,,,,50,hitl
154,2026-04-10 20:30,retail_1,retail,0,,,,,,,,103.17,30.0,0.0,0.0,3.58,23.2181,50,hitl
155,2026-04-10 20:45,supplier_1,supplier,1,189.26,,,,,,,,,,,,,50,hitl
155,2026-04-10 20:45,farm_1,farm,1,,401.0,0.138,,,,,,,,,,,50,hitl
155,2026-04-10 20:45,slaughterhouse_1,slaughterhouse,0,,,,274.832,398.51,,,,,,,,,50,hitl
155,2026-04-10 20:45,wholesaler_1,wholesaler,0,,,,,,137.49,11.4,,,,,,,50,hitl
155,2026-04-10 20:45,retail_1,retail,0,,,,,,,,102.3,30.0,0.0,0.0,3.58,23.2181,50,hitl
156,2026-04-10 21:00,supplier_1,supplier,1,188.17,,,,,,,,,,,,,50,hitl
156,2026-04-10 21:00,farm_1,farm,1,,401.0,0.138,,,,,,,,,,,50,hitl
156,2026-04-10 21:00,slaughterhouse_1,slaughterhouse,0,,,,274.832,400.0,,,,,,,,,50,hitl
156,2026-04-10 21:00,wholesaler_1,wholesaler,0,,,,,,132.14,11.4,,,,,,,50,hitl
156,2026-04-10 21:00,retail_1,retail,0,,,,,,,,101.47,30.0,0.0,0.0,3.58,23.2181,50,hitl
157,2026-04-10 21:15,supplier_1,supplier,1,187.43,,,,,,,,,,,,,50,hitl
157,2026-04-10 21:15,farm_1,farm,1,,401.0,0.138,,,,,,,,,,,50,hitl
157,2026-04-10 21:15,slaughterhouse_1,slaughterhouse,0,,,,274.832,400.0,,,,,,,,,50,hitl
157,2026-04-10 21:15,wholesaler_1,wholesaler,0,,,,,,129.41,11.4,,,,,,,50,hitl
157,2026-04-10 21:15,retail_1,retail,0,,,,,,,,104.19,30.0,0.0,0.0,3.58,23.2181,50,hitl
158,2026-04-10 21:30,supplier_1,supplier,1,186.35,,,,,,,,,,,,,50,hitl
158,2026-04-10 21:30,farm_1,farm,1,,401.0,0.138,,,,,,,,,,,50,hitl
158,2026-04-10 21:30,slaughterhouse_1,slaughterhouse,0,,,,274.832,400.0,,,,,,,,,50,hitl
158,2026-04-10 21:30,wholesaler_1,wholesaler,0,,,,,,127.53,11.4,,,,,,,50,hitl
158,2026-04-10 21:30,retail_1,retail,0,,,,,,,,103.22,30.0,0.0,0.0,3.58,23.2181,50,hitl
159,2026-04-10 21:45,supplier_1,supplier,1,185.61,,,,,,,,,,,,,50,hitl
159,2026-04-10 21:45,farm_1,farm,1,,401.0,0.138,,,,,,,,,,,50,hitl
159,2026-04-10 21:45,slaughterhouse_1,slaughterhouse,0,,,,274.832,400.0,,,,,,,,,50,hitl
159,2026-04-10 21:45,wholesaler_1,wholesaler,0,,,,,,125.71,11.4,,,,,,,50,hitl
159,2026-04-10 21:45,retail_1,retail,0,,,,,,,,102.26,30.0,0.0,0.0,3.58,23.2181,50,hitl
160,2026-04-10 22:00,supplier_1,supplier,1,184.12,,,,,,,,,,,,,50,hitl
160,2026-04-10 22:00,farm_1,farm,1,,401.0,0.138,,,,,,,,,,,50,hitl
160,2026-04-10 22:00,slaughterhouse_1,slaughterhouse,0,,,,274.832,376.0,,,,,,,,,50,hitl
160,2026-04-10 22:00,wholesaler_1,wholesaler,0,,,,,,119.94,11.4,,,,,,,50,hitl
160,2026-04-10 22:00,retail_1,retail,0,,,,,,,,101.3,30.0,0.0,0.0,3.58,23.2181,50,hitl
161,2026-04-10 22:15,supplier_1,supplier,1,183.12,,,,,,,,,,,,,50,hitl
161,2026-04-10 22:15,farm_1,farm,1,,401.0,0.138,,,,,,,,,,,50,hitl
161,2026-04-10 22:15,slaughterhouse_1,slaughterhouse,0,,,,274.832,383.08,,,,,,,,,50,hitl
161,2026-04-10 22:15,wholesaler_1,wholesaler,0,,,,,,142.04,11.4,,,,,,,50,hitl
161,2026-04-10 22:15,retail_1,retail,0,,,,,,,,104.19,30.0,0.0,0.0,3.58,23.2181,50,hitl
162,2026-04-10 22:30,supplier_1,supplier,1,182.16,,,,,,,,,,,,,50,hitl
162,2026-04-10 22:30,farm_1,farm,1,,401.0,0.138,,,,,,,,,,,50,hitl
162,2026-04-10 22:30,slaughterhouse_1,slaughterhouse,0,,,,274.832,391.29,,,,,,,,,50,hitl
162,2026-04-10 22:30,wholesaler_1,wholesaler,0,,,,,,140.47,11.4,,,,,,,50,hitl
162,2026-04-10 22:30,retail_1,retail,0,,,,,,,,103.4,30.0,0.0,0.0,3.58,23.2181,50,hitl
163,2026-04-10 22:45,supplier_1,supplier,1,181.66,,,,,,,,,,,,,50,hitl
163,2026-04-10 22:45,farm_1,farm,1,,401.0,0.138,,,,,,,,,,,50,hitl
163,2026-04-10 22:45,slaughterhouse_1,slaughterhouse,0,,,,274.832,399.34,,,,,,,,,50,hitl
163,2026-04-10 22:45,wholesaler_1,wholesaler,0,,,,,,137.85,11.4,,,,,,,50,hitl
163,2026-04-10 22:45,retail_1,retail,0,,,,,,,,102.5,30.0,0.0,0.0,3.58,23.2181,50,hitl
164,2026-04-10 23:00,supplier_1,supplier,1,180.39,,,,,,,,,,,,,50,hitl
164,2026-04-10 23:00,farm_1,farm,1,,401.0,0.138,,,,,,,,,,,50,hitl
164,2026-04-10 23:00,slaughterhouse_1,slaughterhouse,0,,,,274.832,400.0,,,,,,,,,50,hitl
164,2026-04-10 23:00,wholesaler_1,wholesaler,0,,,,,,132.02,11.4,,,,,,,50,hitl
164,2026-04-10 23:00,retail_1,retail,0,,,,,,,,101.56,30.0,0.0,0.0,3.58,23.2181,50,hitl
165,2026-04-10 23:15,supplier_1,supplier,1,179.58,,,,,,,,,,,,,50,hitl
165,2026-04-10 23:15,farm_1,farm,1,,401.0,0.138,,,,,,,,,,,50,hitl
165,2026-04-10 23:15,slaughterhouse_1,slaughterhouse,0,,,,274.832,400.0,,,,,,,,,50,hitl
165,2026-04-10 23:15,wholesaler_1,wholesaler,0,,,,,,130.32,11.4,,,,,,,50,hitl
165,2026-04-10 23:15,retail_1,retail,0,,,,,,,,104.13,30.0,0.0,0.0,3.58,23.2181,50,hitl
166,2026-04-10 23:30,supplier_1,supplier,1,178.17,,,,,,,,,,,,,50,hitl
166,2026-04-10 23:30,farm_1,farm,1,,401.0,0.138,,,,,,,,,,,50,hitl
166,2026-04-10 23:30,slaughterhouse_1,slaughterhouse,0,,,,274.832,400.0,,,,,,,,,50,hitl
166,2026-04-10 23:30,wholesaler_1,wholesaler,0,,,,,,128.54,11.4,,,,,,,50,hitl
166,2026-04-10 23:30,retail_1,retail,0,,,,,,,,103.13,30.0,0.0,0.0,3.58,23.2181,50,hitl
167,2026-04-10 23:45,supplier_1,supplier,1,177.52,,,,,,,,,,,,,50,hitl
167,2026-04-10 23:45,farm_1,farm,1,,401.0,0.138,,,,,,,,,,,50,hitl
167,2026-04-10 23:45,slaughterhouse_1,slaughterhouse,0,,,,274.832,400.0,,,,,,,,,50,hitl
167,2026-04-10 23:45,wholesaler_1,wholesaler,0,,,,,,126.04,11.4,,,,,,,50,hitl
167,2026-04-10 23:45,retail_1,retail,0,,,,,,,,102.14,30.0,0.0,0.0,3.58,23.2181,50,hitl
168,2026-04-11 00:00,supplier_1,supplier,1,176.61,,,,,,,,,,,,,50,hitl
168,2026-04-11 00:00,farm_1,farm,1,,401.0,0.138,,,,,,,,,,,50,hitl
168,2026-04-11 00:00,slaughterhouse_1,slaughterhouse,0,,,,274.832,376.0,,,,,,,,,50,hitl
168,2026-04-11 00:00,wholesaler_1,wholesaler,0,,,,,,119.5,11.4,,,,,,,50,hitl
168,2026-04-11 00:00,retail_1,retail,0,,,,,,,,101.15,30.0,0.0,0.0,3.58,23.2181,50,hitl
169,2026-04-11 00:15,supplier_1,supplier,1,175.27,,,,,,,,,,,,,50,hitl
169,2026-04-11 00:15,farm_1,farm,1,,401.0,0.138,,,,,,,,,,,50,hitl
169,2026-04-11 00:15,slaughterhouse_1,slaughterhouse,0,,,,274.832,384.17,,,,,,,,,50,hitl
169,2026-04-11 00:15,wholesaler_1,wholesaler,0,,,,,,140.72,11.4,,,,,,,50,hitl
169,2026-04-11 00:15,retail_1,retail,0,,,,,,,,104.05,30.0,0.0,0.0,3.58,23.2181,50,hitl
170,2026-04-11 00:30,supplier_1,supplier,1,174.75,,,,,,,,,,,,,50,hitl
170,2026-04-11 00:30,farm_1,farm,1,,401.0,0.138,,,,,,,,,,,50,hitl
170,2026-04-11 00:30,slaughterhouse_1,slaughterhouse,0,,,,274.832,391.35,,,,,,,,,50,hitl
170,2026-04-11 00:30,wholesaler_1,wholesaler,0,,,,,,138.48,11.4,,,,,,,50,hitl
170,2026-04-11 00:30,retail_1,retail,0,,,,,,,,103.1,30.0,0.0,0.0,3.58,23.2181,50,hitl
171,2026-04-11 00:45,supplier_1,supplier,1,174.05,,,,,,,,,,,,,50,hitl
171,2026-04-11 00:45,farm_1,farm,1,,401.0,0.138,,,,,,,,,,,50,hitl
171,2026-04-11 00:45,slaughterhouse_1,slaughterhouse,0,,,,274.832,399.28,,,,,,,,,50,hitl
171,2026-04-11 00:45,wholesaler_1,wholesaler,0,,,,,,136.72,11.4,,,,,,,50,hitl
171,2026-04-11 00:45,retail_1,retail,0,,,,,,,,102.26,30.0,0.0,0.0,3.58,23.2181,50,hitl
172,2026-04-11 01:00,supplier_1,supplier,1,173.33,,,,,,,,,,,,,50,hitl
172,2026-04-11 01:00,farm_1,farm,1,,401.0,0.138,,,,,,,,,,,50,hitl
172,2026-04-11 01:00,slaughterhouse_1,slaughterhouse,0,,,,274.832,400.0,,,,,,,,,50,hitl
172,2026-04-11 01:00,wholesaler_1,wholesaler,0,,,,,,130.52,11.4,,,,,,,50,hitl
172,2026-04-11 01:00,retail_1,retail,0,,,,,,,,101.26,30.0,0.0,0.0,3.58,23.2181,50,hitl
173,2026-04-11 01:15,supplier_1,supplier,1,172.65,,,,,,,,,,,,,50,hitl
173,2026-04-11 01:15,farm_1,farm,1,,401.0,0.138,,,,,,,,,,,50,hitl
173,2026-04-11 01:15,slaughterhouse_1,slaughterhouse,0,,,,274.832,400.0,,,,,,,,,50,hitl
173,2026-04-11 01:15,wholesaler_1,wholesaler,0,,,,,,127.57,11.4,,,,,,,50,hitl
173,2026-04-11 01:15,retail_1,retail,0,,,,,,,,104.09,30.0,0.0,0.0,3.58,23.2181,50,hitl
174,2026-04-11 01:30,supplier_1,supplier,1,171.41,,,,,,,,,,,,,50,hitl
174,2026-04-11 01:30,farm_1,farm,1,,401.0,0.138,,,,,,,,,,,50,hitl
174,2026-04-11 01:30,slaughterhouse_1,slaughterhouse,0,,,,274.832,400.0,,,,,,,,,50,hitl
174,2026-04-11 01:30,wholesaler_1,wholesaler,0,,,,,,125.2,11.4,,,,,,,50,hitl
174,2026-04-11 01:30,retail_1,retail,0,,,,,,,,103.29,30.0,0.0,0.0,3.58,23.2181,50,hitl
175,2026-04-11 01:45,supplier_1,supplier,1,170.85,,,,,,,,,,,,,50,hitl
175,2026-04-11 01:45,farm_1,farm,1,,401.0,0.138,,,,,,,,,,,50,hitl
175,2026-04-11 01:45,slaughterhouse_1,slaughterhouse,0,,,,274.832,400.0,,,,,,,,,50,hitl
175,2026-04-11 01:45,wholesaler_1,wholesaler,0,,,,,,122.31,11.4,,,,,,,50,hitl
175,2026-04-11 01:45,retail_1,retail,0,,,,,,,,102.32,30.0,0.0,0.0,3.58,23.2181,50,hitl
176,2026-04-11 02:00,supplier_1,supplier,1,169.77,,,,,,,,,,,,,50,hitl
176,2026-04-11 02:00,farm_1,farm,1,,401.0,0.138,,,,,,,,,,,50,hitl
176,2026-04-11 02:00,slaughterhouse_1,slaughterhouse,0,,,,274.832,376.0,,,,,,,,,50,hitl
176,2026-04-11 02:00,wholesaler_1,wholesaler,0,,,,,,116.23,11.4,,,,,,,50,hitl
176,2026-04-11 02:00,retail_1,retail,0,,,,,,,,101.51,30.0,0.0,0.0,3.58,23.2181,50,hitl
177,2026-04-11 02:15,supplier_1,supplier,1,169.03,,,,,,,,,,,,,50,hitl
177,2026-04-11 02:15,farm_1,farm,1,,401.0,0.138,,,,,,,,,,,50,hitl
177,2026-04-11 02:15,slaughterhouse_1,slaughterhouse,0,,,,274.832,383.22,,,,,,,,,50,hitl
177,2026-04-11 02:15,wholesaler_1,wholesaler,0,,,,,,138.45,11.4,,,,,,,50,hitl
177,2026-04-11 02:15,retail_1,retail,0,,,,,,,,104.08,30.0,0.0,0.0,3.58,23.2181,50,hitl
178,2026-04-11 02:30,supplier_1,supplier,1,167.97,,,,,,,,,,,,,50,hitl
178,2026-04-11 02:30,farm_1,farm,1,,401.0,0.138,,,,,,,,,,,50,hitl
178,2026-04-11 02:30,slaughterhouse_1,slaughterhouse,0,,,,274.832,391.39,,,,,,,,,50,hitl
178,2026-04-11 02:30,wholesaler_1,wholesaler,0,,,,,,136.29,11.4,,,,,,,50,hitl
178,2026-04-11 02:30,retail_1,retail,0,,,,,,,,103.2,30.0,0.0,0.0,3.58,23.2181,50,hitl
179,2026-04-11 02:45,supplier_1,supplier,1,166.73,,,,,,,,,,,,,50,hitl
179,2026-04-11 02:45,farm_1,farm,1,,401.0,0.138,,,,,,,,,,,50,hitl
179,2026-04-11 02:45,slaughterhouse_1,slaughterhouse,0,,,,274.832,398.89,,,,,,,,,50,hitl
179,2026-04-11 02:45,wholesaler_1,wholesaler,0,,,,,,133.87,11.4,,,,,,,50,hitl
179,2026-04-11 02:45,retail_1,retail,0,,,,,,,,102.25,30.0,0.0,0.0,3.58,23.2181,50,hitl
180,2026-04-11 03:00,supplier_1,supplier,1,165.95,,,,,,,,,,,,,50,hitl
180,2026-04-11 03:00,farm_1,farm,1,,401.0,0.138,,,,,,,,,,,50,hitl
180,2026-04-11 03:00,slaughterhouse_1,slaughterhouse,0,,,,274.832,400.0,,,,,,,,,50,hitl
180,2026-04-11 03:00,wholesaler_1,wholesaler,0,,,,,,128.12,11.4,,,,,,,50,hitl
180,2026-04-11 03:00,retail_1,retail,0,,,,,,,,101.35,30.0,0.0,0.0,3.58,23.2181,50,hitl
181,2026-04-11 03:15,supplier_1,supplier,1,165.13,,,,,,,,,,,,,50,hitl
181,2026-04-11 03:15,farm_1,farm,1,,401.0,0.138,,,,,,,,,,,50,hitl
181,2026-04-11 03:15,slaughterhouse_1,slaughterhouse,0,,,,274.832,400.0,,,,,,,,,50,hitl
181,2026-04-11 03:15,wholesaler_1,wholesaler,0,,,,,,126.53,11.4,,,,,,,50,hitl
181,2026-04-11 03:15,retail_1,retail,0,,,,,,,,104.02,30.0,0.0,0.0,3.58,23.2181,50,hitl
182,2026-04-11 03:30,supplier_1,supplier,1,164.17,,,,,,,,,,,,,50,hitl
182,2026-04-11 03:30,farm_1,farm,1,,401.0,0.138,,,,,,,,,,,50,hitl
182,2026-04-11 03:30,slaughterhouse_1,slaughterhouse,0,,,,274.832,400.0,,,,,,,,,50,hitl
182,2026-04-11 03:30,wholesaler_1,wholesaler,0,,,,,,124.81,11.4,,,,,,,50,hitl
182,2026-04-11 03:30,retail_1,retail,0,,,,,,,,103.08,30.0,0.0,0.0,3.58,23.2181,50,hitl
183,2026-04-11 03:45,supplier_1,supplier,1,163.01,,,,,,,,,,,,,50,hitl
183,2026-04-11 03:45,farm_1,farm,1,,401.0,0.138,,,,,,,,,,,50,hitl
183,2026-04-11 03:45,slaughterhouse_1,slaughterhouse,0,,,,274.832,400.0,,,,,,,,,50,hitl
183,2026-04-11 03:45,wholesaler_1,wholesaler,0,,,,,,122.56,11.4,,,,,,,50,hitl
183,2026-04-11 03:45,retail_1,retail,0,,,,,,,,102.27,30.0,0.0,0.0,3.58,23.2181,50,hitl
184,2026-04-11 04:00,supplier_1,supplier,1,162.37,,,,,,,,,,,,,50,hitl
184,2026-04-11 04:00,farm_1,farm,1,,401.0,0.138,,,,,,,,,,,50,hitl
184,2026-04-11 04:00,slaughterhouse_1,slaughterhouse,0,,,,274.832,376.0,,,,,,,,,50,hitl
184,2026-04-11 04:00,wholesaler_1,wholesaler,0,,,,,,116.44,11.4,,,,,,,50,hitl
184,2026-04-11 04:00,retail_1,retail,0,,,,,,,,101.29,30.0,0.0,0.0,3.58,23.2181,50,hitl
185,2026-04-11 04:15,supplier_1,supplier,1,161.21,,,,,,,,,,,,,50,hitl
185,2026-04-11 04:15,farm_1,farm,1,,401.0,0.138,,,,,,,,,,,50,hitl
185,2026-04-11 04:15,slaughterhouse_1,slaughterhouse,0,,,,274.832,383.04,,,,,,,,,50,hitl
185,2026-04-11 04:15,wholesaler_1,wholesaler,0,,,,,,138.64,11.4,,,,,,,50,hitl
185,2026-04-11 04:15,retail_1,retail,0,,,,,,,,104.11,30.0,0.0,0.0,3.58,23.2181,50,hitl
186,2026-04-11 04:30,supplier_1,supplier,1,160.22,,,,,,,,,,,,,50,hitl
186,2026-04-11 04:30,farm_1,farm,1,,401.0,0.138,,,,,,,,,,,50,hitl
186,2026-04-11 04:30,slaughterhouse_1,slaughterhouse,0,,,,274.832,390.81,,,,,,,,,50,hitl
186,2026-04-11 04:30,wholesaler_1,wholesaler,0,,,,,,136.28,11.4,,,,,,,50,hitl
186,2026-04-11 04:30,retail_1,retail,0,,,,,,,,103.2,30.0,0.0,0.0,3.58,23.2181,50,hitl
187,2026-04-11 04:45,supplier_1,supplier,1,158.87,,,,,,,,,,,,,50,hitl
187,2026-04-11 04:45,farm_1,farm,1,,401.0,0.138,,,,,,,,,,,50,hitl
187,2026-04-11 04:45,slaughterhouse_1,slaughterhouse,0,,,,274.832,398.32,,,,,,,,,50,hitl
187,2026-04-11 04:45,wholesaler_1,wholesaler,0,,,,,,133.64,11.4,,,,,,,50,hitl
187,2026-04-11 04:45,retail_1,retail,0,,,,,,,,102.23,30.0,0.0,0.0,3.58,23.2181,50,hitl
188,2026-04-11 05:00,supplier_1,supplier,1,158.18,,,,,,,,,,,,,50,hitl
188,2026-04-11 05:00,farm_1,farm,1,,401.0,0.138,,,,,,,,,,,50,hitl
188,2026-04-11 05:00,slaughterhouse_1,slaughterhouse,0,,,,274.832,400.0,,,,,,,,,50,hitl
188,2026-04-11 05:00,wholesaler_1,wholesaler,0,,,,,,127.44,11.4,,,,,,,50,hitl
188,2026-04-11 05:00,retail_1,retail,0,,,,,,,,101.3,30.0,0.0,0.0,3.58,23.2181,50,hitl
189,2026-04-11 05:15,supplier_1,supplier,1,157.19,,,,,,,,,,,,,50,hitl
189,2026-04-11 05:15,farm_1,farm,1,,401.0,0.138,,,,,,,,,,,50,hitl
189,2026-04-11 05:15,slaughterhouse_1,slaughterhouse,0,,,,274.832,400.0,,,,,,,,,50,hitl
189,2026-04-11 05:15,wholesaler_1,wholesaler,0,,,,,,125.6,11.4,,,,,,,50,hitl
189,2026-04-11 05:15,retail_1,retail,0,,,,,,,,104.11,30.0,0.0,0.0,3.58,23.2181,50,hitl
190,2026-04-11 05:30,supplier_1,supplier,1,155.73,,,,,,,,,,,,,50,hitl
190,2026-04-11 05:30,farm_1,farm,1,,401.0,0.138,,,,,,,,,,,50,hitl
190,2026-04-11 05:30,slaughterhouse_1,slaughterhouse,0,,,,274.832,400.0,,,,,,,,,50,hitl
190,2026-04-11 05:30,wholesaler_1,wholesaler,0,,,,,,122.74,11.4,,,,,,,50,hitl
190,2026-04-11 05:30,retail_1,retail,0,,,,,,,,103.19,30.0,0.0,0.0,3.58,23.2181,50,hitl
191,2026-04-11 05:45,supplier_1,supplier,1,154.27,,,,,,,,,,,,,50,hitl
191,2026-04-11 05:45,farm_1,farm,1,,401.0,0.138,,,,,,,,,,,50,hitl
191,2026-04-11 05:45,slaughterhouse_1,slaughterhouse,0,,,,274.832,400.0,,,,,,,,,50,hitl
191,2026-04-11 05:45,wholesaler_1,wholesaler,0,,,,,,120.79,11.4,,,,,,,50,hitl
191,2026-04-11 05:45,retail_1,retail,0,,,,,,,,102.24,30.0,0.0,0.0,3.58,23.2181,50,hitl
192,2026-04-11 06:00,supplier_1,supplier,1,153.35,,,,,,,,,,,,,50,hitl
192,2026-04-11 06:00,farm_1,farm,1,,401.0,0.138,,,,,,,,,,,50,hitl
192,2026-04-11 06:00,slaughterhouse_1,slaughterhouse,0,,,,274.832,376.0,,,,,,,,,50,hitl
192,2026-04-11 06:00,wholesaler_1,wholesaler,0,,,,,,115.33,11.4,,,,,,,50,hitl
192,2026-04-11 06:00,retail_1,retail,0,,,,,,,,101.25,30.0,0.0,0.0,3.58,23.2181,50,hitl
193,2026-04-11 06:15,supplier_1,supplier,1,152.7,,,,,,,,,,,,,50,hitl
193,2026-04-11 06:15,farm_1,farm,1,,401.0,0.138,,,,,,,,,,,50,hitl
193,2026-04-11 06:15,slaughterhouse_1,slaughterhouse,0,,,,274.832,383.21,,,,,,,,,50,hitl
193,2026-04-11 06:15,wholesaler_1,wholesaler,0,,,,,,136.39,11.4,,,,,,,50,hitl
193,2026-04-11 06:15,retail_1,retail,0,,,,,,,,104.07,30.0,0.0,0.0,3.58,23.2181,50,hitl
194,2026-04-11 06:30,supplier_1,supplier,1,152.13,,,,,,,,,,,,,50,hitl
194,2026-04-11 06:30,farm_1,farm,1,,401.0,0.138,,,,,,,,,,,50,hitl
194,2026-04-11 06:30,slaughterhouse_1,slaughterhouse,0,,,,274.832,391.3,,,,,,,,,50,hitl
194,2026-04-11 06:30,wholesaler_1,wholesaler,0,,,,,,134.67,11.4,,,,,,,50,hitl
194,2026-04-11 06:30,retail_1,retail,0,,,,,,,,103.15,30.0,0.0,0.0,3.58,23.2181,50,hitl
195,2026-04-11 06:45,supplier_1,supplier,1,151.63,,,,,,,,,,,,,50,hitl
195,2026-04-11 06:45,farm_1,farm,1,,401.0,0.138,,,,,,,,,,,50,hitl
195,2026-04-11 06:45,slaughterhouse_1,slaughterhouse,0,,,,274.832,399.52,,,,,,,,,50,hitl
195,2026-04-11 06:45,wholesaler_1,wholesaler,0,,,,,,132.72,11.4,,,,,,,50,hitl
195,2026-04-11 06:45,retail_1,retail,0,,,,,,,,102.32,30.0,0.0,0.0,3.58,23.2181,50,hitl
196,2026-04-11 07:00,supplier_1,supplier,1,150.89,,,,,,,,,,,,,50,hitl
196,2026-04-11 07:00,farm_1,farm,1,,401.0,0.138,,,,,,,,,,,50,hitl
196,2026-04-11 07:00,slaughterhouse_1,slaughterhouse,0,,,,274.832,400.0,,,,,,,,,50,hitl
196,2026-04-11 07:00,wholesaler_1,wholesaler,0,,,,,,127.65,11.4,,,,,,,50,hitl
196,2026-04-11 07:00,retail_1,retail,0,,,,,,,,101.43,30.0,0.0,0.0,3.58,23.2181,50,hitl
197,2026-04-11 07:15,supplier_1,supplier,1,149.84,,,,,,,,,,,,,50,hitl
197,2026-04-11 07:15,farm_1,farm,1,,401.0,0.138,,,,,,,,,,,50,hitl
197,2026-04-11 07:15,slaughterhouse_1,slaughterhouse,0,,,,274.832,400.0,,,,,,,,,50,hitl
197,2026-04-11 07:15,wholesaler_1,wholesaler,0,,,,,,125.64,11.4,,,,,,,50,hitl
197,2026-04-11 07:15,retail_1,retail,0,,,,,,,,104.2,30.0,0.0,0.0,3.58,23.2181,50,hitl
198,2026-04-11 07:30,supplier_1,supplier,1,148.99,,,,,,,,,,,,,50,hitl
198,2026-04-11 07:30,farm_1,farm,1,,401.0,0.138,,,,,,,,,,,50,hitl
198,2026-04-11 07:30,slaughterhouse_1,slaughterhouse,0,,,,274.832,400.0,,,,,,,,,50,hitl
198,2026-04-11 07:30,wholesaler_1,wholesaler,0,,,,,,122.85,11.4,,,,,,,50,hitl
198,2026-04-11 07:30,retail_1,retail,0,,,,,,,,103.33,30.0,0.0,0.0,3.58,23.2181,50,hitl
199,2026-04-11 07:45,supplier_1,supplier,1,147.72,,,,,,,,,,,,,50,hitl
199,2026-04-11 07:45,farm_1,farm,1,,401.0,0.138,,,,,,,,,,,50,hitl
199,2026-04-11 07:45,slaughterhouse_1,slaughterhouse,0,,,,274.832,400.0,,,,,,,,,50,hitl
199,2026-04-11 07:45,wholesaler_1,wholesaler,0,,,,,,120.14,11.4,,,,,,,50,hitl
199,2026-04-11 07:45,retail_1,retail,0,,,,,,,,102.35,30.0,0.0,0.0,3.58,23.2181,50,hitl
200,2026-04-11 08:00,supplier_1,supplier,1,146.76,,,,,,,,,,,,,50,hitl
200,2026-04-11 08:00,farm_1,farm,1,,401.0,0.138,,,,,,,,,,,50,hitl
200,2026-04-11 08:00,slaughterhouse_1,slaughterhouse,0,,,,274.832,376.0,,,,,,,,,50,hitl
200,2026-04-11 08:00,wholesaler_1,wholesaler,0,,,,,,114.67,11.4,,,,,,,50,hitl
200,2026-04-11 08:00,retail_1,retail,0,,,,,,,,101.51,30.0,0.0,0.0,3.58,23.2181,50,hitl
201,2026-04-11 08:15,supplier_1,supplier,1,145.44,,,,,,,,,,,,,50,hitl
201,2026-04-11 08:15,farm_1,farm,1,,401.0,0.138,,,,,,,,,,,50,hitl
201,2026-04-11 08:15,slaughterhouse_1,slaughterhouse,0,,,,274.832,383.79,,,,,,,,,50,hitl
201,2026-04-11 08:15,wholesaler_1,wholesaler,0,,,,,,135.73,11.4,,,,,,,50,hitl
201,2026-04-11 08:15,retail_1,retail,0,,,,,,,,104.08,30.0,0.0,0.0,3.58,23.2181,50,hitl
202,2026-04-11 08:30,supplier_1,supplier,1,144.11,,,,,,,,,,,,,50,hitl
202,2026-04-11 08:30,farm_1,farm,1,,401.0,0.138,,,,,,,,,,,50,hitl
202,2026-04-11 08:30,slaughterhouse_1,slaughterhouse,0,,,,274.832,391.58,,,,,,,,,50,hitl
202,2026-04-11 08:30,wholesaler_1,wholesaler,0,,,,,,132.87,11.4,,,,,,,50,hitl
202,2026-04-11 08:30,retail_1,retail,0,,,,,,,,103.23,30.0,0.0,0.0,3.58,23.2181,50,hitl
203,2026-04-11 08:45,supplier_1,supplier,1,143.15,,,,,,,,,,,,,50,hitl
203,2026-04-11 08:45,farm_1,farm,1,,401.0,0.138,,,,,,,,,,,50,hitl
203,2026-04-11 08:45,slaughterhouse_1,slaughterhouse,0,,,,274.832,399.27,,,,,,,,,50,hitl
203,2026-04-11 08:45,wholesaler_1,wholesaler,0,,,,,,130.27,11.4,,,,,,,50,hitl
203,2026-04-11 08:45,retail_1,retail,0,,,,,,,,102.35,30.0,0.0,0.0,3.58,23.2181,50,hitl
204,2026-04-11 09:00,supplier_1,supplier,1,141.85,,,,,,,,,,,,,50,hitl
204,2026-04-11 09:00,farm_1,farm,1,,401.0,0.138,,,,,,,,,,,50,hitl
204,2026-04-11 09:00,slaughterhouse_1,slaughterhouse,0,,,,274.832,400.0,,,,,,,,,50,hitl
204,2026-04-11 09:00,wholesaler_1,wholesaler,0,,,,,,124.32,11.4,,,,,,,50,hitl
204,2026-04-11 09:00,retail_1,retail,0,,,,,,,,101.38,30.0,0.0,0.0,3.58,23.2181,50,hitl
205,2026-04-11 09:15,supplier_1,supplier,1,140.46,,,,,,,,,,,,,50,hitl
205,2026-04-11 09:15,farm_1,farm,1,,401.0,0.138,,,,,,,,,,,50,hitl
205,2026-04-11 09:15,slaughterhouse_1,slaughterhouse,0,,,,274.832,400.0,,,,,,,,,50,hitl
205,2026-04-11 09:15,wholesaler_1,wholesaler,0,,,,,,121.9,11.4,,,,,,,50,hitl
205,2026-04-11 09:15,retail_1,retail,0,,,,,,,,104.01,30.0,0.0,0.0,3.58,23.2181,50,hitl
206,2026-04-11 09:30,supplier_1,supplier,1,139.67,,,,,,,,,,,,,50,hitl
206,2026-04-11 09:30,farm_1,farm,1,,401.0,0.138,,,,,,,,,,,50,hitl
206,2026-04-11 09:30,slaughterhouse_1,slaughterhouse,0,,,,274.832,400.0,,,,,,,,,50,hitl
206,2026-04-11 09:30,wholesaler_1,wholesaler,0,,,,,,119.26,11.4,,,,,,,50,hitl
206,2026-04-11 09:30,retail_1,retail,0,,,,,,,,103.02,30.0,0.0,0.0,3.58,23.2181,50,hitl
207,2026-04-11 09:45,supplier_1,supplier,1,138.52,,,,,,,,,,,,,50,hitl
207,2026-04-11 09:45,farm_1,farm,1,,401.0,0.138,,,,,,,,,,,50,hitl
207,2026-04-11 09:45,slaughterhouse_1,slaughterhouse,0,,,,274.832,400.0,,,,,,,,,50,hitl
207,2026-04-11 09:45,wholesaler_1,wholesaler,0,,,,,,116.43,11.4,,,,,,,50,hitl
207,2026-04-11 09:45,retail_1,retail,0,,,,,,,,102.07,30.0,0.0,0.0,3.58,23.2181,50,hitl
208,2026-04-11 10:00,supplier_1,supplier,0,678.85,,,,,,,,,,,,,50,hitl
208,2026-04-11 10:00,farm_1,farm,1,,401.0,0.138,,,,,,,,,,,50,hitl
208,2026-04-11 10:00,slaughterhouse_1,slaughterhouse,0,,,,274.832,376.0,,,,,,,,,50,hitl
208,2026-04-11 10:00,wholesaler_1,wholesaler,0,,,,,,109.83,11.4,,,,,,,50,hitl
208,2026-04-11 10:00,retail_1,retail,0,,,,,,,,101.07,30.0,0.0,0.0,3.58,23.2181,50,hitl
209,2026-04-11 10:15,supplier_1,supplier,0,677.83,,,,,,,,,,,,,50,hitl
209,2026-04-11 10:15,farm_1,farm,1,,401.0,0.138,,,,,,,,,,,50,hitl
209,2026-04-11 10:15,slaughterhouse_1,slaughterhouse,0,,,,274.832,383.36,,,,,,,,,50,hitl
209,2026-04-11 10:15,wholesaler_1,wholesaler,0,,,,,,131.88,11.4,,,,,,,50,hitl
209,2026-04-11 10:15,retail_1,retail,0,,,,,,,,104.06,30.0,0.0,0.0,3.58,23.2181,50,hitl
210,2026-04-11 10:30,supplier_1,supplier,0,677.23,,,,,,,,,,,,,50,hitl
210,2026-04-11 10:30,farm_1,farm,1,,401.0,0.138,,,,,,,,,,,50,hitl
210,2026-04-11 10:30,slaughterhouse_1,slaughterhouse,0,,,,274.832,391.11,,,,,,,,,50,hitl
210,2026-04-11 10:30,wholesaler_1,wholesaler,0,,,,,,128.98,11.4,,,,,,,50,hitl
210,2026-04-11 10:30,retail_1,retail,0,,,,,,,,103.22,30.0,0.0,0.0,3.58,23.2181,50,hitl
211,2026-04-11 10:45,supplier_1,supplier,0,675.78,,,,,,,,,,,,,50,hitl
211,2026-04-11 10:45,farm_1,farm,1,,401.0,0.138,,,,,,,,,,,50,hitl
211,2026-04-11 10:45,slaughterhouse_1,slaughterhouse,0,,,,274.832,399.01,,,,,,,,,50,hitl
211,2026-04-11 10:45,wholesaler_1,wholesaler,0,,,,,,126.05,11.4,,,,,,,50,hitl
211,2026-04-11 10:45,retail_1,retail,0,,,,,,,,102.42,30.0,0.0,0.0,3.58,23.2181,50,hitl
212,2026-04-11 11:00,supplier_1,supplier,0,674.78,,,,,,,,,,,,,50,hitl
212,2026-04-11 11:00,farm_1,farm,1,,401.0,0.138,,,,,,,,,,,50,hitl
212,2026-04-11 11:00,slaughterhouse_1,slaughterhouse,0,,,,274.832,400.0,,,,,,,,,50,hitl
212,2026-04-11 11:00,wholesaler_1,wholesaler,0,,,,,,119.87,11.4,,,,,,,50,hitl
212,2026-04-11 11:00,retail_1,retail,0,,,,,,,,101.57,30.0,0.0,0.0,3.58,23.2181,50,hitl
213,2026-04-11 11:15,supplier_1,supplier,0,673.95,,,,,,,,,,,,,50,hitl
213,2026-04-11 11:15,farm_1,farm,1,,401.0,0.138,,,,,,,,,,,50,hitl
213,2026-04-11 11:15,slaughterhouse_1,slaughterhouse,0,,,,274.832,400.0,,,,,,,,,50,hitl
213,2026-04-11 11:15,wholesaler_1,wholesaler,0,,,,,,117.18,11.4,,,,,,,50,hitl
213,2026-04-11 11:15,retail_1,retail,0,,,,,,,,104.06,30.0,0.0,0.0,3.58,23.2181,50,hitl
214,2026-04-11 11:30,supplier_1,supplier,0,673.3,,,,,,,,,,,,,50,hitl
214,2026-04-11 11:30,farm_1,farm,1,,401.0,0.138,,,,,,,,,,,50,hitl
214,2026-04-11 11:30,slaughterhouse_1,slaughterhouse,0,,,,274.832,400.0,,,,,,,,,50,hitl
214,2026-04-11 11:30,wholesaler_1,wholesaler,0,,,,,,115.12,11.4,,,,,,,50,hitl
214,2026-04-11 11:30,retail_1,retail,0,,,,,,,,103.09,30.0,0.0,0.0,3.58,23.2181,50,hitl
215,2026-04-11 11:45,supplier_1,supplier,0,672.65,,,,,,,,,,,,,50,hitl
215,2026-04-11 11:45,farm_1,farm,1,,401.0,0.138,,,,,,,,,,,50,hitl
215,2026-04-11 11:45,slaughterhouse_1,slaughterhouse,0,,,,274.832,400.0,,,,,,,,,50,hitl
215,2026-04-11 11:45,wholesaler_1,wholesaler,0,,,,,,112.44,11.4,,,,,,,50,hitl
215,2026-04-11 11:45,retail_1,retail,0,,,,,,,,102.12,30.0,0.0,0.0,3.58,23.2181,50,hitl
216,2026-04-11 12:00,supplier_1,supplier,0,671.61,,,,,,,,,,,,,50,hitl
216,2026-04-11 12:00,farm_1,farm,1,,401.0,0.138,,,,,,,,,,,50,hitl
216,2026-04-11 12:00,slaughterhouse_1,slaughterhouse,0,,,,274.832,376.0,,,,,,,,,50,hitl
216,2026-04-11 12:00,wholesaler_1,wholesaler,0,,,,,,106.5,11.4,,,,,,,50,hitl
216,2026-04-11 12:00,retail_1,retail,0,,,,,,,,101.12,30.0,0.0,0.0,3.58,23.2181,50,hitl
217,2026-04-11 12:15,supplier_1,supplier,0,670.68,,,,,,,,,,,,,50,hitl
217,2026-04-11 12:15,farm_1,farm,1,,401.0,0.138,,,,,,,,,,,50,hitl
217,2026-04-11 12:15,slaughterhouse_1,slaughterhouse,0,,,,274.832,384.06,,,,,,,,,50,hitl
217,2026-04-11 12:15,wholesaler_1,wholesaler,0,,,,,,128.99,11.4,,,,,,,50,hitl
217,2026-04-11 12:15,retail_1,retail,0,,,,,,,,104.13,30.0,0.0,0.0,3.58,23.2181,50,hitl
218,2026-04-11 12:30,supplier_1,supplier,0,669.44,,,,,,,,,,,,,50,hitl
218,2026-04-11 12:30,farm_1,farm,1,,401.0,0.138,,,,,,,,,,,50,hitl
218,2026-04-11 12:30,slaughterhouse_1,slaughterhouse,0,,,,274.832,391.26,,,,,,,,,50,hitl
218,2026-04-11 12:30,wholesaler_1,wholesaler,0,,,,,,126.26,11.4,,,,,,,50,hitl
218,2026-04-11 12:30,retail_1,retail,0,,,,,,,,103.3,30.0,0.0,0.0,3.58,23.2181,50,hitl
219,2026-04-11 12:45,supplier_1,supplier,0,668.63,,,,,,,,,,,,,50,hitl
219,2026-04-11 12:45,farm_1,farm,1,,401.0,0.138,,,,,,,,,,,50,hitl
219,2026-04-11 12:45,slaughterhouse_1,slaughterhouse,0,,,,274.832,399.32,,,,,,,,,50,hitl
219,2026-04-11 12:45,wholesaler_1,wholesaler,0,,,,,,124.38,11.4,,,,,,,50,hitl
219,2026-04-11 12:45,retail_1,retail,0,,,,,,,,102.38,30.0,0.0,0.0,3.58,23.2181,50,hitl
220,2026-04-11 13:00,supplier_1,supplier,0,667.44,,,,,,,,,,,,,50,hitl
220,2026-04-11 13:00,farm_1,farm,1,,401.0,0.138,,,,,,,,,,,50,hitl
220,2026-04-11 13:00,slaughterhouse_1,slaughterhouse,0,,,,274.832,400.0,,,,,,,,,50,hitl
220,2026-04-11 13:00,wholesaler_1,wholesaler,0,,,,,,118.76,11.4,,,,,,,50,hitl
220,2026-04-11 13:00,retail_1,retail,0,,,,,,,,101.45,30.0,0.0,0.0,3.58,23.2181,50,hitl
221,2026-04-11 13:15,supplier_1,supplier,0,666.73,,,,,,,,,,,,,50,hitl
221,2026-04-11 13:15,farm_1,farm,1,,401.0,0.138,,,,,,,,,,,50,hitl
221,2026-04-11 13:15,slaughterhouse_1,slaughterhouse,0,,,,274.832,400.0,,,,,,,,,50,hitl
221,2026-04-11 13:15,wholesaler_1,wholesaler,0,,,,,,116.71,11.4,,,,,,,50,hitl
221,2026-04-11 13:15,retail_1,retail,0,,,,,,,,104.06,30.0,0.0,0.0,3.58,23.2181,50,hitl
222,2026-04-11 13:30,supplier_1,supplier,0,665.48,,,,,,,,,,,,,50,hitl
222,2026-04-11 13:30,farm_1,farm,1,,401.0,0.138,,,,,,,,,,,50,hitl
222,2026-04-11 13:30,slaughterhouse_1,slaughterhouse,0,,,,274.832,400.0,,,,,,,,,50,hitl
222,2026-04-11 13:30,wholesaler_1,wholesaler,0,,,,,,114.21,11.4,,,,,,,50,hitl
222,2026-04-11 13:30,retail_1,retail,0,,,,,,,,103.27,30.0,0.0,0.0,3.58,23.2181,50,hitl
223,2026-04-11 13:45,supplier_1,supplier,0,664.11,,,,,,,,,,,,,50,hitl
223,2026-04-11 13:45,farm_1,farm,1,,401.0,0.138,,,,,,,,,,,50,hitl
223,2026-04-11 13:45,slaughterhouse_1,slaughterhouse,0,,,,274.832,400.0,,,,,,,,,50,hitl
223,2026-04-11 13:45,wholesaler_1,wholesaler,0,,,,,,111.85,11.4,,,,,,,50,hitl
223,2026-04-11 13:45,retail_1,retail,0,,,,,,,,102.46,30.0,0.0,0.0,3.58,23.2181,50,hitl
224,2026-04-11 14:00,supplier_1,supplier,0,663.57,,,,,,,,,,,,,50,hitl
224,2026-04-11 14:00,farm_1,farm,1,,401.0,0.138,,,,,,,,,,,50,hitl
224,2026-04-11 14:00,slaughterhouse_1,slaughterhouse,0,,,,274.832,376.0,,,,,,,,,50,hitl
224,2026-04-11 14:00,wholesaler_1,wholesaler,0,,,,,,106.53,11.4,,,,,,,50,hitl
224,2026-04-11 14:00,retail_1,retail,0,,,,,,,,101.67,30.0,0.0,0.0,3.58,23.2181,50,hitl
225,2026-04-11 14:15,supplier_1,supplier,0,662.63,,,,,,,,,,,,,50,hitl
225,2026-04-11 14:15,farm_1,farm,1,,401.0,0.138,,,,,,,,,,,50,hitl
225,2026-04-11 14:15,slaughterhouse_1,slaughterhouse,0,,,,274.832,383.48,,,,,,,,,50,hitl
225,2026-04-11 14:15,wholesaler_1,wholesaler,0,,,,,,127.98,11.4,,,,,,,50,hitl
225,2026-04-11 14:15,retail_1,retail,0,,,,,,,,104.01,30.0,0.0,0.0,3.58,23.2181,50,hitl
226,2026-04-11 14:30,supplier_1,supplier,0,661.79,,,,,,,,,,,,,50,hitl
226,2026-04-11 14:30,farm_1,farm,1,,401.0,0.138,,,,,,,,,,,50,hitl
226,2026-04-11 14:30,slaughterhouse_1,slaughterhouse,0,,,,274.832,390.88,,,,,,,,,50,hitl
226,2026-04-11 14:30,wholesaler_1,wholesaler,0,,,,,,125.69,11.4,,,,,,,50,hitl
226,2026-04-11 14:30,retail_1,retail,0,,,,,,,,103.21,30.0,0.0,0.0,3.58,23.2181,50,hitl
227,2026-04-11 14:45,supplier_1,supplier,0,661.18,,,,,,,,,,,,,50,hitl
227,2026-04-11 14:45,farm_1,farm,1,,401.0,0.138,,,,,,,,,,,50,hitl
227,2026-04-11 14:45,slaughterhouse_1,slaughterhouse,0,,,,274.832,398.31,,,,,,,,,50,hitl
227,2026-04-11 14:45,wholesaler_1,wholesaler,0,,,,,,123.88,11.4,,,,,,,50,hitl
227,2026-04-11 14:45,retail_1,retail,0,,,,,,,,102.23,30.0,0.0,0.0,3.58,23.2181,50,hitl
228,2026-04-11 15:00,supplier_1,supplier,0,660.65,,,,,,,,,,,,,50,hitl
228,2026-04-11 15:00,farm_1,farm,1,,401.0,0.138,,,,,,,,,,,50,hitl
228,2026-04-11 15:00,slaughterhouse_1,slaughterhouse,0,,,,274.832,400.0,,,,,,,,,50,hitl
228,2026-04-11 15:00,wholesaler_1,wholesaler,0,,,,,,117.46,11.4,,,,,,,50,hitl
228,2026-04-11 15:00,retail_1,retail,0,,,,,,,,101.41,30.0,0.0,0.0,3.58,23.2181,50,hitl
229,2026-04-11 15:15,supplier_1,supplier,0,660.08,,,,,,,,,,,,,50,hitl
229,2026-04-11 15:15,farm_1,farm,1,,401.0,0.138,,,,,,,,,,,50,hitl
229,2026-04-11 15:15,slaughterhouse_1,slaughterhouse,0,,,,274.832,400.0,,,,,,,,,50,hitl
229,2026-04-11 15:15,wholesaler_1,wholesaler,0,,,,,,114.72,11.4,,,,,,,50,hitl
229,2026-04-11 15:15,retail_1,retail,0,,,,,,,,104.2,30.0,0.0,0.0,3.58,23.2181,50,hitl
230,2026-04-11 15:30,supplier_1,supplier,0,658.72,,,,,,,,,,,,,50,hitl
230,2026-04-11 15:30,farm_1,farm,1,,401.0,0.138,,,,,,,,,,,50,hitl
230,2026-04-11 15:30,slaughterhouse_1,slaughterhouse,0,,,,274.832,400.0,,,,,,,,,50,hitl
230,2026-04-11 15:30,wholesaler_1,wholesaler,0,,,,,,112.62,11.4,,,,,,,50,hitl
230,2026-04-11 15:30,retail_1,retail,0,,,,,,,,103.23,30.0,0.0,0.0,3.58,23.2181,50,hitl
231,2026-04-11 15:45,supplier_1,supplier,0,658.09,,,,,,,,,,,,,50,hitl
231,2026-04-11 15:45,farm_1,farm,1,,401.0,0.138,,,,,,,,,,,50,hitl
231,2026-04-11 15:45,slaughterhouse_1,slaughterhouse,0,,,,274.832,400.0,,,,,,,,,50,hitl
231,2026-04-11 15:45,wholesaler_1,wholesaler,0,,,,,,110.57,11.4,,,,,,,50,hitl
231,2026-04-11 15:45,retail_1,retail,0,,,,,,,,102.44,30.0,0.0,0.0,3.58,23.2181,50,hitl
232,2026-04-11 16:00,supplier_1,supplier,0,657.21,,,,,,,,,,,,,50,hitl
232,2026-04-11 16:00,farm_1,farm,1,,401.0,0.138,,,,,,,,,,,50,hitl
232,2026-04-11 16:00,slaughterhouse_1,slaughterhouse,0,,,,274.832,376.0,,,,,,,,,50,hitl
232,2026-04-11 16:00,wholesaler_1,wholesaler,0,,,,,,104.24,11.4,,,,,,,50,hitl
232,2026-04-11 16:00,retail_1,retail,0,,,,,,,,101.47,30.0,0.0,0.0,3.58,23.2181,50,hitl
233,2026-04-11 16:15,supplier_1,supplier,0,656.5,,,,,,,,,,,,,50,hitl
233,2026-04-11 16:15,farm_1,farm,1,,401.0,0.138,,,,,,,,,,,50,hitl
233,2026-04-11 16:15,slaughterhouse_1,slaughterhouse,0,,,,274.832,383.85,,,,,,,,,50,hitl
233,2026-04-11 16:15,wholesaler_1,wholesaler,0,,,,,,126.33,11.4,,,,,,,50,hitl
233,2026-04-11 16:15,retail_1,retail,0,,,,,,,,104.12,30.0,0.0,0.0,3.58,23.2181,50,hitl
234,2026-04-11 16:30,supplier_1,supplier,0,655.13,,,,,,,,,,,,,50,hitl
234,2026-04-11 16:30,farm_1,farm,1,,401.0,0.138,,,,,,,,,,,50,hitl
234,2026-04-11 16:30,slaughterhouse_1,slaughterhouse,0,,,,274.832,391.72,,,,,,,,,50,hitl
234,2026-04-11 16:30,wholesaler_1,wholesaler,0,,,,,,124.19,11.4,,,,,,,50,hitl
234,2026-04-11 16:30,retail_1,retail,0,,,,,,,,103.22,30.0,0.0,0.0,3.58,23.2181,50,hitl
235,2026-04-11 16:45,supplier_1,supplier,0,654.29,,,,,,,,,,,,,50,hitl
235,2026-04-11 16:45,farm_1,farm,1,,401.0,0.138,,,,,,,,,,,50,hitl
235,2026-04-11 16:45,slaughterhouse_1,slaughterhouse,0,,,,274.832,399.19,,,,,,,,,50,hitl
235,2026-04-11 16:45,wholesaler_1,wholesaler,0,,,,,,121.75,11.4,,,,,,,50,hitl
235,2026-04-11 16:45,retail_1,retail,0,,,,,,,,102.43,30.0,0.0,0.0,3.58,23.2181,50,hitl
236,2026-04-11 17:00,supplier_1,supplier,0,652.79,,,,,,,,,,,,,50,hitl
236,2026-04-11 17:00,farm_1,farm,1,,401.0,0.138,,,,,,,,,,,50,hitl
236,2026-04-11 17:00,slaughterhouse_1,slaughterhouse,0,,,,274.832,400.0,,,,,,,,,50,hitl
236,2026-04-11 17:00,wholesaler_1,wholesaler,0,,,,,,115.32,11.4,,,,,,,50,hitl
236,2026-04-11 17:00,retail_1,retail,0,,,,,,,,101.49,30.0,0.0,0.0,3.58,23.2181,50,hitl
237,2026-04-11 17:15,supplier_1,supplier,0,651.32,,,,,,,,,,,,,50,hitl
237,2026-04-11 17:15,farm_1,farm,1,,401.0,0.138,,,,,,,,,,,50,hitl
237,2026-04-11 17:15,slaughterhouse_1,slaughterhouse,0,,,,274.832,400.0,,,,,,,,,50,hitl
237,2026-04-11 17:15,wholesaler_1,wholesaler,0,,,,,,113.5,11.4,,,,,,,50,hitl
237,2026-04-11 17:15,retail_1,retail,0,,,,,,,,104.2,30.0,0.0,0.0,3.58,23.2181,50,hitl
238,2026-04-11 17:30,supplier_1,supplier,0,650.76,,,,,,,,,,,,,50,hitl
238,2026-04-11 17:30,farm_1,farm,1,,401.0,0.138,,,,,,,,,,,50,hitl
238,2026-04-11 17:30,slaughterhouse_1,slaughterhouse,0,,,,274.832,400.0,,,,,,,,,50,hitl
238,2026-04-11 17:30,wholesaler_1,wholesaler,0,,,,,,111.08,11.4,,,,,,,50,hitl
238,2026-04-11 17:30,retail_1,retail,0,,,,,,,,103.27,30.0,0.0,0.0,3.58,23.2181,50,hitl
239,2026-04-11 17:45,supplier_1,supplier,0,649.72,,,,,,,,,,,,,50,hitl
239,2026-04-11 17:45,farm_1,farm,1,,401.0,0.138,,,,,,,,,,,50,hitl
239,2026-04-11 17:45,slaughterhouse_1,slaughterhouse,0,,,,274.832,400.0,,,,,,,,,50,hitl
239,2026-04-11 17:45,wholesaler_1,wholesaler,0,,,,,,108.77,11.4,,,,,,,50,hitl
239,2026-04-11 17:45,retail_1,retail,0,,,,,,,,102.47,30.0,0.0,0.0,3.58,23.2181,50,hitl
240,2026-04-11 18:00,supplier_1,supplier,0,648.38,,,,,,,,,,,,,50,hitl
240,2026-04-11 18:00,farm_1,farm,1,,401.0,0.138,,,,,,,,,,,50,hitl
240,2026-04-11 18:00,slaughterhouse_1,slaughterhouse,0,,,,274.832,376.0,,,,,,,,,50,hitl
240,2026-04-11 18:00,wholesaler_1,wholesaler,0,,,,,,102.79,11.4,,,,,,,50,hitl
240,2026-04-11 18:00,retail_1,retail,0,,,,,,,,101.57,30.0,0.0,0.0,3.58,23.2181,50,hitl
241,2026-04-11 18:15,supplier_1,supplier,0,647.1,,,,,,,,,,,,,50,hitl
241,2026-04-11 18:15,farm_1,farm,1,,401.0,0.138,,,,,,,,,,,50,hitl
241,2026-04-11 18:15,slaughterhouse_1,slaughterhouse,0,,,,274.832,383.64,,,,,,,,,50,hitl
241,2026-04-11 18:15,wholesaler_1,wholesaler,0,,,,,,123.87,11.4,,,,,,,50,hitl
241,2026-04-11 18:15,retail_1,retail,0,,,,,,,,104.19,30.0,0.0,0.0,3.58,23.2181,50,hitl
242,2026-04-11 18:30,supplier_1,supplier,0,646.38,,,,,,,,,,,,,50,hitl
242,2026-04-11 18:30,farm_1,farm,1,,401.0,0.138,,,,,,,,,,,50,hitl
242,2026-04-11 18:30,slaughterhouse_1,slaughterhouse,0,,,,274.832,391.58,,,,,,,,,50,hitl
242,2026-04-11 18:30,wholesaler_1,wholesaler,0,,,,,,121.92,11.4,,,,,,,50,hitl
242,2026-04-11 18:30,retail_1,retail,0,,,,,,,,103.32,30.0,0.0,0.0,3.58,23.2181,50,hitl
243,2026-04-11 18:45,supplier_1,supplier,0,645.31,,,,,,,,,,,,,50,hitl
243,2026-04-11 18:45,farm_1,farm,1,,401.0,0.138,,,,,,,,,,,50,hitl
243,2026-04-11 18:45,slaughterhouse_1,slaughterhouse,0,,,,274.832,399.18,,,,,,,,,50,hitl
243,2026-04-11 18:45,wholesaler_1,wholesaler,0,,,,,,119.26,11.4,,,,,,,50,hitl
243,2026-04-11 18:45,retail_1,retail,0,,,,,,,,102.45,30.0,0.0,0.0,3.58,23.2181,50,hitl
244,2026-04-11 19:00,supplier_1,supplier,0,644.8,,,,,,,,,,,,,50,hitl
244,2026-04-11 19:00,farm_1,farm,1,,401.0,0.138,,,,,,,,,,,50,hitl
244,2026-04-11 19:00,slaughterhouse_1,slaughterhouse,0,,,,274.832,400.0,,,,,,,,,50,hitl
244,2026-04-11 19:00,wholesaler_1,wholesaler,0,,,,,,113.01,11.4,,,,,,,50,hitl
244,2026-04-11 19:00,retail_1,retail,0,,,,,,,,101.61,30.0,0.0,0.0,3.58,23.2181,50,hitl
245,2026-04-11 19:15,supplier_1,supplier,0,643.64,,,,,,,,,,,,,50,hitl
245,2026-04-11 19:15,farm_1,farm,1,,401.0,0.138,,,,,,,,,,,50,hitl
245,2026-04-11 19:15,slaughterhouse_1,slaughterhouse,0,,,,274.832,400.0,,,,,,,,,50,hitl
245,2026-04-11 19:15,wholesaler_1,wholesaler,0,,,,,,110.9,11.4,,,,,,,50,hitl
245,2026-04-11 19:15,retail_1,retail,0,,,,,,,,104.13,30.0,0.0,0.0,3.58,23.2181,50,hitl
246,2026-04-11 19:30,supplier_1,supplier,0,642.28,,,,,,,,,,,,,50,hitl
246,2026-04-11 19:30,farm_1,farm,1,,401.0,0.138,,,,,,,,,,,50,hitl
246,2026-04-11 19:30,slaughterhouse_1,slaughterhouse,0,,,,274.832,400.0,,,,,,,,,50,hitl
246,2026-04-11 19:30,wholesaler_1,wholesaler,0,,,,,,109.35,11.4,,,,,,,50,hitl
246,2026-04-11 19:30,retail_1,retail,0,,,,,,,,103.19,30.0,0.0,0.0,3.58,23.2181,50,hitl
247,2026-04-11 19:45,supplier_1,supplier,0,641.14,,,,,,,,,,,,,50,hitl
247,2026-04-11 19:45,farm_1,farm,1,,401.0,0.138,,,,,,,,,,,50,hitl
247,2026-04-11 19:45,slaughterhouse_1,slaughterhouse,0,,,,274.832,400.0,,,,,,,,,50,hitl
247,2026-04-11 19:45,wholesaler_1,wholesaler,0,,,,,,106.57,11.4,,,,,,,50,hitl
247,2026-04-11 19:45,retail_1,retail,0,,,,,,,,102.2,30.0,0.0,0.0,3.58,23.2181,50,hitl
248,2026-04-11 20:00,supplier_1,supplier,0,639.97,,,,,,,,,,,,,50,hitl
248,2026-04-11 20:00,farm_1,farm,1,,401.0,0.138,,,,,,,,,,,50,hitl
248,2026-04-11 20:00,slaughterhouse_1,slaughterhouse,0,,,,274.832,376.0,,,,,,,,,50,hitl
248,2026-04-11 20:00,wholesaler_1,wholesaler,0,,,,,,100.4,11.4,,,,,,,50,hitl
248,2026-04-11 20:00,retail_1,retail,0,,,,,,,,101.35,30.0,0.0,0.0,3.58,23.2181,50,hitl
249,2026-04-11 20:15,supplier_1,supplier,0,638.66,,,,,,,,,,,,,50,hitl
249,2026-04-11 20:15,farm_1,farm,1,,401.0,0.138,,,,,,,,,,,50,hitl
249,2026-04-11 20:15,slaughterhouse_1,slaughterhouse,0,,,,274.832,384.21,,,,,,,,,50,hitl
249,2026-04-11 20:15,wholesaler_1,wholesaler,0,,,,,,121.68,11.4,,,,,,,50,hitl
249,2026-04-11 20:15,retail_1,retail,0,,,,,,,,104.07,30.0,0.0,0.0,3.58,23.2181,50,hitl
250,2026-04-11 20:30,supplier_1,supplier,0,637.69,,,,,,,,,,,,,50,hitl
250,2026-04-11 20:30,farm_1,farm,1,,401.0,0.138,,,,,,,,,,,50,hitl
250,2026-04-11 20:30,slaughterhouse_1,slaughterhouse,0,,,,274.832,391.39,,,,,,,,,50,hitl
250,2026-04-11 20:30,wholesaler_1,wholesaler,0,,,,,,119.71,11.4,,,,,,,50,hitl
250,2026-04-11 20:30,retail_1,retail,0,,,,,,,,103.09,30.0,0.0,0.0,3.58,23.2181,50,hitl
251,2026-04-11 20:45,supplier_1,supplier,0,636.91,,,,,,,,,,,,,50,hitl
251,2026-04-11 20:45,farm_1,farm,1,,401.0,0.138,,,,,,,,,,,50,hitl
251,2026-04-11 20:45,slaughterhouse_1,slaughterhouse,0,,,,274.832,398.54,,,,,,,,,50,hitl
251,2026-04-11 20:45,wholesaler_1,wholesaler,0,,,,,,117.06,11.4,,,,,,,50,hitl
251,2026-04-11 20:45,retail_1,retail,0,,,,,,,,102.21,30.0,0.0,0.0,3.58,23.2181,50,hitl
252,2026-04-11 21:00,supplier_1,supplier,0,635.89,,,,,,,,,,,,,50,hitl
252,2026-04-11 21:00,farm_1,farm,1,,401.0,0.138,,,,,,,,,,,50,hitl
252,2026-04-11 21:00,slaughterhouse_1,slaughterhouse,0,,,,274.832,400.0,,,,,,,,,50,hitl
252,2026-04-11 21:00,wholesaler_1,wholesaler,0,,,,,,111.81,11.4,,,,,,,50,hitl
252,2026-04-11 21:00,retail_1,retail,0,,,,,,,,101.42,30.0,0.0,0.0,3.58,23.2181,50,hitl
253,2026-04-11 21:15,supplier_1,supplier,0,634.68,,,,,,,,,,,,,50,hitl
253,2026-04-11 21:15,farm_1,farm,1,,401.0,0.138,,,,,,,,,,,50,hitl
253,2026-04-11 21:15,slaughterhouse_1,slaughterhouse,0,,,,274.832,400.0,,,,,,,,,50,hitl
253,2026-04-11 21:15,wholesaler_1,wholesaler,0,,,,,,110.3,11.4,,,,,,,50,hitl
253,2026-04-11 21:15,retail_1,retail,0,,,,,,,,104.18,30.0,0.0,0.0,3.58,23.2181,50,hitl
254,2026-04-11 21:30,supplier_1,supplier,0,633.19,,,,,,,,,,,,,50,hitl
254,2026-04-11 21:30,farm_1,farm,1,,401.0,0.138,,,,,,,,,,,50,hitl
254,2026-04-11 21:30,slaughterhouse_1,slaughterhouse,0,,,,274.832,400.0,,,,,,,,,50,hitl
254,2026-04-11 21:30,wholesaler_1,wholesaler,0,,,,,,107.58,11.4,,,,,,,50,hitl
254,2026-04-11 21:30,retail_1,retail,0,,,,,,,,103.36,30.0,0.0,0.0,3.58,23.2181,50,hitl
255,2026-04-11 21:45,supplier_1,supplier,0,632.34,,,,,,,,,,,,,50,hitl
255,2026-04-11 21:45,farm_1,farm,1,,401.0,0.138,,,,,,,,,,,50,hitl
255,2026-04-11 21:45,slaughterhouse_1,slaughterhouse,0,,,,274.832,400.0,,,,,,,,,50,hitl
255,2026-04-11 21:45,wholesaler_1,wholesaler,0,,,,,,105.5,11.4,,,,,,,50,hitl
255,2026-04-11 21:45,retail_1,retail,0,,,,,,,,102.48,30.0,0.0,0.0,3.58,23.2181,50,hitl
256,2026-04-11 22:00,supplier_1,supplier,0,631.26,,,,,,,,,,,,,50,hitl
256,2026-04-11 22:00,farm_1,farm,1,,401.0,0.138,,,,,,,,,,,50,hitl
256,2026-04-11 22:00,slaughterhouse_1,slaughterhouse,0,,,,274.832,376.0,,,,,,,,,50,hitl
256,2026-04-11 22:00,wholesaler_1,wholesaler,0,,,,,,100.41,11.4,,,,,,,50,hitl
256,2026-04-11 22:00,retail_1,retail,0,,,,,,,,101.57,30.0,0.0,0.0,3.58,23.2181,50,hitl
257,2026-04-11 22:15,supplier_1,supplier,0,630.24,,,,,,,,,,,,,50,hitl
257,2026-04-11 22:15,farm_1,farm,1,,401.0,0.138,,,,,,,,,,,50,hitl
257,2026-04-11 22:15,slaughterhouse_1,slaughterhouse,0,,,,274.832,383.96,,,,,,,,,50,hitl
257,2026-04-11 22:15,wholesaler_1,wholesaler,0,,,,,,121.49,11.4,,,,,,,50,hitl
257,2026-04-11 22:15,retail_1,retail,0,,,,,,,,104.05,30.0,0.0,0.0,3.58,23.2181,50,hitl
258,2026-04-11 22:30,supplier_1,supplier,0,628.83,,,,,,,,,,,,,50,hitl
258,2026-04-11 22:30,farm_1,farm,1,,401.0,0.138,,,,,,,,,,,50,hitl
258,2026-04-11 22:30,slaughterhouse_1,slaughterhouse,0,,,,274.832,391.53,,,,,,,,,50,hitl
258,2026-04-11 22:30,wholesaler_1,wholesaler,0,,,,,,119.32,11.4,,,,,,,50,hitl
258,2026-04-11 22:30,retail_1,retail,0,,,,,,,,103.07,30.0,0.0,0.0,3.58,23.2181,50,hitl
259,2026-04-11 22:45,supplier_1,supplier,0,628.26,,,,,,,,,,,,,50,hitl
259,2026-04-11 22:45,farm_1,farm,1,,401.0,0.138,,,,,,,,,,,50,hitl
259,2026-04-11 22:45,slaughterhouse_1,slaughterhouse,0,,,,274.832,399.49,,,,,,,,,50,hitl
259,2026-04-11 22:45,wholesaler_1,wholesaler,0,,,,,,117.51,11.4,,,,,,,50,hitl
259,2026-04-11 22:45,retail_1,retail,0,,,,,,,,102.24,30.0,0.0,0.0,3.58,23.2181,50,hitl
260,2026-04-11 23:00,supplier_1,supplier,0,627.67,,,,,,,,,,,,,50,hitl
260,2026-04-11 23:00,farm_1,farm,1,,401.0,0.138,,,,,,,,,,,50,hitl
260,2026-04-11 23:00,slaughterhouse_1,slaughterhouse,0,,,,274.832,400.0,,,,,,,,,50,hitl
260,2026-04-11 23:00,wholesaler_1,wholesaler,0,,,,,,111.26,11.4,,,,,,,50,hitl
260,2026-04-11 23:00,retail_1,retail,0,,,,,,,,101.44,30.0,0.0,0.0,3.58,23.2181,50,hitl
261,2026-04-11 23:15,supplier_1,supplier,0,626.97,,,,,,,,,,,,,50,hitl
261,2026-04-11 23:15,farm_1,farm,1,,401.0,0.138,,,,,,,,,,,50,hitl
261,2026-04-11 23:15,slaughterhouse_1,slaughterhouse,0,,,,274.832,400.0,,,,,,,,,50,hitl
261,2026-04-11 23:15,wholesaler_1,wholesaler,0,,,,,,109.11,11.4,,,,,,,50,hitl
261,2026-04-11 23:15,retail_1,retail,0,,,,,,,,104.18,30.0,0.0,0.0,3.58,23.2181,50,hitl
262,2026-04-11 23:30,supplier_1,supplier,0,625.71,,,,,,,,,,,,,50,hitl
262,2026-04-11 23:30,farm_1,farm,1,,401.0,0.138,,,,,,,,,,,50,hitl
262,2026-04-11 23:30,slaughterhouse_1,slaughterhouse,0,,,,274.832,400.0,,,,,,,,,50,hitl
262,2026-04-11 23:30,wholesaler_1,wholesaler,0,,,,,,107.08,11.4,,,,,,,50,hitl
262,2026-04-11 23:30,retail_1,retail,0,,,,,,,,103.35,30.0,0.0,0.0,3.58,23.2181,50,hitl
263,2026-04-11 23:45,supplier_1,supplier,0,625.2,,,,,,,,,,,,,50,hitl
263,2026-04-11 23:45,farm_1,farm,1,,401.0,0.138,,,,,,,,,,,50,hitl
263,2026-04-11 23:45,slaughterhouse_1,slaughterhouse,0,,,,274.832,400.0,,,,,,,,,50,hitl
263,2026-04-11 23:45,wholesaler_1,wholesaler,0,,,,,,105.35,11.4,,,,,,,50,hitl
263,2026-04-11 23:45,retail_1,retail,0,,,,,,,,102.52,30.0,0.0,0.0,3.58,23.2181,50,hitl
264,2026-04-12 00:00,supplier_1,supplier,0,624.28,,,,,,,,,,,,,50,hitl
264,2026-04-12 00:00,farm_1,farm,1,,401.0,0.138,,,,,,,,,,,50,hitl
264,2026-04-12 00:00,slaughterhouse_1,slaughterhouse,0,,,,274.832,376.0,,,,,,,,,50,hitl
264,2026-04-12 00:00,wholesaler_1,wholesaler,0,,,,,,100.27,11.4,,,,,,,50,hitl
264,2026-04-12 00:00,retail_1,retail,0,,,,,,,,101.68,30.0,0.0,0.0,3.58,23.2181,50,hitl
265,2026-04-12 00:15,supplier_1,supplier,0,623.68,,,,,,,,,,,,,50,hitl
265,2026-04-12 00:15,farm_1,farm,1,,401.0,0.138,,,,,,,,,,,50,hitl
265,2026-04-12 00:15,slaughterhouse_1,slaughterhouse,0,,,,274.832,383.73,,,,,,,,,50,hitl
265,2026-04-12 00:15,wholesaler_1,wholesaler,0,,,,,,122.14,11.4,,,,,,,50,hitl
265,2026-04-12 00:15,retail_1,retail,0,,,,,,,,104.04,30.0,0.0,0.0,3.58,23.2181,50,hitl
266,2026-04-12 00:30,supplier_1,supplier,0,622.77,,,,,,,,,,,,,50,hitl
266,2026-04-12 00:30,farm_1,farm,1,,401.0,0.138,,,,,,,,,,,50,hitl
266,2026-04-12 00:30,slaughterhouse_1,slaughterhouse,0,,,,274.832,391.75,,,,,,,,,50,hitl
266,2026-04-12 00:30,wholesaler_1,wholesaler,0,,,,,,119.36,11.4,,,,,,,50,hitl
266,2026-04-12 00:30,retail_1,retail,0,,,,,,,,103.09,30.0,0.0,0.0,3.58,23.2181,50,hitl
267,2026-04-12 00:45,supplier_1,supplier,0,621.38,,,,,,,,,,,,,50,hitl
267,2026-04-12 00:45,farm_1,farm,1,,401.0,0.138,,,,,,,,,,,50,hitl
267,2026-04-12 00:45,slaughterhouse_1,slaughterhouse,0,,,,274.832,399.59,,,,,,,,,50,hitl
267,2026-04-12 00:45,wholesaler_1,wholesaler,0,,,,,,117.4,11.4,,,,,,,50,hitl
267,2026-04-12 00:45,retail_1,retail,0,,,,,,,,102.22,30.0,0.0,0.0,3.58,23.2181,50,hitl
268,2026-04-12 01:00,supplier_1,supplier,0,620.15,,,,,,,,,,,,,50,hitl
268,2026-04-12 01:00,farm_1,farm,1,,401.0,0.138,,,,,,,,,,,50,hitl
268,2026-04-12 01:00,slaughterhouse_1,slaughterhouse,0,,,,274.832,400.0,,,,,,,,,50,hitl
268,2026-04-12 01:00,wholesaler_1,wholesaler,0,,,,,,111.45,11.4,,,,,,,50,hitl
268,2026-04-12 01:00,retail_1,retail,0,,,,,,,,101.32,30.0,0.0,0.0,3.58,23.2181,50,hitl
269,2026-04-12 01:15,supplier_1,supplier,0,619.34,,,,,,,,,,,,,50,hitl
269,2026-04-12 01:15,farm_1,farm,1,,401.0,0.138,,,,,,,,,,,50,hitl
269,2026-04-12 01:15,slaughterhouse_1,slaughterhouse,0,,,,274.832,400.0,,,,,,,,,50,hitl
269,2026-04-12 01:15,wholesaler_1,wholesaler,0,,,,,,109.43,11.4,,,,,,,50,hitl
269,2026-04-12 01:15,retail_1,retail,0,,,,,,,,104.14,30.0,0.0,0.0,3.58,23.2181,50,hitl
270,2026-04-12 01:30,supplier_1,supplier,0,618.09,,,,,,,,,,,,,50,hitl
270,2026-04-12 01:30,farm_1,farm,1,,401.0,0.138,,,,,,,,,,,50,hitl
270,2026-04-12 01:30,slaughterhouse_1,slaughterhouse,0,,,,274.832,400.0,,,,,,,,,50,hitl
270,2026-04-12 01:30,wholesaler_1,wholesaler,0,,,,,,107.74,11.4,,,,,,,50,hitl
270,2026-04-12 01:30,retail_1,retail,0,,,,,,,,103.26,30.0,0.0,0.0,3.58,23.2181,50,hitl
271,2026-04-12 01:45,supplier_1,supplier,0,617.38,,,,,,,,,,,,,50,hitl
271,2026-04-12 01:45,farm_1,farm,1,,401.0,0.138,,,,,,,,,,,50,hitl
271,2026-04-12 01:45,slaughterhouse_1,slaughterhouse,0,,,,274.832,400.0,,,,,,,,,50,hitl
271,2026-04-12 01:45,wholesaler_1,wholesaler,0,,,,,,105.63,11.4,,,,,,,50,hitl
271,2026-04-12 01:45,retail_1,retail,0,,,,,,,,102.38,30.0,0.0,0.0,3.58,23.2181,50,hitl
272,2026-04-12 02:00,supplier_1,supplier,0,616.23,,,,,,,,,,,,,50,hitl
272,2026-04-12 02:00,farm_1,farm,1,,401.0,0.138,,,,,,,,,,,50,hitl
272,2026-04-12 02:00,slaughterhouse_1,slaughterhouse,0,,,,274.832,376.0,,,,,,,,,50,hitl
272,2026-04-12 02:00,wholesaler_1,wholesaler,0,,,,,,99.92,11.4,,,,,,,50,hitl
272,2026-04-12 02:00,retail_1,retail,0,,,,,,,,101.53,30.0,0.0,0.0,3.58,23.2181,50,hitl
273,2026-04-12 02:15,supplier_1,supplier,0,614.85,,,,,,,,,,,,,50,hitl
273,2026-04-12 02:15,farm_1,farm,0,,620.0,0.037,,,,,,,,,,,50,hitl
273,2026-04-12 02:15,slaughterhouse_1,slaughterhouse,0,,,,274.832,383.49,,,,,,,,,50,hitl
273,2026-04-12 02:15,wholesaler_1,wholesaler,0,,,,,,121.18,11.4,,,,,,,50,hitl
273,2026-04-12 02:15,retail_1,retail,0,,,,,,,,104.1,30.0,0.0,0.0,3.58,23.2181,50,hitl
274,2026-04-12 02:30,supplier_1,supplier,0,614.26,,,,,,,,,,,,,50,hitl
274,2026-04-12 02:30,farm_1,farm,0,,620.0,0.037,,,,,,,,,,,50,hitl
274,2026-04-12 02:30,slaughterhouse_1,slaughterhouse,0,,,,274.832,391.56,,,,,,,,,50,hitl
274,2026-04-12 02:30,wholesaler_1,wholesaler,0,,,,,,118.71,11.4,,,,,,,50,hitl
274,2026-04-12 02:30,retail_1,retail,0,,,,,,,,103.17,30.0,0.0,0.0,3.58,23.2181,50,hitl
275,2026-04-12 02:45,supplier_1,supplier,0,612.98,,,,,,,,,,,,,50,hitl
275,2026-04-12 02:45,farm_1,farm,0,,620.0,0.037,,,,,,,,,,,50,hitl
275,2026-04-12 02:45,slaughterhouse_1,slaughterhouse,0,,,,274.832,398.77,,,,,,,,,50,hitl
275,2026-04-12 02:45,wholesaler_1,wholesaler,0,,,,,,116.34,11.4,,,,,,,50,hitl
275,2026-04-12 02:45,retail_1,retail,0,,,,,,,,102.37,30.0,0.0,0.0,3.58,23.2181,50,hitl
276,2026-04-12 03:00,supplier_1,supplier,0,612.14,,,,,,,,,,,,,50,hitl
276,2026-04-12 03:00,farm_1,farm,0,,620.0,0.037,,,,,,,,,,,50,hitl
276,2026-04-12 03:00,slaughterhouse_1,slaughterhouse,0,,,,274.832,400.0,,,,,,,,,50,hitl
276,2026-04-12 03:00,wholesaler_1,wholesaler,0,,,,,,109.91,11.4,,,,,,,50,hitl
276,2026-04-12 03:00,retail_1,retail,0,,,,,,,,101.4,30.0,0.0,0.0,3.58,23.2181,50,hitl
277,2026-04-12 03:15,supplier_1,supplier,0,611.26,,,,,,,,,,,,,50,hitl
277,2026-04-12 03:15,farm_1,farm,0,,620.0,0.037,,,,,,,,,,,50,hitl
277,2026-04-12 03:15,slaughterhouse_1,slaughterhouse,0,,,,274.832,400.0,,,,,,,,,50,hitl
277,2026-04-12 03:15,wholesaler_1,wholesaler,0,,,,,,106.95,11.4,,,,,,,50,hitl
277,2026-04-12 03:15,retail_1,retail,0,,,,,,,,104.18,30.0,0.0,0.0,3.58,23.2181,50,hitl
278,2026-04-12 03:30,supplier_1,supplier,0,610.63,,,,,,,,,,,,,50,hitl
278,2026-04-12 03:30,farm_1,farm,0,,620.0,0.037,,,,,,,,,,,50,hitl
278,2026-04-12 03:30,slaughterhouse_1,slaughterhouse,0,,,,274.832,400.0,,,,,,,,,50,hitl
278,2026-04-12 03:30,wholesaler_1,wholesaler,0,,,,,,105.36,11.4,,,,,,,50,hitl
278,2026-04-12 03:30,retail_1,retail,0,,,,,,,,103.37,30.0,0.0,0.0,3.58,23.2181,50,hitl
279,2026-04-12 03:45,supplier_1,supplier,0,609.29,,,,,,,,,,,,,50,hitl
279,2026-04-12 03:45,farm_1,farm,0,,620.0,0.037,,,,,,,,,,,50,hitl
279,2026-04-12 03:45,slaughterhouse_1,slaughterhouse,0,,,,274.832,400.0,,,,,,,,,50,hitl
279,2026-04-12 03:45,wholesaler_1,wholesaler,0,,,,,,102.84,11.4,,,,,,,50,hitl
279,2026-04-12 03:45,retail_1,retail,0,,,,,,,,102.53,30.0,0.0,0.0,3.58,23.2181,50,hitl
280,2026-04-12 04:00,supplier_1,supplier,0,607.92,,,,,,,,,,,,,50,hitl
280,2026-04-12 04:00,farm_1,farm,0,,620.0,0.037,,,,,,,,,,,50,hitl
280,2026-04-12 04:00,slaughterhouse_1,slaughterhouse,0,,,,274.832,376.0,,,,,,,,,50,hitl
280,2026-04-12 04:00,wholesaler_1,wholesaler,0,,,,,,97.93,11.4,,,,,,,50,hitl
280,2026-04-12 04:00,retail_1,retail,0,,,,,,,,101.65,30.0,0.0,0.0,3.58,23.2181,50,hitl
281,2026-04-12 04:15,supplier_1,supplier,0,607.29,,,,,,,,,,,,,50,hitl
281,2026-04-12 04:15,farm_1,farm,0,,620.0,0.037,,,,,,,,,,,50,hitl
281,2026-04-12 04:15,slaughterhouse_1,slaughterhouse,0,,,,274.832,383.99,,,,,,,,,50,hitl
281,2026-04-12 04:15,wholesaler_1,wholesaler,0,,,,,,119.49,11.4,,,,,,,50,hitl
281,2026-04-12 04:15,retail_1,retail,0,,,,,,,,104.13,30.0,0.0,0.0,3.58,23.2181,50,hitl
282,2026-04-12 04:30,supplier_1,supplier,0,606.38,,,,,,,,,,,,,50,hitl
282,2026-04-12 04:30,farm_1,farm,0,,620.0,0.037,,,,,,,,,,,50,hitl
282,2026-04-12 04:30,slaughterhouse_1,slaughterhouse,0,,,,274.832,392.14,,,,,,,,,50,hitl
282,2026-04-12 04:30,wholesaler_1,wholesaler,0,,,,,,117.73,11.4,,,,,,,50,hitl
282,2026-04-12 04:30,retail_1,retail,0,,,,,,,,103.24,30.0,0.0,0.0,3.58,23.2181,50,hitl
283,2026-04-12 04:45,supplier_1,supplier,0,605.2,,,,,,,,,,,,,50,hitl
283,2026-04-12 04:45,farm_1,farm,0,,620.0,0.037,,,,,,,,,,,50,hitl
283,2026-04-12 04:45,slaughterhouse_1,slaughterhouse,0,,,,274.832,399.9,,,,,,,,,50,hitl
283,2026-04-12 04:45,wholesaler_1,wholesaler,0,,,,,,115.86,11.4,,,,,,,50,hitl
283,2026-04-12 04:45,retail_1,retail,0,,,,,,,,102.42,30.0,0.0,0.0,3.58,23.2181,50,hitl
284,2026-04-12 05:00,supplier_1,supplier,0,603.84,,,,,,,,,,,,,50,hitl
284,2026-04-12 05:00,farm_1,farm,0,,620.0,0.037,,,,,,,,,,,50,hitl
284,2026-04-12 05:00,slaughterhouse_1,slaughterhouse,0,,,,274.832,400.0,,,,,,,,,50,hitl
284,2026-04-12 05:00,wholesaler_1,wholesaler,0,,,,,,109.91,11.4,,,,,,,50,hitl
284,2026-04-12 05:00,retail_1,retail,0,,,,,,,,101.61,30.0,0.0,0.0,3.58,23.2181,50,hitl
285,2026-04-12 05:15,supplier_1,supplier,0,602.72,,,,,,,,,,,,,50,hitl
285,2026-04-12 05:15,farm_1,farm,0,,620.0,0.037,,,,,,,,,,,50,hitl
285,2026-04-12 05:15,slaughterhouse_1,slaughterhouse,0,,,,274.832,400.0,,,,,,,,,50,hitl
285,2026-04-12 05:15,wholesaler_1,wholesaler,0,,,,,,107.94,11.4,,,,,,,50,hitl
285,2026-04-12 05:15,retail_1,retail,0,,,,,,,,104.05,30.0,0.0,0.0,3.58,23.2181,50,hitl
286,2026-04-12 05:30,supplier_1,supplier,0,601.65,,,,,,,,,,,,,50,hitl
286,2026-04-12 05:30,farm_1,farm,0,,620.0,0.037,,,,,,,,,,,50,hitl
286,2026-04-12 05:30,slaughterhouse_1,slaughterhouse,0,,,,274.832,400.0,,,,,,,,,50,hitl
286,2026-04-12 05:30,wholesaler_1,wholesaler,0,,,,,,105.57,11.4,,,,,,,50,hitl
286,2026-04-12 05:30,retail_1,retail,0,,,,,,,,103.13,30.0,0.0,0.0,3.58,23.2181,50,hitl
287,2026-04-12 05:45,supplier_1,supplier,0,600.44,,,,,,,,,,,,,50,hitl
287,2026-04-12 05:45,farm_1,farm,0,,620.0,0.037,,,,,,,,,,,50,hitl
287,2026-04-12 05:45,slaughterhouse_1,slaughterhouse,0,,,,274.832,400.0,,,,,,,,,50,hitl
287,2026-04-12 05:45,wholesaler_1,wholesaler,0,,,,,,102.74,11.4,,,,,,,50,hitl
287,2026-04-12 05:45,retail_1,retail,0,,,,,,,,102.23,30.0,0.0,0.0,3.58,23.2181,50,hitl
