tick,timestamp,node_id,node_type,disrupted,available_supply,production_capacity,mortality_rate,processing_capacity,output_stock,inventory_level,pending_shipments,retail_inventory,safety_stock,stockout_flag,shortage_duration,sales_rate,reorder_request,scenario_id,mode
0,2026-03-26 06:00,supplier_1,supplier,0,901.63,,,,,,,,,,,,,43,hitl
0,2026-03-26 06:00,farm_1,farm,0,,777.0,0.0264,,,,,,,,,,,43,hitl
0,2026-03-26 06:00,slaughterhouse_1,slaughterhouse,0,,,,500.0,289.05,,,,,,,,,43,hitl
0,2026-03-26 06:00,wholesaler_1,wholesaler,0,,,,,,163.14,6.4,,,,,,,43,hitl
0,2026-03-26 06:00,retail_1,retail,0,,,,,,,,80.88,30.0,0.0,0.0,11.61,0.0,43,hitl
1,2026-03-26 06:15,supplier_1,supplier,0,900.48,,,,,,,,,,,,,43,hitl
1,2026-03-26 06:15,farm_1,farm,0,,777.0,0.0264,,,,,,,,,,,43,hitl
1,2026-03-26 06:15,slaughterhouse_1,slaughterhouse,0,,,,500.0,303.15,,,,,,,,,43,hitl
1,2026-03-26 06:15,wholesaler_1,wholesaler,0,,,,,,185.14,6.4,,,,,,,43,hitl
1,2026-03-26 06:15,retail_1,retail,0,,,,,,,,86.24,30.0,0.0,0.0,11.61,0.0,43,hitl
2,2026-03-26 06:30,supplier_1,supplier,0,899.67,,,,,,,,,,,,,43,hitl
2,2026-03-26 06:30,farm_1,farm,0,,777.0,0.0264,,,,,,,,,,,43,hitl
2,2026-03-26 06:30,slaughterhouse_1,slaughterhouse,0,,,,500.0,317.25,,,,,,,,,43,hitl
2,2026-03-26 06:30,wholesaler_1,wholesaler,0,,,,,,183.26,6.4,,,,,,,43,hitl
2,2026-03-26 06:30,retail_1,retail,0,,,,,,,,83.48,30.0,0.0,0.0,11.61,0.0,43,hitl
3,2026-03-26 06:45,supplier_1,supplier,0,898.65,,,,,,,,,,,,,43,hitl
3,2026-03-26 06:45,farm_1,farm,0,,777.0,0.0264,,,,,,,,,,,43,hitl
3,2026-03-26 06:45,slaughterhouse_1,slaughterhouse,0,,,,500.0,332.1,,,,,,,,,43,hitl
3,2026-03-26 06:45,wholesaler_1,wholesaler,0,,,,,,181.61,6.4,,,,,,,43,hitl
3,2026-03-26 06:45,retail_1,retail,0,,,,,,,,80.43,30.0,0.0,0.0,11.61,0.0,43,hitl
4,2026-03-26 07:00,supplier_1,supplier,0,897.16,,,,,,,,,,,,,43,hitl
4,2026-03-26 07:00,farm_1,farm,0,,777.0,0.0264,,,,,,,,,,,43,hitl
4,2026-03-26 07:00,slaughterhouse_1,slaughterhouse,0,,,,500.0,346.18,,,,,,,,,43,hitl
4,2026-03-26 07:00,wholesaler_1,wholesaler,0,,,,,,171.0,6.4,,,,,,,43,hitl
4,2026-03-26 07:00,retail_1,retail,0,,,,,,,,77.3,30.0,0.0,0.0,11.61,0.0,43,hitl
5,2026-03-26 07:15,supplier_1,supplier,0,896.53,,,,,,,,,,,,,43,hitl
5,2026-03-26 07:15,farm_1,farm,0,,777.0,0.0264,,,,,,,,,,,43,hitl
5,2026-03-26 07:15,slaughterhouse_1,slaughterhouse,0,,,,500.0,360.22,,,,,,,,,43,hitl
5,2026-03-26 07:15,wholesaler_1,wholesaler,0,,,,,,168.4,6.4,,,,,,,43,hitl
5,2026-03-26 07:15,retail_1,retail,0,,,,,,,,82.54,30.0,0.0,0.0,11.61,0.0,43,hitl
6,2026-03-26 07:30,supplier_1,supplier,0,895.96,,,,,,,,,,,,,43,hitl
6,2026-03-26 07:30,farm_1,farm,0,,777.0,0.0264,,,,,,,,,,,43,hitl
6,2026-03-26 07:30,slaughterhouse_1,slaughterhouse,0,,,,500.0,373.27,,,,,,,,,43,hitl
6,2026-03-26 07:30,wholesaler_1,wholesaler,0,,,,,,165.92,6.4,,,,,,,43,hitl
6,2026-03-26 07:30,retail_1,retail,0,,,,,,,,79.69,30.0,0.0,0.0,11.61,0.0,43,hitl
7,2026-03-26 07:45,supplier_1,supplier,0,894.48,,,,,,,,,,,,,43,hitl
7,2026-03-26 07:45,farm_1,farm,0,,777.0,0.0264,,,,,,,,,,,43,hitl
7,2026-03-26 07:45,slaughterhouse_1,slaughterhouse,0,,,,500.0,386.59,,,,,,,,,43,hitl
7,2026-03-26 07:45,wholesaler_1,wholesaler,0,,,,,,164.1,6.4,,,,,,,43,hitl
7,2026-03-26 07:45,retail_1,retail,0,,,,,,,,76.55,30.0,0.0,0.0,11.61,0.0,43,hitl
8,2026-03-26 08:00,supplier_1,supplier,0,893.29,,,,,,,,,,,,,43,hitl
8,2026-03-26 08:00,farm_1,farm,0,,777.0,0.0264,,,,,,,,,,,43,hitl
8,2026-03-26 08:00,slaughterhouse_1,slaughterhouse,0,,,,500.0,376.0,,,,,,,,,43,hitl
8,2026-03-26 08:00,wholesaler_1,wholesaler,0,,,,,,153.34,6.4,,,,,,,43,hitl
8,2026-03-26 08:00,retail_1,retail,0,,,,,,,,73.48,30.0,0.0,0.0,11.61,0.0,43,hitl
9,2026-03-26 08:15,supplier_1,supplier,0,892.04,,,,,,,,,,,,,43,hitl
9,2026-03-26 08:15,farm_1,farm,0,,777.0,0.0264,,,,,,,,,,,43,hitl
9,2026-03-26 08:15,slaughterhouse_1,slaughterhouse,0,,,,500.0,389.29,,,,,,,,,43,hitl
9,2026-03-26 08:15,wholesaler_1,wholesaler,0,,,,,,174.52,6.4,,,,,,,43,hitl
9,2026-03-26 08:15,retail_1,retail,0,,,,,,,,78.32,30.0,0.0,0.0,11.61,0.0,43,hitl
10,2026-03-26 08:30,supplier_1,supplier,0,890.93,,,,,,,,,,,,,43,hitl
10,2026-03-26 08:30,farm_1,farm,0,,777.0,0.0264,,,,,,,,,,,43,hitl
10,2026-03-26 08:30,slaughterhouse_1,slaughterhouse,0,,,,500.0,400.0,,,,,,,,,43,hitl
10,2026-03-26 08:30,wholesaler_1,wholesaler,0,,,,,,172.37,6.4,,,,,,,43,hitl
10,2026-03-26 08:30,retail_1,retail,0,,,,,,,,75.37,30.0,0.0,0.0,11.61,0.0,43,hitl
11,2026-03-26 08:45,supplier_1,supplier,0,889.67,,,,,,,,,,,,,43,hitl
11,2026-03-26 08:45,farm_1,farm,0,,777.0,0.0264,,,,,,,,,,,43,hitl
11,2026-03-26 08:45,slaughterhouse_1,slaughterhouse,0,,,,500.0,400.0,,,,,,,,,43,hitl
11,2026-03-26 08:45,wholesaler_1,wholesaler,0,,,,,,170.49,6.4,,,,,,,43,hitl
11,2026-03-26 08:45,retail_1,retail,0,,,,,,,,72.17,30.0,0.0,0.0,11.61,0.0,43,hitl
12,2026-03-26 09:00,supplier_1,supplier,0,888.35,,,,,,,,,,,,,43,hitl
12,2026-03-26 09:00,farm_1,farm,0,,777.0,0.0264,,,,,,,,,,,43,hitl
12,2026-03-26 09:00,slaughterhouse_1,slaughterhouse,0,,,,500.0,400.0,,,,,,,,,43,hitl
12,2026-03-26 09:00,wholesaler_1,wholesaler,0,,,,,,159.6,6.4,,,,,,,43,hitl
12,2026-03-26 09:00,retail_1,retail,0,,,,,,,,69.07,30.0,0.0,0.0,11.61,0.0,43,hitl
13,2026-03-26 09:15,supplier_1,supplier,0,887.32,,,,,,,,,,,,,43,hitl
13,2026-03-26 09:15,farm_1,farm,0,,777.0,0.0264,,,,,,,,,,,43,hitl
13,2026-03-26 09:15,slaughterhouse_1,slaughterhouse,0,,,,500.0,400.0,,,,,,,,,43,hitl
13,2026-03-26 09:15,wholesaler_1,wholesaler,0,,,,,,157.82,6.4,,,,,,,43,hitl
13,2026-03-26 09:15,retail_1,retail,0,,,,,,,,74.2,30.0,0.0,0.0,11.61,0.0,43,hitl
14,2026-03-26 09:30,supplier_1,supplier,0,886.0,,,,,,,,,,,,,43,hitl
14,2026-03-26 09:30,farm_1,farm,0,,777.0,0.0264,,,,,,,,,,,43,hitl
14,2026-03-26 09:30,slaughterhouse_1,slaughterhouse,0,,,,500.0,400.0,,,,,,,,,43,hitl
14,2026-03-26 09:30,wholesaler_1,wholesaler,0,,,,,,155.24,6.4,,,,,,,43,hitl
14,2026-03-26 09:30,retail_1,retail,0,,,,,,,,71.03,30.0,0.0,0.0,11.61,0.0,43,hitl
15,2026-03-26 09:45,supplier_1,supplier,0,884.97,,,,,,,,,,,,,43,hitl
15,2026-03-26 09:45,farm_1,farm,0,,777.0,0.0264,,,,,,,,,,,43,hitl
15,2026-03-26 09:45,slaughterhouse_1,slaughterhouse,0,,,,500.0,400.0,,,,,,,,,43,hitl
15,2026-03-26 09:45,wholesaler_1,wholesaler,0,,,,,,152.98,6.4,,,,,,,43,hitl
15,2026-03-26 09:45,retail_1,retail,0,,,,,,,,68.11,30.0,0.0,0.0,11.61,0.0,43,hitl
16,2026-03-26 10:00,supplier_1,supplier,0,883.86,,,,,,,,,,,,,43,hitl
16,2026-03-26 10:00,farm_1,farm,0,,777.0,0.0264,,,,,,,,,,,43,hitl
16,2026-03-26 10:00,slaughterhouse_1,slaughterhouse,0,,,,500.0,376.0,,,,,,,,,43,hitl
16,2026-03-26 10:00,wholesaler_1,wholesaler,0,,,,,,142.73,6.4,,,,,,,43,hitl
16,2026-03-26 10:00,retail_1,retail,0,,,,,,,,65.1,30.0,0.0,0.0,11.61,0.0,43,hitl
17,2026-03-26 10:15,supplier_1,supplier,0,883.29,,,,,,,,,,,,,43,hitl
17,2026-03-26 10:15,farm_1,farm,0,,777.0,0.0264,,,,,,,,,,,43,hitl
17,2026-03-26 10:15,slaughterhouse_1,slaughterhouse,0,,,,500.0,389.12,,,,,,,,,43,hitl
17,2026-03-26 10:15,wholesaler_1,wholesaler,0,,,,,,164.93,6.4,,,,,,,43,hitl
17,2026-03-26 10:15,retail_1,retail,0,,,,,,,,70.25,30.0,0.0,0.0,11.61,0.0,43,hitl
18,2026-03-26 10:30,supplier_1,supplier,0,881.8,,,,,,,,,,,,,43,hitl
18,2026-03-26 10:30,farm_1,farm,0,,777.0,0.0264,,,,,,,,,,,43,hitl
18,2026-03-26 10:30,slaughterhouse_1,slaughterhouse,0,,,,500.0,400.0,,,,,,,,,43,hitl
18,2026-03-26 10:30,wholesaler_1,wholesaler,0,,,,,,162.1,6.4,,,,,,,43,hitl
18,2026-03-26 10:30,retail_1,retail,0,,,,,,,,67.35,30.0,0.0,0.0,11.61,0.0,43,hitl
19,2026-03-26 10:45,supplier_1,supplier,0,880.45,,,,,,,,,,,,,43,hitl
19,2026-03-26 10:45,farm_1,farm,0,,777.0,0.0264,,,,,,,,,,,43,hitl
19,2026-03-26 10:45,slaughterhouse_1,slaughterhouse,0,,,,500.0,400.0,,,,,,,,,43,hitl
19,2026-03-26 10:45,wholesaler_1,wholesaler,0,,,,,,159.3,6.4,,,,,,,43,hitl
19,2026-03-26 10:45,retail_1,retail,0,,,,,,,,64.38,30.0,0.0,0.0,11.61,0.0,43,hitl
20,2026-03-26 11:00,supplier_1,supplier,0,879.67,,,,,,,,,,,,,43,hitl
20,2026-03-26 11:00,farm_1,farm,0,,777.0,0.0264,,,,,,,,,,,43,hitl
20,2026-03-26 11:00,slaughterhouse_1,slaughterhouse,0,,,,500.0,400.0,,,,,,,,,43,hitl
20,2026-03-26 11:00,wholesaler_1,wholesaler,0,,,,,,149.44,6.4,,,,,,,43,hitl
20,2026-03-26 11:00,retail_1,retail,0,,,,,,,,61.69,30.0,0.0,0.0,11.61,0.0,43,hitl
21,2026-03-26 11:15,supplier_1,supplier,0,878.18,,,,,,,,,,,,,43,hitl
21,2026-03-26 11:15,farm_1,farm,0,,777.0,0.0264,,,,,,,,,,,43,hitl
21,2026-03-26 11:15,slaughterhouse_1,slaughterhouse,0,,,,500.0,400.0,,,,,,,,,43,hitl
21,2026-03-26 11:15,wholesaler_1,wholesaler,0,,,,,,146.56,6.4,,,,,,,43,hitl
21,2026-03-26 11:15,retail_1,retail,0,,,,,,,,66.57,30.0,0.0,0.0,11.61,0.0,43,hitl
22,2026-03-26 11:30,supplier_1,supplier,0,876.84,,,,,,,,,,,,,43,hitl
22,2026-03-26 11:30,farm_1,farm,0,,777.0,0.0264,,,,,,,,,,,43,hitl
22,2026-03-26 11:30,slaughterhouse_1,slaughterhouse,0,,,,500.0,400.0,,,,,,,,,43,hitl
22,2026-03-26 11:30,wholesaler_1,wholesaler,0,,,,,,144.96,6.4,,,,,,,43,hitl
22,2026-03-26 11:30,retail_1,retail,0,,,,,,,,63.58,30.0,0.0,0.0,11.61,0.0,43,hitl
23,2026-03-26 11:45,supplier_1,supplier,0,875.96,,,,,,,,,,,,,43,hitl
23,2026-03-26 11:45,farm_1,farm,0,,777.0,0.0264,,,,,,,,,,,43,hitl
23,2026-03-26 11:45,slaughterhouse_1,slaughterhouse,0,,,,500.0,400.0,,,,,,,,,43,hitl
23,2026-03-26 11:45,wholesaler_1,wholesaler,0,,,,,,142.54,6.4,,,,,,,43,hitl
23,2026-03-26 11:45,retail_1,retail,0,,,,,,,,60.79,30.0,0.0,0.0,11.61,0.0,43,hitl
24,2026-03-26 12:00,supplier_1,supplier,0,874.46,,,,,,,,,,,,,43,hitl
24,2026-03-26 12:00,farm_1,farm,0,,777.0,0.0264,,,,,,,,,,,43,hitl
24,2026-03-26 12:00,slaughterhouse_1,slaughterhouse,0,,,,500.0,376.0,,,,,,,,,43,hitl
24,2026-03-26 12:00,wholesaler_1,wholesaler,0,,,,,,132.2,6.4,,,,,,,43,hitl
24,2026-03-26 12:00,retail_1,retail,0,,,,,,,,58.04,30.0,0.0,0.0,11.61,0.0,43,hitl
25,2026-03-26 12:15,supplier_1,supplier,0,873.29,,,,,,,,,,,,,43,hitl
25,2026-03-26 12:15,farm_1,farm,0,,777.0,0.0264,,,,,,,,,,,43,hitl
25,2026-03-26 12:15,slaughterhouse_1,slaughterhouse,0,,,,500.0,390.67,,,,,,,,,43,hitl
25,2026-03-26 12:15,wholesaler_1,wholesaler,0,,,,,,153.26,6.4,,,,,,,43,hitl
25,2026-03-26 12:15,retail_1,retail,0,,,,,,,,62.93,30.0,0.0,0.0,11.61,0.0,43,hitl
26,2026-03-26 12:30,supplier_1,supplier,0,872.61,,,,,,,,,,,,,43,hitl
26,2026-03-26 12:30,farm_1,farm,0,,777.0,0.0264,,,,,,,,,,,43,hitl
26,2026-03-26 12:30,slaughterhouse_1,slaughterhouse,0,,,,500.0,400.0,,,,,,,,,43,hitl
26,2026-03-26 12:30,wholesaler_1,wholesaler,0,,,,,,150.81,6.4,,,,,,,43,hitl
26,2026-03-26 12:30,retail_1,retail,0,,,,,,,,60.27,30.0,0.0,0.0,11.61,0.0,43,hitl
27,2026-03-26 12:45,supplier_1,supplier,0,871.77,,,,,,,,,,,,,43,hitl
27,2026-03-26 12:45,farm_1,farm,0,,777.0,0.0264,,,,,,,,,,,43,hitl
27,2026-03-26 12:45,slaughterhouse_1,slaughterhouse,0,,,,500.0,400.0,,,,,,,,,43,hitl
27,2026-03-26 12:45,wholesaler_1,wholesaler,0,,,,,,147.9,6.4,,,,,,,43,hitl
27,2026-03-26 12:45,retail_1,retail,0,,,,,,,,57.68,30.0,0.0,0.0,11.61,0.0,43,hitl
28,2026-03-26 13:00,supplier_1,supplier,0,871.14,,,,,,,,,,,,,43,hitl
28,2026-03-26 13:00,farm_1,farm,0,,777.0,0.0264,,,,,,,,,,,43,hitl
28,2026-03-26 13:00,slaughterhouse_1,slaughterhouse,0,,,,500.0,400.0,,,,,,,,,43,hitl
28,2026-03-26 13:00,wholesaler_1,wholesaler,0,,,,,,137.88,6.4,,,,,,,43,hitl
28,2026-03-26 13:00,retail_1,retail,0,,,,,,,,54.44,30.0,0.0,0.0,11.61,0.0,43,hitl
29,2026-03-26 13:15,supplier_1,supplier,0,869.96,,,,,,,,,,,,,43,hitl
29,2026-03-26 13:15,farm_1,farm,0,,777.0,0.0264,,,,,,,,,,,43,hitl
29,2026-03-26 13:15,slaughterhouse_1,slaughterhouse,0,,,,500.0,400.0,,,,,,,,,43,hitl
29,2026-03-26 13:15,wholesaler_1,wholesaler,0,,,,,,136.2,6.4,,,,,,,43,hitl
29,2026-03-26 13:15,retail_1,retail,0,,,,,,,,59.42,30.0,0.0,0.0,11.61,0.0,43,hitl
30,2026-03-26 13:30,supplier_1,supplier,0,868.99,,,,,,,,,,,,,43,hitl
30,2026-03-26 13:30,farm_1,farm,0,,777.0,0.0264,,,,,,,,,,,43,hitl
30,2026-03-26 13:30,slaughterhouse_1,slaughterhouse,0,,,,500.0,400.0,,,,,,,,,43,hitl
30,2026-03-26 13:30,wholesaler_1,wholesaler,0,,,,,,133.84,6.4,,,,,,,43,hitl
30,2026-03-26 13:30,retail_1,retail,0,,,,,,,,56.6,30.0,0.0,0.0,11.61,0.0,43,hitl
31,2026-03-26 13:45,supplier_1,supplier,0,868.17,,,,,,,,,,,,,43,hitl
31,2026-03-26 13:45,farm_1,farm,0,,777.0,0.0264,,,,,,,,,,,43,hitl
31,2026-03-26 13:45,slaughterhouse_1,slaughterhouse,0,,,,500.0,400.0,,,,,,,,,43,hitl
31,2026-03-26 13:45,wholesaler_1,wholesaler,0,,,,,,131.75,6.4,,,,,,,43,hitl
31,2026-03-26 13:45,retail_1,retail,0,,,,,,,,53.92,30.0,0.0,0.0,11.61,0.0,43,hitl
32,2026-03-26 14:00,supplier_1,supplier,0,867.25,,,,,,,,,,,,,43,hitl
32,2026-03-26 14:00,farm_1,farm,0,,777.0,0.0264,,,,,,,,,,,43,hitl
32,2026-03-26 14:00,slaughterhouse_1,slaughterhouse,0,,,,500.0,376.0,,,,,,,,,43,hitl
32,2026-03-26 14:00,wholesaler_1,wholesaler,0,,,,,,122.12,6.4,,,,,,,43,hitl
32,2026-03-26 14:00,retail_1,retail,0,,,,,,,,50.96,30.0,0.0,0.0,11.61,0.0,43,hitl
33,2026-03-26 14:15,supplier_1,supplier,0,865.8,,,,,,,,,,,,,43,hitl
33,2026-03-26 14:15,farm_1,farm,0,,777.0,0.0264,,,,,,,,,,,43,hitl
33,2026-03-26 14:15,slaughterhouse_1,slaughterhouse,0,,,,500.0,390.6,,,,,,,,,43,hitl
33,2026-03-26 14:15,wholesaler_1,wholesaler,0,,,,,,143.58,6.4,,,,,,,43,hitl
33,2026-03-26 14:15,retail_1,retail,0,,,,,,,,55.83,30.0,0.0,0.0,11.61,0.0,43,hitl
34,2026-03-26 14:30,supplier_1,supplier,0,864.36,,,,,,,,,,,,,43,hitl
34,2026-03-26 14:30,farm_1,farm,0,,777.0,0.0264,,,,,,,,,,,43,hitl
34,2026-03-26 14:30,slaughterhouse_1,slaughterhouse,0,,,,500.0,400.0,,,,,,,,,43,hitl
34,2026-03-26 14:30,wholesaler_1,wholesaler,0,,,,,,140.8,6.4,,,,,,,43,hitl
34,2026-03-26 14:30,retail_1,retail,0,,,,,,,,52.68,30.0,0.0,0.0,11.61,0.0,43,hitl
35,2026-03-26 14:45,supplier_1,supplier,0,863.46,,,,,,,,,,,,,43,hitl
35,2026-03-26 14:45,farm_1,farm,0,,777.0,0.0264,,,,,,,,,,,43,hitl
35,2026-03-26 14:45,slaughterhouse_1,slaughterhouse,0,,,,500.0,400.0,,,,,,,,,43,hitl
35,2026-03-26 14:45,wholesaler_1,wholesaler,0,,,,,,137.89,6.4,,,,,,,43,hitl
35,2026-03-26 14:45,retail_1,retail,0,,,,,,,,49.94,30.0,0.0,0.0,11.61,0.0,43,hitl
36,2026-03-26 15:00,supplier_1,supplier,0,862.31,,,,,,,,,,,,,43,hitl
36,2026-03-26 15:00,farm_1,farm,1,,777.0,0.0264,,,,,,,,,,,43,hitl
36,2026-03-26 15:00,slaughterhouse_1,slaughterhouse,0,,,,400.0,400.0,,,,,,,,,43,hitl
36,2026-03-26 15:00,wholesaler_1,wholesaler,0,,,,,,127.4,6.4,,,,,,,43,hitl
36,2026-03-26 15:00,retail_1,retail,0,,,,,,,,46.79,30.0,0.0,0.0,11.61,17.4897,43,hitl
37,2026-03-26 15:15,supplier_1,supplier,0,861.43,,,,,,,,,,,,,43,hitl
37,2026-03-26 15:15,farm_1,farm,1,,777.0,0.0264,,,,,,,,,,,43,hitl
37,2026-03-26 15:15,slaughterhouse_1,slaughterhouse,0,,,,400.0,400.0,,,,,,,,,43,hitl
37,2026-03-26 15:15,wholesaler_1,wholesaler,0,,,,,,124.49,6.4,,,,,,,43,hitl
37,2026-03-26 15:15,retail_1,retail,0,,,,,,,,51.87,30.0,0.0,0.0,11.61,17.4897,43,hitl
38,2026-03-26 15:30,supplier_1,supplier,0,860.3,,,,,,,,,,,,,43,hitl
38,2026-03-26 15:30,farm_1,farm,1,,777.0,0.0264,,,,,,,,,,,43,hitl
38,2026-03-26 15:30,slaughterhouse_1,slaughterhouse,0,,,,400.0,400.0,,,,,,,,,43,hitl
38,2026-03-26 15:30,wholesaler_1,wholesaler,0,,,,,,121.92,6.4,,,,,,,43,hitl
38,2026-03-26 15:30,retail_1,retail,0,,,,,,,,49.18,30.0,0.0,0.0,11.61,17.4897,43,hitl
39,2026-03-26 15:45,supplier_1,supplier,0,859.53,,,,,,,,,,,,,43,hitl
39,2026-03-26 15:45,farm_1,farm,1,,777.0,0.0264,,,,,,,,,,,43,hitl
39,2026-03-26 15:45,slaughterhouse_1,slaughterhouse,0,,,,400.0,400.0,,,,,,,,,43,hitl
39,2026-03-26 15:45,wholesaler_1,wholesaler,0,,,,,,119.53,6.4,,,,,,,43,hitl
39,2026-03-26 15:45,retail_1,retail,0,,,,,,,,46.62,30.0,0.0,0.0,11.61,17.4897,43,hitl
40,2026-03-26 16:00,supplier_1,supplier,0,858.81,,,,,,,,,,,,,43,hitl
40,2026-03-26 16:00,farm_1,farm,1,,777.0,0.0264,,,,,,,,,,,43,hitl
40,2026-03-26 16:00,slaughterhouse_1,slaughterhouse,0,,,,400.0,376.0,,,,,,,,,43,hitl
40,2026-03-26 16:00,wholesaler_1,wholesaler,0,,,,,,110.78,6.4,,,,,,,43,hitl
40,2026-03-26 16:00,retail_1,retail,0,,,,,,,,43.52,30.0,0.0,0.0,11.61,17.4897,43,hitl
41,2026-03-26 16:15,supplier_1,supplier,0,857.49,,,,,,,,,,,,,43,hitl
41,2026-03-26 16:15,farm_1,farm,1,,777.0,0.0264,,,,,,,,,,,43,hitl
41,2026-03-26 16:15,slaughterhouse_1,slaughterhouse,0,,,,400.0,386.29,,,,,,,,,43,hitl
41,2026-03-26 16:15,wholesaler_1,wholesaler,0,,,,,,132.49,6.4,,,,,,,43,hitl
41,2026-03-26 16:15,retail_1,retail,0,,,,,,,,48.04,30.0,0.0,0.0,11.61,17.4897,43,hitl
42,2026-03-26 16:30,supplier_1,supplier,0,856.75,,,,,,,,,,,,,43,hitl
42,2026-03-26 16:30,farm_1,farm,1,,777.0,0.0264,,,,,,,,,,,43,hitl
42,2026-03-26 16:30,slaughterhouse_1,slaughterhouse,0,,,,400.0,396.68,,,,,,,,,43,hitl
42,2026-03-26 16:30,wholesaler_1,wholesaler,0,,,,,,130.17,6.4,,,,,,,43,hitl
42,2026-03-26 16:30,retail_1,retail,0,,,,,,,,44.87,30.0,0.0,0.0,11.61,17.4897,43,hitl
43,2026-03-26 16:45,supplier_1,supplier,0,855.36,,,,,,,,,,,,,43,hitl
43,2026-03-26 16:45,farm_1,farm,1,,777.0,0.0264,,,,,,,,,,,43,hitl
43,2026-03-26 16:45,slaughterhouse_1,slaughterhouse,0,,,,400.0,400.0,,,,,,,,,43,hitl
43,2026-03-26 16:45,wholesaler_1,wholesaler,0,,,,,,127.55,6.4,,,,,,,43,hitl
43,2026-03-26 16:45,retail_1,retail,0,,,,,,,,42.13,30.0,0.0,0.0,11.61,17.4897,43,hitl
44,2026-03-26 17:00,supplier_1,supplier,0,854.46,,,,,,,,,,,,,43,hitl
44,2026-03-26 17:00,farm_1,farm,1,,777.0,0.0264,,,,,,,,,,,43,hitl
44,2026-03-26 17:00,slaughterhouse_1,slaughterhouse,0,,,,400.0,400.0,,,,,,,,,43,hitl
44,2026-03-26 17:00,wholesaler_1,wholesaler,0,,,,,,118.45,6.4,,,,,,,43,hitl
44,2026-03-26 17:00,retail_1,retail,0,,,,,,,,39.51,30.0,0.0,0.0,11.61,17.4897,43,hitl
45,2026-03-26 17:15,supplier_1,supplier,0,853.19,,,,,,,,,,,,,43,hitl
45,2026-03-26 17:15,farm_1,farm,1,,777.0,0.0264,,,,,,,,,,,43,hitl
45,2026-03-26 17:15,slaughterhouse_1,slaughterhouse,0,,,,400.0,400.0,,,,,,,,,43,hitl
45,2026-03-26 17:15,wholesaler_1,wholesaler,0,,,,,,115.95,6.4,,,,,,,43,hitl
45,2026-03-26 17:15,retail_1,retail,0,,,,,,,,44.08,30.0,0.0,0.0,11.61,17.4897,43,hitl
46,2026-03-26 17:30,supplier_1,supplier,0,851.69,,,,,,,,,,,,,43,hitl
46,2026-03-26 17:30,farm_1,farm,1,,777.0,0.0264,,,,,,,,,,,43,hitl
46,2026-03-26 17:30,slaughterhouse_1,slaughterhouse,0,,,,400.0,400.0,,,,,,,,,43,hitl
46,2026-03-26 17:30,wholesaler_1,wholesaler,0,,,,,,113.25,6.4,,,,,,,43,hitl
46,2026-03-26 17:30,retail_1,retail,0,,,,,,,,41.1,30.0,0.0,0.0,11.61,17.4897,43,hitl
47,2026-03-26 17:45,supplier_1,supplier,0,850.53,,,,,,,,,,,,,43,hitl
47,2026-03-26 17:45,farm_1,farm,1,,777.0,0.0264,,,,,,,,,,,43,hitl
47,2026-03-26 17:45,slaughterhouse_1,slaughterhouse,0,,,,400.0,400.0,,,,,,,,,43,hitl
47,2026-03-26 17:45,wholesaler_1,wholesaler,0,,,,,,110.96,6.4,,,,,,,43,hitl
47,2026-03-26 17:45,retail_1,retail,0,,,,,,,,38.46,30.0,0.0,0.0,11.61,17.4897,43,hitl
48,2026-03-26 18:00,supplier_1,supplier,0,849.62,,,,,,,,,,,,,43,hitl
48,2026-03-26 18:00,farm_1,farm,1,,777.0,0.0264,,,,,,,,,,,43,hitl
48,2026-03-26 18:00,slaughterhouse_1,slaughterhouse,0,,,,400.0,376.0,,,,,,,,,43,hitl
48,2026-03-26 18:00,wholesaler_1,wholesaler,0,,,,,,101.52,6.4,,,,,,,43,hitl
48,2026-03-26 18:00,retail_1,retail,0,,,,,,,,35.56,30.0,0.0,0.0,11.61,17.4897,43,hitl
49,2026-03-26 18:15,supplier_1,supplier,0,848.65,,,,,,,,,,,,,43,hitl
49,2026-03-26 18:15,farm_1,farm,1,,777.0,0.0264,,,,,,,,,,,43,hitl
49,2026-03-26 18:15,slaughterhouse_1,slaughterhouse,0,,,,400.0,387.14,,,,,,,,,43,hitl
49,2026-03-26 18:15,wholesaler_1,wholesaler,0,,,,,,123.23,6.4,,,,,,,43,hitl
49,2026-03-26 18:15,retail_1,retail,0,,,,,,,,39.73,30.0,0.0,0.0,11.61,17.4897,43,hitl
50,2026-03-26 18:30,supplier_1,supplier,0,847.16,,,,,,,,,,,,,43,hitl
50,2026-03-26 18:30,farm_1,farm,1,,777.0,0.0264,,,,,,,,,,,43,hitl
50,2026-03-26 18:30,slaughterhouse_1,slaughterhouse,0,,,,400.0,397.5,,,,,,,,,43,hitl
50,2026-03-26 18:30,wholesaler_1,wholesaler,0,,,,,,120.92,6.4,,,,,,,43,hitl
50,2026-03-26 18:30,retail_1,retail,0,,,,,,,,36.64,30.0,0.0,0.0,11.61,17.4897,43,hitl
51,2026-03-26 18:45,supplier_1,supplier,0,845.87,,,,,,,,,,,,,43,hitl
51,2026-03-26 18:45,farm_1,farm,1,,777.0,0.0264,,,,,,,,,,,43,hitl
51,2026-03-26 18:45,slaughterhouse_1,slaughterhouse,0,,,,400.0,400.0,,,,,,,,,43,hitl
51,2026-03-26 18:45,wholesaler_1,wholesaler,0,,,,,,118.16,6.4,,,,,,,43,hitl
51,2026-03-26 18:45,retail_1,retail,0,,,,,,,,33.81,30.0,0.0,0.0,11.61,17.4897,43,hitl
52,2026-03-26 19:00,supplier_1,supplier,0,844.55,,,,,,,,,,,,,43,hitl
52,2026-03-26 19:00,farm_1,farm,1,,777.0,0.0264,,,,,,,,,,,43,hitl
52,2026-03-26 19:00,slaughterhouse_1,slaughterhouse,0,,,,400.0,400.0,,,,,,,,,43,hitl
52,2026-03-26 19:00,wholesaler_1,wholesaler,0,,,,,,109.43,6.4,,,,,,,43,hitl
52,2026-03-26 19:00,retail_1,retail,0,,,,,,,,30.95,30.0,0.0,0.0,11.61,17.4897,43,hitl
53,2026-03-26 19:15,supplier_1,supplier,0,843.12,,,,,,,,,,,,,43,hitl
53,2026-03-26 19:15,farm_1,farm,1,,777.0,0.0264,,,,,,,,,,,43,hitl
53,2026-03-26 19:15,slaughterhouse_1,slaughterhouse,0,,,,400.0,400.0,,,,,,,,,43,hitl
53,2026-03-26 19:15,wholesaler_1,wholesaler,0,,,,,,107.9,6.4,,,,,,,43,hitl
53,2026-03-26 19:15,retail_1,retail,0,,,,,,,,35.21,30.0,0.0,0.25,11.61,17.4897,43,hitl
54,2026-03-26 19:30,supplier_1,supplier,0,841.86,,,,,,,,,,,,,43,hitl
54,2026-03-26 19:30,farm_1,farm,1,,777.0,0.0264,,,,,,,,,,,43,hitl
54,2026-03-26 19:30,slaughterhouse_1,slaughterhouse,0,,,,400.0,400.0,,,,,,,,,43,hitl
54,2026-03-26 19:30,wholesaler_1,wholesaler,0,,,,,,105.34,6.4,,,,,,,43,hitl
54,2026-03-26 19:30,retail_1,retail,0,,,,,,,,32.01,30.0,0.0,0.0,11.61,17.4897,43,hitl
55,2026-03-26 19:45,supplier_1,supplier,0,840.51,,,,,,,,,,,,,43,hitl
55,2026-03-26 19:45,farm_1,farm,1,,777.0,0.0264,,,,,,,,,,,43,hitl
55,2026-03-26 19:45,slaughterhouse_1,slaughterhouse,0,,,,400.0,400.0,,,,,,,,,43,hitl
55,2026-03-26 19:45,wholesaler_1,wholesaler,0,,,,,,102.51,6.4,,,,,,,43,hitl
55,2026-03-26 19:45,retail_1,retail,0,,,,,,,,29.41,30.0,0.0,0.25,11.61,17.4897,43,hitl
56,2026-03-26 20:00,supplier_1,supplier,0,839.04,,,,,,,,,,,,,43,hitl
56,2026-03-26 20:00,farm_1,farm,1,,777.0,0.0264,,,,,,,,,,,43,hitl
56,2026-03-26 20:00,slaughterhouse_1,slaughterhouse,0,,,,400.0,376.0,,,,,,,,,43,hitl
56,2026-03-26 20:00,wholesaler_1,wholesaler,0,,,,,,92.43,6.4,,,,,,,43,hitl
56,2026-03-26 20:00,retail_1,retail,0,,,,,,,,26.68,30.0,0.0,0.5,11.61,17.4897,43,hitl
57,2026-03-26 20:15,supplier_1,supplier,0,838.47,,,,,,,,,,,,,43,hitl
57,2026-03-26 20:15,farm_1,farm,1,,777.0,0.0264,,,,,,,,,,,43,hitl
57,2026-03-26 20:15,slaughterhouse_1,slaughterhouse,0,,,,400.0,387.69,,,,,,,,,43,hitl
57,2026-03-26 20:15,wholesaler_1,wholesaler,1,,,,,,75.23,75.0,,,,,,,43,hitl
57,2026-03-26 20:15,retail_1,retail,0,,,,,,,,30.72,30.0,0.0,0.75,11.61,17.4897,43,hitl
58,2026-03-26 20:30,supplier_1,supplier,0,837.41,,,,,,,,,,,,,43,hitl
58,2026-03-26 20:30,farm_1,farm,1,,777.0,0.0264,,,,,,,,,,,43,hitl
58,2026-03-26 20:30,slaughterhouse_1,slaughterhouse,0,,,,400.0,398.76,,,,,,,,,43,hitl
58,2026-03-26 20:30,wholesaler_1,wholesaler,1,,,,,,72.82,75.0,,,,,,,43,hitl
58,2026-03-26 20:30,retail_1,retail,0,,,,,,,,28.09,30.0,0.0,1.0,11.61,17.4897,43,hitl
59,2026-03-26 20:45,supplier_1,supplier,0,835.94,,,,,,,,,,,,,43,hitl
59,2026-03-26 20:45,farm_1,farm,1,,777.0,0.0264,,,,,,,,,,,43,hitl
59,2026-03-26 20:45,slaughterhouse_1,slaughterhouse,0,,,,400.0,400.0,,,,,,,,,43,hitl
59,2026-03-26 20:45,wholesaler_1,wholesaler,1,,,,,,69.89,75.0,,,,,,,43,hitl
59,2026-03-26 20:45,retail_1,retail,0,,,,,,,,25.17,30.0,0.0,1.25,11.61,17.4897,43,hitl
60,2026-03-26 21:00,supplier_1,supplier,0,834.5,,,,,,,,,,,,,43,hitl
60,2026-03-26 21:00,farm_1,farm,1,,777.0,0.0264,,,,,,,,,,,43,hitl
60,2026-03-26 21:00,slaughterhouse_1,slaughterhouse,0,,,,400.0,400.0,,,,,,,,,43,hitl
60,2026-03-26 21:00,wholesaler_1,wholesaler,1,,,,,,60.4,75.0,,,,,,,43,hitl
60,2026-03-26 21:00,retail_1,retail,0,,,,,,,,22.31,30.0,0.0,1.5,11.61,17.4897,43,hitl
61,2026-03-26 21:15,supplier_1,supplier,0,833.63,,,,,,,,,,,,,43,hitl
61,2026-03-26 21:15,farm_1,farm,1,,777.0,0.0264,,,,,,,,,,,43,hitl
61,2026-03-26 21:15,slaughterhouse_1,slaughterhouse,0,,,,400.0,400.0,,,,,,,,,43,hitl
61,2026-03-26 21:15,wholesaler_1,wholesaler,1,,,,,,58.68,75.0,,,,,,,43,hitl
61,2026-03-26 21:15,retail_1,retail,0,,,,,,,,26.38,30.0,0.0,1.75,11.61,17.4897,43,hitl
62,2026-03-26 21:30,supplier_1,supplier,0,832.24,,,,,,,,,,,,,43,hitl
62,2026-03-26 21:30,farm_1,farm,1,,777.0,0.0264,,,,,,,,,,,43,hitl
62,2026-03-26 21:30,slaughterhouse_1,slaughterhouse,0,,,,400.0,400.0,,,,,,,,,43,hitl
62,2026-03-26 21:30,wholesaler_1,wholesaler,1,,,,,,56.76,75.0,,,,,,,43,hitl
62,2026-03-26 21:30,retail_1,retail,0,,,,,,,,23.74,30.0,0.0,2.0,11.61,17.4897,43,hitl
63,2026-03-26 21:45,supplier_1,supplier,0,831.51,,,,,,,,,,,,,43,hitl
63,2026-03-26 21:45,farm_1,farm,1,,777.0,0.0264,,,,,,,,,,,43,hitl
63,2026-03-26 21:45,slaughterhouse_1,slaughterhouse,0,,,,400.0,400.0,,,,,,,,,43,hitl
63,2026-03-26 21:45,wholesaler_1,wholesaler,1,,,,,,53.99,75.0,,,,,,,43,hitl
63,2026-03-26 21:45,retail_1,retail,1,,,,,,,,20.98,30.0,0.0,2.25,11.61,17.4897,43,hitl
64,2026-03-26 22:00,supplier_1,supplier,0,830.38,,,,,,,,,,,,,43,hitl
64,2026-03-26 22:00,farm_1,farm,1,,777.0,0.0264,,,,,,,,,,,43,hitl
64,2026-03-26 22:00,slaughterhouse_1,slaughterhouse,0,,,,400.0,376.0,,,,,,,,,43,hitl
64,2026-03-26 22:00,wholesaler_1,wholesaler,1,,,,,,43.9,75.0,,,,,,,43,hitl
64,2026-03-26 22:00,retail_1,retail,1,,,,,,,,18.32,30.0,0.0,2.5,11.61,17.4897,43,hitl
65,2026-03-26 22:15,supplier_1,supplier,0,829.56,,,,,,,,,,,,,43,hitl
65,2026-03-26 22:15,farm_1,farm,1,,777.0,0.0264,,,,,,,,,,,43,hitl
65,2026-03-26 22:15,slaughterhouse_1,slaughterhouse,0,,,,400.0,386.43,,,,,,,,,43,hitl
65,2026-03-26 22:15,wholesaler_1,wholesaler,1,,,,,,65.67,75.0,,,,,,,43,hitl
65,2026-03-26 22:15,retail_1,retail,1,,,,,,,,22.79,30.0,0.0,2.75,11.61,17.4897,43,hitl
66,2026-03-26 22:30,supplier_1,supplier,0,828.39,,,,,,,,,,,,,43,hitl
66,2026-03-26 22:30,farm_1,farm,1,,777.0,0.0264,,,,,,,,,,,43,hitl
66,2026-03-26 22:30,slaughterhouse_1,slaughterhouse,0,,,,400.0,396.75,,,,,,,,,43,hitl
66,2026-03-26 22:30,wholesaler_1,wholesaler,1,,,,,,63.16,75.0,,,,,,,43,hitl
66,2026-03-26 22:30,retail_1,retail,1,,,,,,,,19.9,30.0,0.0,3.0,11.61,17.4897,43,hitl
67,2026-03-26 22:45,supplier_1,supplier,0,826.97,,,,,,,,,,,,,43,hitl
67,2026-03-26 22:45,farm_1,farm,1,,777.0,0.0264,,,,,,,,,,,43,hitl
67,2026-03-26 22:45,slaughterhouse_1,slaughterhouse,0,,,,400.0,400.0,,,,,,,,,43,hitl
67,2026-03-26 22:45,wholesaler_1,wholesaler,1,,,,,,60.31,75.0,,,,,,,43,hitl
67,2026-03-26 22:45,retail_1,retail,1,,,,,,,,17.27,30.0,0.0,3.25,11.61,17.4897,43,hitl
68,2026-03-26 23:00,supplier_1,supplier,0,826.21,,,,,,,,,,,,,43,hitl
68,2026-03-26 23:00,farm_1,farm,1,,777.0,0.0264,,,,,,,,,,,43,hitl
68,2026-03-26 23:00,slaughterhouse_1,slaughterhouse,0,,,,400.0,400.0,,,,,,,,,43,hitl
68,2026-03-26 23:00,wholesaler_1,wholesaler,1,,,,,,51.53,75.0,,,,,,,43,hitl
68,2026-03-26 23:00,retail_1,retail,1,,,,,,,,14.05,30.0,0.0,3.5,11.61,17.4897,43,hitl
69,2026-03-26 23:15,supplier_1,supplier,0,825.48,,,,,,,,,,,,,43,hitl
69,2026-03-26 23:15,farm_1,farm,1,,777.0,0.0264,,,,,,,,,,,43,hitl
69,2026-03-26 23:15,slaughterhouse_1,slaughterhouse,0,,,,400.0,400.0,,,,,,,,,43,hitl
69,2026-03-26 23:15,wholesaler_1,wholesaler,1,,,,,,48.61,75.0,,,,,,,43,hitl
69,2026-03-26 23:15,retail_1,retail,1,,,,,,,,18.03,30.0,0.0,3.75,11.61,17.4897,43,hitl
70,2026-03-26 23:30,supplier_1,supplier,0,824.11,,,,,,,,,,,,,43,hitl
70,2026-03-26 23:30,farm_1,farm,1,,777.0,0.0264,,,,,,,,,,,43,hitl
70,2026-03-26 23:30,slaughterhouse_1,slaughterhouse,0,,,,400.0,400.0,,,,,,,,,43,hitl
70,2026-03-26 23:30,wholesaler_1,wholesaler,1,,,,,,47.03,75.0,,,,,,,43,hitl
70,2026-03-26 23:30,retail_1,retail,1,,,,,,,,14.84,30.0,0.0,4.0,11.61,17.4897,43,hitl
71,2026-03-26 23:45,supplier_1,supplier,0,822.87,,,,,,,,,,,,,43,hitl
71,2026-03-26 23:45,farm_1,farm,1,,777.0,0.0264,,,,,,,,,,,43,hitl
71,2026-03-26 23:45,slaughterhouse_1,slaughterhouse,0,,,,400.0,400.0,,,,,,,,,43,hitl
71,2026-03-26 23:45,wholesaler_1,wholesaler,1,,,,,,45.01,75.0,,,,,,,43,hitl
71,2026-03-26 23:45,retail_1,retail,1,,,,,,,,12.26,30.0,0.0,4.25,11.61,17.4897,43,hitl
72,2026-03-27 00:00,supplier_1,supplier,0,821.52,,,,,,,,,,,,,43,hitl
72,2026-03-27 00:00,farm_1,farm,0,,777.0,0.0264,,,,,,,,,,,43,hitl
72,2026-03-27 00:00,slaughterhouse_1,slaughterhouse,0,,,,400.0,376.0,,,,,,,,,43,hitl
72,2026-03-27 00:00,wholesaler_1,wholesaler,1,,,,,,34.97,75.0,,,,,,,43,hitl
72,2026-03-27 00:00,retail_1,retail,1,,,,,,,,9.1,30.0,0.0,4.5,11.61,41.019,43,hitl
73,2026-03-27 00:15,supplier_1,supplier,0,820.08,,,,,,,,,,,,,43,hitl
73,2026-03-27 00:15,farm_1,farm,0,,777.0,0.0264,,,,,,,,,,,43,hitl
73,2026-03-27 00:15,slaughterhouse_1,slaughterhouse,0,,,,400.0,387.35,,,,,,,,,43,hitl
73,2026-03-27 00:15,wholesaler_1,wholesaler,1,,,,,,56.42,75.0,,,,,,,43,hitl
73,2026-03-27 00:15,retail_1,retail,1,,,,,,,,13.14,30.0,0.0,4.75,11.61,41.019,43,hitl
74,2026-03-27 00:30,supplier_1,supplier,0,819.25,,,,,,,,,,,,,43,hitl
74,2026-03-27 00:30,farm_1,farm,0,,777.0,0.0264,,,,,,,,,,,43,hitl
74,2026-03-27 00:30,slaughterhouse_1,slaughterhouse,0,,,,400.0,399.1,,,,,,,,,43,hitl
74,2026-03-27 00:30,wholesaler_1,wholesaler,1,,,,,,53.87,75.0,,,,,,,43,hitl
74,2026-03-27 00:30,retail_1,retail,1,,,,,,,,10.34,30.0,0.0,5.0,11.61,41.019,43,hitl
75,2026-03-27 00:45,supplier_1,supplier,0,818.43,,,,,,,,,,,,,43,hitl
75,2026-03-27 00:45,farm_1,farm,0,,777.0,0.0264,,,,,,,,,,,43,hitl
75,2026-03-27 00:45,slaughterhouse_1,slaughterhouse,0,,,,400.0,400.0,,,,,,,,,43,hitl
75,2026-03-27 00:45,wholesaler_1,wholesaler,1,,,,,,52.25,75.0,,,,,,,43,hitl
75,2026-03-27 00:45,retail_1,retail,1,,,,,,,,7.57,30.0,0.0,5.25,11.61,41.019,43,hitl
76,2026-03-27 01:00,supplier_1,supplier,0,817.31,,,,,,,,,,,,,43,hitl
76,2026-03-27 01:00,farm_1,farm,0,,777.0,0.0264,,,,,,,,,,,43,hitl
76,2026-03-27 01:00,slaughterhouse_1,slaughterhouse,0,,,,400.0,400.0,,,,,,,,,43,hitl
76,2026-03-27 01:00,wholesaler_1,wholesaler,1,,,,,,39.97,75.0,,,,,,,43,hitl
76,2026-03-27 01:00,retail_1,retail,1,,,,,,,,4.82,30.0,0.0,5.5,11.61,41.019,43,hitl
77,2026-03-27 01:15,supplier_1,supplier,0,816.76,,,,,,,,,,,,,43,hitl
77,2026-03-27 01:15,farm_1,farm,0,,777.0,0.0264,,,,,,,,,,,43,hitl
77,2026-03-27 01:15,slaughterhouse_1,slaughterhouse,0,,,,400.0,400.0,,,,,,,,,43,hitl
77,2026-03-27 01:15,wholesaler_1,wholesaler,1,,,,,,38.27,75.0,,,,,,,43,hitl
77,2026-03-27 01:15,retail_1,retail,1,,,,,,,,11.81,30.0,0.0,5.75,11.61,41.019,43,hitl
78,2026-03-27 01:30,supplier_1,supplier,0,816.15,,,,,,,,,,,,,43,hitl
78,2026-03-27 01:30,farm_1,farm,0,,777.0,0.0264,,,,,,,,,,,43,hitl
78,2026-03-27 01:30,slaughterhouse_1,slaughterhouse,0,,,,400.0,400.0,,,,,,,,,43,hitl
78,2026-03-27 01:30,wholesaler_1,wholesaler,1,,,,,,36.39,75.0,,,,,,,43,hitl
78,2026-03-27 01:30,retail_1,retail,1,,,,,,,,8.91,30.0,0.0,6.0,11.61,41.019,43,hitl
79,2026-03-27 01:45,supplier_1,supplier,0,815.43,,,,,,,,,,,,,43,hitl
79,2026-03-27 01:45,farm_1,farm,0,,777.0,0.0264,,,,,,,,,,,43,hitl
79,2026-03-27 01:45,slaughterhouse_1,slaughterhouse,0,,,,400.0,400.0,,,,,,,,,43,hitl
79,2026-03-27 01:45,wholesaler_1,wholesaler,1,,,,,,34.23,75.0,,,,,,,43,hitl
79,2026-03-27 01:45,retail_1,retail,1,,,,,,,,6.08,30.0,0.0,6.25,11.61,41.019,43,hitl
80,2026-03-27 02:00,supplier_1,supplier,0,814.79,,,,,,,,,,,,,43,hitl
80,2026-03-27 02:00,farm_1,farm,0,,777.0,0.0264,,,,,,,,,,,43,hitl
80,2026-03-27 02:00,slaughterhouse_1,slaughterhouse,0,,,,400.0,376.0,,,,,,,,,43,hitl
80,2026-03-27 02:00,wholesaler_1,wholesaler,1,,,,,,22.33,75.0,,,,,,,43,hitl
80,2026-03-27 02:00,retail_1,retail,1,,,,,,,,3.2,30.0,0.0,6.5,11.61,41.019,43,hitl
81,2026-03-27 02:15,supplier_1,supplier,0,813.89,,,,,,,,,,,,,43,hitl
81,2026-03-27 02:15,farm_1,farm,0,,777.0,0.0264,,,,,,,,,,,43,hitl
81,2026-03-27 02:15,slaughterhouse_1,slaughterhouse,0,,,,400.0,386.65,,,,,,,,,43,hitl
81,2026-03-27 02:15,wholesaler_1,wholesaler,1,,,,,,44.05,75.0,,,,,,,43,hitl
81,2026-03-27 02:15,retail_1,retail,1,,,,,,,,10.57,30.0,0.0,6.75,11.61,41.019,43,hitl
82,2026-03-27 02:30,supplier_1,supplier,0,812.4,,,,,,,,,,,,,43,hitl
82,2026-03-27 02:30,farm_1,farm,0,,777.0,0.0264,,,,,,,,,,,43,hitl
82,2026-03-27 02:30,slaughterhouse_1,slaughterhouse,0,,,,400.0,397.96,,,,,,,,,43,hitl
82,2026-03-27 02:30,wholesaler_1,wholesaler,1,,,,,,42.5,75.0,,,,,,,43,hitl
82,2026-03-27 02:30,retail_1,retail,1,,,,,,,,7.84,30.0,0.0,7.0,11.61,41.019,43,hitl
83,2026-03-27 02:45,supplier_1,supplier,0,811.52,,,,,,,,,,,,,43,hitl
83,2026-03-27 02:45,farm_1,farm,0,,777.0,0.0264,,,,,,,,,,,43,hitl
83,2026-03-27 02:45,slaughterhouse_1,slaughterhouse,0,,,,400.0,400.0,,,,,,,,,43,hitl
83,2026-03-27 02:45,wholesaler_1,wholesaler,1,,,,,,40.63,75.0,,,,,,,43,hitl
83,2026-03-27 02:45,retail_1,retail,1,,,,,,,,4.62,30.0,0.0,7.25,11.61,41.019,43,hitl
84,2026-03-27 03:00,supplier_1,supplier,0,810.98,,,,,,,,,,,,,43,hitl
84,2026-03-27 03:00,farm_1,farm,0,,777.0,0.0264,,,,,,,,,,,43,hitl
84,2026-03-27 03:00,slaughterhouse_1,slaughterhouse,0,,,,400.0,400.0,,,,,,,,,43,hitl
84,2026-03-27 03:00,wholesaler_1,wholesaler,1,,,,,,28.43,75.0,,,,,,,43,hitl
84,2026-03-27 03:00,retail_1,retail,1,,,,,,,,1.62,30.0,0.0,7.5,11.61,41.019,43,hitl
85,2026-03-27 03:15,supplier_1,supplier,0,809.59,,,,,,,,,,,,,43,hitl
85,2026-03-27 03:15,farm_1,farm,0,,777.0,0.0264,,,,,,,,,,,43,hitl
85,2026-03-27 03:15,slaughterhouse_1,slaughterhouse,0,,,,400.0,400.0,,,,,,,,,43,hitl
85,2026-03-27 03:15,wholesaler_1,wholesaler,1,,,,,,26.9,75.0,,,,,,,43,hitl
85,2026-03-27 03:15,retail_1,retail,1,,,,,,,,10.19,30.0,1.0,7.75,11.61,41.019,43,hitl
86,2026-03-27 03:30,supplier_1,supplier,0,809.0,,,,,,,,,,,,,43,hitl
86,2026-03-27 03:30,farm_1,farm,0,,777.0,0.0264,,,,,,,,,,,43,hitl
86,2026-03-27 03:30,slaughterhouse_1,slaughterhouse,0,,,,400.0,400.0,,,,,,,,,43,hitl
86,2026-03-27 03:30,wholesaler_1,wholesaler,1,,,,,,24.88,75.0,,,,,,,43,hitl
86,2026-03-27 03:30,retail_1,retail,1,,,,,,,,7.38,30.0,0.0,8.0,11.61,41.019,43,hitl
87,2026-03-27 03:45,supplier_1,supplier,0,808.21,,,,,,,,,,,,,43,hitl
87,2026-03-27 03:45,farm_1,farm,0,,777.0,0.0264,,,,,,,,,,,43,hitl
87,2026-03-27 03:45,slaughterhouse_1,slaughterhouse,0,,,,400.0,400.0,,,,,,,,,43,hitl
87,2026-03-27 03:45,wholesaler_1,wholesaler,1,,,,,,23.19,75.0,,,,,,,43,hitl
87,2026-03-27 03:45,retail_1,retail,1,,,,,,,,4.15,30.0,0.0,8.25,11.61,41.019,43,hitl
88,2026-03-27 04:00,supplier_1,supplier,0,807.01,,,,,,,,,,,,,43,hitl
88,2026-03-27 04:00,farm_1,farm,0,,777.0,0.0264,,,,,,,,,,,43,hitl
88,2026-03-27 04:00,slaughterhouse_1,slaughterhouse,0,,,,400.0,376.0,,,,,,,,,43,hitl
88,2026-03-27 04:00,wholesaler_1,wholesaler,1,,,,,,20.55,75.0,,,,,,,43,hitl
88,2026-03-27 04:00,retail_1,retail,1,,,,,,,,1.19,30.0,0.0,8.5,11.61,41.019,43,hitl
89,2026-03-27 04:15,supplier_1,supplier,0,805.84,,,,,,,,,,,,,43,hitl
89,2026-03-27 04:15,farm_1,farm,0,,777.0,0.0264,,,,,,,,,,,43,hitl
89,2026-03-27 04:15,slaughterhouse_1,slaughterhouse,0,,,,400.0,386.29,,,,,,,,,43,hitl
89,2026-03-27 04:15,wholesaler_1,wholesaler,1,,,,,,42.56,75.0,,,,,,,43,hitl
89,2026-03-27 04:15,retail_1,retail,1,,,,,,,,0.0,30.0,1.0,8.75,11.61,41.019,43,hitl
90,2026-03-27 04:30,supplier_1,supplier,0,805.0,,,,,,,,,,,,,43,hitl
90,2026-03-27 04:30,farm_1,farm,0,,777.0,0.0264,,,,,,,,,,,43,hitl
90,2026-03-27 04:30,slaughterhouse_1,slaughterhouse,0,,,,400.0,398.18,,,,,,,,,43,hitl
90,2026-03-27 04:30,wholesaler_1,wholesaler,1,,,,,,39.75,75.0,,,,,,,43,hitl
90,2026-03-27 04:30,retail_1,retail,1,,,,,,,,0.0,30.0,1.0,9.0,11.61,41.019,43,hitl
91,2026-03-27 04:45,supplier_1,supplier,0,803.86,,,,,,,,,,,,,43,hitl
91,2026-03-27 04:45,farm_1,farm,0,,777.0,0.0264,,,,,,,,,,,43,hitl
91,2026-03-27 04:45,slaughterhouse_1,slaughterhouse,0,,,,400.0,400.0,,,,,,,,,43,hitl
91,2026-03-27 04:45,wholesaler_1,wholesaler,1,,,,,,37.95,75.0,,,,,,,43,hitl
91,2026-03-27 04:45,retail_1,retail,1,,,,,,,,0.0,30.0,1.0,9.25,11.61,41.019,43,hitl
92,2026-03-27 05:00,supplier_1,supplier,0,802.99,,,,,,,,,,,,,43,hitl
92,2026-03-27 05:00,farm_1,farm,0,,777.0,0.0264,,,,,,,,,,,43,hitl
92,2026-03-27 05:00,slaughterhouse_1,slaughterhouse,0,,,,400.0,400.0,,,,,,,,,43,hitl
92,2026-03-27 05:00,wholesaler_1,wholesaler,1,,,,,,25.6,75.0,,,,,,,43,hitl
92,2026-03-27 05:00,retail_1,retail,1,,,,,,,,0.0,30.0,1.0,9.5,11.61,41.019,43,hitl
93,2026-03-27 05:15,supplier_1,supplier,0,801.74,,,,,,,,,,,,,43,hitl
93,2026-03-27 05:15,farm_1,farm,0,,777.0,0.0264,,,,,,,,,,,43,hitl
93,2026-03-27 05:15,slaughterhouse_1,slaughterhouse,0,,,,400.0,400.0,,,,,,,,,43,hitl
93,2026-03-27 05:15,wholesaler_1,wholesaler,1,,,,,,22.87,75.0,,,,,,,43,hitl
93,2026-03-27 05:15,retail_1,retail,1,,,,,,,,10.19,30.0,1.0,9.75,11.61,41.019,43,hitl
94,2026-03-27 05:30,supplier_1,supplier,0,801.14,,,,,,,,,,,,,43,hitl
94,2026-03-27 05:30,farm_1,farm,0,,777.0,0.0264,,,,,,,,,,,43,hitl
94,2026-03-27 05:30,slaughterhouse_1,slaughterhouse,0,,,,400.0,400.0,,,,,,,,,43,hitl
94,2026-03-27 05:30,wholesaler_1,wholesaler,1,,,,,,21.11,75.0,,,,,,,43,hitl
94,2026-03-27 05:30,retail_1,retail,1,,,,,,,,7.62,30.0,0.0,10.0,11.61,41.019,43,hitl
95,2026-03-27 05:45,supplier_1,supplier,0,799.84,,,,,,,,,,,,,43,hitl
95,2026-03-27 05:45,farm_1,farm,0,,777.0,0.0264,,,,,,,,,,,43,hitl
95,2026-03-27 05:45,slaughterhouse_1,slaughterhouse,0,,,,400.0,400.0,,,,,,,,,43,hitl
95,2026-03-27 05:45,wholesaler_1,wholesaler,1,,,,,,19.44,75.0,,,,,,,43,hitl
95,2026-03-27 05:45,retail_1,retail,1,,,,,,,,5.04,30.0,0.0,10.25,11.61,41.019,43,hitl
96,2026-03-27 06:00,supplier_1,supplier,0,798.46,,,,,,,,,,,,,43,hitl
96,2026-03-27 06:00,farm_1,farm,0,,777.0,0.0264,,,,,,,,,,,43,hitl
96,2026-03-27 06:00,slaughterhouse_1,slaughterhouse,0,,,,400.0,376.0,,,,,,,,,43,hitl
96,2026-03-27 06:00,wholesaler_1,wholesaler,1,,,,,,17.19,75.0,,,,,,,43,hitl
96,2026-03-27 06:00,retail_1,retail,1,,,,,,,,2.26,30.0,0.0,10.5,11.61,41.019,43,hitl
97,2026-03-27 06:15,supplier_1,supplier,0,797.89,,,,,,,,,,,,,43,hitl
97,2026-03-27 06:15,farm_1,farm,0,,777.0,0.0264,,,,,,,,,,,43,hitl
97,2026-03-27 06:15,slaughterhouse_1,slaughterhouse,0,,,,400.0,387.62,,,,,,,,,43,hitl
97,2026-03-27 06:15,wholesaler_1,wholesaler,1,,,,,,38.22,75.0,,,,,,,43,hitl
97,2026-03-27 06:15,retail_1,retail,1,,,,,,,,0.0,30.0,1.0,10.75,11.61,41.019,43,hitl
98,2026-03-27 06:30,supplier_1,supplier,0,796.83,,,,,,,,,,,,,43,hitl
98,2026-03-27 06:30,farm_1,farm,0,,777.0,0.0264,,,,,,,,,,,43,hitl
98,2026-03-27 06:30,slaughterhouse_1,slaughterhouse,0,,,,400.0,399.12,,,,,,,,,43,hitl
98,2026-03-27 06:30,wholesaler_1,wholesaler,1,,,,,,36.51,75.0,,,,,,,43,hitl
98,2026-03-27 06:30,retail_1,retail,1,,,,,,,,0.0,30.0,1.0,11.0,11.61,41.019,43,hitl
99,2026-03-27 06:45,supplier_1,supplier,0,796.17,,,,,,,,,,,,,43,hitl
99,2026-03-27 06:45,farm_1,farm,0,,777.0,0.0264,,,,,,,,,,,43,hitl
99,2026-03-27 06:45,slaughterhouse_1,slaughterhouse,0,,,,400.0,400.0,,,,,,,,,43,hitl
99,2026-03-27 06:45,wholesaler_1,wholesaler,1,,,,,,33.66,75.0,,,,,,,43,hitl
99,2026-03-27 06:45,retail_1,retail,1,,,,,,,,0.0,30.0,1.0,11.25,11.61,41.019,43,hitl
100,2026-03-27 07:00,supplier_1,supplier,0,795.31,,,,,,,,,,,,,43,hitl
100,2026-03-27 07:00,farm_1,farm,0,,777.0,0.0264,,,,,,,,,,,43,hitl
100,2026-03-27 07:00,slaughterhouse_1,slaughterhouse,0,,,,400.0,400.0,,,,,,,,,43,hitl
100,2026-03-27 07:00,wholesaler_1,wholesaler,1,,,,,,21.85,75.0,,,,,,,43,hitl
100,2026-03-27 07:00,retail_1,retail,1,,,,,,,,0.0,30.0,1.0,11.5,11.61,41.019,43,hitl
101,2026-03-27 07:15,supplier_1,supplier,0,794.8,,,,,,,,,,,,,43,hitl
101,2026-03-27 07:15,farm_1,farm,0,,777.0,0.0264,,,,,,,,,,,43,hitl
101,2026-03-27 07:15,slaughterhouse_1,slaughterhouse,0,,,,400.0,400.0,,,,,,,,,43,hitl
101,2026-03-27 07:15,wholesaler_1,wholesaler,1,,,,,,20.24,75.0,,,,,,,43,hitl
101,2026-03-27 07:15,retail_1,retail,1,,,,,,,,10.19,30.0,1.0,11.75,11.61,41.019,43,hitl
102,2026-03-27 07:30,supplier_1,supplier,0,793.96,,,,,,,,,,,,,43,hitl
102,2026-03-27 07:30,farm_1,farm,0,,777.0,0.0264,,,,,,,,,,,43,hitl
102,2026-03-27 07:30,slaughterhouse_1,slaughterhouse,0,,,,400.0,400.0,,,,,,,,,43,hitl
102,2026-03-27 07:30,wholesaler_1,wholesaler,1,,,,,,17.67,75.0,,,,,,,43,hitl
102,2026-03-27 07:30,retail_1,retail,1,,,,,,,,7.07,30.0,0.0,12.0,11.61,41.019,43,hitl
103,2026-03-27 07:45,supplier_1,supplier,0,792.7,,,,,,,,,,,,,43,hitl
103,2026-03-27 07:45,farm_1,farm,0,,777.0,0.0264,,,,,,,,,,,43,hitl
103,2026-03-27 07:45,slaughterhouse_1,slaughterhouse,0,,,,400.0,400.0,,,,,,,,,43,hitl
103,2026-03-27 07:45,wholesaler_1,wholesaler,1,,,,,,14.7,75.0,,,,,,,43,hitl
103,2026-03-27 07:45,retail_1,retail,1,,,,,,,,4.37,30.0,0.0,12.25,11.61,41.019,43,hitl
104,2026-03-27 08:00,supplier_1,supplier,0,792.16,,,,,,,,,,,,,43,hitl
104,2026-03-27 08:00,farm_1,farm,0,,777.0,0.0264,,,,,,,,,,,43,hitl
104,2026-03-27 08:00,slaughterhouse_1,slaughterhouse,0,,,,400.0,376.0,,,,,,,,,43,hitl
104,2026-03-27 08:00,wholesaler_1,wholesaler,1,,,,,,12.98,75.0,,,,,,,43,hitl
104,2026-03-27 08:00,retail_1,retail,1,,,,,,,,1.21,30.0,0.0,12.5,11.61,41.019,43,hitl
105,2026-03-27 08:15,supplier_1,supplier,0,791.33,,,,,,,,,,,,,43,hitl
105,2026-03-27 08:15,farm_1,farm,0,,777.0,0.0264,,,,,,,,,,,43,hitl
105,2026-03-27 08:15,slaughterhouse_1,slaughterhouse,0,,,,400.0,386.74,,,,,,,,,43,hitl
105,2026-03-27 08:15,wholesaler_1,wholesaler,1,,,,,,34.02,75.0,,,,,,,43,hitl
105,2026-03-27 08:15,retail_1,retail,1,,,,,,,,0.0,30.0,1.0,12.75,11.61,41.019,43,hitl
106,2026-03-27 08:30,supplier_1,supplier,0,790.21,,,,,,,,,,,,,43,hitl
106,2026-03-27 08:30,farm_1,farm,0,,777.0,0.0264,,,,,,,,,,,43,hitl
106,2026-03-27 08:30,slaughterhouse_1,slaughterhouse,0,,,,400.0,398.46,,,,,,,,,43,hitl
106,2026-03-27 08:30,wholesaler_1,wholesaler,1,,,,,,31.99,75.0,,,,,,,43,hitl
106,2026-03-27 08:30,retail_1,retail,1,,,,,,,,0.0,30.0,1.0,13.0,11.61,41.019,43,hitl
107,2026-03-27 08:45,supplier_1,supplier,0,789.43,,,,,,,,,,,,,43,hitl
107,2026-03-27 08:45,farm_1,farm,0,,777.0,0.0264,,,,,,,,,,,43,hitl
107,2026-03-27 08:45,slaughterhouse_1,slaughterhouse,0,,,,400.0,400.0,,,,,,,,,43,hitl
107,2026-03-27 08:45,wholesaler_1,wholesaler,1,,,,,,29.95,75.0,,,,,,,43,hitl
107,2026-03-27 08:45,retail_1,retail,1,,,,,,,,0.0,30.0,1.0,13.25,11.61,41.019,43,hitl
108,2026-03-27 09:00,supplier_1,supplier,0,788.09,,,,,,,,,,,,,43,hitl
108,2026-03-27 09:00,farm_1,farm,1,,777.0,0.0264,,,,,,,,,,,43,hitl
108,2026-03-27 09:00,slaughterhouse_1,slaughterhouse,0,,,,400.0,400.0,,,,,,,,,43,hitl
108,2026-03-27 09:00,wholesaler_1,wholesaler,1,,,,,,27.03,75.0,,,,,,,43,hitl
108,2026-03-27 09:00,retail_1,retail,1,,,,,,,,0.0,30.0,1.0,13.5,11.61,41.019,43,hitl
109,2026-03-27 09:15,supplier_1,supplier,0,787.09,,,,,,,,,,,,,43,hitl
109,2026-03-27 09:15,farm_1,farm,1,,777.0,0.0264,,,,,,,,,,,43,hitl
109,2026-03-27 09:15,slaughterhouse_1,slaughterhouse,0,,,,400.0,400.0,,,,,,,,,43,hitl
109,2026-03-27 09:15,wholesaler_1,wholesaler,1,,,,,,24.56,75.0,,,,,,,43,hitl
109,2026-03-27 09:15,retail_1,retail,1,,,,,,,,0.0,30.0,1.0,13.75,11.61,41.019,43,hitl
110,2026-03-27 09:30,supplier_1,supplier,0,785.85,,,,,,,,,,,,,43,hitl
110,2026-03-27 09:30,farm_1,farm,1,,777.0,0.0264,,,,,,,,,,,43,hitl
110,2026-03-27 09:30,slaughterhouse_1,slaughterhouse,0,,,,400.0,400.0,,,,,,,,,43,hitl
110,2026-03-27 09:30,wholesaler_1,wholesaler,1,,,,,,21.67,75.0,,,,,,,43,hitl
110,2026-03-27 09:30,retail_1,retail,1,,,,,,,,0.0,30.0,1.0,14.0,11.61,41.019,43,hitl
111,2026-03-27 09:45,supplier_1,supplier,0,784.54,,,,,,,,,,,,,43,hitl
111,2026-03-27 09:45,farm_1,farm,1,,777.0,0.0264,,,,,,,,,,,43,hitl
111,2026-03-27 09:45,slaughterhouse_1,slaughterhouse,0,,,,400.0,400.0,,,,,,,,,43,hitl
111,2026-03-27 09:45,wholesaler_1,wholesaler,1,,,,,,19.97,75.0,,,,,,,43,hitl
111,2026-03-27 09:45,retail_1,retail,1,,,,,,,,0.0,30.0,1.0,14.25,11.61,41.019,43,hitl
112,2026-03-27 10:00,supplier_1,supplier,0,783.85,,,,,,,,,,,,,43,hitl
112,2026-03-27 10:00,farm_1,farm,1,,777.0,0.0264,,,,,,,,,,,43,hitl
112,2026-03-27 10:00,slaughterhouse_1,slaughterhouse,0,,,,400.0,376.0,,,,,,,,,43,hitl
112,2026-03-27 10:00,wholesaler_1,wholesaler,1,,,,,,17.71,75.0,,,,,,,43,hitl
112,2026-03-27 10:00,retail_1,retail,1,,,,,,,,0.0,30.0,1.0,14.5,11.61,41.019,43,hitl
113,2026-03-27 10:15,supplier_1,supplier,0,783.3,,,,,,,,,,,,,43,hitl
113,2026-03-27 10:15,farm_1,farm,1,,777.0,0.0264,,,,,,,,,,,43,hitl
113,2026-03-27 10:15,slaughterhouse_1,slaughterhouse,0,,,,400.0,386.26,,,,,,,,,43,hitl
113,2026-03-27 10:15,wholesaler_1,wholesaler,1,,,,,,39.96,75.0,,,,,,,43,hitl
113,2026-03-27 10:15,retail_1,retail,1,,,,,,,,0.0,30.0,1.0,14.75,11.61,41.019,43,hitl
114,2026-03-27 10:30,supplier_1,supplier,0,782.11,,,,,,,,,,,,,43,hitl
114,2026-03-27 10:30,farm_1,farm,1,,777.0,0.0264,,,,,,,,,,,43,hitl
114,2026-03-27 10:30,slaughterhouse_1,slaughterhouse,0,,,,400.0,396.52,,,,,,,,,43,hitl
114,2026-03-27 10:30,wholesaler_1,wholesaler,1,,,,,,38.22,75.0,,,,,,,43,hitl
114,2026-03-27 10:30,retail_1,retail,1,,,,,,,,0.0,30.0,1.0,15.0,11.61,41.019,43,hitl
115,2026-03-27 10:45,supplier_1,supplier,0,780.72,,,,,,,,,,,,,43,hitl
115,2026-03-27 10:45,farm_1,farm,1,,777.0,0.0264,,,,,,,,,,,43,hitl
115,2026-03-27 10:45,slaughterhouse_1,slaughterhouse,0,,,,400.0,400.0,,,,,,,,,43,hitl
115,2026-03-27 10:45,wholesaler_1,wholesaler,1,,,,,,36.07,75.0,,,,,,,43,hitl
115,2026-03-27 10:45,retail_1,retail,1,,,,,,,,6.22,29.0,0.0,3.52,16.047,75.0,43,hitl
116,2026-03-27 11:00,supplier_1,supplier,0,779.33,,,,,,,,,,,,,43,hitl
116,2026-03-27 11:00,farm_1,farm,1,,777.0,0.0264,,,,,,,,,,,43,hitl
116,2026-03-27 11:00,slaughterhouse_1,slaughterhouse,0,,,,400.0,400.0,,,,,,,,,43,hitl
116,2026-03-27 11:00,wholesaler_1,wholesaler,1,,,,,,24.83,75.0,,,,,,,43,hitl
116,2026-03-27 11:00,retail_1,retail,1,,,,,,,,1.75,29.0,0.0,3.77,16.047,75.0,43,hitl
117,2026-03-27 11:15,supplier_1,supplier,0,778.08,,,,,,,,,,,,,43,hitl
117,2026-03-27 11:15,farm_1,farm,1,,777.0,0.0264,,,,,,,,,,,43,hitl
117,2026-03-27 11:15,slaughterhouse_1,slaughterhouse,0,,,,400.0,400.0,,,,,,,,,43,hitl
117,2026-03-27 11:15,wholesaler_1,wholesaler,1,,,,,,22.0,75.0,,,,,,,43,hitl
117,2026-03-27 11:15,retail_1,retail,1,,,,,,,,9.6,29.0,1.0,4.02,16.047,75.0,43,hitl
118,2026-03-27 11:30,supplier_1,supplier,0,776.89,,,,,,,,,,,,,43,hitl
118,2026-03-27 11:30,farm_1,farm,1,,777.0,0.0264,,,,,,,,,,,43,hitl
118,2026-03-27 11:30,slaughterhouse_1,slaughterhouse,0,,,,400.0,400.0,,,,,,,,,43,hitl
118,2026-03-27 11:30,wholesaler_1,wholesaler,1,,,,,,19.94,75.0,,,,,,,43,hitl
118,2026-03-27 11:30,retail_1,retail,1,,,,,,,,5.52,29.0,0.0,4.27,16.047,75.0,43,hitl
119,2026-03-27 11:45,supplier_1,supplier,0,775.6,,,,,,,,,,,,,43,hitl
119,2026-03-27 11:45,farm_1,farm,1,,777.0,0.0264,,,,,,,,,,,43,hitl
119,2026-03-27 11:45,slaughterhouse_1,slaughterhouse,0,,,,400.0,400.0,,,,,,,,,43,hitl
119,2026-03-27 11:45,wholesaler_1,wholesaler,1,,,,,,18.02,75.0,,,,,,,43,hitl
119,2026-03-27 11:45,retail_1,retail,1,,,,,,,,1.52,29.0,0.0,4.52,16.047,75.0,43,hitl
120,2026-03-27 12:00,supplier_1,supplier,0,774.9,,,,,,,,,,,,,43,hitl
120,2026-03-27 12:00,farm_1,farm,1,,777.0,0.0264,,,,,,,,,,,43,hitl
120,2026-03-27 12:00,slaughterhouse_1,slaughterhouse,0,,,,400.0,376.0,,,,,,,,,43,hitl
120,2026-03-27 12:00,wholesaler_1,wholesaler,1,,,,,,15.71,75.0,,,,,,,43,hitl
120,2026-03-27 12:00,retail_1,retail,1,,,,,,,,0.0,29.0,1.0,4.77,16.047,75.0,43,hitl
121,2026-03-27 12:15,supplier_1,supplier,0,773.66,,,,,,,,,,,,,43,hitl
121,2026-03-27 12:15,farm_1,farm,1,,777.0,0.0264,,,,,,,,,,,43,hitl
121,2026-03-27 12:15,slaughterhouse_1,slaughterhouse,0,,,,400.0,386.66,,,,,,,,,43,hitl
121,2026-03-27 12:15,wholesaler_1,wholesaler,1,,,,,,37.33,75.0,,,,,,,43,hitl
121,2026-03-27 12:15,retail_1,retail,1,,,,,,,,0.0,29.0,1.0,5.02,16.047,75.0,43,hitl
122,2026-03-27 12:30,supplier_1,supplier,0,772.89,,,,,,,,,,,,,43,hitl
122,2026-03-27 12:30,farm_1,farm,1,,777.0,0.0264,,,,,,,,,,,43,hitl
122,2026-03-27 12:30,slaughterhouse_1,slaughterhouse,0,,,,400.0,397.62,,,,,,,,,43,hitl
122,2026-03-27 12:30,wholesaler_1,wholesaler,1,,,,,,34.44,75.0,,,,,,,43,hitl
122,2026-03-27 12:30,retail_1,retail,1,,,,,,,,0.0,29.0,1.0,5.27,16.047,75.0,43,hitl
123,2026-03-27 12:45,supplier_1,supplier,0,772.23,,,,,,,,,,,,,43,hitl
123,2026-03-27 12:45,farm_1,farm,1,,777.0,0.0264,,,,,,,,,,,43,hitl
123,2026-03-27 12:45,slaughterhouse_1,slaughterhouse,0,,,,400.0,400.0,,,,,,,,,43,hitl
123,2026-03-27 12:45,wholesaler_1,wholesaler,1,,,,,,32.22,75.0,,,,,,,43,hitl
123,2026-03-27 12:45,retail_1,retail,1,,,,,,,,0.0,29.0,1.0,5.52,16.047,75.0,43,hitl
124,2026-03-27 13:00,supplier_1,supplier,0,771.53,,,,,,,,,,,,,43,hitl
124,2026-03-27 13:00,farm_1,farm,1,,777.0,0.0264,,,,,,,,,,,43,hitl
124,2026-03-27 13:00,slaughterhouse_1,slaughterhouse,0,,,,400.0,400.0,,,,,,,,,43,hitl
124,2026-03-27 13:00,wholesaler_1,wholesaler,1,,,,,,20.92,75.0,,,,,,,43,hitl
124,2026-03-27 13:00,retail_1,retail,1,,,,,,,,0.0,29.0,1.0,5.77,16.047,75.0,43,hitl
125,2026-03-27 13:15,supplier_1,supplier,0,770.29,,,,,,,,,,,,,43,hitl
125,2026-03-27 13:15,farm_1,farm,1,,777.0,0.0264,,,,,,,,,,,43,hitl
125,2026-03-27 13:15,slaughterhouse_1,slaughterhouse,0,,,,400.0,400.0,,,,,,,,,43,hitl
125,2026-03-27 13:15,wholesaler_1,wholesaler,1,,,,,,18.11,75.0,,,,,,,43,hitl
125,2026-03-27 13:15,retail_1,retail,1,,,,,,,,9.6,29.0,1.0,6.02,16.047,75.0,43,hitl
126,2026-03-27 13:30,supplier_1,supplier,0,769.57,,,,,,,,,,,,,43,hitl
126,2026-03-27 13:30,farm_1,farm,1,,777.0,0.0264,,,,,,,,,,,43,hitl
126,2026-03-27 13:30,slaughterhouse_1,slaughterhouse,0,,,,400.0,400.0,,,,,,,,,43,hitl
126,2026-03-27 13:30,wholesaler_1,wholesaler,1,,,,,,16.04,75.0,,,,,,,43,hitl
126,2026-03-27 13:30,retail_1,retail,1,,,,,,,,5.24,29.0,0.0,6.27,16.047,75.0,43,hitl
127,2026-03-27 13:45,supplier_1,supplier,0,768.45,,,,,,,,,,,,,43,hitl
127,2026-03-27 13:45,farm_1,farm,1,,777.0,0.0264,,,,,,,,,,,43,hitl
127,2026-03-27 13:45,slaughterhouse_1,slaughterhouse,0,,,,400.0,400.0,,,,,,,,,43,hitl
127,2026-03-27 13:45,wholesaler_1,wholesaler,1,,,,,,14.1,75.0,,,,,,,43,hitl
127,2026-03-27 13:45,retail_1,retail,1,,,,,,,,1.05,29.0,0.0,6.52,16.047,75.0,43,hitl
128,2026-03-27 14:00,supplier_1,supplier,0,767.46,,,,,,,,,,,,,43,hitl
128,2026-03-27 14:00,farm_1,farm,1,,777.0,0.0264,,,,,,,,,,,43,hitl
128,2026-03-27 14:00,slaughterhouse_1,slaughterhouse,0,,,,400.0,376.0,,,,,,,,,43,hitl
128,2026-03-27 14:00,wholesaler_1,wholesaler,1,,,,,,12.47,75.0,,,,,,,43,hitl
128,2026-03-27 14:00,retail_1,retail,1,,,,,,,,0.0,29.0,1.0,6.77,16.047,75.0,43,hitl
129,2026-03-27 14:15,supplier_1,supplier,0,766.4,,,,,,,,,,,,,43,hitl
129,2026-03-27 14:15,farm_1,farm,1,,777.0,0.0264,,,,,,,,,,,43,hitl
129,2026-03-27 14:15,slaughterhouse_1,slaughterhouse,0,,,,400.0,387.18,,,,,,,,,43,hitl
129,2026-03-27 14:15,wholesaler_1,wholesaler,1,,,,,,33.91,75.0,,,,,,,43,hitl
129,2026-03-27 14:15,retail_1,retail,1,,,,,,,,0.0,29.0,1.0,7.02,16.047,75.0,43,hitl
130,2026-03-27 14:30,supplier_1,supplier,0,765.46,,,,,,,,,,,,,43,hitl
130,2026-03-27 14:30,farm_1,farm,1,,777.0,0.0264,,,,,,,,,,,43,hitl
130,2026-03-27 14:30,slaughterhouse_1,slaughterhouse,0,,,,400.0,398.79,,,,,,,,,43,hitl
130,2026-03-27 14:30,wholesaler_1,wholesaler,1,,,,,,32.07,75.0,,,,,,,43,hitl
130,2026-03-27 14:30,retail_1,retail,1,,,,,,,,0.0,29.0,1.0,7.27,16.047,75.0,43,hitl
131,2026-03-27 14:45,supplier_1,supplier,0,764.27,,,,,,,,,,,,,43,hitl
131,2026-03-27 14:45,farm_1,farm,1,,777.0,0.0264,,,,,,,,,,,43,hitl
131,2026-03-27 14:45,slaughterhouse_1,slaughterhouse,0,,,,400.0,400.0,,,,,,,,,43,hitl
131,2026-03-27 14:45,wholesaler_1,wholesaler,1,,,,,,29.33,75.0,,,,,,,43,hitl
131,2026-03-27 14:45,retail_1,retail,1,,,,,,,,0.0,29.0,1.0,7.52,16.047,75.0,43,hitl
132,2026-03-27 15:00,supplier_1,supplier,0,763.33,,,,,,,,,,,,,43,hitl
132,2026-03-27 15:00,farm_1,farm,1,,777.0,0.0264,,,,,,,,,,,43,hitl
132,2026-03-27 15:00,slaughterhouse_1,slaughterhouse,0,,,,400.0,400.0,,,,,,,,,43,hitl
132,2026-03-27 15:00,wholesaler_1,wholesaler,1,,,,,,27.02,75.0,,,,,,,43,hitl
132,2026-03-27 15:00,retail_1,retail,1,,,,,,,,0.0,29.0,1.0,7.77,16.047,75.0,43,hitl
133,2026-03-27 15:15,supplier_1,supplier,0,762.37,,,,,,,,,,,,,43,hitl
133,2026-03-27 15:15,farm_1,farm,1,,777.0,0.0264,,,,,,,,,,,43,hitl
133,2026-03-27 15:15,slaughterhouse_1,slaughterhouse,0,,,,400.0,400.0,,,,,,,,,43,hitl
133,2026-03-27 15:15,wholesaler_1,wholesaler,1,,,,,,25.16,75.0,,,,,,,43,hitl
133,2026-03-27 15:15,retail_1,retail,1,,,,,,,,0.0,29.0,1.0,8.02,16.047,75.0,43,hitl
134,2026-03-27 15:30,supplier_1,supplier,0,761.2,,,,,,,,,,,,,43,hitl
134,2026-03-27 15:30,farm_1,farm,1,,777.0,0.0264,,,,,,,,,,,43,hitl
134,2026-03-27 15:30,slaughterhouse_1,slaughterhouse,0,,,,400.0,400.0,,,,,,,,,43,hitl
134,2026-03-27 15:30,wholesaler_1,wholesaler,1,,,,,,22.47,75.0,,,,,,,43,hitl
134,2026-03-27 15:30,retail_1,retail,1,,,,,,,,0.0,29.0,1.0,8.27,16.047,75.0,43,hitl
135,2026-03-27 15:45,supplier_1,supplier,0,760.59,,,,,,,,,,,,,43,hitl
135,2026-03-27 15:45,farm_1,farm,1,,777.0,0.0264,,,,,,,,,,,43,hitl
135,2026-03-27 15:45,slaughterhouse_1,slaughterhouse,0,,,,400.0,400.0,,,,,,,,,43,hitl
135,2026-03-27 15:45,wholesaler_1,wholesaler,1,,,,,,20.9,75.0,,,,,,,43,hitl
135,2026-03-27 15:45,retail_1,retail,1,,,,,,,,0.0,29.0,1.0,8.52,16.047,75.0,43,hitl
136,2026-03-27 16:00,supplier_1,supplier,0,760.0,,,,,,,,,,,,,43,hitl
136,2026-03-27 16:00,farm_1,farm,1,,777.0,0.0264,,,,,,,,,,,43,hitl
136,2026-03-27 16:00,slaughterhouse_1,slaughterhouse,0,,,,400.0,376.0,,,,,,,,,43,hitl
136,2026-03-27 16:00,wholesaler_1,wholesaler,1,,,,,,19.35,75.0,,,,,,,43,hitl
136,2026-03-27 16:00,retail_1,retail,1,,,,,,,,0.0,29.0,1.0,8.77,16.047,75.0,43,hitl
137,2026-03-27 16:15,supplier_1,supplier,0,759.43,,,,,,,,,,,,,43,hitl
137,2026-03-27 16:15,farm_1,farm,1,,777.0,0.0264,,,,,,,,,,,43,hitl
137,2026-03-27 16:15,slaughterhouse_1,slaughterhouse,0,,,,400.0,386.72,,,,,,,,,43,hitl
137,2026-03-27 16:15,wholesaler_1,wholesaler,1,,,,,,41.14,75.0,,,,,,,43,hitl
137,2026-03-27 16:15,retail_1,retail,1,,,,,,,,0.0,29.0,1.0,9.02,16.047,75.0,43,hitl
138,2026-03-27 16:30,supplier_1,supplier,0,758.68,,,,,,,,,,,,,43,hitl
138,2026-03-27 16:30,farm_1,farm,1,,777.0,0.0264,,,,,,,,,,,43,hitl
138,2026-03-27 16:30,slaughterhouse_1,slaughterhouse,0,,,,400.0,396.98,,,,,,,,,43,hitl
138,2026-03-27 16:30,wholesaler_1,wholesaler,1,,,,,,39.62,75.0,,,,,,,43,hitl
138,2026-03-27 16:30,retail_1,retail,1,,,,,,,,0.0,29.0,1.0,9.27,16.047,75.0,43,hitl
139,2026-03-27 16:45,supplier_1,supplier,0,757.28,,,,,,,,,,,,,43,hitl
139,2026-03-27 16:45,farm_1,farm,1,,777.0,0.0264,,,,,,,,,,,43,hitl
139,2026-03-27 16:45,slaughterhouse_1,slaughterhouse,0,,,,400.0,400.0,,,,,,,,,43,hitl
139,2026-03-27 16:45,wholesaler_1,wholesaler,1,,,,,,37.75,75.0,,,,,,,43,hitl
139,2026-03-27 16:45,retail_1,retail,1,,,,,,,,0.0,29.0,1.0,9.52,16.047,75.0,43,hitl
140,2026-03-27 17:00,supplier_1,supplier,0,756.45,,,,,,,,,,,,,43,hitl
140,2026-03-27 17:00,farm_1,farm,1,,777.0,0.0264,,,,,,,,,,,43,hitl
140,2026-03-27 17:00,slaughterhouse_1,slaughterhouse,0,,,,400.0,400.0,,,,,,,,,43,hitl
140,2026-03-27 17:00,wholesaler_1,wholesaler,1,,,,,,25.84,75.0,,,,,,,43,hitl
140,2026-03-27 17:00,retail_1,retail,1,,,,,,,,0.0,29.0,1.0,9.77,16.047,75.0,43,hitl
141,2026-03-27 17:15,supplier_1,supplier,0,755.22,,,,,,,,,,,,,43,hitl
141,2026-03-27 17:15,farm_1,farm,1,,777.0,0.0264,,,,,,,,,,,43,hitl
141,2026-03-27 17:15,slaughterhouse_1,slaughterhouse,0,,,,400.0,400.0,,,,,,,,,43,hitl
141,2026-03-27 17:15,wholesaler_1,wholesaler,1,,,,,,23.62,75.0,,,,,,,43,hitl
141,2026-03-27 17:15,retail_1,retail,1,,,,,,,,9.6,29.0,1.0,10.02,16.047,75.0,43,hitl
142,2026-03-27 17:30,supplier_1,supplier,0,753.94,,,,,,,,,,,,,43,hitl
142,2026-03-27 17:30,farm_1,farm,1,,777.0,0.0264,,,,,,,,,,,43,hitl
142,2026-03-27 17:30,slaughterhouse_1,slaughterhouse,0,,,,400.0,400.0,,,,,,,,,43,hitl
142,2026-03-27 17:30,wholesaler_1,wholesaler,1,,,,,,22.05,75.0,,,,,,,43,hitl
142,2026-03-27 17:30,retail_1,retail,1,,,,,,,,5.25,29.0,0.0,10.27,16.047,75.0,43,hitl
143,2026-03-27 17:45,supplier_1,supplier,0,752.57,,,,,,,,,,,,,43,hitl
143,2026-03-27 17:45,farm_1,farm,1,,777.0,0.0264,,,,,,,,,,,43,hitl
143,2026-03-27 17:45,slaughterhouse_1,slaughterhouse,0,,,,400.0,400.0,,,,,,,,,43,hitl
143,2026-03-27 17:45,wholesaler_1,wholesaler,1,,,,,,19.88,75.0,,,,,,,43,hitl
143,2026-03-27 17:45,retail_1,retail,1,,,,,,,,0.82,29.0,0.0,10.52,16.047,75.0,43,hitl
144,2026-03-27 18:00,supplier_1,supplier,0,751.07,,,,,,,,,,,,,43,hitl
144,2026-03-27 18:00,farm_1,farm,0,,777.0,0.0264,,,,,,,,,,,43,hitl
144,2026-03-27 18:00,slaughterhouse_1,slaughterhouse,0,,,,400.0,376.0,,,,,,,,,43,hitl
144,2026-03-27 18:00,wholesaler_1,wholesaler,1,,,,,,17.88,75.0,,,,,,,43,hitl
144,2026-03-27 18:00,retail_1,retail,1,,,,,,,,0.0,29.0,1.0,10.77,16.047,85.0,43,hitl
145,2026-03-27 18:15,supplier_1,supplier,0,749.84,,,,,,,,,,,,,43,hitl
145,2026-03-27 18:15,farm_1,farm,0,,777.0,0.0264,,,,,,,,,,,43,hitl
145,2026-03-27 18:15,slaughterhouse_1,slaughterhouse,0,,,,400.0,386.29,,,,,,,,,43,hitl
145,2026-03-27 18:15,wholesaler_1,wholesaler,1,,,,,,39.68,75.0,,,,,,,43,hitl
145,2026-03-27 18:15,retail_1,retail,1,,,,,,,,0.0,29.0,1.0,11.02,16.047,85.0,43,hitl
146,2026-03-27 18:30,supplier_1,supplier,0,749.14,,,,,,,,,,,,,43,hitl
146,2026-03-27 18:30,farm_1,farm,0,,777.0,0.0264,,,,,,,,,,,43,hitl
146,2026-03-27 18:30,slaughterhouse_1,slaughterhouse,0,,,,400.0,397.4,,,,,,,,,43,hitl
146,2026-03-27 18:30,wholesaler_1,wholesaler,1,,,,,,37.01,75.0,,,,,,,43,hitl
146,2026-03-27 18:30,retail_1,retail,1,,,,,,,,0.0,29.0,1.0,11.27,16.047,85.0,43,hitl
147,2026-03-27 18:45,supplier_1,supplier,0,748.33,,,,,,,,,,,,,43,hitl
147,2026-03-27 18:45,farm_1,farm,0,,777.0,0.0264,,,,,,,,,,,43,hitl
147,2026-03-27 18:45,slaughterhouse_1,slaughterhouse,0,,,,400.0,400.0,,,,,,,,,43,hitl
147,2026-03-27 18:45,wholesaler_1,wholesaler,1,,,,,,35.44,75.0,,,,,,,43,hitl
147,2026-03-27 18:45,retail_1,retail,1,,,,,,,,0.0,29.0,1.0,11.52,16.047,85.0,43,hitl
148,2026-03-27 19:00,supplier_1,supplier,0,747.31,,,,,,,,,,,,,43,hitl
148,2026-03-27 19:00,farm_1,farm,0,,777.0,0.0264,,,,,,,,,,,43,hitl
148,2026-03-27 19:00,slaughterhouse_1,slaughterhouse,0,,,,400.0,400.0,,,,,,,,,43,hitl
148,2026-03-27 19:00,wholesaler_1,wholesaler,1,,,,,,20.82,75.0,,,,,,,43,hitl
148,2026-03-27 19:00,retail_1,retail,1,,,,,,,,0.0,29.0,1.0,11.77,16.047,85.0,43,hitl
149,2026-03-27 19:15,supplier_1,supplier,0,746.48,,,,,,,,,,,,,43,hitl
149,2026-03-27 19:15,farm_1,farm,0,,777.0,0.0264,,,,,,,,,,,43,hitl
149,2026-03-27 19:15,slaughterhouse_1,slaughterhouse,0,,,,400.0,400.0,,,,,,,,,43,hitl
149,2026-03-27 19:15,wholesaler_1,wholesaler,1,,,,,,18.55,75.0,,,,,,,43,hitl
149,2026-03-27 19:15,retail_1,retail,1,,,,,,,,12.53,29.0,1.0,12.02,16.047,85.0,43,hitl
150,2026-03-27 19:30,supplier_1,supplier,0,745.89,,,,,,,,,,,,,43,hitl
150,2026-03-27 19:30,farm_1,farm,0,,777.0,0.0264,,,,,,,,,,,43,hitl
150,2026-03-27 19:30,slaughterhouse_1,slaughterhouse,0,,,,400.0,400.0,,,,,,,,,43,hitl
150,2026-03-27 19:30,wholesaler_1,wholesaler,1,,,,,,15.91,75.0,,,,,,,43,hitl
150,2026-03-27 19:30,retail_1,retail,1,,,,,,,,8.81,29.0,0.0,12.27,16.047,85.0,43,hitl
151,2026-03-27 19:45,supplier_1,supplier,0,744.53,,,,,,,,,,,,,43,hitl
151,2026-03-27 19:45,farm_1,farm,0,,777.0,0.0264,,,,,,,,,,,43,hitl
151,2026-03-27 19:45,slaughterhouse_1,slaughterhouse,0,,,,400.0,400.0,,,,,,,,,43,hitl
151,2026-03-27 19:45,wholesaler_1,wholesaler,1,,,,,,12.94,75.0,,,,,,,43,hitl
151,2026-03-27 19:45,retail_1,retail,1,,,,,,,,4.6,29.0,0.0,12.52,16.047,85.0,43,hitl
152,2026-03-27 20:00,supplier_1,supplier,0,743.71,,,,,,,,,,,,,43,hitl
152,2026-03-27 20:00,farm_1,farm,0,,777.0,0.0264,,,,,,,,,,,43,hitl
152,2026-03-27 20:00,slaughterhouse_1,slaughterhouse,0,,,,400.0,376.0,,,,,,,,,43,hitl
152,2026-03-27 20:00,wholesaler_1,wholesaler,1,,,,,,10.27,75.0,,,,,,,43,hitl
152,2026-03-27 20:00,retail_1,retail,1,,,,,,,,0.93,29.0,0.0,12.77,16.047,85.0,43,hitl
153,2026-03-27 20:15,supplier_1,supplier,0,742.42,,,,,,,,,,,,,43,hitl
153,2026-03-27 20:15,farm_1,farm,0,,777.0,0.0264,,,,,,,,,,,43,hitl
153,2026-03-27 20:15,slaughterhouse_1,slaughterhouse,0,,,,400.0,387.09,,,,,,,,,43,hitl
153,2026-03-27 20:15,wholesaler_1,wholesaler,1,,,,,,31.56,75.0,,,,,,,43,hitl
153,2026-03-27 20:15,retail_1,retail,1,,,,,,,,0.0,29.0,1.0,13.02,16.047,85.0,43,hitl
154,2026-03-27 20:30,supplier_1,supplier,0,741.62,,,,,,,,,,,,,43,hitl
154,2026-03-27 20:30,farm_1,farm,0,,777.0,0.0264,,,,,,,,,,,43,hitl
154,2026-03-27 20:30,slaughterhouse_1,slaughterhouse,0,,,,400.0,397.98,,,,,,,,,43,hitl
154,2026-03-27 20:30,wholesaler_1,wholesaler,1,,,,,,29.14,75.0,,,,,,,43,hitl
154,2026-03-27 20:30,retail_1,retail,1,,,,,,,,0.0,29.0,1.0,13.27,16.047,85.0,43,hitl
155,2026-03-27 20:45,supplier_1,supplier,0,740.4,,,,,,,,,,,,,43,hitl
155,2026-03-27 20:45,farm_1,farm,0,,777.0,0.0264,,,,,,,,,,,43,hitl
155,2026-03-27 20:45,slaughterhouse_1,slaughterhouse,0,,,,400.0,400.0,,,,,,,,,43,hitl
155,2026-03-27 20:45,wholesaler_1,wholesaler,1,,,,,,26.42,75.0,,,,,,,43,hitl
155,2026-03-27 20:45,retail_1,retail,1,,,,,,,,0.0,29.0,1.0,13.52,16.047,85.0,43,hitl
156,2026-03-27 21:00,supplier_1,supplier,0,739.87,,,,,,,,,,,,,43,hitl
156,2026-03-27 21:00,farm_1,farm,0,,777.0,0.0264,,,,,,,,,,,43,hitl
156,2026-03-27 21:00,slaughterhouse_1,slaughterhouse,0,,,,400.0,400.0,,,,,,,,,43,hitl
156,2026-03-27 21:00,wholesaler_1,wholesaler,1,,,,,,24.81,75.0,,,,,,,43,hitl
156,2026-03-27 21:00,retail_1,retail,1,,,,,,,,0.0,29.0,1.0,13.77,16.047,85.0,43,hitl
157,2026-03-27 21:15,supplier_1,supplier,0,738.48,,,,,,,,,,,,,43,hitl
157,2026-03-27 21:15,farm_1,farm,0,,777.0,0.0264,,,,,,,,,,,43,hitl
157,2026-03-27 21:15,slaughterhouse_1,slaughterhouse,0,,,,400.0,400.0,,,,,,,,,43,hitl
157,2026-03-27 21:15,wholesaler_1,wholesaler,1,,,,,,22.33,75.0,,,,,,,43,hitl
157,2026-03-27 21:15,retail_1,retail,1,,,,,,,,0.0,29.0,1.0,14.02,16.047,85.0,43,hitl
158,2026-03-27 21:30,supplier_1,supplier,0,737.07,,,,,,,,,,,,,43,hitl
158,2026-03-27 21:30,farm_1,farm,0,,777.0,0.0264,,,,,,,,,,,43,hitl
158,2026-03-27 21:30,slaughterhouse_1,slaughterhouse,0,,,,400.0,400.0,,,,,,,,,43,hitl
158,2026-03-27 21:30,wholesaler_1,wholesaler,1,,,,,,19.68,75.0,,,,,,,43,hitl
158,2026-03-27 21:30,retail_1,retail,1,,,,,,,,0.0,29.0,1.0,14.27,16.047,85.0,43,hitl
159,2026-03-27 21:45,supplier_1,supplier,0,736.5,,,,,,,,,,,,,43,hitl
159,2026-03-27 21:45,farm_1,farm,0,,777.0,0.0264,,,,,,,,,,,43,hitl
159,2026-03-27 21:45,slaughterhouse_1,slaughterhouse,0,,,,400.0,400.0,,,,,,,,,43,hitl
159,2026-03-27 21:45,wholesaler_1,wholesaler,1,,,,,,17.26,75.0,,,,,,,43,hitl
159,2026-03-27 21:45,retail_1,retail,1,,,,,,,,0.0,29.0,1.0,14.52,16.047,85.0,43,hitl
160,2026-03-27 22:00,supplier_1,supplier,0,735.99,,,,,,,,,,,,,43,hitl
160,2026-03-27 22:00,farm_1,farm,0,,777.0,0.0264,,,,,,,,,,,43,hitl
160,2026-03-27 22:00,slaughterhouse_1,slaughterhouse,0,,,,400.0,376.0,,,,,,,,,43,hitl
160,2026-03-27 22:00,wholesaler_1,wholesaler,1,,,,,,15.63,75.0,,,,,,,43,hitl
160,2026-03-27 22:00,retail_1,retail,1,,,,,,,,0.0,29.0,1.0,14.77,16.047,85.0,43,hitl
161,2026-03-27 22:15,supplier_1,supplier,0,734.65,,,,,,,,,,,,,43,hitl
161,2026-03-27 22:15,farm_1,farm,0,,777.0,0.0264,,,,,,,,,,,43,hitl
161,2026-03-27 22:15,slaughterhouse_1,slaughterhouse,0,,,,400.0,387.73,,,,,,,,,43,hitl
161,2026-03-27 22:15,wholesaler_1,wholesaler,1,,,,,,37.97,75.0,,,,,,,43,hitl
161,2026-03-27 22:15,retail_1,retail,1,,,,,,,,0.0,29.0,1.0,15.02,16.047,85.0,43,hitl
162,2026-03-27 22:30,supplier_1,supplier,0,733.63,,,,,,,,,,,,,43,hitl
162,2026-03-27 22:30,farm_1,farm,0,,777.0,0.0264,,,,,,,,,,,43,hitl
162,2026-03-27 22:30,slaughterhouse_1,slaughterhouse,0,,,,400.0,399.6,,,,,,,,,43,hitl
162,2026-03-27 22:30,wholesaler_1,wholesaler,1,,,,,,35.45,75.0,,,,,,,43,hitl
162,2026-03-27 22:30,retail_1,retail,1,,,,,,,,0.0,29.0,1.0,15.27,16.047,85.0,43,hitl
163,2026-03-27 22:45,supplier_1,supplier,0,732.53,,,,,,,,,,,,,43,hitl
163,2026-03-27 22:45,farm_1,farm,0,,777.0,0.0264,,,,,,,,,,,43,hitl
163,2026-03-27 22:45,slaughterhouse_1,slaughterhouse,0,,,,400.0,400.0,,,,,,,,,43,hitl
163,2026-03-27 22:45,wholesaler_1,wholesaler,1,,,,,,33.43,75.0,,,,,,,43,hitl
163,2026-03-27 22:45,retail_1,retail,1,,,,,,,,0.0,29.0,1.0,15.52,16.047,85.0,43,hitl
164,2026-03-27 23:00,supplier_1,supplier,0,731.25,,,,,,,,,,,,,43,hitl
164,2026-03-27 23:00,farm_1,farm,0,,777.0,0.0264,,,,,,,,,,,43,hitl
164,2026-03-27 23:00,slaughterhouse_1,slaughterhouse,0,,,,400.0,400.0,,,,,,,,,43,hitl
164,2026-03-27 23:00,wholesaler_1,wholesaler,1,,,,,,19.14,75.0,,,,,,,43,hitl
164,2026-03-27 23:00,retail_1,retail,1,,,,,,,,0.0,29.0,1.0,15.77,16.047,85.0,43,hitl
165,2026-03-27 23:15,supplier_1,supplier,0,730.05,,,,,,,,,,,,,43,hitl
165,2026-03-27 23:15,farm_1,farm,0,,777.0,0.0264,,,,,,,,,,,43,hitl
165,2026-03-27 23:15,slaughterhouse_1,slaughterhouse,0,,,,400.0,400.0,,,,,,,,,43,hitl
165,2026-03-27 23:15,wholesaler_1,wholesaler,1,,,,,,16.62,75.0,,,,,,,43,hitl
165,2026-03-27 23:15,retail_1,retail,1,,,,,,,,12.53,29.0,1.0,16.02,16.047,85.0,43,hitl
166,2026-03-27 23:30,supplier_1,supplier,0,729.08,,,,,,,,,,,,,43,hitl
166,2026-03-27 23:30,farm_1,farm,0,,777.0,0.0264,,,,,,,,,,,43,hitl
166,2026-03-27 23:30,slaughterhouse_1,slaughterhouse,0,,,,400.0,400.0,,,,,,,,,43,hitl
166,2026-03-27 23:30,wholesaler_1,wholesaler,1,,,,,,14.42,75.0,,,,,,,43,hitl
166,2026-03-27 23:30,retail_1,retail,1,,,,,,,,8.4,29.0,0.0,16.27,16.047,85.0,43,hitl
167,2026-03-27 23:45,supplier_1,supplier,0,727.89,,,,,,,,,,,,,43,hitl
167,2026-03-27 23:45,farm_1,farm,0,,777.0,0.0264,,,,,,,,,,,43,hitl
167,2026-03-27 23:45,slaughterhouse_1,slaughterhouse,0,,,,400.0,400.0,,,,,,,,,43,hitl
167,2026-03-27 23:45,wholesaler_1,wholesaler,1,,,,,,12.11,75.0,,,,,,,43,hitl
167,2026-03-27 23:45,retail_1,retail,1,,,,,,,,4.74,29.0,0.0,16.52,16.047,85.0,43,hitl
168,2026-03-28 00:00,supplier_1,supplier,0,726.77,,,,,,,,,,,,,43,hitl
168,2026-03-28 00:00,farm_1,farm,0,,777.0,0.0264,,,,,,,,,,,43,hitl
168,2026-03-28 00:00,slaughterhouse_1,slaughterhouse,0,,,,400.0,376.0,,,,,,,,,43,hitl
168,2026-03-28 00:00,wholesaler_1,wholesaler,1,,,,,,10.51,75.0,,,,,,,43,hitl
168,2026-03-28 00:00,retail_1,retail,1,,,,,,,,0.34,29.0,0.0,16.77,16.047,85.0,43,hitl
169,2026-03-28 00:15,supplier_1,supplier,0,725.99,,,,,,,,,,,,,43,hitl
169,2026-03-28 00:15,farm_1,farm,0,,777.0,0.0264,,,,,,,,,,,43,hitl
169,2026-03-28 00:15,slaughterhouse_1,slaughterhouse,0,,,,400.0,387.57,,,,,,,,,43,hitl
169,2026-03-28 00:15,wholesaler_1,wholesaler,1,,,,,,32.96,75.0,,,,,,,43,hitl
169,2026-03-28 00:15,retail_1,retail,1,,,,,,,,0.0,29.0,1.0,17.02,16.047,85.0,43,hitl
170,2026-03-28 00:30,supplier_1,supplier,0,724.71,,,,,,,,,,,,,43,hitl
170,2026-03-28 00:30,farm_1,farm,0,,777.0,0.0264,,,,,,,,,,,43,hitl
170,2026-03-28 00:30,slaughterhouse_1,slaughterhouse,0,,,,400.0,397.88,,,,,,,,,43,hitl
170,2026-03-28 00:30,wholesaler_1,wholesaler,1,,,,,,30.65,75.0,,,,,,,43,hitl
170,2026-03-28 00:30,retail_1,retail,1,,,,,,,,0.0,29.0,1.0,17.27,16.047,85.0,43,hitl
171,2026-03-28 00:45,supplier_1,supplier,0,723.6,,,,,,,,,,,,,43,hitl
171,2026-03-28 00:45,farm_1,farm,0,,777.0,0.0264,,,,,,,,,,,43,hitl
171,2026-03-28 00:45,slaughterhouse_1,slaughterhouse,0,,,,400.0,400.0,,,,,,,,,43,hitl
171,2026-03-28 00:45,wholesaler_1,wholesaler,1,,,,,,27.82,75.0,,,,,,,43,hitl
171,2026-03-28 00:45,retail_1,retail,1,,,,,,,,0.0,29.0,1.0,17.52,16.047,85.0,43,hitl
172,2026-03-28 01:00,supplier_1,supplier,0,722.57,,,,,,,,,,,,,43,hitl
172,2026-03-28 01:00,farm_1,farm,0,,777.0,0.0264,,,,,,,,,,,43,hitl
172,2026-03-28 01:00,slaughterhouse_1,slaughterhouse,0,,,,400.0,400.0,,,,,,,,,43,hitl
172,2026-03-28 01:00,wholesaler_1,wholesaler,1,,,,,,26.27,75.0,,,,,,,43,hitl
172,2026-03-28 01:00,retail_1,retail,1,,,,,,,,0.0,29.0,1.0,17.77,16.047,85.0,43,hitl
173,2026-03-28 01:15,supplier_1,supplier,0,721.42,,,,,,,,,,,,,43,hitl
173,2026-03-28 01:15,farm_1,farm,0,,777.0,0.0264,,,,,,,,,,,43,hitl
173,2026-03-28 01:15,slaughterhouse_1,slaughterhouse,0,,,,400.0,400.0,,,,,,,,,43,hitl
173,2026-03-28 01:15,wholesaler_1,wholesaler,1,,,,,,24.18,75.0,,,,,,,43,hitl
173,2026-03-28 01:15,retail_1,retail,1,,,,,,,,0.0,29.0,1.0,18.02,16.047,85.0,43,hitl
174,2026-03-28 01:30,supplier_1,supplier,0,719.98,,,,,,,,,,,,,43,hitl
174,2026-03-28 01:30,farm_1,farm,0,,777.0,0.0264,,,,,,,,,,,43,hitl
174,2026-03-28 01:30,slaughterhouse_1,slaughterhouse,0,,,,400.0,400.0,,,,,,,,,43,hitl
174,2026-03-28 01:30,wholesaler_1,wholesaler,1,,,,,,22.1,75.0,,,,,,,43,hitl
174,2026-03-28 01:30,retail_1,retail,1,,,,,,,,0.0,29.0,1.0,18.27,16.047,85.0,43,hitl
175,2026-03-28 01:45,supplier_1,supplier,0,719.15,,,,,,,,,,,,,43,hitl
175,2026-03-28 01:45,farm_1,farm,0,,777.0,0.0264,,,,,,,,,,,43,hitl
175,2026-03-28 01:45,slaughterhouse_1,slaughterhouse,0,,,,400.0,400.0,,,,,,,,,43,hitl
175,2026-03-28 01:45,wholesaler_1,wholesaler,1,,,,,,19.57,75.0,,,,,,,43,hitl
175,2026-03-28 01:45,retail_1,retail,1,,,,,,,,0.0,29.0,1.0,18.52,16.047,85.0,43,hitl
176,2026-03-28 02:00,supplier_1,supplier,0,717.89,,,,,,,,,,,,,43,hitl
176,2026-03-28 02:00,farm_1,farm,0,,777.0,0.0264,,,,,,,,,,,43,hitl
176,2026-03-28 02:00,slaughterhouse_1,slaughterhouse,0,,,,400.0,376.0,,,,,,,,,43,hitl
176,2026-03-28 02:00,wholesaler_1,wholesaler,1,,,,,,16.73,75.0,,,,,,,43,hitl
176,2026-03-28 02:00,retail_1,retail,1,,,,,,,,0.0,29.0,1.0,18.77,16.047,85.0,43,hitl
177,2026-03-28 02:15,supplier_1,supplier,0,717.03,,,,,,,,,,,,,43,hitl
177,2026-03-28 02:15,farm_1,farm,0,,777.0,0.0264,,,,,,,,,,,43,hitl
177,2026-03-28 02:15,slaughterhouse_1,slaughterhouse,0,,,,400.0,386.69,,,,,,,,,43,hitl
177,2026-03-28 02:15,wholesaler_1,wholesaler,1,,,,,,38.76,75.0,,,,,,,43,hitl
177,2026-03-28 02:15,retail_1,retail,1,,,,,,,,0.0,29.0,1.0,19.02,16.047,85.0,43,hitl
178,2026-03-28 02:30,supplier_1,supplier,0,716.45,,,,,,,,,,,,,43,hitl
178,2026-03-28 02:30,farm_1,farm,0,,777.0,0.0264,,,,,,,,,,,43,hitl
178,2026-03-28 02:30,slaughterhouse_1,slaughterhouse,0,,,,400.0,398.56,,,,,,,,,43,hitl
178,2026-03-28 02:30,wholesaler_1,wholesaler,1,,,,,,36.86,75.0,,,,,,,43,hitl
178,2026-03-28 02:30,retail_1,retail,1,,,,,,,,0.0,29.0,1.0,19.27,16.047,85.0,43,hitl
179,2026-03-28 02:45,supplier_1,supplier,0,715.62,,,,,,,,,,,,,43,hitl
179,2026-03-28 02:45,farm_1,farm,0,,777.0,0.0264,,,,,,,,,,,43,hitl
179,2026-03-28 02:45,slaughterhouse_1,slaughterhouse,0,,,,400.0,400.0,,,,,,,,,43,hitl
179,2026-03-28 02:45,wholesaler_1,wholesaler,1,,,,,,34.71,75.0,,,,,,,43,hitl
179,2026-03-28 02:45,retail_1,retail,1,,,,,,,,0.0,29.0,1.0,19.52,16.047,85.0,43,hitl
180,2026-03-28 03:00,supplier_1,supplier,0,714.56,,,,,,,,,,,,,43,hitl
180,2026-03-28 03:00,farm_1,farm,1,,777.0,0.0264,,,,,,,,,,,43,hitl
180,2026-03-28 03:00,slaughterhouse_1,slaughterhouse,0,,,,400.0,400.0,,,,,,,,,43,hitl
180,2026-03-28 03:00,wholesaler_1,wholesaler,1,,,,,,20.41,75.0,,,,,,,43,hitl
180,2026-03-28 03:00,retail_1,retail,1,,,,,,,,0.0,29.0,1.0,19.77,16.047,85.0,43,hitl
181,2026-03-28 03:15,supplier_1,supplier,0,713.66,,,,,,,,,,,,,43,hitl
181,2026-03-28 03:15,farm_1,farm,1,,777.0,0.0264,,,,,,,,,,,43,hitl
181,2026-03-28 03:15,slaughterhouse_1,slaughterhouse,0,,,,400.0,400.0,,,,,,,,,43,hitl
181,2026-03-28 03:15,wholesaler_1,wholesaler,1,,,,,,18.3,75.0,,,,,,,43,hitl
181,2026-03-28 03:15,retail_1,retail,1,,,,,,,,12.53,29.0,1.0,20.02,16.047,85.0,43,hitl
182,2026-03-28 03:30,supplier_1,supplier,0,712.79,,,,,,,,,,,,,43,hitl
182,2026-03-28 03:30,farm_1,farm,1,,777.0,0.0264,,,,,,,,,,,43,hitl
182,2026-03-28 03:30,slaughterhouse_1,slaughterhouse,0,,,,400.0,400.0,,,,,,,,,43,hitl
182,2026-03-28 03:30,wholesaler_1,wholesaler,1,,,,,,16.46,75.0,,,,,,,43,hitl
182,2026-03-28 03:30,retail_1,retail,1,,,,,,,,8.21,29.0,0.0,20.27,16.047,85.0,43,hitl
183,2026-03-28 03:45,supplier_1,supplier,0,711.71,,,,,,,,,,,,,43,hitl
183,2026-03-28 03:45,farm_1,farm,1,,777.0,0.0264,,,,,,,,,,,43,hitl
183,2026-03-28 03:45,slaughterhouse_1,slaughterhouse,0,,,,400.0,400.0,,,,,,,,,43,hitl
183,2026-03-28 03:45,wholesaler_1,wholesaler,1,,,,,,14.14,75.0,,,,,,,43,hitl
183,2026-03-28 03:45,retail_1,retail,1,,,,,,,,4.65,29.0,0.0,20.52,16.047,85.0,43,hitl
184,2026-03-28 04:00,supplier_1,supplier,0,711.17,,,,,,,,,,,,,43,hitl
184,2026-03-28 04:00,farm_1,farm,1,,777.0,0.0264,,,,,,,,,,,43,hitl
184,2026-03-28 04:00,slaughterhouse_1,slaughterhouse,0,,,,400.0,376.0,,,,,,,,,43,hitl
184,2026-03-28 04:00,wholesaler_1,wholesaler,1,,,,,,12.56,75.0,,,,,,,43,hitl
184,2026-03-28 04:00,retail_1,retail,1,,,,,,,,1.1,29.0,0.0,20.77,16.047,85.0,43,hitl
185,2026-03-28 04:15,supplier_1,supplier,0,710.02,,,,,,,,,,,,,43,hitl
185,2026-03-28 04:15,farm_1,farm,1,,777.0,0.0264,,,,,,,,,,,43,hitl
185,2026-03-28 04:15,slaughterhouse_1,slaughterhouse,0,,,,400.0,387.81,,,,,,,,,43,hitl
185,2026-03-28 04:15,wholesaler_1,wholesaler,1,,,,,,34.26,75.0,,,,,,,43,hitl
185,2026-03-28 04:15,retail_1,retail,1,,,,,,,,0.0,29.0,1.0,21.02,16.047,85.0,43,hitl
186,2026-03-28 04:30,supplier_1,supplier,0,709.46,,,,,,,,,,,,,43,hitl
186,2026-03-28 04:30,farm_1,farm,1,,777.0,0.0264,,,,,,,,,,,43,hitl
186,2026-03-28 04:30,slaughterhouse_1,slaughterhouse,0,,,,400.0,398.07,,,,,,,,,43,hitl
186,2026-03-28 04:30,wholesaler_1,wholesaler,1,,,,,,32.01,75.0,,,,,,,43,hitl
186,2026-03-28 04:30,retail_1,retail,1,,,,,,,,0.0,29.0,1.0,21.27,16.047,85.0,43,hitl
187,2026-03-28 04:45,supplier_1,supplier,0,708.87,,,,,,,,,,,,,43,hitl
187,2026-03-28 04:45,farm_1,farm,1,,777.0,0.0264,,,,,,,,,,,43,hitl
187,2026-03-28 04:45,slaughterhouse_1,slaughterhouse,0,,,,400.0,400.0,,,,,,,,,43,hitl
187,2026-03-28 04:45,wholesaler_1,wholesaler,1,,,,,,30.08,75.0,,,,,,,43,hitl
187,2026-03-28 04:45,retail_1,retail,1,,,,,,,,0.0,29.0,1.0,21.52,16.047,85.0,43,hitl
188,2026-03-28 05:00,supplier_1,supplier,0,708.35,,,,,,,,,,,,,43,hitl
188,2026-03-28 05:00,farm_1,farm,1,,777.0,0.0264,,,,,,,,,,,43,hitl
188,2026-03-28 05:00,slaughterhouse_1,slaughterhouse,0,,,,400.0,400.0,,,,,,,,,43,hitl
188,2026-03-28 05:00,wholesaler_1,wholesaler,1,,,,,,27.19,75.0,,,,,,,43,hitl
188,2026-03-28 05:00,retail_1,retail,1,,,,,,,,0.0,29.0,1.0,21.77,16.047,85.0,43,hitl
189,2026-03-28 05:15,supplier_1,supplier,0,707.48,,,,,,,,,,,,,43,hitl
189,2026-03-28 05:15,farm_1,farm,1,,777.0,0.0264,,,,,,,,,,,43,hitl
189,2026-03-28 05:15,slaughterhouse_1,slaughterhouse,0,,,,400.0,400.0,,,,,,,,,43,hitl
189,2026-03-28 05:15,wholesaler_1,wholesaler,1,,,,,,25.49,75.0,,,,,,,43,hitl
189,2026-03-28 05:15,retail_1,retail,1,,,,,,,,0.0,29.0,1.0,22.02,16.047,85.0,43,hitl
190,2026-03-28 05:30,supplier_1,supplier,0,706.06,,,,,,,,,,,,,43,hitl
190,2026-03-28 05:30,farm_1,farm,1,,777.0,0.0264,,,,,,,,,,,43,hitl
190,2026-03-28 05:30,slaughterhouse_1,slaughterhouse,0,,,,400.0,400.0,,,,,,,,,43,hitl
190,2026-03-28 05:30,wholesaler_1,wholesaler,1,,,,,,23.14,75.0,,,,,,,43,hitl
190,2026-03-28 05:30,retail_1,retail,1,,,,,,,,0.0,29.0,1.0,22.27,16.047,85.0,43,hitl
191,2026-03-28 05:45,supplier_1,supplier,0,704.87,,,,,,,,,,,,,43,hitl
191,2026-03-28 05:45,farm_1,farm,1,,777.0,0.0264,,,,,,,,,,,43,hitl
191,2026-03-28 05:45,slaughterhouse_1,slaughterhouse,0,,,,400.0,400.0,,,,,,,,,43,hitl
191,2026-03-28 05:45,wholesaler_1,wholesaler,1,,,,,,21.03,75.0,,,,,,,43,hitl
191,2026-03-28 05:45,retail_1,retail,1,,,,,,,,0.0,29.0,1.0,22.52,16.047,85.0,43,hitl
192,2026-03-28 06:00,supplier_1,supplier,0,703.57,,,,,,,,,,,,,43,hitl
192,2026-03-28 06:00,farm_1,farm,1,,777.0,0.0264,,,,,,,,,,,43,hitl
192,2026-03-28 06:00,slaughterhouse_1,slaughterhouse,0,,,,400.0,376.0,,,,,,,,,43,hitl
192,2026-03-28 06:00,wholesaler_1,wholesaler,1,,,,,,19.4,75.0,,,,,,,43,hitl
192,2026-03-28 06:00,retail_1,retail,1,,,,,,,,0.0,29.0,1.0,22.77,16.047,85.0,43,hitl
193,2026-03-28 06:15,supplier_1,supplier,0,703.01,,,,,,,,,,,,,43,hitl
193,2026-03-28 06:15,farm_1,farm,1,,777.0,0.0264,,,,,,,,,,,43,hitl
193,2026-03-28 06:15,slaughterhouse_1,slaughterhouse,0,,,,400.0,387.61,,,,,,,,,43,hitl
193,2026-03-28 06:15,wholesaler_1,wholesaler,1,,,,,,40.66,75.0,,,,,,,43,hitl
193,2026-03-28 06:15,retail_1,retail,1,,,,,,,,0.0,29.0,1.0,23.02,16.047,85.0,43,hitl
194,2026-03-28 06:30,supplier_1,supplier,0,701.66,,,,,,,,,,,,,43,hitl
194,2026-03-28 06:30,farm_1,farm,1,,777.0,0.0264,,,,,,,,,,,43,hitl
194,2026-03-28 06:30,slaughterhouse_1,slaughterhouse,0,,,,400.0,399.06,,,,,,,,,43,hitl
194,2026-03-28 06:30,wholesaler_1,wholesaler,1,,,,,,38.04,75.0,,,,,,,43,hitl
194,2026-03-28 06:30,retail_1,retail,1,,,,,,,,0.0,29.0,1.0,23.27,16.047,85.0,43,hitl
195,2026-03-28 06:45,supplier_1,supplier,0,700.26,,,,,,,,,,,,,43,hitl
195,2026-03-28 06:45,farm_1,farm,1,,777.0,0.0264,,,,,,,,,,,43,hitl
195,2026-03-28 06:45,slaughterhouse_1,slaughterhouse,0,,,,400.0,400.0,,,,,,,,,43,hitl
195,2026-03-28 06:45,wholesaler_1,wholesaler,1,,,,,,35.81,75.0,,,,,,,43,hitl
195,2026-03-28 06:45,retail_1,retail,1,,,,,,,,0.0,29.0,1.0,23.52,16.047,85.0,43,hitl
196,2026-03-28 07:00,supplier_1,supplier,0,699.02,,,,,,,,,,,,,43,hitl
196,2026-03-28 07:00,farm_1,farm,1,,777.0,0.0264,,,,,,,,,,,43,hitl
196,2026-03-28 07:00,slaughterhouse_1,slaughterhouse,0,,,,400.0,400.0,,,,,,,,,43,hitl
196,2026-03-28 07:00,wholesaler_1,wholesaler,1,,,,,,23.97,75.0,,,,,,,43,hitl
196,2026-03-28 07:00,retail_1,retail,1,,,,,,,,0.0,29.0,1.0,23.77,16.047,85.0,43,hitl
197,2026-03-28 07:15,supplier_1,supplier,0,698.36,,,,,,,,,,,,,43,hitl
197,2026-03-28 07:15,farm_1,farm,1,,777.0,0.0264,,,,,,,,,,,43,hitl
197,2026-03-28 07:15,slaughterhouse_1,slaughterhouse,0,,,,400.0,400.0,,,,,,,,,43,hitl
197,2026-03-28 07:15,wholesaler_1,wholesaler,1,,,,,,21.06,75.0,,,,,,,43,hitl
197,2026-03-28 07:15,retail_1,retail,1,,,,,,,,10.03,29.0,1.0,24.02,16.047,85.0,43,hitl
198,2026-03-28 07:30,supplier_1,supplier,0,697.29,,,,,,,,,,,,,43,hitl
198,2026-03-28 07:30,farm_1,farm,1,,777.0,0.0264,,,,,,,,,,,43,hitl
198,2026-03-28 07:30,slaughterhouse_1,slaughterhouse,0,,,,400.0,400.0,,,,,,,,,43,hitl
198,2026-03-28 07:30,wholesaler_1,wholesaler,1,,,,,,18.32,75.0,,,,,,,43,hitl
198,2026-03-28 07:30,retail_1,retail,1,,,,,,,,5.86,29.0,0.0,24.27,16.047,85.0,43,hitl
199,2026-03-28 07:45,supplier_1,supplier,0,695.86,,,,,,,,,,,,,43,hitl
199,2026-03-28 07:45,farm_1,farm,1,,777.0,0.0264,,,,,,,,,,,43,hitl
199,2026-03-28 07:45,slaughterhouse_1,slaughterhouse,0,,,,400.0,400.0,,,,,,,,,43,hitl
199,2026-03-28 07:45,wholesaler_1,wholesaler,1,,,,,,16.54,75.0,,,,,,,43,hitl
199,2026-03-28 07:45,retail_1,retail,1,,,,,,,,1.69,29.0,0.0,24.52,16.047,85.0,43,hitl
200,2026-03-28 08:00,supplier_1,supplier,0,694.7,,,,,,,,,,,,,43,hitl
200,2026-03-28 08:00,farm_1,farm,1,,777.0,0.0264,,,,,,,,,,,43,hitl
200,2026-03-28 08:00,slaughterhouse_1,slaughterhouse,0,,,,400.0,376.0,,,,,,,,,43,hitl
200,2026-03-28 08:00,wholesaler_1,wholesaler,1,,,,,,14.24,75.0,,,,,,,43,hitl
200,2026-03-28 08:00,retail_1,retail,1,,,,,,,,0.0,29.0,1.0,24.77,16.047,85.0,43,hitl
201,2026-03-28 08:15,supplier_1,supplier,0,693.66,,,,,,,,,,,,,43,hitl
201,2026-03-28 08:15,farm_1,farm,1,,777.0,0.0264,,,,,,,,,,,43,hitl
201,2026-03-28 08:15,slaughterhouse_1,slaughterhouse,0,,,,400.0,386.44,,,,,,,,,43,hitl
201,2026-03-28 08:15,wholesaler_1,wholesaler,1,,,,,,35.46,75.0,,,,,,,43,hitl
201,2026-03-28 08:15,retail_1,retail,1,,,,,,,,0.0,29.0,1.0,25.02,16.047,85.0,43,hitl
202,2026-03-28 08:30,supplier_1,supplier,0,692.61,,,,,,,,,,,,,43,hitl
202,2026-03-28 08:30,farm_1,farm,1,,777.0,0.0264,,,,,,,,,,,43,hitl
202,2026-03-28 08:30,slaughterhouse_1,slaughterhouse,0,,,,400.0,397.26,,,,,,,,,43,hitl
202,2026-03-28 08:30,wholesaler_1,wholesaler,1,,,,,,32.63,75.0,,,,,,,43,hitl
202,2026-03-28 08:30,retail_1,retail,1,,,,,,,,0.0,29.0,1.0,25.27,16.047,85.0,43,hitl
203,2026-03-28 08:45,supplier_1,supplier,0,691.18,,,,,,,,,,,,,43,hitl
203,2026-03-28 08:45,farm_1,farm,1,,777.0,0.0264,,,,,,,,,,,43,hitl
203,2026-03-28 08:45,slaughterhouse_1,slaughterhouse,0,,,,400.0,400.0,,,,,,,,,43,hitl
203,2026-03-28 08:45,wholesaler_1,wholesaler,1,,,,,,30.84,75.0,,,,,,,43,hitl
203,2026-03-28 08:45,retail_1,retail,1,,,,,,,,0.0,29.0,1.0,25.52,16.047,85.0,43,hitl
204,2026-03-28 09:00,supplier_1,supplier,0,689.93,,,,,,,,,,,,,43,hitl
204,2026-03-28 09:00,farm_1,farm,1,,777.0,0.0264,,,,,,,,,,,43,hitl
204,2026-03-28 09:00,slaughterhouse_1,slaughterhouse,0,,,,400.0,400.0,,,,,,,,,43,hitl
204,2026-03-28 09:00,wholesaler_1,wholesaler,1,,,,,,28.64,75.0,,,,,,,43,hitl
204,2026-03-28 09:00,retail_1,retail,1,,,,,,,,0.0,29.0,1.0,25.77,16.047,85.0,43,hitl
205,2026-03-28 09:15,supplier_1,supplier,0,688.92,,,,,,,,,,,,,43,hitl
205,2026-03-28 09:15,farm_1,farm,1,,777.0,0.0264,,,,,,,,,,,43,hitl
205,2026-03-28 09:15,slaughterhouse_1,slaughterhouse,0,,,,400.0,400.0,,,,,,,,,43,hitl
205,2026-03-28 09:15,wholesaler_1,wholesaler,1,,,,,,25.87,75.0,,,,,,,43,hitl
205,2026-03-28 09:15,retail_1,retail,1,,,,,,,,0.0,29.0,1.0,26.02,16.047,85.0,43,hitl
206,2026-03-28 09:30,supplier_1,supplier,0,687.82,,,,,,,,,,,,,43,hitl
206,2026-03-28 09:30,farm_1,farm,1,,777.0,0.0264,,,,,,,,,,,43,hitl
206,2026-03-28 09:30,slaughterhouse_1,slaughterhouse,0,,,,400.0,400.0,,,,,,,,,43,hitl
206,2026-03-28 09:30,wholesaler_1,wholesaler,1,,,,,,23.16,75.0,,,,,,,43,hitl
206,2026-03-28 09:30,retail_1,retail,1,,,,,,,,0.0,29.0,1.0,26.27,16.047,85.0,43,hitl
207,2026-03-28 09:45,supplier_1,supplier,0,687.11,,,,,,,,,,,,,43,hitl
207,2026-03-28 09:45,farm_1,farm,1,,777.0,0.0264,,,,,,,,,,,43,hitl
207,2026-03-28 09:45,slaughterhouse_1,slaughterhouse,0,,,,400.0,400.0,,,,,,,,,43,hitl
207,2026-03-28 09:45,wholesaler_1,wholesaler,1,,,,,,21.23,75.0,,,,,,,43,hitl
207,2026-03-28 09:45,retail_1,retail,1,,,,,,,,0.0,29.0,1.0,26.52,16.047,85.0,43,hitl
208,2026-03-28 10:00,supplier_1,supplier,0,686.08,,,,,,,,,,,,,43,hitl
208,2026-03-28 10:00,farm_1,farm,1,,777.0,0.0264,,,,,,,,,,,43,hitl
208,2026-03-28 10:00,slaughterhouse_1,slaughterhouse,0,,,,400.0,376.0,,,,,,,,,43,hitl
208,2026-03-28 10:00,wholesaler_1,wholesaler,0,,,,,,149.1,16.0,,,,,,,43,hitl
208,2026-03-28 10:00,retail_1,retail,1,,,,,,,,0.0,29.0,1.0,26.77,16.047,85.0,43,hitl
209,2026-03-28 10:15,supplier_1,supplier,0,685.47,,,,,,,,,,,,,43,hitl
209,2026-03-28 10:15,farm_1,farm,1,,777.0,0.0264,,,,,,,,,,,43,hitl
209,2026-03-28 10:15,slaughterhouse_1,slaughterhouse,0,,,,400.0,387.8,,,,,,,,,43,hitl
209,2026-03-28 10:15,wholesaler_1,wholesaler,0,,,,,,170.11,16.0,,,,,,,43,hitl
209,2026-03-28 10:15,retail_1,retail,1,,,,,,,,10.03,29.0,1.0,27.02,16.047,85.0,43,hitl
210,2026-03-28 10:30,supplier_1,supplier,0,684.92,,,,,,,,,,,,,43,hitl
210,2026-03-28 10:30,farm_1,farm,1,,777.0,0.0264,,,,,,,,,,,43,hitl
210,2026-03-28 10:30,slaughterhouse_1,slaughterhouse,0,,,,400.0,398.46,,,,,,,,,43,hitl
210,2026-03-28 10:30,wholesaler_1,wholesaler,0,,,,,,167.87,16.0,,,,,,,43,hitl
210,2026-03-28 10:30,retail_1,retail,1,,,,,,,,5.7,29.0,0.0,27.27,16.047,85.0,43,hitl
211,2026-03-28 10:45,supplier_1,supplier,0,683.66,,,,,,,,,,,,,43,hitl
211,2026-03-28 10:45,farm_1,farm,1,,777.0,0.0264,,,,,,,,,,,43,hitl
211,2026-03-28 10:45,slaughterhouse_1,slaughterhouse,0,,,,400.0,400.0,,,,,,,,,43,hitl
211,2026-03-28 10:45,wholesaler_1,wholesaler,0,,,,,,165.22,16.0,,,,,,,43,hitl
211,2026-03-28 10:45,retail_1,retail,1,,,,,,,,1.22,29.0,0.0,27.52,16.047,85.0,43,hitl
212,2026-03-28 11:00,supplier_1,supplier,0,682.93,,,,,,,,,,,,,43,hitl
212,2026-03-28 11:00,farm_1,farm,1,,777.0,0.0264,,,,,,,,,,,43,hitl
212,2026-03-28 11:00,slaughterhouse_1,slaughterhouse,0,,,,400.0,400.0,,,,,,,,,43,hitl
212,2026-03-28 11:00,wholesaler_1,wholesaler,0,,,,,,152.5,16.0,,,,,,,43,hitl
212,2026-03-28 11:00,retail_1,retail,1,,,,,,,,0.0,29.0,1.0,27.77,16.047,85.0,43,hitl
213,2026-03-28 11:15,supplier_1,supplier,0,682.01,,,,,,,,,,,,,43,hitl
213,2026-03-28 11:15,farm_1,farm,1,,777.0,0.0264,,,,,,,,,,,43,hitl
213,2026-03-28 11:15,slaughterhouse_1,slaughterhouse,0,,,,400.0,400.0,,,,,,,,,43,hitl
213,2026-03-28 11:15,wholesaler_1,wholesaler,0,,,,,,149.52,16.0,,,,,,,43,hitl
213,2026-03-28 11:15,retail_1,retail,1,,,,,,,,10.03,29.0,1.0,28.02,16.047,85.0,43,hitl
214,2026-03-28 11:30,supplier_1,supplier,0,680.61,,,,,,,,,,,,,43,hitl
214,2026-03-28 11:30,farm_1,farm,1,,777.0,0.0264,,,,,,,,,,,43,hitl
214,2026-03-28 11:30,slaughterhouse_1,slaughterhouse,0,,,,400.0,400.0,,,,,,,,,43,hitl
214,2026-03-28 11:30,wholesaler_1,wholesaler,0,,,,,,147.9,16.0,,,,,,,43,hitl
214,2026-03-28 11:30,retail_1,retail,1,,,,,,,,5.64,29.0,0.0,28.27,16.047,85.0,43,hitl
215,2026-03-28 11:45,supplier_1,supplier,0,679.95,,,,,,,,,,,,,43,hitl
215,2026-03-28 11:45,farm_1,farm,1,,777.0,0.0264,,,,,,,,,,,43,hitl
215,2026-03-28 11:45,slaughterhouse_1,slaughterhouse,0,,,,400.0,400.0,,,,,,,,,43,hitl
215,2026-03-28 11:45,wholesaler_1,wholesaler,0,,,,,,145.91,16.0,,,,,,,43,hitl
215,2026-03-28 11:45,retail_1,retail,1,,,,,,,,1.64,29.0,0.0,28.52,16.047,85.0,43,hitl
216,2026-03-28 12:00,supplier_1,supplier,0,678.99,,,,,,,,,,,,,43,hitl
216,2026-03-28 12:00,farm_1,farm,0,,777.0,0.0264,,,,,,,,,,,43,hitl
216,2026-03-28 12:00,slaughterhouse_1,slaughterhouse,0,,,,400.0,376.0,,,,,,,,,43,hitl
216,2026-03-28 12:00,wholesaler_1,wholesaler,0,,,,,,133.52,16.0,,,,,,,43,hitl
216,2026-03-28 12:00,retail_1,retail,1,,,,,,,,0.0,29.0,1.0,28.77,16.047,95.0,43,hitl
217,2026-03-28 12:15,supplier_1,supplier,0,678.43,,,,,,,,,,,,,43,hitl
217,2026-03-28 12:15,farm_1,farm,0,,777.0,0.0264,,,,,,,,,,,43,hitl
217,2026-03-28 12:15,slaughterhouse_1,slaughterhouse,0,,,,400.0,387.27,,,,,,,,,43,hitl
217,2026-03-28 12:15,wholesaler_1,wholesaler,0,,,,,,155.03,16.0,,,,,,,43,hitl
217,2026-03-28 12:15,retail_1,retail,1,,,,,,,,10.03,29.0,1.0,29.02,16.047,95.0,43,hitl
218,2026-03-28 12:30,supplier_1,supplier,0,677.19,,,,,,,,,,,,,43,hitl
218,2026-03-28 12:30,farm_1,farm,0,,777.0,0.0264,,,,,,,,,,,43,hitl
218,2026-03-28 12:30,slaughterhouse_1,slaughterhouse,0,,,,400.0,398.96,,,,,,,,,43,hitl
218,2026-03-28 12:30,wholesaler_1,wholesaler,0,,,,,,152.42,16.0,,,,,,,43,hitl
218,2026-03-28 12:30,retail_1,retail,1,,,,,,,,5.93,29.0,0.0,29.27,16.047,95.0,43,hitl
219,2026-03-28 12:45,supplier_1,supplier,0,676.66,,,,,,,,,,,,,43,hitl
219,2026-03-28 12:45,farm_1,farm,0,,777.0,0.0264,,,,,,,,,,,43,hitl
219,2026-03-28 12:45,slaughterhouse_1,slaughterhouse,0,,,,400.0,400.0,,,,,,,,,43,hitl
219,2026-03-28 12:45,wholesaler_1,wholesaler,0,,,,,,149.42,16.0,,,,,,,43,hitl
219,2026-03-28 12:45,retail_1,retail,1,,,,,,,,1.77,29.0,0.0,29.52,16.047,95.0,43,hitl
220,2026-03-28 13:00,supplier_1,supplier,0,675.95,,,,,,,,,,,,,43,hitl
220,2026-03-28 13:00,farm_1,farm,0,,777.0,0.0264,,,,,,,,,,,43,hitl
220,2026-03-28 13:00,slaughterhouse_1,slaughterhouse,0,,,,400.0,400.0,,,,,,,,,43,hitl
220,2026-03-28 13:00,wholesaler_1,wholesaler,0,,,,,,133.81,16.0,,,,,,,43,hitl
220,2026-03-28 13:00,retail_1,retail,1,,,,,,,,0.0,29.0,1.0,29.77,16.047,95.0,43,hitl
221,2026-03-28 13:15,supplier_1,supplier,0,674.58,,,,,,,,,,,,,43,hitl
221,2026-03-28 13:15,farm_1,farm,0,,777.0,0.0264,,,,,,,,,,,43,hitl
221,2026-03-28 13:15,slaughterhouse_1,slaughterhouse,0,,,,400.0,400.0,,,,,,,,,43,hitl
221,2026-03-28 13:15,wholesaler_1,wholesaler,0,,,,,,130.92,16.0,,,,,,,43,hitl
221,2026-03-28 13:15,retail_1,retail,1,,,,,,,,13.07,29.0,1.0,30.02,16.047,95.0,43,hitl
222,2026-03-28 13:30,supplier_1,supplier,0,673.26,,,,,,,,,,,,,43,hitl
222,2026-03-28 13:30,farm_1,farm,0,,777.0,0.0264,,,,,,,,,,,43,hitl
222,2026-03-28 13:30,slaughterhouse_1,slaughterhouse,0,,,,400.0,400.0,,,,,,,,,43,hitl
222,2026-03-28 13:30,wholesaler_1,wholesaler,0,,,,,,128.54,16.0,,,,,,,43,hitl
222,2026-03-28 13:30,retail_1,retail,1,,,,,,,,9.2,29.0,0.0,30.27,16.047,95.0,43,hitl
223,2026-03-28 13:45,supplier_1,supplier,0,672.23,,,,,,,,,,,,,43,hitl
223,2026-03-28 13:45,farm_1,farm,0,,777.0,0.0264,,,,,,,,,,,43,hitl
223,2026-03-28 13:45,slaughterhouse_1,slaughterhouse,0,,,,400.0,400.0,,,,,,,,,43,hitl
223,2026-03-28 13:45,wholesaler_1,wholesaler,0,,,,,,126.53,16.0,,,,,,,43,hitl
223,2026-03-28 13:45,retail_1,retail,1,,,,,,,,5.15,29.0,0.0,30.52,16.047,95.0,43,hitl
224,2026-03-28 14:00,supplier_1,supplier,0,671.32,,,,,,,,,,,,,43,hitl
224,2026-03-28 14:00,farm_1,farm,0,,777.0,0.0264,,,,,,,,,,,43,hitl
224,2026-03-28 14:00,slaughterhouse_1,slaughterhouse,0,,,,400.0,376.0,,,,,,,,,43,hitl
224,2026-03-28 14:00,wholesaler_1,wholesaler,0,,,,,,111.06,16.0,,,,,,,43,hitl
224,2026-03-28 14:00,retail_1,retail,1,,,,,,,,0.77,29.0,0.0,30.77,16.047,95.0,43,hitl
225,2026-03-28 14:15,supplier_1,supplier,0,670.33,,,,,,,,,,,,,43,hitl
225,2026-03-28 14:15,farm_1,farm,0,,777.0,0.0264,,,,,,,,,,,43,hitl
225,2026-03-28 14:15,slaughterhouse_1,slaughterhouse,0,,,,400.0,386.41,,,,,,,,,43,hitl
225,2026-03-28 14:15,wholesaler_1,wholesaler,0,,,,,,132.18,16.0,,,,,,,43,hitl
225,2026-03-28 14:15,retail_1,retail,1,,,,,,,,13.07,29.0,1.0,31.02,16.047,95.0,43,hitl
226,2026-03-28 14:30,supplier_1,supplier,0,669.02,,,,,,,,,,,,,43,hitl
226,2026-03-28 14:30,farm_1,farm,0,,777.0,0.0264,,,,,,,,,,,43,hitl
226,2026-03-28 14:30,slaughterhouse_1,slaughterhouse,0,,,,400.0,397.35,,,,,,,,,43,hitl
226,2026-03-28 14:30,wholesaler_1,wholesaler,0,,,,,,129.87,16.0,,,,,,,43,hitl
226,2026-03-28 14:30,retail_1,retail,1,,,,,,,,8.93,29.0,0.0,31.27,16.047,95.0,43,hitl
227,2026-03-28 14:45,supplier_1,supplier,0,667.81,,,,,,,,,,,,,43,hitl
227,2026-03-28 14:45,farm_1,farm,0,,777.0,0.0264,,,,,,,,,,,43,hitl
227,2026-03-28 14:45,slaughterhouse_1,slaughterhouse,0,,,,400.0,400.0,,,,,,,,,43,hitl
227,2026-03-28 14:45,wholesaler_1,wholesaler,0,,,,,,127.19,16.0,,,,,,,43,hitl
227,2026-03-28 14:45,retail_1,retail,1,,,,,,,,5.35,29.0,0.0,31.52,16.047,95.0,43,hitl
228,2026-03-28 15:00,supplier_1,supplier,0,666.37,,,,,,,,,,,,,43,hitl
228,2026-03-28 15:00,farm_1,farm,0,,777.0,0.0264,,,,,,,,,,,43,hitl
228,2026-03-28 15:00,slaughterhouse_1,slaughterhouse,0,,,,400.0,400.0,,,,,,,,,43,hitl
228,2026-03-28 15:00,wholesaler_1,wholesaler,0,,,,,,111.44,16.0,,,,,,,43,hitl
228,2026-03-28 15:00,retail_1,retail,1,,,,,,,,1.37,29.0,0.0,31.77,16.047,95.0,43,hitl
229,2026-03-28 15:15,supplier_1,supplier,0,665.0,,,,,,,,,,,,,43,hitl
229,2026-03-28 15:15,farm_1,farm,0,,777.0,0.0264,,,,,,,,,,,43,hitl
229,2026-03-28 15:15,slaughterhouse_1,slaughterhouse,0,,,,400.0,400.0,,,,,,,,,43,hitl
229,2026-03-28 15:15,wholesaler_1,wholesaler,0,,,,,,108.59,16.0,,,,,,,43,hitl
229,2026-03-28 15:15,retail_1,retail,1,,,,,,,,13.07,29.0,1.0,32.02,16.047,95.0,43,hitl
230,2026-03-28 15:30,supplier_1,supplier,0,663.98,,,,,,,,,,,,,43,hitl
230,2026-03-28 15:30,farm_1,farm,0,,777.0,0.0264,,,,,,,,,,,43,hitl
230,2026-03-28 15:30,slaughterhouse_1,slaughterhouse,0,,,,400.0,400.0,,,,,,,,,43,hitl
230,2026-03-28 15:30,wholesaler_1,wholesaler,0,,,,,,106.45,16.0,,,,,,,43,hitl
230,2026-03-28 15:30,retail_1,retail,1,,,,,,,,8.75,29.0,0.0,32.27,16.047,95.0,43,hitl
231,2026-03-28 15:45,supplier_1,supplier,0,663.38,,,,,,,,,,,,,43,hitl
231,2026-03-28 15:45,farm_1,farm,0,,777.0,0.0264,,,,,,,,,,,43,hitl
231,2026-03-28 15:45,slaughterhouse_1,slaughterhouse,0,,,,400.0,400.0,,,,,,,,,43,hitl
231,2026-03-28 15:45,wholesaler_1,wholesaler,0,,,,,,104.45,16.0,,,,,,,43,hitl
231,2026-03-28 15:45,retail_1,retail,1,,,,,,,,4.9,29.0,0.0,32.52,16.047,95.0,43,hitl
232,2026-03-28 16:00,supplier_1,supplier,0,662.35,,,,,,,,,,,,,43,hitl
232,2026-03-28 16:00,farm_1,farm,0,,777.0,0.0264,,,,,,,,,,,43,hitl
232,2026-03-28 16:00,slaughterhouse_1,slaughterhouse,0,,,,400.0,376.0,,,,,,,,,43,hitl
232,2026-03-28 16:00,wholesaler_1,wholesaler,1,,,,,,89.63,8.0,,,,,,,43,hitl
232,2026-03-28 16:00,retail_1,retail,1,,,,,,,,1.28,31.9,0.0,32.77,16.047,125.0,43,hitl
233,2026-03-28 16:15,supplier_1,supplier,0,661.82,,,,,,,,,,,,,43,hitl
233,2026-03-28 16:15,farm_1,farm,0,,777.0,0.0264,,,,,,,,,,,43,hitl
233,2026-03-28 16:15,slaughterhouse_1,slaughterhouse,0,,,,400.0,386.85,,,,,,,,,43,hitl
233,2026-03-28 16:15,wholesaler_1,wholesaler,1,,,,,,111.08,8.0,,,,,,,43,hitl
233,2026-03-28 16:15,retail_1,retail,1,,,,,,,,13.07,31.9,1.0,33.02,16.047,125.0,43,hitl
234,2026-03-28 16:30,supplier_1,supplier,0,661.28,,,,,,,,,,,,,43,hitl
234,2026-03-28 16:30,farm_1,farm,0,,777.0,0.0264,,,,,,,,,,,43,hitl
234,2026-03-28 16:30,slaughterhouse_1,slaughterhouse,0,,,,400.0,398.45,,,,,,,,,43,hitl
234,2026-03-28 16:30,wholesaler_1,wholesaler,1,,,,,,108.69,8.0,,,,,,,43,hitl
234,2026-03-28 16:30,retail_1,retail,1,,,,,,,,9.02,31.9,0.0,33.27,16.047,125.0,43,hitl
235,2026-03-28 16:45,supplier_1,supplier,0,660.29,,,,,,,,,,,,,43,hitl
235,2026-03-28 16:45,farm_1,farm,0,,777.0,0.0264,,,,,,,,,,,43,hitl
235,2026-03-28 16:45,slaughterhouse_1,slaughterhouse,0,,,,400.0,400.0,,,,,,,,,43,hitl
235,2026-03-28 16:45,wholesaler_1,wholesaler,1,,,,,,106.59,8.0,,,,,,,43,hitl
235,2026-03-28 16:45,retail_1,retail,1,,,,,,,,5.09,31.9,0.0,33.52,16.047,125.0,43,hitl
236,2026-03-28 17:00,supplier_1,supplier,0,659.09,,,,,,,,,,,,,43,hitl
236,2026-03-28 17:00,farm_1,farm,0,,777.0,0.0264,,,,,,,,,,,43,hitl
236,2026-03-28 17:00,slaughterhouse_1,slaughterhouse,0,,,,400.0,400.0,,,,,,,,,43,hitl
236,2026-03-28 17:00,wholesaler_1,wholesaler,1,,,,,,88.96,8.0,,,,,,,43,hitl
236,2026-03-28 17:00,retail_1,retail,1,,,,,,,,1.1,31.9,0.0,33.77,16.047,125.0,43,hitl
237,2026-03-28 17:15,supplier_1,supplier,0,657.73,,,,,,,,,,,,,43,hitl
237,2026-03-28 17:15,farm_1,farm,0,,777.0,0.0264,,,,,,,,,,,43,hitl
237,2026-03-28 17:15,slaughterhouse_1,slaughterhouse,0,,,,400.0,400.0,,,,,,,,,43,hitl
237,2026-03-28 17:15,wholesaler_1,wholesaler,1,,,,,,86.2,8.0,,,,,,,43,hitl
237,2026-03-28 17:15,retail_1,retail,1,,,,,,,,14.67,31.9,1.0,34.02,16.047,125.0,43,hitl
238,2026-03-28 17:30,supplier_1,supplier,0,656.93,,,,,,,,,,,,,43,hitl
238,2026-03-28 17:30,farm_1,farm,0,,777.0,0.0264,,,,,,,,,,,43,hitl
238,2026-03-28 17:30,slaughterhouse_1,slaughterhouse,0,,,,400.0,400.0,,,,,,,,,43,hitl
238,2026-03-28 17:30,wholesaler_1,wholesaler,1,,,,,,83.74,8.0,,,,,,,43,hitl
238,2026-03-28 17:30,retail_1,retail,1,,,,,,,,10.92,31.9,0.0,34.27,16.047,125.0,43,hitl
239,2026-03-28 17:45,supplier_1,supplier,0,655.94,,,,,,,,,,,,,43,hitl
239,2026-03-28 17:45,farm_1,farm,0,,777.0,0.0264,,,,,,,,,,,43,hitl
239,2026-03-28 17:45,slaughterhouse_1,slaughterhouse,0,,,,400.0,400.0,,,,,,,,,43,hitl
239,2026-03-28 17:45,wholesaler_1,wholesaler,1,,,,,,80.75,8.0,,,,,,,43,hitl
239,2026-03-28 17:45,retail_1,retail,1,,,,,,,,6.6,31.9,0.0,34.52,16.047,125.0,43,hitl
240,2026-03-28 18:00,supplier_1,supplier,0,654.88,,,,,,,,,,,,,43,hitl
240,2026-03-28 18:00,farm_1,farm,0,,777.0,0.0264,,,,,,,,,,,43,hitl
240,2026-03-28 18:00,slaughterhouse_1,slaughterhouse,0,,,,400.0,376.0,,,,,,,,,43,hitl
240,2026-03-28 18:00,wholesaler_1,wholesaler,1,,,,,,64.07,8.0,,,,,,,43,hitl
240,2026-03-28 18:00,retail_1,retail,1,,,,,,,,2.34,31.9,0.0,34.77,16.047,125.0,43,hitl
241,2026-03-28 18:15,supplier_1,supplier,0,653.44,,,,,,,,,,,,,43,hitl
241,2026-03-28 18:15,farm_1,farm,0,,777.0,0.0264,,,,,,,,,,,43,hitl
241,2026-03-28 18:15,slaughterhouse_1,slaughterhouse,0,,,,400.0,387.67,,,,,,,,,43,hitl
241,2026-03-28 18:15,wholesaler_1,wholesaler,1,,,,,,85.39,8.0,,,,,,,43,hitl
241,2026-03-28 18:15,retail_1,retail,1,,,,,,,,14.67,31.9,1.0,35.02,16.047,125.0,43,hitl
242,2026-03-28 18:30,supplier_1,supplier,0,652.57,,,,,,,,,,,,,43,hitl
242,2026-03-28 18:30,farm_1,farm,0,,777.0,0.0264,,,,,,,,,,,43,hitl
242,2026-03-28 18:30,slaughterhouse_1,slaughterhouse,0,,,,400.0,398.86,,,,,,,,,43,hitl
242,2026-03-28 18:30,wholesaler_1,wholesaler,1,,,,,,82.63,8.0,,,,,,,43,hitl
242,2026-03-28 18:30,retail_1,retail,1,,,,,,,,10.43,31.9,0.0,35.27,16.047,125.0,43,hitl
243,2026-03-28 18:45,supplier_1,supplier,0,651.49,,,,,,,,,,,,,43,hitl
243,2026-03-28 18:45,farm_1,farm,0,,777.0,0.0264,,,,,,,,,,,43,hitl
243,2026-03-28 18:45,slaughterhouse_1,slaughterhouse,0,,,,400.0,400.0,,,,,,,,,43,hitl
243,2026-03-28 18:45,wholesaler_1,wholesaler,1,,,,,,79.64,8.0,,,,,,,43,hitl
243,2026-03-28 18:45,retail_1,retail,1,,,,,,,,5.95,31.9,0.0,35.52,16.047,125.0,43,hitl
244,2026-03-28 19:00,supplier_1,supplier,0,650.47,,,,,,,,,,,,,43,hitl
244,2026-03-28 19:00,farm_1,farm,0,,777.0,0.0264,,,,,,,,,,,43,hitl
244,2026-03-28 19:00,slaughterhouse_1,slaughterhouse,0,,,,400.0,400.0,,,,,,,,,43,hitl
244,2026-03-28 19:00,wholesaler_1,wholesaler,1,,,,,,62.98,8.0,,,,,,,43,hitl
244,2026-03-28 19:00,retail_1,retail,1,,,,,,,,1.54,31.9,0.0,35.77,16.047,125.0,43,hitl
245,2026-03-28 19:15,supplier_1,supplier,0,649.94,,,,,,,,,,,,,43,hitl
245,2026-03-28 19:15,farm_1,farm,0,,777.0,0.0264,,,,,,,,,,,43,hitl
245,2026-03-28 19:15,slaughterhouse_1,slaughterhouse,0,,,,400.0,400.0,,,,,,,,,43,hitl
245,2026-03-28 19:15,wholesaler_1,wholesaler,1,,,,,,61.02,8.0,,,,,,,43,hitl
245,2026-03-28 19:15,retail_1,retail,1,,,,,,,,14.67,31.9,1.0,36.02,16.047,125.0,43,hitl
246,2026-03-28 19:30,supplier_1,supplier,0,648.64,,,,,,,,,,,,,43,hitl
246,2026-03-28 19:30,farm_1,farm,0,,777.0,0.0264,,,,,,,,,,,43,hitl
246,2026-03-28 19:30,slaughterhouse_1,slaughterhouse,0,,,,400.0,400.0,,,,,,,,,43,hitl
246,2026-03-28 19:30,wholesaler_1,wholesaler,1,,,,,,59.23,8.0,,,,,,,43,hitl
246,2026-03-28 19:30,retail_1,retail,1,,,,,,,,10.77,31.9,0.0,36.27,16.047,125.0,43,hitl
247,2026-03-28 19:45,supplier_1,supplier,0,648.05,,,,,,,,,,,,,43,hitl
247,2026-03-28 19:45,farm_1,farm,0,,777.0,0.0264,,,,,,,,,,,43,hitl
247,2026-03-28 19:45,slaughterhouse_1,slaughterhouse,0,,,,400.0,400.0,,,,,,,,,43,hitl
247,2026-03-28 19:45,wholesaler_1,wholesaler,1,,,,,,57.13,8.0,,,,,,,43,hitl
247,2026-03-28 19:45,retail_1,retail,1,,,,,,,,6.59,31.9,0.0,36.52,16.047,125.0,43,hitl
248,2026-03-28 20:00,supplier_1,supplier,0,646.73,,,,,,,,,,,,,43,hitl
248,2026-03-28 20:00,farm_1,farm,0,,777.0,0.0264,,,,,,,,,,,43,hitl
248,2026-03-28 20:00,slaughterhouse_1,slaughterhouse,0,,,,400.0,376.0,,,,,,,,,43,hitl
248,2026-03-28 20:00,wholesaler_1,wholesaler,1,,,,,,40.81,8.0,,,,,,,43,hitl
248,2026-03-28 20:00,retail_1,retail,1,,,,,,,,3.0,31.9,0.0,36.77,16.047,125.0,43,hitl
249,2026-03-28 20:15,supplier_1,supplier,0,646.18,,,,,,,,,,,,,43,hitl
249,2026-03-28 20:15,farm_1,farm,0,,777.0,0.0264,,,,,,,,,,,43,hitl
249,2026-03-28 20:15,slaughterhouse_1,slaughterhouse,0,,,,400.0,387.17,,,,,,,,,43,hitl
249,2026-03-28 20:15,wholesaler_1,wholesaler,1,,,,,,62.15,8.0,,,,,,,43,hitl
249,2026-03-28 20:15,retail_1,retail,1,,,,,,,,14.67,31.9,1.0,37.02,16.047,125.0,43,hitl
250,2026-03-28 20:30,supplier_1,supplier,0,645.34,,,,,,,,,,,,,43,hitl
250,2026-03-28 20:30,farm_1,farm,0,,777.0,0.0264,,,,,,,,,,,43,hitl
250,2026-03-28 20:30,slaughterhouse_1,slaughterhouse,0,,,,400.0,397.75,,,,,,,,,43,hitl
250,2026-03-28 20:30,wholesaler_1,wholesaler,1,,,,,,59.16,8.0,,,,,,,43,hitl
250,2026-03-28 20:30,retail_1,retail,1,,,,,,,,11.0,31.9,0.0,37.27,16.047,125.0,43,hitl
251,2026-03-28 20:45,supplier_1,supplier,0,644.35,,,,,,,,,,,,,43,hitl
251,2026-03-28 20:45,farm_1,farm,0,,777.0,0.0264,,,,,,,,,,,43,hitl
251,2026-03-28 20:45,slaughterhouse_1,slaughterhouse,0,,,,400.0,400.0,,,,,,,,,43,hitl
251,2026-03-28 20:45,wholesaler_1,wholesaler,1,,,,,,56.97,8.0,,,,,,,43,hitl
251,2026-03-28 20:45,retail_1,retail,1,,,,,,,,7.07,31.9,0.0,37.52,16.047,125.0,43,hitl
252,2026-03-28 21:00,supplier_1,supplier,0,643.84,,,,,,,,,,,,,43,hitl
252,2026-03-28 21:00,farm_1,farm,1,,777.0,0.0264,,,,,,,,,,,43,hitl
252,2026-03-28 21:00,slaughterhouse_1,slaughterhouse,0,,,,400.0,400.0,,,,,,,,,43,hitl
252,2026-03-28 21:00,wholesaler_1,wholesaler,1,,,,,,40.68,8.0,,,,,,,43,hitl
252,2026-03-28 21:00,retail_1,retail,1,,,,,,,,3.42,31.9,0.0,37.77,16.047,125.0,43,hitl
253,2026-03-28 21:15,supplier_1,supplier,0,642.42,,,,,,,,,,,,,43,hitl
253,2026-03-28 21:15,farm_1,farm,1,,777.0,0.0264,,,,,,,,,,,43,hitl
253,2026-03-28 21:15,slaughterhouse_1,slaughterhouse,0,,,,400.0,400.0,,,,,,,,,43,hitl
253,2026-03-28 21:15,wholesaler_1,wholesaler,1,,,,,,38.04,8.0,,,,,,,43,hitl
253,2026-03-28 21:15,retail_1,retail,1,,,,,,,,14.67,31.9,1.0,38.02,16.047,125.0,43,hitl
254,2026-03-28 21:30,supplier_1,supplier,0,641.71,,,,,,,,,,,,,43,hitl
254,2026-03-28 21:30,farm_1,farm,1,,777.0,0.0264,,,,,,,,,,,43,hitl
254,2026-03-28 21:30,slaughterhouse_1,slaughterhouse,0,,,,400.0,400.0,,,,,,,,,43,hitl
254,2026-03-28 21:30,wholesaler_1,wholesaler,1,,,,,,35.58,8.0,,,,,,,43,hitl
254,2026-03-28 21:30,retail_1,retail,1,,,,,,,,10.29,31.9,0.0,38.27,16.047,125.0,43,hitl
255,2026-03-28 21:45,supplier_1,supplier,0,640.58,,,,,,,,,,,,,43,hitl
255,2026-03-28 21:45,farm_1,farm,1,,777.0,0.0264,,,,,,,,,,,43,hitl
255,2026-03-28 21:45,slaughterhouse_1,slaughterhouse,0,,,,400.0,400.0,,,,,,,,,43,hitl
255,2026-03-28 21:45,wholesaler_1,wholesaler,1,,,,,,32.82,8.0,,,,,,,43,hitl
255,2026-03-28 21:45,retail_1,retail,1,,,,,,,,6.1,31.9,0.0,38.52,16.047,125.0,43,hitl
256,2026-03-28 22:00,supplier_1,supplier,0,639.52,,,,,,,,,,,,,43,hitl
256,2026-03-28 22:00,farm_1,farm,1,,777.0,0.0264,,,,,,,,,,,43,hitl
256,2026-03-28 22:00,slaughterhouse_1,slaughterhouse,0,,,,400.0,376.0,,,,,,,,,43,hitl
256,2026-03-28 22:00,wholesaler_1,wholesaler,1,,,,,,30.82,8.0,,,,,,,43,hitl
256,2026-03-28 22:00,retail_1,retail,1,,,,,,,,1.75,31.9,0.0,38.77,16.047,125.0,43,hitl
257,2026-03-28 22:15,supplier_1,supplier,0,638.98,,,,,,,,,,,,,43,hitl
257,2026-03-28 22:15,farm_1,farm,1,,777.0,0.0264,,,,,,,,,,,43,hitl
257,2026-03-28 22:15,slaughterhouse_1,slaughterhouse,0,,,,400.0,387.91,,,,,,,,,43,hitl
257,2026-03-28 22:15,wholesaler_1,wholesaler,1,,,,,,52.63,8.0,,,,,,,43,hitl
257,2026-03-28 22:15,retail_1,retail,1,,,,,,,,0.0,31.9,1.0,39.02,16.047,125.0,43,hitl
258,2026-03-28 22:30,supplier_1,supplier,0,637.66,,,,,,,,,,,,,43,hitl
258,2026-03-28 22:30,farm_1,farm,1,,777.0,0.0264,,,,,,,,,,,43,hitl
258,2026-03-28 22:30,slaughterhouse_1,slaughterhouse,0,,,,400.0,398.59,,,,,,,,,43,hitl
258,2026-03-28 22:30,wholesaler_1,wholesaler,1,,,,,,50.28,8.0,,,,,,,43,hitl
258,2026-03-28 22:30,retail_1,retail,1,,,,,,,,0.0,31.9,1.0,39.27,16.047,125.0,43,hitl
259,2026-03-28 22:45,supplier_1,supplier,0,636.86,,,,,,,,,,,,,43,hitl
259,2026-03-28 22:45,farm_1,farm,1,,777.0,0.0264,,,,,,,,,,,43,hitl
259,2026-03-28 22:45,slaughterhouse_1,slaughterhouse,0,,,,400.0,400.0,,,,,,,,,43,hitl
259,2026-03-28 22:45,wholesaler_1,wholesaler,1,,,,,,47.73,8.0,,,,,,,43,hitl
259,2026-03-28 22:45,retail_1,retail,1,,,,,,,,0.0,31.9,1.0,39.52,16.047,125.0,43,hitl
260,2026-03-28 23:00,supplier_1,supplier,0,636.05,,,,,,,,,,,,,43,hitl
260,2026-03-28 23:00,farm_1,farm,1,,777.0,0.0264,,,,,,,,,,,43,hitl
260,2026-03-28 23:00,slaughterhouse_1,slaughterhouse,0,,,,400.0,400.0,,,,,,,,,43,hitl
260,2026-03-28 23:00,wholesaler_1,wholesaler,1,,,,,,33.07,8.0,,,,,,,43,hitl
260,2026-03-28 23:00,retail_1,retail,1,,,,,,,,0.0,31.9,1.0,39.77,16.047,125.0,43,hitl
261,2026-03-28 23:15,supplier_1,supplier,0,635.13,,,,,,,,,,,,,43,hitl
261,2026-03-28 23:15,farm_1,farm,1,,777.0,0.0264,,,,,,,,,,,43,hitl
261,2026-03-28 23:15,slaughterhouse_1,slaughterhouse,0,,,,400.0,400.0,,,,,,,,,43,hitl
261,2026-03-28 23:15,wholesaler_1,wholesaler,1,,,,,,31.37,8.0,,,,,,,43,hitl
261,2026-03-28 23:15,retail_1,retail,1,,,,,,,,11.73,31.9,1.0,40.02,16.047,125.0,43,hitl
262,2026-03-28 23:30,supplier_1,supplier,0,634.43,,,,,,,,,,,,,43,hitl
262,2026-03-28 23:30,farm_1,farm,1,,777.0,0.0264,,,,,,,,,,,43,hitl
262,2026-03-28 23:30,slaughterhouse_1,slaughterhouse,0,,,,400.0,400.0,,,,,,,,,43,hitl
262,2026-03-28 23:30,wholesaler_1,wholesaler,1,,,,,,29.48,8.0,,,,,,,43,hitl
262,2026-03-28 23:30,retail_1,retail,1,,,,,,,,8.05,31.9,0.0,40.27,16.047,125.0,43,hitl
263,2026-03-28 23:45,supplier_1,supplier,0,633.6,,,,,,,,,,,,,43,hitl
263,2026-03-28 23:45,farm_1,farm,1,,777.0,0.0264,,,,,,,,,,,43,hitl
263,2026-03-28 23:45,slaughterhouse_1,slaughterhouse,0,,,,400.0,400.0,,,,,,,,,43,hitl
263,2026-03-28 23:45,wholesaler_1,wholesaler,1,,,,,,27.96,8.0,,,,,,,43,hitl
263,2026-03-28 23:45,retail_1,retail,1,,,,,,,,4.3,31.9,0.0,40.52,16.047,125.0,43,hitl
264,2026-03-29 00:00,supplier_1,supplier,0,632.56,,,,,,,,,,,,,43,hitl
264,2026-03-29 00:00,farm_1,farm,1,,777.0,0.0264,,,,,,,,,,,43,hitl
264,2026-03-29 00:00,slaughterhouse_1,slaughterhouse,0,,,,400.0,376.0,,,,,,,,,43,hitl
264,2026-03-29 00:00,wholesaler_1,wholesaler,1,,,,,,26.07,8.0,,,,,,,43,hitl
264,2026-03-29 00:00,retail_1,retail,1,,,,,,,,0.62,31.9,0.0,40.77,16.047,125.0,43,hitl
265,2026-03-29 00:15,supplier_1,supplier,0,631.63,,,,,,,,,,,,,43,hitl
265,2026-03-29 00:15,farm_1,farm,1,,777.0,0.0264,,,,,,,,,,,43,hitl
265,2026-03-29 00:15,slaughterhouse_1,slaughterhouse,0,,,,400.0,386.48,,,,,,,,,43,hitl
265,2026-03-29 00:15,wholesaler_1,wholesaler,1,,,,,,47.19,8.0,,,,,,,43,hitl
265,2026-03-29 00:15,retail_1,retail,1,,,,,,,,0.0,31.9,1.0,41.02,16.047,125.0,43,hitl
266,2026-03-29 00:30,supplier_1,supplier,0,631.02,,,,,,,,,,,,,43,hitl
266,2026-03-29 00:30,farm_1,farm,1,,777.0,0.0264,,,,,,,,,,,43,hitl
266,2026-03-29 00:30,slaughterhouse_1,slaughterhouse,0,,,,400.0,397.0,,,,,,,,,43,hitl
266,2026-03-29 00:30,wholesaler_1,wholesaler,1,,,,,,44.36,8.0,,,,,,,43,hitl
266,2026-03-29 00:30,retail_1,retail,1,,,,,,,,0.0,31.9,1.0,41.27,16.047,125.0,43,hitl
267,2026-03-29 00:45,supplier_1,supplier,0,629.81,,,,,,,,,,,,,43,hitl
267,2026-03-29 00:45,farm_1,farm,1,,777.0,0.0264,,,,,,,,,,,43,hitl
267,2026-03-29 00:45,slaughterhouse_1,slaughterhouse,0,,,,400.0,400.0,,,,,,,,,43,hitl
267,2026-03-29 00:45,wholesaler_1,wholesaler,1,,,,,,42.5,8.0,,,,,,,43,hitl
267,2026-03-29 00:45,retail_1,retail,1,,,,,,,,0.0,31.9,1.0,41.52,16.047,125.0,43,hitl
268,2026-03-29 01:00,supplier_1,supplier,0,628.34,,,,,,,,,,,,,43,hitl
268,2026-03-29 01:00,farm_1,farm,1,,777.0,0.0264,,,,,,,,,,,43,hitl
268,2026-03-29 01:00,slaughterhouse_1,slaughterhouse,0,,,,400.0,400.0,,,,,,,,,43,hitl
268,2026-03-29 01:00,wholesaler_1,wholesaler,1,,,,,,28.71,8.0,,,,,,,43,hitl
268,2026-03-29 01:00,retail_1,retail,1,,,,,,,,0.0,31.9,1.0,41.77,16.047,125.0,43,hitl
269,2026-03-29 01:15,supplier_1,supplier,0,627.01,,,,,,,,,,,,,43,hitl
269,2026-03-29 01:15,farm_1,farm,1,,777.0,0.0264,,,,,,,,,,,43,hitl
269,2026-03-29 01:15,slaughterhouse_1,slaughterhouse,0,,,,400.0,400.0,,,,,,,,,43,hitl
269,2026-03-29 01:15,wholesaler_1,wholesaler,1,,,,,,27.14,8.0,,,,,,,43,hitl
269,2026-03-29 01:15,retail_1,retail,1,,,,,,,,11.73,31.9,1.0,42.02,16.047,125.0,43,hitl
270,2026-03-29 01:30,supplier_1,supplier,0,626.42,,,,,,,,,,,,,43,hitl
270,2026-03-29 01:30,farm_1,farm,1,,777.0,0.0264,,,,,,,,,,,43,hitl
270,2026-03-29 01:30,slaughterhouse_1,slaughterhouse,0,,,,400.0,400.0,,,,,,,,,43,hitl
270,2026-03-29 01:30,wholesaler_1,wholesaler,1,,,,,,24.6,8.0,,,,,,,43,hitl
270,2026-03-29 01:30,retail_1,retail,1,,,,,,,,7.95,31.9,0.0,42.27,16.047,125.0,43,hitl
271,2026-03-29 01:45,supplier_1,supplier,0,625.58,,,,,,,,,,,,,43,hitl
271,2026-03-29 01:45,farm_1,farm,1,,777.0,0.0264,,,,,,,,,,,43,hitl
271,2026-03-29 01:45,slaughterhouse_1,slaughterhouse,0,,,,400.0,400.0,,,,,,,,,43,hitl
271,2026-03-29 01:45,wholesaler_1,wholesaler,1,,,,,,21.63,8.0,,,,,,,43,hitl
271,2026-03-29 01:45,retail_1,retail,1,,,,,,,,4.31,31.9,0.0,42.52,16.047,125.0,43,hitl
272,2026-03-29 02:00,supplier_1,supplier,0,624.49,,,,,,,,,,,,,43,hitl
272,2026-03-29 02:00,farm_1,farm,1,,777.0,0.0264,,,,,,,,,,,43,hitl
272,2026-03-29 02:00,slaughterhouse_1,slaughterhouse,0,,,,400.0,376.0,,,,,,,,,43,hitl
272,2026-03-29 02:00,wholesaler_1,wholesaler,1,,,,,,20.08,8.0,,,,,,,43,hitl
272,2026-03-29 02:00,retail_1,retail,1,,,,,,,,0.49,31.9,0.0,42.77,16.047,125.0,43,hitl
273,2026-03-29 02:15,supplier_1,supplier,0,623.37,,,,,,,,,,,,,43,hitl
273,2026-03-29 02:15,farm_1,farm,1,,777.0,0.0264,,,,,,,,,,,43,hitl
273,2026-03-29 02:15,slaughterhouse_1,slaughterhouse,0,,,,400.0,387.27,,,,,,,,,43,hitl
273,2026-03-29 02:15,wholesaler_1,wholesaler,1,,,,,,41.98,8.0,,,,,,,43,hitl
273,2026-03-29 02:15,retail_1,retail,0,,,,,,,,65.09,30.0,0.0,0.0,10.831,0.0,43,hitl
274,2026-03-29 02:30,supplier_1,supplier,0,622.52,,,,,,,,,,,,,43,hitl
274,2026-03-29 02:30,farm_1,farm,1,,777.0,0.0264,,,,,,,,,,,43,hitl
274,2026-03-29 02:30,slaughterhouse_1,slaughterhouse,0,,,,400.0,398.99,,,,,,,,,43,hitl
274,2026-03-29 02:30,wholesaler_1,wholesaler,1,,,,,,39.2,8.0,,,,,,,43,hitl
274,2026-03-29 02:30,retail_1,retail,0,,,,,,,,62.19,30.0,0.0,0.0,10.831,0.0,43,hitl
275,2026-03-29 02:45,supplier_1,supplier,0,621.31,,,,,,,,,,,,,43,hitl
275,2026-03-29 02:45,farm_1,farm,1,,777.0,0.0264,,,,,,,,,,,43,hitl
275,2026-03-29 02:45,slaughterhouse_1,slaughterhouse,0,,,,400.0,400.0,,,,,,,,,43,hitl
275,2026-03-29 02:45,wholesaler_1,wholesaler,1,,,,,,37.0,8.0,,,,,,,43,hitl
275,2026-03-29 02:45,retail_1,retail,0,,,,,,,,59.34,30.0,0.0,0.0,10.831,0.0,43,hitl
276,2026-03-29 03:00,supplier_1,supplier,0,620.2,,,,,,,,,,,,,43,hitl
276,2026-03-29 03:00,farm_1,farm,1,,777.0,0.0264,,,,,,,,,,,43,hitl
276,2026-03-29 03:00,slaughterhouse_1,slaughterhouse,0,,,,400.0,400.0,,,,,,,,,43,hitl
276,2026-03-29 03:00,wholesaler_1,wholesaler,1,,,,,,33.45,8.0,,,,,,,43,hitl
276,2026-03-29 03:00,retail_1,retail,0,,,,,,,,56.48,30.0,0.0,0.0,10.831,0.0,43,hitl
277,2026-03-29 03:15,supplier_1,supplier,0,619.35,,,,,,,,,,,,,43,hitl
277,2026-03-29 03:15,farm_1,farm,1,,777.0,0.0264,,,,,,,,,,,43,hitl
277,2026-03-29 03:15,slaughterhouse_1,slaughterhouse,0,,,,400.0,400.0,,,,,,,,,43,hitl
277,2026-03-29 03:15,wholesaler_1,wholesaler,1,,,,,,31.93,8.0,,,,,,,43,hitl
277,2026-03-29 03:15,retail_1,retail,0,,,,,,,,54.55,30.0,0.0,0.0,10.831,0.0,43,hitl
278,2026-03-29 03:30,supplier_1,supplier,0,618.72,,,,,,,,,,,,,43,hitl
278,2026-03-29 03:30,farm_1,farm,1,,777.0,0.0264,,,,,,,,,,,43,hitl
278,2026-03-29 03:30,slaughterhouse_1,slaughterhouse,0,,,,400.0,400.0,,,,,,,,,43,hitl
278,2026-03-29 03:30,wholesaler_1,wholesaler,1,,,,,,30.28,8.0,,,,,,,43,hitl
278,2026-03-29 03:30,retail_1,retail,0,,,,,,,,52.0,30.0,0.0,0.0,10.831,0.0,43,hitl
279,2026-03-29 03:45,supplier_1,supplier,0,617.88,,,,,,,,,,,,,43,hitl
279,2026-03-29 03:45,farm_1,farm,1,,777.0,0.0264,,,,,,,,,,,43,hitl
279,2026-03-29 03:45,slaughterhouse_1,slaughterhouse,0,,,,400.0,400.0,,,,,,,,,43,hitl
279,2026-03-29 03:45,wholesaler_1,wholesaler,1,,,,,,28.48,8.0,,,,,,,43,hitl
279,2026-03-29 03:45,retail_1,retail,0,,,,,,,,49.39,30.0,0.0,0.0,10.831,0.0,43,hitl
280,2026-03-29 04:00,supplier_1,supplier,0,616.58,,,,,,,,,,,,,43,hitl
280,2026-03-29 04:00,farm_1,farm,1,,777.0,0.0264,,,,,,,,,,,43,hitl
280,2026-03-29 04:00,slaughterhouse_1,slaughterhouse,0,,,,400.0,376.0,,,,,,,,,43,hitl
280,2026-03-29 04:00,wholesaler_1,wholesaler,1,,,,,,26.57,8.0,,,,,,,43,hitl
280,2026-03-29 04:00,retail_1,retail,0,,,,,,,,46.63,30.0,0.0,0.0,10.831,0.0,43,hitl
281,2026-03-29 04:15,supplier_1,supplier,0,615.67,,,,,,,,,,,,,43,hitl
281,2026-03-29 04:15,farm_1,farm,1,,777.0,0.0264,,,,,,,,,,,43,hitl
281,2026-03-29 04:15,slaughterhouse_1,slaughterhouse,0,,,,400.0,386.63,,,,,,,,,43,hitl
281,2026-03-29 04:15,wholesaler_1,wholesaler,1,,,,,,48.12,8.0,,,,,,,43,hitl
281,2026-03-29 04:15,retail_1,retail,0,,,,,,,,43.63,30.0,0.0,0.0,10.831,0.0,43,hitl
282,2026-03-29 04:30,supplier_1,supplier,0,614.24,,,,,,,,,,,,,43,hitl
282,2026-03-29 04:30,farm_1,farm,1,,777.0,0.0264,,,,,,,,,,,43,hitl
282,2026-03-29 04:30,slaughterhouse_1,slaughterhouse,0,,,,400.0,397.59,,,,,,,,,43,hitl
282,2026-03-29 04:30,wholesaler_1,wholesaler,1,,,,,,45.23,8.0,,,,,,,43,hitl
282,2026-03-29 04:30,retail_1,retail,0,,,,,,,,41.12,30.0,0.0,0.0,10.831,0.0,43,hitl
283,2026-03-29 04:45,supplier_1,supplier,0,612.89,,,,,,,,,,,,,43,hitl
283,2026-03-29 04:45,farm_1,farm,1,,777.0,0.0264,,,,,,,,,,,43,hitl
283,2026-03-29 04:45,slaughterhouse_1,slaughterhouse,0,,,,400.0,400.0,,,,,,,,,43,hitl
283,2026-03-29 04:45,wholesaler_1,wholesaler,1,,,,,,42.86,8.0,,,,,,,43,hitl
283,2026-03-29 04:45,retail_1,retail,0,,,,,,,,38.57,30.0,0.0,0.0,10.831,0.0,43,hitl
284,2026-03-29 05:00,supplier_1,supplier,0,611.51,,,,,,,,,,,,,43,hitl
284,2026-03-29 05:00,farm_1,farm,1,,777.0,0.0264,,,,,,,,,,,43,hitl
284,2026-03-29 05:00,slaughterhouse_1,slaughterhouse,0,,,,400.0,400.0,,,,,,,,,43,hitl
284,2026-03-29 05:00,wholesaler_1,wholesaler,1,,,,,,40.26,8.0,,,,,,,43,hitl
284,2026-03-29 05:00,retail_1,retail,0,,,,,,,,35.86,30.0,0.0,0.0,10.831,0.0,43,hitl
285,2026-03-29 05:15,supplier_1,supplier,0,610.04,,,,,,,,,,,,,43,hitl
285,2026-03-29 05:15,farm_1,farm,1,,777.0,0.0264,,,,,,,,,,,43,hitl
285,2026-03-29 05:15,slaughterhouse_1,slaughterhouse,0,,,,400.0,400.0,,,,,,,,,43,hitl
285,2026-03-29 05:15,wholesaler_1,wholesaler,1,,,,,,38.0,8.0,,,,,,,43,hitl
285,2026-03-29 05:15,retail_1,retail,0,,,,,,,,33.9,30.0,0.0,0.0,10.831,0.0,43,hitl
286,2026-03-29 05:30,supplier_1,supplier,0,609.3,,,,,,,,,,,,,43,hitl
286,2026-03-29 05:30,farm_1,farm,1,,777.0,0.0264,,,,,,,,,,,43,hitl
286,2026-03-29 05:30,slaughterhouse_1,slaughterhouse,0,,,,400.0,400.0,,,,,,,,,43,hitl
286,2026-03-29 05:30,wholesaler_1,wholesaler,1,,,,,,35.67,8.0,,,,,,,43,hitl
286,2026-03-29 05:30,retail_1,retail,0,,,,,,,,31.34,30.0,0.0,0.0,10.831,0.0,43,hitl
287,2026-03-29 05:45,supplier_1,supplier,0,608.46,,,,,,,,,,,,,43,hitl
287,2026-03-29 05:45,farm_1,farm,1,,777.0,0.0264,,,,,,,,,,,43,hitl
287,2026-03-29 05:45,slaughterhouse_1,slaughterhouse,0,,,,400.0,400.0,,,,,,,,,43,hitl
287,2026-03-29 05:45,wholesaler_1,wholesaler,1,,,,,,33.16,8.0,,,,,,,43,hitl
287,2026-03-29 05:45,retail_1,retail,0,,,,,,,,28.92,30.0,0.0,0.25,10.831,0.0,43,hitl
