tick,timestamp,node_id,node_type,disrupted,available_supply,production_capacity,mortality_rate,processing_capacity,output_stock,inventory_level,pending_shipments,retail_inventory,safety_stock,stockout_flag,shortage_duration,sales_rate,reorder_request,scenario_id,mode
0,2026-05-31 06:00,supplier_1,supplier,0,863.53,,,,,,,,,,,,,76,hitl
0,2026-05-31 06:00,farm_1,farm,0,,772.0,0.0203,,,,,,,,,,,76,hitl
0,2026-05-31 06:00,slaughterhouse_1,slaughterhouse,0,,,,392.0,219.01,,,,,,,,,76,hitl
0,2026-05-31 06:00,wholesaler_1,wholesaler,0,,,,,,165.18,0.0,,,,,,,76,hitl
0,2026-05-31 06:00,retail_1,retail,0,,,,,,,,80.58,30.0,0.0,0.0,11.61,0.0,76,hitl
1,2026-05-31 06:15,supplier_1,supplier,0,862.29,,,,,,,,,,,,,76,hitl
1,2026-05-31 06:15,farm_1,farm,0,,772.0,0.0203,,,,,,,,,,,76,hitl
1,2026-05-31 06:15,slaughterhouse_1,slaughterhouse,0,,,,392.0,230.0,,,,,,,,,76,hitl
1,2026-05-31 06:15,wholesaler_1,wholesaler,0,,,,,,186.63,0.0,,,,,,,76,hitl
1,2026-05-31 06:15,retail_1,retail,0,,,,,,,,85.56,30.0,0.0,0.0,11.61,0.0,76,hitl
2,2026-05-31 06:30,supplier_1,supplier,0,861.1,,,,,,,,,,,,,76,hitl
2,2026-05-31 06:30,farm_1,farm,0,,772.0,0.0203,,,,,,,,,,,76,hitl
2,2026-05-31 06:30,slaughterhouse_1,slaughterhouse,0,,,,392.0,240.84,,,,,,,,,76,hitl
2,2026-05-31 06:30,wholesaler_1,wholesaler,0,,,,,,184.63,0.0,,,,,,,76,hitl
2,2026-05-31 06:30,retail_1,retail,0,,,,,,,,83.0,30.0,0.0,0.0,11.61,0.0,76,hitl
3,2026-05-31 06:45,supplier_1,supplier,0,860.29,,,,,,,,,,,,,76,hitl
3,2026-05-31 06:45,farm_1,farm,0,,772.0,0.0203,,,,,,,,,,,76,hitl
3,2026-05-31 06:45,slaughterhouse_1,slaughterhouse,0,,,,392.0,251.46,,,,,,,,,76,hitl
3,2026-05-31 06:45,wholesaler_1,wholesaler,0,,,,,,182.5,0.0,,,,,,,76,hitl
3,2026-05-31 06:45,retail_1,retail,0,,,,,,,,79.82,30.0,0.0,0.0,11.61,0.0,76,hitl
4,2026-05-31 07:00,supplier_1,supplier,0,859.41,,,,,,,,,,,,,76,hitl
4,2026-05-31 07:00,farm_1,farm,0,,772.0,0.0203,,,,,,,,,,,76,hitl
4,2026-05-31 07:00,slaughterhouse_1,slaughterhouse,0,,,,392.0,261.56,,,,,,,,,76,hitl
4,2026-05-31 07:00,wholesaler_1,wholesaler,0,,,,,,172.93,0.0,,,,,,,76,hitl
4,2026-05-31 07:00,retail_1,retail,0,,,,,,,,76.79,30.0,0.0,0.0,11.61,0.0,76,hitl
5,2026-05-31 07:15,supplier_1,supplier,0,858.18,,,,,,,,,,,,,76,hitl
5,2026-05-31 07:15,farm_1,farm,0,,772.0,0.0203,,,,,,,,,,,76,hitl
5,2026-05-31 07:15,slaughterhouse_1,slaughterhouse,0,,,,392.0,271.63,,,,,,,,,76,hitl
5,2026-05-31 07:15,wholesaler_1,wholesaler,0,,,,,,170.82,0.0,,,,,,,76,hitl
5,2026-05-31 07:15,retail_1,retail,0,,,,,,,,81.63,30.0,0.0,0.0,11.61,0.0,76,hitl
6,2026-05-31 07:30,supplier_1,supplier,0,856.89,,,,,,,,,,,,,76,hitl
6,2026-05-31 07:30,farm_1,farm,0,,772.0,0.0203,,,,,,,,,,,76,hitl
6,2026-05-31 07:30,slaughterhouse_1,slaughterhouse,0,,,,392.0,281.77,,,,,,,,,76,hitl
6,2026-05-31 07:30,wholesaler_1,wholesaler,0,,,,,,168.58,0.0,,,,,,,76,hitl
6,2026-05-31 07:30,retail_1,retail,0,,,,,,,,78.87,30.0,0.0,0.0,11.61,0.0,76,hitl
7,2026-05-31 07:45,supplier_1,supplier,0,856.09,,,,,,,,,,,,,76,hitl
7,2026-05-31 07:45,farm_1,farm,0,,772.0,0.0203,,,,,,,,,,,76,hitl
7,2026-05-31 07:45,slaughterhouse_1,slaughterhouse,0,,,,392.0,292.36,,,,,,,,,76,hitl
7,2026-05-31 07:45,wholesaler_1,wholesaler,0,,,,,,166.19,0.0,,,,,,,76,hitl
7,2026-05-31 07:45,retail_1,retail,0,,,,,,,,75.72,30.0,0.0,0.0,11.61,0.0,76,hitl
8,2026-05-31 08:00,supplier_1,supplier,0,854.78,,,,,,,,,,,,,76,hitl
8,2026-05-31 08:00,farm_1,farm,0,,772.0,0.0203,,,,,,,,,,,76,hitl
8,2026-05-31 08:00,slaughterhouse_1,slaughterhouse,0,,,,392.0,279.75,,,,,,,,,76,hitl
8,2026-05-31 08:00,wholesaler_1,wholesaler,0,,,,,,156.57,0.0,,,,,,,76,hitl
8,2026-05-31 08:00,retail_1,retail,0,,,,,,,,72.6,30.0,0.0,0.0,11.61,0.0,76,hitl
9,2026-05-31 08:15,supplier_1,supplier,0,853.69,,,,,,,,,,,,,76,hitl
9,2026-05-31 08:15,farm_1,farm,0,,772.0,0.0203,,,,,,,,,,,76,hitl
9,2026-05-31 08:15,slaughterhouse_1,slaughterhouse,0,,,,392.0,290.03,,,,,,,,,76,hitl
9,2026-05-31 08:15,wholesaler_1,wholesaler,0,,,,,,178.34,0.0,,,,,,,76,hitl
9,2026-05-31 08:15,retail_1,retail,0,,,,,,,,77.7,30.0,0.0,0.0,11.61,0.0,76,hitl
10,2026-05-31 08:30,supplier_1,supplier,0,852.77,,,,,,,,,,,,,76,hitl
10,2026-05-31 08:30,farm_1,farm,0,,772.0,0.0203,,,,,,,,,,,76,hitl
10,2026-05-31 08:30,slaughterhouse_1,slaughterhouse,0,,,,392.0,300.57,,,,,,,,,76,hitl
10,2026-05-31 08:30,wholesaler_1,wholesaler,0,,,,,,175.93,0.0,,,,,,,76,hitl
10,2026-05-31 08:30,retail_1,retail,0,,,,,,,,74.6,30.0,0.0,0.0,11.61,0.0,76,hitl
11,2026-05-31 08:45,supplier_1,supplier,0,851.75,,,,,,,,,,,,,76,hitl
11,2026-05-31 08:45,farm_1,farm,0,,772.0,0.0203,,,,,,,,,,,76,hitl
11,2026-05-31 08:45,slaughterhouse_1,slaughterhouse,0,,,,392.0,310.66,,,,,,,,,76,hitl
11,2026-05-31 08:45,wholesaler_1,wholesaler,0,,,,,,173.95,0.0,,,,,,,76,hitl
11,2026-05-31 08:45,retail_1,retail,0,,,,,,,,71.6,30.0,0.0,0.0,11.61,0.0,76,hitl
12,2026-05-31 09:00,supplier_1,supplier,0,850.68,,,,,,,,,,,,,76,hitl
12,2026-05-31 09:00,farm_1,farm,0,,772.0,0.0203,,,,,,,,,,,76,hitl
12,2026-05-31 09:00,slaughterhouse_1,slaughterhouse,0,,,,392.0,320.76,,,,,,,,,76,hitl
12,2026-05-31 09:00,wholesaler_1,wholesaler,0,,,,,,164.23,0.0,,,,,,,76,hitl
12,2026-05-31 09:00,retail_1,retail,0,,,,,,,,68.85,30.0,0.0,0.0,11.61,0.0,76,hitl
13,2026-05-31 09:15,supplier_1,supplier,0,849.5,,,,,,,,,,,,,76,hitl
13,2026-05-31 09:15,farm_1,farm,0,,772.0,0.0203,,,,,,,,,,,76,hitl
13,2026-05-31 09:15,slaughterhouse_1,slaughterhouse,0,,,,392.0,331.8,,,,,,,,,76,hitl
13,2026-05-31 09:15,wholesaler_1,wholesaler,0,,,,,,161.76,0.0,,,,,,,76,hitl
13,2026-05-31 09:15,retail_1,retail,0,,,,,,,,74.26,30.0,0.0,0.0,11.61,0.0,76,hitl
14,2026-05-31 09:30,supplier_1,supplier,0,848.93,,,,,,,,,,,,,76,hitl
14,2026-05-31 09:30,farm_1,farm,0,,772.0,0.0203,,,,,,,,,,,76,hitl
14,2026-05-31 09:30,slaughterhouse_1,slaughterhouse,0,,,,392.0,341.95,,,,,,,,,76,hitl
14,2026-05-31 09:30,wholesaler_1,wholesaler,0,,,,,,159.59,0.0,,,,,,,76,hitl
14,2026-05-31 09:30,retail_1,retail,0,,,,,,,,71.49,30.0,0.0,0.0,11.61,0.0,76,hitl
15,2026-05-31 09:45,supplier_1,supplier,0,847.99,,,,,,,,,,,,,76,hitl
15,2026-05-31 09:45,farm_1,farm,0,,772.0,0.0203,,,,,,,,,,,76,hitl
15,2026-05-31 09:45,slaughterhouse_1,slaughterhouse,0,,,,392.0,352.68,,,,,,,,,76,hitl
15,2026-05-31 09:45,wholesaler_1,wholesaler,0,,,,,,157.22,0.0,,,,,,,76,hitl
15,2026-05-31 09:45,retail_1,retail,0,,,,,,,,68.89,30.0,0.0,0.0,11.61,0.0,76,hitl
16,2026-05-31 10:00,supplier_1,supplier,0,846.75,,,,,,,,,,,,,76,hitl
16,2026-05-31 10:00,farm_1,farm,0,,772.0,0.0203,,,,,,,,,,,76,hitl
16,2026-05-31 10:00,slaughterhouse_1,slaughterhouse,0,,,,392.0,339.31,,,,,,,,,76,hitl
16,2026-05-31 10:00,wholesaler_1,wholesaler,0,,,,,,147.19,0.0,,,,,,,76,hitl
16,2026-05-31 10:00,retail_1,retail,0,,,,,,,,65.98,30.0,0.0,0.0,11.61,0.0,76,hitl
17,2026-05-31 10:15,supplier_1,supplier,0,846.04,,,,,,,,,,,,,76,hitl
17,2026-05-31 10:15,farm_1,farm,0,,772.0,0.0203,,,,,,,,,,,76,hitl
17,2026-05-31 10:15,slaughterhouse_1,slaughterhouse,0,,,,392.0,350.56,,,,,,,,,76,hitl
17,2026-05-31 10:15,wholesaler_1,wholesaler,0,,,,,,168.36,0.0,,,,,,,76,hitl
17,2026-05-31 10:15,retail_1,retail,0,,,,,,,,71.09,30.0,0.0,0.0,11.61,0.0,76,hitl
18,2026-05-31 10:30,supplier_1,supplier,0,845.14,,,,,,,,,,,,,76,hitl
18,2026-05-31 10:30,farm_1,farm,0,,772.0,0.0203,,,,,,,,,,,76,hitl
18,2026-05-31 10:30,slaughterhouse_1,slaughterhouse,0,,,,392.0,360.99,,,,,,,,,76,hitl
18,2026-05-31 10:30,wholesaler_1,wholesaler,0,,,,,,166.51,0.0,,,,,,,76,hitl
18,2026-05-31 10:30,retail_1,retail,0,,,,,,,,68.27,30.0,0.0,0.0,11.61,0.0,76,hitl
19,2026-05-31 10:45,supplier_1,supplier,0,844.18,,,,,,,,,,,,,76,hitl
19,2026-05-31 10:45,farm_1,farm,0,,772.0,0.0203,,,,,,,,,,,76,hitl
19,2026-05-31 10:45,slaughterhouse_1,slaughterhouse,0,,,,392.0,371.71,,,,,,,,,76,hitl
19,2026-05-31 10:45,wholesaler_1,wholesaler,0,,,,,,164.03,0.0,,,,,,,76,hitl
19,2026-05-31 10:45,retail_1,retail,0,,,,,,,,65.69,30.0,0.0,0.0,11.61,0.0,76,hitl
20,2026-05-31 11:00,supplier_1,supplier,0,843.5,,,,,,,,,,,,,76,hitl
20,2026-05-31 11:00,farm_1,farm,0,,772.0,0.0203,,,,,,,,,,,76,hitl
20,2026-05-31 11:00,slaughterhouse_1,slaughterhouse,0,,,,392.0,382.94,,,,,,,,,76,hitl
20,2026-05-31 11:00,wholesaler_1,wholesaler,0,,,,,,153.57,0.0,,,,,,,76,hitl
20,2026-05-31 11:00,retail_1,retail,0,,,,,,,,63.0,30.0,0.0,0.0,11.61,0.0,76,hitl
21,2026-05-31 11:15,supplier_1,supplier,0,842.83,,,,,,,,,,,,,76,hitl
21,2026-05-31 11:15,farm_1,farm,0,,772.0,0.0203,,,,,,,,,,,76,hitl
21,2026-05-31 11:15,slaughterhouse_1,slaughterhouse,0,,,,392.0,394.67,,,,,,,,,76,hitl
21,2026-05-31 11:15,wholesaler_1,wholesaler,0,,,,,,151.8,0.0,,,,,,,76,hitl
21,2026-05-31 11:15,retail_1,retail,0,,,,,,,,67.88,30.0,0.0,0.0,11.61,0.0,76,hitl
22,2026-05-31 11:30,supplier_1,supplier,0,841.97,,,,,,,,,,,,,76,hitl
22,2026-05-31 11:30,farm_1,farm,0,,772.0,0.0203,,,,,,,,,,,76,hitl
22,2026-05-31 11:30,slaughterhouse_1,slaughterhouse,0,,,,392.0,400.0,,,,,,,,,76,hitl
22,2026-05-31 11:30,wholesaler_1,wholesaler,0,,,,,,148.95,0.0,,,,,,,76,hitl
22,2026-05-31 11:30,retail_1,retail,0,,,,,,,,65.24,30.0,0.0,0.0,11.61,0.0,76,hitl
23,2026-05-31 11:45,supplier_1,supplier,0,841.2,,,,,,,,,,,,,76,hitl
23,2026-05-31 11:45,farm_1,farm,0,,772.0,0.0203,,,,,,,,,,,76,hitl
23,2026-05-31 11:45,slaughterhouse_1,slaughterhouse,0,,,,392.0,400.0,,,,,,,,,76,hitl
23,2026-05-31 11:45,wholesaler_1,wholesaler,0,,,,,,145.96,0.0,,,,,,,76,hitl
23,2026-05-31 11:45,retail_1,retail,0,,,,,,,,62.65,30.0,0.0,0.0,11.61,0.0,76,hitl
24,2026-05-31 12:00,supplier_1,supplier,0,840.32,,,,,,,,,,,,,76,hitl
24,2026-05-31 12:00,farm_1,farm,0,,772.0,0.0203,,,,,,,,,,,76,hitl
24,2026-05-31 12:00,slaughterhouse_1,slaughterhouse,0,,,,392.0,376.0,,,,,,,,,76,hitl
24,2026-05-31 12:00,wholesaler_1,wholesaler,0,,,,,,134.97,0.0,,,,,,,76,hitl
24,2026-05-31 12:00,retail_1,retail,0,,,,,,,,59.4,30.0,0.0,0.0,11.61,0.0,76,hitl
25,2026-05-31 12:15,supplier_1,supplier,0,838.98,,,,,,,,,,,,,76,hitl
25,2026-05-31 12:15,farm_1,farm,0,,772.0,0.0203,,,,,,,,,,,76,hitl
25,2026-05-31 12:15,slaughterhouse_1,slaughterhouse,0,,,,392.0,386.78,,,,,,,,,76,hitl
25,2026-05-31 12:15,wholesaler_1,wholesaler,0,,,,,,157.04,0.0,,,,,,,76,hitl
25,2026-05-31 12:15,retail_1,retail,0,,,,,,,,64.17,30.0,0.0,0.0,11.61,0.0,76,hitl
26,2026-05-31 12:30,supplier_1,supplier,0,838.05,,,,,,,,,,,,,76,hitl
26,2026-05-31 12:30,farm_1,farm,0,,772.0,0.0203,,,,,,,,,,,76,hitl
26,2026-05-31 12:30,slaughterhouse_1,slaughterhouse,0,,,,392.0,397.54,,,,,,,,,76,hitl
26,2026-05-31 12:30,wholesaler_1,wholesaler,0,,,,,,154.7,0.0,,,,,,,76,hitl
26,2026-05-31 12:30,retail_1,retail,0,,,,,,,,61.26,30.0,0.0,0.0,11.61,0.0,76,hitl
27,2026-05-31 12:45,supplier_1,supplier,0,837.37,,,,,,,,,,,,,76,hitl
27,2026-05-31 12:45,farm_1,farm,0,,772.0,0.0203,,,,,,,,,,,76,hitl
27,2026-05-31 12:45,slaughterhouse_1,slaughterhouse,0,,,,392.0,400.0,,,,,,,,,76,hitl
27,2026-05-31 12:45,wholesaler_1,wholesaler,0,,,,,,152.08,0.0,,,,,,,76,hitl
27,2026-05-31 12:45,retail_1,retail,0,,,,,,,,58.46,30.0,0.0,0.0,11.61,0.0,76,hitl
28,2026-05-31 13:00,supplier_1,supplier,0,836.29,,,,,,,,,,,,,76,hitl
28,2026-05-31 13:00,farm_1,farm,0,,772.0,0.0203,,,,,,,,,,,76,hitl
28,2026-05-31 13:00,slaughterhouse_1,slaughterhouse,0,,,,392.0,400.0,,,,,,,,,76,hitl
28,2026-05-31 13:00,wholesaler_1,wholesaler,0,,,,,,141.21,0.0,,,,,,,76,hitl
28,2026-05-31 13:00,retail_1,retail,0,,,,,,,,55.33,30.0,0.0,0.0,11.61,0.0,76,hitl
29,2026-05-31 13:15,supplier_1,supplier,0,835.54,,,,,,,,,,,,,76,hitl
29,2026-05-31 13:15,farm_1,farm,0,,772.0,0.0203,,,,,,,,,,,76,hitl
29,2026-05-31 13:15,slaughterhouse_1,slaughterhouse,0,,,,392.0,400.0,,,,,,,,,76,hitl
29,2026-05-31 13:15,wholesaler_1,wholesaler,0,,,,,,139.23,0.0,,,,,,,76,hitl
29,2026-05-31 13:15,retail_1,retail,0,,,,,,,,60.75,30.0,0.0,0.0,11.61,0.0,76,hitl
30,2026-05-31 13:30,supplier_1,supplier,0,834.21,,,,,,,,,,,,,76,hitl
30,2026-05-31 13:30,farm_1,farm,0,,772.0,0.0203,,,,,,,,,,,76,hitl
30,2026-05-31 13:30,slaughterhouse_1,slaughterhouse,0,,,,392.0,400.0,,,,,,,,,76,hitl
30,2026-05-31 13:30,wholesaler_1,wholesaler,0,,,,,,137.32,0.0,,,,,,,76,hitl
30,2026-05-31 13:30,retail_1,retail,0,,,,,,,,58.05,30.0,0.0,0.0,11.61,0.0,76,hitl
31,2026-05-31 13:45,supplier_1,supplier,0,833.18,,,,,,,,,,,,,76,hitl
31,2026-05-31 13:45,farm_1,farm,0,,772.0,0.0203,,,,,,,,,,,76,hitl
31,2026-05-31 13:45,slaughterhouse_1,slaughterhouse,0,,,,392.0,400.0,,,,,,,,,76,hitl
31,2026-05-31 13:45,wholesaler_1,wholesaler,0,,,,,,134.77,0.0,,,,,,,76,hitl
31,2026-05-31 13:45,retail_1,retail,0,,,,,,,,54.91,30.0,0.0,0.0,11.61,0.0,76,hitl
32,2026-05-31 14:00,supplier_1,supplier,0,831.76,,,,,,,,,,,,,76,hitl
32,2026-05-31 14:00,farm_1,farm,0,,772.0,0.0203,,,,,,,,,,,76,hitl
32,2026-05-31 14:00,slaughterhouse_1,slaughterhouse,0,,,,392.0,376.0,,,,,,,,,76,hitl
32,2026-05-31 14:00,wholesaler_1,wholesaler,0,,,,,,124.74,0.0,,,,,,,76,hitl
32,2026-05-31 14:00,retail_1,retail,0,,,,,,,,51.99,30.0,0.0,0.0,11.61,0.0,76,hitl
33,2026-05-31 14:15,supplier_1,supplier,0,830.31,,,,,,,,,,,,,76,hitl
33,2026-05-31 14:15,farm_1,farm,0,,772.0,0.0203,,,,,,,,,,,76,hitl
33,2026-05-31 14:15,slaughterhouse_1,slaughterhouse,0,,,,392.0,386.98,,,,,,,,,76,hitl
33,2026-05-31 14:15,wholesaler_1,wholesaler,0,,,,,,146.12,0.0,,,,,,,76,hitl
33,2026-05-31 14:15,retail_1,retail,0,,,,,,,,57.23,30.0,0.0,0.0,11.61,0.0,76,hitl
34,2026-05-31 14:30,supplier_1,supplier,0,829.5,,,,,,,,,,,,,76,hitl
34,2026-05-31 14:30,farm_1,farm,0,,772.0,0.0203,,,,,,,,,,,76,hitl
34,2026-05-31 14:30,slaughterhouse_1,slaughterhouse,0,,,,392.0,397.98,,,,,,,,,76,hitl
34,2026-05-31 14:30,wholesaler_1,wholesaler,0,,,,,,143.55,0.0,,,,,,,76,hitl
34,2026-05-31 14:30,retail_1,retail,0,,,,,,,,54.21,30.0,0.0,0.0,11.61,0.0,76,hitl
35,2026-05-31 14:45,supplier_1,supplier,0,828.82,,,,,,,,,,,,,76,hitl
35,2026-05-31 14:45,farm_1,farm,0,,772.0,0.0203,,,,,,,,,,,76,hitl
35,2026-05-31 14:45,slaughterhouse_1,slaughterhouse,0,,,,392.0,400.0,,,,,,,,,76,hitl
35,2026-05-31 14:45,wholesaler_1,wholesaler,0,,,,,,141.59,0.0,,,,,,,76,hitl
35,2026-05-31 14:45,retail_1,retail,0,,,,,,,,51.13,30.0,0.0,0.0,11.61,0.0,76,hitl
36,2026-05-31 15:00,supplier_1,supplier,0,828.32,,,,,,,,,,,,,76,hitl
36,2026-05-31 15:00,farm_1,farm,1,,772.0,0.0203,,,,,,,,,,,76,hitl
36,2026-05-31 15:00,slaughterhouse_1,slaughterhouse,0,,,,313.6,400.0,,,,,,,,,76,hitl
36,2026-05-31 15:00,wholesaler_1,wholesaler,0,,,,,,131.6,0.0,,,,,,,76,hitl
36,2026-05-31 15:00,retail_1,retail,0,,,,,,,,48.25,30.0,0.0,0.0,11.61,20.0,76,hitl
37,2026-05-31 15:15,supplier_1,supplier,0,826.97,,,,,,,,,,,,,76,hitl
37,2026-05-31 15:15,farm_1,farm,1,,772.0,0.0203,,,,,,,,,,,76,hitl
37,2026-05-31 15:15,slaughterhouse_1,slaughterhouse,0,,,,313.6,400.0,,,,,,,,,76,hitl
37,2026-05-31 15:15,wholesaler_1,wholesaler,0,,,,,,129.41,0.0,,,,,,,76,hitl
37,2026-05-31 15:15,retail_1,retail,0,,,,,,,,53.1,30.0,0.0,0.0,11.61,20.0,76,hitl
38,2026-05-31 15:30,supplier_1,supplier,0,826.29,,,,,,,,,,,,,76,hitl
38,2026-05-31 15:30,farm_1,farm,1,,772.0,0.0203,,,,,,,,,,,76,hitl
38,2026-05-31 15:30,slaughterhouse_1,slaughterhouse,0,,,,313.6,400.0,,,,,,,,,76,hitl
38,2026-05-31 15:30,wholesaler_1,wholesaler,0,,,,,,127.76,0.0,,,,,,,76,hitl
38,2026-05-31 15:30,retail_1,retail,0,,,,,,,,49.92,30.0,0.0,0.0,11.61,20.0,76,hitl
39,2026-05-31 15:45,supplier_1,supplier,0,824.98,,,,,,,,,,,,,76,hitl
39,2026-05-31 15:45,farm_1,farm,1,,772.0,0.0203,,,,,,,,,,,76,hitl
39,2026-05-31 15:45,slaughterhouse_1,slaughterhouse,0,,,,313.6,400.0,,,,,,,,,76,hitl
39,2026-05-31 15:45,wholesaler_1,wholesaler,0,,,,,,125.79,0.0,,,,,,,76,hitl
39,2026-05-31 15:45,retail_1,retail,0,,,,,,,,46.77,30.0,0.0,0.0,11.61,20.0,76,hitl
40,2026-05-31 16:00,supplier_1,supplier,0,824.07,,,,,,,,,,,,,76,hitl
40,2026-05-31 16:00,farm_1,farm,1,,772.0,0.0203,,,,,,,,,,,76,hitl
40,2026-05-31 16:00,slaughterhouse_1,slaughterhouse,0,,,,313.6,376.0,,,,,,,,,76,hitl
40,2026-05-31 16:00,wholesaler_1,wholesaler,0,,,,,,116.84,0.0,,,,,,,76,hitl
40,2026-05-31 16:00,retail_1,retail,0,,,,,,,,43.76,30.0,0.0,0.0,11.61,20.0,76,hitl
41,2026-05-31 16:15,supplier_1,supplier,0,823.31,,,,,,,,,,,,,76,hitl
41,2026-05-31 16:15,farm_1,farm,1,,772.0,0.0203,,,,,,,,,,,76,hitl
41,2026-05-31 16:15,slaughterhouse_1,slaughterhouse,0,,,,313.6,384.79,,,,,,,,,76,hitl
41,2026-05-31 16:15,wholesaler_1,wholesaler,0,,,,,,138.82,0.0,,,,,,,76,hitl
41,2026-05-31 16:15,retail_1,retail,0,,,,,,,,47.78,30.0,0.0,0.0,11.61,20.0,76,hitl
42,2026-05-31 16:30,supplier_1,supplier,0,822.3,,,,,,,,,,,,,76,hitl
42,2026-05-31 16:30,farm_1,farm,1,,772.0,0.0203,,,,,,,,,,,76,hitl
42,2026-05-31 16:30,slaughterhouse_1,slaughterhouse,0,,,,313.6,394.04,,,,,,,,,76,hitl
42,2026-05-31 16:30,wholesaler_1,wholesaler,0,,,,,,136.57,0.0,,,,,,,76,hitl
42,2026-05-31 16:30,retail_1,retail,0,,,,,,,,45.17,30.0,0.0,0.0,11.61,20.0,76,hitl
43,2026-05-31 16:45,supplier_1,supplier,0,820.89,,,,,,,,,,,,,76,hitl
43,2026-05-31 16:45,farm_1,farm,1,,772.0,0.0203,,,,,,,,,,,76,hitl
43,2026-05-31 16:45,slaughterhouse_1,slaughterhouse,0,,,,313.6,400.0,,,,,,,,,76,hitl
43,2026-05-31 16:45,wholesaler_1,wholesaler,0,,,,,,134.88,0.0,,,,,,,76,hitl
43,2026-05-31 16:45,retail_1,retail,0,,,,,,,,42.31,30.0,0.0,0.0,11.61,20.0,76,hitl
44,2026-05-31 17:00,supplier_1,supplier,0,819.74,,,,,,,,,,,,,76,hitl
44,2026-05-31 17:00,farm_1,farm,1,,772.0,0.0203,,,,,,,,,,,76,hitl
44,2026-05-31 17:00,slaughterhouse_1,slaughterhouse,0,,,,313.6,400.0,,,,,,,,,76,hitl
44,2026-05-31 17:00,wholesaler_1,wholesaler,0,,,,,,125.15,0.0,,,,,,,76,hitl
44,2026-05-31 17:00,retail_1,retail,0,,,,,,,,39.2,30.0,0.0,0.0,11.61,20.0,76,hitl
45,2026-05-31 17:15,supplier_1,supplier,0,818.81,,,,,,,,,,,,,76,hitl
45,2026-05-31 17:15,farm_1,farm,1,,772.0,0.0203,,,,,,,,,,,76,hitl
45,2026-05-31 17:15,slaughterhouse_1,slaughterhouse,0,,,,313.6,400.0,,,,,,,,,76,hitl
45,2026-05-31 17:15,wholesaler_1,wholesaler,0,,,,,,123.58,0.0,,,,,,,76,hitl
45,2026-05-31 17:15,retail_1,retail,0,,,,,,,,43.38,30.0,0.0,0.0,11.61,20.0,76,hitl
46,2026-05-31 17:30,supplier_1,supplier,0,818.25,,,,,,,,,,,,,76,hitl
46,2026-05-31 17:30,farm_1,farm,1,,772.0,0.0203,,,,,,,,,,,76,hitl
46,2026-05-31 17:30,slaughterhouse_1,slaughterhouse,0,,,,313.6,400.0,,,,,,,,,76,hitl
46,2026-05-31 17:30,wholesaler_1,wholesaler,0,,,,,,121.86,0.0,,,,,,,76,hitl
46,2026-05-31 17:30,retail_1,retail,0,,,,,,,,40.4,30.0,0.0,0.0,11.61,20.0,76,hitl
47,2026-05-31 17:45,supplier_1,supplier,0,816.96,,,,,,,,,,,,,76,hitl
47,2026-05-31 17:45,farm_1,farm,1,,772.0,0.0203,,,,,,,,,,,76,hitl
47,2026-05-31 17:45,slaughterhouse_1,slaughterhouse,0,,,,313.6,400.0,,,,,,,,,76,hitl
47,2026-05-31 17:45,wholesaler_1,wholesaler,0,,,,,,120.29,0.0,,,,,,,76,hitl
47,2026-05-31 17:45,retail_1,retail,0,,,,,,,,37.32,30.0,0.0,0.0,11.61,20.0,76,hitl
48,2026-05-31 18:00,supplier_1,supplier,0,815.55,,,,,,,,,,,,,76,hitl
48,2026-05-31 18:00,farm_1,farm,1,,380.0,0.14,,,,,,,,,,,76,hitl
48,2026-05-31 18:00,slaughterhouse_1,slaughterhouse,0,,,,313.6,376.0,,,,,,,,,76,hitl
48,2026-05-31 18:00,wholesaler_1,wholesaler,0,,,,,,110.18,0.0,,,,,,,76,hitl
48,2026-05-31 18:00,retail_1,retail,0,,,,,,,,34.12,30.0,0.0,0.0,11.61,20.0,76,hitl
49,2026-05-31 18:15,supplier_1,supplier,0,814.89,,,,,,,,,,,,,76,hitl
49,2026-05-31 18:15,farm_1,farm,1,,380.0,0.14,,,,,,,,,,,76,hitl
49,2026-05-31 18:15,slaughterhouse_1,slaughterhouse,0,,,,313.6,385.02,,,,,,,,,76,hitl
49,2026-05-31 18:15,wholesaler_1,wholesaler,0,,,,,,131.59,0.0,,,,,,,76,hitl
49,2026-05-31 18:15,retail_1,retail,0,,,,,,,,38.52,30.0,0.0,0.0,11.61,20.0,76,hitl
50,2026-05-31 18:30,supplier_1,supplier,0,814.1,,,,,,,,,,,,,76,hitl
50,2026-05-31 18:30,farm_1,farm,1,,380.0,0.14,,,,,,,,,,,76,hitl
50,2026-05-31 18:30,slaughterhouse_1,slaughterhouse,0,,,,313.6,394.2,,,,,,,,,76,hitl
50,2026-05-31 18:30,wholesaler_1,wholesaler,0,,,,,,129.53,0.0,,,,,,,76,hitl
50,2026-05-31 18:30,retail_1,retail,0,,,,,,,,35.68,30.0,0.0,0.0,11.61,20.0,76,hitl
51,2026-05-31 18:45,supplier_1,supplier,0,813.52,,,,,,,,,,,,,76,hitl
51,2026-05-31 18:45,farm_1,farm,1,,380.0,0.14,,,,,,,,,,,76,hitl
51,2026-05-31 18:45,slaughterhouse_1,slaughterhouse,0,,,,313.6,400.0,,,,,,,,,76,hitl
51,2026-05-31 18:45,wholesaler_1,wholesaler,0,,,,,,127.79,0.0,,,,,,,76,hitl
51,2026-05-31 18:45,retail_1,retail,0,,,,,,,,32.47,30.0,0.0,0.0,11.61,20.0,76,hitl
52,2026-05-31 19:00,supplier_1,supplier,0,812.82,,,,,,,,,,,,,76,hitl
52,2026-05-31 19:00,farm_1,farm,1,,380.0,0.14,,,,,,,,,,,76,hitl
52,2026-05-31 19:00,slaughterhouse_1,slaughterhouse,0,,,,313.6,400.0,,,,,,,,,76,hitl
52,2026-05-31 19:00,wholesaler_1,wholesaler,0,,,,,,117.68,0.0,,,,,,,76,hitl
52,2026-05-31 19:00,retail_1,retail,0,,,,,,,,29.33,30.0,0.0,0.25,11.61,20.0,76,hitl
53,2026-05-31 19:15,supplier_1,supplier,0,812.02,,,,,,,,,,,,,76,hitl
53,2026-05-31 19:15,farm_1,farm,1,,380.0,0.14,,,,,,,,,,,76,hitl
53,2026-05-31 19:15,slaughterhouse_1,slaughterhouse,0,,,,313.6,400.0,,,,,,,,,76,hitl
53,2026-05-31 19:15,wholesaler_1,wholesaler,0,,,,,,114.85,0.0,,,,,,,76,hitl
53,2026-05-31 19:15,retail_1,retail,0,,,,,,,,33.75,30.0,0.0,0.5,11.61,20.0,76,hitl
54,2026-05-31 19:30,supplier_1,supplier,0,810.59,,,,,,,,,,,,,76,hitl
54,2026-05-31 19:30,farm_1,farm,1,,380.0,0.14,,,,,,,,,,,76,hitl
54,2026-05-31 19:30,slaughterhouse_1,slaughterhouse,0,,,,313.6,400.0,,,,,,,,,76,hitl
54,2026-05-31 19:30,wholesaler_1,wholesaler,0,,,,,,112.25,0.0,,,,,,,76,hitl
54,2026-05-31 19:30,retail_1,retail,0,,,,,,,,30.55,30.0,0.0,0.0,11.61,20.0,76,hitl
55,2026-05-31 19:45,supplier_1,supplier,0,809.59,,,,,,,,,,,,,76,hitl
55,2026-05-31 19:45,farm_1,farm,1,,380.0,0.14,,,,,,,,,,,76,hitl
55,2026-05-31 19:45,slaughterhouse_1,slaughterhouse,0,,,,313.6,400.0,,,,,,,,,76,hitl
55,2026-05-31 19:45,wholesaler_1,wholesaler,0,,,,,,110.74,0.0,,,,,,,76,hitl
55,2026-05-31 19:45,retail_1,retail,0,,,,,,,,27.83,30.0,0.0,0.25,11.61,20.0,76,hitl
56,2026-05-31 20:00,supplier_1,supplier,0,808.74,,,,,,,,,,,,,76,hitl
56,2026-05-31 20:00,farm_1,farm,1,,380.0,0.14,,,,,,,,,,,76,hitl
56,2026-05-31 20:00,slaughterhouse_1,slaughterhouse,0,,,,313.6,376.0,,,,,,,,,76,hitl
56,2026-05-31 20:00,wholesaler_1,wholesaler,0,,,,,,101.03,0.0,,,,,,,76,hitl
56,2026-05-31 20:00,retail_1,retail,0,,,,,,,,24.75,30.0,0.0,0.5,11.61,20.0,76,hitl
57,2026-05-31 20:15,supplier_1,supplier,0,808.01,,,,,,,,,,,,,76,hitl
57,2026-05-31 20:15,farm_1,farm,1,,380.0,0.14,,,,,,,,,,,76,hitl
57,2026-05-31 20:15,slaughterhouse_1,slaughterhouse,0,,,,313.6,384.29,,,,,,,,,76,hitl
57,2026-05-31 20:15,wholesaler_1,wholesaler,0,,,,,,123.34,0.0,,,,,,,76,hitl
57,2026-05-31 20:15,retail_1,retail,0,,,,,,,,29.32,30.0,0.0,0.75,11.61,20.0,76,hitl
58,2026-05-31 20:30,supplier_1,supplier,0,806.97,,,,,,,,,,,,,76,hitl
58,2026-05-31 20:30,farm_1,farm,1,,380.0,0.14,,,,,,,,,,,76,hitl
58,2026-05-31 20:30,slaughterhouse_1,slaughterhouse,0,,,,313.6,393.18,,,,,,,,,76,hitl
58,2026-05-31 20:30,wholesaler_1,wholesaler,0,,,,,,121.35,0.0,,,,,,,76,hitl
58,2026-05-31 20:30,retail_1,retail,0,,,,,,,,26.27,30.0,0.0,1.0,11.61,20.0,76,hitl
59,2026-05-31 20:45,supplier_1,supplier,0,806.26,,,,,,,,,,,,,76,hitl
59,2026-05-31 20:45,farm_1,farm,1,,380.0,0.14,,,,,,,,,,,76,hitl
59,2026-05-31 20:45,slaughterhouse_1,slaughterhouse,0,,,,313.6,400.0,,,,,,,,,76,hitl
59,2026-05-31 20:45,wholesaler_1,wholesaler,0,,,,,,118.89,0.0,,,,,,,76,hitl
59,2026-05-31 20:45,retail_1,retail,0,,,,,,,,23.12,30.0,0.0,1.25,11.61,20.0,76,hitl
60,2026-05-31 21:00,supplier_1,supplier,0,805.07,,,,,,,,,,,,,76,hitl
60,2026-05-31 21:00,farm_1,farm,1,,380.0,0.14,,,,,,,,,,,76,hitl
60,2026-05-31 21:00,slaughterhouse_1,slaughterhouse,0,,,,313.6,400.0,,,,,,,,,76,hitl
60,2026-05-31 21:00,wholesaler_1,wholesaler,0,,,,,,108.94,0.0,,,,,,,76,hitl
60,2026-05-31 21:00,retail_1,retail,0,,,,,,,,20.44,30.0,0.0,1.5,11.61,20.0,76,hitl
61,2026-05-31 21:15,supplier_1,supplier,0,803.7,,,,,,,,,,,,,76,hitl
61,2026-05-31 21:15,farm_1,farm,1,,380.0,0.14,,,,,,,,,,,76,hitl
61,2026-05-31 21:15,slaughterhouse_1,slaughterhouse,0,,,,313.6,400.0,,,,,,,,,76,hitl
61,2026-05-31 21:15,wholesaler_1,wholesaler,0,,,,,,106.99,0.0,,,,,,,76,hitl
61,2026-05-31 21:15,retail_1,retail,0,,,,,,,,25.13,30.0,0.0,1.75,11.61,20.0,76,hitl
62,2026-05-31 21:30,supplier_1,supplier,0,802.9,,,,,,,,,,,,,76,hitl
62,2026-05-31 21:30,farm_1,farm,1,,380.0,0.14,,,,,,,,,,,76,hitl
62,2026-05-31 21:30,slaughterhouse_1,slaughterhouse,0,,,,313.6,400.0,,,,,,,,,76,hitl
62,2026-05-31 21:30,wholesaler_1,wholesaler,0,,,,,,104.62,0.0,,,,,,,76,hitl
62,2026-05-31 21:30,retail_1,retail,0,,,,,,,,21.98,30.0,0.0,2.0,11.61,20.0,76,hitl
63,2026-05-31 21:45,supplier_1,supplier,0,801.78,,,,,,,,,,,,,76,hitl
63,2026-05-31 21:45,farm_1,farm,1,,380.0,0.14,,,,,,,,,,,76,hitl
63,2026-05-31 21:45,slaughterhouse_1,slaughterhouse,0,,,,313.6,400.0,,,,,,,,,76,hitl
63,2026-05-31 21:45,wholesaler_1,wholesaler,0,,,,,,102.27,0.0,,,,,,,76,hitl
63,2026-05-31 21:45,retail_1,retail,1,,,,,,,,18.89,30.0,0.0,2.25,11.61,20.0,76,hitl
64,2026-05-31 22:00,supplier_1,supplier,0,800.82,,,,,,,,,,,,,76,hitl
64,2026-05-31 22:00,farm_1,farm,1,,380.0,0.14,,,,,,,,,,,76,hitl
64,2026-05-31 22:00,slaughterhouse_1,slaughterhouse,0,,,,313.6,376.0,,,,,,,,,76,hitl
64,2026-05-31 22:00,wholesaler_1,wholesaler,0,,,,,,92.31,0.0,,,,,,,76,hitl
64,2026-05-31 22:00,retail_1,retail,1,,,,,,,,15.67,30.0,0.0,2.5,11.61,20.0,76,hitl
65,2026-05-31 22:15,supplier_1,supplier,0,799.52,,,,,,,,,,,,,76,hitl
65,2026-05-31 22:15,farm_1,farm,1,,380.0,0.14,,,,,,,,,,,76,hitl
65,2026-05-31 22:15,slaughterhouse_1,slaughterhouse,0,,,,313.6,384.69,,,,,,,,,76,hitl
65,2026-05-31 22:15,wholesaler_1,wholesaler,0,,,,,,113.31,0.0,,,,,,,76,hitl
65,2026-05-31 22:15,retail_1,retail,1,,,,,,,,20.36,30.0,0.0,2.75,11.61,20.0,76,hitl
66,2026-05-31 22:30,supplier_1,supplier,0,798.54,,,,,,,,,,,,,76,hitl
66,2026-05-31 22:30,farm_1,farm,1,,380.0,0.14,,,,,,,,,,,76,hitl
66,2026-05-31 22:30,slaughterhouse_1,slaughterhouse,0,,,,313.6,392.9,,,,,,,,,76,hitl
66,2026-05-31 22:30,wholesaler_1,wholesaler,0,,,,,,110.47,0.0,,,,,,,76,hitl
66,2026-05-31 22:30,retail_1,retail,1,,,,,,,,17.32,30.0,0.0,3.0,11.61,20.0,76,hitl
67,2026-05-31 22:45,supplier_1,supplier,0,797.19,,,,,,,,,,,,,76,hitl
67,2026-05-31 22:45,farm_1,farm,1,,380.0,0.14,,,,,,,,,,,76,hitl
67,2026-05-31 22:45,slaughterhouse_1,slaughterhouse,0,,,,313.6,400.0,,,,,,,,,76,hitl
67,2026-05-31 22:45,wholesaler_1,wholesaler,0,,,,,,108.24,0.0,,,,,,,76,hitl
67,2026-05-31 22:45,retail_1,retail,1,,,,,,,,14.15,30.0,0.0,3.25,11.61,20.0,76,hitl
68,2026-05-31 23:00,supplier_1,supplier,0,795.98,,,,,,,,,,,,,76,hitl
68,2026-05-31 23:00,farm_1,farm,1,,380.0,0.14,,,,,,,,,,,76,hitl
68,2026-05-31 23:00,slaughterhouse_1,slaughterhouse,0,,,,313.6,400.0,,,,,,,,,76,hitl
68,2026-05-31 23:00,wholesaler_1,wholesaler,0,,,,,,98.29,0.0,,,,,,,76,hitl
68,2026-05-31 23:00,retail_1,retail,1,,,,,,,,11.55,30.0,0.0,3.5,11.61,20.0,76,hitl
69,2026-05-31 23:15,supplier_1,supplier,0,794.91,,,,,,,,,,,,,76,hitl
69,2026-05-31 23:15,farm_1,farm,1,,380.0,0.14,,,,,,,,,,,76,hitl
69,2026-05-31 23:15,slaughterhouse_1,slaughterhouse,0,,,,313.6,400.0,,,,,,,,,76,hitl
69,2026-05-31 23:15,wholesaler_1,wholesaler,0,,,,,,96.22,0.0,,,,,,,76,hitl
69,2026-05-31 23:15,retail_1,retail,1,,,,,,,,16.17,30.0,0.0,3.75,11.61,20.0,76,hitl
70,2026-05-31 23:30,supplier_1,supplier,0,794.35,,,,,,,,,,,,,76,hitl
70,2026-05-31 23:30,farm_1,farm,1,,380.0,0.14,,,,,,,,,,,76,hitl
70,2026-05-31 23:30,slaughterhouse_1,slaughterhouse,0,,,,313.6,400.0,,,,,,,,,76,hitl
70,2026-05-31 23:30,wholesaler_1,wholesaler,0,,,,,,93.78,0.0,,,,,,,76,hitl
70,2026-05-31 23:30,retail_1,retail,1,,,,,,,,13.44,30.0,0.0,4.0,11.61,20.0,76,hitl
71,2026-05-31 23:45,supplier_1,supplier,0,793.18,,,,,,,,,,,,,76,hitl
71,2026-05-31 23:45,farm_1,farm,1,,380.0,0.14,,,,,,,,,,,76,hitl
71,2026-05-31 23:45,slaughterhouse_1,slaughterhouse,0,,,,313.6,400.0,,,,,,,,,76,hitl
71,2026-05-31 23:45,wholesaler_1,wholesaler,0,,,,,,91.03,0.0,,,,,,,76,hitl
71,2026-05-31 23:45,retail_1,retail,1,,,,,,,,10.32,30.0,0.0,4.25,11.61,20.0,76,hitl
72,2026-06-01 00:00,supplier_1,supplier,0,792.32,,,,,,,,,,,,,76,hitl
72,2026-06-01 00:00,farm_1,farm,1,,380.0,0.14,,,,,,,,,,,76,hitl
72,2026-06-01 00:00,slaughterhouse_1,slaughterhouse,0,,,,313.6,376.0,,,,,,,,,76,hitl
72,2026-06-01 00:00,wholesaler_1,wholesaler,1,,,,,,81.27,0.0,,,,,,,76,hitl
72,2026-06-01 00:00,retail_1,retail,1,,,,,,,,7.44,30.0,0.0,4.5,11.61,20.0,76,hitl
73,2026-06-01 00:15,supplier_1,supplier,0,791.05,,,,,,,,,,,,,76,hitl
73,2026-06-01 00:15,farm_1,farm,1,,380.0,0.14,,,,,,,,,,,76,hitl
73,2026-06-01 00:15,slaughterhouse_1,slaughterhouse,0,,,,313.6,384.93,,,,,,,,,76,hitl
73,2026-06-01 00:15,wholesaler_1,wholesaler,1,,,,,,103.67,0.0,,,,,,,76,hitl
73,2026-06-01 00:15,retail_1,retail,1,,,,,,,,11.46,30.0,0.0,4.75,11.61,20.0,76,hitl
74,2026-06-01 00:30,supplier_1,supplier,0,790.5,,,,,,,,,,,,,76,hitl
74,2026-06-01 00:30,farm_1,farm,1,,380.0,0.14,,,,,,,,,,,76,hitl
74,2026-06-01 00:30,slaughterhouse_1,slaughterhouse,0,,,,313.6,392.97,,,,,,,,,76,hitl
74,2026-06-01 00:30,wholesaler_1,wholesaler,1,,,,,,101.18,0.0,,,,,,,76,hitl
74,2026-06-01 00:30,retail_1,retail,1,,,,,,,,8.72,30.0,0.0,5.0,11.61,20.0,76,hitl
75,2026-06-01 00:45,supplier_1,supplier,0,789.12,,,,,,,,,,,,,76,hitl
75,2026-06-01 00:45,farm_1,farm,1,,380.0,0.14,,,,,,,,,,,76,hitl
75,2026-06-01 00:45,slaughterhouse_1,slaughterhouse,0,,,,313.6,400.0,,,,,,,,,76,hitl
75,2026-06-01 00:45,wholesaler_1,wholesaler,1,,,,,,99.52,0.0,,,,,,,76,hitl
75,2026-06-01 00:45,retail_1,retail,1,,,,,,,,6.13,30.0,0.0,5.25,11.61,20.0,76,hitl
76,2026-06-01 01:00,supplier_1,supplier,0,788.1,,,,,,,,,,,,,76,hitl
76,2026-06-01 01:00,farm_1,farm,1,,380.0,0.14,,,,,,,,,,,76,hitl
76,2026-06-01 01:00,slaughterhouse_1,slaughterhouse,0,,,,313.6,400.0,,,,,,,,,76,hitl
76,2026-06-01 01:00,wholesaler_1,wholesaler,1,,,,,,90.05,0.0,,,,,,,76,hitl
76,2026-06-01 01:00,retail_1,retail,1,,,,,,,,3.12,30.0,0.0,5.5,11.61,20.0,76,hitl
77,2026-06-01 01:15,supplier_1,supplier,0,787.36,,,,,,,,,,,,,76,hitl
77,2026-06-01 01:15,farm_1,farm,1,,380.0,0.14,,,,,,,,,,,76,hitl
77,2026-06-01 01:15,slaughterhouse_1,slaughterhouse,0,,,,313.6,400.0,,,,,,,,,76,hitl
77,2026-06-01 01:15,wholesaler_1,wholesaler,1,,,,,,88.22,0.0,,,,,,,76,hitl
77,2026-06-01 01:15,retail_1,retail,1,,,,,,,,7.57,30.0,0.0,5.75,11.61,20.0,76,hitl
78,2026-06-01 01:30,supplier_1,supplier,0,786.84,,,,,,,,,,,,,76,hitl
78,2026-06-01 01:30,farm_1,farm,1,,380.0,0.14,,,,,,,,,,,76,hitl
78,2026-06-01 01:30,slaughterhouse_1,slaughterhouse,0,,,,313.6,400.0,,,,,,,,,76,hitl
78,2026-06-01 01:30,wholesaler_1,wholesaler,1,,,,,,85.74,0.0,,,,,,,76,hitl
78,2026-06-01 01:30,retail_1,retail,1,,,,,,,,4.68,30.0,0.0,6.0,11.61,20.0,76,hitl
79,2026-06-01 01:45,supplier_1,supplier,0,785.78,,,,,,,,,,,,,76,hitl
79,2026-06-01 01:45,farm_1,farm,1,,380.0,0.14,,,,,,,,,,,76,hitl
79,2026-06-01 01:45,slaughterhouse_1,slaughterhouse,0,,,,313.6,400.0,,,,,,,,,76,hitl
79,2026-06-01 01:45,wholesaler_1,wholesaler,1,,,,,,83.94,0.0,,,,,,,76,hitl
79,2026-06-01 01:45,retail_1,retail,1,,,,,,,,1.68,30.0,0.0,6.25,11.61,20.0,76,hitl
80,2026-06-01 02:00,supplier_1,supplier,0,784.33,,,,,,,,,,,,,76,hitl
80,2026-06-01 02:00,farm_1,farm,1,,380.0,0.14,,,,,,,,,,,76,hitl
80,2026-06-01 02:00,slaughterhouse_1,slaughterhouse,0,,,,313.6,376.0,,,,,,,,,76,hitl
80,2026-06-01 02:00,wholesaler_1,wholesaler,1,,,,,,74.69,0.0,,,,,,,76,hitl
80,2026-06-01 02:00,retail_1,retail,1,,,,,,,,0.0,30.0,1.0,6.5,11.61,20.0,76,hitl
81,2026-06-01 02:15,supplier_1,supplier,0,782.92,,,,,,,,,,,,,76,hitl
81,2026-06-01 02:15,farm_1,farm,1,,380.0,0.14,,,,,,,,,,,76,hitl
81,2026-06-01 02:15,slaughterhouse_1,slaughterhouse,0,,,,313.6,384.51,,,,,,,,,76,hitl
81,2026-06-01 02:15,wholesaler_1,wholesaler,1,,,,,,96.71,0.0,,,,,,,76,hitl
81,2026-06-01 02:15,retail_1,retail,1,,,,,,,,7.25,30.0,1.0,6.75,11.61,20.0,76,hitl
82,2026-06-01 02:30,supplier_1,supplier,0,782.13,,,,,,,,,,,,,76,hitl
82,2026-06-01 02:30,farm_1,farm,1,,380.0,0.14,,,,,,,,,,,76,hitl
82,2026-06-01 02:30,slaughterhouse_1,slaughterhouse,0,,,,313.6,393.1,,,,,,,,,76,hitl
82,2026-06-01 02:30,wholesaler_1,wholesaler,1,,,,,,94.13,0.0,,,,,,,76,hitl
82,2026-06-01 02:30,retail_1,retail,1,,,,,,,,4.45,30.0,0.0,7.0,11.61,20.0,76,hitl
83,2026-06-01 02:45,supplier_1,supplier,0,780.93,,,,,,,,,,,,,76,hitl
83,2026-06-01 02:45,farm_1,farm,1,,380.0,0.14,,,,,,,,,,,76,hitl
83,2026-06-01 02:45,slaughterhouse_1,slaughterhouse,0,,,,313.6,400.0,,,,,,,,,76,hitl
83,2026-06-01 02:45,wholesaler_1,wholesaler,1,,,,,,91.99,0.0,,,,,,,76,hitl
83,2026-06-01 02:45,retail_1,retail,1,,,,,,,,1.43,30.0,0.0,7.25,11.61,20.0,76,hitl
84,2026-06-01 03:00,supplier_1,supplier,0,780.23,,,,,,,,,,,,,76,hitl
84,2026-06-01 03:00,farm_1,farm,1,,380.0,0.14,,,,,,,,,,,76,hitl
84,2026-06-01 03:00,slaughterhouse_1,slaughterhouse,0,,,,313.6,400.0,,,,,,,,,76,hitl
84,2026-06-01 03:00,wholesaler_1,wholesaler,1,,,,,,81.81,0.0,,,,,,,76,hitl
84,2026-06-01 03:00,retail_1,retail,1,,,,,,,,0.0,30.0,1.0,7.5,11.61,20.0,76,hitl
85,2026-06-01 03:15,supplier_1,supplier,0,778.78,,,,,,,,,,,,,76,hitl
85,2026-06-01 03:15,farm_1,farm,1,,380.0,0.14,,,,,,,,,,,76,hitl
85,2026-06-01 03:15,slaughterhouse_1,slaughterhouse,0,,,,313.6,400.0,,,,,,,,,76,hitl
85,2026-06-01 03:15,wholesaler_1,wholesaler,1,,,,,,80.11,0.0,,,,,,,76,hitl
85,2026-06-01 03:15,retail_1,retail,1,,,,,,,,7.25,30.0,1.0,7.75,11.61,20.0,76,hitl
86,2026-06-01 03:30,supplier_1,supplier,0,778.21,,,,,,,,,,,,,76,hitl
86,2026-06-01 03:30,farm_1,farm,1,,380.0,0.14,,,,,,,,,,,76,hitl
86,2026-06-01 03:30,slaughterhouse_1,slaughterhouse,0,,,,313.6,400.0,,,,,,,,,76,hitl
86,2026-06-01 03:30,wholesaler_1,wholesaler,1,,,,,,77.36,0.0,,,,,,,76,hitl
86,2026-06-01 03:30,retail_1,retail,1,,,,,,,,4.18,30.0,0.0,8.0,11.61,20.0,76,hitl
87,2026-06-01 03:45,supplier_1,supplier,0,776.79,,,,,,,,,,,,,76,hitl
87,2026-06-01 03:45,farm_1,farm,1,,380.0,0.14,,,,,,,,,,,76,hitl
87,2026-06-01 03:45,slaughterhouse_1,slaughterhouse,0,,,,313.6,400.0,,,,,,,,,76,hitl
87,2026-06-01 03:45,wholesaler_1,wholesaler,1,,,,,,74.82,0.0,,,,,,,76,hitl
87,2026-06-01 03:45,retail_1,retail,1,,,,,,,,1.14,30.0,0.0,8.25,11.61,20.0,76,hitl
88,2026-06-01 04:00,supplier_1,supplier,0,775.92,,,,,,,,,,,,,76,hitl
88,2026-06-01 04:00,farm_1,farm,1,,380.0,0.14,,,,,,,,,,,76,hitl
88,2026-06-01 04:00,slaughterhouse_1,slaughterhouse,0,,,,313.6,376.0,,,,,,,,,76,hitl
88,2026-06-01 04:00,wholesaler_1,wholesaler,1,,,,,,64.86,0.0,,,,,,,76,hitl
88,2026-06-01 04:00,retail_1,retail,1,,,,,,,,0.0,30.0,1.0,8.5,11.61,20.0,76,hitl
89,2026-06-01 04:15,supplier_1,supplier,0,774.56,,,,,,,,,,,,,76,hitl
89,2026-06-01 04:15,farm_1,farm,1,,380.0,0.14,,,,,,,,,,,76,hitl
89,2026-06-01 04:15,slaughterhouse_1,slaughterhouse,0,,,,313.6,384.11,,,,,,,,,76,hitl
89,2026-06-01 04:15,wholesaler_1,wholesaler,1,,,,,,86.25,0.0,,,,,,,76,hitl
89,2026-06-01 04:15,retail_1,retail,1,,,,,,,,7.25,30.0,1.0,8.75,11.61,20.0,76,hitl
90,2026-06-01 04:30,supplier_1,supplier,0,773.59,,,,,,,,,,,,,76,hitl
90,2026-06-01 04:30,farm_1,farm,1,,380.0,0.14,,,,,,,,,,,76,hitl
90,2026-06-01 04:30,slaughterhouse_1,slaughterhouse,0,,,,313.6,392.92,,,,,,,,,76,hitl
90,2026-06-01 04:30,wholesaler_1,wholesaler,1,,,,,,83.3,0.0,,,,,,,76,hitl
90,2026-06-01 04:30,retail_1,retail,1,,,,,,,,4.25,30.0,0.0,9.0,11.61,20.0,76,hitl
91,2026-06-01 04:45,supplier_1,supplier,0,772.9,,,,,,,,,,,,,76,hitl
91,2026-06-01 04:45,farm_1,farm,1,,380.0,0.14,,,,,,,,,,,76,hitl
91,2026-06-01 04:45,slaughterhouse_1,slaughterhouse,0,,,,313.6,400.0,,,,,,,,,76,hitl
91,2026-06-01 04:45,wholesaler_1,wholesaler,1,,,,,,81.18,0.0,,,,,,,76,hitl
91,2026-06-01 04:45,retail_1,retail,1,,,,,,,,1.46,30.0,0.0,9.25,11.61,20.0,76,hitl
92,2026-06-01 05:00,supplier_1,supplier,0,772.29,,,,,,,,,,,,,76,hitl
92,2026-06-01 05:00,farm_1,farm,1,,380.0,0.14,,,,,,,,,,,76,hitl
92,2026-06-01 05:00,slaughterhouse_1,slaughterhouse,0,,,,313.6,400.0,,,,,,,,,76,hitl
92,2026-06-01 05:00,wholesaler_1,wholesaler,1,,,,,,72.28,0.0,,,,,,,76,hitl
92,2026-06-01 05:00,retail_1,retail,1,,,,,,,,0.0,30.0,1.0,9.5,11.61,20.0,76,hitl
93,2026-06-01 05:15,supplier_1,supplier,0,770.95,,,,,,,,,,,,,76,hitl
93,2026-06-01 05:15,farm_1,farm,1,,380.0,0.14,,,,,,,,,,,76,hitl
93,2026-06-01 05:15,slaughterhouse_1,slaughterhouse,0,,,,313.6,400.0,,,,,,,,,76,hitl
93,2026-06-01 05:15,wholesaler_1,wholesaler,1,,,,,,70.07,0.0,,,,,,,76,hitl
93,2026-06-01 05:15,retail_1,retail,1,,,,,,,,7.25,30.0,1.0,9.75,11.61,20.0,76,hitl
94,2026-06-01 05:30,supplier_1,supplier,0,769.65,,,,,,,,,,,,,76,hitl
94,2026-06-01 05:30,farm_1,farm,1,,380.0,0.14,,,,,,,,,,,76,hitl
94,2026-06-01 05:30,slaughterhouse_1,slaughterhouse,0,,,,313.6,400.0,,,,,,,,,76,hitl
94,2026-06-01 05:30,wholesaler_1,wholesaler,1,,,,,,67.38,0.0,,,,,,,76,hitl
94,2026-06-01 05:30,retail_1,retail,1,,,,,,,,4.3,30.0,0.0,10.0,11.61,20.0,76,hitl
95,2026-06-01 05:45,supplier_1,supplier,0,768.7,,,,,,,,,,,,,76,hitl
95,2026-06-01 05:45,farm_1,farm,1,,380.0,0.14,,,,,,,,,,,76,hitl
95,2026-06-01 05:45,slaughterhouse_1,slaughterhouse,0,,,,313.6,400.0,,,,,,,,,76,hitl
95,2026-06-01 05:45,wholesaler_1,wholesaler,1,,,,,,64.97,0.0,,,,,,,76,hitl
95,2026-06-01 05:45,retail_1,retail,1,,,,,,,,1.1,30.0,0.0,10.25,11.61,20.0,76,hitl
96,2026-06-01 06:00,supplier_1,supplier,0,767.57,,,,,,,,,,,,,76,hitl
96,2026-06-01 06:00,farm_1,farm,1,,380.0,0.14,,,,,,,,,,,76,hitl
96,2026-06-01 06:00,slaughterhouse_1,slaughterhouse,1,,,,175.0,82.4,,,,,,,,,76,hitl
96,2026-06-01 06:00,wholesaler_1,wholesaler,1,,,,,,57.0,0.0,,,,,,,76,hitl
96,2026-06-01 06:00,retail_1,retail,1,,,,,,,,0.0,30.0,1.0,10.5,11.61,20.0,76,hitl
97,2026-06-01 06:15,supplier_1,supplier,0,766.32,,,,,,,,,,,,,76,hitl
97,2026-06-01 06:15,farm_1,farm,1,,380.0,0.14,,,,,,,,,,,76,hitl
97,2026-06-01 06:15,slaughterhouse_1,slaughterhouse,1,,,,175.0,87.5,,,,,,,,,76,hitl
97,2026-06-01 06:15,wholesaler_1,wholesaler,1,,,,,,58.68,0.0,,,,,,,76,hitl
97,2026-06-01 06:15,retail_1,retail,1,,,,,,,,5.08,30.0,1.0,10.75,11.61,20.0,76,hitl
98,2026-06-01 06:30,supplier_1,supplier,0,764.96,,,,,,,,,,,,,76,hitl
98,2026-06-01 06:30,farm_1,farm,1,,380.0,0.14,,,,,,,,,,,76,hitl
98,2026-06-01 06:30,slaughterhouse_1,slaughterhouse,1,,,,175.0,92.62,,,,,,,,,76,hitl
98,2026-06-01 06:30,wholesaler_1,wholesaler,1,,,,,,56.45,0.0,,,,,,,76,hitl
98,2026-06-01 06:30,retail_1,retail,1,,,,,,,,2.42,30.0,0.0,11.0,11.61,20.0,76,hitl
99,2026-06-01 06:45,supplier_1,supplier,0,763.87,,,,,,,,,,,,,76,hitl
99,2026-06-01 06:45,farm_1,farm,1,,380.0,0.14,,,,,,,,,,,76,hitl
99,2026-06-01 06:45,slaughterhouse_1,slaughterhouse,1,,,,175.0,97.74,,,,,,,,,76,hitl
99,2026-06-01 06:45,wholesaler_1,wholesaler,1,,,,,,53.97,0.0,,,,,,,76,hitl
99,2026-06-01 06:45,retail_1,retail,1,,,,,,,,0.0,30.0,1.0,11.25,11.61,20.0,76,hitl
100,2026-06-01 07:00,supplier_1,supplier,0,762.64,,,,,,,,,,,,,76,hitl
100,2026-06-01 07:00,farm_1,farm,1,,380.0,0.14,,,,,,,,,,,76,hitl
100,2026-06-01 07:00,slaughterhouse_1,slaughterhouse,1,,,,175.0,102.39,,,,,,,,,76,hitl
100,2026-06-01 07:00,wholesaler_1,wholesaler,1,,,,,,47.2,0.0,,,,,,,76,hitl
100,2026-06-01 07:00,retail_1,retail,1,,,,,,,,0.0,30.0,1.0,11.5,11.61,20.0,76,hitl
101,2026-06-01 07:15,supplier_1,supplier,0,761.85,,,,,,,,,,,,,76,hitl
101,2026-06-01 07:15,farm_1,farm,1,,380.0,0.14,,,,,,,,,,,76,hitl
101,2026-06-01 07:15,slaughterhouse_1,slaughterhouse,1,,,,175.0,107.16,,,,,,,,,76,hitl
101,2026-06-01 07:15,wholesaler_1,wholesaler,1,,,,,,45.0,0.0,,,,,,,76,hitl
101,2026-06-01 07:15,retail_1,retail,1,,,,,,,,5.08,30.0,1.0,11.75,11.61,20.0,76,hitl
102,2026-06-01 07:30,supplier_1,supplier,0,761.34,,,,,,,,,,,,,76,hitl
102,2026-06-01 07:30,farm_1,farm,1,,380.0,0.14,,,,,,,,,,,76,hitl
102,2026-06-01 07:30,slaughterhouse_1,slaughterhouse,1,,,,175.0,111.85,,,,,,,,,76,hitl
102,2026-06-01 07:30,wholesaler_1,wholesaler,1,,,,,,42.58,0.0,,,,,,,76,hitl
102,2026-06-01 07:30,retail_1,retail,1,,,,,,,,1.89,30.0,0.0,12.0,11.61,20.0,76,hitl
103,2026-06-01 07:45,supplier_1,supplier,0,759.96,,,,,,,,,,,,,76,hitl
103,2026-06-01 07:45,farm_1,farm,1,,380.0,0.14,,,,,,,,,,,76,hitl
103,2026-06-01 07:45,slaughterhouse_1,slaughterhouse,1,,,,175.0,116.74,,,,,,,,,76,hitl
103,2026-06-01 07:45,wholesaler_1,wholesaler,1,,,,,,40.76,0.0,,,,,,,76,hitl
103,2026-06-01 07:45,retail_1,retail,1,,,,,,,,0.0,30.0,1.0,12.25,11.61,20.0,76,hitl
104,2026-06-01 08:00,supplier_1,supplier,0,758.63,,,,,,,,,,,,,76,hitl
104,2026-06-01 08:00,farm_1,farm,1,,380.0,0.14,,,,,,,,,,,76,hitl
104,2026-06-01 08:00,slaughterhouse_1,slaughterhouse,1,,,,175.0,117.08,,,,,,,,,76,hitl
104,2026-06-01 08:00,wholesaler_1,wholesaler,1,,,,,,33.04,0.0,,,,,,,76,hitl
104,2026-06-01 08:00,retail_1,retail,1,,,,,,,,0.0,30.0,1.0,12.5,11.61,20.0,76,hitl
105,2026-06-01 08:15,supplier_1,supplier,0,758.02,,,,,,,,,,,,,76,hitl
105,2026-06-01 08:15,farm_1,farm,1,,380.0,0.14,,,,,,,,,,,76,hitl
105,2026-06-01 08:15,slaughterhouse_1,slaughterhouse,1,,,,175.0,122.23,,,,,,,,,76,hitl
105,2026-06-01 08:15,wholesaler_1,wholesaler,1,,,,,,35.57,0.0,,,,,,,76,hitl
105,2026-06-01 08:15,retail_1,retail,1,,,,,,,,5.08,30.0,1.0,12.75,11.61,20.0,76,hitl
106,2026-06-01 08:30,supplier_1,supplier,0,756.63,,,,,,,,,,,,,76,hitl
106,2026-06-01 08:30,farm_1,farm,1,,380.0,0.14,,,,,,,,,,,76,hitl
106,2026-06-01 08:30,slaughterhouse_1,slaughterhouse,1,,,,175.0,126.72,,,,,,,,,76,hitl
106,2026-06-01 08:30,wholesaler_1,wholesaler,1,,,,,,33.84,0.0,,,,,,,76,hitl
106,2026-06-01 08:30,retail_1,retail,1,,,,,,,,2.32,30.0,0.0,13.0,11.61,20.0,76,hitl
107,2026-06-01 08:45,supplier_1,supplier,0,755.14,,,,,,,,,,,,,76,hitl
107,2026-06-01 08:45,farm_1,farm,1,,380.0,0.14,,,,,,,,,,,76,hitl
107,2026-06-01 08:45,slaughterhouse_1,slaughterhouse,1,,,,175.0,131.25,,,,,,,,,76,hitl
107,2026-06-01 08:45,wholesaler_1,wholesaler,1,,,,,,32.22,0.0,,,,,,,76,hitl
107,2026-06-01 08:45,retail_1,retail,1,,,,,,,,0.0,30.0,1.0,13.25,11.61,20.0,76,hitl
108,2026-06-01 09:00,supplier_1,supplier,0,754.4,,,,,,,,,,,,,76,hitl
108,2026-06-01 09:00,farm_1,farm,1,,380.0,0.14,,,,,,,,,,,76,hitl
108,2026-06-01 09:00,slaughterhouse_1,slaughterhouse,1,,,,175.0,135.89,,,,,,,,,76,hitl
108,2026-06-01 09:00,wholesaler_1,wholesaler,1,,,,,,29.67,0.0,,,,,,,76,hitl
108,2026-06-01 09:00,retail_1,retail,1,,,,,,,,0.0,30.0,1.0,13.5,11.61,20.0,76,hitl
109,2026-06-01 09:15,supplier_1,supplier,0,753.17,,,,,,,,,,,,,76,hitl
109,2026-06-01 09:15,farm_1,farm,1,,380.0,0.14,,,,,,,,,,,76,hitl
109,2026-06-01 09:15,slaughterhouse_1,slaughterhouse,1,,,,175.0,140.89,,,,,,,,,76,hitl
109,2026-06-01 09:15,wholesaler_1,wholesaler,1,,,,,,28.16,0.0,,,,,,,76,hitl
109,2026-06-01 09:15,retail_1,retail,1,,,,,,,,0.0,30.0,1.0,13.75,11.61,20.0,76,hitl
110,2026-06-01 09:30,supplier_1,supplier,0,751.78,,,,,,,,,,,,,76,hitl
110,2026-06-01 09:30,farm_1,farm,1,,380.0,0.14,,,,,,,,,,,76,hitl
110,2026-06-01 09:30,slaughterhouse_1,slaughterhouse,1,,,,175.0,145.81,,,,,,,,,76,hitl
110,2026-06-01 09:30,wholesaler_1,wholesaler,1,,,,,,26.3,0.0,,,,,,,76,hitl
110,2026-06-01 09:30,retail_1,retail,1,,,,,,,,0.0,30.0,1.0,14.0,11.61,20.0,76,hitl
111,2026-06-01 09:45,supplier_1,supplier,0,750.33,,,,,,,,,,,,,76,hitl
111,2026-06-01 09:45,farm_1,farm,1,,380.0,0.14,,,,,,,,,,,76,hitl
111,2026-06-01 09:45,slaughterhouse_1,slaughterhouse,1,,,,175.0,150.55,,,,,,,,,76,hitl
111,2026-06-01 09:45,wholesaler_1,wholesaler,1,,,,,,24.49,0.0,,,,,,,76,hitl
111,2026-06-01 09:45,retail_1,retail,1,,,,,,,,0.0,30.0,1.0,14.25,11.61,20.0,76,hitl
112,2026-06-01 10:00,supplier_1,supplier,0,749.08,,,,,,,,,,,,,76,hitl
112,2026-06-01 10:00,farm_1,farm,1,,380.0,0.14,,,,,,,,,,,76,hitl
112,2026-06-01 10:00,slaughterhouse_1,slaughterhouse,1,,,,175.0,151.03,,,,,,,,,76,hitl
112,2026-06-01 10:00,wholesaler_1,wholesaler,1,,,,,,22.13,0.0,,,,,,,76,hitl
112,2026-06-01 10:00,retail_1,retail,1,,,,,,,,0.0,30.0,1.0,14.5,11.61,20.0,76,hitl
113,2026-06-01 10:15,supplier_1,supplier,0,748.51,,,,,,,,,,,,,76,hitl
113,2026-06-01 10:15,farm_1,farm,1,,380.0,0.14,,,,,,,,,,,76,hitl
113,2026-06-01 10:15,slaughterhouse_1,slaughterhouse,1,,,,175.0,156.16,,,,,,,,,76,hitl
113,2026-06-01 10:15,wholesaler_1,wholesaler,1,,,,,,24.22,0.0,,,,,,,76,hitl
113,2026-06-01 10:15,retail_1,retail,1,,,,,,,,0.0,30.0,1.0,14.75,11.61,20.0,76,hitl
114,2026-06-01 10:30,supplier_1,supplier,0,747.3,,,,,,,,,,,,,76,hitl
114,2026-06-01 10:30,farm_1,farm,1,,380.0,0.14,,,,,,,,,,,76,hitl
114,2026-06-01 10:30,slaughterhouse_1,slaughterhouse,1,,,,175.0,161.18,,,,,,,,,76,hitl
114,2026-06-01 10:30,wholesaler_1,wholesaler,1,,,,,,21.61,0.0,,,,,,,76,hitl
114,2026-06-01 10:30,retail_1,retail,1,,,,,,,,0.0,30.0,1.0,15.0,11.61,20.0,76,hitl
115,2026-06-01 10:45,supplier_1,supplier,0,746.25,,,,,,,,,,,,,76,hitl
115,2026-06-01 10:45,farm_1,farm,1,,380.0,0.14,,,,,,,,,,,76,hitl
115,2026-06-01 10:45,slaughterhouse_1,slaughterhouse,1,,,,175.0,166.21,,,,,,,,,76,hitl
115,2026-06-01 10:45,wholesaler_1,wholesaler,1,,,,,,19.06,0.0,,,,,,,76,hitl
115,2026-06-01 10:45,retail_1,retail,1,,,,,,,,0.0,30.0,1.0,15.25,11.61,20.0,76,hitl
116,2026-06-01 11:00,supplier_1,supplier,0,745.74,,,,,,,,,,,,,76,hitl
116,2026-06-01 11:00,farm_1,farm,1,,380.0,0.14,,,,,,,,,,,76,hitl
116,2026-06-01 11:00,slaughterhouse_1,slaughterhouse,1,,,,175.0,170.99,,,,,,,,,76,hitl
116,2026-06-01 11:00,wholesaler_1,wholesaler,1,,,,,,16.99,0.0,,,,,,,76,hitl
116,2026-06-01 11:00,retail_1,retail,1,,,,,,,,0.0,30.0,1.0,15.5,11.61,20.0,76,hitl
117,2026-06-01 11:15,supplier_1,supplier,0,745.21,,,,,,,,,,,,,76,hitl
117,2026-06-01 11:15,farm_1,farm,1,,380.0,0.14,,,,,,,,,,,76,hitl
117,2026-06-01 11:15,slaughterhouse_1,slaughterhouse,1,,,,175.0,176.11,,,,,,,,,76,hitl
117,2026-06-01 11:15,wholesaler_1,wholesaler,1,,,,,,14.48,0.0,,,,,,,76,hitl
117,2026-06-01 11:15,retail_1,retail,1,,,,,,,,0.0,30.0,1.0,15.75,11.61,20.0,76,hitl
118,2026-06-01 11:30,supplier_1,supplier,0,743.75,,,,,,,,,,,,,76,hitl
118,2026-06-01 11:30,farm_1,farm,1,,380.0,0.14,,,,,,,,,,,76,hitl
118,2026-06-01 11:30,slaughterhouse_1,slaughterhouse,1,,,,175.0,181.19,,,,,,,,,76,hitl
118,2026-06-01 11:30,wholesaler_1,wholesaler,1,,,,,,11.92,0.0,,,,,,,76,hitl
118,2026-06-01 11:30,retail_1,retail,1,,,,,,,,0.0,30.0,1.0,16.0,11.61,20.0,76,hitl
119,2026-06-01 11:45,supplier_1,supplier,0,742.75,,,,,,,,,,,,,76,hitl
119,2026-06-01 11:45,farm_1,farm,1,,380.0,0.14,,,,,,,,,,,76,hitl
119,2026-06-01 11:45,slaughterhouse_1,slaughterhouse,1,,,,175.0,186.26,,,,,,,,,76,hitl
119,2026-06-01 11:45,wholesaler_1,wholesaler,1,,,,,,9.37,0.0,,,,,,,76,hitl
119,2026-06-01 11:45,retail_1,retail,1,,,,,,,,0.0,30.0,1.0,16.25,11.61,20.0,76,hitl
120,2026-06-01 12:00,supplier_1,supplier,0,741.74,,,,,,,,,,,,,76,hitl
120,2026-06-01 12:00,farm_1,farm,1,,380.0,0.14,,,,,,,,,,,76,hitl
120,2026-06-01 12:00,slaughterhouse_1,slaughterhouse,1,,,,175.0,186.88,,,,,,,,,76,hitl
120,2026-06-01 12:00,wholesaler_1,wholesaler,1,,,,,,7.24,0.0,,,,,,,76,hitl
120,2026-06-01 12:00,retail_1,retail,1,,,,,,,,0.0,30.0,1.0,16.5,11.61,20.0,76,hitl
121,2026-06-01 12:15,supplier_1,supplier,0,740.53,,,,,,,,,,,,,76,hitl
121,2026-06-01 12:15,farm_1,farm,1,,380.0,0.14,,,,,,,,,,,76,hitl
121,2026-06-01 12:15,slaughterhouse_1,slaughterhouse,1,,,,175.0,191.46,,,,,,,,,76,hitl
121,2026-06-01 12:15,wholesaler_1,wholesaler,1,,,,,,8.6,0.0,,,,,,,76,hitl
121,2026-06-01 12:15,retail_1,retail,1,,,,,,,,0.0,30.0,1.0,16.75,11.61,20.0,76,hitl
122,2026-06-01 12:30,supplier_1,supplier,0,739.71,,,,,,,,,,,,,76,hitl
122,2026-06-01 12:30,farm_1,farm,1,,380.0,0.14,,,,,,,,,,,76,hitl
122,2026-06-01 12:30,slaughterhouse_1,slaughterhouse,1,,,,175.0,196.38,,,,,,,,,76,hitl
122,2026-06-01 12:30,wholesaler_1,wholesaler,1,,,,,,6.32,0.0,,,,,,,76,hitl
122,2026-06-01 12:30,retail_1,retail,1,,,,,,,,0.0,30.0,1.0,17.0,11.61,20.0,76,hitl
123,2026-06-01 12:45,supplier_1,supplier,0,738.82,,,,,,,,,,,,,76,hitl
123,2026-06-01 12:45,farm_1,farm,1,,380.0,0.14,,,,,,,,,,,76,hitl
123,2026-06-01 12:45,slaughterhouse_1,slaughterhouse,1,,,,175.0,201.47,,,,,,,,,76,hitl
123,2026-06-01 12:45,wholesaler_1,wholesaler,1,,,,,,3.54,0.0,,,,,,,76,hitl
123,2026-06-01 12:45,retail_1,retail,1,,,,,,,,0.0,30.0,1.0,17.25,11.61,20.0,76,hitl
124,2026-06-01 13:00,supplier_1,supplier,0,737.57,,,,,,,,,,,,,76,hitl
124,2026-06-01 13:00,farm_1,farm,1,,380.0,0.14,,,,,,,,,,,76,hitl
124,2026-06-01 13:00,slaughterhouse_1,slaughterhouse,1,,,,175.0,206.49,,,,,,,,,76,hitl
124,2026-06-01 13:00,wholesaler_1,wholesaler,1,,,,,,1.19,0.0,,,,,,,76,hitl
124,2026-06-01 13:00,retail_1,retail,1,,,,,,,,0.0,30.0,1.0,17.5,11.61,20.0,76,hitl
125,2026-06-01 13:15,supplier_1,supplier,0,736.77,,,,,,,,,,,,,76,hitl
125,2026-06-01 13:15,farm_1,farm,1,,380.0,0.14,,,,,,,,,,,76,hitl
125,2026-06-01 13:15,slaughterhouse_1,slaughterhouse,1,,,,175.0,211.29,,,,,,,,,76,hitl
125,2026-06-01 13:15,wholesaler_1,wholesaler,1,,,,,,0.0,0.0,,,,,,,76,hitl
125,2026-06-01 13:15,retail_1,retail,1,,,,,,,,0.0,30.0,1.0,17.75,11.61,20.0,76,hitl
126,2026-06-01 13:30,supplier_1,supplier,0,736.23,,,,,,,,,,,,,76,hitl
126,2026-06-01 13:30,farm_1,farm,1,,380.0,0.14,,,,,,,,,,,76,hitl
126,2026-06-01 13:30,slaughterhouse_1,slaughterhouse,1,,,,175.0,216.12,,,,,,,,,76,hitl
126,2026-06-01 13:30,wholesaler_1,wholesaler,1,,,,,,0.0,0.0,,,,,,,76,hitl
126,2026-06-01 13:30,retail_1,retail,1,,,,,,,,0.0,30.0,1.0,18.0,11.61,20.0,76,hitl
127,2026-06-01 13:45,supplier_1,supplier,0,734.9,,,,,,,,,,,,,76,hitl
127,2026-06-01 13:45,farm_1,farm,1,,380.0,0.14,,,,,,,,,,,76,hitl
127,2026-06-01 13:45,slaughterhouse_1,slaughterhouse,1,,,,175.0,220.7,,,,,,,,,76,hitl
127,2026-06-01 13:45,wholesaler_1,wholesaler,1,,,,,,0.0,0.0,,,,,,,76,hitl
127,2026-06-01 13:45,retail_1,retail,1,,,,,,,,0.0,30.0,1.0,18.25,11.61,20.0,76,hitl
128,2026-06-01 14:00,supplier_1,supplier,0,733.59,,,,,,,,,,,,,76,hitl
128,2026-06-01 14:00,farm_1,farm,1,,380.0,0.14,,,,,,,,,,,76,hitl
128,2026-06-01 14:00,slaughterhouse_1,slaughterhouse,1,,,,175.0,221.3,,,,,,,,,76,hitl
128,2026-06-01 14:00,wholesaler_1,wholesaler,1,,,,,,0.0,0.0,,,,,,,76,hitl
128,2026-06-01 14:00,retail_1,retail,1,,,,,,,,0.0,30.0,1.0,18.5,11.61,20.0,76,hitl
129,2026-06-01 14:15,supplier_1,supplier,0,732.78,,,,,,,,,,,,,76,hitl
129,2026-06-01 14:15,farm_1,farm,1,,380.0,0.14,,,,,,,,,,,76,hitl
129,2026-06-01 14:15,slaughterhouse_1,slaughterhouse,1,,,,175.0,225.89,,,,,,,,,76,hitl
129,2026-06-01 14:15,wholesaler_1,wholesaler,1,,,,,,4.32,0.0,,,,,,,76,hitl
129,2026-06-01 14:15,retail_1,retail,1,,,,,,,,0.0,30.0,1.0,18.75,11.61,20.0,76,hitl
130,2026-06-01 14:30,supplier_1,supplier,0,731.66,,,,,,,,,,,,,76,hitl
130,2026-06-01 14:30,farm_1,farm,1,,380.0,0.14,,,,,,,,,,,76,hitl
130,2026-06-01 14:30,slaughterhouse_1,slaughterhouse,1,,,,175.0,230.62,,,,,,,,,76,hitl
130,2026-06-01 14:30,wholesaler_1,wholesaler,1,,,,,,1.39,0.0,,,,,,,76,hitl
130,2026-06-01 14:30,retail_1,retail,1,,,,,,,,0.0,30.0,1.0,19.0,11.61,20.0,76,hitl
131,2026-06-01 14:45,supplier_1,supplier,0,731.05,,,,,,,,,,,,,76,hitl
131,2026-06-01 14:45,farm_1,farm,1,,380.0,0.14,,,,,,,,,,,76,hitl
131,2026-06-01 14:45,slaughterhouse_1,slaughterhouse,1,,,,175.0,235.41,,,,,,,,,76,hitl
131,2026-06-01 14:45,wholesaler_1,wholesaler,1,,,,,,0.0,0.0,,,,,,,76,hitl
131,2026-06-01 14:45,retail_1,retail,1,,,,,,,,0.0,30.0,1.0,19.25,11.61,20.0,76,hitl
132,2026-06-01 15:00,supplier_1,supplier,0,729.55,,,,,,,,,,,,,76,hitl
132,2026-06-01 15:00,farm_1,farm,1,,380.0,0.14,,,,,,,,,,,76,hitl
132,2026-06-01 15:00,slaughterhouse_1,slaughterhouse,1,,,,175.0,240.19,,,,,,,,,76,hitl
132,2026-06-01 15:00,wholesaler_1,wholesaler,1,,,,,,0.0,0.0,,,,,,,76,hitl
132,2026-06-01 15:00,retail_1,retail,1,,,,,,,,0.0,30.0,1.0,19.5,11.61,20.0,76,hitl
133,2026-06-01 15:15,supplier_1,supplier,0,728.05,,,,,,,,,,,,,76,hitl
133,2026-06-01 15:15,farm_1,farm,1,,380.0,0.14,,,,,,,,,,,76,hitl
133,2026-06-01 15:15,slaughterhouse_1,slaughterhouse,1,,,,175.0,245.2,,,,,,,,,76,hitl
133,2026-06-01 15:15,wholesaler_1,wholesaler,1,,,,,,0.0,0.0,,,,,,,76,hitl
133,2026-06-01 15:15,retail_1,retail,1,,,,,,,,0.0,30.0,1.0,19.75,11.61,20.0,76,hitl
134,2026-06-01 15:30,supplier_1,supplier,0,727.5,,,,,,,,,,,,,76,hitl
134,2026-06-01 15:30,farm_1,farm,1,,380.0,0.14,,,,,,,,,,,76,hitl
134,2026-06-01 15:30,slaughterhouse_1,slaughterhouse,1,,,,175.0,250.06,,,,,,,,,76,hitl
134,2026-06-01 15:30,wholesaler_1,wholesaler,1,,,,,,0.0,0.0,,,,,,,76,hitl
134,2026-06-01 15:30,retail_1,retail,1,,,,,,,,0.0,30.0,1.0,20.0,11.61,20.0,76,hitl
135,2026-06-01 15:45,supplier_1,supplier,0,726.83,,,,,,,,,,,,,76,hitl
135,2026-06-01 15:45,farm_1,farm,1,,380.0,0.14,,,,,,,,,,,76,hitl
135,2026-06-01 15:45,slaughterhouse_1,slaughterhouse,1,,,,175.0,254.93,,,,,,,,,76,hitl
135,2026-06-01 15:45,wholesaler_1,wholesaler,1,,,,,,0.0,0.0,,,,,,,76,hitl
135,2026-06-01 15:45,retail_1,retail,1,,,,,,,,0.0,30.0,1.0,20.25,11.61,20.0,76,hitl
136,2026-06-01 16:00,supplier_1,supplier,0,725.47,,,,,,,,,,,,,76,hitl
136,2026-06-01 16:00,farm_1,farm,1,,380.0,0.14,,,,,,,,,,,76,hitl
136,2026-06-01 16:00,slaughterhouse_1,slaughterhouse,1,,,,175.0,255.51,,,,,,,,,76,hitl
136,2026-06-01 16:00,wholesaler_1,wholesaler,1,,,,,,0.0,0.0,,,,,,,76,hitl
136,2026-06-01 16:00,retail_1,retail,1,,,,,,,,0.0,30.0,1.0,20.5,11.61,20.0,76,hitl
137,2026-06-01 16:15,supplier_1,supplier,0,724.32,,,,,,,,,,,,,76,hitl
137,2026-06-01 16:15,farm_1,farm,1,,380.0,0.14,,,,,,,,,,,76,hitl
137,2026-06-01 16:15,slaughterhouse_1,slaughterhouse,1,,,,175.0,260.0,,,,,,,,,76,hitl
137,2026-06-01 16:15,wholesaler_1,wholesaler,1,,,,,,4.32,0.0,,,,,,,76,hitl
137,2026-06-01 16:15,retail_1,retail,1,,,,,,,,0.0,30.0,1.0,20.75,11.61,20.0,76,hitl
138,2026-06-01 16:30,supplier_1,supplier,0,722.88,,,,,,,,,,,,,76,hitl
138,2026-06-01 16:30,farm_1,farm,1,,380.0,0.14,,,,,,,,,,,76,hitl
138,2026-06-01 16:30,slaughterhouse_1,slaughterhouse,1,,,,175.0,264.68,,,,,,,,,76,hitl
138,2026-06-01 16:30,wholesaler_1,wholesaler,1,,,,,,1.84,0.0,,,,,,,76,hitl
138,2026-06-01 16:30,retail_1,retail,1,,,,,,,,0.0,30.0,1.0,21.0,11.61,20.0,76,hitl
139,2026-06-01 16:45,supplier_1,supplier,0,721.7,,,,,,,,,,,,,76,hitl
139,2026-06-01 16:45,farm_1,farm,1,,380.0,0.14,,,,,,,,,,,76,hitl
139,2026-06-01 16:45,slaughterhouse_1,slaughterhouse,1,,,,175.0,269.55,,,,,,,,,76,hitl
139,2026-06-01 16:45,wholesaler_1,wholesaler,1,,,,,,0.0,0.0,,,,,,,76,hitl
139,2026-06-01 16:45,retail_1,retail,1,,,,,,,,0.0,30.0,1.0,21.25,11.61,20.0,76,hitl
140,2026-06-01 17:00,supplier_1,supplier,0,720.65,,,,,,,,,,,,,76,hitl
140,2026-06-01 17:00,farm_1,farm,1,,380.0,0.14,,,,,,,,,,,76,hitl
140,2026-06-01 17:00,slaughterhouse_1,slaughterhouse,1,,,,175.0,274.22,,,,,,,,,76,hitl
140,2026-06-01 17:00,wholesaler_1,wholesaler,1,,,,,,0.0,0.0,,,,,,,76,hitl
140,2026-06-01 17:00,retail_1,retail,1,,,,,,,,0.0,30.0,1.0,21.5,11.61,20.0,76,hitl
141,2026-06-01 17:15,supplier_1,supplier,0,719.2,,,,,,,,,,,,,76,hitl
141,2026-06-01 17:15,farm_1,farm,1,,380.0,0.14,,,,,,,,,,,76,hitl
141,2026-06-01 17:15,slaughterhouse_1,slaughterhouse,1,,,,175.0,279.19,,,,,,,,,76,hitl
141,2026-06-01 17:15,wholesaler_1,wholesaler,1,,,,,,0.0,0.0,,,,,,,76,hitl
141,2026-06-01 17:15,retail_1,retail,1,,,,,,,,0.0,30.0,1.0,21.75,11.61,20.0,76,hitl
142,2026-06-01 17:30,supplier_1,supplier,0,717.72,,,,,,,,,,,,,76,hitl
142,2026-06-01 17:30,farm_1,farm,1,,380.0,0.14,,,,,,,,,,,76,hitl
142,2026-06-01 17:30,slaughterhouse_1,slaughterhouse,1,,,,175.0,283.73,,,,,,,,,76,hitl
142,2026-06-01 17:30,wholesaler_1,wholesaler,1,,,,,,0.0,0.0,,,,,,,76,hitl
142,2026-06-01 17:30,retail_1,retail,1,,,,,,,,0.0,30.0,1.0,22.0,11.61,20.0,76,hitl
143,2026-06-01 17:45,supplier_1,supplier,0,716.83,,,,,,,,,,,,,76,hitl
143,2026-06-01 17:45,farm_1,farm,1,,380.0,0.14,,,,,,,,,,,76,hitl
143,2026-06-01 17:45,slaughterhouse_1,slaughterhouse,1,,,,175.0,288.6,,,,,,,,,76,hitl
143,2026-06-01 17:45,wholesaler_1,wholesaler,1,,,,,,0.0,0.0,,,,,,,76,hitl
143,2026-06-01 17:45,retail_1,retail,1,,,,,,,,0.0,30.0,1.0,22.25,11.61,20.0,76,hitl
144,2026-06-01 18:00,supplier_1,supplier,0,716.23,,,,,,,,,,,,,76,hitl
144,2026-06-01 18:00,farm_1,farm,1,,380.0,0.14,,,,,,,,,,,76,hitl
144,2026-06-01 18:00,slaughterhouse_1,slaughterhouse,1,,,,175.0,289.43,,,,,,,,,76,hitl
144,2026-06-01 18:00,wholesaler_1,wholesaler,1,,,,,,0.0,0.0,,,,,,,76,hitl
144,2026-06-01 18:00,retail_1,retail,1,,,,,,,,0.0,30.0,1.0,22.5,11.61,20.0,76,hitl
145,2026-06-01 18:15,supplier_1,supplier,0,714.75,,,,,,,,,,,,,76,hitl
145,2026-06-01 18:15,farm_1,farm,1,,380.0,0.14,,,,,,,,,,,76,hitl
145,2026-06-01 18:15,slaughterhouse_1,slaughterhouse,1,,,,175.0,294.07,,,,,,,,,76,hitl
145,2026-06-01 18:15,wholesaler_1,wholesaler,1,,,,,,4.32,0.0,,,,,,,76,hitl
145,2026-06-01 18:15,retail_1,retail,1,,,,,,,,0.0,30.0,1.0,22.75,11.61,20.0,76,hitl
146,2026-06-01 18:30,supplier_1,supplier,0,713.62,,,,,,,,,,,,,76,hitl
146,2026-06-01 18:30,farm_1,farm,1,,380.0,0.14,,,,,,,,,,,76,hitl
146,2026-06-01 18:30,slaughterhouse_1,slaughterhouse,1,,,,175.0,299.17,,,,,,,,,76,hitl
146,2026-06-01 18:30,wholesaler_1,wholesaler,1,,,,,,1.82,0.0,,,,,,,76,hitl
146,2026-06-01 18:30,retail_1,retail,1,,,,,,,,0.0,30.0,1.0,23.0,11.61,20.0,76,hitl
147,2026-06-01 18:45,supplier_1,supplier,0,712.72,,,,,,,,,,,,,76,hitl
147,2026-06-01 18:45,farm_1,farm,1,,380.0,0.14,,,,,,,,,,,76,hitl
147,2026-06-01 18:45,slaughterhouse_1,slaughterhouse,1,,,,175.0,304.11,,,,,,,,,76,hitl
147,2026-06-01 18:45,wholesaler_1,wholesaler,1,,,,,,0.0,0.0,,,,,,,76,hitl
147,2026-06-01 18:45,retail_1,retail,1,,,,,,,,0.0,30.0,1.0,23.25,11.61,20.0,76,hitl
148,2026-06-01 19:00,supplier_1,supplier,0,711.39,,,,,,,,,,,,,76,hitl
148,2026-06-01 19:00,farm_1,farm,1,,380.0,0.14,,,,,,,,,,,76,hitl
148,2026-06-01 19:00,slaughterhouse_1,slaughterhouse,1,,,,175.0,309.02,,,,,,,,,76,hitl
148,2026-06-01 19:00,wholesaler_1,wholesaler,1,,,,,,0.0,0.0,,,,,,,76,hitl
148,2026-06-01 19:00,retail_1,retail,1,,,,,,,,0.0,30.0,1.0,23.5,11.61,20.0,76,hitl
149,2026-06-01 19:15,supplier_1,supplier,0,710.35,,,,,,,,,,,,,76,hitl
149,2026-06-01 19:15,farm_1,farm,1,,380.0,0.14,,,,,,,,,,,76,hitl
149,2026-06-01 19:15,slaughterhouse_1,slaughterhouse,1,,,,175.0,313.56,,,,,,,,,76,hitl
149,2026-06-01 19:15,wholesaler_1,wholesaler,1,,,,,,0.0,0.0,,,,,,,76,hitl
149,2026-06-01 19:15,retail_1,retail,1,,,,,,,,0.0,30.0,1.0,23.75,11.61,20.0,76,hitl
150,2026-06-01 19:30,supplier_1,supplier,0,709.45,,,,,,,,,,,,,76,hitl
150,2026-06-01 19:30,farm_1,farm,1,,380.0,0.14,,,,,,,,,,,76,hitl
150,2026-06-01 19:30,slaughterhouse_1,slaughterhouse,1,,,,175.0,318.27,,,,,,,,,76,hitl
150,2026-06-01 19:30,wholesaler_1,wholesaler,1,,,,,,0.0,0.0,,,,,,,76,hitl
150,2026-06-01 19:30,retail_1,retail,1,,,,,,,,0.0,30.0,1.0,24.0,11.61,20.0,76,hitl
151,2026-06-01 19:45,supplier_1,supplier,0,707.96,,,,,,,,,,,,,76,hitl
151,2026-06-01 19:45,farm_1,farm,1,,380.0,0.14,,,,,,,,,,,76,hitl
151,2026-06-01 19:45,slaughterhouse_1,slaughterhouse,1,,,,175.0,323.41,,,,,,,,,76,hitl
151,2026-06-01 19:45,wholesaler_1,wholesaler,1,,,,,,0.0,0.0,,,,,,,76,hitl
151,2026-06-01 19:45,retail_1,retail,1,,,,,,,,0.0,30.0,1.0,24.25,11.61,20.0,76,hitl
152,2026-06-01 20:00,supplier_1,supplier,0,707.24,,,,,,,,,,,,,76,hitl
152,2026-06-01 20:00,farm_1,farm,1,,380.0,0.14,,,,,,,,,,,76,hitl
152,2026-06-01 20:00,slaughterhouse_1,slaughterhouse,1,,,,175.0,323.83,,,,,,,,,76,hitl
152,2026-06-01 20:00,wholesaler_1,wholesaler,1,,,,,,0.0,0.0,,,,,,,76,hitl
152,2026-06-01 20:00,retail_1,retail,1,,,,,,,,0.0,30.0,1.0,24.5,11.61,20.0,76,hitl
153,2026-06-01 20:15,supplier_1,supplier,0,706.0,,,,,,,,,,,,,76,hitl
153,2026-06-01 20:15,farm_1,farm,1,,380.0,0.14,,,,,,,,,,,76,hitl
153,2026-06-01 20:15,slaughterhouse_1,slaughterhouse,1,,,,175.0,328.35,,,,,,,,,76,hitl
153,2026-06-01 20:15,wholesaler_1,wholesaler,1,,,,,,4.32,0.0,,,,,,,76,hitl
153,2026-06-01 20:15,retail_1,retail,1,,,,,,,,0.0,30.0,1.0,24.75,11.61,20.0,76,hitl
154,2026-06-01 20:30,supplier_1,supplier,0,705.1,,,,,,,,,,,,,76,hitl
154,2026-06-01 20:30,farm_1,farm,1,,380.0,0.14,,,,,,,,,,,76,hitl
154,2026-06-01 20:30,slaughterhouse_1,slaughterhouse,1,,,,175.0,333.37,,,,,,,,,76,hitl
154,2026-06-01 20:30,wholesaler_1,wholesaler,1,,,,,,2.42,0.0,,,,,,,76,hitl
154,2026-06-01 20:30,retail_1,retail,1,,,,,,,,0.0,30.0,1.0,25.0,11.61,20.0,76,hitl
155,2026-06-01 20:45,supplier_1,supplier,0,704.14,,,,,,,,,,,,,76,hitl
155,2026-06-01 20:45,farm_1,farm,1,,380.0,0.14,,,,,,,,,,,76,hitl
155,2026-06-01 20:45,slaughterhouse_1,slaughterhouse,1,,,,175.0,338.48,,,,,,,,,76,hitl
155,2026-06-01 20:45,wholesaler_1,wholesaler,1,,,,,,0.77,0.0,,,,,,,76,hitl
155,2026-06-01 20:45,retail_1,retail,1,,,,,,,,0.0,30.0,1.0,25.25,11.61,20.0,76,hitl
156,2026-06-01 21:00,supplier_1,supplier,0,703.52,,,,,,,,,,,,,76,hitl
156,2026-06-01 21:00,farm_1,farm,1,,380.0,0.14,,,,,,,,,,,76,hitl
156,2026-06-01 21:00,slaughterhouse_1,slaughterhouse,1,,,,175.0,343.49,,,,,,,,,76,hitl
156,2026-06-01 21:00,wholesaler_1,wholesaler,1,,,,,,0.0,0.0,,,,,,,76,hitl
156,2026-06-01 21:00,retail_1,retail,1,,,,,,,,0.0,30.0,1.0,25.5,11.61,20.0,76,hitl
157,2026-06-01 21:15,supplier_1,supplier,0,702.63,,,,,,,,,,,,,76,hitl
157,2026-06-01 21:15,farm_1,farm,1,,380.0,0.14,,,,,,,,,,,76,hitl
157,2026-06-01 21:15,slaughterhouse_1,slaughterhouse,1,,,,175.0,348.37,,,,,,,,,76,hitl
157,2026-06-01 21:15,wholesaler_1,wholesaler,1,,,,,,0.0,0.0,,,,,,,76,hitl
157,2026-06-01 21:15,retail_1,retail,1,,,,,,,,0.0,30.0,1.0,25.75,11.61,20.0,76,hitl
158,2026-06-01 21:30,supplier_1,supplier,0,702.01,,,,,,,,,,,,,76,hitl
158,2026-06-01 21:30,farm_1,farm,1,,380.0,0.14,,,,,,,,,,,76,hitl
158,2026-06-01 21:30,slaughterhouse_1,slaughterhouse,1,,,,175.0,353.44,,,,,,,,,76,hitl
158,2026-06-01 21:30,wholesaler_1,wholesaler,1,,,,,,0.0,0.0,,,,,,,76,hitl
158,2026-06-01 21:30,retail_1,retail,1,,,,,,,,0.0,30.0,1.0,26.0,11.61,20.0,76,hitl
159,2026-06-01 21:45,supplier_1,supplier,0,701.48,,,,,,,,,,,,,76,hitl
159,2026-06-01 21:45,farm_1,farm,1,,380.0,0.14,,,,,,,,,,,76,hitl
159,2026-06-01 21:45,slaughterhouse_1,slaughterhouse,1,,,,175.0,358.07,,,,,,,,,76,hitl
159,2026-06-01 21:45,wholesaler_1,wholesaler,1,,,,,,0.0,0.0,,,,,,,76,hitl
159,2026-06-01 21:45,retail_1,retail,1,,,,,,,,0.0,30.0,1.0,26.25,11.61,20.0,76,hitl
160,2026-06-01 22:00,supplier_1,supplier,0,700.77,,,,,,,,,,,,,76,hitl
160,2026-06-01 22:00,farm_1,farm,1,,380.0,0.14,,,,,,,,,,,76,hitl
160,2026-06-01 22:00,slaughterhouse_1,slaughterhouse,1,,,,175.0,358.7,,,,,,,,,76,hitl
160,2026-06-01 22:00,wholesaler_1,wholesaler,1,,,,,,0.0,0.0,,,,,,,76,hitl
160,2026-06-01 22:00,retail_1,retail,1,,,,,,,,0.0,30.0,1.0,26.5,11.61,20.0,76,hitl
161,2026-06-01 22:15,supplier_1,supplier,0,699.88,,,,,,,,,,,,,76,hitl
161,2026-06-01 22:15,farm_1,farm,1,,380.0,0.14,,,,,,,,,,,76,hitl
161,2026-06-01 22:15,slaughterhouse_1,slaughterhouse,1,,,,175.0,363.81,,,,,,,,,76,hitl
161,2026-06-01 22:15,wholesaler_1,wholesaler,1,,,,,,4.32,0.0,,,,,,,76,hitl
161,2026-06-01 22:15,retail_1,retail,1,,,,,,,,0.0,30.0,1.0,26.75,11.61,20.0,76,hitl
162,2026-06-01 22:30,supplier_1,supplier,0,699.2,,,,,,,,,,,,,76,hitl
162,2026-06-01 22:30,farm_1,farm,1,,380.0,0.14,,,,,,,,,,,76,hitl
162,2026-06-01 22:30,slaughterhouse_1,slaughterhouse,1,,,,175.0,368.9,,,,,,,,,76,hitl
162,2026-06-01 22:30,wholesaler_1,wholesaler,1,,,,,,1.52,0.0,,,,,,,76,hitl
162,2026-06-01 22:30,retail_1,retail,1,,,,,,,,0.0,30.0,1.0,27.0,11.61,20.0,76,hitl
163,2026-06-01 22:45,supplier_1,supplier,0,698.16,,,,,,,,,,,,,76,hitl
163,2026-06-01 22:45,farm_1,farm,1,,380.0,0.14,,,,,,,,,,,76,hitl
163,2026-06-01 22:45,slaughterhouse_1,slaughterhouse,1,,,,175.0,373.88,,,,,,,,,76,hitl
163,2026-06-01 22:45,wholesaler_1,wholesaler,1,,,,,,0.0,0.0,,,,,,,76,hitl
163,2026-06-01 22:45,retail_1,retail,1,,,,,,,,0.0,30.0,1.0,27.25,11.61,20.0,76,hitl
164,2026-06-01 23:00,supplier_1,supplier,0,696.85,,,,,,,,,,,,,76,hitl
164,2026-06-01 23:00,farm_1,farm,1,,380.0,0.14,,,,,,,,,,,76,hitl
164,2026-06-01 23:00,slaughterhouse_1,slaughterhouse,1,,,,175.0,379.07,,,,,,,,,76,hitl
164,2026-06-01 23:00,wholesaler_1,wholesaler,1,,,,,,0.0,0.0,,,,,,,76,hitl
164,2026-06-01 23:00,retail_1,retail,1,,,,,,,,0.0,30.0,1.0,27.5,11.61,20.0,76,hitl
165,2026-06-01 23:15,supplier_1,supplier,0,696.25,,,,,,,,,,,,,76,hitl
165,2026-06-01 23:15,farm_1,farm,1,,380.0,0.14,,,,,,,,,,,76,hitl
165,2026-06-01 23:15,slaughterhouse_1,slaughterhouse,1,,,,175.0,384.12,,,,,,,,,76,hitl
165,2026-06-01 23:15,wholesaler_1,wholesaler,1,,,,,,0.0,0.0,,,,,,,76,hitl
165,2026-06-01 23:15,retail_1,retail,1,,,,,,,,0.0,30.0,1.0,27.75,11.61,20.0,76,hitl
166,2026-06-01 23:30,supplier_1,supplier,0,695.7,,,,,,,,,,,,,76,hitl
166,2026-06-01 23:30,farm_1,farm,1,,380.0,0.14,,,,,,,,,,,76,hitl
166,2026-06-01 23:30,slaughterhouse_1,slaughterhouse,1,,,,175.0,388.76,,,,,,,,,76,hitl
166,2026-06-01 23:30,wholesaler_1,wholesaler,1,,,,,,0.0,0.0,,,,,,,76,hitl
166,2026-06-01 23:30,retail_1,retail,1,,,,,,,,0.0,30.0,1.0,28.0,11.61,20.0,76,hitl
167,2026-06-01 23:45,supplier_1,supplier,0,694.36,,,,,,,,,,,,,76,hitl
167,2026-06-01 23:45,farm_1,farm,1,,380.0,0.14,,,,,,,,,,,76,hitl
167,2026-06-01 23:45,slaughterhouse_1,slaughterhouse,1,,,,175.0,393.9,,,,,,,,,76,hitl
167,2026-06-01 23:45,wholesaler_1,wholesaler,1,,,,,,0.0,0.0,,,,,,,76,hitl
167,2026-06-01 23:45,retail_1,retail,1,,,,,,,,0.0,30.0,1.0,28.25,11.61,20.0,76,hitl
168,2026-06-02 00:00,supplier_1,supplier,0,693.28,,,,,,,,,,,,,76,hitl
168,2026-06-02 00:00,farm_1,farm,1,,380.0,0.14,,,,,,,,,,,76,hitl
168,2026-06-02 00:00,slaughterhouse_1,slaughterhouse,1,,,,175.0,394.14,,,,,,,,,76,hitl
168,2026-06-02 00:00,wholesaler_1,wholesaler,1,,,,,,0.0,0.0,,,,,,,76,hitl
168,2026-06-02 00:00,retail_1,retail,1,,,,,,,,0.0,30.0,1.0,28.5,11.61,20.0,76,hitl
169,2026-06-02 00:15,supplier_1,supplier,0,692.71,,,,,,,,,,,,,76,hitl
169,2026-06-02 00:15,farm_1,farm,1,,380.0,0.14,,,,,,,,,,,76,hitl
169,2026-06-02 00:15,slaughterhouse_1,slaughterhouse,1,,,,175.0,398.93,,,,,,,,,76,hitl
169,2026-06-02 00:15,wholesaler_1,wholesaler,1,,,,,,4.32,0.0,,,,,,,76,hitl
169,2026-06-02 00:15,retail_1,retail,1,,,,,,,,0.0,30.0,1.0,28.75,11.61,20.0,76,hitl
170,2026-06-02 00:30,supplier_1,supplier,0,691.86,,,,,,,,,,,,,76,hitl
170,2026-06-02 00:30,farm_1,farm,1,,380.0,0.14,,,,,,,,,,,76,hitl
170,2026-06-02 00:30,slaughterhouse_1,slaughterhouse,1,,,,175.0,400.0,,,,,,,,,76,hitl
170,2026-06-02 00:30,wholesaler_1,wholesaler,1,,,,,,1.61,0.0,,,,,,,76,hitl
170,2026-06-02 00:30,retail_1,retail,1,,,,,,,,0.0,30.0,1.0,29.0,11.61,20.0,76,hitl
171,2026-06-02 00:45,supplier_1,supplier,0,690.8,,,,,,,,,,,,,76,hitl
171,2026-06-02 00:45,farm_1,farm,1,,380.0,0.14,,,,,,,,,,,76,hitl
171,2026-06-02 00:45,slaughterhouse_1,slaughterhouse,1,,,,175.0,400.0,,,,,,,,,76,hitl
171,2026-06-02 00:45,wholesaler_1,wholesaler,1,,,,,,0.0,0.0,,,,,,,76,hitl
171,2026-06-02 00:45,retail_1,retail,1,,,,,,,,0.0,30.0,1.0,29.25,11.61,20.0,76,hitl
172,2026-06-02 01:00,supplier_1,supplier,0,689.32,,,,,,,,,,,,,76,hitl
172,2026-06-02 01:00,farm_1,farm,1,,380.0,0.14,,,,,,,,,,,76,hitl
172,2026-06-02 01:00,slaughterhouse_1,slaughterhouse,1,,,,175.0,400.0,,,,,,,,,76,hitl
172,2026-06-02 01:00,wholesaler_1,wholesaler,1,,,,,,0.0,0.0,,,,,,,76,hitl
172,2026-06-02 01:00,retail_1,retail,1,,,,,,,,0.0,30.0,1.0,29.5,11.61,20.0,76,hitl
173,2026-06-02 01:15,supplier_1,supplier,0,688.68,,,,,,,,,,,,,76,hitl
173,2026-06-02 01:15,farm_1,farm,1,,380.0,0.14,,,,,,,,,,,76,hitl
173,2026-06-02 01:15,slaughterhouse_1,slaughterhouse,1,,,,175.0,400.0,,,,,,,,,76,hitl
173,2026-06-02 01:15,wholesaler_1,wholesaler,1,,,,,,0.0,0.0,,,,,,,76,hitl
173,2026-06-02 01:15,retail_1,retail,1,,,,,,,,0.0,30.0,1.0,29.75,11.61,20.0,76,hitl
174,2026-06-02 01:30,supplier_1,supplier,0,687.59,,,,,,,,,,,,,76,hitl
174,2026-06-02 01:30,farm_1,farm,1,,380.0,0.14,,,,,,,,,,,76,hitl
174,2026-06-02 01:30,slaughterhouse_1,slaughterhouse,1,,,,175.0,400.0,,,,,,,,,76,hitl
174,2026-06-02 01:30,wholesaler_1,wholesaler,1,,,,,,0.0,0.0,,,,,,,76,hitl
174,2026-06-02 01:30,retail_1,retail,1,,,,,,,,0.0,30.0,1.0,30.0,11.61,20.0,76,hitl
175,2026-06-02 01:45,supplier_1,supplier,0,687.06,,,,,,,,,,,,,76,hitl
175,2026-06-02 01:45,farm_1,farm,1,,380.0,0.14,,,,,,,,,,,76,hitl
175,2026-06-02 01:45,slaughterhouse_1,slaughterhouse,1,,,,175.0,400.0,,,,,,,,,76,hitl
175,2026-06-02 01:45,wholesaler_1,wholesaler,1,,,,,,0.0,0.0,,,,,,,76,hitl
175,2026-06-02 01:45,retail_1,retail,1,,,,,,,,0.0,30.0,1.0,30.25,11.61,20.0,76,hitl
176,2026-06-02 02:00,supplier_1,supplier,0,685.89,,,,,,,,,,,,,76,hitl
176,2026-06-02 02:00,farm_1,farm,1,,380.0,0.14,,,,,,,,,,,76,hitl
176,2026-06-02 02:00,slaughterhouse_1,slaughterhouse,1,,,,175.0,395.68,,,,,,,,,76,hitl
176,2026-06-02 02:00,wholesaler_1,wholesaler,1,,,,,,0.0,0.0,,,,,,,76,hitl
176,2026-06-02 02:00,retail_1,retail,1,,,,,,,,0.0,30.0,1.0,30.5,11.61,20.0,76,hitl
177,2026-06-02 02:15,supplier_1,supplier,0,684.98,,,,,,,,,,,,,76,hitl
177,2026-06-02 02:15,farm_1,farm,1,,380.0,0.14,,,,,,,,,,,76,hitl
177,2026-06-02 02:15,slaughterhouse_1,slaughterhouse,1,,,,175.0,400.0,,,,,,,,,76,hitl
177,2026-06-02 02:15,wholesaler_1,wholesaler,1,,,,,,4.32,0.0,,,,,,,76,hitl
177,2026-06-02 02:15,retail_1,retail,1,,,,,,,,0.0,30.0,1.0,30.75,11.61,20.0,76,hitl
178,2026-06-02 02:30,supplier_1,supplier,0,684.17,,,,,,,,,,,,,76,hitl
178,2026-06-02 02:30,farm_1,farm,1,,380.0,0.14,,,,,,,,,,,76,hitl
178,2026-06-02 02:30,slaughterhouse_1,slaughterhouse,1,,,,175.0,400.0,,,,,,,,,76,hitl
178,2026-06-02 02:30,wholesaler_1,wholesaler,1,,,,,,2.42,0.0,,,,,,,76,hitl
178,2026-06-02 02:30,retail_1,retail,1,,,,,,,,0.0,30.0,1.0,31.0,11.61,20.0,76,hitl
179,2026-06-02 02:45,supplier_1,supplier,0,683.41,,,,,,,,,,,,,76,hitl
179,2026-06-02 02:45,farm_1,farm,1,,380.0,0.14,,,,,,,,,,,76,hitl
179,2026-06-02 02:45,slaughterhouse_1,slaughterhouse,1,,,,175.0,400.0,,,,,,,,,76,hitl
179,2026-06-02 02:45,wholesaler_1,wholesaler,1,,,,,,0.56,0.0,,,,,,,76,hitl
179,2026-06-02 02:45,retail_1,retail,1,,,,,,,,0.0,30.0,1.0,31.25,11.61,20.0,76,hitl
180,2026-06-02 03:00,supplier_1,supplier,0,682.72,,,,,,,,,,,,,76,hitl
180,2026-06-02 03:00,farm_1,farm,1,,380.0,0.14,,,,,,,,,,,76,hitl
180,2026-06-02 03:00,slaughterhouse_1,slaughterhouse,1,,,,175.0,400.0,,,,,,,,,76,hitl
180,2026-06-02 03:00,wholesaler_1,wholesaler,1,,,,,,0.0,0.0,,,,,,,76,hitl
180,2026-06-02 03:00,retail_1,retail,1,,,,,,,,0.0,30.0,1.0,31.5,11.61,20.0,76,hitl
181,2026-06-02 03:15,supplier_1,supplier,0,682.2,,,,,,,,,,,,,76,hitl
181,2026-06-02 03:15,farm_1,farm,1,,380.0,0.14,,,,,,,,,,,76,hitl
181,2026-06-02 03:15,slaughterhouse_1,slaughterhouse,1,,,,175.0,400.0,,,,,,,,,76,hitl
181,2026-06-02 03:15,wholesaler_1,wholesaler,1,,,,,,0.0,0.0,,,,,,,76,hitl
181,2026-06-02 03:15,retail_1,retail,1,,,,,,,,0.0,30.0,1.0,31.75,11.61,20.0,76,hitl
182,2026-06-02 03:30,supplier_1,supplier,0,681.14,,,,,,,,,,,,,76,hitl
182,2026-06-02 03:30,farm_1,farm,1,,380.0,0.14,,,,,,,,,,,76,hitl
182,2026-06-02 03:30,slaughterhouse_1,slaughterhouse,1,,,,175.0,400.0,,,,,,,,,76,hitl
182,2026-06-02 03:30,wholesaler_1,wholesaler,1,,,,,,0.0,0.0,,,,,,,76,hitl
182,2026-06-02 03:30,retail_1,retail,1,,,,,,,,0.0,30.0,1.0,32.0,11.61,20.0,76,hitl
183,2026-06-02 03:45,supplier_1,supplier,0,679.86,,,,,,,,,,,,,76,hitl
183,2026-06-02 03:45,farm_1,farm,1,,380.0,0.14,,,,,,,,,,,76,hitl
183,2026-06-02 03:45,slaughterhouse_1,slaughterhouse,1,,,,175.0,400.0,,,,,,,,,76,hitl
183,2026-06-02 03:45,wholesaler_1,wholesaler,1,,,,,,0.0,0.0,,,,,,,76,hitl
183,2026-06-02 03:45,retail_1,retail,1,,,,,,,,0.0,30.0,1.0,32.25,11.61,20.0,76,hitl
184,2026-06-02 04:00,supplier_1,supplier,0,679.36,,,,,,,,,,,,,76,hitl
184,2026-06-02 04:00,farm_1,farm,1,,380.0,0.14,,,,,,,,,,,76,hitl
184,2026-06-02 04:00,slaughterhouse_1,slaughterhouse,1,,,,175.0,395.68,,,,,,,,,76,hitl
184,2026-06-02 04:00,wholesaler_1,wholesaler,1,,,,,,0.0,0.0,,,,,,,76,hitl
184,2026-06-02 04:00,retail_1,retail,1,,,,,,,,0.0,30.0,1.0,32.5,11.61,20.0,76,hitl
185,2026-06-02 04:15,supplier_1,supplier,0,678.35,,,,,,,,,,,,,76,hitl
185,2026-06-02 04:15,farm_1,farm,1,,380.0,0.14,,,,,,,,,,,76,hitl
185,2026-06-02 04:15,slaughterhouse_1,slaughterhouse,1,,,,175.0,400.0,,,,,,,,,76,hitl
185,2026-06-02 04:15,wholesaler_1,wholesaler,1,,,,,,4.32,0.0,,,,,,,76,hitl
185,2026-06-02 04:15,retail_1,retail,1,,,,,,,,0.0,30.0,1.0,32.75,11.61,20.0,76,hitl
186,2026-06-02 04:30,supplier_1,supplier,0,677.24,,,,,,,,,,,,,76,hitl
186,2026-06-02 04:30,farm_1,farm,1,,380.0,0.14,,,,,,,,,,,76,hitl
186,2026-06-02 04:30,slaughterhouse_1,slaughterhouse,1,,,,175.0,400.0,,,,,,,,,76,hitl
186,2026-06-02 04:30,wholesaler_1,wholesaler,1,,,,,,1.91,0.0,,,,,,,76,hitl
186,2026-06-02 04:30,retail_1,retail,1,,,,,,,,0.0,30.0,1.0,33.0,11.61,20.0,76,hitl
187,2026-06-02 04:45,supplier_1,supplier,0,676.34,,,,,,,,,,,,,76,hitl
187,2026-06-02 04:45,farm_1,farm,1,,380.0,0.14,,,,,,,,,,,76,hitl
187,2026-06-02 04:45,slaughterhouse_1,slaughterhouse,1,,,,175.0,400.0,,,,,,,,,76,hitl
187,2026-06-02 04:45,wholesaler_1,wholesaler,1,,,,,,0.0,0.0,,,,,,,76,hitl
187,2026-06-02 04:45,retail_1,retail,1,,,,,,,,0.0,30.0,1.0,33.25,11.61,20.0,76,hitl
188,2026-06-02 05:00,supplier_1,supplier,0,674.95,,,,,,,,,,,,,76,hitl
188,2026-06-02 05:00,farm_1,farm,1,,380.0,0.14,,,,,,,,,,,76,hitl
188,2026-06-02 05:00,slaughterhouse_1,slaughterhouse,1,,,,175.0,400.0,,,,,,,,,76,hitl
188,2026-06-02 05:00,wholesaler_1,wholesaler,1,,,,,,0.0,0.0,,,,,,,76,hitl
188,2026-06-02 05:00,retail_1,retail,1,,,,,,,,0.0,30.0,1.0,33.5,11.61,20.0,76,hitl
189,2026-06-02 05:15,supplier_1,supplier,0,673.72,,,,,,,,,,,,,76,hitl
189,2026-06-02 05:15,farm_1,farm,1,,380.0,0.14,,,,,,,,,,,76,hitl
189,2026-06-02 05:15,slaughterhouse_1,slaughterhouse,1,,,,175.0,400.0,,,,,,,,,76,hitl
189,2026-06-02 05:15,wholesaler_1,wholesaler,1,,,,,,0.0,0.0,,,,,,,76,hitl
189,2026-06-02 05:15,retail_1,retail,1,,,,,,,,0.0,30.0,1.0,33.75,11.61,20.0,76,hitl
190,2026-06-02 05:30,supplier_1,supplier,0,672.91,,,,,,,,,,,,,76,hitl
190,2026-06-02 05:30,farm_1,farm,1,,380.0,0.14,,,,,,,,,,,76,hitl
190,2026-06-02 05:30,slaughterhouse_1,slaughterhouse,1,,,,175.0,400.0,,,,,,,,,76,hitl
190,2026-06-02 05:30,wholesaler_1,wholesaler,1,,,,,,0.0,0.0,,,,,,,76,hitl
190,2026-06-02 05:30,retail_1,retail,1,,,,,,,,0.0,30.0,1.0,34.0,11.61,20.0,76,hitl
191,2026-06-02 05:45,supplier_1,supplier,0,672.36,,,,,,,,,,,,,76,hitl
191,2026-06-02 05:45,farm_1,farm,1,,380.0,0.14,,,,,,,,,,,76,hitl
191,2026-06-02 05:45,slaughterhouse_1,slaughterhouse,1,,,,175.0,400.0,,,,,,,,,76,hitl
191,2026-06-02 05:45,wholesaler_1,wholesaler,1,,,,,,0.0,0.0,,,,,,,76,hitl
191,2026-06-02 05:45,retail_1,retail,1,,,,,,,,0.0,30.0,1.0,34.25,11.61,20.0,76,hitl
192,2026-06-02 06:00,supplier_1,supplier,0,671.44,,,,,,,,,,,,,76,hitl
192,2026-06-02 06:00,farm_1,farm,1,,380.0,0.14,,,,,,,,,,,76,hitl
192,2026-06-02 06:00,slaughterhouse_1,slaughterhouse,1,,,,175.0,395.68,,,,,,,,,76,hitl
192,2026-06-02 06:00,wholesaler_1,wholesaler,1,,,,,,0.0,0.0,,,,,,,76,hitl
192,2026-06-02 06:00,retail_1,retail,1,,,,,,,,6.2,30.0,0.0,3.75,16.5,75.0,76,hitl
193,2026-06-02 06:15,supplier_1,supplier,0,670.73,,,,,,,,,,,,,76,hitl
193,2026-06-02 06:15,farm_1,farm,1,,380.0,0.14,,,,,,,,,,,76,hitl
193,2026-06-02 06:15,slaughterhouse_1,slaughterhouse,1,,,,175.0,400.0,,,,,,,,,76,hitl
193,2026-06-02 06:15,wholesaler_1,wholesaler,1,,,,,,4.32,0.0,,,,,,,76,hitl
193,2026-06-02 06:15,retail_1,retail,1,,,,,,,,1.7,30.0,0.0,4.0,16.5,75.0,76,hitl
194,2026-06-02 06:30,supplier_1,supplier,0,669.45,,,,,,,,,,,,,76,hitl
194,2026-06-02 06:30,farm_1,farm,1,,380.0,0.14,,,,,,,,,,,76,hitl
194,2026-06-02 06:30,slaughterhouse_1,slaughterhouse,1,,,,175.0,400.0,,,,,,,,,76,hitl
194,2026-06-02 06:30,wholesaler_1,wholesaler,1,,,,,,1.94,0.0,,,,,,,76,hitl
194,2026-06-02 06:30,retail_1,retail,1,,,,,,,,0.0,30.0,1.0,4.25,16.5,75.0,76,hitl
195,2026-06-02 06:45,supplier_1,supplier,0,667.98,,,,,,,,,,,,,76,hitl
195,2026-06-02 06:45,farm_1,farm,1,,380.0,0.14,,,,,,,,,,,76,hitl
195,2026-06-02 06:45,slaughterhouse_1,slaughterhouse,1,,,,175.0,400.0,,,,,,,,,76,hitl
195,2026-06-02 06:45,wholesaler_1,wholesaler,1,,,,,,0.0,0.0,,,,,,,76,hitl
195,2026-06-02 06:45,retail_1,retail,1,,,,,,,,0.0,30.0,1.0,4.5,16.5,75.0,76,hitl
196,2026-06-02 07:00,supplier_1,supplier,0,667.07,,,,,,,,,,,,,76,hitl
196,2026-06-02 07:00,farm_1,farm,1,,380.0,0.14,,,,,,,,,,,76,hitl
196,2026-06-02 07:00,slaughterhouse_1,slaughterhouse,1,,,,175.0,400.0,,,,,,,,,76,hitl
196,2026-06-02 07:00,wholesaler_1,wholesaler,1,,,,,,0.0,0.0,,,,,,,76,hitl
196,2026-06-02 07:00,retail_1,retail,1,,,,,,,,0.0,30.0,1.0,4.75,16.5,75.0,76,hitl
197,2026-06-02 07:15,supplier_1,supplier,0,665.92,,,,,,,,,,,,,76,hitl
197,2026-06-02 07:15,farm_1,farm,1,,380.0,0.14,,,,,,,,,,,76,hitl
197,2026-06-02 07:15,slaughterhouse_1,slaughterhouse,1,,,,175.0,400.0,,,,,,,,,76,hitl
197,2026-06-02 07:15,wholesaler_1,wholesaler,1,,,,,,0.0,0.0,,,,,,,76,hitl
197,2026-06-02 07:15,retail_1,retail,1,,,,,,,,0.0,30.0,1.0,5.0,16.5,75.0,76,hitl
198,2026-06-02 07:30,supplier_1,supplier,0,665.32,,,,,,,,,,,,,76,hitl
198,2026-06-02 07:30,farm_1,farm,1,,380.0,0.14,,,,,,,,,,,76,hitl
198,2026-06-02 07:30,slaughterhouse_1,slaughterhouse,1,,,,175.0,400.0,,,,,,,,,76,hitl
198,2026-06-02 07:30,wholesaler_1,wholesaler,1,,,,,,0.0,0.0,,,,,,,76,hitl
198,2026-06-02 07:30,retail_1,retail,1,,,,,,,,0.0,30.0,1.0,5.25,16.5,75.0,76,hitl
199,2026-06-02 07:45,supplier_1,supplier,0,663.85,,,,,,,,,,,,,76,hitl
199,2026-06-02 07:45,farm_1,farm,1,,380.0,0.14,,,,,,,,,,,76,hitl
199,2026-06-02 07:45,slaughterhouse_1,slaughterhouse,1,,,,175.0,400.0,,,,,,,,,76,hitl
199,2026-06-02 07:45,wholesaler_1,wholesaler,1,,,,,,0.0,0.0,,,,,,,76,hitl
199,2026-06-02 07:45,retail_1,retail,1,,,,,,,,0.0,30.0,1.0,5.5,16.5,75.0,76,hitl
200,2026-06-02 08:00,supplier_1,supplier,0,662.75,,,,,,,,,,,,,76,hitl
200,2026-06-02 08:00,farm_1,farm,1,,380.0,0.14,,,,,,,,,,,76,hitl
200,2026-06-02 08:00,slaughterhouse_1,slaughterhouse,1,,,,175.0,395.68,,,,,,,,,76,hitl
200,2026-06-02 08:00,wholesaler_1,wholesaler,1,,,,,,0.0,0.0,,,,,,,76,hitl
200,2026-06-02 08:00,retail_1,retail,1,,,,,,,,0.0,30.0,1.0,5.75,16.5,75.0,76,hitl
201,2026-06-02 08:15,supplier_1,supplier,0,661.53,,,,,,,,,,,,,76,hitl
201,2026-06-02 08:15,farm_1,farm,1,,380.0,0.14,,,,,,,,,,,76,hitl
201,2026-06-02 08:15,slaughterhouse_1,slaughterhouse,1,,,,175.0,400.0,,,,,,,,,76,hitl
201,2026-06-02 08:15,wholesaler_1,wholesaler,1,,,,,,4.32,0.0,,,,,,,76,hitl
201,2026-06-02 08:15,retail_1,retail,1,,,,,,,,0.0,30.0,1.0,6.0,16.5,75.0,76,hitl
202,2026-06-02 08:30,supplier_1,supplier,0,660.44,,,,,,,,,,,,,76,hitl
202,2026-06-02 08:30,farm_1,farm,1,,380.0,0.14,,,,,,,,,,,76,hitl
202,2026-06-02 08:30,slaughterhouse_1,slaughterhouse,1,,,,175.0,400.0,,,,,,,,,76,hitl
202,2026-06-02 08:30,wholesaler_1,wholesaler,1,,,,,,1.74,0.0,,,,,,,76,hitl
202,2026-06-02 08:30,retail_1,retail,1,,,,,,,,0.0,30.0,1.0,6.25,16.5,75.0,76,hitl
203,2026-06-02 08:45,supplier_1,supplier,0,659.3,,,,,,,,,,,,,76,hitl
203,2026-06-02 08:45,farm_1,farm,1,,380.0,0.14,,,,,,,,,,,76,hitl
203,2026-06-02 08:45,slaughterhouse_1,slaughterhouse,1,,,,175.0,400.0,,,,,,,,,76,hitl
203,2026-06-02 08:45,wholesaler_1,wholesaler,1,,,,,,0.0,0.0,,,,,,,76,hitl
203,2026-06-02 08:45,retail_1,retail,1,,,,,,,,0.0,30.0,1.0,6.5,16.5,75.0,76,hitl
204,2026-06-02 09:00,supplier_1,supplier,0,658.51,,,,,,,,,,,,,76,hitl
204,2026-06-02 09:00,farm_1,farm,1,,380.0,0.14,,,,,,,,,,,76,hitl
204,2026-06-02 09:00,slaughterhouse_1,slaughterhouse,1,,,,175.0,400.0,,,,,,,,,76,hitl
204,2026-06-02 09:00,wholesaler_1,wholesaler,1,,,,,,0.0,0.0,,,,,,,76,hitl
204,2026-06-02 09:00,retail_1,retail,1,,,,,,,,0.0,30.0,1.0,6.75,16.5,75.0,76,hitl
205,2026-06-02 09:15,supplier_1,supplier,0,657.52,,,,,,,,,,,,,76,hitl
205,2026-06-02 09:15,farm_1,farm,1,,380.0,0.14,,,,,,,,,,,76,hitl
205,2026-06-02 09:15,slaughterhouse_1,slaughterhouse,1,,,,175.0,400.0,,,,,,,,,76,hitl
205,2026-06-02 09:15,wholesaler_1,wholesaler,1,,,,,,0.0,0.0,,,,,,,76,hitl
205,2026-06-02 09:15,retail_1,retail,1,,,,,,,,0.0,30.0,1.0,7.0,16.5,75.0,76,hitl
206,2026-06-02 09:30,supplier_1,supplier,0,656.96,,,,,,,,,,,,,76,hitl
206,2026-06-02 09:30,farm_1,farm,1,,380.0,0.14,,,,,,,,,,,76,hitl
206,2026-06-02 09:30,slaughterhouse_1,slaughterhouse,1,,,,175.0,400.0,,,,,,,,,76,hitl
206,2026-06-02 09:30,wholesaler_1,wholesaler,1,,,,,,0.0,0.0,,,,,,,76,hitl
206,2026-06-02 09:30,retail_1,retail,1,,,,,,,,0.0,30.0,1.0,7.25,16.5,75.0,76,hitl
207,2026-06-02 09:45,supplier_1,supplier,0,656.16,,,,,,,,,,,,,76,hitl
207,2026-06-02 09:45,farm_1,farm,1,,380.0,0.14,,,,,,,,,,,76,hitl
207,2026-06-02 09:45,slaughterhouse_1,slaughterhouse,1,,,,175.0,400.0,,,,,,,,,76,hitl
207,2026-06-02 09:45,wholesaler_1,wholesaler,1,,,,,,0.0,0.0,,,,,,,76,hitl
207,2026-06-02 09:45,retail_1,retail,1,,,,,,,,0.0,30.0,1.0,7.5,16.5,75.0,76,hitl
208,2026-06-02 10:00,supplier_1,supplier,0,655.23,,,,,,,,,,,,,76,hitl
208,2026-06-02 10:00,farm_1,farm,1,,380.0,0.14,,,,,,,,,,,76,hitl
208,2026-06-02 10:00,slaughterhouse_1,slaughterhouse,1,,,,175.0,395.68,,,,,,,,,76,hitl
208,2026-06-02 10:00,wholesaler_1,wholesaler,1,,,,,,0.0,0.0,,,,,,,76,hitl
208,2026-06-02 10:00,retail_1,retail,1,,,,,,,,0.0,30.0,1.0,7.75,16.5,75.0,76,hitl
209,2026-06-02 10:15,supplier_1,supplier,0,653.97,,,,,,,,,,,,,76,hitl
209,2026-06-02 10:15,farm_1,farm,1,,380.0,0.14,,,,,,,,,,,76,hitl
209,2026-06-02 10:15,slaughterhouse_1,slaughterhouse,1,,,,175.0,400.0,,,,,,,,,76,hitl
209,2026-06-02 10:15,wholesaler_1,wholesaler,1,,,,,,4.32,0.0,,,,,,,76,hitl
209,2026-06-02 10:15,retail_1,retail,1,,,,,,,,0.0,30.0,1.0,8.0,16.5,75.0,76,hitl
210,2026-06-02 10:30,supplier_1,supplier,0,652.9,,,,,,,,,,,,,76,hitl
210,2026-06-02 10:30,farm_1,farm,1,,380.0,0.14,,,,,,,,,,,76,hitl
210,2026-06-02 10:30,slaughterhouse_1,slaughterhouse,1,,,,175.0,400.0,,,,,,,,,76,hitl
210,2026-06-02 10:30,wholesaler_1,wholesaler,1,,,,,,1.73,0.0,,,,,,,76,hitl
210,2026-06-02 10:30,retail_1,retail,1,,,,,,,,0.0,30.0,1.0,8.25,16.5,75.0,76,hitl
211,2026-06-02 10:45,supplier_1,supplier,0,651.96,,,,,,,,,,,,,76,hitl
211,2026-06-02 10:45,farm_1,farm,1,,380.0,0.14,,,,,,,,,,,76,hitl
211,2026-06-02 10:45,slaughterhouse_1,slaughterhouse,1,,,,175.0,400.0,,,,,,,,,76,hitl
211,2026-06-02 10:45,wholesaler_1,wholesaler,1,,,,,,0.0,0.0,,,,,,,76,hitl
211,2026-06-02 10:45,retail_1,retail,1,,,,,,,,0.0,30.0,1.0,8.5,16.5,75.0,76,hitl
212,2026-06-02 11:00,supplier_1,supplier,0,650.94,,,,,,,,,,,,,76,hitl
212,2026-06-02 11:00,farm_1,farm,1,,380.0,0.14,,,,,,,,,,,76,hitl
212,2026-06-02 11:00,slaughterhouse_1,slaughterhouse,1,,,,175.0,400.0,,,,,,,,,76,hitl
212,2026-06-02 11:00,wholesaler_1,wholesaler,1,,,,,,0.0,0.0,,,,,,,76,hitl
212,2026-06-02 11:00,retail_1,retail,1,,,,,,,,0.0,30.0,1.0,8.75,16.5,75.0,76,hitl
213,2026-06-02 11:15,supplier_1,supplier,0,649.87,,,,,,,,,,,,,76,hitl
213,2026-06-02 11:15,farm_1,farm,1,,380.0,0.14,,,,,,,,,,,76,hitl
213,2026-06-02 11:15,slaughterhouse_1,slaughterhouse,1,,,,175.0,400.0,,,,,,,,,76,hitl
213,2026-06-02 11:15,wholesaler_1,wholesaler,1,,,,,,0.0,0.0,,,,,,,76,hitl
213,2026-06-02 11:15,retail_1,retail,1,,,,,,,,0.0,30.0,1.0,9.0,16.5,75.0,76,hitl
214,2026-06-02 11:30,supplier_1,supplier,0,648.74,,,,,,,,,,,,,76,hitl
214,2026-06-02 11:30,farm_1,farm,1,,380.0,0.14,,,,,,,,,,,76,hitl
214,2026-06-02 11:30,slaughterhouse_1,slaughterhouse,1,,,,175.0,400.0,,,,,,,,,76,hitl
214,2026-06-02 11:30,wholesaler_1,wholesaler,1,,,,,,0.0,0.0,,,,,,,76,hitl
214,2026-06-02 11:30,retail_1,retail,1,,,,,,,,0.0,30.0,1.0,9.25,16.5,75.0,76,hitl
215,2026-06-02 11:45,supplier_1,supplier,0,648.03,,,,,,,,,,,,,76,hitl
215,2026-06-02 11:45,farm_1,farm,1,,380.0,0.14,,,,,,,,,,,76,hitl
215,2026-06-02 11:45,slaughterhouse_1,slaughterhouse,1,,,,175.0,400.0,,,,,,,,,76,hitl
215,2026-06-02 11:45,wholesaler_1,wholesaler,1,,,,,,0.0,0.0,,,,,,,76,hitl
215,2026-06-02 11:45,retail_1,retail,1,,,,,,,,0.0,30.0,1.0,9.5,16.5,75.0,76,hitl
216,2026-06-02 12:00,supplier_1,supplier,0,647.39,,,,,,,,,,,,,76,hitl
216,2026-06-02 12:00,farm_1,farm,1,,380.0,0.14,,,,,,,,,,,76,hitl
216,2026-06-02 12:00,slaughterhouse_1,slaughterhouse,1,,,,175.0,395.68,,,,,,,,,76,hitl
216,2026-06-02 12:00,wholesaler_1,wholesaler,1,,,,,,0.0,0.0,,,,,,,76,hitl
216,2026-06-02 12:00,retail_1,retail,1,,,,,,,,0.0,30.0,1.0,9.75,16.5,75.0,76,hitl
217,2026-06-02 12:15,supplier_1,supplier,0,646.63,,,,,,,,,,,,,76,hitl
217,2026-06-02 12:15,farm_1,farm,1,,380.0,0.14,,,,,,,,,,,76,hitl
217,2026-06-02 12:15,slaughterhouse_1,slaughterhouse,1,,,,175.0,400.0,,,,,,,,,76,hitl
217,2026-06-02 12:15,wholesaler_1,wholesaler,1,,,,,,4.32,0.0,,,,,,,76,hitl
217,2026-06-02 12:15,retail_1,retail,1,,,,,,,,0.0,30.0,1.0,10.0,16.5,75.0,76,hitl
218,2026-06-02 12:30,supplier_1,supplier,0,645.75,,,,,,,,,,,,,76,hitl
218,2026-06-02 12:30,farm_1,farm,1,,380.0,0.14,,,,,,,,,,,76,hitl
218,2026-06-02 12:30,slaughterhouse_1,slaughterhouse,1,,,,175.0,400.0,,,,,,,,,76,hitl
218,2026-06-02 12:30,wholesaler_1,wholesaler,1,,,,,,2.23,0.0,,,,,,,76,hitl
218,2026-06-02 12:30,retail_1,retail,1,,,,,,,,0.0,30.0,1.0,10.25,16.5,75.0,76,hitl
219,2026-06-02 12:45,supplier_1,supplier,0,644.73,,,,,,,,,,,,,76,hitl
219,2026-06-02 12:45,farm_1,farm,1,,380.0,0.14,,,,,,,,,,,76,hitl
219,2026-06-02 12:45,slaughterhouse_1,slaughterhouse,1,,,,175.0,400.0,,,,,,,,,76,hitl
219,2026-06-02 12:45,wholesaler_1,wholesaler,1,,,,,,0.0,0.0,,,,,,,76,hitl
219,2026-06-02 12:45,retail_1,retail,1,,,,,,,,0.0,30.0,1.0,10.5,16.5,75.0,76,hitl
220,2026-06-02 13:00,supplier_1,supplier,0,643.41,,,,,,,,,,,,,76,hitl
220,2026-06-02 13:00,farm_1,farm,1,,380.0,0.14,,,,,,,,,,,76,hitl
220,2026-06-02 13:00,slaughterhouse_1,slaughterhouse,1,,,,175.0,400.0,,,,,,,,,76,hitl
220,2026-06-02 13:00,wholesaler_1,wholesaler,1,,,,,,0.0,0.0,,,,,,,76,hitl
220,2026-06-02 13:00,retail_1,retail,1,,,,,,,,0.0,30.0,1.0,10.75,16.5,75.0,76,hitl
221,2026-06-02 13:15,supplier_1,supplier,0,642.13,,,,,,,,,,,,,76,hitl
221,2026-06-02 13:15,farm_1,farm,1,,380.0,0.14,,,,,,,,,,,76,hitl
221,2026-06-02 13:15,slaughterhouse_1,slaughterhouse,1,,,,175.0,400.0,,,,,,,,,76,hitl
221,2026-06-02 13:15,wholesaler_1,wholesaler,1,,,,,,0.0,0.0,,,,,,,76,hitl
221,2026-06-02 13:15,retail_1,retail,1,,,,,,,,0.0,30.0,1.0,11.0,16.5,75.0,76,hitl
222,2026-06-02 13:30,supplier_1,supplier,0,641.29,,,,,,,,,,,,,76,hitl
222,2026-06-02 13:30,farm_1,farm,1,,380.0,0.14,,,,,,,,,,,76,hitl
222,2026-06-02 13:30,slaughterhouse_1,slaughterhouse,1,,,,175.0,400.0,,,,,,,,,76,hitl
222,2026-06-02 13:30,wholesaler_1,wholesaler,1,,,,,,0.0,0.0,,,,,,,76,hitl
222,2026-06-02 13:30,retail_1,retail,1,,,,,,,,0.0,30.0,1.0,11.25,16.5,75.0,76,hitl
223,2026-06-02 13:45,supplier_1,supplier,0,640.25,,,,,,,,,,,,,76,hitl
223,2026-06-02 13:45,farm_1,farm,1,,380.0,0.14,,,,,,,,,,,76,hitl
223,2026-06-02 13:45,slaughterhouse_1,slaughterhouse,1,,,,175.0,400.0,,,,,,,,,76,hitl
223,2026-06-02 13:45,wholesaler_1,wholesaler,1,,,,,,0.0,0.0,,,,,,,76,hitl
223,2026-06-02 13:45,retail_1,retail,1,,,,,,,,0.0,30.0,1.0,11.5,16.5,75.0,76,hitl
224,2026-06-02 14:00,supplier_1,supplier,0,639.55,,,,,,,,,,,,,76,hitl
224,2026-06-02 14:00,farm_1,farm,1,,380.0,0.14,,,,,,,,,,,76,hitl
224,2026-06-02 14:00,slaughterhouse_1,slaughterhouse,1,,,,175.0,395.68,,,,,,,,,76,hitl
224,2026-06-02 14:00,wholesaler_1,wholesaler,1,,,,,,0.0,0.0,,,,,,,76,hitl
224,2026-06-02 14:00,retail_1,retail,1,,,,,,,,0.0,30.0,1.0,11.75,16.5,75.0,76,hitl
225,2026-06-02 14:15,supplier_1,supplier,0,638.41,,,,,,,,,,,,,76,hitl
225,2026-06-02 14:15,farm_1,farm,1,,380.0,0.14,,,,,,,,,,,76,hitl
225,2026-06-02 14:15,slaughterhouse_1,slaughterhouse,1,,,,175.0,400.0,,,,,,,,,76,hitl
225,2026-06-02 14:15,wholesaler_1,wholesaler,1,,,,,,4.32,0.0,,,,,,,76,hitl
225,2026-06-02 14:15,retail_1,retail,1,,,,,,,,0.0,30.0,1.0,12.0,16.5,75.0,76,hitl
226,2026-06-02 14:30,supplier_1,supplier,0,637.69,,,,,,,,,,,,,76,hitl
226,2026-06-02 14:30,farm_1,farm,1,,380.0,0.14,,,,,,,,,,,76,hitl
226,2026-06-02 14:30,slaughterhouse_1,slaughterhouse,1,,,,175.0,400.0,,,,,,,,,76,hitl
226,2026-06-02 14:30,wholesaler_1,wholesaler,1,,,,,,2.14,0.0,,,,,,,76,hitl
226,2026-06-02 14:30,retail_1,retail,1,,,,,,,,0.0,30.0,1.0,12.25,16.5,75.0,76,hitl
227,2026-06-02 14:45,supplier_1,supplier,0,636.99,,,,,,,,,,,,,76,hitl
227,2026-06-02 14:45,farm_1,farm,1,,380.0,0.14,,,,,,,,,,,76,hitl
227,2026-06-02 14:45,slaughterhouse_1,slaughterhouse,1,,,,175.0,400.0,,,,,,,,,76,hitl
227,2026-06-02 14:45,wholesaler_1,wholesaler,1,,,,,,0.09,0.0,,,,,,,76,hitl
227,2026-06-02 14:45,retail_1,retail,1,,,,,,,,0.0,30.0,1.0,12.5,16.5,75.0,76,hitl
228,2026-06-02 15:00,supplier_1,supplier,0,635.96,,,,,,,,,,,,,76,hitl
228,2026-06-02 15:00,farm_1,farm,1,,380.0,0.14,,,,,,,,,,,76,hitl
228,2026-06-02 15:00,slaughterhouse_1,slaughterhouse,1,,,,175.0,400.0,,,,,,,,,76,hitl
228,2026-06-02 15:00,wholesaler_1,wholesaler,1,,,,,,0.0,0.0,,,,,,,76,hitl
228,2026-06-02 15:00,retail_1,retail,1,,,,,,,,0.0,30.0,1.0,12.75,16.5,75.0,76,hitl
229,2026-06-02 15:15,supplier_1,supplier,0,634.54,,,,,,,,,,,,,76,hitl
229,2026-06-02 15:15,farm_1,farm,1,,380.0,0.14,,,,,,,,,,,76,hitl
229,2026-06-02 15:15,slaughterhouse_1,slaughterhouse,1,,,,175.0,400.0,,,,,,,,,76,hitl
229,2026-06-02 15:15,wholesaler_1,wholesaler,1,,,,,,0.0,0.0,,,,,,,76,hitl
229,2026-06-02 15:15,retail_1,retail,1,,,,,,,,0.0,30.0,1.0,13.0,16.5,75.0,76,hitl
230,2026-06-02 15:30,supplier_1,supplier,0,633.77,,,,,,,,,,,,,76,hitl
230,2026-06-02 15:30,farm_1,farm,1,,380.0,0.14,,,,,,,,,,,76,hitl
230,2026-06-02 15:30,slaughterhouse_1,slaughterhouse,1,,,,175.0,400.0,,,,,,,,,76,hitl
230,2026-06-02 15:30,wholesaler_1,wholesaler,1,,,,,,0.0,0.0,,,,,,,76,hitl
230,2026-06-02 15:30,retail_1,retail,1,,,,,,,,0.0,30.0,1.0,13.25,16.5,75.0,76,hitl
231,2026-06-02 15:45,supplier_1,supplier,0,632.91,,,,,,,,,,,,,76,hitl
231,2026-06-02 15:45,farm_1,farm,1,,380.0,0.14,,,,,,,,,,,76,hitl
231,2026-06-02 15:45,slaughterhouse_1,slaughterhouse,1,,,,175.0,400.0,,,,,,,,,76,hitl
231,2026-06-02 15:45,wholesaler_1,wholesaler,1,,,,,,0.0,0.0,,,,,,,76,hitl
231,2026-06-02 15:45,retail_1,retail,1,,,,,,,,0.0,30.0,1.0,13.5,16.5,75.0,76,hitl
232,2026-06-02 16:00,supplier_1,supplier,0,631.87,,,,,,,,,,,,,76,hitl
232,2026-06-02 16:00,farm_1,farm,1,,380.0,0.14,,,,,,,,,,,76,hitl
232,2026-06-02 16:00,slaughterhouse_1,slaughterhouse,1,,,,175.0,395.68,,,,,,,,,76,hitl
232,2026-06-02 16:00,wholesaler_1,wholesaler,1,,,,,,0.0,0.0,,,,,,,76,hitl
232,2026-06-02 16:00,retail_1,retail,1,,,,,,,,0.0,30.0,1.0,13.75,16.5,75.0,76,hitl
233,2026-06-02 16:15,supplier_1,supplier,0,630.86,,,,,,,,,,,,,76,hitl
233,2026-06-02 16:15,farm_1,farm,1,,380.0,0.14,,,,,,,,,,,76,hitl
233,2026-06-02 16:15,slaughterhouse_1,slaughterhouse,1,,,,175.0,400.0,,,,,,,,,76,hitl
233,2026-06-02 16:15,wholesaler_1,wholesaler,1,,,,,,4.32,0.0,,,,,,,76,hitl
233,2026-06-02 16:15,retail_1,retail,1,,,,,,,,0.0,30.0,1.0,14.0,16.5,75.0,76,hitl
234,2026-06-02 16:30,supplier_1,supplier,0,630.29,,,,,,,,,,,,,76,hitl
234,2026-06-02 16:30,farm_1,farm,1,,380.0,0.14,,,,,,,,,,,76,hitl
234,2026-06-02 16:30,slaughterhouse_1,slaughterhouse,1,,,,175.0,400.0,,,,,,,,,76,hitl
234,2026-06-02 16:30,wholesaler_1,wholesaler,1,,,,,,2.38,0.0,,,,,,,76,hitl
234,2026-06-02 16:30,retail_1,retail,1,,,,,,,,0.0,30.0,1.0,14.25,16.5,75.0,76,hitl
235,2026-06-02 16:45,supplier_1,supplier,0,629.08,,,,,,,,,,,,,76,hitl
235,2026-06-02 16:45,farm_1,farm,1,,380.0,0.14,,,,,,,,,,,76,hitl
235,2026-06-02 16:45,slaughterhouse_1,slaughterhouse,1,,,,175.0,400.0,,,,,,,,,76,hitl
235,2026-06-02 16:45,wholesaler_1,wholesaler,1,,,,,,0.71,0.0,,,,,,,76,hitl
235,2026-06-02 16:45,retail_1,retail,1,,,,,,,,0.0,30.0,1.0,14.5,16.5,75.0,76,hitl
236,2026-06-02 17:00,supplier_1,supplier,0,628.48,,,,,,,,,,,,,76,hitl
236,2026-06-02 17:00,farm_1,farm,1,,380.0,0.14,,,,,,,,,,,76,hitl
236,2026-06-02 17:00,slaughterhouse_1,slaughterhouse,1,,,,175.0,400.0,,,,,,,,,76,hitl
236,2026-06-02 17:00,wholesaler_1,wholesaler,1,,,,,,0.0,0.0,,,,,,,76,hitl
236,2026-06-02 17:00,retail_1,retail,1,,,,,,,,0.0,30.0,1.0,14.75,16.5,75.0,76,hitl
237,2026-06-02 17:15,supplier_1,supplier,0,627.02,,,,,,,,,,,,,76,hitl
237,2026-06-02 17:15,farm_1,farm,1,,380.0,0.14,,,,,,,,,,,76,hitl
237,2026-06-02 17:15,slaughterhouse_1,slaughterhouse,1,,,,175.0,400.0,,,,,,,,,76,hitl
237,2026-06-02 17:15,wholesaler_1,wholesaler,1,,,,,,0.0,0.0,,,,,,,76,hitl
237,2026-06-02 17:15,retail_1,retail,1,,,,,,,,0.0,30.0,1.0,15.0,16.5,75.0,76,hitl
238,2026-06-02 17:30,supplier_1,supplier,0,625.77,,,,,,,,,,,,,76,hitl
238,2026-06-02 17:30,farm_1,farm,1,,380.0,0.14,,,,,,,,,,,76,hitl
238,2026-06-02 17:30,slaughterhouse_1,slaughterhouse,1,,,,175.0,400.0,,,,,,,,,76,hitl
238,2026-06-02 17:30,wholesaler_1,wholesaler,1,,,,,,0.0,0.0,,,,,,,76,hitl
238,2026-06-02 17:30,retail_1,retail,1,,,,,,,,0.0,30.0,1.0,15.25,16.5,75.0,76,hitl
239,2026-06-02 17:45,supplier_1,supplier,0,624.53,,,,,,,,,,,,,76,hitl
239,2026-06-02 17:45,farm_1,farm,1,,380.0,0.14,,,,,,,,,,,76,hitl
239,2026-06-02 17:45,slaughterhouse_1,slaughterhouse,1,,,,175.0,400.0,,,,,,,,,76,hitl
239,2026-06-02 17:45,wholesaler_1,wholesaler,1,,,,,,0.0,0.0,,,,,,,76,hitl
239,2026-06-02 17:45,retail_1,retail,1,,,,,,,,0.0,30.0,1.0,15.5,16.5,75.0,76,hitl
240,2026-06-02 18:00,supplier_1,supplier,0,623.18,,,,,,,,,,,,,76,hitl
240,2026-06-02 18:00,farm_1,farm,1,,380.0,0.14,,,,,,,,,,,76,hitl
240,2026-06-02 18:00,slaughterhouse_1,slaughterhouse,1,,,,175.0,395.68,,,,,,,,,76,hitl
240,2026-06-02 18:00,wholesaler_1,wholesaler,1,,,,,,0.0,0.0,,,,,,,76,hitl
240,2026-06-02 18:00,retail_1,retail,1,,,,,,,,0.0,30.0,1.0,15.75,16.5,75.0,76,hitl
241,2026-06-02 18:15,supplier_1,supplier,0,622.47,,,,,,,,,,,,,76,hitl
241,2026-06-02 18:15,farm_1,farm,1,,380.0,0.14,,,,,,,,,,,76,hitl
241,2026-06-02 18:15,slaughterhouse_1,slaughterhouse,1,,,,175.0,400.0,,,,,,,,,76,hitl
241,2026-06-02 18:15,wholesaler_1,wholesaler,1,,,,,,4.32,0.0,,,,,,,76,hitl
241,2026-06-02 18:15,retail_1,retail,1,,,,,,,,0.0,30.0,1.0,16.0,16.5,75.0,76,hitl
242,2026-06-02 18:30,supplier_1,supplier,0,621.01,,,,,,,,,,,,,76,hitl
242,2026-06-02 18:30,farm_1,farm,1,,380.0,0.14,,,,,,,,,,,76,hitl
242,2026-06-02 18:30,slaughterhouse_1,slaughterhouse,1,,,,175.0,400.0,,,,,,,,,76,hitl
242,2026-06-02 18:30,wholesaler_1,wholesaler,1,,,,,,1.86,0.0,,,,,,,76,hitl
242,2026-06-02 18:30,retail_1,retail,1,,,,,,,,0.0,30.0,1.0,16.25,16.5,75.0,76,hitl
243,2026-06-02 18:45,supplier_1,supplier,0,620.09,,,,,,,,,,,,,76,hitl
243,2026-06-02 18:45,farm_1,farm,1,,380.0,0.14,,,,,,,,,,,76,hitl
243,2026-06-02 18:45,slaughterhouse_1,slaughterhouse,1,,,,175.0,400.0,,,,,,,,,76,hitl
243,2026-06-02 18:45,wholesaler_1,wholesaler,1,,,,,,0.0,0.0,,,,,,,76,hitl
243,2026-06-02 18:45,retail_1,retail,1,,,,,,,,0.0,30.0,1.0,16.5,16.5,75.0,76,hitl
244,2026-06-02 19:00,supplier_1,supplier,0,619.41,,,,,,,,,,,,,76,hitl
244,2026-06-02 19:00,farm_1,farm,1,,380.0,0.14,,,,,,,,,,,76,hitl
244,2026-06-02 19:00,slaughterhouse_1,slaughterhouse,1,,,,175.0,400.0,,,,,,,,,76,hitl
244,2026-06-02 19:00,wholesaler_1,wholesaler,1,,,,,,0.0,0.0,,,,,,,76,hitl
244,2026-06-02 19:00,retail_1,retail,1,,,,,,,,0.0,30.0,1.0,16.75,16.5,75.0,76,hitl
245,2026-06-02 19:15,supplier_1,supplier,0,618.81,,,,,,,,,,,,,76,hitl
245,2026-06-02 19:15,farm_1,farm,1,,380.0,0.14,,,,,,,,,,,76,hitl
245,2026-06-02 19:15,slaughterhouse_1,slaughterhouse,1,,,,175.0,400.0,,,,,,,,,76,hitl
245,2026-06-02 19:15,wholesaler_1,wholesaler,1,,,,,,0.0,0.0,,,,,,,76,hitl
245,2026-06-02 19:15,retail_1,retail,1,,,,,,,,0.0,30.0,1.0,17.0,16.5,75.0,76,hitl
246,2026-06-02 19:30,supplier_1,supplier,0,617.52,,,,,,,,,,,,,76,hitl
246,2026-06-02 19:30,farm_1,farm,1,,380.0,0.14,,,,,,,,,,,76,hitl
246,2026-06-02 19:30,slaughterhouse_1,slaughterhouse,1,,,,175.0,400.0,,,,,,,,,76,hitl
246,2026-06-02 19:30,wholesaler_1,wholesaler,1,,,,,,0.0,0.0,,,,,,,76,hitl
246,2026-06-02 19:30,retail_1,retail,1,,,,,,,,0.0,30.0,1.0,17.25,16.5,75.0,76,hitl
247,2026-06-02 19:45,supplier_1,supplier,0,616.4,,,,,,,,,,,,,76,hitl
247,2026-06-02 19:45,farm_1,farm,1,,380.0,0.14,,,,,,,,,,,76,hitl
247,2026-06-02 19:45,slaughterhouse_1,slaughterhouse,1,,,,175.0,400.0,,,,,,,,,76,hitl
247,2026-06-02 19:45,wholesaler_1,wholesaler,1,,,,,,0.0,0.0,,,,,,,76,hitl
247,2026-06-02 19:45,retail_1,retail,1,,,,,,,,0.0,30.0,1.0,17.5,16.5,75.0,76,hitl
248,2026-06-02 20:00,supplier_1,supplier,0,615.62,,,,,,,,,,,,,76,hitl
248,2026-06-02 20:00,farm_1,farm,1,,380.0,0.14,,,,,,,,,,,76,hitl
248,2026-06-02 20:00,slaughterhouse_1,slaughterhouse,1,,,,175.0,395.68,,,,,,,,,76,hitl
248,2026-06-02 20:00,wholesaler_1,wholesaler,1,,,,,,0.0,0.0,,,,,,,76,hitl
248,2026-06-02 20:00,retail_1,retail,1,,,,,,,,0.0,30.0,1.0,17.75,16.5,75.0,76,hitl
249,2026-06-02 20:15,supplier_1,supplier,0,614.48,,,,,,,,,,,,,76,hitl
249,2026-06-02 20:15,farm_1,farm,1,,380.0,0.14,,,,,,,,,,,76,hitl
249,2026-06-02 20:15,slaughterhouse_1,slaughterhouse,1,,,,175.0,400.0,,,,,,,,,76,hitl
249,2026-06-02 20:15,wholesaler_1,wholesaler,1,,,,,,4.32,0.0,,,,,,,76,hitl
249,2026-06-02 20:15,retail_1,retail,1,,,,,,,,0.0,30.0,1.0,18.0,16.5,75.0,76,hitl
250,2026-06-02 20:30,supplier_1,supplier,0,613.64,,,,,,,,,,,,,76,hitl
250,2026-06-02 20:30,farm_1,farm,1,,380.0,0.14,,,,,,,,,,,76,hitl
250,2026-06-02 20:30,slaughterhouse_1,slaughterhouse,1,,,,175.0,400.0,,,,,,,,,76,hitl
250,2026-06-02 20:30,wholesaler_1,wholesaler,1,,,,,,1.66,0.0,,,,,,,76,hitl
250,2026-06-02 20:30,retail_1,retail,1,,,,,,,,0.0,30.0,1.0,18.25,16.5,75.0,76,hitl
251,2026-06-02 20:45,supplier_1,supplier,0,613.12,,,,,,,,,,,,,76,hitl
251,2026-06-02 20:45,farm_1,farm,1,,380.0,0.14,,,,,,,,,,,76,hitl
251,2026-06-02 20:45,slaughterhouse_1,slaughterhouse,1,,,,175.0,400.0,,,,,,,,,76,hitl
251,2026-06-02 20:45,wholesaler_1,wholesaler,1,,,,,,0.0,0.0,,,,,,,76,hitl
251,2026-06-02 20:45,retail_1,retail,1,,,,,,,,0.0,30.0,1.0,18.5,16.5,75.0,76,hitl
252,2026-06-02 21:00,supplier_1,supplier,0,611.96,,,,,,,,,,,,,76,hitl
252,2026-06-02 21:00,farm_1,farm,1,,380.0,0.14,,,,,,,,,,,76,hitl
252,2026-06-02 21:00,slaughterhouse_1,slaughterhouse,1,,,,175.0,400.0,,,,,,,,,76,hitl
252,2026-06-02 21:00,wholesaler_1,wholesaler,1,,,,,,0.0,0.0,,,,,,,76,hitl
252,2026-06-02 21:00,retail_1,retail,1,,,,,,,,0.0,30.0,1.0,18.75,16.5,75.0,76,hitl
253,2026-06-02 21:15,supplier_1,supplier,0,610.6,,,,,,,,,,,,,76,hitl
253,2026-06-02 21:15,farm_1,farm,1,,380.0,0.14,,,,,,,,,,,76,hitl
253,2026-06-02 21:15,slaughterhouse_1,slaughterhouse,1,,,,175.0,400.0,,,,,,,,,76,hitl
253,2026-06-02 21:15,wholesaler_1,wholesaler,1,,,,,,0.0,0.0,,,,,,,76,hitl
253,2026-06-02 21:15,retail_1,retail,1,,,,,,,,0.0,30.0,1.0,19.0,16.5,75.0,76,hitl
254,2026-06-02 21:30,supplier_1,supplier,0,609.14,,,,,,,,,,,,,76,hitl
254,2026-06-02 21:30,farm_1,farm,1,,380.0,0.14,,,,,,,,,,,76,hitl
254,2026-06-02 21:30,slaughterhouse_1,slaughterhouse,1,,,,175.0,400.0,,,,,,,,,76,hitl
254,2026-06-02 21:30,wholesaler_1,wholesaler,1,,,,,,0.0,0.0,,,,,,,76,hitl
254,2026-06-02 21:30,retail_1,retail,1,,,,,,,,0.0,30.0,1.0,19.25,16.5,75.0,76,hitl
255,2026-06-02 21:45,supplier_1,supplier,0,608.27,,,,,,,,,,,,,76,hitl
255,2026-06-02 21:45,farm_1,farm,1,,380.0,0.14,,,,,,,,,,,76,hitl
255,2026-06-02 21:45,slaughterhouse_1,slaughterhouse,1,,,,175.0,400.0,,,,,,,,,76,hitl
255,2026-06-02 21:45,wholesaler_1,wholesaler,1,,,,,,0.0,0.0,,,,,,,76,hitl
255,2026-06-02 21:45,retail_1,retail,1,,,,,,,,0.0,30.0,1.0,19.5,16.5,75.0,76,hitl
256,2026-06-02 22:00,supplier_1,supplier,0,607.61,,,,,,,,,,,,,76,hitl
256,2026-06-02 22:00,farm_1,farm,1,,380.0,0.14,,,,,,,,,,,76,hitl
256,2026-06-02 22:00,slaughterhouse_1,slaughterhouse,1,,,,175.0,395.68,,,,,,,,,76,hitl
256,2026-06-02 22:00,wholesaler_1,wholesaler,1,,,,,,0.0,0.0,,,,,,,76,hitl
256,2026-06-02 22:00,retail_1,retail,1,,,,,,,,0.0,30.0,1.0,19.75,16.5,75.0,76,hitl
257,2026-06-02 22:15,supplier_1,supplier,0,607.02,,,,,,,,,,,,,76,hitl
257,2026-06-02 22:15,farm_1,farm,1,,380.0,0.14,,,,,,,,,,,76,hitl
257,2026-06-02 22:15,slaughterhouse_1,slaughterhouse,1,,,,175.0,400.0,,,,,,,,,76,hitl
257,2026-06-02 22:15,wholesaler_1,wholesaler,1,,,,,,4.32,0.0,,,,,,,76,hitl
257,2026-06-02 22:15,retail_1,retail,1,,,,,,,,0.0,30.0,1.0,20.0,16.5,75.0,76,hitl
258,2026-06-02 22:30,supplier_1,supplier,0,605.85,,,,,,,,,,,,,76,hitl
258,2026-06-02 22:30,farm_1,farm,1,,380.0,0.14,,,,,,,,,,,76,hitl
258,2026-06-02 22:30,slaughterhouse_1,slaughterhouse,1,,,,175.0,400.0,,,,,,,,,76,hitl
258,2026-06-02 22:30,wholesaler_1,wholesaler,1,,,,,,2.39,0.0,,,,,,,76,hitl
258,2026-06-02 22:30,retail_1,retail,1,,,,,,,,0.0,30.0,1.0,20.25,16.5,75.0,76,hitl
259,2026-06-02 22:45,supplier_1,supplier,0,604.51,,,,,,,,,,,,,76,hitl
259,2026-06-02 22:45,farm_1,farm,1,,380.0,0.14,,,,,,,,,,,76,hitl
259,2026-06-02 22:45,slaughterhouse_1,slaughterhouse,1,,,,175.0,400.0,,,,,,,,,76,hitl
259,2026-06-02 22:45,wholesaler_1,wholesaler,1,,,,,,0.0,0.0,,,,,,,76,hitl
259,2026-06-02 22:45,retail_1,retail,1,,,,,,,,0.0,30.0,1.0,20.5,16.5,75.0,76,hitl
260,2026-06-02 23:00,supplier_1,supplier,0,603.57,,,,,,,,,,,,,76,hitl
260,2026-06-02 23:00,farm_1,farm,1,,380.0,0.14,,,,,,,,,,,76,hitl
260,2026-06-02 23:00,slaughterhouse_1,slaughterhouse,1,,,,175.0,400.0,,,,,,,,,76,hitl
260,2026-06-02 23:00,wholesaler_1,wholesaler,1,,,,,,0.0,0.0,,,,,,,76,hitl
260,2026-06-02 23:00,retail_1,retail,1,,,,,,,,0.0,30.0,1.0,20.75,16.5,75.0,76,hitl
261,2026-06-02 23:15,supplier_1,supplier,0,602.74,,,,,,,,,,,,,76,hitl
261,2026-06-02 23:15,farm_1,farm,1,,380.0,0.14,,,,,,,,,,,76,hitl
261,2026-06-02 23:15,slaughterhouse_1,slaughterhouse,1,,,,175.0,400.0,,,,,,,,,76,hitl
261,2026-06-02 23:15,wholesaler_1,wholesaler,1,,,,,,0.0,0.0,,,,,,,76,hitl
261,2026-06-02 23:15,retail_1,retail,1,,,,,,,,0.0,30.0,1.0,21.0,16.5,75.0,76,hitl
262,2026-06-02 23:30,supplier_1,supplier,0,601.83,,,,,,,,,,,,,76,hitl
262,2026-06-02 23:30,farm_1,farm,1,,380.0,0.14,,,,,,,,,,,76,hitl
262,2026-06-02 23:30,slaughterhouse_1,slaughterhouse,1,,,,175.0,400.0,,,,,,,,,76,hitl
262,2026-06-02 23:30,wholesaler_1,wholesaler,1,,,,,,0.0,0.0,,,,,,,76,hitl
262,2026-06-02 23:30,retail_1,retail,1,,,,,,,,0.0,30.0,1.0,21.25,16.5,75.0,76,hitl
263,2026-06-02 23:45,supplier_1,supplier,0,600.56,,,,,,,,,,,,,76,hitl
263,2026-06-02 23:45,farm_1,farm,1,,380.0,0.14,,,,,,,,,,,76,hitl
263,2026-06-02 23:45,slaughterhouse_1,slaughterhouse,1,,,,175.0,400.0,,,,,,,,,76,hitl
263,2026-06-02 23:45,wholesaler_1,wholesaler,1,,,,,,0.0,0.0,,,,,,,76,hitl
263,2026-06-02 23:45,retail_1,retail,1,,,,,,,,0.0,30.0,1.0,21.5,16.5,75.0,76,hitl
264,2026-06-03 00:00,supplier_1,supplier,0,599.57,,,,,,,,,,,,,76,hitl
264,2026-06-03 00:00,farm_1,farm,1,,380.0,0.14,,,,,,,,,,,76,hitl
264,2026-06-03 00:00,slaughterhouse_1,slaughterhouse,1,,,,175.0,395.68,,,,,,,,,76,hitl
264,2026-06-03 00:00,wholesaler_1,wholesaler,1,,,,,,0.0,0.0,,,,,,,76,hitl
264,2026-06-03 00:00,retail_1,retail,1,,,,,,,,0.0,30.0,1.0,21.75,16.5,75.0,76,hitl
265,2026-06-03 00:15,supplier_1,supplier,0,598.32,,,,,,,,,,,,,76,hitl
265,2026-06-03 00:15,farm_1,farm,1,,380.0,0.14,,,,,,,,,,,76,hitl
265,2026-06-03 00:15,slaughterhouse_1,slaughterhouse,1,,,,175.0,400.0,,,,,,,,,76,hitl
265,2026-06-03 00:15,wholesaler_1,wholesaler,1,,,,,,4.32,0.0,,,,,,,76,hitl
265,2026-06-03 00:15,retail_1,retail,1,,,,,,,,0.0,30.0,1.0,22.0,16.5,75.0,76,hitl
266,2026-06-03 00:30,supplier_1,supplier,0,597.37,,,,,,,,,,,,,76,hitl
266,2026-06-03 00:30,farm_1,farm,1,,380.0,0.14,,,,,,,,,,,76,hitl
266,2026-06-03 00:30,slaughterhouse_1,slaughterhouse,1,,,,175.0,400.0,,,,,,,,,76,hitl
266,2026-06-03 00:30,wholesaler_1,wholesaler,1,,,,,,1.33,0.0,,,,,,,76,hitl
266,2026-06-03 00:30,retail_1,retail,1,,,,,,,,0.0,30.0,1.0,22.25,16.5,75.0,76,hitl
267,2026-06-03 00:45,supplier_1,supplier,0,595.89,,,,,,,,,,,,,76,hitl
267,2026-06-03 00:45,farm_1,farm,1,,380.0,0.14,,,,,,,,,,,76,hitl
267,2026-06-03 00:45,slaughterhouse_1,slaughterhouse,1,,,,175.0,400.0,,,,,,,,,76,hitl
267,2026-06-03 00:45,wholesaler_1,wholesaler,1,,,,,,0.0,0.0,,,,,,,76,hitl
267,2026-06-03 00:45,retail_1,retail,1,,,,,,,,0.0,30.0,1.0,22.5,16.5,75.0,76,hitl
268,2026-06-03 01:00,supplier_1,supplier,0,594.99,,,,,,,,,,,,,76,hitl
268,2026-06-03 01:00,farm_1,farm,1,,380.0,0.14,,,,,,,,,,,76,hitl
268,2026-06-03 01:00,slaughterhouse_1,slaughterhouse,1,,,,175.0,400.0,,,,,,,,,76,hitl
268,2026-06-03 01:00,wholesaler_1,wholesaler,1,,,,,,0.0,0.0,,,,,,,76,hitl
268,2026-06-03 01:00,retail_1,retail,1,,,,,,,,0.0,30.0,1.0,22.75,16.5,75.0,76,hitl
269,2026-06-03 01:15,supplier_1,supplier,0,594.05,,,,,,,,,,,,,76,hitl
269,2026-06-03 01:15,farm_1,farm,1,,380.0,0.14,,,,,,,,,,,76,hitl
269,2026-06-03 01:15,slaughterhouse_1,slaughterhouse,1,,,,175.0,400.0,,,,,,,,,76,hitl
269,2026-06-03 01:15,wholesaler_1,wholesaler,1,,,,,,0.0,0.0,,,,,,,76,hitl
269,2026-06-03 01:15,retail_1,retail,1,,,,,,,,0.0,30.0,1.0,23.0,16.5,75.0,76,hitl
270,2026-06-03 01:30,supplier_1,supplier,0,592.87,,,,,,,,,,,,,76,hitl
270,2026-06-03 01:30,farm_1,farm,1,,380.0,0.14,,,,,,,,,,,76,hitl
270,2026-06-03 01:30,slaughterhouse_1,slaughterhouse,1,,,,175.0,400.0,,,,,,,,,76,hitl
270,2026-06-03 01:30,wholesaler_1,wholesaler,1,,,,,,0.0,0.0,,,,,,,76,hitl
270,2026-06-03 01:30,retail_1,retail,1,,,,,,,,0.0,30.0,1.0,23.25,16.5,75.0,76,hitl
271,2026-06-03 01:45,supplier_1,supplier,0,592.34,,,,,,,,,,,,,76,hitl
271,2026-06-03 01:45,farm_1,farm,1,,380.0,0.14,,,,,,,,,,,76,hitl
271,2026-06-03 01:45,slaughterhouse_1,slaughterhouse,1,,,,175.0,400.0,,,,,,,,,76,hitl
271,2026-06-03 01:45,wholesaler_1,wholesaler,1,,,,,,0.0,0.0,,,,,,,76,hitl
271,2026-06-03 01:45,retail_1,retail,1,,,,,,,,0.0,30.0,1.0,23.5,16.5,75.0,76,hitl
272,2026-06-03 02:00,supplier_1,supplier,0,591.09,,,,,,,,,,,,,76,hitl
272,2026-06-03 02:00,farm_1,farm,1,,380.0,0.14,,,,,,,,,,,76,hitl
272,2026-06-03 02:00,slaughterhouse_1,slaughterhouse,1,,,,175.0,395.68,,,,,,,,,76,hitl
272,2026-06-03 02:00,wholesaler_1,wholesaler,1,,,,,,0.0,0.0,,,,,,,76,hitl
272,2026-06-03 02:00,retail_1,retail,1,,,,,,,,0.0,30.0,1.0,23.75,16.5,75.0,76,hitl
273,2026-06-03 02:15,supplier_1,supplier,0,590.32,,,,,,,,,,,,,76,hitl
273,2026-06-03 02:15,farm_1,farm,1,,380.0,0.14,,,,,,,,,,,76,hitl
273,2026-06-03 02:15,slaughterhouse_1,slaughterhouse,1,,,,175.0,400.0,,,,,,,,,76,hitl
273,2026-06-03 02:15,wholesaler_1,wholesaler,1,,,,,,4.32,0.0,,,,,,,76,hitl
273,2026-06-03 02:15,retail_1,retail,1,,,,,,,,0.0,30.0,1.0,24.0,16.5,75.0,76,hitl
274,2026-06-03 02:30,supplier_1,supplier,0,589.48,,,,,,,,,,,,,76,hitl
274,2026-06-03 02:30,farm_1,farm,1,,380.0,0.14,,,,,,,,,,,76,hitl
274,2026-06-03 02:30,slaughterhouse_1,slaughterhouse,1,,,,175.0,400.0,,,,,,,,,76,hitl
274,2026-06-03 02:30,wholesaler_1,wholesaler,1,,,,,,1.78,0.0,,,,,,,76,hitl
274,2026-06-03 02:30,retail_1,retail,1,,,,,,,,0.0,30.0,1.0,24.25,16.5,75.0,76,hitl
275,2026-06-03 02:45,supplier_1,supplier,0,588.57,,,,,,,,,,,,,76,hitl
275,2026-06-03 02:45,farm_1,farm,1,,380.0,0.14,,,,,,,,,,,76,hitl
275,2026-06-03 02:45,slaughterhouse_1,slaughterhouse,1,,,,175.0,400.0,,,,,,,,,76,hitl
275,2026-06-03 02:45,wholesaler_1,wholesaler,1,,,,,,0.0,0.0,,,,,,,76,hitl
275,2026-06-03 02:45,retail_1,retail,1,,,,,,,,0.0,30.0,1.0,24.5,16.5,75.0,76,hitl
276,2026-06-03 03:00,supplier_1,supplier,0,587.19,,,,,,,,,,,,,76,hitl
276,2026-06-03 03:00,farm_1,farm,1,,380.0,0.14,,,,,,,,,,,76,hitl
276,2026-06-03 03:00,slaughterhouse_1,slaughterhouse,1,,,,175.0,400.0,,,,,,,,,76,hitl
276,2026-06-03 03:00,wholesaler_1,wholesaler,1,,,,,,0.0,0.0,,,,,,,76,hitl
276,2026-06-03 03:00,retail_1,retail,1,,,,,,,,0.0,30.0,1.0,24.75,16.5,75.0,76,hitl
277,2026-06-03 03:15,supplier_1,supplier,0,586.46,,,,,,,,,,,,,76,hitl
277,2026-06-03 03:15,farm_1,farm,1,,380.0,0.14,,,,,,,,,,,76,hitl
277,2026-06-03 03:15,slaughterhouse_1,slaughterhouse,1,,,,175.0,400.0,,,,,,,,,76,hitl
277,2026-06-03 03:15,wholesaler_1,wholesaler,1,,,,,,0.0,0.0,,,,,,,76,hitl
277,2026-06-03 03:15,retail_1,retail,1,,,,,,,,0.0,30.0,1.0,25.0,16.5,75.0,76,hitl
278,2026-06-03 03:30,supplier_1,supplier,0,585.0,,,,,,,,,,,,,76,hitl
278,2026-06-03 03:30,farm_1,farm,1,,380.0,0.14,,,,,,,,,,,76,hitl
278,2026-06-03 03:30,slaughterhouse_1,slaughterhouse,1,,,,175.0,400.0,,,,,,,,,76,hitl
278,2026-06-03 03:30,wholesaler_1,wholesaler,1,,,,,,0.0,0.0,,,,,,,76,hitl
278,2026-06-03 03:30,retail_1,retail,1,,,,,,,,0.0,30.0,1.0,25.25,16.5,75.0,76,hitl
279,2026-06-03 03:45,supplier_1,supplier,0,583.78,,,,,,,,,,,,,76,hitl
279,2026-06-03 03:45,farm_1,farm,1,,380.0,0.14,,,,,,,,,,,76,hitl
279,2026-06-03 03:45,slaughterhouse_1,slaughterhouse,1,,,,175.0,400.0,,,,,,,,,76,hitl
279,2026-06-03 03:45,wholesaler_1,wholesaler,1,,,,,,0.0,0.0,,,,,,,76,hitl
279,2026-06-03 03:45,retail_1,retail,1,,,,,,,,0.0,30.0,1.0,25.5,16.5,75.0,76,hitl
280,2026-06-03 04:00,supplier_1,supplier,0,583.24,,,,,,,,,,,,,76,hitl
280,2026-06-03 04:00,farm_1,farm,1,,380.0,0.14,,,,,,,,,,,76,hitl
280,2026-06-03 04:00,slaughterhouse_1,slaughterhouse,1,,,,175.0,395.68,,,,,,,,,76,hitl
280,2026-06-03 04:00,wholesaler_1,wholesaler,1,,,,,,0.0,0.0,,,,,,,76,hitl
280,2026-06-03 04:00,retail_1,retail,1,,,,,,,,0.0,30.0,1.0,25.75,16.5,75.0,76,hitl
281,2026-06-03 04:15,supplier_1,supplier,0,582.37,,,,,,,,,,,,,76,hitl
281,2026-06-03 04:15,farm_1,farm,1,,380.0,0.14,,,,,,,,,,,76,hitl
281,2026-06-03 04:15,slaughterhouse_1,slaughterhouse,1,,,,175.0,400.0,,,,,,,,,76,hitl
281,2026-06-03 04:15,wholesaler_1,wholesaler,1,,,,,,4.32,0.0,,,,,,,76,hitl
281,2026-06-03 04:15,retail_1,retail,1,,,,,,,,0.0,30.0,1.0,26.0,16.5,75.0,76,hitl
282,2026-06-03 04:30,supplier_1,supplier,0,581.84,,,,,,,,,,,,,76,hitl
282,2026-06-03 04:30,farm_1,farm,1,,380.0,0.14,,,,,,,,,,,76,hitl
282,2026-06-03 04:30,slaughterhouse_1,slaughterhouse,1,,,,175.0,400.0,,,,,,,,,76,hitl
282,2026-06-03 04:30,wholesaler_1,wholesaler,1,,,,,,2.21,0.0,,,,,,,76,hitl
282,2026-06-03 04:30,retail_1,retail,1,,,,,,,,0.0,30.0,1.0,26.25,16.5,75.0,76,hitl
283,2026-06-03 04:45,supplier_1,supplier,0,581.01,,,,,,,,,,,,,76,hitl
283,2026-06-03 04:45,farm_1,farm,1,,380.0,0.14,,,,,,,,,,,76,hitl
283,2026-06-03 04:45,slaughterhouse_1,slaughterhouse,1,,,,175.0,400.0,,,,,,,,,76,hitl
283,2026-06-03 04:45,wholesaler_1,wholesaler,1,,,,,,0.0,0.0,,,,,,,76,hitl
283,2026-06-03 04:45,retail_1,retail,1,,,,,,,,0.0,30.0,1.0,26.5,16.5,75.0,76,hitl
284,2026-06-03 05:00,supplier_1,supplier,0,579.85,,,,,,,,,,,,,76,hitl
284,2026-06-03 05:00,farm_1,farm,1,,380.0,0.14,,,,,,,,,,,76,hitl
284,2026-06-03 05:00,slaughterhouse_1,slaughterhouse,1,,,,175.0,400.0,,,,,,,,,76,hitl
284,2026-06-03 05:00,wholesaler_1,wholesaler,1,,,,,,0.0,0.0,,,,,,,76,hitl
284,2026-06-03 05:00,retail_1,retail,1,,,,,,,,0.0,30.0,1.0,26.75,16.5,75.0,76,hitl
285,2026-06-03 05:15,supplier_1,supplier,0,579.18,,,,,,,,,,,,,76,hitl
285,2026-06-03 05:15,farm_1,farm,1,,380.0,0.14,,,,,,,,,,,76,hitl
285,2026-06-03 05:15,slaughterhouse_1,slaughterhouse,1,,,,175.0,400.0,,,,,,,,,76,hitl
285,2026-06-03 05:15,wholesaler_1,wholesaler,1,,,,,,0.0,0.0,,,,,,,76,hitl
285,2026-06-03 05:15,retail_1,retail,1,,,,,,,,0.0,30.0,1.0,27.0,16.5,75.0,76,hitl
286,2026-06-03 05:30,supplier_1,supplier,0,577.72,,,,,,,,,,,,,76,hitl
286,2026-06-03 05:30,farm_1,farm,1,,380.0,0.14,,,,,,,,,,,76,hitl
286,2026-06-03 05:30,slaughterhouse_1,slaughterhouse,1,,,,175.0,400.0,,,,,,,,,76,hitl
286,2026-06-03 05:30,wholesaler_1,wholesaler,1,,,,,,0.0,0.0,,,,,,,76,hitl
286,2026-06-03 05:30,retail_1,retail,1,,,,,,,,0.0,30.0,1.0,27.25,16.5,75.0,76,hitl
287,2026-06-03 05:45,supplier_1,supplier,0,576.63,,,,,,,,,,,,,76,hitl
287,2026-06-03 05:45,farm_1,farm,1,,380.0,0.14,,,,,,,,,,,76,hitl
287,2026-06-03 05:45,slaughterhouse_1,slaughterhouse,1,,,,175.0,400.0,,,,,,,,,76,hitl
287,2026-06-03 05:45,wholesaler_1,wholesaler,1,,,,,,0.0,0.0,,,,,,,76,hitl
287,2026-06-03 05:45,retail_1,retail,1,,,,,,,,0.0,30.0,1.0,27.5,16.5,75.0,76,hitl
288,2026-06-03 06:00,supplier_1,supplier,0,575.48,,,,,,,,,,,,,76,hitl
288,2026-06-03 06:00,farm_1,farm,1,,380.0,0.14,,,,,,,,,,,76,hitl
288,2026-06-03 06:00,slaughterhouse_1,slaughterhouse,1,,,,175.0,395.68,,,,,,,,,76,hitl
288,2026-06-03 06:00,wholesaler_1,wholesaler,1,,,,,,0.0,0.0,,,,,,,76,hitl
288,2026-06-03 06:00,retail_1,retail,1,,,,,,,,0.0,30.0,1.0,27.75,16.5,75.0,76,hitl
289,2026-06-03 06:15,supplier_1,supplier,0,574.38,,,,,,,,,,,,,76,hitl
289,2026-06-03 06:15,farm_1,farm,1,,380.0,0.14,,,,,,,,,,,76,hitl
289,2026-06-03 06:15,slaughterhouse_1,slaughterhouse,1,,,,175.0,400.0,,,,,,,,,76,hitl
289,2026-06-03 06:15,wholesaler_1,wholesaler,1,,,,,,4.32,0.0,,,,,,,76,hitl
289,2026-06-03 06:15,retail_1,retail,1,,,,,,,,0.0,30.0,1.0,28.0,16.5,75.0,76,hitl
290,2026-06-03 06:30,supplier_1,supplier,0,573.43,,,,,,,,,,,,,76,hitl
290,2026-06-03 06:30,farm_1,farm,1,,380.0,0.14,,,,,,,,,,,76,hitl
290,2026-06-03 06:30,slaughterhouse_1,slaughterhouse,1,,,,175.0,400.0,,,,,,,,,76,hitl
290,2026-06-03 06:30,wholesaler_1,wholesaler,1,,,,,,2.68,0.0,,,,,,,76,hitl
290,2026-06-03 06:30,retail_1,retail,1,,,,,,,,0.0,30.0,1.0,28.25,16.5,75.0,76,hitl
291,2026-06-03 06:45,supplier_1,supplier,0,572.17,,,,,,,,,,,,,76,hitl
291,2026-06-03 06:45,farm_1,farm,1,,380.0,0.14,,,,,,,,,,,76,hitl
291,2026-06-03 06:45,slaughterhouse_1,slaughterhouse,1,,,,175.0,400.0,,,,,,,,,76,hitl
291,2026-06-03 06:45,wholesaler_1,wholesaler,1,,,,,,0.61,0.0,,,,,,,76,hitl
291,2026-06-03 06:45,retail_1,retail,1,,,,,,,,0.0,30.0,1.0,28.5,16.5,75.0,76,hitl
292,2026-06-03 07:00,supplier_1,supplier,0,571.11,,,,,,,,,,,,,76,hitl
292,2026-06-03 07:00,farm_1,farm,1,,380.0,0.14,,,,,,,,,,,76,hitl
292,2026-06-03 07:00,slaughterhouse_1,slaughterhouse,1,,,,175.0,400.0,,,,,,,,,76,hitl
292,2026-06-03 07:00,wholesaler_1,wholesaler,1,,,,,,0.0,0.0,,,,,,,76,hitl
292,2026-06-03 07:00,retail_1,retail,1,,,,,,,,0.0,30.0,1.0,28.75,16.5,75.0,76,hitl
293,2026-06-03 07:15,supplier_1,supplier,0,570.21,,,,,,,,,,,,,76,hitl
293,2026-06-03 07:15,farm_1,farm,1,,380.0,0.14,,,,,,,,,,,76,hitl
293,2026-06-03 07:15,slaughterhouse_1,slaughterhouse,1,,,,175.0,400.0,,,,,,,,,76,hitl
293,2026-06-03 07:15,wholesaler_1,wholesaler,1,,,,,,0.0,0.0,,,,,,,76,hitl
293,2026-06-03 07:15,retail_1,retail,1,,,,,,,,0.0,30.0,1.0,29.0,16.5,75.0,76,hitl
294,2026-06-03 07:30,supplier_1,supplier,0,568.84,,,,,,,,,,,,,76,hitl
294,2026-06-03 07:30,farm_1,farm,1,,380.0,0.14,,,,,,,,,,,76,hitl
294,2026-06-03 07:30,slaughterhouse_1,slaughterhouse,1,,,,175.0,400.0,,,,,,,,,76,hitl
294,2026-06-03 07:30,wholesaler_1,wholesaler,1,,,,,,0.0,0.0,,,,,,,76,hitl
294,2026-06-03 07:30,retail_1,retail,1,,,,,,,,0.0,30.0,1.0,29.25,16.5,75.0,76,hitl
295,2026-06-03 07:45,supplier_1,supplier,0,567.45,,,,,,,,,,,,,76,hitl
295,2026-06-03 07:45,farm_1,farm,1,,380.0,0.14,,,,,,,,,,,76,hitl
295,2026-06-03 07:45,slaughterhouse_1,slaughterhouse,1,,,,175.0,400.0,,,,,,,,,76,hitl
295,2026-06-03 07:45,wholesaler_1,wholesaler,1,,,,,,0.0,0.0,,,,,,,76,hitl
295,2026-06-03 07:45,retail_1,retail,1,,,,,,,,0.0,30.0,1.0,29.5,16.5,75.0,76,hitl
296,2026-06-03 08:00,supplier_1,supplier,0,566.14,,,,,,,,,,,,,76,hitl
296,2026-06-03 08:00,farm_1,farm,1,,380.0,0.14,,,,,,,,,,,76,hitl
296,2026-06-03 08:00,slaughterhouse_1,slaughterhouse,1,,,,175.0,395.68,,,,,,,,,76,hitl
296,2026-06-03 08:00,wholesaler_1,wholesaler,1,,,,,,0.0,0.0,,,,,,,76,hitl
296,2026-06-03 08:00,retail_1,retail,1,,,,,,,,0.0,30.0,1.0,29.75,16.5,75.0,76,hitl
297,2026-06-03 08:15,supplier_1,supplier,0,564.99,,,,,,,,,,,,,76,hitl
297,2026-06-03 08:15,farm_1,farm,1,,380.0,0.14,,,,,,,,,,,76,hitl
297,2026-06-03 08:15,slaughterhouse_1,slaughterhouse,1,,,,175.0,400.0,,,,,,,,,76,hitl
297,2026-06-03 08:15,wholesaler_1,wholesaler,1,,,,,,4.32,0.0,,,,,,,76,hitl
297,2026-06-03 08:15,retail_1,retail,1,,,,,,,,0.0,30.0,1.0,30.0,16.5,75.0,76,hitl
298,2026-06-03 08:30,supplier_1,supplier,0,564.31,,,,,,,,,,,,,76,hitl
298,2026-06-03 08:30,farm_1,farm,1,,380.0,0.14,,,,,,,,,,,76,hitl
298,2026-06-03 08:30,slaughterhouse_1,slaughterhouse,1,,,,175.0,400.0,,,,,,,,,76,hitl
298,2026-06-03 08:30,wholesaler_1,wholesaler,1,,,,,,1.87,0.0,,,,,,,76,hitl
298,2026-06-03 08:30,retail_1,retail,1,,,,,,,,0.0,30.0,1.0,30.25,16.5,75.0,76,hitl
299,2026-06-03 08:45,supplier_1,supplier,0,563.65,,,,,,,,,,,,,76,hitl
299,2026-06-03 08:45,farm_1,farm,1,,380.0,0.14,,,,,,,,,,,76,hitl
299,2026-06-03 08:45,slaughterhouse_1,slaughterhouse,1,,,,175.0,400.0,,,,,,,,,76,hitl
299,2026-06-03 08:45,wholesaler_1,wholesaler,1,,,,,,0.0,0.0,,,,,,,76,hitl
299,2026-06-03 08:45,retail_1,retail,1,,,,,,,,0.0,30.0,1.0,30.5,16.5,75.0,76,hitl
300,2026-06-03 09:00,supplier_1,supplier,0,562.17,,,,,,,,,,,,,76,hitl
300,2026-06-03 09:00,farm_1,farm,1,,380.0,0.14,,,,,,,,,,,76,hitl
300,2026-06-03 09:00,slaughterhouse_1,slaughterhouse,1,,,,175.0,400.0,,,,,,,,,76,hitl
300,2026-06-03 09:00,wholesaler_1,wholesaler,1,,,,,,0.0,0.0,,,,,,,76,hitl
300,2026-06-03 09:00,retail_1,retail,1,,,,,,,,0.0,30.0,1.0,30.75,16.5,75.0,76,hitl
301,2026-06-03 09:15,supplier_1,supplier,0,561.48,,,,,,,,,,,,,76,hitl
301,2026-06-03 09:15,farm_1,farm,1,,380.0,0.14,,,,,,,,,,,76,hitl
301,2026-06-03 09:15,slaughterhouse_1,slaughterhouse,1,,,,175.0,400.0,,,,,,,,,76,hitl
301,2026-06-03 09:15,wholesaler_1,wholesaler,1,,,,,,0.0,0.0,,,,,,,76,hitl
301,2026-06-03 09:15,retail_1,retail,1,,,,,,,,0.0,30.0,1.0,31.0,16.5,75.0,76,hitl
302,2026-06-03 09:30,supplier_1,supplier,0,560.71,,,,,,,,,,,,,76,hitl
302,2026-06-03 09:30,farm_1,farm,1,,380.0,0.14,,,,,,,,,,,76,hitl
302,2026-06-03 09:30,slaughterhouse_1,slaughterhouse,1,,,,175.0,400.0,,,,,,,,,76,hitl
302,2026-06-03 09:30,wholesaler_1,wholesaler,1,,,,,,0.0,0.0,,,,,,,76,hitl
302,2026-06-03 09:30,retail_1,retail,1,,,,,,,,0.0,30.0,1.0,31.25,16.5,75.0,76,hitl
303,2026-06-03 09:45,supplier_1,supplier,0,559.67,,,,,,,,,,,,,76,hitl
303,2026-06-03 09:45,farm_1,farm,1,,380.0,0.14,,,,,,,,,,,76,hitl
303,2026-06-03 09:45,slaughterhouse_1,slaughterhouse,1,,,,175.0,400.0,,,,,,,,,76,hitl
303,2026-06-03 09:45,wholesaler_1,wholesaler,1,,,,,,0.0,0.0,,,,,,,76,hitl
303,2026-06-03 09:45,retail_1,retail,1,,,,,,,,0.0,30.0,1.0,31.5,16.5,75.0,76,hitl
304,2026-06-03 10:00,supplier_1,supplier,0,559.17,,,,,,,,,,,,,76,hitl
304,2026-06-03 10:00,farm_1,farm,1,,380.0,0.14,,,,,,,,,,,76,hitl
304,2026-06-03 10:00,slaughterhouse_1,slaughterhouse,1,,,,175.0,395.68,,,,,,,,,76,hitl
304,2026-06-03 10:00,wholesaler_1,wholesaler,1,,,,,,0.0,0.0,,,,,,,76,hitl
304,2026-06-03 10:00,retail_1,retail,1,,,,,,,,0.0,30.0,1.0,31.75,16.5,75.0,76,hitl
305,2026-06-03 10:15,supplier_1,supplier,0,557.78,,,,,,,,,,,,,76,hitl
305,2026-06-03 10:15,farm_1,farm,1,,380.0,0.14,,,,,,,,,,,76,hitl
305,2026-06-03 10:15,slaughterhouse_1,slaughterhouse,1,,,,175.0,400.0,,,,,,,,,76,hitl
305,2026-06-03 10:15,wholesaler_1,wholesaler,1,,,,,,4.32,0.0,,,,,,,76,hitl
305,2026-06-03 10:15,retail_1,retail,1,,,,,,,,0.0,30.0,1.0,32.0,16.5,75.0,76,hitl
306,2026-06-03 10:30,supplier_1,supplier,0,556.88,,,,,,,,,,,,,76,hitl
306,2026-06-03 10:30,farm_1,farm,1,,380.0,0.14,,,,,,,,,,,76,hitl
306,2026-06-03 10:30,slaughterhouse_1,slaughterhouse,1,,,,175.0,400.0,,,,,,,,,76,hitl
306,2026-06-03 10:30,wholesaler_1,wholesaler,1,,,,,,1.59,0.0,,,,,,,76,hitl
306,2026-06-03 10:30,retail_1,retail,1,,,,,,,,0.0,30.0,1.0,32.25,16.5,75.0,76,hitl
307,2026-06-03 10:45,supplier_1,supplier,0,555.7,,,,,,,,,,,,,76,hitl
307,2026-06-03 10:45,farm_1,farm,1,,380.0,0.14,,,,,,,,,,,76,hitl
307,2026-06-03 10:45,slaughterhouse_1,slaughterhouse,1,,,,175.0,400.0,,,,,,,,,76,hitl
307,2026-06-03 10:45,wholesaler_1,wholesaler,1,,,,,,0.0,0.0,,,,,,,76,hitl
307,2026-06-03 10:45,retail_1,retail,1,,,,,,,,0.0,30.0,1.0,32.5,16.5,75.0,76,hitl
308,2026-06-03 11:00,supplier_1,supplier,0,554.32,,,,,,,,,,,,,76,hitl
308,2026-06-03 11:00,farm_1,farm,1,,380.0,0.14,,,,,,,,,,,76,hitl
308,2026-06-03 11:00,slaughterhouse_1,slaughterhouse,1,,,,175.0,400.0,,,,,,,,,76,hitl
308,2026-06-03 11:00,wholesaler_1,wholesaler,1,,,,,,0.0,0.0,,,,,,,76,hitl
308,2026-06-03 11:00,retail_1,retail,1,,,,,,,,0.0,30.0,1.0,32.75,16.5,75.0,76,hitl
309,2026-06-03 11:15,supplier_1,supplier,0,553.52,,,,,,,,,,,,,76,hitl
309,2026-06-03 11:15,farm_1,farm,1,,380.0,0.14,,,,,,,,,,,76,hitl
309,2026-06-03 11:15,slaughterhouse_1,slaughterhouse,1,,,,175.0,400.0,,,,,,,,,76,hitl
309,2026-06-03 11:15,wholesaler_1,wholesaler,1,,,,,,0.0,0.0,,,,,,,76,hitl
309,2026-06-03 11:15,retail_1,retail,1,,,,,,,,0.0,30.0,1.0,33.0,16.5,75.0,76,hitl
310,2026-06-03 11:30,supplier_1,supplier,0,552.08,,,,,,,,,,,,,76,hitl
310,2026-06-03 11:30,farm_1,farm,1,,380.0,0.14,,,,,,,,,,,76,hitl
310,2026-06-03 11:30,slaughterhouse_1,slaughterhouse,1,,,,175.0,400.0,,,,,,,,,76,hitl
310,2026-06-03 11:30,wholesaler_1,wholesaler,1,,,,,,0.0,0.0,,,,,,,76,hitl
310,2026-06-03 11:30,retail_1,retail,1,,,,,,,,0.0,30.0,1.0,33.25,16.5,75.0,76,hitl
311,2026-06-03 11:45,supplier_1,supplier,0,551.4,,,,,,,,,,,,,76,hitl
311,2026-06-03 11:45,farm_1,farm,1,,380.0,0.14,,,,,,,,,,,76,hitl
311,2026-06-03 11:45,slaughterhouse_1,slaughterhouse,1,,,,175.0,400.0,,,,,,,,,76,hitl
311,2026-06-03 11:45,wholesaler_1,wholesaler,1,,,,,,0.0,0.0,,,,,,,76,hitl
311,2026-06-03 11:45,retail_1,retail,1,,,,,,,,0.0,30.0,1.0,33.5,16.5,75.0,76,hitl
312,2026-06-03 12:00,supplier_1,supplier,0,550.18,,,,,,,,,,,,,76,hitl
312,2026-06-03 12:00,farm_1,farm,0,,620.0,0.035,,,,,,,,,,,76,hitl
312,2026-06-03 12:00,slaughterhouse_1,slaughterhouse,1,,,,175.0,395.68,,,,,,,,,76,hitl
312,2026-06-03 12:00,wholesaler_1,wholesaler,1,,,,,,0.0,0.0,,,,,,,76,hitl
312,2026-06-03 12:00,retail_1,retail,1,,,,,,,,0.0,30.0,1.0,33.75,16.5,75.0,76,hitl
313,2026-06-03 12:15,supplier_1,supplier,0,549.15,,,,,,,,,,,,,76,hitl
313,2026-06-03 12:15,farm_1,farm,0,,620.0,0.035,,,,,,,,,,,76,hitl
313,2026-06-03 12:15,slaughterhouse_1,slaughterhouse,1,,,,175.0,400.0,,,,,,,,,76,hitl
313,2026-06-03 12:15,wholesaler_1,wholesaler,1,,,,,,4.32,0.0,,,,,,,76,hitl
313,2026-06-03 12:15,retail_1,retail,1,,,,,,,,0.0,30.0,1.0,34.0,16.5,75.0,76,hitl
314,2026-06-03 12:30,supplier_1,supplier,0,547.79,,,,,,,,,,,,,76,hitl
314,2026-06-03 12:30,farm_1,farm,0,,620.0,0.035,,,,,,,,,,,76,hitl
314,2026-06-03 12:30,slaughterhouse_1,slaughterhouse,1,,,,175.0,400.0,,,,,,,,,76,hitl
314,2026-06-03 12:30,wholesaler_1,wholesaler,1,,,,,,2.26,0.0,,,,,,,76,hitl
314,2026-06-03 12:30,retail_1,retail,1,,,,,,,,0.0,30.0,1.0,34.25,16.5,75.0,76,hitl
315,2026-06-03 12:45,supplier_1,supplier,0,546.32,,,,,,,,,,,,,76,hitl
315,2026-06-03 12:45,farm_1,farm,0,,620.0,0.035,,,,,,,,,,,76,hitl
315,2026-06-03 12:45,slaughterhouse_1,slaughterhouse,1,,,,175.0,400.0,,,,,,,,,76,hitl
315,2026-06-03 12:45,wholesaler_1,wholesaler,1,,,,,,0.0,0.0,,,,,,,76,hitl
315,2026-06-03 12:45,retail_1,retail,1,,,,,,,,0.0,30.0,1.0,34.5,16.5,75.0,76,hitl
316,2026-06-03 13:00,supplier_1,supplier,0,545.39,,,,,,,,,,,,,76,hitl
316,2026-06-03 13:00,farm_1,farm,0,,620.0,0.035,,,,,,,,,,,76,hitl
316,2026-06-03 13:00,slaughterhouse_1,slaughterhouse,1,,,,175.0,400.0,,,,,,,,,76,hitl
316,2026-06-03 13:00,wholesaler_1,wholesaler,1,,,,,,0.0,0.0,,,,,,,76,hitl
316,2026-06-03 13:00,retail_1,retail,1,,,,,,,,0.0,30.0,1.0,34.75,16.5,75.0,76,hitl
317,2026-06-03 13:15,supplier_1,supplier,0,544.71,,,,,,,,,,,,,76,hitl
317,2026-06-03 13:15,farm_1,farm,0,,620.0,0.035,,,,,,,,,,,76,hitl
317,2026-06-03 13:15,slaughterhouse_1,slaughterhouse,1,,,,175.0,400.0,,,,,,,,,76,hitl
317,2026-06-03 13:15,wholesaler_1,wholesaler,1,,,,,,0.0,0.0,,,,,,,76,hitl
317,2026-06-03 13:15,retail_1,retail,1,,,,,,,,0.0,30.0,1.0,35.0,16.5,75.0,76,hitl
318,2026-06-03 13:30,supplier_1,supplier,0,543.75,,,,,,,,,,,,,76,hitl
318,2026-06-03 13:30,farm_1,farm,0,,620.0,0.035,,,,,,,,,,,76,hitl
318,2026-06-03 13:30,slaughterhouse_1,slaughterhouse,1,,,,175.0,400.0,,,,,,,,,76,hitl
318,2026-06-03 13:30,wholesaler_1,wholesaler,1,,,,,,0.0,0.0,,,,,,,76,hitl
318,2026-06-03 13:30,retail_1,retail,1,,,,,,,,0.0,30.0,1.0,35.25,16.5,75.0,76,hitl
319,2026-06-03 13:45,supplier_1,supplier,0,542.87,,,,,,,,,,,,,76,hitl
319,2026-06-03 13:45,farm_1,farm,0,,620.0,0.035,,,,,,,,,,,76,hitl
319,2026-06-03 13:45,slaughterhouse_1,slaughterhouse,1,,,,175.0,400.0,,,,,,,,,76,hitl
319,2026-06-03 13:45,wholesaler_1,wholesaler,1,,,,,,0.0,0.0,,,,,,,76,hitl
319,2026-06-03 13:45,retail_1,retail,1,,,,,,,,0.0,30.0,1.0,35.5,16.5,75.0,76,hitl
320,2026-06-03 14:00,supplier_1,supplier,0,541.4,,,,,,,,,,,,,76,hitl
320,2026-06-03 14:00,farm_1,farm,0,,620.0,0.035,,,,,,,,,,,76,hitl
320,2026-06-03 14:00,slaughterhouse_1,slaughterhouse,1,,,,175.0,395.68,,,,,,,,,76,hitl
320,2026-06-03 14:00,wholesaler_1,wholesaler,1,,,,,,0.0,0.0,,,,,,,76,hitl
320,2026-06-03 14:00,retail_1,retail,1,,,,,,,,0.0,30.0,1.0,35.75,16.5,75.0,76,hitl
321,2026-06-03 14:15,supplier_1,supplier,0,540.43,,,,,,,,,,,,,76,hitl
321,2026-06-03 14:15,farm_1,farm,0,,620.0,0.035,,,,,,,,,,,76,hitl
321,2026-06-03 14:15,slaughterhouse_1,slaughterhouse,1,,,,175.0,400.0,,,,,,,,,76,hitl
321,2026-06-03 14:15,wholesaler_1,wholesaler,1,,,,,,4.32,0.0,,,,,,,76,hitl
321,2026-06-03 14:15,retail_1,retail,1,,,,,,,,0.0,30.0,1.0,36.0,16.5,75.0,76,hitl
322,2026-06-03 14:30,supplier_1,supplier,0,539.48,,,,,,,,,,,,,76,hitl
322,2026-06-03 14:30,farm_1,farm,0,,620.0,0.035,,,,,,,,,,,76,hitl
322,2026-06-03 14:30,slaughterhouse_1,slaughterhouse,1,,,,175.0,400.0,,,,,,,,,76,hitl
322,2026-06-03 14:30,wholesaler_1,wholesaler,1,,,,,,2.76,0.0,,,,,,,76,hitl
322,2026-06-03 14:30,retail_1,retail,1,,,,,,,,0.0,30.0,1.0,36.25,16.5,75.0,76,hitl
323,2026-06-03 14:45,supplier_1,supplier,0,538.59,,,,,,,,,,,,,76,hitl
323,2026-06-03 14:45,farm_1,farm,0,,620.0,0.035,,,,,,,,,,,76,hitl
323,2026-06-03 14:45,slaughterhouse_1,slaughterhouse,1,,,,175.0,400.0,,,,,,,,,76,hitl
323,2026-06-03 14:45,wholesaler_1,wholesaler,1,,,,,,0.57,0.0,,,,,,,76,hitl
323,2026-06-03 14:45,retail_1,retail,1,,,,,,,,0.0,30.0,1.0,36.5,16.5,75.0,76,hitl
324,2026-06-03 15:00,supplier_1,supplier,0,537.59,,,,,,,,,,,,,76,hitl
324,2026-06-03 15:00,farm_1,farm,1,,620.0,0.035,,,,,,,,,,,76,hitl
324,2026-06-03 15:00,slaughterhouse_1,slaughterhouse,1,,,,175.0,400.0,,,,,,,,,76,hitl
324,2026-06-03 15:00,wholesaler_1,wholesaler,1,,,,,,0.0,0.0,,,,,,,76,hitl
324,2026-06-03 15:00,retail_1,retail,1,,,,,,,,0.0,30.0,1.0,36.75,16.5,75.0,76,hitl
325,2026-06-03 15:15,supplier_1,supplier,0,536.49,,,,,,,,,,,,,76,hitl
325,2026-06-03 15:15,farm_1,farm,1,,620.0,0.035,,,,,,,,,,,76,hitl
325,2026-06-03 15:15,slaughterhouse_1,slaughterhouse,1,,,,175.0,400.0,,,,,,,,,76,hitl
325,2026-06-03 15:15,wholesaler_1,wholesaler,1,,,,,,0.0,0.0,,,,,,,76,hitl
325,2026-06-03 15:15,retail_1,retail,1,,,,,,,,0.0,30.0,1.0,37.0,16.5,75.0,76,hitl
326,2026-06-03 15:30,supplier_1,supplier,0,535.81,,,,,,,,,,,,,76,hitl
326,2026-06-03 15:30,farm_1,farm,1,,620.0,0.035,,,,,,,,,,,76,hitl
326,2026-06-03 15:30,slaughterhouse_1,slaughterhouse,1,,,,175.0,400.0,,,,,,,,,76,hitl
326,2026-06-03 15:30,wholesaler_1,wholesaler,1,,,,,,0.0,0.0,,,,,,,76,hitl
326,2026-06-03 15:30,retail_1,retail,1,,,,,,,,0.0,30.0,1.0,37.25,16.5,75.0,76,hitl
327,2026-06-03 15:45,supplier_1,supplier,0,534.71,,,,,,,,,,,,,76,hitl
327,2026-06-03 15:45,farm_1,farm,1,,620.0,0.035,,,,,,,,,,,76,hitl
327,2026-06-03 15:45,slaughterhouse_1,slaughterhouse,1,,,,175.0,400.0,,,,,,,,,76,hitl
327,2026-06-03 15:45,wholesaler_1,wholesaler,1,,,,,,0.0,0.0,,,,,,,76,hitl
327,2026-06-03 15:45,retail_1,retail,1,,,,,,,,0.0,30.0,1.0,37.5,16.5,75.0,76,hitl
328,2026-06-03 16:00,supplier_1,supplier,0,533.37,,,,,,,,,,,,,76,hitl
328,2026-06-03 16:00,farm_1,farm,1,,620.0,0.035,,,,,,,,,,,76,hitl
328,2026-06-03 16:00,slaughterhouse_1,slaughterhouse,1,,,,175.0,395.68,,,,,,,,,76,hitl
328,2026-06-03 16:00,wholesaler_1,wholesaler,1,,,,,,0.0,0.0,,,,,,,76,hitl
328,2026-06-03 16:00,retail_1,retail,1,,,,,,,,0.0,30.0,1.0,37.75,16.5,75.0,76,hitl
329,2026-06-03 16:15,supplier_1,supplier,0,532.07,,,,,,,,,,,,,76,hitl
329,2026-06-03 16:15,farm_1,farm,1,,620.0,0.035,,,,,,,,,,,76,hitl
329,2026-06-03 16:15,slaughterhouse_1,slaughterhouse,1,,,,175.0,400.0,,,,,,,,,76,hitl
329,2026-06-03 16:15,wholesaler_1,wholesaler,1,,,,,,4.32,0.0,,,,,,,76,hitl
329,2026-06-03 16:15,retail_1,retail,1,,,,,,,,0.0,30.0,1.0,38.0,16.5,75.0,76,hitl
330,2026-06-03 16:30,supplier_1,supplier,0,531.42,,,,,,,,,,,,,76,hitl
330,2026-06-03 16:30,farm_1,farm,1,,620.0,0.035,,,,,,,,,,,76,hitl
330,2026-06-03 16:30,slaughterhouse_1,slaughterhouse,1,,,,175.0,400.0,,,,,,,,,76,hitl
330,2026-06-03 16:30,wholesaler_1,wholesaler,1,,,,,,1.97,0.0,,,,,,,76,hitl
330,2026-06-03 16:30,retail_1,retail,1,,,,,,,,0.0,30.0,1.0,38.25,16.5,75.0,76,hitl
331,2026-06-03 16:45,supplier_1,supplier,0,530.33,,,,,,,,,,,,,76,hitl
331,2026-06-03 16:45,farm_1,farm,1,,620.0,0.035,,,,,,,,,,,76,hitl
331,2026-06-03 16:45,slaughterhouse_1,slaughterhouse,1,,,,175.0,400.0,,,,,,,,,76,hitl
331,2026-06-03 16:45,wholesaler_1,wholesaler,1,,,,,,0.0,0.0,,,,,,,76,hitl
331,2026-06-03 16:45,retail_1,retail,1,,,,,,,,0.0,30.0,1.0,38.5,16.5,75.0,76,hitl
332,2026-06-03 17:00,supplier_1,supplier,0,529.39,,,,,,,,,,,,,76,hitl
332,2026-06-03 17:00,farm_1,farm,1,,620.0,0.035,,,,,,,,,,,76,hitl
332,2026-06-03 17:00,slaughterhouse_1,slaughterhouse,1,,,,175.0,400.0,,,,,,,,,76,hitl
332,2026-06-03 17:00,wholesaler_1,wholesaler,1,,,,,,0.0,0.0,,,,,,,76,hitl
332,2026-06-03 17:00,retail_1,retail,1,,,,,,,,0.0,30.0,1.0,38.75,16.5,75.0,76,hitl
333,2026-06-03 17:15,supplier_1,supplier,0,528.54,,,,,,,,,,,,,76,hitl
333,2026-06-03 17:15,farm_1,farm,1,,620.0,0.035,,,,,,,,,,,76,hitl
333,2026-06-03 17:15,slaughterhouse_1,slaughterhouse,1,,,,175.0,400.0,,,,,,,,,76,hitl
333,2026-06-03 17:15,wholesaler_1,wholesaler,1,,,,,,0.0,0.0,,,,,,,76,hitl
333,2026-06-03 17:15,retail_1,retail,1,,,,,,,,0.0,30.0,1.0,39.0,16.5,75.0,76,hitl
334,2026-06-03 17:30,supplier_1,supplier,0,527.34,,,,,,,,,,,,,76,hitl
334,2026-06-03 17:30,farm_1,farm,1,,620.0,0.035,,,,,,,,,,,76,hitl
334,2026-06-03 17:30,slaughterhouse_1,slaughterhouse,1,,,,175.0,400.0,,,,,,,,,76,hitl
334,2026-06-03 17:30,wholesaler_1,wholesaler,1,,,,,,0.0,0.0,,,,,,,76,hitl
334,2026-06-03 17:30,retail_1,retail,1,,,,,,,,0.0,30.0,1.0,39.25,16.5,75.0,76,hitl
335,2026-06-03 17:45,supplier_1,supplier,0,526.45,,,,,,,,,,,,,76,hitl
335,2026-06-03 17:45,farm_1,farm,1,,620.0,0.035,,,,,,,,,,,76,hitl
335,2026-06-03 17:45,slaughterhouse_1,slaughterhouse,1,,,,175.0,400.0,,,,,,,,,76,hitl
335,2026-06-03 17:45,wholesaler_1,wholesaler,1,,,,,,0.0,0.0,,,,,,,76,hitl
335,2026-06-03 17:45,retail_1,retail,1,,,,,,,,0.0,30.0,1.0,39.5,16.5,75.0,76,hitl
336,2026-06-03 18:00,supplier_1,supplier,0,525.74,,,,,,,,,,,,,76,hitl
336,2026-06-03 18:00,farm_1,farm,1,,620.0,0.035,,,,,,,,,,,76,hitl
336,2026-06-03 18:00,slaughterhouse_1,slaughterhouse,1,,,,175.0,395.68,,,,,,,,,76,hitl
336,2026-06-03 18:00,wholesaler_1,wholesaler,1,,,,,,0.0,0.0,,,,,,,76,hitl
336,2026-06-03 18:00,retail_1,retail,1,,,,,,,,0.0,30.0,1.0,39.75,16.5,75.0,76,hitl
337,2026-06-03 18:15,supplier_1,supplier,0,524.61,,,,,,,,,,,,,76,hitl
337,2026-06-03 18:15,farm_1,farm,1,,620.0,0.035,,,,,,,,,,,76,hitl
337,2026-06-03 18:15,slaughterhouse_1,slaughterhouse,1,,,,175.0,400.0,,,,,,,,,76,hitl
337,2026-06-03 18:15,wholesaler_1,wholesaler,1,,,,,,4.32,0.0,,,,,,,76,hitl
337,2026-06-03 18:15,retail_1,retail,1,,,,,,,,0.0,30.0,1.0,40.0,16.5,75.0,76,hitl
338,2026-06-03 18:30,supplier_1,supplier,0,523.18,,,,,,,,,,,,,76,hitl
338,2026-06-03 18:30,farm_1,farm,1,,620.0,0.035,,,,,,,,,,,76,hitl
338,2026-06-03 18:30,slaughterhouse_1,slaughterhouse,1,,,,175.0,400.0,,,,,,,,,76,hitl
338,2026-06-03 18:30,wholesaler_1,wholesaler,1,,,,,,1.75,0.0,,,,,,,76,hitl
338,2026-06-03 18:30,retail_1,retail,1,,,,,,,,0.0,30.0,1.0,40.25,16.5,75.0,76,hitl
339,2026-06-03 18:45,supplier_1,supplier,0,522.31,,,,,,,,,,,,,76,hitl
339,2026-06-03 18:45,farm_1,farm,1,,620.0,0.035,,,,,,,,,,,76,hitl
339,2026-06-03 18:45,slaughterhouse_1,slaughterhouse,1,,,,175.0,400.0,,,,,,,,,76,hitl
339,2026-06-03 18:45,wholesaler_1,wholesaler,1,,,,,,0.11,0.0,,,,,,,76,hitl
339,2026-06-03 18:45,retail_1,retail,1,,,,,,,,0.0,30.0,1.0,40.5,16.5,75.0,76,hitl
340,2026-06-03 19:00,supplier_1,supplier,0,521.79,,,,,,,,,,,,,76,hitl
340,2026-06-03 19:00,farm_1,farm,1,,620.0,0.035,,,,,,,,,,,76,hitl
340,2026-06-03 19:00,slaughterhouse_1,slaughterhouse,1,,,,175.0,400.0,,,,,,,,,76,hitl
340,2026-06-03 19:00,wholesaler_1,wholesaler,1,,,,,,0.0,0.0,,,,,,,76,hitl
340,2026-06-03 19:00,retail_1,retail,1,,,,,,,,0.0,30.0,1.0,40.75,16.5,75.0,76,hitl
341,2026-06-03 19:15,supplier_1,supplier,0,521.02,,,,,,,,,,,,,76,hitl
341,2026-06-03 19:15,farm_1,farm,1,,620.0,0.035,,,,,,,,,,,76,hitl
341,2026-06-03 19:15,slaughterhouse_1,slaughterhouse,1,,,,175.0,400.0,,,,,,,,,76,hitl
341,2026-06-03 19:15,wholesaler_1,wholesaler,1,,,,,,0.0,0.0,,,,,,,76,hitl
341,2026-06-03 19:15,retail_1,retail,1,,,,,,,,0.0,30.0,1.0,41.0,16.5,75.0,76,hitl
342,2026-06-03 19:30,supplier_1,supplier,0,519.84,,,,,,,,,,,,,76,hitl
342,2026-06-03 19:30,farm_1,farm,1,,620.0,0.035,,,,,,,,,,,76,hitl
342,2026-06-03 19:30,slaughterhouse_1,slaughterhouse,1,,,,175.0,400.0,,,,,,,,,76,hitl
342,2026-06-03 19:30,wholesaler_1,wholesaler,1,,,,,,0.0,0.0,,,,,,,76,hitl
342,2026-06-03 19:30,retail_1,retail,1,,,,,,,,0.0,30.0,1.0,41.25,16.5,75.0,76,hitl
343,2026-06-03 19:45,supplier_1,supplier,0,518.83,,,,,,,,,,,,,76,hitl
343,2026-06-03 19:45,farm_1,farm,1,,620.0,0.035,,,,,,,,,,,76,hitl
343,2026-06-03 19:45,slaughterhouse_1,slaughterhouse,1,,,,175.0,400.0,,,,,,,,,76,hitl
343,2026-06-03 19:45,wholesaler_1,wholesaler,1,,,,,,0.0,0.0,,,,,,,76,hitl
343,2026-06-03 19:45,retail_1,retail,1,,,,,,,,0.0,30.0,1.0,41.5,16.5,75.0,76,hitl
344,2026-06-03 20:00,supplier_1,supplier,0,517.34,,,,,,,,,,,,,76,hitl
344,2026-06-03 20:00,farm_1,farm,1,,620.0,0.035,,,,,,,,,,,76,hitl
344,2026-06-03 20:00,slaughterhouse_1,slaughterhouse,1,,,,175.0,395.68,,,,,,,,,76,hitl
344,2026-06-03 20:00,wholesaler_1,wholesaler,1,,,,,,0.0,0.0,,,,,,,76,hitl
344,2026-06-03 20:00,retail_1,retail,1,,,,,,,,0.0,30.0,1.0,41.75,16.5,75.0,76,hitl
345,2026-06-03 20:15,supplier_1,supplier,0,516.15,,,,,,,,,,,,,76,hitl
345,2026-06-03 20:15,farm_1,farm,1,,620.0,0.035,,,,,,,,,,,76,hitl
345,2026-06-03 20:15,slaughterhouse_1,slaughterhouse,1,,,,175.0,400.0,,,,,,,,,76,hitl
345,2026-06-03 20:15,wholesaler_1,wholesaler,1,,,,,,4.32,0.0,,,,,,,76,hitl
345,2026-06-03 20:15,retail_1,retail,1,,,,,,,,0.0,30.0,1.0,42.0,16.5,75.0,76,hitl
346,2026-06-03 20:30,supplier_1,supplier,0,515.49,,,,,,,,,,,,,76,hitl
346,2026-06-03 20:30,farm_1,farm,1,,620.0,0.035,,,,,,,,,,,76,hitl
346,2026-06-03 20:30,slaughterhouse_1,slaughterhouse,1,,,,175.0,400.0,,,,,,,,,76,hitl
346,2026-06-03 20:30,wholesaler_1,wholesaler,1,,,,,,2.2,0.0,,,,,,,76,hitl
346,2026-06-03 20:30,retail_1,retail,1,,,,,,,,0.0,30.0,1.0,42.25,16.5,75.0,76,hitl
347,2026-06-03 20:45,supplier_1,supplier,0,514.71,,,,,,,,,,,,,76,hitl
347,2026-06-03 20:45,farm_1,farm,1,,620.0,0.035,,,,,,,,,,,76,hitl
347,2026-06-03 20:45,slaughterhouse_1,slaughterhouse,1,,,,175.0,400.0,,,,,,,,,76,hitl
347,2026-06-03 20:45,wholesaler_1,wholesaler,1,,,,,,0.48,0.0,,,,,,,76,hitl
347,2026-06-03 20:45,retail_1,retail,1,,,,,,,,0.0,30.0,1.0,42.5,16.5,75.0,76,hitl
348,2026-06-03 21:00,supplier_1,supplier,0,513.57,,,,,,,,,,,,,76,hitl
348,2026-06-03 21:00,farm_1,farm,1,,620.0,0.035,,,,,,,,,,,76,hitl
348,2026-06-03 21:00,slaughterhouse_1,slaughterhouse,1,,,,175.0,400.0,,,,,,,,,76,hitl
348,2026-06-03 21:00,wholesaler_1,wholesaler,1,,,,,,0.0,0.0,,,,,,,76,hitl
348,2026-06-03 21:00,retail_1,retail,1,,,,,,,,0.0,30.0,1.0,42.75,16.5,75.0,76,hitl
349,2026-06-03 21:15,supplier_1,supplier,0,512.59,,,,,,,,,,,,,76,hitl
349,2026-06-03 21:15,farm_1,farm,1,,620.0,0.035,,,,,,,,,,,76,hitl
349,2026-06-03 21:15,slaughterhouse_1,slaughterhouse,1,,,,175.0,400.0,,,,,,,,,76,hitl
349,2026-06-03 21:15,wholesaler_1,wholesaler,1,,,,,,0.0,0.0,,,,,,,76,hitl
349,2026-06-03 21:15,retail_1,retail,1,,,,,,,,0.0,30.0,1.0,43.0,16.5,75.0,76,hitl
350,2026-06-03 21:30,supplier_1,supplier,0,511.63,,,,,,,,,,,,,76,hitl
350,2026-06-03 21:30,farm_1,farm,1,,620.0,0.035,,,,,,,,,,,76,hitl
350,2026-06-03 21:30,slaughterhouse_1,slaughterhouse,1,,,,175.0,400.0,,,,,,,,,76,hitl
350,2026-06-03 21:30,wholesaler_1,wholesaler,1,,,,,,0.0,0.0,,,,,,,76,hitl
350,2026-06-03 21:30,retail_1,retail,1,,,,,,,,0.0,30.0,1.0,43.25,16.5,75.0,76,hitl
351,2026-06-03 21:45,supplier_1,supplier,0,510.84,,,,,,,,,,,,,76,hitl
351,2026-06-03 21:45,farm_1,farm,1,,620.0,0.035,,,,,,,,,,,76,hitl
351,2026-06-03 21:45,slaughterhouse_1,slaughterhouse,1,,,,175.0,400.0,,,,,,,,,76,hitl
351,2026-06-03 21:45,wholesaler_1,wholesaler,1,,,,,,0.0,0.0,,,,,,,76,hitl
351,2026-06-03 21:45,retail_1,retail,1,,,,,,,,0.0,30.0,1.0,43.5,16.5,75.0,76,hitl
352,2026-06-03 22:00,supplier_1,supplier,0,510.15,,,,,,,,,,,,,76,hitl
352,2026-06-03 22:00,farm_1,farm,1,,620.0,0.035,,,,,,,,,,,76,hitl
352,2026-06-03 22:00,slaughterhouse_1,slaughterhouse,1,,,,175.0,395.68,,,,,,,,,76,hitl
352,2026-06-03 22:00,wholesaler_1,wholesaler,1,,,,,,0.0,0.0,,,,,,,76,hitl
352,2026-06-03 22:00,retail_1,retail,1,,,,,,,,0.0,30.0,1.0,43.75,16.5,75.0,76,hitl
353,2026-06-03 22:15,supplier_1,supplier,0,509.12,,,,,,,,,,,,,76,hitl
353,2026-06-03 22:15,farm_1,farm,1,,620.0,0.035,,,,,,,,,,,76,hitl
353,2026-06-03 22:15,slaughterhouse_1,slaughterhouse,1,,,,175.0,400.0,,,,,,,,,76,hitl
353,2026-06-03 22:15,wholesaler_1,wholesaler,1,,,,,,4.32,0.0,,,,,,,76,hitl
353,2026-06-03 22:15,retail_1,retail,1,,,,,,,,0.0,30.0,1.0,44.0,16.5,75.0,76,hitl
354,2026-06-03 22:30,supplier_1,supplier,0,508.4,,,,,,,,,,,,,76,hitl
354,2026-06-03 22:30,farm_1,farm,1,,620.0,0.035,,,,,,,,,,,76,hitl
354,2026-06-03 22:30,slaughterhouse_1,slaughterhouse,1,,,,175.0,400.0,,,,,,,,,76,hitl
354,2026-06-03 22:30,wholesaler_1,wholesaler,1,,,,,,2.06,0.0,,,,,,,76,hitl
354,2026-06-03 22:30,retail_1,retail,1,,,,,,,,0.0,30.0,1.0,44.25,16.5,75.0,76,hitl
355,2026-06-03 22:45,supplier_1,supplier,0,507.44,,,,,,,,,,,,,76,hitl
355,2026-06-03 22:45,farm_1,farm,1,,620.0,0.035,,,,,,,,,,,76,hitl
355,2026-06-03 22:45,slaughterhouse_1,slaughterhouse,1,,,,175.0,400.0,,,,,,,,,76,hitl
355,2026-06-03 22:45,wholesaler_1,wholesaler,1,,,,,,0.0,0.0,,,,,,,76,hitl
355,2026-06-03 22:45,retail_1,retail,1,,,,,,,,0.0,30.0,1.0,44.5,16.5,75.0,76,hitl
356,2026-06-03 23:00,supplier_1,supplier,0,506.47,,,,,,,,,,,,,76,hitl
356,2026-06-03 23:00,farm_1,farm,1,,620.0,0.035,,,,,,,,,,,76,hitl
356,2026-06-03 23:00,slaughterhouse_1,slaughterhouse,1,,,,175.0,400.0,,,,,,,,,76,hitl
356,2026-06-03 23:00,wholesaler_1,wholesaler,1,,,,,,0.0,0.0,,,,,,,76,hitl
356,2026-06-03 23:00,retail_1,retail,1,,,,,,,,0.0,30.0,1.0,44.75,16.5,75.0,76,hitl
357,2026-06-03 23:15,supplier_1,supplier,0,505.36,,,,,,,,,,,,,76,hitl
357,2026-06-03 23:15,farm_1,farm,1,,620.0,0.035,,,,,,,,,,,76,hitl
357,2026-06-03 23:15,slaughterhouse_1,slaughterhouse,1,,,,175.0,400.0,,,,,,,,,76,hitl
357,2026-06-03 23:15,wholesaler_1,wholesaler,1,,,,,,0.0,0.0,,,,,,,76,hitl
357,2026-06-03 23:15,retail_1,retail,1,,,,,,,,0.0,30.0,1.0,45.0,16.5,75.0,76,hitl
358,2026-06-03 23:30,supplier_1,supplier,0,504.46,,,,,,,,,,,,,76,hitl
358,2026-06-03 23:30,farm_1,farm,1,,620.0,0.035,,,,,,,,,,,76,hitl
358,2026-06-03 23:30,slaughterhouse_1,slaughterhouse,1,,,,175.0,400.0,,,,,,,,,76,hitl
358,2026-06-03 23:30,wholesaler_1,wholesaler,1,,,,,,0.0,0.0,,,,,,,76,hitl
358,2026-06-03 23:30,retail_1,retail,1,,,,,,,,0.0,30.0,1.0,45.25,16.5,75.0,76,hitl
359,2026-06-03 23:45,supplier_1,supplier,0,503.12,,,,,,,,,,,,,76,hitl
359,2026-06-03 23:45,farm_1,farm,1,,620.0,0.035,,,,,,,,,,,76,hitl
359,2026-06-03 23:45,slaughterhouse_1,slaughterhouse,1,,,,175.0,400.0,,,,,,,,,76,hitl
359,2026-06-03 23:45,wholesaler_1,wholesaler,1,,,,,,0.0,0.0,,,,,,,76,hitl
359,2026-06-03 23:45,retail_1,retail,1,,,,,,,,0.0,30.0,1.0,45.5,16.5,75.0,76,hitl
360,2026-06-04 00:00,supplier_1,supplier,0,501.68,,,,,,,,,,,,,76,hitl
360,2026-06-04 00:00,farm_1,farm,0,,620.0,0.035,,,,,,,,,,,76,hitl
360,2026-06-04 00:00,slaughterhouse_1,slaughterhouse,0,,,,372.0,223.8981,,,,,,,,,76,hitl
360,2026-06-04 00:00,wholesaler_1,wholesaler,1,,,,,,0.0,0.0,,,,,,,76,hitl
360,2026-06-04 00:00,retail_1,retail,1,,,,,,,,0.0,33.0,1.0,45.75,16.5,105.0,76,hitl
361,2026-06-04 00:15,supplier_1,supplier,0,500.96,,,,,,,,,,,,,76,hitl
361,2026-06-04 00:15,farm_1,farm,0,,620.0,0.035,,,,,,,,,,,76,hitl
361,2026-06-04 00:15,slaughterhouse_1,slaughterhouse,0,,,,372.0,234.07,,,,,,,,,76,hitl
361,2026-06-04 00:15,wholesaler_1,wholesaler,1,,,,,,24.0,0.0,,,,,,,76,hitl
361,2026-06-04 00:15,retail_1,retail,1,,,,,,,,0.0,33.0,1.0,46.0,16.5,105.0,76,hitl
362,2026-06-04 00:30,supplier_1,supplier,0,499.94,,,,,,,,,,,,,76,hitl
362,2026-06-04 00:30,farm_1,farm,0,,620.0,0.035,,,,,,,,,,,76,hitl
362,2026-06-04 00:30,slaughterhouse_1,slaughterhouse,0,,,,372.0,244.88,,,,,,,,,76,hitl
362,2026-06-04 00:30,wholesaler_1,wholesaler,1,,,,,,22.15,0.0,,,,,,,76,hitl
362,2026-06-04 00:30,retail_1,retail,1,,,,,,,,0.0,33.0,1.0,46.25,16.5,105.0,76,hitl
363,2026-06-04 00:45,supplier_1,supplier,0,498.98,,,,,,,,,,,,,76,hitl
363,2026-06-04 00:45,farm_1,farm,0,,620.0,0.035,,,,,,,,,,,76,hitl
363,2026-06-04 00:45,slaughterhouse_1,slaughterhouse,0,,,,372.0,254.72,,,,,,,,,76,hitl
363,2026-06-04 00:45,wholesaler_1,wholesaler,1,,,,,,19.24,0.0,,,,,,,76,hitl
363,2026-06-04 00:45,retail_1,retail,1,,,,,,,,0.0,33.0,1.0,46.5,16.5,105.0,76,hitl
364,2026-06-04 01:00,supplier_1,supplier,0,498.32,,,,,,,,,,,,,76,hitl
364,2026-06-04 01:00,farm_1,farm,0,,620.0,0.035,,,,,,,,,,,76,hitl
364,2026-06-04 01:00,slaughterhouse_1,slaughterhouse,0,,,,372.0,264.87,,,,,,,,,76,hitl
364,2026-06-04 01:00,wholesaler_1,wholesaler,1,,,,,,17.65,0.0,,,,,,,76,hitl
364,2026-06-04 01:00,retail_1,retail,1,,,,,,,,0.0,33.0,1.0,46.75,16.5,105.0,76,hitl
365,2026-06-04 01:15,supplier_1,supplier,0,496.95,,,,,,,,,,,,,76,hitl
365,2026-06-04 01:15,farm_1,farm,0,,620.0,0.035,,,,,,,,,,,76,hitl
365,2026-06-04 01:15,slaughterhouse_1,slaughterhouse,0,,,,372.0,276.0,,,,,,,,,76,hitl
365,2026-06-04 01:15,wholesaler_1,wholesaler,1,,,,,,15.34,0.0,,,,,,,76,hitl
365,2026-06-04 01:15,retail_1,retail,1,,,,,,,,0.0,33.0,1.0,47.0,16.5,105.0,76,hitl
366,2026-06-04 01:30,supplier_1,supplier,0,495.49,,,,,,,,,,,,,76,hitl
366,2026-06-04 01:30,farm_1,farm,0,,620.0,0.035,,,,,,,,,,,76,hitl
366,2026-06-04 01:30,slaughterhouse_1,slaughterhouse,0,,,,372.0,286.92,,,,,,,,,76,hitl
366,2026-06-04 01:30,wholesaler_1,wholesaler,1,,,,,,12.46,0.0,,,,,,,76,hitl
366,2026-06-04 01:30,retail_1,retail,1,,,,,,,,0.0,33.0,1.0,47.25,16.5,105.0,76,hitl
367,2026-06-04 01:45,supplier_1,supplier,0,494.3,,,,,,,,,,,,,76,hitl
367,2026-06-04 01:45,farm_1,farm,0,,620.0,0.035,,,,,,,,,,,76,hitl
367,2026-06-04 01:45,slaughterhouse_1,slaughterhouse,0,,,,372.0,297.99,,,,,,,,,76,hitl
367,2026-06-04 01:45,wholesaler_1,wholesaler,1,,,,,,10.47,0.0,,,,,,,76,hitl
367,2026-06-04 01:45,retail_1,retail,1,,,,,,,,0.0,33.0,1.0,47.5,16.5,105.0,76,hitl
368,2026-06-04 02:00,supplier_1,supplier,0,493.33,,,,,,,,,,,,,76,hitl
368,2026-06-04 02:00,farm_1,farm,0,,620.0,0.035,,,,,,,,,,,76,hitl
368,2026-06-04 02:00,slaughterhouse_1,slaughterhouse,0,,,,372.0,284.0,,,,,,,,,76,hitl
368,2026-06-04 02:00,wholesaler_1,wholesaler,1,,,,,,8.26,0.0,,,,,,,76,hitl
368,2026-06-04 02:00,retail_1,retail,1,,,,,,,,0.0,33.0,1.0,47.75,16.5,105.0,76,hitl
369,2026-06-04 02:15,supplier_1,supplier,0,492.06,,,,,,,,,,,,,76,hitl
369,2026-06-04 02:15,farm_1,farm,0,,620.0,0.035,,,,,,,,,,,76,hitl
369,2026-06-04 02:15,slaughterhouse_1,slaughterhouse,0,,,,372.0,293.76,,,,,,,,,76,hitl
369,2026-06-04 02:15,wholesaler_1,wholesaler,1,,,,,,30.41,0.0,,,,,,,76,hitl
369,2026-06-04 02:15,retail_1,retail,1,,,,,,,,0.0,33.0,1.0,48.0,16.5,105.0,76,hitl
370,2026-06-04 02:30,supplier_1,supplier,0,490.7,,,,,,,,,,,,,76,hitl
370,2026-06-04 02:30,farm_1,farm,0,,620.0,0.035,,,,,,,,,,,76,hitl
370,2026-06-04 02:30,slaughterhouse_1,slaughterhouse,0,,,,372.0,304.85,,,,,,,,,76,hitl
370,2026-06-04 02:30,wholesaler_1,wholesaler,1,,,,,,27.73,0.0,,,,,,,76,hitl
370,2026-06-04 02:30,retail_1,retail,1,,,,,,,,0.0,33.0,1.0,48.25,16.5,105.0,76,hitl
371,2026-06-04 02:45,supplier_1,supplier,0,489.56,,,,,,,,,,,,,76,hitl
371,2026-06-04 02:45,farm_1,farm,0,,620.0,0.035,,,,,,,,,,,76,hitl
371,2026-06-04 02:45,slaughterhouse_1,slaughterhouse,0,,,,372.0,314.69,,,,,,,,,76,hitl
371,2026-06-04 02:45,wholesaler_1,wholesaler,1,,,,,,25.85,0.0,,,,,,,76,hitl
371,2026-06-04 02:45,retail_1,retail,1,,,,,,,,0.0,33.0,1.0,48.5,16.5,105.0,76,hitl
372,2026-06-04 03:00,supplier_1,supplier,0,488.92,,,,,,,,,,,,,76,hitl
372,2026-06-04 03:00,farm_1,farm,0,,620.0,0.035,,,,,,,,,,,76,hitl
372,2026-06-04 03:00,slaughterhouse_1,slaughterhouse,0,,,,372.0,324.94,,,,,,,,,76,hitl
372,2026-06-04 03:00,wholesaler_1,wholesaler,1,,,,,,24.1,0.0,,,,,,,76,hitl
372,2026-06-04 03:00,retail_1,retail,1,,,,,,,,0.0,33.0,1.0,48.75,16.5,105.0,76,hitl
373,2026-06-04 03:15,supplier_1,supplier,0,488.0,,,,,,,,,,,,,76,hitl
373,2026-06-04 03:15,farm_1,farm,0,,620.0,0.035,,,,,,,,,,,76,hitl
373,2026-06-04 03:15,slaughterhouse_1,slaughterhouse,0,,,,372.0,335.78,,,,,,,,,76,hitl
373,2026-06-04 03:15,wholesaler_1,wholesaler,1,,,,,,22.58,0.0,,,,,,,76,hitl
373,2026-06-04 03:15,retail_1,retail,1,,,,,,,,0.0,33.0,1.0,49.0,16.5,105.0,76,hitl
374,2026-06-04 03:30,supplier_1,supplier,0,486.51,,,,,,,,,,,,,76,hitl
374,2026-06-04 03:30,farm_1,farm,0,,620.0,0.035,,,,,,,,,,,76,hitl
374,2026-06-04 03:30,slaughterhouse_1,slaughterhouse,0,,,,372.0,345.95,,,,,,,,,76,hitl
374,2026-06-04 03:30,wholesaler_1,wholesaler,1,,,,,,20.04,0.0,,,,,,,76,hitl
374,2026-06-04 03:30,retail_1,retail,1,,,,,,,,0.0,33.0,1.0,49.25,16.5,105.0,76,hitl
375,2026-06-04 03:45,supplier_1,supplier,0,485.67,,,,,,,,,,,,,76,hitl
375,2026-06-04 03:45,farm_1,farm,0,,620.0,0.035,,,,,,,,,,,76,hitl
375,2026-06-04 03:45,slaughterhouse_1,slaughterhouse,0,,,,372.0,355.85,,,,,,,,,76,hitl
375,2026-06-04 03:45,wholesaler_1,wholesaler,1,,,,,,18.08,0.0,,,,,,,76,hitl
375,2026-06-04 03:45,retail_1,retail,1,,,,,,,,0.0,33.0,1.0,49.5,16.5,105.0,76,hitl
376,2026-06-04 04:00,supplier_1,supplier,0,484.35,,,,,,,,,,,,,76,hitl
376,2026-06-04 04:00,farm_1,farm,0,,620.0,0.035,,,,,,,,,,,76,hitl
376,2026-06-04 04:00,slaughterhouse_1,slaughterhouse,0,,,,372.0,342.63,,,,,,,,,76,hitl
376,2026-06-04 04:00,wholesaler_1,wholesaler,1,,,,,,16.45,0.0,,,,,,,76,hitl
376,2026-06-04 04:00,retail_1,retail,1,,,,,,,,0.0,33.0,1.0,49.75,16.5,105.0,76,hitl
377,2026-06-04 04:15,supplier_1,supplier,0,483.43,,,,,,,,,,,,,76,hitl
377,2026-06-04 04:15,farm_1,farm,0,,620.0,0.035,,,,,,,,,,,76,hitl
377,2026-06-04 04:15,slaughterhouse_1,slaughterhouse,0,,,,372.0,352.16,,,,,,,,,76,hitl
377,2026-06-04 04:15,wholesaler_1,wholesaler,1,,,,,,37.48,0.0,,,,,,,76,hitl
377,2026-06-04 04:15,retail_1,retail,1,,,,,,,,0.0,33.0,1.0,50.0,16.5,105.0,76,hitl
378,2026-06-04 04:30,supplier_1,supplier,0,482.48,,,,,,,,,,,,,76,hitl
378,2026-06-04 04:30,farm_1,farm,0,,620.0,0.035,,,,,,,,,,,76,hitl
378,2026-06-04 04:30,slaughterhouse_1,slaughterhouse,0,,,,372.0,361.88,,,,,,,,,76,hitl
378,2026-06-04 04:30,wholesaler_1,wholesaler,1,,,,,,34.95,0.0,,,,,,,76,hitl
378,2026-06-04 04:30,retail_1,retail,1,,,,,,,,0.0,33.0,1.0,50.25,16.5,105.0,76,hitl
379,2026-06-04 04:45,supplier_1,supplier,0,481.61,,,,,,,,,,,,,76,hitl
379,2026-06-04 04:45,farm_1,farm,0,,620.0,0.035,,,,,,,,,,,76,hitl
379,2026-06-04 04:45,slaughterhouse_1,slaughterhouse,0,,,,372.0,372.92,,,,,,,,,76,hitl
379,2026-06-04 04:45,wholesaler_1,wholesaler,1,,,,,,32.83,0.0,,,,,,,76,hitl
379,2026-06-04 04:45,retail_1,retail,1,,,,,,,,0.0,33.0,1.0,50.5,16.5,105.0,76,hitl
380,2026-06-04 05:00,supplier_1,supplier,0,480.18,,,,,,,,,,,,,76,hitl
380,2026-06-04 05:00,farm_1,farm,0,,620.0,0.035,,,,,,,,,,,76,hitl
380,2026-06-04 05:00,slaughterhouse_1,slaughterhouse,0,,,,372.0,383.93,,,,,,,,,76,hitl
380,2026-06-04 05:00,wholesaler_1,wholesaler,1,,,,,,30.46,0.0,,,,,,,76,hitl
380,2026-06-04 05:00,retail_1,retail,1,,,,,,,,0.0,33.0,1.0,50.75,16.5,105.0,76,hitl
381,2026-06-04 05:15,supplier_1,supplier,0,478.73,,,,,,,,,,,,,76,hitl
381,2026-06-04 05:15,farm_1,farm,0,,620.0,0.035,,,,,,,,,,,76,hitl
381,2026-06-04 05:15,slaughterhouse_1,slaughterhouse,0,,,,372.0,393.48,,,,,,,,,76,hitl
381,2026-06-04 05:15,wholesaler_1,wholesaler,1,,,,,,27.62,0.0,,,,,,,76,hitl
381,2026-06-04 05:15,retail_1,retail,1,,,,,,,,0.0,33.0,1.0,51.0,16.5,105.0,76,hitl
382,2026-06-04 05:30,supplier_1,supplier,0,477.36,,,,,,,,,,,,,76,hitl
382,2026-06-04 05:30,farm_1,farm,0,,620.0,0.035,,,,,,,,,,,76,hitl
382,2026-06-04 05:30,slaughterhouse_1,slaughterhouse,0,,,,372.0,400.0,,,,,,,,,76,hitl
382,2026-06-04 05:30,wholesaler_1,wholesaler,1,,,,,,25.26,0.0,,,,,,,76,hitl
382,2026-06-04 05:30,retail_1,retail,1,,,,,,,,0.0,33.0,1.0,51.25,16.5,105.0,76,hitl
383,2026-06-04 05:45,supplier_1,supplier,0,476.74,,,,,,,,,,,,,76,hitl
383,2026-06-04 05:45,farm_1,farm,0,,620.0,0.035,,,,,,,,,,,76,hitl
383,2026-06-04 05:45,slaughterhouse_1,slaughterhouse,0,,,,372.0,400.0,,,,,,,,,76,hitl
383,2026-06-04 05:45,wholesaler_1,wholesaler,1,,,,,,23.56,0.0,,,,,,,76,hitl
383,2026-06-04 05:45,retail_1,retail,1,,,,,,,,0.0,33.0,1.0,51.5,16.5,105.0,76,hitl
384,2026-06-04 06:00,supplier_1,supplier,0,475.48,,,,,,,,,,,,,76,hitl
384,2026-06-04 06:00,farm_1,farm,0,,620.0,0.035,,,,,,,,,,,76,hitl
384,2026-06-04 06:00,slaughterhouse_1,slaughterhouse,0,,,,372.0,376.0,,,,,,,,,76,hitl
384,2026-06-04 06:00,wholesaler_1,wholesaler,1,,,,,,21.58,0.0,,,,,,,76,hitl
384,2026-06-04 06:00,retail_1,retail,1,,,,,,,,0.0,33.0,1.0,51.75,16.5,105.0,76,hitl
385,2026-06-04 06:15,supplier_1,supplier,0,474.91,,,,,,,,,,,,,76,hitl
385,2026-06-04 06:15,farm_1,farm,0,,620.0,0.035,,,,,,,,,,,76,hitl
385,2026-06-04 06:15,slaughterhouse_1,slaughterhouse,0,,,,372.0,387.08,,,,,,,,,76,hitl
385,2026-06-04 06:15,wholesaler_1,wholesaler,1,,,,,,43.36,0.0,,,,,,,76,hitl
385,2026-06-04 06:15,retail_1,retail,1,,,,,,,,0.0,33.0,1.0,52.0,16.5,105.0,76,hitl
386,2026-06-04 06:30,supplier_1,supplier,0,473.51,,,,,,,,,,,,,76,hitl
386,2026-06-04 06:30,farm_1,farm,0,,620.0,0.035,,,,,,,,,,,76,hitl
386,2026-06-04 06:30,slaughterhouse_1,slaughterhouse,0,,,,372.0,397.84,,,,,,,,,76,hitl
386,2026-06-04 06:30,wholesaler_1,wholesaler,1,,,,,,40.57,0.0,,,,,,,76,hitl
386,2026-06-04 06:30,retail_1,retail,1,,,,,,,,0.0,33.0,1.0,52.25,16.5,105.0,76,hitl
387,2026-06-04 06:45,supplier_1,supplier,0,472.63,,,,,,,,,,,,,76,hitl
387,2026-06-04 06:45,farm_1,farm,0,,620.0,0.035,,,,,,,,,,,76,hitl
387,2026-06-04 06:45,slaughterhouse_1,slaughterhouse,0,,,,372.0,400.0,,,,,,,,,76,hitl
387,2026-06-04 06:45,wholesaler_1,wholesaler,1,,,,,,38.12,0.0,,,,,,,76,hitl
387,2026-06-04 06:45,retail_1,retail,1,,,,,,,,0.0,33.0,1.0,52.5,16.5,105.0,76,hitl
388,2026-06-04 07:00,supplier_1,supplier,0,471.7,,,,,,,,,,,,,76,hitl
388,2026-06-04 07:00,farm_1,farm,0,,620.0,0.035,,,,,,,,,,,76,hitl
388,2026-06-04 07:00,slaughterhouse_1,slaughterhouse,0,,,,372.0,400.0,,,,,,,,,76,hitl
388,2026-06-04 07:00,wholesaler_1,wholesaler,1,,,,,,22.48,0.0,,,,,,,76,hitl
388,2026-06-04 07:00,retail_1,retail,1,,,,,,,,0.0,33.0,1.0,52.75,16.5,105.0,76,hitl
389,2026-06-04 07:15,supplier_1,supplier,0,471.19,,,,,,,,,,,,,76,hitl
389,2026-06-04 07:15,farm_1,farm,0,,620.0,0.035,,,,,,,,,,,76,hitl
389,2026-06-04 07:15,slaughterhouse_1,slaughterhouse,0,,,,372.0,400.0,,,,,,,,,76,hitl
389,2026-06-04 07:15,wholesaler_1,wholesaler,1,,,,,,19.89,0.0,,,,,,,76,hitl
389,2026-06-04 07:15,retail_1,retail,1,,,,,,,,13.6,33.0,1.0,53.0,16.5,105.0,76,hitl
390,2026-06-04 07:30,supplier_1,supplier,0,470.36,,,,,,,,,,,,,76,hitl
390,2026-06-04 07:30,farm_1,farm,0,,620.0,0.035,,,,,,,,,,,76,hitl
390,2026-06-04 07:30,slaughterhouse_1,slaughterhouse,0,,,,372.0,400.0,,,,,,,,,76,hitl
390,2026-06-04 07:30,wholesaler_1,wholesaler,1,,,,,,17.99,0.0,,,,,,,76,hitl
390,2026-06-04 07:30,retail_1,retail,1,,,,,,,,9.69,33.0,0.0,53.25,16.5,105.0,76,hitl
391,2026-06-04 07:45,supplier_1,supplier,0,469.47,,,,,,,,,,,,,76,hitl
391,2026-06-04 07:45,farm_1,farm,0,,620.0,0.035,,,,,,,,,,,76,hitl
391,2026-06-04 07:45,slaughterhouse_1,slaughterhouse,0,,,,372.0,400.0,,,,,,,,,76,hitl
391,2026-06-04 07:45,wholesaler_1,wholesaler,1,,,,,,15.67,0.0,,,,,,,76,hitl
391,2026-06-04 07:45,retail_1,retail,1,,,,,,,,5.63,33.0,0.0,53.5,16.5,105.0,76,hitl
392,2026-06-04 08:00,supplier_1,supplier,0,468.7,,,,,,,,,,,,,76,hitl
392,2026-06-04 08:00,farm_1,farm,0,,620.0,0.035,,,,,,,,,,,76,hitl
392,2026-06-04 08:00,slaughterhouse_1,slaughterhouse,0,,,,372.0,376.0,,,,,,,,,76,hitl
392,2026-06-04 08:00,wholesaler_1,wholesaler,1,,,,,,14.12,0.0,,,,,,,76,hitl
392,2026-06-04 08:00,retail_1,retail,1,,,,,,,,1.56,33.0,0.0,53.75,16.5,105.0,76,hitl
393,2026-06-04 08:15,supplier_1,supplier,0,467.79,,,,,,,,,,,,,76,hitl
393,2026-06-04 08:15,farm_1,farm,0,,620.0,0.035,,,,,,,,,,,76,hitl
393,2026-06-04 08:15,slaughterhouse_1,slaughterhouse,0,,,,372.0,385.74,,,,,,,,,76,hitl
393,2026-06-04 08:15,wholesaler_1,wholesaler,1,,,,,,35.3,0.0,,,,,,,76,hitl
393,2026-06-04 08:15,retail_1,retail,1,,,,,,,,0.0,33.0,1.0,54.0,16.5,105.0,76,hitl
394,2026-06-04 08:30,supplier_1,supplier,0,466.43,,,,,,,,,,,,,76,hitl
394,2026-06-04 08:30,farm_1,farm,0,,620.0,0.035,,,,,,,,,,,76,hitl
394,2026-06-04 08:30,slaughterhouse_1,slaughterhouse,0,,,,372.0,396.0,,,,,,,,,76,hitl
394,2026-06-04 08:30,wholesaler_1,wholesaler,1,,,,,,32.98,0.0,,,,,,,76,hitl
394,2026-06-04 08:30,retail_1,retail,1,,,,,,,,0.0,33.0,1.0,54.25,16.5,105.0,76,hitl
395,2026-06-04 08:45,supplier_1,supplier,0,465.89,,,,,,,,,,,,,76,hitl
395,2026-06-04 08:45,farm_1,farm,0,,620.0,0.035,,,,,,,,,,,76,hitl
395,2026-06-04 08:45,slaughterhouse_1,slaughterhouse,0,,,,372.0,400.0,,,,,,,,,76,hitl
395,2026-06-04 08:45,wholesaler_1,wholesaler,1,,,,,,30.61,0.0,,,,,,,76,hitl
395,2026-06-04 08:45,retail_1,retail,1,,,,,,,,0.0,33.0,1.0,54.5,16.5,105.0,76,hitl
396,2026-06-04 09:00,supplier_1,supplier,0,464.7,,,,,,,,,,,,,76,hitl
396,2026-06-04 09:00,farm_1,farm,1,,620.0,0.035,,,,,,,,,,,76,hitl
396,2026-06-04 09:00,slaughterhouse_1,slaughterhouse,0,,,,372.0,400.0,,,,,,,,,76,hitl
396,2026-06-04 09:00,wholesaler_1,wholesaler,1,,,,,,27.62,0.0,,,,,,,76,hitl
396,2026-06-04 09:00,retail_1,retail,1,,,,,,,,0.0,33.0,1.0,54.75,16.5,105.0,76,hitl
397,2026-06-04 09:15,supplier_1,supplier,0,463.35,,,,,,,,,,,,,76,hitl
397,2026-06-04 09:15,farm_1,farm,1,,620.0,0.035,,,,,,,,,,,76,hitl
397,2026-06-04 09:15,slaughterhouse_1,slaughterhouse,0,,,,372.0,400.0,,,,,,,,,76,hitl
397,2026-06-04 09:15,wholesaler_1,wholesaler,1,,,,,,24.89,0.0,,,,,,,76,hitl
397,2026-06-04 09:15,retail_1,retail,1,,,,,,,,0.0,33.0,1.0,55.0,16.5,105.0,76,hitl
398,2026-06-04 09:30,supplier_1,supplier,0,462.22,,,,,,,,,,,,,76,hitl
398,2026-06-04 09:30,farm_1,farm,1,,620.0,0.035,,,,,,,,,,,76,hitl
398,2026-06-04 09:30,slaughterhouse_1,slaughterhouse,0,,,,372.0,400.0,,,,,,,,,76,hitl
398,2026-06-04 09:30,wholesaler_1,wholesaler,1,,,,,,22.03,0.0,,,,,,,76,hitl
398,2026-06-04 09:30,retail_1,retail,1,,,,,,,,0.0,33.0,1.0,55.25,16.5,105.0,76,hitl
399,2026-06-04 09:45,supplier_1,supplier,0,461.49,,,,,,,,,,,,,76,hitl
399,2026-06-04 09:45,farm_1,farm,1,,620.0,0.035,,,,,,,,,,,76,hitl
399,2026-06-04 09:45,slaughterhouse_1,slaughterhouse,0,,,,372.0,400.0,,,,,,,,,76,hitl
399,2026-06-04 09:45,wholesaler_1,wholesaler,1,,,,,,20.26,0.0,,,,,,,76,hitl
399,2026-06-04 09:45,retail_1,retail,1,,,,,,,,0.0,33.0,1.0,55.5,16.5,105.0,76,hitl
400,2026-06-04 10:00,supplier_1,supplier,0,460.8,,,,,,,,,,,,,76,hitl
400,2026-06-04 10:00,farm_1,farm,1,,620.0,0.035,,,,,,,,,,,76,hitl
400,2026-06-04 10:00,slaughterhouse_1,slaughterhouse,0,,,,372.0,376.0,,,,,,,,,76,hitl
400,2026-06-04 10:00,wholesaler_1,wholesaler,1,,,,,,17.46,0.0,,,,,,,76,hitl
400,2026-06-04 10:00,retail_1,retail,1,,,,,,,,0.0,33.0,1.0,55.75,16.5,105.0,76,hitl
401,2026-06-04 10:15,supplier_1,supplier,0,459.43,,,,,,,,,,,,,76,hitl
401,2026-06-04 10:15,farm_1,farm,1,,620.0,0.035,,,,,,,,,,,76,hitl
401,2026-06-04 10:15,slaughterhouse_1,slaughterhouse,0,,,,372.0,386.29,,,,,,,,,76,hitl
401,2026-06-04 10:15,wholesaler_1,wholesaler,1,,,,,,39.15,0.0,,,,,,,76,hitl
401,2026-06-04 10:15,retail_1,retail,1,,,,,,,,0.0,33.0,1.0,56.0,16.5,105.0,76,hitl
402,2026-06-04 10:30,supplier_1,supplier,0,458.08,,,,,,,,,,,,,76,hitl
402,2026-06-04 10:30,farm_1,farm,1,,620.0,0.035,,,,,,,,,,,76,hitl
402,2026-06-04 10:30,slaughterhouse_1,slaughterhouse,0,,,,372.0,396.22,,,,,,,,,76,hitl
402,2026-06-04 10:30,wholesaler_1,wholesaler,1,,,,,,36.18,0.0,,,,,,,76,hitl
402,2026-06-04 10:30,retail_1,retail,1,,,,,,,,0.0,33.0,1.0,56.25,16.5,105.0,76,hitl
403,2026-06-04 10:45,supplier_1,supplier,0,457.03,,,,,,,,,,,,,76,hitl
403,2026-06-04 10:45,farm_1,farm,1,,620.0,0.035,,,,,,,,,,,76,hitl
403,2026-06-04 10:45,slaughterhouse_1,slaughterhouse,0,,,,372.0,400.0,,,,,,,,,76,hitl
403,2026-06-04 10:45,wholesaler_1,wholesaler,1,,,,,,33.57,0.0,,,,,,,76,hitl
403,2026-06-04 10:45,retail_1,retail,1,,,,,,,,0.0,33.0,1.0,56.5,16.5,105.0,76,hitl
404,2026-06-04 11:00,supplier_1,supplier,0,455.91,,,,,,,,,,,,,76,hitl
404,2026-06-04 11:00,farm_1,farm,1,,620.0,0.035,,,,,,,,,,,76,hitl
404,2026-06-04 11:00,slaughterhouse_1,slaughterhouse,0,,,,372.0,400.0,,,,,,,,,76,hitl
404,2026-06-04 11:00,wholesaler_1,wholesaler,1,,,,,,31.07,0.0,,,,,,,76,hitl
404,2026-06-04 11:00,retail_1,retail,1,,,,,,,,0.0,33.0,1.0,56.75,16.5,105.0,76,hitl
405,2026-06-04 11:15,supplier_1,supplier,0,454.71,,,,,,,,,,,,,76,hitl
405,2026-06-04 11:15,farm_1,farm,1,,620.0,0.035,,,,,,,,,,,76,hitl
405,2026-06-04 11:15,slaughterhouse_1,slaughterhouse,0,,,,372.0,400.0,,,,,,,,,76,hitl
405,2026-06-04 11:15,wholesaler_1,wholesaler,1,,,,,,28.93,0.0,,,,,,,76,hitl
405,2026-06-04 11:15,retail_1,retail,1,,,,,,,,0.0,33.0,1.0,57.0,16.5,105.0,76,hitl
406,2026-06-04 11:30,supplier_1,supplier,0,453.96,,,,,,,,,,,,,76,hitl
406,2026-06-04 11:30,farm_1,farm,1,,620.0,0.035,,,,,,,,,,,76,hitl
406,2026-06-04 11:30,slaughterhouse_1,slaughterhouse,0,,,,372.0,400.0,,,,,,,,,76,hitl
406,2026-06-04 11:30,wholesaler_1,wholesaler,1,,,,,,26.36,0.0,,,,,,,76,hitl
406,2026-06-04 11:30,retail_1,retail,1,,,,,,,,0.0,33.0,1.0,57.25,16.5,105.0,76,hitl
407,2026-06-04 11:45,supplier_1,supplier,0,453.1,,,,,,,,,,,,,76,hitl
407,2026-06-04 11:45,farm_1,farm,1,,620.0,0.035,,,,,,,,,,,76,hitl
407,2026-06-04 11:45,slaughterhouse_1,slaughterhouse,0,,,,372.0,400.0,,,,,,,,,76,hitl
407,2026-06-04 11:45,wholesaler_1,wholesaler,1,,,,,,23.85,0.0,,,,,,,76,hitl
407,2026-06-04 11:45,retail_1,retail,1,,,,,,,,0.0,33.0,1.0,57.5,16.5,105.0,76,hitl
408,2026-06-04 12:00,supplier_1,supplier,0,451.63,,,,,,,,,,,,,76,hitl
408,2026-06-04 12:00,farm_1,farm,1,,620.0,0.035,,,,,,,,,,,76,hitl
408,2026-06-04 12:00,slaughterhouse_1,slaughterhouse,0,,,,372.0,376.0,,,,,,,,,76,hitl
408,2026-06-04 12:00,wholesaler_1,wholesaler,0,,,,,,148.66,16.0,,,,,,,76,hitl
408,2026-06-04 12:00,retail_1,retail,1,,,,,,,,0.0,33.0,1.0,57.75,16.5,105.0,76,hitl
409,2026-06-04 12:15,supplier_1,supplier,0,450.22,,,,,,,,,,,,,76,hitl
409,2026-06-04 12:15,farm_1,farm,1,,620.0,0.035,,,,,,,,,,,76,hitl
409,2026-06-04 12:15,slaughterhouse_1,slaughterhouse,0,,,,372.0,386.35,,,,,,,,,76,hitl
409,2026-06-04 12:15,wholesaler_1,wholesaler,0,,,,,,170.12,16.0,,,,,,,76,hitl
409,2026-06-04 12:15,retail_1,retail,1,,,,,,,,10.88,33.0,1.0,58.0,16.5,105.0,76,hitl
410,2026-06-04 12:30,supplier_1,supplier,0,448.89,,,,,,,,,,,,,76,hitl
410,2026-06-04 12:30,farm_1,farm,1,,620.0,0.035,,,,,,,,,,,76,hitl
410,2026-06-04 12:30,slaughterhouse_1,slaughterhouse,0,,,,372.0,397.17,,,,,,,,,76,hitl
410,2026-06-04 12:30,wholesaler_1,wholesaler,0,,,,,,167.9,16.0,,,,,,,76,hitl
410,2026-06-04 12:30,retail_1,retail,1,,,,,,,,6.27,33.0,0.0,58.25,16.5,105.0,76,hitl
411,2026-06-04 12:45,supplier_1,supplier,0,448.06,,,,,,,,,,,,,76,hitl
411,2026-06-04 12:45,farm_1,farm,1,,620.0,0.035,,,,,,,,,,,76,hitl
411,2026-06-04 12:45,slaughterhouse_1,slaughterhouse,0,,,,372.0,400.0,,,,,,,,,76,hitl
411,2026-06-04 12:45,wholesaler_1,wholesaler,0,,,,,,165.79,16.0,,,,,,,76,hitl
411,2026-06-04 12:45,retail_1,retail,1,,,,,,,,2.36,33.0,0.0,58.5,16.5,105.0,76,hitl
412,2026-06-04 13:00,supplier_1,supplier,0,447.55,,,,,,,,,,,,,76,hitl
412,2026-06-04 13:00,farm_1,farm,1,,620.0,0.035,,,,,,,,,,,76,hitl
412,2026-06-04 13:00,slaughterhouse_1,slaughterhouse,0,,,,372.0,400.0,,,,,,,,,76,hitl
412,2026-06-04 13:00,wholesaler_1,wholesaler,0,,,,,,153.28,16.0,,,,,,,76,hitl
412,2026-06-04 13:00,retail_1,retail,1,,,,,,,,0.0,33.0,1.0,58.75,16.5,105.0,76,hitl
413,2026-06-04 13:15,supplier_1,supplier,0,446.37,,,,,,,,,,,,,76,hitl
413,2026-06-04 13:15,farm_1,farm,1,,620.0,0.035,,,,,,,,,,,76,hitl
413,2026-06-04 13:15,slaughterhouse_1,slaughterhouse,0,,,,372.0,400.0,,,,,,,,,76,hitl
413,2026-06-04 13:15,wholesaler_1,wholesaler,0,,,,,,150.99,16.0,,,,,,,76,hitl
413,2026-06-04 13:15,retail_1,retail,1,,,,,,,,10.88,33.0,1.0,59.0,16.5,105.0,76,hitl
414,2026-06-04 13:30,supplier_1,supplier,0,445.14,,,,,,,,,,,,,76,hitl
414,2026-06-04 13:30,farm_1,farm,1,,620.0,0.035,,,,,,,,,,,76,hitl
414,2026-06-04 13:30,slaughterhouse_1,slaughterhouse,0,,,,372.0,400.0,,,,,,,,,76,hitl
414,2026-06-04 13:30,wholesaler_1,wholesaler,0,,,,,,148.85,16.0,,,,,,,76,hitl
414,2026-06-04 13:30,retail_1,retail,1,,,,,,,,6.78,33.0,0.0,59.25,16.5,105.0,76,hitl
415,2026-06-04 13:45,supplier_1,supplier,0,443.76,,,,,,,,,,,,,76,hitl
415,2026-06-04 13:45,farm_1,farm,1,,620.0,0.035,,,,,,,,,,,76,hitl
415,2026-06-04 13:45,slaughterhouse_1,slaughterhouse,0,,,,372.0,400.0,,,,,,,,,76,hitl
415,2026-06-04 13:45,wholesaler_1,wholesaler,0,,,,,,146.05,16.0,,,,,,,76,hitl
415,2026-06-04 13:45,retail_1,retail,1,,,,,,,,3.15,33.0,0.0,59.5,16.5,105.0,76,hitl
416,2026-06-04 14:00,supplier_1,supplier,0,442.43,,,,,,,,,,,,,76,hitl
416,2026-06-04 14:00,farm_1,farm,1,,620.0,0.035,,,,,,,,,,,76,hitl
416,2026-06-04 14:00,slaughterhouse_1,slaughterhouse,0,,,,372.0,376.0,,,,,,,,,76,hitl
416,2026-06-04 14:00,wholesaler_1,wholesaler,0,,,,,,133.59,16.0,,,,,,,76,hitl
416,2026-06-04 14:00,retail_1,retail,1,,,,,,,,0.0,33.0,1.0,59.75,16.5,105.0,76,hitl
417,2026-06-04 14:15,supplier_1,supplier,0,441.16,,,,,,,,,,,,,76,hitl
417,2026-06-04 14:15,farm_1,farm,1,,620.0,0.035,,,,,,,,,,,76,hitl
417,2026-06-04 14:15,slaughterhouse_1,slaughterhouse,0,,,,372.0,385.67,,,,,,,,,76,hitl
417,2026-06-04 14:15,wholesaler_1,wholesaler,0,,,,,,156.04,16.0,,,,,,,76,hitl
417,2026-06-04 14:15,retail_1,retail,1,,,,,,,,10.88,33.0,1.0,60.0,16.5,105.0,76,hitl
418,2026-06-04 14:30,supplier_1,supplier,0,440.33,,,,,,,,,,,,,76,hitl
418,2026-06-04 14:30,farm_1,farm,1,,620.0,0.035,,,,,,,,,,,76,hitl
418,2026-06-04 14:30,slaughterhouse_1,slaughterhouse,0,,,,372.0,395.98,,,,,,,,,76,hitl
418,2026-06-04 14:30,wholesaler_1,wholesaler,0,,,,,,153.45,16.0,,,,,,,76,hitl
418,2026-06-04 14:30,retail_1,retail,1,,,,,,,,6.56,33.0,0.0,60.25,16.5,105.0,76,hitl
419,2026-06-04 14:45,supplier_1,supplier,0,439.23,,,,,,,,,,,,,76,hitl
419,2026-06-04 14:45,farm_1,farm,1,,620.0,0.035,,,,,,,,,,,76,hitl
419,2026-06-04 14:45,slaughterhouse_1,slaughterhouse,0,,,,372.0,400.0,,,,,,,,,76,hitl
419,2026-06-04 14:45,wholesaler_1,wholesaler,0,,,,,,151.57,16.0,,,,,,,76,hitl
419,2026-06-04 14:45,retail_1,retail,1,,,,,,,,2.84,33.0,0.0,60.5,16.5,105.0,76,hitl
420,2026-06-04 15:00,supplier_1,supplier,0,437.86,,,,,,,,,,,,,76,hitl
420,2026-06-04 15:00,farm_1,farm,1,,620.0,0.035,,,,,,,,,,,76,hitl
420,2026-06-04 15:00,slaughterhouse_1,slaughterhouse,0,,,,372.0,400.0,,,,,,,,,76,hitl
420,2026-06-04 15:00,wholesaler_1,wholesaler,0,,,,,,139.03,16.0,,,,,,,76,hitl
420,2026-06-04 15:00,retail_1,retail,1,,,,,,,,0.0,33.0,1.0,60.75,16.5,105.0,76,hitl
421,2026-06-04 15:15,supplier_1,supplier,0,437.08,,,,,,,,,,,,,76,hitl
421,2026-06-04 15:15,farm_1,farm,1,,620.0,0.035,,,,,,,,,,,76,hitl
421,2026-06-04 15:15,slaughterhouse_1,slaughterhouse,0,,,,372.0,400.0,,,,,,,,,76,hitl
421,2026-06-04 15:15,wholesaler_1,wholesaler,0,,,,,,136.71,16.0,,,,,,,76,hitl
421,2026-06-04 15:15,retail_1,retail,1,,,,,,,,10.88,33.0,1.0,61.0,16.5,105.0,76,hitl
422,2026-06-04 15:30,supplier_1,supplier,0,436.45,,,,,,,,,,,,,76,hitl
422,2026-06-04 15:30,farm_1,farm,1,,620.0,0.035,,,,,,,,,,,76,hitl
422,2026-06-04 15:30,slaughterhouse_1,slaughterhouse,0,,,,372.0,400.0,,,,,,,,,76,hitl
422,2026-06-04 15:30,wholesaler_1,wholesaler,0,,,,,,134.63,16.0,,,,,,,76,hitl
422,2026-06-04 15:30,retail_1,retail,1,,,,,,,,7.11,33.0,0.0,61.25,16.5,105.0,76,hitl
423,2026-06-04 15:45,supplier_1,supplier,0,435.2,,,,,,,,,,,,,76,hitl
423,2026-06-04 15:45,farm_1,farm,1,,620.0,0.035,,,,,,,,,,,76,hitl
423,2026-06-04 15:45,slaughterhouse_1,slaughterhouse,0,,,,372.0,400.0,,,,,,,,,76,hitl
423,2026-06-04 15:45,wholesaler_1,wholesaler,0,,,,,,132.57,16.0,,,,,,,76,hitl
423,2026-06-04 15:45,retail_1,retail,1,,,,,,,,3.44,33.0,0.0,61.5,16.5,105.0,76,hitl
424,2026-06-04 16:00,supplier_1,supplier,0,434.11,,,,,,,,,,,,,76,hitl
424,2026-06-04 16:00,farm_1,farm,1,,620.0,0.035,,,,,,,,,,,76,hitl
424,2026-06-04 16:00,slaughterhouse_1,slaughterhouse,0,,,,372.0,376.0,,,,,,,,,76,hitl
424,2026-06-04 16:00,wholesaler_1,wholesaler,0,,,,,,120.06,16.0,,,,,,,76,hitl
424,2026-06-04 16:00,retail_1,retail,1,,,,,,,,0.0,33.0,1.0,61.75,16.5,105.0,76,hitl
425,2026-06-04 16:15,supplier_1,supplier,0,433.04,,,,,,,,,,,,,76,hitl
425,2026-06-04 16:15,farm_1,farm,1,,620.0,0.035,,,,,,,,,,,76,hitl
425,2026-06-04 16:15,slaughterhouse_1,slaughterhouse,0,,,,372.0,386.06,,,,,,,,,76,hitl
425,2026-06-04 16:15,wholesaler_1,wholesaler,0,,,,,,141.2,16.0,,,,,,,76,hitl
425,2026-06-04 16:15,retail_1,retail,1,,,,,,,,10.88,33.0,1.0,62.0,16.5,105.0,76,hitl
426,2026-06-04 16:30,supplier_1,supplier,0,431.64,,,,,,,,,,,,,76,hitl
426,2026-06-04 16:30,farm_1,farm,1,,620.0,0.035,,,,,,,,,,,76,hitl
426,2026-06-04 16:30,slaughterhouse_1,slaughterhouse,0,,,,372.0,397.03,,,,,,,,,76,hitl
426,2026-06-04 16:30,wholesaler_1,wholesaler,0,,,,,,138.71,16.0,,,,,,,76,hitl
426,2026-06-04 16:30,retail_1,retail,1,,,,,,,,6.62,33.0,0.0,62.25,16.5,105.0,76,hitl
427,2026-06-04 16:45,supplier_1,supplier,0,430.33,,,,,,,,,,,,,76,hitl
427,2026-06-04 16:45,farm_1,farm,1,,620.0,0.035,,,,,,,,,,,76,hitl
427,2026-06-04 16:45,slaughterhouse_1,slaughterhouse,0,,,,372.0,400.0,,,,,,,,,76,hitl
427,2026-06-04 16:45,wholesaler_1,wholesaler,0,,,,,,136.15,16.0,,,,,,,76,hitl
427,2026-06-04 16:45,retail_1,retail,1,,,,,,,,2.03,33.0,0.0,62.5,16.5,105.0,76,hitl
428,2026-06-04 17:00,supplier_1,supplier,0,429.53,,,,,,,,,,,,,76,hitl
428,2026-06-04 17:00,farm_1,farm,1,,620.0,0.035,,,,,,,,,,,76,hitl
428,2026-06-04 17:00,slaughterhouse_1,slaughterhouse,0,,,,372.0,400.0,,,,,,,,,76,hitl
428,2026-06-04 17:00,wholesaler_1,wholesaler,0,,,,,,122.71,16.0,,,,,,,76,hitl
428,2026-06-04 17:00,retail_1,retail,1,,,,,,,,0.0,33.0,1.0,62.75,16.5,105.0,76,hitl
429,2026-06-04 17:15,supplier_1,supplier,0,429.0,,,,,,,,,,,,,76,hitl
429,2026-06-04 17:15,farm_1,farm,1,,620.0,0.035,,,,,,,,,,,76,hitl
429,2026-06-04 17:15,slaughterhouse_1,slaughterhouse,0,,,,372.0,400.0,,,,,,,,,76,hitl
429,2026-06-04 17:15,wholesaler_1,wholesaler,0,,,,,,120.28,16.0,,,,,,,76,hitl
429,2026-06-04 17:15,retail_1,retail,1,,,,,,,,10.88,33.0,1.0,63.0,16.5,105.0,76,hitl
430,2026-06-04 17:30,supplier_1,supplier,0,427.79,,,,,,,,,,,,,76,hitl
430,2026-06-04 17:30,farm_1,farm,1,,620.0,0.035,,,,,,,,,,,76,hitl
430,2026-06-04 17:30,slaughterhouse_1,slaughterhouse,0,,,,372.0,400.0,,,,,,,,,76,hitl
430,2026-06-04 17:30,wholesaler_1,wholesaler,0,,,,,,118.15,16.0,,,,,,,76,hitl
430,2026-06-04 17:30,retail_1,retail,1,,,,,,,,6.47,33.0,0.0,63.25,16.5,105.0,76,hitl
431,2026-06-04 17:45,supplier_1,supplier,0,426.33,,,,,,,,,,,,,76,hitl
431,2026-06-04 17:45,farm_1,farm,1,,620.0,0.035,,,,,,,,,,,76,hitl
431,2026-06-04 17:45,slaughterhouse_1,slaughterhouse,0,,,,372.0,400.0,,,,,,,,,76,hitl
431,2026-06-04 17:45,wholesaler_1,wholesaler,0,,,,,,115.56,16.0,,,,,,,76,hitl
431,2026-06-04 17:45,retail_1,retail,1,,,,,,,,1.95,33.0,0.0,63.5,16.5,105.0,76,hitl
432,2026-06-04 18:00,supplier_1,supplier,0,424.96,,,,,,,,,,,,,76,hitl
432,2026-06-04 18:00,farm_1,farm,0,,620.0,0.035,,,,,,,,,,,76,hitl
432,2026-06-04 18:00,slaughterhouse_1,slaughterhouse,0,,,,372.0,376.0,,,,,,,,,76,hitl
432,2026-06-04 18:00,wholesaler_1,wholesaler,0,,,,,,102.71,7.6352,,,,,,,76,hitl
432,2026-06-04 18:00,retail_1,retail,1,,,,,,,,0.0,36.3,1.0,63.75,16.5,135.0,76,hitl
433,2026-06-04 18:15,supplier_1,supplier,0,424.22,,,,,,,,,,,,,76,hitl
433,2026-06-04 18:15,farm_1,farm,0,,620.0,0.035,,,,,,,,,,,76,hitl
433,2026-06-04 18:15,slaughterhouse_1,slaughterhouse,0,,,,372.0,386.13,,,,,,,,,76,hitl
433,2026-06-04 18:15,wholesaler_1,wholesaler,0,,,,,,124.48,7.6352,,,,,,,76,hitl
433,2026-06-04 18:15,retail_1,retail,1,,,,,,,,10.88,36.3,1.0,64.0,16.5,135.0,76,hitl
434,2026-06-04 18:30,supplier_1,supplier,0,422.76,,,,,,,,,,,,,76,hitl
434,2026-06-04 18:30,farm_1,farm,0,,620.0,0.035,,,,,,,,,,,76,hitl
434,2026-06-04 18:30,slaughterhouse_1,slaughterhouse,0,,,,372.0,396.26,,,,,,,,,76,hitl
434,2026-06-04 18:30,wholesaler_1,wholesaler,0,,,,,,122.44,7.6352,,,,,,,76,hitl
434,2026-06-04 18:30,retail_1,retail,1,,,,,,,,6.75,36.3,0.0,64.25,16.5,135.0,76,hitl
435,2026-06-04 18:45,supplier_1,supplier,0,422.02,,,,,,,,,,,,,76,hitl
435,2026-06-04 18:45,farm_1,farm,0,,620.0,0.035,,,,,,,,,,,76,hitl
435,2026-06-04 18:45,slaughterhouse_1,slaughterhouse,0,,,,372.0,400.0,,,,,,,,,76,hitl
435,2026-06-04 18:45,wholesaler_1,wholesaler,0,,,,,,120.8,7.6352,,,,,,,76,hitl
435,2026-06-04 18:45,retail_1,retail,1,,,,,,,,2.65,36.3,0.0,64.5,16.5,135.0,76,hitl
436,2026-06-04 19:00,supplier_1,supplier,0,420.58,,,,,,,,,,,,,76,hitl
436,2026-06-04 19:00,farm_1,farm,0,,620.0,0.035,,,,,,,,,,,76,hitl
436,2026-06-04 19:00,slaughterhouse_1,slaughterhouse,0,,,,372.0,400.0,,,,,,,,,76,hitl
436,2026-06-04 19:00,wholesaler_1,wholesaler,0,,,,,,103.92,7.6352,,,,,,,76,hitl
436,2026-06-04 19:00,retail_1,retail,1,,,,,,,,0.0,36.3,1.0,64.75,16.5,135.0,76,hitl
437,2026-06-04 19:15,supplier_1,supplier,0,419.49,,,,,,,,,,,,,76,hitl
437,2026-06-04 19:15,farm_1,farm,0,,620.0,0.035,,,,,,,,,,,76,hitl
437,2026-06-04 19:15,slaughterhouse_1,slaughterhouse,0,,,,372.0,400.0,,,,,,,,,76,hitl
437,2026-06-04 19:15,wholesaler_1,wholesaler,0,,,,,,101.9,7.6352,,,,,,,76,hitl
437,2026-06-04 19:15,retail_1,retail,1,,,,,,,,15.2,36.3,1.0,65.0,16.5,135.0,76,hitl
438,2026-06-04 19:30,supplier_1,supplier,0,418.68,,,,,,,,,,,,,76,hitl
438,2026-06-04 19:30,farm_1,farm,0,,620.0,0.035,,,,,,,,,,,76,hitl
438,2026-06-04 19:30,slaughterhouse_1,slaughterhouse,0,,,,372.0,400.0,,,,,,,,,76,hitl
438,2026-06-04 19:30,wholesaler_1,wholesaler,0,,,,,,98.91,7.6352,,,,,,,76,hitl
438,2026-06-04 19:30,retail_1,retail,1,,,,,,,,11.44,36.3,0.0,65.25,16.5,135.0,76,hitl
439,2026-06-04 19:45,supplier_1,supplier,0,418.11,,,,,,,,,,,,,76,hitl
439,2026-06-04 19:45,farm_1,farm,0,,620.0,0.035,,,,,,,,,,,76,hitl
439,2026-06-04 19:45,slaughterhouse_1,slaughterhouse,0,,,,372.0,400.0,,,,,,,,,76,hitl
439,2026-06-04 19:45,wholesaler_1,wholesaler,0,,,,,,97.06,7.6352,,,,,,,76,hitl
439,2026-06-04 19:45,retail_1,retail,1,,,,,,,,6.89,36.3,0.0,65.5,16.5,135.0,76,hitl
440,2026-06-04 20:00,supplier_1,supplier,0,416.79,,,,,,,,,,,,,76,hitl
440,2026-06-04 20:00,farm_1,farm,0,,620.0,0.035,,,,,,,,,,,76,hitl
440,2026-06-04 20:00,slaughterhouse_1,slaughterhouse,0,,,,372.0,376.0,,,,,,,,,76,hitl
440,2026-06-04 20:00,wholesaler_1,wholesaler,1,,,,,,79.44,3.8176,,,,,,,76,hitl
440,2026-06-04 20:00,retail_1,retail,1,,,,,,,,3.03,39.93,0.0,65.75,16.5,165.0,76,hitl
441,2026-06-04 20:15,supplier_1,supplier,0,415.48,,,,,,,,,,,,,76,hitl
441,2026-06-04 20:15,farm_1,farm,0,,620.0,0.035,,,,,,,,,,,76,hitl
441,2026-06-04 20:15,slaughterhouse_1,slaughterhouse,0,,,,372.0,386.62,,,,,,,,,76,hitl
441,2026-06-04 20:15,wholesaler_1,wholesaler,1,,,,,,101.72,3.8176,,,,,,,76,hitl
441,2026-06-04 20:15,retail_1,retail,1,,,,,,,,15.2,39.93,1.0,66.0,16.5,165.0,76,hitl
442,2026-06-04 20:30,supplier_1,supplier,0,414.17,,,,,,,,,,,,,76,hitl
442,2026-06-04 20:30,farm_1,farm,0,,620.0,0.035,,,,,,,,,,,76,hitl
442,2026-06-04 20:30,slaughterhouse_1,slaughterhouse,0,,,,372.0,397.08,,,,,,,,,76,hitl
442,2026-06-04 20:30,wholesaler_1,wholesaler,1,,,,,,100.15,3.8176,,,,,,,76,hitl
442,2026-06-04 20:30,retail_1,retail,1,,,,,,,,11.09,39.93,0.0,66.25,16.5,165.0,76,hitl
443,2026-06-04 20:45,supplier_1,supplier,0,412.75,,,,,,,,,,,,,76,hitl
443,2026-06-04 20:45,farm_1,farm,0,,620.0,0.035,,,,,,,,,,,76,hitl
443,2026-06-04 20:45,slaughterhouse_1,slaughterhouse,0,,,,372.0,400.0,,,,,,,,,76,hitl
443,2026-06-04 20:45,wholesaler_1,wholesaler,1,,,,,,97.9,3.8176,,,,,,,76,hitl
443,2026-06-04 20:45,retail_1,retail,1,,,,,,,,7.41,39.93,0.0,66.5,16.5,165.0,76,hitl
444,2026-06-04 21:00,supplier_1,supplier,0,412.11,,,,,,,,,,,,,76,hitl
444,2026-06-04 21:00,farm_1,farm,0,,620.0,0.035,,,,,,,,,,,76,hitl
444,2026-06-04 21:00,slaughterhouse_1,slaughterhouse,0,,,,372.0,400.0,,,,,,,,,76,hitl
444,2026-06-04 21:00,wholesaler_1,wholesaler,1,,,,,,79.3,3.8176,,,,,,,76,hitl
444,2026-06-04 21:00,retail_1,retail,1,,,,,,,,2.88,39.93,0.0,66.75,16.5,165.0,76,hitl
445,2026-06-04 21:15,supplier_1,supplier,0,410.96,,,,,,,,,,,,,76,hitl
445,2026-06-04 21:15,farm_1,farm,0,,620.0,0.035,,,,,,,,,,,76,hitl
445,2026-06-04 21:15,slaughterhouse_1,slaughterhouse,0,,,,372.0,400.0,,,,,,,,,76,hitl
445,2026-06-04 21:15,wholesaler_1,wholesaler,1,,,,,,76.89,3.8176,,,,,,,76,hitl
445,2026-06-04 21:15,retail_1,retail,1,,,,,,,,16.8,39.93,1.0,67.0,16.5,165.0,76,hitl
446,2026-06-04 21:30,supplier_1,supplier,0,410.15,,,,,,,,,,,,,76,hitl
446,2026-06-04 21:30,farm_1,farm,0,,620.0,0.035,,,,,,,,,,,76,hitl
446,2026-06-04 21:30,slaughterhouse_1,slaughterhouse,0,,,,372.0,400.0,,,,,,,,,76,hitl
446,2026-06-04 21:30,wholesaler_1,wholesaler,1,,,,,,74.48,3.8176,,,,,,,76,hitl
446,2026-06-04 21:30,retail_1,retail,1,,,,,,,,12.36,39.93,0.0,67.25,16.5,165.0,76,hitl
447,2026-06-04 21:45,supplier_1,supplier,0,409.6,,,,,,,,,,,,,76,hitl
447,2026-06-04 21:45,farm_1,farm,0,,620.0,0.035,,,,,,,,,,,76,hitl
447,2026-06-04 21:45,slaughterhouse_1,slaughterhouse,0,,,,372.0,400.0,,,,,,,,,76,hitl
447,2026-06-04 21:45,wholesaler_1,wholesaler,1,,,,,,71.73,3.8176,,,,,,,76,hitl
447,2026-06-04 21:45,retail_1,retail,1,,,,,,,,7.97,39.93,0.0,67.5,16.5,165.0,76,hitl
448,2026-06-04 22:00,supplier_1,supplier,0,408.9,,,,,,,,,,,,,76,hitl
448,2026-06-04 22:00,farm_1,farm,0,,620.0,0.035,,,,,,,,,,,76,hitl
448,2026-06-04 22:00,slaughterhouse_1,slaughterhouse,0,,,,372.0,376.0,,,,,,,,,76,hitl
448,2026-06-04 22:00,wholesaler_1,wholesaler,1,,,,,,52.6,3.8176,,,,,,,76,hitl
448,2026-06-04 22:00,retail_1,retail,1,,,,,,,,3.92,39.93,0.0,67.75,16.5,165.0,76,hitl
449,2026-06-04 22:15,supplier_1,supplier,0,407.88,,,,,,,,,,,,,76,hitl
449,2026-06-04 22:15,farm_1,farm,0,,620.0,0.035,,,,,,,,,,,76,hitl
449,2026-06-04 22:15,slaughterhouse_1,slaughterhouse,0,,,,372.0,386.58,,,,,,,,,76,hitl
449,2026-06-04 22:15,wholesaler_1,wholesaler,1,,,,,,74.89,3.8176,,,,,,,76,hitl
449,2026-06-04 22:15,retail_1,retail,1,,,,,,,,16.8,39.93,1.0,68.0,16.5,165.0,76,hitl
450,2026-06-04 22:30,supplier_1,supplier,0,407.18,,,,,,,,,,,,,76,hitl
450,2026-06-04 22:30,farm_1,farm,0,,620.0,0.035,,,,,,,,,,,76,hitl
450,2026-06-04 22:30,slaughterhouse_1,slaughterhouse,0,,,,372.0,397.33,,,,,,,,,76,hitl
450,2026-06-04 22:30,wholesaler_1,wholesaler,1,,,,,,72.17,3.8176,,,,,,,76,hitl
450,2026-06-04 22:30,retail_1,retail,1,,,,,,,,12.48,39.93,0.0,68.25,16.5,165.0,76,hitl
451,2026-06-04 22:45,supplier_1,supplier,0,406.42,,,,,,,,,,,,,76,hitl
451,2026-06-04 22:45,farm_1,farm,0,,620.0,0.035,,,,,,,,,,,76,hitl
451,2026-06-04 22:45,slaughterhouse_1,slaughterhouse,0,,,,372.0,400.0,,,,,,,,,76,hitl
451,2026-06-04 22:45,wholesaler_1,wholesaler,1,,,,,,70.25,3.8176,,,,,,,76,hitl
451,2026-06-04 22:45,retail_1,retail,1,,,,,,,,8.85,39.93,0.0,68.5,16.5,165.0,76,hitl
452,2026-06-04 23:00,supplier_1,supplier,0,405.44,,,,,,,,,,,,,76,hitl
452,2026-06-04 23:00,farm_1,farm,0,,620.0,0.035,,,,,,,,,,,76,hitl
452,2026-06-04 23:00,slaughterhouse_1,slaughterhouse,0,,,,372.0,400.0,,,,,,,,,76,hitl
452,2026-06-04 23:00,wholesaler_1,wholesaler,1,,,,,,50.48,3.8176,,,,,,,76,hitl
452,2026-06-04 23:00,retail_1,retail,1,,,,,,,,4.85,39.93,0.0,68.75,16.5,165.0,76,hitl
453,2026-06-04 23:15,supplier_1,supplier,0,404.37,,,,,,,,,,,,,76,hitl
453,2026-06-04 23:15,farm_1,farm,0,,620.0,0.035,,,,,,,,,,,76,hitl
453,2026-06-04 23:15,slaughterhouse_1,slaughterhouse,0,,,,372.0,400.0,,,,,,,,,76,hitl
453,2026-06-04 23:15,wholesaler_1,wholesaler,1,,,,,,48.85,3.8176,,,,,,,76,hitl
453,2026-06-04 23:15,retail_1,retail,1,,,,,,,,17.33,39.93,0.0,69.0,16.5,165.0,76,hitl
454,2026-06-04 23:30,supplier_1,supplier,0,402.99,,,,,,,,,,,,,76,hitl
454,2026-06-04 23:30,farm_1,farm,0,,620.0,0.035,,,,,,,,,,,76,hitl
454,2026-06-04 23:30,slaughterhouse_1,slaughterhouse,0,,,,372.0,400.0,,,,,,,,,76,hitl
454,2026-06-04 23:30,wholesaler_1,wholesaler,1,,,,,,46.04,3.8176,,,,,,,76,hitl
454,2026-06-04 23:30,retail_1,retail,1,,,,,,,,13.67,39.93,0.0,69.25,16.5,165.0,76,hitl
455,2026-06-04 23:45,supplier_1,supplier,0,402.03,,,,,,,,,,,,,76,hitl
455,2026-06-04 23:45,farm_1,farm,0,,620.0,0.035,,,,,,,,,,,76,hitl
455,2026-06-04 23:45,slaughterhouse_1,slaughterhouse,0,,,,372.0,400.0,,,,,,,,,76,hitl
455,2026-06-04 23:45,wholesaler_1,wholesaler,1,,,,,,43.35,3.8176,,,,,,,76,hitl
455,2026-06-04 23:45,retail_1,retail,1,,,,,,,,9.48,39.93,0.0,69.5,16.5,165.0,76,hitl
456,2026-06-05 00:00,supplier_1,supplier,0,401.0,,,,,,,,,,,,,76,hitl
456,2026-06-05 00:00,farm_1,farm,0,,620.0,0.035,,,,,,,,,,,76,hitl
456,2026-06-05 00:00,slaughterhouse_1,slaughterhouse,0,,,,372.0,376.0,,,,,,,,,76,hitl
456,2026-06-05 00:00,wholesaler_1,wholesaler,1,,,,,,39.1,3.8176,,,,,,,76,hitl
456,2026-06-05 00:00,retail_1,retail,0,,,,,,,,65.56,30.0,0.0,0.0,10.5,0.0,76,hitl
457,2026-06-05 00:15,supplier_1,supplier,0,400.25,,,,,,,,,,,,,76,hitl
457,2026-06-05 00:15,farm_1,farm,0,,620.0,0.035,,,,,,,,,,,76,hitl
457,2026-06-05 00:15,slaughterhouse_1,slaughterhouse,0,,,,372.0,386.28,,,,,,,,,76,hitl
457,2026-06-05 00:15,wholesaler_1,wholesaler,1,,,,,,61.32,3.8176,,,,,,,76,hitl
457,2026-06-05 00:15,retail_1,retail,0,,,,,,,,64.66,30.0,0.0,0.0,10.5,0.0,76,hitl
458,2026-06-05 00:30,supplier_1,supplier,0,398.81,,,,,,,,,,,,,76,hitl
458,2026-06-05 00:30,farm_1,farm,0,,620.0,0.035,,,,,,,,,,,76,hitl
458,2026-06-05 00:30,slaughterhouse_1,slaughterhouse,0,,,,372.0,396.48,,,,,,,,,76,hitl
458,2026-06-05 00:30,wholesaler_1,wholesaler,1,,,,,,59.66,3.8176,,,,,,,76,hitl
458,2026-06-05 00:30,retail_1,retail,0,,,,,,,,62.03,30.0,0.0,0.0,10.5,0.0,76,hitl
459,2026-06-05 00:45,supplier_1,supplier,0,397.6,,,,,,,,,,,,,76,hitl
459,2026-06-05 00:45,farm_1,farm,0,,620.0,0.035,,,,,,,,,,,76,hitl
459,2026-06-05 00:45,slaughterhouse_1,slaughterhouse,0,,,,372.0,400.0,,,,,,,,,76,hitl
459,2026-06-05 00:45,wholesaler_1,wholesaler,1,,,,,,57.96,3.8176,,,,,,,76,hitl
459,2026-06-05 00:45,retail_1,retail,0,,,,,,,,59.32,30.0,0.0,0.0,10.5,0.0,76,hitl
460,2026-06-05 01:00,supplier_1,supplier,0,396.76,,,,,,,,,,,,,76,hitl
460,2026-06-05 01:00,farm_1,farm,0,,620.0,0.035,,,,,,,,,,,76,hitl
460,2026-06-05 01:00,slaughterhouse_1,slaughterhouse,0,,,,372.0,400.0,,,,,,,,,76,hitl
460,2026-06-05 01:00,wholesaler_1,wholesaler,1,,,,,,54.5,3.8176,,,,,,,76,hitl
460,2026-06-05 01:00,retail_1,retail,0,,,,,,,,56.55,30.0,0.0,0.0,10.5,0.0,76,hitl
461,2026-06-05 01:15,supplier_1,supplier,0,396.08,,,,,,,,,,,,,76,hitl
461,2026-06-05 01:15,farm_1,farm,0,,620.0,0.035,,,,,,,,,,,76,hitl
461,2026-06-05 01:15,slaughterhouse_1,slaughterhouse,0,,,,372.0,400.0,,,,,,,,,76,hitl
461,2026-06-05 01:15,wholesaler_1,wholesaler,1,,,,,,51.66,3.8176,,,,,,,76,hitl
461,2026-06-05 01:15,retail_1,retail,0,,,,,,,,55.36,30.0,0.0,0.0,10.5,0.0,76,hitl
462,2026-06-05 01:30,supplier_1,supplier,0,394.81,,,,,,,,,,,,,76,hitl
462,2026-06-05 01:30,farm_1,farm,0,,620.0,0.035,,,,,,,,,,,76,hitl
462,2026-06-05 01:30,slaughterhouse_1,slaughterhouse,0,,,,372.0,400.0,,,,,,,,,76,hitl
462,2026-06-05 01:30,wholesaler_1,wholesaler,1,,,,,,49.9,3.8176,,,,,,,76,hitl
462,2026-06-05 01:30,retail_1,retail,0,,,,,,,,52.9,30.0,0.0,0.0,10.5,0.0,76,hitl
463,2026-06-05 01:45,supplier_1,supplier,0,393.72,,,,,,,,,,,,,76,hitl
463,2026-06-05 01:45,farm_1,farm,0,,620.0,0.035,,,,,,,,,,,76,hitl
463,2026-06-05 01:45,slaughterhouse_1,slaughterhouse,0,,,,372.0,400.0,,,,,,,,,76,hitl
463,2026-06-05 01:45,wholesaler_1,wholesaler,1,,,,,,47.15,3.8176,,,,,,,76,hitl
463,2026-06-05 01:45,retail_1,retail,0,,,,,,,,50.07,30.0,0.0,0.0,10.5,0.0,76,hitl
464,2026-06-05 02:00,supplier_1,supplier,0,392.36,,,,,,,,,,,,,76,hitl
464,2026-06-05 02:00,farm_1,farm,0,,620.0,0.035,,,,,,,,,,,76,hitl
464,2026-06-05 02:00,slaughterhouse_1,slaughterhouse,0,,,,372.0,376.0,,,,,,,,,76,hitl
464,2026-06-05 02:00,wholesaler_1,wholesaler,1,,,,,,44.11,3.8176,,,,,,,76,hitl
464,2026-06-05 02:00,retail_1,retail,0,,,,,,,,47.57,30.0,0.0,0.0,10.5,0.0,76,hitl
465,2026-06-05 02:15,supplier_1,supplier,0,391.35,,,,,,,,,,,,,76,hitl
465,2026-06-05 02:15,farm_1,farm,0,,620.0,0.035,,,,,,,,,,,76,hitl
465,2026-06-05 02:15,slaughterhouse_1,slaughterhouse,0,,,,372.0,385.78,,,,,,,,,76,hitl
465,2026-06-05 02:15,wholesaler_1,wholesaler,1,,,,,,65.16,3.8176,,,,,,,76,hitl
465,2026-06-05 02:15,retail_1,retail,0,,,,,,,,46.27,30.0,0.0,0.0,10.5,0.0,76,hitl
466,2026-06-05 02:30,supplier_1,supplier,0,390.2,,,,,,,,,,,,,76,hitl
466,2026-06-05 02:30,farm_1,farm,0,,620.0,0.035,,,,,,,,,,,76,hitl
466,2026-06-05 02:30,slaughterhouse_1,slaughterhouse,0,,,,372.0,396.94,,,,,,,,,76,hitl
466,2026-06-05 02:30,wholesaler_1,wholesaler,1,,,,,,63.19,3.8176,,,,,,,76,hitl
466,2026-06-05 02:30,retail_1,retail,0,,,,,,,,43.42,30.0,0.0,0.0,10.5,0.0,76,hitl
467,2026-06-05 02:45,supplier_1,supplier,0,388.93,,,,,,,,,,,,,76,hitl
467,2026-06-05 02:45,farm_1,farm,0,,620.0,0.035,,,,,,,,,,,76,hitl
467,2026-06-05 02:45,slaughterhouse_1,slaughterhouse,0,,,,372.0,400.0,,,,,,,,,76,hitl
467,2026-06-05 02:45,wholesaler_1,wholesaler,1,,,,,,61.56,3.8176,,,,,,,76,hitl
467,2026-06-05 02:45,retail_1,retail,0,,,,,,,,41.05,30.0,0.0,0.0,10.5,0.0,76,hitl
468,2026-06-05 03:00,supplier_1,supplier,0,388.12,,,,,,,,,,,,,76,hitl
468,2026-06-05 03:00,farm_1,farm,1,,620.0,0.035,,,,,,,,,,,76,hitl
468,2026-06-05 03:00,slaughterhouse_1,slaughterhouse,0,,,,372.0,400.0,,,,,,,,,76,hitl
468,2026-06-05 03:00,wholesaler_1,wholesaler,1,,,,,,58.51,3.8176,,,,,,,76,hitl
468,2026-06-05 03:00,retail_1,retail,0,,,,,,,,38.43,30.0,0.0,0.0,10.5,0.0,76,hitl
469,2026-06-05 03:15,supplier_1,supplier,0,387.48,,,,,,,,,,,,,76,hitl
469,2026-06-05 03:15,farm_1,farm,1,,620.0,0.035,,,,,,,,,,,76,hitl
469,2026-06-05 03:15,slaughterhouse_1,slaughterhouse,0,,,,372.0,400.0,,,,,,,,,76,hitl
469,2026-06-05 03:15,wholesaler_1,wholesaler,1,,,,,,56.66,3.8176,,,,,,,76,hitl
469,2026-06-05 03:15,retail_1,retail,0,,,,,,,,37.55,30.0,0.0,0.0,10.5,0.0,76,hitl
470,2026-06-05 03:30,supplier_1,supplier,0,386.11,,,,,,,,,,,,,76,hitl
470,2026-06-05 03:30,farm_1,farm,1,,620.0,0.035,,,,,,,,,,,76,hitl
470,2026-06-05 03:30,slaughterhouse_1,slaughterhouse,0,,,,372.0,400.0,,,,,,,,,76,hitl
470,2026-06-05 03:30,wholesaler_1,wholesaler,1,,,,,,53.86,3.8176,,,,,,,76,hitl
470,2026-06-05 03:30,retail_1,retail,0,,,,,,,,34.96,30.0,0.0,0.0,10.5,0.0,76,hitl
471,2026-06-05 03:45,supplier_1,supplier,0,385.12,,,,,,,,,,,,,76,hitl
471,2026-06-05 03:45,farm_1,farm,1,,620.0,0.035,,,,,,,,,,,76,hitl
471,2026-06-05 03:45,slaughterhouse_1,slaughterhouse,0,,,,372.0,400.0,,,,,,,,,76,hitl
471,2026-06-05 03:45,wholesaler_1,wholesaler,1,,,,,,50.99,3.8176,,,,,,,76,hitl
471,2026-06-05 03:45,retail_1,retail,0,,,,,,,,32.44,30.0,0.0,0.0,10.5,0.0,76,hitl
472,2026-06-05 04:00,supplier_1,supplier,0,384.58,,,,,,,,,,,,,76,hitl
472,2026-06-05 04:00,farm_1,farm,1,,620.0,0.035,,,,,,,,,,,76,hitl
472,2026-06-05 04:00,slaughterhouse_1,slaughterhouse,0,,,,372.0,376.0,,,,,,,,,76,hitl
472,2026-06-05 04:00,wholesaler_1,wholesaler,1,,,,,,47.76,3.8176,,,,,,,76,hitl
472,2026-06-05 04:00,retail_1,retail,0,,,,,,,,29.6,30.0,0.0,0.25,10.5,0.0,76,hitl
473,2026-06-05 04:15,supplier_1,supplier,0,383.32,,,,,,,,,,,,,76,hitl
473,2026-06-05 04:15,farm_1,farm,1,,620.0,0.035,,,,,,,,,,,76,hitl
473,2026-06-05 04:15,slaughterhouse_1,slaughterhouse,0,,,,372.0,386.96,,,,,,,,,76,hitl
473,2026-06-05 04:15,wholesaler_1,wholesaler,1,,,,,,68.88,3.8176,,,,,,,76,hitl
473,2026-06-05 04:15,retail_1,retail,0,,,,,,,,27.98,30.0,0.0,0.5,10.5,0.0,76,hitl
474,2026-06-05 04:30,supplier_1,supplier,0,382.11,,,,,,,,,,,,,76,hitl
474,2026-06-05 04:30,farm_1,farm,1,,620.0,0.035,,,,,,,,,,,76,hitl
474,2026-06-05 04:30,slaughterhouse_1,slaughterhouse,0,,,,372.0,397.21,,,,,,,,,76,hitl
474,2026-06-05 04:30,wholesaler_1,wholesaler,1,,,,,,66.3,3.8176,,,,,,,76,hitl
474,2026-06-05 04:30,retail_1,retail,0,,,,,,,,25.34,30.0,0.0,0.75,10.5,0.0,76,hitl
475,2026-06-05 04:45,supplier_1,supplier,0,380.9,,,,,,,,,,,,,76,hitl
475,2026-06-05 04:45,farm_1,farm,1,,620.0,0.035,,,,,,,,,,,76,hitl
475,2026-06-05 04:45,slaughterhouse_1,slaughterhouse,0,,,,372.0,400.0,,,,,,,,,76,hitl
475,2026-06-05 04:45,wholesaler_1,wholesaler,1,,,,,,64.44,3.8176,,,,,,,76,hitl
475,2026-06-05 04:45,retail_1,retail,0,,,,,,,,22.7,30.0,0.0,1.0,10.5,0.0,76,hitl
476,2026-06-05 05:00,supplier_1,supplier,0,379.41,,,,,,,,,,,,,76,hitl
476,2026-06-05 05:00,farm_1,farm,1,,620.0,0.035,,,,,,,,,,,76,hitl
476,2026-06-05 05:00,slaughterhouse_1,slaughterhouse,0,,,,372.0,400.0,,,,,,,,,76,hitl
476,2026-06-05 05:00,wholesaler_1,wholesaler,1,,,,,,61.13,3.8176,,,,,,,76,hitl
476,2026-06-05 05:00,retail_1,retail,0,,,,,,,,20.31,30.0,0.0,1.25,10.5,0.0,76,hitl
477,2026-06-05 05:15,supplier_1,supplier,0,378.35,,,,,,,,,,,,,76,hitl
477,2026-06-05 05:15,farm_1,farm,1,,620.0,0.035,,,,,,,,,,,76,hitl
477,2026-06-05 05:15,slaughterhouse_1,slaughterhouse,0,,,,372.0,400.0,,,,,,,,,76,hitl
477,2026-06-05 05:15,wholesaler_1,wholesaler,1,,,,,,58.94,3.8176,,,,,,,76,hitl
477,2026-06-05 05:15,retail_1,retail,0,,,,,,,,18.65,30.0,0.0,1.5,10.5,0.0,76,hitl
478,2026-06-05 05:30,supplier_1,supplier,0,376.95,,,,,,,,,,,,,76,hitl
478,2026-06-05 05:30,farm_1,farm,1,,620.0,0.035,,,,,,,,,,,76,hitl
478,2026-06-05 05:30,slaughterhouse_1,slaughterhouse,0,,,,372.0,400.0,,,,,,,,,76,hitl
478,2026-06-05 05:30,wholesaler_1,wholesaler,1,,,,,,56.49,3.8176,,,,,,,76,hitl
478,2026-06-05 05:30,retail_1,retail,0,,,,,,,,16.05,30.0,0.0,1.75,10.5,0.0,76,hitl
479,2026-06-05 05:45,supplier_1,supplier,0,376.35,,,,,,,,,,,,,76,hitl
479,2026-06-05 05:45,farm_1,farm,1,,620.0,0.035,,,,,,,,,,,76,hitl
479,2026-06-05 05:45,slaughterhouse_1,slaughterhouse,0,,,,372.0,400.0,,,,,,,,,76,hitl
479,2026-06-05 05:45,wholesaler_1,wholesaler,1,,,,,,53.6,3.8176,,,,,,,76,hitl
479,2026-06-05 05:45,retail_1,retail,0,,,,,,,,13.45,30.0,0.0,2.0,10.5,0.0,76,hitl
