tick,timestamp,node_id,node_type,disrupted,available_supply,production_capacity,mortality_rate,processing_capacity,output_stock,inventory_level,pending_shipments,retail_inventory,safety_stock,stockout_flag,shortage_duration,sales_rate,reorder_request,scenario_id,mode
0,2026-05-05 06:00,supplier_1,supplier,0,902.9,,,,,,,,,,,,,63,hitl
0,2026-05-05 06:00,farm_1,farm,0,,745.0,0.0227,,,,,,,,,,,63,hitl
0,2026-05-05 06:00,slaughterhouse_1,slaughterhouse,0,,,,491.0,334.07,,,,,,,,,63,hitl
0,2026-05-05 06:00,wholesaler_1,wholesaler,0,,,,,,173.69,6.5,,,,,,,63,hitl
0,2026-05-05 06:00,retail_1,retail,0,,,,,,,,82.33,30.0,0.0,0.0,3.58,0.0,63,hitl
1,2026-05-05 06:15,supplier_1,supplier,0,901.75,,,,,,,,,,,,,63,hitl
1,2026-05-05 06:15,farm_1,farm,0,,745.0,0.0227,,,,,,,,,,,63,hitl
1,2026-05-05 06:15,slaughterhouse_1,slaughterhouse,0,,,,491.0,347.72,,,,,,,,,63,hitl
1,2026-05-05 06:15,wholesaler_1,wholesaler,0,,,,,,194.83,6.5,,,,,,,63,hitl
1,2026-05-05 06:15,retail_1,retail,0,,,,,,,,89.33,30.0,0.0,0.0,3.58,0.0,63,hitl
2,2026-05-05 06:30,supplier_1,supplier,0,900.47,,,,,,,,,,,,,63,hitl
2,2026-05-05 06:30,farm_1,farm,0,,745.0,0.0227,,,,,,,,,,,63,hitl
2,2026-05-05 06:30,slaughterhouse_1,slaughterhouse,0,,,,491.0,361.13,,,,,,,,,63,hitl
2,2026-05-05 06:30,wholesaler_1,wholesaler,0,,,,,,192.2,6.5,,,,,,,63,hitl
2,2026-05-05 06:30,retail_1,retail,0,,,,,,,,88.42,30.0,0.0,0.0,3.58,0.0,63,hitl
3,2026-05-05 06:45,supplier_1,supplier,0,899.51,,,,,,,,,,,,,63,hitl
3,2026-05-05 06:45,farm_1,farm,0,,745.0,0.0227,,,,,,,,,,,63,hitl
3,2026-05-05 06:45,slaughterhouse_1,slaughterhouse,0,,,,491.0,375.73,,,,,,,,,63,hitl
3,2026-05-05 06:45,wholesaler_1,wholesaler,0,,,,,,189.5,6.5,,,,,,,63,hitl
3,2026-05-05 06:45,retail_1,retail,0,,,,,,,,87.54,30.0,0.0,0.0,3.58,0.0,63,hitl
4,2026-05-05 07:00,supplier_1,supplier,0,898.79,,,,,,,,,,,,,63,hitl
4,2026-05-05 07:00,farm_1,farm,0,,745.0,0.0227,,,,,,,,,,,63,hitl
4,2026-05-05 07:00,slaughterhouse_1,slaughterhouse,0,,,,491.0,389.26,,,,,,,,,63,hitl
4,2026-05-05 07:00,wholesaler_1,wholesaler,0,,,,,,179.75,6.5,,,,,,,63,hitl
4,2026-05-05 07:00,retail_1,retail,0,,,,,,,,86.55,30.0,0.0,0.0,3.58,0.0,63,hitl
5,2026-05-05 07:15,supplier_1,supplier,0,898.05,,,,,,,,,,,,,63,hitl
5,2026-05-05 07:15,farm_1,farm,0,,745.0,0.0227,,,,,,,,,,,63,hitl
5,2026-05-05 07:15,slaughterhouse_1,slaughterhouse,0,,,,491.0,400.0,,,,,,,,,63,hitl
5,2026-05-05 07:15,wholesaler_1,wholesaler,0,,,,,,177.24,6.5,,,,,,,63,hitl
5,2026-05-05 07:15,retail_1,retail,0,,,,,,,,93.69,30.0,0.0,0.0,3.58,0.0,63,hitl
6,2026-05-05 07:30,supplier_1,supplier,0,897.06,,,,,,,,,,,,,63,hitl
6,2026-05-05 07:30,farm_1,farm,0,,745.0,0.0227,,,,,,,,,,,63,hitl
6,2026-05-05 07:30,slaughterhouse_1,slaughterhouse,0,,,,491.0,400.0,,,,,,,,,63,hitl
6,2026-05-05 07:30,wholesaler_1,wholesaler,0,,,,,,175.71,6.5,,,,,,,63,hitl
6,2026-05-05 07:30,retail_1,retail,0,,,,,,,,92.89,30.0,0.0,0.0,3.58,0.0,63,hitl
7,2026-05-05 07:45,supplier_1,supplier,0,896.42,,,,,,,,,,,,,63,hitl
7,2026-05-05 07:45,farm_1,farm,0,,745.0,0.0227,,,,,,,,,,,63,hitl
7,2026-05-05 07:45,slaughterhouse_1,slaughterhouse,0,,,,491.0,400.0,,,,,,,,,63,hitl
7,2026-05-05 07:45,wholesaler_1,wholesaler,0,,,,,,173.25,6.5,,,,,,,63,hitl
7,2026-05-05 07:45,retail_1,retail,0,,,,,,,,92.01,30.0,0.0,0.0,3.58,0.0,63,hitl
8,2026-05-05 08:00,supplier_1,supplier,0,895.55,,,,,,,,,,,,,63,hitl
8,2026-05-05 08:00,farm_1,farm,0,,745.0,0.0227,,,,,,,,,,,63,hitl
8,2026-05-05 08:00,slaughterhouse_1,slaughterhouse,0,,,,491.0,376.0,,,,,,,,,63,hitl
8,2026-05-05 08:00,wholesaler_1,wholesaler,0,,,,,,162.47,6.5,,,,,,,63,hitl
8,2026-05-05 08:00,retail_1,retail,0,,,,,,,,91.13,30.0,0.0,0.0,3.58,0.0,63,hitl
9,2026-05-05 08:15,supplier_1,supplier,0,894.11,,,,,,,,,,,,,63,hitl
9,2026-05-05 08:15,farm_1,farm,0,,745.0,0.0227,,,,,,,,,,,63,hitl
9,2026-05-05 08:15,slaughterhouse_1,slaughterhouse,0,,,,491.0,388.53,,,,,,,,,63,hitl
9,2026-05-05 08:15,wholesaler_1,wholesaler,0,,,,,,183.71,6.5,,,,,,,63,hitl
9,2026-05-05 08:15,retail_1,retail,0,,,,,,,,98.21,30.0,0.0,0.0,3.58,0.0,63,hitl
10,2026-05-05 08:30,supplier_1,supplier,0,893.6,,,,,,,,,,,,,63,hitl
10,2026-05-05 08:30,farm_1,farm,0,,745.0,0.0227,,,,,,,,,,,63,hitl
10,2026-05-05 08:30,slaughterhouse_1,slaughterhouse,0,,,,491.0,400.0,,,,,,,,,63,hitl
10,2026-05-05 08:30,wholesaler_1,wholesaler,0,,,,,,181.59,6.5,,,,,,,63,hitl
10,2026-05-05 08:30,retail_1,retail,0,,,,,,,,97.37,30.0,0.0,0.0,3.58,0.0,63,hitl
11,2026-05-05 08:45,supplier_1,supplier,0,892.47,,,,,,,,,,,,,63,hitl
11,2026-05-05 08:45,farm_1,farm,0,,745.0,0.0227,,,,,,,,,,,63,hitl
11,2026-05-05 08:45,slaughterhouse_1,slaughterhouse,0,,,,491.0,400.0,,,,,,,,,63,hitl
11,2026-05-05 08:45,wholesaler_1,wholesaler,0,,,,,,179.95,6.5,,,,,,,63,hitl
11,2026-05-05 08:45,retail_1,retail,0,,,,,,,,96.4,30.0,0.0,0.0,3.58,0.0,63,hitl
12,2026-05-05 09:00,supplier_1,supplier,0,891.43,,,,,,,,,,,,,63,hitl
12,2026-05-05 09:00,farm_1,farm,0,,745.0,0.0227,,,,,,,,,,,63,hitl
12,2026-05-05 09:00,slaughterhouse_1,slaughterhouse,0,,,,491.0,400.0,,,,,,,,,63,hitl
12,2026-05-05 09:00,wholesaler_1,wholesaler,0,,,,,,169.21,6.5,,,,,,,63,hitl
12,2026-05-05 09:00,retail_1,retail,0,,,,,,,,95.46,30.0,0.0,0.0,3.58,0.0,63,hitl
13,2026-05-05 09:15,supplier_1,supplier,0,890.39,,,,,,,,,,,,,63,hitl
13,2026-05-05 09:15,farm_1,farm,0,,745.0,0.0227,,,,,,,,,,,63,hitl
13,2026-05-05 09:15,slaughterhouse_1,slaughterhouse,0,,,,491.0,400.0,,,,,,,,,63,hitl
13,2026-05-05 09:15,wholesaler_1,wholesaler,0,,,,,,167.1,6.5,,,,,,,63,hitl
13,2026-05-05 09:15,retail_1,retail,0,,,,,,,,102.63,30.0,0.0,0.0,3.58,0.0,63,hitl
14,2026-05-05 09:30,supplier_1,supplier,0,889.29,,,,,,,,,,,,,63,hitl
14,2026-05-05 09:30,farm_1,farm,0,,745.0,0.0227,,,,,,,,,,,63,hitl
14,2026-05-05 09:30,slaughterhouse_1,slaughterhouse,0,,,,491.0,400.0,,,,,,,,,63,hitl
14,2026-05-05 09:30,wholesaler_1,wholesaler,0,,,,,,165.43,6.5,,,,,,,63,hitl
14,2026-05-05 09:30,retail_1,retail,0,,,,,,,,101.73,30.0,0.0,0.0,3.58,0.0,63,hitl
15,2026-05-05 09:45,supplier_1,supplier,0,888.03,,,,,,,,,,,,,63,hitl
15,2026-05-05 09:45,farm_1,farm,0,,745.0,0.0227,,,,,,,,,,,63,hitl
15,2026-05-05 09:45,slaughterhouse_1,slaughterhouse,0,,,,491.0,400.0,,,,,,,,,63,hitl
15,2026-05-05 09:45,wholesaler_1,wholesaler,0,,,,,,162.84,6.5,,,,,,,63,hitl
15,2026-05-05 09:45,retail_1,retail,0,,,,,,,,100.81,30.0,0.0,0.0,3.58,0.0,63,hitl
16,2026-05-05 10:00,supplier_1,supplier,0,887.38,,,,,,,,,,,,,63,hitl
16,2026-05-05 10:00,farm_1,farm,0,,745.0,0.0227,,,,,,,,,,,63,hitl
16,2026-05-05 10:00,slaughterhouse_1,slaughterhouse,0,,,,491.0,376.0,,,,,,,,,63,hitl
16,2026-05-05 10:00,wholesaler_1,wholesaler,0,,,,,,155.08,6.5,,,,,,,63,hitl
16,2026-05-05 10:00,retail_1,retail,0,,,,,,,,99.92,30.0,0.0,0.0,3.58,0.0,63,hitl
17,2026-05-05 10:15,supplier_1,supplier,0,886.61,,,,,,,,,,,,,63,hitl
17,2026-05-05 10:15,farm_1,farm,0,,745.0,0.0227,,,,,,,,,,,63,hitl
17,2026-05-05 10:15,slaughterhouse_1,slaughterhouse,0,,,,491.0,389.01,,,,,,,,,63,hitl
17,2026-05-05 10:15,wholesaler_1,wholesaler,0,,,,,,176.82,6.5,,,,,,,63,hitl
17,2026-05-05 10:15,retail_1,retail,0,,,,,,,,104.06,30.0,0.0,0.0,3.58,0.0,63,hitl
18,2026-05-05 10:30,supplier_1,supplier,0,885.66,,,,,,,,,,,,,63,hitl
18,2026-05-05 10:30,farm_1,farm,0,,745.0,0.0227,,,,,,,,,,,63,hitl
18,2026-05-05 10:30,slaughterhouse_1,slaughterhouse,0,,,,491.0,400.0,,,,,,,,,63,hitl
18,2026-05-05 10:30,wholesaler_1,wholesaler,0,,,,,,174.28,6.5,,,,,,,63,hitl
18,2026-05-05 10:30,retail_1,retail,0,,,,,,,,103.23,30.0,0.0,0.0,3.58,0.0,63,hitl
19,2026-05-05 10:45,supplier_1,supplier,0,884.68,,,,,,,,,,,,,63,hitl
19,2026-05-05 10:45,farm_1,farm,0,,745.0,0.0227,,,,,,,,,,,63,hitl
19,2026-05-05 10:45,slaughterhouse_1,slaughterhouse,0,,,,491.0,400.0,,,,,,,,,63,hitl
19,2026-05-05 10:45,wholesaler_1,wholesaler,0,,,,,,172.5,6.5,,,,,,,63,hitl
19,2026-05-05 10:45,retail_1,retail,0,,,,,,,,102.28,30.0,0.0,0.0,3.58,0.0,63,hitl
20,2026-05-05 11:00,supplier_1,supplier,0,883.94,,,,,,,,,,,,,63,hitl
20,2026-05-05 11:00,farm_1,farm,0,,745.0,0.0227,,,,,,,,,,,63,hitl
20,2026-05-05 11:00,slaughterhouse_1,slaughterhouse,0,,,,491.0,400.0,,,,,,,,,63,hitl
20,2026-05-05 11:00,wholesaler_1,wholesaler,0,,,,,,167.0,6.5,,,,,,,63,hitl
20,2026-05-05 11:00,retail_1,retail,0,,,,,,,,101.46,30.0,0.0,0.0,3.58,0.0,63,hitl
21,2026-05-05 11:15,supplier_1,supplier,0,883.01,,,,,,,,,,,,,63,hitl
21,2026-05-05 11:15,farm_1,farm,0,,745.0,0.0227,,,,,,,,,,,63,hitl
21,2026-05-05 11:15,slaughterhouse_1,slaughterhouse,0,,,,491.0,400.0,,,,,,,,,63,hitl
21,2026-05-05 11:15,wholesaler_1,wholesaler,0,,,,,,165.3,6.5,,,,,,,63,hitl
21,2026-05-05 11:15,retail_1,retail,0,,,,,,,,104.03,30.0,0.0,0.0,3.58,0.0,63,hitl
22,2026-05-05 11:30,supplier_1,supplier,0,881.65,,,,,,,,,,,,,63,hitl
22,2026-05-05 11:30,farm_1,farm,0,,745.0,0.0227,,,,,,,,,,,63,hitl
22,2026-05-05 11:30,slaughterhouse_1,slaughterhouse,0,,,,491.0,400.0,,,,,,,,,63,hitl
22,2026-05-05 11:30,wholesaler_1,wholesaler,0,,,,,,163.13,6.5,,,,,,,63,hitl
22,2026-05-05 11:30,retail_1,retail,0,,,,,,,,103.09,30.0,0.0,0.0,3.58,0.0,63,hitl
23,2026-05-05 11:45,supplier_1,supplier,0,881.02,,,,,,,,,,,,,63,hitl
23,2026-05-05 11:45,farm_1,farm,0,,745.0,0.0227,,,,,,,,,,,63,hitl
23,2026-05-05 11:45,slaughterhouse_1,slaughterhouse,0,,,,491.0,400.0,,,,,,,,,63,hitl
23,2026-05-05 11:45,wholesaler_1,wholesaler,0,,,,,,160.26,6.5,,,,,,,63,hitl
23,2026-05-05 11:45,retail_1,retail,0,,,,,,,,102.23,30.0,0.0,0.0,3.58,0.0,63,hitl
24,2026-05-05 12:00,supplier_1,supplier,0,879.99,,,,,,,,,,,,,63,hitl
24,2026-05-05 12:00,farm_1,farm,0,,745.0,0.0227,,,,,,,,,,,63,hitl
24,2026-05-05 12:00,slaughterhouse_1,slaughterhouse,0,,,,491.0,376.0,,,,,,,,,63,hitl
24,2026-05-05 12:00,wholesaler_1,wholesaler,0,,,,,,153.96,6.5,,,,,,,63,hitl
24,2026-05-05 12:00,retail_1,retail,0,,,,,,,,101.34,30.0,0.0,0.0,3.58,0.0,63,hitl
25,2026-05-05 12:15,supplier_1,supplier,0,878.67,,,,,,,,,,,,,63,hitl
25,2026-05-05 12:15,farm_1,farm,0,,745.0,0.0227,,,,,,,,,,,63,hitl
25,2026-05-05 12:15,slaughterhouse_1,slaughterhouse,0,,,,491.0,390.19,,,,,,,,,63,hitl
25,2026-05-05 12:15,wholesaler_1,wholesaler,0,,,,,,176.38,6.5,,,,,,,63,hitl
25,2026-05-05 12:15,retail_1,retail,0,,,,,,,,104.15,30.0,0.0,0.0,3.58,0.0,63,hitl
26,2026-05-05 12:30,supplier_1,supplier,0,878.03,,,,,,,,,,,,,63,hitl
26,2026-05-05 12:30,farm_1,farm,0,,745.0,0.0227,,,,,,,,,,,63,hitl
26,2026-05-05 12:30,slaughterhouse_1,slaughterhouse,0,,,,491.0,400.0,,,,,,,,,63,hitl
26,2026-05-05 12:30,wholesaler_1,wholesaler,0,,,,,,174.68,6.5,,,,,,,63,hitl
26,2026-05-05 12:30,retail_1,retail,0,,,,,,,,103.24,30.0,0.0,0.0,3.58,0.0,63,hitl
27,2026-05-05 12:45,supplier_1,supplier,0,877.3,,,,,,,,,,,,,63,hitl
27,2026-05-05 12:45,farm_1,farm,0,,745.0,0.0227,,,,,,,,,,,63,hitl
27,2026-05-05 12:45,slaughterhouse_1,slaughterhouse,0,,,,491.0,400.0,,,,,,,,,63,hitl
27,2026-05-05 12:45,wholesaler_1,wholesaler,0,,,,,,172.53,6.5,,,,,,,63,hitl
27,2026-05-05 12:45,retail_1,retail,0,,,,,,,,102.45,30.0,0.0,0.0,3.58,0.0,63,hitl
28,2026-05-05 13:00,supplier_1,supplier,0,876.6,,,,,,,,,,,,,63,hitl
28,2026-05-05 13:00,farm_1,farm,0,,745.0,0.0227,,,,,,,,,,,63,hitl
28,2026-05-05 13:00,slaughterhouse_1,slaughterhouse,0,,,,491.0,400.0,,,,,,,,,63,hitl
28,2026-05-05 13:00,wholesaler_1,wholesaler,0,,,,,,167.42,6.5,,,,,,,63,hitl
28,2026-05-05 13:00,retail_1,retail,0,,,,,,,,101.59,30.0,0.0,0.0,3.58,0.0,63,hitl
29,2026-05-05 13:15,supplier_1,supplier,0,875.58,,,,,,,,,,,,,63,hitl
29,2026-05-05 13:15,farm_1,farm,0,,745.0,0.0227,,,,,,,,,,,63,hitl
29,2026-05-05 13:15,slaughterhouse_1,slaughterhouse,0,,,,491.0,400.0,,,,,,,,,63,hitl
29,2026-05-05 13:15,wholesaler_1,wholesaler,0,,,,,,165.04,6.5,,,,,,,63,hitl
29,2026-05-05 13:15,retail_1,retail,0,,,,,,,,104.08,30.0,0.0,0.0,3.58,0.0,63,hitl
30,2026-05-05 13:30,supplier_1,supplier,0,874.4,,,,,,,,,,,,,63,hitl
30,2026-05-05 13:30,farm_1,farm,0,,745.0,0.0227,,,,,,,,,,,63,hitl
30,2026-05-05 13:30,slaughterhouse_1,slaughterhouse,0,,,,491.0,400.0,,,,,,,,,63,hitl
30,2026-05-05 13:30,wholesaler_1,wholesaler,0,,,,,,162.34,6.5,,,,,,,63,hitl
30,2026-05-05 13:30,retail_1,retail,0,,,,,,,,103.2,30.0,0.0,0.0,3.58,0.0,63,hitl
31,2026-05-05 13:45,supplier_1,supplier,0,873.7,,,,,,,,,,,,,63,hitl
31,2026-05-05 13:45,farm_1,farm,0,,745.0,0.0227,,,,,,,,,,,63,hitl
31,2026-05-05 13:45,slaughterhouse_1,slaughterhouse,0,,,,491.0,400.0,,,,,,,,,63,hitl
31,2026-05-05 13:45,wholesaler_1,wholesaler,0,,,,,,159.89,6.5,,,,,,,63,hitl
31,2026-05-05 13:45,retail_1,retail,0,,,,,,,,102.37,30.0,0.0,0.0,3.58,0.0,63,hitl
32,2026-05-05 14:00,supplier_1,supplier,0,872.25,,,,,,,,,,,,,63,hitl
32,2026-05-05 14:00,farm_1,farm,0,,745.0,0.0227,,,,,,,,,,,63,hitl
32,2026-05-05 14:00,slaughterhouse_1,slaughterhouse,0,,,,491.0,376.0,,,,,,,,,63,hitl
32,2026-05-05 14:00,wholesaler_1,wholesaler,0,,,,,,154.55,6.5,,,,,,,63,hitl
32,2026-05-05 14:00,retail_1,retail,0,,,,,,,,101.43,30.0,0.0,0.0,3.58,0.0,63,hitl
33,2026-05-05 14:15,supplier_1,supplier,0,870.91,,,,,,,,,,,,,63,hitl
33,2026-05-05 14:15,farm_1,farm,0,,745.0,0.0227,,,,,,,,,,,63,hitl
33,2026-05-05 14:15,slaughterhouse_1,slaughterhouse,0,,,,491.0,389.49,,,,,,,,,63,hitl
33,2026-05-05 14:15,wholesaler_1,wholesaler,0,,,,,,176.71,6.5,,,,,,,63,hitl
33,2026-05-05 14:15,retail_1,retail,0,,,,,,,,104.09,30.0,0.0,0.0,3.58,0.0,63,hitl
34,2026-05-05 14:30,supplier_1,supplier,0,869.45,,,,,,,,,,,,,63,hitl
34,2026-05-05 14:30,farm_1,farm,0,,745.0,0.0227,,,,,,,,,,,63,hitl
34,2026-05-05 14:30,slaughterhouse_1,slaughterhouse,0,,,,491.0,400.0,,,,,,,,,63,hitl
34,2026-05-05 14:30,wholesaler_1,wholesaler,0,,,,,,174.74,6.5,,,,,,,63,hitl
34,2026-05-05 14:30,retail_1,retail,0,,,,,,,,103.09,30.0,0.0,0.0,3.58,0.0,63,hitl
35,2026-05-05 14:45,supplier_1,supplier,0,868.63,,,,,,,,,,,,,63,hitl
35,2026-05-05 14:45,farm_1,farm,0,,745.0,0.0227,,,,,,,,,,,63,hitl
35,2026-05-05 14:45,slaughterhouse_1,slaughterhouse,0,,,,491.0,400.0,,,,,,,,,63,hitl
35,2026-05-05 14:45,wholesaler_1,wholesaler,0,,,,,,172.04,6.5,,,,,,,63,hitl
35,2026-05-05 14:45,retail_1,retail,0,,,,,,,,102.16,30.0,0.0,0.0,3.58,0.0,63,hitl
36,2026-05-05 15:00,supplier_1,supplier,0,867.92,,,,,,,,,,,,,63,hitl
36,2026-05-05 15:00,farm_1,farm,1,,745.0,0.0227,,,,,,,,,,,63,hitl
36,2026-05-05 15:00,slaughterhouse_1,slaughterhouse,0,,,,397.5136,400.0,,,,,,,,,63,hitl
36,2026-05-05 15:00,wholesaler_1,wholesaler,0,,,,,,166.01,6.5,,,,,,,63,hitl
36,2026-05-05 15:00,retail_1,retail,0,,,,,,,,101.17,30.0,0.0,0.0,3.58,20.0,63,hitl
37,2026-05-05 15:15,supplier_1,supplier,0,866.88,,,,,,,,,,,,,63,hitl
37,2026-05-05 15:15,farm_1,farm,1,,745.0,0.0227,,,,,,,,,,,63,hitl
37,2026-05-05 15:15,slaughterhouse_1,slaughterhouse,0,,,,397.5136,400.0,,,,,,,,,63,hitl
37,2026-05-05 15:15,wholesaler_1,wholesaler,0,,,,,,163.77,6.5,,,,,,,63,hitl
37,2026-05-05 15:15,retail_1,retail,0,,,,,,,,104.12,30.0,0.0,0.0,3.58,20.0,63,hitl
38,2026-05-05 15:30,supplier_1,supplier,0,866.1,,,,,,,,,,,,,63,hitl
38,2026-05-05 15:30,farm_1,farm,1,,745.0,0.0227,,,,,,,,,,,63,hitl
38,2026-05-05 15:30,slaughterhouse_1,slaughterhouse,0,,,,397.5136,400.0,,,,,,,,,63,hitl
38,2026-05-05 15:30,wholesaler_1,wholesaler,0,,,,,,161.3,6.5,,,,,,,63,hitl
38,2026-05-05 15:30,retail_1,retail,0,,,,,,,,103.14,30.0,0.0,0.0,3.58,20.0,63,hitl
39,2026-05-05 15:45,supplier_1,supplier,0,865.35,,,,,,,,,,,,,63,hitl
39,2026-05-05 15:45,farm_1,farm,1,,745.0,0.0227,,,,,,,,,,,63,hitl
39,2026-05-05 15:45,slaughterhouse_1,slaughterhouse,0,,,,397.5136,400.0,,,,,,,,,63,hitl
39,2026-05-05 15:45,wholesaler_1,wholesaler,0,,,,,,159.23,6.5,,,,,,,63,hitl
39,2026-05-05 15:45,retail_1,retail,0,,,,,,,,102.29,30.0,0.0,0.0,3.58,20.0,63,hitl
40,2026-05-05 16:00,supplier_1,supplier,0,864.67,,,,,,,,,,,,,63,hitl
40,2026-05-05 16:00,farm_1,farm,1,,745.0,0.0227,,,,,,,,,,,63,hitl
40,2026-05-05 16:00,slaughterhouse_1,slaughterhouse,0,,,,397.5136,376.0,,,,,,,,,63,hitl
40,2026-05-05 16:00,wholesaler_1,wholesaler,0,,,,,,152.86,6.5,,,,,,,63,hitl
40,2026-05-05 16:00,retail_1,retail,0,,,,,,,,101.4,30.0,0.0,0.0,3.58,20.0,63,hitl
41,2026-05-05 16:15,supplier_1,supplier,0,863.62,,,,,,,,,,,,,63,hitl
41,2026-05-05 16:15,farm_1,farm,1,,745.0,0.0227,,,,,,,,,,,63,hitl
41,2026-05-05 16:15,slaughterhouse_1,slaughterhouse,0,,,,397.5136,386.33,,,,,,,,,63,hitl
41,2026-05-05 16:15,wholesaler_1,wholesaler,0,,,,,,174.47,6.5,,,,,,,63,hitl
41,2026-05-05 16:15,retail_1,retail,0,,,,,,,,104.09,30.0,0.0,0.0,3.58,20.0,63,hitl
42,2026-05-05 16:30,supplier_1,supplier,0,862.43,,,,,,,,,,,,,63,hitl
42,2026-05-05 16:30,farm_1,farm,1,,745.0,0.0227,,,,,,,,,,,63,hitl
42,2026-05-05 16:30,slaughterhouse_1,slaughterhouse,0,,,,397.5136,397.98,,,,,,,,,63,hitl
42,2026-05-05 16:30,wholesaler_1,wholesaler,0,,,,,,171.5,6.5,,,,,,,63,hitl
42,2026-05-05 16:30,retail_1,retail,0,,,,,,,,103.1,30.0,0.0,0.0,3.58,20.0,63,hitl
43,2026-05-05 16:45,supplier_1,supplier,0,861.67,,,,,,,,,,,,,63,hitl
43,2026-05-05 16:45,farm_1,farm,1,,745.0,0.0227,,,,,,,,,,,63,hitl
43,2026-05-05 16:45,slaughterhouse_1,slaughterhouse,0,,,,397.5136,400.0,,,,,,,,,63,hitl
43,2026-05-05 16:45,wholesaler_1,wholesaler,0,,,,,,169.61,6.5,,,,,,,63,hitl
43,2026-05-05 16:45,retail_1,retail,0,,,,,,,,102.14,30.0,0.0,0.0,3.58,20.0,63,hitl
44,2026-05-05 17:00,supplier_1,supplier,0,860.37,,,,,,,,,,,,,63,hitl
44,2026-05-05 17:00,farm_1,farm,1,,745.0,0.0227,,,,,,,,,,,63,hitl
44,2026-05-05 17:00,slaughterhouse_1,slaughterhouse,0,,,,397.5136,400.0,,,,,,,,,63,hitl
44,2026-05-05 17:00,wholesaler_1,wholesaler,0,,,,,,164.17,6.5,,,,,,,63,hitl
44,2026-05-05 17:00,retail_1,retail,0,,,,,,,,101.25,30.0,0.0,0.0,3.58,20.0,63,hitl
45,2026-05-05 17:15,supplier_1,supplier,0,859.7,,,,,,,,,,,,,63,hitl
45,2026-05-05 17:15,farm_1,farm,1,,745.0,0.0227,,,,,,,,,,,63,hitl
45,2026-05-05 17:15,slaughterhouse_1,slaughterhouse,0,,,,397.5136,400.0,,,,,,,,,63,hitl
45,2026-05-05 17:15,wholesaler_1,wholesaler,0,,,,,,162.38,6.5,,,,,,,63,hitl
45,2026-05-05 17:15,retail_1,retail,0,,,,,,,,104.17,30.0,0.0,0.0,3.58,20.0,63,hitl
46,2026-05-05 17:30,supplier_1,supplier,0,858.28,,,,,,,,,,,,,63,hitl
46,2026-05-05 17:30,farm_1,farm,1,,745.0,0.0227,,,,,,,,,,,63,hitl
46,2026-05-05 17:30,slaughterhouse_1,slaughterhouse,0,,,,397.5136,400.0,,,,,,,,,63,hitl
46,2026-05-05 17:30,wholesaler_1,wholesaler,0,,,,,,160.8,6.5,,,,,,,63,hitl
46,2026-05-05 17:30,retail_1,retail,0,,,,,,,,103.25,30.0,0.0,0.0,3.58,20.0,63,hitl
47,2026-05-05 17:45,supplier_1,supplier,0,856.91,,,,,,,,,,,,,63,hitl
47,2026-05-05 17:45,farm_1,farm,1,,745.0,0.0227,,,,,,,,,,,63,hitl
47,2026-05-05 17:45,slaughterhouse_1,slaughterhouse,0,,,,397.5136,400.0,,,,,,,,,63,hitl
47,2026-05-05 17:45,wholesaler_1,wholesaler,0,,,,,,158.35,6.5,,,,,,,63,hitl
47,2026-05-05 17:45,retail_1,retail,0,,,,,,,,102.36,30.0,0.0,0.0,3.58,20.0,63,hitl
48,2026-05-05 18:00,supplier_1,supplier,0,855.71,,,,,,,,,,,,,63,hitl
48,2026-05-05 18:00,farm_1,farm,1,,745.0,0.0227,,,,,,,,,,,63,hitl
48,2026-05-05 18:00,slaughterhouse_1,slaughterhouse,0,,,,397.5136,376.0,,,,,,,,,63,hitl
48,2026-05-05 18:00,wholesaler_1,wholesaler,0,,,,,,152.85,6.5,,,,,,,63,hitl
48,2026-05-05 18:00,retail_1,retail,0,,,,,,,,101.52,30.0,0.0,0.0,3.58,20.0,63,hitl
49,2026-05-05 18:15,supplier_1,supplier,0,854.37,,,,,,,,,,,,,63,hitl
49,2026-05-05 18:15,farm_1,farm,1,,745.0,0.0227,,,,,,,,,,,63,hitl
49,2026-05-05 18:15,slaughterhouse_1,slaughterhouse,0,,,,397.5136,387.39,,,,,,,,,63,hitl
49,2026-05-05 18:15,wholesaler_1,wholesaler,0,,,,,,174.95,6.5,,,,,,,63,hitl
49,2026-05-05 18:15,retail_1,retail,0,,,,,,,,104.02,30.0,0.0,0.0,3.58,20.0,63,hitl
50,2026-05-05 18:30,supplier_1,supplier,0,852.91,,,,,,,,,,,,,63,hitl
50,2026-05-05 18:30,farm_1,farm,1,,745.0,0.0227,,,,,,,,,,,63,hitl
50,2026-05-05 18:30,slaughterhouse_1,slaughterhouse,0,,,,397.5136,399.09,,,,,,,,,63,hitl
50,2026-05-05 18:30,wholesaler_1,wholesaler,0,,,,,,172.95,6.5,,,,,,,63,hitl
50,2026-05-05 18:30,retail_1,retail,0,,,,,,,,103.1,30.0,0.0,0.0,3.58,20.0,63,hitl
51,2026-05-05 18:45,supplier_1,supplier,0,852.22,,,,,,,,,,,,,63,hitl
51,2026-05-05 18:45,farm_1,farm,1,,745.0,0.0227,,,,,,,,,,,63,hitl
51,2026-05-05 18:45,slaughterhouse_1,slaughterhouse,0,,,,397.5136,400.0,,,,,,,,,63,hitl
51,2026-05-05 18:45,wholesaler_1,wholesaler,0,,,,,,171.43,6.5,,,,,,,63,hitl
51,2026-05-05 18:45,retail_1,retail,0,,,,,,,,102.14,30.0,0.0,0.0,3.58,20.0,63,hitl
52,2026-05-05 19:00,supplier_1,supplier,0,850.9,,,,,,,,,,,,,63,hitl
52,2026-05-05 19:00,farm_1,farm,1,,745.0,0.0227,,,,,,,,,,,63,hitl
52,2026-05-05 19:00,slaughterhouse_1,slaughterhouse,0,,,,397.5136,400.0,,,,,,,,,63,hitl
52,2026-05-05 19:00,wholesaler_1,wholesaler,0,,,,,,164.87,6.5,,,,,,,63,hitl
52,2026-05-05 19:00,retail_1,retail,0,,,,,,,,101.35,30.0,0.0,0.0,3.58,20.0,63,hitl
53,2026-05-05 19:15,supplier_1,supplier,0,849.96,,,,,,,,,,,,,63,hitl
53,2026-05-05 19:15,farm_1,farm,1,,745.0,0.0227,,,,,,,,,,,63,hitl
53,2026-05-05 19:15,slaughterhouse_1,slaughterhouse,0,,,,397.5136,400.0,,,,,,,,,63,hitl
53,2026-05-05 19:15,wholesaler_1,wholesaler,0,,,,,,163.34,6.5,,,,,,,63,hitl
53,2026-05-05 19:15,retail_1,retail,0,,,,,,,,104.21,30.0,0.0,0.0,3.58,20.0,63,hitl
54,2026-05-05 19:30,supplier_1,supplier,0,848.63,,,,,,,,,,,,,63,hitl
54,2026-05-05 19:30,farm_1,farm,1,,745.0,0.0227,,,,,,,,,,,63,hitl
54,2026-05-05 19:30,slaughterhouse_1,slaughterhouse,0,,,,397.5136,400.0,,,,,,,,,63,hitl
54,2026-05-05 19:30,wholesaler_1,wholesaler,0,,,,,,161.55,6.5,,,,,,,63,hitl
54,2026-05-05 19:30,retail_1,retail,0,,,,,,,,103.39,30.0,0.0,0.0,3.58,20.0,63,hitl
55,2026-05-05 19:45,supplier_1,supplier,0,847.58,,,,,,,,,,,,,63,hitl
55,2026-05-05 19:45,farm_1,farm,1,,745.0,0.0227,,,,,,,,,,,63,hitl
55,2026-05-05 19:45,slaughterhouse_1,slaughterhouse,0,,,,397.5136,400.0,,,,,,,,,63,hitl
55,2026-05-05 19:45,wholesaler_1,wholesaler,0,,,,,,159.91,6.5,,,,,,,63,hitl
55,2026-05-05 19:45,retail_1,retail,0,,,,,,,,102.5,30.0,0.0,0.0,3.58,20.0,63,hitl
56,2026-05-05 20:00,supplier_1,supplier,0,846.09,,,,,,,,,,,,,63,hitl
56,2026-05-05 20:00,farm_1,farm,1,,745.0,0.0227,,,,,,,,,,,63,hitl
56,2026-05-05 20:00,slaughterhouse_1,slaughterhouse,0,,,,397.5136,376.0,,,,,,,,,63,hitl
56,2026-05-05 20:00,wholesaler_1,wholesaler,0,,,,,,154.24,6.5,,,,,,,63,hitl
56,2026-05-05 20:00,retail_1,retail,0,,,,,,,,101.54,30.0,0.0,0.0,3.58,20.0,63,hitl
57,2026-05-05 20:15,supplier_1,supplier,0,845.18,,,,,,,,,,,,,63,hitl
57,2026-05-05 20:15,farm_1,farm,1,,511.0,0.083,,,,,,,,,,,63,hitl
57,2026-05-05 20:15,slaughterhouse_1,slaughterhouse,0,,,,397.5136,386.57,,,,,,,,,63,hitl
57,2026-05-05 20:15,wholesaler_1,wholesaler,0,,,,,,175.95,6.5,,,,,,,63,hitl
57,2026-05-05 20:15,retail_1,retail,0,,,,,,,,104.06,30.0,0.0,0.0,3.58,20.0,63,hitl
58,2026-05-05 20:30,supplier_1,supplier,0,844.31,,,,,,,,,,,,,63,hitl
58,2026-05-05 20:30,farm_1,farm,1,,511.0,0.083,,,,,,,,,,,63,hitl
58,2026-05-05 20:30,slaughterhouse_1,slaughterhouse,0,,,,397.5136,397.47,,,,,,,,,63,hitl
58,2026-05-05 20:30,wholesaler_1,wholesaler,0,,,,,,174.43,6.5,,,,,,,63,hitl
58,2026-05-05 20:30,retail_1,retail,0,,,,,,,,103.13,30.0,0.0,0.0,3.58,20.0,63,hitl
59,2026-05-05 20:45,supplier_1,supplier,0,842.92,,,,,,,,,,,,,63,hitl
59,2026-05-05 20:45,farm_1,farm,1,,511.0,0.083,,,,,,,,,,,63,hitl
59,2026-05-05 20:45,slaughterhouse_1,slaughterhouse,0,,,,397.5136,400.0,,,,,,,,,63,hitl
59,2026-05-05 20:45,wholesaler_1,wholesaler,0,,,,,,172.14,6.5,,,,,,,63,hitl
59,2026-05-05 20:45,retail_1,retail,0,,,,,,,,102.31,30.0,0.0,0.0,3.58,20.0,63,hitl
60,2026-05-05 21:00,supplier_1,supplier,0,841.74,,,,,,,,,,,,,63,hitl
60,2026-05-05 21:00,farm_1,farm,1,,511.0,0.083,,,,,,,,,,,63,hitl
60,2026-05-05 21:00,slaughterhouse_1,slaughterhouse,0,,,,397.5136,400.0,,,,,,,,,63,hitl
60,2026-05-05 21:00,wholesaler_1,wholesaler,0,,,,,,166.15,6.5,,,,,,,63,hitl
60,2026-05-05 21:00,retail_1,retail,0,,,,,,,,101.32,30.0,0.0,0.0,3.58,20.0,63,hitl
61,2026-05-05 21:15,supplier_1,supplier,0,840.83,,,,,,,,,,,,,63,hitl
61,2026-05-05 21:15,farm_1,farm,1,,511.0,0.083,,,,,,,,,,,63,hitl
61,2026-05-05 21:15,slaughterhouse_1,slaughterhouse,0,,,,397.5136,400.0,,,,,,,,,63,hitl
61,2026-05-05 21:15,wholesaler_1,wholesaler,0,,,,,,164.38,6.5,,,,,,,63,hitl
61,2026-05-05 21:15,retail_1,retail,0,,,,,,,,104.12,30.0,0.0,0.0,3.58,20.0,63,hitl
62,2026-05-05 21:30,supplier_1,supplier,0,839.74,,,,,,,,,,,,,63,hitl
62,2026-05-05 21:30,farm_1,farm,1,,511.0,0.083,,,,,,,,,,,63,hitl
62,2026-05-05 21:30,slaughterhouse_1,slaughterhouse,0,,,,397.5136,400.0,,,,,,,,,63,hitl
62,2026-05-05 21:30,wholesaler_1,wholesaler,0,,,,,,162.71,6.5,,,,,,,63,hitl
62,2026-05-05 21:30,retail_1,retail,0,,,,,,,,103.18,30.0,0.0,0.0,3.58,20.0,63,hitl
63,2026-05-05 21:45,supplier_1,supplier,0,838.62,,,,,,,,,,,,,63,hitl
63,2026-05-05 21:45,farm_1,farm,1,,511.0,0.083,,,,,,,,,,,63,hitl
63,2026-05-05 21:45,slaughterhouse_1,slaughterhouse,0,,,,397.5136,400.0,,,,,,,,,63,hitl
63,2026-05-05 21:45,wholesaler_1,wholesaler,0,,,,,,160.85,6.5,,,,,,,63,hitl
63,2026-05-05 21:45,retail_1,retail,0,,,,,,,,102.33,30.0,0.0,0.0,3.58,20.0,63,hitl
64,2026-05-05 22:00,supplier_1,supplier,0,837.78,,,,,,,,,,,,,63,hitl
64,2026-05-05 22:00,farm_1,farm,1,,511.0,0.083,,,,,,,,,,,63,hitl
64,2026-05-05 22:00,slaughterhouse_1,slaughterhouse,0,,,,397.5136,376.0,,,,,,,,,63,hitl
64,2026-05-05 22:00,wholesaler_1,wholesaler,0,,,,,,154.83,6.5,,,,,,,63,hitl
64,2026-05-05 22:00,retail_1,retail,0,,,,,,,,101.52,30.0,0.0,0.0,3.58,20.0,63,hitl
65,2026-05-05 22:15,supplier_1,supplier,0,836.96,,,,,,,,,,,,,63,hitl
65,2026-05-05 22:15,farm_1,farm,1,,511.0,0.083,,,,,,,,,,,63,hitl
65,2026-05-05 22:15,slaughterhouse_1,slaughterhouse,0,,,,397.5136,387.68,,,,,,,,,63,hitl
65,2026-05-05 22:15,wholesaler_1,wholesaler,0,,,,,,176.73,6.5,,,,,,,63,hitl
65,2026-05-05 22:15,retail_1,retail,0,,,,,,,,104.0,30.0,0.0,0.0,3.58,20.0,63,hitl
66,2026-05-05 22:30,supplier_1,supplier,0,836.24,,,,,,,,,,,,,63,hitl
66,2026-05-05 22:30,farm_1,farm,1,,511.0,0.083,,,,,,,,,,,63,hitl
66,2026-05-05 22:30,slaughterhouse_1,slaughterhouse,0,,,,397.5136,398.99,,,,,,,,,63,hitl
66,2026-05-05 22:30,wholesaler_1,wholesaler,0,,,,,,174.53,6.5,,,,,,,63,hitl
66,2026-05-05 22:30,retail_1,retail,0,,,,,,,,103.06,30.0,0.0,0.0,3.58,20.0,63,hitl
67,2026-05-05 22:45,supplier_1,supplier,0,835.01,,,,,,,,,,,,,63,hitl
67,2026-05-05 22:45,farm_1,farm,1,,511.0,0.083,,,,,,,,,,,63,hitl
67,2026-05-05 22:45,slaughterhouse_1,slaughterhouse,0,,,,397.5136,400.0,,,,,,,,,63,hitl
67,2026-05-05 22:45,wholesaler_1,wholesaler,0,,,,,,172.91,6.5,,,,,,,63,hitl
67,2026-05-05 22:45,retail_1,retail,0,,,,,,,,102.07,30.0,0.0,0.0,3.58,20.0,63,hitl
68,2026-05-05 23:00,supplier_1,supplier,0,834.37,,,,,,,,,,,,,63,hitl
68,2026-05-05 23:00,farm_1,farm,1,,511.0,0.083,,,,,,,,,,,63,hitl
68,2026-05-05 23:00,slaughterhouse_1,slaughterhouse,0,,,,397.5136,400.0,,,,,,,,,63,hitl
68,2026-05-05 23:00,wholesaler_1,wholesaler,0,,,,,,166.79,6.5,,,,,,,63,hitl
68,2026-05-05 23:00,retail_1,retail,0,,,,,,,,101.19,30.0,0.0,0.0,3.58,20.0,63,hitl
69,2026-05-05 23:15,supplier_1,supplier,0,833.81,,,,,,,,,,,,,63,hitl
69,2026-05-05 23:15,farm_1,farm,1,,511.0,0.083,,,,,,,,,,,63,hitl
69,2026-05-05 23:15,slaughterhouse_1,slaughterhouse,0,,,,397.5136,400.0,,,,,,,,,63,hitl
69,2026-05-05 23:15,wholesaler_1,wholesaler,0,,,,,,164.84,6.5,,,,,,,63,hitl
69,2026-05-05 23:15,retail_1,retail,0,,,,,,,,104.16,30.0,0.0,0.0,3.58,20.0,63,hitl
70,2026-05-05 23:30,supplier_1,supplier,0,833.23,,,,,,,,,,,,,63,hitl
70,2026-05-05 23:30,farm_1,farm,1,,511.0,0.083,,,,,,,,,,,63,hitl
70,2026-05-05 23:30,slaughterhouse_1,slaughterhouse,0,,,,397.5136,400.0,,,,,,,,,63,hitl
70,2026-05-05 23:30,wholesaler_1,wholesaler,0,,,,,,163.08,6.5,,,,,,,63,hitl
70,2026-05-05 23:30,retail_1,retail,0,,,,,,,,103.21,30.0,0.0,0.0,3.58,20.0,63,hitl
71,2026-05-05 23:45,supplier_1,supplier,0,832.18,,,,,,,,,,,,,63,hitl
71,2026-05-05 23:45,farm_1,farm,1,,511.0,0.083,,,,,,,,,,,63,hitl
71,2026-05-05 23:45,slaughterhouse_1,slaughterhouse,0,,,,397.5136,400.0,,,,,,,,,63,hitl
71,2026-05-05 23:45,wholesaler_1,wholesaler,0,,,,,,161.51,6.5,,,,,,,63,hitl
71,2026-05-05 23:45,retail_1,retail,0,,,,,,,,102.41,30.0,0.0,0.0,3.58,20.0,63,hitl
72,2026-05-06 00:00,supplier_1,supplier,0,831.05,,,,,,,,,,,,,63,hitl
72,2026-05-06 00:00,farm_1,farm,1,,511.0,0.083,,,,,,,,,,,63,hitl
72,2026-05-06 00:00,slaughterhouse_1,slaughterhouse,0,,,,397.5136,376.0,,,,,,,,,63,hitl
72,2026-05-06 00:00,wholesaler_1,wholesaler,0,,,,,,156.39,6.5,,,,,,,63,hitl
72,2026-05-06 00:00,retail_1,retail,0,,,,,,,,101.57,30.0,0.0,0.0,3.58,20.0,63,hitl
73,2026-05-06 00:15,supplier_1,supplier,0,830.09,,,,,,,,,,,,,63,hitl
73,2026-05-06 00:15,farm_1,farm,1,,511.0,0.083,,,,,,,,,,,63,hitl
73,2026-05-06 00:15,slaughterhouse_1,slaughterhouse,0,,,,397.5136,387.27,,,,,,,,,63,hitl
73,2026-05-06 00:15,wholesaler_1,wholesaler,0,,,,,,178.37,6.5,,,,,,,63,hitl
73,2026-05-06 00:15,retail_1,retail,0,,,,,,,,104.18,30.0,0.0,0.0,3.58,20.0,63,hitl
74,2026-05-06 00:30,supplier_1,supplier,0,828.67,,,,,,,,,,,,,63,hitl
74,2026-05-06 00:30,farm_1,farm,1,,511.0,0.083,,,,,,,,,,,63,hitl
74,2026-05-06 00:30,slaughterhouse_1,slaughterhouse,0,,,,397.5136,399.16,,,,,,,,,63,hitl
74,2026-05-06 00:30,wholesaler_1,wholesaler,0,,,,,,176.64,6.5,,,,,,,63,hitl
74,2026-05-06 00:30,retail_1,retail,0,,,,,,,,103.19,30.0,0.0,0.0,3.58,20.0,63,hitl
75,2026-05-06 00:45,supplier_1,supplier,0,827.63,,,,,,,,,,,,,63,hitl
75,2026-05-06 00:45,farm_1,farm,1,,511.0,0.083,,,,,,,,,,,63,hitl
75,2026-05-06 00:45,slaughterhouse_1,slaughterhouse,0,,,,397.5136,400.0,,,,,,,,,63,hitl
75,2026-05-06 00:45,wholesaler_1,wholesaler,0,,,,,,174.98,6.5,,,,,,,63,hitl
75,2026-05-06 00:45,retail_1,retail,0,,,,,,,,102.3,30.0,0.0,0.0,3.58,20.0,63,hitl
76,2026-05-06 01:00,supplier_1,supplier,0,826.43,,,,,,,,,,,,,63,hitl
76,2026-05-06 01:00,farm_1,farm,1,,511.0,0.083,,,,,,,,,,,63,hitl
76,2026-05-06 01:00,slaughterhouse_1,slaughterhouse,0,,,,397.5136,400.0,,,,,,,,,63,hitl
76,2026-05-06 01:00,wholesaler_1,wholesaler,0,,,,,,169.72,6.5,,,,,,,63,hitl
76,2026-05-06 01:00,retail_1,retail,0,,,,,,,,101.43,30.0,0.0,0.0,3.58,20.0,63,hitl
77,2026-05-06 01:15,supplier_1,supplier,0,825.41,,,,,,,,,,,,,63,hitl
77,2026-05-06 01:15,farm_1,farm,1,,511.0,0.083,,,,,,,,,,,63,hitl
77,2026-05-06 01:15,slaughterhouse_1,slaughterhouse,0,,,,397.5136,400.0,,,,,,,,,63,hitl
77,2026-05-06 01:15,wholesaler_1,wholesaler,0,,,,,,167.34,6.5,,,,,,,63,hitl
77,2026-05-06 01:15,retail_1,retail,0,,,,,,,,104.0,30.0,0.0,0.0,3.58,20.0,63,hitl
78,2026-05-06 01:30,supplier_1,supplier,0,824.28,,,,,,,,,,,,,63,hitl
78,2026-05-06 01:30,farm_1,farm,1,,511.0,0.083,,,,,,,,,,,63,hitl
78,2026-05-06 01:30,slaughterhouse_1,slaughterhouse,0,,,,397.5136,400.0,,,,,,,,,63,hitl
78,2026-05-06 01:30,wholesaler_1,wholesaler,0,,,,,,165.64,6.5,,,,,,,63,hitl
78,2026-05-06 01:30,retail_1,retail,0,,,,,,,,103.01,30.0,0.0,0.0,3.58,20.0,63,hitl
79,2026-05-06 01:45,supplier_1,supplier,0,823.13,,,,,,,,,,,,,63,hitl
79,2026-05-06 01:45,farm_1,farm,1,,511.0,0.083,,,,,,,,,,,63,hitl
79,2026-05-06 01:45,slaughterhouse_1,slaughterhouse,0,,,,397.5136,400.0,,,,,,,,,63,hitl
79,2026-05-06 01:45,wholesaler_1,wholesaler,0,,,,,,163.51,6.5,,,,,,,63,hitl
79,2026-05-06 01:45,retail_1,retail,0,,,,,,,,102.21,30.0,0.0,0.0,3.58,20.0,63,hitl
80,2026-05-06 02:00,supplier_1,supplier,0,822.53,,,,,,,,,,,,,63,hitl
80,2026-05-06 02:00,farm_1,farm,1,,511.0,0.083,,,,,,,,,,,63,hitl
80,2026-05-06 02:00,slaughterhouse_1,slaughterhouse,0,,,,397.5136,376.0,,,,,,,,,63,hitl
80,2026-05-06 02:00,wholesaler_1,wholesaler,0,,,,,,157.15,6.5,,,,,,,63,hitl
80,2026-05-06 02:00,retail_1,retail,0,,,,,,,,101.25,30.0,0.0,0.0,3.58,20.0,63,hitl
81,2026-05-06 02:15,supplier_1,supplier,0,821.56,,,,,,,,,,,,,63,hitl
81,2026-05-06 02:15,farm_1,farm,1,,511.0,0.083,,,,,,,,,,,63,hitl
81,2026-05-06 02:15,slaughterhouse_1,slaughterhouse,0,,,,397.5136,386.86,,,,,,,,,63,hitl
81,2026-05-06 02:15,wholesaler_1,wholesaler,0,,,,,,179.63,6.5,,,,,,,63,hitl
81,2026-05-06 02:15,retail_1,retail,0,,,,,,,,104.12,30.0,0.0,0.0,3.58,20.0,63,hitl
82,2026-05-06 02:30,supplier_1,supplier,0,820.49,,,,,,,,,,,,,63,hitl
82,2026-05-06 02:30,farm_1,farm,1,,511.0,0.083,,,,,,,,,,,63,hitl
82,2026-05-06 02:30,slaughterhouse_1,slaughterhouse,0,,,,397.5136,398.54,,,,,,,,,63,hitl
82,2026-05-06 02:30,wholesaler_1,wholesaler,0,,,,,,177.63,6.5,,,,,,,63,hitl
82,2026-05-06 02:30,retail_1,retail,0,,,,,,,,103.24,30.0,0.0,0.0,3.58,20.0,63,hitl
83,2026-05-06 02:45,supplier_1,supplier,0,819.69,,,,,,,,,,,,,63,hitl
83,2026-05-06 02:45,farm_1,farm,1,,511.0,0.083,,,,,,,,,,,63,hitl
83,2026-05-06 02:45,slaughterhouse_1,slaughterhouse,0,,,,397.5136,400.0,,,,,,,,,63,hitl
83,2026-05-06 02:45,wholesaler_1,wholesaler,0,,,,,,174.95,6.5,,,,,,,63,hitl
83,2026-05-06 02:45,retail_1,retail,0,,,,,,,,102.36,30.0,0.0,0.0,3.58,20.0,63,hitl
84,2026-05-06 03:00,supplier_1,supplier,0,818.43,,,,,,,,,,,,,63,hitl
84,2026-05-06 03:00,farm_1,farm,1,,511.0,0.083,,,,,,,,,,,63,hitl
84,2026-05-06 03:00,slaughterhouse_1,slaughterhouse,0,,,,397.5136,400.0,,,,,,,,,63,hitl
84,2026-05-06 03:00,wholesaler_1,wholesaler,0,,,,,,169.0,6.5,,,,,,,63,hitl
84,2026-05-06 03:00,retail_1,retail,0,,,,,,,,101.4,30.0,0.0,0.0,3.58,20.0,63,hitl
85,2026-05-06 03:15,supplier_1,supplier,0,817.07,,,,,,,,,,,,,63,hitl
85,2026-05-06 03:15,farm_1,farm,1,,511.0,0.083,,,,,,,,,,,63,hitl
85,2026-05-06 03:15,slaughterhouse_1,slaughterhouse,0,,,,397.5136,400.0,,,,,,,,,63,hitl
85,2026-05-06 03:15,wholesaler_1,wholesaler,0,,,,,,166.65,6.5,,,,,,,63,hitl
85,2026-05-06 03:15,retail_1,retail,0,,,,,,,,104.09,30.0,0.0,0.0,3.58,20.0,63,hitl
86,2026-05-06 03:30,supplier_1,supplier,0,816.15,,,,,,,,,,,,,63,hitl
86,2026-05-06 03:30,farm_1,farm,1,,511.0,0.083,,,,,,,,,,,63,hitl
86,2026-05-06 03:30,slaughterhouse_1,slaughterhouse,0,,,,397.5136,400.0,,,,,,,,,63,hitl
86,2026-05-06 03:30,wholesaler_1,wholesaler,0,,,,,,164.59,6.5,,,,,,,63,hitl
86,2026-05-06 03:30,retail_1,retail,0,,,,,,,,103.19,30.0,0.0,0.0,3.58,20.0,63,hitl
87,2026-05-06 03:45,supplier_1,supplier,0,815.04,,,,,,,,,,,,,63,hitl
87,2026-05-06 03:45,farm_1,farm,1,,511.0,0.083,,,,,,,,,,,63,hitl
87,2026-05-06 03:45,slaughterhouse_1,slaughterhouse,0,,,,397.5136,400.0,,,,,,,,,63,hitl
87,2026-05-06 03:45,wholesaler_1,wholesaler,0,,,,,,162.11,6.5,,,,,,,63,hitl
87,2026-05-06 03:45,retail_1,retail,0,,,,,,,,102.21,30.0,0.0,0.0,3.58,20.0,63,hitl
88,2026-05-06 04:00,supplier_1,supplier,0,814.23,,,,,,,,,,,,,63,hitl
88,2026-05-06 04:00,farm_1,farm,1,,511.0,0.083,,,,,,,,,,,63,hitl
88,2026-05-06 04:00,slaughterhouse_1,slaughterhouse,0,,,,397.5136,376.0,,,,,,,,,63,hitl
88,2026-05-06 04:00,wholesaler_1,wholesaler,0,,,,,,155.35,6.5,,,,,,,63,hitl
88,2026-05-06 04:00,retail_1,retail,0,,,,,,,,101.21,30.0,0.0,0.0,3.58,20.0,63,hitl
89,2026-05-06 04:15,supplier_1,supplier,0,813.07,,,,,,,,,,,,,63,hitl
89,2026-05-06 04:15,farm_1,farm,1,,511.0,0.083,,,,,,,,,,,63,hitl
89,2026-05-06 04:15,slaughterhouse_1,slaughterhouse,0,,,,397.5136,386.42,,,,,,,,,63,hitl
89,2026-05-06 04:15,wholesaler_1,wholesaler,0,,,,,,177.49,6.5,,,,,,,63,hitl
89,2026-05-06 04:15,retail_1,retail,0,,,,,,,,104.15,30.0,0.0,0.0,3.58,20.0,63,hitl
90,2026-05-06 04:30,supplier_1,supplier,0,812.23,,,,,,,,,,,,,63,hitl
90,2026-05-06 04:30,farm_1,farm,1,,511.0,0.083,,,,,,,,,,,63,hitl
90,2026-05-06 04:30,slaughterhouse_1,slaughterhouse,0,,,,397.5136,396.88,,,,,,,,,63,hitl
90,2026-05-06 04:30,wholesaler_1,wholesaler,0,,,,,,174.63,6.5,,,,,,,63,hitl
90,2026-05-06 04:30,retail_1,retail,0,,,,,,,,103.21,30.0,0.0,0.0,3.58,20.0,63,hitl
91,2026-05-06 04:45,supplier_1,supplier,0,811.19,,,,,,,,,,,,,63,hitl
91,2026-05-06 04:45,farm_1,farm,1,,511.0,0.083,,,,,,,,,,,63,hitl
91,2026-05-06 04:45,slaughterhouse_1,slaughterhouse,0,,,,397.5136,400.0,,,,,,,,,63,hitl
91,2026-05-06 04:45,wholesaler_1,wholesaler,0,,,,,,172.88,6.5,,,,,,,63,hitl
91,2026-05-06 04:45,retail_1,retail,0,,,,,,,,102.25,30.0,0.0,0.0,3.58,20.0,63,hitl
92,2026-05-06 05:00,supplier_1,supplier,0,810.68,,,,,,,,,,,,,63,hitl
92,2026-05-06 05:00,farm_1,farm,1,,511.0,0.083,,,,,,,,,,,63,hitl
92,2026-05-06 05:00,slaughterhouse_1,slaughterhouse,0,,,,397.5136,400.0,,,,,,,,,63,hitl
92,2026-05-06 05:00,wholesaler_1,wholesaler,0,,,,,,167.68,6.5,,,,,,,63,hitl
92,2026-05-06 05:00,retail_1,retail,0,,,,,,,,101.36,30.0,0.0,0.0,3.58,20.0,63,hitl
93,2026-05-06 05:15,supplier_1,supplier,0,809.49,,,,,,,,,,,,,63,hitl
93,2026-05-06 05:15,farm_1,farm,1,,511.0,0.083,,,,,,,,,,,63,hitl
93,2026-05-06 05:15,slaughterhouse_1,slaughterhouse,0,,,,397.5136,400.0,,,,,,,,,63,hitl
93,2026-05-06 05:15,wholesaler_1,wholesaler,0,,,,,,165.25,6.5,,,,,,,63,hitl
93,2026-05-06 05:15,retail_1,retail,0,,,,,,,,104.06,30.0,0.0,0.0,3.58,20.0,63,hitl
94,2026-05-06 05:30,supplier_1,supplier,0,808.39,,,,,,,,,,,,,63,hitl
94,2026-05-06 05:30,farm_1,farm,1,,511.0,0.083,,,,,,,,,,,63,hitl
94,2026-05-06 05:30,slaughterhouse_1,slaughterhouse,0,,,,397.5136,400.0,,,,,,,,,63,hitl
94,2026-05-06 05:30,wholesaler_1,wholesaler,0,,,,,,163.4,6.5,,,,,,,63,hitl
94,2026-05-06 05:30,retail_1,retail,0,,,,,,,,103.08,30.0,0.0,0.0,3.58,20.0,63,hitl
95,2026-05-06 05:45,supplier_1,supplier,0,807.32,,,,,,,,,,,,,63,hitl
95,2026-05-06 05:45,farm_1,farm,1,,511.0,0.083,,,,,,,,,,,63,hitl
95,2026-05-06 05:45,slaughterhouse_1,slaughterhouse,0,,,,397.5136,400.0,,,,,,,,,63,hitl
95,2026-05-06 05:45,wholesaler_1,wholesaler,0,,,,,,160.54,6.5,,,,,,,63,hitl
95,2026-05-06 05:45,retail_1,retail,0,,,,,,,,102.17,30.0,0.0,0.0,3.58,20.0,63,hitl
96,2026-05-06 06:00,supplier_1,supplier,0,806.28,,,,,,,,,,,,,63,hitl
96,2026-05-06 06:00,farm_1,farm,1,,511.0,0.083,,,,,,,,,,,63,hitl
96,2026-05-06 06:00,slaughterhouse_1,slaughterhouse,0,,,,397.5136,376.0,,,,,,,,,63,hitl
96,2026-05-06 06:00,wholesaler_1,wholesaler,0,,,,,,153.89,6.5,,,,,,,63,hitl
96,2026-05-06 06:00,retail_1,retail,0,,,,,,,,101.34,30.0,0.0,0.0,3.58,20.0,63,hitl
97,2026-05-06 06:15,supplier_1,supplier,0,804.91,,,,,,,,,,,,,63,hitl
97,2026-05-06 06:15,farm_1,farm,1,,511.0,0.083,,,,,,,,,,,63,hitl
97,2026-05-06 06:15,slaughterhouse_1,slaughterhouse,0,,,,397.5136,386.93,,,,,,,,,63,hitl
97,2026-05-06 06:15,wholesaler_1,wholesaler,0,,,,,,176.32,6.5,,,,,,,63,hitl
97,2026-05-06 06:15,retail_1,retail,0,,,,,,,,104.07,30.0,0.0,0.0,3.58,20.0,63,hitl
98,2026-05-06 06:30,supplier_1,supplier,0,803.79,,,,,,,,,,,,,63,hitl
98,2026-05-06 06:30,farm_1,farm,1,,511.0,0.083,,,,,,,,,,,63,hitl
98,2026-05-06 06:30,slaughterhouse_1,slaughterhouse,0,,,,397.5136,398.28,,,,,,,,,63,hitl
98,2026-05-06 06:30,wholesaler_1,wholesaler,0,,,,,,174.07,6.5,,,,,,,63,hitl
98,2026-05-06 06:30,retail_1,retail,0,,,,,,,,103.15,30.0,0.0,0.0,3.58,20.0,63,hitl
99,2026-05-06 06:45,supplier_1,supplier,0,803.01,,,,,,,,,,,,,63,hitl
99,2026-05-06 06:45,farm_1,farm,1,,511.0,0.083,,,,,,,,,,,63,hitl
99,2026-05-06 06:45,slaughterhouse_1,slaughterhouse,0,,,,397.5136,400.0,,,,,,,,,63,hitl
99,2026-05-06 06:45,wholesaler_1,wholesaler,0,,,,,,171.95,6.5,,,,,,,63,hitl
99,2026-05-06 06:45,retail_1,retail,0,,,,,,,,102.33,30.0,0.0,0.0,3.58,20.0,63,hitl
100,2026-05-06 07:00,supplier_1,supplier,0,801.92,,,,,,,,,,,,,63,hitl
100,2026-05-06 07:00,farm_1,farm,1,,511.0,0.083,,,,,,,,,,,63,hitl
100,2026-05-06 07:00,slaughterhouse_1,slaughterhouse,0,,,,397.5136,400.0,,,,,,,,,63,hitl
100,2026-05-06 07:00,wholesaler_1,wholesaler,0,,,,,,165.44,6.5,,,,,,,63,hitl
100,2026-05-06 07:00,retail_1,retail,0,,,,,,,,101.43,30.0,0.0,0.0,3.58,20.0,63,hitl
101,2026-05-06 07:15,supplier_1,supplier,0,801.16,,,,,,,,,,,,,63,hitl
101,2026-05-06 07:15,farm_1,farm,1,,511.0,0.083,,,,,,,,,,,63,hitl
101,2026-05-06 07:15,slaughterhouse_1,slaughterhouse,0,,,,397.5136,400.0,,,,,,,,,63,hitl
101,2026-05-06 07:15,wholesaler_1,wholesaler,0,,,,,,163.18,6.5,,,,,,,63,hitl
101,2026-05-06 07:15,retail_1,retail,0,,,,,,,,104.05,30.0,0.0,0.0,3.58,20.0,63,hitl
102,2026-05-06 07:30,supplier_1,supplier,0,799.95,,,,,,,,,,,,,63,hitl
102,2026-05-06 07:30,farm_1,farm,1,,511.0,0.083,,,,,,,,,,,63,hitl
102,2026-05-06 07:30,slaughterhouse_1,slaughterhouse,0,,,,397.5136,400.0,,,,,,,,,63,hitl
102,2026-05-06 07:30,wholesaler_1,wholesaler,0,,,,,,160.91,6.5,,,,,,,63,hitl
102,2026-05-06 07:30,retail_1,retail,0,,,,,,,,103.22,30.0,0.0,0.0,3.58,20.0,63,hitl
103,2026-05-06 07:45,supplier_1,supplier,0,798.98,,,,,,,,,,,,,63,hitl
103,2026-05-06 07:45,farm_1,farm,1,,511.0,0.083,,,,,,,,,,,63,hitl
103,2026-05-06 07:45,slaughterhouse_1,slaughterhouse,0,,,,397.5136,400.0,,,,,,,,,63,hitl
103,2026-05-06 07:45,wholesaler_1,wholesaler,0,,,,,,159.24,6.5,,,,,,,63,hitl
103,2026-05-06 07:45,retail_1,retail,0,,,,,,,,102.34,30.0,0.0,0.0,3.58,20.0,63,hitl
104,2026-05-06 08:00,supplier_1,supplier,0,798.19,,,,,,,,,,,,,63,hitl
104,2026-05-06 08:00,farm_1,farm,1,,511.0,0.083,,,,,,,,,,,63,hitl
104,2026-05-06 08:00,slaughterhouse_1,slaughterhouse,0,,,,397.5136,376.0,,,,,,,,,63,hitl
104,2026-05-06 08:00,wholesaler_1,wholesaler,0,,,,,,152.77,6.5,,,,,,,63,hitl
104,2026-05-06 08:00,retail_1,retail,0,,,,,,,,101.39,30.0,0.0,0.0,3.58,20.0,63,hitl
105,2026-05-06 08:15,supplier_1,supplier,0,796.86,,,,,,,,,,,,,63,hitl
105,2026-05-06 08:15,farm_1,farm,1,,511.0,0.083,,,,,,,,,,,63,hitl
105,2026-05-06 08:15,slaughterhouse_1,slaughterhouse,0,,,,397.5136,386.21,,,,,,,,,63,hitl
105,2026-05-06 08:15,wholesaler_1,wholesaler,0,,,,,,174.16,6.5,,,,,,,63,hitl
105,2026-05-06 08:15,retail_1,retail,0,,,,,,,,104.19,30.0,0.0,0.0,3.58,20.0,63,hitl
106,2026-05-06 08:30,supplier_1,supplier,0,795.98,,,,,,,,,,,,,63,hitl
106,2026-05-06 08:30,farm_1,farm,1,,511.0,0.083,,,,,,,,,,,63,hitl
106,2026-05-06 08:30,slaughterhouse_1,slaughterhouse,0,,,,397.5136,397.87,,,,,,,,,63,hitl
106,2026-05-06 08:30,wholesaler_1,wholesaler,0,,,,,,171.85,6.5,,,,,,,63,hitl
106,2026-05-06 08:30,retail_1,retail,0,,,,,,,,103.35,30.0,0.0,0.0,3.58,20.0,63,hitl
107,2026-05-06 08:45,supplier_1,supplier,0,795.27,,,,,,,,,,,,,63,hitl
107,2026-05-06 08:45,farm_1,farm,1,,511.0,0.083,,,,,,,,,,,63,hitl
107,2026-05-06 08:45,slaughterhouse_1,slaughterhouse,0,,,,397.5136,400.0,,,,,,,,,63,hitl
107,2026-05-06 08:45,wholesaler_1,wholesaler,0,,,,,,169.91,6.5,,,,,,,63,hitl
107,2026-05-06 08:45,retail_1,retail,0,,,,,,,,102.52,30.0,0.0,0.0,3.58,20.0,63,hitl
108,2026-05-06 09:00,supplier_1,supplier,0,794.68,,,,,,,,,,,,,63,hitl
108,2026-05-06 09:00,farm_1,farm,1,,511.0,0.083,,,,,,,,,,,63,hitl
108,2026-05-06 09:00,slaughterhouse_1,slaughterhouse,0,,,,397.5136,400.0,,,,,,,,,63,hitl
108,2026-05-06 09:00,wholesaler_1,wholesaler,0,,,,,,163.63,6.5,,,,,,,63,hitl
108,2026-05-06 09:00,retail_1,retail,0,,,,,,,,101.52,30.0,0.0,0.0,3.58,20.0,63,hitl
109,2026-05-06 09:15,supplier_1,supplier,0,794.01,,,,,,,,,,,,,63,hitl
109,2026-05-06 09:15,farm_1,farm,1,,511.0,0.083,,,,,,,,,,,63,hitl
109,2026-05-06 09:15,slaughterhouse_1,slaughterhouse,0,,,,397.5136,400.0,,,,,,,,,63,hitl
109,2026-05-06 09:15,wholesaler_1,wholesaler,0,,,,,,161.39,6.5,,,,,,,63,hitl
109,2026-05-06 09:15,retail_1,retail,0,,,,,,,,104.11,30.0,0.0,0.0,3.58,20.0,63,hitl
110,2026-05-06 09:30,supplier_1,supplier,0,792.59,,,,,,,,,,,,,63,hitl
110,2026-05-06 09:30,farm_1,farm,1,,511.0,0.083,,,,,,,,,,,63,hitl
110,2026-05-06 09:30,slaughterhouse_1,slaughterhouse,0,,,,397.5136,400.0,,,,,,,,,63,hitl
110,2026-05-06 09:30,wholesaler_1,wholesaler,0,,,,,,158.92,6.5,,,,,,,63,hitl
110,2026-05-06 09:30,retail_1,retail,0,,,,,,,,103.29,30.0,0.0,0.0,3.58,20.0,63,hitl
111,2026-05-06 09:45,supplier_1,supplier,0,791.75,,,,,,,,,,,,,63,hitl
111,2026-05-06 09:45,farm_1,farm,1,,511.0,0.083,,,,,,,,,,,63,hitl
111,2026-05-06 09:45,slaughterhouse_1,slaughterhouse,0,,,,397.5136,400.0,,,,,,,,,63,hitl
111,2026-05-06 09:45,wholesaler_1,wholesaler,0,,,,,,155.96,6.5,,,,,,,63,hitl
111,2026-05-06 09:45,retail_1,retail,0,,,,,,,,102.44,30.0,0.0,0.0,3.58,20.0,63,hitl
112,2026-05-06 10:00,supplier_1,supplier,0,790.78,,,,,,,,,,,,,63,hitl
112,2026-05-06 10:00,farm_1,farm,1,,511.0,0.083,,,,,,,,,,,63,hitl
112,2026-05-06 10:00,slaughterhouse_1,slaughterhouse,0,,,,397.5136,376.0,,,,,,,,,63,hitl
112,2026-05-06 10:00,wholesaler_1,wholesaler,0,,,,,,150.24,6.5,,,,,,,63,hitl
112,2026-05-06 10:00,retail_1,retail,0,,,,,,,,101.49,30.0,0.0,0.0,3.58,20.0,63,hitl
113,2026-05-06 10:15,supplier_1,supplier,0,789.91,,,,,,,,,,,,,63,hitl
113,2026-05-06 10:15,farm_1,farm,1,,511.0,0.083,,,,,,,,,,,63,hitl
113,2026-05-06 10:15,slaughterhouse_1,slaughterhouse,0,,,,397.5136,387.12,,,,,,,,,63,hitl
113,2026-05-06 10:15,wholesaler_1,wholesaler,0,,,,,,172.27,6.5,,,,,,,63,hitl
113,2026-05-06 10:15,retail_1,retail,0,,,,,,,,104.0,30.0,0.0,0.0,3.58,20.0,63,hitl
114,2026-05-06 10:30,supplier_1,supplier,0,789.2,,,,,,,,,,,,,63,hitl
114,2026-05-06 10:30,farm_1,farm,1,,511.0,0.083,,,,,,,,,,,63,hitl
114,2026-05-06 10:30,slaughterhouse_1,slaughterhouse,0,,,,397.5136,398.51,,,,,,,,,63,hitl
114,2026-05-06 10:30,wholesaler_1,wholesaler,0,,,,,,169.36,6.5,,,,,,,63,hitl
114,2026-05-06 10:30,retail_1,retail,0,,,,,,,,103.17,30.0,0.0,0.0,3.58,20.0,63,hitl
115,2026-05-06 10:45,supplier_1,supplier,0,788.1,,,,,,,,,,,,,63,hitl
115,2026-05-06 10:45,farm_1,farm,1,,511.0,0.083,,,,,,,,,,,63,hitl
115,2026-05-06 10:45,slaughterhouse_1,slaughterhouse,0,,,,397.5136,400.0,,,,,,,,,63,hitl
115,2026-05-06 10:45,wholesaler_1,wholesaler,1,,,,,,80.58,48.0,,,,,,,63,hitl
115,2026-05-06 10:45,retail_1,retail,0,,,,,,,,102.37,30.0,0.0,0.0,3.58,20.0,63,hitl
116,2026-05-06 11:00,supplier_1,supplier,0,786.74,,,,,,,,,,,,,63,hitl
116,2026-05-06 11:00,farm_1,farm,1,,511.0,0.083,,,,,,,,,,,63,hitl
116,2026-05-06 11:00,slaughterhouse_1,slaughterhouse,0,,,,397.5136,400.0,,,,,,,,,63,hitl
116,2026-05-06 11:00,wholesaler_1,wholesaler,1,,,,,,74.58,48.0,,,,,,,63,hitl
116,2026-05-06 11:00,retail_1,retail,0,,,,,,,,101.4,30.0,0.0,0.0,3.58,20.0,63,hitl
117,2026-05-06 11:15,supplier_1,supplier,0,786.09,,,,,,,,,,,,,63,hitl
117,2026-05-06 11:15,farm_1,farm,1,,511.0,0.083,,,,,,,,,,,63,hitl
117,2026-05-06 11:15,slaughterhouse_1,slaughterhouse,0,,,,397.5136,400.0,,,,,,,,,63,hitl
117,2026-05-06 11:15,wholesaler_1,wholesaler,1,,,,,,72.37,48.0,,,,,,,63,hitl
117,2026-05-06 11:15,retail_1,retail,0,,,,,,,,104.05,30.0,0.0,0.0,3.58,20.0,63,hitl
118,2026-05-06 11:30,supplier_1,supplier,0,785.59,,,,,,,,,,,,,63,hitl
118,2026-05-06 11:30,farm_1,farm,1,,511.0,0.083,,,,,,,,,,,63,hitl
118,2026-05-06 11:30,slaughterhouse_1,slaughterhouse,0,,,,397.5136,400.0,,,,,,,,,63,hitl
118,2026-05-06 11:30,wholesaler_1,wholesaler,1,,,,,,70.5,48.0,,,,,,,63,hitl
118,2026-05-06 11:30,retail_1,retail,0,,,,,,,,103.24,30.0,0.0,0.0,3.58,20.0,63,hitl
119,2026-05-06 11:45,supplier_1,supplier,0,784.69,,,,,,,,,,,,,63,hitl
119,2026-05-06 11:45,farm_1,farm,1,,511.0,0.083,,,,,,,,,,,63,hitl
119,2026-05-06 11:45,slaughterhouse_1,slaughterhouse,0,,,,397.5136,400.0,,,,,,,,,63,hitl
119,2026-05-06 11:45,wholesaler_1,wholesaler,1,,,,,,68.8,48.0,,,,,,,63,hitl
119,2026-05-06 11:45,retail_1,retail,0,,,,,,,,102.29,30.0,0.0,0.0,3.58,20.0,63,hitl
120,2026-05-06 12:00,supplier_1,supplier,0,783.65,,,,,,,,,,,,,63,hitl
120,2026-05-06 12:00,farm_1,farm,1,,511.0,0.083,,,,,,,,,,,63,hitl
120,2026-05-06 12:00,slaughterhouse_1,slaughterhouse,0,,,,397.5136,376.0,,,,,,,,,63,hitl
120,2026-05-06 12:00,wholesaler_1,wholesaler,1,,,,,,63.5,48.0,,,,,,,63,hitl
120,2026-05-06 12:00,retail_1,retail,0,,,,,,,,101.37,30.0,0.0,0.0,3.58,20.0,63,hitl
121,2026-05-06 12:15,supplier_1,supplier,0,783.1,,,,,,,,,,,,,63,hitl
121,2026-05-06 12:15,farm_1,farm,1,,511.0,0.083,,,,,,,,,,,63,hitl
121,2026-05-06 12:15,slaughterhouse_1,slaughterhouse,0,,,,397.5136,386.37,,,,,,,,,63,hitl
121,2026-05-06 12:15,wholesaler_1,wholesaler,1,,,,,,84.66,48.0,,,,,,,63,hitl
121,2026-05-06 12:15,retail_1,retail,0,,,,,,,,104.06,30.0,0.0,0.0,3.58,20.0,63,hitl
122,2026-05-06 12:30,supplier_1,supplier,0,782.1,,,,,,,,,,,,,63,hitl
122,2026-05-06 12:30,farm_1,farm,1,,511.0,0.083,,,,,,,,,,,63,hitl
122,2026-05-06 12:30,slaughterhouse_1,slaughterhouse,0,,,,397.5136,397.73,,,,,,,,,63,hitl
122,2026-05-06 12:30,wholesaler_1,wholesaler,1,,,,,,81.79,48.0,,,,,,,63,hitl
122,2026-05-06 12:30,retail_1,retail,0,,,,,,,,103.18,30.0,0.0,0.0,3.58,20.0,63,hitl
123,2026-05-06 12:45,supplier_1,supplier,0,780.85,,,,,,,,,,,,,63,hitl
123,2026-05-06 12:45,farm_1,farm,1,,511.0,0.083,,,,,,,,,,,63,hitl
123,2026-05-06 12:45,slaughterhouse_1,slaughterhouse,0,,,,397.5136,400.0,,,,,,,,,63,hitl
123,2026-05-06 12:45,wholesaler_1,wholesaler,1,,,,,,79.73,48.0,,,,,,,63,hitl
123,2026-05-06 12:45,retail_1,retail,0,,,,,,,,102.2,30.0,0.0,0.0,3.58,20.0,63,hitl
124,2026-05-06 13:00,supplier_1,supplier,0,779.59,,,,,,,,,,,,,63,hitl
124,2026-05-06 13:00,farm_1,farm,1,,511.0,0.083,,,,,,,,,,,63,hitl
124,2026-05-06 13:00,slaughterhouse_1,slaughterhouse,0,,,,397.5136,400.0,,,,,,,,,63,hitl
124,2026-05-06 13:00,wholesaler_1,wholesaler,1,,,,,,74.27,48.0,,,,,,,63,hitl
124,2026-05-06 13:00,retail_1,retail,0,,,,,,,,101.37,30.0,0.0,0.0,3.58,20.0,63,hitl
125,2026-05-06 13:15,supplier_1,supplier,0,778.5,,,,,,,,,,,,,63,hitl
125,2026-05-06 13:15,farm_1,farm,1,,511.0,0.083,,,,,,,,,,,63,hitl
125,2026-05-06 13:15,slaughterhouse_1,slaughterhouse,0,,,,397.5136,400.0,,,,,,,,,63,hitl
125,2026-05-06 13:15,wholesaler_1,wholesaler,1,,,,,,72.45,48.0,,,,,,,63,hitl
125,2026-05-06 13:15,retail_1,retail,0,,,,,,,,104.16,30.0,0.0,0.0,3.58,20.0,63,hitl
126,2026-05-06 13:30,supplier_1,supplier,0,777.13,,,,,,,,,,,,,63,hitl
126,2026-05-06 13:30,farm_1,farm,1,,511.0,0.083,,,,,,,,,,,63,hitl
126,2026-05-06 13:30,slaughterhouse_1,slaughterhouse,0,,,,397.5136,400.0,,,,,,,,,63,hitl
126,2026-05-06 13:30,wholesaler_1,wholesaler,1,,,,,,70.8,48.0,,,,,,,63,hitl
126,2026-05-06 13:30,retail_1,retail,0,,,,,,,,103.3,30.0,0.0,0.0,3.58,20.0,63,hitl
127,2026-05-06 13:45,supplier_1,supplier,0,776.22,,,,,,,,,,,,,63,hitl
127,2026-05-06 13:45,farm_1,farm,1,,511.0,0.083,,,,,,,,,,,63,hitl
127,2026-05-06 13:45,slaughterhouse_1,slaughterhouse,0,,,,397.5136,400.0,,,,,,,,,63,hitl
127,2026-05-06 13:45,wholesaler_1,wholesaler,1,,,,,,68.29,48.0,,,,,,,63,hitl
127,2026-05-06 13:45,retail_1,retail,0,,,,,,,,102.35,30.0,0.0,0.0,3.58,20.0,63,hitl
128,2026-05-06 14:00,supplier_1,supplier,0,775.21,,,,,,,,,,,,,63,hitl
128,2026-05-06 14:00,farm_1,farm,1,,511.0,0.083,,,,,,,,,,,63,hitl
128,2026-05-06 14:00,slaughterhouse_1,slaughterhouse,0,,,,397.5136,376.0,,,,,,,,,63,hitl
128,2026-05-06 14:00,wholesaler_1,wholesaler,1,,,,,,61.75,48.0,,,,,,,63,hitl
128,2026-05-06 14:00,retail_1,retail,0,,,,,,,,101.37,30.0,0.0,0.0,3.58,20.0,63,hitl
129,2026-05-06 14:15,supplier_1,supplier,0,774.25,,,,,,,,,,,,,63,hitl
129,2026-05-06 14:15,farm_1,farm,1,,511.0,0.083,,,,,,,,,,,63,hitl
129,2026-05-06 14:15,slaughterhouse_1,slaughterhouse,0,,,,397.5136,386.65,,,,,,,,,63,hitl
129,2026-05-06 14:15,wholesaler_1,wholesaler,1,,,,,,83.66,48.0,,,,,,,63,hitl
129,2026-05-06 14:15,retail_1,retail,0,,,,,,,,104.13,30.0,0.0,0.0,3.58,20.0,63,hitl
130,2026-05-06 14:30,supplier_1,supplier,0,773.69,,,,,,,,,,,,,63,hitl
130,2026-05-06 14:30,farm_1,farm,1,,511.0,0.083,,,,,,,,,,,63,hitl
130,2026-05-06 14:30,slaughterhouse_1,slaughterhouse,0,,,,397.5136,397.81,,,,,,,,,63,hitl
130,2026-05-06 14:30,wholesaler_1,wholesaler,1,,,,,,81.67,48.0,,,,,,,63,hitl
130,2026-05-06 14:30,retail_1,retail,0,,,,,,,,103.3,30.0,0.0,0.0,3.58,20.0,63,hitl
131,2026-05-06 14:45,supplier_1,supplier,0,772.24,,,,,,,,,,,,,63,hitl
131,2026-05-06 14:45,farm_1,farm,1,,511.0,0.083,,,,,,,,,,,63,hitl
131,2026-05-06 14:45,slaughterhouse_1,slaughterhouse,0,,,,397.5136,400.0,,,,,,,,,63,hitl
131,2026-05-06 14:45,wholesaler_1,wholesaler,1,,,,,,79.65,48.0,,,,,,,63,hitl
131,2026-05-06 14:45,retail_1,retail,0,,,,,,,,102.32,30.0,0.0,0.0,3.58,20.0,63,hitl
132,2026-05-06 15:00,supplier_1,supplier,0,771.53,,,,,,,,,,,,,63,hitl
132,2026-05-06 15:00,farm_1,farm,1,,511.0,0.083,,,,,,,,,,,63,hitl
132,2026-05-06 15:00,slaughterhouse_1,slaughterhouse,0,,,,397.5136,400.0,,,,,,,,,63,hitl
132,2026-05-06 15:00,wholesaler_1,wholesaler,1,,,,,,73.31,48.0,,,,,,,63,hitl
132,2026-05-06 15:00,retail_1,retail,0,,,,,,,,101.49,30.0,0.0,0.0,3.58,20.0,63,hitl
133,2026-05-06 15:15,supplier_1,supplier,0,770.96,,,,,,,,,,,,,63,hitl
133,2026-05-06 15:15,farm_1,farm,1,,511.0,0.083,,,,,,,,,,,63,hitl
133,2026-05-06 15:15,slaughterhouse_1,slaughterhouse,0,,,,397.5136,400.0,,,,,,,,,63,hitl
133,2026-05-06 15:15,wholesaler_1,wholesaler,1,,,,,,70.62,48.0,,,,,,,63,hitl
133,2026-05-06 15:15,retail_1,retail,0,,,,,,,,104.05,30.0,0.0,0.0,3.58,20.0,63,hitl
134,2026-05-06 15:30,supplier_1,supplier,0,769.86,,,,,,,,,,,,,63,hitl
134,2026-05-06 15:30,farm_1,farm,1,,511.0,0.083,,,,,,,,,,,63,hitl
134,2026-05-06 15:30,slaughterhouse_1,slaughterhouse,0,,,,397.5136,400.0,,,,,,,,,63,hitl
134,2026-05-06 15:30,wholesaler_1,wholesaler,1,,,,,,68.06,48.0,,,,,,,63,hitl
134,2026-05-06 15:30,retail_1,retail,0,,,,,,,,103.24,30.0,0.0,0.0,3.58,20.0,63,hitl
135,2026-05-06 15:45,supplier_1,supplier,0,768.43,,,,,,,,,,,,,63,hitl
135,2026-05-06 15:45,farm_1,farm,1,,511.0,0.083,,,,,,,,,,,63,hitl
135,2026-05-06 15:45,slaughterhouse_1,slaughterhouse,0,,,,397.5136,400.0,,,,,,,,,63,hitl
135,2026-05-06 15:45,wholesaler_1,wholesaler,1,,,,,,65.62,48.0,,,,,,,63,hitl
135,2026-05-06 15:45,retail_1,retail,0,,,,,,,,102.24,30.0,0.0,0.0,3.58,20.0,63,hitl
136,2026-05-06 16:00,supplier_1,supplier,0,767.9,,,,,,,,,,,,,63,hitl
136,2026-05-06 16:00,farm_1,farm,1,,511.0,0.083,,,,,,,,,,,63,hitl
136,2026-05-06 16:00,slaughterhouse_1,slaughterhouse,0,,,,397.5136,376.0,,,,,,,,,63,hitl
136,2026-05-06 16:00,wholesaler_1,wholesaler,1,,,,,,59.05,48.0,,,,,,,63,hitl
136,2026-05-06 16:00,retail_1,retail,0,,,,,,,,101.36,30.0,0.0,0.0,3.58,20.0,63,hitl
137,2026-05-06 16:15,supplier_1,supplier,0,767.23,,,,,,,,,,,,,63,hitl
137,2026-05-06 16:15,farm_1,farm,1,,511.0,0.083,,,,,,,,,,,63,hitl
137,2026-05-06 16:15,slaughterhouse_1,slaughterhouse,0,,,,397.5136,386.89,,,,,,,,,63,hitl
137,2026-05-06 16:15,wholesaler_1,wholesaler,1,,,,,,80.78,48.0,,,,,,,63,hitl
137,2026-05-06 16:15,retail_1,retail,0,,,,,,,,104.12,30.0,0.0,0.0,3.58,20.0,63,hitl
138,2026-05-06 16:30,supplier_1,supplier,0,766.22,,,,,,,,,,,,,63,hitl
138,2026-05-06 16:30,farm_1,farm,1,,511.0,0.083,,,,,,,,,,,63,hitl
138,2026-05-06 16:30,slaughterhouse_1,slaughterhouse,0,,,,397.5136,397.35,,,,,,,,,63,hitl
138,2026-05-06 16:30,wholesaler_1,wholesaler,1,,,,,,78.29,48.0,,,,,,,63,hitl
138,2026-05-06 16:30,retail_1,retail,0,,,,,,,,103.21,30.0,0.0,0.0,3.58,20.0,63,hitl
139,2026-05-06 16:45,supplier_1,supplier,0,764.95,,,,,,,,,,,,,63,hitl
139,2026-05-06 16:45,farm_1,farm,1,,511.0,0.083,,,,,,,,,,,63,hitl
139,2026-05-06 16:45,slaughterhouse_1,slaughterhouse,0,,,,397.5136,400.0,,,,,,,,,63,hitl
139,2026-05-06 16:45,wholesaler_1,wholesaler,1,,,,,,76.43,48.0,,,,,,,63,hitl
139,2026-05-06 16:45,retail_1,retail,0,,,,,,,,102.37,30.0,0.0,0.0,3.58,20.0,63,hitl
140,2026-05-06 17:00,supplier_1,supplier,0,763.55,,,,,,,,,,,,,63,hitl
140,2026-05-06 17:00,farm_1,farm,1,,511.0,0.083,,,,,,,,,,,63,hitl
140,2026-05-06 17:00,slaughterhouse_1,slaughterhouse,0,,,,397.5136,400.0,,,,,,,,,63,hitl
140,2026-05-06 17:00,wholesaler_1,wholesaler,1,,,,,,70.94,48.0,,,,,,,63,hitl
140,2026-05-06 17:00,retail_1,retail,0,,,,,,,,101.48,30.0,0.0,0.0,3.58,20.0,63,hitl
141,2026-05-06 17:15,supplier_1,supplier,0,762.44,,,,,,,,,,,,,63,hitl
141,2026-05-06 17:15,farm_1,farm,1,,511.0,0.083,,,,,,,,,,,63,hitl
141,2026-05-06 17:15,slaughterhouse_1,slaughterhouse,0,,,,397.5136,400.0,,,,,,,,,63,hitl
141,2026-05-06 17:15,wholesaler_1,wholesaler,1,,,,,,67.95,48.0,,,,,,,63,hitl
141,2026-05-06 17:15,retail_1,retail,0,,,,,,,,104.07,30.0,0.0,0.0,3.58,20.0,63,hitl
142,2026-05-06 17:30,supplier_1,supplier,0,761.53,,,,,,,,,,,,,63,hitl
142,2026-05-06 17:30,farm_1,farm,1,,511.0,0.083,,,,,,,,,,,63,hitl
142,2026-05-06 17:30,slaughterhouse_1,slaughterhouse,0,,,,397.5136,400.0,,,,,,,,,63,hitl
142,2026-05-06 17:30,wholesaler_1,wholesaler,1,,,,,,65.48,48.0,,,,,,,63,hitl
142,2026-05-06 17:30,retail_1,retail,0,,,,,,,,103.13,30.0,0.0,0.0,3.58,20.0,63,hitl
143,2026-05-06 17:45,supplier_1,supplier,0,760.71,,,,,,,,,,,,,63,hitl
143,2026-05-06 17:45,farm_1,farm,1,,511.0,0.083,,,,,,,,,,,63,hitl
143,2026-05-06 17:45,slaughterhouse_1,slaughterhouse,0,,,,397.5136,400.0,,,,,,,,,63,hitl
143,2026-05-06 17:45,wholesaler_1,wholesaler,1,,,,,,63.17,48.0,,,,,,,63,hitl
143,2026-05-06 17:45,retail_1,retail,0,,,,,,,,102.13,30.0,0.0,0.0,3.58,20.0,63,hitl
144,2026-05-06 18:00,supplier_1,supplier,0,759.25,,,,,,,,,,,,,63,hitl
144,2026-05-06 18:00,farm_1,farm,1,,511.0,0.083,,,,,,,,,,,63,hitl
144,2026-05-06 18:00,slaughterhouse_1,slaughterhouse,0,,,,397.5136,376.0,,,,,,,,,63,hitl
144,2026-05-06 18:00,wholesaler_1,wholesaler,1,,,,,,57.84,48.0,,,,,,,63,hitl
144,2026-05-06 18:00,retail_1,retail,0,,,,,,,,101.32,30.0,0.0,0.0,3.58,20.0,63,hitl
145,2026-05-06 18:15,supplier_1,supplier,0,758.41,,,,,,,,,,,,,63,hitl
145,2026-05-06 18:15,farm_1,farm,1,,511.0,0.083,,,,,,,,,,,63,hitl
145,2026-05-06 18:15,slaughterhouse_1,slaughterhouse,0,,,,397.5136,386.93,,,,,,,,,63,hitl
145,2026-05-06 18:15,wholesaler_1,wholesaler,1,,,,,,80.25,48.0,,,,,,,63,hitl
145,2026-05-06 18:15,retail_1,retail,0,,,,,,,,104.12,30.0,0.0,0.0,3.58,20.0,63,hitl
146,2026-05-06 18:30,supplier_1,supplier,0,757.66,,,,,,,,,,,,,63,hitl
146,2026-05-06 18:30,farm_1,farm,1,,511.0,0.083,,,,,,,,,,,63,hitl
146,2026-05-06 18:30,slaughterhouse_1,slaughterhouse,0,,,,397.5136,397.17,,,,,,,,,63,hitl
146,2026-05-06 18:30,wholesaler_1,wholesaler,1,,,,,,78.3,48.0,,,,,,,63,hitl
146,2026-05-06 18:30,retail_1,retail,0,,,,,,,,103.18,30.0,0.0,0.0,3.58,20.0,63,hitl
147,2026-05-06 18:45,supplier_1,supplier,0,756.84,,,,,,,,,,,,,63,hitl
147,2026-05-06 18:45,farm_1,farm,1,,511.0,0.083,,,,,,,,,,,63,hitl
147,2026-05-06 18:45,slaughterhouse_1,slaughterhouse,0,,,,397.5136,400.0,,,,,,,,,63,hitl
147,2026-05-06 18:45,wholesaler_1,wholesaler,1,,,,,,75.55,48.0,,,,,,,63,hitl
147,2026-05-06 18:45,retail_1,retail,0,,,,,,,,102.31,30.0,0.0,0.0,3.58,20.0,63,hitl
148,2026-05-06 19:00,supplier_1,supplier,0,755.85,,,,,,,,,,,,,63,hitl
148,2026-05-06 19:00,farm_1,farm,1,,511.0,0.083,,,,,,,,,,,63,hitl
148,2026-05-06 19:00,slaughterhouse_1,slaughterhouse,0,,,,397.5136,400.0,,,,,,,,,63,hitl
148,2026-05-06 19:00,wholesaler_1,wholesaler,1,,,,,,70.25,48.0,,,,,,,63,hitl
148,2026-05-06 19:00,retail_1,retail,0,,,,,,,,101.44,30.0,0.0,0.0,3.58,20.0,63,hitl
149,2026-05-06 19:15,supplier_1,supplier,0,754.45,,,,,,,,,,,,,63,hitl
149,2026-05-06 19:15,farm_1,farm,1,,511.0,0.083,,,,,,,,,,,63,hitl
149,2026-05-06 19:15,slaughterhouse_1,slaughterhouse,0,,,,397.5136,400.0,,,,,,,,,63,hitl
149,2026-05-06 19:15,wholesaler_1,wholesaler,1,,,,,,68.43,48.0,,,,,,,63,hitl
149,2026-05-06 19:15,retail_1,retail,0,,,,,,,,104.03,30.0,0.0,0.0,3.58,20.0,63,hitl
150,2026-05-06 19:30,supplier_1,supplier,0,753.42,,,,,,,,,,,,,63,hitl
150,2026-05-06 19:30,farm_1,farm,1,,511.0,0.083,,,,,,,,,,,63,hitl
150,2026-05-06 19:30,slaughterhouse_1,slaughterhouse,0,,,,397.5136,400.0,,,,,,,,,63,hitl
150,2026-05-06 19:30,wholesaler_1,wholesaler,1,,,,,,66.73,48.0,,,,,,,63,hitl
150,2026-05-06 19:30,retail_1,retail,0,,,,,,,,103.05,30.0,0.0,0.0,3.58,20.0,63,hitl
151,2026-05-06 19:45,supplier_1,supplier,0,752.57,,,,,,,,,,,,,63,hitl
151,2026-05-06 19:45,farm_1,farm,1,,511.0,0.083,,,,,,,,,,,63,hitl
151,2026-05-06 19:45,slaughterhouse_1,slaughterhouse,0,,,,397.5136,400.0,,,,,,,,,63,hitl
151,2026-05-06 19:45,wholesaler_1,wholesaler,1,,,,,,65.02,48.0,,,,,,,63,hitl
151,2026-05-06 19:45,retail_1,retail,0,,,,,,,,102.17,30.0,0.0,0.0,3.58,20.0,63,hitl
152,2026-05-06 20:00,supplier_1,supplier,0,751.44,,,,,,,,,,,,,63,hitl
152,2026-05-06 20:00,farm_1,farm,1,,511.0,0.083,,,,,,,,,,,63,hitl
152,2026-05-06 20:00,slaughterhouse_1,slaughterhouse,0,,,,397.5136,376.0,,,,,,,,,63,hitl
152,2026-05-06 20:00,wholesaler_1,wholesaler,1,,,,,,58.48,48.0,,,,,,,63,hitl
152,2026-05-06 20:00,retail_1,retail,0,,,,,,,,101.22,30.0,0.0,0.0,3.58,20.0,63,hitl
153,2026-05-06 20:15,supplier_1,supplier,0,750.32,,,,,,,,,,,,,63,hitl
153,2026-05-06 20:15,farm_1,farm,1,,511.0,0.083,,,,,,,,,,,63,hitl
153,2026-05-06 20:15,slaughterhouse_1,slaughterhouse,0,,,,397.5136,387.01,,,,,,,,,63,hitl
153,2026-05-06 20:15,wholesaler_1,wholesaler,1,,,,,,80.02,48.0,,,,,,,63,hitl
153,2026-05-06 20:15,retail_1,retail,0,,,,,,,,104.16,30.0,0.0,0.0,3.58,20.0,63,hitl
154,2026-05-06 20:30,supplier_1,supplier,0,749.67,,,,,,,,,,,,,63,hitl
154,2026-05-06 20:30,farm_1,farm,1,,511.0,0.083,,,,,,,,,,,63,hitl
154,2026-05-06 20:30,slaughterhouse_1,slaughterhouse,0,,,,397.5136,397.88,,,,,,,,,63,hitl
154,2026-05-06 20:30,wholesaler_1,wholesaler,1,,,,,,77.04,48.0,,,,,,,63,hitl
154,2026-05-06 20:30,retail_1,retail,0,,,,,,,,103.29,30.0,0.0,0.0,3.58,20.0,63,hitl
155,2026-05-06 20:45,supplier_1,supplier,0,748.77,,,,,,,,,,,,,63,hitl
155,2026-05-06 20:45,farm_1,farm,1,,511.0,0.083,,,,,,,,,,,63,hitl
155,2026-05-06 20:45,slaughterhouse_1,slaughterhouse,0,,,,397.5136,400.0,,,,,,,,,63,hitl
155,2026-05-06 20:45,wholesaler_1,wholesaler,1,,,,,,74.18,48.0,,,,,,,63,hitl
155,2026-05-06 20:45,retail_1,retail,0,,,,,,,,102.48,30.0,0.0,0.0,3.58,20.0,63,hitl
156,2026-05-06 21:00,supplier_1,supplier,0,747.55,,,,,,,,,,,,,63,hitl
156,2026-05-06 21:00,farm_1,farm,1,,511.0,0.083,,,,,,,,,,,63,hitl
156,2026-05-06 21:00,slaughterhouse_1,slaughterhouse,0,,,,397.5136,400.0,,,,,,,,,63,hitl
156,2026-05-06 21:00,wholesaler_1,wholesaler,1,,,,,,68.29,48.0,,,,,,,63,hitl
156,2026-05-06 21:00,retail_1,retail,0,,,,,,,,101.66,30.0,0.0,0.0,3.58,20.0,63,hitl
157,2026-05-06 21:15,supplier_1,supplier,0,746.17,,,,,,,,,,,,,63,hitl
157,2026-05-06 21:15,farm_1,farm,1,,511.0,0.083,,,,,,,,,,,63,hitl
157,2026-05-06 21:15,slaughterhouse_1,slaughterhouse,0,,,,397.5136,400.0,,,,,,,,,63,hitl
157,2026-05-06 21:15,wholesaler_1,wholesaler,1,,,,,,65.6,48.0,,,,,,,63,hitl
157,2026-05-06 21:15,retail_1,retail,0,,,,,,,,104.02,30.0,0.0,0.0,3.58,20.0,63,hitl
158,2026-05-06 21:30,supplier_1,supplier,0,744.67,,,,,,,,,,,,,63,hitl
158,2026-05-06 21:30,farm_1,farm,1,,511.0,0.083,,,,,,,,,,,63,hitl
158,2026-05-06 21:30,slaughterhouse_1,slaughterhouse,0,,,,397.5136,400.0,,,,,,,,,63,hitl
158,2026-05-06 21:30,wholesaler_1,wholesaler,1,,,,,,62.73,48.0,,,,,,,63,hitl
158,2026-05-06 21:30,retail_1,retail,0,,,,,,,,103.16,30.0,0.0,0.0,3.58,20.0,63,hitl
159,2026-05-06 21:45,supplier_1,supplier,0,744.02,,,,,,,,,,,,,63,hitl
159,2026-05-06 21:45,farm_1,farm,1,,511.0,0.083,,,,,,,,,,,63,hitl
159,2026-05-06 21:45,slaughterhouse_1,slaughterhouse,0,,,,397.5136,400.0,,,,,,,,,63,hitl
159,2026-05-06 21:45,wholesaler_1,wholesaler,1,,,,,,61.21,48.0,,,,,,,63,hitl
159,2026-05-06 21:45,retail_1,retail,0,,,,,,,,102.24,30.0,0.0,0.0,3.58,20.0,63,hitl
160,2026-05-06 22:00,supplier_1,supplier,0,743.37,,,,,,,,,,,,,63,hitl
160,2026-05-06 22:00,farm_1,farm,1,,511.0,0.083,,,,,,,,,,,63,hitl
160,2026-05-06 22:00,slaughterhouse_1,slaughterhouse,0,,,,397.5136,376.0,,,,,,,,,63,hitl
160,2026-05-06 22:00,wholesaler_1,wholesaler,1,,,,,,55.53,48.0,,,,,,,63,hitl
160,2026-05-06 22:00,retail_1,retail,0,,,,,,,,101.28,30.0,0.0,0.0,3.58,20.0,63,hitl
161,2026-05-06 22:15,supplier_1,supplier,0,742.27,,,,,,,,,,,,,63,hitl
161,2026-05-06 22:15,farm_1,farm,1,,511.0,0.083,,,,,,,,,,,63,hitl
161,2026-05-06 22:15,slaughterhouse_1,slaughterhouse,0,,,,397.5136,386.59,,,,,,,,,63,hitl
161,2026-05-06 22:15,wholesaler_1,wholesaler,1,,,,,,77.58,48.0,,,,,,,63,hitl
161,2026-05-06 22:15,retail_1,retail,0,,,,,,,,104.05,30.0,0.0,0.0,3.58,20.0,63,hitl
162,2026-05-06 22:30,supplier_1,supplier,0,741.12,,,,,,,,,,,,,63,hitl
162,2026-05-06 22:30,farm_1,farm,1,,511.0,0.083,,,,,,,,,,,63,hitl
162,2026-05-06 22:30,slaughterhouse_1,slaughterhouse,0,,,,397.5136,397.64,,,,,,,,,63,hitl
162,2026-05-06 22:30,wholesaler_1,wholesaler,1,,,,,,75.8,48.0,,,,,,,63,hitl
162,2026-05-06 22:30,retail_1,retail,0,,,,,,,,103.21,30.0,0.0,0.0,3.58,20.0,63,hitl
163,2026-05-06 22:45,supplier_1,supplier,0,739.79,,,,,,,,,,,,,63,hitl
163,2026-05-06 22:45,farm_1,farm,1,,511.0,0.083,,,,,,,,,,,63,hitl
163,2026-05-06 22:45,slaughterhouse_1,slaughterhouse,0,,,,397.5136,400.0,,,,,,,,,63,hitl
163,2026-05-06 22:45,wholesaler_1,wholesaler,1,,,,,,74.19,48.0,,,,,,,63,hitl
163,2026-05-06 22:45,retail_1,retail,0,,,,,,,,102.21,30.0,0.0,0.0,3.58,20.0,63,hitl
164,2026-05-06 23:00,supplier_1,supplier,0,738.79,,,,,,,,,,,,,63,hitl
164,2026-05-06 23:00,farm_1,farm,1,,511.0,0.083,,,,,,,,,,,63,hitl
164,2026-05-06 23:00,slaughterhouse_1,slaughterhouse,0,,,,397.5136,400.0,,,,,,,,,63,hitl
164,2026-05-06 23:00,wholesaler_1,wholesaler,1,,,,,,67.78,48.0,,,,,,,63,hitl
164,2026-05-06 23:00,retail_1,retail,0,,,,,,,,101.35,30.0,0.0,0.0,3.58,20.0,63,hitl
165,2026-05-06 23:15,supplier_1,supplier,0,737.78,,,,,,,,,,,,,63,hitl
165,2026-05-06 23:15,farm_1,farm,1,,511.0,0.083,,,,,,,,,,,63,hitl
165,2026-05-06 23:15,slaughterhouse_1,slaughterhouse,0,,,,397.5136,400.0,,,,,,,,,63,hitl
165,2026-05-06 23:15,wholesaler_1,wholesaler,1,,,,,,66.13,48.0,,,,,,,63,hitl
165,2026-05-06 23:15,retail_1,retail,0,,,,,,,,104.14,30.0,0.0,0.0,3.58,20.0,63,hitl
166,2026-05-06 23:30,supplier_1,supplier,0,736.29,,,,,,,,,,,,,63,hitl
166,2026-05-06 23:30,farm_1,farm,1,,511.0,0.083,,,,,,,,,,,63,hitl
166,2026-05-06 23:30,slaughterhouse_1,slaughterhouse,0,,,,397.5136,400.0,,,,,,,,,63,hitl
166,2026-05-06 23:30,wholesaler_1,wholesaler,1,,,,,,63.34,48.0,,,,,,,63,hitl
166,2026-05-06 23:30,retail_1,retail,0,,,,,,,,103.29,30.0,0.0,0.0,3.58,20.0,63,hitl
167,2026-05-06 23:45,supplier_1,supplier,0,735.61,,,,,,,,,,,,,63,hitl
167,2026-05-06 23:45,farm_1,farm,1,,511.0,0.083,,,,,,,,,,,63,hitl
167,2026-05-06 23:45,slaughterhouse_1,slaughterhouse,0,,,,397.5136,400.0,,,,,,,,,63,hitl
167,2026-05-06 23:45,wholesaler_1,wholesaler,1,,,,,,61.52,48.0,,,,,,,63,hitl
167,2026-05-06 23:45,retail_1,retail,0,,,,,,,,102.47,30.0,0.0,0.0,3.58,20.0,63,hitl
168,2026-05-07 00:00,supplier_1,supplier,0,734.27,,,,,,,,,,,,,63,hitl
168,2026-05-07 00:00,farm_1,farm,1,,511.0,0.083,,,,,,,,,,,63,hitl
168,2026-05-07 00:00,slaughterhouse_1,slaughterhouse,0,,,,397.5136,376.0,,,,,,,,,63,hitl
168,2026-05-07 00:00,wholesaler_1,wholesaler,1,,,,,,55.08,48.0,,,,,,,63,hitl
168,2026-05-07 00:00,retail_1,retail,0,,,,,,,,101.55,30.0,0.0,0.0,3.58,20.0,63,hitl
169,2026-05-07 00:15,supplier_1,supplier,0,732.95,,,,,,,,,,,,,63,hitl
169,2026-05-07 00:15,farm_1,farm,1,,511.0,0.083,,,,,,,,,,,63,hitl
169,2026-05-07 00:15,slaughterhouse_1,slaughterhouse,0,,,,397.5136,386.58,,,,,,,,,63,hitl
169,2026-05-07 00:15,wholesaler_1,wholesaler,1,,,,,,76.34,48.0,,,,,,,63,hitl
169,2026-05-07 00:15,retail_1,retail,0,,,,,,,,104.04,30.0,0.0,0.0,3.58,20.0,63,hitl
170,2026-05-07 00:30,supplier_1,supplier,0,731.96,,,,,,,,,,,,,63,hitl
170,2026-05-07 00:30,farm_1,farm,1,,511.0,0.083,,,,,,,,,,,63,hitl
170,2026-05-07 00:30,slaughterhouse_1,slaughterhouse,0,,,,397.5136,396.86,,,,,,,,,63,hitl
170,2026-05-07 00:30,wholesaler_1,wholesaler,1,,,,,,74.78,48.0,,,,,,,63,hitl
170,2026-05-07 00:30,retail_1,retail,0,,,,,,,,103.2,30.0,0.0,0.0,3.58,20.0,63,hitl
171,2026-05-07 00:45,supplier_1,supplier,0,731.44,,,,,,,,,,,,,63,hitl
171,2026-05-07 00:45,farm_1,farm,1,,511.0,0.083,,,,,,,,,,,63,hitl
171,2026-05-07 00:45,slaughterhouse_1,slaughterhouse,0,,,,397.5136,400.0,,,,,,,,,63,hitl
171,2026-05-07 00:45,wholesaler_1,wholesaler,1,,,,,,71.85,48.0,,,,,,,63,hitl
171,2026-05-07 00:45,retail_1,retail,0,,,,,,,,102.34,30.0,0.0,0.0,3.58,20.0,63,hitl
172,2026-05-07 01:00,supplier_1,supplier,0,729.95,,,,,,,,,,,,,63,hitl
172,2026-05-07 01:00,farm_1,farm,1,,511.0,0.083,,,,,,,,,,,63,hitl
172,2026-05-07 01:00,slaughterhouse_1,slaughterhouse,0,,,,397.5136,400.0,,,,,,,,,63,hitl
172,2026-05-07 01:00,wholesaler_1,wholesaler,1,,,,,,65.66,48.0,,,,,,,63,hitl
172,2026-05-07 01:00,retail_1,retail,0,,,,,,,,101.41,30.0,0.0,0.0,3.58,20.0,63,hitl
173,2026-05-07 01:15,supplier_1,supplier,0,729.22,,,,,,,,,,,,,63,hitl
173,2026-05-07 01:15,farm_1,farm,1,,511.0,0.083,,,,,,,,,,,63,hitl
173,2026-05-07 01:15,slaughterhouse_1,slaughterhouse,0,,,,397.5136,400.0,,,,,,,,,63,hitl
173,2026-05-07 01:15,wholesaler_1,wholesaler,1,,,,,,62.82,48.0,,,,,,,63,hitl
173,2026-05-07 01:15,retail_1,retail,0,,,,,,,,104.12,30.0,0.0,0.0,3.58,20.0,63,hitl
174,2026-05-07 01:30,supplier_1,supplier,0,728.33,,,,,,,,,,,,,63,hitl
174,2026-05-07 01:30,farm_1,farm,1,,511.0,0.083,,,,,,,,,,,63,hitl
174,2026-05-07 01:30,slaughterhouse_1,slaughterhouse,0,,,,397.5136,400.0,,,,,,,,,63,hitl
174,2026-05-07 01:30,wholesaler_1,wholesaler,1,,,,,,61.22,48.0,,,,,,,63,hitl
174,2026-05-07 01:30,retail_1,retail,0,,,,,,,,103.32,30.0,0.0,0.0,3.58,20.0,63,hitl
175,2026-05-07 01:45,supplier_1,supplier,0,727.47,,,,,,,,,,,,,63,hitl
175,2026-05-07 01:45,farm_1,farm,1,,511.0,0.083,,,,,,,,,,,63,hitl
175,2026-05-07 01:45,slaughterhouse_1,slaughterhouse,0,,,,397.5136,400.0,,,,,,,,,63,hitl
175,2026-05-07 01:45,wholesaler_1,wholesaler,1,,,,,,59.48,48.0,,,,,,,63,hitl
175,2026-05-07 01:45,retail_1,retail,0,,,,,,,,102.5,30.0,0.0,0.0,3.58,20.0,63,hitl
176,2026-05-07 02:00,supplier_1,supplier,0,726.35,,,,,,,,,,,,,63,hitl
176,2026-05-07 02:00,farm_1,farm,1,,511.0,0.083,,,,,,,,,,,63,hitl
176,2026-05-07 02:00,slaughterhouse_1,slaughterhouse,0,,,,397.5136,376.0,,,,,,,,,63,hitl
176,2026-05-07 02:00,wholesaler_1,wholesaler,1,,,,,,54.2,48.0,,,,,,,63,hitl
176,2026-05-07 02:00,retail_1,retail,0,,,,,,,,101.67,30.0,0.0,0.0,3.58,20.0,63,hitl
177,2026-05-07 02:15,supplier_1,supplier,0,725.31,,,,,,,,,,,,,63,hitl
177,2026-05-07 02:15,farm_1,farm,1,,511.0,0.083,,,,,,,,,,,63,hitl
177,2026-05-07 02:15,slaughterhouse_1,slaughterhouse,0,,,,397.5136,386.5,,,,,,,,,63,hitl
177,2026-05-07 02:15,wholesaler_1,wholesaler,1,,,,,,76.52,48.0,,,,,,,63,hitl
177,2026-05-07 02:15,retail_1,retail,0,,,,,,,,104.1,30.0,0.0,0.0,3.58,20.0,63,hitl
178,2026-05-07 02:30,supplier_1,supplier,0,724.65,,,,,,,,,,,,,63,hitl
178,2026-05-07 02:30,farm_1,farm,1,,511.0,0.083,,,,,,,,,,,63,hitl
178,2026-05-07 02:30,slaughterhouse_1,slaughterhouse,0,,,,397.5136,397.44,,,,,,,,,63,hitl
178,2026-05-07 02:30,wholesaler_1,wholesaler,1,,,,,,73.53,48.0,,,,,,,63,hitl
178,2026-05-07 02:30,retail_1,retail,0,,,,,,,,103.1,30.0,0.0,0.0,3.58,20.0,63,hitl
179,2026-05-07 02:45,supplier_1,supplier,0,723.44,,,,,,,,,,,,,63,hitl
179,2026-05-07 02:45,farm_1,farm,1,,511.0,0.083,,,,,,,,,,,63,hitl
179,2026-05-07 02:45,slaughterhouse_1,slaughterhouse,0,,,,397.5136,400.0,,,,,,,,,63,hitl
179,2026-05-07 02:45,wholesaler_1,wholesaler,1,,,,,,70.88,48.0,,,,,,,63,hitl
179,2026-05-07 02:45,retail_1,retail,0,,,,,,,,102.28,30.0,0.0,0.0,3.58,20.0,63,hitl
180,2026-05-07 03:00,supplier_1,supplier,0,721.97,,,,,,,,,,,,,63,hitl
180,2026-05-07 03:00,farm_1,farm,1,,511.0,0.083,,,,,,,,,,,63,hitl
180,2026-05-07 03:00,slaughterhouse_1,slaughterhouse,0,,,,397.5136,400.0,,,,,,,,,63,hitl
180,2026-05-07 03:00,wholesaler_1,wholesaler,1,,,,,,64.55,48.0,,,,,,,63,hitl
180,2026-05-07 03:00,retail_1,retail,0,,,,,,,,101.47,30.0,0.0,0.0,3.58,20.0,63,hitl
181,2026-05-07 03:15,supplier_1,supplier,0,720.76,,,,,,,,,,,,,63,hitl
181,2026-05-07 03:15,farm_1,farm,1,,511.0,0.083,,,,,,,,,,,63,hitl
181,2026-05-07 03:15,slaughterhouse_1,slaughterhouse,0,,,,397.5136,400.0,,,,,,,,,63,hitl
181,2026-05-07 03:15,wholesaler_1,wholesaler,1,,,,,,61.72,48.0,,,,,,,63,hitl
181,2026-05-07 03:15,retail_1,retail,0,,,,,,,,104.15,30.0,0.0,0.0,3.58,20.0,63,hitl
182,2026-05-07 03:30,supplier_1,supplier,0,719.66,,,,,,,,,,,,,63,hitl
182,2026-05-07 03:30,farm_1,farm,1,,511.0,0.083,,,,,,,,,,,63,hitl
182,2026-05-07 03:30,slaughterhouse_1,slaughterhouse,0,,,,397.5136,400.0,,,,,,,,,63,hitl
182,2026-05-07 03:30,wholesaler_1,wholesaler,1,,,,,,59.86,48.0,,,,,,,63,hitl
182,2026-05-07 03:30,retail_1,retail,0,,,,,,,,103.32,30.0,0.0,0.0,3.58,20.0,63,hitl
183,2026-05-07 03:45,supplier_1,supplier,0,718.16,,,,,,,,,,,,,63,hitl
183,2026-05-07 03:45,farm_1,farm,1,,511.0,0.083,,,,,,,,,,,63,hitl
183,2026-05-07 03:45,slaughterhouse_1,slaughterhouse,0,,,,397.5136,400.0,,,,,,,,,63,hitl
183,2026-05-07 03:45,wholesaler_1,wholesaler,1,,,,,,56.94,48.0,,,,,,,63,hitl
183,2026-05-07 03:45,retail_1,retail,0,,,,,,,,102.35,30.0,0.0,0.0,3.58,20.0,63,hitl
184,2026-05-07 04:00,supplier_1,supplier,0,717.44,,,,,,,,,,,,,63,hitl
184,2026-05-07 04:00,farm_1,farm,1,,511.0,0.083,,,,,,,,,,,63,hitl
184,2026-05-07 04:00,slaughterhouse_1,slaughterhouse,0,,,,397.5136,376.0,,,,,,,,,63,hitl
184,2026-05-07 04:00,wholesaler_1,wholesaler,1,,,,,,50.81,48.0,,,,,,,63,hitl
184,2026-05-07 04:00,retail_1,retail,0,,,,,,,,101.37,30.0,0.0,0.0,3.58,20.0,63,hitl
185,2026-05-07 04:15,supplier_1,supplier,0,716.74,,,,,,,,,,,,,63,hitl
185,2026-05-07 04:15,farm_1,farm,1,,511.0,0.083,,,,,,,,,,,63,hitl
185,2026-05-07 04:15,slaughterhouse_1,slaughterhouse,0,,,,397.5136,386.95,,,,,,,,,63,hitl
185,2026-05-07 04:15,wholesaler_1,wholesaler,1,,,,,,73.16,48.0,,,,,,,63,hitl
185,2026-05-07 04:15,retail_1,retail,0,,,,,,,,104.11,30.0,0.0,0.0,3.58,20.0,63,hitl
186,2026-05-07 04:30,supplier_1,supplier,0,715.25,,,,,,,,,,,,,63,hitl
186,2026-05-07 04:30,farm_1,farm,1,,511.0,0.083,,,,,,,,,,,63,hitl
186,2026-05-07 04:30,slaughterhouse_1,slaughterhouse,0,,,,397.5136,398.5,,,,,,,,,63,hitl
186,2026-05-07 04:30,wholesaler_1,wholesaler,1,,,,,,71.59,48.0,,,,,,,63,hitl
186,2026-05-07 04:30,retail_1,retail,0,,,,,,,,103.15,30.0,0.0,0.0,3.58,20.0,63,hitl
187,2026-05-07 04:45,supplier_1,supplier,0,713.9,,,,,,,,,,,,,63,hitl
187,2026-05-07 04:45,farm_1,farm,1,,511.0,0.083,,,,,,,,,,,63,hitl
187,2026-05-07 04:45,slaughterhouse_1,slaughterhouse,0,,,,397.5136,400.0,,,,,,,,,63,hitl
187,2026-05-07 04:45,wholesaler_1,wholesaler,1,,,,,,70.05,48.0,,,,,,,63,hitl
187,2026-05-07 04:45,retail_1,retail,0,,,,,,,,102.26,30.0,0.0,0.0,3.58,20.0,63,hitl
188,2026-05-07 05:00,supplier_1,supplier,0,712.61,,,,,,,,,,,,,63,hitl
188,2026-05-07 05:00,farm_1,farm,1,,511.0,0.083,,,,,,,,,,,63,hitl
188,2026-05-07 05:00,slaughterhouse_1,slaughterhouse,0,,,,397.5136,400.0,,,,,,,,,63,hitl
188,2026-05-07 05:00,wholesaler_1,wholesaler,1,,,,,,64.26,48.0,,,,,,,63,hitl
188,2026-05-07 05:00,retail_1,retail,0,,,,,,,,101.43,30.0,0.0,0.0,3.58,20.0,63,hitl
189,2026-05-07 05:15,supplier_1,supplier,0,711.64,,,,,,,,,,,,,63,hitl
189,2026-05-07 05:15,farm_1,farm,1,,511.0,0.083,,,,,,,,,,,63,hitl
189,2026-05-07 05:15,slaughterhouse_1,slaughterhouse,0,,,,397.5136,400.0,,,,,,,,,63,hitl
189,2026-05-07 05:15,wholesaler_1,wholesaler,1,,,,,,62.25,48.0,,,,,,,63,hitl
189,2026-05-07 05:15,retail_1,retail,0,,,,,,,,104.0,30.0,0.0,0.0,3.58,20.0,63,hitl
190,2026-05-07 05:30,supplier_1,supplier,0,710.69,,,,,,,,,,,,,63,hitl
190,2026-05-07 05:30,farm_1,farm,1,,511.0,0.083,,,,,,,,,,,63,hitl
190,2026-05-07 05:30,slaughterhouse_1,slaughterhouse,0,,,,397.5136,400.0,,,,,,,,,63,hitl
190,2026-05-07 05:30,wholesaler_1,wholesaler,1,,,,,,59.25,48.0,,,,,,,63,hitl
190,2026-05-07 05:30,retail_1,retail,0,,,,,,,,103.19,30.0,0.0,0.0,3.58,20.0,63,hitl
191,2026-05-07 05:45,supplier_1,supplier,0,709.61,,,,,,,,,,,,,63,hitl
191,2026-05-07 05:45,farm_1,farm,1,,511.0,0.083,,,,,,,,,,,63,hitl
191,2026-05-07 05:45,slaughterhouse_1,slaughterhouse,0,,,,397.5136,400.0,,,,,,,,,63,hitl
191,2026-05-07 05:45,wholesaler_1,wholesaler,1,,,,,,56.63,48.0,,,,,,,63,hitl
191,2026-05-07 05:45,retail_1,retail,0,,,,,,,,102.24,30.0,0.0,0.0,3.58,20.0,63,hitl
192,2026-05-07 06:00,supplier_1,supplier,0,708.64,,,,,,,,,,,,,63,hitl
192,2026-05-07 06:00,farm_1,farm,1,,511.0,0.083,,,,,,,,,,,63,hitl
192,2026-05-07 06:00,slaughterhouse_1,slaughterhouse,0,,,,397.5136,376.0,,,,,,,,,63,hitl
192,2026-05-07 06:00,wholesaler_1,wholesaler,1,,,,,,51.03,48.0,,,,,,,63,hitl
192,2026-05-07 06:00,retail_1,retail,0,,,,,,,,101.31,30.0,0.0,0.0,3.58,20.0,63,hitl
193,2026-05-07 06:15,supplier_1,supplier,0,707.35,,,,,,,,,,,,,63,hitl
193,2026-05-07 06:15,farm_1,farm,1,,511.0,0.083,,,,,,,,,,,63,hitl
193,2026-05-07 06:15,slaughterhouse_1,slaughterhouse,0,,,,397.5136,387.08,,,,,,,,,63,hitl
193,2026-05-07 06:15,wholesaler_1,wholesaler,1,,,,,,72.89,48.0,,,,,,,63,hitl
193,2026-05-07 06:15,retail_1,retail,0,,,,,,,,104.04,30.0,0.0,0.0,3.58,20.0,63,hitl
194,2026-05-07 06:30,supplier_1,supplier,0,706.8,,,,,,,,,,,,,63,hitl
194,2026-05-07 06:30,farm_1,farm,1,,511.0,0.083,,,,,,,,,,,63,hitl
194,2026-05-07 06:30,slaughterhouse_1,slaughterhouse,0,,,,397.5136,398.53,,,,,,,,,63,hitl
194,2026-05-07 06:30,wholesaler_1,wholesaler,1,,,,,,70.08,48.0,,,,,,,63,hitl
194,2026-05-07 06:30,retail_1,retail,0,,,,,,,,103.15,30.0,0.0,0.0,3.58,20.0,63,hitl
195,2026-05-07 06:45,supplier_1,supplier,0,706.11,,,,,,,,,,,,,63,hitl
195,2026-05-07 06:45,farm_1,farm,1,,511.0,0.083,,,,,,,,,,,63,hitl
195,2026-05-07 06:45,slaughterhouse_1,slaughterhouse,0,,,,397.5136,400.0,,,,,,,,,63,hitl
195,2026-05-07 06:45,wholesaler_1,wholesaler,1,,,,,,67.21,48.0,,,,,,,63,hitl
195,2026-05-07 06:45,retail_1,retail,0,,,,,,,,102.16,30.0,0.0,0.0,3.58,20.0,63,hitl
196,2026-05-07 07:00,supplier_1,supplier,0,704.95,,,,,,,,,,,,,63,hitl
196,2026-05-07 07:00,farm_1,farm,1,,511.0,0.083,,,,,,,,,,,63,hitl
196,2026-05-07 07:00,slaughterhouse_1,slaughterhouse,0,,,,397.5136,400.0,,,,,,,,,63,hitl
196,2026-05-07 07:00,wholesaler_1,wholesaler,1,,,,,,61.36,48.0,,,,,,,63,hitl
196,2026-05-07 07:00,retail_1,retail,0,,,,,,,,101.26,30.0,0.0,0.0,3.58,20.0,63,hitl
197,2026-05-07 07:15,supplier_1,supplier,0,704.21,,,,,,,,,,,,,63,hitl
197,2026-05-07 07:15,farm_1,farm,1,,511.0,0.083,,,,,,,,,,,63,hitl
197,2026-05-07 07:15,slaughterhouse_1,slaughterhouse,0,,,,397.5136,400.0,,,,,,,,,63,hitl
197,2026-05-07 07:15,wholesaler_1,wholesaler,1,,,,,,58.57,48.0,,,,,,,63,hitl
197,2026-05-07 07:15,retail_1,retail,0,,,,,,,,104.07,30.0,0.0,0.0,3.58,20.0,63,hitl
198,2026-05-07 07:30,supplier_1,supplier,0,703.67,,,,,,,,,,,,,63,hitl
198,2026-05-07 07:30,farm_1,farm,1,,511.0,0.083,,,,,,,,,,,63,hitl
198,2026-05-07 07:30,slaughterhouse_1,slaughterhouse,0,,,,397.5136,400.0,,,,,,,,,63,hitl
198,2026-05-07 07:30,wholesaler_1,wholesaler,1,,,,,,55.74,48.0,,,,,,,63,hitl
198,2026-05-07 07:30,retail_1,retail,0,,,,,,,,103.25,30.0,0.0,0.0,3.58,20.0,63,hitl
199,2026-05-07 07:45,supplier_1,supplier,0,702.2,,,,,,,,,,,,,63,hitl
199,2026-05-07 07:45,farm_1,farm,1,,511.0,0.083,,,,,,,,,,,63,hitl
199,2026-05-07 07:45,slaughterhouse_1,slaughterhouse,0,,,,397.5136,400.0,,,,,,,,,63,hitl
199,2026-05-07 07:45,wholesaler_1,wholesaler,1,,,,,,52.86,48.0,,,,,,,63,hitl
199,2026-05-07 07:45,retail_1,retail,0,,,,,,,,102.43,30.0,0.0,0.0,3.58,20.0,63,hitl
200,2026-05-07 08:00,supplier_1,supplier,0,701.04,,,,,,,,,,,,,63,hitl
200,2026-05-07 08:00,farm_1,farm,1,,511.0,0.083,,,,,,,,,,,63,hitl
200,2026-05-07 08:00,slaughterhouse_1,slaughterhouse,0,,,,397.5136,376.0,,,,,,,,,63,hitl
200,2026-05-07 08:00,wholesaler_1,wholesaler,1,,,,,,47.12,48.0,,,,,,,63,hitl
200,2026-05-07 08:00,retail_1,retail,0,,,,,,,,101.49,30.0,0.0,0.0,3.58,20.0,63,hitl
201,2026-05-07 08:15,supplier_1,supplier,0,699.99,,,,,,,,,,,,,63,hitl
201,2026-05-07 08:15,farm_1,farm,1,,511.0,0.083,,,,,,,,,,,63,hitl
201,2026-05-07 08:15,slaughterhouse_1,slaughterhouse,0,,,,397.5136,387.72,,,,,,,,,63,hitl
201,2026-05-07 08:15,wholesaler_1,wholesaler,1,,,,,,68.72,48.0,,,,,,,63,hitl
201,2026-05-07 08:15,retail_1,retail,0,,,,,,,,104.17,30.0,0.0,0.0,3.58,20.0,63,hitl
202,2026-05-07 08:30,supplier_1,supplier,0,698.61,,,,,,,,,,,,,63,hitl
202,2026-05-07 08:30,farm_1,farm,1,,511.0,0.083,,,,,,,,,,,63,hitl
202,2026-05-07 08:30,slaughterhouse_1,slaughterhouse,0,,,,397.5136,398.48,,,,,,,,,63,hitl
202,2026-05-07 08:30,wholesaler_1,wholesaler,1,,,,,,66.43,48.0,,,,,,,63,hitl
202,2026-05-07 08:30,retail_1,retail,0,,,,,,,,103.26,30.0,0.0,0.0,3.58,20.0,63,hitl
203,2026-05-07 08:45,supplier_1,supplier,0,697.27,,,,,,,,,,,,,63,hitl
203,2026-05-07 08:45,farm_1,farm,1,,511.0,0.083,,,,,,,,,,,63,hitl
203,2026-05-07 08:45,slaughterhouse_1,slaughterhouse,0,,,,397.5136,400.0,,,,,,,,,63,hitl
203,2026-05-07 08:45,wholesaler_1,wholesaler,1,,,,,,63.8,48.0,,,,,,,63,hitl
203,2026-05-07 08:45,retail_1,retail,0,,,,,,,,102.36,30.0,0.0,0.0,3.58,20.0,63,hitl
204,2026-05-07 09:00,supplier_1,supplier,0,695.82,,,,,,,,,,,,,63,hitl
204,2026-05-07 09:00,farm_1,farm,1,,511.0,0.083,,,,,,,,,,,63,hitl
204,2026-05-07 09:00,slaughterhouse_1,slaughterhouse,0,,,,397.5136,400.0,,,,,,,,,63,hitl
204,2026-05-07 09:00,wholesaler_1,wholesaler,1,,,,,,58.33,48.0,,,,,,,63,hitl
204,2026-05-07 09:00,retail_1,retail,0,,,,,,,,101.49,30.0,0.0,0.0,3.58,20.0,63,hitl
205,2026-05-07 09:15,supplier_1,supplier,0,694.75,,,,,,,,,,,,,63,hitl
205,2026-05-07 09:15,farm_1,farm,1,,511.0,0.083,,,,,,,,,,,63,hitl
205,2026-05-07 09:15,slaughterhouse_1,slaughterhouse,0,,,,397.5136,400.0,,,,,,,,,63,hitl
205,2026-05-07 09:15,wholesaler_1,wholesaler,1,,,,,,56.17,48.0,,,,,,,63,hitl
205,2026-05-07 09:15,retail_1,retail,0,,,,,,,,104.1,30.0,0.0,0.0,3.58,20.0,63,hitl
206,2026-05-07 09:30,supplier_1,supplier,0,694.04,,,,,,,,,,,,,63,hitl
206,2026-05-07 09:30,farm_1,farm,1,,511.0,0.083,,,,,,,,,,,63,hitl
206,2026-05-07 09:30,slaughterhouse_1,slaughterhouse,0,,,,397.5136,400.0,,,,,,,,,63,hitl
206,2026-05-07 09:30,wholesaler_1,wholesaler,1,,,,,,54.19,48.0,,,,,,,63,hitl
206,2026-05-07 09:30,retail_1,retail,0,,,,,,,,103.18,30.0,0.0,0.0,3.58,20.0,63,hitl
207,2026-05-07 09:45,supplier_1,supplier,0,693.05,,,,,,,,,,,,,63,hitl
207,2026-05-07 09:45,farm_1,farm,1,,511.0,0.083,,,,,,,,,,,63,hitl
207,2026-05-07 09:45,slaughterhouse_1,slaughterhouse,0,,,,397.5136,400.0,,,,,,,,,63,hitl
207,2026-05-07 09:45,wholesaler_1,wholesaler,1,,,,,,51.29,48.0,,,,,,,63,hitl
207,2026-05-07 09:45,retail_1,retail,0,,,,,,,,102.26,30.0,0.0,0.0,3.58,20.0,63,hitl
208,2026-05-07 10:00,supplier_1,supplier,0,691.82,,,,,,,,,,,,,63,hitl
208,2026-05-07 10:00,farm_1,farm,0,,620.0,0.035,,,,,,,,,,,63,hitl
208,2026-05-07 10:00,slaughterhouse_1,slaughterhouse,0,,,,397.5136,376.0,,,,,,,,,63,hitl
208,2026-05-07 10:00,wholesaler_1,wholesaler,1,,,,,,45.23,48.0,,,,,,,63,hitl
208,2026-05-07 10:00,retail_1,retail,0,,,,,,,,101.41,30.0,0.0,0.0,3.58,20.0,63,hitl
209,2026-05-07 10:15,supplier_1,supplier,0,691.0,,,,,,,,,,,,,63,hitl
209,2026-05-07 10:15,farm_1,farm,0,,620.0,0.035,,,,,,,,,,,63,hitl
209,2026-05-07 10:15,slaughterhouse_1,slaughterhouse,0,,,,397.5136,387.7,,,,,,,,,63,hitl
209,2026-05-07 10:15,wholesaler_1,wholesaler,1,,,,,,67.06,48.0,,,,,,,63,hitl
209,2026-05-07 10:15,retail_1,retail,0,,,,,,,,104.21,30.0,0.0,0.0,3.58,20.0,63,hitl
210,2026-05-07 10:30,supplier_1,supplier,0,689.81,,,,,,,,,,,,,63,hitl
210,2026-05-07 10:30,farm_1,farm,0,,620.0,0.035,,,,,,,,,,,63,hitl
210,2026-05-07 10:30,slaughterhouse_1,slaughterhouse,0,,,,397.5136,398.55,,,,,,,,,63,hitl
210,2026-05-07 10:30,wholesaler_1,wholesaler,1,,,,,,64.57,48.0,,,,,,,63,hitl
210,2026-05-07 10:30,retail_1,retail,0,,,,,,,,103.22,30.0,0.0,0.0,3.58,20.0,63,hitl
211,2026-05-07 10:45,supplier_1,supplier,0,688.58,,,,,,,,,,,,,63,hitl
211,2026-05-07 10:45,farm_1,farm,0,,620.0,0.035,,,,,,,,,,,63,hitl
211,2026-05-07 10:45,slaughterhouse_1,slaughterhouse,0,,,,397.5136,400.0,,,,,,,,,63,hitl
211,2026-05-07 10:45,wholesaler_1,wholesaler,1,,,,,,61.78,48.0,,,,,,,63,hitl
211,2026-05-07 10:45,retail_1,retail,0,,,,,,,,102.24,30.0,0.0,0.0,3.58,20.0,63,hitl
212,2026-05-07 11:00,supplier_1,supplier,0,687.83,,,,,,,,,,,,,63,hitl
212,2026-05-07 11:00,farm_1,farm,0,,620.0,0.035,,,,,,,,,,,63,hitl
212,2026-05-07 11:00,slaughterhouse_1,slaughterhouse,0,,,,397.5136,400.0,,,,,,,,,63,hitl
212,2026-05-07 11:00,wholesaler_1,wholesaler,1,,,,,,55.29,48.0,,,,,,,63,hitl
212,2026-05-07 11:00,retail_1,retail,0,,,,,,,,101.44,30.0,0.0,0.0,3.58,20.0,63,hitl
213,2026-05-07 11:15,supplier_1,supplier,0,686.55,,,,,,,,,,,,,63,hitl
213,2026-05-07 11:15,farm_1,farm,0,,620.0,0.035,,,,,,,,,,,63,hitl
213,2026-05-07 11:15,slaughterhouse_1,slaughterhouse,0,,,,397.5136,400.0,,,,,,,,,63,hitl
213,2026-05-07 11:15,wholesaler_1,wholesaler,1,,,,,,53.6,48.0,,,,,,,63,hitl
213,2026-05-07 11:15,retail_1,retail,0,,,,,,,,104.02,30.0,0.0,0.0,3.58,20.0,63,hitl
214,2026-05-07 11:30,supplier_1,supplier,0,685.75,,,,,,,,,,,,,63,hitl
214,2026-05-07 11:30,farm_1,farm,0,,620.0,0.035,,,,,,,,,,,63,hitl
214,2026-05-07 11:30,slaughterhouse_1,slaughterhouse,0,,,,397.5136,400.0,,,,,,,,,63,hitl
214,2026-05-07 11:30,wholesaler_1,wholesaler,1,,,,,,51.03,48.0,,,,,,,63,hitl
214,2026-05-07 11:30,retail_1,retail,0,,,,,,,,103.17,30.0,0.0,0.0,3.58,20.0,63,hitl
215,2026-05-07 11:45,supplier_1,supplier,0,684.94,,,,,,,,,,,,,63,hitl
215,2026-05-07 11:45,farm_1,farm,0,,620.0,0.035,,,,,,,,,,,63,hitl
215,2026-05-07 11:45,slaughterhouse_1,slaughterhouse,0,,,,397.5136,400.0,,,,,,,,,63,hitl
215,2026-05-07 11:45,wholesaler_1,wholesaler,1,,,,,,48.3,48.0,,,,,,,63,hitl
215,2026-05-07 11:45,retail_1,retail,0,,,,,,,,102.35,30.0,0.0,0.0,3.58,20.0,63,hitl
216,2026-05-07 12:00,supplier_1,supplier,0,683.55,,,,,,,,,,,,,63,hitl
216,2026-05-07 12:00,farm_1,farm,0,,620.0,0.035,,,,,,,,,,,63,hitl
216,2026-05-07 12:00,slaughterhouse_1,slaughterhouse,0,,,,397.5136,376.0,,,,,,,,,63,hitl
216,2026-05-07 12:00,wholesaler_1,wholesaler,1,,,,,,42.15,48.0,,,,,,,63,hitl
216,2026-05-07 12:00,retail_1,retail,0,,,,,,,,101.46,30.0,0.0,0.0,3.58,20.0,63,hitl
217,2026-05-07 12:15,supplier_1,supplier,0,682.75,,,,,,,,,,,,,63,hitl
217,2026-05-07 12:15,farm_1,farm,0,,620.0,0.035,,,,,,,,,,,63,hitl
217,2026-05-07 12:15,slaughterhouse_1,slaughterhouse,0,,,,397.5136,387.04,,,,,,,,,63,hitl
217,2026-05-07 12:15,wholesaler_1,wholesaler,1,,,,,,64.08,48.0,,,,,,,63,hitl
217,2026-05-07 12:15,retail_1,retail,0,,,,,,,,104.03,30.0,0.0,0.0,3.58,20.0,63,hitl
218,2026-05-07 12:30,supplier_1,supplier,0,681.87,,,,,,,,,,,,,63,hitl
218,2026-05-07 12:30,farm_1,farm,0,,620.0,0.035,,,,,,,,,,,63,hitl
218,2026-05-07 12:30,slaughterhouse_1,slaughterhouse,0,,,,397.5136,397.92,,,,,,,,,63,hitl
218,2026-05-07 12:30,wholesaler_1,wholesaler,1,,,,,,61.53,48.0,,,,,,,63,hitl
218,2026-05-07 12:30,retail_1,retail,0,,,,,,,,103.13,30.0,0.0,0.0,3.58,20.0,63,hitl
219,2026-05-07 12:45,supplier_1,supplier,0,680.88,,,,,,,,,,,,,63,hitl
219,2026-05-07 12:45,farm_1,farm,0,,620.0,0.035,,,,,,,,,,,63,hitl
219,2026-05-07 12:45,slaughterhouse_1,slaughterhouse,0,,,,397.5136,400.0,,,,,,,,,63,hitl
219,2026-05-07 12:45,wholesaler_1,wholesaler,1,,,,,,59.82,48.0,,,,,,,63,hitl
219,2026-05-07 12:45,retail_1,retail,0,,,,,,,,102.15,30.0,0.0,0.0,3.58,20.0,63,hitl
220,2026-05-07 13:00,supplier_1,supplier,0,680.37,,,,,,,,,,,,,63,hitl
220,2026-05-07 13:00,farm_1,farm,0,,620.0,0.035,,,,,,,,,,,63,hitl
220,2026-05-07 13:00,slaughterhouse_1,slaughterhouse,0,,,,397.5136,400.0,,,,,,,,,63,hitl
220,2026-05-07 13:00,wholesaler_1,wholesaler,1,,,,,,53.17,48.0,,,,,,,63,hitl
220,2026-05-07 13:00,retail_1,retail,0,,,,,,,,101.34,30.0,0.0,0.0,3.58,20.0,63,hitl
221,2026-05-07 13:15,supplier_1,supplier,0,679.4,,,,,,,,,,,,,63,hitl
221,2026-05-07 13:15,farm_1,farm,0,,620.0,0.035,,,,,,,,,,,63,hitl
221,2026-05-07 13:15,slaughterhouse_1,slaughterhouse,0,,,,397.5136,400.0,,,,,,,,,63,hitl
221,2026-05-07 13:15,wholesaler_1,wholesaler,1,,,,,,50.56,48.0,,,,,,,63,hitl
221,2026-05-07 13:15,retail_1,retail,0,,,,,,,,104.18,30.0,0.0,0.0,3.58,20.0,63,hitl
222,2026-05-07 13:30,supplier_1,supplier,0,678.41,,,,,,,,,,,,,63,hitl
222,2026-05-07 13:30,farm_1,farm,0,,620.0,0.035,,,,,,,,,,,63,hitl
222,2026-05-07 13:30,slaughterhouse_1,slaughterhouse,0,,,,397.5136,400.0,,,,,,,,,63,hitl
222,2026-05-07 13:30,wholesaler_1,wholesaler,1,,,,,,48.3,48.0,,,,,,,63,hitl
222,2026-05-07 13:30,retail_1,retail,0,,,,,,,,103.34,30.0,0.0,0.0,3.58,20.0,63,hitl
223,2026-05-07 13:45,supplier_1,supplier,0,677.52,,,,,,,,,,,,,63,hitl
223,2026-05-07 13:45,farm_1,farm,0,,620.0,0.035,,,,,,,,,,,63,hitl
223,2026-05-07 13:45,slaughterhouse_1,slaughterhouse,0,,,,397.5136,400.0,,,,,,,,,63,hitl
223,2026-05-07 13:45,wholesaler_1,wholesaler,1,,,,,,46.11,48.0,,,,,,,63,hitl
223,2026-05-07 13:45,retail_1,retail,0,,,,,,,,102.35,30.0,0.0,0.0,3.58,20.0,63,hitl
224,2026-05-07 14:00,supplier_1,supplier,0,677.0,,,,,,,,,,,,,63,hitl
224,2026-05-07 14:00,farm_1,farm,0,,620.0,0.035,,,,,,,,,,,63,hitl
224,2026-05-07 14:00,slaughterhouse_1,slaughterhouse,0,,,,397.5136,376.0,,,,,,,,,63,hitl
224,2026-05-07 14:00,wholesaler_1,wholesaler,1,,,,,,39.92,48.0,,,,,,,63,hitl
224,2026-05-07 14:00,retail_1,retail,0,,,,,,,,101.48,30.0,0.0,0.0,3.58,20.0,63,hitl
225,2026-05-07 14:15,supplier_1,supplier,0,676.3,,,,,,,,,,,,,63,hitl
225,2026-05-07 14:15,farm_1,farm,0,,620.0,0.035,,,,,,,,,,,63,hitl
225,2026-05-07 14:15,slaughterhouse_1,slaughterhouse,0,,,,397.5136,387.37,,,,,,,,,63,hitl
225,2026-05-07 14:15,wholesaler_1,wholesaler,1,,,,,,60.97,48.0,,,,,,,63,hitl
225,2026-05-07 14:15,retail_1,retail,0,,,,,,,,104.18,30.0,0.0,0.0,3.58,20.0,63,hitl
226,2026-05-07 14:30,supplier_1,supplier,0,675.19,,,,,,,,,,,,,63,hitl
226,2026-05-07 14:30,farm_1,farm,0,,620.0,0.035,,,,,,,,,,,63,hitl
226,2026-05-07 14:30,slaughterhouse_1,slaughterhouse,0,,,,397.5136,398.18,,,,,,,,,63,hitl
226,2026-05-07 14:30,wholesaler_1,wholesaler,1,,,,,,59.12,48.0,,,,,,,63,hitl
226,2026-05-07 14:30,retail_1,retail,0,,,,,,,,103.3,30.0,0.0,0.0,3.58,20.0,63,hitl
227,2026-05-07 14:45,supplier_1,supplier,0,674.13,,,,,,,,,,,,,63,hitl
227,2026-05-07 14:45,farm_1,farm,0,,620.0,0.035,,,,,,,,,,,63,hitl
227,2026-05-07 14:45,slaughterhouse_1,slaughterhouse,0,,,,397.5136,400.0,,,,,,,,,63,hitl
227,2026-05-07 14:45,wholesaler_1,wholesaler,1,,,,,,57.14,48.0,,,,,,,63,hitl
227,2026-05-07 14:45,retail_1,retail,0,,,,,,,,102.36,30.0,0.0,0.0,3.58,20.0,63,hitl
228,2026-05-07 15:00,supplier_1,supplier,0,673.07,,,,,,,,,,,,,63,hitl
228,2026-05-07 15:00,farm_1,farm,0,,620.0,0.035,,,,,,,,,,,63,hitl
228,2026-05-07 15:00,slaughterhouse_1,slaughterhouse,0,,,,397.5136,400.0,,,,,,,,,63,hitl
228,2026-05-07 15:00,wholesaler_1,wholesaler,1,,,,,,50.84,48.0,,,,,,,63,hitl
228,2026-05-07 15:00,retail_1,retail,0,,,,,,,,101.44,30.0,0.0,0.0,3.58,20.0,63,hitl
229,2026-05-07 15:15,supplier_1,supplier,0,672.2,,,,,,,,,,,,,63,hitl
229,2026-05-07 15:15,farm_1,farm,0,,620.0,0.035,,,,,,,,,,,63,hitl
229,2026-05-07 15:15,slaughterhouse_1,slaughterhouse,0,,,,397.5136,400.0,,,,,,,,,63,hitl
229,2026-05-07 15:15,wholesaler_1,wholesaler,1,,,,,,47.96,48.0,,,,,,,63,hitl
229,2026-05-07 15:15,retail_1,retail,0,,,,,,,,104.13,30.0,0.0,0.0,3.58,20.0,63,hitl
230,2026-05-07 15:30,supplier_1,supplier,0,671.12,,,,,,,,,,,,,63,hitl
230,2026-05-07 15:30,farm_1,farm,0,,620.0,0.035,,,,,,,,,,,63,hitl
230,2026-05-07 15:30,slaughterhouse_1,slaughterhouse,0,,,,397.5136,400.0,,,,,,,,,63,hitl
230,2026-05-07 15:30,wholesaler_1,wholesaler,1,,,,,,45.73,48.0,,,,,,,63,hitl
230,2026-05-07 15:30,retail_1,retail,0,,,,,,,,103.21,30.0,0.0,0.0,3.58,20.0,63,hitl
231,2026-05-07 15:45,supplier_1,supplier,0,670.34,,,,,,,,,,,,,63,hitl
231,2026-05-07 15:45,farm_1,farm,0,,620.0,0.035,,,,,,,,,,,63,hitl
231,2026-05-07 15:45,slaughterhouse_1,slaughterhouse,0,,,,397.5136,400.0,,,,,,,,,63,hitl
231,2026-05-07 15:45,wholesaler_1,wholesaler,1,,,,,,43.11,48.0,,,,,,,63,hitl
231,2026-05-07 15:45,retail_1,retail,0,,,,,,,,102.38,30.0,0.0,0.0,3.58,20.0,63,hitl
232,2026-05-07 16:00,supplier_1,supplier,0,669.36,,,,,,,,,,,,,63,hitl
232,2026-05-07 16:00,farm_1,farm,0,,620.0,0.035,,,,,,,,,,,63,hitl
232,2026-05-07 16:00,slaughterhouse_1,slaughterhouse,0,,,,397.5136,376.0,,,,,,,,,63,hitl
232,2026-05-07 16:00,wholesaler_1,wholesaler,1,,,,,,36.87,48.0,,,,,,,63,hitl
232,2026-05-07 16:00,retail_1,retail,0,,,,,,,,101.55,30.0,0.0,0.0,3.58,20.0,63,hitl
233,2026-05-07 16:15,supplier_1,supplier,0,668.68,,,,,,,,,,,,,63,hitl
233,2026-05-07 16:15,farm_1,farm,0,,620.0,0.035,,,,,,,,,,,63,hitl
233,2026-05-07 16:15,slaughterhouse_1,slaughterhouse,0,,,,397.5136,387.22,,,,,,,,,63,hitl
233,2026-05-07 16:15,wholesaler_1,wholesaler,1,,,,,,58.64,48.0,,,,,,,63,hitl
233,2026-05-07 16:15,retail_1,retail,0,,,,,,,,104.14,30.0,0.0,0.0,3.58,20.0,63,hitl
234,2026-05-07 16:30,supplier_1,supplier,0,667.56,,,,,,,,,,,,,63,hitl
234,2026-05-07 16:30,farm_1,farm,0,,620.0,0.035,,,,,,,,,,,63,hitl
234,2026-05-07 16:30,slaughterhouse_1,slaughterhouse,0,,,,397.5136,398.54,,,,,,,,,63,hitl
234,2026-05-07 16:30,wholesaler_1,wholesaler,1,,,,,,56.35,48.0,,,,,,,63,hitl
234,2026-05-07 16:30,retail_1,retail,0,,,,,,,,103.34,30.0,0.0,0.0,3.58,20.0,63,hitl
235,2026-05-07 16:45,supplier_1,supplier,0,666.47,,,,,,,,,,,,,63,hitl
235,2026-05-07 16:45,farm_1,farm,0,,620.0,0.035,,,,,,,,,,,63,hitl
235,2026-05-07 16:45,slaughterhouse_1,slaughterhouse,0,,,,397.5136,400.0,,,,,,,,,63,hitl
235,2026-05-07 16:45,wholesaler_1,wholesaler,1,,,,,,53.94,48.0,,,,,,,63,hitl
235,2026-05-07 16:45,retail_1,retail,0,,,,,,,,102.42,30.0,0.0,0.0,3.58,20.0,63,hitl
236,2026-05-07 17:00,supplier_1,supplier,0,665.17,,,,,,,,,,,,,63,hitl
236,2026-05-07 17:00,farm_1,farm,0,,620.0,0.035,,,,,,,,,,,63,hitl
236,2026-05-07 17:00,slaughterhouse_1,slaughterhouse,0,,,,397.5136,400.0,,,,,,,,,63,hitl
236,2026-05-07 17:00,wholesaler_1,wholesaler,1,,,,,,47.77,48.0,,,,,,,63,hitl
236,2026-05-07 17:00,retail_1,retail,0,,,,,,,,101.45,30.0,0.0,0.0,3.58,20.0,63,hitl
237,2026-05-07 17:15,supplier_1,supplier,0,664.52,,,,,,,,,,,,,63,hitl
237,2026-05-07 17:15,farm_1,farm,0,,620.0,0.035,,,,,,,,,,,63,hitl
237,2026-05-07 17:15,slaughterhouse_1,slaughterhouse,0,,,,397.5136,400.0,,,,,,,,,63,hitl
237,2026-05-07 17:15,wholesaler_1,wholesaler,1,,,,,,45.18,48.0,,,,,,,63,hitl
237,2026-05-07 17:15,retail_1,retail,0,,,,,,,,104.07,30.0,0.0,0.0,3.58,20.0,63,hitl
238,2026-05-07 17:30,supplier_1,supplier,0,663.31,,,,,,,,,,,,,63,hitl
238,2026-05-07 17:30,farm_1,farm,0,,620.0,0.035,,,,,,,,,,,63,hitl
238,2026-05-07 17:30,slaughterhouse_1,slaughterhouse,0,,,,397.5136,400.0,,,,,,,,,63,hitl
238,2026-05-07 17:30,wholesaler_1,wholesaler,1,,,,,,42.51,48.0,,,,,,,63,hitl
238,2026-05-07 17:30,retail_1,retail,0,,,,,,,,103.28,30.0,0.0,0.0,3.58,20.0,63,hitl
239,2026-05-07 17:45,supplier_1,supplier,0,662.15,,,,,,,,,,,,,63,hitl
239,2026-05-07 17:45,farm_1,farm,0,,620.0,0.035,,,,,,,,,,,63,hitl
239,2026-05-07 17:45,slaughterhouse_1,slaughterhouse,0,,,,397.5136,400.0,,,,,,,,,63,hitl
239,2026-05-07 17:45,wholesaler_1,wholesaler,1,,,,,,40.2,48.0,,,,,,,63,hitl
239,2026-05-07 17:45,retail_1,retail,0,,,,,,,,102.47,30.0,0.0,0.0,3.58,20.0,63,hitl
240,2026-05-07 18:00,supplier_1,supplier,0,661.05,,,,,,,,,,,,,63,hitl
240,2026-05-07 18:00,farm_1,farm,0,,620.0,0.035,,,,,,,,,,,63,hitl
240,2026-05-07 18:00,slaughterhouse_1,slaughterhouse,0,,,,397.5136,376.0,,,,,,,,,63,hitl
240,2026-05-07 18:00,wholesaler_1,wholesaler,1,,,,,,34.9,48.0,,,,,,,63,hitl
240,2026-05-07 18:00,retail_1,retail,0,,,,,,,,101.57,30.0,0.0,0.0,3.58,20.0,63,hitl
241,2026-05-07 18:15,supplier_1,supplier,0,659.77,,,,,,,,,,,,,63,hitl
241,2026-05-07 18:15,farm_1,farm,0,,620.0,0.035,,,,,,,,,,,63,hitl
241,2026-05-07 18:15,slaughterhouse_1,slaughterhouse,0,,,,397.5136,387.79,,,,,,,,,63,hitl
241,2026-05-07 18:15,wholesaler_1,wholesaler,1,,,,,,56.72,48.0,,,,,,,63,hitl
241,2026-05-07 18:15,retail_1,retail,0,,,,,,,,104.21,30.0,0.0,0.0,3.58,20.0,63,hitl
242,2026-05-07 18:30,supplier_1,supplier,0,658.42,,,,,,,,,,,,,63,hitl
242,2026-05-07 18:30,farm_1,farm,0,,620.0,0.035,,,,,,,,,,,63,hitl
242,2026-05-07 18:30,slaughterhouse_1,slaughterhouse,0,,,,397.5136,399.41,,,,,,,,,63,hitl
242,2026-05-07 18:30,wholesaler_1,wholesaler,1,,,,,,55.05,48.0,,,,,,,63,hitl
242,2026-05-07 18:30,retail_1,retail,0,,,,,,,,103.29,30.0,0.0,0.0,3.58,20.0,63,hitl
243,2026-05-07 18:45,supplier_1,supplier,0,657.82,,,,,,,,,,,,,63,hitl
243,2026-05-07 18:45,farm_1,farm,0,,620.0,0.035,,,,,,,,,,,63,hitl
243,2026-05-07 18:45,slaughterhouse_1,slaughterhouse,0,,,,397.5136,400.0,,,,,,,,,63,hitl
243,2026-05-07 18:45,wholesaler_1,wholesaler,1,,,,,,52.46,48.0,,,,,,,63,hitl
243,2026-05-07 18:45,retail_1,retail,0,,,,,,,,102.35,30.0,0.0,0.0,3.58,20.0,63,hitl
244,2026-05-07 19:00,supplier_1,supplier,0,657.3,,,,,,,,,,,,,63,hitl
244,2026-05-07 19:00,farm_1,farm,0,,620.0,0.035,,,,,,,,,,,63,hitl
244,2026-05-07 19:00,slaughterhouse_1,slaughterhouse,0,,,,397.5136,400.0,,,,,,,,,63,hitl
244,2026-05-07 19:00,wholesaler_1,wholesaler,1,,,,,,46.71,48.0,,,,,,,63,hitl
244,2026-05-07 19:00,retail_1,retail,0,,,,,,,,101.39,30.0,0.0,0.0,3.58,20.0,63,hitl
245,2026-05-07 19:15,supplier_1,supplier,0,656.32,,,,,,,,,,,,,63,hitl
245,2026-05-07 19:15,farm_1,farm,0,,620.0,0.035,,,,,,,,,,,63,hitl
245,2026-05-07 19:15,slaughterhouse_1,slaughterhouse,0,,,,397.5136,400.0,,,,,,,,,63,hitl
245,2026-05-07 19:15,wholesaler_1,wholesaler,1,,,,,,43.71,48.0,,,,,,,63,hitl
245,2026-05-07 19:15,retail_1,retail,0,,,,,,,,104.14,30.0,0.0,0.0,3.58,20.0,63,hitl
246,2026-05-07 19:30,supplier_1,supplier,0,655.41,,,,,,,,,,,,,63,hitl
246,2026-05-07 19:30,farm_1,farm,0,,620.0,0.035,,,,,,,,,,,63,hitl
246,2026-05-07 19:30,slaughterhouse_1,slaughterhouse,0,,,,397.5136,400.0,,,,,,,,,63,hitl
246,2026-05-07 19:30,wholesaler_1,wholesaler,1,,,,,,41.82,48.0,,,,,,,63,hitl
246,2026-05-07 19:30,retail_1,retail,0,,,,,,,,103.2,30.0,0.0,0.0,3.58,20.0,63,hitl
247,2026-05-07 19:45,supplier_1,supplier,0,654.62,,,,,,,,,,,,,63,hitl
247,2026-05-07 19:45,farm_1,farm,0,,620.0,0.035,,,,,,,,,,,63,hitl
247,2026-05-07 19:45,slaughterhouse_1,slaughterhouse,0,,,,397.5136,400.0,,,,,,,,,63,hitl
247,2026-05-07 19:45,wholesaler_1,wholesaler,1,,,,,,38.88,48.0,,,,,,,63,hitl
247,2026-05-07 19:45,retail_1,retail,0,,,,,,,,102.41,30.0,0.0,0.0,3.58,20.0,63,hitl
248,2026-05-07 20:00,supplier_1,supplier,0,654.08,,,,,,,,,,,,,63,hitl
248,2026-05-07 20:00,farm_1,farm,0,,620.0,0.035,,,,,,,,,,,63,hitl
248,2026-05-07 20:00,slaughterhouse_1,slaughterhouse,0,,,,397.5136,376.0,,,,,,,,,63,hitl
248,2026-05-07 20:00,wholesaler_1,wholesaler,1,,,,,,33.38,48.0,,,,,,,63,hitl
248,2026-05-07 20:00,retail_1,retail,0,,,,,,,,101.42,30.0,0.0,0.0,3.58,20.0,63,hitl
249,2026-05-07 20:15,supplier_1,supplier,0,653.38,,,,,,,,,,,,,63,hitl
249,2026-05-07 20:15,farm_1,farm,0,,620.0,0.035,,,,,,,,,,,63,hitl
249,2026-05-07 20:15,slaughterhouse_1,slaughterhouse,0,,,,397.5136,386.46,,,,,,,,,63,hitl
249,2026-05-07 20:15,wholesaler_1,wholesaler,1,,,,,,55.16,48.0,,,,,,,63,hitl
249,2026-05-07 20:15,retail_1,retail,0,,,,,,,,104.19,30.0,0.0,0.0,3.58,20.0,63,hitl
250,2026-05-07 20:30,supplier_1,supplier,0,652.88,,,,,,,,,,,,,63,hitl
250,2026-05-07 20:30,farm_1,farm,0,,620.0,0.035,,,,,,,,,,,63,hitl
250,2026-05-07 20:30,slaughterhouse_1,slaughterhouse,0,,,,397.5136,396.87,,,,,,,,,63,hitl
250,2026-05-07 20:30,wholesaler_1,wholesaler,1,,,,,,53.42,48.0,,,,,,,63,hitl
250,2026-05-07 20:30,retail_1,retail,0,,,,,,,,103.3,30.0,0.0,0.0,3.58,20.0,63,hitl
251,2026-05-07 20:45,supplier_1,supplier,0,652.18,,,,,,,,,,,,,63,hitl
251,2026-05-07 20:45,farm_1,farm,0,,620.0,0.035,,,,,,,,,,,63,hitl
251,2026-05-07 20:45,slaughterhouse_1,slaughterhouse,0,,,,397.5136,400.0,,,,,,,,,63,hitl
251,2026-05-07 20:45,wholesaler_1,wholesaler,1,,,,,,50.63,48.0,,,,,,,63,hitl
251,2026-05-07 20:45,retail_1,retail,0,,,,,,,,102.5,30.0,0.0,0.0,3.58,20.0,63,hitl
252,2026-05-07 21:00,supplier_1,supplier,0,651.0,,,,,,,,,,,,,63,hitl
252,2026-05-07 21:00,farm_1,farm,1,,620.0,0.035,,,,,,,,,,,63,hitl
252,2026-05-07 21:00,slaughterhouse_1,slaughterhouse,0,,,,325.7624,400.0,,,,,,,,,63,hitl
252,2026-05-07 21:00,wholesaler_1,wholesaler,1,,,,,,44.88,48.0,,,,,,,63,hitl
252,2026-05-07 21:00,retail_1,retail,0,,,,,,,,101.59,30.0,0.0,0.0,3.58,40.0,63,hitl
253,2026-05-07 21:15,supplier_1,supplier,0,649.72,,,,,,,,,,,,,63,hitl
253,2026-05-07 21:15,farm_1,farm,1,,620.0,0.035,,,,,,,,,,,63,hitl
253,2026-05-07 21:15,slaughterhouse_1,slaughterhouse,0,,,,325.7624,400.0,,,,,,,,,63,hitl
253,2026-05-07 21:15,wholesaler_1,wholesaler,1,,,,,,42.14,48.0,,,,,,,63,hitl
253,2026-05-07 21:15,retail_1,retail,0,,,,,,,,104.01,30.0,0.0,0.0,3.58,40.0,63,hitl
254,2026-05-07 21:30,supplier_1,supplier,0,648.95,,,,,,,,,,,,,63,hitl
254,2026-05-07 21:30,farm_1,farm,1,,620.0,0.035,,,,,,,,,,,63,hitl
254,2026-05-07 21:30,slaughterhouse_1,slaughterhouse,0,,,,325.7624,400.0,,,,,,,,,63,hitl
254,2026-05-07 21:30,wholesaler_1,wholesaler,1,,,,,,39.2,48.0,,,,,,,63,hitl
254,2026-05-07 21:30,retail_1,retail,0,,,,,,,,103.09,30.0,0.0,0.0,3.58,40.0,63,hitl
255,2026-05-07 21:45,supplier_1,supplier,0,648.04,,,,,,,,,,,,,63,hitl
255,2026-05-07 21:45,farm_1,farm,1,,620.0,0.035,,,,,,,,,,,63,hitl
255,2026-05-07 21:45,slaughterhouse_1,slaughterhouse,0,,,,325.7624,400.0,,,,,,,,,63,hitl
255,2026-05-07 21:45,wholesaler_1,wholesaler,1,,,,,,36.79,48.0,,,,,,,63,hitl
255,2026-05-07 21:45,retail_1,retail,0,,,,,,,,102.22,30.0,0.0,0.0,3.58,40.0,63,hitl
256,2026-05-07 22:00,supplier_1,supplier,0,647.3,,,,,,,,,,,,,63,hitl
256,2026-05-07 22:00,farm_1,farm,1,,620.0,0.035,,,,,,,,,,,63,hitl
256,2026-05-07 22:00,slaughterhouse_1,slaughterhouse,0,,,,325.7624,376.0,,,,,,,,,63,hitl
256,2026-05-07 22:00,wholesaler_1,wholesaler,1,,,,,,30.26,48.0,,,,,,,63,hitl
256,2026-05-07 22:00,retail_1,retail,0,,,,,,,,101.42,30.0,0.0,0.0,3.58,40.0,63,hitl
257,2026-05-07 22:15,supplier_1,supplier,0,645.94,,,,,,,,,,,,,63,hitl
257,2026-05-07 22:15,farm_1,farm,1,,620.0,0.035,,,,,,,,,,,63,hitl
257,2026-05-07 22:15,slaughterhouse_1,slaughterhouse,0,,,,325.7624,385.2,,,,,,,,,63,hitl
257,2026-05-07 22:15,wholesaler_1,wholesaler,1,,,,,,51.74,48.0,,,,,,,63,hitl
257,2026-05-07 22:15,retail_1,retail,0,,,,,,,,104.0,30.0,0.0,0.0,3.58,40.0,63,hitl
258,2026-05-07 22:30,supplier_1,supplier,0,644.9,,,,,,,,,,,,,63,hitl
258,2026-05-07 22:30,farm_1,farm,1,,620.0,0.035,,,,,,,,,,,63,hitl
258,2026-05-07 22:30,slaughterhouse_1,slaughterhouse,0,,,,325.7624,394.87,,,,,,,,,63,hitl
258,2026-05-07 22:30,wholesaler_1,wholesaler,1,,,,,,49.91,48.0,,,,,,,63,hitl
258,2026-05-07 22:30,retail_1,retail,0,,,,,,,,103.11,30.0,0.0,0.0,3.58,40.0,63,hitl
259,2026-05-07 22:45,supplier_1,supplier,0,643.91,,,,,,,,,,,,,63,hitl
259,2026-05-07 22:45,farm_1,farm,1,,620.0,0.035,,,,,,,,,,,63,hitl
259,2026-05-07 22:45,slaughterhouse_1,slaughterhouse,0,,,,325.7624,400.0,,,,,,,,,63,hitl
259,2026-05-07 22:45,wholesaler_1,wholesaler,1,,,,,,47.0,48.0,,,,,,,63,hitl
259,2026-05-07 22:45,retail_1,retail,0,,,,,,,,102.26,30.0,0.0,0.0,3.58,40.0,63,hitl
260,2026-05-07 23:00,supplier_1,supplier,0,642.43,,,,,,,,,,,,,63,hitl
260,2026-05-07 23:00,farm_1,farm,1,,620.0,0.035,,,,,,,,,,,63,hitl
260,2026-05-07 23:00,slaughterhouse_1,slaughterhouse,0,,,,325.7624,400.0,,,,,,,,,63,hitl
260,2026-05-07 23:00,wholesaler_1,wholesaler,1,,,,,,40.71,48.0,,,,,,,63,hitl
260,2026-05-07 23:00,retail_1,retail,0,,,,,,,,101.34,30.0,0.0,0.0,3.58,40.0,63,hitl
261,2026-05-07 23:15,supplier_1,supplier,0,641.25,,,,,,,,,,,,,63,hitl
261,2026-05-07 23:15,farm_1,farm,1,,620.0,0.035,,,,,,,,,,,63,hitl
261,2026-05-07 23:15,slaughterhouse_1,slaughterhouse,0,,,,325.7624,400.0,,,,,,,,,63,hitl
261,2026-05-07 23:15,wholesaler_1,wholesaler,1,,,,,,38.78,48.0,,,,,,,63,hitl
261,2026-05-07 23:15,retail_1,retail,0,,,,,,,,104.12,30.0,0.0,0.0,3.58,40.0,63,hitl
262,2026-05-07 23:30,supplier_1,supplier,0,640.04,,,,,,,,,,,,,63,hitl
262,2026-05-07 23:30,farm_1,farm,1,,620.0,0.035,,,,,,,,,,,63,hitl
262,2026-05-07 23:30,slaughterhouse_1,slaughterhouse,0,,,,325.7624,400.0,,,,,,,,,63,hitl
262,2026-05-07 23:30,wholesaler_1,wholesaler,1,,,,,,36.48,48.0,,,,,,,63,hitl
262,2026-05-07 23:30,retail_1,retail,0,,,,,,,,103.23,30.0,0.0,0.0,3.58,40.0,63,hitl
263,2026-05-07 23:45,supplier_1,supplier,0,639.42,,,,,,,,,,,,,63,hitl
263,2026-05-07 23:45,farm_1,farm,1,,620.0,0.035,,,,,,,,,,,63,hitl
263,2026-05-07 23:45,slaughterhouse_1,slaughterhouse,0,,,,325.7624,400.0,,,,,,,,,63,hitl
263,2026-05-07 23:45,wholesaler_1,wholesaler,1,,,,,,34.54,48.0,,,,,,,63,hitl
263,2026-05-07 23:45,retail_1,retail,0,,,,,,,,102.28,30.0,0.0,0.0,3.58,40.0,63,hitl
264,2026-05-08 00:00,supplier_1,supplier,0,638.19,,,,,,,,,,,,,63,hitl
264,2026-05-08 00:00,farm_1,farm,1,,620.0,0.035,,,,,,,,,,,63,hitl
264,2026-05-08 00:00,slaughterhouse_1,slaughterhouse,0,,,,325.7624,376.0,,,,,,,,,63,hitl
264,2026-05-08 00:00,wholesaler_1,wholesaler,1,,,,,,29.04,48.0,,,,,,,63,hitl
264,2026-05-08 00:00,retail_1,retail,0,,,,,,,,101.46,30.0,0.0,0.0,3.58,40.0,63,hitl
265,2026-05-08 00:15,supplier_1,supplier,0,637.68,,,,,,,,,,,,,63,hitl
265,2026-05-08 00:15,farm_1,farm,1,,620.0,0.035,,,,,,,,,,,63,hitl
265,2026-05-08 00:15,slaughterhouse_1,slaughterhouse,0,,,,325.7624,384.73,,,,,,,,,63,hitl
265,2026-05-08 00:15,wholesaler_1,wholesaler,1,,,,,,50.39,48.0,,,,,,,63,hitl
265,2026-05-08 00:15,retail_1,retail,0,,,,,,,,104.0,30.0,0.0,0.0,3.58,40.0,63,hitl
266,2026-05-08 00:30,supplier_1,supplier,0,636.26,,,,,,,,,,,,,63,hitl
266,2026-05-08 00:30,farm_1,farm,1,,620.0,0.035,,,,,,,,,,,63,hitl
266,2026-05-08 00:30,slaughterhouse_1,slaughterhouse,0,,,,325.7624,394.04,,,,,,,,,63,hitl
266,2026-05-08 00:30,wholesaler_1,wholesaler,1,,,,,,48.25,48.0,,,,,,,63,hitl
266,2026-05-08 00:30,retail_1,retail,0,,,,,,,,103.11,30.0,0.0,0.0,3.58,40.0,63,hitl
267,2026-05-08 00:45,supplier_1,supplier,0,635.6,,,,,,,,,,,,,63,hitl
267,2026-05-08 00:45,farm_1,farm,1,,620.0,0.035,,,,,,,,,,,63,hitl
267,2026-05-08 00:45,slaughterhouse_1,slaughterhouse,0,,,,325.7624,400.0,,,,,,,,,63,hitl
267,2026-05-08 00:45,wholesaler_1,wholesaler,1,,,,,,45.33,48.0,,,,,,,63,hitl
267,2026-05-08 00:45,retail_1,retail,0,,,,,,,,102.31,30.0,0.0,0.0,3.58,40.0,63,hitl
268,2026-05-08 01:00,supplier_1,supplier,0,634.3,,,,,,,,,,,,,63,hitl
268,2026-05-08 01:00,farm_1,farm,1,,620.0,0.035,,,,,,,,,,,63,hitl
268,2026-05-08 01:00,slaughterhouse_1,slaughterhouse,0,,,,325.7624,400.0,,,,,,,,,63,hitl
268,2026-05-08 01:00,wholesaler_1,wholesaler,1,,,,,,38.69,48.0,,,,,,,63,hitl
268,2026-05-08 01:00,retail_1,retail,0,,,,,,,,101.31,30.0,0.0,0.0,3.58,40.0,63,hitl
269,2026-05-08 01:15,supplier_1,supplier,0,633.5,,,,,,,,,,,,,63,hitl
269,2026-05-08 01:15,farm_1,farm,1,,620.0,0.035,,,,,,,,,,,63,hitl
269,2026-05-08 01:15,slaughterhouse_1,slaughterhouse,0,,,,325.7624,400.0,,,,,,,,,63,hitl
269,2026-05-08 01:15,wholesaler_1,wholesaler,1,,,,,,37.01,48.0,,,,,,,63,hitl
269,2026-05-08 01:15,retail_1,retail,0,,,,,,,,104.08,30.0,0.0,0.0,3.58,40.0,63,hitl
270,2026-05-08 01:30,supplier_1,supplier,0,632.99,,,,,,,,,,,,,63,hitl
270,2026-05-08 01:30,farm_1,farm,1,,620.0,0.035,,,,,,,,,,,63,hitl
270,2026-05-08 01:30,slaughterhouse_1,slaughterhouse,0,,,,325.7624,400.0,,,,,,,,,63,hitl
270,2026-05-08 01:30,wholesaler_1,wholesaler,1,,,,,,34.01,48.0,,,,,,,63,hitl
270,2026-05-08 01:30,retail_1,retail,0,,,,,,,,103.25,30.0,0.0,0.0,3.58,40.0,63,hitl
271,2026-05-08 01:45,supplier_1,supplier,0,632.02,,,,,,,,,,,,,63,hitl
271,2026-05-08 01:45,farm_1,farm,1,,620.0,0.035,,,,,,,,,,,63,hitl
271,2026-05-08 01:45,slaughterhouse_1,slaughterhouse,0,,,,325.7624,400.0,,,,,,,,,63,hitl
271,2026-05-08 01:45,wholesaler_1,wholesaler,1,,,,,,31.89,48.0,,,,,,,63,hitl
271,2026-05-08 01:45,retail_1,retail,0,,,,,,,,102.31,30.0,0.0,0.0,3.58,40.0,63,hitl
272,2026-05-08 02:00,supplier_1,supplier,0,631.14,,,,,,,,,,,,,63,hitl
272,2026-05-08 02:00,farm_1,farm,1,,620.0,0.035,,,,,,,,,,,63,hitl
272,2026-05-08 02:00,slaughterhouse_1,slaughterhouse,0,,,,325.7624,376.0,,,,,,,,,63,hitl
272,2026-05-08 02:00,wholesaler_1,wholesaler,1,,,,,,29.32,48.0,,,,,,,63,hitl
272,2026-05-08 02:00,retail_1,retail,0,,,,,,,,101.33,30.0,0.0,0.0,3.58,40.0,63,hitl
273,2026-05-08 02:15,supplier_1,supplier,0,630.04,,,,,,,,,,,,,63,hitl
273,2026-05-08 02:15,farm_1,farm,1,,620.0,0.035,,,,,,,,,,,63,hitl
273,2026-05-08 02:15,slaughterhouse_1,slaughterhouse,0,,,,325.7624,385.22,,,,,,,,,63,hitl
273,2026-05-08 02:15,wholesaler_1,wholesaler,0,,,,,,183.06,16.0,,,,,,,63,hitl
273,2026-05-08 02:15,retail_1,retail,0,,,,,,,,100.37,30.0,0.0,0.0,3.58,40.0,63,hitl
274,2026-05-08 02:30,supplier_1,supplier,0,628.57,,,,,,,,,,,,,63,hitl
274,2026-05-08 02:30,farm_1,farm,1,,620.0,0.035,,,,,,,,,,,63,hitl
274,2026-05-08 02:30,slaughterhouse_1,slaughterhouse,0,,,,325.7624,394.59,,,,,,,,,63,hitl
274,2026-05-08 02:30,wholesaler_1,wholesaler,0,,,,,,180.69,16.0,,,,,,,63,hitl
274,2026-05-08 02:30,retail_1,retail,0,,,,,,,,99.37,30.0,0.0,0.0,3.58,40.0,63,hitl
275,2026-05-08 02:45,supplier_1,supplier,0,627.12,,,,,,,,,,,,,63,hitl
275,2026-05-08 02:45,farm_1,farm,1,,620.0,0.035,,,,,,,,,,,63,hitl
275,2026-05-08 02:45,slaughterhouse_1,slaughterhouse,0,,,,325.7624,400.0,,,,,,,,,63,hitl
275,2026-05-08 02:45,wholesaler_1,wholesaler,0,,,,,,178.06,16.0,,,,,,,63,hitl
275,2026-05-08 02:45,retail_1,retail,0,,,,,,,,98.58,30.0,0.0,0.0,3.58,40.0,63,hitl
276,2026-05-08 03:00,supplier_1,supplier,0,626.51,,,,,,,,,,,,,63,hitl
276,2026-05-08 03:00,farm_1,farm,1,,620.0,0.035,,,,,,,,,,,63,hitl
276,2026-05-08 03:00,slaughterhouse_1,slaughterhouse,0,,,,325.7624,400.0,,,,,,,,,63,hitl
276,2026-05-08 03:00,wholesaler_1,wholesaler,0,,,,,,168.08,16.0,,,,,,,63,hitl
276,2026-05-08 03:00,retail_1,retail,0,,,,,,,,97.7,30.0,0.0,0.0,3.58,40.0,63,hitl
277,2026-05-08 03:15,supplier_1,supplier,0,625.87,,,,,,,,,,,,,63,hitl
277,2026-05-08 03:15,farm_1,farm,1,,620.0,0.035,,,,,,,,,,,63,hitl
277,2026-05-08 03:15,slaughterhouse_1,slaughterhouse,0,,,,325.7624,400.0,,,,,,,,,63,hitl
277,2026-05-08 03:15,wholesaler_1,wholesaler,0,,,,,,165.29,16.0,,,,,,,63,hitl
277,2026-05-08 03:15,retail_1,retail,0,,,,,,,,104.19,30.0,0.0,0.0,3.58,40.0,63,hitl
278,2026-05-08 03:30,supplier_1,supplier,0,625.12,,,,,,,,,,,,,63,hitl
278,2026-05-08 03:30,farm_1,farm,1,,620.0,0.035,,,,,,,,,,,63,hitl
278,2026-05-08 03:30,slaughterhouse_1,slaughterhouse,0,,,,325.7624,400.0,,,,,,,,,63,hitl
278,2026-05-08 03:30,wholesaler_1,wholesaler,0,,,,,,162.95,16.0,,,,,,,63,hitl
278,2026-05-08 03:30,retail_1,retail,0,,,,,,,,103.39,30.0,0.0,0.0,3.58,40.0,63,hitl
279,2026-05-08 03:45,supplier_1,supplier,0,623.72,,,,,,,,,,,,,63,hitl
279,2026-05-08 03:45,farm_1,farm,1,,620.0,0.035,,,,,,,,,,,63,hitl
279,2026-05-08 03:45,slaughterhouse_1,slaughterhouse,0,,,,325.7624,400.0,,,,,,,,,63,hitl
279,2026-05-08 03:45,wholesaler_1,wholesaler,0,,,,,,159.97,16.0,,,,,,,63,hitl
279,2026-05-08 03:45,retail_1,retail,0,,,,,,,,102.51,30.0,0.0,0.0,3.58,40.0,63,hitl
280,2026-05-08 04:00,supplier_1,supplier,0,622.46,,,,,,,,,,,,,63,hitl
280,2026-05-08 04:00,farm_1,farm,1,,620.0,0.035,,,,,,,,,,,63,hitl
280,2026-05-08 04:00,slaughterhouse_1,slaughterhouse,0,,,,325.7624,376.0,,,,,,,,,63,hitl
280,2026-05-08 04:00,wholesaler_1,wholesaler,0,,,,,,154.53,16.0,,,,,,,63,hitl
280,2026-05-08 04:00,retail_1,retail,0,,,,,,,,101.65,30.0,0.0,0.0,3.58,40.0,63,hitl
281,2026-05-08 04:15,supplier_1,supplier,0,621.1,,,,,,,,,,,,,63,hitl
281,2026-05-08 04:15,farm_1,farm,1,,620.0,0.035,,,,,,,,,,,63,hitl
281,2026-05-08 04:15,slaughterhouse_1,slaughterhouse,0,,,,325.7624,384.82,,,,,,,,,63,hitl
281,2026-05-08 04:15,wholesaler_1,wholesaler,0,,,,,,176.62,16.0,,,,,,,63,hitl
281,2026-05-08 04:15,retail_1,retail,0,,,,,,,,104.01,30.0,0.0,0.0,3.58,40.0,63,hitl
282,2026-05-08 04:30,supplier_1,supplier,0,620.55,,,,,,,,,,,,,63,hitl
282,2026-05-08 04:30,farm_1,farm,1,,620.0,0.035,,,,,,,,,,,63,hitl
282,2026-05-08 04:30,slaughterhouse_1,slaughterhouse,0,,,,325.7624,393.24,,,,,,,,,63,hitl
282,2026-05-08 04:30,wholesaler_1,wholesaler,0,,,,,,173.68,16.0,,,,,,,63,hitl
282,2026-05-08 04:30,retail_1,retail,0,,,,,,,,103.08,30.0,0.0,0.0,3.58,40.0,63,hitl
283,2026-05-08 04:45,supplier_1,supplier,0,619.98,,,,,,,,,,,,,63,hitl
283,2026-05-08 04:45,farm_1,farm,1,,620.0,0.035,,,,,,,,,,,63,hitl
283,2026-05-08 04:45,slaughterhouse_1,slaughterhouse,0,,,,325.7624,400.0,,,,,,,,,63,hitl
283,2026-05-08 04:45,wholesaler_1,wholesaler,0,,,,,,170.7,16.0,,,,,,,63,hitl
283,2026-05-08 04:45,retail_1,retail,0,,,,,,,,102.26,30.0,0.0,0.0,3.58,40.0,63,hitl
284,2026-05-08 05:00,supplier_1,supplier,0,618.66,,,,,,,,,,,,,63,hitl
284,2026-05-08 05:00,farm_1,farm,1,,620.0,0.035,,,,,,,,,,,63,hitl
284,2026-05-08 05:00,slaughterhouse_1,slaughterhouse,0,,,,325.7624,400.0,,,,,,,,,63,hitl
284,2026-05-08 05:00,wholesaler_1,wholesaler,0,,,,,,165.37,16.0,,,,,,,63,hitl
284,2026-05-08 05:00,retail_1,retail,0,,,,,,,,101.47,30.0,0.0,0.0,3.58,40.0,63,hitl
285,2026-05-08 05:15,supplier_1,supplier,0,617.56,,,,,,,,,,,,,63,hitl
285,2026-05-08 05:15,farm_1,farm,1,,620.0,0.035,,,,,,,,,,,63,hitl
285,2026-05-08 05:15,slaughterhouse_1,slaughterhouse,0,,,,325.7624,400.0,,,,,,,,,63,hitl
285,2026-05-08 05:15,wholesaler_1,wholesaler,0,,,,,,163.38,16.0,,,,,,,63,hitl
285,2026-05-08 05:15,retail_1,retail,0,,,,,,,,104.0,30.0,0.0,0.0,3.58,40.0,63,hitl
286,2026-05-08 05:30,supplier_1,supplier,0,616.82,,,,,,,,,,,,,63,hitl
286,2026-05-08 05:30,farm_1,farm,1,,620.0,0.035,,,,,,,,,,,63,hitl
286,2026-05-08 05:30,slaughterhouse_1,slaughterhouse,0,,,,325.7624,400.0,,,,,,,,,63,hitl
286,2026-05-08 05:30,wholesaler_1,wholesaler,0,,,,,,161.48,16.0,,,,,,,63,hitl
286,2026-05-08 05:30,retail_1,retail,0,,,,,,,,103.08,30.0,0.0,0.0,3.58,40.0,63,hitl
287,2026-05-08 05:45,supplier_1,supplier,0,615.85,,,,,,,,,,,,,63,hitl
287,2026-05-08 05:45,farm_1,farm,1,,620.0,0.035,,,,,,,,,,,63,hitl
287,2026-05-08 05:45,slaughterhouse_1,slaughterhouse,0,,,,325.7624,400.0,,,,,,,,,63,hitl
287,2026-05-08 05:45,wholesaler_1,wholesaler,0,,,,,,159.52,16.0,,,,,,,63,hitl
287,2026-05-08 05:45,retail_1,retail,0,,,,,,,,102.11,30.0,0.0,0.0,3.58,40.0,63,hitl
