tick,timestamp,node_id,node_type,disrupted,available_supply,production_capacity,mortality_rate,processing_capacity,output_stock,inventory_level,pending_shipments,retail_inventory,safety_stock,stockout_flag,shortage_duration,sales_rate,reorder_request,scenario_id,mode
0,2026-05-17 06:00,supplier_1,supplier,0,933.94,,,,,,,,,,,,,69,hitl
0,2026-05-17 06:00,farm_1,farm,0,,769.0,0.0227,,,,,,,,,,,69,hitl
0,2026-05-17 06:00,slaughterhouse_1,slaughterhouse,0,,,,500.0,278.31,,,,,,,,,69,hitl
0,2026-05-17 06:00,wholesaler_1,wholesaler,0,,,,,,158.44,10.3,,,,,,,69,hitl
0,2026-05-17 06:00,retail_1,retail,0,,,,,,,,82.31,30.0,0.0,0.0,3.58,0.0,69,hitl
1,2026-05-17 06:15,supplier_1,supplier,0,932.95,,,,,,,,,,,,,69,hitl
1,2026-05-17 06:15,farm_1,farm,0,,769.0,0.0227,,,,,,,,,,,69,hitl
1,2026-05-17 06:15,slaughterhouse_1,slaughterhouse,0,,,,500.0,291.19,,,,,,,,,69,hitl
1,2026-05-17 06:15,wholesaler_1,wholesaler,0,,,,,,179.77,10.3,,,,,,,69,hitl
1,2026-05-17 06:15,retail_1,retail,0,,,,,,,,89.39,30.0,0.0,0.0,3.58,0.0,69,hitl
2,2026-05-17 06:30,supplier_1,supplier,0,932.09,,,,,,,,,,,,,69,hitl
2,2026-05-17 06:30,farm_1,farm,0,,769.0,0.0227,,,,,,,,,,,69,hitl
2,2026-05-17 06:30,slaughterhouse_1,slaughterhouse,0,,,,500.0,304.53,,,,,,,,,69,hitl
2,2026-05-17 06:30,wholesaler_1,wholesaler,0,,,,,,177.22,10.3,,,,,,,69,hitl
2,2026-05-17 06:30,retail_1,retail,0,,,,,,,,88.6,30.0,0.0,0.0,3.58,0.0,69,hitl
3,2026-05-17 06:45,supplier_1,supplier,0,931.4,,,,,,,,,,,,,69,hitl
3,2026-05-17 06:45,farm_1,farm,0,,769.0,0.0227,,,,,,,,,,,69,hitl
3,2026-05-17 06:45,slaughterhouse_1,slaughterhouse,0,,,,500.0,318.82,,,,,,,,,69,hitl
3,2026-05-17 06:45,wholesaler_1,wholesaler,0,,,,,,175.11,10.3,,,,,,,69,hitl
3,2026-05-17 06:45,retail_1,retail,0,,,,,,,,87.76,30.0,0.0,0.0,3.58,0.0,69,hitl
4,2026-05-17 07:00,supplier_1,supplier,0,930.47,,,,,,,,,,,,,69,hitl
4,2026-05-17 07:00,farm_1,farm,0,,769.0,0.0227,,,,,,,,,,,69,hitl
4,2026-05-17 07:00,slaughterhouse_1,slaughterhouse,0,,,,500.0,332.77,,,,,,,,,69,hitl
4,2026-05-17 07:00,wholesaler_1,wholesaler,0,,,,,,165.3,10.3,,,,,,,69,hitl
4,2026-05-17 07:00,retail_1,retail,0,,,,,,,,86.95,30.0,0.0,0.0,3.58,0.0,69,hitl
5,2026-05-17 07:15,supplier_1,supplier,0,929.65,,,,,,,,,,,,,69,hitl
5,2026-05-17 07:15,farm_1,farm,0,,769.0,0.0227,,,,,,,,,,,69,hitl
5,2026-05-17 07:15,slaughterhouse_1,slaughterhouse,0,,,,500.0,347.4,,,,,,,,,69,hitl
5,2026-05-17 07:15,wholesaler_1,wholesaler,0,,,,,,163.42,10.3,,,,,,,69,hitl
5,2026-05-17 07:15,retail_1,retail,0,,,,,,,,93.98,30.0,0.0,0.0,3.58,0.0,69,hitl
6,2026-05-17 07:30,supplier_1,supplier,0,928.64,,,,,,,,,,,,,69,hitl
6,2026-05-17 07:30,farm_1,farm,0,,769.0,0.0227,,,,,,,,,,,69,hitl
6,2026-05-17 07:30,slaughterhouse_1,slaughterhouse,0,,,,500.0,361.52,,,,,,,,,69,hitl
6,2026-05-17 07:30,wholesaler_1,wholesaler,0,,,,,,161.31,10.3,,,,,,,69,hitl
6,2026-05-17 07:30,retail_1,retail,0,,,,,,,,93.06,30.0,0.0,0.0,3.58,0.0,69,hitl
7,2026-05-17 07:45,supplier_1,supplier,0,927.65,,,,,,,,,,,,,69,hitl
7,2026-05-17 07:45,farm_1,farm,0,,769.0,0.0227,,,,,,,,,,,69,hitl
7,2026-05-17 07:45,slaughterhouse_1,slaughterhouse,0,,,,500.0,374.76,,,,,,,,,69,hitl
7,2026-05-17 07:45,wholesaler_1,wholesaler,0,,,,,,159.26,10.3,,,,,,,69,hitl
7,2026-05-17 07:45,retail_1,retail,0,,,,,,,,92.17,30.0,0.0,0.0,3.58,0.0,69,hitl
8,2026-05-17 08:00,supplier_1,supplier,0,926.73,,,,,,,,,,,,,69,hitl
8,2026-05-17 08:00,farm_1,farm,0,,769.0,0.0227,,,,,,,,,,,69,hitl
8,2026-05-17 08:00,slaughterhouse_1,slaughterhouse,0,,,,500.0,365.61,,,,,,,,,69,hitl
8,2026-05-17 08:00,wholesaler_1,wholesaler,0,,,,,,148.71,10.3,,,,,,,69,hitl
8,2026-05-17 08:00,retail_1,retail,0,,,,,,,,91.35,30.0,0.0,0.0,3.58,0.0,69,hitl
9,2026-05-17 08:15,supplier_1,supplier,0,925.37,,,,,,,,,,,,,69,hitl
9,2026-05-17 08:15,farm_1,farm,0,,769.0,0.0227,,,,,,,,,,,69,hitl
9,2026-05-17 08:15,slaughterhouse_1,slaughterhouse,0,,,,500.0,380.07,,,,,,,,,69,hitl
9,2026-05-17 08:15,wholesaler_1,wholesaler,0,,,,,,170.77,10.3,,,,,,,69,hitl
9,2026-05-17 08:15,retail_1,retail,0,,,,,,,,98.45,30.0,0.0,0.0,3.58,0.0,69,hitl
10,2026-05-17 08:30,supplier_1,supplier,0,924.58,,,,,,,,,,,,,69,hitl
10,2026-05-17 08:30,farm_1,farm,0,,769.0,0.0227,,,,,,,,,,,69,hitl
10,2026-05-17 08:30,slaughterhouse_1,slaughterhouse,0,,,,500.0,394.9,,,,,,,,,69,hitl
10,2026-05-17 08:30,wholesaler_1,wholesaler,0,,,,,,169.21,10.3,,,,,,,69,hitl
10,2026-05-17 08:30,retail_1,retail,0,,,,,,,,97.62,30.0,0.0,0.0,3.58,0.0,69,hitl
11,2026-05-17 08:45,supplier_1,supplier,0,923.83,,,,,,,,,,,,,69,hitl
11,2026-05-17 08:45,farm_1,farm,0,,769.0,0.0227,,,,,,,,,,,69,hitl
11,2026-05-17 08:45,slaughterhouse_1,slaughterhouse,0,,,,500.0,400.0,,,,,,,,,69,hitl
11,2026-05-17 08:45,wholesaler_1,wholesaler,0,,,,,,167.02,10.3,,,,,,,69,hitl
11,2026-05-17 08:45,retail_1,retail,0,,,,,,,,96.75,30.0,0.0,0.0,3.58,0.0,69,hitl
12,2026-05-17 09:00,supplier_1,supplier,0,922.89,,,,,,,,,,,,,69,hitl
12,2026-05-17 09:00,farm_1,farm,0,,769.0,0.0227,,,,,,,,,,,69,hitl
12,2026-05-17 09:00,slaughterhouse_1,slaughterhouse,0,,,,500.0,400.0,,,,,,,,,69,hitl
12,2026-05-17 09:00,wholesaler_1,wholesaler,0,,,,,,157.33,10.3,,,,,,,69,hitl
12,2026-05-17 09:00,retail_1,retail,0,,,,,,,,95.91,30.0,0.0,0.0,3.58,0.0,69,hitl
13,2026-05-17 09:15,supplier_1,supplier,0,921.55,,,,,,,,,,,,,69,hitl
13,2026-05-17 09:15,farm_1,farm,0,,769.0,0.0227,,,,,,,,,,,69,hitl
13,2026-05-17 09:15,slaughterhouse_1,slaughterhouse,0,,,,500.0,400.0,,,,,,,,,69,hitl
13,2026-05-17 09:15,wholesaler_1,wholesaler,0,,,,,,155.02,10.3,,,,,,,69,hitl
13,2026-05-17 09:15,retail_1,retail,0,,,,,,,,102.94,30.0,0.0,0.0,3.58,0.0,69,hitl
14,2026-05-17 09:30,supplier_1,supplier,0,921.03,,,,,,,,,,,,,69,hitl
14,2026-05-17 09:30,farm_1,farm,0,,769.0,0.0227,,,,,,,,,,,69,hitl
14,2026-05-17 09:30,slaughterhouse_1,slaughterhouse,0,,,,500.0,400.0,,,,,,,,,69,hitl
14,2026-05-17 09:30,wholesaler_1,wholesaler,0,,,,,,152.57,10.3,,,,,,,69,hitl
14,2026-05-17 09:30,retail_1,retail,0,,,,,,,,102.14,30.0,0.0,0.0,3.58,0.0,69,hitl
15,2026-05-17 09:45,supplier_1,supplier,0,919.97,,,,,,,,,,,,,69,hitl
15,2026-05-17 09:45,farm_1,farm,0,,769.0,0.0227,,,,,,,,,,,69,hitl
15,2026-05-17 09:45,slaughterhouse_1,slaughterhouse,0,,,,500.0,400.0,,,,,,,,,69,hitl
15,2026-05-17 09:45,wholesaler_1,wholesaler,0,,,,,,149.93,10.3,,,,,,,69,hitl
15,2026-05-17 09:45,retail_1,retail,0,,,,,,,,101.17,30.0,0.0,0.0,3.58,0.0,69,hitl
16,2026-05-17 10:00,supplier_1,supplier,0,919.41,,,,,,,,,,,,,69,hitl
16,2026-05-17 10:00,farm_1,farm,0,,769.0,0.0227,,,,,,,,,,,69,hitl
16,2026-05-17 10:00,slaughterhouse_1,slaughterhouse,0,,,,500.0,376.0,,,,,,,,,69,hitl
16,2026-05-17 10:00,wholesaler_1,wholesaler,0,,,,,,142.6,10.3,,,,,,,69,hitl
16,2026-05-17 10:00,retail_1,retail,0,,,,,,,,100.37,30.0,0.0,0.0,3.58,0.0,69,hitl
17,2026-05-17 10:15,supplier_1,supplier,0,918.58,,,,,,,,,,,,,69,hitl
17,2026-05-17 10:15,farm_1,farm,0,,769.0,0.0227,,,,,,,,,,,69,hitl
17,2026-05-17 10:15,slaughterhouse_1,slaughterhouse,0,,,,500.0,389.69,,,,,,,,,69,hitl
17,2026-05-17 10:15,wholesaler_1,wholesaler,0,,,,,,163.68,10.3,,,,,,,69,hitl
17,2026-05-17 10:15,retail_1,retail,0,,,,,,,,104.07,30.0,0.0,0.0,3.58,0.0,69,hitl
18,2026-05-17 10:30,supplier_1,supplier,0,917.6,,,,,,,,,,,,,69,hitl
18,2026-05-17 10:30,farm_1,farm,0,,769.0,0.0227,,,,,,,,,,,69,hitl
18,2026-05-17 10:30,slaughterhouse_1,slaughterhouse,0,,,,500.0,400.0,,,,,,,,,69,hitl
18,2026-05-17 10:30,wholesaler_1,wholesaler,0,,,,,,161.04,10.3,,,,,,,69,hitl
18,2026-05-17 10:30,retail_1,retail,0,,,,,,,,103.11,30.0,0.0,0.0,3.58,0.0,69,hitl
19,2026-05-17 10:45,supplier_1,supplier,0,917.05,,,,,,,,,,,,,69,hitl
19,2026-05-17 10:45,farm_1,farm,0,,769.0,0.0227,,,,,,,,,,,69,hitl
19,2026-05-17 10:45,slaughterhouse_1,slaughterhouse,0,,,,500.0,400.0,,,,,,,,,69,hitl
19,2026-05-17 10:45,wholesaler_1,wholesaler,0,,,,,,158.28,10.3,,,,,,,69,hitl
19,2026-05-17 10:45,retail_1,retail,0,,,,,,,,102.19,30.0,0.0,0.0,3.58,0.0,69,hitl
20,2026-05-17 11:00,supplier_1,supplier,0,916.48,,,,,,,,,,,,,69,hitl
20,2026-05-17 11:00,farm_1,farm,0,,769.0,0.0227,,,,,,,,,,,69,hitl
20,2026-05-17 11:00,slaughterhouse_1,slaughterhouse,0,,,,500.0,400.0,,,,,,,,,69,hitl
20,2026-05-17 11:00,wholesaler_1,wholesaler,0,,,,,,152.99,10.3,,,,,,,69,hitl
20,2026-05-17 11:00,retail_1,retail,0,,,,,,,,101.34,30.0,0.0,0.0,3.58,0.0,69,hitl
21,2026-05-17 11:15,supplier_1,supplier,0,915.91,,,,,,,,,,,,,69,hitl
21,2026-05-17 11:15,farm_1,farm,0,,769.0,0.0227,,,,,,,,,,,69,hitl
21,2026-05-17 11:15,slaughterhouse_1,slaughterhouse,0,,,,500.0,400.0,,,,,,,,,69,hitl
21,2026-05-17 11:15,wholesaler_1,wholesaler,0,,,,,,150.18,10.3,,,,,,,69,hitl
21,2026-05-17 11:15,retail_1,retail,0,,,,,,,,104.08,30.0,0.0,0.0,3.58,0.0,69,hitl
22,2026-05-17 11:30,supplier_1,supplier,0,915.36,,,,,,,,,,,,,69,hitl
22,2026-05-17 11:30,farm_1,farm,0,,769.0,0.0227,,,,,,,,,,,69,hitl
22,2026-05-17 11:30,slaughterhouse_1,slaughterhouse,0,,,,500.0,400.0,,,,,,,,,69,hitl
22,2026-05-17 11:30,wholesaler_1,wholesaler,0,,,,,,148.19,10.3,,,,,,,69,hitl
22,2026-05-17 11:30,retail_1,retail,0,,,,,,,,103.15,30.0,0.0,0.0,3.58,0.0,69,hitl
23,2026-05-17 11:45,supplier_1,supplier,0,914.41,,,,,,,,,,,,,69,hitl
23,2026-05-17 11:45,farm_1,farm,0,,769.0,0.0227,,,,,,,,,,,69,hitl
23,2026-05-17 11:45,slaughterhouse_1,slaughterhouse,0,,,,500.0,400.0,,,,,,,,,69,hitl
23,2026-05-17 11:45,wholesaler_1,wholesaler,0,,,,,,145.24,10.3,,,,,,,69,hitl
23,2026-05-17 11:45,retail_1,retail,0,,,,,,,,102.18,30.0,0.0,0.0,3.58,0.0,69,hitl
24,2026-05-17 12:00,supplier_1,supplier,0,913.85,,,,,,,,,,,,,69,hitl
24,2026-05-17 12:00,farm_1,farm,0,,769.0,0.0227,,,,,,,,,,,69,hitl
24,2026-05-17 12:00,slaughterhouse_1,slaughterhouse,0,,,,500.0,376.0,,,,,,,,,69,hitl
24,2026-05-17 12:00,wholesaler_1,wholesaler,0,,,,,,139.82,10.3,,,,,,,69,hitl
24,2026-05-17 12:00,retail_1,retail,0,,,,,,,,101.22,30.0,0.0,0.0,3.58,0.0,69,hitl
25,2026-05-17 12:15,supplier_1,supplier,0,912.42,,,,,,,,,,,,,69,hitl
25,2026-05-17 12:15,farm_1,farm,0,,769.0,0.0227,,,,,,,,,,,69,hitl
25,2026-05-17 12:15,slaughterhouse_1,slaughterhouse,0,,,,500.0,390.11,,,,,,,,,69,hitl
25,2026-05-17 12:15,wholesaler_1,wholesaler,0,,,,,,161.73,10.3,,,,,,,69,hitl
25,2026-05-17 12:15,retail_1,retail,0,,,,,,,,104.06,30.0,0.0,0.0,3.58,0.0,69,hitl
26,2026-05-17 12:30,supplier_1,supplier,0,911.55,,,,,,,,,,,,,69,hitl
26,2026-05-17 12:30,farm_1,farm,0,,769.0,0.0227,,,,,,,,,,,69,hitl
26,2026-05-17 12:30,slaughterhouse_1,slaughterhouse,0,,,,500.0,400.0,,,,,,,,,69,hitl
26,2026-05-17 12:30,wholesaler_1,wholesaler,0,,,,,,159.6,10.3,,,,,,,69,hitl
26,2026-05-17 12:30,retail_1,retail,0,,,,,,,,103.15,30.0,0.0,0.0,3.58,0.0,69,hitl
27,2026-05-17 12:45,supplier_1,supplier,0,910.08,,,,,,,,,,,,,69,hitl
27,2026-05-17 12:45,farm_1,farm,0,,769.0,0.0227,,,,,,,,,,,69,hitl
27,2026-05-17 12:45,slaughterhouse_1,slaughterhouse,0,,,,500.0,400.0,,,,,,,,,69,hitl
27,2026-05-17 12:45,wholesaler_1,wholesaler,0,,,,,,157.2,10.3,,,,,,,69,hitl
27,2026-05-17 12:45,retail_1,retail,0,,,,,,,,102.2,30.0,0.0,0.0,3.58,0.0,69,hitl
28,2026-05-17 13:00,supplier_1,supplier,0,908.83,,,,,,,,,,,,,69,hitl
28,2026-05-17 13:00,farm_1,farm,0,,769.0,0.0227,,,,,,,,,,,69,hitl
28,2026-05-17 13:00,slaughterhouse_1,slaughterhouse,0,,,,500.0,400.0,,,,,,,,,69,hitl
28,2026-05-17 13:00,wholesaler_1,wholesaler,0,,,,,,150.6,10.3,,,,,,,69,hitl
28,2026-05-17 13:00,retail_1,retail,0,,,,,,,,101.38,30.0,0.0,0.0,3.58,0.0,69,hitl
29,2026-05-17 13:15,supplier_1,supplier,0,907.66,,,,,,,,,,,,,69,hitl
29,2026-05-17 13:15,farm_1,farm,0,,769.0,0.0227,,,,,,,,,,,69,hitl
29,2026-05-17 13:15,slaughterhouse_1,slaughterhouse,0,,,,500.0,400.0,,,,,,,,,69,hitl
29,2026-05-17 13:15,wholesaler_1,wholesaler,0,,,,,,147.6,10.3,,,,,,,69,hitl
29,2026-05-17 13:15,retail_1,retail,0,,,,,,,,104.16,30.0,0.0,0.0,3.58,0.0,69,hitl
30,2026-05-17 13:30,supplier_1,supplier,0,906.97,,,,,,,,,,,,,69,hitl
30,2026-05-17 13:30,farm_1,farm,0,,769.0,0.0227,,,,,,,,,,,69,hitl
30,2026-05-17 13:30,slaughterhouse_1,slaughterhouse,0,,,,500.0,400.0,,,,,,,,,69,hitl
30,2026-05-17 13:30,wholesaler_1,wholesaler,0,,,,,,146.01,10.3,,,,,,,69,hitl
30,2026-05-17 13:30,retail_1,retail,0,,,,,,,,103.22,30.0,0.0,0.0,3.58,0.0,69,hitl
31,2026-05-17 13:45,supplier_1,supplier,0,905.69,,,,,,,,,,,,,69,hitl
31,2026-05-17 13:45,farm_1,farm,0,,769.0,0.0227,,,,,,,,,,,69,hitl
31,2026-05-17 13:45,slaughterhouse_1,slaughterhouse,0,,,,500.0,400.0,,,,,,,,,69,hitl
31,2026-05-17 13:45,wholesaler_1,wholesaler,0,,,,,,143.15,10.3,,,,,,,69,hitl
31,2026-05-17 13:45,retail_1,retail,0,,,,,,,,102.32,30.0,0.0,0.0,3.58,0.0,69,hitl
32,2026-05-17 14:00,supplier_1,supplier,0,904.69,,,,,,,,,,,,,69,hitl
32,2026-05-17 14:00,farm_1,farm,0,,769.0,0.0227,,,,,,,,,,,69,hitl
32,2026-05-17 14:00,slaughterhouse_1,slaughterhouse,0,,,,500.0,376.0,,,,,,,,,69,hitl
32,2026-05-17 14:00,wholesaler_1,wholesaler,0,,,,,,136.97,10.3,,,,,,,69,hitl
32,2026-05-17 14:00,retail_1,retail,0,,,,,,,,101.35,30.0,0.0,0.0,3.58,0.0,69,hitl
33,2026-05-17 14:15,supplier_1,supplier,0,904.13,,,,,,,,,,,,,69,hitl
33,2026-05-17 14:15,farm_1,farm,0,,769.0,0.0227,,,,,,,,,,,69,hitl
33,2026-05-17 14:15,slaughterhouse_1,slaughterhouse,0,,,,500.0,390.95,,,,,,,,,69,hitl
33,2026-05-17 14:15,wholesaler_1,wholesaler,0,,,,,,158.44,10.3,,,,,,,69,hitl
33,2026-05-17 14:15,retail_1,retail,0,,,,,,,,104.11,30.0,0.0,0.0,3.58,0.0,69,hitl
34,2026-05-17 14:30,supplier_1,supplier,0,902.84,,,,,,,,,,,,,69,hitl
34,2026-05-17 14:30,farm_1,farm,0,,769.0,0.0227,,,,,,,,,,,69,hitl
34,2026-05-17 14:30,slaughterhouse_1,slaughterhouse,0,,,,500.0,400.0,,,,,,,,,69,hitl
34,2026-05-17 14:30,wholesaler_1,wholesaler,0,,,,,,155.51,10.3,,,,,,,69,hitl
34,2026-05-17 14:30,retail_1,retail,0,,,,,,,,103.29,30.0,0.0,0.0,3.58,0.0,69,hitl
35,2026-05-17 14:45,supplier_1,supplier,0,901.38,,,,,,,,,,,,,69,hitl
35,2026-05-17 14:45,farm_1,farm,0,,769.0,0.0227,,,,,,,,,,,69,hitl
35,2026-05-17 14:45,slaughterhouse_1,slaughterhouse,0,,,,500.0,400.0,,,,,,,,,69,hitl
35,2026-05-17 14:45,wholesaler_1,wholesaler,0,,,,,,152.69,10.3,,,,,,,69,hitl
35,2026-05-17 14:45,retail_1,retail,0,,,,,,,,102.4,30.0,0.0,0.0,3.58,0.0,69,hitl
36,2026-05-17 15:00,supplier_1,supplier,0,900.12,,,,,,,,,,,,,69,hitl
36,2026-05-17 15:00,farm_1,farm,1,,769.0,0.0227,,,,,,,,,,,69,hitl
36,2026-05-17 15:00,slaughterhouse_1,slaughterhouse,0,,,,400.0,400.0,,,,,,,,,69,hitl
36,2026-05-17 15:00,wholesaler_1,wholesaler,0,,,,,,146.96,10.3,,,,,,,69,hitl
36,2026-05-17 15:00,retail_1,retail,0,,,,,,,,101.56,30.0,0.0,0.0,3.58,20.0,69,hitl
37,2026-05-17 15:15,supplier_1,supplier,0,899.25,,,,,,,,,,,,,69,hitl
37,2026-05-17 15:15,farm_1,farm,1,,769.0,0.0227,,,,,,,,,,,69,hitl
37,2026-05-17 15:15,slaughterhouse_1,slaughterhouse,0,,,,400.0,400.0,,,,,,,,,69,hitl
37,2026-05-17 15:15,wholesaler_1,wholesaler,0,,,,,,144.04,10.3,,,,,,,69,hitl
37,2026-05-17 15:15,retail_1,retail,0,,,,,,,,104.02,30.0,0.0,0.0,3.58,20.0,69,hitl
38,2026-05-17 15:30,supplier_1,supplier,0,898.63,,,,,,,,,,,,,69,hitl
38,2026-05-17 15:30,farm_1,farm,1,,769.0,0.0227,,,,,,,,,,,69,hitl
38,2026-05-17 15:30,slaughterhouse_1,slaughterhouse,0,,,,400.0,400.0,,,,,,,,,69,hitl
38,2026-05-17 15:30,wholesaler_1,wholesaler,0,,,,,,141.7,10.3,,,,,,,69,hitl
38,2026-05-17 15:30,retail_1,retail,0,,,,,,,,103.22,30.0,0.0,0.0,3.58,20.0,69,hitl
39,2026-05-17 15:45,supplier_1,supplier,0,897.34,,,,,,,,,,,,,69,hitl
39,2026-05-17 15:45,farm_1,farm,1,,769.0,0.0227,,,,,,,,,,,69,hitl
39,2026-05-17 15:45,slaughterhouse_1,slaughterhouse,0,,,,400.0,400.0,,,,,,,,,69,hitl
39,2026-05-17 15:45,wholesaler_1,wholesaler,0,,,,,,139.06,10.3,,,,,,,69,hitl
39,2026-05-17 15:45,retail_1,retail,0,,,,,,,,102.3,30.0,0.0,0.0,3.58,20.0,69,hitl
40,2026-05-17 16:00,supplier_1,supplier,0,896.36,,,,,,,,,,,,,69,hitl
40,2026-05-17 16:00,farm_1,farm,1,,769.0,0.0227,,,,,,,,,,,69,hitl
40,2026-05-17 16:00,slaughterhouse_1,slaughterhouse,0,,,,400.0,376.0,,,,,,,,,69,hitl
40,2026-05-17 16:00,wholesaler_1,wholesaler,0,,,,,,133.08,10.3,,,,,,,69,hitl
40,2026-05-17 16:00,retail_1,retail,0,,,,,,,,101.31,30.0,0.0,0.0,3.58,20.0,69,hitl
41,2026-05-17 16:15,supplier_1,supplier,0,895.54,,,,,,,,,,,,,69,hitl
41,2026-05-17 16:15,farm_1,farm,1,,769.0,0.0227,,,,,,,,,,,69,hitl
41,2026-05-17 16:15,slaughterhouse_1,slaughterhouse,0,,,,400.0,386.84,,,,,,,,,69,hitl
41,2026-05-17 16:15,wholesaler_1,wholesaler,0,,,,,,154.17,10.3,,,,,,,69,hitl
41,2026-05-17 16:15,retail_1,retail,0,,,,,,,,104.18,30.0,0.0,0.0,3.58,20.0,69,hitl
42,2026-05-17 16:30,supplier_1,supplier,0,895.03,,,,,,,,,,,,,69,hitl
42,2026-05-17 16:30,farm_1,farm,1,,769.0,0.0227,,,,,,,,,,,69,hitl
42,2026-05-17 16:30,slaughterhouse_1,slaughterhouse,0,,,,400.0,397.54,,,,,,,,,69,hitl
42,2026-05-17 16:30,wholesaler_1,wholesaler,0,,,,,,152.49,10.3,,,,,,,69,hitl
42,2026-05-17 16:30,retail_1,retail,0,,,,,,,,103.35,30.0,0.0,0.0,3.58,20.0,69,hitl
43,2026-05-17 16:45,supplier_1,supplier,0,894.1,,,,,,,,,,,,,69,hitl
43,2026-05-17 16:45,farm_1,farm,1,,769.0,0.0227,,,,,,,,,,,69,hitl
43,2026-05-17 16:45,slaughterhouse_1,slaughterhouse,0,,,,400.0,400.0,,,,,,,,,69,hitl
43,2026-05-17 16:45,wholesaler_1,wholesaler,0,,,,,,150.61,10.3,,,,,,,69,hitl
43,2026-05-17 16:45,retail_1,retail,0,,,,,,,,102.55,30.0,0.0,0.0,3.58,20.0,69,hitl
44,2026-05-17 17:00,supplier_1,supplier,0,892.85,,,,,,,,,,,,,69,hitl
44,2026-05-17 17:00,farm_1,farm,1,,769.0,0.0227,,,,,,,,,,,69,hitl
44,2026-05-17 17:00,slaughterhouse_1,slaughterhouse,0,,,,400.0,400.0,,,,,,,,,69,hitl
44,2026-05-17 17:00,wholesaler_1,wholesaler,0,,,,,,145.24,10.3,,,,,,,69,hitl
44,2026-05-17 17:00,retail_1,retail,0,,,,,,,,101.66,30.0,0.0,0.0,3.58,20.0,69,hitl
45,2026-05-17 17:15,supplier_1,supplier,0,891.64,,,,,,,,,,,,,69,hitl
45,2026-05-17 17:15,farm_1,farm,1,,769.0,0.0227,,,,,,,,,,,69,hitl
45,2026-05-17 17:15,slaughterhouse_1,slaughterhouse,0,,,,400.0,400.0,,,,,,,,,69,hitl
45,2026-05-17 17:15,wholesaler_1,wholesaler,0,,,,,,142.73,10.3,,,,,,,69,hitl
45,2026-05-17 17:15,retail_1,retail,0,,,,,,,,104.02,30.0,0.0,0.0,3.58,20.0,69,hitl
46,2026-05-17 17:30,supplier_1,supplier,0,891.13,,,,,,,,,,,,,69,hitl
46,2026-05-17 17:30,farm_1,farm,1,,769.0,0.0227,,,,,,,,,,,69,hitl
46,2026-05-17 17:30,slaughterhouse_1,slaughterhouse,0,,,,400.0,400.0,,,,,,,,,69,hitl
46,2026-05-17 17:30,wholesaler_1,wholesaler,0,,,,,,140.79,10.3,,,,,,,69,hitl
46,2026-05-17 17:30,retail_1,retail,0,,,,,,,,103.1,30.0,0.0,0.0,3.58,20.0,69,hitl
47,2026-05-17 17:45,supplier_1,supplier,0,890.36,,,,,,,,,,,,,69,hitl
47,2026-05-17 17:45,farm_1,farm,1,,769.0,0.0227,,,,,,,,,,,69,hitl
47,2026-05-17 17:45,slaughterhouse_1,slaughterhouse,0,,,,400.0,400.0,,,,,,,,,69,hitl
47,2026-05-17 17:45,wholesaler_1,wholesaler,0,,,,,,138.36,10.3,,,,,,,69,hitl
47,2026-05-17 17:45,retail_1,retail,0,,,,,,,,102.14,30.0,0.0,0.0,3.58,20.0,69,hitl
48,2026-05-17 18:00,supplier_1,supplier,0,889.1,,,,,,,,,,,,,69,hitl
48,2026-05-17 18:00,farm_1,farm,1,,380.0,0.14,,,,,,,,,,,69,hitl
48,2026-05-17 18:00,slaughterhouse_1,slaughterhouse,0,,,,400.0,376.0,,,,,,,,,69,hitl
48,2026-05-17 18:00,wholesaler_1,wholesaler,0,,,,,,132.81,10.3,,,,,,,69,hitl
48,2026-05-17 18:00,retail_1,retail,0,,,,,,,,101.25,30.0,0.0,0.0,3.58,20.0,69,hitl
49,2026-05-17 18:15,supplier_1,supplier,0,888.36,,,,,,,,,,,,,69,hitl
49,2026-05-17 18:15,farm_1,farm,1,,380.0,0.14,,,,,,,,,,,69,hitl
49,2026-05-17 18:15,slaughterhouse_1,slaughterhouse,0,,,,400.0,386.83,,,,,,,,,69,hitl
49,2026-05-17 18:15,wholesaler_1,wholesaler,0,,,,,,154.78,10.3,,,,,,,69,hitl
49,2026-05-17 18:15,retail_1,retail,0,,,,,,,,104.04,30.0,0.0,0.0,3.58,20.0,69,hitl
50,2026-05-17 18:30,supplier_1,supplier,0,887.03,,,,,,,,,,,,,69,hitl
50,2026-05-17 18:30,farm_1,farm,1,,380.0,0.14,,,,,,,,,,,69,hitl
50,2026-05-17 18:30,slaughterhouse_1,slaughterhouse,0,,,,400.0,397.24,,,,,,,,,69,hitl
50,2026-05-17 18:30,wholesaler_1,wholesaler,0,,,,,,152.19,10.3,,,,,,,69,hitl
50,2026-05-17 18:30,retail_1,retail,0,,,,,,,,103.1,30.0,0.0,0.0,3.58,20.0,69,hitl
51,2026-05-17 18:45,supplier_1,supplier,0,885.73,,,,,,,,,,,,,69,hitl
51,2026-05-17 18:45,farm_1,farm,1,,380.0,0.14,,,,,,,,,,,69,hitl
51,2026-05-17 18:45,slaughterhouse_1,slaughterhouse,0,,,,400.0,400.0,,,,,,,,,69,hitl
51,2026-05-17 18:45,wholesaler_1,wholesaler,0,,,,,,149.88,10.3,,,,,,,69,hitl
51,2026-05-17 18:45,retail_1,retail,0,,,,,,,,102.17,30.0,0.0,0.0,3.58,20.0,69,hitl
52,2026-05-17 19:00,supplier_1,supplier,0,884.64,,,,,,,,,,,,,69,hitl
52,2026-05-17 19:00,farm_1,farm,1,,380.0,0.14,,,,,,,,,,,69,hitl
52,2026-05-17 19:00,slaughterhouse_1,slaughterhouse,0,,,,400.0,400.0,,,,,,,,,69,hitl
52,2026-05-17 19:00,wholesaler_1,wholesaler,0,,,,,,144.62,10.3,,,,,,,69,hitl
52,2026-05-17 19:00,retail_1,retail,0,,,,,,,,101.38,30.0,0.0,0.0,3.58,20.0,69,hitl
53,2026-05-17 19:15,supplier_1,supplier,0,883.67,,,,,,,,,,,,,69,hitl
53,2026-05-17 19:15,farm_1,farm,1,,380.0,0.14,,,,,,,,,,,69,hitl
53,2026-05-17 19:15,slaughterhouse_1,slaughterhouse,0,,,,400.0,400.0,,,,,,,,,69,hitl
53,2026-05-17 19:15,wholesaler_1,wholesaler,0,,,,,,143.06,10.3,,,,,,,69,hitl
53,2026-05-17 19:15,retail_1,retail,0,,,,,,,,104.1,30.0,0.0,0.0,3.58,20.0,69,hitl
54,2026-05-17 19:30,supplier_1,supplier,0,883.09,,,,,,,,,,,,,69,hitl
54,2026-05-17 19:30,farm_1,farm,1,,380.0,0.14,,,,,,,,,,,69,hitl
54,2026-05-17 19:30,slaughterhouse_1,slaughterhouse,0,,,,400.0,400.0,,,,,,,,,69,hitl
54,2026-05-17 19:30,wholesaler_1,wholesaler,0,,,,,,141.19,10.3,,,,,,,69,hitl
54,2026-05-17 19:30,retail_1,retail,0,,,,,,,,103.16,30.0,0.0,0.0,3.58,20.0,69,hitl
55,2026-05-17 19:45,supplier_1,supplier,0,882.31,,,,,,,,,,,,,69,hitl
55,2026-05-17 19:45,farm_1,farm,1,,380.0,0.14,,,,,,,,,,,69,hitl
55,2026-05-17 19:45,slaughterhouse_1,slaughterhouse,0,,,,400.0,400.0,,,,,,,,,69,hitl
55,2026-05-17 19:45,wholesaler_1,wholesaler,0,,,,,,138.77,10.3,,,,,,,69,hitl
55,2026-05-17 19:45,retail_1,retail,0,,,,,,,,102.33,30.0,0.0,0.0,3.58,20.0,69,hitl
56,2026-05-17 20:00,supplier_1,supplier,0,881.2,,,,,,,,,,,,,69,hitl
56,2026-05-17 20:00,farm_1,farm,1,,380.0,0.14,,,,,,,,,,,69,hitl
56,2026-05-17 20:00,slaughterhouse_1,slaughterhouse,0,,,,400.0,376.0,,,,,,,,,69,hitl
56,2026-05-17 20:00,wholesaler_1,wholesaler,0,,,,,,132.45,10.3,,,,,,,69,hitl
56,2026-05-17 20:00,retail_1,retail,0,,,,,,,,101.47,30.0,0.0,0.0,3.58,20.0,69,hitl
57,2026-05-17 20:15,supplier_1,supplier,0,880.45,,,,,,,,,,,,,69,hitl
57,2026-05-17 20:15,farm_1,farm,1,,380.0,0.14,,,,,,,,,,,69,hitl
57,2026-05-17 20:15,slaughterhouse_1,slaughterhouse,0,,,,400.0,387.65,,,,,,,,,69,hitl
57,2026-05-17 20:15,wholesaler_1,wholesaler,0,,,,,,153.72,10.3,,,,,,,69,hitl
57,2026-05-17 20:15,retail_1,retail,0,,,,,,,,104.2,30.0,0.0,0.0,3.58,20.0,69,hitl
58,2026-05-17 20:30,supplier_1,supplier,0,879.1,,,,,,,,,,,,,69,hitl
58,2026-05-17 20:30,farm_1,farm,1,,380.0,0.14,,,,,,,,,,,69,hitl
58,2026-05-17 20:30,slaughterhouse_1,slaughterhouse,0,,,,400.0,398.3,,,,,,,,,69,hitl
58,2026-05-17 20:30,wholesaler_1,wholesaler,0,,,,,,151.8,10.3,,,,,,,69,hitl
58,2026-05-17 20:30,retail_1,retail,0,,,,,,,,103.23,30.0,0.0,0.0,3.58,20.0,69,hitl
59,2026-05-17 20:45,supplier_1,supplier,0,878.33,,,,,,,,,,,,,69,hitl
59,2026-05-17 20:45,farm_1,farm,1,,380.0,0.14,,,,,,,,,,,69,hitl
59,2026-05-17 20:45,slaughterhouse_1,slaughterhouse,0,,,,400.0,400.0,,,,,,,,,69,hitl
59,2026-05-17 20:45,wholesaler_1,wholesaler,0,,,,,,149.42,10.3,,,,,,,69,hitl
59,2026-05-17 20:45,retail_1,retail,0,,,,,,,,102.35,30.0,0.0,0.0,3.58,20.0,69,hitl
60,2026-05-17 21:00,supplier_1,supplier,0,877.33,,,,,,,,,,,,,69,hitl
60,2026-05-17 21:00,farm_1,farm,1,,380.0,0.14,,,,,,,,,,,69,hitl
60,2026-05-17 21:00,slaughterhouse_1,slaughterhouse,0,,,,400.0,400.0,,,,,,,,,69,hitl
60,2026-05-17 21:00,wholesaler_1,wholesaler,0,,,,,,143.41,10.3,,,,,,,69,hitl
60,2026-05-17 21:00,retail_1,retail,0,,,,,,,,101.35,30.0,0.0,0.0,3.58,20.0,69,hitl
61,2026-05-17 21:15,supplier_1,supplier,0,876.64,,,,,,,,,,,,,69,hitl
61,2026-05-17 21:15,farm_1,farm,1,,380.0,0.14,,,,,,,,,,,69,hitl
61,2026-05-17 21:15,slaughterhouse_1,slaughterhouse,0,,,,400.0,400.0,,,,,,,,,69,hitl
61,2026-05-17 21:15,wholesaler_1,wholesaler,0,,,,,,141.31,10.3,,,,,,,69,hitl
61,2026-05-17 21:15,retail_1,retail,0,,,,,,,,104.05,30.0,0.0,0.0,3.58,20.0,69,hitl
62,2026-05-17 21:30,supplier_1,supplier,0,875.28,,,,,,,,,,,,,69,hitl
62,2026-05-17 21:30,farm_1,farm,1,,380.0,0.14,,,,,,,,,,,69,hitl
62,2026-05-17 21:30,slaughterhouse_1,slaughterhouse,0,,,,400.0,400.0,,,,,,,,,69,hitl
62,2026-05-17 21:30,wholesaler_1,wholesaler,0,,,,,,138.99,10.3,,,,,,,69,hitl
62,2026-05-17 21:30,retail_1,retail,0,,,,,,,,103.11,30.0,0.0,0.0,3.58,20.0,69,hitl
63,2026-05-17 21:45,supplier_1,supplier,0,873.94,,,,,,,,,,,,,69,hitl
63,2026-05-17 21:45,farm_1,farm,1,,380.0,0.14,,,,,,,,,,,69,hitl
63,2026-05-17 21:45,slaughterhouse_1,slaughterhouse,0,,,,400.0,400.0,,,,,,,,,69,hitl
63,2026-05-17 21:45,wholesaler_1,wholesaler,0,,,,,,137.01,10.3,,,,,,,69,hitl
63,2026-05-17 21:45,retail_1,retail,0,,,,,,,,102.12,30.0,0.0,0.0,3.58,20.0,69,hitl
64,2026-05-17 22:00,supplier_1,supplier,0,872.87,,,,,,,,,,,,,69,hitl
64,2026-05-17 22:00,farm_1,farm,1,,380.0,0.14,,,,,,,,,,,69,hitl
64,2026-05-17 22:00,slaughterhouse_1,slaughterhouse,0,,,,400.0,376.0,,,,,,,,,69,hitl
64,2026-05-17 22:00,wholesaler_1,wholesaler,0,,,,,,130.51,10.3,,,,,,,69,hitl
64,2026-05-17 22:00,retail_1,retail,0,,,,,,,,101.32,30.0,0.0,0.0,3.58,20.0,69,hitl
65,2026-05-17 22:15,supplier_1,supplier,0,872.37,,,,,,,,,,,,,69,hitl
65,2026-05-17 22:15,farm_1,farm,1,,380.0,0.14,,,,,,,,,,,69,hitl
65,2026-05-17 22:15,slaughterhouse_1,slaughterhouse,0,,,,400.0,387.15,,,,,,,,,69,hitl
65,2026-05-17 22:15,wholesaler_1,wholesaler,0,,,,,,151.62,10.3,,,,,,,69,hitl
65,2026-05-17 22:15,retail_1,retail,0,,,,,,,,104.15,30.0,0.0,0.0,3.58,20.0,69,hitl
66,2026-05-17 22:30,supplier_1,supplier,0,871.25,,,,,,,,,,,,,69,hitl
66,2026-05-17 22:30,farm_1,farm,1,,380.0,0.14,,,,,,,,,,,69,hitl
66,2026-05-17 22:30,slaughterhouse_1,slaughterhouse,0,,,,400.0,397.4,,,,,,,,,69,hitl
66,2026-05-17 22:30,wholesaler_1,wholesaler,0,,,,,,149.51,10.3,,,,,,,69,hitl
66,2026-05-17 22:30,retail_1,retail,0,,,,,,,,103.2,30.0,0.0,0.0,3.58,20.0,69,hitl
67,2026-05-17 22:45,supplier_1,supplier,0,870.0,,,,,,,,,,,,,69,hitl
67,2026-05-17 22:45,farm_1,farm,1,,380.0,0.14,,,,,,,,,,,69,hitl
67,2026-05-17 22:45,slaughterhouse_1,slaughterhouse,0,,,,400.0,400.0,,,,,,,,,69,hitl
67,2026-05-17 22:45,wholesaler_1,wholesaler,0,,,,,,147.09,10.3,,,,,,,69,hitl
67,2026-05-17 22:45,retail_1,retail,0,,,,,,,,102.4,30.0,0.0,0.0,3.58,20.0,69,hitl
68,2026-05-17 23:00,supplier_1,supplier,0,868.85,,,,,,,,,,,,,69,hitl
68,2026-05-17 23:00,farm_1,farm,1,,380.0,0.14,,,,,,,,,,,69,hitl
68,2026-05-17 23:00,slaughterhouse_1,slaughterhouse,0,,,,400.0,400.0,,,,,,,,,69,hitl
68,2026-05-17 23:00,wholesaler_1,wholesaler,0,,,,,,141.24,10.3,,,,,,,69,hitl
68,2026-05-17 23:00,retail_1,retail,0,,,,,,,,101.46,30.0,0.0,0.0,3.58,20.0,69,hitl
69,2026-05-17 23:15,supplier_1,supplier,0,868.23,,,,,,,,,,,,,69,hitl
69,2026-05-17 23:15,farm_1,farm,1,,380.0,0.14,,,,,,,,,,,69,hitl
69,2026-05-17 23:15,slaughterhouse_1,slaughterhouse,0,,,,400.0,400.0,,,,,,,,,69,hitl
69,2026-05-17 23:15,wholesaler_1,wholesaler,0,,,,,,139.58,10.3,,,,,,,69,hitl
69,2026-05-17 23:15,retail_1,retail,0,,,,,,,,104.06,30.0,0.0,0.0,3.58,20.0,69,hitl
70,2026-05-17 23:30,supplier_1,supplier,0,867.15,,,,,,,,,,,,,69,hitl
70,2026-05-17 23:30,farm_1,farm,1,,380.0,0.14,,,,,,,,,,,69,hitl
70,2026-05-17 23:30,slaughterhouse_1,slaughterhouse,0,,,,400.0,400.0,,,,,,,,,69,hitl
70,2026-05-17 23:30,wholesaler_1,wholesaler,0,,,,,,137.88,10.3,,,,,,,69,hitl
70,2026-05-17 23:30,retail_1,retail,0,,,,,,,,103.13,30.0,0.0,0.0,3.58,20.0,69,hitl
71,2026-05-17 23:45,supplier_1,supplier,0,866.12,,,,,,,,,,,,,69,hitl
71,2026-05-17 23:45,farm_1,farm,1,,380.0,0.14,,,,,,,,,,,69,hitl
71,2026-05-17 23:45,slaughterhouse_1,slaughterhouse,0,,,,400.0,400.0,,,,,,,,,69,hitl
71,2026-05-17 23:45,wholesaler_1,wholesaler,0,,,,,,135.2,10.3,,,,,,,69,hitl
71,2026-05-17 23:45,retail_1,retail,0,,,,,,,,102.28,30.0,0.0,0.0,3.58,20.0,69,hitl
72,2026-05-18 00:00,supplier_1,supplier,0,864.84,,,,,,,,,,,,,69,hitl
72,2026-05-18 00:00,farm_1,farm,1,,380.0,0.14,,,,,,,,,,,69,hitl
72,2026-05-18 00:00,slaughterhouse_1,slaughterhouse,0,,,,400.0,376.0,,,,,,,,,69,hitl
72,2026-05-18 00:00,wholesaler_1,wholesaler,0,,,,,,129.94,10.3,,,,,,,69,hitl
72,2026-05-18 00:00,retail_1,retail,0,,,,,,,,101.47,30.0,0.0,0.0,3.58,20.0,69,hitl
73,2026-05-18 00:15,supplier_1,supplier,0,863.69,,,,,,,,,,,,,69,hitl
73,2026-05-18 00:15,farm_1,farm,1,,380.0,0.14,,,,,,,,,,,69,hitl
73,2026-05-18 00:15,slaughterhouse_1,slaughterhouse,0,,,,400.0,386.81,,,,,,,,,69,hitl
73,2026-05-18 00:15,wholesaler_1,wholesaler,0,,,,,,151.08,10.3,,,,,,,69,hitl
73,2026-05-18 00:15,retail_1,retail,0,,,,,,,,104.12,30.0,0.0,0.0,3.58,20.0,69,hitl
74,2026-05-18 00:30,supplier_1,supplier,0,862.23,,,,,,,,,,,,,69,hitl
74,2026-05-18 00:30,farm_1,farm,1,,380.0,0.14,,,,,,,,,,,69,hitl
74,2026-05-18 00:30,slaughterhouse_1,slaughterhouse,0,,,,400.0,397.02,,,,,,,,,69,hitl
74,2026-05-18 00:30,wholesaler_1,wholesaler,0,,,,,,148.66,10.3,,,,,,,69,hitl
74,2026-05-18 00:30,retail_1,retail,0,,,,,,,,103.15,30.0,0.0,0.0,3.58,20.0,69,hitl
75,2026-05-18 00:45,supplier_1,supplier,0,861.48,,,,,,,,,,,,,69,hitl
75,2026-05-18 00:45,farm_1,farm,1,,380.0,0.14,,,,,,,,,,,69,hitl
75,2026-05-18 00:45,slaughterhouse_1,slaughterhouse,0,,,,400.0,400.0,,,,,,,,,69,hitl
75,2026-05-18 00:45,wholesaler_1,wholesaler,0,,,,,,145.8,10.3,,,,,,,69,hitl
75,2026-05-18 00:45,retail_1,retail,0,,,,,,,,102.21,30.0,0.0,0.0,3.58,20.0,69,hitl
76,2026-05-18 01:00,supplier_1,supplier,0,860.03,,,,,,,,,,,,,69,hitl
76,2026-05-18 01:00,farm_1,farm,1,,380.0,0.14,,,,,,,,,,,69,hitl
76,2026-05-18 01:00,slaughterhouse_1,slaughterhouse,0,,,,400.0,400.0,,,,,,,,,69,hitl
76,2026-05-18 01:00,wholesaler_1,wholesaler,0,,,,,,139.76,10.3,,,,,,,69,hitl
76,2026-05-18 01:00,retail_1,retail,0,,,,,,,,101.35,30.0,0.0,0.0,3.58,20.0,69,hitl
77,2026-05-18 01:15,supplier_1,supplier,0,858.81,,,,,,,,,,,,,69,hitl
77,2026-05-18 01:15,farm_1,farm,1,,380.0,0.14,,,,,,,,,,,69,hitl
77,2026-05-18 01:15,slaughterhouse_1,slaughterhouse,0,,,,400.0,400.0,,,,,,,,,69,hitl
77,2026-05-18 01:15,wholesaler_1,wholesaler,0,,,,,,137.67,10.3,,,,,,,69,hitl
77,2026-05-18 01:15,retail_1,retail,0,,,,,,,,104.06,30.0,0.0,0.0,3.58,20.0,69,hitl
78,2026-05-18 01:30,supplier_1,supplier,0,857.79,,,,,,,,,,,,,69,hitl
78,2026-05-18 01:30,farm_1,farm,1,,380.0,0.14,,,,,,,,,,,69,hitl
78,2026-05-18 01:30,slaughterhouse_1,slaughterhouse,0,,,,400.0,400.0,,,,,,,,,69,hitl
78,2026-05-18 01:30,wholesaler_1,wholesaler,0,,,,,,135.23,10.3,,,,,,,69,hitl
78,2026-05-18 01:30,retail_1,retail,0,,,,,,,,103.18,30.0,0.0,0.0,3.58,20.0,69,hitl
79,2026-05-18 01:45,supplier_1,supplier,0,856.89,,,,,,,,,,,,,69,hitl
79,2026-05-18 01:45,farm_1,farm,1,,380.0,0.14,,,,,,,,,,,69,hitl
79,2026-05-18 01:45,slaughterhouse_1,slaughterhouse,0,,,,400.0,400.0,,,,,,,,,69,hitl
79,2026-05-18 01:45,wholesaler_1,wholesaler,0,,,,,,133.12,10.3,,,,,,,69,hitl
79,2026-05-18 01:45,retail_1,retail,0,,,,,,,,102.27,30.0,0.0,0.0,3.58,20.0,69,hitl
80,2026-05-18 02:00,supplier_1,supplier,0,856.02,,,,,,,,,,,,,69,hitl
80,2026-05-18 02:00,farm_1,farm,1,,380.0,0.14,,,,,,,,,,,69,hitl
80,2026-05-18 02:00,slaughterhouse_1,slaughterhouse,0,,,,400.0,376.0,,,,,,,,,69,hitl
80,2026-05-18 02:00,wholesaler_1,wholesaler,0,,,,,,127.57,10.3,,,,,,,69,hitl
80,2026-05-18 02:00,retail_1,retail,0,,,,,,,,101.3,30.0,0.0,0.0,3.58,20.0,69,hitl
81,2026-05-18 02:15,supplier_1,supplier,0,855.45,,,,,,,,,,,,,69,hitl
81,2026-05-18 02:15,farm_1,farm,1,,380.0,0.14,,,,,,,,,,,69,hitl
81,2026-05-18 02:15,slaughterhouse_1,slaughterhouse,0,,,,400.0,386.48,,,,,,,,,69,hitl
81,2026-05-18 02:15,wholesaler_1,wholesaler,0,,,,,,149.69,10.3,,,,,,,69,hitl
81,2026-05-18 02:15,retail_1,retail,0,,,,,,,,104.13,30.0,0.0,0.0,3.58,20.0,69,hitl
82,2026-05-18 02:30,supplier_1,supplier,0,854.56,,,,,,,,,,,,,69,hitl
82,2026-05-18 02:30,farm_1,farm,1,,380.0,0.14,,,,,,,,,,,69,hitl
82,2026-05-18 02:30,slaughterhouse_1,slaughterhouse,0,,,,400.0,397.91,,,,,,,,,69,hitl
82,2026-05-18 02:30,wholesaler_1,wholesaler,0,,,,,,147.21,10.3,,,,,,,69,hitl
82,2026-05-18 02:30,retail_1,retail,0,,,,,,,,103.33,30.0,0.0,0.0,3.58,20.0,69,hitl
83,2026-05-18 02:45,supplier_1,supplier,0,854.05,,,,,,,,,,,,,69,hitl
83,2026-05-18 02:45,farm_1,farm,1,,380.0,0.14,,,,,,,,,,,69,hitl
83,2026-05-18 02:45,slaughterhouse_1,slaughterhouse,0,,,,400.0,400.0,,,,,,,,,69,hitl
83,2026-05-18 02:45,wholesaler_1,wholesaler,0,,,,,,145.53,10.3,,,,,,,69,hitl
83,2026-05-18 02:45,retail_1,retail,0,,,,,,,,102.43,30.0,0.0,0.0,3.58,20.0,69,hitl
84,2026-05-18 03:00,supplier_1,supplier,0,853.36,,,,,,,,,,,,,69,hitl
84,2026-05-18 03:00,farm_1,farm,1,,380.0,0.14,,,,,,,,,,,69,hitl
84,2026-05-18 03:00,slaughterhouse_1,slaughterhouse,0,,,,400.0,400.0,,,,,,,,,69,hitl
84,2026-05-18 03:00,wholesaler_1,wholesaler,0,,,,,,139.57,10.3,,,,,,,69,hitl
84,2026-05-18 03:00,retail_1,retail,0,,,,,,,,101.5,30.0,0.0,0.0,3.58,20.0,69,hitl
85,2026-05-18 03:15,supplier_1,supplier,0,851.96,,,,,,,,,,,,,69,hitl
85,2026-05-18 03:15,farm_1,farm,1,,380.0,0.14,,,,,,,,,,,69,hitl
85,2026-05-18 03:15,slaughterhouse_1,slaughterhouse,0,,,,400.0,400.0,,,,,,,,,69,hitl
85,2026-05-18 03:15,wholesaler_1,wholesaler,0,,,,,,137.32,10.3,,,,,,,69,hitl
85,2026-05-18 03:15,retail_1,retail,0,,,,,,,,104.01,30.0,0.0,0.0,3.58,20.0,69,hitl
86,2026-05-18 03:30,supplier_1,supplier,0,850.85,,,,,,,,,,,,,69,hitl
86,2026-05-18 03:30,farm_1,farm,1,,380.0,0.14,,,,,,,,,,,69,hitl
86,2026-05-18 03:30,slaughterhouse_1,slaughterhouse,0,,,,400.0,400.0,,,,,,,,,69,hitl
86,2026-05-18 03:30,wholesaler_1,wholesaler,0,,,,,,135.22,10.3,,,,,,,69,hitl
86,2026-05-18 03:30,retail_1,retail,0,,,,,,,,103.21,30.0,0.0,0.0,3.58,20.0,69,hitl
87,2026-05-18 03:45,supplier_1,supplier,0,850.21,,,,,,,,,,,,,69,hitl
87,2026-05-18 03:45,farm_1,farm,1,,380.0,0.14,,,,,,,,,,,69,hitl
87,2026-05-18 03:45,slaughterhouse_1,slaughterhouse,0,,,,400.0,400.0,,,,,,,,,69,hitl
87,2026-05-18 03:45,wholesaler_1,wholesaler,0,,,,,,133.14,10.3,,,,,,,69,hitl
87,2026-05-18 03:45,retail_1,retail,0,,,,,,,,102.35,30.0,0.0,0.0,3.58,20.0,69,hitl
88,2026-05-18 04:00,supplier_1,supplier,0,849.41,,,,,,,,,,,,,69,hitl
88,2026-05-18 04:00,farm_1,farm,1,,380.0,0.14,,,,,,,,,,,69,hitl
88,2026-05-18 04:00,slaughterhouse_1,slaughterhouse,0,,,,400.0,376.0,,,,,,,,,69,hitl
88,2026-05-18 04:00,wholesaler_1,wholesaler,0,,,,,,127.33,10.3,,,,,,,69,hitl
88,2026-05-18 04:00,retail_1,retail,0,,,,,,,,101.54,30.0,0.0,0.0,3.58,20.0,69,hitl
89,2026-05-18 04:15,supplier_1,supplier,0,848.51,,,,,,,,,,,,,69,hitl
89,2026-05-18 04:15,farm_1,farm,1,,380.0,0.14,,,,,,,,,,,69,hitl
89,2026-05-18 04:15,slaughterhouse_1,slaughterhouse,0,,,,400.0,386.31,,,,,,,,,69,hitl
89,2026-05-18 04:15,wholesaler_1,wholesaler,0,,,,,,148.8,10.3,,,,,,,69,hitl
89,2026-05-18 04:15,retail_1,retail,0,,,,,,,,104.09,30.0,0.0,0.0,3.58,20.0,69,hitl
90,2026-05-18 04:30,supplier_1,supplier,0,847.74,,,,,,,,,,,,,69,hitl
90,2026-05-18 04:30,farm_1,farm,1,,380.0,0.14,,,,,,,,,,,69,hitl
90,2026-05-18 04:30,slaughterhouse_1,slaughterhouse,0,,,,400.0,397.69,,,,,,,,,69,hitl
90,2026-05-18 04:30,wholesaler_1,wholesaler,0,,,,,,146.68,10.3,,,,,,,69,hitl
90,2026-05-18 04:30,retail_1,retail,0,,,,,,,,103.11,30.0,0.0,0.0,3.58,20.0,69,hitl
91,2026-05-18 04:45,supplier_1,supplier,0,846.48,,,,,,,,,,,,,69,hitl
91,2026-05-18 04:45,farm_1,farm,1,,380.0,0.14,,,,,,,,,,,69,hitl
91,2026-05-18 04:45,slaughterhouse_1,slaughterhouse,0,,,,400.0,400.0,,,,,,,,,69,hitl
91,2026-05-18 04:45,wholesaler_1,wholesaler,0,,,,,,144.42,10.3,,,,,,,69,hitl
91,2026-05-18 04:45,retail_1,retail,0,,,,,,,,102.32,30.0,0.0,0.0,3.58,20.0,69,hitl
92,2026-05-18 05:00,supplier_1,supplier,0,845.37,,,,,,,,,,,,,69,hitl
92,2026-05-18 05:00,farm_1,farm,1,,380.0,0.14,,,,,,,,,,,69,hitl
92,2026-05-18 05:00,slaughterhouse_1,slaughterhouse,0,,,,400.0,400.0,,,,,,,,,69,hitl
92,2026-05-18 05:00,wholesaler_1,wholesaler,0,,,,,,138.64,10.3,,,,,,,69,hitl
92,2026-05-18 05:00,retail_1,retail,0,,,,,,,,101.42,30.0,0.0,0.0,3.58,20.0,69,hitl
93,2026-05-18 05:15,supplier_1,supplier,0,843.95,,,,,,,,,,,,,69,hitl
93,2026-05-18 05:15,farm_1,farm,1,,380.0,0.14,,,,,,,,,,,69,hitl
93,2026-05-18 05:15,slaughterhouse_1,slaughterhouse,0,,,,400.0,400.0,,,,,,,,,69,hitl
93,2026-05-18 05:15,wholesaler_1,wholesaler,0,,,,,,136.34,10.3,,,,,,,69,hitl
93,2026-05-18 05:15,retail_1,retail,0,,,,,,,,104.01,30.0,0.0,0.0,3.58,20.0,69,hitl
94,2026-05-18 05:30,supplier_1,supplier,0,842.87,,,,,,,,,,,,,69,hitl
94,2026-05-18 05:30,farm_1,farm,1,,380.0,0.14,,,,,,,,,,,69,hitl
94,2026-05-18 05:30,slaughterhouse_1,slaughterhouse,0,,,,400.0,400.0,,,,,,,,,69,hitl
94,2026-05-18 05:30,wholesaler_1,wholesaler,0,,,,,,134.05,10.3,,,,,,,69,hitl
94,2026-05-18 05:30,retail_1,retail,0,,,,,,,,103.14,30.0,0.0,0.0,3.58,20.0,69,hitl
95,2026-05-18 05:45,supplier_1,supplier,0,841.7,,,,,,,,,,,,,69,hitl
95,2026-05-18 05:45,farm_1,farm,1,,380.0,0.14,,,,,,,,,,,69,hitl
95,2026-05-18 05:45,slaughterhouse_1,slaughterhouse,0,,,,400.0,400.0,,,,,,,,,69,hitl
95,2026-05-18 05:45,wholesaler_1,wholesaler,0,,,,,,131.4,10.3,,,,,,,69,hitl
95,2026-05-18 05:45,retail_1,retail,0,,,,,,,,102.16,30.0,0.0,0.0,3.58,20.0,69,hitl
96,2026-05-18 06:00,supplier_1,supplier,0,841.2,,,,,,,,,,,,,69,hitl
96,2026-05-18 06:00,farm_1,farm,1,,380.0,0.14,,,,,,,,,,,69,hitl
96,2026-05-18 06:00,slaughterhouse_1,slaughterhouse,1,,,,175.0,82.41,,,,,,,,,69,hitl
96,2026-05-18 06:00,wholesaler_1,wholesaler,0,,,,,,125.44,10.3,,,,,,,69,hitl
96,2026-05-18 06:00,retail_1,retail,0,,,,,,,,101.31,30.0,0.0,0.0,3.58,20.0,69,hitl
97,2026-05-18 06:15,supplier_1,supplier,0,840.69,,,,,,,,,,,,,69,hitl
97,2026-05-18 06:15,farm_1,farm,1,,380.0,0.14,,,,,,,,,,,69,hitl
97,2026-05-18 06:15,slaughterhouse_1,slaughterhouse,1,,,,175.0,86.91,,,,,,,,,69,hitl
97,2026-05-18 06:15,wholesaler_1,wholesaler,0,,,,,,127.66,10.3,,,,,,,69,hitl
97,2026-05-18 06:15,retail_1,retail,0,,,,,,,,104.2,30.0,0.0,0.0,3.58,20.0,69,hitl
98,2026-05-18 06:30,supplier_1,supplier,0,839.58,,,,,,,,,,,,,69,hitl
98,2026-05-18 06:30,farm_1,farm,1,,380.0,0.14,,,,,,,,,,,69,hitl
98,2026-05-18 06:30,slaughterhouse_1,slaughterhouse,1,,,,175.0,92.15,,,,,,,,,69,hitl
98,2026-05-18 06:30,wholesaler_1,wholesaler,0,,,,,,125.21,10.3,,,,,,,69,hitl
98,2026-05-18 06:30,retail_1,retail,0,,,,,,,,103.34,30.0,0.0,0.0,3.58,20.0,69,hitl
99,2026-05-18 06:45,supplier_1,supplier,0,838.19,,,,,,,,,,,,,69,hitl
99,2026-05-18 06:45,farm_1,farm,1,,380.0,0.14,,,,,,,,,,,69,hitl
99,2026-05-18 06:45,slaughterhouse_1,slaughterhouse,1,,,,175.0,96.97,,,,,,,,,69,hitl
99,2026-05-18 06:45,wholesaler_1,wholesaler,0,,,,,,123.54,10.3,,,,,,,69,hitl
99,2026-05-18 06:45,retail_1,retail,0,,,,,,,,102.46,30.0,0.0,0.0,3.58,20.0,69,hitl
100,2026-05-18 07:00,supplier_1,supplier,0,836.73,,,,,,,,,,,,,69,hitl
100,2026-05-18 07:00,farm_1,farm,1,,380.0,0.14,,,,,,,,,,,69,hitl
100,2026-05-18 07:00,slaughterhouse_1,slaughterhouse,1,,,,175.0,101.9,,,,,,,,,69,hitl
100,2026-05-18 07:00,wholesaler_1,wholesaler,0,,,,,,118.39,10.3,,,,,,,69,hitl
100,2026-05-18 07:00,retail_1,retail,0,,,,,,,,101.48,30.0,0.0,0.0,3.58,20.0,69,hitl
101,2026-05-18 07:15,supplier_1,supplier,0,835.35,,,,,,,,,,,,,69,hitl
101,2026-05-18 07:15,farm_1,farm,1,,380.0,0.14,,,,,,,,,,,69,hitl
101,2026-05-18 07:15,slaughterhouse_1,slaughterhouse,1,,,,175.0,106.7,,,,,,,,,69,hitl
101,2026-05-18 07:15,wholesaler_1,wholesaler,0,,,,,,116.01,10.3,,,,,,,69,hitl
101,2026-05-18 07:15,retail_1,retail,0,,,,,,,,104.05,30.0,0.0,0.0,3.58,20.0,69,hitl
102,2026-05-18 07:30,supplier_1,supplier,0,834.05,,,,,,,,,,,,,69,hitl
102,2026-05-18 07:30,farm_1,farm,1,,380.0,0.14,,,,,,,,,,,69,hitl
102,2026-05-18 07:30,slaughterhouse_1,slaughterhouse,1,,,,175.0,111.8,,,,,,,,,69,hitl
102,2026-05-18 07:30,wholesaler_1,wholesaler,0,,,,,,114.43,10.3,,,,,,,69,hitl
102,2026-05-18 07:30,retail_1,retail,0,,,,,,,,103.08,30.0,0.0,0.0,3.58,20.0,69,hitl
103,2026-05-18 07:45,supplier_1,supplier,0,833.47,,,,,,,,,,,,,69,hitl
103,2026-05-18 07:45,farm_1,farm,1,,380.0,0.14,,,,,,,,,,,69,hitl
103,2026-05-18 07:45,slaughterhouse_1,slaughterhouse,1,,,,175.0,116.63,,,,,,,,,69,hitl
103,2026-05-18 07:45,wholesaler_1,wholesaler,0,,,,,,112.54,10.3,,,,,,,69,hitl
103,2026-05-18 07:45,retail_1,retail,0,,,,,,,,102.25,30.0,0.0,0.0,3.58,20.0,69,hitl
104,2026-05-18 08:00,supplier_1,supplier,0,832.3,,,,,,,,,,,,,69,hitl
104,2026-05-18 08:00,farm_1,farm,1,,380.0,0.14,,,,,,,,,,,69,hitl
104,2026-05-18 08:00,slaughterhouse_1,slaughterhouse,1,,,,175.0,116.78,,,,,,,,,69,hitl
104,2026-05-18 08:00,wholesaler_1,wholesaler,0,,,,,,106.22,10.3,,,,,,,69,hitl
104,2026-05-18 08:00,retail_1,retail,0,,,,,,,,101.46,30.0,0.0,0.0,3.58,20.0,69,hitl
105,2026-05-18 08:15,supplier_1,supplier,0,831.65,,,,,,,,,,,,,69,hitl
105,2026-05-18 08:15,farm_1,farm,1,,380.0,0.14,,,,,,,,,,,69,hitl
105,2026-05-18 08:15,slaughterhouse_1,slaughterhouse,1,,,,175.0,121.5,,,,,,,,,69,hitl
105,2026-05-18 08:15,wholesaler_1,wholesaler,0,,,,,,108.11,10.3,,,,,,,69,hitl
105,2026-05-18 08:15,retail_1,retail,0,,,,,,,,104.16,30.0,0.0,0.0,3.58,20.0,69,hitl
106,2026-05-18 08:30,supplier_1,supplier,0,830.9,,,,,,,,,,,,,69,hitl
106,2026-05-18 08:30,farm_1,farm,1,,380.0,0.14,,,,,,,,,,,69,hitl
106,2026-05-18 08:30,slaughterhouse_1,slaughterhouse,1,,,,175.0,126.63,,,,,,,,,69,hitl
106,2026-05-18 08:30,wholesaler_1,wholesaler,0,,,,,,106.26,10.3,,,,,,,69,hitl
106,2026-05-18 08:30,retail_1,retail,0,,,,,,,,103.29,30.0,0.0,0.0,3.58,20.0,69,hitl
107,2026-05-18 08:45,supplier_1,supplier,0,830.35,,,,,,,,,,,,,69,hitl
107,2026-05-18 08:45,farm_1,farm,1,,380.0,0.14,,,,,,,,,,,69,hitl
107,2026-05-18 08:45,slaughterhouse_1,slaughterhouse,1,,,,175.0,131.15,,,,,,,,,69,hitl
107,2026-05-18 08:45,wholesaler_1,wholesaler,0,,,,,,104.25,10.3,,,,,,,69,hitl
107,2026-05-18 08:45,retail_1,retail,0,,,,,,,,102.49,30.0,0.0,0.0,3.58,20.0,69,hitl
108,2026-05-18 09:00,supplier_1,supplier,0,829.53,,,,,,,,,,,,,69,hitl
108,2026-05-18 09:00,farm_1,farm,1,,380.0,0.14,,,,,,,,,,,69,hitl
108,2026-05-18 09:00,slaughterhouse_1,slaughterhouse,1,,,,175.0,135.63,,,,,,,,,69,hitl
108,2026-05-18 09:00,wholesaler_1,wholesaler,0,,,,,,99.09,10.3,,,,,,,69,hitl
108,2026-05-18 09:00,retail_1,retail,0,,,,,,,,101.67,30.0,0.0,0.0,3.58,20.0,69,hitl
109,2026-05-18 09:15,supplier_1,supplier,0,828.3,,,,,,,,,,,,,69,hitl
109,2026-05-18 09:15,farm_1,farm,1,,380.0,0.14,,,,,,,,,,,69,hitl
109,2026-05-18 09:15,slaughterhouse_1,slaughterhouse,1,,,,175.0,140.43,,,,,,,,,69,hitl
109,2026-05-18 09:15,wholesaler_1,wholesaler,0,,,,,,96.72,10.3,,,,,,,69,hitl
109,2026-05-18 09:15,retail_1,retail,0,,,,,,,,104.15,30.0,0.0,0.0,3.58,20.0,69,hitl
110,2026-05-18 09:30,supplier_1,supplier,0,827.02,,,,,,,,,,,,,69,hitl
110,2026-05-18 09:30,farm_1,farm,1,,380.0,0.14,,,,,,,,,,,69,hitl
110,2026-05-18 09:30,slaughterhouse_1,slaughterhouse,1,,,,175.0,145.33,,,,,,,,,69,hitl
110,2026-05-18 09:30,wholesaler_1,wholesaler,0,,,,,,94.19,10.3,,,,,,,69,hitl
110,2026-05-18 09:30,retail_1,retail,0,,,,,,,,103.16,30.0,0.0,0.0,3.58,20.0,69,hitl
111,2026-05-18 09:45,supplier_1,supplier,0,825.64,,,,,,,,,,,,,69,hitl
111,2026-05-18 09:45,farm_1,farm,1,,380.0,0.14,,,,,,,,,,,69,hitl
111,2026-05-18 09:45,slaughterhouse_1,slaughterhouse,1,,,,175.0,150.03,,,,,,,,,69,hitl
111,2026-05-18 09:45,wholesaler_1,wholesaler,0,,,,,,91.82,10.3,,,,,,,69,hitl
111,2026-05-18 09:45,retail_1,retail,0,,,,,,,,102.22,30.0,0.0,0.0,3.58,20.0,69,hitl
112,2026-05-18 10:00,supplier_1,supplier,0,825.01,,,,,,,,,,,,,69,hitl
112,2026-05-18 10:00,farm_1,farm,1,,399.0,0.14,,,,,,,,,,,69,hitl
112,2026-05-18 10:00,slaughterhouse_1,slaughterhouse,1,,,,175.0,150.9,,,,,,,,,69,hitl
112,2026-05-18 10:00,wholesaler_1,wholesaler,1,,,,,,86.29,10.3,,,,,,,69,hitl
112,2026-05-18 10:00,retail_1,retail,0,,,,,,,,101.43,30.0,0.0,0.0,3.58,20.0,69,hitl
113,2026-05-18 10:15,supplier_1,supplier,0,824.48,,,,,,,,,,,,,69,hitl
113,2026-05-18 10:15,farm_1,farm,1,,399.0,0.14,,,,,,,,,,,69,hitl
113,2026-05-18 10:15,slaughterhouse_1,slaughterhouse,1,,,,175.0,155.66,,,,,,,,,69,hitl
113,2026-05-18 10:15,wholesaler_1,wholesaler,1,,,,,,87.7,10.3,,,,,,,69,hitl
113,2026-05-18 10:15,retail_1,retail,0,,,,,,,,104.16,30.0,0.0,0.0,3.58,20.0,69,hitl
114,2026-05-18 10:30,supplier_1,supplier,0,823.72,,,,,,,,,,,,,69,hitl
114,2026-05-18 10:30,farm_1,farm,1,,399.0,0.14,,,,,,,,,,,69,hitl
114,2026-05-18 10:30,slaughterhouse_1,slaughterhouse,1,,,,175.0,160.2,,,,,,,,,69,hitl
114,2026-05-18 10:30,wholesaler_1,wholesaler,1,,,,,,84.85,10.3,,,,,,,69,hitl
114,2026-05-18 10:30,retail_1,retail,0,,,,,,,,103.25,30.0,0.0,0.0,3.58,20.0,69,hitl
115,2026-05-18 10:45,supplier_1,supplier,0,822.41,,,,,,,,,,,,,69,hitl
115,2026-05-18 10:45,farm_1,farm,1,,399.0,0.14,,,,,,,,,,,69,hitl
115,2026-05-18 10:45,slaughterhouse_1,slaughterhouse,1,,,,175.0,164.98,,,,,,,,,69,hitl
115,2026-05-18 10:45,wholesaler_1,wholesaler,1,,,,,,83.0,10.3,,,,,,,69,hitl
115,2026-05-18 10:45,retail_1,retail,0,,,,,,,,102.32,30.0,0.0,0.0,3.58,20.0,69,hitl
116,2026-05-18 11:00,supplier_1,supplier,0,821.88,,,,,,,,,,,,,69,hitl
116,2026-05-18 11:00,farm_1,farm,1,,399.0,0.14,,,,,,,,,,,69,hitl
116,2026-05-18 11:00,slaughterhouse_1,slaughterhouse,1,,,,175.0,169.82,,,,,,,,,69,hitl
116,2026-05-18 11:00,wholesaler_1,wholesaler,1,,,,,,77.62,10.3,,,,,,,69,hitl
116,2026-05-18 11:00,retail_1,retail,0,,,,,,,,101.48,30.0,0.0,0.0,3.58,20.0,69,hitl
117,2026-05-18 11:15,supplier_1,supplier,0,821.34,,,,,,,,,,,,,69,hitl
117,2026-05-18 11:15,farm_1,farm,1,,399.0,0.14,,,,,,,,,,,69,hitl
117,2026-05-18 11:15,slaughterhouse_1,slaughterhouse,1,,,,175.0,174.3,,,,,,,,,69,hitl
117,2026-05-18 11:15,wholesaler_1,wholesaler,1,,,,,,76.02,10.3,,,,,,,69,hitl
117,2026-05-18 11:15,retail_1,retail,0,,,,,,,,104.07,30.0,0.0,0.0,3.58,20.0,69,hitl
118,2026-05-18 11:30,supplier_1,supplier,0,820.61,,,,,,,,,,,,,69,hitl
118,2026-05-18 11:30,farm_1,farm,1,,399.0,0.14,,,,,,,,,,,69,hitl
118,2026-05-18 11:30,slaughterhouse_1,slaughterhouse,1,,,,175.0,179.2,,,,,,,,,69,hitl
118,2026-05-18 11:30,wholesaler_1,wholesaler,1,,,,,,73.05,10.3,,,,,,,69,hitl
118,2026-05-18 11:30,retail_1,retail,0,,,,,,,,103.15,30.0,0.0,0.0,3.58,20.0,69,hitl
119,2026-05-18 11:45,supplier_1,supplier,0,819.37,,,,,,,,,,,,,69,hitl
119,2026-05-18 11:45,farm_1,farm,1,,399.0,0.14,,,,,,,,,,,69,hitl
119,2026-05-18 11:45,slaughterhouse_1,slaughterhouse,1,,,,175.0,184.12,,,,,,,,,69,hitl
119,2026-05-18 11:45,wholesaler_1,wholesaler,1,,,,,,71.34,10.3,,,,,,,69,hitl
119,2026-05-18 11:45,retail_1,retail,0,,,,,,,,102.17,30.0,0.0,0.0,3.58,20.0,69,hitl
120,2026-05-18 12:00,supplier_1,supplier,0,818.21,,,,,,,,,,,,,69,hitl
120,2026-05-18 12:00,farm_1,farm,1,,399.0,0.14,,,,,,,,,,,69,hitl
120,2026-05-18 12:00,slaughterhouse_1,slaughterhouse,1,,,,175.0,184.33,,,,,,,,,69,hitl
120,2026-05-18 12:00,wholesaler_1,wholesaler,1,,,,,,65.1,10.3,,,,,,,69,hitl
120,2026-05-18 12:00,retail_1,retail,0,,,,,,,,101.29,30.0,0.0,0.0,3.58,20.0,69,hitl
121,2026-05-18 12:15,supplier_1,supplier,0,816.78,,,,,,,,,,,,,69,hitl
121,2026-05-18 12:15,farm_1,farm,1,,399.0,0.14,,,,,,,,,,,69,hitl
121,2026-05-18 12:15,slaughterhouse_1,slaughterhouse,1,,,,175.0,189.13,,,,,,,,,69,hitl
121,2026-05-18 12:15,wholesaler_1,wholesaler,1,,,,,,66.9,10.3,,,,,,,69,hitl
121,2026-05-18 12:15,retail_1,retail,0,,,,,,,,104.01,30.0,0.0,0.0,3.58,20.0,69,hitl
122,2026-05-18 12:30,supplier_1,supplier,0,816.02,,,,,,,,,,,,,69,hitl
122,2026-05-18 12:30,farm_1,farm,1,,399.0,0.14,,,,,,,,,,,69,hitl
122,2026-05-18 12:30,slaughterhouse_1,slaughterhouse,1,,,,175.0,194.09,,,,,,,,,69,hitl
122,2026-05-18 12:30,wholesaler_1,wholesaler,1,,,,,,64.05,10.3,,,,,,,69,hitl
122,2026-05-18 12:30,retail_1,retail,0,,,,,,,,103.09,30.0,0.0,0.0,3.58,20.0,69,hitl
123,2026-05-18 12:45,supplier_1,supplier,0,815.08,,,,,,,,,,,,,69,hitl
123,2026-05-18 12:45,farm_1,farm,1,,399.0,0.14,,,,,,,,,,,69,hitl
123,2026-05-18 12:45,slaughterhouse_1,slaughterhouse,1,,,,175.0,198.82,,,,,,,,,69,hitl
123,2026-05-18 12:45,wholesaler_1,wholesaler,1,,,,,,61.46,10.3,,,,,,,69,hitl
123,2026-05-18 12:45,retail_1,retail,0,,,,,,,,102.3,30.0,0.0,0.0,3.58,20.0,69,hitl
124,2026-05-18 13:00,supplier_1,supplier,0,814.38,,,,,,,,,,,,,69,hitl
124,2026-05-18 13:00,farm_1,farm,1,,399.0,0.14,,,,,,,,,,,69,hitl
124,2026-05-18 13:00,slaughterhouse_1,slaughterhouse,1,,,,175.0,203.78,,,,,,,,,69,hitl
124,2026-05-18 13:00,wholesaler_1,wholesaler,1,,,,,,54.88,10.3,,,,,,,69,hitl
124,2026-05-18 13:00,retail_1,retail,0,,,,,,,,101.35,30.0,0.0,0.0,3.58,20.0,69,hitl
125,2026-05-18 13:15,supplier_1,supplier,0,812.96,,,,,,,,,,,,,69,hitl
125,2026-05-18 13:15,farm_1,farm,1,,399.0,0.14,,,,,,,,,,,69,hitl
125,2026-05-18 13:15,slaughterhouse_1,slaughterhouse,1,,,,175.0,208.52,,,,,,,,,69,hitl
125,2026-05-18 13:15,wholesaler_1,wholesaler,1,,,,,,52.53,10.3,,,,,,,69,hitl
125,2026-05-18 13:15,retail_1,retail,0,,,,,,,,104.12,30.0,0.0,0.0,3.58,20.0,69,hitl
126,2026-05-18 13:30,supplier_1,supplier,0,811.71,,,,,,,,,,,,,69,hitl
126,2026-05-18 13:30,farm_1,farm,1,,399.0,0.14,,,,,,,,,,,69,hitl
126,2026-05-18 13:30,slaughterhouse_1,slaughterhouse,1,,,,175.0,213.71,,,,,,,,,69,hitl
126,2026-05-18 13:30,wholesaler_1,wholesaler,1,,,,,,50.04,10.3,,,,,,,69,hitl
126,2026-05-18 13:30,retail_1,retail,0,,,,,,,,103.14,30.0,0.0,0.0,3.58,20.0,69,hitl
127,2026-05-18 13:45,supplier_1,supplier,0,810.36,,,,,,,,,,,,,69,hitl
127,2026-05-18 13:45,farm_1,farm,1,,399.0,0.14,,,,,,,,,,,69,hitl
127,2026-05-18 13:45,slaughterhouse_1,slaughterhouse,1,,,,175.0,218.89,,,,,,,,,69,hitl
127,2026-05-18 13:45,wholesaler_1,wholesaler,1,,,,,,47.08,10.3,,,,,,,69,hitl
127,2026-05-18 13:45,retail_1,retail,0,,,,,,,,102.32,30.0,0.0,0.0,3.58,20.0,69,hitl
128,2026-05-18 14:00,supplier_1,supplier,0,809.05,,,,,,,,,,,,,69,hitl
128,2026-05-18 14:00,farm_1,farm,1,,399.0,0.14,,,,,,,,,,,69,hitl
128,2026-05-18 14:00,slaughterhouse_1,slaughterhouse,1,,,,175.0,219.18,,,,,,,,,69,hitl
128,2026-05-18 14:00,wholesaler_1,wholesaler,1,,,,,,41.53,10.3,,,,,,,69,hitl
128,2026-05-18 14:00,retail_1,retail,0,,,,,,,,101.41,30.0,0.0,0.0,3.58,20.0,69,hitl
129,2026-05-18 14:15,supplier_1,supplier,0,808.0,,,,,,,,,,,,,69,hitl
129,2026-05-18 14:15,farm_1,farm,1,,399.0,0.14,,,,,,,,,,,69,hitl
129,2026-05-18 14:15,slaughterhouse_1,slaughterhouse,1,,,,175.0,224.05,,,,,,,,,69,hitl
129,2026-05-18 14:15,wholesaler_1,wholesaler,1,,,,,,43.39,10.3,,,,,,,69,hitl
129,2026-05-18 14:15,retail_1,retail,0,,,,,,,,104.05,30.0,0.0,0.0,3.58,20.0,69,hitl
130,2026-05-18 14:30,supplier_1,supplier,0,807.42,,,,,,,,,,,,,69,hitl
130,2026-05-18 14:30,farm_1,farm,1,,399.0,0.14,,,,,,,,,,,69,hitl
130,2026-05-18 14:30,slaughterhouse_1,slaughterhouse,1,,,,175.0,228.7,,,,,,,,,69,hitl
130,2026-05-18 14:30,wholesaler_1,wholesaler,1,,,,,,40.51,10.3,,,,,,,69,hitl
130,2026-05-18 14:30,retail_1,retail,0,,,,,,,,103.06,30.0,0.0,0.0,3.58,20.0,69,hitl
131,2026-05-18 14:45,supplier_1,supplier,0,806.34,,,,,,,,,,,,,69,hitl
131,2026-05-18 14:45,farm_1,farm,1,,399.0,0.14,,,,,,,,,,,69,hitl
131,2026-05-18 14:45,slaughterhouse_1,slaughterhouse,1,,,,175.0,233.24,,,,,,,,,69,hitl
131,2026-05-18 14:45,wholesaler_1,wholesaler,1,,,,,,38.09,10.3,,,,,,,69,hitl
131,2026-05-18 14:45,retail_1,retail,0,,,,,,,,102.1,30.0,0.0,0.0,3.58,20.0,69,hitl
132,2026-05-18 15:00,supplier_1,supplier,0,805.32,,,,,,,,,,,,,69,hitl
132,2026-05-18 15:00,farm_1,farm,1,,399.0,0.14,,,,,,,,,,,69,hitl
132,2026-05-18 15:00,slaughterhouse_1,slaughterhouse,1,,,,175.0,238.04,,,,,,,,,69,hitl
132,2026-05-18 15:00,wholesaler_1,wholesaler,1,,,,,,31.52,10.3,,,,,,,69,hitl
132,2026-05-18 15:00,retail_1,retail,0,,,,,,,,101.3,30.0,0.0,0.0,3.58,20.0,69,hitl
133,2026-05-18 15:15,supplier_1,supplier,0,804.15,,,,,,,,,,,,,69,hitl
133,2026-05-18 15:15,farm_1,farm,1,,399.0,0.14,,,,,,,,,,,69,hitl
133,2026-05-18 15:15,slaughterhouse_1,slaughterhouse,1,,,,175.0,242.7,,,,,,,,,69,hitl
133,2026-05-18 15:15,wholesaler_1,wholesaler,1,,,,,,29.96,10.3,,,,,,,69,hitl
133,2026-05-18 15:15,retail_1,retail,0,,,,,,,,104.11,30.0,0.0,0.0,3.58,20.0,69,hitl
134,2026-05-18 15:30,supplier_1,supplier,0,802.99,,,,,,,,,,,,,69,hitl
134,2026-05-18 15:30,farm_1,farm,1,,399.0,0.14,,,,,,,,,,,69,hitl
134,2026-05-18 15:30,slaughterhouse_1,slaughterhouse,1,,,,175.0,247.92,,,,,,,,,69,hitl
134,2026-05-18 15:30,wholesaler_1,wholesaler,1,,,,,,28.07,10.3,,,,,,,69,hitl
134,2026-05-18 15:30,retail_1,retail,0,,,,,,,,103.21,30.0,0.0,0.0,3.58,20.0,69,hitl
135,2026-05-18 15:45,supplier_1,supplier,0,801.51,,,,,,,,,,,,,69,hitl
135,2026-05-18 15:45,farm_1,farm,1,,399.0,0.14,,,,,,,,,,,69,hitl
135,2026-05-18 15:45,slaughterhouse_1,slaughterhouse,1,,,,175.0,252.68,,,,,,,,,69,hitl
135,2026-05-18 15:45,wholesaler_1,wholesaler,1,,,,,,25.76,10.3,,,,,,,69,hitl
135,2026-05-18 15:45,retail_1,retail,0,,,,,,,,102.33,30.0,0.0,0.0,3.58,20.0,69,hitl
136,2026-05-18 16:00,supplier_1,supplier,0,800.46,,,,,,,,,,,,,69,hitl
136,2026-05-18 16:00,farm_1,farm,1,,399.0,0.14,,,,,,,,,,,69,hitl
136,2026-05-18 16:00,slaughterhouse_1,slaughterhouse,1,,,,175.0,253.19,,,,,,,,,69,hitl
136,2026-05-18 16:00,wholesaler_1,wholesaler,1,,,,,,24.04,10.3,,,,,,,69,hitl
136,2026-05-18 16:00,retail_1,retail,0,,,,,,,,101.4,30.0,0.0,0.0,3.58,20.0,69,hitl
137,2026-05-18 16:15,supplier_1,supplier,0,799.2,,,,,,,,,,,,,69,hitl
137,2026-05-18 16:15,farm_1,farm,1,,399.0,0.14,,,,,,,,,,,69,hitl
137,2026-05-18 16:15,slaughterhouse_1,slaughterhouse,1,,,,175.0,257.77,,,,,,,,,69,hitl
137,2026-05-18 16:15,wholesaler_1,wholesaler,1,,,,,,26.36,10.3,,,,,,,69,hitl
137,2026-05-18 16:15,retail_1,retail,0,,,,,,,,100.57,30.0,0.0,0.0,3.58,20.0,69,hitl
138,2026-05-18 16:30,supplier_1,supplier,0,798.21,,,,,,,,,,,,,69,hitl
138,2026-05-18 16:30,farm_1,farm,1,,399.0,0.14,,,,,,,,,,,69,hitl
138,2026-05-18 16:30,slaughterhouse_1,slaughterhouse,1,,,,175.0,262.58,,,,,,,,,69,hitl
138,2026-05-18 16:30,wholesaler_1,wholesaler,1,,,,,,24.52,10.3,,,,,,,69,hitl
138,2026-05-18 16:30,retail_1,retail,0,,,,,,,,99.7,30.0,0.0,0.0,3.58,20.0,69,hitl
139,2026-05-18 16:45,supplier_1,supplier,0,797.11,,,,,,,,,,,,,69,hitl
139,2026-05-18 16:45,farm_1,farm,1,,399.0,0.14,,,,,,,,,,,69,hitl
139,2026-05-18 16:45,slaughterhouse_1,slaughterhouse,1,,,,175.0,267.08,,,,,,,,,69,hitl
139,2026-05-18 16:45,wholesaler_1,wholesaler,1,,,,,,21.96,10.3,,,,,,,69,hitl
139,2026-05-18 16:45,retail_1,retail,0,,,,,,,,98.88,30.0,0.0,0.0,3.58,20.0,69,hitl
140,2026-05-18 17:00,supplier_1,supplier,0,796.35,,,,,,,,,,,,,69,hitl
140,2026-05-18 17:00,farm_1,farm,1,,399.0,0.14,,,,,,,,,,,69,hitl
140,2026-05-18 17:00,slaughterhouse_1,slaughterhouse,1,,,,175.0,271.56,,,,,,,,,69,hitl
140,2026-05-18 17:00,wholesaler_1,wholesaler,1,,,,,,20.03,10.3,,,,,,,69,hitl
140,2026-05-18 17:00,retail_1,retail,0,,,,,,,,98.07,30.0,0.0,0.0,3.58,20.0,69,hitl
141,2026-05-18 17:15,supplier_1,supplier,0,795.26,,,,,,,,,,,,,69,hitl
141,2026-05-18 17:15,farm_1,farm,1,,399.0,0.14,,,,,,,,,,,69,hitl
141,2026-05-18 17:15,slaughterhouse_1,slaughterhouse,1,,,,175.0,276.5,,,,,,,,,69,hitl
141,2026-05-18 17:15,wholesaler_1,wholesaler,1,,,,,,17.81,10.3,,,,,,,69,hitl
141,2026-05-18 17:15,retail_1,retail,0,,,,,,,,97.13,30.0,0.0,0.0,3.58,20.0,69,hitl
142,2026-05-18 17:30,supplier_1,supplier,0,794.12,,,,,,,,,,,,,69,hitl
142,2026-05-18 17:30,farm_1,farm,1,,399.0,0.14,,,,,,,,,,,69,hitl
142,2026-05-18 17:30,slaughterhouse_1,slaughterhouse,1,,,,175.0,281.38,,,,,,,,,69,hitl
142,2026-05-18 17:30,wholesaler_1,wholesaler,1,,,,,,16.08,10.3,,,,,,,69,hitl
142,2026-05-18 17:30,retail_1,retail,0,,,,,,,,96.21,30.0,0.0,0.0,3.58,20.0,69,hitl
143,2026-05-18 17:45,supplier_1,supplier,0,792.76,,,,,,,,,,,,,69,hitl
143,2026-05-18 17:45,farm_1,farm,1,,399.0,0.14,,,,,,,,,,,69,hitl
143,2026-05-18 17:45,slaughterhouse_1,slaughterhouse,1,,,,175.0,285.87,,,,,,,,,69,hitl
143,2026-05-18 17:45,wholesaler_1,wholesaler,1,,,,,,13.67,10.3,,,,,,,69,hitl
143,2026-05-18 17:45,retail_1,retail,0,,,,,,,,95.34,30.0,0.0,0.0,3.58,20.0,69,hitl
144,2026-05-18 18:00,supplier_1,supplier,0,791.68,,,,,,,,,,,,,69,hitl
144,2026-05-18 18:00,farm_1,farm,1,,399.0,0.14,,,,,,,,,,,69,hitl
144,2026-05-18 18:00,slaughterhouse_1,slaughterhouse,1,,,,175.0,286.19,,,,,,,,,69,hitl
144,2026-05-18 18:00,wholesaler_1,wholesaler,1,,,,,,11.71,10.3,,,,,,,69,hitl
144,2026-05-18 18:00,retail_1,retail,0,,,,,,,,94.5,30.0,0.0,0.0,3.58,20.0,69,hitl
145,2026-05-18 18:15,supplier_1,supplier,0,790.93,,,,,,,,,,,,,69,hitl
145,2026-05-18 18:15,farm_1,farm,1,,399.0,0.14,,,,,,,,,,,69,hitl
145,2026-05-18 18:15,slaughterhouse_1,slaughterhouse,1,,,,175.0,291.0,,,,,,,,,69,hitl
145,2026-05-18 18:15,wholesaler_1,wholesaler,1,,,,,,13.62,10.3,,,,,,,69,hitl
145,2026-05-18 18:15,retail_1,retail,0,,,,,,,,93.56,30.0,0.0,0.0,3.58,20.0,69,hitl
146,2026-05-18 18:30,supplier_1,supplier,0,790.13,,,,,,,,,,,,,69,hitl
146,2026-05-18 18:30,farm_1,farm,1,,399.0,0.14,,,,,,,,,,,69,hitl
146,2026-05-18 18:30,slaughterhouse_1,slaughterhouse,1,,,,175.0,295.75,,,,,,,,,69,hitl
146,2026-05-18 18:30,wholesaler_1,wholesaler,1,,,,,,11.91,10.3,,,,,,,69,hitl
146,2026-05-18 18:30,retail_1,retail,0,,,,,,,,92.66,30.0,0.0,0.0,3.58,20.0,69,hitl
147,2026-05-18 18:45,supplier_1,supplier,0,788.77,,,,,,,,,,,,,69,hitl
147,2026-05-18 18:45,farm_1,farm,1,,399.0,0.14,,,,,,,,,,,69,hitl
147,2026-05-18 18:45,slaughterhouse_1,slaughterhouse,1,,,,175.0,300.92,,,,,,,,,69,hitl
147,2026-05-18 18:45,wholesaler_1,wholesaler,1,,,,,,9.13,10.3,,,,,,,69,hitl
147,2026-05-18 18:45,retail_1,retail,0,,,,,,,,91.76,30.0,0.0,0.0,3.58,20.0,69,hitl
148,2026-05-18 19:00,supplier_1,supplier,0,787.51,,,,,,,,,,,,,69,hitl
148,2026-05-18 19:00,farm_1,farm,1,,399.0,0.14,,,,,,,,,,,69,hitl
148,2026-05-18 19:00,slaughterhouse_1,slaughterhouse,1,,,,175.0,305.69,,,,,,,,,69,hitl
148,2026-05-18 19:00,wholesaler_1,wholesaler,1,,,,,,6.17,10.3,,,,,,,69,hitl
148,2026-05-18 19:00,retail_1,retail,0,,,,,,,,90.87,30.0,0.0,0.0,3.58,20.0,69,hitl
149,2026-05-18 19:15,supplier_1,supplier,0,786.39,,,,,,,,,,,,,69,hitl
149,2026-05-18 19:15,farm_1,farm,1,,399.0,0.14,,,,,,,,,,,69,hitl
149,2026-05-18 19:15,slaughterhouse_1,slaughterhouse,1,,,,175.0,310.63,,,,,,,,,69,hitl
149,2026-05-18 19:15,wholesaler_1,wholesaler,1,,,,,,3.31,10.3,,,,,,,69,hitl
149,2026-05-18 19:15,retail_1,retail,0,,,,,,,,89.93,30.0,0.0,0.0,3.58,20.0,69,hitl
150,2026-05-18 19:30,supplier_1,supplier,0,785.24,,,,,,,,,,,,,69,hitl
150,2026-05-18 19:30,farm_1,farm,1,,399.0,0.14,,,,,,,,,,,69,hitl
150,2026-05-18 19:30,slaughterhouse_1,slaughterhouse,1,,,,175.0,315.19,,,,,,,,,69,hitl
150,2026-05-18 19:30,wholesaler_1,wholesaler,1,,,,,,0.96,10.3,,,,,,,69,hitl
150,2026-05-18 19:30,retail_1,retail,0,,,,,,,,88.97,30.0,0.0,0.0,3.58,20.0,69,hitl
151,2026-05-18 19:45,supplier_1,supplier,0,784.0,,,,,,,,,,,,,69,hitl
151,2026-05-18 19:45,farm_1,farm,1,,399.0,0.14,,,,,,,,,,,69,hitl
151,2026-05-18 19:45,slaughterhouse_1,slaughterhouse,1,,,,175.0,320.3,,,,,,,,,69,hitl
151,2026-05-18 19:45,wholesaler_1,wholesaler,1,,,,,,0.0,10.3,,,,,,,69,hitl
151,2026-05-18 19:45,retail_1,retail,0,,,,,,,,88.13,30.0,0.0,0.0,3.58,20.0,69,hitl
152,2026-05-18 20:00,supplier_1,supplier,0,783.14,,,,,,,,,,,,,69,hitl
152,2026-05-18 20:00,farm_1,farm,1,,399.0,0.14,,,,,,,,,,,69,hitl
152,2026-05-18 20:00,slaughterhouse_1,slaughterhouse,1,,,,175.0,320.85,,,,,,,,,69,hitl
152,2026-05-18 20:00,wholesaler_1,wholesaler,1,,,,,,0.0,10.3,,,,,,,69,hitl
152,2026-05-18 20:00,retail_1,retail,0,,,,,,,,87.25,30.0,0.0,0.0,3.58,20.0,69,hitl
153,2026-05-18 20:15,supplier_1,supplier,0,782.27,,,,,,,,,,,,,69,hitl
153,2026-05-18 20:15,farm_1,farm,1,,399.0,0.14,,,,,,,,,,,69,hitl
153,2026-05-18 20:15,slaughterhouse_1,slaughterhouse,1,,,,175.0,326.09,,,,,,,,,69,hitl
153,2026-05-18 20:15,wholesaler_1,wholesaler,1,,,,,,4.32,10.3,,,,,,,69,hitl
153,2026-05-18 20:15,retail_1,retail,0,,,,,,,,86.4,30.0,0.0,0.0,3.58,20.0,69,hitl
154,2026-05-18 20:30,supplier_1,supplier,0,781.57,,,,,,,,,,,,,69,hitl
154,2026-05-18 20:30,farm_1,farm,1,,399.0,0.14,,,,,,,,,,,69,hitl
154,2026-05-18 20:30,slaughterhouse_1,slaughterhouse,1,,,,175.0,330.85,,,,,,,,,69,hitl
154,2026-05-18 20:30,wholesaler_1,wholesaler,1,,,,,,1.65,10.3,,,,,,,69,hitl
154,2026-05-18 20:30,retail_1,retail,0,,,,,,,,85.59,30.0,0.0,0.0,3.58,20.0,69,hitl
155,2026-05-18 20:45,supplier_1,supplier,0,780.13,,,,,,,,,,,,,69,hitl
155,2026-05-18 20:45,farm_1,farm,1,,399.0,0.14,,,,,,,,,,,69,hitl
155,2026-05-18 20:45,slaughterhouse_1,slaughterhouse,1,,,,175.0,336.04,,,,,,,,,69,hitl
155,2026-05-18 20:45,wholesaler_1,wholesaler,1,,,,,,0.0,10.3,,,,,,,69,hitl
155,2026-05-18 20:45,retail_1,retail,0,,,,,,,,84.79,30.0,0.0,0.0,3.58,20.0,69,hitl
156,2026-05-18 21:00,supplier_1,supplier,0,779.28,,,,,,,,,,,,,69,hitl
156,2026-05-18 21:00,farm_1,farm,1,,399.0,0.14,,,,,,,,,,,69,hitl
156,2026-05-18 21:00,slaughterhouse_1,slaughterhouse,1,,,,175.0,340.57,,,,,,,,,69,hitl
156,2026-05-18 21:00,wholesaler_1,wholesaler,1,,,,,,0.0,10.3,,,,,,,69,hitl
156,2026-05-18 21:00,retail_1,retail,0,,,,,,,,83.93,30.0,0.0,0.0,3.58,20.0,69,hitl
157,2026-05-18 21:15,supplier_1,supplier,0,777.79,,,,,,,,,,,,,69,hitl
157,2026-05-18 21:15,farm_1,farm,1,,399.0,0.14,,,,,,,,,,,69,hitl
157,2026-05-18 21:15,slaughterhouse_1,slaughterhouse,1,,,,175.0,345.42,,,,,,,,,69,hitl
157,2026-05-18 21:15,wholesaler_1,wholesaler,1,,,,,,0.0,10.3,,,,,,,69,hitl
157,2026-05-18 21:15,retail_1,retail,0,,,,,,,,83.07,30.0,0.0,0.0,3.58,20.0,69,hitl
158,2026-05-18 21:30,supplier_1,supplier,0,776.68,,,,,,,,,,,,,69,hitl
158,2026-05-18 21:30,farm_1,farm,1,,399.0,0.14,,,,,,,,,,,69,hitl
158,2026-05-18 21:30,slaughterhouse_1,slaughterhouse,1,,,,175.0,350.6,,,,,,,,,69,hitl
158,2026-05-18 21:30,wholesaler_1,wholesaler,1,,,,,,0.0,10.3,,,,,,,69,hitl
158,2026-05-18 21:30,retail_1,retail,0,,,,,,,,82.22,30.0,0.0,0.0,3.58,20.0,69,hitl
159,2026-05-18 21:45,supplier_1,supplier,0,776.14,,,,,,,,,,,,,69,hitl
159,2026-05-18 21:45,farm_1,farm,1,,399.0,0.14,,,,,,,,,,,69,hitl
159,2026-05-18 21:45,slaughterhouse_1,slaughterhouse,1,,,,175.0,355.28,,,,,,,,,69,hitl
159,2026-05-18 21:45,wholesaler_1,wholesaler,1,,,,,,0.0,10.3,,,,,,,69,hitl
159,2026-05-18 21:45,retail_1,retail,0,,,,,,,,81.4,30.0,0.0,0.0,3.58,20.0,69,hitl
160,2026-05-18 22:00,supplier_1,supplier,0,774.76,,,,,,,,,,,,,69,hitl
160,2026-05-18 22:00,farm_1,farm,1,,399.0,0.14,,,,,,,,,,,69,hitl
160,2026-05-18 22:00,slaughterhouse_1,slaughterhouse,1,,,,175.0,356.02,,,,,,,,,69,hitl
160,2026-05-18 22:00,wholesaler_1,wholesaler,1,,,,,,0.0,10.3,,,,,,,69,hitl
160,2026-05-18 22:00,retail_1,retail,0,,,,,,,,80.44,30.0,0.0,0.0,3.58,20.0,69,hitl
161,2026-05-18 22:15,supplier_1,supplier,0,774.13,,,,,,,,,,,,,69,hitl
161,2026-05-18 22:15,farm_1,farm,1,,399.0,0.14,,,,,,,,,,,69,hitl
161,2026-05-18 22:15,slaughterhouse_1,slaughterhouse,1,,,,175.0,361.08,,,,,,,,,69,hitl
161,2026-05-18 22:15,wholesaler_1,wholesaler,1,,,,,,4.32,10.3,,,,,,,69,hitl
161,2026-05-18 22:15,retail_1,retail,0,,,,,,,,79.57,30.0,0.0,0.0,3.58,20.0,69,hitl
162,2026-05-18 22:30,supplier_1,supplier,0,773.02,,,,,,,,,,,,,69,hitl
162,2026-05-18 22:30,farm_1,farm,1,,399.0,0.14,,,,,,,,,,,69,hitl
162,2026-05-18 22:30,slaughterhouse_1,slaughterhouse,1,,,,175.0,365.87,,,,,,,,,69,hitl
162,2026-05-18 22:30,wholesaler_1,wholesaler,1,,,,,,1.36,10.3,,,,,,,69,hitl
162,2026-05-18 22:30,retail_1,retail,0,,,,,,,,78.6,30.0,0.0,0.0,3.58,20.0,69,hitl
163,2026-05-18 22:45,supplier_1,supplier,0,771.58,,,,,,,,,,,,,69,hitl
163,2026-05-18 22:45,farm_1,farm,1,,399.0,0.14,,,,,,,,,,,69,hitl
163,2026-05-18 22:45,slaughterhouse_1,slaughterhouse,1,,,,175.0,370.92,,,,,,,,,69,hitl
163,2026-05-18 22:45,wholesaler_1,wholesaler,1,,,,,,0.0,10.3,,,,,,,69,hitl
163,2026-05-18 22:45,retail_1,retail,0,,,,,,,,77.62,30.0,0.0,0.0,3.58,20.0,69,hitl
164,2026-05-18 23:00,supplier_1,supplier,0,770.17,,,,,,,,,,,,,69,hitl
164,2026-05-18 23:00,farm_1,farm,1,,399.0,0.14,,,,,,,,,,,69,hitl
164,2026-05-18 23:00,slaughterhouse_1,slaughterhouse,1,,,,175.0,375.63,,,,,,,,,69,hitl
164,2026-05-18 23:00,wholesaler_1,wholesaler,1,,,,,,0.0,10.3,,,,,,,69,hitl
164,2026-05-18 23:00,retail_1,retail,0,,,,,,,,76.82,30.0,0.0,0.0,3.58,20.0,69,hitl
165,2026-05-18 23:15,supplier_1,supplier,0,768.82,,,,,,,,,,,,,69,hitl
165,2026-05-18 23:15,farm_1,farm,1,,399.0,0.14,,,,,,,,,,,69,hitl
165,2026-05-18 23:15,slaughterhouse_1,slaughterhouse,1,,,,175.0,380.35,,,,,,,,,69,hitl
165,2026-05-18 23:15,wholesaler_1,wholesaler,1,,,,,,0.0,10.3,,,,,,,69,hitl
165,2026-05-18 23:15,retail_1,retail,0,,,,,,,,75.98,30.0,0.0,0.0,3.58,20.0,69,hitl
166,2026-05-18 23:30,supplier_1,supplier,0,768.07,,,,,,,,,,,,,69,hitl
166,2026-05-18 23:30,farm_1,farm,1,,399.0,0.14,,,,,,,,,,,69,hitl
166,2026-05-18 23:30,slaughterhouse_1,slaughterhouse,1,,,,175.0,385.13,,,,,,,,,69,hitl
166,2026-05-18 23:30,wholesaler_1,wholesaler,1,,,,,,0.0,10.3,,,,,,,69,hitl
166,2026-05-18 23:30,retail_1,retail,0,,,,,,,,75.14,30.0,0.0,0.0,3.58,20.0,69,hitl
167,2026-05-18 23:45,supplier_1,supplier,0,767.52,,,,,,,,,,,,,69,hitl
167,2026-05-18 23:45,farm_1,farm,1,,399.0,0.14,,,,,,,,,,,69,hitl
167,2026-05-18 23:45,slaughterhouse_1,slaughterhouse,1,,,,175.0,390.23,,,,,,,,,69,hitl
167,2026-05-18 23:45,wholesaler_1,wholesaler,1,,,,,,0.0,10.3,,,,,,,69,hitl
167,2026-05-18 23:45,retail_1,retail,0,,,,,,,,74.26,30.0,0.0,0.0,3.58,20.0,69,hitl
168,2026-05-19 00:00,supplier_1,supplier,0,766.96,,,,,,,,,,,,,69,hitl
168,2026-05-19 00:00,farm_1,farm,1,,399.0,0.14,,,,,,,,,,,69,hitl
168,2026-05-19 00:00,slaughterhouse_1,slaughterhouse,1,,,,175.0,390.54,,,,,,,,,69,hitl
168,2026-05-19 00:00,wholesaler_1,wholesaler,1,,,,,,0.0,10.3,,,,,,,69,hitl
168,2026-05-19 00:00,retail_1,retail,0,,,,,,,,73.42,30.0,0.0,0.0,3.58,20.0,69,hitl
169,2026-05-19 00:15,supplier_1,supplier,0,766.29,,,,,,,,,,,,,69,hitl
169,2026-05-19 00:15,farm_1,farm,1,,399.0,0.14,,,,,,,,,,,69,hitl
169,2026-05-19 00:15,slaughterhouse_1,slaughterhouse,1,,,,175.0,395.2,,,,,,,,,69,hitl
169,2026-05-19 00:15,wholesaler_1,wholesaler,1,,,,,,4.32,10.3,,,,,,,69,hitl
169,2026-05-19 00:15,retail_1,retail,0,,,,,,,,72.44,30.0,0.0,0.0,3.58,20.0,69,hitl
170,2026-05-19 00:30,supplier_1,supplier,0,764.84,,,,,,,,,,,,,69,hitl
170,2026-05-19 00:30,farm_1,farm,1,,399.0,0.14,,,,,,,,,,,69,hitl
170,2026-05-19 00:30,slaughterhouse_1,slaughterhouse,1,,,,175.0,400.0,,,,,,,,,69,hitl
170,2026-05-19 00:30,wholesaler_1,wholesaler,1,,,,,,2.78,10.3,,,,,,,69,hitl
170,2026-05-19 00:30,retail_1,retail,0,,,,,,,,71.6,30.0,0.0,0.0,3.58,20.0,69,hitl
171,2026-05-19 00:45,supplier_1,supplier,0,764.19,,,,,,,,,,,,,69,hitl
171,2026-05-19 00:45,farm_1,farm,1,,399.0,0.14,,,,,,,,,,,69,hitl
171,2026-05-19 00:45,slaughterhouse_1,slaughterhouse,1,,,,175.0,400.0,,,,,,,,,69,hitl
171,2026-05-19 00:45,wholesaler_1,wholesaler,1,,,,,,0.25,10.3,,,,,,,69,hitl
171,2026-05-19 00:45,retail_1,retail,0,,,,,,,,70.79,30.0,0.0,0.0,3.58,20.0,69,hitl
172,2026-05-19 01:00,supplier_1,supplier,0,763.3,,,,,,,,,,,,,69,hitl
172,2026-05-19 01:00,farm_1,farm,1,,399.0,0.14,,,,,,,,,,,69,hitl
172,2026-05-19 01:00,slaughterhouse_1,slaughterhouse,1,,,,175.0,400.0,,,,,,,,,69,hitl
172,2026-05-19 01:00,wholesaler_1,wholesaler,1,,,,,,0.0,10.3,,,,,,,69,hitl
172,2026-05-19 01:00,retail_1,retail,0,,,,,,,,69.91,30.0,0.0,0.0,3.58,20.0,69,hitl
173,2026-05-19 01:15,supplier_1,supplier,0,761.83,,,,,,,,,,,,,69,hitl
173,2026-05-19 01:15,farm_1,farm,1,,399.0,0.14,,,,,,,,,,,69,hitl
173,2026-05-19 01:15,slaughterhouse_1,slaughterhouse,1,,,,175.0,400.0,,,,,,,,,69,hitl
173,2026-05-19 01:15,wholesaler_1,wholesaler,1,,,,,,0.0,10.3,,,,,,,69,hitl
173,2026-05-19 01:15,retail_1,retail,0,,,,,,,,68.94,30.0,0.0,0.0,3.58,20.0,69,hitl
174,2026-05-19 01:30,supplier_1,supplier,0,761.19,,,,,,,,,,,,,69,hitl
174,2026-05-19 01:30,farm_1,farm,1,,399.0,0.14,,,,,,,,,,,69,hitl
174,2026-05-19 01:30,slaughterhouse_1,slaughterhouse,1,,,,175.0,400.0,,,,,,,,,69,hitl
174,2026-05-19 01:30,wholesaler_1,wholesaler,1,,,,,,0.0,10.3,,,,,,,69,hitl
174,2026-05-19 01:30,retail_1,retail,0,,,,,,,,68.12,30.0,0.0,0.0,3.58,20.0,69,hitl
175,2026-05-19 01:45,supplier_1,supplier,0,760.53,,,,,,,,,,,,,69,hitl
175,2026-05-19 01:45,farm_1,farm,1,,399.0,0.14,,,,,,,,,,,69,hitl
175,2026-05-19 01:45,slaughterhouse_1,slaughterhouse,1,,,,175.0,400.0,,,,,,,,,69,hitl
175,2026-05-19 01:45,wholesaler_1,wholesaler,1,,,,,,0.0,10.3,,,,,,,69,hitl
175,2026-05-19 01:45,retail_1,retail,0,,,,,,,,67.28,30.0,0.0,0.0,3.58,20.0,69,hitl
176,2026-05-19 02:00,supplier_1,supplier,0,759.79,,,,,,,,,,,,,69,hitl
176,2026-05-19 02:00,farm_1,farm,1,,399.0,0.14,,,,,,,,,,,69,hitl
176,2026-05-19 02:00,slaughterhouse_1,slaughterhouse,1,,,,175.0,395.68,,,,,,,,,69,hitl
176,2026-05-19 02:00,wholesaler_1,wholesaler,1,,,,,,0.0,10.3,,,,,,,69,hitl
176,2026-05-19 02:00,retail_1,retail,0,,,,,,,,66.46,30.0,0.0,0.0,3.58,20.0,69,hitl
177,2026-05-19 02:15,supplier_1,supplier,0,758.84,,,,,,,,,,,,,69,hitl
177,2026-05-19 02:15,farm_1,farm,1,,399.0,0.14,,,,,,,,,,,69,hitl
177,2026-05-19 02:15,slaughterhouse_1,slaughterhouse,1,,,,175.0,400.0,,,,,,,,,69,hitl
177,2026-05-19 02:15,wholesaler_1,wholesaler,1,,,,,,4.32,10.3,,,,,,,69,hitl
177,2026-05-19 02:15,retail_1,retail,0,,,,,,,,65.52,30.0,0.0,0.0,3.58,20.0,69,hitl
178,2026-05-19 02:30,supplier_1,supplier,0,757.38,,,,,,,,,,,,,69,hitl
178,2026-05-19 02:30,farm_1,farm,1,,399.0,0.14,,,,,,,,,,,69,hitl
178,2026-05-19 02:30,slaughterhouse_1,slaughterhouse,1,,,,175.0,400.0,,,,,,,,,69,hitl
178,2026-05-19 02:30,wholesaler_1,wholesaler,1,,,,,,2.26,10.3,,,,,,,69,hitl
178,2026-05-19 02:30,retail_1,retail,0,,,,,,,,64.61,30.0,0.0,0.0,3.58,20.0,69,hitl
179,2026-05-19 02:45,supplier_1,supplier,0,756.78,,,,,,,,,,,,,69,hitl
179,2026-05-19 02:45,farm_1,farm,1,,399.0,0.14,,,,,,,,,,,69,hitl
179,2026-05-19 02:45,slaughterhouse_1,slaughterhouse,1,,,,175.0,400.0,,,,,,,,,69,hitl
179,2026-05-19 02:45,wholesaler_1,wholesaler,1,,,,,,0.0,10.3,,,,,,,69,hitl
179,2026-05-19 02:45,retail_1,retail,0,,,,,,,,63.75,30.0,0.0,0.0,3.58,20.0,69,hitl
180,2026-05-19 03:00,supplier_1,supplier,0,755.58,,,,,,,,,,,,,69,hitl
180,2026-05-19 03:00,farm_1,farm,1,,399.0,0.14,,,,,,,,,,,69,hitl
180,2026-05-19 03:00,slaughterhouse_1,slaughterhouse,1,,,,175.0,400.0,,,,,,,,,69,hitl
180,2026-05-19 03:00,wholesaler_1,wholesaler,1,,,,,,0.0,10.3,,,,,,,69,hitl
180,2026-05-19 03:00,retail_1,retail,0,,,,,,,,62.9,30.0,0.0,0.0,3.58,20.0,69,hitl
181,2026-05-19 03:15,supplier_1,supplier,0,754.16,,,,,,,,,,,,,69,hitl
181,2026-05-19 03:15,farm_1,farm,1,,399.0,0.14,,,,,,,,,,,69,hitl
181,2026-05-19 03:15,slaughterhouse_1,slaughterhouse,1,,,,175.0,400.0,,,,,,,,,69,hitl
181,2026-05-19 03:15,wholesaler_1,wholesaler,1,,,,,,0.0,10.3,,,,,,,69,hitl
181,2026-05-19 03:15,retail_1,retail,0,,,,,,,,62.0,30.0,0.0,0.0,3.58,20.0,69,hitl
182,2026-05-19 03:30,supplier_1,supplier,0,753.56,,,,,,,,,,,,,69,hitl
182,2026-05-19 03:30,farm_1,farm,1,,399.0,0.14,,,,,,,,,,,69,hitl
182,2026-05-19 03:30,slaughterhouse_1,slaughterhouse,1,,,,175.0,400.0,,,,,,,,,69,hitl
182,2026-05-19 03:30,wholesaler_1,wholesaler,1,,,,,,0.0,10.3,,,,,,,69,hitl
182,2026-05-19 03:30,retail_1,retail,0,,,,,,,,61.04,30.0,0.0,0.0,3.58,20.0,69,hitl
183,2026-05-19 03:45,supplier_1,supplier,0,752.82,,,,,,,,,,,,,69,hitl
183,2026-05-19 03:45,farm_1,farm,1,,399.0,0.14,,,,,,,,,,,69,hitl
183,2026-05-19 03:45,slaughterhouse_1,slaughterhouse,1,,,,175.0,400.0,,,,,,,,,69,hitl
183,2026-05-19 03:45,wholesaler_1,wholesaler,1,,,,,,0.0,10.3,,,,,,,69,hitl
183,2026-05-19 03:45,retail_1,retail,0,,,,,,,,60.12,30.0,0.0,0.0,3.58,20.0,69,hitl
184,2026-05-19 04:00,supplier_1,supplier,0,751.97,,,,,,,,,,,,,69,hitl
184,2026-05-19 04:00,farm_1,farm,1,,399.0,0.14,,,,,,,,,,,69,hitl
184,2026-05-19 04:00,slaughterhouse_1,slaughterhouse,1,,,,175.0,395.68,,,,,,,,,69,hitl
184,2026-05-19 04:00,wholesaler_1,wholesaler,1,,,,,,0.0,10.3,,,,,,,69,hitl
184,2026-05-19 04:00,retail_1,retail,0,,,,,,,,59.12,30.0,0.0,0.0,3.58,20.0,69,hitl
185,2026-05-19 04:15,supplier_1,supplier,0,751.37,,,,,,,,,,,,,69,hitl
185,2026-05-19 04:15,farm_1,farm,1,,399.0,0.14,,,,,,,,,,,69,hitl
185,2026-05-19 04:15,slaughterhouse_1,slaughterhouse,1,,,,175.0,400.0,,,,,,,,,69,hitl
185,2026-05-19 04:15,wholesaler_1,wholesaler,1,,,,,,4.32,10.3,,,,,,,69,hitl
185,2026-05-19 04:15,retail_1,retail,0,,,,,,,,58.14,30.0,0.0,0.0,3.58,20.0,69,hitl
186,2026-05-19 04:30,supplier_1,supplier,0,750.29,,,,,,,,,,,,,69,hitl
186,2026-05-19 04:30,farm_1,farm,1,,399.0,0.14,,,,,,,,,,,69,hitl
186,2026-05-19 04:30,slaughterhouse_1,slaughterhouse,1,,,,175.0,400.0,,,,,,,,,69,hitl
186,2026-05-19 04:30,wholesaler_1,wholesaler,1,,,,,,1.72,10.3,,,,,,,69,hitl
186,2026-05-19 04:30,retail_1,retail,0,,,,,,,,57.25,30.0,0.0,0.0,3.58,20.0,69,hitl
187,2026-05-19 04:45,supplier_1,supplier,0,749.06,,,,,,,,,,,,,69,hitl
187,2026-05-19 04:45,farm_1,farm,1,,399.0,0.14,,,,,,,,,,,69,hitl
187,2026-05-19 04:45,slaughterhouse_1,slaughterhouse,1,,,,175.0,400.0,,,,,,,,,69,hitl
187,2026-05-19 04:45,wholesaler_1,wholesaler,1,,,,,,0.0,10.3,,,,,,,69,hitl
187,2026-05-19 04:45,retail_1,retail,0,,,,,,,,56.45,30.0,0.0,0.0,3.58,20.0,69,hitl
188,2026-05-19 05:00,supplier_1,supplier,0,748.05,,,,,,,,,,,,,69,hitl
188,2026-05-19 05:00,farm_1,farm,1,,399.0,0.14,,,,,,,,,,,69,hitl
188,2026-05-19 05:00,slaughterhouse_1,slaughterhouse,1,,,,175.0,400.0,,,,,,,,,69,hitl
188,2026-05-19 05:00,wholesaler_1,wholesaler,1,,,,,,0.0,10.3,,,,,,,69,hitl
188,2026-05-19 05:00,retail_1,retail,0,,,,,,,,55.55,30.0,0.0,0.0,3.58,20.0,69,hitl
189,2026-05-19 05:15,supplier_1,supplier,0,747.26,,,,,,,,,,,,,69,hitl
189,2026-05-19 05:15,farm_1,farm,1,,399.0,0.14,,,,,,,,,,,69,hitl
189,2026-05-19 05:15,slaughterhouse_1,slaughterhouse,1,,,,175.0,400.0,,,,,,,,,69,hitl
189,2026-05-19 05:15,wholesaler_1,wholesaler,1,,,,,,0.0,10.3,,,,,,,69,hitl
189,2026-05-19 05:15,retail_1,retail,0,,,,,,,,54.74,30.0,0.0,0.0,3.58,20.0,69,hitl
190,2026-05-19 05:30,supplier_1,supplier,0,746.6,,,,,,,,,,,,,69,hitl
190,2026-05-19 05:30,farm_1,farm,1,,399.0,0.14,,,,,,,,,,,69,hitl
190,2026-05-19 05:30,slaughterhouse_1,slaughterhouse,1,,,,175.0,400.0,,,,,,,,,69,hitl
190,2026-05-19 05:30,wholesaler_1,wholesaler,1,,,,,,0.0,10.3,,,,,,,69,hitl
190,2026-05-19 05:30,retail_1,retail,0,,,,,,,,53.93,30.0,0.0,0.0,3.58,20.0,69,hitl
191,2026-05-19 05:45,supplier_1,supplier,0,745.7,,,,,,,,,,,,,69,hitl
191,2026-05-19 05:45,farm_1,farm,1,,399.0,0.14,,,,,,,,,,,69,hitl
191,2026-05-19 05:45,slaughterhouse_1,slaughterhouse,1,,,,175.0,400.0,,,,,,,,,69,hitl
191,2026-05-19 05:45,wholesaler_1,wholesaler,1,,,,,,0.0,10.3,,,,,,,69,hitl
191,2026-05-19 05:45,retail_1,retail,0,,,,,,,,53.0,30.0,0.0,0.0,3.58,20.0,69,hitl
192,2026-05-19 06:00,supplier_1,supplier,0,744.86,,,,,,,,,,,,,69,hitl
192,2026-05-19 06:00,farm_1,farm,1,,399.0,0.14,,,,,,,,,,,69,hitl
192,2026-05-19 06:00,slaughterhouse_1,slaughterhouse,1,,,,175.0,395.68,,,,,,,,,69,hitl
192,2026-05-19 06:00,wholesaler_1,wholesaler,1,,,,,,0.0,10.3,,,,,,,69,hitl
192,2026-05-19 06:00,retail_1,retail,1,,,,,,,,5.85,30.0,0.0,3.75,16.5,75.0,69,hitl
193,2026-05-19 06:15,supplier_1,supplier,0,744.3,,,,,,,,,,,,,69,hitl
193,2026-05-19 06:15,farm_1,farm,1,,399.0,0.14,,,,,,,,,,,69,hitl
193,2026-05-19 06:15,slaughterhouse_1,slaughterhouse,1,,,,175.0,400.0,,,,,,,,,69,hitl
193,2026-05-19 06:15,wholesaler_1,wholesaler,1,,,,,,4.32,10.3,,,,,,,69,hitl
193,2026-05-19 06:15,retail_1,retail,1,,,,,,,,1.48,30.0,0.0,4.0,16.5,75.0,69,hitl
194,2026-05-19 06:30,supplier_1,supplier,0,743.03,,,,,,,,,,,,,69,hitl
194,2026-05-19 06:30,farm_1,farm,1,,399.0,0.14,,,,,,,,,,,69,hitl
194,2026-05-19 06:30,slaughterhouse_1,slaughterhouse,1,,,,175.0,400.0,,,,,,,,,69,hitl
194,2026-05-19 06:30,wholesaler_1,wholesaler,1,,,,,,2.24,10.3,,,,,,,69,hitl
194,2026-05-19 06:30,retail_1,retail,1,,,,,,,,0.0,30.0,1.0,4.25,16.5,75.0,69,hitl
195,2026-05-19 06:45,supplier_1,supplier,0,741.65,,,,,,,,,,,,,69,hitl
195,2026-05-19 06:45,farm_1,farm,1,,399.0,0.14,,,,,,,,,,,69,hitl
195,2026-05-19 06:45,slaughterhouse_1,slaughterhouse,1,,,,175.0,400.0,,,,,,,,,69,hitl
195,2026-05-19 06:45,wholesaler_1,wholesaler,1,,,,,,0.0,10.3,,,,,,,69,hitl
195,2026-05-19 06:45,retail_1,retail,1,,,,,,,,0.0,30.0,1.0,4.5,16.5,75.0,69,hitl
196,2026-05-19 07:00,supplier_1,supplier,0,740.82,,,,,,,,,,,,,69,hitl
196,2026-05-19 07:00,farm_1,farm,1,,399.0,0.14,,,,,,,,,,,69,hitl
196,2026-05-19 07:00,slaughterhouse_1,slaughterhouse,1,,,,175.0,400.0,,,,,,,,,69,hitl
196,2026-05-19 07:00,wholesaler_1,wholesaler,1,,,,,,0.0,10.3,,,,,,,69,hitl
196,2026-05-19 07:00,retail_1,retail,1,,,,,,,,0.0,30.0,1.0,4.75,16.5,75.0,69,hitl
197,2026-05-19 07:15,supplier_1,supplier,0,740.15,,,,,,,,,,,,,69,hitl
197,2026-05-19 07:15,farm_1,farm,1,,399.0,0.14,,,,,,,,,,,69,hitl
197,2026-05-19 07:15,slaughterhouse_1,slaughterhouse,1,,,,175.0,400.0,,,,,,,,,69,hitl
197,2026-05-19 07:15,wholesaler_1,wholesaler,1,,,,,,0.0,10.3,,,,,,,69,hitl
197,2026-05-19 07:15,retail_1,retail,1,,,,,,,,0.0,30.0,1.0,5.0,16.5,75.0,69,hitl
198,2026-05-19 07:30,supplier_1,supplier,0,738.92,,,,,,,,,,,,,69,hitl
198,2026-05-19 07:30,farm_1,farm,1,,399.0,0.14,,,,,,,,,,,69,hitl
198,2026-05-19 07:30,slaughterhouse_1,slaughterhouse,1,,,,175.0,400.0,,,,,,,,,69,hitl
198,2026-05-19 07:30,wholesaler_1,wholesaler,1,,,,,,0.0,10.3,,,,,,,69,hitl
198,2026-05-19 07:30,retail_1,retail,1,,,,,,,,0.0,30.0,1.0,5.25,16.5,75.0,69,hitl
199,2026-05-19 07:45,supplier_1,supplier,0,737.63,,,,,,,,,,,,,69,hitl
199,2026-05-19 07:45,farm_1,farm,1,,399.0,0.14,,,,,,,,,,,69,hitl
199,2026-05-19 07:45,slaughterhouse_1,slaughterhouse,1,,,,175.0,400.0,,,,,,,,,69,hitl
199,2026-05-19 07:45,wholesaler_1,wholesaler,1,,,,,,0.0,10.3,,,,,,,69,hitl
199,2026-05-19 07:45,retail_1,retail,1,,,,,,,,0.0,30.0,1.0,5.5,16.5,75.0,69,hitl
200,2026-05-19 08:00,supplier_1,supplier,0,736.74,,,,,,,,,,,,,69,hitl
200,2026-05-19 08:00,farm_1,farm,1,,399.0,0.14,,,,,,,,,,,69,hitl
200,2026-05-19 08:00,slaughterhouse_1,slaughterhouse,1,,,,175.0,395.68,,,,,,,,,69,hitl
200,2026-05-19 08:00,wholesaler_1,wholesaler,1,,,,,,0.0,10.3,,,,,,,69,hitl
200,2026-05-19 08:00,retail_1,retail,1,,,,,,,,0.0,30.0,1.0,5.75,16.5,75.0,69,hitl
201,2026-05-19 08:15,supplier_1,supplier,0,735.82,,,,,,,,,,,,,69,hitl
201,2026-05-19 08:15,farm_1,farm,1,,399.0,0.14,,,,,,,,,,,69,hitl
201,2026-05-19 08:15,slaughterhouse_1,slaughterhouse,1,,,,175.0,400.0,,,,,,,,,69,hitl
201,2026-05-19 08:15,wholesaler_1,wholesaler,1,,,,,,4.32,10.3,,,,,,,69,hitl
201,2026-05-19 08:15,retail_1,retail,1,,,,,,,,0.0,30.0,1.0,6.0,16.5,75.0,69,hitl
202,2026-05-19 08:30,supplier_1,supplier,0,734.95,,,,,,,,,,,,,69,hitl
202,2026-05-19 08:30,farm_1,farm,1,,399.0,0.14,,,,,,,,,,,69,hitl
202,2026-05-19 08:30,slaughterhouse_1,slaughterhouse,1,,,,175.0,400.0,,,,,,,,,69,hitl
202,2026-05-19 08:30,wholesaler_1,wholesaler,1,,,,,,1.52,10.3,,,,,,,69,hitl
202,2026-05-19 08:30,retail_1,retail,1,,,,,,,,0.0,30.0,1.0,6.25,16.5,75.0,69,hitl
203,2026-05-19 08:45,supplier_1,supplier,0,734.1,,,,,,,,,,,,,69,hitl
203,2026-05-19 08:45,farm_1,farm,1,,399.0,0.14,,,,,,,,,,,69,hitl
203,2026-05-19 08:45,slaughterhouse_1,slaughterhouse,1,,,,175.0,400.0,,,,,,,,,69,hitl
203,2026-05-19 08:45,wholesaler_1,wholesaler,1,,,,,,0.0,10.3,,,,,,,69,hitl
203,2026-05-19 08:45,retail_1,retail,1,,,,,,,,0.0,30.0,1.0,6.5,16.5,75.0,69,hitl
204,2026-05-19 09:00,supplier_1,supplier,0,733.44,,,,,,,,,,,,,69,hitl
204,2026-05-19 09:00,farm_1,farm,1,,399.0,0.14,,,,,,,,,,,69,hitl
204,2026-05-19 09:00,slaughterhouse_1,slaughterhouse,1,,,,175.0,400.0,,,,,,,,,69,hitl
204,2026-05-19 09:00,wholesaler_1,wholesaler,1,,,,,,0.0,10.3,,,,,,,69,hitl
204,2026-05-19 09:00,retail_1,retail,1,,,,,,,,0.0,30.0,1.0,6.75,16.5,75.0,69,hitl
205,2026-05-19 09:15,supplier_1,supplier,0,732.17,,,,,,,,,,,,,69,hitl
205,2026-05-19 09:15,farm_1,farm,1,,399.0,0.14,,,,,,,,,,,69,hitl
205,2026-05-19 09:15,slaughterhouse_1,slaughterhouse,1,,,,175.0,400.0,,,,,,,,,69,hitl
205,2026-05-19 09:15,wholesaler_1,wholesaler,1,,,,,,0.0,10.3,,,,,,,69,hitl
205,2026-05-19 09:15,retail_1,retail,1,,,,,,,,0.0,30.0,1.0,7.0,16.5,75.0,69,hitl
206,2026-05-19 09:30,supplier_1,supplier,0,730.96,,,,,,,,,,,,,69,hitl
206,2026-05-19 09:30,farm_1,farm,1,,399.0,0.14,,,,,,,,,,,69,hitl
206,2026-05-19 09:30,slaughterhouse_1,slaughterhouse,1,,,,175.0,400.0,,,,,,,,,69,hitl
206,2026-05-19 09:30,wholesaler_1,wholesaler,1,,,,,,0.0,10.3,,,,,,,69,hitl
206,2026-05-19 09:30,retail_1,retail,1,,,,,,,,0.0,30.0,1.0,7.25,16.5,75.0,69,hitl
207,2026-05-19 09:45,supplier_1,supplier,0,729.46,,,,,,,,,,,,,69,hitl
207,2026-05-19 09:45,farm_1,farm,1,,399.0,0.14,,,,,,,,,,,69,hitl
207,2026-05-19 09:45,slaughterhouse_1,slaughterhouse,1,,,,175.0,400.0,,,,,,,,,69,hitl
207,2026-05-19 09:45,wholesaler_1,wholesaler,1,,,,,,0.0,10.3,,,,,,,69,hitl
207,2026-05-19 09:45,retail_1,retail,1,,,,,,,,0.0,30.0,1.0,7.5,16.5,75.0,69,hitl
208,2026-05-19 10:00,supplier_1,supplier,0,728.59,,,,,,,,,,,,,69,hitl
208,2026-05-19 10:00,farm_1,farm,1,,399.0,0.14,,,,,,,,,,,69,hitl
208,2026-05-19 10:00,slaughterhouse_1,slaughterhouse,1,,,,175.0,395.68,,,,,,,,,69,hitl
208,2026-05-19 10:00,wholesaler_1,wholesaler,1,,,,,,0.0,10.3,,,,,,,69,hitl
208,2026-05-19 10:00,retail_1,retail,1,,,,,,,,0.0,30.0,1.0,7.75,16.5,75.0,69,hitl
209,2026-05-19 10:15,supplier_1,supplier,0,728.04,,,,,,,,,,,,,69,hitl
209,2026-05-19 10:15,farm_1,farm,1,,399.0,0.14,,,,,,,,,,,69,hitl
209,2026-05-19 10:15,slaughterhouse_1,slaughterhouse,1,,,,175.0,400.0,,,,,,,,,69,hitl
209,2026-05-19 10:15,wholesaler_1,wholesaler,1,,,,,,4.32,10.3,,,,,,,69,hitl
209,2026-05-19 10:15,retail_1,retail,1,,,,,,,,0.0,30.0,1.0,8.0,16.5,75.0,69,hitl
210,2026-05-19 10:30,supplier_1,supplier,0,726.75,,,,,,,,,,,,,69,hitl
210,2026-05-19 10:30,farm_1,farm,1,,399.0,0.14,,,,,,,,,,,69,hitl
210,2026-05-19 10:30,slaughterhouse_1,slaughterhouse,1,,,,175.0,400.0,,,,,,,,,69,hitl
210,2026-05-19 10:30,wholesaler_1,wholesaler,1,,,,,,2.82,10.3,,,,,,,69,hitl
210,2026-05-19 10:30,retail_1,retail,1,,,,,,,,0.0,30.0,1.0,8.25,16.5,75.0,69,hitl
211,2026-05-19 10:45,supplier_1,supplier,0,725.33,,,,,,,,,,,,,69,hitl
211,2026-05-19 10:45,farm_1,farm,1,,399.0,0.14,,,,,,,,,,,69,hitl
211,2026-05-19 10:45,slaughterhouse_1,slaughterhouse,1,,,,175.0,400.0,,,,,,,,,69,hitl
211,2026-05-19 10:45,wholesaler_1,wholesaler,1,,,,,,1.14,10.3,,,,,,,69,hitl
211,2026-05-19 10:45,retail_1,retail,1,,,,,,,,0.0,30.0,1.0,8.5,16.5,75.0,69,hitl
212,2026-05-19 11:00,supplier_1,supplier,0,724.32,,,,,,,,,,,,,69,hitl
212,2026-05-19 11:00,farm_1,farm,1,,399.0,0.14,,,,,,,,,,,69,hitl
212,2026-05-19 11:00,slaughterhouse_1,slaughterhouse,1,,,,175.0,400.0,,,,,,,,,69,hitl
212,2026-05-19 11:00,wholesaler_1,wholesaler,1,,,,,,0.0,10.3,,,,,,,69,hitl
212,2026-05-19 11:00,retail_1,retail,1,,,,,,,,0.0,30.0,1.0,8.75,16.5,75.0,69,hitl
213,2026-05-19 11:15,supplier_1,supplier,0,722.95,,,,,,,,,,,,,69,hitl
213,2026-05-19 11:15,farm_1,farm,1,,399.0,0.14,,,,,,,,,,,69,hitl
213,2026-05-19 11:15,slaughterhouse_1,slaughterhouse,1,,,,175.0,400.0,,,,,,,,,69,hitl
213,2026-05-19 11:15,wholesaler_1,wholesaler,1,,,,,,0.0,10.3,,,,,,,69,hitl
213,2026-05-19 11:15,retail_1,retail,1,,,,,,,,0.0,30.0,1.0,9.0,16.5,75.0,69,hitl
214,2026-05-19 11:30,supplier_1,supplier,0,722.37,,,,,,,,,,,,,69,hitl
214,2026-05-19 11:30,farm_1,farm,1,,399.0,0.14,,,,,,,,,,,69,hitl
214,2026-05-19 11:30,slaughterhouse_1,slaughterhouse,1,,,,175.0,400.0,,,,,,,,,69,hitl
214,2026-05-19 11:30,wholesaler_1,wholesaler,1,,,,,,0.0,10.3,,,,,,,69,hitl
214,2026-05-19 11:30,retail_1,retail,1,,,,,,,,0.0,30.0,1.0,9.25,16.5,75.0,69,hitl
215,2026-05-19 11:45,supplier_1,supplier,0,721.0,,,,,,,,,,,,,69,hitl
215,2026-05-19 11:45,farm_1,farm,1,,399.0,0.14,,,,,,,,,,,69,hitl
215,2026-05-19 11:45,slaughterhouse_1,slaughterhouse,1,,,,175.0,400.0,,,,,,,,,69,hitl
215,2026-05-19 11:45,wholesaler_1,wholesaler,1,,,,,,0.0,10.3,,,,,,,69,hitl
215,2026-05-19 11:45,retail_1,retail,1,,,,,,,,0.0,30.0,1.0,9.5,16.5,75.0,69,hitl
216,2026-05-19 12:00,supplier_1,supplier,0,720.12,,,,,,,,,,,,,69,hitl
216,2026-05-19 12:00,farm_1,farm,1,,399.0,0.14,,,,,,,,,,,69,hitl
216,2026-05-19 12:00,slaughterhouse_1,slaughterhouse,1,,,,175.0,395.68,,,,,,,,,69,hitl
216,2026-05-19 12:00,wholesaler_1,wholesaler,1,,,,,,0.0,10.3,,,,,,,69,hitl
216,2026-05-19 12:00,retail_1,retail,1,,,,,,,,0.0,30.0,1.0,9.75,16.5,75.0,69,hitl
217,2026-05-19 12:15,supplier_1,supplier,0,718.73,,,,,,,,,,,,,69,hitl
217,2026-05-19 12:15,farm_1,farm,1,,399.0,0.14,,,,,,,,,,,69,hitl
217,2026-05-19 12:15,slaughterhouse_1,slaughterhouse,1,,,,175.0,400.0,,,,,,,,,69,hitl
217,2026-05-19 12:15,wholesaler_1,wholesaler,1,,,,,,4.32,10.3,,,,,,,69,hitl
217,2026-05-19 12:15,retail_1,retail,1,,,,,,,,0.0,30.0,1.0,10.0,16.5,75.0,69,hitl
218,2026-05-19 12:30,supplier_1,supplier,0,718.01,,,,,,,,,,,,,69,hitl
218,2026-05-19 12:30,farm_1,farm,1,,399.0,0.14,,,,,,,,,,,69,hitl
218,2026-05-19 12:30,slaughterhouse_1,slaughterhouse,1,,,,175.0,400.0,,,,,,,,,69,hitl
218,2026-05-19 12:30,wholesaler_1,wholesaler,1,,,,,,2.75,10.3,,,,,,,69,hitl
218,2026-05-19 12:30,retail_1,retail,1,,,,,,,,0.0,30.0,1.0,10.25,16.5,75.0,69,hitl
219,2026-05-19 12:45,supplier_1,supplier,0,716.58,,,,,,,,,,,,,69,hitl
219,2026-05-19 12:45,farm_1,farm,1,,399.0,0.14,,,,,,,,,,,69,hitl
219,2026-05-19 12:45,slaughterhouse_1,slaughterhouse,1,,,,175.0,400.0,,,,,,,,,69,hitl
219,2026-05-19 12:45,wholesaler_1,wholesaler,1,,,,,,0.0,10.3,,,,,,,69,hitl
219,2026-05-19 12:45,retail_1,retail,1,,,,,,,,0.0,30.0,1.0,10.5,16.5,75.0,69,hitl
220,2026-05-19 13:00,supplier_1,supplier,0,715.98,,,,,,,,,,,,,69,hitl
220,2026-05-19 13:00,farm_1,farm,1,,399.0,0.14,,,,,,,,,,,69,hitl
220,2026-05-19 13:00,slaughterhouse_1,slaughterhouse,1,,,,175.0,400.0,,,,,,,,,69,hitl
220,2026-05-19 13:00,wholesaler_1,wholesaler,1,,,,,,0.0,10.3,,,,,,,69,hitl
220,2026-05-19 13:00,retail_1,retail,1,,,,,,,,0.0,30.0,1.0,10.75,16.5,75.0,69,hitl
221,2026-05-19 13:15,supplier_1,supplier,0,715.18,,,,,,,,,,,,,69,hitl
221,2026-05-19 13:15,farm_1,farm,1,,399.0,0.14,,,,,,,,,,,69,hitl
221,2026-05-19 13:15,slaughterhouse_1,slaughterhouse,1,,,,175.0,400.0,,,,,,,,,69,hitl
221,2026-05-19 13:15,wholesaler_1,wholesaler,1,,,,,,0.0,10.3,,,,,,,69,hitl
221,2026-05-19 13:15,retail_1,retail,1,,,,,,,,0.0,30.0,1.0,11.0,16.5,75.0,69,hitl
222,2026-05-19 13:30,supplier_1,supplier,0,714.48,,,,,,,,,,,,,69,hitl
222,2026-05-19 13:30,farm_1,farm,1,,399.0,0.14,,,,,,,,,,,69,hitl
222,2026-05-19 13:30,slaughterhouse_1,slaughterhouse,1,,,,175.0,400.0,,,,,,,,,69,hitl
222,2026-05-19 13:30,wholesaler_1,wholesaler,1,,,,,,0.0,10.3,,,,,,,69,hitl
222,2026-05-19 13:30,retail_1,retail,1,,,,,,,,0.0,30.0,1.0,11.25,16.5,75.0,69,hitl
223,2026-05-19 13:45,supplier_1,supplier,0,713.04,,,,,,,,,,,,,69,hitl
223,2026-05-19 13:45,farm_1,farm,1,,399.0,0.14,,,,,,,,,,,69,hitl
223,2026-05-19 13:45,slaughterhouse_1,slaughterhouse,1,,,,175.0,400.0,,,,,,,,,69,hitl
223,2026-05-19 13:45,wholesaler_1,wholesaler,1,,,,,,0.0,10.3,,,,,,,69,hitl
223,2026-05-19 13:45,retail_1,retail,1,,,,,,,,0.0,30.0,1.0,11.5,16.5,75.0,69,hitl
224,2026-05-19 14:00,supplier_1,supplier,0,712.33,,,,,,,,,,,,,69,hitl
224,2026-05-19 14:00,farm_1,farm,1,,399.0,0.14,,,,,,,,,,,69,hitl
224,2026-05-19 14:00,slaughterhouse_1,slaughterhouse,1,,,,175.0,395.68,,,,,,,,,69,hitl
224,2026-05-19 14:00,wholesaler_1,wholesaler,1,,,,,,0.0,10.3,,,,,,,69,hitl
224,2026-05-19 14:00,retail_1,retail,1,,,,,,,,0.0,30.0,1.0,11.75,16.5,75.0,69,hitl
225,2026-05-19 14:15,supplier_1,supplier,0,711.53,,,,,,,,,,,,,69,hitl
225,2026-05-19 14:15,farm_1,farm,1,,399.0,0.14,,,,,,,,,,,69,hitl
225,2026-05-19 14:15,slaughterhouse_1,slaughterhouse,1,,,,175.0,400.0,,,,,,,,,69,hitl
225,2026-05-19 14:15,wholesaler_1,wholesaler,1,,,,,,4.32,10.3,,,,,,,69,hitl
225,2026-05-19 14:15,retail_1,retail,1,,,,,,,,0.0,30.0,1.0,12.0,16.5,75.0,69,hitl
226,2026-05-19 14:30,supplier_1,supplier,0,710.9,,,,,,,,,,,,,69,hitl
226,2026-05-19 14:30,farm_1,farm,1,,399.0,0.14,,,,,,,,,,,69,hitl
226,2026-05-19 14:30,slaughterhouse_1,slaughterhouse,1,,,,175.0,400.0,,,,,,,,,69,hitl
226,2026-05-19 14:30,wholesaler_1,wholesaler,1,,,,,,1.95,10.3,,,,,,,69,hitl
226,2026-05-19 14:30,retail_1,retail,1,,,,,,,,0.0,30.0,1.0,12.25,16.5,75.0,69,hitl
227,2026-05-19 14:45,supplier_1,supplier,0,709.76,,,,,,,,,,,,,69,hitl
227,2026-05-19 14:45,farm_1,farm,1,,399.0,0.14,,,,,,,,,,,69,hitl
227,2026-05-19 14:45,slaughterhouse_1,slaughterhouse,1,,,,175.0,400.0,,,,,,,,,69,hitl
227,2026-05-19 14:45,wholesaler_1,wholesaler,1,,,,,,0.0,10.3,,,,,,,69,hitl
227,2026-05-19 14:45,retail_1,retail,1,,,,,,,,0.0,30.0,1.0,12.5,16.5,75.0,69,hitl
228,2026-05-19 15:00,supplier_1,supplier,0,708.59,,,,,,,,,,,,,69,hitl
228,2026-05-19 15:00,farm_1,farm,1,,399.0,0.14,,,,,,,,,,,69,hitl
228,2026-05-19 15:00,slaughterhouse_1,slaughterhouse,1,,,,175.0,400.0,,,,,,,,,69,hitl
228,2026-05-19 15:00,wholesaler_1,wholesaler,1,,,,,,0.0,10.3,,,,,,,69,hitl
228,2026-05-19 15:00,retail_1,retail,1,,,,,,,,0.0,30.0,1.0,12.75,16.5,75.0,69,hitl
229,2026-05-19 15:15,supplier_1,supplier,0,707.34,,,,,,,,,,,,,69,hitl
229,2026-05-19 15:15,farm_1,farm,1,,399.0,0.14,,,,,,,,,,,69,hitl
229,2026-05-19 15:15,slaughterhouse_1,slaughterhouse,1,,,,175.0,400.0,,,,,,,,,69,hitl
229,2026-05-19 15:15,wholesaler_1,wholesaler,1,,,,,,0.0,10.3,,,,,,,69,hitl
229,2026-05-19 15:15,retail_1,retail,1,,,,,,,,0.0,30.0,1.0,13.0,16.5,75.0,69,hitl
230,2026-05-19 15:30,supplier_1,supplier,0,706.65,,,,,,,,,,,,,69,hitl
230,2026-05-19 15:30,farm_1,farm,1,,399.0,0.14,,,,,,,,,,,69,hitl
230,2026-05-19 15:30,slaughterhouse_1,slaughterhouse,1,,,,175.0,400.0,,,,,,,,,69,hitl
230,2026-05-19 15:30,wholesaler_1,wholesaler,1,,,,,,0.0,10.3,,,,,,,69,hitl
230,2026-05-19 15:30,retail_1,retail,1,,,,,,,,0.0,30.0,1.0,13.25,16.5,75.0,69,hitl
231,2026-05-19 15:45,supplier_1,supplier,0,705.64,,,,,,,,,,,,,69,hitl
231,2026-05-19 15:45,farm_1,farm,1,,399.0,0.14,,,,,,,,,,,69,hitl
231,2026-05-19 15:45,slaughterhouse_1,slaughterhouse,1,,,,175.0,400.0,,,,,,,,,69,hitl
231,2026-05-19 15:45,wholesaler_1,wholesaler,1,,,,,,0.0,10.3,,,,,,,69,hitl
231,2026-05-19 15:45,retail_1,retail,1,,,,,,,,0.0,30.0,1.0,13.5,16.5,75.0,69,hitl
232,2026-05-19 16:00,supplier_1,supplier,0,705.05,,,,,,,,,,,,,69,hitl
232,2026-05-19 16:00,farm_1,farm,1,,399.0,0.14,,,,,,,,,,,69,hitl
232,2026-05-19 16:00,slaughterhouse_1,slaughterhouse,1,,,,175.0,395.68,,,,,,,,,69,hitl
232,2026-05-19 16:00,wholesaler_1,wholesaler,1,,,,,,0.0,10.3,,,,,,,69,hitl
232,2026-05-19 16:00,retail_1,retail,1,,,,,,,,0.0,30.0,1.0,13.75,16.5,75.0,69,hitl
233,2026-05-19 16:15,supplier_1,supplier,0,704.42,,,,,,,,,,,,,69,hitl
233,2026-05-19 16:15,farm_1,farm,1,,399.0,0.14,,,,,,,,,,,69,hitl
233,2026-05-19 16:15,slaughterhouse_1,slaughterhouse,1,,,,175.0,400.0,,,,,,,,,69,hitl
233,2026-05-19 16:15,wholesaler_1,wholesaler,1,,,,,,4.32,10.3,,,,,,,69,hitl
233,2026-05-19 16:15,retail_1,retail,1,,,,,,,,0.0,30.0,1.0,14.0,16.5,75.0,69,hitl
234,2026-05-19 16:30,supplier_1,supplier,0,703.36,,,,,,,,,,,,,69,hitl
234,2026-05-19 16:30,farm_1,farm,1,,399.0,0.14,,,,,,,,,,,69,hitl
234,2026-05-19 16:30,slaughterhouse_1,slaughterhouse,1,,,,175.0,400.0,,,,,,,,,69,hitl
234,2026-05-19 16:30,wholesaler_1,wholesaler,1,,,,,,2.52,10.3,,,,,,,69,hitl
234,2026-05-19 16:30,retail_1,retail,1,,,,,,,,0.0,30.0,1.0,14.25,16.5,75.0,69,hitl
235,2026-05-19 16:45,supplier_1,supplier,0,702.08,,,,,,,,,,,,,69,hitl
235,2026-05-19 16:45,farm_1,farm,1,,399.0,0.14,,,,,,,,,,,69,hitl
235,2026-05-19 16:45,slaughterhouse_1,slaughterhouse,1,,,,175.0,400.0,,,,,,,,,69,hitl
235,2026-05-19 16:45,wholesaler_1,wholesaler,1,,,,,,0.0,10.3,,,,,,,69,hitl
235,2026-05-19 16:45,retail_1,retail,1,,,,,,,,0.0,30.0,1.0,14.5,16.5,75.0,69,hitl
236,2026-05-19 17:00,supplier_1,supplier,0,701.02,,,,,,,,,,,,,69,hitl
236,2026-05-19 17:00,farm_1,farm,1,,399.0,0.14,,,,,,,,,,,69,hitl
236,2026-05-19 17:00,slaughterhouse_1,slaughterhouse,1,,,,175.0,400.0,,,,,,,,,69,hitl
236,2026-05-19 17:00,wholesaler_1,wholesaler,1,,,,,,0.0,10.3,,,,,,,69,hitl
236,2026-05-19 17:00,retail_1,retail,1,,,,,,,,0.0,30.0,1.0,14.75,16.5,75.0,69,hitl
237,2026-05-19 17:15,supplier_1,supplier,0,699.63,,,,,,,,,,,,,69,hitl
237,2026-05-19 17:15,farm_1,farm,1,,399.0,0.14,,,,,,,,,,,69,hitl
237,2026-05-19 17:15,slaughterhouse_1,slaughterhouse,1,,,,175.0,400.0,,,,,,,,,69,hitl
237,2026-05-19 17:15,wholesaler_1,wholesaler,1,,,,,,0.0,10.3,,,,,,,69,hitl
237,2026-05-19 17:15,retail_1,retail,1,,,,,,,,0.0,30.0,1.0,15.0,16.5,75.0,69,hitl
238,2026-05-19 17:30,supplier_1,supplier,0,698.21,,,,,,,,,,,,,69,hitl
238,2026-05-19 17:30,farm_1,farm,1,,399.0,0.14,,,,,,,,,,,69,hitl
238,2026-05-19 17:30,slaughterhouse_1,slaughterhouse,1,,,,175.0,400.0,,,,,,,,,69,hitl
238,2026-05-19 17:30,wholesaler_1,wholesaler,1,,,,,,0.0,10.3,,,,,,,69,hitl
238,2026-05-19 17:30,retail_1,retail,1,,,,,,,,0.0,30.0,1.0,15.25,16.5,75.0,69,hitl
239,2026-05-19 17:45,supplier_1,supplier,0,697.25,,,,,,,,,,,,,69,hitl
239,2026-05-19 17:45,farm_1,farm,1,,399.0,0.14,,,,,,,,,,,69,hitl
239,2026-05-19 17:45,slaughterhouse_1,slaughterhouse,1,,,,175.0,400.0,,,,,,,,,69,hitl
239,2026-05-19 17:45,wholesaler_1,wholesaler,1,,,,,,0.0,10.3,,,,,,,69,hitl
239,2026-05-19 17:45,retail_1,retail,1,,,,,,,,0.0,30.0,1.0,15.5,16.5,75.0,69,hitl
240,2026-05-19 18:00,supplier_1,supplier,0,695.92,,,,,,,,,,,,,69,hitl
240,2026-05-19 18:00,farm_1,farm,1,,399.0,0.14,,,,,,,,,,,69,hitl
240,2026-05-19 18:00,slaughterhouse_1,slaughterhouse,1,,,,175.0,395.68,,,,,,,,,69,hitl
240,2026-05-19 18:00,wholesaler_1,wholesaler,1,,,,,,0.0,10.3,,,,,,,69,hitl
240,2026-05-19 18:00,retail_1,retail,1,,,,,,,,0.0,30.0,1.0,15.75,16.5,75.0,69,hitl
241,2026-05-19 18:15,supplier_1,supplier,0,694.92,,,,,,,,,,,,,69,hitl
241,2026-05-19 18:15,farm_1,farm,1,,399.0,0.14,,,,,,,,,,,69,hitl
241,2026-05-19 18:15,slaughterhouse_1,slaughterhouse,1,,,,175.0,400.0,,,,,,,,,69,hitl
241,2026-05-19 18:15,wholesaler_1,wholesaler,1,,,,,,4.32,10.3,,,,,,,69,hitl
241,2026-05-19 18:15,retail_1,retail,1,,,,,,,,0.0,30.0,1.0,16.0,16.5,75.0,69,hitl
242,2026-05-19 18:30,supplier_1,supplier,0,693.92,,,,,,,,,,,,,69,hitl
242,2026-05-19 18:30,farm_1,farm,1,,399.0,0.14,,,,,,,,,,,69,hitl
242,2026-05-19 18:30,slaughterhouse_1,slaughterhouse,1,,,,175.0,400.0,,,,,,,,,69,hitl
242,2026-05-19 18:30,wholesaler_1,wholesaler,1,,,,,,2.47,10.3,,,,,,,69,hitl
242,2026-05-19 18:30,retail_1,retail,1,,,,,,,,0.0,30.0,1.0,16.25,16.5,75.0,69,hitl
243,2026-05-19 18:45,supplier_1,supplier,0,692.49,,,,,,,,,,,,,69,hitl
243,2026-05-19 18:45,farm_1,farm,1,,399.0,0.14,,,,,,,,,,,69,hitl
243,2026-05-19 18:45,slaughterhouse_1,slaughterhouse,1,,,,175.0,400.0,,,,,,,,,69,hitl
243,2026-05-19 18:45,wholesaler_1,wholesaler,1,,,,,,0.0,10.3,,,,,,,69,hitl
243,2026-05-19 18:45,retail_1,retail,1,,,,,,,,0.0,30.0,1.0,16.5,16.5,75.0,69,hitl
244,2026-05-19 19:00,supplier_1,supplier,0,691.93,,,,,,,,,,,,,69,hitl
244,2026-05-19 19:00,farm_1,farm,1,,399.0,0.14,,,,,,,,,,,69,hitl
244,2026-05-19 19:00,slaughterhouse_1,slaughterhouse,1,,,,175.0,400.0,,,,,,,,,69,hitl
244,2026-05-19 19:00,wholesaler_1,wholesaler,1,,,,,,0.0,10.3,,,,,,,69,hitl
244,2026-05-19 19:00,retail_1,retail,1,,,,,,,,0.0,30.0,1.0,16.75,16.5,75.0,69,hitl
245,2026-05-19 19:15,supplier_1,supplier,0,690.99,,,,,,,,,,,,,69,hitl
245,2026-05-19 19:15,farm_1,farm,1,,399.0,0.14,,,,,,,,,,,69,hitl
245,2026-05-19 19:15,slaughterhouse_1,slaughterhouse,1,,,,175.0,400.0,,,,,,,,,69,hitl
245,2026-05-19 19:15,wholesaler_1,wholesaler,1,,,,,,0.0,10.3,,,,,,,69,hitl
245,2026-05-19 19:15,retail_1,retail,1,,,,,,,,0.0,30.0,1.0,17.0,16.5,75.0,69,hitl
246,2026-05-19 19:30,supplier_1,supplier,0,689.6,,,,,,,,,,,,,69,hitl
246,2026-05-19 19:30,farm_1,farm,1,,399.0,0.14,,,,,,,,,,,69,hitl
246,2026-05-19 19:30,slaughterhouse_1,slaughterhouse,1,,,,175.0,400.0,,,,,,,,,69,hitl
246,2026-05-19 19:30,wholesaler_1,wholesaler,1,,,,,,0.0,10.3,,,,,,,69,hitl
246,2026-05-19 19:30,retail_1,retail,1,,,,,,,,0.0,30.0,1.0,17.25,16.5,75.0,69,hitl
247,2026-05-19 19:45,supplier_1,supplier,0,688.16,,,,,,,,,,,,,69,hitl
247,2026-05-19 19:45,farm_1,farm,1,,399.0,0.14,,,,,,,,,,,69,hitl
247,2026-05-19 19:45,slaughterhouse_1,slaughterhouse,1,,,,175.0,400.0,,,,,,,,,69,hitl
247,2026-05-19 19:45,wholesaler_1,wholesaler,1,,,,,,0.0,10.3,,,,,,,69,hitl
247,2026-05-19 19:45,retail_1,retail,1,,,,,,,,0.0,30.0,1.0,17.5,16.5,75.0,69,hitl
248,2026-05-19 20:00,supplier_1,supplier,0,686.78,,,,,,,,,,,,,69,hitl
248,2026-05-19 20:00,farm_1,farm,1,,399.0,0.14,,,,,,,,,,,69,hitl
248,2026-05-19 20:00,slaughterhouse_1,slaughterhouse,1,,,,175.0,395.68,,,,,,,,,69,hitl
248,2026-05-19 20:00,wholesaler_1,wholesaler,1,,,,,,0.0,10.3,,,,,,,69,hitl
248,2026-05-19 20:00,retail_1,retail,1,,,,,,,,0.0,30.0,1.0,17.75,16.5,75.0,69,hitl
249,2026-05-19 20:15,supplier_1,supplier,0,685.95,,,,,,,,,,,,,69,hitl
249,2026-05-19 20:15,farm_1,farm,1,,399.0,0.14,,,,,,,,,,,69,hitl
249,2026-05-19 20:15,slaughterhouse_1,slaughterhouse,1,,,,175.0,400.0,,,,,,,,,69,hitl
249,2026-05-19 20:15,wholesaler_1,wholesaler,1,,,,,,4.32,10.3,,,,,,,69,hitl
249,2026-05-19 20:15,retail_1,retail,1,,,,,,,,0.0,30.0,1.0,18.0,16.5,75.0,69,hitl
250,2026-05-19 20:30,supplier_1,supplier,0,685.4,,,,,,,,,,,,,69,hitl
250,2026-05-19 20:30,farm_1,farm,1,,399.0,0.14,,,,,,,,,,,69,hitl
250,2026-05-19 20:30,slaughterhouse_1,slaughterhouse,1,,,,175.0,400.0,,,,,,,,,69,hitl
250,2026-05-19 20:30,wholesaler_1,wholesaler,1,,,,,,2.13,10.3,,,,,,,69,hitl
250,2026-05-19 20:30,retail_1,retail,1,,,,,,,,0.0,30.0,1.0,18.25,16.5,75.0,69,hitl
251,2026-05-19 20:45,supplier_1,supplier,0,684.13,,,,,,,,,,,,,69,hitl
251,2026-05-19 20:45,farm_1,farm,1,,399.0,0.14,,,,,,,,,,,69,hitl
251,2026-05-19 20:45,slaughterhouse_1,slaughterhouse,1,,,,175.0,400.0,,,,,,,,,69,hitl
251,2026-05-19 20:45,wholesaler_1,wholesaler,1,,,,,,0.0,10.3,,,,,,,69,hitl
251,2026-05-19 20:45,retail_1,retail,1,,,,,,,,0.0,30.0,1.0,18.5,16.5,75.0,69,hitl
252,2026-05-19 21:00,supplier_1,supplier,0,683.08,,,,,,,,,,,,,69,hitl
252,2026-05-19 21:00,farm_1,farm,1,,399.0,0.14,,,,,,,,,,,69,hitl
252,2026-05-19 21:00,slaughterhouse_1,slaughterhouse,1,,,,175.0,400.0,,,,,,,,,69,hitl
252,2026-05-19 21:00,wholesaler_1,wholesaler,1,,,,,,0.0,10.3,,,,,,,69,hitl
252,2026-05-19 21:00,retail_1,retail,1,,,,,,,,0.0,30.0,1.0,18.75,16.5,75.0,69,hitl
253,2026-05-19 21:15,supplier_1,supplier,0,682.07,,,,,,,,,,,,,69,hitl
253,2026-05-19 21:15,farm_1,farm,1,,399.0,0.14,,,,,,,,,,,69,hitl
253,2026-05-19 21:15,slaughterhouse_1,slaughterhouse,1,,,,175.0,400.0,,,,,,,,,69,hitl
253,2026-05-19 21:15,wholesaler_1,wholesaler,1,,,,,,0.0,10.3,,,,,,,69,hitl
253,2026-05-19 21:15,retail_1,retail,1,,,,,,,,0.0,30.0,1.0,19.0,16.5,75.0,69,hitl
254,2026-05-19 21:30,supplier_1,supplier,0,681.43,,,,,,,,,,,,,69,hitl
254,2026-05-19 21:30,farm_1,farm,1,,399.0,0.14,,,,,,,,,,,69,hitl
254,2026-05-19 21:30,slaughterhouse_1,slaughterhouse,1,,,,175.0,400.0,,,,,,,,,69,hitl
254,2026-05-19 21:30,wholesaler_1,wholesaler,1,,,,,,0.0,10.3,,,,,,,69,hitl
254,2026-05-19 21:30,retail_1,retail,1,,,,,,,,0.0,30.0,1.0,19.25,16.5,75.0,69,hitl
255,2026-05-19 21:45,supplier_1,supplier,0,680.07,,,,,,,,,,,,,69,hitl
255,2026-05-19 21:45,farm_1,farm,1,,399.0,0.14,,,,,,,,,,,69,hitl
255,2026-05-19 21:45,slaughterhouse_1,slaughterhouse,1,,,,175.0,400.0,,,,,,,,,69,hitl
255,2026-05-19 21:45,wholesaler_1,wholesaler,1,,,,,,0.0,10.3,,,,,,,69,hitl
255,2026-05-19 21:45,retail_1,retail,1,,,,,,,,0.0,30.0,1.0,19.5,16.5,75.0,69,hitl
256,2026-05-19 22:00,supplier_1,supplier,0,679.49,,,,,,,,,,,,,69,hitl
256,2026-05-19 22:00,farm_1,farm,1,,399.0,0.14,,,,,,,,,,,69,hitl
256,2026-05-19 22:00,slaughterhouse_1,slaughterhouse,1,,,,175.0,395.68,,,,,,,,,69,hitl
256,2026-05-19 22:00,wholesaler_1,wholesaler,1,,,,,,0.0,10.3,,,,,,,69,hitl
256,2026-05-19 22:00,retail_1,retail,1,,,,,,,,0.0,30.0,1.0,19.75,16.5,75.0,69,hitl
257,2026-05-19 22:15,supplier_1,supplier,0,678.4,,,,,,,,,,,,,69,hitl
257,2026-05-19 22:15,farm_1,farm,1,,399.0,0.14,,,,,,,,,,,69,hitl
257,2026-05-19 22:15,slaughterhouse_1,slaughterhouse,1,,,,175.0,400.0,,,,,,,,,69,hitl
257,2026-05-19 22:15,wholesaler_1,wholesaler,1,,,,,,4.32,10.3,,,,,,,69,hitl
257,2026-05-19 22:15,retail_1,retail,1,,,,,,,,0.0,30.0,1.0,20.0,16.5,75.0,69,hitl
258,2026-05-19 22:30,supplier_1,supplier,0,677.25,,,,,,,,,,,,,69,hitl
258,2026-05-19 22:30,farm_1,farm,1,,399.0,0.14,,,,,,,,,,,69,hitl
258,2026-05-19 22:30,slaughterhouse_1,slaughterhouse,1,,,,175.0,400.0,,,,,,,,,69,hitl
258,2026-05-19 22:30,wholesaler_1,wholesaler,1,,,,,,1.67,10.3,,,,,,,69,hitl
258,2026-05-19 22:30,retail_1,retail,1,,,,,,,,0.0,30.0,1.0,20.25,16.5,75.0,69,hitl
259,2026-05-19 22:45,supplier_1,supplier,0,676.58,,,,,,,,,,,,,69,hitl
259,2026-05-19 22:45,farm_1,farm,1,,399.0,0.14,,,,,,,,,,,69,hitl
259,2026-05-19 22:45,slaughterhouse_1,slaughterhouse,1,,,,175.0,400.0,,,,,,,,,69,hitl
259,2026-05-19 22:45,wholesaler_1,wholesaler,1,,,,,,0.0,10.3,,,,,,,69,hitl
259,2026-05-19 22:45,retail_1,retail,1,,,,,,,,0.0,30.0,1.0,20.5,16.5,75.0,69,hitl
260,2026-05-19 23:00,supplier_1,supplier,0,675.98,,,,,,,,,,,,,69,hitl
260,2026-05-19 23:00,farm_1,farm,1,,399.0,0.14,,,,,,,,,,,69,hitl
260,2026-05-19 23:00,slaughterhouse_1,slaughterhouse,1,,,,175.0,400.0,,,,,,,,,69,hitl
260,2026-05-19 23:00,wholesaler_1,wholesaler,1,,,,,,0.0,10.3,,,,,,,69,hitl
260,2026-05-19 23:00,retail_1,retail,1,,,,,,,,0.0,30.0,1.0,20.75,16.5,75.0,69,hitl
261,2026-05-19 23:15,supplier_1,supplier,0,675.46,,,,,,,,,,,,,69,hitl
261,2026-05-19 23:15,farm_1,farm,1,,399.0,0.14,,,,,,,,,,,69,hitl
261,2026-05-19 23:15,slaughterhouse_1,slaughterhouse,1,,,,175.0,400.0,,,,,,,,,69,hitl
261,2026-05-19 23:15,wholesaler_1,wholesaler,1,,,,,,0.0,10.3,,,,,,,69,hitl
261,2026-05-19 23:15,retail_1,retail,1,,,,,,,,0.0,30.0,1.0,21.0,16.5,75.0,69,hitl
262,2026-05-19 23:30,supplier_1,supplier,0,674.77,,,,,,,,,,,,,69,hitl
262,2026-05-19 23:30,farm_1,farm,1,,399.0,0.14,,,,,,,,,,,69,hitl
262,2026-05-19 23:30,slaughterhouse_1,slaughterhouse,1,,,,175.0,400.0,,,,,,,,,69,hitl
262,2026-05-19 23:30,wholesaler_1,wholesaler,1,,,,,,0.0,10.3,,,,,,,69,hitl
262,2026-05-19 23:30,retail_1,retail,1,,,,,,,,0.0,30.0,1.0,21.25,16.5,75.0,69,hitl
263,2026-05-19 23:45,supplier_1,supplier,0,673.94,,,,,,,,,,,,,69,hitl
263,2026-05-19 23:45,farm_1,farm,1,,399.0,0.14,,,,,,,,,,,69,hitl
263,2026-05-19 23:45,slaughterhouse_1,slaughterhouse,1,,,,175.0,400.0,,,,,,,,,69,hitl
263,2026-05-19 23:45,wholesaler_1,wholesaler,1,,,,,,0.0,10.3,,,,,,,69,hitl
263,2026-05-19 23:45,retail_1,retail,1,,,,,,,,0.0,30.0,1.0,21.5,16.5,75.0,69,hitl
264,2026-05-20 00:00,supplier_1,supplier,0,673.28,,,,,,,,,,,,,69,hitl
264,2026-05-20 00:00,farm_1,farm,1,,399.0,0.14,,,,,,,,,,,69,hitl
264,2026-05-20 00:00,slaughterhouse_1,slaughterhouse,1,,,,175.0,395.68,,,,,,,,,69,hitl
264,2026-05-20 00:00,wholesaler_1,wholesaler,1,,,,,,0.0,10.3,,,,,,,69,hitl
264,2026-05-20 00:00,retail_1,retail,1,,,,,,,,0.0,30.0,1.0,21.75,16.5,75.0,69,hitl
265,2026-05-20 00:15,supplier_1,supplier,0,671.91,,,,,,,,,,,,,69,hitl
265,2026-05-20 00:15,farm_1,farm,1,,399.0,0.14,,,,,,,,,,,69,hitl
265,2026-05-20 00:15,slaughterhouse_1,slaughterhouse,1,,,,175.0,400.0,,,,,,,,,69,hitl
265,2026-05-20 00:15,wholesaler_1,wholesaler,1,,,,,,4.32,10.3,,,,,,,69,hitl
265,2026-05-20 00:15,retail_1,retail,1,,,,,,,,0.0,30.0,1.0,22.0,16.5,75.0,69,hitl
266,2026-05-20 00:30,supplier_1,supplier,0,671.31,,,,,,,,,,,,,69,hitl
266,2026-05-20 00:30,farm_1,farm,1,,399.0,0.14,,,,,,,,,,,69,hitl
266,2026-05-20 00:30,slaughterhouse_1,slaughterhouse,1,,,,175.0,400.0,,,,,,,,,69,hitl
266,2026-05-20 00:30,wholesaler_1,wholesaler,1,,,,,,1.64,10.3,,,,,,,69,hitl
266,2026-05-20 00:30,retail_1,retail,1,,,,,,,,0.0,30.0,1.0,22.25,16.5,75.0,69,hitl
267,2026-05-20 00:45,supplier_1,supplier,0,670.68,,,,,,,,,,,,,69,hitl
267,2026-05-20 00:45,farm_1,farm,1,,399.0,0.14,,,,,,,,,,,69,hitl
267,2026-05-20 00:45,slaughterhouse_1,slaughterhouse,1,,,,175.0,400.0,,,,,,,,,69,hitl
267,2026-05-20 00:45,wholesaler_1,wholesaler,1,,,,,,0.0,10.3,,,,,,,69,hitl
267,2026-05-20 00:45,retail_1,retail,1,,,,,,,,0.0,30.0,1.0,22.5,16.5,75.0,69,hitl
268,2026-05-20 01:00,supplier_1,supplier,0,669.97,,,,,,,,,,,,,69,hitl
268,2026-05-20 01:00,farm_1,farm,1,,399.0,0.14,,,,,,,,,,,69,hitl
268,2026-05-20 01:00,slaughterhouse_1,slaughterhouse,1,,,,175.0,400.0,,,,,,,,,69,hitl
268,2026-05-20 01:00,wholesaler_1,wholesaler,1,,,,,,0.0,10.3,,,,,,,69,hitl
268,2026-05-20 01:00,retail_1,retail,1,,,,,,,,0.0,30.0,1.0,22.75,16.5,75.0,69,hitl
269,2026-05-20 01:15,supplier_1,supplier,0,668.94,,,,,,,,,,,,,69,hitl
269,2026-05-20 01:15,farm_1,farm,1,,399.0,0.14,,,,,,,,,,,69,hitl
269,2026-05-20 01:15,slaughterhouse_1,slaughterhouse,1,,,,175.0,400.0,,,,,,,,,69,hitl
269,2026-05-20 01:15,wholesaler_1,wholesaler,1,,,,,,0.0,10.3,,,,,,,69,hitl
269,2026-05-20 01:15,retail_1,retail,1,,,,,,,,0.0,30.0,1.0,23.0,16.5,75.0,69,hitl
270,2026-05-20 01:30,supplier_1,supplier,0,667.73,,,,,,,,,,,,,69,hitl
270,2026-05-20 01:30,farm_1,farm,1,,399.0,0.14,,,,,,,,,,,69,hitl
270,2026-05-20 01:30,slaughterhouse_1,slaughterhouse,1,,,,175.0,400.0,,,,,,,,,69,hitl
270,2026-05-20 01:30,wholesaler_1,wholesaler,1,,,,,,0.0,10.3,,,,,,,69,hitl
270,2026-05-20 01:30,retail_1,retail,1,,,,,,,,0.0,30.0,1.0,23.25,16.5,75.0,69,hitl
271,2026-05-20 01:45,supplier_1,supplier,0,666.76,,,,,,,,,,,,,69,hitl
271,2026-05-20 01:45,farm_1,farm,1,,399.0,0.14,,,,,,,,,,,69,hitl
271,2026-05-20 01:45,slaughterhouse_1,slaughterhouse,1,,,,175.0,400.0,,,,,,,,,69,hitl
271,2026-05-20 01:45,wholesaler_1,wholesaler,1,,,,,,0.0,10.3,,,,,,,69,hitl
271,2026-05-20 01:45,retail_1,retail,1,,,,,,,,0.0,30.0,1.0,23.5,16.5,75.0,69,hitl
272,2026-05-20 02:00,supplier_1,supplier,0,665.62,,,,,,,,,,,,,69,hitl
272,2026-05-20 02:00,farm_1,farm,1,,399.0,0.14,,,,,,,,,,,69,hitl
272,2026-05-20 02:00,slaughterhouse_1,slaughterhouse,1,,,,175.0,395.68,,,,,,,,,69,hitl
272,2026-05-20 02:00,wholesaler_1,wholesaler,1,,,,,,0.0,10.3,,,,,,,69,hitl
272,2026-05-20 02:00,retail_1,retail,1,,,,,,,,0.0,30.0,1.0,23.75,16.5,75.0,69,hitl
273,2026-05-20 02:15,supplier_1,supplier,0,665.05,,,,,,,,,,,,,69,hitl
273,2026-05-20 02:15,farm_1,farm,1,,399.0,0.14,,,,,,,,,,,69,hitl
273,2026-05-20 02:15,slaughterhouse_1,slaughterhouse,1,,,,175.0,400.0,,,,,,,,,69,hitl
273,2026-05-20 02:15,wholesaler_1,wholesaler,1,,,,,,4.32,10.3,,,,,,,69,hitl
273,2026-05-20 02:15,retail_1,retail,1,,,,,,,,0.0,30.0,1.0,24.0,16.5,75.0,69,hitl
274,2026-05-20 02:30,supplier_1,supplier,0,663.98,,,,,,,,,,,,,69,hitl
274,2026-05-20 02:30,farm_1,farm,1,,399.0,0.14,,,,,,,,,,,69,hitl
274,2026-05-20 02:30,slaughterhouse_1,slaughterhouse,1,,,,175.0,400.0,,,,,,,,,69,hitl
274,2026-05-20 02:30,wholesaler_1,wholesaler,1,,,,,,2.73,10.3,,,,,,,69,hitl
274,2026-05-20 02:30,retail_1,retail,1,,,,,,,,0.0,30.0,1.0,24.25,16.5,75.0,69,hitl
275,2026-05-20 02:45,supplier_1,supplier,0,662.91,,,,,,,,,,,,,69,hitl
275,2026-05-20 02:45,farm_1,farm,1,,399.0,0.14,,,,,,,,,,,69,hitl
275,2026-05-20 02:45,slaughterhouse_1,slaughterhouse,1,,,,175.0,400.0,,,,,,,,,69,hitl
275,2026-05-20 02:45,wholesaler_1,wholesaler,1,,,,,,0.66,10.3,,,,,,,69,hitl
275,2026-05-20 02:45,retail_1,retail,1,,,,,,,,0.0,30.0,1.0,24.5,16.5,75.0,69,hitl
276,2026-05-20 03:00,supplier_1,supplier,0,661.42,,,,,,,,,,,,,69,hitl
276,2026-05-20 03:00,farm_1,farm,1,,399.0,0.14,,,,,,,,,,,69,hitl
276,2026-05-20 03:00,slaughterhouse_1,slaughterhouse,1,,,,175.0,400.0,,,,,,,,,69,hitl
276,2026-05-20 03:00,wholesaler_1,wholesaler,1,,,,,,0.0,10.3,,,,,,,69,hitl
276,2026-05-20 03:00,retail_1,retail,1,,,,,,,,0.0,30.0,1.0,24.75,16.5,75.0,69,hitl
277,2026-05-20 03:15,supplier_1,supplier,0,660.37,,,,,,,,,,,,,69,hitl
277,2026-05-20 03:15,farm_1,farm,1,,399.0,0.14,,,,,,,,,,,69,hitl
277,2026-05-20 03:15,slaughterhouse_1,slaughterhouse,1,,,,175.0,400.0,,,,,,,,,69,hitl
277,2026-05-20 03:15,wholesaler_1,wholesaler,1,,,,,,0.0,10.3,,,,,,,69,hitl
277,2026-05-20 03:15,retail_1,retail,1,,,,,,,,0.0,30.0,1.0,25.0,16.5,75.0,69,hitl
278,2026-05-20 03:30,supplier_1,supplier,0,659.04,,,,,,,,,,,,,69,hitl
278,2026-05-20 03:30,farm_1,farm,1,,399.0,0.14,,,,,,,,,,,69,hitl
278,2026-05-20 03:30,slaughterhouse_1,slaughterhouse,1,,,,175.0,400.0,,,,,,,,,69,hitl
278,2026-05-20 03:30,wholesaler_1,wholesaler,1,,,,,,0.0,10.3,,,,,,,69,hitl
278,2026-05-20 03:30,retail_1,retail,1,,,,,,,,0.0,30.0,1.0,25.25,16.5,75.0,69,hitl
279,2026-05-20 03:45,supplier_1,supplier,0,658.01,,,,,,,,,,,,,69,hitl
279,2026-05-20 03:45,farm_1,farm,1,,399.0,0.14,,,,,,,,,,,69,hitl
279,2026-05-20 03:45,slaughterhouse_1,slaughterhouse,1,,,,175.0,400.0,,,,,,,,,69,hitl
279,2026-05-20 03:45,wholesaler_1,wholesaler,1,,,,,,0.0,10.3,,,,,,,69,hitl
279,2026-05-20 03:45,retail_1,retail,1,,,,,,,,0.0,30.0,1.0,25.5,16.5,75.0,69,hitl
280,2026-05-20 04:00,supplier_1,supplier,0,656.65,,,,,,,,,,,,,69,hitl
280,2026-05-20 04:00,farm_1,farm,1,,399.0,0.14,,,,,,,,,,,69,hitl
280,2026-05-20 04:00,slaughterhouse_1,slaughterhouse,1,,,,175.0,395.68,,,,,,,,,69,hitl
280,2026-05-20 04:00,wholesaler_1,wholesaler,1,,,,,,0.0,10.3,,,,,,,69,hitl
280,2026-05-20 04:00,retail_1,retail,1,,,,,,,,0.0,30.0,1.0,25.75,16.5,75.0,69,hitl
281,2026-05-20 04:15,supplier_1,supplier,0,655.21,,,,,,,,,,,,,69,hitl
281,2026-05-20 04:15,farm_1,farm,1,,399.0,0.14,,,,,,,,,,,69,hitl
281,2026-05-20 04:15,slaughterhouse_1,slaughterhouse,1,,,,175.0,400.0,,,,,,,,,69,hitl
281,2026-05-20 04:15,wholesaler_1,wholesaler,1,,,,,,4.32,10.3,,,,,,,69,hitl
281,2026-05-20 04:15,retail_1,retail,1,,,,,,,,0.0,30.0,1.0,26.0,16.5,75.0,69,hitl
282,2026-05-20 04:30,supplier_1,supplier,0,653.94,,,,,,,,,,,,,69,hitl
282,2026-05-20 04:30,farm_1,farm,1,,399.0,0.14,,,,,,,,,,,69,hitl
282,2026-05-20 04:30,slaughterhouse_1,slaughterhouse,1,,,,175.0,400.0,,,,,,,,,69,hitl
282,2026-05-20 04:30,wholesaler_1,wholesaler,1,,,,,,2.28,10.3,,,,,,,69,hitl
282,2026-05-20 04:30,retail_1,retail,1,,,,,,,,0.0,30.0,1.0,26.25,16.5,75.0,69,hitl
283,2026-05-20 04:45,supplier_1,supplier,0,653.03,,,,,,,,,,,,,69,hitl
283,2026-05-20 04:45,farm_1,farm,1,,399.0,0.14,,,,,,,,,,,69,hitl
283,2026-05-20 04:45,slaughterhouse_1,slaughterhouse,1,,,,175.0,400.0,,,,,,,,,69,hitl
283,2026-05-20 04:45,wholesaler_1,wholesaler,1,,,,,,0.0,10.3,,,,,,,69,hitl
283,2026-05-20 04:45,retail_1,retail,1,,,,,,,,0.0,30.0,1.0,26.5,16.5,75.0,69,hitl
284,2026-05-20 05:00,supplier_1,supplier,0,652.35,,,,,,,,,,,,,69,hitl
284,2026-05-20 05:00,farm_1,farm,1,,399.0,0.14,,,,,,,,,,,69,hitl
284,2026-05-20 05:00,slaughterhouse_1,slaughterhouse,1,,,,175.0,400.0,,,,,,,,,69,hitl
284,2026-05-20 05:00,wholesaler_1,wholesaler,1,,,,,,0.0,10.3,,,,,,,69,hitl
284,2026-05-20 05:00,retail_1,retail,1,,,,,,,,0.0,30.0,1.0,26.75,16.5,75.0,69,hitl
285,2026-05-20 05:15,supplier_1,supplier,0,651.72,,,,,,,,,,,,,69,hitl
285,2026-05-20 05:15,farm_1,farm,1,,399.0,0.14,,,,,,,,,,,69,hitl
285,2026-05-20 05:15,slaughterhouse_1,slaughterhouse,1,,,,175.0,400.0,,,,,,,,,69,hitl
285,2026-05-20 05:15,wholesaler_1,wholesaler,1,,,,,,0.0,10.3,,,,,,,69,hitl
285,2026-05-20 05:15,retail_1,retail,1,,,,,,,,0.0,30.0,1.0,27.0,16.5,75.0,69,hitl
286,2026-05-20 05:30,supplier_1,supplier,0,650.5,,,,,,,,,,,,,69,hitl
286,2026-05-20 05:30,farm_1,farm,1,,399.0,0.14,,,,,,,,,,,69,hitl
286,2026-05-20 05:30,slaughterhouse_1,slaughterhouse,1,,,,175.0,400.0,,,,,,,,,69,hitl
286,2026-05-20 05:30,wholesaler_1,wholesaler,1,,,,,,0.0,10.3,,,,,,,69,hitl
286,2026-05-20 05:30,retail_1,retail,1,,,,,,,,0.0,30.0,1.0,27.25,16.5,75.0,69,hitl
287,2026-05-20 05:45,supplier_1,supplier,0,649.89,,,,,,,,,,,,,69,hitl
287,2026-05-20 05:45,farm_1,farm,1,,399.0,0.14,,,,,,,,,,,69,hitl
287,2026-05-20 05:45,slaughterhouse_1,slaughterhouse,1,,,,175.0,400.0,,,,,,,,,69,hitl
287,2026-05-20 05:45,wholesaler_1,wholesaler,1,,,,,,0.0,10.3,,,,,,,69,hitl
287,2026-05-20 05:45,retail_1,retail,1,,,,,,,,0.0,30.0,1.0,27.5,16.5,75.0,69,hitl
288,2026-05-20 06:00,supplier_1,supplier,0,649.24,,,,,,,,,,,,,69,hitl
288,2026-05-20 06:00,farm_1,farm,1,,399.0,0.14,,,,,,,,,,,69,hitl
288,2026-05-20 06:00,slaughterhouse_1,slaughterhouse,1,,,,175.0,395.68,,,,,,,,,69,hitl
288,2026-05-20 06:00,wholesaler_1,wholesaler,1,,,,,,0.0,10.3,,,,,,,69,hitl
288,2026-05-20 06:00,retail_1,retail,1,,,,,,,,0.0,30.0,1.0,27.75,16.5,75.0,69,hitl
289,2026-05-20 06:15,supplier_1,supplier,0,648.4,,,,,,,,,,,,,69,hitl
289,2026-05-20 06:15,farm_1,farm,1,,399.0,0.14,,,,,,,,,,,69,hitl
289,2026-05-20 06:15,slaughterhouse_1,slaughterhouse,1,,,,175.0,400.0,,,,,,,,,69,hitl
289,2026-05-20 06:15,wholesaler_1,wholesaler,1,,,,,,4.32,10.3,,,,,,,69,hitl
289,2026-05-20 06:15,retail_1,retail,1,,,,,,,,0.0,30.0,1.0,28.0,16.5,75.0,69,hitl
290,2026-05-20 06:30,supplier_1,supplier,0,647.28,,,,,,,,,,,,,69,hitl
290,2026-05-20 06:30,farm_1,farm,1,,399.0,0.14,,,,,,,,,,,69,hitl
290,2026-05-20 06:30,slaughterhouse_1,slaughterhouse,1,,,,175.0,400.0,,,,,,,,,69,hitl
290,2026-05-20 06:30,wholesaler_1,wholesaler,1,,,,,,2.27,10.3,,,,,,,69,hitl
290,2026-05-20 06:30,retail_1,retail,1,,,,,,,,0.0,30.0,1.0,28.25,16.5,75.0,69,hitl
291,2026-05-20 06:45,supplier_1,supplier,0,646.36,,,,,,,,,,,,,69,hitl
291,2026-05-20 06:45,farm_1,farm,1,,399.0,0.14,,,,,,,,,,,69,hitl
291,2026-05-20 06:45,slaughterhouse_1,slaughterhouse,1,,,,175.0,400.0,,,,,,,,,69,hitl
291,2026-05-20 06:45,wholesaler_1,wholesaler,1,,,,,,0.0,10.3,,,,,,,69,hitl
291,2026-05-20 06:45,retail_1,retail,1,,,,,,,,0.0,30.0,1.0,28.5,16.5,75.0,69,hitl
292,2026-05-20 07:00,supplier_1,supplier,0,645.7,,,,,,,,,,,,,69,hitl
292,2026-05-20 07:00,farm_1,farm,1,,399.0,0.14,,,,,,,,,,,69,hitl
292,2026-05-20 07:00,slaughterhouse_1,slaughterhouse,1,,,,175.0,400.0,,,,,,,,,69,hitl
292,2026-05-20 07:00,wholesaler_1,wholesaler,1,,,,,,0.0,10.3,,,,,,,69,hitl
292,2026-05-20 07:00,retail_1,retail,1,,,,,,,,0.0,30.0,1.0,28.75,16.5,75.0,69,hitl
293,2026-05-20 07:15,supplier_1,supplier,0,645.1,,,,,,,,,,,,,69,hitl
293,2026-05-20 07:15,farm_1,farm,1,,399.0,0.14,,,,,,,,,,,69,hitl
293,2026-05-20 07:15,slaughterhouse_1,slaughterhouse,1,,,,175.0,400.0,,,,,,,,,69,hitl
293,2026-05-20 07:15,wholesaler_1,wholesaler,1,,,,,,0.0,10.3,,,,,,,69,hitl
293,2026-05-20 07:15,retail_1,retail,1,,,,,,,,0.0,30.0,1.0,29.0,16.5,75.0,69,hitl
294,2026-05-20 07:30,supplier_1,supplier,0,644.46,,,,,,,,,,,,,69,hitl
294,2026-05-20 07:30,farm_1,farm,1,,399.0,0.14,,,,,,,,,,,69,hitl
294,2026-05-20 07:30,slaughterhouse_1,slaughterhouse,1,,,,175.0,400.0,,,,,,,,,69,hitl
294,2026-05-20 07:30,wholesaler_1,wholesaler,1,,,,,,0.0,10.3,,,,,,,69,hitl
294,2026-05-20 07:30,retail_1,retail,1,,,,,,,,0.0,30.0,1.0,29.25,16.5,75.0,69,hitl
295,2026-05-20 07:45,supplier_1,supplier,0,643.15,,,,,,,,,,,,,69,hitl
295,2026-05-20 07:45,farm_1,farm,1,,399.0,0.14,,,,,,,,,,,69,hitl
295,2026-05-20 07:45,slaughterhouse_1,slaughterhouse,1,,,,175.0,400.0,,,,,,,,,69,hitl
295,2026-05-20 07:45,wholesaler_1,wholesaler,1,,,,,,0.0,10.3,,,,,,,69,hitl
295,2026-05-20 07:45,retail_1,retail,1,,,,,,,,0.0,30.0,1.0,29.5,16.5,75.0,69,hitl
296,2026-05-20 08:00,supplier_1,supplier,0,642.07,,,,,,,,,,,,,69,hitl
296,2026-05-20 08:00,farm_1,farm,1,,399.0,0.14,,,,,,,,,,,69,hitl
296,2026-05-20 08:00,slaughterhouse_1,slaughterhouse,1,,,,175.0,395.68,,,,,,,,,69,hitl
296,2026-05-20 08:00,wholesaler_1,wholesaler,1,,,,,,0.0,10.3,,,,,,,69,hitl
296,2026-05-20 08:00,retail_1,retail,1,,,,,,,,0.0,30.0,1.0,29.75,16.5,75.0,69,hitl
297,2026-05-20 08:15,supplier_1,supplier,0,641.21,,,,,,,,,,,,,69,hitl
297,2026-05-20 08:15,farm_1,farm,1,,399.0,0.14,,,,,,,,,,,69,hitl
297,2026-05-20 08:15,slaughterhouse_1,slaughterhouse,1,,,,175.0,400.0,,,,,,,,,69,hitl
297,2026-05-20 08:15,wholesaler_1,wholesaler,1,,,,,,4.32,10.3,,,,,,,69,hitl
297,2026-05-20 08:15,retail_1,retail,1,,,,,,,,0.0,30.0,1.0,30.0,16.5,75.0,69,hitl
298,2026-05-20 08:30,supplier_1,supplier,0,640.01,,,,,,,,,,,,,69,hitl
298,2026-05-20 08:30,farm_1,farm,1,,399.0,0.14,,,,,,,,,,,69,hitl
298,2026-05-20 08:30,slaughterhouse_1,slaughterhouse,1,,,,175.0,400.0,,,,,,,,,69,hitl
298,2026-05-20 08:30,wholesaler_1,wholesaler,1,,,,,,2.46,10.3,,,,,,,69,hitl
298,2026-05-20 08:30,retail_1,retail,1,,,,,,,,0.0,30.0,1.0,30.25,16.5,75.0,69,hitl
299,2026-05-20 08:45,supplier_1,supplier,0,638.58,,,,,,,,,,,,,69,hitl
299,2026-05-20 08:45,farm_1,farm,1,,399.0,0.14,,,,,,,,,,,69,hitl
299,2026-05-20 08:45,slaughterhouse_1,slaughterhouse,1,,,,175.0,400.0,,,,,,,,,69,hitl
299,2026-05-20 08:45,wholesaler_1,wholesaler,1,,,,,,0.81,10.3,,,,,,,69,hitl
299,2026-05-20 08:45,retail_1,retail,1,,,,,,,,0.0,30.0,1.0,30.5,16.5,75.0,69,hitl
300,2026-05-20 09:00,supplier_1,supplier,0,637.67,,,,,,,,,,,,,69,hitl
300,2026-05-20 09:00,farm_1,farm,1,,399.0,0.14,,,,,,,,,,,69,hitl
300,2026-05-20 09:00,slaughterhouse_1,slaughterhouse,1,,,,175.0,400.0,,,,,,,,,69,hitl
300,2026-05-20 09:00,wholesaler_1,wholesaler,1,,,,,,0.0,10.3,,,,,,,69,hitl
300,2026-05-20 09:00,retail_1,retail,1,,,,,,,,0.0,30.0,1.0,30.75,16.5,75.0,69,hitl
301,2026-05-20 09:15,supplier_1,supplier,0,636.55,,,,,,,,,,,,,69,hitl
301,2026-05-20 09:15,farm_1,farm,1,,399.0,0.14,,,,,,,,,,,69,hitl
301,2026-05-20 09:15,slaughterhouse_1,slaughterhouse,1,,,,175.0,400.0,,,,,,,,,69,hitl
301,2026-05-20 09:15,wholesaler_1,wholesaler,1,,,,,,0.0,10.3,,,,,,,69,hitl
301,2026-05-20 09:15,retail_1,retail,1,,,,,,,,0.0,30.0,1.0,31.0,16.5,75.0,69,hitl
302,2026-05-20 09:30,supplier_1,supplier,0,635.29,,,,,,,,,,,,,69,hitl
302,2026-05-20 09:30,farm_1,farm,1,,399.0,0.14,,,,,,,,,,,69,hitl
302,2026-05-20 09:30,slaughterhouse_1,slaughterhouse,1,,,,175.0,400.0,,,,,,,,,69,hitl
302,2026-05-20 09:30,wholesaler_1,wholesaler,1,,,,,,0.0,10.3,,,,,,,69,hitl
302,2026-05-20 09:30,retail_1,retail,1,,,,,,,,0.0,30.0,1.0,31.25,16.5,75.0,69,hitl
303,2026-05-20 09:45,supplier_1,supplier,0,634.36,,,,,,,,,,,,,69,hitl
303,2026-05-20 09:45,farm_1,farm,1,,399.0,0.14,,,,,,,,,,,69,hitl
303,2026-05-20 09:45,slaughterhouse_1,slaughterhouse,1,,,,175.0,400.0,,,,,,,,,69,hitl
303,2026-05-20 09:45,wholesaler_1,wholesaler,1,,,,,,0.0,10.3,,,,,,,69,hitl
303,2026-05-20 09:45,retail_1,retail,1,,,,,,,,0.0,30.0,1.0,31.5,16.5,75.0,69,hitl
304,2026-05-20 10:00,supplier_1,supplier,0,633.05,,,,,,,,,,,,,69,hitl
304,2026-05-20 10:00,farm_1,farm,1,,399.0,0.14,,,,,,,,,,,69,hitl
304,2026-05-20 10:00,slaughterhouse_1,slaughterhouse,1,,,,175.0,395.68,,,,,,,,,69,hitl
304,2026-05-20 10:00,wholesaler_1,wholesaler,1,,,,,,0.0,10.3,,,,,,,69,hitl
304,2026-05-20 10:00,retail_1,retail,1,,,,,,,,0.0,30.0,1.0,31.75,16.5,75.0,69,hitl
305,2026-05-20 10:15,supplier_1,supplier,0,632.09,,,,,,,,,,,,,69,hitl
305,2026-05-20 10:15,farm_1,farm,1,,399.0,0.14,,,,,,,,,,,69,hitl
305,2026-05-20 10:15,slaughterhouse_1,slaughterhouse,1,,,,175.0,400.0,,,,,,,,,69,hitl
305,2026-05-20 10:15,wholesaler_1,wholesaler,1,,,,,,4.32,10.3,,,,,,,69,hitl
305,2026-05-20 10:15,retail_1,retail,1,,,,,,,,0.0,30.0,1.0,32.0,16.5,75.0,69,hitl
306,2026-05-20 10:30,supplier_1,supplier,0,631.21,,,,,,,,,,,,,69,hitl
306,2026-05-20 10:30,farm_1,farm,1,,399.0,0.14,,,,,,,,,,,69,hitl
306,2026-05-20 10:30,slaughterhouse_1,slaughterhouse,1,,,,175.0,400.0,,,,,,,,,69,hitl
306,2026-05-20 10:30,wholesaler_1,wholesaler,1,,,,,,1.37,10.3,,,,,,,69,hitl
306,2026-05-20 10:30,retail_1,retail,1,,,,,,,,0.0,30.0,1.0,32.25,16.5,75.0,69,hitl
307,2026-05-20 10:45,supplier_1,supplier,0,630.01,,,,,,,,,,,,,69,hitl
307,2026-05-20 10:45,farm_1,farm,1,,399.0,0.14,,,,,,,,,,,69,hitl
307,2026-05-20 10:45,slaughterhouse_1,slaughterhouse,1,,,,175.0,400.0,,,,,,,,,69,hitl
307,2026-05-20 10:45,wholesaler_1,wholesaler,1,,,,,,0.0,10.3,,,,,,,69,hitl
307,2026-05-20 10:45,retail_1,retail,1,,,,,,,,0.0,30.0,1.0,32.5,16.5,75.0,69,hitl
308,2026-05-20 11:00,supplier_1,supplier,0,629.25,,,,,,,,,,,,,69,hitl
308,2026-05-20 11:00,farm_1,farm,1,,399.0,0.14,,,,,,,,,,,69,hitl
308,2026-05-20 11:00,slaughterhouse_1,slaughterhouse,1,,,,175.0,400.0,,,,,,,,,69,hitl
308,2026-05-20 11:00,wholesaler_1,wholesaler,1,,,,,,0.0,10.3,,,,,,,69,hitl
308,2026-05-20 11:00,retail_1,retail,1,,,,,,,,0.0,30.0,1.0,32.75,16.5,75.0,69,hitl
309,2026-05-20 11:15,supplier_1,supplier,0,628.66,,,,,,,,,,,,,69,hitl
309,2026-05-20 11:15,farm_1,farm,1,,399.0,0.14,,,,,,,,,,,69,hitl
309,2026-05-20 11:15,slaughterhouse_1,slaughterhouse,1,,,,175.0,400.0,,,,,,,,,69,hitl
309,2026-05-20 11:15,wholesaler_1,wholesaler,1,,,,,,0.0,10.3,,,,,,,69,hitl
309,2026-05-20 11:15,retail_1,retail,1,,,,,,,,0.0,30.0,1.0,33.0,16.5,75.0,69,hitl
310,2026-05-20 11:30,supplier_1,supplier,0,627.23,,,,,,,,,,,,,69,hitl
310,2026-05-20 11:30,farm_1,farm,1,,399.0,0.14,,,,,,,,,,,69,hitl
310,2026-05-20 11:30,slaughterhouse_1,slaughterhouse,1,,,,175.0,400.0,,,,,,,,,69,hitl
310,2026-05-20 11:30,wholesaler_1,wholesaler,1,,,,,,0.0,10.3,,,,,,,69,hitl
310,2026-05-20 11:30,retail_1,retail,1,,,,,,,,0.0,30.0,1.0,33.25,16.5,75.0,69,hitl
311,2026-05-20 11:45,supplier_1,supplier,0,626.5,,,,,,,,,,,,,69,hitl
311,2026-05-20 11:45,farm_1,farm,1,,399.0,0.14,,,,,,,,,,,69,hitl
311,2026-05-20 11:45,slaughterhouse_1,slaughterhouse,1,,,,175.0,400.0,,,,,,,,,69,hitl
311,2026-05-20 11:45,wholesaler_1,wholesaler,1,,,,,,0.0,10.3,,,,,,,69,hitl
311,2026-05-20 11:45,retail_1,retail,1,,,,,,,,0.0,30.0,1.0,33.5,16.5,75.0,69,hitl
312,2026-05-20 12:00,supplier_1,supplier,0,625.08,,,,,,,,,,,,,69,hitl
312,2026-05-20 12:00,farm_1,farm,0,,620.0,0.035,,,,,,,,,,,69,hitl
312,2026-05-20 12:00,slaughterhouse_1,slaughterhouse,1,,,,175.0,395.68,,,,,,,,,69,hitl
312,2026-05-20 12:00,wholesaler_1,wholesaler,1,,,,,,0.0,10.3,,,,,,,69,hitl
312,2026-05-20 12:00,retail_1,retail,1,,,,,,,,0.0,30.0,1.0,33.75,16.5,75.0,69,hitl
313,2026-05-20 12:15,supplier_1,supplier,0,624.21,,,,,,,,,,,,,69,hitl
313,2026-05-20 12:15,farm_1,farm,0,,620.0,0.035,,,,,,,,,,,69,hitl
313,2026-05-20 12:15,slaughterhouse_1,slaughterhouse,1,,,,175.0,400.0,,,,,,,,,69,hitl
313,2026-05-20 12:15,wholesaler_1,wholesaler,1,,,,,,4.32,10.3,,,,,,,69,hitl
313,2026-05-20 12:15,retail_1,retail,1,,,,,,,,0.0,30.0,1.0,34.0,16.5,75.0,69,hitl
314,2026-05-20 12:30,supplier_1,supplier,0,622.81,,,,,,,,,,,,,69,hitl
314,2026-05-20 12:30,farm_1,farm,0,,620.0,0.035,,,,,,,,,,,69,hitl
314,2026-05-20 12:30,slaughterhouse_1,slaughterhouse,1,,,,175.0,400.0,,,,,,,,,69,hitl
314,2026-05-20 12:30,wholesaler_1,wholesaler,1,,,,,,1.99,10.3,,,,,,,69,hitl
314,2026-05-20 12:30,retail_1,retail,1,,,,,,,,0.0,30.0,1.0,34.25,16.5,75.0,69,hitl
315,2026-05-20 12:45,supplier_1,supplier,0,621.35,,,,,,,,,,,,,69,hitl
315,2026-05-20 12:45,farm_1,farm,0,,620.0,0.035,,,,,,,,,,,69,hitl
315,2026-05-20 12:45,slaughterhouse_1,slaughterhouse,1,,,,175.0,400.0,,,,,,,,,69,hitl
315,2026-05-20 12:45,wholesaler_1,wholesaler,1,,,,,,0.0,10.3,,,,,,,69,hitl
315,2026-05-20 12:45,retail_1,retail,1,,,,,,,,0.0,30.0,1.0,34.5,16.5,75.0,69,hitl
316,2026-05-20 13:00,supplier_1,supplier,0,620.43,,,,,,,,,,,,,69,hitl
316,2026-05-20 13:00,farm_1,farm,0,,620.0,0.035,,,,,,,,,,,69,hitl
316,2026-05-20 13:00,slaughterhouse_1,slaughterhouse,1,,,,175.0,400.0,,,,,,,,,69,hitl
316,2026-05-20 13:00,wholesaler_1,wholesaler,1,,,,,,0.0,10.3,,,,,,,69,hitl
316,2026-05-20 13:00,retail_1,retail,1,,,,,,,,0.0,30.0,1.0,34.75,16.5,75.0,69,hitl
317,2026-05-20 13:15,supplier_1,supplier,0,619.29,,,,,,,,,,,,,69,hitl
317,2026-05-20 13:15,farm_1,farm,0,,620.0,0.035,,,,,,,,,,,69,hitl
317,2026-05-20 13:15,slaughterhouse_1,slaughterhouse,1,,,,175.0,400.0,,,,,,,,,69,hitl
317,2026-05-20 13:15,wholesaler_1,wholesaler,1,,,,,,0.0,10.3,,,,,,,69,hitl
317,2026-05-20 13:15,retail_1,retail,1,,,,,,,,0.0,30.0,1.0,35.0,16.5,75.0,69,hitl
318,2026-05-20 13:30,supplier_1,supplier,0,617.91,,,,,,,,,,,,,69,hitl
318,2026-05-20 13:30,farm_1,farm,0,,620.0,0.035,,,,,,,,,,,69,hitl
318,2026-05-20 13:30,slaughterhouse_1,slaughterhouse,1,,,,175.0,400.0,,,,,,,,,69,hitl
318,2026-05-20 13:30,wholesaler_1,wholesaler,1,,,,,,0.0,10.3,,,,,,,69,hitl
318,2026-05-20 13:30,retail_1,retail,1,,,,,,,,0.0,30.0,1.0,35.25,16.5,75.0,69,hitl
319,2026-05-20 13:45,supplier_1,supplier,0,616.87,,,,,,,,,,,,,69,hitl
319,2026-05-20 13:45,farm_1,farm,0,,620.0,0.035,,,,,,,,,,,69,hitl
319,2026-05-20 13:45,slaughterhouse_1,slaughterhouse,1,,,,175.0,400.0,,,,,,,,,69,hitl
319,2026-05-20 13:45,wholesaler_1,wholesaler,1,,,,,,0.0,10.3,,,,,,,69,hitl
319,2026-05-20 13:45,retail_1,retail,1,,,,,,,,0.0,30.0,1.0,35.5,16.5,75.0,69,hitl
320,2026-05-20 14:00,supplier_1,supplier,0,615.59,,,,,,,,,,,,,69,hitl
320,2026-05-20 14:00,farm_1,farm,0,,620.0,0.035,,,,,,,,,,,69,hitl
320,2026-05-20 14:00,slaughterhouse_1,slaughterhouse,1,,,,175.0,395.68,,,,,,,,,69,hitl
320,2026-05-20 14:00,wholesaler_1,wholesaler,1,,,,,,0.0,10.3,,,,,,,69,hitl
320,2026-05-20 14:00,retail_1,retail,1,,,,,,,,0.0,30.0,1.0,35.75,16.5,75.0,69,hitl
321,2026-05-20 14:15,supplier_1,supplier,0,614.86,,,,,,,,,,,,,69,hitl
321,2026-05-20 14:15,farm_1,farm,0,,620.0,0.035,,,,,,,,,,,69,hitl
321,2026-05-20 14:15,slaughterhouse_1,slaughterhouse,1,,,,175.0,400.0,,,,,,,,,69,hitl
321,2026-05-20 14:15,wholesaler_1,wholesaler,1,,,,,,4.32,10.3,,,,,,,69,hitl
321,2026-05-20 14:15,retail_1,retail,1,,,,,,,,0.0,30.0,1.0,36.0,16.5,75.0,69,hitl
322,2026-05-20 14:30,supplier_1,supplier,0,613.63,,,,,,,,,,,,,69,hitl
322,2026-05-20 14:30,farm_1,farm,0,,620.0,0.035,,,,,,,,,,,69,hitl
322,2026-05-20 14:30,slaughterhouse_1,slaughterhouse,1,,,,175.0,400.0,,,,,,,,,69,hitl
322,2026-05-20 14:30,wholesaler_1,wholesaler,1,,,,,,1.38,10.3,,,,,,,69,hitl
322,2026-05-20 14:30,retail_1,retail,1,,,,,,,,0.0,30.0,1.0,36.25,16.5,75.0,69,hitl
323,2026-05-20 14:45,supplier_1,supplier,0,612.83,,,,,,,,,,,,,69,hitl
323,2026-05-20 14:45,farm_1,farm,0,,620.0,0.035,,,,,,,,,,,69,hitl
323,2026-05-20 14:45,slaughterhouse_1,slaughterhouse,1,,,,175.0,400.0,,,,,,,,,69,hitl
323,2026-05-20 14:45,wholesaler_1,wholesaler,1,,,,,,0.0,10.3,,,,,,,69,hitl
323,2026-05-20 14:45,retail_1,retail,1,,,,,,,,0.0,30.0,1.0,36.5,16.5,75.0,69,hitl
324,2026-05-20 15:00,supplier_1,supplier,0,612.16,,,,,,,,,,,,,69,hitl
324,2026-05-20 15:00,farm_1,farm,1,,651.0,0.035,,,,,,,,,,,69,hitl
324,2026-05-20 15:00,slaughterhouse_1,slaughterhouse,1,,,,175.0,400.0,,,,,,,,,69,hitl
324,2026-05-20 15:00,wholesaler_1,wholesaler,1,,,,,,0.0,10.3,,,,,,,69,hitl
324,2026-05-20 15:00,retail_1,retail,1,,,,,,,,0.0,30.0,1.0,36.75,16.5,75.0,69,hitl
325,2026-05-20 15:15,supplier_1,supplier,0,611.05,,,,,,,,,,,,,69,hitl
325,2026-05-20 15:15,farm_1,farm,1,,651.0,0.035,,,,,,,,,,,69,hitl
325,2026-05-20 15:15,slaughterhouse_1,slaughterhouse,1,,,,175.0,400.0,,,,,,,,,69,hitl
325,2026-05-20 15:15,wholesaler_1,wholesaler,1,,,,,,0.0,10.3,,,,,,,69,hitl
325,2026-05-20 15:15,retail_1,retail,1,,,,,,,,0.0,30.0,1.0,37.0,16.5,75.0,69,hitl
326,2026-05-20 15:30,supplier_1,supplier,0,610.16,,,,,,,,,,,,,69,hitl
326,2026-05-20 15:30,farm_1,farm,1,,651.0,0.035,,,,,,,,,,,69,hitl
326,2026-05-20 15:30,slaughterhouse_1,slaughterhouse,1,,,,175.0,400.0,,,,,,,,,69,hitl
326,2026-05-20 15:30,wholesaler_1,wholesaler,1,,,,,,0.0,10.3,,,,,,,69,hitl
326,2026-05-20 15:30,retail_1,retail,1,,,,,,,,0.0,30.0,1.0,37.25,16.5,75.0,69,hitl
327,2026-05-20 15:45,supplier_1,supplier,0,609.4,,,,,,,,,,,,,69,hitl
327,2026-05-20 15:45,farm_1,farm,1,,651.0,0.035,,,,,,,,,,,69,hitl
327,2026-05-20 15:45,slaughterhouse_1,slaughterhouse,1,,,,175.0,400.0,,,,,,,,,69,hitl
327,2026-05-20 15:45,wholesaler_1,wholesaler,1,,,,,,0.0,10.3,,,,,,,69,hitl
327,2026-05-20 15:45,retail_1,retail,1,,,,,,,,0.0,30.0,1.0,37.5,16.5,75.0,69,hitl
328,2026-05-20 16:00,supplier_1,supplier,0,608.44,,,,,,,,,,,,,69,hitl
328,2026-05-20 16:00,farm_1,farm,1,,651.0,0.035,,,,,,,,,,,69,hitl
328,2026-05-20 16:00,slaughterhouse_1,slaughterhouse,1,,,,175.0,395.68,,,,,,,,,69,hitl
328,2026-05-20 16:00,wholesaler_1,wholesaler,1,,,,,,0.0,10.3,,,,,,,69,hitl
328,2026-05-20 16:00,retail_1,retail,1,,,,,,,,0.0,30.0,1.0,37.75,16.5,75.0,69,hitl
329,2026-05-20 16:15,supplier_1,supplier,0,607.28,,,,,,,,,,,,,69,hitl
329,2026-05-20 16:15,farm_1,farm,1,,651.0,0.035,,,,,,,,,,,69,hitl
329,2026-05-20 16:15,slaughterhouse_1,slaughterhouse,1,,,,175.0,400.0,,,,,,,,,69,hitl
329,2026-05-20 16:15,wholesaler_1,wholesaler,1,,,,,,4.32,10.3,,,,,,,69,hitl
329,2026-05-20 16:15,retail_1,retail,1,,,,,,,,0.0,30.0,1.0,38.0,16.5,75.0,69,hitl
330,2026-05-20 16:30,supplier_1,supplier,0,605.95,,,,,,,,,,,,,69,hitl
330,2026-05-20 16:30,farm_1,farm,1,,651.0,0.035,,,,,,,,,,,69,hitl
330,2026-05-20 16:30,slaughterhouse_1,slaughterhouse,1,,,,175.0,400.0,,,,,,,,,69,hitl
330,2026-05-20 16:30,wholesaler_1,wholesaler,1,,,,,,2.63,10.3,,,,,,,69,hitl
330,2026-05-20 16:30,retail_1,retail,1,,,,,,,,0.0,30.0,1.0,38.25,16.5,75.0,69,hitl
331,2026-05-20 16:45,supplier_1,supplier,0,604.95,,,,,,,,,,,,,69,hitl
331,2026-05-20 16:45,farm_1,farm,1,,651.0,0.035,,,,,,,,,,,69,hitl
331,2026-05-20 16:45,slaughterhouse_1,slaughterhouse,1,,,,175.0,400.0,,,,,,,,,69,hitl
331,2026-05-20 16:45,wholesaler_1,wholesaler,1,,,,,,0.0,10.3,,,,,,,69,hitl
331,2026-05-20 16:45,retail_1,retail,1,,,,,,,,0.0,30.0,1.0,38.5,16.5,75.0,69,hitl
332,2026-05-20 17:00,supplier_1,supplier,0,604.32,,,,,,,,,,,,,69,hitl
332,2026-05-20 17:00,farm_1,farm,1,,651.0,0.035,,,,,,,,,,,69,hitl
332,2026-05-20 17:00,slaughterhouse_1,slaughterhouse,1,,,,175.0,400.0,,,,,,,,,69,hitl
332,2026-05-20 17:00,wholesaler_1,wholesaler,1,,,,,,0.0,10.3,,,,,,,69,hitl
332,2026-05-20 17:00,retail_1,retail,1,,,,,,,,0.0,30.0,1.0,38.75,16.5,75.0,69,hitl
333,2026-05-20 17:15,supplier_1,supplier,0,602.94,,,,,,,,,,,,,69,hitl
333,2026-05-20 17:15,farm_1,farm,1,,651.0,0.035,,,,,,,,,,,69,hitl
333,2026-05-20 17:15,slaughterhouse_1,slaughterhouse,1,,,,175.0,400.0,,,,,,,,,69,hitl
333,2026-05-20 17:15,wholesaler_1,wholesaler,1,,,,,,0.0,10.3,,,,,,,69,hitl
333,2026-05-20 17:15,retail_1,retail,1,,,,,,,,0.0,30.0,1.0,39.0,16.5,75.0,69,hitl
334,2026-05-20 17:30,supplier_1,supplier,0,601.69,,,,,,,,,,,,,69,hitl
334,2026-05-20 17:30,farm_1,farm,1,,651.0,0.035,,,,,,,,,,,69,hitl
334,2026-05-20 17:30,slaughterhouse_1,slaughterhouse,1,,,,175.0,400.0,,,,,,,,,69,hitl
334,2026-05-20 17:30,wholesaler_1,wholesaler,1,,,,,,0.0,10.3,,,,,,,69,hitl
334,2026-05-20 17:30,retail_1,retail,1,,,,,,,,0.0,30.0,1.0,39.25,16.5,75.0,69,hitl
335,2026-05-20 17:45,supplier_1,supplier,0,600.45,,,,,,,,,,,,,69,hitl
335,2026-05-20 17:45,farm_1,farm,1,,651.0,0.035,,,,,,,,,,,69,hitl
335,2026-05-20 17:45,slaughterhouse_1,slaughterhouse,1,,,,175.0,400.0,,,,,,,,,69,hitl
335,2026-05-20 17:45,wholesaler_1,wholesaler,1,,,,,,0.0,10.3,,,,,,,69,hitl
335,2026-05-20 17:45,retail_1,retail,1,,,,,,,,0.0,30.0,1.0,39.5,16.5,75.0,69,hitl
336,2026-05-20 18:00,supplier_1,supplier,0,599.45,,,,,,,,,,,,,69,hitl
336,2026-05-20 18:00,farm_1,farm,1,,651.0,0.035,,,,,,,,,,,69,hitl
336,2026-05-20 18:00,slaughterhouse_1,slaughterhouse,1,,,,175.0,395.68,,,,,,,,,69,hitl
336,2026-05-20 18:00,wholesaler_1,wholesaler,1,,,,,,0.0,10.3,,,,,,,69,hitl
336,2026-05-20 18:00,retail_1,retail,1,,,,,,,,0.0,30.0,1.0,39.75,16.5,75.0,69,hitl
337,2026-05-20 18:15,supplier_1,supplier,0,597.96,,,,,,,,,,,,,69,hitl
337,2026-05-20 18:15,farm_1,farm,1,,651.0,0.035,,,,,,,,,,,69,hitl
337,2026-05-20 18:15,slaughterhouse_1,slaughterhouse,1,,,,175.0,400.0,,,,,,,,,69,hitl
337,2026-05-20 18:15,wholesaler_1,wholesaler,1,,,,,,4.32,10.3,,,,,,,69,hitl
337,2026-05-20 18:15,retail_1,retail,1,,,,,,,,0.0,30.0,1.0,40.0,16.5,75.0,69,hitl
338,2026-05-20 18:30,supplier_1,supplier,0,597.41,,,,,,,,,,,,,69,hitl
338,2026-05-20 18:30,farm_1,farm,1,,651.0,0.035,,,,,,,,,,,69,hitl
338,2026-05-20 18:30,slaughterhouse_1,slaughterhouse,1,,,,175.0,400.0,,,,,,,,,69,hitl
338,2026-05-20 18:30,wholesaler_1,wholesaler,1,,,,,,2.79,10.3,,,,,,,69,hitl
338,2026-05-20 18:30,retail_1,retail,1,,,,,,,,0.0,30.0,1.0,40.25,16.5,75.0,69,hitl
339,2026-05-20 18:45,supplier_1,supplier,0,596.16,,,,,,,,,,,,,69,hitl
339,2026-05-20 18:45,farm_1,farm,1,,651.0,0.035,,,,,,,,,,,69,hitl
339,2026-05-20 18:45,slaughterhouse_1,slaughterhouse,1,,,,175.0,400.0,,,,,,,,,69,hitl
339,2026-05-20 18:45,wholesaler_1,wholesaler,1,,,,,,0.93,10.3,,,,,,,69,hitl
339,2026-05-20 18:45,retail_1,retail,1,,,,,,,,0.0,30.0,1.0,40.5,16.5,75.0,69,hitl
340,2026-05-20 19:00,supplier_1,supplier,0,594.93,,,,,,,,,,,,,69,hitl
340,2026-05-20 19:00,farm_1,farm,1,,651.0,0.035,,,,,,,,,,,69,hitl
340,2026-05-20 19:00,slaughterhouse_1,slaughterhouse,1,,,,175.0,400.0,,,,,,,,,69,hitl
340,2026-05-20 19:00,wholesaler_1,wholesaler,1,,,,,,0.0,10.3,,,,,,,69,hitl
340,2026-05-20 19:00,retail_1,retail,1,,,,,,,,0.0,30.0,1.0,40.75,16.5,75.0,69,hitl
341,2026-05-20 19:15,supplier_1,supplier,0,594.35,,,,,,,,,,,,,69,hitl
341,2026-05-20 19:15,farm_1,farm,1,,651.0,0.035,,,,,,,,,,,69,hitl
341,2026-05-20 19:15,slaughterhouse_1,slaughterhouse,1,,,,175.0,400.0,,,,,,,,,69,hitl
341,2026-05-20 19:15,wholesaler_1,wholesaler,1,,,,,,0.0,10.3,,,,,,,69,hitl
341,2026-05-20 19:15,retail_1,retail,1,,,,,,,,0.0,30.0,1.0,41.0,16.5,75.0,69,hitl
342,2026-05-20 19:30,supplier_1,supplier,0,592.97,,,,,,,,,,,,,69,hitl
342,2026-05-20 19:30,farm_1,farm,1,,651.0,0.035,,,,,,,,,,,69,hitl
342,2026-05-20 19:30,slaughterhouse_1,slaughterhouse,1,,,,175.0,400.0,,,,,,,,,69,hitl
342,2026-05-20 19:30,wholesaler_1,wholesaler,1,,,,,,0.0,10.3,,,,,,,69,hitl
342,2026-05-20 19:30,retail_1,retail,1,,,,,,,,0.0,30.0,1.0,41.25,16.5,75.0,69,hitl
343,2026-05-20 19:45,supplier_1,supplier,0,592.28,,,,,,,,,,,,,69,hitl
343,2026-05-20 19:45,farm_1,farm,1,,651.0,0.035,,,,,,,,,,,69,hitl
343,2026-05-20 19:45,slaughterhouse_1,slaughterhouse,1,,,,175.0,400.0,,,,,,,,,69,hitl
343,2026-05-20 19:45,wholesaler_1,wholesaler,1,,,,,,0.0,10.3,,,,,,,69,hitl
343,2026-05-20 19:45,retail_1,retail,1,,,,,,,,0.0,30.0,1.0,41.5,16.5,75.0,69,hitl
344,2026-05-20 20:00,supplier_1,supplier,0,591.19,,,,,,,,,,,,,69,hitl
344,2026-05-20 20:00,farm_1,farm,1,,651.0,0.035,,,,,,,,,,,69,hitl
344,2026-05-20 20:00,slaughterhouse_1,slaughterhouse,1,,,,175.0,395.68,,,,,,,,,69,hitl
344,2026-05-20 20:00,wholesaler_1,wholesaler,1,,,,,,0.0,10.3,,,,,,,69,hitl
344,2026-05-20 20:00,retail_1,retail,1,,,,,,,,0.0,30.0,1.0,41.75,16.5,75.0,69,hitl
345,2026-05-20 20:15,supplier_1,supplier,0,589.94,,,,,,,,,,,,,69,hitl
345,2026-05-20 20:15,farm_1,farm,1,,651.0,0.035,,,,,,,,,,,69,hitl
345,2026-05-20 20:15,slaughterhouse_1,slaughterhouse,1,,,,175.0,400.0,,,,,,,,,69,hitl
345,2026-05-20 20:15,wholesaler_1,wholesaler,1,,,,,,4.32,10.3,,,,,,,69,hitl
345,2026-05-20 20:15,retail_1,retail,1,,,,,,,,0.0,30.0,1.0,42.0,16.5,75.0,69,hitl
346,2026-05-20 20:30,supplier_1,supplier,0,588.87,,,,,,,,,,,,,69,hitl
346,2026-05-20 20:30,farm_1,farm,1,,651.0,0.035,,,,,,,,,,,69,hitl
346,2026-05-20 20:30,slaughterhouse_1,slaughterhouse,1,,,,175.0,400.0,,,,,,,,,69,hitl
346,2026-05-20 20:30,wholesaler_1,wholesaler,1,,,,,,1.38,10.3,,,,,,,69,hitl
346,2026-05-20 20:30,retail_1,retail,1,,,,,,,,0.0,30.0,1.0,42.25,16.5,75.0,69,hitl
347,2026-05-20 20:45,supplier_1,supplier,0,587.99,,,,,,,,,,,,,69,hitl
347,2026-05-20 20:45,farm_1,farm,1,,651.0,0.035,,,,,,,,,,,69,hitl
347,2026-05-20 20:45,slaughterhouse_1,slaughterhouse,1,,,,175.0,400.0,,,,,,,,,69,hitl
347,2026-05-20 20:45,wholesaler_1,wholesaler,1,,,,,,0.0,10.3,,,,,,,69,hitl
347,2026-05-20 20:45,retail_1,retail,1,,,,,,,,0.0,30.0,1.0,42.5,16.5,75.0,69,hitl
348,2026-05-20 21:00,supplier_1,supplier,0,586.7,,,,,,,,,,,,,69,hitl
348,2026-05-20 21:00,farm_1,farm,1,,651.0,0.035,,,,,,,,,,,69,hitl
348,2026-05-20 21:00,slaughterhouse_1,slaughterhouse,1,,,,175.0,400.0,,,,,,,,,69,hitl
348,2026-05-20 21:00,wholesaler_1,wholesaler,1,,,,,,0.0,10.3,,,,,,,69,hitl
348,2026-05-20 21:00,retail_1,retail,1,,,,,,,,0.0,30.0,1.0,42.75,16.5,75.0,69,hitl
349,2026-05-20 21:15,supplier_1,supplier,0,586.15,,,,,,,,,,,,,69,hitl
349,2026-05-20 21:15,farm_1,farm,1,,651.0,0.035,,,,,,,,,,,69,hitl
349,2026-05-20 21:15,slaughterhouse_1,slaughterhouse,1,,,,175.0,400.0,,,,,,,,,69,hitl
349,2026-05-20 21:15,wholesaler_1,wholesaler,1,,,,,,0.0,10.3,,,,,,,69,hitl
349,2026-05-20 21:15,retail_1,retail,1,,,,,,,,0.0,30.0,1.0,43.0,16.5,75.0,69,hitl
350,2026-05-20 21:30,supplier_1,supplier,0,585.27,,,,,,,,,,,,,69,hitl
350,2026-05-20 21:30,farm_1,farm,1,,651.0,0.035,,,,,,,,,,,69,hitl
350,2026-05-20 21:30,slaughterhouse_1,slaughterhouse,1,,,,175.0,400.0,,,,,,,,,69,hitl
350,2026-05-20 21:30,wholesaler_1,wholesaler,1,,,,,,0.0,10.3,,,,,,,69,hitl
350,2026-05-20 21:30,retail_1,retail,1,,,,,,,,0.0,30.0,1.0,43.25,16.5,75.0,69,hitl
351,2026-05-20 21:45,supplier_1,supplier,0,584.09,,,,,,,,,,,,,69,hitl
351,2026-05-20 21:45,farm_1,farm,1,,651.0,0.035,,,,,,,,,,,69,hitl
351,2026-05-20 21:45,slaughterhouse_1,slaughterhouse,1,,,,175.0,400.0,,,,,,,,,69,hitl
351,2026-05-20 21:45,wholesaler_1,wholesaler,1,,,,,,0.0,10.3,,,,,,,69,hitl
351,2026-05-20 21:45,retail_1,retail,1,,,,,,,,0.0,30.0,1.0,43.5,16.5,75.0,69,hitl
352,2026-05-20 22:00,supplier_1,supplier,0,582.99,,,,,,,,,,,,,69,hitl
352,2026-05-20 22:00,farm_1,farm,1,,651.0,0.035,,,,,,,,,,,69,hitl
352,2026-05-20 22:00,slaughterhouse_1,slaughterhouse,1,,,,175.0,395.68,,,,,,,,,69,hitl
352,2026-05-20 22:00,wholesaler_1,wholesaler,1,,,,,,0.0,10.3,,,,,,,69,hitl
352,2026-05-20 22:00,retail_1,retail,1,,,,,,,,0.0,30.0,1.0,43.75,16.5,75.0,69,hitl
353,2026-05-20 22:15,supplier_1,supplier,0,582.02,,,,,,,,,,,,,69,hitl
353,2026-05-20 22:15,farm_1,farm,1,,651.0,0.035,,,,,,,,,,,69,hitl
353,2026-05-20 22:15,slaughterhouse_1,slaughterhouse,1,,,,175.0,400.0,,,,,,,,,69,hitl
353,2026-05-20 22:15,wholesaler_1,wholesaler,1,,,,,,4.32,10.3,,,,,,,69,hitl
353,2026-05-20 22:15,retail_1,retail,1,,,,,,,,0.0,30.0,1.0,44.0,16.5,75.0,69,hitl
354,2026-05-20 22:30,supplier_1,supplier,0,581.09,,,,,,,,,,,,,69,hitl
354,2026-05-20 22:30,farm_1,farm,1,,651.0,0.035,,,,,,,,,,,69,hitl
354,2026-05-20 22:30,slaughterhouse_1,slaughterhouse,1,,,,175.0,400.0,,,,,,,,,69,hitl
354,2026-05-20 22:30,wholesaler_1,wholesaler,1,,,,,,1.92,10.3,,,,,,,69,hitl
354,2026-05-20 22:30,retail_1,retail,1,,,,,,,,0.0,30.0,1.0,44.25,16.5,75.0,69,hitl
355,2026-05-20 22:45,supplier_1,supplier,0,580.35,,,,,,,,,,,,,69,hitl
355,2026-05-20 22:45,farm_1,farm,1,,651.0,0.035,,,,,,,,,,,69,hitl
355,2026-05-20 22:45,slaughterhouse_1,slaughterhouse,1,,,,175.0,400.0,,,,,,,,,69,hitl
355,2026-05-20 22:45,wholesaler_1,wholesaler,1,,,,,,0.0,10.3,,,,,,,69,hitl
355,2026-05-20 22:45,retail_1,retail,1,,,,,,,,0.0,30.0,1.0,44.5,16.5,75.0,69,hitl
356,2026-05-20 23:00,supplier_1,supplier,0,579.45,,,,,,,,,,,,,69,hitl
356,2026-05-20 23:00,farm_1,farm,1,,651.0,0.035,,,,,,,,,,,69,hitl
356,2026-05-20 23:00,slaughterhouse_1,slaughterhouse,1,,,,175.0,400.0,,,,,,,,,69,hitl
356,2026-05-20 23:00,wholesaler_1,wholesaler,1,,,,,,0.0,10.3,,,,,,,69,hitl
356,2026-05-20 23:00,retail_1,retail,1,,,,,,,,0.0,30.0,1.0,44.75,16.5,75.0,69,hitl
357,2026-05-20 23:15,supplier_1,supplier,0,578.71,,,,,,,,,,,,,69,hitl
357,2026-05-20 23:15,farm_1,farm,1,,651.0,0.035,,,,,,,,,,,69,hitl
357,2026-05-20 23:15,slaughterhouse_1,slaughterhouse,1,,,,175.0,400.0,,,,,,,,,69,hitl
357,2026-05-20 23:15,wholesaler_1,wholesaler,1,,,,,,0.0,10.3,,,,,,,69,hitl
357,2026-05-20 23:15,retail_1,retail,1,,,,,,,,0.0,30.0,1.0,45.0,16.5,75.0,69,hitl
358,2026-05-20 23:30,supplier_1,supplier,0,577.91,,,,,,,,,,,,,69,hitl
358,2026-05-20 23:30,farm_1,farm,1,,651.0,0.035,,,,,,,,,,,69,hitl
358,2026-05-20 23:30,slaughterhouse_1,slaughterhouse,1,,,,175.0,400.0,,,,,,,,,69,hitl
358,2026-05-20 23:30,wholesaler_1,wholesaler,1,,,,,,0.0,10.3,,,,,,,69,hitl
358,2026-05-20 23:30,retail_1,retail,1,,,,,,,,0.0,30.0,1.0,45.25,16.5,75.0,69,hitl
359,2026-05-20 23:45,supplier_1,supplier,0,576.74,,,,,,,,,,,,,69,hitl
359,2026-05-20 23:45,farm_1,farm,1,,651.0,0.035,,,,,,,,,,,69,hitl
359,2026-05-20 23:45,slaughterhouse_1,slaughterhouse,1,,,,175.0,400.0,,,,,,,,,69,hitl
359,2026-05-20 23:45,wholesaler_1,wholesaler,1,,,,,,0.0,10.3,,,,,,,69,hitl
359,2026-05-20 23:45,retail_1,retail,1,,,,,,,,0.0,30.0,1.0,45.5,16.5,75.0,69,hitl
360,2026-05-21 00:00,supplier_1,supplier,0,575.68,,,,,,,,,,,,,69,hitl
360,2026-05-21 00:00,farm_1,farm,0,,651.0,0.035,,,,,,,,,,,69,hitl
360,2026-05-21 00:00,slaughterhouse_1,slaughterhouse,0,,,,372.0,197.99,,,,,,,,,69,hitl
360,2026-05-21 00:00,wholesaler_1,wholesaler,1,,,,,,0.0,9.0331,,,,,,,69,hitl
360,2026-05-21 00:00,retail_1,retail,1,,,,,,,,0.0,30.0,1.0,45.75,16.5,75.0,69,hitl
361,2026-05-21 00:15,supplier_1,supplier,0,574.38,,,,,,,,,,,,,69,hitl
361,2026-05-21 00:15,farm_1,farm,0,,651.0,0.035,,,,,,,,,,,69,hitl
361,2026-05-21 00:15,slaughterhouse_1,slaughterhouse,0,,,,372.0,207.99,,,,,,,,,69,hitl
361,2026-05-21 00:15,wholesaler_1,wholesaler,1,,,,,,24.0,9.0331,,,,,,,69,hitl
361,2026-05-21 00:15,retail_1,retail,1,,,,,,,,0.0,30.0,1.0,46.0,16.5,75.0,69,hitl
362,2026-05-21 00:30,supplier_1,supplier,0,573.21,,,,,,,,,,,,,69,hitl
362,2026-05-21 00:30,farm_1,farm,0,,651.0,0.035,,,,,,,,,,,69,hitl
362,2026-05-21 00:30,slaughterhouse_1,slaughterhouse,0,,,,372.0,218.13,,,,,,,,,69,hitl
362,2026-05-21 00:30,wholesaler_1,wholesaler,1,,,,,,21.84,9.0331,,,,,,,69,hitl
362,2026-05-21 00:30,retail_1,retail,1,,,,,,,,0.0,30.0,1.0,46.25,16.5,75.0,69,hitl
363,2026-05-21 00:45,supplier_1,supplier,0,572.2,,,,,,,,,,,,,69,hitl
363,2026-05-21 00:45,farm_1,farm,0,,651.0,0.035,,,,,,,,,,,69,hitl
363,2026-05-21 00:45,slaughterhouse_1,slaughterhouse,0,,,,372.0,228.85,,,,,,,,,69,hitl
363,2026-05-21 00:45,wholesaler_1,wholesaler,1,,,,,,19.01,9.0331,,,,,,,69,hitl
363,2026-05-21 00:45,retail_1,retail,1,,,,,,,,0.0,30.0,1.0,46.5,16.5,75.0,69,hitl
364,2026-05-21 01:00,supplier_1,supplier,0,570.71,,,,,,,,,,,,,69,hitl
364,2026-05-21 01:00,farm_1,farm,0,,651.0,0.035,,,,,,,,,,,69,hitl
364,2026-05-21 01:00,slaughterhouse_1,slaughterhouse,0,,,,372.0,238.61,,,,,,,,,69,hitl
364,2026-05-21 01:00,wholesaler_1,wholesaler,1,,,,,,16.06,9.0331,,,,,,,69,hitl
364,2026-05-21 01:00,retail_1,retail,1,,,,,,,,0.0,30.0,1.0,46.75,16.5,75.0,69,hitl
365,2026-05-21 01:15,supplier_1,supplier,0,569.9,,,,,,,,,,,,,69,hitl
365,2026-05-21 01:15,farm_1,farm,0,,651.0,0.035,,,,,,,,,,,69,hitl
365,2026-05-21 01:15,slaughterhouse_1,slaughterhouse,0,,,,372.0,248.88,,,,,,,,,69,hitl
365,2026-05-21 01:15,wholesaler_1,wholesaler,1,,,,,,14.03,9.0331,,,,,,,69,hitl
365,2026-05-21 01:15,retail_1,retail,1,,,,,,,,0.0,30.0,1.0,47.0,16.5,75.0,69,hitl
366,2026-05-21 01:30,supplier_1,supplier,0,568.54,,,,,,,,,,,,,69,hitl
366,2026-05-21 01:30,farm_1,farm,0,,651.0,0.035,,,,,,,,,,,69,hitl
366,2026-05-21 01:30,slaughterhouse_1,slaughterhouse,0,,,,372.0,258.49,,,,,,,,,69,hitl
366,2026-05-21 01:30,wholesaler_1,wholesaler,1,,,,,,12.23,9.0331,,,,,,,69,hitl
366,2026-05-21 01:30,retail_1,retail,1,,,,,,,,0.0,30.0,1.0,47.25,16.5,75.0,69,hitl
367,2026-05-21 01:45,supplier_1,supplier,0,567.63,,,,,,,,,,,,,69,hitl
367,2026-05-21 01:45,farm_1,farm,0,,651.0,0.035,,,,,,,,,,,69,hitl
367,2026-05-21 01:45,slaughterhouse_1,slaughterhouse,0,,,,372.0,269.01,,,,,,,,,69,hitl
367,2026-05-21 01:45,wholesaler_1,wholesaler,1,,,,,,10.08,9.0331,,,,,,,69,hitl
367,2026-05-21 01:45,retail_1,retail,1,,,,,,,,0.0,30.0,1.0,47.5,16.5,75.0,69,hitl
368,2026-05-21 02:00,supplier_1,supplier,0,566.89,,,,,,,,,,,,,69,hitl
368,2026-05-21 02:00,farm_1,farm,0,,651.0,0.035,,,,,,,,,,,69,hitl
368,2026-05-21 02:00,slaughterhouse_1,slaughterhouse,0,,,,372.0,255.02,,,,,,,,,69,hitl
368,2026-05-21 02:00,wholesaler_1,wholesaler,1,,,,,,8.39,9.0331,,,,,,,69,hitl
368,2026-05-21 02:00,retail_1,retail,1,,,,,,,,0.0,30.0,1.0,47.75,16.5,75.0,69,hitl
369,2026-05-21 02:15,supplier_1,supplier,0,565.68,,,,,,,,,,,,,69,hitl
369,2026-05-21 02:15,farm_1,farm,0,,651.0,0.035,,,,,,,,,,,69,hitl
369,2026-05-21 02:15,slaughterhouse_1,slaughterhouse,0,,,,372.0,265.19,,,,,,,,,69,hitl
369,2026-05-21 02:15,wholesaler_1,wholesaler,1,,,,,,30.17,9.0331,,,,,,,69,hitl
369,2026-05-21 02:15,retail_1,retail,1,,,,,,,,0.0,30.0,1.0,48.0,16.5,75.0,69,hitl
370,2026-05-21 02:30,supplier_1,supplier,0,564.71,,,,,,,,,,,,,69,hitl
370,2026-05-21 02:30,farm_1,farm,0,,651.0,0.035,,,,,,,,,,,69,hitl
370,2026-05-21 02:30,slaughterhouse_1,slaughterhouse,0,,,,372.0,275.99,,,,,,,,,69,hitl
370,2026-05-21 02:30,wholesaler_1,wholesaler,1,,,,,,27.51,9.0331,,,,,,,69,hitl
370,2026-05-21 02:30,retail_1,retail,1,,,,,,,,0.0,30.0,1.0,48.25,16.5,75.0,69,hitl
371,2026-05-21 02:45,supplier_1,supplier,0,564.13,,,,,,,,,,,,,69,hitl
371,2026-05-21 02:45,farm_1,farm,0,,651.0,0.035,,,,,,,,,,,69,hitl
371,2026-05-21 02:45,slaughterhouse_1,slaughterhouse,0,,,,372.0,286.1,,,,,,,,,69,hitl
371,2026-05-21 02:45,wholesaler_1,wholesaler,1,,,,,,25.91,9.0331,,,,,,,69,hitl
371,2026-05-21 02:45,retail_1,retail,1,,,,,,,,0.0,30.0,1.0,48.5,16.5,75.0,69,hitl
372,2026-05-21 03:00,supplier_1,supplier,0,562.95,,,,,,,,,,,,,69,hitl
372,2026-05-21 03:00,farm_1,farm,0,,651.0,0.035,,,,,,,,,,,69,hitl
372,2026-05-21 03:00,slaughterhouse_1,slaughterhouse,0,,,,372.0,296.46,,,,,,,,,69,hitl
372,2026-05-21 03:00,wholesaler_1,wholesaler,1,,,,,,23.72,9.0331,,,,,,,69,hitl
372,2026-05-21 03:00,retail_1,retail,1,,,,,,,,0.0,30.0,1.0,48.75,16.5,75.0,69,hitl
373,2026-05-21 03:15,supplier_1,supplier,0,561.65,,,,,,,,,,,,,69,hitl
373,2026-05-21 03:15,farm_1,farm,0,,651.0,0.035,,,,,,,,,,,69,hitl
373,2026-05-21 03:15,slaughterhouse_1,slaughterhouse,0,,,,372.0,307.55,,,,,,,,,69,hitl
373,2026-05-21 03:15,wholesaler_1,wholesaler,1,,,,,,21.74,9.0331,,,,,,,69,hitl
373,2026-05-21 03:15,retail_1,retail,1,,,,,,,,0.0,30.0,1.0,49.0,16.5,75.0,69,hitl
374,2026-05-21 03:30,supplier_1,supplier,0,560.76,,,,,,,,,,,,,69,hitl
374,2026-05-21 03:30,farm_1,farm,0,,651.0,0.035,,,,,,,,,,,69,hitl
374,2026-05-21 03:30,slaughterhouse_1,slaughterhouse,0,,,,372.0,317.62,,,,,,,,,69,hitl
374,2026-05-21 03:30,wholesaler_1,wholesaler,1,,,,,,19.12,9.0331,,,,,,,69,hitl
374,2026-05-21 03:30,retail_1,retail,1,,,,,,,,0.0,30.0,1.0,49.25,16.5,75.0,69,hitl
375,2026-05-21 03:45,supplier_1,supplier,0,559.31,,,,,,,,,,,,,69,hitl
375,2026-05-21 03:45,farm_1,farm,0,,651.0,0.035,,,,,,,,,,,69,hitl
375,2026-05-21 03:45,slaughterhouse_1,slaughterhouse,0,,,,372.0,327.29,,,,,,,,,69,hitl
375,2026-05-21 03:45,wholesaler_1,wholesaler,1,,,,,,16.19,9.0331,,,,,,,69,hitl
375,2026-05-21 03:45,retail_1,retail,1,,,,,,,,0.0,30.0,1.0,49.5,16.5,75.0,69,hitl
376,2026-05-21 04:00,supplier_1,supplier,0,558.41,,,,,,,,,,,,,69,hitl
376,2026-05-21 04:00,farm_1,farm,0,,651.0,0.035,,,,,,,,,,,69,hitl
376,2026-05-21 04:00,slaughterhouse_1,slaughterhouse,0,,,,372.0,314.23,,,,,,,,,69,hitl
376,2026-05-21 04:00,wholesaler_1,wholesaler,1,,,,,,14.34,9.0331,,,,,,,69,hitl
376,2026-05-21 04:00,retail_1,retail,1,,,,,,,,0.0,30.0,1.0,49.75,16.5,75.0,69,hitl
377,2026-05-21 04:15,supplier_1,supplier,0,557.43,,,,,,,,,,,,,69,hitl
377,2026-05-21 04:15,farm_1,farm,0,,651.0,0.035,,,,,,,,,,,69,hitl
377,2026-05-21 04:15,slaughterhouse_1,slaughterhouse,0,,,,372.0,325.18,,,,,,,,,69,hitl
377,2026-05-21 04:15,wholesaler_1,wholesaler,1,,,,,,35.83,9.0331,,,,,,,69,hitl
377,2026-05-21 04:15,retail_1,retail,1,,,,,,,,0.0,30.0,1.0,50.0,16.5,75.0,69,hitl
378,2026-05-21 04:30,supplier_1,supplier,0,556.78,,,,,,,,,,,,,69,hitl
378,2026-05-21 04:30,farm_1,farm,0,,651.0,0.035,,,,,,,,,,,69,hitl
378,2026-05-21 04:30,slaughterhouse_1,slaughterhouse,0,,,,372.0,336.12,,,,,,,,,69,hitl
378,2026-05-21 04:30,wholesaler_1,wholesaler,1,,,,,,33.77,9.0331,,,,,,,69,hitl
378,2026-05-21 04:30,retail_1,retail,1,,,,,,,,0.0,30.0,1.0,50.25,16.5,75.0,69,hitl
379,2026-05-21 04:45,supplier_1,supplier,0,555.39,,,,,,,,,,,,,69,hitl
379,2026-05-21 04:45,farm_1,farm,0,,651.0,0.035,,,,,,,,,,,69,hitl
379,2026-05-21 04:45,slaughterhouse_1,slaughterhouse,0,,,,372.0,345.85,,,,,,,,,69,hitl
379,2026-05-21 04:45,wholesaler_1,wholesaler,1,,,,,,30.84,9.0331,,,,,,,69,hitl
379,2026-05-21 04:45,retail_1,retail,1,,,,,,,,0.0,30.0,1.0,50.5,16.5,75.0,69,hitl
380,2026-05-21 05:00,supplier_1,supplier,0,554.04,,,,,,,,,,,,,69,hitl
380,2026-05-21 05:00,farm_1,farm,0,,651.0,0.035,,,,,,,,,,,69,hitl
380,2026-05-21 05:00,slaughterhouse_1,slaughterhouse,0,,,,372.0,356.11,,,,,,,,,69,hitl
380,2026-05-21 05:00,wholesaler_1,wholesaler,1,,,,,,29.26,9.0331,,,,,,,69,hitl
380,2026-05-21 05:00,retail_1,retail,1,,,,,,,,0.0,30.0,1.0,50.75,16.5,75.0,69,hitl
381,2026-05-21 05:15,supplier_1,supplier,0,552.86,,,,,,,,,,,,,69,hitl
381,2026-05-21 05:15,farm_1,farm,0,,651.0,0.035,,,,,,,,,,,69,hitl
381,2026-05-21 05:15,slaughterhouse_1,slaughterhouse,0,,,,372.0,366.72,,,,,,,,,69,hitl
381,2026-05-21 05:15,wholesaler_1,wholesaler,1,,,,,,26.83,9.0331,,,,,,,69,hitl
381,2026-05-21 05:15,retail_1,retail,1,,,,,,,,0.0,30.0,1.0,51.0,16.5,75.0,69,hitl
382,2026-05-21 05:30,supplier_1,supplier,0,551.78,,,,,,,,,,,,,69,hitl
382,2026-05-21 05:30,farm_1,farm,0,,651.0,0.035,,,,,,,,,,,69,hitl
382,2026-05-21 05:30,slaughterhouse_1,slaughterhouse,0,,,,372.0,376.26,,,,,,,,,69,hitl
382,2026-05-21 05:30,wholesaler_1,wholesaler,1,,,,,,24.66,9.0331,,,,,,,69,hitl
382,2026-05-21 05:30,retail_1,retail,1,,,,,,,,0.0,30.0,1.0,51.25,16.5,75.0,69,hitl
383,2026-05-21 05:45,supplier_1,supplier,0,550.67,,,,,,,,,,,,,69,hitl
383,2026-05-21 05:45,farm_1,farm,0,,651.0,0.035,,,,,,,,,,,69,hitl
383,2026-05-21 05:45,slaughterhouse_1,slaughterhouse,0,,,,372.0,385.77,,,,,,,,,69,hitl
383,2026-05-21 05:45,wholesaler_1,wholesaler,1,,,,,,22.64,9.0331,,,,,,,69,hitl
383,2026-05-21 05:45,retail_1,retail,1,,,,,,,,0.0,30.0,1.0,51.5,16.5,75.0,69,hitl
384,2026-05-21 06:00,supplier_1,supplier,0,549.19,,,,,,,,,,,,,69,hitl
384,2026-05-21 06:00,farm_1,farm,0,,651.0,0.035,,,,,,,,,,,69,hitl
384,2026-05-21 06:00,slaughterhouse_1,slaughterhouse,0,,,,372.0,371.97,,,,,,,,,69,hitl
384,2026-05-21 06:00,wholesaler_1,wholesaler,1,,,,,,19.93,9.0331,,,,,,,69,hitl
384,2026-05-21 06:00,retail_1,retail,1,,,,,,,,0.0,30.0,1.0,51.75,16.5,75.0,69,hitl
385,2026-05-21 06:15,supplier_1,supplier,0,548.4,,,,,,,,,,,,,69,hitl
385,2026-05-21 06:15,farm_1,farm,0,,651.0,0.035,,,,,,,,,,,69,hitl
385,2026-05-21 06:15,slaughterhouse_1,slaughterhouse,0,,,,372.0,382.18,,,,,,,,,69,hitl
385,2026-05-21 06:15,wholesaler_1,wholesaler,1,,,,,,41.83,9.0331,,,,,,,69,hitl
385,2026-05-21 06:15,retail_1,retail,1,,,,,,,,0.0,30.0,1.0,52.0,16.5,75.0,69,hitl
386,2026-05-21 06:30,supplier_1,supplier,0,547.67,,,,,,,,,,,,,69,hitl
386,2026-05-21 06:30,farm_1,farm,0,,651.0,0.035,,,,,,,,,,,69,hitl
386,2026-05-21 06:30,slaughterhouse_1,slaughterhouse,0,,,,372.0,391.71,,,,,,,,,69,hitl
386,2026-05-21 06:30,wholesaler_1,wholesaler,1,,,,,,39.33,9.0331,,,,,,,69,hitl
386,2026-05-21 06:30,retail_1,retail,1,,,,,,,,0.0,30.0,1.0,52.25,16.5,75.0,69,hitl
387,2026-05-21 06:45,supplier_1,supplier,0,546.9,,,,,,,,,,,,,69,hitl
387,2026-05-21 06:45,farm_1,farm,0,,651.0,0.035,,,,,,,,,,,69,hitl
387,2026-05-21 06:45,slaughterhouse_1,slaughterhouse,0,,,,372.0,400.0,,,,,,,,,69,hitl
387,2026-05-21 06:45,wholesaler_1,wholesaler,1,,,,,,36.59,9.0331,,,,,,,69,hitl
387,2026-05-21 06:45,retail_1,retail,1,,,,,,,,0.0,30.0,1.0,52.5,16.5,75.0,69,hitl
388,2026-05-21 07:00,supplier_1,supplier,0,546.09,,,,,,,,,,,,,69,hitl
388,2026-05-21 07:00,farm_1,farm,0,,651.0,0.035,,,,,,,,,,,69,hitl
388,2026-05-21 07:00,slaughterhouse_1,slaughterhouse,0,,,,372.0,400.0,,,,,,,,,69,hitl
388,2026-05-21 07:00,wholesaler_1,wholesaler,1,,,,,,22.93,9.0331,,,,,,,69,hitl
388,2026-05-21 07:00,retail_1,retail,1,,,,,,,,0.0,30.0,1.0,52.75,16.5,75.0,69,hitl
389,2026-05-21 07:15,supplier_1,supplier,0,545.22,,,,,,,,,,,,,69,hitl
389,2026-05-21 07:15,farm_1,farm,0,,651.0,0.035,,,,,,,,,,,69,hitl
389,2026-05-21 07:15,slaughterhouse_1,slaughterhouse,0,,,,372.0,400.0,,,,,,,,,69,hitl
389,2026-05-21 07:15,wholesaler_1,wholesaler,1,,,,,,19.97,9.0331,,,,,,,69,hitl
389,2026-05-21 07:15,retail_1,retail,1,,,,,,,,12.0,30.0,1.0,53.0,16.5,75.0,69,hitl
390,2026-05-21 07:30,supplier_1,supplier,0,543.83,,,,,,,,,,,,,69,hitl
390,2026-05-21 07:30,farm_1,farm,0,,651.0,0.035,,,,,,,,,,,69,hitl
390,2026-05-21 07:30,slaughterhouse_1,slaughterhouse,0,,,,372.0,400.0,,,,,,,,,69,hitl
390,2026-05-21 07:30,wholesaler_1,wholesaler,1,,,,,,17.77,9.0331,,,,,,,69,hitl
390,2026-05-21 07:30,retail_1,retail,1,,,,,,,,8.02,30.0,0.0,53.25,16.5,75.0,69,hitl
391,2026-05-21 07:45,supplier_1,supplier,0,542.5,,,,,,,,,,,,,69,hitl
391,2026-05-21 07:45,farm_1,farm,0,,651.0,0.035,,,,,,,,,,,69,hitl
391,2026-05-21 07:45,slaughterhouse_1,slaughterhouse,0,,,,372.0,400.0,,,,,,,,,69,hitl
391,2026-05-21 07:45,wholesaler_1,wholesaler,1,,,,,,14.8,9.0331,,,,,,,69,hitl
391,2026-05-21 07:45,retail_1,retail,1,,,,,,,,3.43,30.0,0.0,53.5,16.5,75.0,69,hitl
392,2026-05-21 08:00,supplier_1,supplier,0,541.2,,,,,,,,,,,,,69,hitl
392,2026-05-21 08:00,farm_1,farm,0,,651.0,0.035,,,,,,,,,,,69,hitl
392,2026-05-21 08:00,slaughterhouse_1,slaughterhouse,0,,,,372.0,376.0,,,,,,,,,69,hitl
392,2026-05-21 08:00,wholesaler_1,wholesaler,1,,,,,,13.0,9.0331,,,,,,,69,hitl
392,2026-05-21 08:00,retail_1,retail,1,,,,,,,,0.0,30.0,1.0,53.75,16.5,75.0,69,hitl
393,2026-05-21 08:15,supplier_1,supplier,0,540.57,,,,,,,,,,,,,69,hitl
393,2026-05-21 08:15,farm_1,farm,0,,651.0,0.035,,,,,,,,,,,69,hitl
393,2026-05-21 08:15,slaughterhouse_1,slaughterhouse,0,,,,372.0,385.62,,,,,,,,,69,hitl
393,2026-05-21 08:15,wholesaler_1,wholesaler,1,,,,,,34.36,9.0331,,,,,,,69,hitl
393,2026-05-21 08:15,retail_1,retail,1,,,,,,,,0.0,30.0,1.0,54.0,16.5,75.0,69,hitl
394,2026-05-21 08:30,supplier_1,supplier,0,539.76,,,,,,,,,,,,,69,hitl
394,2026-05-21 08:30,farm_1,farm,0,,651.0,0.035,,,,,,,,,,,69,hitl
394,2026-05-21 08:30,slaughterhouse_1,slaughterhouse,0,,,,372.0,396.59,,,,,,,,,69,hitl
394,2026-05-21 08:30,wholesaler_1,wholesaler,1,,,,,,31.62,9.0331,,,,,,,69,hitl
394,2026-05-21 08:30,retail_1,retail,1,,,,,,,,0.0,30.0,1.0,54.25,16.5,75.0,69,hitl
395,2026-05-21 08:45,supplier_1,supplier,0,538.62,,,,,,,,,,,,,69,hitl
395,2026-05-21 08:45,farm_1,farm,0,,651.0,0.035,,,,,,,,,,,69,hitl
395,2026-05-21 08:45,slaughterhouse_1,slaughterhouse,0,,,,372.0,400.0,,,,,,,,,69,hitl
395,2026-05-21 08:45,wholesaler_1,wholesaler,1,,,,,,28.75,9.0331,,,,,,,69,hitl
395,2026-05-21 08:45,retail_1,retail,1,,,,,,,,0.0,30.0,1.0,54.5,16.5,75.0,69,hitl
396,2026-05-21 09:00,supplier_1,supplier,0,537.94,,,,,,,,,,,,,69,hitl
396,2026-05-21 09:00,farm_1,farm,1,,651.0,0.035,,,,,,,,,,,69,hitl
396,2026-05-21 09:00,slaughterhouse_1,slaughterhouse,0,,,,372.0,400.0,,,,,,,,,69,hitl
396,2026-05-21 09:00,wholesaler_1,wholesaler,1,,,,,,26.53,9.0331,,,,,,,69,hitl
396,2026-05-21 09:00,retail_1,retail,1,,,,,,,,0.0,30.0,1.0,54.75,16.5,75.0,69,hitl
397,2026-05-21 09:15,supplier_1,supplier,0,536.98,,,,,,,,,,,,,69,hitl
397,2026-05-21 09:15,farm_1,farm,1,,651.0,0.035,,,,,,,,,,,69,hitl
397,2026-05-21 09:15,slaughterhouse_1,slaughterhouse,0,,,,372.0,400.0,,,,,,,,,69,hitl
397,2026-05-21 09:15,wholesaler_1,wholesaler,1,,,,,,24.8,9.0331,,,,,,,69,hitl
397,2026-05-21 09:15,retail_1,retail,1,,,,,,,,0.0,30.0,1.0,55.0,16.5,75.0,69,hitl
398,2026-05-21 09:30,supplier_1,supplier,0,535.56,,,,,,,,,,,,,69,hitl
398,2026-05-21 09:30,farm_1,farm,1,,651.0,0.035,,,,,,,,,,,69,hitl
398,2026-05-21 09:30,slaughterhouse_1,slaughterhouse,0,,,,372.0,400.0,,,,,,,,,69,hitl
398,2026-05-21 09:30,wholesaler_1,wholesaler,1,,,,,,22.35,9.0331,,,,,,,69,hitl
398,2026-05-21 09:30,retail_1,retail,1,,,,,,,,0.0,30.0,1.0,55.25,16.5,75.0,69,hitl
399,2026-05-21 09:45,supplier_1,supplier,0,534.53,,,,,,,,,,,,,69,hitl
399,2026-05-21 09:45,farm_1,farm,1,,651.0,0.035,,,,,,,,,,,69,hitl
399,2026-05-21 09:45,slaughterhouse_1,slaughterhouse,0,,,,372.0,400.0,,,,,,,,,69,hitl
399,2026-05-21 09:45,wholesaler_1,wholesaler,1,,,,,,20.84,9.0331,,,,,,,69,hitl
399,2026-05-21 09:45,retail_1,retail,1,,,,,,,,0.0,30.0,1.0,55.5,16.5,75.0,69,hitl
400,2026-05-21 10:00,supplier_1,supplier,0,533.77,,,,,,,,,,,,,69,hitl
400,2026-05-21 10:00,farm_1,farm,1,,651.0,0.035,,,,,,,,,,,69,hitl
400,2026-05-21 10:00,slaughterhouse_1,slaughterhouse,0,,,,372.0,376.0,,,,,,,,,69,hitl
400,2026-05-21 10:00,wholesaler_1,wholesaler,1,,,,,,18.62,9.0331,,,,,,,69,hitl
400,2026-05-21 10:00,retail_1,retail,1,,,,,,,,0.0,30.0,1.0,55.75,16.5,75.0,69,hitl
401,2026-05-21 10:15,supplier_1,supplier,0,532.44,,,,,,,,,,,,,69,hitl
401,2026-05-21 10:15,farm_1,farm,1,,651.0,0.035,,,,,,,,,,,69,hitl
401,2026-05-21 10:15,slaughterhouse_1,slaughterhouse,0,,,,372.0,386.87,,,,,,,,,69,hitl
401,2026-05-21 10:15,wholesaler_1,wholesaler,1,,,,,,40.08,9.0331,,,,,,,69,hitl
401,2026-05-21 10:15,retail_1,retail,1,,,,,,,,0.0,30.0,1.0,56.0,16.5,75.0,69,hitl
402,2026-05-21 10:30,supplier_1,supplier,0,531.37,,,,,,,,,,,,,69,hitl
402,2026-05-21 10:30,farm_1,farm,1,,651.0,0.035,,,,,,,,,,,69,hitl
402,2026-05-21 10:30,slaughterhouse_1,slaughterhouse,0,,,,372.0,397.36,,,,,,,,,69,hitl
402,2026-05-21 10:30,wholesaler_1,wholesaler,1,,,,,,37.44,9.0331,,,,,,,69,hitl
402,2026-05-21 10:30,retail_1,retail,1,,,,,,,,0.0,30.0,1.0,56.25,16.5,75.0,69,hitl
403,2026-05-21 10:45,supplier_1,supplier,0,529.94,,,,,,,,,,,,,69,hitl
403,2026-05-21 10:45,farm_1,farm,1,,651.0,0.035,,,,,,,,,,,69,hitl
403,2026-05-21 10:45,slaughterhouse_1,slaughterhouse,0,,,,372.0,400.0,,,,,,,,,69,hitl
403,2026-05-21 10:45,wholesaler_1,wholesaler,1,,,,,,35.87,9.0331,,,,,,,69,hitl
403,2026-05-21 10:45,retail_1,retail,1,,,,,,,,0.0,30.0,1.0,56.5,16.5,75.0,69,hitl
404,2026-05-21 11:00,supplier_1,supplier,0,528.5,,,,,,,,,,,,,69,hitl
404,2026-05-21 11:00,farm_1,farm,1,,651.0,0.035,,,,,,,,,,,69,hitl
404,2026-05-21 11:00,slaughterhouse_1,slaughterhouse,0,,,,372.0,400.0,,,,,,,,,69,hitl
404,2026-05-21 11:00,wholesaler_1,wholesaler,1,,,,,,23.46,9.0331,,,,,,,69,hitl
404,2026-05-21 11:00,retail_1,retail,1,,,,,,,,0.0,30.0,1.0,56.75,16.5,75.0,69,hitl
405,2026-05-21 11:15,supplier_1,supplier,0,527.08,,,,,,,,,,,,,69,hitl
405,2026-05-21 11:15,farm_1,farm,1,,651.0,0.035,,,,,,,,,,,69,hitl
405,2026-05-21 11:15,slaughterhouse_1,slaughterhouse,0,,,,372.0,400.0,,,,,,,,,69,hitl
405,2026-05-21 11:15,wholesaler_1,wholesaler,1,,,,,,21.45,9.0331,,,,,,,69,hitl
405,2026-05-21 11:15,retail_1,retail,1,,,,,,,,9.6,30.0,1.0,57.0,16.5,75.0,69,hitl
406,2026-05-21 11:30,supplier_1,supplier,0,526.1,,,,,,,,,,,,,69,hitl
406,2026-05-21 11:30,farm_1,farm,1,,651.0,0.035,,,,,,,,,,,69,hitl
406,2026-05-21 11:30,slaughterhouse_1,slaughterhouse,0,,,,372.0,400.0,,,,,,,,,69,hitl
406,2026-05-21 11:30,wholesaler_1,wholesaler,1,,,,,,19.47,9.0331,,,,,,,69,hitl
406,2026-05-21 11:30,retail_1,retail,1,,,,,,,,5.86,30.0,0.0,57.25,16.5,75.0,69,hitl
407,2026-05-21 11:45,supplier_1,supplier,0,525.45,,,,,,,,,,,,,69,hitl
407,2026-05-21 11:45,farm_1,farm,1,,651.0,0.035,,,,,,,,,,,69,hitl
407,2026-05-21 11:45,slaughterhouse_1,slaughterhouse,0,,,,372.0,400.0,,,,,,,,,69,hitl
407,2026-05-21 11:45,wholesaler_1,wholesaler,1,,,,,,17.67,9.0331,,,,,,,69,hitl
407,2026-05-21 11:45,retail_1,retail,1,,,,,,,,1.95,30.0,0.0,57.5,16.5,75.0,69,hitl
408,2026-05-21 12:00,supplier_1,supplier,0,524.17,,,,,,,,,,,,,69,hitl
408,2026-05-21 12:00,farm_1,farm,1,,651.0,0.035,,,,,,,,,,,69,hitl
408,2026-05-21 12:00,slaughterhouse_1,slaughterhouse,0,,,,372.0,376.0,,,,,,,,,69,hitl
408,2026-05-21 12:00,wholesaler_1,wholesaler,0,,,,,,149.87,16.0,,,,,,,69,hitl
408,2026-05-21 12:00,retail_1,retail,1,,,,,,,,0.0,30.0,1.0,57.75,16.5,75.0,69,hitl
409,2026-05-21 12:15,supplier_1,supplier,0,523.62,,,,,,,,,,,,,69,hitl
409,2026-05-21 12:15,farm_1,farm,1,,651.0,0.035,,,,,,,,,,,69,hitl
409,2026-05-21 12:15,slaughterhouse_1,slaughterhouse,0,,,,372.0,385.76,,,,,,,,,69,hitl
409,2026-05-21 12:15,wholesaler_1,wholesaler,0,,,,,,171.48,16.0,,,,,,,69,hitl
409,2026-05-21 12:15,retail_1,retail,1,,,,,,,,9.6,30.0,1.0,58.0,16.5,75.0,69,hitl
410,2026-05-21 12:30,supplier_1,supplier,0,522.49,,,,,,,,,,,,,69,hitl
410,2026-05-21 12:30,farm_1,farm,1,,651.0,0.035,,,,,,,,,,,69,hitl
410,2026-05-21 12:30,slaughterhouse_1,slaughterhouse,0,,,,372.0,396.82,,,,,,,,,69,hitl
410,2026-05-21 12:30,wholesaler_1,wholesaler,0,,,,,,169.5,16.0,,,,,,,69,hitl
410,2026-05-21 12:30,retail_1,retail,1,,,,,,,,5.86,30.0,0.0,58.25,16.5,75.0,69,hitl
411,2026-05-21 12:45,supplier_1,supplier,0,521.39,,,,,,,,,,,,,69,hitl
411,2026-05-21 12:45,farm_1,farm,1,,651.0,0.035,,,,,,,,,,,69,hitl
411,2026-05-21 12:45,slaughterhouse_1,slaughterhouse,0,,,,372.0,400.0,,,,,,,,,69,hitl
411,2026-05-21 12:45,wholesaler_1,wholesaler,0,,,,,,166.6,16.0,,,,,,,69,hitl
411,2026-05-21 12:45,retail_1,retail,1,,,,,,,,2.08,30.0,0.0,58.5,16.5,75.0,69,hitl
412,2026-05-21 13:00,supplier_1,supplier,0,520.62,,,,,,,,,,,,,69,hitl
412,2026-05-21 13:00,farm_1,farm,1,,651.0,0.035,,,,,,,,,,,69,hitl
412,2026-05-21 13:00,slaughterhouse_1,slaughterhouse,0,,,,372.0,400.0,,,,,,,,,69,hitl
412,2026-05-21 13:00,wholesaler_1,wholesaler,0,,,,,,154.62,16.0,,,,,,,69,hitl
412,2026-05-21 13:00,retail_1,retail,1,,,,,,,,0.0,30.0,1.0,58.75,16.5,75.0,69,hitl
413,2026-05-21 13:15,supplier_1,supplier,0,519.15,,,,,,,,,,,,,69,hitl
413,2026-05-21 13:15,farm_1,farm,1,,651.0,0.035,,,,,,,,,,,69,hitl
413,2026-05-21 13:15,slaughterhouse_1,slaughterhouse,0,,,,372.0,400.0,,,,,,,,,69,hitl
413,2026-05-21 13:15,wholesaler_1,wholesaler,0,,,,,,152.01,16.0,,,,,,,69,hitl
413,2026-05-21 13:15,retail_1,retail,1,,,,,,,,9.6,30.0,1.0,59.0,16.5,75.0,69,hitl
414,2026-05-21 13:30,supplier_1,supplier,0,518.53,,,,,,,,,,,,,69,hitl
414,2026-05-21 13:30,farm_1,farm,1,,651.0,0.035,,,,,,,,,,,69,hitl
414,2026-05-21 13:30,slaughterhouse_1,slaughterhouse,0,,,,372.0,400.0,,,,,,,,,69,hitl
414,2026-05-21 13:30,wholesaler_1,wholesaler,0,,,,,,149.88,16.0,,,,,,,69,hitl
414,2026-05-21 13:30,retail_1,retail,1,,,,,,,,5.07,30.0,0.0,59.25,16.5,75.0,69,hitl
415,2026-05-21 13:45,supplier_1,supplier,0,517.32,,,,,,,,,,,,,69,hitl
415,2026-05-21 13:45,farm_1,farm,1,,651.0,0.035,,,,,,,,,,,69,hitl
415,2026-05-21 13:45,slaughterhouse_1,slaughterhouse,0,,,,372.0,400.0,,,,,,,,,69,hitl
415,2026-05-21 13:45,wholesaler_1,wholesaler,0,,,,,,147.03,16.0,,,,,,,69,hitl
415,2026-05-21 13:45,retail_1,retail,1,,,,,,,,1.14,30.0,0.0,59.5,16.5,75.0,69,hitl
416,2026-05-21 14:00,supplier_1,supplier,0,516.64,,,,,,,,,,,,,69,hitl
416,2026-05-21 14:00,farm_1,farm,1,,651.0,0.035,,,,,,,,,,,69,hitl
416,2026-05-21 14:00,slaughterhouse_1,slaughterhouse,0,,,,372.0,376.0,,,,,,,,,69,hitl
416,2026-05-21 14:00,wholesaler_1,wholesaler,0,,,,,,135.26,16.0,,,,,,,69,hitl
416,2026-05-21 14:00,retail_1,retail,1,,,,,,,,0.0,30.0,1.0,59.75,16.5,75.0,69,hitl
417,2026-05-21 14:15,supplier_1,supplier,0,515.44,,,,,,,,,,,,,69,hitl
417,2026-05-21 14:15,farm_1,farm,1,,651.0,0.035,,,,,,,,,,,69,hitl
417,2026-05-21 14:15,slaughterhouse_1,slaughterhouse,0,,,,372.0,386.74,,,,,,,,,69,hitl
417,2026-05-21 14:15,wholesaler_1,wholesaler,0,,,,,,156.89,16.0,,,,,,,69,hitl
417,2026-05-21 14:15,retail_1,retail,1,,,,,,,,9.6,30.0,1.0,60.0,16.5,75.0,69,hitl
418,2026-05-21 14:30,supplier_1,supplier,0,514.27,,,,,,,,,,,,,69,hitl
418,2026-05-21 14:30,farm_1,farm,1,,651.0,0.035,,,,,,,,,,,69,hitl
418,2026-05-21 14:30,slaughterhouse_1,slaughterhouse,0,,,,372.0,396.43,,,,,,,,,69,hitl
418,2026-05-21 14:30,wholesaler_1,wholesaler,0,,,,,,154.09,16.0,,,,,,,69,hitl
418,2026-05-21 14:30,retail_1,retail,1,,,,,,,,5.93,30.0,0.0,60.25,16.5,75.0,69,hitl
419,2026-05-21 14:45,supplier_1,supplier,0,512.91,,,,,,,,,,,,,69,hitl
419,2026-05-21 14:45,farm_1,farm,1,,651.0,0.035,,,,,,,,,,,69,hitl
419,2026-05-21 14:45,slaughterhouse_1,slaughterhouse,0,,,,372.0,400.0,,,,,,,,,69,hitl
419,2026-05-21 14:45,wholesaler_1,wholesaler,0,,,,,,151.93,16.0,,,,,,,69,hitl
419,2026-05-21 14:45,retail_1,retail,1,,,,,,,,1.92,30.0,0.0,60.5,16.5,75.0,69,hitl
420,2026-05-21 15:00,supplier_1,supplier,0,512.28,,,,,,,,,,,,,69,hitl
420,2026-05-21 15:00,farm_1,farm,1,,651.0,0.035,,,,,,,,,,,69,hitl
420,2026-05-21 15:00,slaughterhouse_1,slaughterhouse,0,,,,372.0,400.0,,,,,,,,,69,hitl
420,2026-05-21 15:00,wholesaler_1,wholesaler,0,,,,,,140.29,16.0,,,,,,,69,hitl
420,2026-05-21 15:00,retail_1,retail,1,,,,,,,,0.0,30.0,1.0,60.75,16.5,75.0,69,hitl
421,2026-05-21 15:15,supplier_1,supplier,0,511.76,,,,,,,,,,,,,69,hitl
421,2026-05-21 15:15,farm_1,farm,1,,651.0,0.035,,,,,,,,,,,69,hitl
421,2026-05-21 15:15,slaughterhouse_1,slaughterhouse,0,,,,372.0,400.0,,,,,,,,,69,hitl
421,2026-05-21 15:15,wholesaler_1,wholesaler,0,,,,,,138.01,16.0,,,,,,,69,hitl
421,2026-05-21 15:15,retail_1,retail,1,,,,,,,,9.6,30.0,1.0,61.0,16.5,75.0,69,hitl
422,2026-05-21 15:30,supplier_1,supplier,0,510.32,,,,,,,,,,,,,69,hitl
422,2026-05-21 15:30,farm_1,farm,1,,651.0,0.035,,,,,,,,,,,69,hitl
422,2026-05-21 15:30,slaughterhouse_1,slaughterhouse,0,,,,372.0,400.0,,,,,,,,,69,hitl
422,2026-05-21 15:30,wholesaler_1,wholesaler,0,,,,,,136.25,16.0,,,,,,,69,hitl
422,2026-05-21 15:30,retail_1,retail,1,,,,,,,,5.64,30.0,0.0,61.25,16.5,75.0,69,hitl
423,2026-05-21 15:45,supplier_1,supplier,0,509.2,,,,,,,,,,,,,69,hitl
423,2026-05-21 15:45,farm_1,farm,1,,651.0,0.035,,,,,,,,,,,69,hitl
423,2026-05-21 15:45,slaughterhouse_1,slaughterhouse,0,,,,372.0,400.0,,,,,,,,,69,hitl
423,2026-05-21 15:45,wholesaler_1,wholesaler,0,,,,,,134.21,16.0,,,,,,,69,hitl
423,2026-05-21 15:45,retail_1,retail,1,,,,,,,,1.54,30.0,0.0,61.5,16.5,75.0,69,hitl
424,2026-05-21 16:00,supplier_1,supplier,0,508.45,,,,,,,,,,,,,69,hitl
424,2026-05-21 16:00,farm_1,farm,1,,651.0,0.035,,,,,,,,,,,69,hitl
424,2026-05-21 16:00,slaughterhouse_1,slaughterhouse,0,,,,372.0,376.0,,,,,,,,,69,hitl
424,2026-05-21 16:00,wholesaler_1,wholesaler,0,,,,,,122.71,16.0,,,,,,,69,hitl
424,2026-05-21 16:00,retail_1,retail,1,,,,,,,,0.0,30.0,1.0,61.75,16.5,75.0,69,hitl
425,2026-05-21 16:15,supplier_1,supplier,0,507.67,,,,,,,,,,,,,69,hitl
425,2026-05-21 16:15,farm_1,farm,1,,651.0,0.035,,,,,,,,,,,69,hitl
425,2026-05-21 16:15,slaughterhouse_1,slaughterhouse,0,,,,372.0,387.02,,,,,,,,,69,hitl
425,2026-05-21 16:15,wholesaler_1,wholesaler,0,,,,,,144.42,16.0,,,,,,,69,hitl
425,2026-05-21 16:15,retail_1,retail,1,,,,,,,,9.6,30.0,1.0,62.0,16.5,75.0,69,hitl
426,2026-05-21 16:30,supplier_1,supplier,0,507.08,,,,,,,,,,,,,69,hitl
426,2026-05-21 16:30,farm_1,farm,1,,651.0,0.035,,,,,,,,,,,69,hitl
426,2026-05-21 16:30,slaughterhouse_1,slaughterhouse,0,,,,372.0,397.95,,,,,,,,,69,hitl
426,2026-05-21 16:30,wholesaler_1,wholesaler,0,,,,,,141.46,16.0,,,,,,,69,hitl
426,2026-05-21 16:30,retail_1,retail,1,,,,,,,,5.91,30.0,0.0,62.25,16.5,75.0,69,hitl
427,2026-05-21 16:45,supplier_1,supplier,0,506.47,,,,,,,,,,,,,69,hitl
427,2026-05-21 16:45,farm_1,farm,1,,651.0,0.035,,,,,,,,,,,69,hitl
427,2026-05-21 16:45,slaughterhouse_1,slaughterhouse,0,,,,372.0,400.0,,,,,,,,,69,hitl
427,2026-05-21 16:45,wholesaler_1,wholesaler,0,,,,,,138.65,16.0,,,,,,,69,hitl
427,2026-05-21 16:45,retail_1,retail,1,,,,,,,,1.34,30.0,0.0,62.5,16.5,75.0,69,hitl
428,2026-05-21 17:00,supplier_1,supplier,0,505.45,,,,,,,,,,,,,69,hitl
428,2026-05-21 17:00,farm_1,farm,1,,651.0,0.035,,,,,,,,,,,69,hitl
428,2026-05-21 17:00,slaughterhouse_1,slaughterhouse,0,,,,372.0,400.0,,,,,,,,,69,hitl
428,2026-05-21 17:00,wholesaler_1,wholesaler,0,,,,,,127.23,16.0,,,,,,,69,hitl
428,2026-05-21 17:00,retail_1,retail,1,,,,,,,,0.0,30.0,1.0,62.75,16.5,75.0,69,hitl
429,2026-05-21 17:15,supplier_1,supplier,0,504.52,,,,,,,,,,,,,69,hitl
429,2026-05-21 17:15,farm_1,farm,1,,651.0,0.035,,,,,,,,,,,69,hitl
429,2026-05-21 17:15,slaughterhouse_1,slaughterhouse,0,,,,372.0,400.0,,,,,,,,,69,hitl
429,2026-05-21 17:15,wholesaler_1,wholesaler,0,,,,,,125.11,16.0,,,,,,,69,hitl
429,2026-05-21 17:15,retail_1,retail,1,,,,,,,,9.6,30.0,1.0,63.0,16.5,75.0,69,hitl
430,2026-05-21 17:30,supplier_1,supplier,0,503.41,,,,,,,,,,,,,69,hitl
430,2026-05-21 17:30,farm_1,farm,1,,651.0,0.035,,,,,,,,,,,69,hitl
430,2026-05-21 17:30,slaughterhouse_1,slaughterhouse,0,,,,372.0,400.0,,,,,,,,,69,hitl
430,2026-05-21 17:30,wholesaler_1,wholesaler,0,,,,,,122.99,16.0,,,,,,,69,hitl
430,2026-05-21 17:30,retail_1,retail,1,,,,,,,,5.19,30.0,0.0,63.25,16.5,75.0,69,hitl
431,2026-05-21 17:45,supplier_1,supplier,0,502.31,,,,,,,,,,,,,69,hitl
431,2026-05-21 17:45,farm_1,farm,1,,651.0,0.035,,,,,,,,,,,69,hitl
431,2026-05-21 17:45,slaughterhouse_1,slaughterhouse,0,,,,372.0,400.0,,,,,,,,,69,hitl
431,2026-05-21 17:45,wholesaler_1,wholesaler,0,,,,,,120.08,16.0,,,,,,,69,hitl
431,2026-05-21 17:45,retail_1,retail,1,,,,,,,,0.82,30.0,0.0,63.5,16.5,75.0,69,hitl
432,2026-05-21 18:00,supplier_1,supplier,0,500.83,,,,,,,,,,,,,69,hitl
432,2026-05-21 18:00,farm_1,farm,0,,651.0,0.035,,,,,,,,,,,69,hitl
432,2026-05-21 18:00,slaughterhouse_1,slaughterhouse,0,,,,372.0,376.0,,,,,,,,,69,hitl
432,2026-05-21 18:00,wholesaler_1,wholesaler,0,,,,,,108.61,13.6,,,,,,,69,hitl
432,2026-05-21 18:00,retail_1,retail,1,,,,,,,,0.0,30.0,1.0,63.75,16.5,75.0,69,hitl
433,2026-05-21 18:15,supplier_1,supplier,0,499.95,,,,,,,,,,,,,69,hitl
433,2026-05-21 18:15,farm_1,farm,0,,651.0,0.035,,,,,,,,,,,69,hitl
433,2026-05-21 18:15,slaughterhouse_1,slaughterhouse,0,,,,372.0,386.08,,,,,,,,,69,hitl
433,2026-05-21 18:15,wholesaler_1,wholesaler,0,,,,,,129.93,13.6,,,,,,,69,hitl
433,2026-05-21 18:15,retail_1,retail,1,,,,,,,,9.6,30.0,1.0,64.0,16.5,75.0,69,hitl
434,2026-05-21 18:30,supplier_1,supplier,0,498.46,,,,,,,,,,,,,69,hitl
434,2026-05-21 18:30,farm_1,farm,0,,651.0,0.035,,,,,,,,,,,69,hitl
434,2026-05-21 18:30,slaughterhouse_1,slaughterhouse,0,,,,372.0,395.84,,,,,,,,,69,hitl
434,2026-05-21 18:30,wholesaler_1,wholesaler,0,,,,,,127.26,13.6,,,,,,,69,hitl
434,2026-05-21 18:30,retail_1,retail,1,,,,,,,,5.43,30.0,0.0,64.25,16.5,75.0,69,hitl
435,2026-05-21 18:45,supplier_1,supplier,0,497.55,,,,,,,,,,,,,69,hitl
435,2026-05-21 18:45,farm_1,farm,0,,651.0,0.035,,,,,,,,,,,69,hitl
435,2026-05-21 18:45,slaughterhouse_1,slaughterhouse,0,,,,372.0,400.0,,,,,,,,,69,hitl
435,2026-05-21 18:45,wholesaler_1,wholesaler,0,,,,,,124.27,13.6,,,,,,,69,hitl
435,2026-05-21 18:45,retail_1,retail,1,,,,,,,,1.58,30.0,0.0,64.5,16.5,75.0,69,hitl
436,2026-05-21 19:00,supplier_1,supplier,0,496.8,,,,,,,,,,,,,69,hitl
436,2026-05-21 19:00,farm_1,farm,0,,651.0,0.035,,,,,,,,,,,69,hitl
436,2026-05-21 19:00,slaughterhouse_1,slaughterhouse,0,,,,372.0,400.0,,,,,,,,,69,hitl
436,2026-05-21 19:00,wholesaler_1,wholesaler,0,,,,,,110.24,13.6,,,,,,,69,hitl
436,2026-05-21 19:00,retail_1,retail,1,,,,,,,,0.0,30.0,1.0,64.75,16.5,75.0,69,hitl
437,2026-05-21 19:15,supplier_1,supplier,0,495.42,,,,,,,,,,,,,69,hitl
437,2026-05-21 19:15,farm_1,farm,0,,651.0,0.035,,,,,,,,,,,69,hitl
437,2026-05-21 19:15,slaughterhouse_1,slaughterhouse,0,,,,372.0,400.0,,,,,,,,,69,hitl
437,2026-05-21 19:15,wholesaler_1,wholesaler,0,,,,,,107.74,13.6,,,,,,,69,hitl
437,2026-05-21 19:15,retail_1,retail,1,,,,,,,,12.0,30.0,1.0,65.0,16.5,75.0,69,hitl
438,2026-05-21 19:30,supplier_1,supplier,0,494.71,,,,,,,,,,,,,69,hitl
438,2026-05-21 19:30,farm_1,farm,0,,651.0,0.035,,,,,,,,,,,69,hitl
438,2026-05-21 19:30,slaughterhouse_1,slaughterhouse,0,,,,372.0,400.0,,,,,,,,,69,hitl
438,2026-05-21 19:30,wholesaler_1,wholesaler,0,,,,,,104.83,13.6,,,,,,,69,hitl
438,2026-05-21 19:30,retail_1,retail,1,,,,,,,,7.87,30.0,0.0,65.25,16.5,75.0,69,hitl
439,2026-05-21 19:45,supplier_1,supplier,0,493.36,,,,,,,,,,,,,69,hitl
439,2026-05-21 19:45,farm_1,farm,0,,651.0,0.035,,,,,,,,,,,69,hitl
439,2026-05-21 19:45,slaughterhouse_1,slaughterhouse,0,,,,372.0,400.0,,,,,,,,,69,hitl
439,2026-05-21 19:45,wholesaler_1,wholesaler,0,,,,,,103.33,13.6,,,,,,,69,hitl
439,2026-05-21 19:45,retail_1,retail,1,,,,,,,,4.18,30.0,0.0,65.5,16.5,75.0,69,hitl
440,2026-05-21 20:00,supplier_1,supplier,0,492.44,,,,,,,,,,,,,69,hitl
440,2026-05-21 20:00,farm_1,farm,0,,651.0,0.035,,,,,,,,,,,69,hitl
440,2026-05-21 20:00,slaughterhouse_1,slaughterhouse,0,,,,372.0,376.0,,,,,,,,,69,hitl
440,2026-05-21 20:00,wholesaler_1,wholesaler,1,,,,,,88.33,11.56,,,,,,,69,hitl
440,2026-05-21 20:00,retail_1,retail,1,,,,,,,,0.0,30.0,1.0,65.75,16.5,75.0,69,hitl
441,2026-05-21 20:15,supplier_1,supplier,0,490.94,,,,,,,,,,,,,69,hitl
441,2026-05-21 20:15,farm_1,farm,0,,651.0,0.035,,,,,,,,,,,69,hitl
441,2026-05-21 20:15,slaughterhouse_1,slaughterhouse,0,,,,372.0,386.68,,,,,,,,,69,hitl
441,2026-05-21 20:15,wholesaler_1,wholesaler,1,,,,,,110.29,11.56,,,,,,,69,hitl
441,2026-05-21 20:15,retail_1,retail,1,,,,,,,,12.0,30.0,1.0,66.0,16.5,75.0,69,hitl
442,2026-05-21 20:30,supplier_1,supplier,0,489.53,,,,,,,,,,,,,69,hitl
442,2026-05-21 20:30,farm_1,farm,0,,651.0,0.035,,,,,,,,,,,69,hitl
442,2026-05-21 20:30,slaughterhouse_1,slaughterhouse,0,,,,372.0,397.44,,,,,,,,,69,hitl
442,2026-05-21 20:30,wholesaler_1,wholesaler,1,,,,,,107.67,11.56,,,,,,,69,hitl
442,2026-05-21 20:30,retail_1,retail,1,,,,,,,,7.44,30.0,0.0,66.25,16.5,75.0,69,hitl
443,2026-05-21 20:45,supplier_1,supplier,0,488.9,,,,,,,,,,,,,69,hitl
443,2026-05-21 20:45,farm_1,farm,0,,651.0,0.035,,,,,,,,,,,69,hitl
443,2026-05-21 20:45,slaughterhouse_1,slaughterhouse,0,,,,372.0,400.0,,,,,,,,,69,hitl
443,2026-05-21 20:45,wholesaler_1,wholesaler,1,,,,,,105.31,11.56,,,,,,,69,hitl
443,2026-05-21 20:45,retail_1,retail,1,,,,,,,,3.48,30.0,0.0,66.5,16.5,75.0,69,hitl
444,2026-05-21 21:00,supplier_1,supplier,0,487.53,,,,,,,,,,,,,69,hitl
444,2026-05-21 21:00,farm_1,farm,0,,651.0,0.035,,,,,,,,,,,69,hitl
444,2026-05-21 21:00,slaughterhouse_1,slaughterhouse,0,,,,372.0,400.0,,,,,,,,,69,hitl
444,2026-05-21 21:00,wholesaler_1,wholesaler,1,,,,,,90.81,11.56,,,,,,,69,hitl
444,2026-05-21 21:00,retail_1,retail,1,,,,,,,,0.0,30.0,1.0,66.75,16.5,75.0,69,hitl
445,2026-05-21 21:15,supplier_1,supplier,0,486.99,,,,,,,,,,,,,69,hitl
445,2026-05-21 21:15,farm_1,farm,0,,651.0,0.035,,,,,,,,,,,69,hitl
445,2026-05-21 21:15,slaughterhouse_1,slaughterhouse,0,,,,372.0,400.0,,,,,,,,,69,hitl
445,2026-05-21 21:15,wholesaler_1,wholesaler,1,,,,,,88.6,11.56,,,,,,,69,hitl
445,2026-05-21 21:15,retail_1,retail,1,,,,,,,,12.0,30.0,1.0,67.0,16.5,75.0,69,hitl
446,2026-05-21 21:30,supplier_1,supplier,0,485.86,,,,,,,,,,,,,69,hitl
446,2026-05-21 21:30,farm_1,farm,0,,651.0,0.035,,,,,,,,,,,69,hitl
446,2026-05-21 21:30,slaughterhouse_1,slaughterhouse,0,,,,372.0,400.0,,,,,,,,,69,hitl
446,2026-05-21 21:30,wholesaler_1,wholesaler,1,,,,,,85.94,11.56,,,,,,,69,hitl
446,2026-05-21 21:30,retail_1,retail,1,,,,,,,,7.97,30.0,0.0,67.25,16.5,75.0,69,hitl
447,2026-05-21 21:45,supplier_1,supplier,0,485.1,,,,,,,,,,,,,69,hitl
447,2026-05-21 21:45,farm_1,farm,0,,651.0,0.035,,,,,,,,,,,69,hitl
447,2026-05-21 21:45,slaughterhouse_1,slaughterhouse,0,,,,372.0,400.0,,,,,,,,,69,hitl
447,2026-05-21 21:45,wholesaler_1,wholesaler,1,,,,,,83.94,11.56,,,,,,,69,hitl
447,2026-05-21 21:45,retail_1,retail,1,,,,,,,,3.8,30.0,0.0,67.5,16.5,75.0,69,hitl
448,2026-05-21 22:00,supplier_1,supplier,0,483.93,,,,,,,,,,,,,69,hitl
448,2026-05-21 22:00,farm_1,farm,0,,651.0,0.035,,,,,,,,,,,69,hitl
448,2026-05-21 22:00,slaughterhouse_1,slaughterhouse,0,,,,372.0,376.0,,,,,,,,,69,hitl
448,2026-05-21 22:00,wholesaler_1,wholesaler,1,,,,,,70.43,11.56,,,,,,,69,hitl
448,2026-05-21 22:00,retail_1,retail,1,,,,,,,,0.0,30.0,1.0,67.75,16.5,75.0,69,hitl
449,2026-05-21 22:15,supplier_1,supplier,0,483.41,,,,,,,,,,,,,69,hitl
449,2026-05-21 22:15,farm_1,farm,0,,651.0,0.035,,,,,,,,,,,69,hitl
449,2026-05-21 22:15,slaughterhouse_1,slaughterhouse,0,,,,372.0,386.09,,,,,,,,,69,hitl
449,2026-05-21 22:15,wholesaler_1,wholesaler,1,,,,,,92.38,11.56,,,,,,,69,hitl
449,2026-05-21 22:15,retail_1,retail,1,,,,,,,,12.0,30.0,1.0,68.0,16.5,75.0,69,hitl
450,2026-05-21 22:30,supplier_1,supplier,0,481.93,,,,,,,,,,,,,69,hitl
450,2026-05-21 22:30,farm_1,farm,0,,651.0,0.035,,,,,,,,,,,69,hitl
450,2026-05-21 22:30,slaughterhouse_1,slaughterhouse,0,,,,372.0,395.99,,,,,,,,,69,hitl
450,2026-05-21 22:30,wholesaler_1,wholesaler,1,,,,,,90.85,11.56,,,,,,,69,hitl
450,2026-05-21 22:30,retail_1,retail,1,,,,,,,,7.8,30.0,0.0,68.25,16.5,75.0,69,hitl
451,2026-05-21 22:45,supplier_1,supplier,0,480.55,,,,,,,,,,,,,69,hitl
451,2026-05-21 22:45,farm_1,farm,0,,651.0,0.035,,,,,,,,,,,69,hitl
451,2026-05-21 22:45,slaughterhouse_1,slaughterhouse,0,,,,372.0,400.0,,,,,,,,,69,hitl
451,2026-05-21 22:45,wholesaler_1,wholesaler,1,,,,,,89.12,11.56,,,,,,,69,hitl
451,2026-05-21 22:45,retail_1,retail,1,,,,,,,,4.02,30.0,0.0,68.5,16.5,75.0,69,hitl
452,2026-05-21 23:00,supplier_1,supplier,0,479.77,,,,,,,,,,,,,69,hitl
452,2026-05-21 23:00,farm_1,farm,0,,651.0,0.035,,,,,,,,,,,69,hitl
452,2026-05-21 23:00,slaughterhouse_1,slaughterhouse,0,,,,372.0,400.0,,,,,,,,,69,hitl
452,2026-05-21 23:00,wholesaler_1,wholesaler,1,,,,,,74.9,11.56,,,,,,,69,hitl
452,2026-05-21 23:00,retail_1,retail,1,,,,,,,,0.0,30.0,1.0,68.75,16.5,75.0,69,hitl
453,2026-05-21 23:15,supplier_1,supplier,0,478.8,,,,,,,,,,,,,69,hitl
453,2026-05-21 23:15,farm_1,farm,0,,651.0,0.035,,,,,,,,,,,69,hitl
453,2026-05-21 23:15,slaughterhouse_1,slaughterhouse,0,,,,372.0,400.0,,,,,,,,,69,hitl
453,2026-05-21 23:15,wholesaler_1,wholesaler,1,,,,,,72.06,11.56,,,,,,,69,hitl
453,2026-05-21 23:15,retail_1,retail,1,,,,,,,,12.0,30.0,1.0,69.0,16.5,75.0,69,hitl
454,2026-05-21 23:30,supplier_1,supplier,0,477.43,,,,,,,,,,,,,69,hitl
454,2026-05-21 23:30,farm_1,farm,0,,651.0,0.035,,,,,,,,,,,69,hitl
454,2026-05-21 23:30,slaughterhouse_1,slaughterhouse,0,,,,372.0,400.0,,,,,,,,,69,hitl
454,2026-05-21 23:30,wholesaler_1,wholesaler,1,,,,,,70.44,11.56,,,,,,,69,hitl
454,2026-05-21 23:30,retail_1,retail,1,,,,,,,,8.04,30.0,0.0,69.25,16.5,75.0,69,hitl
455,2026-05-21 23:45,supplier_1,supplier,0,476.89,,,,,,,,,,,,,69,hitl
455,2026-05-21 23:45,farm_1,farm,0,,651.0,0.035,,,,,,,,,,,69,hitl
455,2026-05-21 23:45,slaughterhouse_1,slaughterhouse,0,,,,372.0,400.0,,,,,,,,,69,hitl
455,2026-05-21 23:45,wholesaler_1,wholesaler,1,,,,,,68.6,11.56,,,,,,,69,hitl
455,2026-05-21 23:45,retail_1,retail,1,,,,,,,,3.65,30.0,0.0,69.5,16.5,75.0,69,hitl
456,2026-05-22 00:00,supplier_1,supplier,0,475.58,,,,,,,,,,,,,69,hitl
456,2026-05-22 00:00,farm_1,farm,0,,651.0,0.035,,,,,,,,,,,69,hitl
456,2026-05-22 00:00,slaughterhouse_1,slaughterhouse,0,,,,372.0,376.0,,,,,,,,,69,hitl
456,2026-05-22 00:00,wholesaler_1,wholesaler,1,,,,,,65.63,11.56,,,,,,,69,hitl
456,2026-05-22 00:00,retail_1,retail,0,,,,,,,,65.68,30.0,0.0,0.0,10.5,0.0,69,hitl
457,2026-05-22 00:15,supplier_1,supplier,0,474.43,,,,,,,,,,,,,69,hitl
457,2026-05-22 00:15,farm_1,farm,0,,651.0,0.035,,,,,,,,,,,69,hitl
457,2026-05-22 00:15,slaughterhouse_1,slaughterhouse,0,,,,372.0,386.17,,,,,,,,,69,hitl
457,2026-05-22 00:15,wholesaler_1,wholesaler,1,,,,,,87.74,11.56,,,,,,,69,hitl
457,2026-05-22 00:15,retail_1,retail,0,,,,,,,,64.41,30.0,0.0,0.0,10.5,0.0,69,hitl
458,2026-05-22 00:30,supplier_1,supplier,0,473.75,,,,,,,,,,,,,69,hitl
458,2026-05-22 00:30,farm_1,farm,0,,651.0,0.035,,,,,,,,,,,69,hitl
458,2026-05-22 00:30,slaughterhouse_1,slaughterhouse,0,,,,372.0,396.98,,,,,,,,,69,hitl
458,2026-05-22 00:30,wholesaler_1,wholesaler,1,,,,,,85.43,11.56,,,,,,,69,hitl
458,2026-05-22 00:30,retail_1,retail,0,,,,,,,,61.93,30.0,0.0,0.0,10.5,0.0,69,hitl
459,2026-05-22 00:45,supplier_1,supplier,0,473.09,,,,,,,,,,,,,69,hitl
459,2026-05-22 00:45,farm_1,farm,0,,651.0,0.035,,,,,,,,,,,69,hitl
459,2026-05-22 00:45,slaughterhouse_1,slaughterhouse,0,,,,372.0,400.0,,,,,,,,,69,hitl
459,2026-05-22 00:45,wholesaler_1,wholesaler,1,,,,,,83.49,11.56,,,,,,,69,hitl
459,2026-05-22 00:45,retail_1,retail,0,,,,,,,,58.99,30.0,0.0,0.0,10.5,0.0,69,hitl
460,2026-05-22 01:00,supplier_1,supplier,0,471.85,,,,,,,,,,,,,69,hitl
460,2026-05-22 01:00,farm_1,farm,0,,651.0,0.035,,,,,,,,,,,69,hitl
460,2026-05-22 01:00,slaughterhouse_1,slaughterhouse,0,,,,372.0,400.0,,,,,,,,,69,hitl
460,2026-05-22 01:00,wholesaler_1,wholesaler,1,,,,,,79.75,11.56,,,,,,,69,hitl
460,2026-05-22 01:00,retail_1,retail,0,,,,,,,,56.16,30.0,0.0,0.0,10.5,0.0,69,hitl
461,2026-05-22 01:15,supplier_1,supplier,0,471.11,,,,,,,,,,,,,69,hitl
461,2026-05-22 01:15,farm_1,farm,0,,651.0,0.035,,,,,,,,,,,69,hitl
461,2026-05-22 01:15,slaughterhouse_1,slaughterhouse,0,,,,372.0,400.0,,,,,,,,,69,hitl
461,2026-05-22 01:15,wholesaler_1,wholesaler,1,,,,,,76.8,11.56,,,,,,,69,hitl
461,2026-05-22 01:15,retail_1,retail,0,,,,,,,,54.87,30.0,0.0,0.0,10.5,0.0,69,hitl
462,2026-05-22 01:30,supplier_1,supplier,0,469.95,,,,,,,,,,,,,69,hitl
462,2026-05-22 01:30,farm_1,farm,0,,651.0,0.035,,,,,,,,,,,69,hitl
462,2026-05-22 01:30,slaughterhouse_1,slaughterhouse,0,,,,372.0,400.0,,,,,,,,,69,hitl
462,2026-05-22 01:30,wholesaler_1,wholesaler,1,,,,,,74.03,11.56,,,,,,,69,hitl
462,2026-05-22 01:30,retail_1,retail,0,,,,,,,,52.24,30.0,0.0,0.0,10.5,0.0,69,hitl
463,2026-05-22 01:45,supplier_1,supplier,0,468.92,,,,,,,,,,,,,69,hitl
463,2026-05-22 01:45,farm_1,farm,0,,651.0,0.035,,,,,,,,,,,69,hitl
463,2026-05-22 01:45,slaughterhouse_1,slaughterhouse,0,,,,372.0,400.0,,,,,,,,,69,hitl
463,2026-05-22 01:45,wholesaler_1,wholesaler,1,,,,,,71.6,11.56,,,,,,,69,hitl
463,2026-05-22 01:45,retail_1,retail,0,,,,,,,,49.73,30.0,0.0,0.0,10.5,0.0,69,hitl
464,2026-05-22 02:00,supplier_1,supplier,0,468.15,,,,,,,,,,,,,69,hitl
464,2026-05-22 02:00,farm_1,farm,0,,651.0,0.035,,,,,,,,,,,69,hitl
464,2026-05-22 02:00,slaughterhouse_1,slaughterhouse,0,,,,372.0,376.0,,,,,,,,,69,hitl
464,2026-05-22 02:00,wholesaler_1,wholesaler,1,,,,,,67.94,11.56,,,,,,,69,hitl
464,2026-05-22 02:00,retail_1,retail,0,,,,,,,,47.33,30.0,0.0,0.0,10.5,0.0,69,hitl
465,2026-05-22 02:15,supplier_1,supplier,0,467.35,,,,,,,,,,,,,69,hitl
465,2026-05-22 02:15,farm_1,farm,0,,651.0,0.035,,,,,,,,,,,69,hitl
465,2026-05-22 02:15,slaughterhouse_1,slaughterhouse,0,,,,372.0,385.87,,,,,,,,,69,hitl
465,2026-05-22 02:15,wholesaler_1,wholesaler,1,,,,,,90.03,11.56,,,,,,,69,hitl
465,2026-05-22 02:15,retail_1,retail,0,,,,,,,,46.08,30.0,0.0,0.0,10.5,0.0,69,hitl
466,2026-05-22 02:30,supplier_1,supplier,0,466.02,,,,,,,,,,,,,69,hitl
466,2026-05-22 02:30,farm_1,farm,0,,651.0,0.035,,,,,,,,,,,69,hitl
466,2026-05-22 02:30,slaughterhouse_1,slaughterhouse,0,,,,372.0,395.84,,,,,,,,,69,hitl
466,2026-05-22 02:30,wholesaler_1,wholesaler,1,,,,,,87.12,11.56,,,,,,,69,hitl
466,2026-05-22 02:30,retail_1,retail,0,,,,,,,,43.39,30.0,0.0,0.0,10.5,0.0,69,hitl
467,2026-05-22 02:45,supplier_1,supplier,0,465.09,,,,,,,,,,,,,69,hitl
467,2026-05-22 02:45,farm_1,farm,0,,651.0,0.035,,,,,,,,,,,69,hitl
467,2026-05-22 02:45,slaughterhouse_1,slaughterhouse,0,,,,372.0,400.0,,,,,,,,,69,hitl
467,2026-05-22 02:45,wholesaler_1,wholesaler,1,,,,,,85.27,11.56,,,,,,,69,hitl
467,2026-05-22 02:45,retail_1,retail,0,,,,,,,,41.02,30.0,0.0,0.0,10.5,0.0,69,hitl
468,2026-05-22 03:00,supplier_1,supplier,0,463.59,,,,,,,,,,,,,69,hitl
468,2026-05-22 03:00,farm_1,farm,1,,651.0,0.035,,,,,,,,,,,69,hitl
468,2026-05-22 03:00,slaughterhouse_1,slaughterhouse,0,,,,372.0,400.0,,,,,,,,,69,hitl
468,2026-05-22 03:00,wholesaler_1,wholesaler,1,,,,,,81.4,11.56,,,,,,,69,hitl
468,2026-05-22 03:00,retail_1,retail,0,,,,,,,,38.45,30.0,0.0,0.0,10.5,0.0,69,hitl
469,2026-05-22 03:15,supplier_1,supplier,0,462.72,,,,,,,,,,,,,69,hitl
469,2026-05-22 03:15,farm_1,farm,1,,651.0,0.035,,,,,,,,,,,69,hitl
469,2026-05-22 03:15,slaughterhouse_1,slaughterhouse,0,,,,372.0,400.0,,,,,,,,,69,hitl
469,2026-05-22 03:15,wholesaler_1,wholesaler,1,,,,,,78.68,11.56,,,,,,,69,hitl
469,2026-05-22 03:15,retail_1,retail,0,,,,,,,,37.05,30.0,0.0,0.0,10.5,0.0,69,hitl
470,2026-05-22 03:30,supplier_1,supplier,0,461.23,,,,,,,,,,,,,69,hitl
470,2026-05-22 03:30,farm_1,farm,1,,651.0,0.035,,,,,,,,,,,69,hitl
470,2026-05-22 03:30,slaughterhouse_1,slaughterhouse,0,,,,372.0,400.0,,,,,,,,,69,hitl
470,2026-05-22 03:30,wholesaler_1,wholesaler,1,,,,,,76.74,11.56,,,,,,,69,hitl
470,2026-05-22 03:30,retail_1,retail,0,,,,,,,,34.12,30.0,0.0,0.0,10.5,0.0,69,hitl
471,2026-05-22 03:45,supplier_1,supplier,0,459.86,,,,,,,,,,,,,69,hitl
471,2026-05-22 03:45,farm_1,farm,1,,651.0,0.035,,,,,,,,,,,69,hitl
471,2026-05-22 03:45,slaughterhouse_1,slaughterhouse,0,,,,372.0,400.0,,,,,,,,,69,hitl
471,2026-05-22 03:45,wholesaler_1,wholesaler,1,,,,,,73.87,11.56,,,,,,,69,hitl
471,2026-05-22 03:45,retail_1,retail,0,,,,,,,,31.59,30.0,0.0,0.0,10.5,0.0,69,hitl
472,2026-05-22 04:00,supplier_1,supplier,0,458.41,,,,,,,,,,,,,69,hitl
472,2026-05-22 04:00,farm_1,farm,1,,651.0,0.035,,,,,,,,,,,69,hitl
472,2026-05-22 04:00,slaughterhouse_1,slaughterhouse,0,,,,372.0,376.0,,,,,,,,,69,hitl
472,2026-05-22 04:00,wholesaler_1,wholesaler,1,,,,,,70.7,11.56,,,,,,,69,hitl
472,2026-05-22 04:00,retail_1,retail,0,,,,,,,,29.22,30.0,0.0,0.25,10.5,0.0,69,hitl
473,2026-05-22 04:15,supplier_1,supplier,0,457.72,,,,,,,,,,,,,69,hitl
473,2026-05-22 04:15,farm_1,farm,1,,651.0,0.035,,,,,,,,,,,69,hitl
473,2026-05-22 04:15,slaughterhouse_1,slaughterhouse,0,,,,372.0,386.16,,,,,,,,,69,hitl
473,2026-05-22 04:15,wholesaler_1,wholesaler,1,,,,,,92.42,11.56,,,,,,,69,hitl
473,2026-05-22 04:15,retail_1,retail,0,,,,,,,,27.69,30.0,0.0,0.5,10.5,0.0,69,hitl
474,2026-05-22 04:30,supplier_1,supplier,0,456.3,,,,,,,,,,,,,69,hitl
474,2026-05-22 04:30,farm_1,farm,1,,651.0,0.035,,,,,,,,,,,69,hitl
474,2026-05-22 04:30,slaughterhouse_1,slaughterhouse,0,,,,372.0,395.71,,,,,,,,,69,hitl
474,2026-05-22 04:30,wholesaler_1,wholesaler,1,,,,,,89.54,11.56,,,,,,,69,hitl
474,2026-05-22 04:30,retail_1,retail,0,,,,,,,,24.8,30.0,0.0,0.75,10.5,0.0,69,hitl
475,2026-05-22 04:45,supplier_1,supplier,0,455.3,,,,,,,,,,,,,69,hitl
475,2026-05-22 04:45,farm_1,farm,1,,651.0,0.035,,,,,,,,,,,69,hitl
475,2026-05-22 04:45,slaughterhouse_1,slaughterhouse,0,,,,372.0,400.0,,,,,,,,,69,hitl
475,2026-05-22 04:45,wholesaler_1,wholesaler,1,,,,,,87.82,11.56,,,,,,,69,hitl
475,2026-05-22 04:45,retail_1,retail,0,,,,,,,,21.89,30.0,0.0,1.0,10.5,0.0,69,hitl
476,2026-05-22 05:00,supplier_1,supplier,0,454.45,,,,,,,,,,,,,69,hitl
476,2026-05-22 05:00,farm_1,farm,1,,651.0,0.035,,,,,,,,,,,69,hitl
476,2026-05-22 05:00,slaughterhouse_1,slaughterhouse,0,,,,372.0,400.0,,,,,,,,,69,hitl
476,2026-05-22 05:00,wholesaler_1,wholesaler,1,,,,,,84.26,11.56,,,,,,,69,hitl
476,2026-05-22 05:00,retail_1,retail,0,,,,,,,,19.34,30.0,0.0,1.25,10.5,0.0,69,hitl
477,2026-05-22 05:15,supplier_1,supplier,0,453.2,,,,,,,,,,,,,69,hitl
477,2026-05-22 05:15,farm_1,farm,1,,651.0,0.035,,,,,,,,,,,69,hitl
477,2026-05-22 05:15,slaughterhouse_1,slaughterhouse,0,,,,372.0,400.0,,,,,,,,,69,hitl
477,2026-05-22 05:15,wholesaler_1,wholesaler,1,,,,,,82.04,11.56,,,,,,,69,hitl
477,2026-05-22 05:15,retail_1,retail,0,,,,,,,,17.37,30.0,0.0,1.5,10.5,0.0,69,hitl
478,2026-05-22 05:30,supplier_1,supplier,0,452.07,,,,,,,,,,,,,69,hitl
478,2026-05-22 05:30,farm_1,farm,1,,651.0,0.035,,,,,,,,,,,69,hitl
478,2026-05-22 05:30,slaughterhouse_1,slaughterhouse,0,,,,372.0,400.0,,,,,,,,,69,hitl
478,2026-05-22 05:30,wholesaler_1,wholesaler,1,,,,,,79.67,11.56,,,,,,,69,hitl
478,2026-05-22 05:30,retail_1,retail,0,,,,,,,,14.56,30.0,0.0,1.75,10.5,0.0,69,hitl
479,2026-05-22 05:45,supplier_1,supplier,0,451.03,,,,,,,,,,,,,69,hitl
479,2026-05-22 05:45,farm_1,farm,1,,651.0,0.035,,,,,,,,,,,69,hitl
479,2026-05-22 05:45,slaughterhouse_1,slaughterhouse,0,,,,372.0,400.0,,,,,,,,,69,hitl
479,2026-05-22 05:45,wholesaler_1,wholesaler,1,,,,,,77.55,11.56,,,,,,,69,hitl
479,2026-05-22 05:45,retail_1,retail,0,,,,,,,,12.19,30.0,0.0,2.0,10.5,0.0,69,hitl
