tick,timestamp,node_id,node_type,disrupted,available_supply,production_capacity,mortality_rate,processing_capacity,output_stock,inventory_level,pending_shipments,retail_inventory,safety_stock,stockout_flag,shortage_duration,sales_rate,reorder_request,scenario_id,mode
0,2026-07-04 06:00,supplier_1,supplier,0,887.08,,,,,,,,,,,,,93,hitl
0,2026-07-04 06:00,farm_1,farm,0,,777.0,0.0264,,,,,,,,,,,93,hitl
0,2026-07-04 06:00,slaughterhouse_1,slaughterhouse,0,,,,500.0,305.3,,,,,,,,,93,hitl
0,2026-07-04 06:00,wholesaler_1,wholesaler,0,,,,,,163.68,7.6,,,,,,,93,hitl
0,2026-07-04 06:00,retail_1,retail,0,,,,,,,,85.12,30.0,0.0,0.0,3.17,0.0,93,hitl
1,2026-07-04 06:15,supplier_1,supplier,0,885.99,,,,,,,,,,,,,93,hitl
1,2026-07-04 06:15,farm_1,farm,0,,777.0,0.0264,,,,,,,,,,,93,hitl
1,2026-07-04 06:15,slaughterhouse_1,slaughterhouse,0,,,,500.0,318.3,,,,,,,,,93,hitl
1,2026-07-04 06:15,wholesaler_1,wholesaler,0,,,,,,185.97,7.6,,,,,,,93,hitl
1,2026-07-04 06:15,retail_1,retail,0,,,,,,,,92.26,30.0,0.0,0.0,3.17,0.0,93,hitl
2,2026-07-04 06:30,supplier_1,supplier,0,885.15,,,,,,,,,,,,,93,hitl
2,2026-07-04 06:30,farm_1,farm,0,,777.0,0.0264,,,,,,,,,,,93,hitl
2,2026-07-04 06:30,slaughterhouse_1,slaughterhouse,0,,,,500.0,331.75,,,,,,,,,93,hitl
2,2026-07-04 06:30,wholesaler_1,wholesaler,0,,,,,,183.55,7.6,,,,,,,93,hitl
2,2026-07-04 06:30,retail_1,retail,0,,,,,,,,91.44,30.0,0.0,0.0,3.17,0.0,93,hitl
3,2026-07-04 06:45,supplier_1,supplier,0,883.75,,,,,,,,,,,,,93,hitl
3,2026-07-04 06:45,farm_1,farm,0,,777.0,0.0264,,,,,,,,,,,93,hitl
3,2026-07-04 06:45,slaughterhouse_1,slaughterhouse,0,,,,500.0,346.58,,,,,,,,,93,hitl
3,2026-07-04 06:45,wholesaler_1,wholesaler,0,,,,,,181.78,7.6,,,,,,,93,hitl
3,2026-07-04 06:45,retail_1,retail,0,,,,,,,,90.73,30.0,0.0,0.0,3.17,0.0,93,hitl
4,2026-07-04 07:00,supplier_1,supplier,0,883.0,,,,,,,,,,,,,93,hitl
4,2026-07-04 07:00,farm_1,farm,0,,777.0,0.0264,,,,,,,,,,,93,hitl
4,2026-07-04 07:00,slaughterhouse_1,slaughterhouse,0,,,,500.0,360.32,,,,,,,,,93,hitl
4,2026-07-04 07:00,wholesaler_1,wholesaler,0,,,,,,171.17,7.6,,,,,,,93,hitl
4,2026-07-04 07:00,retail_1,retail,0,,,,,,,,89.98,30.0,0.0,0.0,3.17,0.0,93,hitl
5,2026-07-04 07:15,supplier_1,supplier,0,882.22,,,,,,,,,,,,,93,hitl
5,2026-07-04 07:15,farm_1,farm,0,,777.0,0.0264,,,,,,,,,,,93,hitl
5,2026-07-04 07:15,slaughterhouse_1,slaughterhouse,0,,,,500.0,374.52,,,,,,,,,93,hitl
5,2026-07-04 07:15,wholesaler_1,wholesaler,0,,,,,,169.59,7.6,,,,,,,93,hitl
5,2026-07-04 07:15,retail_1,retail,0,,,,,,,,97.23,30.0,0.0,0.0,3.17,0.0,93,hitl
6,2026-07-04 07:30,supplier_1,supplier,0,881.38,,,,,,,,,,,,,93,hitl
6,2026-07-04 07:30,farm_1,farm,0,,777.0,0.0264,,,,,,,,,,,93,hitl
6,2026-07-04 07:30,slaughterhouse_1,slaughterhouse,0,,,,500.0,387.56,,,,,,,,,93,hitl
6,2026-07-04 07:30,wholesaler_1,wholesaler,0,,,,,,167.47,7.6,,,,,,,93,hitl
6,2026-07-04 07:30,retail_1,retail,0,,,,,,,,96.42,30.0,0.0,0.0,3.17,0.0,93,hitl
7,2026-07-04 07:45,supplier_1,supplier,0,880.4,,,,,,,,,,,,,93,hitl
7,2026-07-04 07:45,farm_1,farm,0,,777.0,0.0264,,,,,,,,,,,93,hitl
7,2026-07-04 07:45,slaughterhouse_1,slaughterhouse,0,,,,500.0,400.0,,,,,,,,,93,hitl
7,2026-07-04 07:45,wholesaler_1,wholesaler,0,,,,,,165.83,7.6,,,,,,,93,hitl
7,2026-07-04 07:45,retail_1,retail,0,,,,,,,,95.63,30.0,0.0,0.0,3.17,0.0,93,hitl
8,2026-07-04 08:00,supplier_1,supplier,0,879.51,,,,,,,,,,,,,93,hitl
8,2026-07-04 08:00,farm_1,farm,0,,777.0,0.0264,,,,,,,,,,,93,hitl
8,2026-07-04 08:00,slaughterhouse_1,slaughterhouse,0,,,,500.0,376.0,,,,,,,,,93,hitl
8,2026-07-04 08:00,wholesaler_1,wholesaler,0,,,,,,155.39,7.6,,,,,,,93,hitl
8,2026-07-04 08:00,retail_1,retail,0,,,,,,,,94.83,30.0,0.0,0.0,3.17,0.0,93,hitl
9,2026-07-04 08:15,supplier_1,supplier,0,878.09,,,,,,,,,,,,,93,hitl
9,2026-07-04 08:15,farm_1,farm,0,,777.0,0.0264,,,,,,,,,,,93,hitl
9,2026-07-04 08:15,slaughterhouse_1,slaughterhouse,0,,,,500.0,390.04,,,,,,,,,93,hitl
9,2026-07-04 08:15,wholesaler_1,wholesaler,0,,,,,,177.84,7.6,,,,,,,93,hitl
9,2026-07-04 08:15,retail_1,retail,0,,,,,,,,102.02,30.0,0.0,0.0,3.17,0.0,93,hitl
10,2026-07-04 08:30,supplier_1,supplier,0,877.17,,,,,,,,,,,,,93,hitl
10,2026-07-04 08:30,farm_1,farm,0,,777.0,0.0264,,,,,,,,,,,93,hitl
10,2026-07-04 08:30,slaughterhouse_1,slaughterhouse,0,,,,500.0,400.0,,,,,,,,,93,hitl
10,2026-07-04 08:30,wholesaler_1,wholesaler,0,,,,,,175.07,7.6,,,,,,,93,hitl
10,2026-07-04 08:30,retail_1,retail,0,,,,,,,,101.29,30.0,0.0,0.0,3.17,0.0,93,hitl
11,2026-07-04 08:45,supplier_1,supplier,0,876.16,,,,,,,,,,,,,93,hitl
11,2026-07-04 08:45,farm_1,farm,0,,777.0,0.0264,,,,,,,,,,,93,hitl
11,2026-07-04 08:45,slaughterhouse_1,slaughterhouse,0,,,,500.0,400.0,,,,,,,,,93,hitl
11,2026-07-04 08:45,wholesaler_1,wholesaler,0,,,,,,172.7,7.6,,,,,,,93,hitl
11,2026-07-04 08:45,retail_1,retail,0,,,,,,,,100.57,30.0,0.0,0.0,3.17,0.0,93,hitl
12,2026-07-04 09:00,supplier_1,supplier,0,875.48,,,,,,,,,,,,,93,hitl
12,2026-07-04 09:00,farm_1,farm,0,,777.0,0.0264,,,,,,,,,,,93,hitl
12,2026-07-04 09:00,slaughterhouse_1,slaughterhouse,0,,,,500.0,400.0,,,,,,,,,93,hitl
12,2026-07-04 09:00,wholesaler_1,wholesaler,0,,,,,,165.49,7.6,,,,,,,93,hitl
12,2026-07-04 09:00,retail_1,retail,0,,,,,,,,99.84,30.0,0.0,0.0,3.17,0.0,93,hitl
13,2026-07-04 09:15,supplier_1,supplier,0,874.76,,,,,,,,,,,,,93,hitl
13,2026-07-04 09:15,farm_1,farm,0,,777.0,0.0264,,,,,,,,,,,93,hitl
13,2026-07-04 09:15,slaughterhouse_1,slaughterhouse,0,,,,500.0,400.0,,,,,,,,,93,hitl
13,2026-07-04 09:15,wholesaler_1,wholesaler,0,,,,,,162.75,7.6,,,,,,,93,hitl
13,2026-07-04 09:15,retail_1,retail,0,,,,,,,,104.12,30.0,0.0,0.0,3.17,0.0,93,hitl
14,2026-07-04 09:30,supplier_1,supplier,0,873.57,,,,,,,,,,,,,93,hitl
14,2026-07-04 09:30,farm_1,farm,0,,777.0,0.0264,,,,,,,,,,,93,hitl
14,2026-07-04 09:30,slaughterhouse_1,slaughterhouse,0,,,,500.0,400.0,,,,,,,,,93,hitl
14,2026-07-04 09:30,wholesaler_1,wholesaler,0,,,,,,160.02,7.6,,,,,,,93,hitl
14,2026-07-04 09:30,retail_1,retail,0,,,,,,,,103.42,30.0,0.0,0.0,3.17,0.0,93,hitl
15,2026-07-04 09:45,supplier_1,supplier,0,872.22,,,,,,,,,,,,,93,hitl
15,2026-07-04 09:45,farm_1,farm,0,,777.0,0.0264,,,,,,,,,,,93,hitl
15,2026-07-04 09:45,slaughterhouse_1,slaughterhouse,0,,,,500.0,400.0,,,,,,,,,93,hitl
15,2026-07-04 09:45,wholesaler_1,wholesaler,0,,,,,,157.16,7.6,,,,,,,93,hitl
15,2026-07-04 09:45,retail_1,retail,0,,,,,,,,102.58,30.0,0.0,0.0,3.17,0.0,93,hitl
16,2026-07-04 10:00,supplier_1,supplier,0,870.95,,,,,,,,,,,,,93,hitl
16,2026-07-04 10:00,farm_1,farm,0,,777.0,0.0264,,,,,,,,,,,93,hitl
16,2026-07-04 10:00,slaughterhouse_1,slaughterhouse,0,,,,500.0,376.0,,,,,,,,,93,hitl
16,2026-07-04 10:00,wholesaler_1,wholesaler,0,,,,,,151.0,7.6,,,,,,,93,hitl
16,2026-07-04 10:00,retail_1,retail,0,,,,,,,,101.82,30.0,0.0,0.0,3.17,0.0,93,hitl
17,2026-07-04 10:15,supplier_1,supplier,0,870.04,,,,,,,,,,,,,93,hitl
17,2026-07-04 10:15,farm_1,farm,0,,777.0,0.0264,,,,,,,,,,,93,hitl
17,2026-07-04 10:15,slaughterhouse_1,slaughterhouse,0,,,,500.0,390.86,,,,,,,,,93,hitl
17,2026-07-04 10:15,wholesaler_1,wholesaler,0,,,,,,173.32,7.6,,,,,,,93,hitl
17,2026-07-04 10:15,retail_1,retail,0,,,,,,,,104.24,30.0,0.0,0.0,3.17,0.0,93,hitl
18,2026-07-04 10:30,supplier_1,supplier,0,869.2,,,,,,,,,,,,,93,hitl
18,2026-07-04 10:30,farm_1,farm,0,,777.0,0.0264,,,,,,,,,,,93,hitl
18,2026-07-04 10:30,slaughterhouse_1,slaughterhouse,0,,,,500.0,400.0,,,,,,,,,93,hitl
18,2026-07-04 10:30,wholesaler_1,wholesaler,0,,,,,,170.45,7.6,,,,,,,93,hitl
18,2026-07-04 10:30,retail_1,retail,0,,,,,,,,103.48,30.0,0.0,0.0,3.17,0.0,93,hitl
19,2026-07-04 10:45,supplier_1,supplier,0,867.77,,,,,,,,,,,,,93,hitl
19,2026-07-04 10:45,farm_1,farm,0,,777.0,0.0264,,,,,,,,,,,93,hitl
19,2026-07-04 10:45,slaughterhouse_1,slaughterhouse,0,,,,500.0,400.0,,,,,,,,,93,hitl
19,2026-07-04 10:45,wholesaler_1,wholesaler,0,,,,,,168.04,7.6,,,,,,,93,hitl
19,2026-07-04 10:45,retail_1,retail,0,,,,,,,,102.64,30.0,0.0,0.0,3.17,0.0,93,hitl
20,2026-07-04 11:00,supplier_1,supplier,0,867.15,,,,,,,,,,,,,93,hitl
20,2026-07-04 11:00,farm_1,farm,0,,777.0,0.0264,,,,,,,,,,,93,hitl
20,2026-07-04 11:00,slaughterhouse_1,slaughterhouse,0,,,,500.0,400.0,,,,,,,,,93,hitl
20,2026-07-04 11:00,wholesaler_1,wholesaler,0,,,,,,162.88,7.6,,,,,,,93,hitl
20,2026-07-04 11:00,retail_1,retail,0,,,,,,,,101.77,30.0,0.0,0.0,3.17,0.0,93,hitl
21,2026-07-04 11:15,supplier_1,supplier,0,866.61,,,,,,,,,,,,,93,hitl
21,2026-07-04 11:15,farm_1,farm,0,,777.0,0.0264,,,,,,,,,,,93,hitl
21,2026-07-04 11:15,slaughterhouse_1,slaughterhouse,0,,,,500.0,400.0,,,,,,,,,93,hitl
21,2026-07-04 11:15,wholesaler_1,wholesaler,0,,,,,,160.24,7.6,,,,,,,93,hitl
21,2026-07-04 11:15,retail_1,retail,0,,,,,,,,104.14,30.0,0.0,0.0,3.17,0.0,93,hitl
22,2026-07-04 11:30,supplier_1,supplier,0,865.43,,,,,,,,,,,,,93,hitl
22,2026-07-04 11:30,farm_1,farm,0,,777.0,0.0264,,,,,,,,,,,93,hitl
22,2026-07-04 11:30,slaughterhouse_1,slaughterhouse,0,,,,500.0,400.0,,,,,,,,,93,hitl
22,2026-07-04 11:30,wholesaler_1,wholesaler,0,,,,,,158.53,7.6,,,,,,,93,hitl
22,2026-07-04 11:30,retail_1,retail,0,,,,,,,,103.26,30.0,0.0,0.0,3.17,0.0,93,hitl
23,2026-07-04 11:45,supplier_1,supplier,0,864.84,,,,,,,,,,,,,93,hitl
23,2026-07-04 11:45,farm_1,farm,0,,777.0,0.0264,,,,,,,,,,,93,hitl
23,2026-07-04 11:45,slaughterhouse_1,slaughterhouse,0,,,,500.0,400.0,,,,,,,,,93,hitl
23,2026-07-04 11:45,wholesaler_1,wholesaler,0,,,,,,155.79,7.6,,,,,,,93,hitl
23,2026-07-04 11:45,retail_1,retail,0,,,,,,,,102.45,30.0,0.0,0.0,3.17,0.0,93,hitl
24,2026-07-04 12:00,supplier_1,supplier,0,864.23,,,,,,,,,,,,,93,hitl
24,2026-07-04 12:00,farm_1,farm,0,,777.0,0.0264,,,,,,,,,,,93,hitl
24,2026-07-04 12:00,slaughterhouse_1,slaughterhouse,0,,,,500.0,376.0,,,,,,,,,93,hitl
24,2026-07-04 12:00,wholesaler_1,wholesaler,0,,,,,,150.86,7.6,,,,,,,93,hitl
24,2026-07-04 12:00,retail_1,retail,0,,,,,,,,101.71,30.0,0.0,0.0,3.17,0.0,93,hitl
25,2026-07-04 12:15,supplier_1,supplier,0,863.65,,,,,,,,,,,,,93,hitl
25,2026-07-04 12:15,farm_1,farm,0,,777.0,0.0264,,,,,,,,,,,93,hitl
25,2026-07-04 12:15,slaughterhouse_1,slaughterhouse,0,,,,500.0,389.15,,,,,,,,,93,hitl
25,2026-07-04 12:15,wholesaler_1,wholesaler,0,,,,,,172.46,7.6,,,,,,,93,hitl
25,2026-07-04 12:15,retail_1,retail,0,,,,,,,,104.13,30.0,0.0,0.0,3.17,0.0,93,hitl
26,2026-07-04 12:30,supplier_1,supplier,0,862.91,,,,,,,,,,,,,93,hitl
26,2026-07-04 12:30,farm_1,farm,0,,777.0,0.0264,,,,,,,,,,,93,hitl
26,2026-07-04 12:30,slaughterhouse_1,slaughterhouse,0,,,,500.0,400.0,,,,,,,,,93,hitl
26,2026-07-04 12:30,wholesaler_1,wholesaler,0,,,,,,170.0,7.6,,,,,,,93,hitl
26,2026-07-04 12:30,retail_1,retail,0,,,,,,,,103.28,30.0,0.0,0.0,3.17,0.0,93,hitl
27,2026-07-04 12:45,supplier_1,supplier,0,862.25,,,,,,,,,,,,,93,hitl
27,2026-07-04 12:45,farm_1,farm,0,,777.0,0.0264,,,,,,,,,,,93,hitl
27,2026-07-04 12:45,slaughterhouse_1,slaughterhouse,0,,,,500.0,400.0,,,,,,,,,93,hitl
27,2026-07-04 12:45,wholesaler_1,wholesaler,0,,,,,,167.61,7.6,,,,,,,93,hitl
27,2026-07-04 12:45,retail_1,retail,0,,,,,,,,102.44,30.0,0.0,0.0,3.17,0.0,93,hitl
28,2026-07-04 13:00,supplier_1,supplier,0,861.31,,,,,,,,,,,,,93,hitl
28,2026-07-04 13:00,farm_1,farm,0,,777.0,0.0264,,,,,,,,,,,93,hitl
28,2026-07-04 13:00,slaughterhouse_1,slaughterhouse,0,,,,500.0,400.0,,,,,,,,,93,hitl
28,2026-07-04 13:00,wholesaler_1,wholesaler,0,,,,,,162.48,7.6,,,,,,,93,hitl
28,2026-07-04 13:00,retail_1,retail,0,,,,,,,,101.56,30.0,0.0,0.0,3.17,0.0,93,hitl
29,2026-07-04 13:15,supplier_1,supplier,0,859.98,,,,,,,,,,,,,93,hitl
29,2026-07-04 13:15,farm_1,farm,0,,777.0,0.0264,,,,,,,,,,,93,hitl
29,2026-07-04 13:15,slaughterhouse_1,slaughterhouse,0,,,,500.0,400.0,,,,,,,,,93,hitl
29,2026-07-04 13:15,wholesaler_1,wholesaler,0,,,,,,160.55,7.6,,,,,,,93,hitl
29,2026-07-04 13:15,retail_1,retail,0,,,,,,,,104.24,30.0,0.0,0.0,3.17,0.0,93,hitl
30,2026-07-04 13:30,supplier_1,supplier,0,858.6,,,,,,,,,,,,,93,hitl
30,2026-07-04 13:30,farm_1,farm,0,,777.0,0.0264,,,,,,,,,,,93,hitl
30,2026-07-04 13:30,slaughterhouse_1,slaughterhouse,0,,,,500.0,400.0,,,,,,,,,93,hitl
30,2026-07-04 13:30,wholesaler_1,wholesaler,0,,,,,,158.92,7.6,,,,,,,93,hitl
30,2026-07-04 13:30,retail_1,retail,0,,,,,,,,103.36,30.0,0.0,0.0,3.17,0.0,93,hitl
31,2026-07-04 13:45,supplier_1,supplier,0,857.43,,,,,,,,,,,,,93,hitl
31,2026-07-04 13:45,farm_1,farm,0,,777.0,0.0264,,,,,,,,,,,93,hitl
31,2026-07-04 13:45,slaughterhouse_1,slaughterhouse,0,,,,500.0,400.0,,,,,,,,,93,hitl
31,2026-07-04 13:45,wholesaler_1,wholesaler,0,,,,,,157.41,7.6,,,,,,,93,hitl
31,2026-07-04 13:45,retail_1,retail,0,,,,,,,,102.66,30.0,0.0,0.0,3.17,0.0,93,hitl
32,2026-07-04 14:00,supplier_1,supplier,0,856.2,,,,,,,,,,,,,93,hitl
32,2026-07-04 14:00,farm_1,farm,0,,777.0,0.0264,,,,,,,,,,,93,hitl
32,2026-07-04 14:00,slaughterhouse_1,slaughterhouse,0,,,,500.0,376.0,,,,,,,,,93,hitl
32,2026-07-04 14:00,wholesaler_1,wholesaler,0,,,,,,151.86,7.6,,,,,,,93,hitl
32,2026-07-04 14:00,retail_1,retail,0,,,,,,,,101.92,30.0,0.0,0.0,3.17,0.0,93,hitl
33,2026-07-04 14:15,supplier_1,supplier,0,855.0,,,,,,,,,,,,,93,hitl
33,2026-07-04 14:15,farm_1,farm,0,,777.0,0.0264,,,,,,,,,,,93,hitl
33,2026-07-04 14:15,slaughterhouse_1,slaughterhouse,0,,,,500.0,390.88,,,,,,,,,93,hitl
33,2026-07-04 14:15,wholesaler_1,wholesaler,0,,,,,,174.11,7.6,,,,,,,93,hitl
33,2026-07-04 14:15,retail_1,retail,0,,,,,,,,104.17,30.0,0.0,0.0,3.17,0.0,93,hitl
34,2026-07-04 14:30,supplier_1,supplier,0,853.53,,,,,,,,,,,,,93,hitl
34,2026-07-04 14:30,farm_1,farm,0,,777.0,0.0264,,,,,,,,,,,93,hitl
34,2026-07-04 14:30,slaughterhouse_1,slaughterhouse,0,,,,500.0,400.0,,,,,,,,,93,hitl
34,2026-07-04 14:30,wholesaler_1,wholesaler,0,,,,,,172.54,7.6,,,,,,,93,hitl
34,2026-07-04 14:30,retail_1,retail,0,,,,,,,,103.35,30.0,0.0,0.0,3.17,0.0,93,hitl
35,2026-07-04 14:45,supplier_1,supplier,0,853.03,,,,,,,,,,,,,93,hitl
35,2026-07-04 14:45,farm_1,farm,0,,777.0,0.0264,,,,,,,,,,,93,hitl
35,2026-07-04 14:45,slaughterhouse_1,slaughterhouse,0,,,,500.0,400.0,,,,,,,,,93,hitl
35,2026-07-04 14:45,wholesaler_1,wholesaler,0,,,,,,170.43,7.6,,,,,,,93,hitl
35,2026-07-04 14:45,retail_1,retail,0,,,,,,,,102.46,30.0,0.0,0.0,3.17,0.0,93,hitl
36,2026-07-04 15:00,supplier_1,supplier,0,851.8,,,,,,,,,,,,,93,hitl
36,2026-07-04 15:00,farm_1,farm,1,,777.0,0.0264,,,,,,,,,,,93,hitl
36,2026-07-04 15:00,slaughterhouse_1,slaughterhouse,0,,,,400.0,400.0,,,,,,,,,93,hitl
36,2026-07-04 15:00,wholesaler_1,wholesaler,0,,,,,,164.9,7.6,,,,,,,93,hitl
36,2026-07-04 15:00,retail_1,retail,0,,,,,,,,101.64,30.0,0.0,0.0,3.17,20.0,93,hitl
37,2026-07-04 15:15,supplier_1,supplier,0,850.86,,,,,,,,,,,,,93,hitl
37,2026-07-04 15:15,farm_1,farm,1,,777.0,0.0264,,,,,,,,,,,93,hitl
37,2026-07-04 15:15,slaughterhouse_1,slaughterhouse,0,,,,400.0,400.0,,,,,,,,,93,hitl
37,2026-07-04 15:15,wholesaler_1,wholesaler,0,,,,,,161.94,7.6,,,,,,,93,hitl
37,2026-07-04 15:15,retail_1,retail,0,,,,,,,,104.21,30.0,0.0,0.0,3.17,20.0,93,hitl
38,2026-07-04 15:30,supplier_1,supplier,0,849.75,,,,,,,,,,,,,93,hitl
38,2026-07-04 15:30,farm_1,farm,1,,777.0,0.0264,,,,,,,,,,,93,hitl
38,2026-07-04 15:30,slaughterhouse_1,slaughterhouse,0,,,,400.0,400.0,,,,,,,,,93,hitl
38,2026-07-04 15:30,wholesaler_1,wholesaler,0,,,,,,160.33,7.6,,,,,,,93,hitl
38,2026-07-04 15:30,retail_1,retail,0,,,,,,,,103.5,30.0,0.0,0.0,3.17,20.0,93,hitl
39,2026-07-04 15:45,supplier_1,supplier,0,849.01,,,,,,,,,,,,,93,hitl
39,2026-07-04 15:45,farm_1,farm,1,,777.0,0.0264,,,,,,,,,,,93,hitl
39,2026-07-04 15:45,slaughterhouse_1,slaughterhouse,0,,,,400.0,400.0,,,,,,,,,93,hitl
39,2026-07-04 15:45,wholesaler_1,wholesaler,0,,,,,,158.35,7.6,,,,,,,93,hitl
39,2026-07-04 15:45,retail_1,retail,0,,,,,,,,102.69,30.0,0.0,0.0,3.17,20.0,93,hitl
40,2026-07-04 16:00,supplier_1,supplier,0,848.34,,,,,,,,,,,,,93,hitl
40,2026-07-04 16:00,farm_1,farm,1,,777.0,0.0264,,,,,,,,,,,93,hitl
40,2026-07-04 16:00,slaughterhouse_1,slaughterhouse,0,,,,400.0,376.0,,,,,,,,,93,hitl
40,2026-07-04 16:00,wholesaler_1,wholesaler,0,,,,,,152.58,7.6,,,,,,,93,hitl
40,2026-07-04 16:00,retail_1,retail,0,,,,,,,,101.84,30.0,0.0,0.0,3.17,20.0,93,hitl
41,2026-07-04 16:15,supplier_1,supplier,0,846.86,,,,,,,,,,,,,93,hitl
41,2026-07-04 16:15,farm_1,farm,1,,777.0,0.0264,,,,,,,,,,,93,hitl
41,2026-07-04 16:15,slaughterhouse_1,slaughterhouse,0,,,,400.0,387.13,,,,,,,,,93,hitl
41,2026-07-04 16:15,wholesaler_1,wholesaler,0,,,,,,174.63,7.6,,,,,,,93,hitl
41,2026-07-04 16:15,retail_1,retail,0,,,,,,,,104.21,30.0,0.0,0.0,3.17,20.0,93,hitl
42,2026-07-04 16:30,supplier_1,supplier,0,845.84,,,,,,,,,,,,,93,hitl
42,2026-07-04 16:30,farm_1,farm,1,,777.0,0.0264,,,,,,,,,,,93,hitl
42,2026-07-04 16:30,slaughterhouse_1,slaughterhouse,0,,,,400.0,398.74,,,,,,,,,93,hitl
42,2026-07-04 16:30,wholesaler_1,wholesaler,0,,,,,,172.64,7.6,,,,,,,93,hitl
42,2026-07-04 16:30,retail_1,retail,0,,,,,,,,103.48,30.0,0.0,0.0,3.17,20.0,93,hitl
43,2026-07-04 16:45,supplier_1,supplier,0,845.12,,,,,,,,,,,,,93,hitl
43,2026-07-04 16:45,farm_1,farm,1,,777.0,0.0264,,,,,,,,,,,93,hitl
43,2026-07-04 16:45,slaughterhouse_1,slaughterhouse,0,,,,400.0,400.0,,,,,,,,,93,hitl
43,2026-07-04 16:45,wholesaler_1,wholesaler,0,,,,,,170.26,7.6,,,,,,,93,hitl
43,2026-07-04 16:45,retail_1,retail,0,,,,,,,,102.77,30.0,0.0,0.0,3.17,20.0,93,hitl
44,2026-07-04 17:00,supplier_1,supplier,0,843.91,,,,,,,,,,,,,93,hitl
44,2026-07-04 17:00,farm_1,farm,1,,777.0,0.0264,,,,,,,,,,,93,hitl
44,2026-07-04 17:00,slaughterhouse_1,slaughterhouse,0,,,,400.0,400.0,,,,,,,,,93,hitl
44,2026-07-04 17:00,wholesaler_1,wholesaler,0,,,,,,164.3,7.6,,,,,,,93,hitl
44,2026-07-04 17:00,retail_1,retail,0,,,,,,,,102.02,30.0,0.0,0.0,3.17,20.0,93,hitl
45,2026-07-04 17:15,supplier_1,supplier,0,842.41,,,,,,,,,,,,,93,hitl
45,2026-07-04 17:15,farm_1,farm,1,,777.0,0.0264,,,,,,,,,,,93,hitl
45,2026-07-04 17:15,slaughterhouse_1,slaughterhouse,0,,,,400.0,400.0,,,,,,,,,93,hitl
45,2026-07-04 17:15,wholesaler_1,wholesaler,0,,,,,,161.44,7.6,,,,,,,93,hitl
45,2026-07-04 17:15,retail_1,retail,0,,,,,,,,104.2,30.0,0.0,0.0,3.17,20.0,93,hitl
46,2026-07-04 17:30,supplier_1,supplier,0,841.18,,,,,,,,,,,,,93,hitl
46,2026-07-04 17:30,farm_1,farm,1,,777.0,0.0264,,,,,,,,,,,93,hitl
46,2026-07-04 17:30,slaughterhouse_1,slaughterhouse,0,,,,400.0,400.0,,,,,,,,,93,hitl
46,2026-07-04 17:30,wholesaler_1,wholesaler,0,,,,,,159.07,7.6,,,,,,,93,hitl
46,2026-07-04 17:30,retail_1,retail,0,,,,,,,,103.45,30.0,0.0,0.0,3.17,20.0,93,hitl
47,2026-07-04 17:45,supplier_1,supplier,0,839.86,,,,,,,,,,,,,93,hitl
47,2026-07-04 17:45,farm_1,farm,1,,777.0,0.0264,,,,,,,,,,,93,hitl
47,2026-07-04 17:45,slaughterhouse_1,slaughterhouse,0,,,,400.0,400.0,,,,,,,,,93,hitl
47,2026-07-04 17:45,wholesaler_1,wholesaler,0,,,,,,156.61,7.6,,,,,,,93,hitl
47,2026-07-04 17:45,retail_1,retail,0,,,,,,,,102.58,30.0,0.0,0.0,3.17,20.0,93,hitl
48,2026-07-04 18:00,supplier_1,supplier,0,838.62,,,,,,,,,,,,,93,hitl
48,2026-07-04 18:00,farm_1,farm,1,,777.0,0.0264,,,,,,,,,,,93,hitl
48,2026-07-04 18:00,slaughterhouse_1,slaughterhouse,0,,,,400.0,376.0,,,,,,,,,93,hitl
48,2026-07-04 18:00,wholesaler_1,wholesaler,0,,,,,,151.11,7.6,,,,,,,93,hitl
48,2026-07-04 18:00,retail_1,retail,0,,,,,,,,101.77,30.0,0.0,0.0,3.17,20.0,93,hitl
49,2026-07-04 18:15,supplier_1,supplier,0,837.29,,,,,,,,,,,,,93,hitl
49,2026-07-04 18:15,farm_1,farm,1,,777.0,0.0264,,,,,,,,,,,93,hitl
49,2026-07-04 18:15,slaughterhouse_1,slaughterhouse,0,,,,400.0,387.37,,,,,,,,,93,hitl
49,2026-07-04 18:15,wholesaler_1,wholesaler,0,,,,,,172.93,7.6,,,,,,,93,hitl
49,2026-07-04 18:15,retail_1,retail,0,,,,,,,,104.29,30.0,0.0,0.0,3.17,20.0,93,hitl
50,2026-07-04 18:30,supplier_1,supplier,0,835.98,,,,,,,,,,,,,93,hitl
50,2026-07-04 18:30,farm_1,farm,1,,777.0,0.0264,,,,,,,,,,,93,hitl
50,2026-07-04 18:30,slaughterhouse_1,slaughterhouse,0,,,,400.0,398.06,,,,,,,,,93,hitl
50,2026-07-04 18:30,wholesaler_1,wholesaler,0,,,,,,170.12,7.6,,,,,,,93,hitl
50,2026-07-04 18:30,retail_1,retail,0,,,,,,,,103.4,30.0,0.0,0.0,3.17,20.0,93,hitl
51,2026-07-04 18:45,supplier_1,supplier,0,835.36,,,,,,,,,,,,,93,hitl
51,2026-07-04 18:45,farm_1,farm,1,,777.0,0.0264,,,,,,,,,,,93,hitl
51,2026-07-04 18:45,slaughterhouse_1,slaughterhouse,0,,,,400.0,400.0,,,,,,,,,93,hitl
51,2026-07-04 18:45,wholesaler_1,wholesaler,0,,,,,,168.32,7.6,,,,,,,93,hitl
51,2026-07-04 18:45,retail_1,retail,0,,,,,,,,102.6,30.0,0.0,0.0,3.17,20.0,93,hitl
52,2026-07-04 19:00,supplier_1,supplier,0,834.75,,,,,,,,,,,,,93,hitl
52,2026-07-04 19:00,farm_1,farm,1,,777.0,0.0264,,,,,,,,,,,93,hitl
52,2026-07-04 19:00,slaughterhouse_1,slaughterhouse,0,,,,400.0,400.0,,,,,,,,,93,hitl
52,2026-07-04 19:00,wholesaler_1,wholesaler,0,,,,,,163.54,7.6,,,,,,,93,hitl
52,2026-07-04 19:00,retail_1,retail,0,,,,,,,,101.77,30.0,0.0,0.0,3.17,20.0,93,hitl
53,2026-07-04 19:15,supplier_1,supplier,0,834.03,,,,,,,,,,,,,93,hitl
53,2026-07-04 19:15,farm_1,farm,1,,777.0,0.0264,,,,,,,,,,,93,hitl
53,2026-07-04 19:15,slaughterhouse_1,slaughterhouse,0,,,,400.0,400.0,,,,,,,,,93,hitl
53,2026-07-04 19:15,wholesaler_1,wholesaler,0,,,,,,161.75,7.6,,,,,,,93,hitl
53,2026-07-04 19:15,retail_1,retail,0,,,,,,,,104.29,30.0,0.0,0.0,3.17,20.0,93,hitl
54,2026-07-04 19:30,supplier_1,supplier,0,833.08,,,,,,,,,,,,,93,hitl
54,2026-07-04 19:30,farm_1,farm,1,,777.0,0.0264,,,,,,,,,,,93,hitl
54,2026-07-04 19:30,slaughterhouse_1,slaughterhouse,0,,,,400.0,400.0,,,,,,,,,93,hitl
54,2026-07-04 19:30,wholesaler_1,wholesaler,0,,,,,,159.35,7.6,,,,,,,93,hitl
54,2026-07-04 19:30,retail_1,retail,0,,,,,,,,103.54,30.0,0.0,0.0,3.17,20.0,93,hitl
55,2026-07-04 19:45,supplier_1,supplier,0,832.5,,,,,,,,,,,,,93,hitl
55,2026-07-04 19:45,farm_1,farm,1,,777.0,0.0264,,,,,,,,,,,93,hitl
55,2026-07-04 19:45,slaughterhouse_1,slaughterhouse,0,,,,400.0,400.0,,,,,,,,,93,hitl
55,2026-07-04 19:45,wholesaler_1,wholesaler,0,,,,,,157.32,7.6,,,,,,,93,hitl
55,2026-07-04 19:45,retail_1,retail,0,,,,,,,,102.81,30.0,0.0,0.0,3.17,20.0,93,hitl
56,2026-07-04 20:00,supplier_1,supplier,0,831.43,,,,,,,,,,,,,93,hitl
56,2026-07-04 20:00,farm_1,farm,1,,777.0,0.0264,,,,,,,,,,,93,hitl
56,2026-07-04 20:00,slaughterhouse_1,slaughterhouse,0,,,,400.0,376.0,,,,,,,,,93,hitl
56,2026-07-04 20:00,wholesaler_1,wholesaler,0,,,,,,152.43,7.6,,,,,,,93,hitl
56,2026-07-04 20:00,retail_1,retail,0,,,,,,,,102.0,30.0,0.0,0.0,3.17,20.0,93,hitl
57,2026-07-04 20:15,supplier_1,supplier,0,830.0,,,,,,,,,,,,,93,hitl
57,2026-07-04 20:15,farm_1,farm,1,,380.0,0.142,,,,,,,,,,,93,hitl
57,2026-07-04 20:15,slaughterhouse_1,slaughterhouse,0,,,,400.0,387.73,,,,,,,,,93,hitl
57,2026-07-04 20:15,wholesaler_1,wholesaler,0,,,,,,174.1,7.6,,,,,,,93,hitl
57,2026-07-04 20:15,retail_1,retail,0,,,,,,,,104.28,30.0,0.0,0.0,3.17,20.0,93,hitl
58,2026-07-04 20:30,supplier_1,supplier,0,829.2,,,,,,,,,,,,,93,hitl
58,2026-07-04 20:30,farm_1,farm,1,,380.0,0.142,,,,,,,,,,,93,hitl
58,2026-07-04 20:30,slaughterhouse_1,slaughterhouse,0,,,,400.0,398.75,,,,,,,,,93,hitl
58,2026-07-04 20:30,wholesaler_1,wholesaler,0,,,,,,171.94,7.6,,,,,,,93,hitl
58,2026-07-04 20:30,retail_1,retail,0,,,,,,,,103.54,30.0,0.0,0.0,3.17,20.0,93,hitl
59,2026-07-04 20:45,supplier_1,supplier,0,828.29,,,,,,,,,,,,,93,hitl
59,2026-07-04 20:45,farm_1,farm,1,,380.0,0.142,,,,,,,,,,,93,hitl
59,2026-07-04 20:45,slaughterhouse_1,slaughterhouse,0,,,,400.0,400.0,,,,,,,,,93,hitl
59,2026-07-04 20:45,wholesaler_1,wholesaler,0,,,,,,169.42,7.6,,,,,,,93,hitl
59,2026-07-04 20:45,retail_1,retail,0,,,,,,,,102.78,30.0,0.0,0.0,3.17,20.0,93,hitl
60,2026-07-04 21:00,supplier_1,supplier,0,827.29,,,,,,,,,,,,,93,hitl
60,2026-07-04 21:00,farm_1,farm,1,,380.0,0.142,,,,,,,,,,,93,hitl
60,2026-07-04 21:00,slaughterhouse_1,slaughterhouse,0,,,,400.0,400.0,,,,,,,,,93,hitl
60,2026-07-04 21:00,wholesaler_1,wholesaler,0,,,,,,163.52,7.6,,,,,,,93,hitl
60,2026-07-04 21:00,retail_1,retail,0,,,,,,,,102.04,30.0,0.0,0.0,3.17,20.0,93,hitl
61,2026-07-04 21:15,supplier_1,supplier,0,826.61,,,,,,,,,,,,,93,hitl
61,2026-07-04 21:15,farm_1,farm,1,,380.0,0.142,,,,,,,,,,,93,hitl
61,2026-07-04 21:15,slaughterhouse_1,slaughterhouse,0,,,,400.0,400.0,,,,,,,,,93,hitl
61,2026-07-04 21:15,wholesaler_1,wholesaler,0,,,,,,161.9,7.6,,,,,,,93,hitl
61,2026-07-04 21:15,retail_1,retail,0,,,,,,,,104.14,30.0,0.0,0.0,3.17,20.0,93,hitl
62,2026-07-04 21:30,supplier_1,supplier,0,825.36,,,,,,,,,,,,,93,hitl
62,2026-07-04 21:30,farm_1,farm,1,,380.0,0.142,,,,,,,,,,,93,hitl
62,2026-07-04 21:30,slaughterhouse_1,slaughterhouse,0,,,,400.0,400.0,,,,,,,,,93,hitl
62,2026-07-04 21:30,wholesaler_1,wholesaler,0,,,,,,160.21,7.6,,,,,,,93,hitl
62,2026-07-04 21:30,retail_1,retail,0,,,,,,,,103.41,30.0,0.0,0.0,3.17,20.0,93,hitl
63,2026-07-04 21:45,supplier_1,supplier,0,824.84,,,,,,,,,,,,,93,hitl
63,2026-07-04 21:45,farm_1,farm,1,,380.0,0.142,,,,,,,,,,,93,hitl
63,2026-07-04 21:45,slaughterhouse_1,slaughterhouse,0,,,,400.0,400.0,,,,,,,,,93,hitl
63,2026-07-04 21:45,wholesaler_1,wholesaler,0,,,,,,158.11,7.6,,,,,,,93,hitl
63,2026-07-04 21:45,retail_1,retail,0,,,,,,,,102.71,30.0,0.0,0.0,3.17,20.0,93,hitl
64,2026-07-04 22:00,supplier_1,supplier,0,824.0,,,,,,,,,,,,,93,hitl
64,2026-07-04 22:00,farm_1,farm,1,,380.0,0.142,,,,,,,,,,,93,hitl
64,2026-07-04 22:00,slaughterhouse_1,slaughterhouse,0,,,,400.0,376.0,,,,,,,,,93,hitl
64,2026-07-04 22:00,wholesaler_1,wholesaler,0,,,,,,152.98,7.6,,,,,,,93,hitl
64,2026-07-04 22:00,retail_1,retail,0,,,,,,,,101.96,30.0,0.0,0.0,3.17,20.0,93,hitl
65,2026-07-04 22:15,supplier_1,supplier,0,822.75,,,,,,,,,,,,,93,hitl
65,2026-07-04 22:15,farm_1,farm,1,,380.0,0.142,,,,,,,,,,,93,hitl
65,2026-07-04 22:15,slaughterhouse_1,slaughterhouse,0,,,,400.0,387.8,,,,,,,,,93,hitl
65,2026-07-04 22:15,wholesaler_1,wholesaler,0,,,,,,174.99,7.6,,,,,,,93,hitl
65,2026-07-04 22:15,retail_1,retail,0,,,,,,,,104.29,30.0,0.0,0.0,3.17,20.0,93,hitl
66,2026-07-04 22:30,supplier_1,supplier,0,822.07,,,,,,,,,,,,,93,hitl
66,2026-07-04 22:30,farm_1,farm,1,,380.0,0.142,,,,,,,,,,,93,hitl
66,2026-07-04 22:30,slaughterhouse_1,slaughterhouse,0,,,,400.0,398.86,,,,,,,,,93,hitl
66,2026-07-04 22:30,wholesaler_1,wholesaler,0,,,,,,172.01,7.6,,,,,,,93,hitl
66,2026-07-04 22:30,retail_1,retail,0,,,,,,,,103.53,30.0,0.0,0.0,3.17,20.0,93,hitl
67,2026-07-04 22:45,supplier_1,supplier,0,820.96,,,,,,,,,,,,,93,hitl
67,2026-07-04 22:45,farm_1,farm,1,,380.0,0.142,,,,,,,,,,,93,hitl
67,2026-07-04 22:45,slaughterhouse_1,slaughterhouse,0,,,,400.0,400.0,,,,,,,,,93,hitl
67,2026-07-04 22:45,wholesaler_1,wholesaler,0,,,,,,169.04,7.6,,,,,,,93,hitl
67,2026-07-04 22:45,retail_1,retail,0,,,,,,,,102.79,30.0,0.0,0.0,3.17,20.0,93,hitl
68,2026-07-04 23:00,supplier_1,supplier,0,819.98,,,,,,,,,,,,,93,hitl
68,2026-07-04 23:00,farm_1,farm,1,,380.0,0.142,,,,,,,,,,,93,hitl
68,2026-07-04 23:00,slaughterhouse_1,slaughterhouse,0,,,,400.0,400.0,,,,,,,,,93,hitl
68,2026-07-04 23:00,wholesaler_1,wholesaler,0,,,,,,163.74,7.6,,,,,,,93,hitl
68,2026-07-04 23:00,retail_1,retail,0,,,,,,,,102.08,30.0,0.0,0.0,3.17,20.0,93,hitl
69,2026-07-04 23:15,supplier_1,supplier,0,818.79,,,,,,,,,,,,,93,hitl
69,2026-07-04 23:15,farm_1,farm,1,,380.0,0.142,,,,,,,,,,,93,hitl
69,2026-07-04 23:15,slaughterhouse_1,slaughterhouse,0,,,,400.0,400.0,,,,,,,,,93,hitl
69,2026-07-04 23:15,wholesaler_1,wholesaler,0,,,,,,162.13,7.6,,,,,,,93,hitl
69,2026-07-04 23:15,retail_1,retail,0,,,,,,,,104.17,30.0,0.0,0.0,3.17,20.0,93,hitl
70,2026-07-04 23:30,supplier_1,supplier,0,817.53,,,,,,,,,,,,,93,hitl
70,2026-07-04 23:30,farm_1,farm,1,,380.0,0.142,,,,,,,,,,,93,hitl
70,2026-07-04 23:30,slaughterhouse_1,slaughterhouse,0,,,,400.0,400.0,,,,,,,,,93,hitl
70,2026-07-04 23:30,wholesaler_1,wholesaler,0,,,,,,159.78,7.6,,,,,,,93,hitl
70,2026-07-04 23:30,retail_1,retail,0,,,,,,,,103.36,30.0,0.0,0.0,3.17,20.0,93,hitl
71,2026-07-04 23:45,supplier_1,supplier,0,816.6,,,,,,,,,,,,,93,hitl
71,2026-07-04 23:45,farm_1,farm,1,,380.0,0.142,,,,,,,,,,,93,hitl
71,2026-07-04 23:45,slaughterhouse_1,slaughterhouse,0,,,,400.0,400.0,,,,,,,,,93,hitl
71,2026-07-04 23:45,wholesaler_1,wholesaler,0,,,,,,158.18,7.6,,,,,,,93,hitl
71,2026-07-04 23:45,retail_1,retail,0,,,,,,,,102.48,30.0,0.0,0.0,3.17,20.0,93,hitl
72,2026-07-05 00:00,supplier_1,supplier,0,815.16,,,,,,,,,,,,,93,hitl
72,2026-07-05 00:00,farm_1,farm,1,,380.0,0.142,,,,,,,,,,,93,hitl
72,2026-07-05 00:00,slaughterhouse_1,slaughterhouse,0,,,,400.0,376.0,,,,,,,,,93,hitl
72,2026-07-05 00:00,wholesaler_1,wholesaler,0,,,,,,152.12,7.6,,,,,,,93,hitl
72,2026-07-05 00:00,retail_1,retail,0,,,,,,,,101.7,30.0,0.0,0.0,3.17,20.0,93,hitl
73,2026-07-05 00:15,supplier_1,supplier,0,813.72,,,,,,,,,,,,,93,hitl
73,2026-07-05 00:15,farm_1,farm,1,,380.0,0.142,,,,,,,,,,,93,hitl
73,2026-07-05 00:15,slaughterhouse_1,slaughterhouse,0,,,,400.0,386.76,,,,,,,,,93,hitl
73,2026-07-05 00:15,wholesaler_1,wholesaler,0,,,,,,173.8,7.6,,,,,,,93,hitl
73,2026-07-05 00:15,retail_1,retail,0,,,,,,,,104.25,30.0,0.0,0.0,3.17,20.0,93,hitl
74,2026-07-05 00:30,supplier_1,supplier,0,812.92,,,,,,,,,,,,,93,hitl
74,2026-07-05 00:30,farm_1,farm,1,,380.0,0.142,,,,,,,,,,,93,hitl
74,2026-07-05 00:30,slaughterhouse_1,slaughterhouse,0,,,,400.0,398.04,,,,,,,,,93,hitl
74,2026-07-05 00:30,wholesaler_1,wholesaler,0,,,,,,172.07,7.6,,,,,,,93,hitl
74,2026-07-05 00:30,retail_1,retail,0,,,,,,,,103.53,30.0,0.0,0.0,3.17,20.0,93,hitl
75,2026-07-05 00:45,supplier_1,supplier,0,811.88,,,,,,,,,,,,,93,hitl
75,2026-07-05 00:45,farm_1,farm,1,,380.0,0.142,,,,,,,,,,,93,hitl
75,2026-07-05 00:45,slaughterhouse_1,slaughterhouse,0,,,,400.0,400.0,,,,,,,,,93,hitl
75,2026-07-05 00:45,wholesaler_1,wholesaler,0,,,,,,169.82,7.6,,,,,,,93,hitl
75,2026-07-05 00:45,retail_1,retail,0,,,,,,,,102.7,30.0,0.0,0.0,3.17,20.0,93,hitl
76,2026-07-05 01:00,supplier_1,supplier,0,810.7,,,,,,,,,,,,,93,hitl
76,2026-07-05 01:00,farm_1,farm,1,,380.0,0.142,,,,,,,,,,,93,hitl
76,2026-07-05 01:00,slaughterhouse_1,slaughterhouse,0,,,,400.0,400.0,,,,,,,,,93,hitl
76,2026-07-05 01:00,wholesaler_1,wholesaler,0,,,,,,164.45,7.6,,,,,,,93,hitl
76,2026-07-05 01:00,retail_1,retail,0,,,,,,,,101.93,30.0,0.0,0.0,3.17,20.0,93,hitl
77,2026-07-05 01:15,supplier_1,supplier,0,809.32,,,,,,,,,,,,,93,hitl
77,2026-07-05 01:15,farm_1,farm,1,,380.0,0.142,,,,,,,,,,,93,hitl
77,2026-07-05 01:15,slaughterhouse_1,slaughterhouse,0,,,,400.0,400.0,,,,,,,,,93,hitl
77,2026-07-05 01:15,wholesaler_1,wholesaler,0,,,,,,161.75,7.6,,,,,,,93,hitl
77,2026-07-05 01:15,retail_1,retail,0,,,,,,,,104.22,30.0,0.0,0.0,3.17,20.0,93,hitl
78,2026-07-05 01:30,supplier_1,supplier,0,807.97,,,,,,,,,,,,,93,hitl
78,2026-07-05 01:30,farm_1,farm,1,,380.0,0.142,,,,,,,,,,,93,hitl
78,2026-07-05 01:30,slaughterhouse_1,slaughterhouse,0,,,,400.0,400.0,,,,,,,,,93,hitl
78,2026-07-05 01:30,wholesaler_1,wholesaler,0,,,,,,159.94,7.6,,,,,,,93,hitl
78,2026-07-05 01:30,retail_1,retail,0,,,,,,,,103.36,30.0,0.0,0.0,3.17,20.0,93,hitl
79,2026-07-05 01:45,supplier_1,supplier,0,806.83,,,,,,,,,,,,,93,hitl
79,2026-07-05 01:45,farm_1,farm,1,,380.0,0.142,,,,,,,,,,,93,hitl
79,2026-07-05 01:45,slaughterhouse_1,slaughterhouse,0,,,,400.0,400.0,,,,,,,,,93,hitl
79,2026-07-05 01:45,wholesaler_1,wholesaler,0,,,,,,157.37,7.6,,,,,,,93,hitl
79,2026-07-05 01:45,retail_1,retail,0,,,,,,,,102.61,30.0,0.0,0.0,3.17,20.0,93,hitl
80,2026-07-05 02:00,supplier_1,supplier,0,805.43,,,,,,,,,,,,,93,hitl
80,2026-07-05 02:00,farm_1,farm,1,,380.0,0.142,,,,,,,,,,,93,hitl
80,2026-07-05 02:00,slaughterhouse_1,slaughterhouse,0,,,,400.0,376.0,,,,,,,,,93,hitl
80,2026-07-05 02:00,wholesaler_1,wholesaler,0,,,,,,152.49,7.6,,,,,,,93,hitl
80,2026-07-05 02:00,retail_1,retail,0,,,,,,,,101.73,30.0,0.0,0.0,3.17,20.0,93,hitl
81,2026-07-05 02:15,supplier_1,supplier,0,804.87,,,,,,,,,,,,,93,hitl
81,2026-07-05 02:15,farm_1,farm,1,,380.0,0.142,,,,,,,,,,,93,hitl
81,2026-07-05 02:15,slaughterhouse_1,slaughterhouse,0,,,,400.0,387.27,,,,,,,,,93,hitl
81,2026-07-05 02:15,wholesaler_1,wholesaler,0,,,,,,174.86,7.6,,,,,,,93,hitl
81,2026-07-05 02:15,retail_1,retail,0,,,,,,,,104.11,30.0,0.0,0.0,3.17,20.0,93,hitl
82,2026-07-05 02:30,supplier_1,supplier,0,803.59,,,,,,,,,,,,,93,hitl
82,2026-07-05 02:30,farm_1,farm,1,,380.0,0.142,,,,,,,,,,,93,hitl
82,2026-07-05 02:30,slaughterhouse_1,slaughterhouse,0,,,,400.0,397.52,,,,,,,,,93,hitl
82,2026-07-05 02:30,wholesaler_1,wholesaler,0,,,,,,172.0,7.6,,,,,,,93,hitl
82,2026-07-05 02:30,retail_1,retail,0,,,,,,,,103.3,30.0,0.0,0.0,3.17,20.0,93,hitl
83,2026-07-05 02:45,supplier_1,supplier,0,802.26,,,,,,,,,,,,,93,hitl
83,2026-07-05 02:45,farm_1,farm,1,,380.0,0.142,,,,,,,,,,,93,hitl
83,2026-07-05 02:45,slaughterhouse_1,slaughterhouse,0,,,,400.0,400.0,,,,,,,,,93,hitl
83,2026-07-05 02:45,wholesaler_1,wholesaler,0,,,,,,170.44,7.6,,,,,,,93,hitl
83,2026-07-05 02:45,retail_1,retail,0,,,,,,,,102.58,30.0,0.0,0.0,3.17,20.0,93,hitl
84,2026-07-05 03:00,supplier_1,supplier,0,800.93,,,,,,,,,,,,,93,hitl
84,2026-07-05 03:00,farm_1,farm,1,,380.0,0.142,,,,,,,,,,,93,hitl
84,2026-07-05 03:00,slaughterhouse_1,slaughterhouse,0,,,,400.0,400.0,,,,,,,,,93,hitl
84,2026-07-05 03:00,wholesaler_1,wholesaler,0,,,,,,164.31,7.6,,,,,,,93,hitl
84,2026-07-05 03:00,retail_1,retail,0,,,,,,,,101.75,30.0,0.0,0.0,3.17,20.0,93,hitl
85,2026-07-05 03:15,supplier_1,supplier,0,799.58,,,,,,,,,,,,,93,hitl
85,2026-07-05 03:15,farm_1,farm,1,,380.0,0.142,,,,,,,,,,,93,hitl
85,2026-07-05 03:15,slaughterhouse_1,slaughterhouse,0,,,,400.0,400.0,,,,,,,,,93,hitl
85,2026-07-05 03:15,wholesaler_1,wholesaler,0,,,,,,161.52,7.6,,,,,,,93,hitl
85,2026-07-05 03:15,retail_1,retail,0,,,,,,,,104.12,30.0,0.0,0.0,3.17,20.0,93,hitl
86,2026-07-05 03:30,supplier_1,supplier,0,799.0,,,,,,,,,,,,,93,hitl
86,2026-07-05 03:30,farm_1,farm,1,,380.0,0.142,,,,,,,,,,,93,hitl
86,2026-07-05 03:30,slaughterhouse_1,slaughterhouse,0,,,,400.0,400.0,,,,,,,,,93,hitl
86,2026-07-05 03:30,wholesaler_1,wholesaler,0,,,,,,159.37,7.6,,,,,,,93,hitl
86,2026-07-05 03:30,retail_1,retail,0,,,,,,,,103.36,30.0,0.0,0.0,3.17,20.0,93,hitl
87,2026-07-05 03:45,supplier_1,supplier,0,797.61,,,,,,,,,,,,,93,hitl
87,2026-07-05 03:45,farm_1,farm,1,,380.0,0.142,,,,,,,,,,,93,hitl
87,2026-07-05 03:45,slaughterhouse_1,slaughterhouse,0,,,,400.0,400.0,,,,,,,,,93,hitl
87,2026-07-05 03:45,wholesaler_1,wholesaler,0,,,,,,157.08,7.6,,,,,,,93,hitl
87,2026-07-05 03:45,retail_1,retail,0,,,,,,,,102.54,30.0,0.0,0.0,3.17,20.0,93,hitl
88,2026-07-05 04:00,supplier_1,supplier,0,796.91,,,,,,,,,,,,,93,hitl
88,2026-07-05 04:00,farm_1,farm,1,,380.0,0.142,,,,,,,,,,,93,hitl
88,2026-07-05 04:00,slaughterhouse_1,slaughterhouse,0,,,,400.0,376.0,,,,,,,,,93,hitl
88,2026-07-05 04:00,wholesaler_1,wholesaler,0,,,,,,152.0,7.6,,,,,,,93,hitl
88,2026-07-05 04:00,retail_1,retail,0,,,,,,,,101.68,30.0,0.0,0.0,3.17,20.0,93,hitl
89,2026-07-05 04:15,supplier_1,supplier,0,795.95,,,,,,,,,,,,,93,hitl
89,2026-07-05 04:15,farm_1,farm,1,,380.0,0.142,,,,,,,,,,,93,hitl
89,2026-07-05 04:15,slaughterhouse_1,slaughterhouse,0,,,,400.0,386.3,,,,,,,,,93,hitl
89,2026-07-05 04:15,wholesaler_1,wholesaler,0,,,,,,173.96,7.6,,,,,,,93,hitl
89,2026-07-05 04:15,retail_1,retail,0,,,,,,,,104.3,30.0,0.0,0.0,3.17,20.0,93,hitl
90,2026-07-05 04:30,supplier_1,supplier,0,795.06,,,,,,,,,,,,,93,hitl
90,2026-07-05 04:30,farm_1,farm,1,,380.0,0.142,,,,,,,,,,,93,hitl
90,2026-07-05 04:30,slaughterhouse_1,slaughterhouse,0,,,,400.0,398.08,,,,,,,,,93,hitl
90,2026-07-05 04:30,wholesaler_1,wholesaler,0,,,,,,171.29,7.6,,,,,,,93,hitl
90,2026-07-05 04:30,retail_1,retail,0,,,,,,,,103.56,30.0,0.0,0.0,3.17,20.0,93,hitl
91,2026-07-05 04:45,supplier_1,supplier,0,794.55,,,,,,,,,,,,,93,hitl
91,2026-07-05 04:45,farm_1,farm,1,,380.0,0.142,,,,,,,,,,,93,hitl
91,2026-07-05 04:45,slaughterhouse_1,slaughterhouse,0,,,,400.0,400.0,,,,,,,,,93,hitl
91,2026-07-05 04:45,wholesaler_1,wholesaler,0,,,,,,169.17,7.6,,,,,,,93,hitl
91,2026-07-05 04:45,retail_1,retail,0,,,,,,,,102.72,30.0,0.0,0.0,3.17,20.0,93,hitl
92,2026-07-05 05:00,supplier_1,supplier,0,793.08,,,,,,,,,,,,,93,hitl
92,2026-07-05 05:00,farm_1,farm,1,,380.0,0.142,,,,,,,,,,,93,hitl
92,2026-07-05 05:00,slaughterhouse_1,slaughterhouse,0,,,,400.0,400.0,,,,,,,,,93,hitl
92,2026-07-05 05:00,wholesaler_1,wholesaler,0,,,,,,163.89,7.6,,,,,,,93,hitl
92,2026-07-05 05:00,retail_1,retail,0,,,,,,,,101.9,30.0,0.0,0.0,3.17,20.0,93,hitl
93,2026-07-05 05:15,supplier_1,supplier,0,791.58,,,,,,,,,,,,,93,hitl
93,2026-07-05 05:15,farm_1,farm,1,,380.0,0.142,,,,,,,,,,,93,hitl
93,2026-07-05 05:15,slaughterhouse_1,slaughterhouse,0,,,,400.0,400.0,,,,,,,,,93,hitl
93,2026-07-05 05:15,wholesaler_1,wholesaler,0,,,,,,161.14,7.6,,,,,,,93,hitl
93,2026-07-05 05:15,retail_1,retail,0,,,,,,,,104.25,30.0,0.0,0.0,3.17,20.0,93,hitl
94,2026-07-05 05:30,supplier_1,supplier,0,790.49,,,,,,,,,,,,,93,hitl
94,2026-07-05 05:30,farm_1,farm,1,,380.0,0.142,,,,,,,,,,,93,hitl
94,2026-07-05 05:30,slaughterhouse_1,slaughterhouse,0,,,,400.0,400.0,,,,,,,,,93,hitl
94,2026-07-05 05:30,wholesaler_1,wholesaler,0,,,,,,158.95,7.6,,,,,,,93,hitl
94,2026-07-05 05:30,retail_1,retail,0,,,,,,,,103.45,30.0,0.0,0.0,3.17,20.0,93,hitl
95,2026-07-05 05:45,supplier_1,supplier,0,789.2,,,,,,,,,,,,,93,hitl
95,2026-07-05 05:45,farm_1,farm,1,,380.0,0.142,,,,,,,,,,,93,hitl
95,2026-07-05 05:45,slaughterhouse_1,slaughterhouse,0,,,,400.0,400.0,,,,,,,,,93,hitl
95,2026-07-05 05:45,wholesaler_1,wholesaler,0,,,,,,157.38,7.6,,,,,,,93,hitl
95,2026-07-05 05:45,retail_1,retail,0,,,,,,,,102.69,30.0,0.0,0.0,3.17,20.0,93,hitl
96,2026-07-05 06:00,supplier_1,supplier,0,787.97,,,,,,,,,,,,,93,hitl
96,2026-07-05 06:00,farm_1,farm,1,,380.0,0.142,,,,,,,,,,,93,hitl
96,2026-07-05 06:00,slaughterhouse_1,slaughterhouse,0,,,,400.0,376.0,,,,,,,,,93,hitl
96,2026-07-05 06:00,wholesaler_1,wholesaler,0,,,,,,152.23,7.6,,,,,,,93,hitl
96,2026-07-05 06:00,retail_1,retail,0,,,,,,,,101.85,30.0,0.0,0.0,3.17,20.0,93,hitl
97,2026-07-05 06:15,supplier_1,supplier,0,786.65,,,,,,,,,,,,,93,hitl
97,2026-07-05 06:15,farm_1,farm,1,,380.0,0.142,,,,,,,,,,,93,hitl
97,2026-07-05 06:15,slaughterhouse_1,slaughterhouse,0,,,,400.0,387.29,,,,,,,,,93,hitl
97,2026-07-05 06:15,wholesaler_1,wholesaler,0,,,,,,173.41,7.6,,,,,,,93,hitl
97,2026-07-05 06:15,retail_1,retail,0,,,,,,,,104.24,30.0,0.0,0.0,3.17,20.0,93,hitl
98,2026-07-05 06:30,supplier_1,supplier,0,785.47,,,,,,,,,,,,,93,hitl
98,2026-07-05 06:30,farm_1,farm,1,,380.0,0.142,,,,,,,,,,,93,hitl
98,2026-07-05 06:30,slaughterhouse_1,slaughterhouse,0,,,,400.0,399.07,,,,,,,,,93,hitl
98,2026-07-05 06:30,wholesaler_1,wholesaler,0,,,,,,171.03,7.6,,,,,,,93,hitl
98,2026-07-05 06:30,retail_1,retail,0,,,,,,,,103.36,30.0,0.0,0.0,3.17,20.0,93,hitl
99,2026-07-05 06:45,supplier_1,supplier,0,784.8,,,,,,,,,,,,,93,hitl
99,2026-07-05 06:45,farm_1,farm,1,,380.0,0.142,,,,,,,,,,,93,hitl
99,2026-07-05 06:45,slaughterhouse_1,slaughterhouse,0,,,,400.0,400.0,,,,,,,,,93,hitl
99,2026-07-05 06:45,wholesaler_1,wholesaler,0,,,,,,168.96,7.6,,,,,,,93,hitl
99,2026-07-05 06:45,retail_1,retail,0,,,,,,,,102.62,30.0,0.0,0.0,3.17,20.0,93,hitl
100,2026-07-05 07:00,supplier_1,supplier,0,783.37,,,,,,,,,,,,,93,hitl
100,2026-07-05 07:00,farm_1,farm,1,,380.0,0.142,,,,,,,,,,,93,hitl
100,2026-07-05 07:00,slaughterhouse_1,slaughterhouse,0,,,,400.0,400.0,,,,,,,,,93,hitl
100,2026-07-05 07:00,wholesaler_1,wholesaler,0,,,,,,163.7,7.6,,,,,,,93,hitl
100,2026-07-05 07:00,retail_1,retail,0,,,,,,,,101.74,30.0,0.0,0.0,3.17,20.0,93,hitl
101,2026-07-05 07:15,supplier_1,supplier,0,781.91,,,,,,,,,,,,,93,hitl
101,2026-07-05 07:15,farm_1,farm,1,,380.0,0.142,,,,,,,,,,,93,hitl
101,2026-07-05 07:15,slaughterhouse_1,slaughterhouse,0,,,,400.0,400.0,,,,,,,,,93,hitl
101,2026-07-05 07:15,wholesaler_1,wholesaler,0,,,,,,161.35,7.6,,,,,,,93,hitl
101,2026-07-05 07:15,retail_1,retail,0,,,,,,,,104.22,30.0,0.0,0.0,3.17,20.0,93,hitl
102,2026-07-05 07:30,supplier_1,supplier,0,780.6,,,,,,,,,,,,,93,hitl
102,2026-07-05 07:30,farm_1,farm,1,,380.0,0.142,,,,,,,,,,,93,hitl
102,2026-07-05 07:30,slaughterhouse_1,slaughterhouse,0,,,,400.0,400.0,,,,,,,,,93,hitl
102,2026-07-05 07:30,wholesaler_1,wholesaler,0,,,,,,158.87,7.6,,,,,,,93,hitl
102,2026-07-05 07:30,retail_1,retail,0,,,,,,,,103.37,30.0,0.0,0.0,3.17,20.0,93,hitl
103,2026-07-05 07:45,supplier_1,supplier,0,779.18,,,,,,,,,,,,,93,hitl
103,2026-07-05 07:45,farm_1,farm,1,,380.0,0.142,,,,,,,,,,,93,hitl
103,2026-07-05 07:45,slaughterhouse_1,slaughterhouse,0,,,,400.0,400.0,,,,,,,,,93,hitl
103,2026-07-05 07:45,wholesaler_1,wholesaler,0,,,,,,156.73,7.6,,,,,,,93,hitl
103,2026-07-05 07:45,retail_1,retail,0,,,,,,,,102.54,30.0,0.0,0.0,3.17,20.0,93,hitl
104,2026-07-05 08:00,supplier_1,supplier,0,777.88,,,,,,,,,,,,,93,hitl
104,2026-07-05 08:00,farm_1,farm,1,,380.0,0.142,,,,,,,,,,,93,hitl
104,2026-07-05 08:00,slaughterhouse_1,slaughterhouse,0,,,,400.0,376.0,,,,,,,,,93,hitl
104,2026-07-05 08:00,wholesaler_1,wholesaler,0,,,,,,151.26,7.6,,,,,,,93,hitl
104,2026-07-05 08:00,retail_1,retail,0,,,,,,,,101.69,30.0,0.0,0.0,3.17,20.0,93,hitl
105,2026-07-05 08:15,supplier_1,supplier,0,777.22,,,,,,,,,,,,,93,hitl
105,2026-07-05 08:15,farm_1,farm,1,,380.0,0.142,,,,,,,,,,,93,hitl
105,2026-07-05 08:15,slaughterhouse_1,slaughterhouse,0,,,,400.0,387.78,,,,,,,,,93,hitl
105,2026-07-05 08:15,wholesaler_1,wholesaler,0,,,,,,172.64,7.6,,,,,,,93,hitl
105,2026-07-05 08:15,retail_1,retail,0,,,,,,,,104.24,30.0,0.0,0.0,3.17,20.0,93,hitl
106,2026-07-05 08:30,supplier_1,supplier,0,776.01,,,,,,,,,,,,,93,hitl
106,2026-07-05 08:30,farm_1,farm,1,,380.0,0.142,,,,,,,,,,,93,hitl
106,2026-07-05 08:30,slaughterhouse_1,slaughterhouse,0,,,,400.0,398.54,,,,,,,,,93,hitl
106,2026-07-05 08:30,wholesaler_1,wholesaler,0,,,,,,170.37,7.6,,,,,,,93,hitl
106,2026-07-05 08:30,retail_1,retail,0,,,,,,,,103.44,30.0,0.0,0.0,3.17,20.0,93,hitl
107,2026-07-05 08:45,supplier_1,supplier,0,775.12,,,,,,,,,,,,,93,hitl
107,2026-07-05 08:45,farm_1,farm,1,,380.0,0.142,,,,,,,,,,,93,hitl
107,2026-07-05 08:45,slaughterhouse_1,slaughterhouse,0,,,,400.0,400.0,,,,,,,,,93,hitl
107,2026-07-05 08:45,wholesaler_1,wholesaler,0,,,,,,168.69,7.6,,,,,,,93,hitl
107,2026-07-05 08:45,retail_1,retail,0,,,,,,,,102.63,30.0,0.0,0.0,3.17,20.0,93,hitl
108,2026-07-05 09:00,supplier_1,supplier,0,773.85,,,,,,,,,,,,,93,hitl
108,2026-07-05 09:00,farm_1,farm,1,,380.0,0.142,,,,,,,,,,,93,hitl
108,2026-07-05 09:00,slaughterhouse_1,slaughterhouse,0,,,,400.0,400.0,,,,,,,,,93,hitl
108,2026-07-05 09:00,wholesaler_1,wholesaler,0,,,,,,163.86,7.6,,,,,,,93,hitl
108,2026-07-05 09:00,retail_1,retail,0,,,,,,,,101.93,30.0,0.0,0.0,3.17,20.0,93,hitl
109,2026-07-05 09:15,supplier_1,supplier,0,772.62,,,,,,,,,,,,,93,hitl
109,2026-07-05 09:15,farm_1,farm,1,,380.0,0.142,,,,,,,,,,,93,hitl
109,2026-07-05 09:15,slaughterhouse_1,slaughterhouse,0,,,,400.0,400.0,,,,,,,,,93,hitl
109,2026-07-05 09:15,wholesaler_1,wholesaler,0,,,,,,161.09,7.6,,,,,,,93,hitl
109,2026-07-05 09:15,retail_1,retail,0,,,,,,,,104.22,30.0,0.0,0.0,3.17,20.0,93,hitl
110,2026-07-05 09:30,supplier_1,supplier,0,771.41,,,,,,,,,,,,,93,hitl
110,2026-07-05 09:30,farm_1,farm,1,,380.0,0.142,,,,,,,,,,,93,hitl
110,2026-07-05 09:30,slaughterhouse_1,slaughterhouse,0,,,,400.0,400.0,,,,,,,,,93,hitl
110,2026-07-05 09:30,wholesaler_1,wholesaler,0,,,,,,158.39,7.6,,,,,,,93,hitl
110,2026-07-05 09:30,retail_1,retail,0,,,,,,,,103.35,30.0,0.0,0.0,3.17,20.0,93,hitl
111,2026-07-05 09:45,supplier_1,supplier,0,770.12,,,,,,,,,,,,,93,hitl
111,2026-07-05 09:45,farm_1,farm,1,,380.0,0.142,,,,,,,,,,,93,hitl
111,2026-07-05 09:45,slaughterhouse_1,slaughterhouse,0,,,,400.0,400.0,,,,,,,,,93,hitl
111,2026-07-05 09:45,wholesaler_1,wholesaler,0,,,,,,156.53,7.6,,,,,,,93,hitl
111,2026-07-05 09:45,retail_1,retail,0,,,,,,,,102.62,30.0,0.0,0.0,3.17,20.0,93,hitl
112,2026-07-05 10:00,supplier_1,supplier,0,769.48,,,,,,,,,,,,,93,hitl
112,2026-07-05 10:00,farm_1,farm,1,,380.0,0.142,,,,,,,,,,,93,hitl
112,2026-07-05 10:00,slaughterhouse_1,slaughterhouse,0,,,,400.0,376.0,,,,,,,,,93,hitl
112,2026-07-05 10:00,wholesaler_1,wholesaler,0,,,,,,151.73,7.6,,,,,,,93,hitl
112,2026-07-05 10:00,retail_1,retail,0,,,,,,,,101.92,30.0,0.0,0.0,3.17,20.0,93,hitl
113,2026-07-05 10:15,supplier_1,supplier,0,768.4,,,,,,,,,,,,,93,hitl
113,2026-07-05 10:15,farm_1,farm,1,,380.0,0.142,,,,,,,,,,,93,hitl
113,2026-07-05 10:15,slaughterhouse_1,slaughterhouse,0,,,,400.0,386.98,,,,,,,,,93,hitl
113,2026-07-05 10:15,wholesaler_1,wholesaler,0,,,,,,173.71,7.6,,,,,,,93,hitl
113,2026-07-05 10:15,retail_1,retail,0,,,,,,,,104.19,30.0,0.0,0.0,3.17,20.0,93,hitl
114,2026-07-05 10:30,supplier_1,supplier,0,767.34,,,,,,,,,,,,,93,hitl
114,2026-07-05 10:30,farm_1,farm,1,,380.0,0.142,,,,,,,,,,,93,hitl
114,2026-07-05 10:30,slaughterhouse_1,slaughterhouse,0,,,,400.0,398.66,,,,,,,,,93,hitl
114,2026-07-05 10:30,wholesaler_1,wholesaler,0,,,,,,171.5,7.6,,,,,,,93,hitl
114,2026-07-05 10:30,retail_1,retail,0,,,,,,,,103.41,30.0,0.0,0.0,3.17,20.0,93,hitl
115,2026-07-05 10:45,supplier_1,supplier,0,766.61,,,,,,,,,,,,,93,hitl
115,2026-07-05 10:45,farm_1,farm,1,,380.0,0.142,,,,,,,,,,,93,hitl
115,2026-07-05 10:45,slaughterhouse_1,slaughterhouse,0,,,,400.0,400.0,,,,,,,,,93,hitl
115,2026-07-05 10:45,wholesaler_1,wholesaler,1,,,,,,54.39,66.0,,,,,,,93,hitl
115,2026-07-05 10:45,retail_1,retail,0,,,,,,,,102.71,30.0,0.0,0.0,3.17,20.0,93,hitl
116,2026-07-05 11:00,supplier_1,supplier,0,765.43,,,,,,,,,,,,,93,hitl
116,2026-07-05 11:00,farm_1,farm,1,,380.0,0.142,,,,,,,,,,,93,hitl
116,2026-07-05 11:00,slaughterhouse_1,slaughterhouse,0,,,,400.0,400.0,,,,,,,,,93,hitl
116,2026-07-05 11:00,wholesaler_1,wholesaler,1,,,,,,48.35,66.0,,,,,,,93,hitl
116,2026-07-05 11:00,retail_1,retail,0,,,,,,,,101.95,30.0,0.0,0.0,3.17,20.0,93,hitl
117,2026-07-05 11:15,supplier_1,supplier,0,764.35,,,,,,,,,,,,,93,hitl
117,2026-07-05 11:15,farm_1,farm,1,,380.0,0.142,,,,,,,,,,,93,hitl
117,2026-07-05 11:15,slaughterhouse_1,slaughterhouse,0,,,,400.0,400.0,,,,,,,,,93,hitl
117,2026-07-05 11:15,wholesaler_1,wholesaler,1,,,,,,46.78,66.0,,,,,,,93,hitl
117,2026-07-05 11:15,retail_1,retail,0,,,,,,,,104.18,30.0,0.0,0.0,3.17,20.0,93,hitl
118,2026-07-05 11:30,supplier_1,supplier,0,763.13,,,,,,,,,,,,,93,hitl
118,2026-07-05 11:30,farm_1,farm,1,,380.0,0.142,,,,,,,,,,,93,hitl
118,2026-07-05 11:30,slaughterhouse_1,slaughterhouse,0,,,,400.0,400.0,,,,,,,,,93,hitl
118,2026-07-05 11:30,wholesaler_1,wholesaler,1,,,,,,44.18,66.0,,,,,,,93,hitl
118,2026-07-05 11:30,retail_1,retail,0,,,,,,,,103.32,30.0,0.0,0.0,3.17,20.0,93,hitl
119,2026-07-05 11:45,supplier_1,supplier,0,761.83,,,,,,,,,,,,,93,hitl
119,2026-07-05 11:45,farm_1,farm,1,,380.0,0.142,,,,,,,,,,,93,hitl
119,2026-07-05 11:45,slaughterhouse_1,slaughterhouse,0,,,,400.0,400.0,,,,,,,,,93,hitl
119,2026-07-05 11:45,wholesaler_1,wholesaler,1,,,,,,41.9,66.0,,,,,,,93,hitl
119,2026-07-05 11:45,retail_1,retail,0,,,,,,,,102.44,30.0,0.0,0.0,3.17,20.0,93,hitl
120,2026-07-05 12:00,supplier_1,supplier,0,760.7,,,,,,,,,,,,,93,hitl
120,2026-07-05 12:00,farm_1,farm,1,,380.0,0.142,,,,,,,,,,,93,hitl
120,2026-07-05 12:00,slaughterhouse_1,slaughterhouse,0,,,,400.0,376.0,,,,,,,,,93,hitl
120,2026-07-05 12:00,wholesaler_1,wholesaler,1,,,,,,36.6,66.0,,,,,,,93,hitl
120,2026-07-05 12:00,retail_1,retail,0,,,,,,,,101.66,30.0,0.0,0.0,3.17,20.0,93,hitl
121,2026-07-05 12:15,supplier_1,supplier,0,759.23,,,,,,,,,,,,,93,hitl
121,2026-07-05 12:15,farm_1,farm,1,,380.0,0.142,,,,,,,,,,,93,hitl
121,2026-07-05 12:15,slaughterhouse_1,slaughterhouse,0,,,,400.0,387.71,,,,,,,,,93,hitl
121,2026-07-05 12:15,wholesaler_1,wholesaler,1,,,,,,58.26,66.0,,,,,,,93,hitl
121,2026-07-05 12:15,retail_1,retail,0,,,,,,,,104.24,30.0,0.0,0.0,3.17,20.0,93,hitl
122,2026-07-05 12:30,supplier_1,supplier,0,758.38,,,,,,,,,,,,,93,hitl
122,2026-07-05 12:30,farm_1,farm,1,,380.0,0.142,,,,,,,,,,,93,hitl
122,2026-07-05 12:30,slaughterhouse_1,slaughterhouse,0,,,,400.0,399.15,,,,,,,,,93,hitl
122,2026-07-05 12:30,wholesaler_1,wholesaler,1,,,,,,56.31,66.0,,,,,,,93,hitl
122,2026-07-05 12:30,retail_1,retail,0,,,,,,,,103.41,30.0,0.0,0.0,3.17,20.0,93,hitl
123,2026-07-05 12:45,supplier_1,supplier,0,757.07,,,,,,,,,,,,,93,hitl
123,2026-07-05 12:45,farm_1,farm,1,,380.0,0.142,,,,,,,,,,,93,hitl
123,2026-07-05 12:45,slaughterhouse_1,slaughterhouse,0,,,,400.0,400.0,,,,,,,,,93,hitl
123,2026-07-05 12:45,wholesaler_1,wholesaler,1,,,,,,54.16,66.0,,,,,,,93,hitl
123,2026-07-05 12:45,retail_1,retail,0,,,,,,,,102.6,30.0,0.0,0.0,3.17,20.0,93,hitl
124,2026-07-05 13:00,supplier_1,supplier,0,755.89,,,,,,,,,,,,,93,hitl
124,2026-07-05 13:00,farm_1,farm,1,,380.0,0.142,,,,,,,,,,,93,hitl
124,2026-07-05 13:00,slaughterhouse_1,slaughterhouse,0,,,,400.0,400.0,,,,,,,,,93,hitl
124,2026-07-05 13:00,wholesaler_1,wholesaler,1,,,,,,48.96,66.0,,,,,,,93,hitl
124,2026-07-05 13:00,retail_1,retail,0,,,,,,,,101.72,30.0,0.0,0.0,3.17,20.0,93,hitl
125,2026-07-05 13:15,supplier_1,supplier,0,754.82,,,,,,,,,,,,,93,hitl
125,2026-07-05 13:15,farm_1,farm,1,,380.0,0.142,,,,,,,,,,,93,hitl
125,2026-07-05 13:15,slaughterhouse_1,slaughterhouse,0,,,,400.0,400.0,,,,,,,,,93,hitl
125,2026-07-05 13:15,wholesaler_1,wholesaler,1,,,,,,46.29,66.0,,,,,,,93,hitl
125,2026-07-05 13:15,retail_1,retail,0,,,,,,,,104.2,30.0,0.0,0.0,3.17,20.0,93,hitl
126,2026-07-05 13:30,supplier_1,supplier,0,753.32,,,,,,,,,,,,,93,hitl
126,2026-07-05 13:30,farm_1,farm,1,,380.0,0.142,,,,,,,,,,,93,hitl
126,2026-07-05 13:30,slaughterhouse_1,slaughterhouse,0,,,,400.0,400.0,,,,,,,,,93,hitl
126,2026-07-05 13:30,wholesaler_1,wholesaler,1,,,,,,44.36,66.0,,,,,,,93,hitl
126,2026-07-05 13:30,retail_1,retail,0,,,,,,,,103.47,30.0,0.0,0.0,3.17,20.0,93,hitl
127,2026-07-05 13:45,supplier_1,supplier,0,752.75,,,,,,,,,,,,,93,hitl
127,2026-07-05 13:45,farm_1,farm,1,,380.0,0.142,,,,,,,,,,,93,hitl
127,2026-07-05 13:45,slaughterhouse_1,slaughterhouse,0,,,,400.0,400.0,,,,,,,,,93,hitl
127,2026-07-05 13:45,wholesaler_1,wholesaler,1,,,,,,41.68,66.0,,,,,,,93,hitl
127,2026-07-05 13:45,retail_1,retail,0,,,,,,,,102.66,30.0,0.0,0.0,3.17,20.0,93,hitl
128,2026-07-05 14:00,supplier_1,supplier,0,751.52,,,,,,,,,,,,,93,hitl
128,2026-07-05 14:00,farm_1,farm,1,,380.0,0.142,,,,,,,,,,,93,hitl
128,2026-07-05 14:00,slaughterhouse_1,slaughterhouse,0,,,,400.0,376.0,,,,,,,,,93,hitl
128,2026-07-05 14:00,wholesaler_1,wholesaler,1,,,,,,35.69,66.0,,,,,,,93,hitl
128,2026-07-05 14:00,retail_1,retail,0,,,,,,,,101.8,30.0,0.0,0.0,3.17,20.0,93,hitl
129,2026-07-05 14:15,supplier_1,supplier,0,750.14,,,,,,,,,,,,,93,hitl
129,2026-07-05 14:15,farm_1,farm,1,,380.0,0.142,,,,,,,,,,,93,hitl
129,2026-07-05 14:15,slaughterhouse_1,slaughterhouse,0,,,,400.0,386.99,,,,,,,,,93,hitl
129,2026-07-05 14:15,wholesaler_1,wholesaler,1,,,,,,56.92,66.0,,,,,,,93,hitl
129,2026-07-05 14:15,retail_1,retail,0,,,,,,,,104.2,30.0,0.0,0.0,3.17,20.0,93,hitl
130,2026-07-05 14:30,supplier_1,supplier,0,748.96,,,,,,,,,,,,,93,hitl
130,2026-07-05 14:30,farm_1,farm,1,,380.0,0.142,,,,,,,,,,,93,hitl
130,2026-07-05 14:30,slaughterhouse_1,slaughterhouse,0,,,,400.0,398.01,,,,,,,,,93,hitl
130,2026-07-05 14:30,wholesaler_1,wholesaler,1,,,,,,54.52,66.0,,,,,,,93,hitl
130,2026-07-05 14:30,retail_1,retail,0,,,,,,,,103.47,30.0,0.0,0.0,3.17,20.0,93,hitl
131,2026-07-05 14:45,supplier_1,supplier,0,748.45,,,,,,,,,,,,,93,hitl
131,2026-07-05 14:45,farm_1,farm,1,,380.0,0.142,,,,,,,,,,,93,hitl
131,2026-07-05 14:45,slaughterhouse_1,slaughterhouse,0,,,,400.0,400.0,,,,,,,,,93,hitl
131,2026-07-05 14:45,wholesaler_1,wholesaler,1,,,,,,52.13,66.0,,,,,,,93,hitl
131,2026-07-05 14:45,retail_1,retail,0,,,,,,,,102.7,30.0,0.0,0.0,3.17,20.0,93,hitl
132,2026-07-05 15:00,supplier_1,supplier,0,747.31,,,,,,,,,,,,,93,hitl
132,2026-07-05 15:00,farm_1,farm,1,,380.0,0.142,,,,,,,,,,,93,hitl
132,2026-07-05 15:00,slaughterhouse_1,slaughterhouse,0,,,,400.0,400.0,,,,,,,,,93,hitl
132,2026-07-05 15:00,wholesaler_1,wholesaler,1,,,,,,46.11,66.0,,,,,,,93,hitl
132,2026-07-05 15:00,retail_1,retail,0,,,,,,,,101.92,30.0,0.0,0.0,3.17,20.0,93,hitl
133,2026-07-05 15:15,supplier_1,supplier,0,746.38,,,,,,,,,,,,,93,hitl
133,2026-07-05 15:15,farm_1,farm,1,,380.0,0.142,,,,,,,,,,,93,hitl
133,2026-07-05 15:15,slaughterhouse_1,slaughterhouse,0,,,,400.0,400.0,,,,,,,,,93,hitl
133,2026-07-05 15:15,wholesaler_1,wholesaler,1,,,,,,43.2,66.0,,,,,,,93,hitl
133,2026-07-05 15:15,retail_1,retail,0,,,,,,,,104.22,30.0,0.0,0.0,3.17,20.0,93,hitl
134,2026-07-05 15:30,supplier_1,supplier,0,745.84,,,,,,,,,,,,,93,hitl
134,2026-07-05 15:30,farm_1,farm,1,,380.0,0.142,,,,,,,,,,,93,hitl
134,2026-07-05 15:30,slaughterhouse_1,slaughterhouse,0,,,,400.0,400.0,,,,,,,,,93,hitl
134,2026-07-05 15:30,wholesaler_1,wholesaler,1,,,,,,41.07,66.0,,,,,,,93,hitl
134,2026-07-05 15:30,retail_1,retail,0,,,,,,,,103.38,30.0,0.0,0.0,3.17,20.0,93,hitl
135,2026-07-05 15:45,supplier_1,supplier,0,744.43,,,,,,,,,,,,,93,hitl
135,2026-07-05 15:45,farm_1,farm,1,,380.0,0.142,,,,,,,,,,,93,hitl
135,2026-07-05 15:45,slaughterhouse_1,slaughterhouse,0,,,,400.0,400.0,,,,,,,,,93,hitl
135,2026-07-05 15:45,wholesaler_1,wholesaler,1,,,,,,38.43,66.0,,,,,,,93,hitl
135,2026-07-05 15:45,retail_1,retail,0,,,,,,,,102.6,30.0,0.0,0.0,3.17,20.0,93,hitl
136,2026-07-05 16:00,supplier_1,supplier,0,743.57,,,,,,,,,,,,,93,hitl
136,2026-07-05 16:00,farm_1,farm,1,,380.0,0.142,,,,,,,,,,,93,hitl
136,2026-07-05 16:00,slaughterhouse_1,slaughterhouse,0,,,,400.0,376.0,,,,,,,,,93,hitl
136,2026-07-05 16:00,wholesaler_1,wholesaler,1,,,,,,32.57,66.0,,,,,,,93,hitl
136,2026-07-05 16:00,retail_1,retail,0,,,,,,,,101.74,30.0,0.0,0.0,3.17,20.0,93,hitl
137,2026-07-05 16:15,supplier_1,supplier,0,742.58,,,,,,,,,,,,,93,hitl
137,2026-07-05 16:15,farm_1,farm,1,,380.0,0.142,,,,,,,,,,,93,hitl
137,2026-07-05 16:15,slaughterhouse_1,slaughterhouse,0,,,,400.0,387.13,,,,,,,,,93,hitl
137,2026-07-05 16:15,wholesaler_1,wholesaler,1,,,,,,54.46,66.0,,,,,,,93,hitl
137,2026-07-05 16:15,retail_1,retail,0,,,,,,,,104.17,30.0,0.0,0.0,3.17,20.0,93,hitl
138,2026-07-05 16:30,supplier_1,supplier,0,742.05,,,,,,,,,,,,,93,hitl
138,2026-07-05 16:30,farm_1,farm,1,,380.0,0.142,,,,,,,,,,,93,hitl
138,2026-07-05 16:30,slaughterhouse_1,slaughterhouse,0,,,,400.0,398.67,,,,,,,,,93,hitl
138,2026-07-05 16:30,wholesaler_1,wholesaler,1,,,,,,51.49,66.0,,,,,,,93,hitl
138,2026-07-05 16:30,retail_1,retail,0,,,,,,,,103.44,30.0,0.0,0.0,3.17,20.0,93,hitl
139,2026-07-05 16:45,supplier_1,supplier,0,741.29,,,,,,,,,,,,,93,hitl
139,2026-07-05 16:45,farm_1,farm,1,,380.0,0.142,,,,,,,,,,,93,hitl
139,2026-07-05 16:45,slaughterhouse_1,slaughterhouse,0,,,,400.0,400.0,,,,,,,,,93,hitl
139,2026-07-05 16:45,wholesaler_1,wholesaler,1,,,,,,49.15,66.0,,,,,,,93,hitl
139,2026-07-05 16:45,retail_1,retail,0,,,,,,,,102.66,30.0,0.0,0.0,3.17,20.0,93,hitl
140,2026-07-05 17:00,supplier_1,supplier,0,739.99,,,,,,,,,,,,,93,hitl
140,2026-07-05 17:00,farm_1,farm,1,,380.0,0.142,,,,,,,,,,,93,hitl
140,2026-07-05 17:00,slaughterhouse_1,slaughterhouse,0,,,,400.0,400.0,,,,,,,,,93,hitl
140,2026-07-05 17:00,wholesaler_1,wholesaler,1,,,,,,44.41,66.0,,,,,,,93,hitl
140,2026-07-05 17:00,retail_1,retail,0,,,,,,,,101.86,30.0,0.0,0.0,3.17,20.0,93,hitl
141,2026-07-05 17:15,supplier_1,supplier,0,738.6,,,,,,,,,,,,,93,hitl
141,2026-07-05 17:15,farm_1,farm,1,,380.0,0.142,,,,,,,,,,,93,hitl
141,2026-07-05 17:15,slaughterhouse_1,slaughterhouse,0,,,,400.0,400.0,,,,,,,,,93,hitl
141,2026-07-05 17:15,wholesaler_1,wholesaler,1,,,,,,42.69,66.0,,,,,,,93,hitl
141,2026-07-05 17:15,retail_1,retail,0,,,,,,,,104.23,30.0,0.0,0.0,3.17,20.0,93,hitl
142,2026-07-05 17:30,supplier_1,supplier,0,737.5,,,,,,,,,,,,,93,hitl
142,2026-07-05 17:30,farm_1,farm,1,,380.0,0.142,,,,,,,,,,,93,hitl
142,2026-07-05 17:30,slaughterhouse_1,slaughterhouse,0,,,,400.0,400.0,,,,,,,,,93,hitl
142,2026-07-05 17:30,wholesaler_1,wholesaler,1,,,,,,40.59,66.0,,,,,,,93,hitl
142,2026-07-05 17:30,retail_1,retail,0,,,,,,,,103.42,30.0,0.0,0.0,3.17,20.0,93,hitl
143,2026-07-05 17:45,supplier_1,supplier,0,736.81,,,,,,,,,,,,,93,hitl
143,2026-07-05 17:45,farm_1,farm,1,,380.0,0.142,,,,,,,,,,,93,hitl
143,2026-07-05 17:45,slaughterhouse_1,slaughterhouse,0,,,,400.0,400.0,,,,,,,,,93,hitl
143,2026-07-05 17:45,wholesaler_1,wholesaler,1,,,,,,37.69,66.0,,,,,,,93,hitl
143,2026-07-05 17:45,retail_1,retail,0,,,,,,,,102.61,30.0,0.0,0.0,3.17,20.0,93,hitl
144,2026-07-05 18:00,supplier_1,supplier,0,735.94,,,,,,,,,,,,,93,hitl
144,2026-07-05 18:00,farm_1,farm,1,,380.0,0.142,,,,,,,,,,,93,hitl
144,2026-07-05 18:00,slaughterhouse_1,slaughterhouse,0,,,,400.0,376.0,,,,,,,,,93,hitl
144,2026-07-05 18:00,wholesaler_1,wholesaler,1,,,,,,32.23,66.0,,,,,,,93,hitl
144,2026-07-05 18:00,retail_1,retail,0,,,,,,,,101.88,30.0,0.0,0.0,3.17,20.0,93,hitl
145,2026-07-05 18:15,supplier_1,supplier,0,735.33,,,,,,,,,,,,,93,hitl
145,2026-07-05 18:15,farm_1,farm,1,,380.0,0.142,,,,,,,,,,,93,hitl
145,2026-07-05 18:15,slaughterhouse_1,slaughterhouse,0,,,,400.0,387.42,,,,,,,,,93,hitl
145,2026-07-05 18:15,wholesaler_1,wholesaler,1,,,,,,53.43,66.0,,,,,,,93,hitl
145,2026-07-05 18:15,retail_1,retail,0,,,,,,,,104.15,30.0,0.0,0.0,3.17,20.0,93,hitl
146,2026-07-05 18:30,supplier_1,supplier,0,733.99,,,,,,,,,,,,,93,hitl
146,2026-07-05 18:30,farm_1,farm,1,,380.0,0.142,,,,,,,,,,,93,hitl
146,2026-07-05 18:30,slaughterhouse_1,slaughterhouse,0,,,,400.0,397.67,,,,,,,,,93,hitl
146,2026-07-05 18:30,wholesaler_1,wholesaler,1,,,,,,51.82,66.0,,,,,,,93,hitl
146,2026-07-05 18:30,retail_1,retail,0,,,,,,,,103.37,30.0,0.0,0.0,3.17,20.0,93,hitl
147,2026-07-05 18:45,supplier_1,supplier,0,732.53,,,,,,,,,,,,,93,hitl
147,2026-07-05 18:45,farm_1,farm,1,,380.0,0.142,,,,,,,,,,,93,hitl
147,2026-07-05 18:45,slaughterhouse_1,slaughterhouse,0,,,,400.0,400.0,,,,,,,,,93,hitl
147,2026-07-05 18:45,wholesaler_1,wholesaler,1,,,,,,48.94,66.0,,,,,,,93,hitl
147,2026-07-05 18:45,retail_1,retail,0,,,,,,,,102.5,30.0,0.0,0.0,3.17,20.0,93,hitl
148,2026-07-05 19:00,supplier_1,supplier,0,731.73,,,,,,,,,,,,,93,hitl
148,2026-07-05 19:00,farm_1,farm,1,,380.0,0.142,,,,,,,,,,,93,hitl
148,2026-07-05 19:00,slaughterhouse_1,slaughterhouse,0,,,,400.0,400.0,,,,,,,,,93,hitl
148,2026-07-05 19:00,wholesaler_1,wholesaler,1,,,,,,42.89,66.0,,,,,,,93,hitl
148,2026-07-05 19:00,retail_1,retail,0,,,,,,,,101.62,30.0,0.0,0.0,3.17,20.0,93,hitl
149,2026-07-05 19:15,supplier_1,supplier,0,730.78,,,,,,,,,,,,,93,hitl
149,2026-07-05 19:15,farm_1,farm,1,,380.0,0.142,,,,,,,,,,,93,hitl
149,2026-07-05 19:15,slaughterhouse_1,slaughterhouse,0,,,,400.0,400.0,,,,,,,,,93,hitl
149,2026-07-05 19:15,wholesaler_1,wholesaler,1,,,,,,41.29,66.0,,,,,,,93,hitl
149,2026-07-05 19:15,retail_1,retail,0,,,,,,,,104.2,30.0,0.0,0.0,3.17,20.0,93,hitl
150,2026-07-05 19:30,supplier_1,supplier,0,729.85,,,,,,,,,,,,,93,hitl
150,2026-07-05 19:30,farm_1,farm,1,,380.0,0.142,,,,,,,,,,,93,hitl
150,2026-07-05 19:30,slaughterhouse_1,slaughterhouse,0,,,,400.0,400.0,,,,,,,,,93,hitl
150,2026-07-05 19:30,wholesaler_1,wholesaler,1,,,,,,38.64,66.0,,,,,,,93,hitl
150,2026-07-05 19:30,retail_1,retail,0,,,,,,,,103.32,30.0,0.0,0.0,3.17,20.0,93,hitl
151,2026-07-05 19:45,supplier_1,supplier,0,728.49,,,,,,,,,,,,,93,hitl
151,2026-07-05 19:45,farm_1,farm,1,,380.0,0.142,,,,,,,,,,,93,hitl
151,2026-07-05 19:45,slaughterhouse_1,slaughterhouse,0,,,,400.0,400.0,,,,,,,,,93,hitl
151,2026-07-05 19:45,wholesaler_1,wholesaler,1,,,,,,36.3,66.0,,,,,,,93,hitl
151,2026-07-05 19:45,retail_1,retail,0,,,,,,,,102.46,30.0,0.0,0.0,3.17,20.0,93,hitl
152,2026-07-05 20:00,supplier_1,supplier,0,726.99,,,,,,,,,,,,,93,hitl
152,2026-07-05 20:00,farm_1,farm,1,,380.0,0.142,,,,,,,,,,,93,hitl
152,2026-07-05 20:00,slaughterhouse_1,slaughterhouse,0,,,,400.0,376.0,,,,,,,,,93,hitl
152,2026-07-05 20:00,wholesaler_1,wholesaler,1,,,,,,30.79,66.0,,,,,,,93,hitl
152,2026-07-05 20:00,retail_1,retail,0,,,,,,,,101.73,30.0,0.0,0.0,3.17,20.0,93,hitl
153,2026-07-05 20:15,supplier_1,supplier,0,726.07,,,,,,,,,,,,,93,hitl
153,2026-07-05 20:15,farm_1,farm,1,,380.0,0.142,,,,,,,,,,,93,hitl
153,2026-07-05 20:15,slaughterhouse_1,slaughterhouse,0,,,,400.0,386.6,,,,,,,,,93,hitl
153,2026-07-05 20:15,wholesaler_1,wholesaler,1,,,,,,52.45,66.0,,,,,,,93,hitl
153,2026-07-05 20:15,retail_1,retail,0,,,,,,,,104.28,30.0,0.0,0.0,3.17,20.0,93,hitl
154,2026-07-05 20:30,supplier_1,supplier,0,724.86,,,,,,,,,,,,,93,hitl
154,2026-07-05 20:30,farm_1,farm,1,,380.0,0.142,,,,,,,,,,,93,hitl
154,2026-07-05 20:30,slaughterhouse_1,slaughterhouse,0,,,,400.0,398.49,,,,,,,,,93,hitl
154,2026-07-05 20:30,wholesaler_1,wholesaler,1,,,,,,49.97,66.0,,,,,,,93,hitl
154,2026-07-05 20:30,retail_1,retail,0,,,,,,,,103.52,30.0,0.0,0.0,3.17,20.0,93,hitl
155,2026-07-05 20:45,supplier_1,supplier,0,723.57,,,,,,,,,,,,,93,hitl
155,2026-07-05 20:45,farm_1,farm,1,,380.0,0.142,,,,,,,,,,,93,hitl
155,2026-07-05 20:45,slaughterhouse_1,slaughterhouse,0,,,,400.0,400.0,,,,,,,,,93,hitl
155,2026-07-05 20:45,wholesaler_1,wholesaler,1,,,,,,47.44,66.0,,,,,,,93,hitl
155,2026-07-05 20:45,retail_1,retail,0,,,,,,,,102.81,30.0,0.0,0.0,3.17,20.0,93,hitl
156,2026-07-05 21:00,supplier_1,supplier,0,722.53,,,,,,,,,,,,,93,hitl
156,2026-07-05 21:00,farm_1,farm,1,,380.0,0.142,,,,,,,,,,,93,hitl
156,2026-07-05 21:00,slaughterhouse_1,slaughterhouse,0,,,,400.0,400.0,,,,,,,,,93,hitl
156,2026-07-05 21:00,wholesaler_1,wholesaler,1,,,,,,42.5,66.0,,,,,,,93,hitl
156,2026-07-05 21:00,retail_1,retail,0,,,,,,,,102.03,30.0,0.0,0.0,3.17,20.0,93,hitl
157,2026-07-05 21:15,supplier_1,supplier,0,721.21,,,,,,,,,,,,,93,hitl
157,2026-07-05 21:15,farm_1,farm,1,,380.0,0.142,,,,,,,,,,,93,hitl
157,2026-07-05 21:15,slaughterhouse_1,slaughterhouse,0,,,,400.0,400.0,,,,,,,,,93,hitl
157,2026-07-05 21:15,wholesaler_1,wholesaler,1,,,,,,40.81,66.0,,,,,,,93,hitl
157,2026-07-05 21:15,retail_1,retail,0,,,,,,,,104.26,30.0,0.0,0.0,3.17,20.0,93,hitl
158,2026-07-05 21:30,supplier_1,supplier,0,719.88,,,,,,,,,,,,,93,hitl
158,2026-07-05 21:30,farm_1,farm,1,,380.0,0.142,,,,,,,,,,,93,hitl
158,2026-07-05 21:30,slaughterhouse_1,slaughterhouse,0,,,,400.0,400.0,,,,,,,,,93,hitl
158,2026-07-05 21:30,wholesaler_1,wholesaler,1,,,,,,38.64,66.0,,,,,,,93,hitl
158,2026-07-05 21:30,retail_1,retail,0,,,,,,,,103.52,30.0,0.0,0.0,3.17,20.0,93,hitl
159,2026-07-05 21:45,supplier_1,supplier,0,719.08,,,,,,,,,,,,,93,hitl
159,2026-07-05 21:45,farm_1,farm,1,,380.0,0.142,,,,,,,,,,,93,hitl
159,2026-07-05 21:45,slaughterhouse_1,slaughterhouse,0,,,,400.0,400.0,,,,,,,,,93,hitl
159,2026-07-05 21:45,wholesaler_1,wholesaler,1,,,,,,36.52,66.0,,,,,,,93,hitl
159,2026-07-05 21:45,retail_1,retail,0,,,,,,,,102.69,30.0,0.0,0.0,3.17,20.0,93,hitl
160,2026-07-05 22:00,supplier_1,supplier,0,717.77,,,,,,,,,,,,,93,hitl
160,2026-07-05 22:00,farm_1,farm,1,,380.0,0.142,,,,,,,,,,,93,hitl
160,2026-07-05 22:00,slaughterhouse_1,slaughterhouse,0,,,,400.0,376.0,,,,,,,,,93,hitl
160,2026-07-05 22:00,wholesaler_1,wholesaler,1,,,,,,31.34,66.0,,,,,,,93,hitl
160,2026-07-05 22:00,retail_1,retail,0,,,,,,,,101.97,30.0,0.0,0.0,3.17,20.0,93,hitl
161,2026-07-05 22:15,supplier_1,supplier,0,717.13,,,,,,,,,,,,,93,hitl
161,2026-07-05 22:15,farm_1,farm,1,,380.0,0.142,,,,,,,,,,,93,hitl
161,2026-07-05 22:15,slaughterhouse_1,slaughterhouse,0,,,,400.0,386.22,,,,,,,,,93,hitl
161,2026-07-05 22:15,wholesaler_1,wholesaler,1,,,,,,53.28,66.0,,,,,,,93,hitl
161,2026-07-05 22:15,retail_1,retail,0,,,,,,,,104.11,30.0,0.0,0.0,3.17,20.0,93,hitl
162,2026-07-05 22:30,supplier_1,supplier,0,715.88,,,,,,,,,,,,,93,hitl
162,2026-07-05 22:30,farm_1,farm,1,,380.0,0.142,,,,,,,,,,,93,hitl
162,2026-07-05 22:30,slaughterhouse_1,slaughterhouse,0,,,,400.0,397.89,,,,,,,,,93,hitl
162,2026-07-05 22:30,wholesaler_1,wholesaler,1,,,,,,50.71,66.0,,,,,,,93,hitl
162,2026-07-05 22:30,retail_1,retail,0,,,,,,,,103.33,30.0,0.0,0.0,3.17,20.0,93,hitl
163,2026-07-05 22:45,supplier_1,supplier,0,715.04,,,,,,,,,,,,,93,hitl
163,2026-07-05 22:45,farm_1,farm,1,,380.0,0.142,,,,,,,,,,,93,hitl
163,2026-07-05 22:45,slaughterhouse_1,slaughterhouse,0,,,,400.0,400.0,,,,,,,,,93,hitl
163,2026-07-05 22:45,wholesaler_1,wholesaler,1,,,,,,48.76,66.0,,,,,,,93,hitl
163,2026-07-05 22:45,retail_1,retail,0,,,,,,,,102.47,30.0,0.0,0.0,3.17,20.0,93,hitl
164,2026-07-05 23:00,supplier_1,supplier,0,713.98,,,,,,,,,,,,,93,hitl
164,2026-07-05 23:00,farm_1,farm,1,,380.0,0.142,,,,,,,,,,,93,hitl
164,2026-07-05 23:00,slaughterhouse_1,slaughterhouse,0,,,,400.0,400.0,,,,,,,,,93,hitl
164,2026-07-05 23:00,wholesaler_1,wholesaler,1,,,,,,43.63,66.0,,,,,,,93,hitl
164,2026-07-05 23:00,retail_1,retail,0,,,,,,,,101.63,30.0,0.0,0.0,3.17,20.0,93,hitl
165,2026-07-05 23:15,supplier_1,supplier,0,712.97,,,,,,,,,,,,,93,hitl
165,2026-07-05 23:15,farm_1,farm,1,,380.0,0.142,,,,,,,,,,,93,hitl
165,2026-07-05 23:15,slaughterhouse_1,slaughterhouse,0,,,,400.0,400.0,,,,,,,,,93,hitl
165,2026-07-05 23:15,wholesaler_1,wholesaler,1,,,,,,41.61,66.0,,,,,,,93,hitl
165,2026-07-05 23:15,retail_1,retail,0,,,,,,,,104.21,30.0,0.0,0.0,3.17,20.0,93,hitl
166,2026-07-05 23:30,supplier_1,supplier,0,711.76,,,,,,,,,,,,,93,hitl
166,2026-07-05 23:30,farm_1,farm,1,,380.0,0.142,,,,,,,,,,,93,hitl
166,2026-07-05 23:30,slaughterhouse_1,slaughterhouse,0,,,,400.0,400.0,,,,,,,,,93,hitl
166,2026-07-05 23:30,wholesaler_1,wholesaler,1,,,,,,39.88,66.0,,,,,,,93,hitl
166,2026-07-05 23:30,retail_1,retail,0,,,,,,,,103.45,30.0,0.0,0.0,3.17,20.0,93,hitl
167,2026-07-05 23:45,supplier_1,supplier,0,710.73,,,,,,,,,,,,,93,hitl
167,2026-07-05 23:45,farm_1,farm,1,,380.0,0.142,,,,,,,,,,,93,hitl
167,2026-07-05 23:45,slaughterhouse_1,slaughterhouse,0,,,,400.0,400.0,,,,,,,,,93,hitl
167,2026-07-05 23:45,wholesaler_1,wholesaler,1,,,,,,38.15,66.0,,,,,,,93,hitl
167,2026-07-05 23:45,retail_1,retail,0,,,,,,,,102.58,30.0,0.0,0.0,3.17,20.0,93,hitl
168,2026-07-06 00:00,supplier_1,supplier,0,710.0,,,,,,,,,,,,,93,hitl
168,2026-07-06 00:00,farm_1,farm,1,,380.0,0.142,,,,,,,,,,,93,hitl
168,2026-07-06 00:00,slaughterhouse_1,slaughterhouse,0,,,,400.0,376.0,,,,,,,,,93,hitl
168,2026-07-06 00:00,wholesaler_1,wholesaler,1,,,,,,32.85,66.0,,,,,,,93,hitl
168,2026-07-06 00:00,retail_1,retail,0,,,,,,,,101.84,30.0,0.0,0.0,3.17,20.0,93,hitl
169,2026-07-06 00:15,supplier_1,supplier,0,709.13,,,,,,,,,,,,,93,hitl
169,2026-07-06 00:15,farm_1,farm,1,,380.0,0.142,,,,,,,,,,,93,hitl
169,2026-07-06 00:15,slaughterhouse_1,slaughterhouse,0,,,,400.0,387.94,,,,,,,,,93,hitl
169,2026-07-06 00:15,wholesaler_1,wholesaler,1,,,,,,54.18,66.0,,,,,,,93,hitl
169,2026-07-06 00:15,retail_1,retail,0,,,,,,,,104.18,30.0,0.0,0.0,3.17,20.0,93,hitl
170,2026-07-06 00:30,supplier_1,supplier,0,708.11,,,,,,,,,,,,,93,hitl
170,2026-07-06 00:30,farm_1,farm,1,,380.0,0.142,,,,,,,,,,,93,hitl
170,2026-07-06 00:30,slaughterhouse_1,slaughterhouse,0,,,,400.0,398.68,,,,,,,,,93,hitl
170,2026-07-06 00:30,wholesaler_1,wholesaler,1,,,,,,52.19,66.0,,,,,,,93,hitl
170,2026-07-06 00:30,retail_1,retail,0,,,,,,,,103.47,30.0,0.0,0.0,3.17,20.0,93,hitl
171,2026-07-06 00:45,supplier_1,supplier,0,707.17,,,,,,,,,,,,,93,hitl
171,2026-07-06 00:45,farm_1,farm,1,,380.0,0.142,,,,,,,,,,,93,hitl
171,2026-07-06 00:45,slaughterhouse_1,slaughterhouse,0,,,,400.0,400.0,,,,,,,,,93,hitl
171,2026-07-06 00:45,wholesaler_1,wholesaler,1,,,,,,49.79,66.0,,,,,,,93,hitl
171,2026-07-06 00:45,retail_1,retail,0,,,,,,,,102.64,30.0,0.0,0.0,3.17,20.0,93,hitl
172,2026-07-06 01:00,supplier_1,supplier,0,706.2,,,,,,,,,,,,,93,hitl
172,2026-07-06 01:00,farm_1,farm,1,,380.0,0.142,,,,,,,,,,,93,hitl
172,2026-07-06 01:00,slaughterhouse_1,slaughterhouse,0,,,,400.0,400.0,,,,,,,,,93,hitl
172,2026-07-06 01:00,wholesaler_1,wholesaler,1,,,,,,43.81,66.0,,,,,,,93,hitl
172,2026-07-06 01:00,retail_1,retail,0,,,,,,,,101.91,30.0,0.0,0.0,3.17,20.0,93,hitl
173,2026-07-06 01:15,supplier_1,supplier,0,705.38,,,,,,,,,,,,,93,hitl
173,2026-07-06 01:15,farm_1,farm,1,,380.0,0.142,,,,,,,,,,,93,hitl
173,2026-07-06 01:15,slaughterhouse_1,slaughterhouse,0,,,,400.0,400.0,,,,,,,,,93,hitl
173,2026-07-06 01:15,wholesaler_1,wholesaler,1,,,,,,41.04,66.0,,,,,,,93,hitl
173,2026-07-06 01:15,retail_1,retail,0,,,,,,,,104.14,30.0,0.0,0.0,3.17,20.0,93,hitl
174,2026-07-06 01:30,supplier_1,supplier,0,703.92,,,,,,,,,,,,,93,hitl
174,2026-07-06 01:30,farm_1,farm,1,,380.0,0.142,,,,,,,,,,,93,hitl
174,2026-07-06 01:30,slaughterhouse_1,slaughterhouse,0,,,,400.0,400.0,,,,,,,,,93,hitl
174,2026-07-06 01:30,wholesaler_1,wholesaler,1,,,,,,38.62,66.0,,,,,,,93,hitl
174,2026-07-06 01:30,retail_1,retail,0,,,,,,,,103.44,30.0,0.0,0.0,3.17,20.0,93,hitl
175,2026-07-06 01:45,supplier_1,supplier,0,703.3,,,,,,,,,,,,,93,hitl
175,2026-07-06 01:45,farm_1,farm,1,,380.0,0.142,,,,,,,,,,,93,hitl
175,2026-07-06 01:45,slaughterhouse_1,slaughterhouse,0,,,,400.0,400.0,,,,,,,,,93,hitl
175,2026-07-06 01:45,wholesaler_1,wholesaler,1,,,,,,36.66,66.0,,,,,,,93,hitl
175,2026-07-06 01:45,retail_1,retail,0,,,,,,,,102.59,30.0,0.0,0.0,3.17,20.0,93,hitl
176,2026-07-06 02:00,supplier_1,supplier,0,702.78,,,,,,,,,,,,,93,hitl
176,2026-07-06 02:00,farm_1,farm,1,,380.0,0.142,,,,,,,,,,,93,hitl
176,2026-07-06 02:00,slaughterhouse_1,slaughterhouse,0,,,,400.0,376.0,,,,,,,,,93,hitl
176,2026-07-06 02:00,wholesaler_1,wholesaler,1,,,,,,31.36,66.0,,,,,,,93,hitl
176,2026-07-06 02:00,retail_1,retail,0,,,,,,,,101.87,30.0,0.0,0.0,3.17,20.0,93,hitl
177,2026-07-06 02:15,supplier_1,supplier,0,702.12,,,,,,,,,,,,,93,hitl
177,2026-07-06 02:15,farm_1,farm,1,,380.0,0.142,,,,,,,,,,,93,hitl
177,2026-07-06 02:15,slaughterhouse_1,slaughterhouse,0,,,,400.0,386.43,,,,,,,,,93,hitl
177,2026-07-06 02:15,wholesaler_1,wholesaler,1,,,,,,53.19,66.0,,,,,,,93,hitl
177,2026-07-06 02:15,retail_1,retail,0,,,,,,,,104.28,30.0,0.0,0.0,3.17,20.0,93,hitl
178,2026-07-06 02:30,supplier_1,supplier,0,700.64,,,,,,,,,,,,,93,hitl
178,2026-07-06 02:30,farm_1,farm,1,,380.0,0.142,,,,,,,,,,,93,hitl
178,2026-07-06 02:30,slaughterhouse_1,slaughterhouse,0,,,,400.0,396.99,,,,,,,,,93,hitl
178,2026-07-06 02:30,wholesaler_1,wholesaler,1,,,,,,51.43,66.0,,,,,,,93,hitl
178,2026-07-06 02:30,retail_1,retail,0,,,,,,,,103.58,30.0,0.0,0.0,3.17,20.0,93,hitl
179,2026-07-06 02:45,supplier_1,supplier,0,700.1,,,,,,,,,,,,,93,hitl
179,2026-07-06 02:45,farm_1,farm,1,,380.0,0.142,,,,,,,,,,,93,hitl
179,2026-07-06 02:45,slaughterhouse_1,slaughterhouse,0,,,,400.0,400.0,,,,,,,,,93,hitl
179,2026-07-06 02:45,wholesaler_1,wholesaler,1,,,,,,49.71,66.0,,,,,,,93,hitl
179,2026-07-06 02:45,retail_1,retail,0,,,,,,,,102.78,30.0,0.0,0.0,3.17,20.0,93,hitl
180,2026-07-06 03:00,supplier_1,supplier,0,699.38,,,,,,,,,,,,,93,hitl
180,2026-07-06 03:00,farm_1,farm,1,,380.0,0.142,,,,,,,,,,,93,hitl
180,2026-07-06 03:00,slaughterhouse_1,slaughterhouse,0,,,,400.0,400.0,,,,,,,,,93,hitl
180,2026-07-06 03:00,wholesaler_1,wholesaler,1,,,,,,44.74,66.0,,,,,,,93,hitl
180,2026-07-06 03:00,retail_1,retail,0,,,,,,,,102.0,30.0,0.0,0.0,3.17,20.0,93,hitl
181,2026-07-06 03:15,supplier_1,supplier,0,698.52,,,,,,,,,,,,,93,hitl
181,2026-07-06 03:15,farm_1,farm,1,,380.0,0.142,,,,,,,,,,,93,hitl
181,2026-07-06 03:15,slaughterhouse_1,slaughterhouse,0,,,,400.0,400.0,,,,,,,,,93,hitl
181,2026-07-06 03:15,wholesaler_1,wholesaler,1,,,,,,43.18,66.0,,,,,,,93,hitl
181,2026-07-06 03:15,retail_1,retail,0,,,,,,,,104.26,30.0,0.0,0.0,3.17,20.0,93,hitl
182,2026-07-06 03:30,supplier_1,supplier,0,697.38,,,,,,,,,,,,,93,hitl
182,2026-07-06 03:30,farm_1,farm,1,,380.0,0.142,,,,,,,,,,,93,hitl
182,2026-07-06 03:30,slaughterhouse_1,slaughterhouse,0,,,,400.0,400.0,,,,,,,,,93,hitl
182,2026-07-06 03:30,wholesaler_1,wholesaler,1,,,,,,41.19,66.0,,,,,,,93,hitl
182,2026-07-06 03:30,retail_1,retail,0,,,,,,,,103.47,30.0,0.0,0.0,3.17,20.0,93,hitl
183,2026-07-06 03:45,supplier_1,supplier,0,696.6,,,,,,,,,,,,,93,hitl
183,2026-07-06 03:45,farm_1,farm,1,,380.0,0.142,,,,,,,,,,,93,hitl
183,2026-07-06 03:45,slaughterhouse_1,slaughterhouse,0,,,,400.0,400.0,,,,,,,,,93,hitl
183,2026-07-06 03:45,wholesaler_1,wholesaler,1,,,,,,38.86,66.0,,,,,,,93,hitl
183,2026-07-06 03:45,retail_1,retail,0,,,,,,,,102.69,30.0,0.0,0.0,3.17,20.0,93,hitl
184,2026-07-06 04:00,supplier_1,supplier,0,695.71,,,,,,,,,,,,,93,hitl
184,2026-07-06 04:00,farm_1,farm,1,,380.0,0.142,,,,,,,,,,,93,hitl
184,2026-07-06 04:00,slaughterhouse_1,slaughterhouse,0,,,,400.0,376.0,,,,,,,,,93,hitl
184,2026-07-06 04:00,wholesaler_1,wholesaler,1,,,,,,32.76,66.0,,,,,,,93,hitl
184,2026-07-06 04:00,retail_1,retail,0,,,,,,,,101.88,30.0,0.0,0.0,3.17,20.0,93,hitl
185,2026-07-06 04:15,supplier_1,supplier,0,695.05,,,,,,,,,,,,,93,hitl
185,2026-07-06 04:15,farm_1,farm,1,,380.0,0.142,,,,,,,,,,,93,hitl
185,2026-07-06 04:15,slaughterhouse_1,slaughterhouse,0,,,,400.0,387.55,,,,,,,,,93,hitl
185,2026-07-06 04:15,wholesaler_1,wholesaler,1,,,,,,54.56,66.0,,,,,,,93,hitl
185,2026-07-06 04:15,retail_1,retail,0,,,,,,,,104.17,30.0,0.0,0.0,3.17,20.0,93,hitl
186,2026-07-06 04:30,supplier_1,supplier,0,694.07,,,,,,,,,,,,,93,hitl
186,2026-07-06 04:30,farm_1,farm,1,,380.0,0.142,,,,,,,,,,,93,hitl
186,2026-07-06 04:30,slaughterhouse_1,slaughterhouse,0,,,,400.0,398.55,,,,,,,,,93,hitl
186,2026-07-06 04:30,wholesaler_1,wholesaler,1,,,,,,52.77,66.0,,,,,,,93,hitl
186,2026-07-06 04:30,retail_1,retail,0,,,,,,,,103.41,30.0,0.0,0.0,3.17,20.0,93,hitl
187,2026-07-06 04:45,supplier_1,supplier,0,692.64,,,,,,,,,,,,,93,hitl
187,2026-07-06 04:45,farm_1,farm,1,,380.0,0.142,,,,,,,,,,,93,hitl
187,2026-07-06 04:45,slaughterhouse_1,slaughterhouse,0,,,,400.0,400.0,,,,,,,,,93,hitl
187,2026-07-06 04:45,wholesaler_1,wholesaler,1,,,,,,51.03,66.0,,,,,,,93,hitl
187,2026-07-06 04:45,retail_1,retail,0,,,,,,,,102.59,30.0,0.0,0.0,3.17,20.0,93,hitl
188,2026-07-06 05:00,supplier_1,supplier,0,691.17,,,,,,,,,,,,,93,hitl
188,2026-07-06 05:00,farm_1,farm,1,,380.0,0.142,,,,,,,,,,,93,hitl
188,2026-07-06 05:00,slaughterhouse_1,slaughterhouse,0,,,,400.0,400.0,,,,,,,,,93,hitl
188,2026-07-06 05:00,wholesaler_1,wholesaler,1,,,,,,46.22,66.0,,,,,,,93,hitl
188,2026-07-06 05:00,retail_1,retail,0,,,,,,,,101.74,30.0,0.0,0.0,3.17,20.0,93,hitl
189,2026-07-06 05:15,supplier_1,supplier,0,689.88,,,,,,,,,,,,,93,hitl
189,2026-07-06 05:15,farm_1,farm,1,,380.0,0.142,,,,,,,,,,,93,hitl
189,2026-07-06 05:15,slaughterhouse_1,slaughterhouse,0,,,,400.0,400.0,,,,,,,,,93,hitl
189,2026-07-06 05:15,wholesaler_1,wholesaler,1,,,,,,43.73,66.0,,,,,,,93,hitl
189,2026-07-06 05:15,retail_1,retail,0,,,,,,,,104.17,30.0,0.0,0.0,3.17,20.0,93,hitl
190,2026-07-06 05:30,supplier_1,supplier,0,688.65,,,,,,,,,,,,,93,hitl
190,2026-07-06 05:30,farm_1,farm,1,,380.0,0.142,,,,,,,,,,,93,hitl
190,2026-07-06 05:30,slaughterhouse_1,slaughterhouse,0,,,,400.0,400.0,,,,,,,,,93,hitl
190,2026-07-06 05:30,wholesaler_1,wholesaler,1,,,,,,41.3,66.0,,,,,,,93,hitl
190,2026-07-06 05:30,retail_1,retail,0,,,,,,,,103.42,30.0,0.0,0.0,3.17,20.0,93,hitl
191,2026-07-06 05:45,supplier_1,supplier,0,687.91,,,,,,,,,,,,,93,hitl
191,2026-07-06 05:45,farm_1,farm,1,,380.0,0.142,,,,,,,,,,,93,hitl
191,2026-07-06 05:45,slaughterhouse_1,slaughterhouse,0,,,,400.0,400.0,,,,,,,,,93,hitl
191,2026-07-06 05:45,wholesaler_1,wholesaler,1,,,,,,38.67,66.0,,,,,,,93,hitl
191,2026-07-06 05:45,retail_1,retail,0,,,,,,,,102.62,30.0,0.0,0.0,3.17,20.0,93,hitl
192,2026-07-06 06:00,supplier_1,supplier,0,686.8,,,,,,,,,,,,,93,hitl
192,2026-07-06 06:00,farm_1,farm,1,,380.0,0.142,,,,,,,,,,,93,hitl
192,2026-07-06 06:00,slaughterhouse_1,slaughterhouse,0,,,,400.0,376.0,,,,,,,,,93,hitl
192,2026-07-06 06:00,wholesaler_1,wholesaler,1,,,,,,33.3,66.0,,,,,,,93,hitl
192,2026-07-06 06:00,retail_1,retail,0,,,,,,,,101.91,30.0,0.0,0.0,3.17,20.0,93,hitl
193,2026-07-06 06:15,supplier_1,supplier,0,685.64,,,,,,,,,,,,,93,hitl
193,2026-07-06 06:15,farm_1,farm,1,,380.0,0.142,,,,,,,,,,,93,hitl
193,2026-07-06 06:15,slaughterhouse_1,slaughterhouse,0,,,,400.0,386.38,,,,,,,,,93,hitl
193,2026-07-06 06:15,wholesaler_1,wholesaler,1,,,,,,54.63,66.0,,,,,,,93,hitl
193,2026-07-06 06:15,retail_1,retail,0,,,,,,,,104.27,30.0,0.0,0.0,3.17,20.0,93,hitl
194,2026-07-06 06:30,supplier_1,supplier,0,685.1,,,,,,,,,,,,,93,hitl
194,2026-07-06 06:30,farm_1,farm,1,,380.0,0.142,,,,,,,,,,,93,hitl
194,2026-07-06 06:30,slaughterhouse_1,slaughterhouse,0,,,,400.0,397.53,,,,,,,,,93,hitl
194,2026-07-06 06:30,wholesaler_1,wholesaler,1,,,,,,52.92,66.0,,,,,,,93,hitl
194,2026-07-06 06:30,retail_1,retail,0,,,,,,,,103.54,30.0,0.0,0.0,3.17,20.0,93,hitl
195,2026-07-06 06:45,supplier_1,supplier,0,683.9,,,,,,,,,,,,,93,hitl
195,2026-07-06 06:45,farm_1,farm,1,,380.0,0.142,,,,,,,,,,,93,hitl
195,2026-07-06 06:45,slaughterhouse_1,slaughterhouse,0,,,,400.0,400.0,,,,,,,,,93,hitl
195,2026-07-06 06:45,wholesaler_1,wholesaler,1,,,,,,51.27,66.0,,,,,,,93,hitl
195,2026-07-06 06:45,retail_1,retail,0,,,,,,,,102.79,30.0,0.0,0.0,3.17,20.0,93,hitl
196,2026-07-06 07:00,supplier_1,supplier,0,683.15,,,,,,,,,,,,,93,hitl
196,2026-07-06 07:00,farm_1,farm,1,,380.0,0.142,,,,,,,,,,,93,hitl
196,2026-07-06 07:00,slaughterhouse_1,slaughterhouse,0,,,,400.0,400.0,,,,,,,,,93,hitl
196,2026-07-06 07:00,wholesaler_1,wholesaler,1,,,,,,46.63,66.0,,,,,,,93,hitl
196,2026-07-06 07:00,retail_1,retail,0,,,,,,,,101.94,30.0,0.0,0.0,3.17,20.0,93,hitl
197,2026-07-06 07:15,supplier_1,supplier,0,682.2,,,,,,,,,,,,,93,hitl
197,2026-07-06 07:15,farm_1,farm,1,,380.0,0.142,,,,,,,,,,,93,hitl
197,2026-07-06 07:15,slaughterhouse_1,slaughterhouse,0,,,,400.0,400.0,,,,,,,,,93,hitl
197,2026-07-06 07:15,wholesaler_1,wholesaler,1,,,,,,44.47,66.0,,,,,,,93,hitl
197,2026-07-06 07:15,retail_1,retail,0,,,,,,,,104.18,30.0,0.0,0.0,3.17,20.0,93,hitl
198,2026-07-06 07:30,supplier_1,supplier,0,681.69,,,,,,,,,,,,,93,hitl
198,2026-07-06 07:30,farm_1,farm,1,,380.0,0.142,,,,,,,,,,,93,hitl
198,2026-07-06 07:30,slaughterhouse_1,slaughterhouse,0,,,,400.0,400.0,,,,,,,,,93,hitl
198,2026-07-06 07:30,wholesaler_1,wholesaler,1,,,,,,41.81,66.0,,,,,,,93,hitl
198,2026-07-06 07:30,retail_1,retail,0,,,,,,,,103.33,30.0,0.0,0.0,3.17,20.0,93,hitl
199,2026-07-06 07:45,supplier_1,supplier,0,680.84,,,,,,,,,,,,,93,hitl
199,2026-07-06 07:45,farm_1,farm,1,,380.0,0.142,,,,,,,,,,,93,hitl
199,2026-07-06 07:45,slaughterhouse_1,slaughterhouse,0,,,,400.0,400.0,,,,,,,,,93,hitl
199,2026-07-06 07:45,wholesaler_1,wholesaler,1,,,,,,40.02,66.0,,,,,,,93,hitl
199,2026-07-06 07:45,retail_1,retail,0,,,,,,,,102.49,30.0,0.0,0.0,3.17,20.0,93,hitl
200,2026-07-06 08:00,supplier_1,supplier,0,679.95,,,,,,,,,,,,,93,hitl
200,2026-07-06 08:00,farm_1,farm,1,,380.0,0.142,,,,,,,,,,,93,hitl
200,2026-07-06 08:00,slaughterhouse_1,slaughterhouse,0,,,,400.0,376.0,,,,,,,,,93,hitl
200,2026-07-06 08:00,wholesaler_1,wholesaler,1,,,,,,33.75,66.0,,,,,,,93,hitl
200,2026-07-06 08:00,retail_1,retail,0,,,,,,,,101.68,30.0,0.0,0.0,3.17,20.0,93,hitl
201,2026-07-06 08:15,supplier_1,supplier,0,678.58,,,,,,,,,,,,,93,hitl
201,2026-07-06 08:15,farm_1,farm,1,,380.0,0.142,,,,,,,,,,,93,hitl
201,2026-07-06 08:15,slaughterhouse_1,slaughterhouse,0,,,,400.0,386.39,,,,,,,,,93,hitl
201,2026-07-06 08:15,wholesaler_1,wholesaler,1,,,,,,55.5,66.0,,,,,,,93,hitl
201,2026-07-06 08:15,retail_1,retail,0,,,,,,,,104.19,30.0,0.0,0.0,3.17,20.0,93,hitl
202,2026-07-06 08:30,supplier_1,supplier,0,677.7,,,,,,,,,,,,,93,hitl
202,2026-07-06 08:30,farm_1,farm,1,,380.0,0.142,,,,,,,,,,,93,hitl
202,2026-07-06 08:30,slaughterhouse_1,slaughterhouse,0,,,,400.0,397.71,,,,,,,,,93,hitl
202,2026-07-06 08:30,wholesaler_1,wholesaler,1,,,,,,53.25,66.0,,,,,,,93,hitl
202,2026-07-06 08:30,retail_1,retail,0,,,,,,,,103.46,30.0,0.0,0.0,3.17,20.0,93,hitl
203,2026-07-06 08:45,supplier_1,supplier,0,676.22,,,,,,,,,,,,,93,hitl
203,2026-07-06 08:45,farm_1,farm,1,,380.0,0.142,,,,,,,,,,,93,hitl
203,2026-07-06 08:45,slaughterhouse_1,slaughterhouse,0,,,,400.0,400.0,,,,,,,,,93,hitl
203,2026-07-06 08:45,wholesaler_1,wholesaler,1,,,,,,50.25,66.0,,,,,,,93,hitl
203,2026-07-06 08:45,retail_1,retail,0,,,,,,,,102.63,30.0,0.0,0.0,3.17,20.0,93,hitl
204,2026-07-06 09:00,supplier_1,supplier,0,675.56,,,,,,,,,,,,,93,hitl
204,2026-07-06 09:00,farm_1,farm,1,,380.0,0.142,,,,,,,,,,,93,hitl
204,2026-07-06 09:00,slaughterhouse_1,slaughterhouse,0,,,,400.0,400.0,,,,,,,,,93,hitl
204,2026-07-06 09:00,wholesaler_1,wholesaler,1,,,,,,45.13,66.0,,,,,,,93,hitl
204,2026-07-06 09:00,retail_1,retail,0,,,,,,,,101.81,30.0,0.0,0.0,3.17,20.0,93,hitl
205,2026-07-06 09:15,supplier_1,supplier,0,674.98,,,,,,,,,,,,,93,hitl
205,2026-07-06 09:15,farm_1,farm,1,,380.0,0.142,,,,,,,,,,,93,hitl
205,2026-07-06 09:15,slaughterhouse_1,slaughterhouse,0,,,,400.0,400.0,,,,,,,,,93,hitl
205,2026-07-06 09:15,wholesaler_1,wholesaler,1,,,,,,42.49,66.0,,,,,,,93,hitl
205,2026-07-06 09:15,retail_1,retail,0,,,,,,,,104.29,30.0,0.0,0.0,3.17,20.0,93,hitl
206,2026-07-06 09:30,supplier_1,supplier,0,673.78,,,,,,,,,,,,,93,hitl
206,2026-07-06 09:30,farm_1,farm,1,,380.0,0.142,,,,,,,,,,,93,hitl
206,2026-07-06 09:30,slaughterhouse_1,slaughterhouse,0,,,,400.0,400.0,,,,,,,,,93,hitl
206,2026-07-06 09:30,wholesaler_1,wholesaler,1,,,,,,40.21,66.0,,,,,,,93,hitl
206,2026-07-06 09:30,retail_1,retail,0,,,,,,,,103.49,30.0,0.0,0.0,3.17,20.0,93,hitl
207,2026-07-06 09:45,supplier_1,supplier,0,673.19,,,,,,,,,,,,,93,hitl
207,2026-07-06 09:45,farm_1,farm,1,,380.0,0.142,,,,,,,,,,,93,hitl
207,2026-07-06 09:45,slaughterhouse_1,slaughterhouse,0,,,,400.0,400.0,,,,,,,,,93,hitl
207,2026-07-06 09:45,wholesaler_1,wholesaler,1,,,,,,38.44,66.0,,,,,,,93,hitl
207,2026-07-06 09:45,retail_1,retail,0,,,,,,,,102.73,30.0,0.0,0.0,3.17,20.0,93,hitl
208,2026-07-06 10:00,supplier_1,supplier,0,671.84,,,,,,,,,,,,,93,hitl
208,2026-07-06 10:00,farm_1,farm,0,,620.0,0.034,,,,,,,,,,,93,hitl
208,2026-07-06 10:00,slaughterhouse_1,slaughterhouse,0,,,,400.0,376.0,,,,,,,,,93,hitl
208,2026-07-06 10:00,wholesaler_1,wholesaler,1,,,,,,33.26,66.0,,,,,,,93,hitl
208,2026-07-06 10:00,retail_1,retail,0,,,,,,,,101.97,30.0,0.0,0.0,3.17,20.0,93,hitl
209,2026-07-06 10:15,supplier_1,supplier,0,671.17,,,,,,,,,,,,,93,hitl
209,2026-07-06 10:15,farm_1,farm,0,,620.0,0.034,,,,,,,,,,,93,hitl
209,2026-07-06 10:15,slaughterhouse_1,slaughterhouse,0,,,,400.0,386.65,,,,,,,,,93,hitl
209,2026-07-06 10:15,wholesaler_1,wholesaler,1,,,,,,54.61,66.0,,,,,,,93,hitl
209,2026-07-06 10:15,retail_1,retail,0,,,,,,,,104.17,30.0,0.0,0.0,3.17,20.0,93,hitl
210,2026-07-06 10:30,supplier_1,supplier,0,670.64,,,,,,,,,,,,,93,hitl
210,2026-07-06 10:30,farm_1,farm,0,,620.0,0.034,,,,,,,,,,,93,hitl
210,2026-07-06 10:30,slaughterhouse_1,slaughterhouse,0,,,,400.0,398.31,,,,,,,,,93,hitl
210,2026-07-06 10:30,wholesaler_1,wholesaler,1,,,,,,52.55,66.0,,,,,,,93,hitl
210,2026-07-06 10:30,retail_1,retail,0,,,,,,,,103.4,30.0,0.0,0.0,3.17,20.0,93,hitl
211,2026-07-06 10:45,supplier_1,supplier,0,670.04,,,,,,,,,,,,,93,hitl
211,2026-07-06 10:45,farm_1,farm,0,,620.0,0.034,,,,,,,,,,,93,hitl
211,2026-07-06 10:45,slaughterhouse_1,slaughterhouse,0,,,,400.0,400.0,,,,,,,,,93,hitl
211,2026-07-06 10:45,wholesaler_1,wholesaler,1,,,,,,49.74,66.0,,,,,,,93,hitl
211,2026-07-06 10:45,retail_1,retail,0,,,,,,,,102.6,30.0,0.0,0.0,3.17,20.0,93,hitl
212,2026-07-06 11:00,supplier_1,supplier,0,669.28,,,,,,,,,,,,,93,hitl
212,2026-07-06 11:00,farm_1,farm,0,,620.0,0.034,,,,,,,,,,,93,hitl
212,2026-07-06 11:00,slaughterhouse_1,slaughterhouse,0,,,,400.0,400.0,,,,,,,,,93,hitl
212,2026-07-06 11:00,wholesaler_1,wholesaler,1,,,,,,44.95,66.0,,,,,,,93,hitl
212,2026-07-06 11:00,retail_1,retail,0,,,,,,,,101.72,30.0,0.0,0.0,3.17,20.0,93,hitl
213,2026-07-06 11:15,supplier_1,supplier,0,668.61,,,,,,,,,,,,,93,hitl
213,2026-07-06 11:15,farm_1,farm,0,,620.0,0.034,,,,,,,,,,,93,hitl
213,2026-07-06 11:15,slaughterhouse_1,slaughterhouse,0,,,,400.0,400.0,,,,,,,,,93,hitl
213,2026-07-06 11:15,wholesaler_1,wholesaler,1,,,,,,43.24,66.0,,,,,,,93,hitl
213,2026-07-06 11:15,retail_1,retail,0,,,,,,,,104.12,30.0,0.0,0.0,3.17,20.0,93,hitl
214,2026-07-06 11:30,supplier_1,supplier,0,667.75,,,,,,,,,,,,,93,hitl
214,2026-07-06 11:30,farm_1,farm,0,,620.0,0.034,,,,,,,,,,,93,hitl
214,2026-07-06 11:30,slaughterhouse_1,slaughterhouse,0,,,,400.0,400.0,,,,,,,,,93,hitl
214,2026-07-06 11:30,wholesaler_1,wholesaler,1,,,,,,40.53,66.0,,,,,,,93,hitl
214,2026-07-06 11:30,retail_1,retail,0,,,,,,,,103.4,30.0,0.0,0.0,3.17,20.0,93,hitl
215,2026-07-06 11:45,supplier_1,supplier,0,666.49,,,,,,,,,,,,,93,hitl
215,2026-07-06 11:45,farm_1,farm,0,,620.0,0.034,,,,,,,,,,,93,hitl
215,2026-07-06 11:45,slaughterhouse_1,slaughterhouse,0,,,,400.0,400.0,,,,,,,,,93,hitl
215,2026-07-06 11:45,wholesaler_1,wholesaler,1,,,,,,38.31,66.0,,,,,,,93,hitl
215,2026-07-06 11:45,retail_1,retail,0,,,,,,,,102.56,30.0,0.0,0.0,3.17,20.0,93,hitl
216,2026-07-06 12:00,supplier_1,supplier,0,665.89,,,,,,,,,,,,,93,hitl
216,2026-07-06 12:00,farm_1,farm,0,,620.0,0.034,,,,,,,,,,,93,hitl
216,2026-07-06 12:00,slaughterhouse_1,slaughterhouse,0,,,,400.0,376.0,,,,,,,,,93,hitl
216,2026-07-06 12:00,wholesaler_1,wholesaler,1,,,,,,33.44,66.0,,,,,,,93,hitl
216,2026-07-06 12:00,retail_1,retail,0,,,,,,,,101.68,30.0,0.0,0.0,3.17,20.0,93,hitl
217,2026-07-06 12:15,supplier_1,supplier,0,664.65,,,,,,,,,,,,,93,hitl
217,2026-07-06 12:15,farm_1,farm,0,,620.0,0.034,,,,,,,,,,,93,hitl
217,2026-07-06 12:15,slaughterhouse_1,slaughterhouse,0,,,,400.0,387.58,,,,,,,,,93,hitl
217,2026-07-06 12:15,wholesaler_1,wholesaler,1,,,,,,54.95,66.0,,,,,,,93,hitl
217,2026-07-06 12:15,retail_1,retail,0,,,,,,,,104.24,30.0,0.0,0.0,3.17,20.0,93,hitl
218,2026-07-06 12:30,supplier_1,supplier,0,663.55,,,,,,,,,,,,,93,hitl
218,2026-07-06 12:30,farm_1,farm,0,,620.0,0.034,,,,,,,,,,,93,hitl
218,2026-07-06 12:30,slaughterhouse_1,slaughterhouse,0,,,,400.0,399.32,,,,,,,,,93,hitl
218,2026-07-06 12:30,wholesaler_1,wholesaler,1,,,,,,52.12,66.0,,,,,,,93,hitl
218,2026-07-06 12:30,retail_1,retail,0,,,,,,,,103.44,30.0,0.0,0.0,3.17,20.0,93,hitl
219,2026-07-06 12:45,supplier_1,supplier,0,662.62,,,,,,,,,,,,,93,hitl
219,2026-07-06 12:45,farm_1,farm,0,,620.0,0.034,,,,,,,,,,,93,hitl
219,2026-07-06 12:45,slaughterhouse_1,slaughterhouse,0,,,,400.0,400.0,,,,,,,,,93,hitl
219,2026-07-06 12:45,wholesaler_1,wholesaler,1,,,,,,49.9,66.0,,,,,,,93,hitl
219,2026-07-06 12:45,retail_1,retail,0,,,,,,,,102.67,30.0,0.0,0.0,3.17,20.0,93,hitl
220,2026-07-06 13:00,supplier_1,supplier,0,661.26,,,,,,,,,,,,,93,hitl
220,2026-07-06 13:00,farm_1,farm,0,,620.0,0.034,,,,,,,,,,,93,hitl
220,2026-07-06 13:00,slaughterhouse_1,slaughterhouse,0,,,,400.0,400.0,,,,,,,,,93,hitl
220,2026-07-06 13:00,wholesaler_1,wholesaler,1,,,,,,44.51,66.0,,,,,,,93,hitl
220,2026-07-06 13:00,retail_1,retail,0,,,,,,,,101.91,30.0,0.0,0.0,3.17,20.0,93,hitl
221,2026-07-06 13:15,supplier_1,supplier,0,659.89,,,,,,,,,,,,,93,hitl
221,2026-07-06 13:15,farm_1,farm,0,,620.0,0.034,,,,,,,,,,,93,hitl
221,2026-07-06 13:15,slaughterhouse_1,slaughterhouse,0,,,,400.0,400.0,,,,,,,,,93,hitl
221,2026-07-06 13:15,wholesaler_1,wholesaler,1,,,,,,42.47,66.0,,,,,,,93,hitl
221,2026-07-06 13:15,retail_1,retail,0,,,,,,,,104.11,30.0,0.0,0.0,3.17,20.0,93,hitl
222,2026-07-06 13:30,supplier_1,supplier,0,659.32,,,,,,,,,,,,,93,hitl
222,2026-07-06 13:30,farm_1,farm,0,,620.0,0.034,,,,,,,,,,,93,hitl
222,2026-07-06 13:30,slaughterhouse_1,slaughterhouse,0,,,,400.0,400.0,,,,,,,,,93,hitl
222,2026-07-06 13:30,wholesaler_1,wholesaler,1,,,,,,40.02,66.0,,,,,,,93,hitl
222,2026-07-06 13:30,retail_1,retail,0,,,,,,,,103.25,30.0,0.0,0.0,3.17,20.0,93,hitl
223,2026-07-06 13:45,supplier_1,supplier,0,658.75,,,,,,,,,,,,,93,hitl
223,2026-07-06 13:45,farm_1,farm,0,,620.0,0.034,,,,,,,,,,,93,hitl
223,2026-07-06 13:45,slaughterhouse_1,slaughterhouse,0,,,,400.0,400.0,,,,,,,,,93,hitl
223,2026-07-06 13:45,wholesaler_1,wholesaler,1,,,,,,37.53,66.0,,,,,,,93,hitl
223,2026-07-06 13:45,retail_1,retail,0,,,,,,,,102.54,30.0,0.0,0.0,3.17,20.0,93,hitl
224,2026-07-06 14:00,supplier_1,supplier,0,657.43,,,,,,,,,,,,,93,hitl
224,2026-07-06 14:00,farm_1,farm,0,,620.0,0.034,,,,,,,,,,,93,hitl
224,2026-07-06 14:00,slaughterhouse_1,slaughterhouse,0,,,,400.0,376.0,,,,,,,,,93,hitl
224,2026-07-06 14:00,wholesaler_1,wholesaler,1,,,,,,31.83,66.0,,,,,,,93,hitl
224,2026-07-06 14:00,retail_1,retail,0,,,,,,,,101.72,30.0,0.0,0.0,3.17,20.0,93,hitl
225,2026-07-06 14:15,supplier_1,supplier,0,656.47,,,,,,,,,,,,,93,hitl
225,2026-07-06 14:15,farm_1,farm,0,,620.0,0.034,,,,,,,,,,,93,hitl
225,2026-07-06 14:15,slaughterhouse_1,slaughterhouse,0,,,,400.0,387.57,,,,,,,,,93,hitl
225,2026-07-06 14:15,wholesaler_1,wholesaler,1,,,,,,54.11,66.0,,,,,,,93,hitl
225,2026-07-06 14:15,retail_1,retail,0,,,,,,,,104.22,30.0,0.0,0.0,3.17,20.0,93,hitl
226,2026-07-06 14:30,supplier_1,supplier,0,655.93,,,,,,,,,,,,,93,hitl
226,2026-07-06 14:30,farm_1,farm,0,,620.0,0.034,,,,,,,,,,,93,hitl
226,2026-07-06 14:30,slaughterhouse_1,slaughterhouse,0,,,,400.0,398.81,,,,,,,,,93,hitl
226,2026-07-06 14:30,wholesaler_1,wholesaler,1,,,,,,52.16,66.0,,,,,,,93,hitl
226,2026-07-06 14:30,retail_1,retail,0,,,,,,,,103.5,30.0,0.0,0.0,3.17,20.0,93,hitl
227,2026-07-06 14:45,supplier_1,supplier,0,655.25,,,,,,,,,,,,,93,hitl
227,2026-07-06 14:45,farm_1,farm,0,,620.0,0.034,,,,,,,,,,,93,hitl
227,2026-07-06 14:45,slaughterhouse_1,slaughterhouse,0,,,,400.0,400.0,,,,,,,,,93,hitl
227,2026-07-06 14:45,wholesaler_1,wholesaler,1,,,,,,49.36,66.0,,,,,,,93,hitl
227,2026-07-06 14:45,retail_1,retail,0,,,,,,,,102.8,30.0,0.0,0.0,3.17,20.0,93,hitl
228,2026-07-06 15:00,supplier_1,supplier,0,654.58,,,,,,,,,,,,,93,hitl
228,2026-07-06 15:00,farm_1,farm,0,,620.0,0.034,,,,,,,,,,,93,hitl
228,2026-07-06 15:00,slaughterhouse_1,slaughterhouse,0,,,,400.0,400.0,,,,,,,,,93,hitl
228,2026-07-06 15:00,wholesaler_1,wholesaler,1,,,,,,43.58,66.0,,,,,,,93,hitl
228,2026-07-06 15:00,retail_1,retail,0,,,,,,,,101.95,30.0,0.0,0.0,3.17,20.0,93,hitl
229,2026-07-06 15:15,supplier_1,supplier,0,653.26,,,,,,,,,,,,,93,hitl
229,2026-07-06 15:15,farm_1,farm,0,,620.0,0.034,,,,,,,,,,,93,hitl
229,2026-07-06 15:15,slaughterhouse_1,slaughterhouse,0,,,,400.0,400.0,,,,,,,,,93,hitl
229,2026-07-06 15:15,wholesaler_1,wholesaler,1,,,,,,41.17,66.0,,,,,,,93,hitl
229,2026-07-06 15:15,retail_1,retail,0,,,,,,,,104.16,30.0,0.0,0.0,3.17,20.0,93,hitl
230,2026-07-06 15:30,supplier_1,supplier,0,652.37,,,,,,,,,,,,,93,hitl
230,2026-07-06 15:30,farm_1,farm,0,,620.0,0.034,,,,,,,,,,,93,hitl
230,2026-07-06 15:30,slaughterhouse_1,slaughterhouse,0,,,,400.0,400.0,,,,,,,,,93,hitl
230,2026-07-06 15:30,wholesaler_1,wholesaler,1,,,,,,39.02,66.0,,,,,,,93,hitl
230,2026-07-06 15:30,retail_1,retail,0,,,,,,,,103.42,30.0,0.0,0.0,3.17,20.0,93,hitl
231,2026-07-06 15:45,supplier_1,supplier,0,651.49,,,,,,,,,,,,,93,hitl
231,2026-07-06 15:45,farm_1,farm,0,,620.0,0.034,,,,,,,,,,,93,hitl
231,2026-07-06 15:45,slaughterhouse_1,slaughterhouse,0,,,,400.0,400.0,,,,,,,,,93,hitl
231,2026-07-06 15:45,wholesaler_1,wholesaler,1,,,,,,37.32,66.0,,,,,,,93,hitl
231,2026-07-06 15:45,retail_1,retail,0,,,,,,,,102.61,30.0,0.0,0.0,3.17,20.0,93,hitl
232,2026-07-06 16:00,supplier_1,supplier,0,650.49,,,,,,,,,,,,,93,hitl
232,2026-07-06 16:00,farm_1,farm,0,,620.0,0.034,,,,,,,,,,,93,hitl
232,2026-07-06 16:00,slaughterhouse_1,slaughterhouse,0,,,,400.0,376.0,,,,,,,,,93,hitl
232,2026-07-06 16:00,wholesaler_1,wholesaler,1,,,,,,31.63,66.0,,,,,,,93,hitl
232,2026-07-06 16:00,retail_1,retail,0,,,,,,,,101.89,30.0,0.0,0.0,3.17,20.0,93,hitl
233,2026-07-06 16:15,supplier_1,supplier,0,649.47,,,,,,,,,,,,,93,hitl
233,2026-07-06 16:15,farm_1,farm,0,,620.0,0.034,,,,,,,,,,,93,hitl
233,2026-07-06 16:15,slaughterhouse_1,slaughterhouse,0,,,,400.0,387.47,,,,,,,,,93,hitl
233,2026-07-06 16:15,wholesaler_1,wholesaler,1,,,,,,52.96,66.0,,,,,,,93,hitl
233,2026-07-06 16:15,retail_1,retail,0,,,,,,,,104.17,30.0,0.0,0.0,3.17,20.0,93,hitl
234,2026-07-06 16:30,supplier_1,supplier,0,647.99,,,,,,,,,,,,,93,hitl
234,2026-07-06 16:30,farm_1,farm,0,,620.0,0.034,,,,,,,,,,,93,hitl
234,2026-07-06 16:30,slaughterhouse_1,slaughterhouse,0,,,,400.0,398.98,,,,,,,,,93,hitl
234,2026-07-06 16:30,wholesaler_1,wholesaler,1,,,,,,50.79,66.0,,,,,,,93,hitl
234,2026-07-06 16:30,retail_1,retail,0,,,,,,,,103.44,30.0,0.0,0.0,3.17,20.0,93,hitl
235,2026-07-06 16:45,supplier_1,supplier,0,647.11,,,,,,,,,,,,,93,hitl
235,2026-07-06 16:45,farm_1,farm,0,,620.0,0.034,,,,,,,,,,,93,hitl
235,2026-07-06 16:45,slaughterhouse_1,slaughterhouse,0,,,,400.0,400.0,,,,,,,,,93,hitl
235,2026-07-06 16:45,wholesaler_1,wholesaler,1,,,,,,49.15,66.0,,,,,,,93,hitl
235,2026-07-06 16:45,retail_1,retail,0,,,,,,,,102.65,30.0,0.0,0.0,3.17,20.0,93,hitl
236,2026-07-06 17:00,supplier_1,supplier,0,645.73,,,,,,,,,,,,,93,hitl
236,2026-07-06 17:00,farm_1,farm,0,,620.0,0.034,,,,,,,,,,,93,hitl
236,2026-07-06 17:00,slaughterhouse_1,slaughterhouse,0,,,,400.0,400.0,,,,,,,,,93,hitl
236,2026-07-06 17:00,wholesaler_1,wholesaler,1,,,,,,43.51,66.0,,,,,,,93,hitl
236,2026-07-06 17:00,retail_1,retail,0,,,,,,,,101.93,30.0,0.0,0.0,3.17,20.0,93,hitl
237,2026-07-06 17:15,supplier_1,supplier,0,644.92,,,,,,,,,,,,,93,hitl
237,2026-07-06 17:15,farm_1,farm,0,,620.0,0.034,,,,,,,,,,,93,hitl
237,2026-07-06 17:15,slaughterhouse_1,slaughterhouse,0,,,,400.0,400.0,,,,,,,,,93,hitl
237,2026-07-06 17:15,wholesaler_1,wholesaler,1,,,,,,40.63,66.0,,,,,,,93,hitl
237,2026-07-06 17:15,retail_1,retail,0,,,,,,,,104.23,30.0,0.0,0.0,3.17,20.0,93,hitl
238,2026-07-06 17:30,supplier_1,supplier,0,644.34,,,,,,,,,,,,,93,hitl
238,2026-07-06 17:30,farm_1,farm,0,,620.0,0.034,,,,,,,,,,,93,hitl
238,2026-07-06 17:30,slaughterhouse_1,slaughterhouse,0,,,,400.0,400.0,,,,,,,,,93,hitl
238,2026-07-06 17:30,wholesaler_1,wholesaler,1,,,,,,38.07,66.0,,,,,,,93,hitl
238,2026-07-06 17:30,retail_1,retail,0,,,,,,,,103.45,30.0,0.0,0.0,3.17,20.0,93,hitl
239,2026-07-06 17:45,supplier_1,supplier,0,643.27,,,,,,,,,,,,,93,hitl
239,2026-07-06 17:45,farm_1,farm,0,,620.0,0.034,,,,,,,,,,,93,hitl
239,2026-07-06 17:45,slaughterhouse_1,slaughterhouse,0,,,,400.0,400.0,,,,,,,,,93,hitl
239,2026-07-06 17:45,wholesaler_1,wholesaler,1,,,,,,36.26,66.0,,,,,,,93,hitl
239,2026-07-06 17:45,retail_1,retail,0,,,,,,,,102.6,30.0,0.0,0.0,3.17,20.0,93,hitl
240,2026-07-06 18:00,supplier_1,supplier,0,641.89,,,,,,,,,,,,,93,hitl
240,2026-07-06 18:00,farm_1,farm,0,,620.0,0.034,,,,,,,,,,,93,hitl
240,2026-07-06 18:00,slaughterhouse_1,slaughterhouse,0,,,,400.0,376.0,,,,,,,,,93,hitl
240,2026-07-06 18:00,wholesaler_1,wholesaler,1,,,,,,30.41,66.0,,,,,,,93,hitl
240,2026-07-06 18:00,retail_1,retail,0,,,,,,,,101.76,30.0,0.0,0.0,3.17,20.0,93,hitl
241,2026-07-06 18:15,supplier_1,supplier,0,641.23,,,,,,,,,,,,,93,hitl
241,2026-07-06 18:15,farm_1,farm,0,,620.0,0.034,,,,,,,,,,,93,hitl
241,2026-07-06 18:15,slaughterhouse_1,slaughterhouse,0,,,,400.0,387.26,,,,,,,,,93,hitl
241,2026-07-06 18:15,wholesaler_1,wholesaler,1,,,,,,52.35,66.0,,,,,,,93,hitl
241,2026-07-06 18:15,retail_1,retail,0,,,,,,,,104.19,30.0,0.0,0.0,3.17,20.0,93,hitl
242,2026-07-06 18:30,supplier_1,supplier,0,639.74,,,,,,,,,,,,,93,hitl
242,2026-07-06 18:30,farm_1,farm,0,,620.0,0.034,,,,,,,,,,,93,hitl
242,2026-07-06 18:30,slaughterhouse_1,slaughterhouse,0,,,,400.0,399.26,,,,,,,,,93,hitl
242,2026-07-06 18:30,wholesaler_1,wholesaler,1,,,,,,49.49,66.0,,,,,,,93,hitl
242,2026-07-06 18:30,retail_1,retail,0,,,,,,,,103.35,30.0,0.0,0.0,3.17,20.0,93,hitl
243,2026-07-06 18:45,supplier_1,supplier,0,638.79,,,,,,,,,,,,,93,hitl
243,2026-07-06 18:45,farm_1,farm,0,,620.0,0.034,,,,,,,,,,,93,hitl
243,2026-07-06 18:45,slaughterhouse_1,slaughterhouse,0,,,,400.0,400.0,,,,,,,,,93,hitl
243,2026-07-06 18:45,wholesaler_1,wholesaler,1,,,,,,47.83,66.0,,,,,,,93,hitl
243,2026-07-06 18:45,retail_1,retail,0,,,,,,,,102.56,30.0,0.0,0.0,3.17,20.0,93,hitl
244,2026-07-06 19:00,supplier_1,supplier,0,638.06,,,,,,,,,,,,,93,hitl
244,2026-07-06 19:00,farm_1,farm,0,,620.0,0.034,,,,,,,,,,,93,hitl
244,2026-07-06 19:00,slaughterhouse_1,slaughterhouse,0,,,,400.0,400.0,,,,,,,,,93,hitl
244,2026-07-06 19:00,wholesaler_1,wholesaler,1,,,,,,41.74,66.0,,,,,,,93,hitl
244,2026-07-06 19:00,retail_1,retail,0,,,,,,,,101.8,30.0,0.0,0.0,3.17,20.0,93,hitl
245,2026-07-06 19:15,supplier_1,supplier,0,636.87,,,,,,,,,,,,,93,hitl
245,2026-07-06 19:15,farm_1,farm,0,,620.0,0.034,,,,,,,,,,,93,hitl
245,2026-07-06 19:15,slaughterhouse_1,slaughterhouse,0,,,,400.0,400.0,,,,,,,,,93,hitl
245,2026-07-06 19:15,wholesaler_1,wholesaler,1,,,,,,40.05,66.0,,,,,,,93,hitl
245,2026-07-06 19:15,retail_1,retail,0,,,,,,,,104.23,30.0,0.0,0.0,3.17,20.0,93,hitl
246,2026-07-06 19:30,supplier_1,supplier,0,636.08,,,,,,,,,,,,,93,hitl
246,2026-07-06 19:30,farm_1,farm,0,,620.0,0.034,,,,,,,,,,,93,hitl
246,2026-07-06 19:30,slaughterhouse_1,slaughterhouse,0,,,,400.0,400.0,,,,,,,,,93,hitl
246,2026-07-06 19:30,wholesaler_1,wholesaler,1,,,,,,37.29,66.0,,,,,,,93,hitl
246,2026-07-06 19:30,retail_1,retail,0,,,,,,,,103.53,30.0,0.0,0.0,3.17,20.0,93,hitl
247,2026-07-06 19:45,supplier_1,supplier,0,634.86,,,,,,,,,,,,,93,hitl
247,2026-07-06 19:45,farm_1,farm,0,,620.0,0.034,,,,,,,,,,,93,hitl
247,2026-07-06 19:45,slaughterhouse_1,slaughterhouse,0,,,,400.0,400.0,,,,,,,,,93,hitl
247,2026-07-06 19:45,wholesaler_1,wholesaler,1,,,,,,35.36,66.0,,,,,,,93,hitl
247,2026-07-06 19:45,retail_1,retail,0,,,,,,,,102.71,30.0,0.0,0.0,3.17,20.0,93,hitl
248,2026-07-06 20:00,supplier_1,supplier,0,634.21,,,,,,,,,,,,,93,hitl
248,2026-07-06 20:00,farm_1,farm,0,,620.0,0.034,,,,,,,,,,,93,hitl
248,2026-07-06 20:00,slaughterhouse_1,slaughterhouse,0,,,,400.0,376.0,,,,,,,,,93,hitl
248,2026-07-06 20:00,wholesaler_1,wholesaler,1,,,,,,30.12,66.0,,,,,,,93,hitl
248,2026-07-06 20:00,retail_1,retail,0,,,,,,,,101.96,30.0,0.0,0.0,3.17,20.0,93,hitl
249,2026-07-06 20:15,supplier_1,supplier,0,633.29,,,,,,,,,,,,,93,hitl
249,2026-07-06 20:15,farm_1,farm,0,,620.0,0.034,,,,,,,,,,,93,hitl
249,2026-07-06 20:15,slaughterhouse_1,slaughterhouse,0,,,,400.0,387.38,,,,,,,,,93,hitl
249,2026-07-06 20:15,wholesaler_1,wholesaler,1,,,,,,52.12,66.0,,,,,,,93,hitl
249,2026-07-06 20:15,retail_1,retail,0,,,,,,,,104.2,30.0,0.0,0.0,3.17,20.0,93,hitl
250,2026-07-06 20:30,supplier_1,supplier,0,631.91,,,,,,,,,,,,,93,hitl
250,2026-07-06 20:30,farm_1,farm,0,,620.0,0.034,,,,,,,,,,,93,hitl
250,2026-07-06 20:30,slaughterhouse_1,slaughterhouse,0,,,,400.0,399.17,,,,,,,,,93,hitl
250,2026-07-06 20:30,wholesaler_1,wholesaler,1,,,,,,49.43,66.0,,,,,,,93,hitl
250,2026-07-06 20:30,retail_1,retail,0,,,,,,,,103.32,30.0,0.0,0.0,3.17,20.0,93,hitl
251,2026-07-06 20:45,supplier_1,supplier,0,630.53,,,,,,,,,,,,,93,hitl
251,2026-07-06 20:45,farm_1,farm,0,,620.0,0.034,,,,,,,,,,,93,hitl
251,2026-07-06 20:45,slaughterhouse_1,slaughterhouse,0,,,,400.0,400.0,,,,,,,,,93,hitl
251,2026-07-06 20:45,wholesaler_1,wholesaler,1,,,,,,47.16,66.0,,,,,,,93,hitl
251,2026-07-06 20:45,retail_1,retail,0,,,,,,,,102.62,30.0,0.0,0.0,3.17,20.0,93,hitl
252,2026-07-06 21:00,supplier_1,supplier,0,629.08,,,,,,,,,,,,,93,hitl
252,2026-07-06 21:00,farm_1,farm,1,,620.0,0.034,,,,,,,,,,,93,hitl
252,2026-07-06 21:00,slaughterhouse_1,slaughterhouse,0,,,,356.0,400.0,,,,,,,,,93,hitl
252,2026-07-06 21:00,wholesaler_1,wholesaler,1,,,,,,41.64,66.0,,,,,,,93,hitl
252,2026-07-06 21:00,retail_1,retail,0,,,,,,,,101.87,30.0,0.0,0.0,3.17,40.0,93,hitl
253,2026-07-06 21:15,supplier_1,supplier,0,627.8,,,,,,,,,,,,,93,hitl
253,2026-07-06 21:15,farm_1,farm,1,,620.0,0.034,,,,,,,,,,,93,hitl
253,2026-07-06 21:15,slaughterhouse_1,slaughterhouse,0,,,,356.0,400.0,,,,,,,,,93,hitl
253,2026-07-06 21:15,wholesaler_1,wholesaler,1,,,,,,39.23,66.0,,,,,,,93,hitl
253,2026-07-06 21:15,retail_1,retail,0,,,,,,,,104.15,30.0,0.0,0.0,3.17,40.0,93,hitl
254,2026-07-06 21:30,supplier_1,supplier,0,627.28,,,,,,,,,,,,,93,hitl
254,2026-07-06 21:30,farm_1,farm,1,,620.0,0.034,,,,,,,,,,,93,hitl
254,2026-07-06 21:30,slaughterhouse_1,slaughterhouse,0,,,,356.0,400.0,,,,,,,,,93,hitl
254,2026-07-06 21:30,wholesaler_1,wholesaler,1,,,,,,37.35,66.0,,,,,,,93,hitl
254,2026-07-06 21:30,retail_1,retail,0,,,,,,,,103.38,30.0,0.0,0.0,3.17,40.0,93,hitl
255,2026-07-06 21:45,supplier_1,supplier,0,625.85,,,,,,,,,,,,,93,hitl
255,2026-07-06 21:45,farm_1,farm,1,,620.0,0.034,,,,,,,,,,,93,hitl
255,2026-07-06 21:45,slaughterhouse_1,slaughterhouse,0,,,,356.0,400.0,,,,,,,,,93,hitl
255,2026-07-06 21:45,wholesaler_1,wholesaler,1,,,,,,34.48,66.0,,,,,,,93,hitl
255,2026-07-06 21:45,retail_1,retail,0,,,,,,,,102.49,30.0,0.0,0.0,3.17,40.0,93,hitl
256,2026-07-06 22:00,supplier_1,supplier,0,625.0,,,,,,,,,,,,,93,hitl
256,2026-07-06 22:00,farm_1,farm,1,,620.0,0.034,,,,,,,,,,,93,hitl
256,2026-07-06 22:00,slaughterhouse_1,slaughterhouse,0,,,,356.0,376.0,,,,,,,,,93,hitl
256,2026-07-06 22:00,wholesaler_1,wholesaler,1,,,,,,28.79,66.0,,,,,,,93,hitl
256,2026-07-06 22:00,retail_1,retail,0,,,,,,,,101.77,30.0,0.0,0.0,3.17,40.0,93,hitl
257,2026-07-06 22:15,supplier_1,supplier,0,623.51,,,,,,,,,,,,,93,hitl
257,2026-07-06 22:15,farm_1,farm,1,,620.0,0.034,,,,,,,,,,,93,hitl
257,2026-07-06 22:15,slaughterhouse_1,slaughterhouse,0,,,,356.0,386.33,,,,,,,,,93,hitl
257,2026-07-06 22:15,wholesaler_1,wholesaler,1,,,,,,50.11,66.0,,,,,,,93,hitl
257,2026-07-06 22:15,retail_1,retail,0,,,,,,,,104.14,30.0,0.0,0.0,3.17,40.0,93,hitl
258,2026-07-06 22:30,supplier_1,supplier,0,622.31,,,,,,,,,,,,,93,hitl
258,2026-07-06 22:30,farm_1,farm,1,,620.0,0.034,,,,,,,,,,,93,hitl
258,2026-07-06 22:30,slaughterhouse_1,slaughterhouse,0,,,,356.0,395.76,,,,,,,,,93,hitl
258,2026-07-06 22:30,wholesaler_1,wholesaler,1,,,,,,47.75,66.0,,,,,,,93,hitl
258,2026-07-06 22:30,retail_1,retail,0,,,,,,,,103.27,30.0,0.0,0.0,3.17,40.0,93,hitl
259,2026-07-06 22:45,supplier_1,supplier,0,621.36,,,,,,,,,,,,,93,hitl
259,2026-07-06 22:45,farm_1,farm,1,,620.0,0.034,,,,,,,,,,,93,hitl
259,2026-07-06 22:45,slaughterhouse_1,slaughterhouse,0,,,,356.0,400.0,,,,,,,,,93,hitl
259,2026-07-06 22:45,wholesaler_1,wholesaler,1,,,,,,45.84,66.0,,,,,,,93,hitl
259,2026-07-06 22:45,retail_1,retail,0,,,,,,,,102.51,30.0,0.0,0.0,3.17,40.0,93,hitl
260,2026-07-06 23:00,supplier_1,supplier,0,620.03,,,,,,,,,,,,,93,hitl
260,2026-07-06 23:00,farm_1,farm,1,,620.0,0.034,,,,,,,,,,,93,hitl
260,2026-07-06 23:00,slaughterhouse_1,slaughterhouse,0,,,,356.0,400.0,,,,,,,,,93,hitl
260,2026-07-06 23:00,wholesaler_1,wholesaler,1,,,,,,41.01,66.0,,,,,,,93,hitl
260,2026-07-06 23:00,retail_1,retail,0,,,,,,,,101.68,30.0,0.0,0.0,3.17,40.0,93,hitl
261,2026-07-06 23:15,supplier_1,supplier,0,618.72,,,,,,,,,,,,,93,hitl
261,2026-07-06 23:15,farm_1,farm,1,,620.0,0.034,,,,,,,,,,,93,hitl
261,2026-07-06 23:15,slaughterhouse_1,slaughterhouse,0,,,,356.0,400.0,,,,,,,,,93,hitl
261,2026-07-06 23:15,wholesaler_1,wholesaler,1,,,,,,38.83,66.0,,,,,,,93,hitl
261,2026-07-06 23:15,retail_1,retail,0,,,,,,,,104.22,30.0,0.0,0.0,3.17,40.0,93,hitl
262,2026-07-06 23:30,supplier_1,supplier,0,617.39,,,,,,,,,,,,,93,hitl
262,2026-07-06 23:30,farm_1,farm,1,,620.0,0.034,,,,,,,,,,,93,hitl
262,2026-07-06 23:30,slaughterhouse_1,slaughterhouse,0,,,,356.0,400.0,,,,,,,,,93,hitl
262,2026-07-06 23:30,wholesaler_1,wholesaler,1,,,,,,36.73,66.0,,,,,,,93,hitl
262,2026-07-06 23:30,retail_1,retail,0,,,,,,,,103.37,30.0,0.0,0.0,3.17,40.0,93,hitl
263,2026-07-06 23:45,supplier_1,supplier,0,616.73,,,,,,,,,,,,,93,hitl
263,2026-07-06 23:45,farm_1,farm,1,,620.0,0.034,,,,,,,,,,,93,hitl
263,2026-07-06 23:45,slaughterhouse_1,slaughterhouse,0,,,,356.0,400.0,,,,,,,,,93,hitl
263,2026-07-06 23:45,wholesaler_1,wholesaler,1,,,,,,33.78,66.0,,,,,,,93,hitl
263,2026-07-06 23:45,retail_1,retail,0,,,,,,,,102.53,30.0,0.0,0.0,3.17,40.0,93,hitl
264,2026-07-07 00:00,supplier_1,supplier,0,615.98,,,,,,,,,,,,,93,hitl
264,2026-07-07 00:00,farm_1,farm,1,,620.0,0.034,,,,,,,,,,,93,hitl
264,2026-07-07 00:00,slaughterhouse_1,slaughterhouse,0,,,,356.0,376.0,,,,,,,,,93,hitl
264,2026-07-07 00:00,wholesaler_1,wholesaler,1,,,,,,28.11,66.0,,,,,,,93,hitl
264,2026-07-07 00:00,retail_1,retail,0,,,,,,,,101.71,30.0,0.0,0.0,3.17,40.0,93,hitl
265,2026-07-07 00:15,supplier_1,supplier,0,614.78,,,,,,,,,,,,,93,hitl
265,2026-07-07 00:15,farm_1,farm,1,,620.0,0.034,,,,,,,,,,,93,hitl
265,2026-07-07 00:15,slaughterhouse_1,slaughterhouse,0,,,,356.0,386.57,,,,,,,,,93,hitl
265,2026-07-07 00:15,wholesaler_1,wholesaler,1,,,,,,49.17,66.0,,,,,,,93,hitl
265,2026-07-07 00:15,retail_1,retail,0,,,,,,,,104.14,30.0,0.0,0.0,3.17,40.0,93,hitl
266,2026-07-07 00:30,supplier_1,supplier,0,613.31,,,,,,,,,,,,,93,hitl
266,2026-07-07 00:30,farm_1,farm,1,,620.0,0.034,,,,,,,,,,,93,hitl
266,2026-07-07 00:30,slaughterhouse_1,slaughterhouse,0,,,,356.0,396.09,,,,,,,,,93,hitl
266,2026-07-07 00:30,wholesaler_1,wholesaler,1,,,,,,47.58,66.0,,,,,,,93,hitl
266,2026-07-07 00:30,retail_1,retail,0,,,,,,,,103.37,30.0,0.0,0.0,3.17,40.0,93,hitl
267,2026-07-07 00:45,supplier_1,supplier,0,612.75,,,,,,,,,,,,,93,hitl
267,2026-07-07 00:45,farm_1,farm,1,,620.0,0.034,,,,,,,,,,,93,hitl
267,2026-07-07 00:45,slaughterhouse_1,slaughterhouse,0,,,,356.0,400.0,,,,,,,,,93,hitl
267,2026-07-07 00:45,wholesaler_1,wholesaler,1,,,,,,44.92,66.0,,,,,,,93,hitl
267,2026-07-07 00:45,retail_1,retail,0,,,,,,,,102.53,30.0,0.0,0.0,3.17,40.0,93,hitl
268,2026-07-07 01:00,supplier_1,supplier,0,611.26,,,,,,,,,,,,,93,hitl
268,2026-07-07 01:00,farm_1,farm,1,,620.0,0.034,,,,,,,,,,,93,hitl
268,2026-07-07 01:00,slaughterhouse_1,slaughterhouse,0,,,,356.0,400.0,,,,,,,,,93,hitl
268,2026-07-07 01:00,wholesaler_1,wholesaler,1,,,,,,40.08,66.0,,,,,,,93,hitl
268,2026-07-07 01:00,retail_1,retail,0,,,,,,,,101.68,30.0,0.0,0.0,3.17,40.0,93,hitl
269,2026-07-07 01:15,supplier_1,supplier,0,609.97,,,,,,,,,,,,,93,hitl
269,2026-07-07 01:15,farm_1,farm,1,,620.0,0.034,,,,,,,,,,,93,hitl
269,2026-07-07 01:15,slaughterhouse_1,slaughterhouse,0,,,,356.0,400.0,,,,,,,,,93,hitl
269,2026-07-07 01:15,wholesaler_1,wholesaler,1,,,,,,38.1,66.0,,,,,,,93,hitl
269,2026-07-07 01:15,retail_1,retail,0,,,,,,,,104.15,30.0,0.0,0.0,3.17,40.0,93,hitl
270,2026-07-07 01:30,supplier_1,supplier,0,609.26,,,,,,,,,,,,,93,hitl
270,2026-07-07 01:30,farm_1,farm,1,,620.0,0.034,,,,,,,,,,,93,hitl
270,2026-07-07 01:30,slaughterhouse_1,slaughterhouse,0,,,,356.0,400.0,,,,,,,,,93,hitl
270,2026-07-07 01:30,wholesaler_1,wholesaler,1,,,,,,36.07,66.0,,,,,,,93,hitl
270,2026-07-07 01:30,retail_1,retail,0,,,,,,,,103.36,30.0,0.0,0.0,3.17,40.0,93,hitl
271,2026-07-07 01:45,supplier_1,supplier,0,608.63,,,,,,,,,,,,,93,hitl
271,2026-07-07 01:45,farm_1,farm,1,,620.0,0.034,,,,,,,,,,,93,hitl
271,2026-07-07 01:45,slaughterhouse_1,slaughterhouse,0,,,,356.0,400.0,,,,,,,,,93,hitl
271,2026-07-07 01:45,wholesaler_1,wholesaler,1,,,,,,33.5,66.0,,,,,,,93,hitl
271,2026-07-07 01:45,retail_1,retail,0,,,,,,,,102.51,30.0,0.0,0.0,3.17,40.0,93,hitl
272,2026-07-07 02:00,supplier_1,supplier,0,608.02,,,,,,,,,,,,,93,hitl
272,2026-07-07 02:00,farm_1,farm,1,,620.0,0.034,,,,,,,,,,,93,hitl
272,2026-07-07 02:00,slaughterhouse_1,slaughterhouse,0,,,,356.0,376.0,,,,,,,,,93,hitl
272,2026-07-07 02:00,wholesaler_1,wholesaler,1,,,,,,27.44,66.0,,,,,,,93,hitl
272,2026-07-07 02:00,retail_1,retail,0,,,,,,,,101.72,30.0,0.0,0.0,3.17,40.0,93,hitl
273,2026-07-07 02:15,supplier_1,supplier,0,607.0,,,,,,,,,,,,,93,hitl
273,2026-07-07 02:15,farm_1,farm,1,,620.0,0.034,,,,,,,,,,,93,hitl
273,2026-07-07 02:15,slaughterhouse_1,slaughterhouse,0,,,,356.0,385.4,,,,,,,,,93,hitl
273,2026-07-07 02:15,wholesaler_1,wholesaler,0,,,,,,184.21,16.0,,,,,,,93,hitl
273,2026-07-07 02:15,retail_1,retail,0,,,,,,,,104.2,30.0,0.0,0.0,3.17,40.0,93,hitl
274,2026-07-07 02:30,supplier_1,supplier,0,605.92,,,,,,,,,,,,,93,hitl
274,2026-07-07 02:30,farm_1,farm,1,,620.0,0.034,,,,,,,,,,,93,hitl
274,2026-07-07 02:30,slaughterhouse_1,slaughterhouse,0,,,,356.0,394.67,,,,,,,,,93,hitl
274,2026-07-07 02:30,wholesaler_1,wholesaler,0,,,,,,181.52,16.0,,,,,,,93,hitl
274,2026-07-07 02:30,retail_1,retail,0,,,,,,,,103.37,30.0,0.0,0.0,3.17,40.0,93,hitl
275,2026-07-07 02:45,supplier_1,supplier,0,605.06,,,,,,,,,,,,,93,hitl
275,2026-07-07 02:45,farm_1,farm,1,,620.0,0.034,,,,,,,,,,,93,hitl
275,2026-07-07 02:45,slaughterhouse_1,slaughterhouse,0,,,,356.0,400.0,,,,,,,,,93,hitl
275,2026-07-07 02:45,wholesaler_1,wholesaler,0,,,,,,179.92,16.0,,,,,,,93,hitl
275,2026-07-07 02:45,retail_1,retail,0,,,,,,,,102.53,30.0,0.0,0.0,3.17,40.0,93,hitl
276,2026-07-07 03:00,supplier_1,supplier,0,603.74,,,,,,,,,,,,,93,hitl
276,2026-07-07 03:00,farm_1,farm,1,,620.0,0.034,,,,,,,,,,,93,hitl
276,2026-07-07 03:00,slaughterhouse_1,slaughterhouse,0,,,,356.0,400.0,,,,,,,,,93,hitl
276,2026-07-07 03:00,wholesaler_1,wholesaler,0,,,,,,174.53,16.0,,,,,,,93,hitl
276,2026-07-07 03:00,retail_1,retail,0,,,,,,,,101.7,30.0,0.0,0.0,3.17,40.0,93,hitl
277,2026-07-07 03:15,supplier_1,supplier,0,602.67,,,,,,,,,,,,,93,hitl
277,2026-07-07 03:15,farm_1,farm,1,,620.0,0.034,,,,,,,,,,,93,hitl
277,2026-07-07 03:15,slaughterhouse_1,slaughterhouse,0,,,,356.0,400.0,,,,,,,,,93,hitl
277,2026-07-07 03:15,wholesaler_1,wholesaler,0,,,,,,172.89,16.0,,,,,,,93,hitl
277,2026-07-07 03:15,retail_1,retail,0,,,,,,,,104.17,30.0,0.0,0.0,3.17,40.0,93,hitl
278,2026-07-07 03:30,supplier_1,supplier,0,601.33,,,,,,,,,,,,,93,hitl
278,2026-07-07 03:30,farm_1,farm,1,,620.0,0.034,,,,,,,,,,,93,hitl
278,2026-07-07 03:30,slaughterhouse_1,slaughterhouse,0,,,,356.0,400.0,,,,,,,,,93,hitl
278,2026-07-07 03:30,wholesaler_1,wholesaler,0,,,,,,171.23,16.0,,,,,,,93,hitl
278,2026-07-07 03:30,retail_1,retail,0,,,,,,,,103.47,30.0,0.0,0.0,3.17,40.0,93,hitl
279,2026-07-07 03:45,supplier_1,supplier,0,600.82,,,,,,,,,,,,,93,hitl
279,2026-07-07 03:45,farm_1,farm,1,,620.0,0.034,,,,,,,,,,,93,hitl
279,2026-07-07 03:45,slaughterhouse_1,slaughterhouse,0,,,,356.0,400.0,,,,,,,,,93,hitl
279,2026-07-07 03:45,wholesaler_1,wholesaler,0,,,,,,168.84,16.0,,,,,,,93,hitl
279,2026-07-07 03:45,retail_1,retail,0,,,,,,,,102.63,30.0,0.0,0.0,3.17,40.0,93,hitl
280,2026-07-07 04:00,supplier_1,supplier,0,599.65,,,,,,,,,,,,,93,hitl
280,2026-07-07 04:00,farm_1,farm,1,,620.0,0.034,,,,,,,,,,,93,hitl
280,2026-07-07 04:00,slaughterhouse_1,slaughterhouse,0,,,,356.0,376.0,,,,,,,,,93,hitl
280,2026-07-07 04:00,wholesaler_1,wholesaler,0,,,,,,163.08,16.0,,,,,,,93,hitl
280,2026-07-07 04:00,retail_1,retail,0,,,,,,,,101.83,30.0,0.0,0.0,3.17,40.0,93,hitl
281,2026-07-07 04:15,supplier_1,supplier,0,598.61,,,,,,,,,,,,,93,hitl
281,2026-07-07 04:15,farm_1,farm,1,,620.0,0.034,,,,,,,,,,,93,hitl
281,2026-07-07 04:15,slaughterhouse_1,slaughterhouse,0,,,,356.0,386.14,,,,,,,,,93,hitl
281,2026-07-07 04:15,wholesaler_1,wholesaler,0,,,,,,184.89,16.0,,,,,,,93,hitl
281,2026-07-07 04:15,retail_1,retail,0,,,,,,,,104.2,30.0,0.0,0.0,3.17,40.0,93,hitl
282,2026-07-07 04:30,supplier_1,supplier,0,597.13,,,,,,,,,,,,,93,hitl
282,2026-07-07 04:30,farm_1,farm,1,,620.0,0.034,,,,,,,,,,,93,hitl
282,2026-07-07 04:30,slaughterhouse_1,slaughterhouse,0,,,,356.0,396.03,,,,,,,,,93,hitl
282,2026-07-07 04:30,wholesaler_1,wholesaler,0,,,,,,183.05,16.0,,,,,,,93,hitl
282,2026-07-07 04:30,retail_1,retail,0,,,,,,,,103.34,30.0,0.0,0.0,3.17,40.0,93,hitl
283,2026-07-07 04:45,supplier_1,supplier,0,595.95,,,,,,,,,,,,,93,hitl
283,2026-07-07 04:45,farm_1,farm,1,,620.0,0.034,,,,,,,,,,,93,hitl
283,2026-07-07 04:45,slaughterhouse_1,slaughterhouse,0,,,,356.0,400.0,,,,,,,,,93,hitl
283,2026-07-07 04:45,wholesaler_1,wholesaler,0,,,,,,180.65,16.0,,,,,,,93,hitl
283,2026-07-07 04:45,retail_1,retail,0,,,,,,,,102.54,30.0,0.0,0.0,3.17,40.0,93,hitl
284,2026-07-07 05:00,supplier_1,supplier,0,594.79,,,,,,,,,,,,,93,hitl
284,2026-07-07 05:00,farm_1,farm,1,,620.0,0.034,,,,,,,,,,,93,hitl
284,2026-07-07 05:00,slaughterhouse_1,slaughterhouse,0,,,,356.0,400.0,,,,,,,,,93,hitl
284,2026-07-07 05:00,wholesaler_1,wholesaler,0,,,,,,174.56,16.0,,,,,,,93,hitl
284,2026-07-07 05:00,retail_1,retail,0,,,,,,,,101.8,30.0,0.0,0.0,3.17,40.0,93,hitl
285,2026-07-07 05:15,supplier_1,supplier,0,593.38,,,,,,,,,,,,,93,hitl
285,2026-07-07 05:15,farm_1,farm,1,,620.0,0.034,,,,,,,,,,,93,hitl
285,2026-07-07 05:15,slaughterhouse_1,slaughterhouse,0,,,,356.0,400.0,,,,,,,,,93,hitl
285,2026-07-07 05:15,wholesaler_1,wholesaler,0,,,,,,172.79,16.0,,,,,,,93,hitl
285,2026-07-07 05:15,retail_1,retail,0,,,,,,,,104.21,30.0,0.0,0.0,3.17,40.0,93,hitl
286,2026-07-07 05:30,supplier_1,supplier,0,592.08,,,,,,,,,,,,,93,hitl
286,2026-07-07 05:30,farm_1,farm,1,,620.0,0.034,,,,,,,,,,,93,hitl
286,2026-07-07 05:30,slaughterhouse_1,slaughterhouse,0,,,,356.0,400.0,,,,,,,,,93,hitl
286,2026-07-07 05:30,wholesaler_1,wholesaler,0,,,,,,170.21,16.0,,,,,,,93,hitl
286,2026-07-07 05:30,retail_1,retail,0,,,,,,,,103.48,30.0,0.0,0.0,3.17,40.0,93,hitl
287,2026-07-07 05:45,supplier_1,supplier,0,591.45,,,,,,,,,,,,,93,hitl
287,2026-07-07 05:45,farm_1,farm,1,,620.0,0.034,,,,,,,,,,,93,hitl
287,2026-07-07 05:45,slaughterhouse_1,slaughterhouse,0,,,,356.0,400.0,,,,,,,,,93,hitl
287,2026-07-07 05:45,wholesaler_1,wholesaler,0,,,,,,168.19,16.0,,,,,,,93,hitl
287,2026-07-07 05:45,retail_1,retail,0,,,,,,,,102.64,30.0,0.0,0.0,3.17,40.0,93,hitl
