tick,timestamp,node_id,node_type,disrupted,available_supply,production_capacity,mortality_rate,processing_capacity,output_stock,inventory_level,pending_shipments,retail_inventory,safety_stock,stockout_flag,shortage_duration,sales_rate,reorder_request,scenario_id,mode
0,2026-07-12 06:00,supplier_1,supplier,0,913.42,,,,,,,,,,,,,97,hitl
0,2026-07-12 06:00,farm_1,farm,0,,761.0,0.023,,,,,,,,,,,97,hitl
0,2026-07-12 06:00,slaughterhouse_1,slaughterhouse,0,,,,500.0,302.01,,,,,,,,,97,hitl
0,2026-07-12 06:00,wholesaler_1,wholesaler,0,,,,,,156.26,8.3,,,,,,,97,hitl
0,2026-07-12 06:00,retail_1,retail,0,,,,,,,,88.81,30.0,0.0,0.0,14.48,0.0,97,hitl
1,2026-07-12 06:15,supplier_1,supplier,0,912.07,,,,,,,,,,,,,97,hitl
1,2026-07-12 06:15,farm_1,farm,0,,761.0,0.023,,,,,,,,,,,97,hitl
1,2026-07-12 06:15,slaughterhouse_1,slaughterhouse,0,,,,500.0,316.37,,,,,,,,,97,hitl
1,2026-07-12 06:15,wholesaler_1,wholesaler,0,,,,,,177.69,8.3,,,,,,,97,hitl
1,2026-07-12 06:15,retail_1,retail,0,,,,,,,,92.96,30.0,0.0,0.0,14.48,0.0,97,hitl
2,2026-07-12 06:30,supplier_1,supplier,0,910.92,,,,,,,,,,,,,97,hitl
2,2026-07-12 06:30,farm_1,farm,0,,761.0,0.023,,,,,,,,,,,97,hitl
2,2026-07-12 06:30,slaughterhouse_1,slaughterhouse,0,,,,500.0,329.82,,,,,,,,,97,hitl
2,2026-07-12 06:30,wholesaler_1,wholesaler,0,,,,,,174.96,8.3,,,,,,,97,hitl
2,2026-07-12 06:30,retail_1,retail,0,,,,,,,,89.66,30.0,0.0,0.0,14.48,0.0,97,hitl
3,2026-07-12 06:45,supplier_1,supplier,0,910.25,,,,,,,,,,,,,97,hitl
3,2026-07-12 06:45,farm_1,farm,0,,761.0,0.023,,,,,,,,,,,97,hitl
3,2026-07-12 06:45,slaughterhouse_1,slaughterhouse,0,,,,500.0,342.58,,,,,,,,,97,hitl
3,2026-07-12 06:45,wholesaler_1,wholesaler,0,,,,,,173.32,8.3,,,,,,,97,hitl
3,2026-07-12 06:45,retail_1,retail,0,,,,,,,,86.39,30.0,0.0,0.0,14.48,0.0,97,hitl
4,2026-07-12 07:00,supplier_1,supplier,0,909.02,,,,,,,,,,,,,97,hitl
4,2026-07-12 07:00,farm_1,farm,0,,761.0,0.023,,,,,,,,,,,97,hitl
4,2026-07-12 07:00,slaughterhouse_1,slaughterhouse,0,,,,500.0,356.9,,,,,,,,,97,hitl
4,2026-07-12 07:00,wholesaler_1,wholesaler,0,,,,,,162.42,8.3,,,,,,,97,hitl
4,2026-07-12 07:00,retail_1,retail,0,,,,,,,,83.02,30.0,0.0,0.0,14.48,0.0,97,hitl
5,2026-07-12 07:15,supplier_1,supplier,0,908.05,,,,,,,,,,,,,97,hitl
5,2026-07-12 07:15,farm_1,farm,0,,761.0,0.023,,,,,,,,,,,97,hitl
5,2026-07-12 07:15,slaughterhouse_1,slaughterhouse,0,,,,500.0,370.32,,,,,,,,,97,hitl
5,2026-07-12 07:15,wholesaler_1,wholesaler,0,,,,,,160.72,8.3,,,,,,,97,hitl
5,2026-07-12 07:15,retail_1,retail,0,,,,,,,,87.01,30.0,0.0,0.0,14.48,0.0,97,hitl
6,2026-07-12 07:30,supplier_1,supplier,0,907.12,,,,,,,,,,,,,97,hitl
6,2026-07-12 07:30,farm_1,farm,0,,761.0,0.023,,,,,,,,,,,97,hitl
6,2026-07-12 07:30,slaughterhouse_1,slaughterhouse,0,,,,500.0,383.88,,,,,,,,,97,hitl
6,2026-07-12 07:30,wholesaler_1,wholesaler,0,,,,,,158.47,8.3,,,,,,,97,hitl
6,2026-07-12 07:30,retail_1,retail,0,,,,,,,,83.67,30.0,0.0,0.0,14.48,0.0,97,hitl
7,2026-07-12 07:45,supplier_1,supplier,0,906.46,,,,,,,,,,,,,97,hitl
7,2026-07-12 07:45,farm_1,farm,0,,761.0,0.023,,,,,,,,,,,97,hitl
7,2026-07-12 07:45,slaughterhouse_1,slaughterhouse,0,,,,500.0,398.77,,,,,,,,,97,hitl
7,2026-07-12 07:45,wholesaler_1,wholesaler,0,,,,,,156.57,8.3,,,,,,,97,hitl
7,2026-07-12 07:45,retail_1,retail,0,,,,,,,,79.72,30.0,0.0,0.0,14.48,0.0,97,hitl
8,2026-07-12 08:00,supplier_1,supplier,0,905.3,,,,,,,,,,,,,97,hitl
8,2026-07-12 08:00,farm_1,farm,0,,761.0,0.023,,,,,,,,,,,97,hitl
8,2026-07-12 08:00,slaughterhouse_1,slaughterhouse,0,,,,500.0,376.0,,,,,,,,,97,hitl
8,2026-07-12 08:00,wholesaler_1,wholesaler,0,,,,,,146.28,8.3,,,,,,,97,hitl
8,2026-07-12 08:00,retail_1,retail,0,,,,,,,,76.33,30.0,0.0,0.0,14.48,0.0,97,hitl
9,2026-07-12 08:15,supplier_1,supplier,0,904.3,,,,,,,,,,,,,97,hitl
9,2026-07-12 08:15,farm_1,farm,0,,761.0,0.023,,,,,,,,,,,97,hitl
9,2026-07-12 08:15,slaughterhouse_1,slaughterhouse,0,,,,500.0,390.67,,,,,,,,,97,hitl
9,2026-07-12 08:15,wholesaler_1,wholesaler,0,,,,,,168.53,8.3,,,,,,,97,hitl
9,2026-07-12 08:15,retail_1,retail,0,,,,,,,,80.62,30.0,0.0,0.0,14.48,0.0,97,hitl
10,2026-07-12 08:30,supplier_1,supplier,0,903.42,,,,,,,,,,,,,97,hitl
10,2026-07-12 08:30,farm_1,farm,0,,761.0,0.023,,,,,,,,,,,97,hitl
10,2026-07-12 08:30,slaughterhouse_1,slaughterhouse,0,,,,500.0,400.0,,,,,,,,,97,hitl
10,2026-07-12 08:30,wholesaler_1,wholesaler,0,,,,,,166.09,8.3,,,,,,,97,hitl
10,2026-07-12 08:30,retail_1,retail,0,,,,,,,,77.07,30.0,0.0,0.0,14.48,0.0,97,hitl
11,2026-07-12 08:45,supplier_1,supplier,0,902.36,,,,,,,,,,,,,97,hitl
11,2026-07-12 08:45,farm_1,farm,0,,761.0,0.023,,,,,,,,,,,97,hitl
11,2026-07-12 08:45,slaughterhouse_1,slaughterhouse,0,,,,500.0,400.0,,,,,,,,,97,hitl
11,2026-07-12 08:45,wholesaler_1,wholesaler,0,,,,,,164.27,8.3,,,,,,,97,hitl
11,2026-07-12 08:45,retail_1,retail,0,,,,,,,,73.04,30.0,0.0,0.0,14.48,0.0,97,hitl
12,2026-07-12 09:00,supplier_1,supplier,0,901.32,,,,,,,,,,,,,97,hitl
12,2026-07-12 09:00,farm_1,farm,0,,761.0,0.023,,,,,,,,,,,97,hitl
12,2026-07-12 09:00,slaughterhouse_1,slaughterhouse,0,,,,500.0,400.0,,,,,,,,,97,hitl
12,2026-07-12 09:00,wholesaler_1,wholesaler,0,,,,,,154.23,8.3,,,,,,,97,hitl
12,2026-07-12 09:00,retail_1,retail,0,,,,,,,,69.26,30.0,0.0,0.0,14.48,0.0,97,hitl
13,2026-07-12 09:15,supplier_1,supplier,0,900.55,,,,,,,,,,,,,97,hitl
13,2026-07-12 09:15,farm_1,farm,0,,761.0,0.023,,,,,,,,,,,97,hitl
13,2026-07-12 09:15,slaughterhouse_1,slaughterhouse,0,,,,500.0,400.0,,,,,,,,,97,hitl
13,2026-07-12 09:15,wholesaler_1,wholesaler,0,,,,,,152.6,8.3,,,,,,,97,hitl
13,2026-07-12 09:15,retail_1,retail,0,,,,,,,,73.62,30.0,0.0,0.0,14.48,0.0,97,hitl
14,2026-07-12 09:30,supplier_1,supplier,0,899.15,,,,,,,,,,,,,97,hitl
14,2026-07-12 09:30,farm_1,farm,0,,761.0,0.023,,,,,,,,,,,97,hitl
14,2026-07-12 09:30,slaughterhouse_1,slaughterhouse,0,,,,500.0,400.0,,,,,,,,,97,hitl
14,2026-07-12 09:30,wholesaler_1,wholesaler,0,,,,,,151.06,8.3,,,,,,,97,hitl
14,2026-07-12 09:30,retail_1,retail,0,,,,,,,,69.94,30.0,0.0,0.0,14.48,0.0,97,hitl
15,2026-07-12 09:45,supplier_1,supplier,0,898.52,,,,,,,,,,,,,97,hitl
15,2026-07-12 09:45,farm_1,farm,0,,761.0,0.023,,,,,,,,,,,97,hitl
15,2026-07-12 09:45,slaughterhouse_1,slaughterhouse,0,,,,500.0,400.0,,,,,,,,,97,hitl
15,2026-07-12 09:45,wholesaler_1,wholesaler,0,,,,,,149.25,8.3,,,,,,,97,hitl
15,2026-07-12 09:45,retail_1,retail,0,,,,,,,,66.13,30.0,0.0,0.0,14.48,0.0,97,hitl
16,2026-07-12 10:00,supplier_1,supplier,0,897.58,,,,,,,,,,,,,97,hitl
16,2026-07-12 10:00,farm_1,farm,0,,761.0,0.023,,,,,,,,,,,97,hitl
16,2026-07-12 10:00,slaughterhouse_1,slaughterhouse,0,,,,500.0,376.0,,,,,,,,,97,hitl
16,2026-07-12 10:00,wholesaler_1,wholesaler,0,,,,,,139.42,8.3,,,,,,,97,hitl
16,2026-07-12 10:00,retail_1,retail,0,,,,,,,,62.46,30.0,0.0,0.0,14.48,0.0,97,hitl
17,2026-07-12 10:15,supplier_1,supplier,0,896.44,,,,,,,,,,,,,97,hitl
17,2026-07-12 10:15,farm_1,farm,0,,761.0,0.023,,,,,,,,,,,97,hitl
17,2026-07-12 10:15,slaughterhouse_1,slaughterhouse,0,,,,500.0,389.71,,,,,,,,,97,hitl
17,2026-07-12 10:15,wholesaler_1,wholesaler,0,,,,,,160.63,8.3,,,,,,,97,hitl
17,2026-07-12 10:15,retail_1,retail,0,,,,,,,,66.44,30.0,0.0,0.0,14.48,0.0,97,hitl
18,2026-07-12 10:30,supplier_1,supplier,0,895.75,,,,,,,,,,,,,97,hitl
18,2026-07-12 10:30,farm_1,farm,0,,761.0,0.023,,,,,,,,,,,97,hitl
18,2026-07-12 10:30,slaughterhouse_1,slaughterhouse,0,,,,500.0,400.0,,,,,,,,,97,hitl
18,2026-07-12 10:30,wholesaler_1,wholesaler,0,,,,,,158.52,8.3,,,,,,,97,hitl
18,2026-07-12 10:30,retail_1,retail,0,,,,,,,,63.02,30.0,0.0,0.0,14.48,0.0,97,hitl
19,2026-07-12 10:45,supplier_1,supplier,0,894.67,,,,,,,,,,,,,97,hitl
19,2026-07-12 10:45,farm_1,farm,0,,761.0,0.023,,,,,,,,,,,97,hitl
19,2026-07-12 10:45,slaughterhouse_1,slaughterhouse,0,,,,500.0,400.0,,,,,,,,,97,hitl
19,2026-07-12 10:45,wholesaler_1,wholesaler,0,,,,,,156.11,8.3,,,,,,,97,hitl
19,2026-07-12 10:45,retail_1,retail,0,,,,,,,,59.05,30.0,0.0,0.0,14.48,0.0,97,hitl
20,2026-07-12 11:00,supplier_1,supplier,0,893.94,,,,,,,,,,,,,97,hitl
20,2026-07-12 11:00,farm_1,farm,0,,761.0,0.023,,,,,,,,,,,97,hitl
20,2026-07-12 11:00,slaughterhouse_1,slaughterhouse,0,,,,500.0,400.0,,,,,,,,,97,hitl
20,2026-07-12 11:00,wholesaler_1,wholesaler,0,,,,,,146.55,8.3,,,,,,,97,hitl
20,2026-07-12 11:00,retail_1,retail,0,,,,,,,,55.09,30.0,0.0,0.0,14.48,0.0,97,hitl
21,2026-07-12 11:15,supplier_1,supplier,0,892.59,,,,,,,,,,,,,97,hitl
21,2026-07-12 11:15,farm_1,farm,0,,761.0,0.023,,,,,,,,,,,97,hitl
21,2026-07-12 11:15,slaughterhouse_1,slaughterhouse,0,,,,500.0,400.0,,,,,,,,,97,hitl
21,2026-07-12 11:15,wholesaler_1,wholesaler,0,,,,,,144.97,8.3,,,,,,,97,hitl
21,2026-07-12 11:15,retail_1,retail,0,,,,,,,,59.88,30.0,0.0,0.0,14.48,0.0,97,hitl
22,2026-07-12 11:30,supplier_1,supplier,0,891.43,,,,,,,,,,,,,97,hitl
22,2026-07-12 11:30,farm_1,farm,0,,761.0,0.023,,,,,,,,,,,97,hitl
22,2026-07-12 11:30,slaughterhouse_1,slaughterhouse,0,,,,500.0,400.0,,,,,,,,,97,hitl
22,2026-07-12 11:30,wholesaler_1,wholesaler,0,,,,,,142.13,8.3,,,,,,,97,hitl
22,2026-07-12 11:30,retail_1,retail,0,,,,,,,,55.94,30.0,0.0,0.0,14.48,0.0,97,hitl
23,2026-07-12 11:45,supplier_1,supplier,0,890.45,,,,,,,,,,,,,97,hitl
23,2026-07-12 11:45,farm_1,farm,0,,761.0,0.023,,,,,,,,,,,97,hitl
23,2026-07-12 11:45,slaughterhouse_1,slaughterhouse,0,,,,500.0,400.0,,,,,,,,,97,hitl
23,2026-07-12 11:45,wholesaler_1,wholesaler,0,,,,,,140.11,8.3,,,,,,,97,hitl
23,2026-07-12 11:45,retail_1,retail,0,,,,,,,,52.37,30.0,0.0,0.0,14.48,0.0,97,hitl
24,2026-07-12 12:00,supplier_1,supplier,0,889.46,,,,,,,,,,,,,97,hitl
24,2026-07-12 12:00,farm_1,farm,0,,761.0,0.023,,,,,,,,,,,97,hitl
24,2026-07-12 12:00,slaughterhouse_1,slaughterhouse,0,,,,500.0,376.0,,,,,,,,,97,hitl
24,2026-07-12 12:00,wholesaler_1,wholesaler,0,,,,,,130.53,8.3,,,,,,,97,hitl
24,2026-07-12 12:00,retail_1,retail,0,,,,,,,,48.5,30.0,0.0,0.0,14.48,0.0,97,hitl
25,2026-07-12 12:15,supplier_1,supplier,0,888.82,,,,,,,,,,,,,97,hitl
25,2026-07-12 12:15,farm_1,farm,0,,761.0,0.023,,,,,,,,,,,97,hitl
25,2026-07-12 12:15,slaughterhouse_1,slaughterhouse,0,,,,500.0,390.54,,,,,,,,,97,hitl
25,2026-07-12 12:15,wholesaler_1,wholesaler,0,,,,,,152.58,8.3,,,,,,,97,hitl
25,2026-07-12 12:15,retail_1,retail,0,,,,,,,,52.73,30.0,0.0,0.0,14.48,0.0,97,hitl
26,2026-07-12 12:30,supplier_1,supplier,0,887.77,,,,,,,,,,,,,97,hitl
26,2026-07-12 12:30,farm_1,farm,0,,761.0,0.023,,,,,,,,,,,97,hitl
26,2026-07-12 12:30,slaughterhouse_1,slaughterhouse,0,,,,500.0,400.0,,,,,,,,,97,hitl
26,2026-07-12 12:30,wholesaler_1,wholesaler,0,,,,,,150.48,8.3,,,,,,,97,hitl
26,2026-07-12 12:30,retail_1,retail,0,,,,,,,,49.07,30.0,0.0,0.0,14.48,0.0,97,hitl
27,2026-07-12 12:45,supplier_1,supplier,0,887.27,,,,,,,,,,,,,97,hitl
27,2026-07-12 12:45,farm_1,farm,0,,761.0,0.023,,,,,,,,,,,97,hitl
27,2026-07-12 12:45,slaughterhouse_1,slaughterhouse,0,,,,500.0,400.0,,,,,,,,,97,hitl
27,2026-07-12 12:45,wholesaler_1,wholesaler,0,,,,,,148.34,8.3,,,,,,,97,hitl
27,2026-07-12 12:45,retail_1,retail,0,,,,,,,,45.56,30.0,0.0,0.0,14.48,0.0,97,hitl
28,2026-07-12 13:00,supplier_1,supplier,0,886.76,,,,,,,,,,,,,97,hitl
28,2026-07-12 13:00,farm_1,farm,0,,761.0,0.023,,,,,,,,,,,97,hitl
28,2026-07-12 13:00,slaughterhouse_1,slaughterhouse,0,,,,500.0,400.0,,,,,,,,,97,hitl
28,2026-07-12 13:00,wholesaler_1,wholesaler,0,,,,,,137.43,8.3,,,,,,,97,hitl
28,2026-07-12 13:00,retail_1,retail,0,,,,,,,,41.66,30.0,0.0,0.0,14.48,0.0,97,hitl
29,2026-07-12 13:15,supplier_1,supplier,0,885.84,,,,,,,,,,,,,97,hitl
29,2026-07-12 13:15,farm_1,farm,0,,761.0,0.023,,,,,,,,,,,97,hitl
29,2026-07-12 13:15,slaughterhouse_1,slaughterhouse,0,,,,500.0,400.0,,,,,,,,,97,hitl
29,2026-07-12 13:15,wholesaler_1,wholesaler,0,,,,,,134.94,8.3,,,,,,,97,hitl
29,2026-07-12 13:15,retail_1,retail,0,,,,,,,,46.09,30.0,0.0,0.0,14.48,0.0,97,hitl
30,2026-07-12 13:30,supplier_1,supplier,0,885.2,,,,,,,,,,,,,97,hitl
30,2026-07-12 13:30,farm_1,farm,0,,761.0,0.023,,,,,,,,,,,97,hitl
30,2026-07-12 13:30,slaughterhouse_1,slaughterhouse,0,,,,500.0,400.0,,,,,,,,,97,hitl
30,2026-07-12 13:30,wholesaler_1,wholesaler,0,,,,,,132.76,8.3,,,,,,,97,hitl
30,2026-07-12 13:30,retail_1,retail,0,,,,,,,,42.81,30.0,0.0,0.0,14.48,0.0,97,hitl
31,2026-07-12 13:45,supplier_1,supplier,0,884.48,,,,,,,,,,,,,97,hitl
31,2026-07-12 13:45,farm_1,farm,0,,761.0,0.023,,,,,,,,,,,97,hitl
31,2026-07-12 13:45,slaughterhouse_1,slaughterhouse,0,,,,500.0,400.0,,,,,,,,,97,hitl
31,2026-07-12 13:45,wholesaler_1,wholesaler,0,,,,,,130.46,8.3,,,,,,,97,hitl
31,2026-07-12 13:45,retail_1,retail,0,,,,,,,,39.35,30.0,0.0,0.0,14.48,0.0,97,hitl
32,2026-07-12 14:00,supplier_1,supplier,0,883.97,,,,,,,,,,,,,97,hitl
32,2026-07-12 14:00,farm_1,farm,0,,761.0,0.023,,,,,,,,,,,97,hitl
32,2026-07-12 14:00,slaughterhouse_1,slaughterhouse,0,,,,500.0,376.0,,,,,,,,,97,hitl
32,2026-07-12 14:00,wholesaler_1,wholesaler,0,,,,,,120.21,8.3,,,,,,,97,hitl
32,2026-07-12 14:00,retail_1,retail,0,,,,,,,,35.88,30.0,0.0,0.0,14.48,0.0,97,hitl
33,2026-07-12 14:15,supplier_1,supplier,0,882.48,,,,,,,,,,,,,97,hitl
33,2026-07-12 14:15,farm_1,farm,0,,761.0,0.023,,,,,,,,,,,97,hitl
33,2026-07-12 14:15,slaughterhouse_1,slaughterhouse,0,,,,500.0,389.93,,,,,,,,,97,hitl
33,2026-07-12 14:15,wholesaler_1,wholesaler,0,,,,,,141.75,8.3,,,,,,,97,hitl
33,2026-07-12 14:15,retail_1,retail,0,,,,,,,,40.31,30.0,0.0,0.0,14.48,0.0,97,hitl
34,2026-07-12 14:30,supplier_1,supplier,0,881.04,,,,,,,,,,,,,97,hitl
34,2026-07-12 14:30,farm_1,farm,0,,761.0,0.023,,,,,,,,,,,97,hitl
34,2026-07-12 14:30,slaughterhouse_1,slaughterhouse,0,,,,500.0,400.0,,,,,,,,,97,hitl
34,2026-07-12 14:30,wholesaler_1,wholesaler,0,,,,,,138.79,8.3,,,,,,,97,hitl
34,2026-07-12 14:30,retail_1,retail,0,,,,,,,,36.74,30.0,0.0,0.0,14.48,0.0,97,hitl
35,2026-07-12 14:45,supplier_1,supplier,0,880.17,,,,,,,,,,,,,97,hitl
35,2026-07-12 14:45,farm_1,farm,0,,761.0,0.023,,,,,,,,,,,97,hitl
35,2026-07-12 14:45,slaughterhouse_1,slaughterhouse,0,,,,500.0,400.0,,,,,,,,,97,hitl
35,2026-07-12 14:45,wholesaler_1,wholesaler,0,,,,,,137.03,8.3,,,,,,,97,hitl
35,2026-07-12 14:45,retail_1,retail,0,,,,,,,,33.5,30.0,0.0,0.0,14.48,0.0,97,hitl
36,2026-07-12 15:00,supplier_1,supplier,0,879.66,,,,,,,,,,,,,97,hitl
36,2026-07-12 15:00,farm_1,farm,1,,761.0,0.023,,,,,,,,,,,97,hitl
36,2026-07-12 15:00,slaughterhouse_1,slaughterhouse,0,,,,400.0,400.0,,,,,,,,,97,hitl
36,2026-07-12 15:00,wholesaler_1,wholesaler,0,,,,,,126.28,8.3,,,,,,,97,hitl
36,2026-07-12 15:00,retail_1,retail,0,,,,,,,,29.85,30.0,0.0,0.25,14.48,14.2326,97,hitl
37,2026-07-12 15:15,supplier_1,supplier,0,878.91,,,,,,,,,,,,,97,hitl
37,2026-07-12 15:15,farm_1,farm,1,,761.0,0.023,,,,,,,,,,,97,hitl
37,2026-07-12 15:15,slaughterhouse_1,slaughterhouse,0,,,,400.0,400.0,,,,,,,,,97,hitl
37,2026-07-12 15:15,wholesaler_1,wholesaler,0,,,,,,124.11,8.3,,,,,,,97,hitl
37,2026-07-12 15:15,retail_1,retail,0,,,,,,,,33.88,30.0,0.0,0.5,14.48,14.2326,97,hitl
38,2026-07-12 15:30,supplier_1,supplier,0,877.66,,,,,,,,,,,,,97,hitl
38,2026-07-12 15:30,farm_1,farm,1,,761.0,0.023,,,,,,,,,,,97,hitl
38,2026-07-12 15:30,slaughterhouse_1,slaughterhouse,0,,,,400.0,400.0,,,,,,,,,97,hitl
38,2026-07-12 15:30,wholesaler_1,wholesaler,0,,,,,,121.53,8.3,,,,,,,97,hitl
38,2026-07-12 15:30,retail_1,retail,0,,,,,,,,30.49,30.0,0.0,0.0,14.48,14.2326,97,hitl
39,2026-07-12 15:45,supplier_1,supplier,0,876.93,,,,,,,,,,,,,97,hitl
39,2026-07-12 15:45,farm_1,farm,1,,761.0,0.023,,,,,,,,,,,97,hitl
39,2026-07-12 15:45,slaughterhouse_1,slaughterhouse,0,,,,400.0,400.0,,,,,,,,,97,hitl
39,2026-07-12 15:45,wholesaler_1,wholesaler,0,,,,,,118.77,8.3,,,,,,,97,hitl
39,2026-07-12 15:45,retail_1,retail,0,,,,,,,,26.74,30.0,0.0,0.25,14.48,14.2326,97,hitl
40,2026-07-12 16:00,supplier_1,supplier,0,876.06,,,,,,,,,,,,,97,hitl
40,2026-07-12 16:00,farm_1,farm,1,,761.0,0.023,,,,,,,,,,,97,hitl
40,2026-07-12 16:00,slaughterhouse_1,slaughterhouse,0,,,,400.0,376.0,,,,,,,,,97,hitl
40,2026-07-12 16:00,wholesaler_1,wholesaler,0,,,,,,108.98,8.3,,,,,,,97,hitl
40,2026-07-12 16:00,retail_1,retail,0,,,,,,,,23.44,30.0,0.0,0.5,14.48,14.2326,97,hitl
41,2026-07-12 16:15,supplier_1,supplier,0,875.36,,,,,,,,,,,,,97,hitl
41,2026-07-12 16:15,farm_1,farm,1,,761.0,0.023,,,,,,,,,,,97,hitl
41,2026-07-12 16:15,slaughterhouse_1,slaughterhouse,0,,,,400.0,386.77,,,,,,,,,97,hitl
41,2026-07-12 16:15,wholesaler_1,wholesaler,0,,,,,,130.74,8.3,,,,,,,97,hitl
41,2026-07-12 16:15,retail_1,retail,0,,,,,,,,27.14,30.0,0.0,0.75,14.48,14.2326,97,hitl
42,2026-07-12 16:30,supplier_1,supplier,0,874.6,,,,,,,,,,,,,97,hitl
42,2026-07-12 16:30,farm_1,farm,1,,761.0,0.023,,,,,,,,,,,97,hitl
42,2026-07-12 16:30,slaughterhouse_1,slaughterhouse,0,,,,400.0,398.75,,,,,,,,,97,hitl
42,2026-07-12 16:30,wholesaler_1,wholesaler,0,,,,,,129.14,8.3,,,,,,,97,hitl
42,2026-07-12 16:30,retail_1,retail,0,,,,,,,,23.92,30.0,0.0,1.0,14.48,14.2326,97,hitl
43,2026-07-12 16:45,supplier_1,supplier,0,873.73,,,,,,,,,,,,,97,hitl
43,2026-07-12 16:45,farm_1,farm,1,,761.0,0.023,,,,,,,,,,,97,hitl
43,2026-07-12 16:45,slaughterhouse_1,slaughterhouse,0,,,,400.0,400.0,,,,,,,,,97,hitl
43,2026-07-12 16:45,wholesaler_1,wholesaler,0,,,,,,126.78,8.3,,,,,,,97,hitl
43,2026-07-12 16:45,retail_1,retail,0,,,,,,,,20.51,30.0,0.0,1.25,14.48,14.2326,97,hitl
44,2026-07-12 17:00,supplier_1,supplier,0,872.24,,,,,,,,,,,,,97,hitl
44,2026-07-12 17:00,farm_1,farm,1,,761.0,0.023,,,,,,,,,,,97,hitl
44,2026-07-12 17:00,slaughterhouse_1,slaughterhouse,0,,,,400.0,400.0,,,,,,,,,97,hitl
44,2026-07-12 17:00,wholesaler_1,wholesaler,0,,,,,,117.96,8.3,,,,,,,97,hitl
44,2026-07-12 17:00,retail_1,retail,0,,,,,,,,17.18,30.0,0.0,1.5,14.48,14.2326,97,hitl
45,2026-07-12 17:15,supplier_1,supplier,0,871.41,,,,,,,,,,,,,97,hitl
45,2026-07-12 17:15,farm_1,farm,1,,761.0,0.023,,,,,,,,,,,97,hitl
45,2026-07-12 17:15,slaughterhouse_1,slaughterhouse,0,,,,400.0,400.0,,,,,,,,,97,hitl
45,2026-07-12 17:15,wholesaler_1,wholesaler,0,,,,,,115.66,8.3,,,,,,,97,hitl
45,2026-07-12 17:15,retail_1,retail,0,,,,,,,,20.23,30.0,0.0,1.75,14.48,14.2326,97,hitl
46,2026-07-12 17:30,supplier_1,supplier,0,870.62,,,,,,,,,,,,,97,hitl
46,2026-07-12 17:30,farm_1,farm,1,,761.0,0.023,,,,,,,,,,,97,hitl
46,2026-07-12 17:30,slaughterhouse_1,slaughterhouse,0,,,,400.0,400.0,,,,,,,,,97,hitl
46,2026-07-12 17:30,wholesaler_1,wholesaler,0,,,,,,113.28,8.3,,,,,,,97,hitl
46,2026-07-12 17:30,retail_1,retail,0,,,,,,,,16.41,30.0,0.0,2.0,14.48,14.2326,97,hitl
47,2026-07-12 17:45,supplier_1,supplier,0,869.86,,,,,,,,,,,,,97,hitl
47,2026-07-12 17:45,farm_1,farm,1,,761.0,0.023,,,,,,,,,,,97,hitl
47,2026-07-12 17:45,slaughterhouse_1,slaughterhouse,0,,,,400.0,400.0,,,,,,,,,97,hitl
47,2026-07-12 17:45,wholesaler_1,wholesaler,0,,,,,,110.83,8.3,,,,,,,97,hitl
47,2026-07-12 17:45,retail_1,retail,0,,,,,,,,12.37,30.0,0.0,2.25,14.48,14.2326,97,hitl
48,2026-07-12 18:00,supplier_1,supplier,1,95.44,,,,,,,,,,,,,97,hitl
48,2026-07-12 18:00,farm_1,farm,1,,761.0,0.023,,,,,,,,,,,97,hitl
48,2026-07-12 18:00,slaughterhouse_1,slaughterhouse,0,,,,400.0,376.0,,,,,,,,,97,hitl
48,2026-07-12 18:00,wholesaler_1,wholesaler,0,,,,,,101.47,8.3,,,,,,,97,hitl
48,2026-07-12 18:00,retail_1,retail,1,,,,,,,,8.4,30.0,0.0,2.5,14.48,14.2326,97,hitl
49,2026-07-12 18:15,supplier_1,supplier,1,94.07,,,,,,,,,,,,,97,hitl
49,2026-07-12 18:15,farm_1,farm,1,,761.0,0.023,,,,,,,,,,,97,hitl
49,2026-07-12 18:15,slaughterhouse_1,slaughterhouse,0,,,,400.0,387.2,,,,,,,,,97,hitl
49,2026-07-12 18:15,wholesaler_1,wholesaler,0,,,,,,123.46,8.3,,,,,,,97,hitl
49,2026-07-12 18:15,retail_1,retail,1,,,,,,,,11.44,30.0,0.0,2.75,14.48,14.2326,97,hitl
50,2026-07-12 18:30,supplier_1,supplier,1,93.44,,,,,,,,,,,,,97,hitl
50,2026-07-12 18:30,farm_1,farm,1,,761.0,0.023,,,,,,,,,,,97,hitl
50,2026-07-12 18:30,slaughterhouse_1,slaughterhouse,0,,,,400.0,398.74,,,,,,,,,97,hitl
50,2026-07-12 18:30,wholesaler_1,wholesaler,0,,,,,,121.12,8.3,,,,,,,97,hitl
50,2026-07-12 18:30,retail_1,retail,1,,,,,,,,8.2,30.0,0.0,3.0,14.48,14.2326,97,hitl
51,2026-07-12 18:45,supplier_1,supplier,1,92.5,,,,,,,,,,,,,97,hitl
51,2026-07-12 18:45,farm_1,farm,1,,761.0,0.023,,,,,,,,,,,97,hitl
51,2026-07-12 18:45,slaughterhouse_1,slaughterhouse,0,,,,400.0,400.0,,,,,,,,,97,hitl
51,2026-07-12 18:45,wholesaler_1,wholesaler,0,,,,,,119.34,8.3,,,,,,,97,hitl
51,2026-07-12 18:45,retail_1,retail,1,,,,,,,,4.29,30.0,0.0,3.25,14.48,14.2326,97,hitl
52,2026-07-12 19:00,supplier_1,supplier,1,91.22,,,,,,,,,,,,,97,hitl
52,2026-07-12 19:00,farm_1,farm,1,,761.0,0.023,,,,,,,,,,,97,hitl
52,2026-07-12 19:00,slaughterhouse_1,slaughterhouse,0,,,,400.0,400.0,,,,,,,,,97,hitl
52,2026-07-12 19:00,wholesaler_1,wholesaler,0,,,,,,110.48,8.3,,,,,,,97,hitl
52,2026-07-12 19:00,retail_1,retail,1,,,,,,,,0.3,30.0,0.0,3.5,14.48,14.2326,97,hitl
53,2026-07-12 19:15,supplier_1,supplier,1,90.31,,,,,,,,,,,,,97,hitl
53,2026-07-12 19:15,farm_1,farm,1,,761.0,0.023,,,,,,,,,,,97,hitl
53,2026-07-12 19:15,slaughterhouse_1,slaughterhouse,0,,,,400.0,400.0,,,,,,,,,97,hitl
53,2026-07-12 19:15,wholesaler_1,wholesaler,0,,,,,,108.54,8.3,,,,,,,97,hitl
53,2026-07-12 19:15,retail_1,retail,1,,,,,,,,7.01,30.0,1.0,3.75,14.48,14.2326,97,hitl
54,2026-07-12 19:30,supplier_1,supplier,1,89.34,,,,,,,,,,,,,97,hitl
54,2026-07-12 19:30,farm_1,farm,1,,761.0,0.023,,,,,,,,,,,97,hitl
54,2026-07-12 19:30,slaughterhouse_1,slaughterhouse,0,,,,400.0,400.0,,,,,,,,,97,hitl
54,2026-07-12 19:30,wholesaler_1,wholesaler,0,,,,,,106.0,8.3,,,,,,,97,hitl
54,2026-07-12 19:30,retail_1,retail,1,,,,,,,,3.2,30.0,0.0,4.0,14.48,14.2326,97,hitl
55,2026-07-12 19:45,supplier_1,supplier,1,88.14,,,,,,,,,,,,,97,hitl
55,2026-07-12 19:45,farm_1,farm,1,,761.0,0.023,,,,,,,,,,,97,hitl
55,2026-07-12 19:45,slaughterhouse_1,slaughterhouse,0,,,,400.0,400.0,,,,,,,,,97,hitl
55,2026-07-12 19:45,wholesaler_1,wholesaler,0,,,,,,103.29,8.3,,,,,,,97,hitl
55,2026-07-12 19:45,retail_1,retail,1,,,,,,,,0.0,30.0,1.0,4.25,14.48,14.2326,97,hitl
56,2026-07-12 20:00,supplier_1,supplier,1,86.78,,,,,,,,,,,,,97,hitl
56,2026-07-12 20:00,farm_1,farm,1,,761.0,0.023,,,,,,,,,,,97,hitl
56,2026-07-12 20:00,slaughterhouse_1,slaughterhouse,0,,,,400.0,376.0,,,,,,,,,97,hitl
56,2026-07-12 20:00,wholesaler_1,wholesaler,0,,,,,,93.62,8.3,,,,,,,97,hitl
56,2026-07-12 20:00,retail_1,retail,1,,,,,,,,0.0,30.0,1.0,4.5,14.48,14.2326,97,hitl
57,2026-07-12 20:15,supplier_1,supplier,1,85.72,,,,,,,,,,,,,97,hitl
57,2026-07-12 20:15,farm_1,farm,1,,761.0,0.023,,,,,,,,,,,97,hitl
57,2026-07-12 20:15,slaughterhouse_1,slaughterhouse,0,,,,400.0,387.86,,,,,,,,,97,hitl
57,2026-07-12 20:15,wholesaler_1,wholesaler,0,,,,,,114.73,8.3,,,,,,,97,hitl
57,2026-07-12 20:15,retail_1,retail,1,,,,,,,,7.01,30.0,1.0,4.75,14.48,14.2326,97,hitl
58,2026-07-12 20:30,supplier_1,supplier,1,84.93,,,,,,,,,,,,,97,hitl
58,2026-07-12 20:30,farm_1,farm,1,,761.0,0.023,,,,,,,,,,,97,hitl
58,2026-07-12 20:30,slaughterhouse_1,slaughterhouse,0,,,,400.0,399.08,,,,,,,,,97,hitl
58,2026-07-12 20:30,wholesaler_1,wholesaler,0,,,,,,111.77,8.3,,,,,,,97,hitl
58,2026-07-12 20:30,retail_1,retail,1,,,,,,,,3.25,30.0,0.0,5.0,14.48,14.2326,97,hitl
59,2026-07-12 20:45,supplier_1,supplier,1,84.29,,,,,,,,,,,,,97,hitl
59,2026-07-12 20:45,farm_1,farm,1,,761.0,0.023,,,,,,,,,,,97,hitl
59,2026-07-12 20:45,slaughterhouse_1,slaughterhouse,0,,,,400.0,400.0,,,,,,,,,97,hitl
59,2026-07-12 20:45,wholesaler_1,wholesaler,0,,,,,,109.57,8.3,,,,,,,97,hitl
59,2026-07-12 20:45,retail_1,retail,1,,,,,,,,0.0,30.0,1.0,5.25,14.48,14.2326,97,hitl
60,2026-07-12 21:00,supplier_1,supplier,1,82.98,,,,,,,,,,,,,97,hitl
60,2026-07-12 21:00,farm_1,farm,1,,761.0,0.023,,,,,,,,,,,97,hitl
60,2026-07-12 21:00,slaughterhouse_1,slaughterhouse,0,,,,400.0,400.0,,,,,,,,,97,hitl
60,2026-07-12 21:00,wholesaler_1,wholesaler,0,,,,,,100.42,8.3,,,,,,,97,hitl
60,2026-07-12 21:00,retail_1,retail,1,,,,,,,,0.0,30.0,1.0,5.5,14.48,14.2326,97,hitl
61,2026-07-12 21:15,supplier_1,supplier,1,81.83,,,,,,,,,,,,,97,hitl
61,2026-07-12 21:15,farm_1,farm,1,,761.0,0.023,,,,,,,,,,,97,hitl
61,2026-07-12 21:15,slaughterhouse_1,slaughterhouse,0,,,,400.0,400.0,,,,,,,,,97,hitl
61,2026-07-12 21:15,wholesaler_1,wholesaler,0,,,,,,98.82,8.3,,,,,,,97,hitl
61,2026-07-12 21:15,retail_1,retail,1,,,,,,,,7.01,30.0,1.0,5.75,14.48,14.2326,97,hitl
62,2026-07-12 21:30,supplier_1,supplier,1,81.24,,,,,,,,,,,,,97,hitl
62,2026-07-12 21:30,farm_1,farm,1,,761.0,0.023,,,,,,,,,,,97,hitl
62,2026-07-12 21:30,slaughterhouse_1,slaughterhouse,0,,,,400.0,400.0,,,,,,,,,97,hitl
62,2026-07-12 21:30,wholesaler_1,wholesaler,0,,,,,,96.3,8.3,,,,,,,97,hitl
62,2026-07-12 21:30,retail_1,retail,1,,,,,,,,3.21,30.0,0.0,6.0,14.48,14.2326,97,hitl
63,2026-07-12 21:45,supplier_1,supplier,1,80.59,,,,,,,,,,,,,97,hitl
63,2026-07-12 21:45,farm_1,farm,1,,761.0,0.023,,,,,,,,,,,97,hitl
63,2026-07-12 21:45,slaughterhouse_1,slaughterhouse,0,,,,400.0,400.0,,,,,,,,,97,hitl
63,2026-07-12 21:45,wholesaler_1,wholesaler,0,,,,,,94.06,8.3,,,,,,,97,hitl
63,2026-07-12 21:45,retail_1,retail,1,,,,,,,,0.0,30.0,1.0,6.25,14.48,14.2326,97,hitl
64,2026-07-12 22:00,supplier_1,supplier,1,79.92,,,,,,,,,,,,,97,hitl
64,2026-07-12 22:00,farm_1,farm,1,,761.0,0.023,,,,,,,,,,,97,hitl
64,2026-07-12 22:00,slaughterhouse_1,slaughterhouse,0,,,,400.0,376.0,,,,,,,,,97,hitl
64,2026-07-12 22:00,wholesaler_1,wholesaler,1,,,,,,84.42,8.3,,,,,,,97,hitl
64,2026-07-12 22:00,retail_1,retail,1,,,,,,,,0.0,30.0,1.0,6.5,14.48,14.2326,97,hitl
65,2026-07-12 22:15,supplier_1,supplier,1,79.2,,,,,,,,,,,,,97,hitl
65,2026-07-12 22:15,farm_1,farm,1,,761.0,0.023,,,,,,,,,,,97,hitl
65,2026-07-12 22:15,slaughterhouse_1,slaughterhouse,0,,,,400.0,386.31,,,,,,,,,97,hitl
65,2026-07-12 22:15,wholesaler_1,wholesaler,1,,,,,,106.02,8.3,,,,,,,97,hitl
65,2026-07-12 22:15,retail_1,retail,1,,,,,,,,7.01,30.0,1.0,6.75,14.48,14.2326,97,hitl
66,2026-07-12 22:30,supplier_1,supplier,1,78.58,,,,,,,,,,,,,97,hitl
66,2026-07-12 22:30,farm_1,farm,1,,761.0,0.023,,,,,,,,,,,97,hitl
66,2026-07-12 22:30,slaughterhouse_1,slaughterhouse,0,,,,400.0,397.97,,,,,,,,,97,hitl
66,2026-07-12 22:30,wholesaler_1,wholesaler,1,,,,,,103.21,8.3,,,,,,,97,hitl
66,2026-07-12 22:30,retail_1,retail,1,,,,,,,,3.24,30.0,0.0,7.0,14.48,14.2326,97,hitl
67,2026-07-12 22:45,supplier_1,supplier,1,77.54,,,,,,,,,,,,,97,hitl
67,2026-07-12 22:45,farm_1,farm,1,,761.0,0.023,,,,,,,,,,,97,hitl
67,2026-07-12 22:45,slaughterhouse_1,slaughterhouse,0,,,,400.0,400.0,,,,,,,,,97,hitl
67,2026-07-12 22:45,wholesaler_1,wholesaler,1,,,,,,101.28,8.3,,,,,,,97,hitl
67,2026-07-12 22:45,retail_1,retail,1,,,,,,,,0.0,30.0,1.0,7.25,14.48,14.2326,97,hitl
68,2026-07-12 23:00,supplier_1,supplier,1,76.36,,,,,,,,,,,,,97,hitl
68,2026-07-12 23:00,farm_1,farm,1,,761.0,0.023,,,,,,,,,,,97,hitl
68,2026-07-12 23:00,slaughterhouse_1,slaughterhouse,0,,,,400.0,400.0,,,,,,,,,97,hitl
68,2026-07-12 23:00,wholesaler_1,wholesaler,1,,,,,,91.5,8.3,,,,,,,97,hitl
68,2026-07-12 23:00,retail_1,retail,1,,,,,,,,0.0,30.0,1.0,7.5,14.48,14.2326,97,hitl
69,2026-07-12 23:15,supplier_1,supplier,1,74.94,,,,,,,,,,,,,97,hitl
69,2026-07-12 23:15,farm_1,farm,1,,761.0,0.023,,,,,,,,,,,97,hitl
69,2026-07-12 23:15,slaughterhouse_1,slaughterhouse,0,,,,400.0,400.0,,,,,,,,,97,hitl
69,2026-07-12 23:15,wholesaler_1,wholesaler,1,,,,,,89.33,8.3,,,,,,,97,hitl
69,2026-07-12 23:15,retail_1,retail,1,,,,,,,,7.01,30.0,1.0,7.75,14.48,14.2326,97,hitl
70,2026-07-12 23:30,supplier_1,supplier,1,74.17,,,,,,,,,,,,,97,hitl
70,2026-07-12 23:30,farm_1,farm,1,,761.0,0.023,,,,,,,,,,,97,hitl
70,2026-07-12 23:30,slaughterhouse_1,slaughterhouse,0,,,,400.0,400.0,,,,,,,,,97,hitl
70,2026-07-12 23:30,wholesaler_1,wholesaler,1,,,,,,87.42,8.3,,,,,,,97,hitl
70,2026-07-12 23:30,retail_1,retail,1,,,,,,,,3.49,30.0,0.0,8.0,14.48,14.2326,97,hitl
71,2026-07-12 23:45,supplier_1,supplier,1,73.61,,,,,,,,,,,,,97,hitl
71,2026-07-12 23:45,farm_1,farm,1,,761.0,0.023,,,,,,,,,,,97,hitl
71,2026-07-12 23:45,slaughterhouse_1,slaughterhouse,0,,,,400.0,400.0,,,,,,,,,97,hitl
71,2026-07-12 23:45,wholesaler_1,wholesaler,1,,,,,,85.22,8.3,,,,,,,97,hitl
71,2026-07-12 23:45,retail_1,retail,1,,,,,,,,0.03,30.0,0.0,8.25,14.48,14.2326,97,hitl
72,2026-07-13 00:00,supplier_1,supplier,1,72.89,,,,,,,,,,,,,97,hitl
72,2026-07-13 00:00,farm_1,farm,0,,761.0,0.023,,,,,,,,,,,97,hitl
72,2026-07-13 00:00,slaughterhouse_1,slaughterhouse,0,,,,400.0,376.0,,,,,,,,,97,hitl
72,2026-07-13 00:00,wholesaler_1,wholesaler,1,,,,,,76.13,4.15,,,,,,,97,hitl
72,2026-07-13 00:00,retail_1,retail,1,,,,,,,,0.0,33.0,1.0,8.5,14.48,44.2326,97,hitl
73,2026-07-13 00:15,supplier_1,supplier,1,72.13,,,,,,,,,,,,,97,hitl
73,2026-07-13 00:15,farm_1,farm,0,,761.0,0.023,,,,,,,,,,,97,hitl
73,2026-07-13 00:15,slaughterhouse_1,slaughterhouse,0,,,,400.0,386.64,,,,,,,,,97,hitl
73,2026-07-13 00:15,wholesaler_1,wholesaler,1,,,,,,97.43,4.15,,,,,,,97,hitl
73,2026-07-13 00:15,retail_1,retail,1,,,,,,,,7.01,33.0,1.0,8.75,14.48,44.2326,97,hitl
74,2026-07-13 00:30,supplier_1,supplier,1,71.42,,,,,,,,,,,,,97,hitl
74,2026-07-13 00:30,farm_1,farm,0,,761.0,0.023,,,,,,,,,,,97,hitl
74,2026-07-13 00:30,slaughterhouse_1,slaughterhouse,0,,,,400.0,397.89,,,,,,,,,97,hitl
74,2026-07-13 00:30,wholesaler_1,wholesaler,1,,,,,,94.87,4.15,,,,,,,97,hitl
74,2026-07-13 00:30,retail_1,retail,1,,,,,,,,3.14,33.0,0.0,9.0,14.48,44.2326,97,hitl
75,2026-07-13 00:45,supplier_1,supplier,1,70.28,,,,,,,,,,,,,97,hitl
75,2026-07-13 00:45,farm_1,farm,0,,761.0,0.023,,,,,,,,,,,97,hitl
75,2026-07-13 00:45,slaughterhouse_1,slaughterhouse,0,,,,400.0,400.0,,,,,,,,,97,hitl
75,2026-07-13 00:45,wholesaler_1,wholesaler,1,,,,,,92.93,4.15,,,,,,,97,hitl
75,2026-07-13 00:45,retail_1,retail,1,,,,,,,,0.0,33.0,1.0,9.25,14.48,44.2326,97,hitl
76,2026-07-13 01:00,supplier_1,supplier,1,69.01,,,,,,,,,,,,,97,hitl
76,2026-07-13 01:00,farm_1,farm,0,,761.0,0.023,,,,,,,,,,,97,hitl
76,2026-07-13 01:00,slaughterhouse_1,slaughterhouse,0,,,,400.0,400.0,,,,,,,,,97,hitl
76,2026-07-13 01:00,wholesaler_1,wholesaler,1,,,,,,80.02,4.15,,,,,,,97,hitl
76,2026-07-13 01:00,retail_1,retail,1,,,,,,,,0.0,33.0,1.0,9.5,14.48,44.2326,97,hitl
77,2026-07-13 01:15,supplier_1,supplier,1,67.81,,,,,,,,,,,,,97,hitl
77,2026-07-13 01:15,farm_1,farm,0,,761.0,0.023,,,,,,,,,,,97,hitl
77,2026-07-13 01:15,slaughterhouse_1,slaughterhouse,0,,,,400.0,400.0,,,,,,,,,97,hitl
77,2026-07-13 01:15,wholesaler_1,wholesaler,1,,,,,,77.86,4.15,,,,,,,97,hitl
77,2026-07-13 01:15,retail_1,retail,1,,,,,,,,10.36,33.0,1.0,9.75,14.48,44.2326,97,hitl
78,2026-07-13 01:30,supplier_1,supplier,1,67.18,,,,,,,,,,,,,97,hitl
78,2026-07-13 01:30,farm_1,farm,0,,761.0,0.023,,,,,,,,,,,97,hitl
78,2026-07-13 01:30,slaughterhouse_1,slaughterhouse,0,,,,400.0,400.0,,,,,,,,,97,hitl
78,2026-07-13 01:30,wholesaler_1,wholesaler,1,,,,,,75.44,4.15,,,,,,,97,hitl
78,2026-07-13 01:30,retail_1,retail,1,,,,,,,,6.56,33.0,0.0,10.0,14.48,44.2326,97,hitl
79,2026-07-13 01:45,supplier_1,supplier,1,66.34,,,,,,,,,,,,,97,hitl
79,2026-07-13 01:45,farm_1,farm,0,,761.0,0.023,,,,,,,,,,,97,hitl
79,2026-07-13 01:45,slaughterhouse_1,slaughterhouse,0,,,,400.0,400.0,,,,,,,,,97,hitl
79,2026-07-13 01:45,wholesaler_1,wholesaler,1,,,,,,73.3,4.15,,,,,,,97,hitl
79,2026-07-13 01:45,retail_1,retail,1,,,,,,,,3.06,33.0,0.0,10.25,14.48,44.2326,97,hitl
80,2026-07-13 02:00,supplier_1,supplier,1,65.42,,,,,,,,,,,,,97,hitl
80,2026-07-13 02:00,farm_1,farm,0,,761.0,0.023,,,,,,,,,,,97,hitl
80,2026-07-13 02:00,slaughterhouse_1,slaughterhouse,0,,,,400.0,376.0,,,,,,,,,97,hitl
80,2026-07-13 02:00,wholesaler_1,wholesaler,1,,,,,,60.3,4.15,,,,,,,97,hitl
80,2026-07-13 02:00,retail_1,retail,1,,,,,,,,0.0,33.0,1.0,10.5,14.48,44.2326,97,hitl
81,2026-07-13 02:15,supplier_1,supplier,1,64.07,,,,,,,,,,,,,97,hitl
81,2026-07-13 02:15,farm_1,farm,0,,761.0,0.023,,,,,,,,,,,97,hitl
81,2026-07-13 02:15,slaughterhouse_1,slaughterhouse,0,,,,400.0,387.13,,,,,,,,,97,hitl
81,2026-07-13 02:15,wholesaler_1,wholesaler,1,,,,,,81.69,4.15,,,,,,,97,hitl
81,2026-07-13 02:15,retail_1,retail,1,,,,,,,,10.36,33.0,1.0,10.75,14.48,44.2326,97,hitl
82,2026-07-13 02:30,supplier_1,supplier,1,63.24,,,,,,,,,,,,,97,hitl
82,2026-07-13 02:30,farm_1,farm,0,,761.0,0.023,,,,,,,,,,,97,hitl
82,2026-07-13 02:30,slaughterhouse_1,slaughterhouse,0,,,,400.0,397.56,,,,,,,,,97,hitl
82,2026-07-13 02:30,wholesaler_1,wholesaler,1,,,,,,80.17,4.15,,,,,,,97,hitl
82,2026-07-13 02:30,retail_1,retail,1,,,,,,,,6.89,33.0,0.0,11.0,14.48,44.2326,97,hitl
83,2026-07-13 02:45,supplier_1,supplier,1,62.39,,,,,,,,,,,,,97,hitl
83,2026-07-13 02:45,farm_1,farm,0,,761.0,0.023,,,,,,,,,,,97,hitl
83,2026-07-13 02:45,slaughterhouse_1,slaughterhouse,0,,,,400.0,400.0,,,,,,,,,97,hitl
83,2026-07-13 02:45,wholesaler_1,wholesaler,1,,,,,,77.8,4.15,,,,,,,97,hitl
83,2026-07-13 02:45,retail_1,retail,1,,,,,,,,3.41,33.0,0.0,11.25,14.48,44.2326,97,hitl
84,2026-07-13 03:00,supplier_1,supplier,1,61.41,,,,,,,,,,,,,97,hitl
84,2026-07-13 03:00,farm_1,farm,0,,761.0,0.023,,,,,,,,,,,97,hitl
84,2026-07-13 03:00,slaughterhouse_1,slaughterhouse,0,,,,400.0,400.0,,,,,,,,,97,hitl
84,2026-07-13 03:00,wholesaler_1,wholesaler,1,,,,,,65.42,4.15,,,,,,,97,hitl
84,2026-07-13 03:00,retail_1,retail,1,,,,,,,,0.0,33.0,1.0,11.5,14.48,44.2326,97,hitl
85,2026-07-13 03:15,supplier_1,supplier,1,60.81,,,,,,,,,,,,,97,hitl
85,2026-07-13 03:15,farm_1,farm,0,,761.0,0.023,,,,,,,,,,,97,hitl
85,2026-07-13 03:15,slaughterhouse_1,slaughterhouse,0,,,,400.0,400.0,,,,,,,,,97,hitl
85,2026-07-13 03:15,wholesaler_1,wholesaler,1,,,,,,63.53,4.15,,,,,,,97,hitl
85,2026-07-13 03:15,retail_1,retail,1,,,,,,,,10.36,33.0,1.0,11.75,14.48,44.2326,97,hitl
86,2026-07-13 03:30,supplier_1,supplier,1,59.53,,,,,,,,,,,,,97,hitl
86,2026-07-13 03:30,farm_1,farm,0,,761.0,0.023,,,,,,,,,,,97,hitl
86,2026-07-13 03:30,slaughterhouse_1,slaughterhouse,0,,,,400.0,400.0,,,,,,,,,97,hitl
86,2026-07-13 03:30,wholesaler_1,wholesaler,1,,,,,,61.39,4.15,,,,,,,97,hitl
86,2026-07-13 03:30,retail_1,retail,1,,,,,,,,6.99,33.0,0.0,12.0,14.48,44.2326,97,hitl
87,2026-07-13 03:45,supplier_1,supplier,1,58.32,,,,,,,,,,,,,97,hitl
87,2026-07-13 03:45,farm_1,farm,0,,761.0,0.023,,,,,,,,,,,97,hitl
87,2026-07-13 03:45,slaughterhouse_1,slaughterhouse,0,,,,400.0,400.0,,,,,,,,,97,hitl
87,2026-07-13 03:45,wholesaler_1,wholesaler,1,,,,,,58.89,4.15,,,,,,,97,hitl
87,2026-07-13 03:45,retail_1,retail,1,,,,,,,,3.47,33.0,0.0,12.25,14.48,44.2326,97,hitl
88,2026-07-13 04:00,supplier_1,supplier,1,57.64,,,,,,,,,,,,,97,hitl
88,2026-07-13 04:00,farm_1,farm,0,,761.0,0.023,,,,,,,,,,,97,hitl
88,2026-07-13 04:00,slaughterhouse_1,slaughterhouse,0,,,,400.0,376.0,,,,,,,,,97,hitl
88,2026-07-13 04:00,wholesaler_1,wholesaler,1,,,,,,46.35,4.15,,,,,,,97,hitl
88,2026-07-13 04:00,retail_1,retail,1,,,,,,,,0.0,33.0,1.0,12.5,14.48,44.2326,97,hitl
89,2026-07-13 04:15,supplier_1,supplier,1,56.5,,,,,,,,,,,,,97,hitl
89,2026-07-13 04:15,farm_1,farm,0,,761.0,0.023,,,,,,,,,,,97,hitl
89,2026-07-13 04:15,slaughterhouse_1,slaughterhouse,0,,,,400.0,386.25,,,,,,,,,97,hitl
89,2026-07-13 04:15,wholesaler_1,wholesaler,1,,,,,,68.15,4.15,,,,,,,97,hitl
89,2026-07-13 04:15,retail_1,retail,1,,,,,,,,10.36,33.0,1.0,12.75,14.48,44.2326,97,hitl
90,2026-07-13 04:30,supplier_1,supplier,1,55.16,,,,,,,,,,,,,97,hitl
90,2026-07-13 04:30,farm_1,farm,0,,761.0,0.023,,,,,,,,,,,97,hitl
90,2026-07-13 04:30,slaughterhouse_1,slaughterhouse,0,,,,400.0,397.01,,,,,,,,,97,hitl
90,2026-07-13 04:30,wholesaler_1,wholesaler,1,,,,,,66.04,4.15,,,,,,,97,hitl
90,2026-07-13 04:30,retail_1,retail,1,,,,,,,,7.01,33.0,0.0,13.0,14.48,44.2326,97,hitl
91,2026-07-13 04:45,supplier_1,supplier,1,54.57,,,,,,,,,,,,,97,hitl
91,2026-07-13 04:45,farm_1,farm,0,,761.0,0.023,,,,,,,,,,,97,hitl
91,2026-07-13 04:45,slaughterhouse_1,slaughterhouse,0,,,,400.0,400.0,,,,,,,,,97,hitl
91,2026-07-13 04:45,wholesaler_1,wholesaler,1,,,,,,63.89,4.15,,,,,,,97,hitl
91,2026-07-13 04:45,retail_1,retail,1,,,,,,,,3.03,33.0,0.0,13.25,14.48,44.2326,97,hitl
92,2026-07-13 05:00,supplier_1,supplier,1,53.8,,,,,,,,,,,,,97,hitl
92,2026-07-13 05:00,farm_1,farm,0,,761.0,0.023,,,,,,,,,,,97,hitl
92,2026-07-13 05:00,slaughterhouse_1,slaughterhouse,0,,,,400.0,400.0,,,,,,,,,97,hitl
92,2026-07-13 05:00,wholesaler_1,wholesaler,1,,,,,,50.6,4.15,,,,,,,97,hitl
92,2026-07-13 05:00,retail_1,retail,1,,,,,,,,0.0,33.0,1.0,13.5,14.48,44.2326,97,hitl
93,2026-07-13 05:15,supplier_1,supplier,1,53.03,,,,,,,,,,,,,97,hitl
93,2026-07-13 05:15,farm_1,farm,0,,761.0,0.023,,,,,,,,,,,97,hitl
93,2026-07-13 05:15,slaughterhouse_1,slaughterhouse,0,,,,400.0,400.0,,,,,,,,,97,hitl
93,2026-07-13 05:15,wholesaler_1,wholesaler,1,,,,,,47.87,4.15,,,,,,,97,hitl
93,2026-07-13 05:15,retail_1,retail,1,,,,,,,,10.36,33.0,1.0,13.75,14.48,44.2326,97,hitl
94,2026-07-13 05:30,supplier_1,supplier,1,52.2,,,,,,,,,,,,,97,hitl
94,2026-07-13 05:30,farm_1,farm,0,,761.0,0.023,,,,,,,,,,,97,hitl
94,2026-07-13 05:30,slaughterhouse_1,slaughterhouse,0,,,,400.0,400.0,,,,,,,,,97,hitl
94,2026-07-13 05:30,wholesaler_1,wholesaler,1,,,,,,46.02,4.15,,,,,,,97,hitl
94,2026-07-13 05:30,retail_1,retail,1,,,,,,,,6.72,33.0,0.0,14.0,14.48,44.2326,97,hitl
95,2026-07-13 05:45,supplier_1,supplier,1,51.14,,,,,,,,,,,,,97,hitl
95,2026-07-13 05:45,farm_1,farm,0,,761.0,0.023,,,,,,,,,,,97,hitl
95,2026-07-13 05:45,slaughterhouse_1,slaughterhouse,0,,,,400.0,400.0,,,,,,,,,97,hitl
95,2026-07-13 05:45,wholesaler_1,wholesaler,1,,,,,,44.39,4.15,,,,,,,97,hitl
95,2026-07-13 05:45,retail_1,retail,1,,,,,,,,3.47,33.0,0.0,14.25,14.48,44.2326,97,hitl
96,2026-07-13 06:00,supplier_1,supplier,1,50.07,,,,,,,,,,,,,97,hitl
96,2026-07-13 06:00,farm_1,farm,1,,103.0,0.363,,,,,,,,,,,97,hitl
96,2026-07-13 06:00,slaughterhouse_1,slaughterhouse,0,,,,400.0,376.0,,,,,,,,,97,hitl
96,2026-07-13 06:00,wholesaler_1,wholesaler,1,,,,,,34.4,4.15,,,,,,,97,hitl
96,2026-07-13 06:00,retail_1,retail,1,,,,,,,,0.0,33.0,1.0,14.5,14.48,44.2326,97,hitl
97,2026-07-13 06:15,supplier_1,supplier,1,49.41,,,,,,,,,,,,,97,hitl
97,2026-07-13 06:15,farm_1,farm,1,,103.0,0.363,,,,,,,,,,,97,hitl
97,2026-07-13 06:15,slaughterhouse_1,slaughterhouse,0,,,,400.0,387.38,,,,,,,,,97,hitl
97,2026-07-13 06:15,wholesaler_1,wholesaler,1,,,,,,55.47,4.15,,,,,,,97,hitl
97,2026-07-13 06:15,retail_1,retail,1,,,,,,,,8.29,33.0,1.0,14.75,14.48,44.2326,97,hitl
98,2026-07-13 06:30,supplier_1,supplier,1,48.74,,,,,,,,,,,,,97,hitl
98,2026-07-13 06:30,farm_1,farm,1,,103.0,0.363,,,,,,,,,,,97,hitl
98,2026-07-13 06:30,slaughterhouse_1,slaughterhouse,0,,,,400.0,397.61,,,,,,,,,97,hitl
98,2026-07-13 06:30,wholesaler_1,wholesaler,1,,,,,,52.64,4.15,,,,,,,97,hitl
98,2026-07-13 06:30,retail_1,retail,1,,,,,,,,4.55,33.0,0.0,15.0,14.48,44.2326,97,hitl
99,2026-07-13 06:45,supplier_1,supplier,1,47.4,,,,,,,,,,,,,97,hitl
99,2026-07-13 06:45,farm_1,farm,1,,103.0,0.363,,,,,,,,,,,97,hitl
99,2026-07-13 06:45,slaughterhouse_1,slaughterhouse,0,,,,400.0,400.0,,,,,,,,,97,hitl
99,2026-07-13 06:45,wholesaler_1,wholesaler,1,,,,,,50.38,4.15,,,,,,,97,hitl
99,2026-07-13 06:45,retail_1,retail,1,,,,,,,,0.56,33.0,0.0,15.25,14.48,44.2326,97,hitl
100,2026-07-13 07:00,supplier_1,supplier,1,45.97,,,,,,,,,,,,,97,hitl
100,2026-07-13 07:00,farm_1,farm,1,,103.0,0.363,,,,,,,,,,,97,hitl
100,2026-07-13 07:00,slaughterhouse_1,slaughterhouse,0,,,,400.0,400.0,,,,,,,,,97,hitl
100,2026-07-13 07:00,wholesaler_1,wholesaler,1,,,,,,40.51,4.15,,,,,,,97,hitl
100,2026-07-13 07:00,retail_1,retail,1,,,,,,,,0.0,33.0,1.0,15.5,14.48,44.2326,97,hitl
101,2026-07-13 07:15,supplier_1,supplier,1,44.72,,,,,,,,,,,,,97,hitl
101,2026-07-13 07:15,farm_1,farm,1,,103.0,0.363,,,,,,,,,,,97,hitl
101,2026-07-13 07:15,slaughterhouse_1,slaughterhouse,0,,,,400.0,400.0,,,,,,,,,97,hitl
101,2026-07-13 07:15,wholesaler_1,wholesaler,1,,,,,,38.3,4.15,,,,,,,97,hitl
101,2026-07-13 07:15,retail_1,retail,1,,,,,,,,8.29,33.0,1.0,15.75,14.48,44.2326,97,hitl
102,2026-07-13 07:30,supplier_1,supplier,1,43.62,,,,,,,,,,,,,97,hitl
102,2026-07-13 07:30,farm_1,farm,1,,103.0,0.363,,,,,,,,,,,97,hitl
102,2026-07-13 07:30,slaughterhouse_1,slaughterhouse,0,,,,400.0,400.0,,,,,,,,,97,hitl
102,2026-07-13 07:30,wholesaler_1,wholesaler,1,,,,,,36.68,4.15,,,,,,,97,hitl
102,2026-07-13 07:30,retail_1,retail,1,,,,,,,,4.62,33.0,0.0,16.0,14.48,44.2326,97,hitl
103,2026-07-13 07:45,supplier_1,supplier,1,42.73,,,,,,,,,,,,,97,hitl
103,2026-07-13 07:45,farm_1,farm,1,,103.0,0.363,,,,,,,,,,,97,hitl
103,2026-07-13 07:45,slaughterhouse_1,slaughterhouse,0,,,,400.0,400.0,,,,,,,,,97,hitl
103,2026-07-13 07:45,wholesaler_1,wholesaler,1,,,,,,35.13,4.15,,,,,,,97,hitl
103,2026-07-13 07:45,retail_1,retail,1,,,,,,,,0.64,33.0,0.0,16.25,14.48,44.2326,97,hitl
104,2026-07-13 08:00,supplier_1,supplier,1,41.9,,,,,,,,,,,,,97,hitl
104,2026-07-13 08:00,farm_1,farm,1,,103.0,0.363,,,,,,,,,,,97,hitl
104,2026-07-13 08:00,slaughterhouse_1,slaughterhouse,0,,,,400.0,376.0,,,,,,,,,97,hitl
104,2026-07-13 08:00,wholesaler_1,wholesaler,1,,,,,,25.11,4.15,,,,,,,97,hitl
104,2026-07-13 08:00,retail_1,retail,1,,,,,,,,0.0,33.0,1.0,16.5,14.48,44.2326,97,hitl
105,2026-07-13 08:15,supplier_1,supplier,1,40.83,,,,,,,,,,,,,97,hitl
105,2026-07-13 08:15,farm_1,farm,1,,103.0,0.363,,,,,,,,,,,97,hitl
105,2026-07-13 08:15,slaughterhouse_1,slaughterhouse,0,,,,400.0,386.41,,,,,,,,,97,hitl
105,2026-07-13 08:15,wholesaler_1,wholesaler,1,,,,,,46.7,4.15,,,,,,,97,hitl
105,2026-07-13 08:15,retail_1,retail,1,,,,,,,,8.29,33.0,1.0,16.75,14.48,44.2326,97,hitl
106,2026-07-13 08:30,supplier_1,supplier,1,39.69,,,,,,,,,,,,,97,hitl
106,2026-07-13 08:30,farm_1,farm,1,,103.0,0.363,,,,,,,,,,,97,hitl
106,2026-07-13 08:30,slaughterhouse_1,slaughterhouse,0,,,,400.0,396.64,,,,,,,,,97,hitl
106,2026-07-13 08:30,wholesaler_1,wholesaler,1,,,,,,44.06,4.15,,,,,,,97,hitl
106,2026-07-13 08:30,retail_1,retail,1,,,,,,,,4.25,33.0,0.0,17.0,14.48,44.2326,97,hitl
107,2026-07-13 08:45,supplier_1,supplier,1,38.86,,,,,,,,,,,,,97,hitl
107,2026-07-13 08:45,farm_1,farm,1,,103.0,0.363,,,,,,,,,,,97,hitl
107,2026-07-13 08:45,slaughterhouse_1,slaughterhouse,0,,,,400.0,400.0,,,,,,,,,97,hitl
107,2026-07-13 08:45,wholesaler_1,wholesaler,1,,,,,,41.56,4.15,,,,,,,97,hitl
107,2026-07-13 08:45,retail_1,retail,1,,,,,,,,0.58,33.0,0.0,17.25,14.48,44.2326,97,hitl
108,2026-07-13 09:00,supplier_1,supplier,1,37.79,,,,,,,,,,,,,97,hitl
108,2026-07-13 09:00,farm_1,farm,1,,103.0,0.363,,,,,,,,,,,97,hitl
108,2026-07-13 09:00,slaughterhouse_1,slaughterhouse,0,,,,400.0,400.0,,,,,,,,,97,hitl
108,2026-07-13 09:00,wholesaler_1,wholesaler,1,,,,,,30.53,4.15,,,,,,,97,hitl
108,2026-07-13 09:00,retail_1,retail,1,,,,,,,,0.0,33.0,1.0,17.5,14.48,44.2326,97,hitl
109,2026-07-13 09:15,supplier_1,supplier,1,36.32,,,,,,,,,,,,,97,hitl
109,2026-07-13 09:15,farm_1,farm,1,,103.0,0.363,,,,,,,,,,,97,hitl
109,2026-07-13 09:15,slaughterhouse_1,slaughterhouse,0,,,,400.0,400.0,,,,,,,,,97,hitl
109,2026-07-13 09:15,wholesaler_1,wholesaler,1,,,,,,28.3,4.15,,,,,,,97,hitl
109,2026-07-13 09:15,retail_1,retail,1,,,,,,,,8.29,33.0,1.0,17.75,14.48,44.2326,97,hitl
110,2026-07-13 09:30,supplier_1,supplier,1,34.92,,,,,,,,,,,,,97,hitl
110,2026-07-13 09:30,farm_1,farm,1,,103.0,0.363,,,,,,,,,,,97,hitl
110,2026-07-13 09:30,slaughterhouse_1,slaughterhouse,0,,,,400.0,400.0,,,,,,,,,97,hitl
110,2026-07-13 09:30,wholesaler_1,wholesaler,1,,,,,,26.4,4.15,,,,,,,97,hitl
110,2026-07-13 09:30,retail_1,retail,1,,,,,,,,4.84,33.0,0.0,18.0,14.48,44.2326,97,hitl
111,2026-07-13 09:45,supplier_1,supplier,1,34.35,,,,,,,,,,,,,97,hitl
111,2026-07-13 09:45,farm_1,farm,1,,103.0,0.363,,,,,,,,,,,97,hitl
111,2026-07-13 09:45,slaughterhouse_1,slaughterhouse,0,,,,400.0,400.0,,,,,,,,,97,hitl
111,2026-07-13 09:45,wholesaler_1,wholesaler,1,,,,,,24.79,4.15,,,,,,,97,hitl
111,2026-07-13 09:45,retail_1,retail,1,,,,,,,,0.83,33.0,0.0,18.25,14.48,44.2326,97,hitl
112,2026-07-13 10:00,supplier_1,supplier,1,33.78,,,,,,,,,,,,,97,hitl
112,2026-07-13 10:00,farm_1,farm,1,,103.0,0.363,,,,,,,,,,,97,hitl
112,2026-07-13 10:00,slaughterhouse_1,slaughterhouse,0,,,,400.0,376.0,,,,,,,,,97,hitl
112,2026-07-13 10:00,wholesaler_1,wholesaler,1,,,,,,22.93,4.15,,,,,,,97,hitl
112,2026-07-13 10:00,retail_1,retail,1,,,,,,,,0.0,33.0,1.0,18.5,14.48,44.2326,97,hitl
113,2026-07-13 10:15,supplier_1,supplier,1,33.02,,,,,,,,,,,,,97,hitl
113,2026-07-13 10:15,farm_1,farm,1,,103.0,0.363,,,,,,,,,,,97,hitl
113,2026-07-13 10:15,slaughterhouse_1,slaughterhouse,0,,,,400.0,386.48,,,,,,,,,97,hitl
113,2026-07-13 10:15,wholesaler_1,wholesaler,1,,,,,,44.85,4.15,,,,,,,97,hitl
113,2026-07-13 10:15,retail_1,retail,1,,,,,,,,0.0,33.0,1.0,18.75,14.48,44.2326,97,hitl
114,2026-07-13 10:30,supplier_1,supplier,1,31.8,,,,,,,,,,,,,97,hitl
114,2026-07-13 10:30,farm_1,farm,1,,103.0,0.363,,,,,,,,,,,97,hitl
114,2026-07-13 10:30,slaughterhouse_1,slaughterhouse,0,,,,400.0,398.38,,,,,,,,,97,hitl
114,2026-07-13 10:30,wholesaler_1,wholesaler,1,,,,,,42.49,4.15,,,,,,,97,hitl
114,2026-07-13 10:30,retail_1,retail,1,,,,,,,,0.0,33.0,1.0,19.0,14.48,44.2326,97,hitl
115,2026-07-13 10:45,supplier_1,supplier,1,30.6,,,,,,,,,,,,,97,hitl
115,2026-07-13 10:45,farm_1,farm,1,,103.0,0.363,,,,,,,,,,,97,hitl
115,2026-07-13 10:45,slaughterhouse_1,slaughterhouse,0,,,,400.0,400.0,,,,,,,,,97,hitl
115,2026-07-13 10:45,wholesaler_1,wholesaler,1,,,,,,40.03,4.15,,,,,,,97,hitl
115,2026-07-13 10:45,retail_1,retail,1,,,,,,,,0.0,33.0,1.0,19.25,14.48,44.2326,97,hitl
116,2026-07-13 11:00,supplier_1,supplier,1,29.91,,,,,,,,,,,,,97,hitl
116,2026-07-13 11:00,farm_1,farm,1,,103.0,0.363,,,,,,,,,,,97,hitl
116,2026-07-13 11:00,slaughterhouse_1,slaughterhouse,0,,,,400.0,400.0,,,,,,,,,97,hitl
116,2026-07-13 11:00,wholesaler_1,wholesaler,1,,,,,,30.09,4.15,,,,,,,97,hitl
116,2026-07-13 11:00,retail_1,retail,1,,,,,,,,0.0,33.0,1.0,19.5,14.48,44.2326,97,hitl
117,2026-07-13 11:15,supplier_1,supplier,1,28.77,,,,,,,,,,,,,97,hitl
117,2026-07-13 11:15,farm_1,farm,1,,103.0,0.363,,,,,,,,,,,97,hitl
117,2026-07-13 11:15,slaughterhouse_1,slaughterhouse,0,,,,400.0,400.0,,,,,,,,,97,hitl
117,2026-07-13 11:15,wholesaler_1,wholesaler,1,,,,,,27.79,4.15,,,,,,,97,hitl
117,2026-07-13 11:15,retail_1,retail,1,,,,,,,,8.29,33.0,1.0,19.75,14.48,44.2326,97,hitl
118,2026-07-13 11:30,supplier_1,supplier,1,28.0,,,,,,,,,,,,,97,hitl
118,2026-07-13 11:30,farm_1,farm,1,,103.0,0.363,,,,,,,,,,,97,hitl
118,2026-07-13 11:30,slaughterhouse_1,slaughterhouse,0,,,,400.0,400.0,,,,,,,,,97,hitl
118,2026-07-13 11:30,wholesaler_1,wholesaler,1,,,,,,26.18,4.15,,,,,,,97,hitl
118,2026-07-13 11:30,retail_1,retail,1,,,,,,,,4.3,33.0,0.0,20.0,14.48,44.2326,97,hitl
119,2026-07-13 11:45,supplier_1,supplier,1,27.13,,,,,,,,,,,,,97,hitl
119,2026-07-13 11:45,farm_1,farm,1,,103.0,0.363,,,,,,,,,,,97,hitl
119,2026-07-13 11:45,slaughterhouse_1,slaughterhouse,0,,,,400.0,400.0,,,,,,,,,97,hitl
119,2026-07-13 11:45,wholesaler_1,wholesaler,1,,,,,,24.21,4.15,,,,,,,97,hitl
119,2026-07-13 11:45,retail_1,retail,1,,,,,,,,1.08,33.0,0.0,20.25,14.48,44.2326,97,hitl
120,2026-07-13 12:00,supplier_1,supplier,1,26.59,,,,,,,,,,,,,97,hitl
120,2026-07-13 12:00,farm_1,farm,1,,103.0,0.363,,,,,,,,,,,97,hitl
120,2026-07-13 12:00,slaughterhouse_1,slaughterhouse,0,,,,400.0,376.0,,,,,,,,,97,hitl
120,2026-07-13 12:00,wholesaler_1,wholesaler,1,,,,,,21.64,4.15,,,,,,,97,hitl
120,2026-07-13 12:00,retail_1,retail,1,,,,,,,,0.0,33.0,1.0,20.5,14.48,44.2326,97,hitl
121,2026-07-13 12:15,supplier_1,supplier,1,25.29,,,,,,,,,,,,,97,hitl
121,2026-07-13 12:15,farm_1,farm,1,,103.0,0.363,,,,,,,,,,,97,hitl
121,2026-07-13 12:15,slaughterhouse_1,slaughterhouse,0,,,,400.0,387.22,,,,,,,,,97,hitl
121,2026-07-13 12:15,wholesaler_1,wholesaler,1,,,,,,43.97,4.15,,,,,,,97,hitl
121,2026-07-13 12:15,retail_1,retail,1,,,,,,,,0.0,33.0,1.0,20.75,14.48,44.2326,97,hitl
122,2026-07-13 12:30,supplier_1,supplier,1,24.78,,,,,,,,,,,,,97,hitl
122,2026-07-13 12:30,farm_1,farm,1,,103.0,0.363,,,,,,,,,,,97,hitl
122,2026-07-13 12:30,slaughterhouse_1,slaughterhouse,0,,,,400.0,398.29,,,,,,,,,97,hitl
122,2026-07-13 12:30,wholesaler_1,wholesaler,1,,,,,,41.54,4.15,,,,,,,97,hitl
122,2026-07-13 12:30,retail_1,retail,1,,,,,,,,0.0,33.0,1.0,21.0,14.48,44.2326,97,hitl
123,2026-07-13 12:45,supplier_1,supplier,1,24.06,,,,,,,,,,,,,97,hitl
123,2026-07-13 12:45,farm_1,farm,1,,103.0,0.363,,,,,,,,,,,97,hitl
123,2026-07-13 12:45,slaughterhouse_1,slaughterhouse,0,,,,400.0,400.0,,,,,,,,,97,hitl
123,2026-07-13 12:45,wholesaler_1,wholesaler,1,,,,,,39.47,4.15,,,,,,,97,hitl
123,2026-07-13 12:45,retail_1,retail,1,,,,,,,,0.0,33.0,1.0,21.25,14.48,44.2326,97,hitl
124,2026-07-13 13:00,supplier_1,supplier,1,23.0,,,,,,,,,,,,,97,hitl
124,2026-07-13 13:00,farm_1,farm,1,,103.0,0.363,,,,,,,,,,,97,hitl
124,2026-07-13 13:00,slaughterhouse_1,slaughterhouse,0,,,,400.0,400.0,,,,,,,,,97,hitl
124,2026-07-13 13:00,wholesaler_1,wholesaler,1,,,,,,28.76,4.15,,,,,,,97,hitl
124,2026-07-13 13:00,retail_1,retail,1,,,,,,,,0.0,33.0,1.0,21.5,14.48,44.2326,97,hitl
125,2026-07-13 13:15,supplier_1,supplier,1,22.0,,,,,,,,,,,,,97,hitl
125,2026-07-13 13:15,farm_1,farm,1,,103.0,0.363,,,,,,,,,,,97,hitl
125,2026-07-13 13:15,slaughterhouse_1,slaughterhouse,0,,,,400.0,400.0,,,,,,,,,97,hitl
125,2026-07-13 13:15,wholesaler_1,wholesaler,1,,,,,,26.89,4.15,,,,,,,97,hitl
125,2026-07-13 13:15,retail_1,retail,1,,,,,,,,8.29,33.0,1.0,21.75,14.48,44.2326,97,hitl
126,2026-07-13 13:30,supplier_1,supplier,1,21.17,,,,,,,,,,,,,97,hitl
126,2026-07-13 13:30,farm_1,farm,1,,103.0,0.363,,,,,,,,,,,97,hitl
126,2026-07-13 13:30,slaughterhouse_1,slaughterhouse,0,,,,400.0,400.0,,,,,,,,,97,hitl
126,2026-07-13 13:30,wholesaler_1,wholesaler,1,,,,,,25.12,4.15,,,,,,,97,hitl
126,2026-07-13 13:30,retail_1,retail,1,,,,,,,,4.34,33.0,0.0,22.0,14.48,44.2326,97,hitl
127,2026-07-13 13:45,supplier_1,supplier,1,20.56,,,,,,,,,,,,,97,hitl
127,2026-07-13 13:45,farm_1,farm,1,,103.0,0.363,,,,,,,,,,,97,hitl
127,2026-07-13 13:45,slaughterhouse_1,slaughterhouse,0,,,,400.0,400.0,,,,,,,,,97,hitl
127,2026-07-13 13:45,wholesaler_1,wholesaler,1,,,,,,22.15,4.15,,,,,,,97,hitl
127,2026-07-13 13:45,retail_1,retail,1,,,,,,,,0.3,33.0,0.0,22.25,14.48,44.2326,97,hitl
128,2026-07-13 14:00,supplier_1,supplier,1,19.65,,,,,,,,,,,,,97,hitl
128,2026-07-13 14:00,farm_1,farm,1,,103.0,0.363,,,,,,,,,,,97,hitl
128,2026-07-13 14:00,slaughterhouse_1,slaughterhouse,0,,,,400.0,376.0,,,,,,,,,97,hitl
128,2026-07-13 14:00,wholesaler_1,wholesaler,1,,,,,,20.12,4.15,,,,,,,97,hitl
128,2026-07-13 14:00,retail_1,retail,1,,,,,,,,0.0,33.0,1.0,22.5,14.48,44.2326,97,hitl
129,2026-07-13 14:15,supplier_1,supplier,1,18.78,,,,,,,,,,,,,97,hitl
129,2026-07-13 14:15,farm_1,farm,1,,103.0,0.363,,,,,,,,,,,97,hitl
129,2026-07-13 14:15,slaughterhouse_1,slaughterhouse,0,,,,400.0,386.44,,,,,,,,,97,hitl
129,2026-07-13 14:15,wholesaler_1,wholesaler,1,,,,,,41.91,4.15,,,,,,,97,hitl
129,2026-07-13 14:15,retail_1,retail,1,,,,,,,,0.0,33.0,1.0,22.75,14.48,44.2326,97,hitl
130,2026-07-13 14:30,supplier_1,supplier,1,17.68,,,,,,,,,,,,,97,hitl
130,2026-07-13 14:30,farm_1,farm,1,,103.0,0.363,,,,,,,,,,,97,hitl
130,2026-07-13 14:30,slaughterhouse_1,slaughterhouse,0,,,,400.0,397.75,,,,,,,,,97,hitl
130,2026-07-13 14:30,wholesaler_1,wholesaler,1,,,,,,39.49,4.15,,,,,,,97,hitl
130,2026-07-13 14:30,retail_1,retail,1,,,,,,,,0.0,33.0,1.0,23.0,14.48,44.2326,97,hitl
131,2026-07-13 14:45,supplier_1,supplier,1,16.26,,,,,,,,,,,,,97,hitl
131,2026-07-13 14:45,farm_1,farm,1,,103.0,0.363,,,,,,,,,,,97,hitl
131,2026-07-13 14:45,slaughterhouse_1,slaughterhouse,0,,,,400.0,400.0,,,,,,,,,97,hitl
131,2026-07-13 14:45,wholesaler_1,wholesaler,1,,,,,,37.83,4.15,,,,,,,97,hitl
131,2026-07-13 14:45,retail_1,retail,1,,,,,,,,0.0,33.0,1.0,23.25,14.48,44.2326,97,hitl
132,2026-07-13 15:00,supplier_1,supplier,1,15.23,,,,,,,,,,,,,97,hitl
132,2026-07-13 15:00,farm_1,farm,1,,103.0,0.363,,,,,,,,,,,97,hitl
132,2026-07-13 15:00,slaughterhouse_1,slaughterhouse,0,,,,400.0,400.0,,,,,,,,,97,hitl
132,2026-07-13 15:00,wholesaler_1,wholesaler,1,,,,,,27.28,4.15,,,,,,,97,hitl
132,2026-07-13 15:00,retail_1,retail,1,,,,,,,,0.0,33.0,1.0,23.5,14.48,44.2326,97,hitl
133,2026-07-13 15:15,supplier_1,supplier,1,14.25,,,,,,,,,,,,,97,hitl
133,2026-07-13 15:15,farm_1,farm,1,,103.0,0.363,,,,,,,,,,,97,hitl
133,2026-07-13 15:15,slaughterhouse_1,slaughterhouse,0,,,,400.0,400.0,,,,,,,,,97,hitl
133,2026-07-13 15:15,wholesaler_1,wholesaler,1,,,,,,24.73,4.15,,,,,,,97,hitl
133,2026-07-13 15:15,retail_1,retail,1,,,,,,,,8.29,33.0,1.0,23.75,14.48,44.2326,97,hitl
134,2026-07-13 15:30,supplier_1,supplier,1,12.79,,,,,,,,,,,,,97,hitl
134,2026-07-13 15:30,farm_1,farm,1,,103.0,0.363,,,,,,,,,,,97,hitl
134,2026-07-13 15:30,slaughterhouse_1,slaughterhouse,0,,,,400.0,400.0,,,,,,,,,97,hitl
134,2026-07-13 15:30,wholesaler_1,wholesaler,1,,,,,,21.81,4.15,,,,,,,97,hitl
134,2026-07-13 15:30,retail_1,retail,1,,,,,,,,4.75,33.0,0.0,24.0,14.48,44.2326,97,hitl
135,2026-07-13 15:45,supplier_1,supplier,1,12.24,,,,,,,,,,,,,97,hitl
135,2026-07-13 15:45,farm_1,farm,1,,103.0,0.363,,,,,,,,,,,97,hitl
135,2026-07-13 15:45,slaughterhouse_1,slaughterhouse,0,,,,400.0,400.0,,,,,,,,,97,hitl
135,2026-07-13 15:45,wholesaler_1,wholesaler,1,,,,,,19.17,4.15,,,,,,,97,hitl
135,2026-07-13 15:45,retail_1,retail,1,,,,,,,,1.02,33.0,0.0,24.25,14.48,44.2326,97,hitl
136,2026-07-13 16:00,supplier_1,supplier,1,11.46,,,,,,,,,,,,,97,hitl
136,2026-07-13 16:00,farm_1,farm,1,,103.0,0.363,,,,,,,,,,,97,hitl
136,2026-07-13 16:00,slaughterhouse_1,slaughterhouse,0,,,,400.0,376.0,,,,,,,,,97,hitl
136,2026-07-13 16:00,wholesaler_1,wholesaler,1,,,,,,17.32,4.15,,,,,,,97,hitl
136,2026-07-13 16:00,retail_1,retail,1,,,,,,,,0.0,33.0,1.0,24.5,14.48,44.2326,97,hitl
137,2026-07-13 16:15,supplier_1,supplier,1,10.01,,,,,,,,,,,,,97,hitl
137,2026-07-13 16:15,farm_1,farm,1,,103.0,0.363,,,,,,,,,,,97,hitl
137,2026-07-13 16:15,slaughterhouse_1,slaughterhouse,0,,,,400.0,386.99,,,,,,,,,97,hitl
137,2026-07-13 16:15,wholesaler_1,wholesaler,1,,,,,,39.44,4.15,,,,,,,97,hitl
137,2026-07-13 16:15,retail_1,retail,1,,,,,,,,0.0,33.0,1.0,24.75,14.48,44.2326,97,hitl
138,2026-07-13 16:30,supplier_1,supplier,1,9.04,,,,,,,,,,,,,97,hitl
138,2026-07-13 16:30,farm_1,farm,1,,103.0,0.363,,,,,,,,,,,97,hitl
138,2026-07-13 16:30,slaughterhouse_1,slaughterhouse,0,,,,400.0,398.53,,,,,,,,,97,hitl
138,2026-07-13 16:30,wholesaler_1,wholesaler,1,,,,,,37.64,4.15,,,,,,,97,hitl
138,2026-07-13 16:30,retail_1,retail,1,,,,,,,,0.0,33.0,1.0,25.0,14.48,44.2326,97,hitl
139,2026-07-13 16:45,supplier_1,supplier,1,8.32,,,,,,,,,,,,,97,hitl
139,2026-07-13 16:45,farm_1,farm,1,,103.0,0.363,,,,,,,,,,,97,hitl
139,2026-07-13 16:45,slaughterhouse_1,slaughterhouse,0,,,,400.0,400.0,,,,,,,,,97,hitl
139,2026-07-13 16:45,wholesaler_1,wholesaler,1,,,,,,35.12,4.15,,,,,,,97,hitl
139,2026-07-13 16:45,retail_1,retail,1,,,,,,,,0.0,33.0,1.0,25.25,14.48,44.2326,97,hitl
140,2026-07-13 17:00,supplier_1,supplier,1,7.47,,,,,,,,,,,,,97,hitl
140,2026-07-13 17:00,farm_1,farm,1,,103.0,0.363,,,,,,,,,,,97,hitl
140,2026-07-13 17:00,slaughterhouse_1,slaughterhouse,0,,,,400.0,400.0,,,,,,,,,97,hitl
140,2026-07-13 17:00,wholesaler_1,wholesaler,1,,,,,,32.61,4.15,,,,,,,97,hitl
140,2026-07-13 17:00,retail_1,retail,1,,,,,,,,0.0,33.0,1.0,25.5,14.48,44.2326,97,hitl
141,2026-07-13 17:15,supplier_1,supplier,1,6.5,,,,,,,,,,,,,97,hitl
141,2026-07-13 17:15,farm_1,farm,1,,103.0,0.363,,,,,,,,,,,97,hitl
141,2026-07-13 17:15,slaughterhouse_1,slaughterhouse,0,,,,400.0,400.0,,,,,,,,,97,hitl
141,2026-07-13 17:15,wholesaler_1,wholesaler,1,,,,,,29.68,4.15,,,,,,,97,hitl
141,2026-07-13 17:15,retail_1,retail,1,,,,,,,,0.0,33.0,1.0,25.75,14.48,44.2326,97,hitl
142,2026-07-13 17:30,supplier_1,supplier,1,5.72,,,,,,,,,,,,,97,hitl
142,2026-07-13 17:30,farm_1,farm,1,,103.0,0.363,,,,,,,,,,,97,hitl
142,2026-07-13 17:30,slaughterhouse_1,slaughterhouse,0,,,,400.0,400.0,,,,,,,,,97,hitl
142,2026-07-13 17:30,wholesaler_1,wholesaler,1,,,,,,26.93,4.15,,,,,,,97,hitl
142,2026-07-13 17:30,retail_1,retail,1,,,,,,,,0.0,33.0,1.0,26.0,14.48,44.2326,97,hitl
143,2026-07-13 17:45,supplier_1,supplier,1,4.7,,,,,,,,,,,,,97,hitl
143,2026-07-13 17:45,farm_1,farm,1,,103.0,0.363,,,,,,,,,,,97,hitl
143,2026-07-13 17:45,slaughterhouse_1,slaughterhouse,0,,,,400.0,400.0,,,,,,,,,97,hitl
143,2026-07-13 17:45,wholesaler_1,wholesaler,1,,,,,,24.44,4.15,,,,,,,97,hitl
143,2026-07-13 17:45,retail_1,retail,1,,,,,,,,0.0,33.0,1.0,26.25,14.48,44.2326,97,hitl
144,2026-07-13 18:00,supplier_1,supplier,1,3.7,,,,,,,,,,,,,97,hitl
144,2026-07-13 18:00,farm_1,farm,1,,103.0,0.363,,,,,,,,,,,97,hitl
144,2026-07-13 18:00,slaughterhouse_1,slaughterhouse,1,,,,56.0,24.5,,,,,,,,,97,hitl
144,2026-07-13 18:00,wholesaler_1,wholesaler,1,,,,,,22.51,4.15,,,,,,,97,hitl
144,2026-07-13 18:00,retail_1,retail,1,,,,,,,,0.0,33.0,1.0,26.5,14.48,44.2326,97,hitl
145,2026-07-13 18:15,supplier_1,supplier,1,2.7,,,,,,,,,,,,,97,hitl
145,2026-07-13 18:15,farm_1,farm,1,,103.0,0.363,,,,,,,,,,,97,hitl
145,2026-07-13 18:15,slaughterhouse_1,slaughterhouse,1,,,,56.0,25.99,,,,,,,,,97,hitl
145,2026-07-13 18:15,wholesaler_1,wholesaler,1,,,,,,20.68,4.15,,,,,,,97,hitl
145,2026-07-13 18:15,retail_1,retail,1,,,,,,,,0.0,33.0,1.0,26.75,14.48,44.2326,97,hitl
146,2026-07-13 18:30,supplier_1,supplier,1,1.29,,,,,,,,,,,,,97,hitl
146,2026-07-13 18:30,farm_1,farm,1,,103.0,0.363,,,,,,,,,,,97,hitl
146,2026-07-13 18:30,slaughterhouse_1,slaughterhouse,1,,,,56.0,27.58,,,,,,,,,97,hitl
146,2026-07-13 18:30,wholesaler_1,wholesaler,1,,,,,,18.46,4.15,,,,,,,97,hitl
146,2026-07-13 18:30,retail_1,retail,1,,,,,,,,0.0,33.0,1.0,27.0,14.48,44.2326,97,hitl
147,2026-07-13 18:45,supplier_1,supplier,1,0.09,,,,,,,,,,,,,97,hitl
147,2026-07-13 18:45,farm_1,farm,1,,103.0,0.363,,,,,,,,,,,97,hitl
147,2026-07-13 18:45,slaughterhouse_1,slaughterhouse,1,,,,56.0,29.14,,,,,,,,,97,hitl
147,2026-07-13 18:45,wholesaler_1,wholesaler,1,,,,,,15.89,4.15,,,,,,,97,hitl
147,2026-07-13 18:45,retail_1,retail,1,,,,,,,,0.0,33.0,1.0,27.25,14.48,44.2326,97,hitl
148,2026-07-13 19:00,supplier_1,supplier,1,0.0,,,,,,,,,,,,,97,hitl
148,2026-07-13 19:00,farm_1,farm,1,,103.0,0.363,,,,,,,,,,,97,hitl
148,2026-07-13 19:00,slaughterhouse_1,slaughterhouse,1,,,,56.0,30.58,,,,,,,,,97,hitl
148,2026-07-13 19:00,wholesaler_1,wholesaler,1,,,,,,13.51,4.15,,,,,,,97,hitl
148,2026-07-13 19:00,retail_1,retail,1,,,,,,,,0.0,33.0,1.0,27.5,14.48,44.2326,97,hitl
149,2026-07-13 19:15,supplier_1,supplier,1,0.0,,,,,,,,,,,,,97,hitl
149,2026-07-13 19:15,farm_1,farm,1,,103.0,0.363,,,,,,,,,,,97,hitl
149,2026-07-13 19:15,slaughterhouse_1,slaughterhouse,1,,,,56.0,32.1,,,,,,,,,97,hitl
149,2026-07-13 19:15,wholesaler_1,wholesaler,1,,,,,,10.55,4.15,,,,,,,97,hitl
149,2026-07-13 19:15,retail_1,retail,1,,,,,,,,0.0,33.0,1.0,27.75,14.48,44.2326,97,hitl
150,2026-07-13 19:30,supplier_1,supplier,1,0.0,,,,,,,,,,,,,97,hitl
150,2026-07-13 19:30,farm_1,farm,1,,103.0,0.363,,,,,,,,,,,97,hitl
150,2026-07-13 19:30,slaughterhouse_1,slaughterhouse,1,,,,56.0,33.75,,,,,,,,,97,hitl
150,2026-07-13 19:30,wholesaler_1,wholesaler,1,,,,,,7.75,4.15,,,,,,,97,hitl
150,2026-07-13 19:30,retail_1,retail,1,,,,,,,,0.0,33.0,1.0,28.0,14.48,44.2326,97,hitl
151,2026-07-13 19:45,supplier_1,supplier,1,0.0,,,,,,,,,,,,,97,hitl
151,2026-07-13 19:45,farm_1,farm,1,,103.0,0.363,,,,,,,,,,,97,hitl
151,2026-07-13 19:45,slaughterhouse_1,slaughterhouse,1,,,,56.0,35.3,,,,,,,,,97,hitl
151,2026-07-13 19:45,wholesaler_1,wholesaler,1,,,,,,5.39,4.15,,,,,,,97,hitl
151,2026-07-13 19:45,retail_1,retail,1,,,,,,,,0.0,33.0,1.0,28.25,14.48,44.2326,97,hitl
152,2026-07-13 20:00,supplier_1,supplier,1,0.0,,,,,,,,,,,,,97,hitl
152,2026-07-13 20:00,farm_1,farm,1,,103.0,0.363,,,,,,,,,,,97,hitl
152,2026-07-13 20:00,slaughterhouse_1,slaughterhouse,1,,,,56.0,36.94,,,,,,,,,97,hitl
152,2026-07-13 20:00,wholesaler_1,wholesaler,1,,,,,,3.54,4.15,,,,,,,97,hitl
152,2026-07-13 20:00,retail_1,retail,1,,,,,,,,0.0,33.0,1.0,28.5,14.48,44.2326,97,hitl
153,2026-07-13 20:15,supplier_1,supplier,1,0.0,,,,,,,,,,,,,97,hitl
153,2026-07-13 20:15,farm_1,farm,1,,103.0,0.363,,,,,,,,,,,97,hitl
153,2026-07-13 20:15,slaughterhouse_1,slaughterhouse,1,,,,56.0,38.37,,,,,,,,,97,hitl
153,2026-07-13 20:15,wholesaler_1,wholesaler,1,,,,,,1.18,4.15,,,,,,,97,hitl
153,2026-07-13 20:15,retail_1,retail,1,,,,,,,,0.0,33.0,1.0,28.75,14.48,44.2326,97,hitl
154,2026-07-13 20:30,supplier_1,supplier,1,0.0,,,,,,,,,,,,,97,hitl
154,2026-07-13 20:30,farm_1,farm,1,,103.0,0.363,,,,,,,,,,,97,hitl
154,2026-07-13 20:30,slaughterhouse_1,slaughterhouse,1,,,,56.0,39.99,,,,,,,,,97,hitl
154,2026-07-13 20:30,wholesaler_1,wholesaler,1,,,,,,0.0,4.15,,,,,,,97,hitl
154,2026-07-13 20:30,retail_1,retail,1,,,,,,,,0.0,33.0,1.0,29.0,14.48,44.2326,97,hitl
155,2026-07-13 20:45,supplier_1,supplier,1,0.0,,,,,,,,,,,,,97,hitl
155,2026-07-13 20:45,farm_1,farm,1,,103.0,0.363,,,,,,,,,,,97,hitl
155,2026-07-13 20:45,slaughterhouse_1,slaughterhouse,1,,,,56.0,41.57,,,,,,,,,97,hitl
155,2026-07-13 20:45,wholesaler_1,wholesaler,1,,,,,,0.0,4.15,,,,,,,97,hitl
155,2026-07-13 20:45,retail_1,retail,1,,,,,,,,0.0,33.0,1.0,29.25,14.48,44.2326,97,hitl
156,2026-07-13 21:00,supplier_1,supplier,1,0.0,,,,,,,,,,,,,97,hitl
156,2026-07-13 21:00,farm_1,farm,1,,103.0,0.363,,,,,,,,,,,97,hitl
156,2026-07-13 21:00,slaughterhouse_1,slaughterhouse,1,,,,56.0,43.2,,,,,,,,,97,hitl
156,2026-07-13 21:00,wholesaler_1,wholesaler,1,,,,,,0.0,4.15,,,,,,,97,hitl
156,2026-07-13 21:00,retail_1,retail,1,,,,,,,,0.0,33.0,1.0,29.5,14.48,44.2326,97,hitl
157,2026-07-13 21:15,supplier_1,supplier,1,0.0,,,,,,,,,,,,,97,hitl
157,2026-07-13 21:15,farm_1,farm,1,,103.0,0.363,,,,,,,,,,,97,hitl
157,2026-07-13 21:15,slaughterhouse_1,slaughterhouse,1,,,,56.0,44.63,,,,,,,,,97,hitl
157,2026-07-13 21:15,wholesaler_1,wholesaler,1,,,,,,0.0,4.15,,,,,,,97,hitl
157,2026-07-13 21:15,retail_1,retail,1,,,,,,,,0.0,33.0,1.0,29.75,14.48,44.2326,97,hitl
158,2026-07-13 21:30,supplier_1,supplier,1,0.0,,,,,,,,,,,,,97,hitl
158,2026-07-13 21:30,farm_1,farm,1,,103.0,0.363,,,,,,,,,,,97,hitl
158,2026-07-13 21:30,slaughterhouse_1,slaughterhouse,1,,,,56.0,46.13,,,,,,,,,97,hitl
158,2026-07-13 21:30,wholesaler_1,wholesaler,1,,,,,,0.0,4.15,,,,,,,97,hitl
158,2026-07-13 21:30,retail_1,retail,1,,,,,,,,0.0,33.0,1.0,30.0,14.48,44.2326,97,hitl
159,2026-07-13 21:45,supplier_1,supplier,1,0.0,,,,,,,,,,,,,97,hitl
159,2026-07-13 21:45,farm_1,farm,1,,103.0,0.363,,,,,,,,,,,97,hitl
159,2026-07-13 21:45,slaughterhouse_1,slaughterhouse,1,,,,56.0,47.68,,,,,,,,,97,hitl
159,2026-07-13 21:45,wholesaler_1,wholesaler,1,,,,,,0.0,4.15,,,,,,,97,hitl
159,2026-07-13 21:45,retail_1,retail,1,,,,,,,,0.0,33.0,1.0,30.25,14.48,44.2326,97,hitl
160,2026-07-13 22:00,supplier_1,supplier,1,0.0,,,,,,,,,,,,,97,hitl
160,2026-07-13 22:00,farm_1,farm,1,,103.0,0.363,,,,,,,,,,,97,hitl
160,2026-07-13 22:00,slaughterhouse_1,slaughterhouse,1,,,,56.0,49.26,,,,,,,,,97,hitl
160,2026-07-13 22:00,wholesaler_1,wholesaler,1,,,,,,0.0,4.15,,,,,,,97,hitl
160,2026-07-13 22:00,retail_1,retail,1,,,,,,,,0.0,33.0,1.0,30.5,14.48,44.2326,97,hitl
161,2026-07-13 22:15,supplier_1,supplier,1,0.0,,,,,,,,,,,,,97,hitl
161,2026-07-13 22:15,farm_1,farm,1,,103.0,0.363,,,,,,,,,,,97,hitl
161,2026-07-13 22:15,slaughterhouse_1,slaughterhouse,1,,,,56.0,50.77,,,,,,,,,97,hitl
161,2026-07-13 22:15,wholesaler_1,wholesaler,1,,,,,,0.0,4.15,,,,,,,97,hitl
161,2026-07-13 22:15,retail_1,retail,1,,,,,,,,0.0,33.0,1.0,30.75,14.48,44.2326,97,hitl
162,2026-07-13 22:30,supplier_1,supplier,1,0.0,,,,,,,,,,,,,97,hitl
162,2026-07-13 22:30,farm_1,farm,1,,103.0,0.363,,,,,,,,,,,97,hitl
162,2026-07-13 22:30,slaughterhouse_1,slaughterhouse,1,,,,56.0,52.24,,,,,,,,,97,hitl
162,2026-07-13 22:30,wholesaler_1,wholesaler,1,,,,,,0.0,4.15,,,,,,,97,hitl
162,2026-07-13 22:30,retail_1,retail,1,,,,,,,,0.0,33.0,1.0,31.0,14.48,44.2326,97,hitl
163,2026-07-13 22:45,supplier_1,supplier,1,0.0,,,,,,,,,,,,,97,hitl
163,2026-07-13 22:45,farm_1,farm,1,,103.0,0.363,,,,,,,,,,,97,hitl
163,2026-07-13 22:45,slaughterhouse_1,slaughterhouse,1,,,,56.0,53.82,,,,,,,,,97,hitl
163,2026-07-13 22:45,wholesaler_1,wholesaler,1,,,,,,0.0,4.15,,,,,,,97,hitl
163,2026-07-13 22:45,retail_1,retail,1,,,,,,,,0.0,33.0,1.0,31.25,14.48,44.2326,97,hitl
164,2026-07-13 23:00,supplier_1,supplier,1,0.0,,,,,,,,,,,,,97,hitl
164,2026-07-13 23:00,farm_1,farm,1,,103.0,0.363,,,,,,,,,,,97,hitl
164,2026-07-13 23:00,slaughterhouse_1,slaughterhouse,1,,,,56.0,55.34,,,,,,,,,97,hitl
164,2026-07-13 23:00,wholesaler_1,wholesaler,1,,,,,,0.0,4.15,,,,,,,97,hitl
164,2026-07-13 23:00,retail_1,retail,1,,,,,,,,0.0,33.0,1.0,31.5,14.48,44.2326,97,hitl
165,2026-07-13 23:15,supplier_1,supplier,1,0.0,,,,,,,,,,,,,97,hitl
165,2026-07-13 23:15,farm_1,farm,1,,103.0,0.363,,,,,,,,,,,97,hitl
165,2026-07-13 23:15,slaughterhouse_1,slaughterhouse,1,,,,56.0,56.91,,,,,,,,,97,hitl
165,2026-07-13 23:15,wholesaler_1,wholesaler,1,,,,,,0.0,4.15,,,,,,,97,hitl
165,2026-07-13 23:15,retail_1,retail,1,,,,,,,,0.0,33.0,1.0,31.75,14.48,44.2326,97,hitl
166,2026-07-13 23:30,supplier_1,supplier,1,0.0,,,,,,,,,,,,,97,hitl
166,2026-07-13 23:30,farm_1,farm,1,,103.0,0.363,,,,,,,,,,,97,hitl
166,2026-07-13 23:30,slaughterhouse_1,slaughterhouse,1,,,,56.0,58.44,,,,,,,,,97,hitl
166,2026-07-13 23:30,wholesaler_1,wholesaler,1,,,,,,0.0,4.15,,,,,,,97,hitl
166,2026-07-13 23:30,retail_1,retail,1,,,,,,,,0.0,33.0,1.0,32.0,14.48,44.2326,97,hitl
167,2026-07-13 23:45,supplier_1,supplier,1,0.0,,,,,,,,,,,,,97,hitl
167,2026-07-13 23:45,farm_1,farm,1,,103.0,0.363,,,,,,,,,,,97,hitl
167,2026-07-13 23:45,slaughterhouse_1,slaughterhouse,1,,,,56.0,59.98,,,,,,,,,97,hitl
167,2026-07-13 23:45,wholesaler_1,wholesaler,1,,,,,,0.0,4.15,,,,,,,97,hitl
167,2026-07-13 23:45,retail_1,retail,1,,,,,,,,0.0,33.0,1.0,32.25,14.48,44.2326,97,hitl
168,2026-07-14 00:00,supplier_1,supplier,1,0.0,,,,,,,,,,,,,97,hitl
168,2026-07-14 00:00,farm_1,farm,1,,103.0,0.363,,,,,,,,,,,97,hitl
168,2026-07-14 00:00,slaughterhouse_1,slaughterhouse,1,,,,56.0,57.27,,,,,,,,,97,hitl
168,2026-07-14 00:00,wholesaler_1,wholesaler,1,,,,,,0.0,4.15,,,,,,,97,hitl
168,2026-07-14 00:00,retail_1,retail,1,,,,,,,,0.0,33.0,1.0,32.5,14.48,44.2326,97,hitl
169,2026-07-14 00:15,supplier_1,supplier,1,0.0,,,,,,,,,,,,,97,hitl
169,2026-07-14 00:15,farm_1,farm,1,,103.0,0.363,,,,,,,,,,,97,hitl
169,2026-07-14 00:15,slaughterhouse_1,slaughterhouse,1,,,,56.0,58.75,,,,,,,,,97,hitl
169,2026-07-14 00:15,wholesaler_1,wholesaler,1,,,,,,4.32,4.15,,,,,,,97,hitl
169,2026-07-14 00:15,retail_1,retail,1,,,,,,,,0.0,33.0,1.0,32.75,14.48,44.2326,97,hitl
170,2026-07-14 00:30,supplier_1,supplier,1,0.0,,,,,,,,,,,,,97,hitl
170,2026-07-14 00:30,farm_1,farm,1,,103.0,0.363,,,,,,,,,,,97,hitl
170,2026-07-14 00:30,slaughterhouse_1,slaughterhouse,1,,,,56.0,60.4,,,,,,,,,97,hitl
170,2026-07-14 00:30,wholesaler_1,wholesaler,1,,,,,,2.64,4.15,,,,,,,97,hitl
170,2026-07-14 00:30,retail_1,retail,1,,,,,,,,0.0,33.0,1.0,33.0,14.48,44.2326,97,hitl
171,2026-07-14 00:45,supplier_1,supplier,1,0.0,,,,,,,,,,,,,97,hitl
171,2026-07-14 00:45,farm_1,farm,1,,103.0,0.363,,,,,,,,,,,97,hitl
171,2026-07-14 00:45,slaughterhouse_1,slaughterhouse,1,,,,56.0,62.02,,,,,,,,,97,hitl
171,2026-07-14 00:45,wholesaler_1,wholesaler,1,,,,,,0.3,4.15,,,,,,,97,hitl
171,2026-07-14 00:45,retail_1,retail,1,,,,,,,,0.0,33.0,1.0,33.25,14.48,44.2326,97,hitl
172,2026-07-14 01:00,supplier_1,supplier,1,0.0,,,,,,,,,,,,,97,hitl
172,2026-07-14 01:00,farm_1,farm,1,,103.0,0.363,,,,,,,,,,,97,hitl
172,2026-07-14 01:00,slaughterhouse_1,slaughterhouse,1,,,,56.0,63.64,,,,,,,,,97,hitl
172,2026-07-14 01:00,wholesaler_1,wholesaler,1,,,,,,0.0,4.15,,,,,,,97,hitl
172,2026-07-14 01:00,retail_1,retail,1,,,,,,,,0.0,33.0,1.0,33.5,14.48,44.2326,97,hitl
173,2026-07-14 01:15,supplier_1,supplier,1,0.0,,,,,,,,,,,,,97,hitl
173,2026-07-14 01:15,farm_1,farm,1,,103.0,0.363,,,,,,,,,,,97,hitl
173,2026-07-14 01:15,slaughterhouse_1,slaughterhouse,1,,,,56.0,65.23,,,,,,,,,97,hitl
173,2026-07-14 01:15,wholesaler_1,wholesaler,1,,,,,,0.0,4.15,,,,,,,97,hitl
173,2026-07-14 01:15,retail_1,retail,1,,,,,,,,0.0,33.0,1.0,33.75,14.48,44.2326,97,hitl
174,2026-07-14 01:30,supplier_1,supplier,1,0.0,,,,,,,,,,,,,97,hitl
174,2026-07-14 01:30,farm_1,farm,1,,103.0,0.363,,,,,,,,,,,97,hitl
174,2026-07-14 01:30,slaughterhouse_1,slaughterhouse,1,,,,56.0,66.8,,,,,,,,,97,hitl
174,2026-07-14 01:30,wholesaler_1,wholesaler,1,,,,,,0.0,4.15,,,,,,,97,hitl
174,2026-07-14 01:30,retail_1,retail,1,,,,,,,,0.0,33.0,1.0,34.0,14.48,44.2326,97,hitl
175,2026-07-14 01:45,supplier_1,supplier,1,0.0,,,,,,,,,,,,,97,hitl
175,2026-07-14 01:45,farm_1,farm,1,,103.0,0.363,,,,,,,,,,,97,hitl
175,2026-07-14 01:45,slaughterhouse_1,slaughterhouse,1,,,,56.0,68.35,,,,,,,,,97,hitl
175,2026-07-14 01:45,wholesaler_1,wholesaler,1,,,,,,0.0,4.15,,,,,,,97,hitl
175,2026-07-14 01:45,retail_1,retail,1,,,,,,,,0.0,33.0,1.0,34.25,14.48,44.2326,97,hitl
176,2026-07-14 02:00,supplier_1,supplier,1,0.0,,,,,,,,,,,,,97,hitl
176,2026-07-14 02:00,farm_1,farm,1,,103.0,0.363,,,,,,,,,,,97,hitl
176,2026-07-14 02:00,slaughterhouse_1,slaughterhouse,1,,,,56.0,65.59,,,,,,,,,97,hitl
176,2026-07-14 02:00,wholesaler_1,wholesaler,1,,,,,,0.0,4.15,,,,,,,97,hitl
176,2026-07-14 02:00,retail_1,retail,1,,,,,,,,0.0,33.0,1.0,34.5,14.48,44.2326,97,hitl
177,2026-07-14 02:15,supplier_1,supplier,1,0.0,,,,,,,,,,,,,97,hitl
177,2026-07-14 02:15,farm_1,farm,1,,103.0,0.363,,,,,,,,,,,97,hitl
177,2026-07-14 02:15,slaughterhouse_1,slaughterhouse,1,,,,56.0,67.08,,,,,,,,,97,hitl
177,2026-07-14 02:15,wholesaler_1,wholesaler,1,,,,,,4.32,4.15,,,,,,,97,hitl
177,2026-07-14 02:15,retail_1,retail,1,,,,,,,,0.0,33.0,1.0,34.75,14.48,44.2326,97,hitl
178,2026-07-14 02:30,supplier_1,supplier,1,0.0,,,,,,,,,,,,,97,hitl
178,2026-07-14 02:30,farm_1,farm,1,,103.0,0.363,,,,,,,,,,,97,hitl
178,2026-07-14 02:30,slaughterhouse_1,slaughterhouse,1,,,,56.0,68.59,,,,,,,,,97,hitl
178,2026-07-14 02:30,wholesaler_1,wholesaler,1,,,,,,1.58,4.15,,,,,,,97,hitl
178,2026-07-14 02:30,retail_1,retail,1,,,,,,,,0.0,33.0,1.0,35.0,14.48,44.2326,97,hitl
179,2026-07-14 02:45,supplier_1,supplier,1,0.0,,,,,,,,,,,,,97,hitl
179,2026-07-14 02:45,farm_1,farm,1,,103.0,0.363,,,,,,,,,,,97,hitl
179,2026-07-14 02:45,slaughterhouse_1,slaughterhouse,1,,,,56.0,70.21,,,,,,,,,97,hitl
179,2026-07-14 02:45,wholesaler_1,wholesaler,1,,,,,,0.04,4.15,,,,,,,97,hitl
179,2026-07-14 02:45,retail_1,retail,1,,,,,,,,0.0,33.0,1.0,35.25,14.48,44.2326,97,hitl
180,2026-07-14 03:00,supplier_1,supplier,1,0.0,,,,,,,,,,,,,97,hitl
180,2026-07-14 03:00,farm_1,farm,1,,103.0,0.363,,,,,,,,,,,97,hitl
180,2026-07-14 03:00,slaughterhouse_1,slaughterhouse,1,,,,56.0,71.72,,,,,,,,,97,hitl
180,2026-07-14 03:00,wholesaler_1,wholesaler,1,,,,,,0.0,4.15,,,,,,,97,hitl
180,2026-07-14 03:00,retail_1,retail,1,,,,,,,,0.0,33.0,1.0,35.5,14.48,44.2326,97,hitl
181,2026-07-14 03:15,supplier_1,supplier,1,0.0,,,,,,,,,,,,,97,hitl
181,2026-07-14 03:15,farm_1,farm,1,,103.0,0.363,,,,,,,,,,,97,hitl
181,2026-07-14 03:15,slaughterhouse_1,slaughterhouse,1,,,,56.0,73.33,,,,,,,,,97,hitl
181,2026-07-14 03:15,wholesaler_1,wholesaler,1,,,,,,0.0,4.15,,,,,,,97,hitl
181,2026-07-14 03:15,retail_1,retail,1,,,,,,,,0.0,33.0,1.0,35.75,14.48,44.2326,97,hitl
182,2026-07-14 03:30,supplier_1,supplier,1,0.0,,,,,,,,,,,,,97,hitl
182,2026-07-14 03:30,farm_1,farm,1,,103.0,0.363,,,,,,,,,,,97,hitl
182,2026-07-14 03:30,slaughterhouse_1,slaughterhouse,1,,,,56.0,74.89,,,,,,,,,97,hitl
182,2026-07-14 03:30,wholesaler_1,wholesaler,1,,,,,,0.0,4.15,,,,,,,97,hitl
182,2026-07-14 03:30,retail_1,retail,1,,,,,,,,0.0,33.0,1.0,36.0,14.48,44.2326,97,hitl
183,2026-07-14 03:45,supplier_1,supplier,1,0.0,,,,,,,,,,,,,97,hitl
183,2026-07-14 03:45,farm_1,farm,1,,103.0,0.363,,,,,,,,,,,97,hitl
183,2026-07-14 03:45,slaughterhouse_1,slaughterhouse,1,,,,56.0,76.39,,,,,,,,,97,hitl
183,2026-07-14 03:45,wholesaler_1,wholesaler,1,,,,,,0.0,4.15,,,,,,,97,hitl
183,2026-07-14 03:45,retail_1,retail,1,,,,,,,,0.0,33.0,1.0,36.25,14.48,44.2326,97,hitl
184,2026-07-14 04:00,supplier_1,supplier,1,0.0,,,,,,,,,,,,,97,hitl
184,2026-07-14 04:00,farm_1,farm,1,,103.0,0.363,,,,,,,,,,,97,hitl
184,2026-07-14 04:00,slaughterhouse_1,slaughterhouse,1,,,,56.0,73.55,,,,,,,,,97,hitl
184,2026-07-14 04:00,wholesaler_1,wholesaler,1,,,,,,0.0,4.15,,,,,,,97,hitl
184,2026-07-14 04:00,retail_1,retail,1,,,,,,,,0.0,33.0,1.0,36.5,14.48,44.2326,97,hitl
185,2026-07-14 04:15,supplier_1,supplier,1,0.0,,,,,,,,,,,,,97,hitl
185,2026-07-14 04:15,farm_1,farm,1,,103.0,0.363,,,,,,,,,,,97,hitl
185,2026-07-14 04:15,slaughterhouse_1,slaughterhouse,1,,,,56.0,75.06,,,,,,,,,97,hitl
185,2026-07-14 04:15,wholesaler_1,wholesaler,1,,,,,,4.32,4.15,,,,,,,97,hitl
185,2026-07-14 04:15,retail_1,retail,1,,,,,,,,0.0,33.0,1.0,36.75,14.48,44.2326,97,hitl
186,2026-07-14 04:30,supplier_1,supplier,1,0.0,,,,,,,,,,,,,97,hitl
186,2026-07-14 04:30,farm_1,farm,1,,103.0,0.363,,,,,,,,,,,97,hitl
186,2026-07-14 04:30,slaughterhouse_1,slaughterhouse,1,,,,56.0,76.61,,,,,,,,,97,hitl
186,2026-07-14 04:30,wholesaler_1,wholesaler,1,,,,,,2.07,4.15,,,,,,,97,hitl
186,2026-07-14 04:30,retail_1,retail,1,,,,,,,,0.0,33.0,1.0,37.0,14.48,44.2326,97,hitl
187,2026-07-14 04:45,supplier_1,supplier,1,0.0,,,,,,,,,,,,,97,hitl
187,2026-07-14 04:45,farm_1,farm,1,,103.0,0.363,,,,,,,,,,,97,hitl
187,2026-07-14 04:45,slaughterhouse_1,slaughterhouse,1,,,,56.0,78.18,,,,,,,,,97,hitl
187,2026-07-14 04:45,wholesaler_1,wholesaler,1,,,,,,0.0,4.15,,,,,,,97,hitl
187,2026-07-14 04:45,retail_1,retail,1,,,,,,,,0.0,33.0,1.0,37.25,14.48,44.2326,97,hitl
188,2026-07-14 05:00,supplier_1,supplier,1,0.0,,,,,,,,,,,,,97,hitl
188,2026-07-14 05:00,farm_1,farm,1,,103.0,0.363,,,,,,,,,,,97,hitl
188,2026-07-14 05:00,slaughterhouse_1,slaughterhouse,1,,,,56.0,79.62,,,,,,,,,97,hitl
188,2026-07-14 05:00,wholesaler_1,wholesaler,1,,,,,,0.0,4.15,,,,,,,97,hitl
188,2026-07-14 05:00,retail_1,retail,1,,,,,,,,0.0,33.0,1.0,37.5,14.48,44.2326,97,hitl
189,2026-07-14 05:15,supplier_1,supplier,1,0.0,,,,,,,,,,,,,97,hitl
189,2026-07-14 05:15,farm_1,farm,1,,103.0,0.363,,,,,,,,,,,97,hitl
189,2026-07-14 05:15,slaughterhouse_1,slaughterhouse,1,,,,56.0,81.26,,,,,,,,,97,hitl
189,2026-07-14 05:15,wholesaler_1,wholesaler,1,,,,,,0.0,4.15,,,,,,,97,hitl
189,2026-07-14 05:15,retail_1,retail,1,,,,,,,,0.0,33.0,1.0,37.75,14.48,44.2326,97,hitl
190,2026-07-14 05:30,supplier_1,supplier,1,0.0,,,,,,,,,,,,,97,hitl
190,2026-07-14 05:30,farm_1,farm,1,,103.0,0.363,,,,,,,,,,,97,hitl
190,2026-07-14 05:30,slaughterhouse_1,slaughterhouse,1,,,,56.0,82.93,,,,,,,,,97,hitl
190,2026-07-14 05:30,wholesaler_1,wholesaler,1,,,,,,0.0,4.15,,,,,,,97,hitl
190,2026-07-14 05:30,retail_1,retail,1,,,,,,,,0.0,33.0,1.0,38.0,14.48,44.2326,97,hitl
191,2026-07-14 05:45,supplier_1,supplier,1,0.0,,,,,,,,,,,,,97,hitl
191,2026-07-14 05:45,farm_1,farm,1,,103.0,0.363,,,,,,,,,,,97,hitl
191,2026-07-14 05:45,slaughterhouse_1,slaughterhouse,1,,,,56.0,84.44,,,,,,,,,97,hitl
191,2026-07-14 05:45,wholesaler_1,wholesaler,1,,,,,,0.0,4.15,,,,,,,97,hitl
191,2026-07-14 05:45,retail_1,retail,1,,,,,,,,0.0,33.0,1.0,38.25,14.48,44.2326,97,hitl
192,2026-07-14 06:00,supplier_1,supplier,1,0.0,,,,,,,,,,,,,97,hitl
192,2026-07-14 06:00,farm_1,farm,1,,103.0,0.363,,,,,,,,,,,97,hitl
192,2026-07-14 06:00,slaughterhouse_1,slaughterhouse,1,,,,56.0,81.71,,,,,,,,,97,hitl
192,2026-07-14 06:00,wholesaler_1,wholesaler,1,,,,,,10.49,111.0,,,,,,,97,hitl
192,2026-07-14 06:00,retail_1,retail,1,,,,,,,,0.0,33.0,1.0,38.5,14.48,44.2326,97,hitl
193,2026-07-14 06:15,supplier_1,supplier,1,0.0,,,,,,,,,,,,,97,hitl
193,2026-07-14 06:15,farm_1,farm,1,,103.0,0.363,,,,,,,,,,,97,hitl
193,2026-07-14 06:15,slaughterhouse_1,slaughterhouse,1,,,,56.0,83.22,,,,,,,,,97,hitl
193,2026-07-14 06:15,wholesaler_1,wholesaler,1,,,,,,12.74,111.0,,,,,,,97,hitl
193,2026-07-14 06:15,retail_1,retail,1,,,,,,,,0.0,33.0,1.0,38.75,14.48,44.2326,97,hitl
194,2026-07-14 06:30,supplier_1,supplier,1,0.0,,,,,,,,,,,,,97,hitl
194,2026-07-14 06:30,farm_1,farm,1,,103.0,0.363,,,,,,,,,,,97,hitl
194,2026-07-14 06:30,slaughterhouse_1,slaughterhouse,1,,,,56.0,84.79,,,,,,,,,97,hitl
194,2026-07-14 06:30,wholesaler_1,wholesaler,1,,,,,,10.06,111.0,,,,,,,97,hitl
194,2026-07-14 06:30,retail_1,retail,1,,,,,,,,0.0,33.0,1.0,39.0,14.48,44.2326,97,hitl
195,2026-07-14 06:45,supplier_1,supplier,1,0.0,,,,,,,,,,,,,97,hitl
195,2026-07-14 06:45,farm_1,farm,1,,103.0,0.363,,,,,,,,,,,97,hitl
195,2026-07-14 06:45,slaughterhouse_1,slaughterhouse,1,,,,56.0,86.4,,,,,,,,,97,hitl
195,2026-07-14 06:45,wholesaler_1,wholesaler,1,,,,,,7.99,111.0,,,,,,,97,hitl
195,2026-07-14 06:45,retail_1,retail,1,,,,,,,,0.0,33.0,1.0,39.25,14.48,44.2326,97,hitl
196,2026-07-14 07:00,supplier_1,supplier,1,0.0,,,,,,,,,,,,,97,hitl
196,2026-07-14 07:00,farm_1,farm,1,,103.0,0.363,,,,,,,,,,,97,hitl
196,2026-07-14 07:00,slaughterhouse_1,slaughterhouse,1,,,,56.0,88.03,,,,,,,,,97,hitl
196,2026-07-14 07:00,wholesaler_1,wholesaler,1,,,,,,6.45,111.0,,,,,,,97,hitl
196,2026-07-14 07:00,retail_1,retail,1,,,,,,,,0.0,33.0,1.0,39.5,14.48,44.2326,97,hitl
197,2026-07-14 07:15,supplier_1,supplier,1,0.0,,,,,,,,,,,,,97,hitl
197,2026-07-14 07:15,farm_1,farm,1,,103.0,0.363,,,,,,,,,,,97,hitl
197,2026-07-14 07:15,slaughterhouse_1,slaughterhouse,1,,,,56.0,89.6,,,,,,,,,97,hitl
197,2026-07-14 07:15,wholesaler_1,wholesaler,1,,,,,,4.59,111.0,,,,,,,97,hitl
197,2026-07-14 07:15,retail_1,retail,1,,,,,,,,0.0,33.0,1.0,39.75,14.48,44.2326,97,hitl
198,2026-07-14 07:30,supplier_1,supplier,1,0.0,,,,,,,,,,,,,97,hitl
198,2026-07-14 07:30,farm_1,farm,1,,103.0,0.363,,,,,,,,,,,97,hitl
198,2026-07-14 07:30,slaughterhouse_1,slaughterhouse,1,,,,56.0,91.09,,,,,,,,,97,hitl
198,2026-07-14 07:30,wholesaler_1,wholesaler,1,,,,,,1.63,111.0,,,,,,,97,hitl
198,2026-07-14 07:30,retail_1,retail,1,,,,,,,,0.0,33.0,1.0,40.0,14.48,44.2326,97,hitl
199,2026-07-14 07:45,supplier_1,supplier,1,0.0,,,,,,,,,,,,,97,hitl
199,2026-07-14 07:45,farm_1,farm,1,,103.0,0.363,,,,,,,,,,,97,hitl
199,2026-07-14 07:45,slaughterhouse_1,slaughterhouse,1,,,,56.0,92.74,,,,,,,,,97,hitl
199,2026-07-14 07:45,wholesaler_1,wholesaler,1,,,,,,0.0,111.0,,,,,,,97,hitl
199,2026-07-14 07:45,retail_1,retail,1,,,,,,,,0.0,33.0,1.0,40.25,14.48,44.2326,97,hitl
200,2026-07-14 08:00,supplier_1,supplier,1,0.0,,,,,,,,,,,,,97,hitl
200,2026-07-14 08:00,farm_1,farm,1,,103.0,0.363,,,,,,,,,,,97,hitl
200,2026-07-14 08:00,slaughterhouse_1,slaughterhouse,1,,,,56.0,89.85,,,,,,,,,97,hitl
200,2026-07-14 08:00,wholesaler_1,wholesaler,1,,,,,,0.0,111.0,,,,,,,97,hitl
200,2026-07-14 08:00,retail_1,retail,1,,,,,,,,0.0,33.0,1.0,40.5,14.48,44.2326,97,hitl
201,2026-07-14 08:15,supplier_1,supplier,1,0.0,,,,,,,,,,,,,97,hitl
201,2026-07-14 08:15,farm_1,farm,1,,103.0,0.363,,,,,,,,,,,97,hitl
201,2026-07-14 08:15,slaughterhouse_1,slaughterhouse,1,,,,56.0,91.34,,,,,,,,,97,hitl
201,2026-07-14 08:15,wholesaler_1,wholesaler,1,,,,,,4.32,111.0,,,,,,,97,hitl
201,2026-07-14 08:15,retail_1,retail,1,,,,,,,,0.0,33.0,1.0,40.75,14.48,44.2326,97,hitl
202,2026-07-14 08:30,supplier_1,supplier,1,0.0,,,,,,,,,,,,,97,hitl
202,2026-07-14 08:30,farm_1,farm,1,,103.0,0.363,,,,,,,,,,,97,hitl
202,2026-07-14 08:30,slaughterhouse_1,slaughterhouse,1,,,,56.0,93.0,,,,,,,,,97,hitl
202,2026-07-14 08:30,wholesaler_1,wholesaler,1,,,,,,1.38,111.0,,,,,,,97,hitl
202,2026-07-14 08:30,retail_1,retail,1,,,,,,,,0.0,33.0,1.0,41.0,14.48,44.2326,97,hitl
203,2026-07-14 08:45,supplier_1,supplier,1,0.0,,,,,,,,,,,,,97,hitl
203,2026-07-14 08:45,farm_1,farm,1,,103.0,0.363,,,,,,,,,,,97,hitl
203,2026-07-14 08:45,slaughterhouse_1,slaughterhouse,1,,,,56.0,94.52,,,,,,,,,97,hitl
203,2026-07-14 08:45,wholesaler_1,wholesaler,1,,,,,,0.0,111.0,,,,,,,97,hitl
203,2026-07-14 08:45,retail_1,retail,1,,,,,,,,0.0,33.0,1.0,41.25,14.48,44.2326,97,hitl
204,2026-07-14 09:00,supplier_1,supplier,1,0.0,,,,,,,,,,,,,97,hitl
204,2026-07-14 09:00,farm_1,farm,1,,103.0,0.363,,,,,,,,,,,97,hitl
204,2026-07-14 09:00,slaughterhouse_1,slaughterhouse,1,,,,56.0,96.06,,,,,,,,,97,hitl
204,2026-07-14 09:00,wholesaler_1,wholesaler,1,,,,,,0.0,111.0,,,,,,,97,hitl
204,2026-07-14 09:00,retail_1,retail,1,,,,,,,,0.0,33.0,1.0,41.5,14.48,44.2326,97,hitl
205,2026-07-14 09:15,supplier_1,supplier,1,0.0,,,,,,,,,,,,,97,hitl
205,2026-07-14 09:15,farm_1,farm,1,,103.0,0.363,,,,,,,,,,,97,hitl
205,2026-07-14 09:15,slaughterhouse_1,slaughterhouse,1,,,,56.0,97.71,,,,,,,,,97,hitl
205,2026-07-14 09:15,wholesaler_1,wholesaler,1,,,,,,0.0,111.0,,,,,,,97,hitl
205,2026-07-14 09:15,retail_1,retail,1,,,,,,,,0.0,33.0,1.0,41.75,14.48,44.2326,97,hitl
206,2026-07-14 09:30,supplier_1,supplier,1,0.0,,,,,,,,,,,,,97,hitl
206,2026-07-14 09:30,farm_1,farm,1,,103.0,0.363,,,,,,,,,,,97,hitl
206,2026-07-14 09:30,slaughterhouse_1,slaughterhouse,1,,,,56.0,99.33,,,,,,,,,97,hitl
206,2026-07-14 09:30,wholesaler_1,wholesaler,1,,,,,,0.0,111.0,,,,,,,97,hitl
206,2026-07-14 09:30,retail_1,retail,1,,,,,,,,0.0,33.0,1.0,42.0,14.48,44.2326,97,hitl
207,2026-07-14 09:45,supplier_1,supplier,1,0.0,,,,,,,,,,,,,97,hitl
207,2026-07-14 09:45,farm_1,farm,1,,103.0,0.363,,,,,,,,,,,97,hitl
207,2026-07-14 09:45,slaughterhouse_1,slaughterhouse,1,,,,56.0,100.89,,,,,,,,,97,hitl
207,2026-07-14 09:45,wholesaler_1,wholesaler,1,,,,,,0.0,111.0,,,,,,,97,hitl
207,2026-07-14 09:45,retail_1,retail,1,,,,,,,,0.0,33.0,1.0,42.25,14.48,44.2326,97,hitl
208,2026-07-14 10:00,supplier_1,supplier,1,0.0,,,,,,,,,,,,,97,hitl
208,2026-07-14 10:00,farm_1,farm,1,,103.0,0.363,,,,,,,,,,,97,hitl
208,2026-07-14 10:00,slaughterhouse_1,slaughterhouse,1,,,,56.0,98.09,,,,,,,,,97,hitl
208,2026-07-14 10:00,wholesaler_1,wholesaler,1,,,,,,0.0,111.0,,,,,,,97,hitl
208,2026-07-14 10:00,retail_1,retail,1,,,,,,,,0.0,33.0,1.0,42.5,14.48,44.2326,97,hitl
209,2026-07-14 10:15,supplier_1,supplier,1,0.0,,,,,,,,,,,,,97,hitl
209,2026-07-14 10:15,farm_1,farm,1,,103.0,0.363,,,,,,,,,,,97,hitl
209,2026-07-14 10:15,slaughterhouse_1,slaughterhouse,1,,,,56.0,99.74,,,,,,,,,97,hitl
209,2026-07-14 10:15,wholesaler_1,wholesaler,1,,,,,,4.32,111.0,,,,,,,97,hitl
209,2026-07-14 10:15,retail_1,retail,1,,,,,,,,0.0,33.0,1.0,42.75,14.48,44.2326,97,hitl
210,2026-07-14 10:30,supplier_1,supplier,1,0.0,,,,,,,,,,,,,97,hitl
210,2026-07-14 10:30,farm_1,farm,1,,103.0,0.363,,,,,,,,,,,97,hitl
210,2026-07-14 10:30,slaughterhouse_1,slaughterhouse,1,,,,56.0,101.36,,,,,,,,,97,hitl
210,2026-07-14 10:30,wholesaler_1,wholesaler,1,,,,,,1.76,111.0,,,,,,,97,hitl
210,2026-07-14 10:30,retail_1,retail,1,,,,,,,,0.0,33.0,1.0,43.0,14.48,44.2326,97,hitl
211,2026-07-14 10:45,supplier_1,supplier,1,0.0,,,,,,,,,,,,,97,hitl
211,2026-07-14 10:45,farm_1,farm,1,,103.0,0.363,,,,,,,,,,,97,hitl
211,2026-07-14 10:45,slaughterhouse_1,slaughterhouse,1,,,,56.0,102.85,,,,,,,,,97,hitl
211,2026-07-14 10:45,wholesaler_1,wholesaler,1,,,,,,0.0,111.0,,,,,,,97,hitl
211,2026-07-14 10:45,retail_1,retail,1,,,,,,,,0.0,33.0,1.0,43.25,14.48,44.2326,97,hitl
212,2026-07-14 11:00,supplier_1,supplier,1,0.0,,,,,,,,,,,,,97,hitl
212,2026-07-14 11:00,farm_1,farm,1,,103.0,0.363,,,,,,,,,,,97,hitl
212,2026-07-14 11:00,slaughterhouse_1,slaughterhouse,1,,,,56.0,104.48,,,,,,,,,97,hitl
212,2026-07-14 11:00,wholesaler_1,wholesaler,1,,,,,,0.0,111.0,,,,,,,97,hitl
212,2026-07-14 11:00,retail_1,retail,1,,,,,,,,0.0,33.0,1.0,43.5,14.48,44.2326,97,hitl
213,2026-07-14 11:15,supplier_1,supplier,1,0.0,,,,,,,,,,,,,97,hitl
213,2026-07-14 11:15,farm_1,farm,1,,103.0,0.363,,,,,,,,,,,97,hitl
213,2026-07-14 11:15,slaughterhouse_1,slaughterhouse,1,,,,56.0,106.13,,,,,,,,,97,hitl
213,2026-07-14 11:15,wholesaler_1,wholesaler,1,,,,,,0.0,111.0,,,,,,,97,hitl
213,2026-07-14 11:15,retail_1,retail,1,,,,,,,,0.0,33.0,1.0,43.75,14.48,44.2326,97,hitl
214,2026-07-14 11:30,supplier_1,supplier,1,0.0,,,,,,,,,,,,,97,hitl
214,2026-07-14 11:30,farm_1,farm,1,,103.0,0.363,,,,,,,,,,,97,hitl
214,2026-07-14 11:30,slaughterhouse_1,slaughterhouse,1,,,,56.0,107.72,,,,,,,,,97,hitl
214,2026-07-14 11:30,wholesaler_1,wholesaler,1,,,,,,0.0,111.0,,,,,,,97,hitl
214,2026-07-14 11:30,retail_1,retail,1,,,,,,,,0.0,33.0,1.0,44.0,14.48,44.2326,97,hitl
215,2026-07-14 11:45,supplier_1,supplier,1,0.0,,,,,,,,,,,,,97,hitl
215,2026-07-14 11:45,farm_1,farm,1,,103.0,0.363,,,,,,,,,,,97,hitl
215,2026-07-14 11:45,slaughterhouse_1,slaughterhouse,1,,,,56.0,109.26,,,,,,,,,97,hitl
215,2026-07-14 11:45,wholesaler_1,wholesaler,1,,,,,,0.0,111.0,,,,,,,97,hitl
215,2026-07-14 11:45,retail_1,retail,1,,,,,,,,0.0,33.0,1.0,44.25,14.48,44.2326,97,hitl
216,2026-07-14 12:00,supplier_1,supplier,1,0.0,,,,,,,,,,,,,97,hitl
216,2026-07-14 12:00,farm_1,farm,1,,103.0,0.363,,,,,,,,,,,97,hitl
216,2026-07-14 12:00,slaughterhouse_1,slaughterhouse,1,,,,56.0,106.52,,,,,,,,,97,hitl
216,2026-07-14 12:00,wholesaler_1,wholesaler,1,,,,,,0.0,111.0,,,,,,,97,hitl
216,2026-07-14 12:00,retail_1,retail,1,,,,,,,,0.0,33.0,1.0,44.5,14.48,44.2326,97,hitl
217,2026-07-14 12:15,supplier_1,supplier,1,0.0,,,,,,,,,,,,,97,hitl
217,2026-07-14 12:15,farm_1,farm,1,,103.0,0.363,,,,,,,,,,,97,hitl
217,2026-07-14 12:15,slaughterhouse_1,slaughterhouse,1,,,,56.0,108.16,,,,,,,,,97,hitl
217,2026-07-14 12:15,wholesaler_1,wholesaler,1,,,,,,4.32,111.0,,,,,,,97,hitl
217,2026-07-14 12:15,retail_1,retail,1,,,,,,,,0.0,33.0,1.0,44.75,14.48,44.2326,97,hitl
218,2026-07-14 12:30,supplier_1,supplier,1,0.0,,,,,,,,,,,,,97,hitl
218,2026-07-14 12:30,farm_1,farm,1,,103.0,0.363,,,,,,,,,,,97,hitl
218,2026-07-14 12:30,slaughterhouse_1,slaughterhouse,1,,,,56.0,109.72,,,,,,,,,97,hitl
218,2026-07-14 12:30,wholesaler_1,wholesaler,1,,,,,,1.65,111.0,,,,,,,97,hitl
218,2026-07-14 12:30,retail_1,retail,1,,,,,,,,0.0,33.0,1.0,45.0,14.48,44.2326,97,hitl
219,2026-07-14 12:45,supplier_1,supplier,1,0.0,,,,,,,,,,,,,97,hitl
219,2026-07-14 12:45,farm_1,farm,1,,103.0,0.363,,,,,,,,,,,97,hitl
219,2026-07-14 12:45,slaughterhouse_1,slaughterhouse,1,,,,56.0,111.37,,,,,,,,,97,hitl
219,2026-07-14 12:45,wholesaler_1,wholesaler,1,,,,,,0.0,111.0,,,,,,,97,hitl
219,2026-07-14 12:45,retail_1,retail,1,,,,,,,,0.0,33.0,1.0,45.25,14.48,44.2326,97,hitl
220,2026-07-14 13:00,supplier_1,supplier,1,0.0,,,,,,,,,,,,,97,hitl
220,2026-07-14 13:00,farm_1,farm,1,,103.0,0.363,,,,,,,,,,,97,hitl
220,2026-07-14 13:00,slaughterhouse_1,slaughterhouse,1,,,,56.0,112.84,,,,,,,,,97,hitl
220,2026-07-14 13:00,wholesaler_1,wholesaler,1,,,,,,0.0,111.0,,,,,,,97,hitl
220,2026-07-14 13:00,retail_1,retail,1,,,,,,,,0.0,33.0,1.0,45.5,14.48,44.2326,97,hitl
221,2026-07-14 13:15,supplier_1,supplier,1,0.0,,,,,,,,,,,,,97,hitl
221,2026-07-14 13:15,farm_1,farm,1,,103.0,0.363,,,,,,,,,,,97,hitl
221,2026-07-14 13:15,slaughterhouse_1,slaughterhouse,1,,,,56.0,114.48,,,,,,,,,97,hitl
221,2026-07-14 13:15,wholesaler_1,wholesaler,1,,,,,,0.0,111.0,,,,,,,97,hitl
221,2026-07-14 13:15,retail_1,retail,1,,,,,,,,0.0,33.0,1.0,45.75,14.48,44.2326,97,hitl
222,2026-07-14 13:30,supplier_1,supplier,1,0.0,,,,,,,,,,,,,97,hitl
222,2026-07-14 13:30,farm_1,farm,1,,103.0,0.363,,,,,,,,,,,97,hitl
222,2026-07-14 13:30,slaughterhouse_1,slaughterhouse,1,,,,56.0,116.1,,,,,,,,,97,hitl
222,2026-07-14 13:30,wholesaler_1,wholesaler,1,,,,,,0.0,111.0,,,,,,,97,hitl
222,2026-07-14 13:30,retail_1,retail,1,,,,,,,,0.0,33.0,1.0,46.0,14.48,44.2326,97,hitl
223,2026-07-14 13:45,supplier_1,supplier,1,0.0,,,,,,,,,,,,,97,hitl
223,2026-07-14 13:45,farm_1,farm,1,,103.0,0.363,,,,,,,,,,,97,hitl
223,2026-07-14 13:45,slaughterhouse_1,slaughterhouse,1,,,,56.0,117.6,,,,,,,,,97,hitl
223,2026-07-14 13:45,wholesaler_1,wholesaler,1,,,,,,0.0,111.0,,,,,,,97,hitl
223,2026-07-14 13:45,retail_1,retail,1,,,,,,,,0.0,33.0,1.0,46.25,14.48,44.2326,97,hitl
224,2026-07-14 14:00,supplier_1,supplier,1,0.0,,,,,,,,,,,,,97,hitl
224,2026-07-14 14:00,farm_1,farm,1,,103.0,0.363,,,,,,,,,,,97,hitl
224,2026-07-14 14:00,slaughterhouse_1,slaughterhouse,1,,,,56.0,114.71,,,,,,,,,97,hitl
224,2026-07-14 14:00,wholesaler_1,wholesaler,1,,,,,,0.0,111.0,,,,,,,97,hitl
224,2026-07-14 14:00,retail_1,retail,1,,,,,,,,0.0,33.0,1.0,46.5,14.48,44.2326,97,hitl
225,2026-07-14 14:15,supplier_1,supplier,1,0.0,,,,,,,,,,,,,97,hitl
225,2026-07-14 14:15,farm_1,farm,1,,103.0,0.363,,,,,,,,,,,97,hitl
225,2026-07-14 14:15,slaughterhouse_1,slaughterhouse,1,,,,56.0,116.27,,,,,,,,,97,hitl
225,2026-07-14 14:15,wholesaler_1,wholesaler,1,,,,,,4.32,111.0,,,,,,,97,hitl
225,2026-07-14 14:15,retail_1,retail,1,,,,,,,,0.0,33.0,1.0,46.75,14.48,44.2326,97,hitl
226,2026-07-14 14:30,supplier_1,supplier,1,0.0,,,,,,,,,,,,,97,hitl
226,2026-07-14 14:30,farm_1,farm,1,,103.0,0.363,,,,,,,,,,,97,hitl
226,2026-07-14 14:30,slaughterhouse_1,slaughterhouse,1,,,,56.0,117.87,,,,,,,,,97,hitl
226,2026-07-14 14:30,wholesaler_1,wholesaler,1,,,,,,2.66,111.0,,,,,,,97,hitl
226,2026-07-14 14:30,retail_1,retail,1,,,,,,,,0.0,33.0,1.0,47.0,14.48,44.2326,97,hitl
227,2026-07-14 14:45,supplier_1,supplier,1,0.0,,,,,,,,,,,,,97,hitl
227,2026-07-14 14:45,farm_1,farm,1,,103.0,0.363,,,,,,,,,,,97,hitl
227,2026-07-14 14:45,slaughterhouse_1,slaughterhouse,1,,,,56.0,119.48,,,,,,,,,97,hitl
227,2026-07-14 14:45,wholesaler_1,wholesaler,1,,,,,,0.15,111.0,,,,,,,97,hitl
227,2026-07-14 14:45,retail_1,retail,1,,,,,,,,0.0,33.0,1.0,47.25,14.48,44.2326,97,hitl
228,2026-07-14 15:00,supplier_1,supplier,1,0.0,,,,,,,,,,,,,97,hitl
228,2026-07-14 15:00,farm_1,farm,1,,103.0,0.363,,,,,,,,,,,97,hitl
228,2026-07-14 15:00,slaughterhouse_1,slaughterhouse,1,,,,56.0,121.02,,,,,,,,,97,hitl
228,2026-07-14 15:00,wholesaler_1,wholesaler,1,,,,,,0.0,111.0,,,,,,,97,hitl
228,2026-07-14 15:00,retail_1,retail,1,,,,,,,,0.0,33.0,1.0,47.5,14.48,44.2326,97,hitl
229,2026-07-14 15:15,supplier_1,supplier,1,0.0,,,,,,,,,,,,,97,hitl
229,2026-07-14 15:15,farm_1,farm,1,,103.0,0.363,,,,,,,,,,,97,hitl
229,2026-07-14 15:15,slaughterhouse_1,slaughterhouse,1,,,,56.0,122.54,,,,,,,,,97,hitl
229,2026-07-14 15:15,wholesaler_1,wholesaler,1,,,,,,0.0,111.0,,,,,,,97,hitl
229,2026-07-14 15:15,retail_1,retail,1,,,,,,,,0.0,33.0,1.0,47.75,14.48,44.2326,97,hitl
230,2026-07-14 15:30,supplier_1,supplier,1,0.0,,,,,,,,,,,,,97,hitl
230,2026-07-14 15:30,farm_1,farm,1,,103.0,0.363,,,,,,,,,,,97,hitl
230,2026-07-14 15:30,slaughterhouse_1,slaughterhouse,1,,,,56.0,124.0,,,,,,,,,97,hitl
230,2026-07-14 15:30,wholesaler_1,wholesaler,1,,,,,,0.0,111.0,,,,,,,97,hitl
230,2026-07-14 15:30,retail_1,retail,1,,,,,,,,0.0,33.0,1.0,48.0,14.48,44.2326,97,hitl
231,2026-07-14 15:45,supplier_1,supplier,1,0.0,,,,,,,,,,,,,97,hitl
231,2026-07-14 15:45,farm_1,farm,1,,103.0,0.363,,,,,,,,,,,97,hitl
231,2026-07-14 15:45,slaughterhouse_1,slaughterhouse,1,,,,56.0,125.57,,,,,,,,,97,hitl
231,2026-07-14 15:45,wholesaler_1,wholesaler,1,,,,,,0.0,111.0,,,,,,,97,hitl
231,2026-07-14 15:45,retail_1,retail,1,,,,,,,,0.0,33.0,1.0,48.25,14.48,44.2326,97,hitl
232,2026-07-14 16:00,supplier_1,supplier,1,0.0,,,,,,,,,,,,,97,hitl
232,2026-07-14 16:00,farm_1,farm,1,,103.0,0.363,,,,,,,,,,,97,hitl
232,2026-07-14 16:00,slaughterhouse_1,slaughterhouse,1,,,,56.0,122.86,,,,,,,,,97,hitl
232,2026-07-14 16:00,wholesaler_1,wholesaler,1,,,,,,0.0,111.0,,,,,,,97,hitl
232,2026-07-14 16:00,retail_1,retail,1,,,,,,,,0.0,33.0,1.0,48.5,14.48,44.2326,97,hitl
233,2026-07-14 16:15,supplier_1,supplier,1,0.0,,,,,,,,,,,,,97,hitl
233,2026-07-14 16:15,farm_1,farm,1,,103.0,0.363,,,,,,,,,,,97,hitl
233,2026-07-14 16:15,slaughterhouse_1,slaughterhouse,1,,,,56.0,124.51,,,,,,,,,97,hitl
233,2026-07-14 16:15,wholesaler_1,wholesaler,1,,,,,,4.32,111.0,,,,,,,97,hitl
233,2026-07-14 16:15,retail_1,retail,1,,,,,,,,0.0,33.0,1.0,48.75,14.48,44.2326,97,hitl
234,2026-07-14 16:30,supplier_1,supplier,1,0.0,,,,,,,,,,,,,97,hitl
234,2026-07-14 16:30,farm_1,farm,1,,103.0,0.363,,,,,,,,,,,97,hitl
234,2026-07-14 16:30,slaughterhouse_1,slaughterhouse,1,,,,56.0,126.12,,,,,,,,,97,hitl
234,2026-07-14 16:30,wholesaler_1,wholesaler,1,,,,,,1.66,111.0,,,,,,,97,hitl
234,2026-07-14 16:30,retail_1,retail,1,,,,,,,,0.0,33.0,1.0,49.0,14.48,44.2326,97,hitl
235,2026-07-14 16:45,supplier_1,supplier,1,0.0,,,,,,,,,,,,,97,hitl
235,2026-07-14 16:45,farm_1,farm,1,,103.0,0.363,,,,,,,,,,,97,hitl
235,2026-07-14 16:45,slaughterhouse_1,slaughterhouse,1,,,,56.0,127.71,,,,,,,,,97,hitl
235,2026-07-14 16:45,wholesaler_1,wholesaler,1,,,,,,0.0,111.0,,,,,,,97,hitl
235,2026-07-14 16:45,retail_1,retail,1,,,,,,,,0.0,33.0,1.0,49.25,14.48,44.2326,97,hitl
236,2026-07-14 17:00,supplier_1,supplier,1,0.0,,,,,,,,,,,,,97,hitl
236,2026-07-14 17:00,farm_1,farm,1,,103.0,0.363,,,,,,,,,,,97,hitl
236,2026-07-14 17:00,slaughterhouse_1,slaughterhouse,1,,,,56.0,129.24,,,,,,,,,97,hitl
236,2026-07-14 17:00,wholesaler_1,wholesaler,1,,,,,,0.0,111.0,,,,,,,97,hitl
236,2026-07-14 17:00,retail_1,retail,1,,,,,,,,0.0,33.0,1.0,49.5,14.48,44.2326,97,hitl
237,2026-07-14 17:15,supplier_1,supplier,1,0.0,,,,,,,,,,,,,97,hitl
237,2026-07-14 17:15,farm_1,farm,1,,103.0,0.363,,,,,,,,,,,97,hitl
237,2026-07-14 17:15,slaughterhouse_1,slaughterhouse,1,,,,56.0,130.74,,,,,,,,,97,hitl
237,2026-07-14 17:15,wholesaler_1,wholesaler,1,,,,,,0.0,111.0,,,,,,,97,hitl
237,2026-07-14 17:15,retail_1,retail,1,,,,,,,,0.0,33.0,1.0,49.75,14.48,44.2326,97,hitl
238,2026-07-14 17:30,supplier_1,supplier,1,0.0,,,,,,,,,,,,,97,hitl
238,2026-07-14 17:30,farm_1,farm,1,,103.0,0.363,,,,,,,,,,,97,hitl
238,2026-07-14 17:30,slaughterhouse_1,slaughterhouse,1,,,,56.0,132.38,,,,,,,,,97,hitl
238,2026-07-14 17:30,wholesaler_1,wholesaler,1,,,,,,0.0,111.0,,,,,,,97,hitl
238,2026-07-14 17:30,retail_1,retail,1,,,,,,,,0.0,33.0,1.0,50.0,14.48,44.2326,97,hitl
239,2026-07-14 17:45,supplier_1,supplier,1,0.0,,,,,,,,,,,,,97,hitl
239,2026-07-14 17:45,farm_1,farm,1,,103.0,0.363,,,,,,,,,,,97,hitl
239,2026-07-14 17:45,slaughterhouse_1,slaughterhouse,1,,,,56.0,133.87,,,,,,,,,97,hitl
239,2026-07-14 17:45,wholesaler_1,wholesaler,1,,,,,,0.0,111.0,,,,,,,97,hitl
239,2026-07-14 17:45,retail_1,retail,1,,,,,,,,0.0,33.0,1.0,50.25,14.48,44.2326,97,hitl
240,2026-07-14 18:00,supplier_1,supplier,1,0.0,,,,,,,,,,,,,97,hitl
240,2026-07-14 18:00,farm_1,farm,1,,103.0,0.363,,,,,,,,,,,97,hitl
240,2026-07-14 18:00,slaughterhouse_1,slaughterhouse,1,,,,56.0,131.05,,,,,,,,,97,hitl
240,2026-07-14 18:00,wholesaler_1,wholesaler,1,,,,,,0.0,111.0,,,,,,,97,hitl
240,2026-07-14 18:00,retail_1,retail,1,,,,,,,,0.0,33.0,1.0,50.5,14.48,44.2326,97,hitl
241,2026-07-14 18:15,supplier_1,supplier,1,0.0,,,,,,,,,,,,,97,hitl
241,2026-07-14 18:15,farm_1,farm,1,,103.0,0.363,,,,,,,,,,,97,hitl
241,2026-07-14 18:15,slaughterhouse_1,slaughterhouse,1,,,,56.0,132.68,,,,,,,,,97,hitl
241,2026-07-14 18:15,wholesaler_1,wholesaler,1,,,,,,4.32,111.0,,,,,,,97,hitl
241,2026-07-14 18:15,retail_1,retail,1,,,,,,,,0.0,33.0,1.0,50.75,14.48,44.2326,97,hitl
242,2026-07-14 18:30,supplier_1,supplier,1,0.0,,,,,,,,,,,,,97,hitl
242,2026-07-14 18:30,farm_1,farm,1,,103.0,0.363,,,,,,,,,,,97,hitl
242,2026-07-14 18:30,slaughterhouse_1,slaughterhouse,1,,,,56.0,134.3,,,,,,,,,97,hitl
242,2026-07-14 18:30,wholesaler_1,wholesaler,1,,,,,,2.3,111.0,,,,,,,97,hitl
242,2026-07-14 18:30,retail_1,retail,1,,,,,,,,0.0,33.0,1.0,51.0,14.48,44.2326,97,hitl
243,2026-07-14 18:45,supplier_1,supplier,1,0.0,,,,,,,,,,,,,97,hitl
243,2026-07-14 18:45,farm_1,farm,1,,103.0,0.363,,,,,,,,,,,97,hitl
243,2026-07-14 18:45,slaughterhouse_1,slaughterhouse,1,,,,56.0,135.93,,,,,,,,,97,hitl
243,2026-07-14 18:45,wholesaler_1,wholesaler,1,,,,,,0.0,111.0,,,,,,,97,hitl
243,2026-07-14 18:45,retail_1,retail,1,,,,,,,,0.0,33.0,1.0,51.25,14.48,44.2326,97,hitl
244,2026-07-14 19:00,supplier_1,supplier,1,0.0,,,,,,,,,,,,,97,hitl
244,2026-07-14 19:00,farm_1,farm,1,,103.0,0.363,,,,,,,,,,,97,hitl
244,2026-07-14 19:00,slaughterhouse_1,slaughterhouse,1,,,,56.0,137.55,,,,,,,,,97,hitl
244,2026-07-14 19:00,wholesaler_1,wholesaler,1,,,,,,0.0,111.0,,,,,,,97,hitl
244,2026-07-14 19:00,retail_1,retail,1,,,,,,,,0.0,33.0,1.0,51.5,14.48,44.2326,97,hitl
245,2026-07-14 19:15,supplier_1,supplier,1,0.0,,,,,,,,,,,,,97,hitl
245,2026-07-14 19:15,farm_1,farm,1,,103.0,0.363,,,,,,,,,,,97,hitl
245,2026-07-14 19:15,slaughterhouse_1,slaughterhouse,1,,,,56.0,138.99,,,,,,,,,97,hitl
245,2026-07-14 19:15,wholesaler_1,wholesaler,1,,,,,,0.0,111.0,,,,,,,97,hitl
245,2026-07-14 19:15,retail_1,retail,1,,,,,,,,0.0,33.0,1.0,51.75,14.48,44.2326,97,hitl
246,2026-07-14 19:30,supplier_1,supplier,1,0.0,,,,,,,,,,,,,97,hitl
246,2026-07-14 19:30,farm_1,farm,1,,103.0,0.363,,,,,,,,,,,97,hitl
246,2026-07-14 19:30,slaughterhouse_1,slaughterhouse,1,,,,56.0,140.45,,,,,,,,,97,hitl
246,2026-07-14 19:30,wholesaler_1,wholesaler,1,,,,,,0.0,111.0,,,,,,,97,hitl
246,2026-07-14 19:30,retail_1,retail,1,,,,,,,,0.0,33.0,1.0,52.0,14.48,44.2326,97,hitl
247,2026-07-14 19:45,supplier_1,supplier,1,0.0,,,,,,,,,,,,,97,hitl
247,2026-07-14 19:45,farm_1,farm,1,,103.0,0.363,,,,,,,,,,,97,hitl
247,2026-07-14 19:45,slaughterhouse_1,slaughterhouse,1,,,,56.0,141.98,,,,,,,,,97,hitl
247,2026-07-14 19:45,wholesaler_1,wholesaler,1,,,,,,0.0,111.0,,,,,,,97,hitl
247,2026-07-14 19:45,retail_1,retail,1,,,,,,,,0.0,33.0,1.0,52.25,14.48,44.2326,97,hitl
248,2026-07-14 20:00,supplier_1,supplier,1,0.0,,,,,,,,,,,,,97,hitl
248,2026-07-14 20:00,farm_1,farm,1,,103.0,0.363,,,,,,,,,,,97,hitl
248,2026-07-14 20:00,slaughterhouse_1,slaughterhouse,1,,,,56.0,139.28,,,,,,,,,97,hitl
248,2026-07-14 20:00,wholesaler_1,wholesaler,1,,,,,,0.0,111.0,,,,,,,97,hitl
248,2026-07-14 20:00,retail_1,retail,1,,,,,,,,0.0,33.0,1.0,52.5,14.48,44.2326,97,hitl
249,2026-07-14 20:15,supplier_1,supplier,1,0.0,,,,,,,,,,,,,97,hitl
249,2026-07-14 20:15,farm_1,farm,1,,103.0,0.363,,,,,,,,,,,97,hitl
249,2026-07-14 20:15,slaughterhouse_1,slaughterhouse,1,,,,56.0,140.91,,,,,,,,,97,hitl
249,2026-07-14 20:15,wholesaler_1,wholesaler,1,,,,,,4.32,111.0,,,,,,,97,hitl
249,2026-07-14 20:15,retail_1,retail,1,,,,,,,,0.0,33.0,1.0,52.75,14.48,44.2326,97,hitl
250,2026-07-14 20:30,supplier_1,supplier,1,0.0,,,,,,,,,,,,,97,hitl
250,2026-07-14 20:30,farm_1,farm,1,,103.0,0.363,,,,,,,,,,,97,hitl
250,2026-07-14 20:30,slaughterhouse_1,slaughterhouse,1,,,,56.0,142.5,,,,,,,,,97,hitl
250,2026-07-14 20:30,wholesaler_1,wholesaler,1,,,,,,2.52,111.0,,,,,,,97,hitl
250,2026-07-14 20:30,retail_1,retail,1,,,,,,,,0.0,33.0,1.0,53.0,14.48,44.2326,97,hitl
251,2026-07-14 20:45,supplier_1,supplier,1,0.0,,,,,,,,,,,,,97,hitl
251,2026-07-14 20:45,farm_1,farm,1,,103.0,0.363,,,,,,,,,,,97,hitl
251,2026-07-14 20:45,slaughterhouse_1,slaughterhouse,1,,,,56.0,143.95,,,,,,,,,97,hitl
251,2026-07-14 20:45,wholesaler_1,wholesaler,1,,,,,,0.72,111.0,,,,,,,97,hitl
251,2026-07-14 20:45,retail_1,retail,1,,,,,,,,0.0,33.0,1.0,53.25,14.48,44.2326,97,hitl
252,2026-07-14 21:00,supplier_1,supplier,1,0.0,,,,,,,,,,,,,97,hitl
252,2026-07-14 21:00,farm_1,farm,1,,103.0,0.363,,,,,,,,,,,97,hitl
252,2026-07-14 21:00,slaughterhouse_1,slaughterhouse,1,,,,56.0,145.6,,,,,,,,,97,hitl
252,2026-07-14 21:00,wholesaler_1,wholesaler,1,,,,,,0.0,111.0,,,,,,,97,hitl
252,2026-07-14 21:00,retail_1,retail,1,,,,,,,,0.0,33.0,1.0,53.5,14.48,44.2326,97,hitl
253,2026-07-14 21:15,supplier_1,supplier,1,0.0,,,,,,,,,,,,,97,hitl
253,2026-07-14 21:15,farm_1,farm,1,,103.0,0.363,,,,,,,,,,,97,hitl
253,2026-07-14 21:15,slaughterhouse_1,slaughterhouse,1,,,,56.0,147.07,,,,,,,,,97,hitl
253,2026-07-14 21:15,wholesaler_1,wholesaler,1,,,,,,0.0,111.0,,,,,,,97,hitl
253,2026-07-14 21:15,retail_1,retail,1,,,,,,,,0.0,33.0,1.0,53.75,14.48,44.2326,97,hitl
254,2026-07-14 21:30,supplier_1,supplier,1,0.0,,,,,,,,,,,,,97,hitl
254,2026-07-14 21:30,farm_1,farm,1,,103.0,0.363,,,,,,,,,,,97,hitl
254,2026-07-14 21:30,slaughterhouse_1,slaughterhouse,1,,,,56.0,148.59,,,,,,,,,97,hitl
254,2026-07-14 21:30,wholesaler_1,wholesaler,1,,,,,,0.0,111.0,,,,,,,97,hitl
254,2026-07-14 21:30,retail_1,retail,1,,,,,,,,0.0,33.0,1.0,54.0,14.48,44.2326,97,hitl
255,2026-07-14 21:45,supplier_1,supplier,1,0.0,,,,,,,,,,,,,97,hitl
255,2026-07-14 21:45,farm_1,farm,1,,103.0,0.363,,,,,,,,,,,97,hitl
255,2026-07-14 21:45,slaughterhouse_1,slaughterhouse,1,,,,56.0,150.08,,,,,,,,,97,hitl
255,2026-07-14 21:45,wholesaler_1,wholesaler,1,,,,,,0.0,111.0,,,,,,,97,hitl
255,2026-07-14 21:45,retail_1,retail,1,,,,,,,,0.0,33.0,1.0,54.25,14.48,44.2326,97,hitl
256,2026-07-14 22:00,supplier_1,supplier,1,0.0,,,,,,,,,,,,,97,hitl
256,2026-07-14 22:00,farm_1,farm,1,,103.0,0.363,,,,,,,,,,,97,hitl
256,2026-07-14 22:00,slaughterhouse_1,slaughterhouse,1,,,,56.0,147.35,,,,,,,,,97,hitl
256,2026-07-14 22:00,wholesaler_1,wholesaler,1,,,,,,0.0,111.0,,,,,,,97,hitl
256,2026-07-14 22:00,retail_1,retail,1,,,,,,,,0.0,33.0,1.0,54.5,14.48,44.2326,97,hitl
257,2026-07-14 22:15,supplier_1,supplier,1,0.0,,,,,,,,,,,,,97,hitl
257,2026-07-14 22:15,farm_1,farm,1,,103.0,0.363,,,,,,,,,,,97,hitl
257,2026-07-14 22:15,slaughterhouse_1,slaughterhouse,1,,,,56.0,149.02,,,,,,,,,97,hitl
257,2026-07-14 22:15,wholesaler_1,wholesaler,1,,,,,,4.32,111.0,,,,,,,97,hitl
257,2026-07-14 22:15,retail_1,retail,1,,,,,,,,0.0,33.0,1.0,54.75,14.48,44.2326,97,hitl
258,2026-07-14 22:30,supplier_1,supplier,1,0.0,,,,,,,,,,,,,97,hitl
258,2026-07-14 22:30,farm_1,farm,1,,103.0,0.363,,,,,,,,,,,97,hitl
258,2026-07-14 22:30,slaughterhouse_1,slaughterhouse,1,,,,56.0,150.52,,,,,,,,,97,hitl
258,2026-07-14 22:30,wholesaler_1,wholesaler,1,,,,,,1.85,111.0,,,,,,,97,hitl
258,2026-07-14 22:30,retail_1,retail,1,,,,,,,,0.0,33.0,1.0,55.0,14.48,44.2326,97,hitl
259,2026-07-14 22:45,supplier_1,supplier,1,0.0,,,,,,,,,,,,,97,hitl
259,2026-07-14 22:45,farm_1,farm,1,,103.0,0.363,,,,,,,,,,,97,hitl
259,2026-07-14 22:45,slaughterhouse_1,slaughterhouse,1,,,,56.0,152.08,,,,,,,,,97,hitl
259,2026-07-14 22:45,wholesaler_1,wholesaler,1,,,,,,0.01,111.0,,,,,,,97,hitl
259,2026-07-14 22:45,retail_1,retail,1,,,,,,,,0.0,33.0,1.0,55.25,14.48,44.2326,97,hitl
260,2026-07-14 23:00,supplier_1,supplier,1,0.0,,,,,,,,,,,,,97,hitl
260,2026-07-14 23:00,farm_1,farm,1,,103.0,0.363,,,,,,,,,,,97,hitl
260,2026-07-14 23:00,slaughterhouse_1,slaughterhouse,1,,,,56.0,153.52,,,,,,,,,97,hitl
260,2026-07-14 23:00,wholesaler_1,wholesaler,1,,,,,,0.0,111.0,,,,,,,97,hitl
260,2026-07-14 23:00,retail_1,retail,1,,,,,,,,0.0,33.0,1.0,55.5,14.48,44.2326,97,hitl
261,2026-07-14 23:15,supplier_1,supplier,1,0.0,,,,,,,,,,,,,97,hitl
261,2026-07-14 23:15,farm_1,farm,1,,103.0,0.363,,,,,,,,,,,97,hitl
261,2026-07-14 23:15,slaughterhouse_1,slaughterhouse,1,,,,56.0,155.14,,,,,,,,,97,hitl
261,2026-07-14 23:15,wholesaler_1,wholesaler,1,,,,,,0.0,111.0,,,,,,,97,hitl
261,2026-07-14 23:15,retail_1,retail,1,,,,,,,,0.0,33.0,1.0,55.75,14.48,44.2326,97,hitl
262,2026-07-14 23:30,supplier_1,supplier,1,0.0,,,,,,,,,,,,,97,hitl
262,2026-07-14 23:30,farm_1,farm,1,,103.0,0.363,,,,,,,,,,,97,hitl
262,2026-07-14 23:30,slaughterhouse_1,slaughterhouse,1,,,,56.0,156.66,,,,,,,,,97,hitl
262,2026-07-14 23:30,wholesaler_1,wholesaler,1,,,,,,0.0,111.0,,,,,,,97,hitl
262,2026-07-14 23:30,retail_1,retail,1,,,,,,,,0.0,33.0,1.0,56.0,14.48,44.2326,97,hitl
263,2026-07-14 23:45,supplier_1,supplier,1,0.0,,,,,,,,,,,,,97,hitl
263,2026-07-14 23:45,farm_1,farm,1,,103.0,0.363,,,,,,,,,,,97,hitl
263,2026-07-14 23:45,slaughterhouse_1,slaughterhouse,1,,,,56.0,158.28,,,,,,,,,97,hitl
263,2026-07-14 23:45,wholesaler_1,wholesaler,1,,,,,,0.0,111.0,,,,,,,97,hitl
263,2026-07-14 23:45,retail_1,retail,1,,,,,,,,0.0,33.0,1.0,56.25,14.48,44.2326,97,hitl
264,2026-07-15 00:00,supplier_1,supplier,1,0.0,,,,,,,,,,,,,97,hitl
264,2026-07-15 00:00,farm_1,farm,1,,103.0,0.363,,,,,,,,,,,97,hitl
264,2026-07-15 00:00,slaughterhouse_1,slaughterhouse,1,,,,56.0,155.58,,,,,,,,,97,hitl
264,2026-07-15 00:00,wholesaler_1,wholesaler,1,,,,,,0.0,111.0,,,,,,,97,hitl
264,2026-07-15 00:00,retail_1,retail,1,,,,,,,,0.0,33.0,1.0,56.5,14.48,44.2326,97,hitl
265,2026-07-15 00:15,supplier_1,supplier,1,0.0,,,,,,,,,,,,,97,hitl
265,2026-07-15 00:15,farm_1,farm,1,,103.0,0.363,,,,,,,,,,,97,hitl
265,2026-07-15 00:15,slaughterhouse_1,slaughterhouse,1,,,,56.0,157.17,,,,,,,,,97,hitl
265,2026-07-15 00:15,wholesaler_1,wholesaler,1,,,,,,4.32,111.0,,,,,,,97,hitl
265,2026-07-15 00:15,retail_1,retail,1,,,,,,,,0.0,33.0,1.0,56.75,14.48,44.2326,97,hitl
266,2026-07-15 00:30,supplier_1,supplier,1,0.0,,,,,,,,,,,,,97,hitl
266,2026-07-15 00:30,farm_1,farm,1,,103.0,0.363,,,,,,,,,,,97,hitl
266,2026-07-15 00:30,slaughterhouse_1,slaughterhouse,1,,,,56.0,158.85,,,,,,,,,97,hitl
266,2026-07-15 00:30,wholesaler_1,wholesaler,1,,,,,,1.44,111.0,,,,,,,97,hitl
266,2026-07-15 00:30,retail_1,retail,1,,,,,,,,0.0,33.0,1.0,57.0,14.48,44.2326,97,hitl
267,2026-07-15 00:45,supplier_1,supplier,1,0.0,,,,,,,,,,,,,97,hitl
267,2026-07-15 00:45,farm_1,farm,1,,103.0,0.363,,,,,,,,,,,97,hitl
267,2026-07-15 00:45,slaughterhouse_1,slaughterhouse,1,,,,56.0,160.38,,,,,,,,,97,hitl
267,2026-07-15 00:45,wholesaler_1,wholesaler,1,,,,,,0.0,111.0,,,,,,,97,hitl
267,2026-07-15 00:45,retail_1,retail,1,,,,,,,,0.0,33.0,1.0,57.25,14.48,44.2326,97,hitl
268,2026-07-15 01:00,supplier_1,supplier,1,0.0,,,,,,,,,,,,,97,hitl
268,2026-07-15 01:00,farm_1,farm,1,,103.0,0.363,,,,,,,,,,,97,hitl
268,2026-07-15 01:00,slaughterhouse_1,slaughterhouse,1,,,,56.0,162.03,,,,,,,,,97,hitl
268,2026-07-15 01:00,wholesaler_1,wholesaler,1,,,,,,0.0,111.0,,,,,,,97,hitl
268,2026-07-15 01:00,retail_1,retail,1,,,,,,,,0.0,33.0,1.0,57.5,14.48,44.2326,97,hitl
269,2026-07-15 01:15,supplier_1,supplier,1,0.0,,,,,,,,,,,,,97,hitl
269,2026-07-15 01:15,farm_1,farm,1,,103.0,0.363,,,,,,,,,,,97,hitl
269,2026-07-15 01:15,slaughterhouse_1,slaughterhouse,1,,,,56.0,163.69,,,,,,,,,97,hitl
269,2026-07-15 01:15,wholesaler_1,wholesaler,1,,,,,,0.0,111.0,,,,,,,97,hitl
269,2026-07-15 01:15,retail_1,retail,1,,,,,,,,0.0,33.0,1.0,57.75,14.48,44.2326,97,hitl
270,2026-07-15 01:30,supplier_1,supplier,1,0.0,,,,,,,,,,,,,97,hitl
270,2026-07-15 01:30,farm_1,farm,1,,103.0,0.363,,,,,,,,,,,97,hitl
270,2026-07-15 01:30,slaughterhouse_1,slaughterhouse,1,,,,56.0,165.27,,,,,,,,,97,hitl
270,2026-07-15 01:30,wholesaler_1,wholesaler,1,,,,,,0.0,111.0,,,,,,,97,hitl
270,2026-07-15 01:30,retail_1,retail,1,,,,,,,,0.0,33.0,1.0,58.0,14.48,44.2326,97,hitl
271,2026-07-15 01:45,supplier_1,supplier,1,0.0,,,,,,,,,,,,,97,hitl
271,2026-07-15 01:45,farm_1,farm,1,,103.0,0.363,,,,,,,,,,,97,hitl
271,2026-07-15 01:45,slaughterhouse_1,slaughterhouse,1,,,,56.0,166.76,,,,,,,,,97,hitl
271,2026-07-15 01:45,wholesaler_1,wholesaler,1,,,,,,0.0,111.0,,,,,,,97,hitl
271,2026-07-15 01:45,retail_1,retail,1,,,,,,,,0.0,33.0,1.0,58.25,14.48,44.2326,97,hitl
272,2026-07-15 02:00,supplier_1,supplier,1,0.0,,,,,,,,,,,,,97,hitl
272,2026-07-15 02:00,farm_1,farm,1,,103.0,0.363,,,,,,,,,,,97,hitl
272,2026-07-15 02:00,slaughterhouse_1,slaughterhouse,1,,,,56.0,164.07,,,,,,,,,97,hitl
272,2026-07-15 02:00,wholesaler_1,wholesaler,1,,,,,,0.0,111.0,,,,,,,97,hitl
272,2026-07-15 02:00,retail_1,retail,1,,,,,,,,0.0,33.0,1.0,58.5,14.48,44.2326,97,hitl
273,2026-07-15 02:15,supplier_1,supplier,1,0.0,,,,,,,,,,,,,97,hitl
273,2026-07-15 02:15,farm_1,farm,1,,103.0,0.363,,,,,,,,,,,97,hitl
273,2026-07-15 02:15,slaughterhouse_1,slaughterhouse,1,,,,56.0,165.58,,,,,,,,,97,hitl
273,2026-07-15 02:15,wholesaler_1,wholesaler,1,,,,,,4.32,111.0,,,,,,,97,hitl
273,2026-07-15 02:15,retail_1,retail,1,,,,,,,,0.0,33.0,1.0,58.75,14.48,44.2326,97,hitl
274,2026-07-15 02:30,supplier_1,supplier,1,0.0,,,,,,,,,,,,,97,hitl
274,2026-07-15 02:30,farm_1,farm,1,,103.0,0.363,,,,,,,,,,,97,hitl
274,2026-07-15 02:30,slaughterhouse_1,slaughterhouse,1,,,,56.0,167.04,,,,,,,,,97,hitl
274,2026-07-15 02:30,wholesaler_1,wholesaler,1,,,,,,1.41,111.0,,,,,,,97,hitl
274,2026-07-15 02:30,retail_1,retail,1,,,,,,,,0.0,33.0,1.0,59.0,14.48,44.2326,97,hitl
275,2026-07-15 02:45,supplier_1,supplier,1,0.0,,,,,,,,,,,,,97,hitl
275,2026-07-15 02:45,farm_1,farm,1,,103.0,0.363,,,,,,,,,,,97,hitl
275,2026-07-15 02:45,slaughterhouse_1,slaughterhouse,1,,,,56.0,168.62,,,,,,,,,97,hitl
275,2026-07-15 02:45,wholesaler_1,wholesaler,1,,,,,,0.0,111.0,,,,,,,97,hitl
275,2026-07-15 02:45,retail_1,retail,1,,,,,,,,0.0,33.0,1.0,59.25,14.48,44.2326,97,hitl
276,2026-07-15 03:00,supplier_1,supplier,1,0.0,,,,,,,,,,,,,97,hitl
276,2026-07-15 03:00,farm_1,farm,1,,103.0,0.363,,,,,,,,,,,97,hitl
276,2026-07-15 03:00,slaughterhouse_1,slaughterhouse,1,,,,56.0,170.28,,,,,,,,,97,hitl
276,2026-07-15 03:00,wholesaler_1,wholesaler,1,,,,,,0.0,111.0,,,,,,,97,hitl
276,2026-07-15 03:00,retail_1,retail,1,,,,,,,,0.0,33.0,1.0,59.5,14.48,44.2326,97,hitl
277,2026-07-15 03:15,supplier_1,supplier,1,0.0,,,,,,,,,,,,,97,hitl
277,2026-07-15 03:15,farm_1,farm,1,,103.0,0.363,,,,,,,,,,,97,hitl
277,2026-07-15 03:15,slaughterhouse_1,slaughterhouse,1,,,,56.0,171.72,,,,,,,,,97,hitl
277,2026-07-15 03:15,wholesaler_1,wholesaler,1,,,,,,0.0,111.0,,,,,,,97,hitl
277,2026-07-15 03:15,retail_1,retail,1,,,,,,,,0.0,33.0,1.0,59.75,14.48,44.2326,97,hitl
278,2026-07-15 03:30,supplier_1,supplier,1,0.0,,,,,,,,,,,,,97,hitl
278,2026-07-15 03:30,farm_1,farm,1,,103.0,0.363,,,,,,,,,,,97,hitl
278,2026-07-15 03:30,slaughterhouse_1,slaughterhouse,1,,,,56.0,173.36,,,,,,,,,97,hitl
278,2026-07-15 03:30,wholesaler_1,wholesaler,1,,,,,,0.0,111.0,,,,,,,97,hitl
278,2026-07-15 03:30,retail_1,retail,1,,,,,,,,0.0,33.0,1.0,60.0,14.48,44.2326,97,hitl
279,2026-07-15 03:45,supplier_1,supplier,1,0.0,,,,,,,,,,,,,97,hitl
279,2026-07-15 03:45,farm_1,farm,1,,103.0,0.363,,,,,,,,,,,97,hitl
279,2026-07-15 03:45,slaughterhouse_1,slaughterhouse,1,,,,56.0,174.94,,,,,,,,,97,hitl
279,2026-07-15 03:45,wholesaler_1,wholesaler,1,,,,,,0.0,111.0,,,,,,,97,hitl
279,2026-07-15 03:45,retail_1,retail,1,,,,,,,,0.0,33.0,1.0,60.25,14.48,44.2326,97,hitl
280,2026-07-15 04:00,supplier_1,supplier,1,0.0,,,,,,,,,,,,,97,hitl
280,2026-07-15 04:00,farm_1,farm,1,,103.0,0.363,,,,,,,,,,,97,hitl
280,2026-07-15 04:00,slaughterhouse_1,slaughterhouse,1,,,,56.0,172.17,,,,,,,,,97,hitl
280,2026-07-15 04:00,wholesaler_1,wholesaler,1,,,,,,0.0,111.0,,,,,,,97,hitl
280,2026-07-15 04:00,retail_1,retail,1,,,,,,,,0.0,33.0,1.0,60.5,14.48,44.2326,97,hitl
281,2026-07-15 04:15,supplier_1,supplier,1,0.0,,,,,,,,,,,,,97,hitl
281,2026-07-15 04:15,farm_1,farm,1,,103.0,0.363,,,,,,,,,,,97,hitl
281,2026-07-15 04:15,slaughterhouse_1,slaughterhouse,1,,,,56.0,173.72,,,,,,,,,97,hitl
281,2026-07-15 04:15,wholesaler_1,wholesaler,1,,,,,,4.32,111.0,,,,,,,97,hitl
281,2026-07-15 04:15,retail_1,retail,1,,,,,,,,0.0,33.0,1.0,60.75,14.48,44.2326,97,hitl
282,2026-07-15 04:30,supplier_1,supplier,1,0.0,,,,,,,,,,,,,97,hitl
282,2026-07-15 04:30,farm_1,farm,1,,103.0,0.363,,,,,,,,,,,97,hitl
282,2026-07-15 04:30,slaughterhouse_1,slaughterhouse,1,,,,56.0,175.3,,,,,,,,,97,hitl
282,2026-07-15 04:30,wholesaler_1,wholesaler,1,,,,,,1.74,111.0,,,,,,,97,hitl
282,2026-07-15 04:30,retail_1,retail,1,,,,,,,,0.0,33.0,1.0,61.0,14.48,44.2326,97,hitl
283,2026-07-15 04:45,supplier_1,supplier,1,0.0,,,,,,,,,,,,,97,hitl
283,2026-07-15 04:45,farm_1,farm,1,,103.0,0.363,,,,,,,,,,,97,hitl
283,2026-07-15 04:45,slaughterhouse_1,slaughterhouse,1,,,,56.0,176.85,,,,,,,,,97,hitl
283,2026-07-15 04:45,wholesaler_1,wholesaler,1,,,,,,0.0,111.0,,,,,,,97,hitl
283,2026-07-15 04:45,retail_1,retail,1,,,,,,,,0.0,33.0,1.0,61.25,14.48,44.2326,97,hitl
284,2026-07-15 05:00,supplier_1,supplier,1,0.0,,,,,,,,,,,,,97,hitl
284,2026-07-15 05:00,farm_1,farm,1,,103.0,0.363,,,,,,,,,,,97,hitl
284,2026-07-15 05:00,slaughterhouse_1,slaughterhouse,1,,,,56.0,178.37,,,,,,,,,97,hitl
284,2026-07-15 05:00,wholesaler_1,wholesaler,1,,,,,,0.0,111.0,,,,,,,97,hitl
284,2026-07-15 05:00,retail_1,retail,1,,,,,,,,0.0,33.0,1.0,61.5,14.48,44.2326,97,hitl
285,2026-07-15 05:15,supplier_1,supplier,1,0.0,,,,,,,,,,,,,97,hitl
285,2026-07-15 05:15,farm_1,farm,1,,103.0,0.363,,,,,,,,,,,97,hitl
285,2026-07-15 05:15,slaughterhouse_1,slaughterhouse,1,,,,56.0,179.84,,,,,,,,,97,hitl
285,2026-07-15 05:15,wholesaler_1,wholesaler,1,,,,,,0.0,111.0,,,,,,,97,hitl
285,2026-07-15 05:15,retail_1,retail,1,,,,,,,,0.0,33.0,1.0,61.75,14.48,44.2326,97,hitl
286,2026-07-15 05:30,supplier_1,supplier,1,0.0,,,,,,,,,,,,,97,hitl
286,2026-07-15 05:30,farm_1,farm,1,,103.0,0.363,,,,,,,,,,,97,hitl
286,2026-07-15 05:30,slaughterhouse_1,slaughterhouse,1,,,,56.0,181.37,,,,,,,,,97,hitl
286,2026-07-15 05:30,wholesaler_1,wholesaler,1,,,,,,0.0,111.0,,,,,,,97,hitl
286,2026-07-15 05:30,retail_1,retail,1,,,,,,,,0.0,33.0,1.0,62.0,14.48,44.2326,97,hitl
287,2026-07-15 05:45,supplier_1,supplier,1,0.0,,,,,,,,,,,,,97,hitl
287,2026-07-15 05:45,farm_1,farm,1,,103.0,0.363,,,,,,,,,,,97,hitl
287,2026-07-15 05:45,slaughterhouse_1,slaughterhouse,1,,,,56.0,182.81,,,,,,,,,97,hitl
287,2026-07-15 05:45,wholesaler_1,wholesaler,1,,,,,,0.0,111.0,,,,,,,97,hitl
287,2026-07-15 05:45,retail_1,retail,1,,,,,,,,0.0,33.0,1.0,62.25,14.48,44.2326,97,hitl
288,2026-07-15 06:00,supplier_1,supplier,1,0.0,,,,,,,,,,,,,97,hitl
288,2026-07-15 06:00,farm_1,farm,1,,103.0,0.363,,,,,,,,,,,97,hitl
288,2026-07-15 06:00,slaughterhouse_1,slaughterhouse,1,,,,56.0,180.05,,,,,,,,,97,hitl
288,2026-07-15 06:00,wholesaler_1,wholesaler,1,,,,,,0.0,111.0,,,,,,,97,hitl
288,2026-07-15 06:00,retail_1,retail,1,,,,,,,,0.0,33.0,1.0,62.5,14.48,44.2326,97,hitl
289,2026-07-15 06:15,supplier_1,supplier,1,0.0,,,,,,,,,,,,,97,hitl
289,2026-07-15 06:15,farm_1,farm,1,,103.0,0.363,,,,,,,,,,,97,hitl
289,2026-07-15 06:15,slaughterhouse_1,slaughterhouse,1,,,,56.0,181.53,,,,,,,,,97,hitl
289,2026-07-15 06:15,wholesaler_1,wholesaler,1,,,,,,4.32,111.0,,,,,,,97,hitl
289,2026-07-15 06:15,retail_1,retail,1,,,,,,,,0.0,33.0,1.0,62.75,14.48,44.2326,97,hitl
290,2026-07-15 06:30,supplier_1,supplier,1,0.0,,,,,,,,,,,,,97,hitl
290,2026-07-15 06:30,farm_1,farm,1,,103.0,0.363,,,,,,,,,,,97,hitl
290,2026-07-15 06:30,slaughterhouse_1,slaughterhouse,1,,,,56.0,182.96,,,,,,,,,97,hitl
290,2026-07-15 06:30,wholesaler_1,wholesaler,1,,,,,,1.42,111.0,,,,,,,97,hitl
290,2026-07-15 06:30,retail_1,retail,1,,,,,,,,0.0,33.0,1.0,63.0,14.48,44.2326,97,hitl
291,2026-07-15 06:45,supplier_1,supplier,1,0.0,,,,,,,,,,,,,97,hitl
291,2026-07-15 06:45,farm_1,farm,1,,103.0,0.363,,,,,,,,,,,97,hitl
291,2026-07-15 06:45,slaughterhouse_1,slaughterhouse,1,,,,56.0,184.48,,,,,,,,,97,hitl
291,2026-07-15 06:45,wholesaler_1,wholesaler,1,,,,,,0.0,111.0,,,,,,,97,hitl
291,2026-07-15 06:45,retail_1,retail,1,,,,,,,,0.0,33.0,1.0,63.25,14.48,44.2326,97,hitl
292,2026-07-15 07:00,supplier_1,supplier,1,0.0,,,,,,,,,,,,,97,hitl
292,2026-07-15 07:00,farm_1,farm,1,,103.0,0.363,,,,,,,,,,,97,hitl
292,2026-07-15 07:00,slaughterhouse_1,slaughterhouse,1,,,,56.0,185.92,,,,,,,,,97,hitl
292,2026-07-15 07:00,wholesaler_1,wholesaler,1,,,,,,0.0,111.0,,,,,,,97,hitl
292,2026-07-15 07:00,retail_1,retail,1,,,,,,,,0.0,33.0,1.0,63.5,14.48,44.2326,97,hitl
293,2026-07-15 07:15,supplier_1,supplier,1,0.0,,,,,,,,,,,,,97,hitl
293,2026-07-15 07:15,farm_1,farm,1,,103.0,0.363,,,,,,,,,,,97,hitl
293,2026-07-15 07:15,slaughterhouse_1,slaughterhouse,1,,,,56.0,187.35,,,,,,,,,97,hitl
293,2026-07-15 07:15,wholesaler_1,wholesaler,1,,,,,,0.0,111.0,,,,,,,97,hitl
293,2026-07-15 07:15,retail_1,retail,1,,,,,,,,0.0,33.0,1.0,63.75,14.48,44.2326,97,hitl
294,2026-07-15 07:30,supplier_1,supplier,1,679.34,,,,,,,,,,,,,97,hitl
294,2026-07-15 07:30,farm_1,farm,1,,103.0,0.363,,,,,,,,,,,97,hitl
294,2026-07-15 07:30,slaughterhouse_1,slaughterhouse,1,,,,56.0,188.96,,,,,,,,,97,hitl
294,2026-07-15 07:30,wholesaler_1,wholesaler,1,,,,,,0.0,111.0,,,,,,,97,hitl
294,2026-07-15 07:30,retail_1,retail,1,,,,,,,,0.0,33.0,1.0,64.0,14.48,44.2326,97,hitl
295,2026-07-15 07:45,supplier_1,supplier,1,678.44,,,,,,,,,,,,,97,hitl
295,2026-07-15 07:45,farm_1,farm,1,,103.0,0.363,,,,,,,,,,,97,hitl
295,2026-07-15 07:45,slaughterhouse_1,slaughterhouse,1,,,,56.0,190.49,,,,,,,,,97,hitl
295,2026-07-15 07:45,wholesaler_1,wholesaler,1,,,,,,0.0,111.0,,,,,,,97,hitl
295,2026-07-15 07:45,retail_1,retail,1,,,,,,,,0.0,33.0,1.0,64.25,14.48,44.2326,97,hitl
296,2026-07-15 08:00,supplier_1,supplier,1,677.18,,,,,,,,,,,,,97,hitl
296,2026-07-15 08:00,farm_1,farm,1,,103.0,0.363,,,,,,,,,,,97,hitl
296,2026-07-15 08:00,slaughterhouse_1,slaughterhouse,1,,,,56.0,187.8,,,,,,,,,97,hitl
296,2026-07-15 08:00,wholesaler_1,wholesaler,1,,,,,,0.0,111.0,,,,,,,97,hitl
296,2026-07-15 08:00,retail_1,retail,1,,,,,,,,0.0,33.0,1.0,64.5,14.48,44.2326,97,hitl
297,2026-07-15 08:15,supplier_1,supplier,1,676.62,,,,,,,,,,,,,97,hitl
297,2026-07-15 08:15,farm_1,farm,1,,103.0,0.363,,,,,,,,,,,97,hitl
297,2026-07-15 08:15,slaughterhouse_1,slaughterhouse,1,,,,56.0,189.38,,,,,,,,,97,hitl
297,2026-07-15 08:15,wholesaler_1,wholesaler,1,,,,,,4.32,111.0,,,,,,,97,hitl
297,2026-07-15 08:15,retail_1,retail,1,,,,,,,,0.0,33.0,1.0,64.75,14.48,44.2326,97,hitl
298,2026-07-15 08:30,supplier_1,supplier,1,676.05,,,,,,,,,,,,,97,hitl
298,2026-07-15 08:30,farm_1,farm,1,,103.0,0.363,,,,,,,,,,,97,hitl
298,2026-07-15 08:30,slaughterhouse_1,slaughterhouse,1,,,,56.0,190.87,,,,,,,,,97,hitl
298,2026-07-15 08:30,wholesaler_1,wholesaler,1,,,,,,2.51,111.0,,,,,,,97,hitl
298,2026-07-15 08:30,retail_1,retail,1,,,,,,,,0.0,33.0,1.0,65.0,14.48,44.2326,97,hitl
299,2026-07-15 08:45,supplier_1,supplier,1,674.92,,,,,,,,,,,,,97,hitl
299,2026-07-15 08:45,farm_1,farm,1,,103.0,0.363,,,,,,,,,,,97,hitl
299,2026-07-15 08:45,slaughterhouse_1,slaughterhouse,1,,,,56.0,192.32,,,,,,,,,97,hitl
299,2026-07-15 08:45,wholesaler_1,wholesaler,1,,,,,,0.43,111.0,,,,,,,97,hitl
299,2026-07-15 08:45,retail_1,retail,1,,,,,,,,0.0,33.0,1.0,65.25,14.48,44.2326,97,hitl
300,2026-07-15 09:00,supplier_1,supplier,1,673.63,,,,,,,,,,,,,97,hitl
300,2026-07-15 09:00,farm_1,farm,1,,103.0,0.363,,,,,,,,,,,97,hitl
300,2026-07-15 09:00,slaughterhouse_1,slaughterhouse,1,,,,56.0,193.8,,,,,,,,,97,hitl
300,2026-07-15 09:00,wholesaler_1,wholesaler,1,,,,,,0.0,111.0,,,,,,,97,hitl
300,2026-07-15 09:00,retail_1,retail,1,,,,,,,,0.0,33.0,1.0,65.5,14.48,44.2326,97,hitl
301,2026-07-15 09:15,supplier_1,supplier,1,672.92,,,,,,,,,,,,,97,hitl
301,2026-07-15 09:15,farm_1,farm,1,,103.0,0.363,,,,,,,,,,,97,hitl
301,2026-07-15 09:15,slaughterhouse_1,slaughterhouse,1,,,,56.0,195.29,,,,,,,,,97,hitl
301,2026-07-15 09:15,wholesaler_1,wholesaler,1,,,,,,0.0,111.0,,,,,,,97,hitl
301,2026-07-15 09:15,retail_1,retail,1,,,,,,,,0.0,33.0,1.0,65.75,14.48,44.2326,97,hitl
302,2026-07-15 09:30,supplier_1,supplier,1,672.0,,,,,,,,,,,,,97,hitl
302,2026-07-15 09:30,farm_1,farm,1,,103.0,0.363,,,,,,,,,,,97,hitl
302,2026-07-15 09:30,slaughterhouse_1,slaughterhouse,1,,,,56.0,196.77,,,,,,,,,97,hitl
302,2026-07-15 09:30,wholesaler_1,wholesaler,1,,,,,,0.0,111.0,,,,,,,97,hitl
302,2026-07-15 09:30,retail_1,retail,1,,,,,,,,0.0,33.0,1.0,66.0,14.48,44.2326,97,hitl
303,2026-07-15 09:45,supplier_1,supplier,1,670.56,,,,,,,,,,,,,97,hitl
303,2026-07-15 09:45,farm_1,farm,1,,103.0,0.363,,,,,,,,,,,97,hitl
303,2026-07-15 09:45,slaughterhouse_1,slaughterhouse,1,,,,56.0,198.37,,,,,,,,,97,hitl
303,2026-07-15 09:45,wholesaler_1,wholesaler,1,,,,,,0.0,111.0,,,,,,,97,hitl
303,2026-07-15 09:45,retail_1,retail,1,,,,,,,,0.0,33.0,1.0,66.25,14.48,44.2326,97,hitl
304,2026-07-15 10:00,supplier_1,supplier,1,669.87,,,,,,,,,,,,,97,hitl
304,2026-07-15 10:00,farm_1,farm,1,,103.0,0.363,,,,,,,,,,,97,hitl
304,2026-07-15 10:00,slaughterhouse_1,slaughterhouse,1,,,,56.0,195.56,,,,,,,,,97,hitl
304,2026-07-15 10:00,wholesaler_1,wholesaler,1,,,,,,0.0,111.0,,,,,,,97,hitl
304,2026-07-15 10:00,retail_1,retail,1,,,,,,,,0.0,33.0,1.0,66.5,14.48,44.2326,97,hitl
305,2026-07-15 10:15,supplier_1,supplier,1,668.83,,,,,,,,,,,,,97,hitl
305,2026-07-15 10:15,farm_1,farm,1,,103.0,0.363,,,,,,,,,,,97,hitl
305,2026-07-15 10:15,slaughterhouse_1,slaughterhouse,1,,,,56.0,197.08,,,,,,,,,97,hitl
305,2026-07-15 10:15,wholesaler_1,wholesaler,1,,,,,,4.32,111.0,,,,,,,97,hitl
305,2026-07-15 10:15,retail_1,retail,1,,,,,,,,0.0,33.0,1.0,66.75,14.48,44.2326,97,hitl
306,2026-07-15 10:30,supplier_1,supplier,1,668.07,,,,,,,,,,,,,97,hitl
306,2026-07-15 10:30,farm_1,farm,1,,103.0,0.363,,,,,,,,,,,97,hitl
306,2026-07-15 10:30,slaughterhouse_1,slaughterhouse,1,,,,56.0,198.54,,,,,,,,,97,hitl
306,2026-07-15 10:30,wholesaler_1,wholesaler,1,,,,,,2.12,111.0,,,,,,,97,hitl
306,2026-07-15 10:30,retail_1,retail,1,,,,,,,,0.0,33.0,1.0,67.0,14.48,44.2326,97,hitl
307,2026-07-15 10:45,supplier_1,supplier,1,666.79,,,,,,,,,,,,,97,hitl
307,2026-07-15 10:45,farm_1,farm,1,,103.0,0.363,,,,,,,,,,,97,hitl
307,2026-07-15 10:45,slaughterhouse_1,slaughterhouse,1,,,,56.0,200.14,,,,,,,,,97,hitl
307,2026-07-15 10:45,wholesaler_1,wholesaler,1,,,,,,0.49,111.0,,,,,,,97,hitl
307,2026-07-15 10:45,retail_1,retail,1,,,,,,,,0.0,33.0,1.0,67.25,14.48,44.2326,97,hitl
308,2026-07-15 11:00,supplier_1,supplier,1,665.31,,,,,,,,,,,,,97,hitl
308,2026-07-15 11:00,farm_1,farm,1,,103.0,0.363,,,,,,,,,,,97,hitl
308,2026-07-15 11:00,slaughterhouse_1,slaughterhouse,1,,,,56.0,201.74,,,,,,,,,97,hitl
308,2026-07-15 11:00,wholesaler_1,wholesaler,1,,,,,,0.0,111.0,,,,,,,97,hitl
308,2026-07-15 11:00,retail_1,retail,1,,,,,,,,0.0,33.0,1.0,67.5,14.48,44.2326,97,hitl
309,2026-07-15 11:15,supplier_1,supplier,1,664.36,,,,,,,,,,,,,97,hitl
309,2026-07-15 11:15,farm_1,farm,1,,103.0,0.363,,,,,,,,,,,97,hitl
309,2026-07-15 11:15,slaughterhouse_1,slaughterhouse,1,,,,56.0,203.33,,,,,,,,,97,hitl
309,2026-07-15 11:15,wholesaler_1,wholesaler,1,,,,,,0.0,111.0,,,,,,,97,hitl
309,2026-07-15 11:15,retail_1,retail,1,,,,,,,,0.0,33.0,1.0,67.75,14.48,44.2326,97,hitl
310,2026-07-15 11:30,supplier_1,supplier,1,663.13,,,,,,,,,,,,,97,hitl
310,2026-07-15 11:30,farm_1,farm,1,,103.0,0.363,,,,,,,,,,,97,hitl
310,2026-07-15 11:30,slaughterhouse_1,slaughterhouse,1,,,,56.0,204.89,,,,,,,,,97,hitl
310,2026-07-15 11:30,wholesaler_1,wholesaler,1,,,,,,0.0,111.0,,,,,,,97,hitl
310,2026-07-15 11:30,retail_1,retail,1,,,,,,,,0.0,33.0,1.0,68.0,14.48,44.2326,97,hitl
311,2026-07-15 11:45,supplier_1,supplier,1,662.48,,,,,,,,,,,,,97,hitl
311,2026-07-15 11:45,farm_1,farm,1,,103.0,0.363,,,,,,,,,,,97,hitl
311,2026-07-15 11:45,slaughterhouse_1,slaughterhouse,1,,,,56.0,206.54,,,,,,,,,97,hitl
311,2026-07-15 11:45,wholesaler_1,wholesaler,1,,,,,,0.0,111.0,,,,,,,97,hitl
311,2026-07-15 11:45,retail_1,retail,1,,,,,,,,0.0,33.0,1.0,68.25,14.48,44.2326,97,hitl
312,2026-07-15 12:00,supplier_1,supplier,1,661.53,,,,,,,,,,,,,97,hitl
312,2026-07-15 12:00,farm_1,farm,1,,103.0,0.363,,,,,,,,,,,97,hitl
312,2026-07-15 12:00,slaughterhouse_1,slaughterhouse,1,,,,56.0,203.69,,,,,,,,,97,hitl
312,2026-07-15 12:00,wholesaler_1,wholesaler,1,,,,,,0.0,111.0,,,,,,,97,hitl
312,2026-07-15 12:00,retail_1,retail,1,,,,,,,,0.0,33.0,1.0,68.5,14.48,44.2326,97,hitl
313,2026-07-15 12:15,supplier_1,supplier,1,660.07,,,,,,,,,,,,,97,hitl
313,2026-07-15 12:15,farm_1,farm,1,,103.0,0.363,,,,,,,,,,,97,hitl
313,2026-07-15 12:15,slaughterhouse_1,slaughterhouse,1,,,,56.0,205.31,,,,,,,,,97,hitl
313,2026-07-15 12:15,wholesaler_1,wholesaler,1,,,,,,4.32,111.0,,,,,,,97,hitl
313,2026-07-15 12:15,retail_1,retail,1,,,,,,,,0.0,33.0,1.0,68.75,14.48,44.2326,97,hitl
314,2026-07-15 12:30,supplier_1,supplier,1,658.98,,,,,,,,,,,,,97,hitl
314,2026-07-15 12:30,farm_1,farm,1,,103.0,0.363,,,,,,,,,,,97,hitl
314,2026-07-15 12:30,slaughterhouse_1,slaughterhouse,1,,,,56.0,206.79,,,,,,,,,97,hitl
314,2026-07-15 12:30,wholesaler_1,wholesaler,1,,,,,,1.48,111.0,,,,,,,97,hitl
314,2026-07-15 12:30,retail_1,retail,1,,,,,,,,0.0,33.0,1.0,69.0,14.48,44.2326,97,hitl
315,2026-07-15 12:45,supplier_1,supplier,1,658.22,,,,,,,,,,,,,97,hitl
315,2026-07-15 12:45,farm_1,farm,1,,103.0,0.363,,,,,,,,,,,97,hitl
315,2026-07-15 12:45,slaughterhouse_1,slaughterhouse,1,,,,56.0,208.37,,,,,,,,,97,hitl
315,2026-07-15 12:45,wholesaler_1,wholesaler,1,,,,,,0.0,111.0,,,,,,,97,hitl
315,2026-07-15 12:45,retail_1,retail,1,,,,,,,,0.0,33.0,1.0,69.25,14.48,44.2326,97,hitl
316,2026-07-15 13:00,supplier_1,supplier,1,657.03,,,,,,,,,,,,,97,hitl
316,2026-07-15 13:00,farm_1,farm,1,,103.0,0.363,,,,,,,,,,,97,hitl
316,2026-07-15 13:00,slaughterhouse_1,slaughterhouse,1,,,,56.0,209.98,,,,,,,,,97,hitl
316,2026-07-15 13:00,wholesaler_1,wholesaler,1,,,,,,0.0,111.0,,,,,,,97,hitl
316,2026-07-15 13:00,retail_1,retail,1,,,,,,,,0.0,33.0,1.0,69.5,14.48,44.2326,97,hitl
317,2026-07-15 13:15,supplier_1,supplier,1,655.56,,,,,,,,,,,,,97,hitl
317,2026-07-15 13:15,farm_1,farm,1,,103.0,0.363,,,,,,,,,,,97,hitl
317,2026-07-15 13:15,slaughterhouse_1,slaughterhouse,1,,,,56.0,211.46,,,,,,,,,97,hitl
317,2026-07-15 13:15,wholesaler_1,wholesaler,1,,,,,,0.0,111.0,,,,,,,97,hitl
317,2026-07-15 13:15,retail_1,retail,1,,,,,,,,0.0,33.0,1.0,69.75,14.48,44.2326,97,hitl
318,2026-07-15 13:30,supplier_1,supplier,1,654.82,,,,,,,,,,,,,97,hitl
318,2026-07-15 13:30,farm_1,farm,1,,103.0,0.363,,,,,,,,,,,97,hitl
318,2026-07-15 13:30,slaughterhouse_1,slaughterhouse,1,,,,56.0,212.97,,,,,,,,,97,hitl
318,2026-07-15 13:30,wholesaler_1,wholesaler,1,,,,,,0.0,111.0,,,,,,,97,hitl
318,2026-07-15 13:30,retail_1,retail,1,,,,,,,,0.0,33.0,1.0,70.0,14.48,44.2326,97,hitl
319,2026-07-15 13:45,supplier_1,supplier,1,654.2,,,,,,,,,,,,,97,hitl
319,2026-07-15 13:45,farm_1,farm,1,,103.0,0.363,,,,,,,,,,,97,hitl
319,2026-07-15 13:45,slaughterhouse_1,slaughterhouse,1,,,,56.0,214.48,,,,,,,,,97,hitl
319,2026-07-15 13:45,wholesaler_1,wholesaler,1,,,,,,0.0,111.0,,,,,,,97,hitl
319,2026-07-15 13:45,retail_1,retail,1,,,,,,,,0.0,33.0,1.0,70.25,14.48,44.2326,97,hitl
320,2026-07-15 14:00,supplier_1,supplier,1,653.53,,,,,,,,,,,,,97,hitl
320,2026-07-15 14:00,farm_1,farm,1,,103.0,0.363,,,,,,,,,,,97,hitl
320,2026-07-15 14:00,slaughterhouse_1,slaughterhouse,1,,,,56.0,211.62,,,,,,,,,97,hitl
320,2026-07-15 14:00,wholesaler_1,wholesaler,1,,,,,,0.0,111.0,,,,,,,97,hitl
320,2026-07-15 14:00,retail_1,retail,1,,,,,,,,0.0,33.0,1.0,70.5,14.48,44.2326,97,hitl
321,2026-07-15 14:15,supplier_1,supplier,1,652.93,,,,,,,,,,,,,97,hitl
321,2026-07-15 14:15,farm_1,farm,1,,103.0,0.363,,,,,,,,,,,97,hitl
321,2026-07-15 14:15,slaughterhouse_1,slaughterhouse,1,,,,56.0,213.14,,,,,,,,,97,hitl
321,2026-07-15 14:15,wholesaler_1,wholesaler,1,,,,,,4.32,111.0,,,,,,,97,hitl
321,2026-07-15 14:15,retail_1,retail,1,,,,,,,,0.0,33.0,1.0,70.75,14.48,44.2326,97,hitl
322,2026-07-15 14:30,supplier_1,supplier,1,651.89,,,,,,,,,,,,,97,hitl
322,2026-07-15 14:30,farm_1,farm,1,,103.0,0.363,,,,,,,,,,,97,hitl
322,2026-07-15 14:30,slaughterhouse_1,slaughterhouse,1,,,,56.0,214.79,,,,,,,,,97,hitl
322,2026-07-15 14:30,wholesaler_1,wholesaler,1,,,,,,2.71,111.0,,,,,,,97,hitl
322,2026-07-15 14:30,retail_1,retail,1,,,,,,,,0.0,33.0,1.0,71.0,14.48,44.2326,97,hitl
323,2026-07-15 14:45,supplier_1,supplier,1,651.01,,,,,,,,,,,,,97,hitl
323,2026-07-15 14:45,farm_1,farm,1,,103.0,0.363,,,,,,,,,,,97,hitl
323,2026-07-15 14:45,slaughterhouse_1,slaughterhouse,1,,,,56.0,216.25,,,,,,,,,97,hitl
323,2026-07-15 14:45,wholesaler_1,wholesaler,1,,,,,,0.75,111.0,,,,,,,97,hitl
323,2026-07-15 14:45,retail_1,retail,1,,,,,,,,0.0,33.0,1.0,71.25,14.48,44.2326,97,hitl
324,2026-07-15 15:00,supplier_1,supplier,1,649.64,,,,,,,,,,,,,97,hitl
324,2026-07-15 15:00,farm_1,farm,1,,103.0,0.363,,,,,,,,,,,97,hitl
324,2026-07-15 15:00,slaughterhouse_1,slaughterhouse,1,,,,56.0,217.8,,,,,,,,,97,hitl
324,2026-07-15 15:00,wholesaler_1,wholesaler,1,,,,,,0.0,111.0,,,,,,,97,hitl
324,2026-07-15 15:00,retail_1,retail,1,,,,,,,,0.0,33.0,1.0,71.5,14.48,44.2326,97,hitl
325,2026-07-15 15:15,supplier_1,supplier,1,648.93,,,,,,,,,,,,,97,hitl
325,2026-07-15 15:15,farm_1,farm,1,,103.0,0.363,,,,,,,,,,,97,hitl
325,2026-07-15 15:15,slaughterhouse_1,slaughterhouse,1,,,,56.0,219.34,,,,,,,,,97,hitl
325,2026-07-15 15:15,wholesaler_1,wholesaler,1,,,,,,0.0,111.0,,,,,,,97,hitl
325,2026-07-15 15:15,retail_1,retail,1,,,,,,,,0.0,33.0,1.0,71.75,14.48,44.2326,97,hitl
326,2026-07-15 15:30,supplier_1,supplier,1,647.61,,,,,,,,,,,,,97,hitl
326,2026-07-15 15:30,farm_1,farm,1,,103.0,0.363,,,,,,,,,,,97,hitl
326,2026-07-15 15:30,slaughterhouse_1,slaughterhouse,1,,,,56.0,220.85,,,,,,,,,97,hitl
326,2026-07-15 15:30,wholesaler_1,wholesaler,1,,,,,,0.0,111.0,,,,,,,97,hitl
326,2026-07-15 15:30,retail_1,retail,1,,,,,,,,0.0,33.0,1.0,72.0,14.48,44.2326,97,hitl
327,2026-07-15 15:45,supplier_1,supplier,1,646.87,,,,,,,,,,,,,97,hitl
327,2026-07-15 15:45,farm_1,farm,1,,103.0,0.363,,,,,,,,,,,97,hitl
327,2026-07-15 15:45,slaughterhouse_1,slaughterhouse,1,,,,56.0,222.31,,,,,,,,,97,hitl
327,2026-07-15 15:45,wholesaler_1,wholesaler,1,,,,,,0.0,111.0,,,,,,,97,hitl
327,2026-07-15 15:45,retail_1,retail,1,,,,,,,,0.0,33.0,1.0,72.25,14.48,44.2326,97,hitl
328,2026-07-15 16:00,supplier_1,supplier,1,645.72,,,,,,,,,,,,,97,hitl
328,2026-07-15 16:00,farm_1,farm,1,,103.0,0.363,,,,,,,,,,,97,hitl
328,2026-07-15 16:00,slaughterhouse_1,slaughterhouse,1,,,,56.0,219.52,,,,,,,,,97,hitl
328,2026-07-15 16:00,wholesaler_1,wholesaler,1,,,,,,0.0,111.0,,,,,,,97,hitl
328,2026-07-15 16:00,retail_1,retail,1,,,,,,,,0.0,33.0,1.0,72.5,14.48,44.2326,97,hitl
329,2026-07-15 16:15,supplier_1,supplier,1,645.19,,,,,,,,,,,,,97,hitl
329,2026-07-15 16:15,farm_1,farm,1,,103.0,0.363,,,,,,,,,,,97,hitl
329,2026-07-15 16:15,slaughterhouse_1,slaughterhouse,1,,,,56.0,221.16,,,,,,,,,97,hitl
329,2026-07-15 16:15,wholesaler_1,wholesaler,1,,,,,,4.32,111.0,,,,,,,97,hitl
329,2026-07-15 16:15,retail_1,retail,1,,,,,,,,0.0,33.0,1.0,72.75,14.48,44.2326,97,hitl
330,2026-07-15 16:30,supplier_1,supplier,1,644.66,,,,,,,,,,,,,97,hitl
330,2026-07-15 16:30,farm_1,farm,1,,103.0,0.363,,,,,,,,,,,97,hitl
330,2026-07-15 16:30,slaughterhouse_1,slaughterhouse,1,,,,56.0,222.72,,,,,,,,,97,hitl
330,2026-07-15 16:30,wholesaler_1,wholesaler,1,,,,,,2.63,111.0,,,,,,,97,hitl
330,2026-07-15 16:30,retail_1,retail,1,,,,,,,,0.0,33.0,1.0,73.0,14.48,44.2326,97,hitl
331,2026-07-15 16:45,supplier_1,supplier,1,643.83,,,,,,,,,,,,,97,hitl
331,2026-07-15 16:45,farm_1,farm,1,,103.0,0.363,,,,,,,,,,,97,hitl
331,2026-07-15 16:45,slaughterhouse_1,slaughterhouse,1,,,,56.0,224.32,,,,,,,,,97,hitl
331,2026-07-15 16:45,wholesaler_1,wholesaler,1,,,,,,0.78,111.0,,,,,,,97,hitl
331,2026-07-15 16:45,retail_1,retail,1,,,,,,,,0.0,33.0,1.0,73.25,14.48,44.2326,97,hitl
332,2026-07-15 17:00,supplier_1,supplier,1,642.71,,,,,,,,,,,,,97,hitl
332,2026-07-15 17:00,farm_1,farm,1,,103.0,0.363,,,,,,,,,,,97,hitl
332,2026-07-15 17:00,slaughterhouse_1,slaughterhouse,1,,,,56.0,225.76,,,,,,,,,97,hitl
332,2026-07-15 17:00,wholesaler_1,wholesaler,1,,,,,,0.0,111.0,,,,,,,97,hitl
332,2026-07-15 17:00,retail_1,retail,1,,,,,,,,0.0,33.0,1.0,73.5,14.48,44.2326,97,hitl
333,2026-07-15 17:15,supplier_1,supplier,1,641.76,,,,,,,,,,,,,97,hitl
333,2026-07-15 17:15,farm_1,farm,1,,103.0,0.363,,,,,,,,,,,97,hitl
333,2026-07-15 17:15,slaughterhouse_1,slaughterhouse,1,,,,56.0,227.41,,,,,,,,,97,hitl
333,2026-07-15 17:15,wholesaler_1,wholesaler,1,,,,,,0.0,111.0,,,,,,,97,hitl
333,2026-07-15 17:15,retail_1,retail,1,,,,,,,,0.0,33.0,1.0,73.75,14.48,44.2326,97,hitl
334,2026-07-15 17:30,supplier_1,supplier,1,640.5,,,,,,,,,,,,,97,hitl
334,2026-07-15 17:30,farm_1,farm,1,,103.0,0.363,,,,,,,,,,,97,hitl
334,2026-07-15 17:30,slaughterhouse_1,slaughterhouse,1,,,,56.0,228.93,,,,,,,,,97,hitl
334,2026-07-15 17:30,wholesaler_1,wholesaler,1,,,,,,0.0,111.0,,,,,,,97,hitl
334,2026-07-15 17:30,retail_1,retail,1,,,,,,,,0.0,33.0,1.0,74.0,14.48,44.2326,97,hitl
335,2026-07-15 17:45,supplier_1,supplier,1,639.16,,,,,,,,,,,,,97,hitl
335,2026-07-15 17:45,farm_1,farm,1,,103.0,0.363,,,,,,,,,,,97,hitl
335,2026-07-15 17:45,slaughterhouse_1,slaughterhouse,1,,,,56.0,230.58,,,,,,,,,97,hitl
335,2026-07-15 17:45,wholesaler_1,wholesaler,1,,,,,,0.0,111.0,,,,,,,97,hitl
335,2026-07-15 17:45,retail_1,retail,1,,,,,,,,0.0,33.0,1.0,74.25,14.48,44.2326,97,hitl
336,2026-07-15 18:00,supplier_1,supplier,1,638.42,,,,,,,,,,,,,97,hitl
336,2026-07-15 18:00,farm_1,farm,1,,103.0,0.363,,,,,,,,,,,97,hitl
336,2026-07-15 18:00,slaughterhouse_1,slaughterhouse,1,,,,56.0,227.81,,,,,,,,,97,hitl
336,2026-07-15 18:00,wholesaler_1,wholesaler,1,,,,,,0.0,111.0,,,,,,,97,hitl
336,2026-07-15 18:00,retail_1,retail,1,,,,,,,,0.0,33.0,1.0,74.5,14.48,44.2326,97,hitl
337,2026-07-15 18:15,supplier_1,supplier,1,637.36,,,,,,,,,,,,,97,hitl
337,2026-07-15 18:15,farm_1,farm,1,,103.0,0.363,,,,,,,,,,,97,hitl
337,2026-07-15 18:15,slaughterhouse_1,slaughterhouse,1,,,,56.0,229.31,,,,,,,,,97,hitl
337,2026-07-15 18:15,wholesaler_1,wholesaler,1,,,,,,4.32,111.0,,,,,,,97,hitl
337,2026-07-15 18:15,retail_1,retail,1,,,,,,,,0.0,33.0,1.0,74.75,14.48,44.2326,97,hitl
338,2026-07-15 18:30,supplier_1,supplier,1,636.35,,,,,,,,,,,,,97,hitl
338,2026-07-15 18:30,farm_1,farm,1,,103.0,0.363,,,,,,,,,,,97,hitl
338,2026-07-15 18:30,slaughterhouse_1,slaughterhouse,1,,,,56.0,230.88,,,,,,,,,97,hitl
338,2026-07-15 18:30,wholesaler_1,wholesaler,1,,,,,,1.51,111.0,,,,,,,97,hitl
338,2026-07-15 18:30,retail_1,retail,1,,,,,,,,0.0,33.0,1.0,75.0,14.48,44.2326,97,hitl
339,2026-07-15 18:45,supplier_1,supplier,1,635.68,,,,,,,,,,,,,97,hitl
339,2026-07-15 18:45,farm_1,farm,1,,103.0,0.363,,,,,,,,,,,97,hitl
339,2026-07-15 18:45,slaughterhouse_1,slaughterhouse,1,,,,56.0,232.38,,,,,,,,,97,hitl
339,2026-07-15 18:45,wholesaler_1,wholesaler,1,,,,,,0.0,111.0,,,,,,,97,hitl
339,2026-07-15 18:45,retail_1,retail,1,,,,,,,,0.0,33.0,1.0,75.25,14.48,44.2326,97,hitl
340,2026-07-15 19:00,supplier_1,supplier,1,634.41,,,,,,,,,,,,,97,hitl
340,2026-07-15 19:00,farm_1,farm,1,,103.0,0.363,,,,,,,,,,,97,hitl
340,2026-07-15 19:00,slaughterhouse_1,slaughterhouse,1,,,,56.0,233.9,,,,,,,,,97,hitl
340,2026-07-15 19:00,wholesaler_1,wholesaler,1,,,,,,0.0,111.0,,,,,,,97,hitl
340,2026-07-15 19:00,retail_1,retail,1,,,,,,,,0.0,33.0,1.0,75.5,14.48,44.2326,97,hitl
341,2026-07-15 19:15,supplier_1,supplier,1,633.46,,,,,,,,,,,,,97,hitl
341,2026-07-15 19:15,farm_1,farm,1,,103.0,0.363,,,,,,,,,,,97,hitl
341,2026-07-15 19:15,slaughterhouse_1,slaughterhouse,1,,,,56.0,235.49,,,,,,,,,97,hitl
341,2026-07-15 19:15,wholesaler_1,wholesaler,1,,,,,,0.0,111.0,,,,,,,97,hitl
341,2026-07-15 19:15,retail_1,retail,1,,,,,,,,0.0,33.0,1.0,75.75,14.48,44.2326,97,hitl
342,2026-07-15 19:30,supplier_1,supplier,1,632.61,,,,,,,,,,,,,97,hitl
342,2026-07-15 19:30,farm_1,farm,1,,103.0,0.363,,,,,,,,,,,97,hitl
342,2026-07-15 19:30,slaughterhouse_1,slaughterhouse,1,,,,56.0,237.04,,,,,,,,,97,hitl
342,2026-07-15 19:30,wholesaler_1,wholesaler,1,,,,,,0.0,111.0,,,,,,,97,hitl
342,2026-07-15 19:30,retail_1,retail,1,,,,,,,,0.0,33.0,1.0,76.0,14.48,44.2326,97,hitl
343,2026-07-15 19:45,supplier_1,supplier,1,631.32,,,,,,,,,,,,,97,hitl
343,2026-07-15 19:45,farm_1,farm,1,,103.0,0.363,,,,,,,,,,,97,hitl
343,2026-07-15 19:45,slaughterhouse_1,slaughterhouse,1,,,,56.0,238.49,,,,,,,,,97,hitl
343,2026-07-15 19:45,wholesaler_1,wholesaler,1,,,,,,0.0,111.0,,,,,,,97,hitl
343,2026-07-15 19:45,retail_1,retail,1,,,,,,,,0.0,33.0,1.0,76.25,14.48,44.2326,97,hitl
344,2026-07-15 20:00,supplier_1,supplier,1,629.83,,,,,,,,,,,,,97,hitl
344,2026-07-15 20:00,farm_1,farm,1,,103.0,0.363,,,,,,,,,,,97,hitl
344,2026-07-15 20:00,slaughterhouse_1,slaughterhouse,1,,,,56.0,235.65,,,,,,,,,97,hitl
344,2026-07-15 20:00,wholesaler_1,wholesaler,1,,,,,,0.0,111.0,,,,,,,97,hitl
344,2026-07-15 20:00,retail_1,retail,1,,,,,,,,0.0,33.0,1.0,76.5,14.48,44.2326,97,hitl
345,2026-07-15 20:15,supplier_1,supplier,1,628.46,,,,,,,,,,,,,97,hitl
345,2026-07-15 20:15,farm_1,farm,1,,103.0,0.363,,,,,,,,,,,97,hitl
345,2026-07-15 20:15,slaughterhouse_1,slaughterhouse,1,,,,56.0,237.3,,,,,,,,,97,hitl
345,2026-07-15 20:15,wholesaler_1,wholesaler,1,,,,,,4.32,111.0,,,,,,,97,hitl
345,2026-07-15 20:15,retail_1,retail,1,,,,,,,,0.0,33.0,1.0,76.75,14.48,44.2326,97,hitl
346,2026-07-15 20:30,supplier_1,supplier,1,626.99,,,,,,,,,,,,,97,hitl
346,2026-07-15 20:30,farm_1,farm,1,,103.0,0.363,,,,,,,,,,,97,hitl
346,2026-07-15 20:30,slaughterhouse_1,slaughterhouse,1,,,,56.0,238.73,,,,,,,,,97,hitl
346,2026-07-15 20:30,wholesaler_1,wholesaler,1,,,,,,1.79,111.0,,,,,,,97,hitl
346,2026-07-15 20:30,retail_1,retail,1,,,,,,,,0.0,33.0,1.0,77.0,14.48,44.2326,97,hitl
347,2026-07-15 20:45,supplier_1,supplier,1,625.6,,,,,,,,,,,,,97,hitl
347,2026-07-15 20:45,farm_1,farm,1,,103.0,0.363,,,,,,,,,,,97,hitl
347,2026-07-15 20:45,slaughterhouse_1,slaughterhouse,1,,,,56.0,240.32,,,,,,,,,97,hitl
347,2026-07-15 20:45,wholesaler_1,wholesaler,1,,,,,,0.0,111.0,,,,,,,97,hitl
347,2026-07-15 20:45,retail_1,retail,1,,,,,,,,0.0,33.0,1.0,77.25,14.48,44.2326,97,hitl
348,2026-07-15 21:00,supplier_1,supplier,1,624.16,,,,,,,,,,,,,97,hitl
348,2026-07-15 21:00,farm_1,farm,0,,620.0,0.037,,,,,,,,,,,97,hitl
348,2026-07-15 21:00,slaughterhouse_1,slaughterhouse,1,,,,56.0,242.0,,,,,,,,,97,hitl
348,2026-07-15 21:00,wholesaler_1,wholesaler,1,,,,,,0.0,111.0,,,,,,,97,hitl
348,2026-07-15 21:00,retail_1,retail,1,,,,,,,,0.0,33.0,1.0,77.5,14.48,44.2326,97,hitl
349,2026-07-15 21:15,supplier_1,supplier,1,623.26,,,,,,,,,,,,,97,hitl
349,2026-07-15 21:15,farm_1,farm,0,,620.0,0.037,,,,,,,,,,,97,hitl
349,2026-07-15 21:15,slaughterhouse_1,slaughterhouse,1,,,,56.0,243.45,,,,,,,,,97,hitl
349,2026-07-15 21:15,wholesaler_1,wholesaler,1,,,,,,0.0,111.0,,,,,,,97,hitl
349,2026-07-15 21:15,retail_1,retail,1,,,,,,,,0.0,33.0,1.0,77.75,14.48,44.2326,97,hitl
350,2026-07-15 21:30,supplier_1,supplier,1,621.83,,,,,,,,,,,,,97,hitl
350,2026-07-15 21:30,farm_1,farm,0,,620.0,0.037,,,,,,,,,,,97,hitl
350,2026-07-15 21:30,slaughterhouse_1,slaughterhouse,1,,,,56.0,245.04,,,,,,,,,97,hitl
350,2026-07-15 21:30,wholesaler_1,wholesaler,1,,,,,,0.0,111.0,,,,,,,97,hitl
350,2026-07-15 21:30,retail_1,retail,1,,,,,,,,0.0,33.0,1.0,78.0,14.48,44.2326,97,hitl
351,2026-07-15 21:45,supplier_1,supplier,1,621.06,,,,,,,,,,,,,97,hitl
351,2026-07-15 21:45,farm_1,farm,0,,620.0,0.037,,,,,,,,,,,97,hitl
351,2026-07-15 21:45,slaughterhouse_1,slaughterhouse,1,,,,56.0,246.63,,,,,,,,,97,hitl
351,2026-07-15 21:45,wholesaler_1,wholesaler,1,,,,,,0.0,111.0,,,,,,,97,hitl
351,2026-07-15 21:45,retail_1,retail,1,,,,,,,,0.0,33.0,1.0,78.25,14.48,44.2326,97,hitl
352,2026-07-15 22:00,supplier_1,supplier,1,619.64,,,,,,,,,,,,,97,hitl
352,2026-07-15 22:00,farm_1,farm,0,,620.0,0.037,,,,,,,,,,,97,hitl
352,2026-07-15 22:00,slaughterhouse_1,slaughterhouse,1,,,,56.0,243.8,,,,,,,,,97,hitl
352,2026-07-15 22:00,wholesaler_1,wholesaler,1,,,,,,0.0,111.0,,,,,,,97,hitl
352,2026-07-15 22:00,retail_1,retail,1,,,,,,,,0.0,33.0,1.0,78.5,14.48,44.2326,97,hitl
353,2026-07-15 22:15,supplier_1,supplier,1,618.61,,,,,,,,,,,,,97,hitl
353,2026-07-15 22:15,farm_1,farm,0,,620.0,0.037,,,,,,,,,,,97,hitl
353,2026-07-15 22:15,slaughterhouse_1,slaughterhouse,1,,,,56.0,245.27,,,,,,,,,97,hitl
353,2026-07-15 22:15,wholesaler_1,wholesaler,1,,,,,,4.32,111.0,,,,,,,97,hitl
353,2026-07-15 22:15,retail_1,retail,1,,,,,,,,0.0,33.0,1.0,78.75,14.48,44.2326,97,hitl
354,2026-07-15 22:30,supplier_1,supplier,1,617.24,,,,,,,,,,,,,97,hitl
354,2026-07-15 22:30,farm_1,farm,0,,620.0,0.037,,,,,,,,,,,97,hitl
354,2026-07-15 22:30,slaughterhouse_1,slaughterhouse,1,,,,56.0,246.8,,,,,,,,,97,hitl
354,2026-07-15 22:30,wholesaler_1,wholesaler,1,,,,,,2.61,111.0,,,,,,,97,hitl
354,2026-07-15 22:30,retail_1,retail,1,,,,,,,,0.0,33.0,1.0,79.0,14.48,44.2326,97,hitl
355,2026-07-15 22:45,supplier_1,supplier,1,616.44,,,,,,,,,,,,,97,hitl
355,2026-07-15 22:45,farm_1,farm,0,,620.0,0.037,,,,,,,,,,,97,hitl
355,2026-07-15 22:45,slaughterhouse_1,slaughterhouse,1,,,,56.0,248.32,,,,,,,,,97,hitl
355,2026-07-15 22:45,wholesaler_1,wholesaler,1,,,,,,0.02,111.0,,,,,,,97,hitl
355,2026-07-15 22:45,retail_1,retail,1,,,,,,,,0.0,33.0,1.0,79.25,14.48,44.2326,97,hitl
356,2026-07-15 23:00,supplier_1,supplier,1,614.96,,,,,,,,,,,,,97,hitl
356,2026-07-15 23:00,farm_1,farm,0,,620.0,0.037,,,,,,,,,,,97,hitl
356,2026-07-15 23:00,slaughterhouse_1,slaughterhouse,1,,,,56.0,249.94,,,,,,,,,97,hitl
356,2026-07-15 23:00,wholesaler_1,wholesaler,1,,,,,,0.0,111.0,,,,,,,97,hitl
356,2026-07-15 23:00,retail_1,retail,1,,,,,,,,0.0,33.0,1.0,79.5,14.48,44.2326,97,hitl
357,2026-07-15 23:15,supplier_1,supplier,1,613.66,,,,,,,,,,,,,97,hitl
357,2026-07-15 23:15,farm_1,farm,0,,620.0,0.037,,,,,,,,,,,97,hitl
357,2026-07-15 23:15,slaughterhouse_1,slaughterhouse,1,,,,56.0,251.55,,,,,,,,,97,hitl
357,2026-07-15 23:15,wholesaler_1,wholesaler,1,,,,,,0.0,111.0,,,,,,,97,hitl
357,2026-07-15 23:15,retail_1,retail,1,,,,,,,,0.0,33.0,1.0,79.75,14.48,44.2326,97,hitl
358,2026-07-15 23:30,supplier_1,supplier,1,612.23,,,,,,,,,,,,,97,hitl
358,2026-07-15 23:30,farm_1,farm,0,,620.0,0.037,,,,,,,,,,,97,hitl
358,2026-07-15 23:30,slaughterhouse_1,slaughterhouse,1,,,,56.0,252.98,,,,,,,,,97,hitl
358,2026-07-15 23:30,wholesaler_1,wholesaler,1,,,,,,0.0,111.0,,,,,,,97,hitl
358,2026-07-15 23:30,retail_1,retail,1,,,,,,,,0.0,33.0,1.0,80.0,14.48,44.2326,97,hitl
359,2026-07-15 23:45,supplier_1,supplier,1,611.18,,,,,,,,,,,,,97,hitl
359,2026-07-15 23:45,farm_1,farm,0,,620.0,0.037,,,,,,,,,,,97,hitl
359,2026-07-15 23:45,slaughterhouse_1,slaughterhouse,1,,,,56.0,254.55,,,,,,,,,97,hitl
359,2026-07-15 23:45,wholesaler_1,wholesaler,1,,,,,,0.0,111.0,,,,,,,97,hitl
359,2026-07-15 23:45,retail_1,retail,1,,,,,,,,0.0,33.0,1.0,80.25,14.48,44.2326,97,hitl
360,2026-07-16 00:00,supplier_1,supplier,1,610.49,,,,,,,,,,,,,97,hitl
360,2026-07-16 00:00,farm_1,farm,1,,620.0,0.037,,,,,,,,,,,97,hitl
360,2026-07-16 00:00,slaughterhouse_1,slaughterhouse,1,,,,56.0,251.74,,,,,,,,,97,hitl
360,2026-07-16 00:00,wholesaler_1,wholesaler,1,,,,,,0.0,111.0,,,,,,,97,hitl
360,2026-07-16 00:00,retail_1,retail,1,,,,,,,,0.0,33.0,1.0,80.5,14.48,44.2326,97,hitl
361,2026-07-16 00:15,supplier_1,supplier,1,609.02,,,,,,,,,,,,,97,hitl
361,2026-07-16 00:15,farm_1,farm,1,,620.0,0.037,,,,,,,,,,,97,hitl
361,2026-07-16 00:15,slaughterhouse_1,slaughterhouse,1,,,,56.0,253.36,,,,,,,,,97,hitl
361,2026-07-16 00:15,wholesaler_1,wholesaler,1,,,,,,4.32,111.0,,,,,,,97,hitl
361,2026-07-16 00:15,retail_1,retail,1,,,,,,,,0.0,33.0,1.0,80.75,14.48,44.2326,97,hitl
362,2026-07-16 00:30,supplier_1,supplier,1,607.99,,,,,,,,,,,,,97,hitl
362,2026-07-16 00:30,farm_1,farm,1,,620.0,0.037,,,,,,,,,,,97,hitl
362,2026-07-16 00:30,slaughterhouse_1,slaughterhouse,1,,,,56.0,254.82,,,,,,,,,97,hitl
362,2026-07-16 00:30,wholesaler_1,wholesaler,1,,,,,,1.69,111.0,,,,,,,97,hitl
362,2026-07-16 00:30,retail_1,retail,1,,,,,,,,0.0,33.0,1.0,81.0,14.48,44.2326,97,hitl
363,2026-07-16 00:45,supplier_1,supplier,1,607.07,,,,,,,,,,,,,97,hitl
363,2026-07-16 00:45,farm_1,farm,1,,620.0,0.037,,,,,,,,,,,97,hitl
363,2026-07-16 00:45,slaughterhouse_1,slaughterhouse,1,,,,56.0,256.44,,,,,,,,,97,hitl
363,2026-07-16 00:45,wholesaler_1,wholesaler,1,,,,,,0.0,111.0,,,,,,,97,hitl
363,2026-07-16 00:45,retail_1,retail,1,,,,,,,,0.0,33.0,1.0,81.25,14.48,44.2326,97,hitl
364,2026-07-16 01:00,supplier_1,supplier,1,606.18,,,,,,,,,,,,,97,hitl
364,2026-07-16 01:00,farm_1,farm,1,,620.0,0.037,,,,,,,,,,,97,hitl
364,2026-07-16 01:00,slaughterhouse_1,slaughterhouse,1,,,,56.0,257.95,,,,,,,,,97,hitl
364,2026-07-16 01:00,wholesaler_1,wholesaler,1,,,,,,0.0,111.0,,,,,,,97,hitl
364,2026-07-16 01:00,retail_1,retail,1,,,,,,,,0.0,33.0,1.0,81.5,14.48,44.2326,97,hitl
365,2026-07-16 01:15,supplier_1,supplier,1,604.75,,,,,,,,,,,,,97,hitl
365,2026-07-16 01:15,farm_1,farm,1,,620.0,0.037,,,,,,,,,,,97,hitl
365,2026-07-16 01:15,slaughterhouse_1,slaughterhouse,1,,,,56.0,259.49,,,,,,,,,97,hitl
365,2026-07-16 01:15,wholesaler_1,wholesaler,1,,,,,,0.0,111.0,,,,,,,97,hitl
365,2026-07-16 01:15,retail_1,retail,1,,,,,,,,0.0,33.0,1.0,81.75,14.48,44.2326,97,hitl
366,2026-07-16 01:30,supplier_1,supplier,1,604.2,,,,,,,,,,,,,97,hitl
366,2026-07-16 01:30,farm_1,farm,1,,620.0,0.037,,,,,,,,,,,97,hitl
366,2026-07-16 01:30,slaughterhouse_1,slaughterhouse,1,,,,56.0,261.0,,,,,,,,,97,hitl
366,2026-07-16 01:30,wholesaler_1,wholesaler,1,,,,,,0.0,111.0,,,,,,,97,hitl
366,2026-07-16 01:30,retail_1,retail,1,,,,,,,,0.0,33.0,1.0,82.0,14.48,44.2326,97,hitl
367,2026-07-16 01:45,supplier_1,supplier,1,603.55,,,,,,,,,,,,,97,hitl
367,2026-07-16 01:45,farm_1,farm,1,,620.0,0.037,,,,,,,,,,,97,hitl
367,2026-07-16 01:45,slaughterhouse_1,slaughterhouse,1,,,,56.0,262.53,,,,,,,,,97,hitl
367,2026-07-16 01:45,wholesaler_1,wholesaler,1,,,,,,0.0,111.0,,,,,,,97,hitl
367,2026-07-16 01:45,retail_1,retail,1,,,,,,,,0.0,33.0,1.0,82.25,14.48,44.2326,97,hitl
368,2026-07-16 02:00,supplier_1,supplier,1,602.96,,,,,,,,,,,,,97,hitl
368,2026-07-16 02:00,farm_1,farm,1,,620.0,0.037,,,,,,,,,,,97,hitl
368,2026-07-16 02:00,slaughterhouse_1,slaughterhouse,1,,,,56.0,259.75,,,,,,,,,97,hitl
368,2026-07-16 02:00,wholesaler_1,wholesaler,1,,,,,,0.0,111.0,,,,,,,97,hitl
368,2026-07-16 02:00,retail_1,retail,1,,,,,,,,0.0,33.0,1.0,82.5,14.48,44.2326,97,hitl
369,2026-07-16 02:15,supplier_1,supplier,1,601.75,,,,,,,,,,,,,97,hitl
369,2026-07-16 02:15,farm_1,farm,1,,620.0,0.037,,,,,,,,,,,97,hitl
369,2026-07-16 02:15,slaughterhouse_1,slaughterhouse,1,,,,56.0,261.35,,,,,,,,,97,hitl
369,2026-07-16 02:15,wholesaler_1,wholesaler,1,,,,,,4.32,111.0,,,,,,,97,hitl
369,2026-07-16 02:15,retail_1,retail,1,,,,,,,,0.0,33.0,1.0,82.75,14.48,44.2326,97,hitl
370,2026-07-16 02:30,supplier_1,supplier,1,600.78,,,,,,,,,,,,,97,hitl
370,2026-07-16 02:30,farm_1,farm,1,,620.0,0.037,,,,,,,,,,,97,hitl
370,2026-07-16 02:30,slaughterhouse_1,slaughterhouse,1,,,,56.0,262.97,,,,,,,,,97,hitl
370,2026-07-16 02:30,wholesaler_1,wholesaler,1,,,,,,2.1,111.0,,,,,,,97,hitl
370,2026-07-16 02:30,retail_1,retail,1,,,,,,,,0.0,33.0,1.0,83.0,14.48,44.2326,97,hitl
371,2026-07-16 02:45,supplier_1,supplier,1,599.86,,,,,,,,,,,,,97,hitl
371,2026-07-16 02:45,farm_1,farm,1,,620.0,0.037,,,,,,,,,,,97,hitl
371,2026-07-16 02:45,slaughterhouse_1,slaughterhouse,1,,,,56.0,264.52,,,,,,,,,97,hitl
371,2026-07-16 02:45,wholesaler_1,wholesaler,1,,,,,,0.0,111.0,,,,,,,97,hitl
371,2026-07-16 02:45,retail_1,retail,1,,,,,,,,0.0,33.0,1.0,83.25,14.48,44.2326,97,hitl
372,2026-07-16 03:00,supplier_1,supplier,1,599.23,,,,,,,,,,,,,97,hitl
372,2026-07-16 03:00,farm_1,farm,1,,620.0,0.037,,,,,,,,,,,97,hitl
372,2026-07-16 03:00,slaughterhouse_1,slaughterhouse,1,,,,56.0,266.04,,,,,,,,,97,hitl
372,2026-07-16 03:00,wholesaler_1,wholesaler,1,,,,,,0.0,111.0,,,,,,,97,hitl
372,2026-07-16 03:00,retail_1,retail,1,,,,,,,,0.0,33.0,1.0,83.5,14.48,44.2326,97,hitl
373,2026-07-16 03:15,supplier_1,supplier,1,598.17,,,,,,,,,,,,,97,hitl
373,2026-07-16 03:15,farm_1,farm,1,,620.0,0.037,,,,,,,,,,,97,hitl
373,2026-07-16 03:15,slaughterhouse_1,slaughterhouse,1,,,,56.0,267.47,,,,,,,,,97,hitl
373,2026-07-16 03:15,wholesaler_1,wholesaler,1,,,,,,0.0,111.0,,,,,,,97,hitl
373,2026-07-16 03:15,retail_1,retail,1,,,,,,,,0.0,33.0,1.0,83.75,14.48,44.2326,97,hitl
374,2026-07-16 03:30,supplier_1,supplier,1,597.58,,,,,,,,,,,,,97,hitl
374,2026-07-16 03:30,farm_1,farm,1,,620.0,0.037,,,,,,,,,,,97,hitl
374,2026-07-16 03:30,slaughterhouse_1,slaughterhouse,1,,,,56.0,269.04,,,,,,,,,97,hitl
374,2026-07-16 03:30,wholesaler_1,wholesaler,1,,,,,,0.0,111.0,,,,,,,97,hitl
374,2026-07-16 03:30,retail_1,retail,1,,,,,,,,0.0,33.0,1.0,84.0,14.48,44.2326,97,hitl
375,2026-07-16 03:45,supplier_1,supplier,1,597.05,,,,,,,,,,,,,97,hitl
375,2026-07-16 03:45,farm_1,farm,1,,620.0,0.037,,,,,,,,,,,97,hitl
375,2026-07-16 03:45,slaughterhouse_1,slaughterhouse,1,,,,56.0,270.59,,,,,,,,,97,hitl
375,2026-07-16 03:45,wholesaler_1,wholesaler,1,,,,,,0.0,111.0,,,,,,,97,hitl
375,2026-07-16 03:45,retail_1,retail,1,,,,,,,,0.0,33.0,1.0,84.25,14.48,44.2326,97,hitl
376,2026-07-16 04:00,supplier_1,supplier,1,595.66,,,,,,,,,,,,,97,hitl
376,2026-07-16 04:00,farm_1,farm,1,,620.0,0.037,,,,,,,,,,,97,hitl
376,2026-07-16 04:00,slaughterhouse_1,slaughterhouse,1,,,,56.0,267.79,,,,,,,,,97,hitl
376,2026-07-16 04:00,wholesaler_1,wholesaler,1,,,,,,0.0,111.0,,,,,,,97,hitl
376,2026-07-16 04:00,retail_1,retail,1,,,,,,,,0.0,33.0,1.0,84.5,14.48,44.2326,97,hitl
377,2026-07-16 04:15,supplier_1,supplier,1,594.73,,,,,,,,,,,,,97,hitl
377,2026-07-16 04:15,farm_1,farm,1,,620.0,0.037,,,,,,,,,,,97,hitl
377,2026-07-16 04:15,slaughterhouse_1,slaughterhouse,1,,,,56.0,269.47,,,,,,,,,97,hitl
377,2026-07-16 04:15,wholesaler_1,wholesaler,1,,,,,,4.32,111.0,,,,,,,97,hitl
377,2026-07-16 04:15,retail_1,retail,1,,,,,,,,0.0,33.0,1.0,84.75,14.48,44.2326,97,hitl
378,2026-07-16 04:30,supplier_1,supplier,1,594.16,,,,,,,,,,,,,97,hitl
378,2026-07-16 04:30,farm_1,farm,1,,620.0,0.037,,,,,,,,,,,97,hitl
378,2026-07-16 04:30,slaughterhouse_1,slaughterhouse,1,,,,56.0,271.12,,,,,,,,,97,hitl
378,2026-07-16 04:30,wholesaler_1,wholesaler,1,,,,,,1.81,111.0,,,,,,,97,hitl
378,2026-07-16 04:30,retail_1,retail,1,,,,,,,,0.0,33.0,1.0,85.0,14.48,44.2326,97,hitl
379,2026-07-16 04:45,supplier_1,supplier,1,592.94,,,,,,,,,,,,,97,hitl
379,2026-07-16 04:45,farm_1,farm,1,,620.0,0.037,,,,,,,,,,,97,hitl
379,2026-07-16 04:45,slaughterhouse_1,slaughterhouse,1,,,,56.0,272.64,,,,,,,,,97,hitl
379,2026-07-16 04:45,wholesaler_1,wholesaler,1,,,,,,0.0,111.0,,,,,,,97,hitl
379,2026-07-16 04:45,retail_1,retail,1,,,,,,,,0.0,33.0,1.0,85.25,14.48,44.2326,97,hitl
380,2026-07-16 05:00,supplier_1,supplier,1,592.36,,,,,,,,,,,,,97,hitl
380,2026-07-16 05:00,farm_1,farm,1,,620.0,0.037,,,,,,,,,,,97,hitl
380,2026-07-16 05:00,slaughterhouse_1,slaughterhouse,1,,,,56.0,274.15,,,,,,,,,97,hitl
380,2026-07-16 05:00,wholesaler_1,wholesaler,1,,,,,,0.0,111.0,,,,,,,97,hitl
380,2026-07-16 05:00,retail_1,retail,1,,,,,,,,0.0,33.0,1.0,85.5,14.48,44.2326,97,hitl
381,2026-07-16 05:15,supplier_1,supplier,1,591.77,,,,,,,,,,,,,97,hitl
381,2026-07-16 05:15,farm_1,farm,1,,620.0,0.037,,,,,,,,,,,97,hitl
381,2026-07-16 05:15,slaughterhouse_1,slaughterhouse,1,,,,56.0,275.6,,,,,,,,,97,hitl
381,2026-07-16 05:15,wholesaler_1,wholesaler,1,,,,,,0.0,111.0,,,,,,,97,hitl
381,2026-07-16 05:15,retail_1,retail,1,,,,,,,,0.0,33.0,1.0,85.75,14.48,44.2326,97,hitl
382,2026-07-16 05:30,supplier_1,supplier,1,590.72,,,,,,,,,,,,,97,hitl
382,2026-07-16 05:30,farm_1,farm,1,,620.0,0.037,,,,,,,,,,,97,hitl
382,2026-07-16 05:30,slaughterhouse_1,slaughterhouse,1,,,,56.0,277.23,,,,,,,,,97,hitl
382,2026-07-16 05:30,wholesaler_1,wholesaler,1,,,,,,0.0,111.0,,,,,,,97,hitl
382,2026-07-16 05:30,retail_1,retail,1,,,,,,,,0.0,33.0,1.0,86.0,14.48,44.2326,97,hitl
383,2026-07-16 05:45,supplier_1,supplier,1,589.72,,,,,,,,,,,,,97,hitl
383,2026-07-16 05:45,farm_1,farm,1,,620.0,0.037,,,,,,,,,,,97,hitl
383,2026-07-16 05:45,slaughterhouse_1,slaughterhouse,1,,,,56.0,278.75,,,,,,,,,97,hitl
383,2026-07-16 05:45,wholesaler_1,wholesaler,1,,,,,,0.0,111.0,,,,,,,97,hitl
383,2026-07-16 05:45,retail_1,retail,1,,,,,,,,0.0,33.0,1.0,86.25,14.48,44.2326,97,hitl
384,2026-07-16 06:00,supplier_1,supplier,1,588.62,,,,,,,,,,,,,97,hitl
384,2026-07-16 06:00,farm_1,farm,1,,620.0,0.037,,,,,,,,,,,97,hitl
384,2026-07-16 06:00,slaughterhouse_1,slaughterhouse,1,,,,56.0,276.05,,,,,,,,,97,hitl
384,2026-07-16 06:00,wholesaler_1,wholesaler,1,,,,,,0.0,111.0,,,,,,,97,hitl
384,2026-07-16 06:00,retail_1,retail,1,,,,,,,,0.0,33.0,1.0,86.5,14.48,44.2326,97,hitl
385,2026-07-16 06:15,supplier_1,supplier,1,588.02,,,,,,,,,,,,,97,hitl
385,2026-07-16 06:15,farm_1,farm,1,,620.0,0.037,,,,,,,,,,,97,hitl
385,2026-07-16 06:15,slaughterhouse_1,slaughterhouse,1,,,,56.0,277.63,,,,,,,,,97,hitl
385,2026-07-16 06:15,wholesaler_1,wholesaler,1,,,,,,4.32,111.0,,,,,,,97,hitl
385,2026-07-16 06:15,retail_1,retail,1,,,,,,,,0.0,33.0,1.0,86.75,14.48,44.2326,97,hitl
386,2026-07-16 06:30,supplier_1,supplier,1,586.87,,,,,,,,,,,,,97,hitl
386,2026-07-16 06:30,farm_1,farm,1,,620.0,0.037,,,,,,,,,,,97,hitl
386,2026-07-16 06:30,slaughterhouse_1,slaughterhouse,1,,,,56.0,279.23,,,,,,,,,97,hitl
386,2026-07-16 06:30,wholesaler_1,wholesaler,1,,,,,,2.2,111.0,,,,,,,97,hitl
386,2026-07-16 06:30,retail_1,retail,1,,,,,,,,0.0,33.0,1.0,87.0,14.48,44.2326,97,hitl
387,2026-07-16 06:45,supplier_1,supplier,1,586.15,,,,,,,,,,,,,97,hitl
387,2026-07-16 06:45,farm_1,farm,1,,620.0,0.037,,,,,,,,,,,97,hitl
387,2026-07-16 06:45,slaughterhouse_1,slaughterhouse,1,,,,56.0,280.75,,,,,,,,,97,hitl
387,2026-07-16 06:45,wholesaler_1,wholesaler,1,,,,,,0.56,111.0,,,,,,,97,hitl
387,2026-07-16 06:45,retail_1,retail,1,,,,,,,,0.0,33.0,1.0,87.25,14.48,44.2326,97,hitl
388,2026-07-16 07:00,supplier_1,supplier,1,584.83,,,,,,,,,,,,,97,hitl
388,2026-07-16 07:00,farm_1,farm,1,,620.0,0.037,,,,,,,,,,,97,hitl
388,2026-07-16 07:00,slaughterhouse_1,slaughterhouse,1,,,,56.0,282.22,,,,,,,,,97,hitl
388,2026-07-16 07:00,wholesaler_1,wholesaler,1,,,,,,0.0,111.0,,,,,,,97,hitl
388,2026-07-16 07:00,retail_1,retail,1,,,,,,,,0.0,33.0,1.0,87.5,14.48,44.2326,97,hitl
389,2026-07-16 07:15,supplier_1,supplier,1,584.14,,,,,,,,,,,,,97,hitl
389,2026-07-16 07:15,farm_1,farm,1,,620.0,0.037,,,,,,,,,,,97,hitl
389,2026-07-16 07:15,slaughterhouse_1,slaughterhouse,1,,,,56.0,283.89,,,,,,,,,97,hitl
389,2026-07-16 07:15,wholesaler_1,wholesaler,1,,,,,,0.0,111.0,,,,,,,97,hitl
389,2026-07-16 07:15,retail_1,retail,1,,,,,,,,0.0,33.0,1.0,87.75,14.48,44.2326,97,hitl
390,2026-07-16 07:30,supplier_1,supplier,1,583.22,,,,,,,,,,,,,97,hitl
390,2026-07-16 07:30,farm_1,farm,1,,620.0,0.037,,,,,,,,,,,97,hitl
390,2026-07-16 07:30,slaughterhouse_1,slaughterhouse,1,,,,56.0,285.33,,,,,,,,,97,hitl
390,2026-07-16 07:30,wholesaler_1,wholesaler,1,,,,,,0.0,111.0,,,,,,,97,hitl
390,2026-07-16 07:30,retail_1,retail,1,,,,,,,,0.0,33.0,1.0,88.0,14.48,44.2326,97,hitl
391,2026-07-16 07:45,supplier_1,supplier,1,582.63,,,,,,,,,,,,,97,hitl
391,2026-07-16 07:45,farm_1,farm,1,,620.0,0.037,,,,,,,,,,,97,hitl
391,2026-07-16 07:45,slaughterhouse_1,slaughterhouse,1,,,,56.0,286.86,,,,,,,,,97,hitl
391,2026-07-16 07:45,wholesaler_1,wholesaler,1,,,,,,0.0,111.0,,,,,,,97,hitl
391,2026-07-16 07:45,retail_1,retail,1,,,,,,,,0.0,33.0,1.0,88.25,14.48,44.2326,97,hitl
392,2026-07-16 08:00,supplier_1,supplier,1,581.38,,,,,,,,,,,,,97,hitl
392,2026-07-16 08:00,farm_1,farm,1,,620.0,0.037,,,,,,,,,,,97,hitl
392,2026-07-16 08:00,slaughterhouse_1,slaughterhouse,1,,,,56.0,284.2,,,,,,,,,97,hitl
392,2026-07-16 08:00,wholesaler_1,wholesaler,1,,,,,,0.0,111.0,,,,,,,97,hitl
392,2026-07-16 08:00,retail_1,retail,1,,,,,,,,0.0,33.0,1.0,88.5,14.48,44.2326,97,hitl
393,2026-07-16 08:15,supplier_1,supplier,1,580.83,,,,,,,,,,,,,97,hitl
393,2026-07-16 08:15,farm_1,farm,1,,620.0,0.037,,,,,,,,,,,97,hitl
393,2026-07-16 08:15,slaughterhouse_1,slaughterhouse,1,,,,56.0,285.86,,,,,,,,,97,hitl
393,2026-07-16 08:15,wholesaler_1,wholesaler,1,,,,,,4.32,111.0,,,,,,,97,hitl
393,2026-07-16 08:15,retail_1,retail,1,,,,,,,,0.0,33.0,1.0,88.75,14.48,44.2326,97,hitl
394,2026-07-16 08:30,supplier_1,supplier,1,579.62,,,,,,,,,,,,,97,hitl
394,2026-07-16 08:30,farm_1,farm,1,,620.0,0.037,,,,,,,,,,,97,hitl
394,2026-07-16 08:30,slaughterhouse_1,slaughterhouse,1,,,,56.0,287.51,,,,,,,,,97,hitl
394,2026-07-16 08:30,wholesaler_1,wholesaler,1,,,,,,2.06,111.0,,,,,,,97,hitl
394,2026-07-16 08:30,retail_1,retail,1,,,,,,,,0.0,33.0,1.0,89.0,14.48,44.2326,97,hitl
395,2026-07-16 08:45,supplier_1,supplier,1,578.69,,,,,,,,,,,,,97,hitl
395,2026-07-16 08:45,farm_1,farm,1,,620.0,0.037,,,,,,,,,,,97,hitl
395,2026-07-16 08:45,slaughterhouse_1,slaughterhouse,1,,,,56.0,289.02,,,,,,,,,97,hitl
395,2026-07-16 08:45,wholesaler_1,wholesaler,1,,,,,,0.0,111.0,,,,,,,97,hitl
395,2026-07-16 08:45,retail_1,retail,1,,,,,,,,0.0,33.0,1.0,89.25,14.48,44.2326,97,hitl
396,2026-07-16 09:00,supplier_1,supplier,1,577.21,,,,,,,,,,,,,97,hitl
396,2026-07-16 09:00,farm_1,farm,0,,620.0,0.037,,,,,,,,,,,97,hitl
396,2026-07-16 09:00,slaughterhouse_1,slaughterhouse,1,,,,56.0,290.54,,,,,,,,,97,hitl
396,2026-07-16 09:00,wholesaler_1,wholesaler,1,,,,,,0.0,55.5,,,,,,,97,hitl
396,2026-07-16 09:00,retail_1,retail,1,,,,,,,,0.0,36.3,1.0,89.5,14.48,74.2326,97,hitl
397,2026-07-16 09:15,supplier_1,supplier,1,575.96,,,,,,,,,,,,,97,hitl
397,2026-07-16 09:15,farm_1,farm,0,,620.0,0.037,,,,,,,,,,,97,hitl
397,2026-07-16 09:15,slaughterhouse_1,slaughterhouse,1,,,,56.0,292.2,,,,,,,,,97,hitl
397,2026-07-16 09:15,wholesaler_1,wholesaler,1,,,,,,0.0,55.5,,,,,,,97,hitl
397,2026-07-16 09:15,retail_1,retail,1,,,,,,,,0.0,36.3,1.0,89.75,14.48,74.2326,97,hitl
398,2026-07-16 09:30,supplier_1,supplier,1,575.16,,,,,,,,,,,,,97,hitl
398,2026-07-16 09:30,farm_1,farm,0,,620.0,0.037,,,,,,,,,,,97,hitl
398,2026-07-16 09:30,slaughterhouse_1,slaughterhouse,1,,,,56.0,293.86,,,,,,,,,97,hitl
398,2026-07-16 09:30,wholesaler_1,wholesaler,1,,,,,,0.0,55.5,,,,,,,97,hitl
398,2026-07-16 09:30,retail_1,retail,1,,,,,,,,0.0,36.3,1.0,90.0,14.48,74.2326,97,hitl
399,2026-07-16 09:45,supplier_1,supplier,1,573.82,,,,,,,,,,,,,97,hitl
399,2026-07-16 09:45,farm_1,farm,0,,620.0,0.037,,,,,,,,,,,97,hitl
399,2026-07-16 09:45,slaughterhouse_1,slaughterhouse,1,,,,56.0,295.4,,,,,,,,,97,hitl
399,2026-07-16 09:45,wholesaler_1,wholesaler,1,,,,,,0.0,55.5,,,,,,,97,hitl
399,2026-07-16 09:45,retail_1,retail,1,,,,,,,,0.0,36.3,1.0,90.25,14.48,74.2326,97,hitl
400,2026-07-16 10:00,supplier_1,supplier,1,572.79,,,,,,,,,,,,,97,hitl
400,2026-07-16 10:00,farm_1,farm,0,,620.0,0.037,,,,,,,,,,,97,hitl
400,2026-07-16 10:00,slaughterhouse_1,slaughterhouse,1,,,,56.0,292.6,,,,,,,,,97,hitl
400,2026-07-16 10:00,wholesaler_1,wholesaler,1,,,,,,0.0,55.5,,,,,,,97,hitl
400,2026-07-16 10:00,retail_1,retail,1,,,,,,,,0.0,36.3,1.0,90.5,14.48,74.2326,97,hitl
401,2026-07-16 10:15,supplier_1,supplier,1,572.25,,,,,,,,,,,,,97,hitl
401,2026-07-16 10:15,farm_1,farm,0,,620.0,0.037,,,,,,,,,,,97,hitl
401,2026-07-16 10:15,slaughterhouse_1,slaughterhouse,1,,,,56.0,294.22,,,,,,,,,97,hitl
401,2026-07-16 10:15,wholesaler_1,wholesaler,1,,,,,,4.32,55.5,,,,,,,97,hitl
401,2026-07-16 10:15,retail_1,retail,1,,,,,,,,0.0,36.3,1.0,90.75,14.48,74.2326,97,hitl
402,2026-07-16 10:30,supplier_1,supplier,1,571.38,,,,,,,,,,,,,97,hitl
402,2026-07-16 10:30,farm_1,farm,0,,620.0,0.037,,,,,,,,,,,97,hitl
402,2026-07-16 10:30,slaughterhouse_1,slaughterhouse,0,,,,372.0,222.67,,,,,,,,,97,hitl
402,2026-07-16 10:30,wholesaler_1,wholesaler,1,,,,,,1.47,55.5,,,,,,,97,hitl
402,2026-07-16 10:30,retail_1,retail,1,,,,,,,,0.0,36.3,1.0,91.0,14.48,74.2326,97,hitl
403,2026-07-16 10:45,supplier_1,supplier,1,570.83,,,,,,,,,,,,,97,hitl
403,2026-07-16 10:45,farm_1,farm,0,,620.0,0.037,,,,,,,,,,,97,hitl
403,2026-07-16 10:45,slaughterhouse_1,slaughterhouse,0,,,,372.0,232.2,,,,,,,,,97,hitl
403,2026-07-16 10:45,wholesaler_1,wholesaler,1,,,,,,0.0,55.5,,,,,,,97,hitl
403,2026-07-16 10:45,retail_1,retail,1,,,,,,,,0.0,36.3,1.0,91.25,14.48,74.2326,97,hitl
404,2026-07-16 11:00,supplier_1,supplier,1,569.53,,,,,,,,,,,,,97,hitl
404,2026-07-16 11:00,farm_1,farm,0,,620.0,0.037,,,,,,,,,,,97,hitl
404,2026-07-16 11:00,slaughterhouse_1,slaughterhouse,0,,,,372.0,242.64,,,,,,,,,97,hitl
404,2026-07-16 11:00,wholesaler_1,wholesaler,1,,,,,,0.0,55.5,,,,,,,97,hitl
404,2026-07-16 11:00,retail_1,retail,1,,,,,,,,0.0,36.3,1.0,91.5,14.48,74.2326,97,hitl
405,2026-07-16 11:15,supplier_1,supplier,1,568.5,,,,,,,,,,,,,97,hitl
405,2026-07-16 11:15,farm_1,farm,0,,620.0,0.037,,,,,,,,,,,97,hitl
405,2026-07-16 11:15,slaughterhouse_1,slaughterhouse,0,,,,372.0,253.18,,,,,,,,,97,hitl
405,2026-07-16 11:15,wholesaler_1,wholesaler,1,,,,,,0.0,55.5,,,,,,,97,hitl
405,2026-07-16 11:15,retail_1,retail,1,,,,,,,,0.0,36.3,1.0,91.75,14.48,74.2326,97,hitl
406,2026-07-16 11:30,supplier_1,supplier,1,567.63,,,,,,,,,,,,,97,hitl
406,2026-07-16 11:30,farm_1,farm,0,,620.0,0.037,,,,,,,,,,,97,hitl
406,2026-07-16 11:30,slaughterhouse_1,slaughterhouse,0,,,,372.0,264.17,,,,,,,,,97,hitl
406,2026-07-16 11:30,wholesaler_1,wholesaler,1,,,,,,0.0,55.5,,,,,,,97,hitl
406,2026-07-16 11:30,retail_1,retail,1,,,,,,,,0.0,36.3,1.0,92.0,14.48,74.2326,97,hitl
407,2026-07-16 11:45,supplier_1,supplier,1,566.23,,,,,,,,,,,,,97,hitl
407,2026-07-16 11:45,farm_1,farm,0,,620.0,0.037,,,,,,,,,,,97,hitl
407,2026-07-16 11:45,slaughterhouse_1,slaughterhouse,0,,,,372.0,274.91,,,,,,,,,97,hitl
407,2026-07-16 11:45,wholesaler_1,wholesaler,1,,,,,,0.0,55.5,,,,,,,97,hitl
407,2026-07-16 11:45,retail_1,retail,1,,,,,,,,0.0,36.3,1.0,92.25,14.48,74.2326,97,hitl
408,2026-07-16 12:00,supplier_1,supplier,1,565.62,,,,,,,,,,,,,97,hitl
408,2026-07-16 12:00,farm_1,farm,0,,620.0,0.037,,,,,,,,,,,97,hitl
408,2026-07-16 12:00,slaughterhouse_1,slaughterhouse,0,,,,372.0,260.87,,,,,,,,,97,hitl
408,2026-07-16 12:00,wholesaler_1,wholesaler,1,,,,,,0.0,55.5,,,,,,,97,hitl
408,2026-07-16 12:00,retail_1,retail,1,,,,,,,,0.0,36.3,1.0,92.5,14.48,74.2326,97,hitl
409,2026-07-16 12:15,supplier_1,supplier,1,564.67,,,,,,,,,,,,,97,hitl
409,2026-07-16 12:15,farm_1,farm,0,,620.0,0.037,,,,,,,,,,,97,hitl
409,2026-07-16 12:15,slaughterhouse_1,slaughterhouse,0,,,,372.0,271.53,,,,,,,,,97,hitl
409,2026-07-16 12:15,wholesaler_1,wholesaler,1,,,,,,24.0,55.5,,,,,,,97,hitl
409,2026-07-16 12:15,retail_1,retail,1,,,,,,,,0.0,36.3,1.0,92.75,14.48,74.2326,97,hitl
410,2026-07-16 12:30,supplier_1,supplier,1,563.43,,,,,,,,,,,,,97,hitl
410,2026-07-16 12:30,farm_1,farm,0,,620.0,0.037,,,,,,,,,,,97,hitl
410,2026-07-16 12:30,slaughterhouse_1,slaughterhouse,0,,,,372.0,281.58,,,,,,,,,97,hitl
410,2026-07-16 12:30,wholesaler_1,wholesaler,1,,,,,,22.22,55.5,,,,,,,97,hitl
410,2026-07-16 12:30,retail_1,retail,1,,,,,,,,0.0,36.3,1.0,93.0,14.48,74.2326,97,hitl
411,2026-07-16 12:45,supplier_1,supplier,1,561.98,,,,,,,,,,,,,97,hitl
411,2026-07-16 12:45,farm_1,farm,0,,620.0,0.037,,,,,,,,,,,97,hitl
411,2026-07-16 12:45,slaughterhouse_1,slaughterhouse,0,,,,372.0,292.12,,,,,,,,,97,hitl
411,2026-07-16 12:45,wholesaler_1,wholesaler,1,,,,,,20.59,55.5,,,,,,,97,hitl
411,2026-07-16 12:45,retail_1,retail,1,,,,,,,,0.0,36.3,1.0,93.25,14.48,74.2326,97,hitl
412,2026-07-16 13:00,supplier_1,supplier,1,561.32,,,,,,,,,,,,,97,hitl
412,2026-07-16 13:00,farm_1,farm,0,,620.0,0.037,,,,,,,,,,,97,hitl
412,2026-07-16 13:00,slaughterhouse_1,slaughterhouse,0,,,,372.0,302.62,,,,,,,,,97,hitl
412,2026-07-16 13:00,wholesaler_1,wholesaler,1,,,,,,18.77,55.5,,,,,,,97,hitl
412,2026-07-16 13:00,retail_1,retail,1,,,,,,,,0.0,36.3,1.0,93.5,14.48,74.2326,97,hitl
413,2026-07-16 13:15,supplier_1,supplier,1,560.5,,,,,,,,,,,,,97,hitl
413,2026-07-16 13:15,farm_1,farm,0,,620.0,0.037,,,,,,,,,,,97,hitl
413,2026-07-16 13:15,slaughterhouse_1,slaughterhouse,0,,,,372.0,313.3,,,,,,,,,97,hitl
413,2026-07-16 13:15,wholesaler_1,wholesaler,1,,,,,,15.98,55.5,,,,,,,97,hitl
413,2026-07-16 13:15,retail_1,retail,1,,,,,,,,0.0,36.3,1.0,93.75,14.48,74.2326,97,hitl
414,2026-07-16 13:30,supplier_1,supplier,1,559.99,,,,,,,,,,,,,97,hitl
414,2026-07-16 13:30,farm_1,farm,0,,620.0,0.037,,,,,,,,,,,97,hitl
414,2026-07-16 13:30,slaughterhouse_1,slaughterhouse,0,,,,372.0,322.83,,,,,,,,,97,hitl
414,2026-07-16 13:30,wholesaler_1,wholesaler,1,,,,,,14.18,55.5,,,,,,,97,hitl
414,2026-07-16 13:30,retail_1,retail,1,,,,,,,,0.0,36.3,1.0,94.0,14.48,74.2326,97,hitl
415,2026-07-16 13:45,supplier_1,supplier,1,558.93,,,,,,,,,,,,,97,hitl
415,2026-07-16 13:45,farm_1,farm,0,,620.0,0.037,,,,,,,,,,,97,hitl
415,2026-07-16 13:45,slaughterhouse_1,slaughterhouse,0,,,,372.0,333.07,,,,,,,,,97,hitl
415,2026-07-16 13:45,wholesaler_1,wholesaler,1,,,,,,11.23,55.5,,,,,,,97,hitl
415,2026-07-16 13:45,retail_1,retail,1,,,,,,,,0.0,36.3,1.0,94.25,14.48,74.2326,97,hitl
416,2026-07-16 14:00,supplier_1,supplier,1,557.57,,,,,,,,,,,,,97,hitl
416,2026-07-16 14:00,farm_1,farm,0,,620.0,0.037,,,,,,,,,,,97,hitl
416,2026-07-16 14:00,slaughterhouse_1,slaughterhouse,0,,,,372.0,319.59,,,,,,,,,97,hitl
416,2026-07-16 14:00,wholesaler_1,wholesaler,1,,,,,,9.16,55.5,,,,,,,97,hitl
416,2026-07-16 14:00,retail_1,retail,1,,,,,,,,0.0,36.3,1.0,94.5,14.48,74.2326,97,hitl
417,2026-07-16 14:15,supplier_1,supplier,1,556.53,,,,,,,,,,,,,97,hitl
417,2026-07-16 14:15,farm_1,farm,0,,620.0,0.037,,,,,,,,,,,97,hitl
417,2026-07-16 14:15,slaughterhouse_1,slaughterhouse,0,,,,372.0,329.6,,,,,,,,,97,hitl
417,2026-07-16 14:15,wholesaler_1,wholesaler,1,,,,,,31.5,55.5,,,,,,,97,hitl
417,2026-07-16 14:15,retail_1,retail,1,,,,,,,,0.0,36.3,1.0,94.75,14.48,74.2326,97,hitl
418,2026-07-16 14:30,supplier_1,supplier,1,556.01,,,,,,,,,,,,,97,hitl
418,2026-07-16 14:30,farm_1,farm,0,,620.0,0.037,,,,,,,,,,,97,hitl
418,2026-07-16 14:30,slaughterhouse_1,slaughterhouse,0,,,,372.0,339.25,,,,,,,,,97,hitl
418,2026-07-16 14:30,wholesaler_1,wholesaler,1,,,,,,29.05,55.5,,,,,,,97,hitl
418,2026-07-16 14:30,retail_1,retail,1,,,,,,,,0.0,36.3,1.0,95.0,14.48,74.2326,97,hitl
419,2026-07-16 14:45,supplier_1,supplier,1,555.2,,,,,,,,,,,,,97,hitl
419,2026-07-16 14:45,farm_1,farm,0,,620.0,0.037,,,,,,,,,,,97,hitl
419,2026-07-16 14:45,slaughterhouse_1,slaughterhouse,0,,,,372.0,348.79,,,,,,,,,97,hitl
419,2026-07-16 14:45,wholesaler_1,wholesaler,1,,,,,,26.19,55.5,,,,,,,97,hitl
419,2026-07-16 14:45,retail_1,retail,1,,,,,,,,0.0,36.3,1.0,95.25,14.48,74.2326,97,hitl
420,2026-07-16 15:00,supplier_1,supplier,1,554.3,,,,,,,,,,,,,97,hitl
420,2026-07-16 15:00,farm_1,farm,0,,620.0,0.037,,,,,,,,,,,97,hitl
420,2026-07-16 15:00,slaughterhouse_1,slaughterhouse,0,,,,372.0,358.47,,,,,,,,,97,hitl
420,2026-07-16 15:00,wholesaler_1,wholesaler,1,,,,,,23.26,55.5,,,,,,,97,hitl
420,2026-07-16 15:00,retail_1,retail,1,,,,,,,,0.0,36.3,1.0,95.5,14.48,74.2326,97,hitl
421,2026-07-16 15:15,supplier_1,supplier,1,552.86,,,,,,,,,,,,,97,hitl
421,2026-07-16 15:15,farm_1,farm,0,,620.0,0.037,,,,,,,,,,,97,hitl
421,2026-07-16 15:15,slaughterhouse_1,slaughterhouse,0,,,,372.0,368.83,,,,,,,,,97,hitl
421,2026-07-16 15:15,wholesaler_1,wholesaler,1,,,,,,20.65,55.5,,,,,,,97,hitl
421,2026-07-16 15:15,retail_1,retail,1,,,,,,,,0.0,36.3,1.0,95.75,14.48,74.2326,97,hitl
422,2026-07-16 15:30,supplier_1,supplier,1,551.41,,,,,,,,,,,,,97,hitl
422,2026-07-16 15:30,farm_1,farm,0,,620.0,0.037,,,,,,,,,,,97,hitl
422,2026-07-16 15:30,slaughterhouse_1,slaughterhouse,0,,,,372.0,378.71,,,,,,,,,97,hitl
422,2026-07-16 15:30,wholesaler_1,wholesaler,1,,,,,,18.59,55.5,,,,,,,97,hitl
422,2026-07-16 15:30,retail_1,retail,1,,,,,,,,0.0,36.3,1.0,96.0,14.48,74.2326,97,hitl
423,2026-07-16 15:45,supplier_1,supplier,1,549.92,,,,,,,,,,,,,97,hitl
423,2026-07-16 15:45,farm_1,farm,0,,620.0,0.037,,,,,,,,,,,97,hitl
423,2026-07-16 15:45,slaughterhouse_1,slaughterhouse,0,,,,372.0,389.19,,,,,,,,,97,hitl
423,2026-07-16 15:45,wholesaler_1,wholesaler,1,,,,,,17.0,55.5,,,,,,,97,hitl
423,2026-07-16 15:45,retail_1,retail,1,,,,,,,,0.0,36.3,1.0,96.25,14.48,74.2326,97,hitl
424,2026-07-16 16:00,supplier_1,supplier,1,549.2,,,,,,,,,,,,,97,hitl
424,2026-07-16 16:00,farm_1,farm,0,,620.0,0.037,,,,,,,,,,,97,hitl
424,2026-07-16 16:00,slaughterhouse_1,slaughterhouse,0,,,,372.0,374.95,,,,,,,,,97,hitl
424,2026-07-16 16:00,wholesaler_1,wholesaler,1,,,,,,14.29,55.5,,,,,,,97,hitl
424,2026-07-16 16:00,retail_1,retail,1,,,,,,,,0.0,36.3,1.0,96.5,14.48,74.2326,97,hitl
425,2026-07-16 16:15,supplier_1,supplier,1,547.77,,,,,,,,,,,,,97,hitl
425,2026-07-16 16:15,farm_1,farm,0,,620.0,0.037,,,,,,,,,,,97,hitl
425,2026-07-16 16:15,slaughterhouse_1,slaughterhouse,0,,,,372.0,385.96,,,,,,,,,97,hitl
425,2026-07-16 16:15,wholesaler_1,wholesaler,1,,,,,,35.61,55.5,,,,,,,97,hitl
425,2026-07-16 16:15,retail_1,retail,1,,,,,,,,0.0,36.3,1.0,96.75,14.48,74.2326,97,hitl
426,2026-07-16 16:30,supplier_1,supplier,1,546.73,,,,,,,,,,,,,97,hitl
426,2026-07-16 16:30,farm_1,farm,0,,620.0,0.037,,,,,,,,,,,97,hitl
426,2026-07-16 16:30,slaughterhouse_1,slaughterhouse,0,,,,372.0,396.47,,,,,,,,,97,hitl
426,2026-07-16 16:30,wholesaler_1,wholesaler,1,,,,,,34.09,55.5,,,,,,,97,hitl
426,2026-07-16 16:30,retail_1,retail,1,,,,,,,,0.0,36.3,1.0,97.0,14.48,74.2326,97,hitl
427,2026-07-16 16:45,supplier_1,supplier,1,546.02,,,,,,,,,,,,,97,hitl
427,2026-07-16 16:45,farm_1,farm,0,,620.0,0.037,,,,,,,,,,,97,hitl
427,2026-07-16 16:45,slaughterhouse_1,slaughterhouse,0,,,,372.0,400.0,,,,,,,,,97,hitl
427,2026-07-16 16:45,wholesaler_1,wholesaler,1,,,,,,31.2,55.5,,,,,,,97,hitl
427,2026-07-16 16:45,retail_1,retail,1,,,,,,,,0.0,36.3,1.0,97.25,14.48,74.2326,97,hitl
428,2026-07-16 17:00,supplier_1,supplier,1,544.9,,,,,,,,,,,,,97,hitl
428,2026-07-16 17:00,farm_1,farm,0,,620.0,0.037,,,,,,,,,,,97,hitl
428,2026-07-16 17:00,slaughterhouse_1,slaughterhouse,0,,,,372.0,400.0,,,,,,,,,97,hitl
428,2026-07-16 17:00,wholesaler_1,wholesaler,1,,,,,,28.59,55.5,,,,,,,97,hitl
428,2026-07-16 17:00,retail_1,retail,1,,,,,,,,0.0,36.3,1.0,97.5,14.48,74.2326,97,hitl
429,2026-07-16 17:15,supplier_1,supplier,1,543.67,,,,,,,,,,,,,97,hitl
429,2026-07-16 17:15,farm_1,farm,0,,620.0,0.037,,,,,,,,,,,97,hitl
429,2026-07-16 17:15,slaughterhouse_1,slaughterhouse,0,,,,372.0,400.0,,,,,,,,,97,hitl
429,2026-07-16 17:15,wholesaler_1,wholesaler,1,,,,,,26.52,55.5,,,,,,,97,hitl
429,2026-07-16 17:15,retail_1,retail,1,,,,,,,,0.0,36.3,1.0,97.75,14.48,74.2326,97,hitl
430,2026-07-16 17:30,supplier_1,supplier,1,542.23,,,,,,,,,,,,,97,hitl
430,2026-07-16 17:30,farm_1,farm,0,,620.0,0.037,,,,,,,,,,,97,hitl
430,2026-07-16 17:30,slaughterhouse_1,slaughterhouse,0,,,,372.0,400.0,,,,,,,,,97,hitl
430,2026-07-16 17:30,wholesaler_1,wholesaler,1,,,,,,24.55,55.5,,,,,,,97,hitl
430,2026-07-16 17:30,retail_1,retail,1,,,,,,,,0.0,36.3,1.0,98.0,14.48,74.2326,97,hitl
431,2026-07-16 17:45,supplier_1,supplier,1,540.87,,,,,,,,,,,,,97,hitl
431,2026-07-16 17:45,farm_1,farm,0,,620.0,0.037,,,,,,,,,,,97,hitl
431,2026-07-16 17:45,slaughterhouse_1,slaughterhouse,0,,,,372.0,400.0,,,,,,,,,97,hitl
431,2026-07-16 17:45,wholesaler_1,wholesaler,1,,,,,,21.88,55.5,,,,,,,97,hitl
431,2026-07-16 17:45,retail_1,retail,1,,,,,,,,0.0,36.3,1.0,98.25,14.48,74.2326,97,hitl
432,2026-07-16 18:00,supplier_1,supplier,1,539.76,,,,,,,,,,,,,97,hitl
432,2026-07-16 18:00,farm_1,farm,1,,620.0,0.037,,,,,,,,,,,97,hitl
432,2026-07-16 18:00,slaughterhouse_1,slaughterhouse,0,,,,372.0,376.0,,,,,,,,,97,hitl
432,2026-07-16 18:00,wholesaler_1,wholesaler,1,,,,,,19.61,55.5,,,,,,,97,hitl
432,2026-07-16 18:00,retail_1,retail,1,,,,,,,,0.0,36.3,1.0,98.5,14.48,74.2326,97,hitl
433,2026-07-16 18:15,supplier_1,supplier,1,538.54,,,,,,,,,,,,,97,hitl
433,2026-07-16 18:15,farm_1,farm,1,,620.0,0.037,,,,,,,,,,,97,hitl
433,2026-07-16 18:15,slaughterhouse_1,slaughterhouse,0,,,,372.0,385.72,,,,,,,,,97,hitl
433,2026-07-16 18:15,wholesaler_1,wholesaler,1,,,,,,40.87,55.5,,,,,,,97,hitl
433,2026-07-16 18:15,retail_1,retail,1,,,,,,,,0.0,36.3,1.0,98.75,14.48,74.2326,97,hitl
434,2026-07-16 18:30,supplier_1,supplier,1,537.44,,,,,,,,,,,,,97,hitl
434,2026-07-16 18:30,farm_1,farm,1,,620.0,0.037,,,,,,,,,,,97,hitl
434,2026-07-16 18:30,slaughterhouse_1,slaughterhouse,0,,,,372.0,396.59,,,,,,,,,97,hitl
434,2026-07-16 18:30,wholesaler_1,wholesaler,1,,,,,,39.27,55.5,,,,,,,97,hitl
434,2026-07-16 18:30,retail_1,retail,1,,,,,,,,0.0,36.3,1.0,99.0,14.48,74.2326,97,hitl
435,2026-07-16 18:45,supplier_1,supplier,1,536.24,,,,,,,,,,,,,97,hitl
435,2026-07-16 18:45,farm_1,farm,1,,620.0,0.037,,,,,,,,,,,97,hitl
435,2026-07-16 18:45,slaughterhouse_1,slaughterhouse,0,,,,372.0,400.0,,,,,,,,,97,hitl
435,2026-07-16 18:45,wholesaler_1,wholesaler,1,,,,,,37.68,55.5,,,,,,,97,hitl
435,2026-07-16 18:45,retail_1,retail,1,,,,,,,,0.0,36.3,1.0,99.25,14.48,74.2326,97,hitl
436,2026-07-16 19:00,supplier_1,supplier,1,535.69,,,,,,,,,,,,,97,hitl
436,2026-07-16 19:00,farm_1,farm,1,,620.0,0.037,,,,,,,,,,,97,hitl
436,2026-07-16 19:00,slaughterhouse_1,slaughterhouse,0,,,,372.0,400.0,,,,,,,,,97,hitl
436,2026-07-16 19:00,wholesaler_1,wholesaler,1,,,,,,35.75,55.5,,,,,,,97,hitl
436,2026-07-16 19:00,retail_1,retail,1,,,,,,,,0.0,36.3,1.0,99.5,14.48,74.2326,97,hitl
437,2026-07-16 19:15,supplier_1,supplier,1,534.48,,,,,,,,,,,,,97,hitl
437,2026-07-16 19:15,farm_1,farm,1,,620.0,0.037,,,,,,,,,,,97,hitl
437,2026-07-16 19:15,slaughterhouse_1,slaughterhouse,0,,,,372.0,400.0,,,,,,,,,97,hitl
437,2026-07-16 19:15,wholesaler_1,wholesaler,1,,,,,,34.01,55.5,,,,,,,97,hitl
437,2026-07-16 19:15,retail_1,retail,1,,,,,,,,0.0,36.3,1.0,99.75,14.48,74.2326,97,hitl
438,2026-07-16 19:30,supplier_1,supplier,1,533.74,,,,,,,,,,,,,97,hitl
438,2026-07-16 19:30,farm_1,farm,1,,620.0,0.037,,,,,,,,,,,97,hitl
438,2026-07-16 19:30,slaughterhouse_1,slaughterhouse,0,,,,372.0,400.0,,,,,,,,,97,hitl
438,2026-07-16 19:30,wholesaler_1,wholesaler,1,,,,,,31.84,55.5,,,,,,,97,hitl
438,2026-07-16 19:30,retail_1,retail,1,,,,,,,,0.0,36.3,1.0,100.0,14.48,74.2326,97,hitl
439,2026-07-16 19:45,supplier_1,supplier,1,532.72,,,,,,,,,,,,,97,hitl
439,2026-07-16 19:45,farm_1,farm,1,,620.0,0.037,,,,,,,,,,,97,hitl
439,2026-07-16 19:45,slaughterhouse_1,slaughterhouse,0,,,,372.0,400.0,,,,,,,,,97,hitl
439,2026-07-16 19:45,wholesaler_1,wholesaler,1,,,,,,30.07,55.5,,,,,,,97,hitl
439,2026-07-16 19:45,retail_1,retail,1,,,,,,,,0.0,36.3,1.0,100.25,14.48,74.2326,97,hitl
440,2026-07-16 20:00,supplier_1,supplier,1,531.76,,,,,,,,,,,,,97,hitl
440,2026-07-16 20:00,farm_1,farm,1,,620.0,0.037,,,,,,,,,,,97,hitl
440,2026-07-16 20:00,slaughterhouse_1,slaughterhouse,0,,,,372.0,376.0,,,,,,,,,97,hitl
440,2026-07-16 20:00,wholesaler_1,wholesaler,1,,,,,,27.97,55.5,,,,,,,97,hitl
440,2026-07-16 20:00,retail_1,retail,1,,,,,,,,0.0,36.3,1.0,100.5,14.48,74.2326,97,hitl
441,2026-07-16 20:15,supplier_1,supplier,1,530.45,,,,,,,,,,,,,97,hitl
441,2026-07-16 20:15,farm_1,farm,1,,620.0,0.037,,,,,,,,,,,97,hitl
441,2026-07-16 20:15,slaughterhouse_1,slaughterhouse,0,,,,372.0,385.95,,,,,,,,,97,hitl
441,2026-07-16 20:15,wholesaler_1,wholesaler,1,,,,,,49.48,55.5,,,,,,,97,hitl
441,2026-07-16 20:15,retail_1,retail,1,,,,,,,,0.0,36.3,1.0,100.75,14.48,74.2326,97,hitl
442,2026-07-16 20:30,supplier_1,supplier,1,529.21,,,,,,,,,,,,,97,hitl
442,2026-07-16 20:30,farm_1,farm,1,,620.0,0.037,,,,,,,,,,,97,hitl
442,2026-07-16 20:30,slaughterhouse_1,slaughterhouse,0,,,,372.0,395.47,,,,,,,,,97,hitl
442,2026-07-16 20:30,wholesaler_1,wholesaler,1,,,,,,47.09,55.5,,,,,,,97,hitl
442,2026-07-16 20:30,retail_1,retail,1,,,,,,,,0.0,36.3,1.0,101.0,14.48,74.2326,97,hitl
443,2026-07-16 20:45,supplier_1,supplier,1,528.26,,,,,,,,,,,,,97,hitl
443,2026-07-16 20:45,farm_1,farm,1,,620.0,0.037,,,,,,,,,,,97,hitl
443,2026-07-16 20:45,slaughterhouse_1,slaughterhouse,0,,,,372.0,400.0,,,,,,,,,97,hitl
443,2026-07-16 20:45,wholesaler_1,wholesaler,1,,,,,,44.4,55.5,,,,,,,97,hitl
443,2026-07-16 20:45,retail_1,retail,1,,,,,,,,0.0,36.3,1.0,101.25,14.48,74.2326,97,hitl
444,2026-07-16 21:00,supplier_1,supplier,1,527.29,,,,,,,,,,,,,97,hitl
444,2026-07-16 21:00,farm_1,farm,1,,620.0,0.037,,,,,,,,,,,97,hitl
444,2026-07-16 21:00,slaughterhouse_1,slaughterhouse,0,,,,372.0,400.0,,,,,,,,,97,hitl
444,2026-07-16 21:00,wholesaler_1,wholesaler,1,,,,,,33.31,55.5,,,,,,,97,hitl
444,2026-07-16 21:00,retail_1,retail,1,,,,,,,,0.0,36.3,1.0,101.5,14.48,74.2326,97,hitl
445,2026-07-16 21:15,supplier_1,supplier,1,526.59,,,,,,,,,,,,,97,hitl
445,2026-07-16 21:15,farm_1,farm,1,,620.0,0.037,,,,,,,,,,,97,hitl
445,2026-07-16 21:15,slaughterhouse_1,slaughterhouse,0,,,,372.0,400.0,,,,,,,,,97,hitl
445,2026-07-16 21:15,wholesaler_1,wholesaler,1,,,,,,30.84,55.5,,,,,,,97,hitl
445,2026-07-16 21:15,retail_1,retail,1,,,,,,,,9.57,36.3,1.0,101.75,14.48,74.2326,97,hitl
446,2026-07-16 21:30,supplier_1,supplier,1,525.46,,,,,,,,,,,,,97,hitl
446,2026-07-16 21:30,farm_1,farm,1,,620.0,0.037,,,,,,,,,,,97,hitl
446,2026-07-16 21:30,slaughterhouse_1,slaughterhouse,0,,,,372.0,400.0,,,,,,,,,97,hitl
446,2026-07-16 21:30,wholesaler_1,wholesaler,1,,,,,,28.46,55.5,,,,,,,97,hitl
446,2026-07-16 21:30,retail_1,retail,1,,,,,,,,5.91,36.3,0.0,102.0,14.48,74.2326,97,hitl
447,2026-07-16 21:45,supplier_1,supplier,1,524.01,,,,,,,,,,,,,97,hitl
447,2026-07-16 21:45,farm_1,farm,1,,620.0,0.037,,,,,,,,,,,97,hitl
447,2026-07-16 21:45,slaughterhouse_1,slaughterhouse,0,,,,372.0,400.0,,,,,,,,,97,hitl
447,2026-07-16 21:45,wholesaler_1,wholesaler,1,,,,,,25.46,55.5,,,,,,,97,hitl
447,2026-07-16 21:45,retail_1,retail,1,,,,,,,,2.05,36.3,0.0,102.25,14.48,74.2326,97,hitl
448,2026-07-16 22:00,supplier_1,supplier,1,522.87,,,,,,,,,,,,,97,hitl
448,2026-07-16 22:00,farm_1,farm,1,,620.0,0.037,,,,,,,,,,,97,hitl
448,2026-07-16 22:00,slaughterhouse_1,slaughterhouse,0,,,,372.0,376.0,,,,,,,,,97,hitl
448,2026-07-16 22:00,wholesaler_1,wholesaler,1,,,,,,22.76,55.5,,,,,,,97,hitl
448,2026-07-16 22:00,retail_1,retail,1,,,,,,,,0.0,36.3,1.0,102.5,14.48,74.2326,97,hitl
449,2026-07-16 22:15,supplier_1,supplier,1,522.17,,,,,,,,,,,,,97,hitl
449,2026-07-16 22:15,farm_1,farm,1,,620.0,0.037,,,,,,,,,,,97,hitl
449,2026-07-16 22:15,slaughterhouse_1,slaughterhouse,0,,,,372.0,386.86,,,,,,,,,97,hitl
449,2026-07-16 22:15,wholesaler_1,wholesaler,1,,,,,,44.42,55.5,,,,,,,97,hitl
449,2026-07-16 22:15,retail_1,retail,1,,,,,,,,0.0,36.3,1.0,102.75,14.48,74.2326,97,hitl
450,2026-07-16 22:30,supplier_1,supplier,1,521.53,,,,,,,,,,,,,97,hitl
450,2026-07-16 22:30,farm_1,farm,1,,620.0,0.037,,,,,,,,,,,97,hitl
450,2026-07-16 22:30,slaughterhouse_1,slaughterhouse,0,,,,372.0,397.0,,,,,,,,,97,hitl
450,2026-07-16 22:30,wholesaler_1,wholesaler,1,,,,,,42.86,55.5,,,,,,,97,hitl
450,2026-07-16 22:30,retail_1,retail,1,,,,,,,,0.0,36.3,1.0,103.0,14.48,74.2326,97,hitl
451,2026-07-16 22:45,supplier_1,supplier,1,520.64,,,,,,,,,,,,,97,hitl
451,2026-07-16 22:45,farm_1,farm,1,,620.0,0.037,,,,,,,,,,,97,hitl
451,2026-07-16 22:45,slaughterhouse_1,slaughterhouse,0,,,,372.0,400.0,,,,,,,,,97,hitl
451,2026-07-16 22:45,wholesaler_1,wholesaler,1,,,,,,40.41,55.5,,,,,,,97,hitl
451,2026-07-16 22:45,retail_1,retail,1,,,,,,,,0.0,36.3,1.0,103.25,14.48,74.2326,97,hitl
452,2026-07-16 23:00,supplier_1,supplier,1,519.6,,,,,,,,,,,,,97,hitl
452,2026-07-16 23:00,farm_1,farm,1,,620.0,0.037,,,,,,,,,,,97,hitl
452,2026-07-16 23:00,slaughterhouse_1,slaughterhouse,0,,,,372.0,400.0,,,,,,,,,97,hitl
452,2026-07-16 23:00,wholesaler_1,wholesaler,1,,,,,,28.99,55.5,,,,,,,97,hitl
452,2026-07-16 23:00,retail_1,retail,1,,,,,,,,0.0,36.3,1.0,103.5,14.48,74.2326,97,hitl
453,2026-07-16 23:15,supplier_1,supplier,1,518.8,,,,,,,,,,,,,97,hitl
453,2026-07-16 23:15,farm_1,farm,1,,620.0,0.037,,,,,,,,,,,97,hitl
453,2026-07-16 23:15,slaughterhouse_1,slaughterhouse,0,,,,372.0,400.0,,,,,,,,,97,hitl
453,2026-07-16 23:15,wholesaler_1,wholesaler,1,,,,,,26.99,55.5,,,,,,,97,hitl
453,2026-07-16 23:15,retail_1,retail,1,,,,,,,,9.57,36.3,1.0,103.75,14.48,74.2326,97,hitl
454,2026-07-16 23:30,supplier_1,supplier,1,517.82,,,,,,,,,,,,,97,hitl
454,2026-07-16 23:30,farm_1,farm,1,,620.0,0.037,,,,,,,,,,,97,hitl
454,2026-07-16 23:30,slaughterhouse_1,slaughterhouse,0,,,,372.0,400.0,,,,,,,,,97,hitl
454,2026-07-16 23:30,wholesaler_1,wholesaler,1,,,,,,24.19,55.5,,,,,,,97,hitl
454,2026-07-16 23:30,retail_1,retail,1,,,,,,,,6.16,36.3,0.0,104.0,14.48,74.2326,97,hitl
455,2026-07-16 23:45,supplier_1,supplier,1,517.3,,,,,,,,,,,,,97,hitl
455,2026-07-16 23:45,farm_1,farm,1,,620.0,0.037,,,,,,,,,,,97,hitl
455,2026-07-16 23:45,slaughterhouse_1,slaughterhouse,0,,,,372.0,400.0,,,,,,,,,97,hitl
455,2026-07-16 23:45,wholesaler_1,wholesaler,1,,,,,,22.41,55.5,,,,,,,97,hitl
455,2026-07-16 23:45,retail_1,retail,1,,,,,,,,2.25,36.3,0.0,104.25,14.48,74.2326,97,hitl
456,2026-07-17 00:00,supplier_1,supplier,1,516.46,,,,,,,,,,,,,97,hitl
456,2026-07-17 00:00,farm_1,farm,1,,620.0,0.037,,,,,,,,,,,97,hitl
456,2026-07-17 00:00,slaughterhouse_1,slaughterhouse,0,,,,372.0,376.0,,,,,,,,,97,hitl
456,2026-07-17 00:00,wholesaler_1,wholesaler,0,,,,,,150.79,16.0,,,,,,,97,hitl
456,2026-07-17 00:00,retail_1,retail,1,,,,,,,,0.0,36.3,1.0,104.5,14.48,74.2326,97,hitl
457,2026-07-17 00:15,supplier_1,supplier,1,515.94,,,,,,,,,,,,,97,hitl
457,2026-07-17 00:15,farm_1,farm,1,,620.0,0.037,,,,,,,,,,,97,hitl
457,2026-07-17 00:15,slaughterhouse_1,slaughterhouse,0,,,,372.0,386.22,,,,,,,,,97,hitl
457,2026-07-17 00:15,wholesaler_1,wholesaler,0,,,,,,172.31,16.0,,,,,,,97,hitl
457,2026-07-17 00:15,retail_1,retail,1,,,,,,,,9.57,36.3,1.0,104.75,14.48,74.2326,97,hitl
458,2026-07-17 00:30,supplier_1,supplier,1,514.69,,,,,,,,,,,,,97,hitl
458,2026-07-17 00:30,farm_1,farm,1,,620.0,0.037,,,,,,,,,,,97,hitl
458,2026-07-17 00:30,slaughterhouse_1,slaughterhouse,0,,,,372.0,396.6,,,,,,,,,97,hitl
458,2026-07-17 00:30,wholesaler_1,wholesaler,0,,,,,,169.72,16.0,,,,,,,97,hitl
458,2026-07-17 00:30,retail_1,retail,1,,,,,,,,5.81,36.3,0.0,105.0,14.48,74.2326,97,hitl
459,2026-07-17 00:45,supplier_1,supplier,1,513.99,,,,,,,,,,,,,97,hitl
459,2026-07-17 00:45,farm_1,farm,1,,620.0,0.037,,,,,,,,,,,97,hitl
459,2026-07-17 00:45,slaughterhouse_1,slaughterhouse,0,,,,372.0,400.0,,,,,,,,,97,hitl
459,2026-07-17 00:45,wholesaler_1,wholesaler,0,,,,,,167.72,16.0,,,,,,,97,hitl
459,2026-07-17 00:45,retail_1,retail,1,,,,,,,,2.15,36.3,0.0,105.25,14.48,74.2326,97,hitl
460,2026-07-17 01:00,supplier_1,supplier,1,512.61,,,,,,,,,,,,,97,hitl
460,2026-07-17 01:00,farm_1,farm,1,,620.0,0.037,,,,,,,,,,,97,hitl
460,2026-07-17 01:00,slaughterhouse_1,slaughterhouse,0,,,,372.0,400.0,,,,,,,,,97,hitl
460,2026-07-17 01:00,wholesaler_1,wholesaler,0,,,,,,156.53,16.0,,,,,,,97,hitl
460,2026-07-17 01:00,retail_1,retail,1,,,,,,,,0.0,36.3,1.0,105.5,14.48,74.2326,97,hitl
461,2026-07-17 01:15,supplier_1,supplier,1,511.59,,,,,,,,,,,,,97,hitl
461,2026-07-17 01:15,farm_1,farm,1,,620.0,0.037,,,,,,,,,,,97,hitl
461,2026-07-17 01:15,slaughterhouse_1,slaughterhouse,0,,,,372.0,400.0,,,,,,,,,97,hitl
461,2026-07-17 01:15,wholesaler_1,wholesaler,0,,,,,,154.18,16.0,,,,,,,97,hitl
461,2026-07-17 01:15,retail_1,retail,1,,,,,,,,9.57,36.3,1.0,105.75,14.48,74.2326,97,hitl
462,2026-07-17 01:30,supplier_1,supplier,1,510.39,,,,,,,,,,,,,97,hitl
462,2026-07-17 01:30,farm_1,farm,1,,620.0,0.037,,,,,,,,,,,97,hitl
462,2026-07-17 01:30,slaughterhouse_1,slaughterhouse,0,,,,372.0,400.0,,,,,,,,,97,hitl
462,2026-07-17 01:30,wholesaler_1,wholesaler,0,,,,,,152.46,16.0,,,,,,,97,hitl
462,2026-07-17 01:30,retail_1,retail,1,,,,,,,,5.78,36.3,0.0,106.0,14.48,74.2326,97,hitl
463,2026-07-17 01:45,supplier_1,supplier,1,508.92,,,,,,,,,,,,,97,hitl
463,2026-07-17 01:45,farm_1,farm,1,,620.0,0.037,,,,,,,,,,,97,hitl
463,2026-07-17 01:45,slaughterhouse_1,slaughterhouse,0,,,,372.0,400.0,,,,,,,,,97,hitl
463,2026-07-17 01:45,wholesaler_1,wholesaler,0,,,,,,149.92,16.0,,,,,,,97,hitl
463,2026-07-17 01:45,retail_1,retail,1,,,,,,,,2.27,36.3,0.0,106.25,14.48,74.2326,97,hitl
464,2026-07-17 02:00,supplier_1,supplier,1,507.66,,,,,,,,,,,,,97,hitl
464,2026-07-17 02:00,farm_1,farm,1,,620.0,0.037,,,,,,,,,,,97,hitl
464,2026-07-17 02:00,slaughterhouse_1,slaughterhouse,0,,,,372.0,376.0,,,,,,,,,97,hitl
464,2026-07-17 02:00,wholesaler_1,wholesaler,0,,,,,,138.39,16.0,,,,,,,97,hitl
464,2026-07-17 02:00,retail_1,retail,1,,,,,,,,0.0,36.3,1.0,106.5,14.48,74.2326,97,hitl
465,2026-07-17 02:15,supplier_1,supplier,1,506.37,,,,,,,,,,,,,97,hitl
465,2026-07-17 02:15,farm_1,farm,1,,620.0,0.037,,,,,,,,,,,97,hitl
465,2026-07-17 02:15,slaughterhouse_1,slaughterhouse,0,,,,372.0,385.84,,,,,,,,,97,hitl
465,2026-07-17 02:15,wholesaler_1,wholesaler,0,,,,,,160.45,16.0,,,,,,,97,hitl
465,2026-07-17 02:15,retail_1,retail,1,,,,,,,,9.57,36.3,1.0,106.75,14.48,74.2326,97,hitl
466,2026-07-17 02:30,supplier_1,supplier,1,505.13,,,,,,,,,,,,,97,hitl
466,2026-07-17 02:30,farm_1,farm,1,,620.0,0.037,,,,,,,,,,,97,hitl
466,2026-07-17 02:30,slaughterhouse_1,slaughterhouse,0,,,,372.0,396.68,,,,,,,,,97,hitl
466,2026-07-17 02:30,wholesaler_1,wholesaler,0,,,,,,157.57,16.0,,,,,,,97,hitl
466,2026-07-17 02:30,retail_1,retail,1,,,,,,,,5.63,36.3,0.0,107.0,14.48,74.2326,97,hitl
467,2026-07-17 02:45,supplier_1,supplier,1,503.85,,,,,,,,,,,,,97,hitl
467,2026-07-17 02:45,farm_1,farm,1,,620.0,0.037,,,,,,,,,,,97,hitl
467,2026-07-17 02:45,slaughterhouse_1,slaughterhouse,0,,,,372.0,400.0,,,,,,,,,97,hitl
467,2026-07-17 02:45,wholesaler_1,wholesaler,0,,,,,,155.84,16.0,,,,,,,97,hitl
467,2026-07-17 02:45,retail_1,retail,1,,,,,,,,2.25,36.3,0.0,107.25,14.48,74.2326,97,hitl
468,2026-07-17 03:00,supplier_1,supplier,1,503.25,,,,,,,,,,,,,97,hitl
468,2026-07-17 03:00,farm_1,farm,0,,620.0,0.037,,,,,,,,,,,97,hitl
468,2026-07-17 03:00,slaughterhouse_1,slaughterhouse,0,,,,372.0,400.0,,,,,,,,,97,hitl
468,2026-07-17 03:00,wholesaler_1,wholesaler,0,,,,,,144.52,8.0,,,,,,,97,hitl
468,2026-07-17 03:00,retail_1,retail,1,,,,,,,,0.0,39.93,1.0,107.5,14.48,104.2326,97,hitl
469,2026-07-17 03:15,supplier_1,supplier,1,502.34,,,,,,,,,,,,,97,hitl
469,2026-07-17 03:15,farm_1,farm,0,,620.0,0.037,,,,,,,,,,,97,hitl
469,2026-07-17 03:15,slaughterhouse_1,slaughterhouse,0,,,,372.0,400.0,,,,,,,,,97,hitl
469,2026-07-17 03:15,wholesaler_1,wholesaler,0,,,,,,142.64,8.0,,,,,,,97,hitl
469,2026-07-17 03:15,retail_1,retail,1,,,,,,,,9.57,39.93,1.0,107.75,14.48,104.2326,97,hitl
470,2026-07-17 03:30,supplier_1,supplier,1,501.15,,,,,,,,,,,,,97,hitl
470,2026-07-17 03:30,farm_1,farm,0,,620.0,0.037,,,,,,,,,,,97,hitl
470,2026-07-17 03:30,slaughterhouse_1,slaughterhouse,0,,,,372.0,400.0,,,,,,,,,97,hitl
470,2026-07-17 03:30,wholesaler_1,wholesaler,0,,,,,,140.86,8.0,,,,,,,97,hitl
470,2026-07-17 03:30,retail_1,retail,1,,,,,,,,5.66,39.93,0.0,108.0,14.48,104.2326,97,hitl
471,2026-07-17 03:45,supplier_1,supplier,1,500.58,,,,,,,,,,,,,97,hitl
471,2026-07-17 03:45,farm_1,farm,0,,620.0,0.037,,,,,,,,,,,97,hitl
471,2026-07-17 03:45,slaughterhouse_1,slaughterhouse,0,,,,372.0,400.0,,,,,,,,,97,hitl
471,2026-07-17 03:45,wholesaler_1,wholesaler,0,,,,,,138.87,8.0,,,,,,,97,hitl
471,2026-07-17 03:45,retail_1,retail,1,,,,,,,,1.95,39.93,0.0,108.25,14.48,104.2326,97,hitl
472,2026-07-17 04:00,supplier_1,supplier,1,499.98,,,,,,,,,,,,,97,hitl
472,2026-07-17 04:00,farm_1,farm,0,,620.0,0.037,,,,,,,,,,,97,hitl
472,2026-07-17 04:00,slaughterhouse_1,slaughterhouse,0,,,,372.0,376.0,,,,,,,,,97,hitl
472,2026-07-17 04:00,wholesaler_1,wholesaler,0,,,,,,122.9,8.0,,,,,,,97,hitl
472,2026-07-17 04:00,retail_1,retail,1,,,,,,,,0.0,39.93,1.0,108.5,14.48,104.2326,97,hitl
473,2026-07-17 04:15,supplier_1,supplier,1,499.43,,,,,,,,,,,,,97,hitl
473,2026-07-17 04:15,farm_1,farm,0,,620.0,0.037,,,,,,,,,,,97,hitl
473,2026-07-17 04:15,slaughterhouse_1,slaughterhouse,0,,,,372.0,386.32,,,,,,,,,97,hitl
473,2026-07-17 04:15,wholesaler_1,wholesaler,0,,,,,,144.99,8.0,,,,,,,97,hitl
473,2026-07-17 04:15,retail_1,retail,1,,,,,,,,13.56,39.93,1.0,108.75,14.48,104.2326,97,hitl
474,2026-07-17 04:30,supplier_1,supplier,1,498.38,,,,,,,,,,,,,97,hitl
474,2026-07-17 04:30,farm_1,farm,0,,620.0,0.037,,,,,,,,,,,97,hitl
474,2026-07-17 04:30,slaughterhouse_1,slaughterhouse,0,,,,372.0,397.43,,,,,,,,,97,hitl
474,2026-07-17 04:30,wholesaler_1,wholesaler,0,,,,,,142.97,8.0,,,,,,,97,hitl
474,2026-07-17 04:30,retail_1,retail,1,,,,,,,,9.81,39.93,0.0,109.0,14.48,104.2326,97,hitl
475,2026-07-17 04:45,supplier_1,supplier,1,497.02,,,,,,,,,,,,,97,hitl
475,2026-07-17 04:45,farm_1,farm,0,,620.0,0.037,,,,,,,,,,,97,hitl
475,2026-07-17 04:45,slaughterhouse_1,slaughterhouse,0,,,,372.0,400.0,,,,,,,,,97,hitl
475,2026-07-17 04:45,wholesaler_1,wholesaler,0,,,,,,140.34,8.0,,,,,,,97,hitl
475,2026-07-17 04:45,retail_1,retail,1,,,,,,,,6.18,39.93,0.0,109.25,14.48,104.2326,97,hitl
476,2026-07-17 05:00,supplier_1,supplier,1,495.86,,,,,,,,,,,,,97,hitl
476,2026-07-17 05:00,farm_1,farm,0,,620.0,0.037,,,,,,,,,,,97,hitl
476,2026-07-17 05:00,slaughterhouse_1,slaughterhouse,0,,,,372.0,400.0,,,,,,,,,97,hitl
476,2026-07-17 05:00,wholesaler_1,wholesaler,0,,,,,,124.29,8.0,,,,,,,97,hitl
476,2026-07-17 05:00,retail_1,retail,1,,,,,,,,2.17,39.93,0.0,109.5,14.48,104.2326,97,hitl
477,2026-07-17 05:15,supplier_1,supplier,1,494.89,,,,,,,,,,,,,97,hitl
477,2026-07-17 05:15,farm_1,farm,0,,620.0,0.037,,,,,,,,,,,97,hitl
477,2026-07-17 05:15,slaughterhouse_1,slaughterhouse,0,,,,372.0,400.0,,,,,,,,,97,hitl
477,2026-07-17 05:15,wholesaler_1,wholesaler,0,,,,,,122.69,8.0,,,,,,,97,hitl
477,2026-07-17 05:15,retail_1,retail,1,,,,,,,,13.56,39.93,1.0,109.75,14.48,104.2326,97,hitl
478,2026-07-17 05:30,supplier_1,supplier,1,494.18,,,,,,,,,,,,,97,hitl
478,2026-07-17 05:30,farm_1,farm,0,,620.0,0.037,,,,,,,,,,,97,hitl
478,2026-07-17 05:30,slaughterhouse_1,slaughterhouse,0,,,,372.0,400.0,,,,,,,,,97,hitl
478,2026-07-17 05:30,wholesaler_1,wholesaler,0,,,,,,120.06,8.0,,,,,,,97,hitl
478,2026-07-17 05:30,retail_1,retail,1,,,,,,,,9.6,39.93,0.0,110.0,14.48,104.2326,97,hitl
479,2026-07-17 05:45,supplier_1,supplier,1,493.57,,,,,,,,,,,,,97,hitl
479,2026-07-17 05:45,farm_1,farm,0,,620.0,0.037,,,,,,,,,,,97,hitl
479,2026-07-17 05:45,slaughterhouse_1,slaughterhouse,0,,,,372.0,400.0,,,,,,,,,97,hitl
479,2026-07-17 05:45,wholesaler_1,wholesaler,0,,,,,,117.77,8.0,,,,,,,97,hitl
479,2026-07-17 05:45,retail_1,retail,1,,,,,,,,5.68,39.93,0.0,110.25,14.48,104.2326,97,hitl
