tick,timestamp,node_id,node_type,disrupted,available_supply,production_capacity,mortality_rate,processing_capacity,output_stock,inventory_level,pending_shipments,retail_inventory,safety_stock,stockout_flag,shortage_duration,sales_rate,reorder_request,scenario_id,mode
0,2026-04-17 06:00,supplier_1,supplier,0,959.59,,,,,,,,,,,,,54,hitl
0,2026-04-17 06:00,farm_1,farm,0,,742.0,0.0223,,,,,,,,,,,54,hitl
0,2026-04-17 06:00,slaughterhouse_1,slaughterhouse,0,,,,500.0,305.72,,,,,,,,,54,hitl
0,2026-04-17 06:00,wholesaler_1,wholesaler,0,,,,,,158.29,3.7,,,,,,,54,hitl
0,2026-04-17 06:00,retail_1,retail,0,,,,,,,,87.57,30.0,0.0,0.0,2.8,0.0,54,hitl
1,2026-04-17 06:15,supplier_1,supplier,0,958.57,,,,,,,,,,,,,54,hitl
1,2026-04-17 06:15,farm_1,farm,0,,742.0,0.0223,,,,,,,,,,,54,hitl
1,2026-04-17 06:15,slaughterhouse_1,slaughterhouse,0,,,,500.0,320.53,,,,,,,,,54,hitl
1,2026-04-17 06:15,wholesaler_1,wholesaler,0,,,,,,180.67,3.7,,,,,,,54,hitl
1,2026-04-17 06:15,retail_1,retail,0,,,,,,,,94.82,30.0,0.0,0.0,2.8,0.0,54,hitl
2,2026-04-17 06:30,supplier_1,supplier,0,957.96,,,,,,,,,,,,,54,hitl
2,2026-04-17 06:30,farm_1,farm,0,,742.0,0.0223,,,,,,,,,,,54,hitl
2,2026-04-17 06:30,slaughterhouse_1,slaughterhouse,0,,,,500.0,333.46,,,,,,,,,54,hitl
2,2026-04-17 06:30,wholesaler_1,wholesaler,0,,,,,,178.82,3.7,,,,,,,54,hitl
2,2026-04-17 06:30,retail_1,retail,0,,,,,,,,94.14,30.0,0.0,0.0,2.8,0.0,54,hitl
3,2026-04-17 06:45,supplier_1,supplier,0,957.22,,,,,,,,,,,,,54,hitl
3,2026-04-17 06:45,farm_1,farm,0,,742.0,0.0223,,,,,,,,,,,54,hitl
3,2026-04-17 06:45,slaughterhouse_1,slaughterhouse,0,,,,500.0,347.09,,,,,,,,,54,hitl
3,2026-04-17 06:45,wholesaler_1,wholesaler,0,,,,,,176.23,3.7,,,,,,,54,hitl
3,2026-04-17 06:45,retail_1,retail,0,,,,,,,,93.45,30.0,0.0,0.0,2.8,0.0,54,hitl
4,2026-04-17 07:00,supplier_1,supplier,0,956.24,,,,,,,,,,,,,54,hitl
4,2026-04-17 07:00,farm_1,farm,0,,742.0,0.0223,,,,,,,,,,,54,hitl
4,2026-04-17 07:00,slaughterhouse_1,slaughterhouse,0,,,,500.0,360.81,,,,,,,,,54,hitl
4,2026-04-17 07:00,wholesaler_1,wholesaler,0,,,,,,165.85,3.7,,,,,,,54,hitl
4,2026-04-17 07:00,retail_1,retail,0,,,,,,,,92.82,30.0,0.0,0.0,2.8,0.0,54,hitl
5,2026-04-17 07:15,supplier_1,supplier,0,954.88,,,,,,,,,,,,,54,hitl
5,2026-04-17 07:15,farm_1,farm,0,,742.0,0.0223,,,,,,,,,,,54,hitl
5,2026-04-17 07:15,slaughterhouse_1,slaughterhouse,0,,,,500.0,374.66,,,,,,,,,54,hitl
5,2026-04-17 07:15,wholesaler_1,wholesaler,0,,,,,,164.03,3.7,,,,,,,54,hitl
5,2026-04-17 07:15,retail_1,retail,0,,,,,,,,100.1,30.0,0.0,0.0,2.8,0.0,54,hitl
6,2026-04-17 07:30,supplier_1,supplier,0,954.04,,,,,,,,,,,,,54,hitl
6,2026-04-17 07:30,farm_1,farm,0,,742.0,0.0223,,,,,,,,,,,54,hitl
6,2026-04-17 07:30,slaughterhouse_1,slaughterhouse,0,,,,500.0,388.1,,,,,,,,,54,hitl
6,2026-04-17 07:30,wholesaler_1,wholesaler,0,,,,,,161.9,3.7,,,,,,,54,hitl
6,2026-04-17 07:30,retail_1,retail,0,,,,,,,,99.36,30.0,0.0,0.0,2.8,0.0,54,hitl
7,2026-04-17 07:45,supplier_1,supplier,0,953.5,,,,,,,,,,,,,54,hitl
7,2026-04-17 07:45,farm_1,farm,0,,742.0,0.0223,,,,,,,,,,,54,hitl
7,2026-04-17 07:45,slaughterhouse_1,slaughterhouse,0,,,,500.0,400.0,,,,,,,,,54,hitl
7,2026-04-17 07:45,wholesaler_1,wholesaler,0,,,,,,159.62,3.7,,,,,,,54,hitl
7,2026-04-17 07:45,retail_1,retail,0,,,,,,,,98.67,30.0,0.0,0.0,2.8,0.0,54,hitl
8,2026-04-17 08:00,supplier_1,supplier,0,952.26,,,,,,,,,,,,,54,hitl
8,2026-04-17 08:00,farm_1,farm,0,,742.0,0.0223,,,,,,,,,,,54,hitl
8,2026-04-17 08:00,slaughterhouse_1,slaughterhouse,0,,,,500.0,376.0,,,,,,,,,54,hitl
8,2026-04-17 08:00,wholesaler_1,wholesaler,0,,,,,,149.67,3.7,,,,,,,54,hitl
8,2026-04-17 08:00,retail_1,retail,0,,,,,,,,98.02,30.0,0.0,0.0,2.8,0.0,54,hitl
9,2026-04-17 08:15,supplier_1,supplier,0,951.67,,,,,,,,,,,,,54,hitl
9,2026-04-17 08:15,farm_1,farm,0,,742.0,0.0223,,,,,,,,,,,54,hitl
9,2026-04-17 08:15,slaughterhouse_1,slaughterhouse,0,,,,500.0,389.67,,,,,,,,,54,hitl
9,2026-04-17 08:15,wholesaler_1,wholesaler,0,,,,,,171.63,3.7,,,,,,,54,hitl
9,2026-04-17 08:15,retail_1,retail,0,,,,,,,,104.22,30.0,0.0,0.0,2.8,0.0,54,hitl
10,2026-04-17 08:30,supplier_1,supplier,0,950.51,,,,,,,,,,,,,54,hitl
10,2026-04-17 08:30,farm_1,farm,0,,742.0,0.0223,,,,,,,,,,,54,hitl
10,2026-04-17 08:30,slaughterhouse_1,slaughterhouse,0,,,,500.0,400.0,,,,,,,,,54,hitl
10,2026-04-17 08:30,wholesaler_1,wholesaler,0,,,,,,169.17,3.7,,,,,,,54,hitl
10,2026-04-17 08:30,retail_1,retail,0,,,,,,,,103.45,30.0,0.0,0.0,2.8,0.0,54,hitl
11,2026-04-17 08:45,supplier_1,supplier,0,949.69,,,,,,,,,,,,,54,hitl
11,2026-04-17 08:45,farm_1,farm,0,,742.0,0.0223,,,,,,,,,,,54,hitl
11,2026-04-17 08:45,slaughterhouse_1,slaughterhouse,0,,,,500.0,400.0,,,,,,,,,54,hitl
11,2026-04-17 08:45,wholesaler_1,wholesaler,0,,,,,,167.52,3.7,,,,,,,54,hitl
11,2026-04-17 08:45,retail_1,retail,0,,,,,,,,102.67,30.0,0.0,0.0,2.8,0.0,54,hitl
12,2026-04-17 09:00,supplier_1,supplier,0,948.73,,,,,,,,,,,,,54,hitl
12,2026-04-17 09:00,farm_1,farm,0,,742.0,0.0223,,,,,,,,,,,54,hitl
12,2026-04-17 09:00,slaughterhouse_1,slaughterhouse,0,,,,500.0,400.0,,,,,,,,,54,hitl
12,2026-04-17 09:00,wholesaler_1,wholesaler,0,,,,,,161.56,3.7,,,,,,,54,hitl
12,2026-04-17 09:00,retail_1,retail,0,,,,,,,,102.04,30.0,0.0,0.0,2.8,0.0,54,hitl
13,2026-04-17 09:15,supplier_1,supplier,0,947.99,,,,,,,,,,,,,54,hitl
13,2026-04-17 09:15,farm_1,farm,0,,742.0,0.0223,,,,,,,,,,,54,hitl
13,2026-04-17 09:15,slaughterhouse_1,slaughterhouse,0,,,,500.0,400.0,,,,,,,,,54,hitl
13,2026-04-17 09:15,wholesaler_1,wholesaler,0,,,,,,159.55,3.7,,,,,,,54,hitl
13,2026-04-17 09:15,retail_1,retail,0,,,,,,,,104.37,30.0,0.0,0.0,2.8,0.0,54,hitl
14,2026-04-17 09:30,supplier_1,supplier,0,946.65,,,,,,,,,,,,,54,hitl
14,2026-04-17 09:30,farm_1,farm,0,,742.0,0.0223,,,,,,,,,,,54,hitl
14,2026-04-17 09:30,slaughterhouse_1,slaughterhouse,0,,,,500.0,400.0,,,,,,,,,54,hitl
14,2026-04-17 09:30,wholesaler_1,wholesaler,0,,,,,,157.78,3.7,,,,,,,54,hitl
14,2026-04-17 09:30,retail_1,retail,0,,,,,,,,103.59,30.0,0.0,0.0,2.8,0.0,54,hitl
15,2026-04-17 09:45,supplier_1,supplier,0,945.94,,,,,,,,,,,,,54,hitl
15,2026-04-17 09:45,farm_1,farm,0,,742.0,0.0223,,,,,,,,,,,54,hitl
15,2026-04-17 09:45,slaughterhouse_1,slaughterhouse,0,,,,500.0,400.0,,,,,,,,,54,hitl
15,2026-04-17 09:45,wholesaler_1,wholesaler,0,,,,,,155.59,3.7,,,,,,,54,hitl
15,2026-04-17 09:45,retail_1,retail,0,,,,,,,,102.84,30.0,0.0,0.0,2.8,0.0,54,hitl
16,2026-04-17 10:00,supplier_1,supplier,0,945.25,,,,,,,,,,,,,54,hitl
16,2026-04-17 10:00,farm_1,farm,0,,742.0,0.0223,,,,,,,,,,,54,hitl
16,2026-04-17 10:00,slaughterhouse_1,slaughterhouse,0,,,,500.0,376.0,,,,,,,,,54,hitl
16,2026-04-17 10:00,wholesaler_1,wholesaler,0,,,,,,150.32,3.7,,,,,,,54,hitl
16,2026-04-17 10:00,retail_1,retail,0,,,,,,,,102.17,30.0,0.0,0.0,2.8,0.0,54,hitl
17,2026-04-17 10:15,supplier_1,supplier,0,944.29,,,,,,,,,,,,,54,hitl
17,2026-04-17 10:15,farm_1,farm,0,,742.0,0.0223,,,,,,,,,,,54,hitl
17,2026-04-17 10:15,slaughterhouse_1,slaughterhouse,0,,,,500.0,389.11,,,,,,,,,54,hitl
17,2026-04-17 10:15,wholesaler_1,wholesaler,0,,,,,,171.73,3.7,,,,,,,54,hitl
17,2026-04-17 10:15,retail_1,retail,0,,,,,,,,104.36,30.0,0.0,0.0,2.8,0.0,54,hitl
18,2026-04-17 10:30,supplier_1,supplier,0,943.35,,,,,,,,,,,,,54,hitl
18,2026-04-17 10:30,farm_1,farm,0,,742.0,0.0223,,,,,,,,,,,54,hitl
18,2026-04-17 10:30,slaughterhouse_1,slaughterhouse,0,,,,500.0,400.0,,,,,,,,,54,hitl
18,2026-04-17 10:30,wholesaler_1,wholesaler,0,,,,,,169.4,3.7,,,,,,,54,hitl
18,2026-04-17 10:30,retail_1,retail,0,,,,,,,,103.71,30.0,0.0,0.0,2.8,0.0,54,hitl
19,2026-04-17 10:45,supplier_1,supplier,0,942.54,,,,,,,,,,,,,54,hitl
19,2026-04-17 10:45,farm_1,farm,0,,742.0,0.0223,,,,,,,,,,,54,hitl
19,2026-04-17 10:45,slaughterhouse_1,slaughterhouse,0,,,,500.0,400.0,,,,,,,,,54,hitl
19,2026-04-17 10:45,wholesaler_1,wholesaler,0,,,,,,166.9,3.7,,,,,,,54,hitl
19,2026-04-17 10:45,retail_1,retail,0,,,,,,,,103.03,30.0,0.0,0.0,2.8,0.0,54,hitl
20,2026-04-17 11:00,supplier_1,supplier,0,941.78,,,,,,,,,,,,,54,hitl
20,2026-04-17 11:00,farm_1,farm,0,,742.0,0.0223,,,,,,,,,,,54,hitl
20,2026-04-17 11:00,slaughterhouse_1,slaughterhouse,0,,,,500.0,400.0,,,,,,,,,54,hitl
20,2026-04-17 11:00,wholesaler_1,wholesaler,0,,,,,,162.06,3.7,,,,,,,54,hitl
20,2026-04-17 11:00,retail_1,retail,0,,,,,,,,102.36,30.0,0.0,0.0,2.8,0.0,54,hitl
21,2026-04-17 11:15,supplier_1,supplier,0,941.12,,,,,,,,,,,,,54,hitl
21,2026-04-17 11:15,farm_1,farm,0,,742.0,0.0223,,,,,,,,,,,54,hitl
21,2026-04-17 11:15,slaughterhouse_1,slaughterhouse,0,,,,500.0,400.0,,,,,,,,,54,hitl
21,2026-04-17 11:15,wholesaler_1,wholesaler,0,,,,,,160.03,3.7,,,,,,,54,hitl
21,2026-04-17 11:15,retail_1,retail,0,,,,,,,,104.3,30.0,0.0,0.0,2.8,0.0,54,hitl
22,2026-04-17 11:30,supplier_1,supplier,0,939.72,,,,,,,,,,,,,54,hitl
22,2026-04-17 11:30,farm_1,farm,0,,742.0,0.0223,,,,,,,,,,,54,hitl
22,2026-04-17 11:30,slaughterhouse_1,slaughterhouse,0,,,,500.0,400.0,,,,,,,,,54,hitl
22,2026-04-17 11:30,wholesaler_1,wholesaler,0,,,,,,158.12,3.7,,,,,,,54,hitl
22,2026-04-17 11:30,retail_1,retail,0,,,,,,,,103.66,30.0,0.0,0.0,2.8,0.0,54,hitl
23,2026-04-17 11:45,supplier_1,supplier,0,938.6,,,,,,,,,,,,,54,hitl
23,2026-04-17 11:45,farm_1,farm,0,,742.0,0.0223,,,,,,,,,,,54,hitl
23,2026-04-17 11:45,slaughterhouse_1,slaughterhouse,0,,,,500.0,400.0,,,,,,,,,54,hitl
23,2026-04-17 11:45,wholesaler_1,wholesaler,0,,,,,,156.11,3.7,,,,,,,54,hitl
23,2026-04-17 11:45,retail_1,retail,0,,,,,,,,102.92,30.0,0.0,0.0,2.8,0.0,54,hitl
24,2026-04-17 12:00,supplier_1,supplier,0,937.86,,,,,,,,,,,,,54,hitl
24,2026-04-17 12:00,farm_1,farm,0,,742.0,0.0223,,,,,,,,,,,54,hitl
24,2026-04-17 12:00,slaughterhouse_1,slaughterhouse,0,,,,500.0,376.0,,,,,,,,,54,hitl
24,2026-04-17 12:00,wholesaler_1,wholesaler,0,,,,,,151.11,3.7,,,,,,,54,hitl
24,2026-04-17 12:00,retail_1,retail,0,,,,,,,,102.2,30.0,0.0,0.0,2.8,0.0,54,hitl
25,2026-04-17 12:15,supplier_1,supplier,0,936.6,,,,,,,,,,,,,54,hitl
25,2026-04-17 12:15,farm_1,farm,0,,742.0,0.0223,,,,,,,,,,,54,hitl
25,2026-04-17 12:15,slaughterhouse_1,slaughterhouse,0,,,,500.0,389.37,,,,,,,,,54,hitl
25,2026-04-17 12:15,wholesaler_1,wholesaler,0,,,,,,173.03,3.7,,,,,,,54,hitl
25,2026-04-17 12:15,retail_1,retail,0,,,,,,,,104.27,30.0,0.0,0.0,2.8,0.0,54,hitl
26,2026-04-17 12:30,supplier_1,supplier,0,935.12,,,,,,,,,,,,,54,hitl
26,2026-04-17 12:30,farm_1,farm,0,,742.0,0.0223,,,,,,,,,,,54,hitl
26,2026-04-17 12:30,slaughterhouse_1,slaughterhouse,0,,,,500.0,400.0,,,,,,,,,54,hitl
26,2026-04-17 12:30,wholesaler_1,wholesaler,0,,,,,,170.34,3.7,,,,,,,54,hitl
26,2026-04-17 12:30,retail_1,retail,0,,,,,,,,103.58,30.0,0.0,0.0,2.8,0.0,54,hitl
27,2026-04-17 12:45,supplier_1,supplier,0,934.56,,,,,,,,,,,,,54,hitl
27,2026-04-17 12:45,farm_1,farm,0,,742.0,0.0223,,,,,,,,,,,54,hitl
27,2026-04-17 12:45,slaughterhouse_1,slaughterhouse,0,,,,500.0,400.0,,,,,,,,,54,hitl
27,2026-04-17 12:45,wholesaler_1,wholesaler,0,,,,,,167.88,3.7,,,,,,,54,hitl
27,2026-04-17 12:45,retail_1,retail,0,,,,,,,,102.89,30.0,0.0,0.0,2.8,0.0,54,hitl
28,2026-04-17 13:00,supplier_1,supplier,0,933.99,,,,,,,,,,,,,54,hitl
28,2026-04-17 13:00,farm_1,farm,0,,742.0,0.0223,,,,,,,,,,,54,hitl
28,2026-04-17 13:00,slaughterhouse_1,slaughterhouse,0,,,,500.0,400.0,,,,,,,,,54,hitl
28,2026-04-17 13:00,wholesaler_1,wholesaler,0,,,,,,163.25,3.7,,,,,,,54,hitl
28,2026-04-17 13:00,retail_1,retail,0,,,,,,,,102.13,30.0,0.0,0.0,2.8,0.0,54,hitl
29,2026-04-17 13:15,supplier_1,supplier,0,933.02,,,,,,,,,,,,,54,hitl
29,2026-04-17 13:15,farm_1,farm,0,,742.0,0.0223,,,,,,,,,,,54,hitl
29,2026-04-17 13:15,slaughterhouse_1,slaughterhouse,0,,,,500.0,400.0,,,,,,,,,54,hitl
29,2026-04-17 13:15,wholesaler_1,wholesaler,0,,,,,,160.69,3.7,,,,,,,54,hitl
29,2026-04-17 13:15,retail_1,retail,0,,,,,,,,104.32,30.0,0.0,0.0,2.8,0.0,54,hitl
30,2026-04-17 13:30,supplier_1,supplier,0,931.8,,,,,,,,,,,,,54,hitl
30,2026-04-17 13:30,farm_1,farm,0,,742.0,0.0223,,,,,,,,,,,54,hitl
30,2026-04-17 13:30,slaughterhouse_1,slaughterhouse,0,,,,500.0,400.0,,,,,,,,,54,hitl
30,2026-04-17 13:30,wholesaler_1,wholesaler,0,,,,,,157.91,3.7,,,,,,,54,hitl
30,2026-04-17 13:30,retail_1,retail,0,,,,,,,,103.64,30.0,0.0,0.0,2.8,0.0,54,hitl
31,2026-04-17 13:45,supplier_1,supplier,0,930.8,,,,,,,,,,,,,54,hitl
31,2026-04-17 13:45,farm_1,farm,0,,742.0,0.0223,,,,,,,,,,,54,hitl
31,2026-04-17 13:45,slaughterhouse_1,slaughterhouse,0,,,,500.0,400.0,,,,,,,,,54,hitl
31,2026-04-17 13:45,wholesaler_1,wholesaler,0,,,,,,155.5,3.7,,,,,,,54,hitl
31,2026-04-17 13:45,retail_1,retail,0,,,,,,,,102.98,30.0,0.0,0.0,2.8,0.0,54,hitl
32,2026-04-17 14:00,supplier_1,supplier,0,930.17,,,,,,,,,,,,,54,hitl
32,2026-04-17 14:00,farm_1,farm,0,,742.0,0.0223,,,,,,,,,,,54,hitl
32,2026-04-17 14:00,slaughterhouse_1,slaughterhouse,0,,,,500.0,376.0,,,,,,,,,54,hitl
32,2026-04-17 14:00,wholesaler_1,wholesaler,0,,,,,,150.62,3.7,,,,,,,54,hitl
32,2026-04-17 14:00,retail_1,retail,0,,,,,,,,102.27,30.0,0.0,0.0,2.8,0.0,54,hitl
33,2026-04-17 14:15,supplier_1,supplier,0,928.98,,,,,,,,,,,,,54,hitl
33,2026-04-17 14:15,farm_1,farm,0,,742.0,0.0223,,,,,,,,,,,54,hitl
33,2026-04-17 14:15,slaughterhouse_1,slaughterhouse,0,,,,500.0,389.91,,,,,,,,,54,hitl
33,2026-04-17 14:15,wholesaler_1,wholesaler,0,,,,,,171.62,3.7,,,,,,,54,hitl
33,2026-04-17 14:15,retail_1,retail,0,,,,,,,,104.23,30.0,0.0,0.0,2.8,0.0,54,hitl
34,2026-04-17 14:30,supplier_1,supplier,0,928.05,,,,,,,,,,,,,54,hitl
34,2026-04-17 14:30,farm_1,farm,0,,742.0,0.0223,,,,,,,,,,,54,hitl
34,2026-04-17 14:30,slaughterhouse_1,slaughterhouse,0,,,,500.0,400.0,,,,,,,,,54,hitl
34,2026-04-17 14:30,wholesaler_1,wholesaler,0,,,,,,169.78,3.7,,,,,,,54,hitl
34,2026-04-17 14:30,retail_1,retail,0,,,,,,,,103.45,30.0,0.0,0.0,2.8,0.0,54,hitl
35,2026-04-17 14:45,supplier_1,supplier,0,926.94,,,,,,,,,,,,,54,hitl
35,2026-04-17 14:45,farm_1,farm,0,,742.0,0.0223,,,,,,,,,,,54,hitl
35,2026-04-17 14:45,slaughterhouse_1,slaughterhouse,0,,,,500.0,400.0,,,,,,,,,54,hitl
35,2026-04-17 14:45,wholesaler_1,wholesaler,0,,,,,,167.03,3.7,,,,,,,54,hitl
35,2026-04-17 14:45,retail_1,retail,0,,,,,,,,102.81,30.0,0.0,0.0,2.8,0.0,54,hitl
36,2026-04-17 15:00,supplier_1,supplier,0,925.47,,,,,,,,,,,,,54,hitl
36,2026-04-17 15:00,farm_1,farm,1,,742.0,0.0223,,,,,,,,,,,54,hitl
36,2026-04-17 15:00,slaughterhouse_1,slaughterhouse,0,,,,400.0,400.0,,,,,,,,,54,hitl
36,2026-04-17 15:00,wholesaler_1,wholesaler,0,,,,,,161.97,3.7,,,,,,,54,hitl
36,2026-04-17 15:00,retail_1,retail,0,,,,,,,,102.07,30.0,0.0,0.0,2.8,17.4587,54,hitl
37,2026-04-17 15:15,supplier_1,supplier,0,924.18,,,,,,,,,,,,,54,hitl
37,2026-04-17 15:15,farm_1,farm,1,,742.0,0.0223,,,,,,,,,,,54,hitl
37,2026-04-17 15:15,slaughterhouse_1,slaughterhouse,0,,,,400.0,400.0,,,,,,,,,54,hitl
37,2026-04-17 15:15,wholesaler_1,wholesaler,0,,,,,,160.45,3.7,,,,,,,54,hitl
37,2026-04-17 15:15,retail_1,retail,0,,,,,,,,104.24,30.0,0.0,0.0,2.8,17.4587,54,hitl
38,2026-04-17 15:30,supplier_1,supplier,0,923.33,,,,,,,,,,,,,54,hitl
38,2026-04-17 15:30,farm_1,farm,1,,742.0,0.0223,,,,,,,,,,,54,hitl
38,2026-04-17 15:30,slaughterhouse_1,slaughterhouse,0,,,,400.0,400.0,,,,,,,,,54,hitl
38,2026-04-17 15:30,wholesaler_1,wholesaler,0,,,,,,158.54,3.7,,,,,,,54,hitl
38,2026-04-17 15:30,retail_1,retail,0,,,,,,,,103.51,30.0,0.0,0.0,2.8,17.4587,54,hitl
39,2026-04-17 15:45,supplier_1,supplier,0,922.52,,,,,,,,,,,,,54,hitl
39,2026-04-17 15:45,farm_1,farm,1,,742.0,0.0223,,,,,,,,,,,54,hitl
39,2026-04-17 15:45,slaughterhouse_1,slaughterhouse,0,,,,400.0,400.0,,,,,,,,,54,hitl
39,2026-04-17 15:45,wholesaler_1,wholesaler,0,,,,,,155.97,3.7,,,,,,,54,hitl
39,2026-04-17 15:45,retail_1,retail,0,,,,,,,,102.79,30.0,0.0,0.0,2.8,17.4587,54,hitl
40,2026-04-17 16:00,supplier_1,supplier,0,921.98,,,,,,,,,,,,,54,hitl
40,2026-04-17 16:00,farm_1,farm,1,,742.0,0.0223,,,,,,,,,,,54,hitl
40,2026-04-17 16:00,slaughterhouse_1,slaughterhouse,0,,,,400.0,376.0,,,,,,,,,54,hitl
40,2026-04-17 16:00,wholesaler_1,wholesaler,0,,,,,,150.71,3.7,,,,,,,54,hitl
40,2026-04-17 16:00,retail_1,retail,0,,,,,,,,102.07,30.0,0.0,0.0,2.8,17.4587,54,hitl
41,2026-04-17 16:15,supplier_1,supplier,0,920.77,,,,,,,,,,,,,54,hitl
41,2026-04-17 16:15,farm_1,farm,1,,742.0,0.0223,,,,,,,,,,,54,hitl
41,2026-04-17 16:15,slaughterhouse_1,slaughterhouse,0,,,,400.0,386.45,,,,,,,,,54,hitl
41,2026-04-17 16:15,wholesaler_1,wholesaler,0,,,,,,172.13,3.7,,,,,,,54,hitl
41,2026-04-17 16:15,retail_1,retail,0,,,,,,,,104.24,30.0,0.0,0.0,2.8,17.4587,54,hitl
42,2026-04-17 16:30,supplier_1,supplier,0,919.55,,,,,,,,,,,,,54,hitl
42,2026-04-17 16:30,farm_1,farm,1,,742.0,0.0223,,,,,,,,,,,54,hitl
42,2026-04-17 16:30,slaughterhouse_1,slaughterhouse,0,,,,400.0,397.03,,,,,,,,,54,hitl
42,2026-04-17 16:30,wholesaler_1,wholesaler,0,,,,,,169.5,3.7,,,,,,,54,hitl
42,2026-04-17 16:30,retail_1,retail,0,,,,,,,,103.54,30.0,0.0,0.0,2.8,17.4587,54,hitl
43,2026-04-17 16:45,supplier_1,supplier,0,918.19,,,,,,,,,,,,,54,hitl
43,2026-04-17 16:45,farm_1,farm,1,,742.0,0.0223,,,,,,,,,,,54,hitl
43,2026-04-17 16:45,slaughterhouse_1,slaughterhouse,0,,,,400.0,400.0,,,,,,,,,54,hitl
43,2026-04-17 16:45,wholesaler_1,wholesaler,0,,,,,,166.7,3.7,,,,,,,54,hitl
43,2026-04-17 16:45,retail_1,retail,0,,,,,,,,102.86,30.0,0.0,0.0,2.8,17.4587,54,hitl
44,2026-04-17 17:00,supplier_1,supplier,0,916.87,,,,,,,,,,,,,54,hitl
44,2026-04-17 17:00,farm_1,farm,1,,742.0,0.0223,,,,,,,,,,,54,hitl
44,2026-04-17 17:00,slaughterhouse_1,slaughterhouse,0,,,,400.0,400.0,,,,,,,,,54,hitl
44,2026-04-17 17:00,wholesaler_1,wholesaler,0,,,,,,161.68,3.7,,,,,,,54,hitl
44,2026-04-17 17:00,retail_1,retail,0,,,,,,,,102.13,30.0,0.0,0.0,2.8,17.4587,54,hitl
45,2026-04-17 17:15,supplier_1,supplier,0,915.79,,,,,,,,,,,,,54,hitl
45,2026-04-17 17:15,farm_1,farm,1,,742.0,0.0223,,,,,,,,,,,54,hitl
45,2026-04-17 17:15,slaughterhouse_1,slaughterhouse,0,,,,400.0,400.0,,,,,,,,,54,hitl
45,2026-04-17 17:15,wholesaler_1,wholesaler,0,,,,,,159.23,3.7,,,,,,,54,hitl
45,2026-04-17 17:15,retail_1,retail,0,,,,,,,,104.3,30.0,0.0,0.0,2.8,17.4587,54,hitl
46,2026-04-17 17:30,supplier_1,supplier,0,914.53,,,,,,,,,,,,,54,hitl
46,2026-04-17 17:30,farm_1,farm,1,,742.0,0.0223,,,,,,,,,,,54,hitl
46,2026-04-17 17:30,slaughterhouse_1,slaughterhouse,0,,,,400.0,400.0,,,,,,,,,54,hitl
46,2026-04-17 17:30,wholesaler_1,wholesaler,0,,,,,,156.5,3.7,,,,,,,54,hitl
46,2026-04-17 17:30,retail_1,retail,0,,,,,,,,103.67,30.0,0.0,0.0,2.8,17.4587,54,hitl
47,2026-04-17 17:45,supplier_1,supplier,0,913.08,,,,,,,,,,,,,54,hitl
47,2026-04-17 17:45,farm_1,farm,1,,742.0,0.0223,,,,,,,,,,,54,hitl
47,2026-04-17 17:45,slaughterhouse_1,slaughterhouse,0,,,,400.0,400.0,,,,,,,,,54,hitl
47,2026-04-17 17:45,wholesaler_1,wholesaler,0,,,,,,153.68,3.7,,,,,,,54,hitl
47,2026-04-17 17:45,retail_1,retail,0,,,,,,,,103.04,30.0,0.0,0.0,2.8,17.4587,54,hitl
48,2026-04-17 18:00,supplier_1,supplier,0,912.03,,,,,,,,,,,,,54,hitl
48,2026-04-17 18:00,farm_1,farm,1,,742.0,0.0223,,,,,,,,,,,54,hitl
48,2026-04-17 18:00,slaughterhouse_1,slaughterhouse,0,,,,400.0,376.0,,,,,,,,,54,hitl
48,2026-04-17 18:00,wholesaler_1,wholesaler,0,,,,,,149.56,3.7,,,,,,,54,hitl
48,2026-04-17 18:00,retail_1,retail,0,,,,,,,,102.39,30.0,0.0,0.0,2.8,17.4587,54,hitl
49,2026-04-17 18:15,supplier_1,supplier,0,910.63,,,,,,,,,,,,,54,hitl
49,2026-04-17 18:15,farm_1,farm,1,,742.0,0.0223,,,,,,,,,,,54,hitl
49,2026-04-17 18:15,slaughterhouse_1,slaughterhouse,0,,,,400.0,386.99,,,,,,,,,54,hitl
49,2026-04-17 18:15,wholesaler_1,wholesaler,0,,,,,,170.61,3.7,,,,,,,54,hitl
49,2026-04-17 18:15,retail_1,retail,0,,,,,,,,104.22,30.0,0.0,0.0,2.8,17.4587,54,hitl
50,2026-04-17 18:30,supplier_1,supplier,0,910.08,,,,,,,,,,,,,54,hitl
50,2026-04-17 18:30,farm_1,farm,1,,742.0,0.0223,,,,,,,,,,,54,hitl
50,2026-04-17 18:30,slaughterhouse_1,slaughterhouse,0,,,,400.0,397.53,,,,,,,,,54,hitl
50,2026-04-17 18:30,wholesaler_1,wholesaler,0,,,,,,168.34,3.7,,,,,,,54,hitl
50,2026-04-17 18:30,retail_1,retail,0,,,,,,,,103.59,30.0,0.0,0.0,2.8,17.4587,54,hitl
51,2026-04-17 18:45,supplier_1,supplier,0,908.89,,,,,,,,,,,,,54,hitl
51,2026-04-17 18:45,farm_1,farm,1,,212.0,0.223,,,,,,,,,,,54,hitl
51,2026-04-17 18:45,slaughterhouse_1,slaughterhouse,0,,,,400.0,400.0,,,,,,,,,54,hitl
51,2026-04-17 18:45,wholesaler_1,wholesaler,0,,,,,,166.48,3.7,,,,,,,54,hitl
51,2026-04-17 18:45,retail_1,retail,0,,,,,,,,102.95,30.0,0.0,0.0,2.8,17.4587,54,hitl
52,2026-04-17 19:00,supplier_1,supplier,0,907.8,,,,,,,,,,,,,54,hitl
52,2026-04-17 19:00,farm_1,farm,1,,212.0,0.223,,,,,,,,,,,54,hitl
52,2026-04-17 19:00,slaughterhouse_1,slaughterhouse,0,,,,400.0,400.0,,,,,,,,,54,hitl
52,2026-04-17 19:00,wholesaler_1,wholesaler,0,,,,,,161.44,3.7,,,,,,,54,hitl
52,2026-04-17 19:00,retail_1,retail,0,,,,,,,,102.18,30.0,0.0,0.0,2.8,17.4587,54,hitl
53,2026-04-17 19:15,supplier_1,supplier,0,906.94,,,,,,,,,,,,,54,hitl
53,2026-04-17 19:15,farm_1,farm,1,,212.0,0.223,,,,,,,,,,,54,hitl
53,2026-04-17 19:15,slaughterhouse_1,slaughterhouse,0,,,,400.0,400.0,,,,,,,,,54,hitl
53,2026-04-17 19:15,wholesaler_1,wholesaler,0,,,,,,158.66,3.7,,,,,,,54,hitl
53,2026-04-17 19:15,retail_1,retail,0,,,,,,,,104.32,30.0,0.0,0.0,2.8,17.4587,54,hitl
54,2026-04-17 19:30,supplier_1,supplier,0,905.92,,,,,,,,,,,,,54,hitl
54,2026-04-17 19:30,farm_1,farm,1,,212.0,0.223,,,,,,,,,,,54,hitl
54,2026-04-17 19:30,slaughterhouse_1,slaughterhouse,0,,,,400.0,400.0,,,,,,,,,54,hitl
54,2026-04-17 19:30,wholesaler_1,wholesaler,0,,,,,,156.61,3.7,,,,,,,54,hitl
54,2026-04-17 19:30,retail_1,retail,0,,,,,,,,103.57,30.0,0.0,0.0,2.8,17.4587,54,hitl
55,2026-04-17 19:45,supplier_1,supplier,0,905.3,,,,,,,,,,,,,54,hitl
55,2026-04-17 19:45,farm_1,farm,1,,212.0,0.223,,,,,,,,,,,54,hitl
55,2026-04-17 19:45,slaughterhouse_1,slaughterhouse,0,,,,400.0,400.0,,,,,,,,,54,hitl
55,2026-04-17 19:45,wholesaler_1,wholesaler,0,,,,,,153.81,3.7,,,,,,,54,hitl
55,2026-04-17 19:45,retail_1,retail,0,,,,,,,,102.94,30.0,0.0,0.0,2.8,17.4587,54,hitl
56,2026-04-17 20:00,supplier_1,supplier,0,903.87,,,,,,,,,,,,,54,hitl
56,2026-04-17 20:00,farm_1,farm,1,,212.0,0.223,,,,,,,,,,,54,hitl
56,2026-04-17 20:00,slaughterhouse_1,slaughterhouse,0,,,,400.0,376.0,,,,,,,,,54,hitl
56,2026-04-17 20:00,wholesaler_1,wholesaler,0,,,,,,149.28,3.7,,,,,,,54,hitl
56,2026-04-17 20:00,retail_1,retail,0,,,,,,,,102.24,30.0,0.0,0.0,2.8,17.4587,54,hitl
57,2026-04-17 20:15,supplier_1,supplier,0,902.92,,,,,,,,,,,,,54,hitl
57,2026-04-17 20:15,farm_1,farm,1,,212.0,0.223,,,,,,,,,,,54,hitl
57,2026-04-17 20:15,slaughterhouse_1,slaughterhouse,0,,,,400.0,387.84,,,,,,,,,54,hitl
57,2026-04-17 20:15,wholesaler_1,wholesaler,0,,,,,,170.54,3.7,,,,,,,54,hitl
57,2026-04-17 20:15,retail_1,retail,0,,,,,,,,104.25,30.0,0.0,0.0,2.8,17.4587,54,hitl
58,2026-04-17 20:30,supplier_1,supplier,0,901.49,,,,,,,,,,,,,54,hitl
58,2026-04-17 20:30,farm_1,farm,1,,212.0,0.223,,,,,,,,,,,54,hitl
58,2026-04-17 20:30,slaughterhouse_1,slaughterhouse,0,,,,400.0,399.49,,,,,,,,,54,hitl
58,2026-04-17 20:30,wholesaler_1,wholesaler,0,,,,,,167.74,3.7,,,,,,,54,hitl
58,2026-04-17 20:30,retail_1,retail,0,,,,,,,,103.52,30.0,0.0,0.0,2.8,17.4587,54,hitl
59,2026-04-17 20:45,supplier_1,supplier,0,900.36,,,,,,,,,,,,,54,hitl
59,2026-04-17 20:45,farm_1,farm,1,,212.0,0.223,,,,,,,,,,,54,hitl
59,2026-04-17 20:45,slaughterhouse_1,slaughterhouse,0,,,,400.0,400.0,,,,,,,,,54,hitl
59,2026-04-17 20:45,wholesaler_1,wholesaler,0,,,,,,165.73,3.7,,,,,,,54,hitl
59,2026-04-17 20:45,retail_1,retail,0,,,,,,,,102.77,30.0,0.0,0.0,2.8,17.4587,54,hitl
60,2026-04-17 21:00,supplier_1,supplier,0,899.55,,,,,,,,,,,,,54,hitl
60,2026-04-17 21:00,farm_1,farm,1,,212.0,0.223,,,,,,,,,,,54,hitl
60,2026-04-17 21:00,slaughterhouse_1,slaughterhouse,0,,,,400.0,400.0,,,,,,,,,54,hitl
60,2026-04-17 21:00,wholesaler_1,wholesaler,0,,,,,,160.67,3.7,,,,,,,54,hitl
60,2026-04-17 21:00,retail_1,retail,0,,,,,,,,102.06,30.0,0.0,0.0,2.8,17.4587,54,hitl
61,2026-04-17 21:15,supplier_1,supplier,0,898.39,,,,,,,,,,,,,54,hitl
61,2026-04-17 21:15,farm_1,farm,1,,212.0,0.223,,,,,,,,,,,54,hitl
61,2026-04-17 21:15,slaughterhouse_1,slaughterhouse,0,,,,400.0,400.0,,,,,,,,,54,hitl
61,2026-04-17 21:15,wholesaler_1,wholesaler,0,,,,,,158.31,3.7,,,,,,,54,hitl
61,2026-04-17 21:15,retail_1,retail,0,,,,,,,,104.24,30.0,0.0,0.0,2.8,17.4587,54,hitl
62,2026-04-17 21:30,supplier_1,supplier,0,896.95,,,,,,,,,,,,,54,hitl
62,2026-04-17 21:30,farm_1,farm,1,,212.0,0.223,,,,,,,,,,,54,hitl
62,2026-04-17 21:30,slaughterhouse_1,slaughterhouse,0,,,,400.0,400.0,,,,,,,,,54,hitl
62,2026-04-17 21:30,wholesaler_1,wholesaler,0,,,,,,156.31,3.7,,,,,,,54,hitl
62,2026-04-17 21:30,retail_1,retail,0,,,,,,,,103.53,30.0,0.0,0.0,2.8,17.4587,54,hitl
63,2026-04-17 21:45,supplier_1,supplier,0,896.12,,,,,,,,,,,,,54,hitl
63,2026-04-17 21:45,farm_1,farm,1,,212.0,0.223,,,,,,,,,,,54,hitl
63,2026-04-17 21:45,slaughterhouse_1,slaughterhouse,0,,,,400.0,400.0,,,,,,,,,54,hitl
63,2026-04-17 21:45,wholesaler_1,wholesaler,0,,,,,,154.4,3.7,,,,,,,54,hitl
63,2026-04-17 21:45,retail_1,retail,0,,,,,,,,102.79,30.0,0.0,0.0,2.8,17.4587,54,hitl
64,2026-04-17 22:00,supplier_1,supplier,0,894.85,,,,,,,,,,,,,54,hitl
64,2026-04-17 22:00,farm_1,farm,1,,212.0,0.223,,,,,,,,,,,54,hitl
64,2026-04-17 22:00,slaughterhouse_1,slaughterhouse,0,,,,400.0,376.0,,,,,,,,,54,hitl
64,2026-04-17 22:00,wholesaler_1,wholesaler,0,,,,,,149.29,3.7,,,,,,,54,hitl
64,2026-04-17 22:00,retail_1,retail,0,,,,,,,,102.02,30.0,0.0,0.0,2.8,17.4587,54,hitl
65,2026-04-17 22:15,supplier_1,supplier,0,893.62,,,,,,,,,,,,,54,hitl
65,2026-04-17 22:15,farm_1,farm,1,,212.0,0.223,,,,,,,,,,,54,hitl
65,2026-04-17 22:15,slaughterhouse_1,slaughterhouse,0,,,,400.0,387.54,,,,,,,,,54,hitl
65,2026-04-17 22:15,wholesaler_1,wholesaler,0,,,,,,170.89,3.7,,,,,,,54,hitl
65,2026-04-17 22:15,retail_1,retail,0,,,,,,,,104.35,30.0,0.0,0.0,2.8,17.4587,54,hitl
66,2026-04-17 22:30,supplier_1,supplier,0,892.7,,,,,,,,,,,,,54,hitl
66,2026-04-17 22:30,farm_1,farm,1,,212.0,0.223,,,,,,,,,,,54,hitl
66,2026-04-17 22:30,slaughterhouse_1,slaughterhouse,0,,,,400.0,399.29,,,,,,,,,54,hitl
66,2026-04-17 22:30,wholesaler_1,wholesaler,0,,,,,,169.36,3.7,,,,,,,54,hitl
66,2026-04-17 22:30,retail_1,retail,0,,,,,,,,103.61,30.0,0.0,0.0,2.8,17.4587,54,hitl
67,2026-04-17 22:45,supplier_1,supplier,0,891.84,,,,,,,,,,,,,54,hitl
67,2026-04-17 22:45,farm_1,farm,1,,212.0,0.223,,,,,,,,,,,54,hitl
67,2026-04-17 22:45,slaughterhouse_1,slaughterhouse,0,,,,400.0,400.0,,,,,,,,,54,hitl
67,2026-04-17 22:45,wholesaler_1,wholesaler,0,,,,,,166.94,3.7,,,,,,,54,hitl
67,2026-04-17 22:45,retail_1,retail,0,,,,,,,,102.9,30.0,0.0,0.0,2.8,17.4587,54,hitl
68,2026-04-17 23:00,supplier_1,supplier,0,890.97,,,,,,,,,,,,,54,hitl
68,2026-04-17 23:00,farm_1,farm,1,,212.0,0.223,,,,,,,,,,,54,hitl
68,2026-04-17 23:00,slaughterhouse_1,slaughterhouse,0,,,,400.0,400.0,,,,,,,,,54,hitl
68,2026-04-17 23:00,wholesaler_1,wholesaler,0,,,,,,162.43,3.7,,,,,,,54,hitl
68,2026-04-17 23:00,retail_1,retail,0,,,,,,,,102.21,30.0,0.0,0.0,2.8,17.4587,54,hitl
69,2026-04-17 23:15,supplier_1,supplier,0,889.92,,,,,,,,,,,,,54,hitl
69,2026-04-17 23:15,farm_1,farm,1,,212.0,0.223,,,,,,,,,,,54,hitl
69,2026-04-17 23:15,slaughterhouse_1,slaughterhouse,0,,,,400.0,400.0,,,,,,,,,54,hitl
69,2026-04-17 23:15,wholesaler_1,wholesaler,0,,,,,,160.13,3.7,,,,,,,54,hitl
69,2026-04-17 23:15,retail_1,retail,0,,,,,,,,104.38,30.0,0.0,0.0,2.8,17.4587,54,hitl
70,2026-04-17 23:30,supplier_1,supplier,0,888.87,,,,,,,,,,,,,54,hitl
70,2026-04-17 23:30,farm_1,farm,1,,212.0,0.223,,,,,,,,,,,54,hitl
70,2026-04-17 23:30,slaughterhouse_1,slaughterhouse,0,,,,400.0,400.0,,,,,,,,,54,hitl
70,2026-04-17 23:30,wholesaler_1,wholesaler,0,,,,,,157.27,3.7,,,,,,,54,hitl
70,2026-04-17 23:30,retail_1,retail,0,,,,,,,,103.75,30.0,0.0,0.0,2.8,17.4587,54,hitl
71,2026-04-17 23:45,supplier_1,supplier,0,888.25,,,,,,,,,,,,,54,hitl
71,2026-04-17 23:45,farm_1,farm,1,,212.0,0.223,,,,,,,,,,,54,hitl
71,2026-04-17 23:45,slaughterhouse_1,slaughterhouse,0,,,,400.0,400.0,,,,,,,,,54,hitl
71,2026-04-17 23:45,wholesaler_1,wholesaler,0,,,,,,155.26,3.7,,,,,,,54,hitl
71,2026-04-17 23:45,retail_1,retail,0,,,,,,,,102.99,30.0,0.0,0.0,2.8,17.4587,54,hitl
72,2026-04-18 00:00,supplier_1,supplier,0,887.04,,,,,,,,,,,,,54,hitl
72,2026-04-18 00:00,farm_1,farm,1,,212.0,0.223,,,,,,,,,,,54,hitl
72,2026-04-18 00:00,slaughterhouse_1,slaughterhouse,0,,,,400.0,376.0,,,,,,,,,54,hitl
72,2026-04-18 00:00,wholesaler_1,wholesaler,0,,,,,,150.74,3.7,,,,,,,54,hitl
72,2026-04-18 00:00,retail_1,retail,0,,,,,,,,102.22,30.0,0.0,0.0,2.8,17.4587,54,hitl
73,2026-04-18 00:15,supplier_1,supplier,0,885.54,,,,,,,,,,,,,54,hitl
73,2026-04-18 00:15,farm_1,farm,1,,212.0,0.223,,,,,,,,,,,54,hitl
73,2026-04-18 00:15,slaughterhouse_1,slaughterhouse,0,,,,400.0,386.25,,,,,,,,,54,hitl
73,2026-04-18 00:15,wholesaler_1,wholesaler,0,,,,,,172.59,3.7,,,,,,,54,hitl
73,2026-04-18 00:15,retail_1,retail,0,,,,,,,,104.3,30.0,0.0,0.0,2.8,17.4587,54,hitl
74,2026-04-18 00:30,supplier_1,supplier,0,884.59,,,,,,,,,,,,,54,hitl
74,2026-04-18 00:30,farm_1,farm,1,,212.0,0.223,,,,,,,,,,,54,hitl
74,2026-04-18 00:30,slaughterhouse_1,slaughterhouse,0,,,,400.0,397.24,,,,,,,,,54,hitl
74,2026-04-18 00:30,wholesaler_1,wholesaler,0,,,,,,170.39,3.7,,,,,,,54,hitl
74,2026-04-18 00:30,retail_1,retail,0,,,,,,,,103.66,30.0,0.0,0.0,2.8,17.4587,54,hitl
75,2026-04-18 00:45,supplier_1,supplier,0,883.37,,,,,,,,,,,,,54,hitl
75,2026-04-18 00:45,farm_1,farm,1,,212.0,0.223,,,,,,,,,,,54,hitl
75,2026-04-18 00:45,slaughterhouse_1,slaughterhouse,0,,,,400.0,400.0,,,,,,,,,54,hitl
75,2026-04-18 00:45,wholesaler_1,wholesaler,0,,,,,,168.82,3.7,,,,,,,54,hitl
75,2026-04-18 00:45,retail_1,retail,0,,,,,,,,103.04,30.0,0.0,0.0,2.8,17.4587,54,hitl
76,2026-04-18 01:00,supplier_1,supplier,0,882.59,,,,,,,,,,,,,54,hitl
76,2026-04-18 01:00,farm_1,farm,1,,212.0,0.223,,,,,,,,,,,54,hitl
76,2026-04-18 01:00,slaughterhouse_1,slaughterhouse,0,,,,400.0,400.0,,,,,,,,,54,hitl
76,2026-04-18 01:00,wholesaler_1,wholesaler,0,,,,,,164.55,3.7,,,,,,,54,hitl
76,2026-04-18 01:00,retail_1,retail,0,,,,,,,,102.36,30.0,0.0,0.0,2.8,17.4587,54,hitl
77,2026-04-18 01:15,supplier_1,supplier,0,881.29,,,,,,,,,,,,,54,hitl
77,2026-04-18 01:15,farm_1,farm,1,,212.0,0.223,,,,,,,,,,,54,hitl
77,2026-04-18 01:15,slaughterhouse_1,slaughterhouse,0,,,,400.0,400.0,,,,,,,,,54,hitl
77,2026-04-18 01:15,wholesaler_1,wholesaler,0,,,,,,162.64,3.7,,,,,,,54,hitl
77,2026-04-18 01:15,retail_1,retail,0,,,,,,,,104.36,30.0,0.0,0.0,2.8,17.4587,54,hitl
78,2026-04-18 01:30,supplier_1,supplier,0,880.54,,,,,,,,,,,,,54,hitl
78,2026-04-18 01:30,farm_1,farm,1,,212.0,0.223,,,,,,,,,,,54,hitl
78,2026-04-18 01:30,slaughterhouse_1,slaughterhouse,0,,,,400.0,400.0,,,,,,,,,54,hitl
78,2026-04-18 01:30,wholesaler_1,wholesaler,0,,,,,,159.77,3.7,,,,,,,54,hitl
78,2026-04-18 01:30,retail_1,retail,0,,,,,,,,103.66,30.0,0.0,0.0,2.8,17.4587,54,hitl
79,2026-04-18 01:45,supplier_1,supplier,0,879.8,,,,,,,,,,,,,54,hitl
79,2026-04-18 01:45,farm_1,farm,1,,212.0,0.223,,,,,,,,,,,54,hitl
79,2026-04-18 01:45,slaughterhouse_1,slaughterhouse,0,,,,400.0,400.0,,,,,,,,,54,hitl
79,2026-04-18 01:45,wholesaler_1,wholesaler,0,,,,,,158.1,3.7,,,,,,,54,hitl
79,2026-04-18 01:45,retail_1,retail,0,,,,,,,,102.98,30.0,0.0,0.0,2.8,17.4587,54,hitl
80,2026-04-18 02:00,supplier_1,supplier,0,879.1,,,,,,,,,,,,,54,hitl
80,2026-04-18 02:00,farm_1,farm,1,,212.0,0.223,,,,,,,,,,,54,hitl
80,2026-04-18 02:00,slaughterhouse_1,slaughterhouse,0,,,,400.0,376.0,,,,,,,,,54,hitl
80,2026-04-18 02:00,wholesaler_1,wholesaler,0,,,,,,152.83,3.7,,,,,,,54,hitl
80,2026-04-18 02:00,retail_1,retail,0,,,,,,,,102.29,30.0,0.0,0.0,2.8,17.4587,54,hitl
81,2026-04-18 02:15,supplier_1,supplier,0,878.44,,,,,,,,,,,,,54,hitl
81,2026-04-18 02:15,farm_1,farm,1,,212.0,0.223,,,,,,,,,,,54,hitl
81,2026-04-18 02:15,slaughterhouse_1,slaughterhouse,0,,,,400.0,387.0,,,,,,,,,54,hitl
81,2026-04-18 02:15,wholesaler_1,wholesaler,0,,,,,,175.02,3.7,,,,,,,54,hitl
81,2026-04-18 02:15,retail_1,retail,0,,,,,,,,104.29,30.0,0.0,0.0,2.8,17.4587,54,hitl
82,2026-04-18 02:30,supplier_1,supplier,0,877.42,,,,,,,,,,,,,54,hitl
82,2026-04-18 02:30,farm_1,farm,1,,212.0,0.223,,,,,,,,,,,54,hitl
82,2026-04-18 02:30,slaughterhouse_1,slaughterhouse,0,,,,400.0,398.76,,,,,,,,,54,hitl
82,2026-04-18 02:30,wholesaler_1,wholesaler,0,,,,,,173.49,3.7,,,,,,,54,hitl
82,2026-04-18 02:30,retail_1,retail,0,,,,,,,,103.51,30.0,0.0,0.0,2.8,17.4587,54,hitl
83,2026-04-18 02:45,supplier_1,supplier,0,876.57,,,,,,,,,,,,,54,hitl
83,2026-04-18 02:45,farm_1,farm,1,,212.0,0.223,,,,,,,,,,,54,hitl
83,2026-04-18 02:45,slaughterhouse_1,slaughterhouse,0,,,,400.0,400.0,,,,,,,,,54,hitl
83,2026-04-18 02:45,wholesaler_1,wholesaler,0,,,,,,170.82,3.7,,,,,,,54,hitl
83,2026-04-18 02:45,retail_1,retail,0,,,,,,,,102.83,30.0,0.0,0.0,2.8,17.4587,54,hitl
84,2026-04-18 03:00,supplier_1,supplier,0,875.91,,,,,,,,,,,,,54,hitl
84,2026-04-18 03:00,farm_1,farm,1,,212.0,0.223,,,,,,,,,,,54,hitl
84,2026-04-18 03:00,slaughterhouse_1,slaughterhouse,0,,,,400.0,400.0,,,,,,,,,54,hitl
84,2026-04-18 03:00,wholesaler_1,wholesaler,0,,,,,,165.73,3.7,,,,,,,54,hitl
84,2026-04-18 03:00,retail_1,retail,0,,,,,,,,102.06,30.0,0.0,0.0,2.8,17.4587,54,hitl
85,2026-04-18 03:15,supplier_1,supplier,0,875.22,,,,,,,,,,,,,54,hitl
85,2026-04-18 03:15,farm_1,farm,1,,212.0,0.223,,,,,,,,,,,54,hitl
85,2026-04-18 03:15,slaughterhouse_1,slaughterhouse,0,,,,400.0,400.0,,,,,,,,,54,hitl
85,2026-04-18 03:15,wholesaler_1,wholesaler,0,,,,,,163.32,3.7,,,,,,,54,hitl
85,2026-04-18 03:15,retail_1,retail,0,,,,,,,,104.28,30.0,0.0,0.0,2.8,17.4587,54,hitl
86,2026-04-18 03:30,supplier_1,supplier,0,874.64,,,,,,,,,,,,,54,hitl
86,2026-04-18 03:30,farm_1,farm,1,,212.0,0.223,,,,,,,,,,,54,hitl
86,2026-04-18 03:30,slaughterhouse_1,slaughterhouse,0,,,,400.0,400.0,,,,,,,,,54,hitl
86,2026-04-18 03:30,wholesaler_1,wholesaler,0,,,,,,160.53,3.7,,,,,,,54,hitl
86,2026-04-18 03:30,retail_1,retail,0,,,,,,,,103.53,30.0,0.0,0.0,2.8,17.4587,54,hitl
87,2026-04-18 03:45,supplier_1,supplier,0,874.09,,,,,,,,,,,,,54,hitl
87,2026-04-18 03:45,farm_1,farm,1,,212.0,0.223,,,,,,,,,,,54,hitl
87,2026-04-18 03:45,slaughterhouse_1,slaughterhouse,0,,,,400.0,400.0,,,,,,,,,54,hitl
87,2026-04-18 03:45,wholesaler_1,wholesaler,0,,,,,,158.1,3.7,,,,,,,54,hitl
87,2026-04-18 03:45,retail_1,retail,0,,,,,,,,102.75,30.0,0.0,0.0,2.8,17.4587,54,hitl
88,2026-04-18 04:00,supplier_1,supplier,0,872.8,,,,,,,,,,,,,54,hitl
88,2026-04-18 04:00,farm_1,farm,1,,212.0,0.223,,,,,,,,,,,54,hitl
88,2026-04-18 04:00,slaughterhouse_1,slaughterhouse,0,,,,400.0,376.0,,,,,,,,,54,hitl
88,2026-04-18 04:00,wholesaler_1,wholesaler,0,,,,,,153.01,3.7,,,,,,,54,hitl
88,2026-04-18 04:00,retail_1,retail,0,,,,,,,,102.02,30.0,0.0,0.0,2.8,17.4587,54,hitl
89,2026-04-18 04:15,supplier_1,supplier,0,871.82,,,,,,,,,,,,,54,hitl
89,2026-04-18 04:15,farm_1,farm,1,,212.0,0.223,,,,,,,,,,,54,hitl
89,2026-04-18 04:15,slaughterhouse_1,slaughterhouse,0,,,,400.0,387.83,,,,,,,,,54,hitl
89,2026-04-18 04:15,wholesaler_1,wholesaler,0,,,,,,174.9,3.7,,,,,,,54,hitl
89,2026-04-18 04:15,retail_1,retail,0,,,,,,,,104.36,30.0,0.0,0.0,2.8,17.4587,54,hitl
90,2026-04-18 04:30,supplier_1,supplier,0,870.67,,,,,,,,,,,,,54,hitl
90,2026-04-18 04:30,farm_1,farm,1,,212.0,0.223,,,,,,,,,,,54,hitl
90,2026-04-18 04:30,slaughterhouse_1,slaughterhouse,0,,,,400.0,399.23,,,,,,,,,54,hitl
90,2026-04-18 04:30,wholesaler_1,wholesaler,0,,,,,,172.23,3.7,,,,,,,54,hitl
90,2026-04-18 04:30,retail_1,retail,0,,,,,,,,103.67,30.0,0.0,0.0,2.8,17.4587,54,hitl
91,2026-04-18 04:45,supplier_1,supplier,0,870.0,,,,,,,,,,,,,54,hitl
91,2026-04-18 04:45,farm_1,farm,1,,212.0,0.223,,,,,,,,,,,54,hitl
91,2026-04-18 04:45,slaughterhouse_1,slaughterhouse,0,,,,400.0,400.0,,,,,,,,,54,hitl
91,2026-04-18 04:45,wholesaler_1,wholesaler,0,,,,,,169.83,3.7,,,,,,,54,hitl
91,2026-04-18 04:45,retail_1,retail,0,,,,,,,,102.96,30.0,0.0,0.0,2.8,17.4587,54,hitl
92,2026-04-18 05:00,supplier_1,supplier,0,868.58,,,,,,,,,,,,,54,hitl
92,2026-04-18 05:00,farm_1,farm,1,,212.0,0.223,,,,,,,,,,,54,hitl
92,2026-04-18 05:00,slaughterhouse_1,slaughterhouse,0,,,,400.0,400.0,,,,,,,,,54,hitl
92,2026-04-18 05:00,wholesaler_1,wholesaler,0,,,,,,165.31,3.7,,,,,,,54,hitl
92,2026-04-18 05:00,retail_1,retail,0,,,,,,,,102.19,30.0,0.0,0.0,2.8,17.4587,54,hitl
93,2026-04-18 05:15,supplier_1,supplier,0,867.91,,,,,,,,,,,,,54,hitl
93,2026-04-18 05:15,farm_1,farm,1,,212.0,0.223,,,,,,,,,,,54,hitl
93,2026-04-18 05:15,slaughterhouse_1,slaughterhouse,0,,,,400.0,400.0,,,,,,,,,54,hitl
93,2026-04-18 05:15,wholesaler_1,wholesaler,0,,,,,,163.67,3.7,,,,,,,54,hitl
93,2026-04-18 05:15,retail_1,retail,0,,,,,,,,104.24,30.0,0.0,0.0,2.8,17.4587,54,hitl
94,2026-04-18 05:30,supplier_1,supplier,0,866.83,,,,,,,,,,,,,54,hitl
94,2026-04-18 05:30,farm_1,farm,1,,212.0,0.223,,,,,,,,,,,54,hitl
94,2026-04-18 05:30,slaughterhouse_1,slaughterhouse,0,,,,400.0,400.0,,,,,,,,,54,hitl
94,2026-04-18 05:30,wholesaler_1,wholesaler,0,,,,,,161.62,3.7,,,,,,,54,hitl
94,2026-04-18 05:30,retail_1,retail,0,,,,,,,,103.62,30.0,0.0,0.0,2.8,17.4587,54,hitl
95,2026-04-18 05:45,supplier_1,supplier,0,866.18,,,,,,,,,,,,,54,hitl
95,2026-04-18 05:45,farm_1,farm,1,,212.0,0.223,,,,,,,,,,,54,hitl
95,2026-04-18 05:45,slaughterhouse_1,slaughterhouse,0,,,,400.0,400.0,,,,,,,,,54,hitl
95,2026-04-18 05:45,wholesaler_1,wholesaler,0,,,,,,159.06,3.7,,,,,,,54,hitl
95,2026-04-18 05:45,retail_1,retail,0,,,,,,,,102.84,30.0,0.0,0.0,2.8,17.4587,54,hitl
96,2026-04-18 06:00,supplier_1,supplier,0,865.11,,,,,,,,,,,,,54,hitl
96,2026-04-18 06:00,farm_1,farm,1,,212.0,0.223,,,,,,,,,,,54,hitl
96,2026-04-18 06:00,slaughterhouse_1,slaughterhouse,0,,,,400.0,376.0,,,,,,,,,54,hitl
96,2026-04-18 06:00,wholesaler_1,wholesaler,0,,,,,,154.29,3.7,,,,,,,54,hitl
96,2026-04-18 06:00,retail_1,retail,0,,,,,,,,102.17,30.0,0.0,0.0,2.8,17.4587,54,hitl
97,2026-04-18 06:15,supplier_1,supplier,0,863.74,,,,,,,,,,,,,54,hitl
97,2026-04-18 06:15,farm_1,farm,1,,212.0,0.223,,,,,,,,,,,54,hitl
97,2026-04-18 06:15,slaughterhouse_1,slaughterhouse,0,,,,400.0,386.73,,,,,,,,,54,hitl
97,2026-04-18 06:15,wholesaler_1,wholesaler,0,,,,,,175.57,3.7,,,,,,,54,hitl
97,2026-04-18 06:15,retail_1,retail,0,,,,,,,,104.36,30.0,0.0,0.0,2.8,17.4587,54,hitl
98,2026-04-18 06:30,supplier_1,supplier,0,862.88,,,,,,,,,,,,,54,hitl
98,2026-04-18 06:30,farm_1,farm,1,,212.0,0.223,,,,,,,,,,,54,hitl
98,2026-04-18 06:30,slaughterhouse_1,slaughterhouse,0,,,,400.0,397.16,,,,,,,,,54,hitl
98,2026-04-18 06:30,wholesaler_1,wholesaler,0,,,,,,173.64,3.7,,,,,,,54,hitl
98,2026-04-18 06:30,retail_1,retail,0,,,,,,,,103.63,30.0,0.0,0.0,2.8,17.4587,54,hitl
99,2026-04-18 06:45,supplier_1,supplier,0,862.26,,,,,,,,,,,,,54,hitl
99,2026-04-18 06:45,farm_1,farm,1,,212.0,0.223,,,,,,,,,,,54,hitl
99,2026-04-18 06:45,slaughterhouse_1,slaughterhouse,0,,,,400.0,400.0,,,,,,,,,54,hitl
99,2026-04-18 06:45,wholesaler_1,wholesaler,0,,,,,,170.66,3.7,,,,,,,54,hitl
99,2026-04-18 06:45,retail_1,retail,0,,,,,,,,103.01,30.0,0.0,0.0,2.8,17.4587,54,hitl
100,2026-04-18 07:00,supplier_1,supplier,0,860.97,,,,,,,,,,,,,54,hitl
100,2026-04-18 07:00,farm_1,farm,1,,212.0,0.223,,,,,,,,,,,54,hitl
100,2026-04-18 07:00,slaughterhouse_1,slaughterhouse,0,,,,400.0,400.0,,,,,,,,,54,hitl
100,2026-04-18 07:00,wholesaler_1,wholesaler,0,,,,,,165.0,3.7,,,,,,,54,hitl
100,2026-04-18 07:00,retail_1,retail,0,,,,,,,,102.28,30.0,0.0,0.0,2.8,17.4587,54,hitl
101,2026-04-18 07:15,supplier_1,supplier,0,859.63,,,,,,,,,,,,,54,hitl
101,2026-04-18 07:15,farm_1,farm,1,,212.0,0.223,,,,,,,,,,,54,hitl
101,2026-04-18 07:15,slaughterhouse_1,slaughterhouse,0,,,,400.0,400.0,,,,,,,,,54,hitl
101,2026-04-18 07:15,wholesaler_1,wholesaler,0,,,,,,162.61,3.7,,,,,,,54,hitl
101,2026-04-18 07:15,retail_1,retail,0,,,,,,,,104.24,30.0,0.0,0.0,2.8,17.4587,54,hitl
102,2026-04-18 07:30,supplier_1,supplier,1,166.56,,,,,,,,,,,,,54,hitl
102,2026-04-18 07:30,farm_1,farm,1,,212.0,0.223,,,,,,,,,,,54,hitl
102,2026-04-18 07:30,slaughterhouse_1,slaughterhouse,0,,,,400.0,400.0,,,,,,,,,54,hitl
102,2026-04-18 07:30,wholesaler_1,wholesaler,0,,,,,,160.33,3.7,,,,,,,54,hitl
102,2026-04-18 07:30,retail_1,retail,0,,,,,,,,103.54,30.0,0.0,0.0,2.8,17.4587,54,hitl
103,2026-04-18 07:45,supplier_1,supplier,1,165.44,,,,,,,,,,,,,54,hitl
103,2026-04-18 07:45,farm_1,farm,1,,212.0,0.223,,,,,,,,,,,54,hitl
103,2026-04-18 07:45,slaughterhouse_1,slaughterhouse,0,,,,400.0,400.0,,,,,,,,,54,hitl
103,2026-04-18 07:45,wholesaler_1,wholesaler,0,,,,,,157.4,3.7,,,,,,,54,hitl
103,2026-04-18 07:45,retail_1,retail,0,,,,,,,,102.76,30.0,0.0,0.0,2.8,17.4587,54,hitl
104,2026-04-18 08:00,supplier_1,supplier,1,164.39,,,,,,,,,,,,,54,hitl
104,2026-04-18 08:00,farm_1,farm,1,,212.0,0.223,,,,,,,,,,,54,hitl
104,2026-04-18 08:00,slaughterhouse_1,slaughterhouse,0,,,,400.0,376.0,,,,,,,,,54,hitl
104,2026-04-18 08:00,wholesaler_1,wholesaler,0,,,,,,152.28,3.7,,,,,,,54,hitl
104,2026-04-18 08:00,retail_1,retail,0,,,,,,,,101.99,30.0,0.0,0.0,2.8,17.4587,54,hitl
105,2026-04-18 08:15,supplier_1,supplier,1,163.61,,,,,,,,,,,,,54,hitl
105,2026-04-18 08:15,farm_1,farm,1,,212.0,0.223,,,,,,,,,,,54,hitl
105,2026-04-18 08:15,slaughterhouse_1,slaughterhouse,0,,,,400.0,386.46,,,,,,,,,54,hitl
105,2026-04-18 08:15,wholesaler_1,wholesaler,0,,,,,,174.2,3.7,,,,,,,54,hitl
105,2026-04-18 08:15,retail_1,retail,0,,,,,,,,104.34,30.0,0.0,0.0,2.8,17.4587,54,hitl
106,2026-04-18 08:30,supplier_1,supplier,1,162.46,,,,,,,,,,,,,54,hitl
106,2026-04-18 08:30,farm_1,farm,1,,212.0,0.223,,,,,,,,,,,54,hitl
106,2026-04-18 08:30,slaughterhouse_1,slaughterhouse,0,,,,400.0,397.43,,,,,,,,,54,hitl
106,2026-04-18 08:30,wholesaler_1,wholesaler,0,,,,,,172.65,3.7,,,,,,,54,hitl
106,2026-04-18 08:30,retail_1,retail,0,,,,,,,,103.58,30.0,0.0,0.0,2.8,17.4587,54,hitl
107,2026-04-18 08:45,supplier_1,supplier,1,161.83,,,,,,,,,,,,,54,hitl
107,2026-04-18 08:45,farm_1,farm,1,,212.0,0.223,,,,,,,,,,,54,hitl
107,2026-04-18 08:45,slaughterhouse_1,slaughterhouse,0,,,,400.0,400.0,,,,,,,,,54,hitl
107,2026-04-18 08:45,wholesaler_1,wholesaler,0,,,,,,170.31,3.7,,,,,,,54,hitl
107,2026-04-18 08:45,retail_1,retail,0,,,,,,,,102.83,30.0,0.0,0.0,2.8,17.4587,54,hitl
108,2026-04-18 09:00,supplier_1,supplier,1,161.12,,,,,,,,,,,,,54,hitl
108,2026-04-18 09:00,farm_1,farm,1,,212.0,0.223,,,,,,,,,,,54,hitl
108,2026-04-18 09:00,slaughterhouse_1,slaughterhouse,0,,,,400.0,400.0,,,,,,,,,54,hitl
108,2026-04-18 09:00,wholesaler_1,wholesaler,0,,,,,,164.95,3.7,,,,,,,54,hitl
108,2026-04-18 09:00,retail_1,retail,0,,,,,,,,102.13,30.0,0.0,0.0,2.8,17.4587,54,hitl
109,2026-04-18 09:15,supplier_1,supplier,1,159.94,,,,,,,,,,,,,54,hitl
109,2026-04-18 09:15,farm_1,farm,1,,212.0,0.223,,,,,,,,,,,54,hitl
109,2026-04-18 09:15,slaughterhouse_1,slaughterhouse,0,,,,400.0,400.0,,,,,,,,,54,hitl
109,2026-04-18 09:15,wholesaler_1,wholesaler,0,,,,,,162.81,3.7,,,,,,,54,hitl
109,2026-04-18 09:15,retail_1,retail,0,,,,,,,,104.34,30.0,0.0,0.0,2.8,17.4587,54,hitl
110,2026-04-18 09:30,supplier_1,supplier,1,159.28,,,,,,,,,,,,,54,hitl
110,2026-04-18 09:30,farm_1,farm,1,,212.0,0.223,,,,,,,,,,,54,hitl
110,2026-04-18 09:30,slaughterhouse_1,slaughterhouse,0,,,,400.0,400.0,,,,,,,,,54,hitl
110,2026-04-18 09:30,wholesaler_1,wholesaler,0,,,,,,160.24,3.7,,,,,,,54,hitl
110,2026-04-18 09:30,retail_1,retail,0,,,,,,,,103.7,30.0,0.0,0.0,2.8,17.4587,54,hitl
111,2026-04-18 09:45,supplier_1,supplier,1,158.77,,,,,,,,,,,,,54,hitl
111,2026-04-18 09:45,farm_1,farm,1,,212.0,0.223,,,,,,,,,,,54,hitl
111,2026-04-18 09:45,slaughterhouse_1,slaughterhouse,0,,,,400.0,400.0,,,,,,,,,54,hitl
111,2026-04-18 09:45,wholesaler_1,wholesaler,0,,,,,,158.63,3.7,,,,,,,54,hitl
111,2026-04-18 09:45,retail_1,retail,0,,,,,,,,103.01,30.0,0.0,0.0,2.8,17.4587,54,hitl
112,2026-04-18 10:00,supplier_1,supplier,1,157.98,,,,,,,,,,,,,54,hitl
112,2026-04-18 10:00,farm_1,farm,1,,212.0,0.223,,,,,,,,,,,54,hitl
112,2026-04-18 10:00,slaughterhouse_1,slaughterhouse,0,,,,400.0,376.0,,,,,,,,,54,hitl
112,2026-04-18 10:00,wholesaler_1,wholesaler,0,,,,,,153.9,3.7,,,,,,,54,hitl
112,2026-04-18 10:00,retail_1,retail,0,,,,,,,,102.29,30.0,0.0,0.0,2.8,17.4587,54,hitl
113,2026-04-18 10:15,supplier_1,supplier,1,156.65,,,,,,,,,,,,,54,hitl
113,2026-04-18 10:15,farm_1,farm,1,,212.0,0.223,,,,,,,,,,,54,hitl
113,2026-04-18 10:15,slaughterhouse_1,slaughterhouse,0,,,,400.0,387.67,,,,,,,,,54,hitl
113,2026-04-18 10:15,wholesaler_1,wholesaler,0,,,,,,175.71,3.7,,,,,,,54,hitl
113,2026-04-18 10:15,retail_1,retail,0,,,,,,,,104.38,30.0,0.0,0.0,2.8,17.4587,54,hitl
114,2026-04-18 10:30,supplier_1,supplier,1,155.82,,,,,,,,,,,,,54,hitl
114,2026-04-18 10:30,farm_1,farm,1,,212.0,0.223,,,,,,,,,,,54,hitl
114,2026-04-18 10:30,slaughterhouse_1,slaughterhouse,0,,,,400.0,398.16,,,,,,,,,54,hitl
114,2026-04-18 10:30,wholesaler_1,wholesaler,0,,,,,,173.48,3.7,,,,,,,54,hitl
114,2026-04-18 10:30,retail_1,retail,0,,,,,,,,103.6,30.0,0.0,0.0,2.8,17.4587,54,hitl
115,2026-04-18 10:45,supplier_1,supplier,1,154.92,,,,,,,,,,,,,54,hitl
115,2026-04-18 10:45,farm_1,farm,1,,212.0,0.223,,,,,,,,,,,54,hitl
115,2026-04-18 10:45,slaughterhouse_1,slaughterhouse,0,,,,400.0,400.0,,,,,,,,,54,hitl
115,2026-04-18 10:45,wholesaler_1,wholesaler,0,,,,,,170.91,3.7,,,,,,,54,hitl
115,2026-04-18 10:45,retail_1,retail,0,,,,,,,,102.82,30.0,0.0,0.0,2.8,17.4587,54,hitl
116,2026-04-18 11:00,supplier_1,supplier,1,154.15,,,,,,,,,,,,,54,hitl
116,2026-04-18 11:00,farm_1,farm,1,,212.0,0.223,,,,,,,,,,,54,hitl
116,2026-04-18 11:00,slaughterhouse_1,slaughterhouse,0,,,,400.0,400.0,,,,,,,,,54,hitl
116,2026-04-18 11:00,wholesaler_1,wholesaler,0,,,,,,165.1,3.7,,,,,,,54,hitl
116,2026-04-18 11:00,retail_1,retail,0,,,,,,,,102.08,30.0,0.0,0.0,2.8,17.4587,54,hitl
117,2026-04-18 11:15,supplier_1,supplier,1,152.7,,,,,,,,,,,,,54,hitl
117,2026-04-18 11:15,farm_1,farm,1,,212.0,0.223,,,,,,,,,,,54,hitl
117,2026-04-18 11:15,slaughterhouse_1,slaughterhouse,0,,,,400.0,400.0,,,,,,,,,54,hitl
117,2026-04-18 11:15,wholesaler_1,wholesaler,0,,,,,,163.34,3.7,,,,,,,54,hitl
117,2026-04-18 11:15,retail_1,retail,0,,,,,,,,104.34,30.0,0.0,0.0,2.8,17.4587,54,hitl
118,2026-04-18 11:30,supplier_1,supplier,1,152.06,,,,,,,,,,,,,54,hitl
118,2026-04-18 11:30,farm_1,farm,1,,212.0,0.223,,,,,,,,,,,54,hitl
118,2026-04-18 11:30,slaughterhouse_1,slaughterhouse,0,,,,400.0,400.0,,,,,,,,,54,hitl
118,2026-04-18 11:30,wholesaler_1,wholesaler,0,,,,,,161.81,3.7,,,,,,,54,hitl
118,2026-04-18 11:30,retail_1,retail,0,,,,,,,,103.71,30.0,0.0,0.0,2.8,17.4587,54,hitl
119,2026-04-18 11:45,supplier_1,supplier,1,151.35,,,,,,,,,,,,,54,hitl
119,2026-04-18 11:45,farm_1,farm,1,,212.0,0.223,,,,,,,,,,,54,hitl
119,2026-04-18 11:45,slaughterhouse_1,slaughterhouse,0,,,,400.0,400.0,,,,,,,,,54,hitl
119,2026-04-18 11:45,wholesaler_1,wholesaler,0,,,,,,159.11,3.7,,,,,,,54,hitl
119,2026-04-18 11:45,retail_1,retail,0,,,,,,,,102.99,30.0,0.0,0.0,2.8,17.4587,54,hitl
120,2026-04-18 12:00,supplier_1,supplier,1,150.01,,,,,,,,,,,,,54,hitl
120,2026-04-18 12:00,farm_1,farm,1,,212.0,0.223,,,,,,,,,,,54,hitl
120,2026-04-18 12:00,slaughterhouse_1,slaughterhouse,0,,,,400.0,376.0,,,,,,,,,54,hitl
120,2026-04-18 12:00,wholesaler_1,wholesaler,0,,,,,,154.64,3.7,,,,,,,54,hitl
120,2026-04-18 12:00,retail_1,retail,0,,,,,,,,102.34,30.0,0.0,0.0,2.8,17.4587,54,hitl
121,2026-04-18 12:15,supplier_1,supplier,1,148.99,,,,,,,,,,,,,54,hitl
121,2026-04-18 12:15,farm_1,farm,1,,212.0,0.223,,,,,,,,,,,54,hitl
121,2026-04-18 12:15,slaughterhouse_1,slaughterhouse,0,,,,400.0,386.55,,,,,,,,,54,hitl
121,2026-04-18 12:15,wholesaler_1,wholesaler,0,,,,,,177.02,3.7,,,,,,,54,hitl
121,2026-04-18 12:15,retail_1,retail,0,,,,,,,,104.29,30.0,0.0,0.0,2.8,17.4587,54,hitl
122,2026-04-18 12:30,supplier_1,supplier,1,147.67,,,,,,,,,,,,,54,hitl
122,2026-04-18 12:30,farm_1,farm,1,,212.0,0.223,,,,,,,,,,,54,hitl
122,2026-04-18 12:30,slaughterhouse_1,slaughterhouse,0,,,,400.0,397.99,,,,,,,,,54,hitl
122,2026-04-18 12:30,wholesaler_1,wholesaler,0,,,,,,174.88,3.7,,,,,,,54,hitl
122,2026-04-18 12:30,retail_1,retail,0,,,,,,,,103.65,30.0,0.0,0.0,2.8,17.4587,54,hitl
123,2026-04-18 12:45,supplier_1,supplier,1,146.83,,,,,,,,,,,,,54,hitl
123,2026-04-18 12:45,farm_1,farm,1,,212.0,0.223,,,,,,,,,,,54,hitl
123,2026-04-18 12:45,slaughterhouse_1,slaughterhouse,0,,,,400.0,400.0,,,,,,,,,54,hitl
123,2026-04-18 12:45,wholesaler_1,wholesaler,0,,,,,,173.18,3.7,,,,,,,54,hitl
123,2026-04-18 12:45,retail_1,retail,0,,,,,,,,102.92,30.0,0.0,0.0,2.8,17.4587,54,hitl
124,2026-04-18 13:00,supplier_1,supplier,1,146.26,,,,,,,,,,,,,54,hitl
124,2026-04-18 13:00,farm_1,farm,1,,212.0,0.223,,,,,,,,,,,54,hitl
124,2026-04-18 13:00,slaughterhouse_1,slaughterhouse,0,,,,400.0,400.0,,,,,,,,,54,hitl
124,2026-04-18 13:00,wholesaler_1,wholesaler,0,,,,,,168.51,3.7,,,,,,,54,hitl
124,2026-04-18 13:00,retail_1,retail,0,,,,,,,,102.28,30.0,0.0,0.0,2.8,17.4587,54,hitl
125,2026-04-18 13:15,supplier_1,supplier,1,145.3,,,,,,,,,,,,,54,hitl
125,2026-04-18 13:15,farm_1,farm,1,,212.0,0.223,,,,,,,,,,,54,hitl
125,2026-04-18 13:15,slaughterhouse_1,slaughterhouse,0,,,,400.0,400.0,,,,,,,,,54,hitl
125,2026-04-18 13:15,wholesaler_1,wholesaler,0,,,,,,165.81,3.7,,,,,,,54,hitl
125,2026-04-18 13:15,retail_1,retail,0,,,,,,,,104.31,30.0,0.0,0.0,2.8,17.4587,54,hitl
126,2026-04-18 13:30,supplier_1,supplier,1,144.75,,,,,,,,,,,,,54,hitl
126,2026-04-18 13:30,farm_1,farm,1,,212.0,0.223,,,,,,,,,,,54,hitl
126,2026-04-18 13:30,slaughterhouse_1,slaughterhouse,0,,,,400.0,400.0,,,,,,,,,54,hitl
126,2026-04-18 13:30,wholesaler_1,wholesaler,0,,,,,,163.46,3.7,,,,,,,54,hitl
126,2026-04-18 13:30,retail_1,retail,0,,,,,,,,103.53,30.0,0.0,0.0,2.8,17.4587,54,hitl
127,2026-04-18 13:45,supplier_1,supplier,1,143.84,,,,,,,,,,,,,54,hitl
127,2026-04-18 13:45,farm_1,farm,1,,212.0,0.223,,,,,,,,,,,54,hitl
127,2026-04-18 13:45,slaughterhouse_1,slaughterhouse,0,,,,400.0,400.0,,,,,,,,,54,hitl
127,2026-04-18 13:45,wholesaler_1,wholesaler,0,,,,,,161.83,3.7,,,,,,,54,hitl
127,2026-04-18 13:45,retail_1,retail,0,,,,,,,,102.91,30.0,0.0,0.0,2.8,17.4587,54,hitl
128,2026-04-18 14:00,supplier_1,supplier,1,142.97,,,,,,,,,,,,,54,hitl
128,2026-04-18 14:00,farm_1,farm,1,,212.0,0.223,,,,,,,,,,,54,hitl
128,2026-04-18 14:00,slaughterhouse_1,slaughterhouse,0,,,,400.0,376.0,,,,,,,,,54,hitl
128,2026-04-18 14:00,wholesaler_1,wholesaler,0,,,,,,157.12,3.7,,,,,,,54,hitl
128,2026-04-18 14:00,retail_1,retail,0,,,,,,,,102.17,30.0,0.0,0.0,2.8,17.4587,54,hitl
129,2026-04-18 14:15,supplier_1,supplier,1,141.61,,,,,,,,,,,,,54,hitl
129,2026-04-18 14:15,farm_1,farm,1,,212.0,0.223,,,,,,,,,,,54,hitl
129,2026-04-18 14:15,slaughterhouse_1,slaughterhouse,0,,,,400.0,387.32,,,,,,,,,54,hitl
129,2026-04-18 14:15,wholesaler_1,wholesaler,0,,,,,,178.16,3.7,,,,,,,54,hitl
129,2026-04-18 14:15,retail_1,retail,0,,,,,,,,104.28,30.0,0.0,0.0,2.8,17.4587,54,hitl
130,2026-04-18 14:30,supplier_1,supplier,1,140.25,,,,,,,,,,,,,54,hitl
130,2026-04-18 14:30,farm_1,farm,1,,212.0,0.223,,,,,,,,,,,54,hitl
130,2026-04-18 14:30,slaughterhouse_1,slaughterhouse,0,,,,400.0,398.77,,,,,,,,,54,hitl
130,2026-04-18 14:30,wholesaler_1,wholesaler,0,,,,,,175.87,3.7,,,,,,,54,hitl
130,2026-04-18 14:30,retail_1,retail,0,,,,,,,,103.6,30.0,0.0,0.0,2.8,17.4587,54,hitl
131,2026-04-18 14:45,supplier_1,supplier,1,138.98,,,,,,,,,,,,,54,hitl
131,2026-04-18 14:45,farm_1,farm,1,,212.0,0.223,,,,,,,,,,,54,hitl
131,2026-04-18 14:45,slaughterhouse_1,slaughterhouse,0,,,,400.0,400.0,,,,,,,,,54,hitl
131,2026-04-18 14:45,wholesaler_1,wholesaler,0,,,,,,173.33,3.7,,,,,,,54,hitl
131,2026-04-18 14:45,retail_1,retail,0,,,,,,,,102.94,30.0,0.0,0.0,2.8,17.4587,54,hitl
132,2026-04-18 15:00,supplier_1,supplier,1,137.87,,,,,,,,,,,,,54,hitl
132,2026-04-18 15:00,farm_1,farm,1,,212.0,0.223,,,,,,,,,,,54,hitl
132,2026-04-18 15:00,slaughterhouse_1,slaughterhouse,0,,,,400.0,400.0,,,,,,,,,54,hitl
132,2026-04-18 15:00,wholesaler_1,wholesaler,0,,,,,,168.77,3.7,,,,,,,54,hitl
132,2026-04-18 15:00,retail_1,retail,0,,,,,,,,102.21,30.0,0.0,0.0,2.8,17.4587,54,hitl
133,2026-04-18 15:15,supplier_1,supplier,1,136.74,,,,,,,,,,,,,54,hitl
133,2026-04-18 15:15,farm_1,farm,1,,212.0,0.223,,,,,,,,,,,54,hitl
133,2026-04-18 15:15,slaughterhouse_1,slaughterhouse,0,,,,400.0,400.0,,,,,,,,,54,hitl
133,2026-04-18 15:15,wholesaler_1,wholesaler,0,,,,,,166.27,3.7,,,,,,,54,hitl
133,2026-04-18 15:15,retail_1,retail,0,,,,,,,,104.26,30.0,0.0,0.0,2.8,17.4587,54,hitl
134,2026-04-18 15:30,supplier_1,supplier,1,135.66,,,,,,,,,,,,,54,hitl
134,2026-04-18 15:30,farm_1,farm,1,,212.0,0.223,,,,,,,,,,,54,hitl
134,2026-04-18 15:30,slaughterhouse_1,slaughterhouse,0,,,,400.0,400.0,,,,,,,,,54,hitl
134,2026-04-18 15:30,wholesaler_1,wholesaler,0,,,,,,164.7,3.7,,,,,,,54,hitl
134,2026-04-18 15:30,retail_1,retail,0,,,,,,,,103.63,30.0,0.0,0.0,2.8,17.4587,54,hitl
135,2026-04-18 15:45,supplier_1,supplier,1,134.62,,,,,,,,,,,,,54,hitl
135,2026-04-18 15:45,farm_1,farm,1,,212.0,0.223,,,,,,,,,,,54,hitl
135,2026-04-18 15:45,slaughterhouse_1,slaughterhouse,0,,,,400.0,400.0,,,,,,,,,54,hitl
135,2026-04-18 15:45,wholesaler_1,wholesaler,0,,,,,,162.22,3.7,,,,,,,54,hitl
135,2026-04-18 15:45,retail_1,retail,0,,,,,,,,102.89,30.0,0.0,0.0,2.8,17.4587,54,hitl
136,2026-04-18 16:00,supplier_1,supplier,1,133.46,,,,,,,,,,,,,54,hitl
136,2026-04-18 16:00,farm_1,farm,1,,212.0,0.223,,,,,,,,,,,54,hitl
136,2026-04-18 16:00,slaughterhouse_1,slaughterhouse,0,,,,400.0,376.0,,,,,,,,,54,hitl
136,2026-04-18 16:00,wholesaler_1,wholesaler,0,,,,,,157.85,3.7,,,,,,,54,hitl
136,2026-04-18 16:00,retail_1,retail,0,,,,,,,,102.15,30.0,0.0,0.0,2.8,17.4587,54,hitl
137,2026-04-18 16:15,supplier_1,supplier,1,132.35,,,,,,,,,,,,,54,hitl
137,2026-04-18 16:15,farm_1,farm,1,,212.0,0.223,,,,,,,,,,,54,hitl
137,2026-04-18 16:15,slaughterhouse_1,slaughterhouse,0,,,,400.0,386.44,,,,,,,,,54,hitl
137,2026-04-18 16:15,wholesaler_1,wholesaler,0,,,,,,180.06,3.7,,,,,,,54,hitl
137,2026-04-18 16:15,retail_1,retail,0,,,,,,,,104.25,30.0,0.0,0.0,2.8,17.4587,54,hitl
138,2026-04-18 16:30,supplier_1,supplier,1,131.29,,,,,,,,,,,,,54,hitl
138,2026-04-18 16:30,farm_1,farm,1,,212.0,0.223,,,,,,,,,,,54,hitl
138,2026-04-18 16:30,slaughterhouse_1,slaughterhouse,0,,,,400.0,397.51,,,,,,,,,54,hitl
138,2026-04-18 16:30,wholesaler_1,wholesaler,0,,,,,,177.94,3.7,,,,,,,54,hitl
138,2026-04-18 16:30,retail_1,retail,0,,,,,,,,103.54,30.0,0.0,0.0,2.8,17.4587,54,hitl
139,2026-04-18 16:45,supplier_1,supplier,1,129.88,,,,,,,,,,,,,54,hitl
139,2026-04-18 16:45,farm_1,farm,1,,212.0,0.223,,,,,,,,,,,54,hitl
139,2026-04-18 16:45,slaughterhouse_1,slaughterhouse,0,,,,400.0,400.0,,,,,,,,,54,hitl
139,2026-04-18 16:45,wholesaler_1,wholesaler,0,,,,,,175.44,3.7,,,,,,,54,hitl
139,2026-04-18 16:45,retail_1,retail,0,,,,,,,,102.87,30.0,0.0,0.0,2.8,17.4587,54,hitl
140,2026-04-18 17:00,supplier_1,supplier,1,129.1,,,,,,,,,,,,,54,hitl
140,2026-04-18 17:00,farm_1,farm,1,,212.0,0.223,,,,,,,,,,,54,hitl
140,2026-04-18 17:00,slaughterhouse_1,slaughterhouse,0,,,,400.0,400.0,,,,,,,,,54,hitl
140,2026-04-18 17:00,wholesaler_1,wholesaler,0,,,,,,170.23,3.7,,,,,,,54,hitl
140,2026-04-18 17:00,retail_1,retail,0,,,,,,,,102.16,30.0,0.0,0.0,2.8,17.4587,54,hitl
141,2026-04-18 17:15,supplier_1,supplier,1,128.12,,,,,,,,,,,,,54,hitl
141,2026-04-18 17:15,farm_1,farm,1,,212.0,0.223,,,,,,,,,,,54,hitl
141,2026-04-18 17:15,slaughterhouse_1,slaughterhouse,0,,,,400.0,400.0,,,,,,,,,54,hitl
141,2026-04-18 17:15,wholesaler_1,wholesaler,0,,,,,,167.74,3.7,,,,,,,54,hitl
141,2026-04-18 17:15,retail_1,retail,0,,,,,,,,104.25,30.0,0.0,0.0,2.8,17.4587,54,hitl
142,2026-04-18 17:30,supplier_1,supplier,1,127.11,,,,,,,,,,,,,54,hitl
142,2026-04-18 17:30,farm_1,farm,1,,212.0,0.223,,,,,,,,,,,54,hitl
142,2026-04-18 17:30,slaughterhouse_1,slaughterhouse,0,,,,400.0,400.0,,,,,,,,,54,hitl
142,2026-04-18 17:30,wholesaler_1,wholesaler,0,,,,,,165.17,3.7,,,,,,,54,hitl
142,2026-04-18 17:30,retail_1,retail,0,,,,,,,,103.53,30.0,0.0,0.0,2.8,17.4587,54,hitl
143,2026-04-18 17:45,supplier_1,supplier,1,125.96,,,,,,,,,,,,,54,hitl
143,2026-04-18 17:45,farm_1,farm,1,,212.0,0.223,,,,,,,,,,,54,hitl
143,2026-04-18 17:45,slaughterhouse_1,slaughterhouse,0,,,,400.0,400.0,,,,,,,,,54,hitl
143,2026-04-18 17:45,wholesaler_1,wholesaler,0,,,,,,163.23,3.7,,,,,,,54,hitl
143,2026-04-18 17:45,retail_1,retail,0,,,,,,,,102.81,30.0,0.0,0.0,2.8,17.4587,54,hitl
144,2026-04-18 18:00,supplier_1,supplier,1,124.6,,,,,,,,,,,,,54,hitl
144,2026-04-18 18:00,farm_1,farm,1,,212.0,0.223,,,,,,,,,,,54,hitl
144,2026-04-18 18:00,slaughterhouse_1,slaughterhouse,0,,,,400.0,376.0,,,,,,,,,54,hitl
144,2026-04-18 18:00,wholesaler_1,wholesaler,0,,,,,,158.17,3.7,,,,,,,54,hitl
144,2026-04-18 18:00,retail_1,retail,0,,,,,,,,102.18,30.0,0.0,0.0,2.8,17.4587,54,hitl
145,2026-04-18 18:15,supplier_1,supplier,1,123.97,,,,,,,,,,,,,54,hitl
145,2026-04-18 18:15,farm_1,farm,1,,212.0,0.223,,,,,,,,,,,54,hitl
145,2026-04-18 18:15,slaughterhouse_1,slaughterhouse,0,,,,400.0,387.98,,,,,,,,,54,hitl
145,2026-04-18 18:15,wholesaler_1,wholesaler,0,,,,,,179.41,3.7,,,,,,,54,hitl
145,2026-04-18 18:15,retail_1,retail,0,,,,,,,,104.31,30.0,0.0,0.0,2.8,17.4587,54,hitl
146,2026-04-18 18:30,supplier_1,supplier,1,122.71,,,,,,,,,,,,,54,hitl
146,2026-04-18 18:30,farm_1,farm,1,,212.0,0.223,,,,,,,,,,,54,hitl
146,2026-04-18 18:30,slaughterhouse_1,slaughterhouse,0,,,,400.0,399.2,,,,,,,,,54,hitl
146,2026-04-18 18:30,wholesaler_1,wholesaler,0,,,,,,176.57,3.7,,,,,,,54,hitl
146,2026-04-18 18:30,retail_1,retail,0,,,,,,,,103.61,30.0,0.0,0.0,2.8,17.4587,54,hitl
147,2026-04-18 18:45,supplier_1,supplier,1,121.4,,,,,,,,,,,,,54,hitl
147,2026-04-18 18:45,farm_1,farm,1,,212.0,0.223,,,,,,,,,,,54,hitl
147,2026-04-18 18:45,slaughterhouse_1,slaughterhouse,0,,,,400.0,400.0,,,,,,,,,54,hitl
147,2026-04-18 18:45,wholesaler_1,wholesaler,0,,,,,,174.13,3.7,,,,,,,54,hitl
147,2026-04-18 18:45,retail_1,retail,0,,,,,,,,102.85,30.0,0.0,0.0,2.8,17.4587,54,hitl
148,2026-04-18 19:00,supplier_1,supplier,1,120.75,,,,,,,,,,,,,54,hitl
148,2026-04-18 19:00,farm_1,farm,1,,212.0,0.223,,,,,,,,,,,54,hitl
148,2026-04-18 19:00,slaughterhouse_1,slaughterhouse,0,,,,400.0,400.0,,,,,,,,,54,hitl
148,2026-04-18 19:00,wholesaler_1,wholesaler,0,,,,,,168.79,3.7,,,,,,,54,hitl
148,2026-04-18 19:00,retail_1,retail,0,,,,,,,,102.09,30.0,0.0,0.0,2.8,17.4587,54,hitl
149,2026-04-18 19:15,supplier_1,supplier,1,119.45,,,,,,,,,,,,,54,hitl
149,2026-04-18 19:15,farm_1,farm,1,,212.0,0.223,,,,,,,,,,,54,hitl
149,2026-04-18 19:15,slaughterhouse_1,slaughterhouse,0,,,,400.0,400.0,,,,,,,,,54,hitl
149,2026-04-18 19:15,wholesaler_1,wholesaler,0,,,,,,167.15,3.7,,,,,,,54,hitl
149,2026-04-18 19:15,retail_1,retail,0,,,,,,,,104.25,30.0,0.0,0.0,2.8,17.4587,54,hitl
150,2026-04-18 19:30,supplier_1,supplier,1,118.76,,,,,,,,,,,,,54,hitl
150,2026-04-18 19:30,farm_1,farm,1,,212.0,0.223,,,,,,,,,,,54,hitl
150,2026-04-18 19:30,slaughterhouse_1,slaughterhouse,0,,,,400.0,400.0,,,,,,,,,54,hitl
150,2026-04-18 19:30,wholesaler_1,wholesaler,0,,,,,,165.15,3.7,,,,,,,54,hitl
150,2026-04-18 19:30,retail_1,retail,0,,,,,,,,103.57,30.0,0.0,0.0,2.8,17.4587,54,hitl
151,2026-04-18 19:45,supplier_1,supplier,1,117.39,,,,,,,,,,,,,54,hitl
151,2026-04-18 19:45,farm_1,farm,1,,212.0,0.223,,,,,,,,,,,54,hitl
151,2026-04-18 19:45,slaughterhouse_1,slaughterhouse,0,,,,400.0,400.0,,,,,,,,,54,hitl
151,2026-04-18 19:45,wholesaler_1,wholesaler,0,,,,,,162.74,3.7,,,,,,,54,hitl
151,2026-04-18 19:45,retail_1,retail,0,,,,,,,,102.93,30.0,0.0,0.0,2.8,17.4587,54,hitl
152,2026-04-18 20:00,supplier_1,supplier,1,116.72,,,,,,,,,,,,,54,hitl
152,2026-04-18 20:00,farm_1,farm,1,,212.0,0.223,,,,,,,,,,,54,hitl
152,2026-04-18 20:00,slaughterhouse_1,slaughterhouse,0,,,,400.0,376.0,,,,,,,,,54,hitl
152,2026-04-18 20:00,wholesaler_1,wholesaler,0,,,,,,157.78,3.7,,,,,,,54,hitl
152,2026-04-18 20:00,retail_1,retail,0,,,,,,,,102.29,30.0,0.0,0.0,2.8,17.4587,54,hitl
153,2026-04-18 20:15,supplier_1,supplier,1,115.68,,,,,,,,,,,,,54,hitl
153,2026-04-18 20:15,farm_1,farm,1,,212.0,0.223,,,,,,,,,,,54,hitl
153,2026-04-18 20:15,slaughterhouse_1,slaughterhouse,1,,,,102.0,47.96,,,,,,,,,54,hitl
153,2026-04-18 20:15,wholesaler_1,wholesaler,0,,,,,,179.34,3.7,,,,,,,54,hitl
153,2026-04-18 20:15,retail_1,retail,0,,,,,,,,104.28,30.0,0.0,0.0,2.8,17.4587,54,hitl
154,2026-04-18 20:30,supplier_1,supplier,1,115.06,,,,,,,,,,,,,54,hitl
154,2026-04-18 20:30,farm_1,farm,1,,212.0,0.223,,,,,,,,,,,54,hitl
154,2026-04-18 20:30,slaughterhouse_1,slaughterhouse,1,,,,102.0,51.0,,,,,,,,,54,hitl
154,2026-04-18 20:30,wholesaler_1,wholesaler,0,,,,,,176.74,3.7,,,,,,,54,hitl
154,2026-04-18 20:30,retail_1,retail,0,,,,,,,,103.57,30.0,0.0,0.0,2.8,17.4587,54,hitl
155,2026-04-18 20:45,supplier_1,supplier,1,114.13,,,,,,,,,,,,,54,hitl
155,2026-04-18 20:45,farm_1,farm,1,,212.0,0.223,,,,,,,,,,,54,hitl
155,2026-04-18 20:45,slaughterhouse_1,slaughterhouse,1,,,,102.0,53.7,,,,,,,,,54,hitl
155,2026-04-18 20:45,wholesaler_1,wholesaler,0,,,,,,173.83,3.7,,,,,,,54,hitl
155,2026-04-18 20:45,retail_1,retail,0,,,,,,,,102.87,30.0,0.0,0.0,2.8,17.4587,54,hitl
156,2026-04-18 21:00,supplier_1,supplier,1,112.85,,,,,,,,,,,,,54,hitl
156,2026-04-18 21:00,farm_1,farm,1,,212.0,0.223,,,,,,,,,,,54,hitl
156,2026-04-18 21:00,slaughterhouse_1,slaughterhouse,1,,,,102.0,56.38,,,,,,,,,54,hitl
156,2026-04-18 21:00,wholesaler_1,wholesaler,0,,,,,,168.59,3.7,,,,,,,54,hitl
156,2026-04-18 21:00,retail_1,retail,0,,,,,,,,102.25,30.0,0.0,0.0,2.8,17.4587,54,hitl
157,2026-04-18 21:15,supplier_1,supplier,1,111.38,,,,,,,,,,,,,54,hitl
157,2026-04-18 21:15,farm_1,farm,1,,212.0,0.223,,,,,,,,,,,54,hitl
157,2026-04-18 21:15,slaughterhouse_1,slaughterhouse,1,,,,102.0,59.35,,,,,,,,,54,hitl
157,2026-04-18 21:15,wholesaler_1,wholesaler,0,,,,,,167.09,3.7,,,,,,,54,hitl
157,2026-04-18 21:15,retail_1,retail,0,,,,,,,,104.35,30.0,0.0,0.0,2.8,17.4587,54,hitl
158,2026-04-18 21:30,supplier_1,supplier,1,110.51,,,,,,,,,,,,,54,hitl
158,2026-04-18 21:30,farm_1,farm,1,,212.0,0.223,,,,,,,,,,,54,hitl
158,2026-04-18 21:30,slaughterhouse_1,slaughterhouse,1,,,,102.0,62.13,,,,,,,,,54,hitl
158,2026-04-18 21:30,wholesaler_1,wholesaler,0,,,,,,164.57,3.7,,,,,,,54,hitl
158,2026-04-18 21:30,retail_1,retail,0,,,,,,,,103.67,30.0,0.0,0.0,2.8,17.4587,54,hitl
159,2026-04-18 21:45,supplier_1,supplier,1,109.4,,,,,,,,,,,,,54,hitl
159,2026-04-18 21:45,farm_1,farm,1,,212.0,0.223,,,,,,,,,,,54,hitl
159,2026-04-18 21:45,slaughterhouse_1,slaughterhouse,1,,,,102.0,65.08,,,,,,,,,54,hitl
159,2026-04-18 21:45,wholesaler_1,wholesaler,0,,,,,,162.88,3.7,,,,,,,54,hitl
159,2026-04-18 21:45,retail_1,retail,0,,,,,,,,102.94,30.0,0.0,0.0,2.8,17.4587,54,hitl
160,2026-04-18 22:00,supplier_1,supplier,1,108.62,,,,,,,,,,,,,54,hitl
160,2026-04-18 22:00,farm_1,farm,1,,212.0,0.223,,,,,,,,,,,54,hitl
160,2026-04-18 22:00,slaughterhouse_1,slaughterhouse,1,,,,102.0,63.43,,,,,,,,,54,hitl
160,2026-04-18 22:00,wholesaler_1,wholesaler,0,,,,,,157.45,3.7,,,,,,,54,hitl
160,2026-04-18 22:00,retail_1,retail,0,,,,,,,,102.26,30.0,0.0,0.0,2.8,17.4587,54,hitl
161,2026-04-18 22:15,supplier_1,supplier,1,107.49,,,,,,,,,,,,,54,hitl
161,2026-04-18 22:15,farm_1,farm,1,,212.0,0.223,,,,,,,,,,,54,hitl
161,2026-04-18 22:15,slaughterhouse_1,slaughterhouse,1,,,,102.0,66.24,,,,,,,,,54,hitl
161,2026-04-18 22:15,wholesaler_1,wholesaler,0,,,,,,159.88,3.7,,,,,,,54,hitl
161,2026-04-18 22:15,retail_1,retail,0,,,,,,,,104.26,30.0,0.0,0.0,2.8,17.4587,54,hitl
162,2026-04-18 22:30,supplier_1,supplier,1,106.09,,,,,,,,,,,,,54,hitl
162,2026-04-18 22:30,farm_1,farm,1,,212.0,0.223,,,,,,,,,,,54,hitl
162,2026-04-18 22:30,slaughterhouse_1,slaughterhouse,1,,,,102.0,69.01,,,,,,,,,54,hitl
162,2026-04-18 22:30,wholesaler_1,wholesaler,0,,,,,,157.19,3.7,,,,,,,54,hitl
162,2026-04-18 22:30,retail_1,retail,0,,,,,,,,103.6,30.0,0.0,0.0,2.8,17.4587,54,hitl
163,2026-04-18 22:45,supplier_1,supplier,1,105.56,,,,,,,,,,,,,54,hitl
163,2026-04-18 22:45,farm_1,farm,1,,212.0,0.223,,,,,,,,,,,54,hitl
163,2026-04-18 22:45,slaughterhouse_1,slaughterhouse,1,,,,102.0,71.8,,,,,,,,,54,hitl
163,2026-04-18 22:45,wholesaler_1,wholesaler,0,,,,,,155.52,3.7,,,,,,,54,hitl
163,2026-04-18 22:45,retail_1,retail,0,,,,,,,,102.96,30.0,0.0,0.0,2.8,17.4587,54,hitl
164,2026-04-18 23:00,supplier_1,supplier,1,104.12,,,,,,,,,,,,,54,hitl
164,2026-04-18 23:00,farm_1,farm,1,,212.0,0.223,,,,,,,,,,,54,hitl
164,2026-04-18 23:00,slaughterhouse_1,slaughterhouse,1,,,,102.0,74.41,,,,,,,,,54,hitl
164,2026-04-18 23:00,wholesaler_1,wholesaler,0,,,,,,151.11,3.7,,,,,,,54,hitl
164,2026-04-18 23:00,retail_1,retail,0,,,,,,,,102.24,30.0,0.0,0.0,2.8,17.4587,54,hitl
165,2026-04-18 23:15,supplier_1,supplier,1,103.48,,,,,,,,,,,,,54,hitl
165,2026-04-18 23:15,farm_1,farm,1,,212.0,0.223,,,,,,,,,,,54,hitl
165,2026-04-18 23:15,slaughterhouse_1,slaughterhouse,1,,,,102.0,77.31,,,,,,,,,54,hitl
165,2026-04-18 23:15,wholesaler_1,wholesaler,0,,,,,,149.06,3.7,,,,,,,54,hitl
165,2026-04-18 23:15,retail_1,retail,0,,,,,,,,104.37,30.0,0.0,0.0,2.8,17.4587,54,hitl
166,2026-04-18 23:30,supplier_1,supplier,1,102.75,,,,,,,,,,,,,54,hitl
166,2026-04-18 23:30,farm_1,farm,1,,212.0,0.223,,,,,,,,,,,54,hitl
166,2026-04-18 23:30,slaughterhouse_1,slaughterhouse,1,,,,102.0,80.36,,,,,,,,,54,hitl
166,2026-04-18 23:30,wholesaler_1,wholesaler,0,,,,,,146.52,3.7,,,,,,,54,hitl
166,2026-04-18 23:30,retail_1,retail,0,,,,,,,,103.7,30.0,0.0,0.0,2.8,17.4587,54,hitl
167,2026-04-18 23:45,supplier_1,supplier,1,101.31,,,,,,,,,,,,,54,hitl
167,2026-04-18 23:45,farm_1,farm,1,,212.0,0.223,,,,,,,,,,,54,hitl
167,2026-04-18 23:45,slaughterhouse_1,slaughterhouse,1,,,,102.0,82.97,,,,,,,,,54,hitl
167,2026-04-18 23:45,wholesaler_1,wholesaler,0,,,,,,144.29,3.7,,,,,,,54,hitl
167,2026-04-18 23:45,retail_1,retail,0,,,,,,,,102.95,30.0,0.0,0.0,2.8,17.4587,54,hitl
168,2026-04-19 00:00,supplier_1,supplier,1,100.08,,,,,,,,,,,,,54,hitl
168,2026-04-19 00:00,farm_1,farm,1,,212.0,0.223,,,,,,,,,,,54,hitl
168,2026-04-19 00:00,slaughterhouse_1,slaughterhouse,1,,,,102.0,81.51,,,,,,,,,54,hitl
168,2026-04-19 00:00,wholesaler_1,wholesaler,0,,,,,,140.0,3.7,,,,,,,54,hitl
168,2026-04-19 00:00,retail_1,retail,0,,,,,,,,102.28,30.0,0.0,0.0,2.8,17.4587,54,hitl
169,2026-04-19 00:15,supplier_1,supplier,1,99.58,,,,,,,,,,,,,54,hitl
169,2026-04-19 00:15,farm_1,farm,1,,212.0,0.223,,,,,,,,,,,54,hitl
169,2026-04-19 00:15,slaughterhouse_1,slaughterhouse,1,,,,102.0,84.2,,,,,,,,,54,hitl
169,2026-04-19 00:15,wholesaler_1,wholesaler,0,,,,,,141.79,3.7,,,,,,,54,hitl
169,2026-04-19 00:15,retail_1,retail,0,,,,,,,,104.36,30.0,0.0,0.0,2.8,17.4587,54,hitl
170,2026-04-19 00:30,supplier_1,supplier,1,98.09,,,,,,,,,,,,,54,hitl
170,2026-04-19 00:30,farm_1,farm,1,,212.0,0.223,,,,,,,,,,,54,hitl
170,2026-04-19 00:30,slaughterhouse_1,slaughterhouse,1,,,,102.0,86.96,,,,,,,,,54,hitl
170,2026-04-19 00:30,wholesaler_1,wholesaler,0,,,,,,139.38,3.7,,,,,,,54,hitl
170,2026-04-19 00:30,retail_1,retail,0,,,,,,,,103.72,30.0,0.0,0.0,2.8,17.4587,54,hitl
171,2026-04-19 00:45,supplier_1,supplier,1,97.11,,,,,,,,,,,,,54,hitl
171,2026-04-19 00:45,farm_1,farm,1,,212.0,0.223,,,,,,,,,,,54,hitl
171,2026-04-19 00:45,slaughterhouse_1,slaughterhouse,1,,,,102.0,89.71,,,,,,,,,54,hitl
171,2026-04-19 00:45,wholesaler_1,wholesaler,0,,,,,,137.04,3.7,,,,,,,54,hitl
171,2026-04-19 00:45,retail_1,retail,0,,,,,,,,103.06,30.0,0.0,0.0,2.8,17.4587,54,hitl
172,2026-04-19 01:00,supplier_1,supplier,1,95.78,,,,,,,,,,,,,54,hitl
172,2026-04-19 01:00,farm_1,farm,1,,212.0,0.223,,,,,,,,,,,54,hitl
172,2026-04-19 01:00,slaughterhouse_1,slaughterhouse,1,,,,102.0,92.46,,,,,,,,,54,hitl
172,2026-04-19 01:00,wholesaler_1,wholesaler,0,,,,,,132.31,3.7,,,,,,,54,hitl
172,2026-04-19 01:00,retail_1,retail,0,,,,,,,,102.44,30.0,0.0,0.0,2.8,17.4587,54,hitl
173,2026-04-19 01:15,supplier_1,supplier,1,94.48,,,,,,,,,,,,,54,hitl
173,2026-04-19 01:15,farm_1,farm,1,,212.0,0.223,,,,,,,,,,,54,hitl
173,2026-04-19 01:15,slaughterhouse_1,slaughterhouse,1,,,,102.0,95.43,,,,,,,,,54,hitl
173,2026-04-19 01:15,wholesaler_1,wholesaler,0,,,,,,129.34,3.7,,,,,,,54,hitl
173,2026-04-19 01:15,retail_1,retail,0,,,,,,,,104.37,30.0,0.0,0.0,2.8,17.4587,54,hitl
174,2026-04-19 01:30,supplier_1,supplier,1,93.03,,,,,,,,,,,,,54,hitl
174,2026-04-19 01:30,farm_1,farm,1,,212.0,0.223,,,,,,,,,,,54,hitl
174,2026-04-19 01:30,slaughterhouse_1,slaughterhouse,1,,,,102.0,98.25,,,,,,,,,54,hitl
174,2026-04-19 01:30,wholesaler_1,wholesaler,0,,,,,,126.41,3.7,,,,,,,54,hitl
174,2026-04-19 01:30,retail_1,retail,0,,,,,,,,103.64,30.0,0.0,0.0,2.8,17.4587,54,hitl
175,2026-04-19 01:45,supplier_1,supplier,1,92.4,,,,,,,,,,,,,54,hitl
175,2026-04-19 01:45,farm_1,farm,1,,212.0,0.223,,,,,,,,,,,54,hitl
175,2026-04-19 01:45,slaughterhouse_1,slaughterhouse,1,,,,102.0,101.31,,,,,,,,,54,hitl
175,2026-04-19 01:45,wholesaler_1,wholesaler,0,,,,,,124.1,3.7,,,,,,,54,hitl
175,2026-04-19 01:45,retail_1,retail,0,,,,,,,,102.98,30.0,0.0,0.0,2.8,17.4587,54,hitl
176,2026-04-19 02:00,supplier_1,supplier,1,91.33,,,,,,,,,,,,,54,hitl
176,2026-04-19 02:00,farm_1,farm,1,,212.0,0.223,,,,,,,,,,,54,hitl
176,2026-04-19 02:00,slaughterhouse_1,slaughterhouse,1,,,,102.0,99.74,,,,,,,,,54,hitl
176,2026-04-19 02:00,wholesaler_1,wholesaler,0,,,,,,119.63,3.7,,,,,,,54,hitl
176,2026-04-19 02:00,retail_1,retail,0,,,,,,,,102.21,30.0,0.0,0.0,2.8,17.4587,54,hitl
177,2026-04-19 02:15,supplier_1,supplier,1,90.64,,,,,,,,,,,,,54,hitl
177,2026-04-19 02:15,farm_1,farm,1,,212.0,0.223,,,,,,,,,,,54,hitl
177,2026-04-19 02:15,slaughterhouse_1,slaughterhouse,1,,,,102.0,102.59,,,,,,,,,54,hitl
177,2026-04-19 02:15,wholesaler_1,wholesaler,0,,,,,,122.41,3.7,,,,,,,54,hitl
177,2026-04-19 02:15,retail_1,retail,0,,,,,,,,104.34,30.0,0.0,0.0,2.8,17.4587,54,hitl
178,2026-04-19 02:30,supplier_1,supplier,1,89.92,,,,,,,,,,,,,54,hitl
178,2026-04-19 02:30,farm_1,farm,1,,212.0,0.223,,,,,,,,,,,54,hitl
178,2026-04-19 02:30,slaughterhouse_1,slaughterhouse,1,,,,102.0,105.6,,,,,,,,,54,hitl
178,2026-04-19 02:30,wholesaler_1,wholesaler,0,,,,,,120.72,3.7,,,,,,,54,hitl
178,2026-04-19 02:30,retail_1,retail,0,,,,,,,,103.69,30.0,0.0,0.0,2.8,17.4587,54,hitl
179,2026-04-19 02:45,supplier_1,supplier,1,88.48,,,,,,,,,,,,,54,hitl
179,2026-04-19 02:45,farm_1,farm,1,,212.0,0.223,,,,,,,,,,,54,hitl
179,2026-04-19 02:45,slaughterhouse_1,slaughterhouse,1,,,,102.0,108.3,,,,,,,,,54,hitl
179,2026-04-19 02:45,wholesaler_1,wholesaler,0,,,,,,118.69,3.7,,,,,,,54,hitl
179,2026-04-19 02:45,retail_1,retail,0,,,,,,,,103.02,30.0,0.0,0.0,2.8,17.4587,54,hitl
180,2026-04-19 03:00,supplier_1,supplier,1,87.87,,,,,,,,,,,,,54,hitl
180,2026-04-19 03:00,farm_1,farm,1,,212.0,0.223,,,,,,,,,,,54,hitl
180,2026-04-19 03:00,slaughterhouse_1,slaughterhouse,1,,,,102.0,111.21,,,,,,,,,54,hitl
180,2026-04-19 03:00,wholesaler_1,wholesaler,0,,,,,,113.4,3.7,,,,,,,54,hitl
180,2026-04-19 03:00,retail_1,retail,0,,,,,,,,102.28,30.0,0.0,0.0,2.8,17.4587,54,hitl
181,2026-04-19 03:15,supplier_1,supplier,1,86.49,,,,,,,,,,,,,54,hitl
181,2026-04-19 03:15,farm_1,farm,1,,212.0,0.223,,,,,,,,,,,54,hitl
181,2026-04-19 03:15,slaughterhouse_1,slaughterhouse,1,,,,102.0,114.02,,,,,,,,,54,hitl
181,2026-04-19 03:15,wholesaler_1,wholesaler,0,,,,,,111.09,3.7,,,,,,,54,hitl
181,2026-04-19 03:15,retail_1,retail,0,,,,,,,,104.34,30.0,0.0,0.0,2.8,17.4587,54,hitl
182,2026-04-19 03:30,supplier_1,supplier,1,85.23,,,,,,,,,,,,,54,hitl
182,2026-04-19 03:30,farm_1,farm,1,,212.0,0.223,,,,,,,,,,,54,hitl
182,2026-04-19 03:30,slaughterhouse_1,slaughterhouse,1,,,,102.0,116.76,,,,,,,,,54,hitl
182,2026-04-19 03:30,wholesaler_1,wholesaler,0,,,,,,108.26,3.7,,,,,,,54,hitl
182,2026-04-19 03:30,retail_1,retail,0,,,,,,,,103.71,30.0,0.0,0.0,2.8,17.4587,54,hitl
183,2026-04-19 03:45,supplier_1,supplier,1,84.69,,,,,,,,,,,,,54,hitl
183,2026-04-19 03:45,farm_1,farm,1,,212.0,0.223,,,,,,,,,,,54,hitl
183,2026-04-19 03:45,slaughterhouse_1,slaughterhouse,1,,,,102.0,119.76,,,,,,,,,54,hitl
183,2026-04-19 03:45,wholesaler_1,wholesaler,0,,,,,,106.42,3.7,,,,,,,54,hitl
183,2026-04-19 03:45,retail_1,retail,0,,,,,,,,103.08,30.0,0.0,0.0,2.8,17.4587,54,hitl
184,2026-04-19 04:00,supplier_1,supplier,1,83.75,,,,,,,,,,,,,54,hitl
184,2026-04-19 04:00,farm_1,farm,1,,212.0,0.223,,,,,,,,,,,54,hitl
184,2026-04-19 04:00,slaughterhouse_1,slaughterhouse,1,,,,102.0,118.45,,,,,,,,,54,hitl
184,2026-04-19 04:00,wholesaler_1,wholesaler,0,,,,,,101.11,3.7,,,,,,,54,hitl
184,2026-04-19 04:00,retail_1,retail,0,,,,,,,,102.44,30.0,0.0,0.0,2.8,17.4587,54,hitl
185,2026-04-19 04:15,supplier_1,supplier,1,83.22,,,,,,,,,,,,,54,hitl
185,2026-04-19 04:15,farm_1,farm,1,,212.0,0.223,,,,,,,,,,,54,hitl
185,2026-04-19 04:15,slaughterhouse_1,slaughterhouse,1,,,,102.0,121.5,,,,,,,,,54,hitl
185,2026-04-19 04:15,wholesaler_1,wholesaler,0,,,,,,103.89,3.7,,,,,,,54,hitl
185,2026-04-19 04:15,retail_1,retail,0,,,,,,,,104.35,30.0,0.0,0.0,2.8,17.4587,54,hitl
186,2026-04-19 04:30,supplier_1,supplier,1,82.18,,,,,,,,,,,,,54,hitl
186,2026-04-19 04:30,farm_1,farm,1,,212.0,0.223,,,,,,,,,,,54,hitl
186,2026-04-19 04:30,slaughterhouse_1,slaughterhouse,1,,,,102.0,124.25,,,,,,,,,54,hitl
186,2026-04-19 04:30,wholesaler_1,wholesaler,0,,,,,,101.81,3.7,,,,,,,54,hitl
186,2026-04-19 04:30,retail_1,retail,0,,,,,,,,103.59,30.0,0.0,0.0,2.8,17.4587,54,hitl
187,2026-04-19 04:45,supplier_1,supplier,1,81.54,,,,,,,,,,,,,54,hitl
187,2026-04-19 04:45,farm_1,farm,1,,212.0,0.223,,,,,,,,,,,54,hitl
187,2026-04-19 04:45,slaughterhouse_1,slaughterhouse,1,,,,102.0,126.89,,,,,,,,,54,hitl
187,2026-04-19 04:45,wholesaler_1,wholesaler,0,,,,,,99.96,3.7,,,,,,,54,hitl
187,2026-04-19 04:45,retail_1,retail,0,,,,,,,,102.93,30.0,0.0,0.0,2.8,17.4587,54,hitl
188,2026-04-19 05:00,supplier_1,supplier,1,80.52,,,,,,,,,,,,,54,hitl
188,2026-04-19 05:00,farm_1,farm,1,,212.0,0.223,,,,,,,,,,,54,hitl
188,2026-04-19 05:00,slaughterhouse_1,slaughterhouse,1,,,,102.0,129.86,,,,,,,,,54,hitl
188,2026-04-19 05:00,wholesaler_1,wholesaler,0,,,,,,94.25,3.7,,,,,,,54,hitl
188,2026-04-19 05:00,retail_1,retail,0,,,,,,,,102.16,30.0,0.0,0.0,2.8,17.4587,54,hitl
189,2026-04-19 05:15,supplier_1,supplier,1,79.34,,,,,,,,,,,,,54,hitl
189,2026-04-19 05:15,farm_1,farm,1,,212.0,0.223,,,,,,,,,,,54,hitl
189,2026-04-19 05:15,slaughterhouse_1,slaughterhouse,1,,,,102.0,132.87,,,,,,,,,54,hitl
189,2026-04-19 05:15,wholesaler_1,wholesaler,0,,,,,,92.63,3.7,,,,,,,54,hitl
189,2026-04-19 05:15,retail_1,retail,0,,,,,,,,104.37,30.0,0.0,0.0,2.8,17.4587,54,hitl
190,2026-04-19 05:30,supplier_1,supplier,1,78.07,,,,,,,,,,,,,54,hitl
190,2026-04-19 05:30,farm_1,farm,1,,212.0,0.223,,,,,,,,,,,54,hitl
190,2026-04-19 05:30,slaughterhouse_1,slaughterhouse,1,,,,102.0,135.74,,,,,,,,,54,hitl
190,2026-04-19 05:30,wholesaler_1,wholesaler,0,,,,,,90.31,3.7,,,,,,,54,hitl
190,2026-04-19 05:30,retail_1,retail,0,,,,,,,,103.63,30.0,0.0,0.0,2.8,17.4587,54,hitl
191,2026-04-19 05:45,supplier_1,supplier,1,76.58,,,,,,,,,,,,,54,hitl
191,2026-04-19 05:45,farm_1,farm,1,,212.0,0.223,,,,,,,,,,,54,hitl
191,2026-04-19 05:45,slaughterhouse_1,slaughterhouse,1,,,,102.0,138.61,,,,,,,,,54,hitl
191,2026-04-19 05:45,wholesaler_1,wholesaler,0,,,,,,88.54,3.7,,,,,,,54,hitl
191,2026-04-19 05:45,retail_1,retail,0,,,,,,,,102.91,30.0,0.0,0.0,2.8,17.4587,54,hitl
192,2026-04-19 06:00,supplier_1,supplier,1,75.5,,,,,,,,,,,,,54,hitl
192,2026-04-19 06:00,farm_1,farm,1,,222.6,0.223,,,,,,,,,,,54,hitl
192,2026-04-19 06:00,slaughterhouse_1,slaughterhouse,1,,,,102.0,136.9,,,,,,,,,54,hitl
192,2026-04-19 06:00,wholesaler_1,wholesaler,1,,,,,,83.58,3.7,,,,,,,54,hitl
192,2026-04-19 06:00,retail_1,retail,0,,,,,,,,102.2,30.0,0.0,0.0,2.8,17.4587,54,hitl
193,2026-04-19 06:15,supplier_1,supplier,1,74.99,,,,,,,,,,,,,54,hitl
193,2026-04-19 06:15,farm_1,farm,1,,222.6,0.223,,,,,,,,,,,54,hitl
193,2026-04-19 06:15,slaughterhouse_1,slaughterhouse,1,,,,102.0,139.74,,,,,,,,,54,hitl
193,2026-04-19 06:15,wholesaler_1,wholesaler,1,,,,,,86.09,3.7,,,,,,,54,hitl
193,2026-04-19 06:15,retail_1,retail,0,,,,,,,,104.23,30.0,0.0,0.0,2.8,17.4587,54,hitl
194,2026-04-19 06:30,supplier_1,supplier,1,74.47,,,,,,,,,,,,,54,hitl
194,2026-04-19 06:30,farm_1,farm,1,,222.6,0.223,,,,,,,,,,,54,hitl
194,2026-04-19 06:30,slaughterhouse_1,slaughterhouse,1,,,,102.0,142.67,,,,,,,,,54,hitl
194,2026-04-19 06:30,wholesaler_1,wholesaler,1,,,,,,83.62,3.7,,,,,,,54,hitl
194,2026-04-19 06:30,retail_1,retail,0,,,,,,,,103.48,30.0,0.0,0.0,2.8,17.4587,54,hitl
195,2026-04-19 06:45,supplier_1,supplier,1,73.63,,,,,,,,,,,,,54,hitl
195,2026-04-19 06:45,farm_1,farm,1,,222.6,0.223,,,,,,,,,,,54,hitl
195,2026-04-19 06:45,slaughterhouse_1,slaughterhouse,1,,,,102.0,145.3,,,,,,,,,54,hitl
195,2026-04-19 06:45,wholesaler_1,wholesaler,1,,,,,,82.11,3.7,,,,,,,54,hitl
195,2026-04-19 06:45,retail_1,retail,0,,,,,,,,102.76,30.0,0.0,0.0,2.8,17.4587,54,hitl
196,2026-04-19 07:00,supplier_1,supplier,1,72.26,,,,,,,,,,,,,54,hitl
196,2026-04-19 07:00,farm_1,farm,1,,222.6,0.223,,,,,,,,,,,54,hitl
196,2026-04-19 07:00,slaughterhouse_1,slaughterhouse,1,,,,102.0,147.98,,,,,,,,,54,hitl
196,2026-04-19 07:00,wholesaler_1,wholesaler,1,,,,,,77.27,3.7,,,,,,,54,hitl
196,2026-04-19 07:00,retail_1,retail,0,,,,,,,,102.13,30.0,0.0,0.0,2.8,17.4587,54,hitl
197,2026-04-19 07:15,supplier_1,supplier,1,71.16,,,,,,,,,,,,,54,hitl
197,2026-04-19 07:15,farm_1,farm,1,,222.6,0.223,,,,,,,,,,,54,hitl
197,2026-04-19 07:15,slaughterhouse_1,slaughterhouse,1,,,,102.0,150.73,,,,,,,,,54,hitl
197,2026-04-19 07:15,wholesaler_1,wholesaler,1,,,,,,74.95,3.7,,,,,,,54,hitl
197,2026-04-19 07:15,retail_1,retail,0,,,,,,,,104.38,30.0,0.0,0.0,2.8,17.4587,54,hitl
198,2026-04-19 07:30,supplier_1,supplier,1,70.22,,,,,,,,,,,,,54,hitl
198,2026-04-19 07:30,farm_1,farm,1,,222.6,0.223,,,,,,,,,,,54,hitl
198,2026-04-19 07:30,slaughterhouse_1,slaughterhouse,1,,,,102.0,153.38,,,,,,,,,54,hitl
198,2026-04-19 07:30,wholesaler_1,wholesaler,1,,,,,,72.69,3.7,,,,,,,54,hitl
198,2026-04-19 07:30,retail_1,retail,0,,,,,,,,103.65,30.0,0.0,0.0,2.8,17.4587,54,hitl
199,2026-04-19 07:45,supplier_1,supplier,1,69.17,,,,,,,,,,,,,54,hitl
199,2026-04-19 07:45,farm_1,farm,1,,222.6,0.223,,,,,,,,,,,54,hitl
199,2026-04-19 07:45,slaughterhouse_1,slaughterhouse,1,,,,102.0,156.12,,,,,,,,,54,hitl
199,2026-04-19 07:45,wholesaler_1,wholesaler,1,,,,,,69.92,3.7,,,,,,,54,hitl
199,2026-04-19 07:45,retail_1,retail,0,,,,,,,,102.89,30.0,0.0,0.0,2.8,17.4587,54,hitl
200,2026-04-19 08:00,supplier_1,supplier,1,68.51,,,,,,,,,,,,,54,hitl
200,2026-04-19 08:00,farm_1,farm,1,,222.6,0.223,,,,,,,,,,,54,hitl
200,2026-04-19 08:00,slaughterhouse_1,slaughterhouse,1,,,,102.0,154.71,,,,,,,,,54,hitl
200,2026-04-19 08:00,wholesaler_1,wholesaler,1,,,,,,64.48,3.7,,,,,,,54,hitl
200,2026-04-19 08:00,retail_1,retail,0,,,,,,,,102.25,30.0,0.0,0.0,2.8,17.4587,54,hitl
201,2026-04-19 08:15,supplier_1,supplier,1,67.18,,,,,,,,,,,,,54,hitl
201,2026-04-19 08:15,farm_1,farm,1,,222.6,0.223,,,,,,,,,,,54,hitl
201,2026-04-19 08:15,slaughterhouse_1,slaughterhouse,1,,,,102.0,157.33,,,,,,,,,54,hitl
201,2026-04-19 08:15,wholesaler_1,wholesaler,1,,,,,,66.79,3.7,,,,,,,54,hitl
201,2026-04-19 08:15,retail_1,retail,0,,,,,,,,104.37,30.0,0.0,0.0,2.8,17.4587,54,hitl
202,2026-04-19 08:30,supplier_1,supplier,1,65.68,,,,,,,,,,,,,54,hitl
202,2026-04-19 08:30,farm_1,farm,1,,222.6,0.223,,,,,,,,,,,54,hitl
202,2026-04-19 08:30,slaughterhouse_1,slaughterhouse,1,,,,102.0,160.31,,,,,,,,,54,hitl
202,2026-04-19 08:30,wholesaler_1,wholesaler,1,,,,,,64.95,3.7,,,,,,,54,hitl
202,2026-04-19 08:30,retail_1,retail,0,,,,,,,,103.72,30.0,0.0,0.0,2.8,17.4587,54,hitl
203,2026-04-19 08:45,supplier_1,supplier,1,64.23,,,,,,,,,,,,,54,hitl
203,2026-04-19 08:45,farm_1,farm,1,,222.6,0.223,,,,,,,,,,,54,hitl
203,2026-04-19 08:45,slaughterhouse_1,slaughterhouse,1,,,,102.0,162.95,,,,,,,,,54,hitl
203,2026-04-19 08:45,wholesaler_1,wholesaler,1,,,,,,62.96,3.7,,,,,,,54,hitl
203,2026-04-19 08:45,retail_1,retail,0,,,,,,,,102.95,30.0,0.0,0.0,2.8,17.4587,54,hitl
204,2026-04-19 09:00,supplier_1,supplier,1,63.11,,,,,,,,,,,,,54,hitl
204,2026-04-19 09:00,farm_1,farm,1,,222.6,0.223,,,,,,,,,,,54,hitl
204,2026-04-19 09:00,slaughterhouse_1,slaughterhouse,1,,,,102.0,165.74,,,,,,,,,54,hitl
204,2026-04-19 09:00,wholesaler_1,wholesaler,1,,,,,,57.28,3.7,,,,,,,54,hitl
204,2026-04-19 09:00,retail_1,retail,0,,,,,,,,102.23,30.0,0.0,0.0,2.8,17.4587,54,hitl
205,2026-04-19 09:15,supplier_1,supplier,1,62.28,,,,,,,,,,,,,54,hitl
205,2026-04-19 09:15,farm_1,farm,1,,222.6,0.223,,,,,,,,,,,54,hitl
205,2026-04-19 09:15,slaughterhouse_1,slaughterhouse,1,,,,102.0,168.35,,,,,,,,,54,hitl
205,2026-04-19 09:15,wholesaler_1,wholesaler,1,,,,,,55.57,3.7,,,,,,,54,hitl
205,2026-04-19 09:15,retail_1,retail,0,,,,,,,,104.22,30.0,0.0,0.0,2.8,17.4587,54,hitl
206,2026-04-19 09:30,supplier_1,supplier,1,61.42,,,,,,,,,,,,,54,hitl
206,2026-04-19 09:30,farm_1,farm,1,,222.6,0.223,,,,,,,,,,,54,hitl
206,2026-04-19 09:30,slaughterhouse_1,slaughterhouse,1,,,,102.0,171.37,,,,,,,,,54,hitl
206,2026-04-19 09:30,wholesaler_1,wholesaler,1,,,,,,52.87,3.7,,,,,,,54,hitl
206,2026-04-19 09:30,retail_1,retail,0,,,,,,,,103.47,30.0,0.0,0.0,2.8,17.4587,54,hitl
207,2026-04-19 09:45,supplier_1,supplier,1,60.12,,,,,,,,,,,,,54,hitl
207,2026-04-19 09:45,farm_1,farm,1,,222.6,0.223,,,,,,,,,,,54,hitl
207,2026-04-19 09:45,slaughterhouse_1,slaughterhouse,1,,,,102.0,174.36,,,,,,,,,54,hitl
207,2026-04-19 09:45,wholesaler_1,wholesaler,1,,,,,,50.59,3.7,,,,,,,54,hitl
207,2026-04-19 09:45,retail_1,retail,0,,,,,,,,102.79,30.0,0.0,0.0,2.8,17.4587,54,hitl
208,2026-04-19 10:00,supplier_1,supplier,1,59.18,,,,,,,,,,,,,54,hitl
208,2026-04-19 10:00,farm_1,farm,1,,222.6,0.223,,,,,,,,,,,54,hitl
208,2026-04-19 10:00,slaughterhouse_1,slaughterhouse,1,,,,102.0,172.68,,,,,,,,,54,hitl
208,2026-04-19 10:00,wholesaler_1,wholesaler,1,,,,,,45.32,3.7,,,,,,,54,hitl
208,2026-04-19 10:00,retail_1,retail,0,,,,,,,,102.13,30.0,0.0,0.0,2.8,17.4587,54,hitl
209,2026-04-19 10:15,supplier_1,supplier,1,58.21,,,,,,,,,,,,,54,hitl
209,2026-04-19 10:15,farm_1,farm,1,,222.6,0.223,,,,,,,,,,,54,hitl
209,2026-04-19 10:15,slaughterhouse_1,slaughterhouse,1,,,,102.0,175.53,,,,,,,,,54,hitl
209,2026-04-19 10:15,wholesaler_1,wholesaler,1,,,,,,46.96,3.7,,,,,,,54,hitl
209,2026-04-19 10:15,retail_1,retail,0,,,,,,,,104.27,30.0,0.0,0.0,2.8,17.4587,54,hitl
210,2026-04-19 10:30,supplier_1,supplier,1,57.57,,,,,,,,,,,,,54,hitl
210,2026-04-19 10:30,farm_1,farm,1,,222.6,0.223,,,,,,,,,,,54,hitl
210,2026-04-19 10:30,slaughterhouse_1,slaughterhouse,1,,,,102.0,178.34,,,,,,,,,54,hitl
210,2026-04-19 10:30,wholesaler_1,wholesaler,1,,,,,,44.33,3.7,,,,,,,54,hitl
210,2026-04-19 10:30,retail_1,retail,0,,,,,,,,103.51,30.0,0.0,0.0,2.8,17.4587,54,hitl
211,2026-04-19 10:45,supplier_1,supplier,1,56.81,,,,,,,,,,,,,54,hitl
211,2026-04-19 10:45,farm_1,farm,1,,222.6,0.223,,,,,,,,,,,54,hitl
211,2026-04-19 10:45,slaughterhouse_1,slaughterhouse,1,,,,102.0,181.09,,,,,,,,,54,hitl
211,2026-04-19 10:45,wholesaler_1,wholesaler,1,,,,,,41.44,3.7,,,,,,,54,hitl
211,2026-04-19 10:45,retail_1,retail,0,,,,,,,,102.77,30.0,0.0,0.0,2.8,17.4587,54,hitl
212,2026-04-19 11:00,supplier_1,supplier,1,56.05,,,,,,,,,,,,,54,hitl
212,2026-04-19 11:00,farm_1,farm,1,,222.6,0.223,,,,,,,,,,,54,hitl
212,2026-04-19 11:00,slaughterhouse_1,slaughterhouse,1,,,,102.0,183.95,,,,,,,,,54,hitl
212,2026-04-19 11:00,wholesaler_1,wholesaler,1,,,,,,35.77,3.7,,,,,,,54,hitl
212,2026-04-19 11:00,retail_1,retail,0,,,,,,,,101.99,30.0,0.0,0.0,2.8,17.4587,54,hitl
213,2026-04-19 11:15,supplier_1,supplier,1,54.82,,,,,,,,,,,,,54,hitl
213,2026-04-19 11:15,farm_1,farm,1,,222.6,0.223,,,,,,,,,,,54,hitl
213,2026-04-19 11:15,slaughterhouse_1,slaughterhouse,1,,,,102.0,186.85,,,,,,,,,54,hitl
213,2026-04-19 11:15,wholesaler_1,wholesaler,1,,,,,,33.3,3.7,,,,,,,54,hitl
213,2026-04-19 11:15,retail_1,retail,0,,,,,,,,104.22,30.0,0.0,0.0,2.8,17.4587,54,hitl
214,2026-04-19 11:30,supplier_1,supplier,1,53.34,,,,,,,,,,,,,54,hitl
214,2026-04-19 11:30,farm_1,farm,1,,222.6,0.223,,,,,,,,,,,54,hitl
214,2026-04-19 11:30,slaughterhouse_1,slaughterhouse,1,,,,102.0,189.6,,,,,,,,,54,hitl
214,2026-04-19 11:30,wholesaler_1,wholesaler,1,,,,,,30.9,3.7,,,,,,,54,hitl
214,2026-04-19 11:30,retail_1,retail,0,,,,,,,,103.45,30.0,0.0,0.0,2.8,17.4587,54,hitl
215,2026-04-19 11:45,supplier_1,supplier,1,52.66,,,,,,,,,,,,,54,hitl
215,2026-04-19 11:45,farm_1,farm,1,,222.6,0.223,,,,,,,,,,,54,hitl
215,2026-04-19 11:45,slaughterhouse_1,slaughterhouse,1,,,,102.0,192.63,,,,,,,,,54,hitl
215,2026-04-19 11:45,wholesaler_1,wholesaler,1,,,,,,28.55,3.7,,,,,,,54,hitl
215,2026-04-19 11:45,retail_1,retail,0,,,,,,,,102.74,30.0,0.0,0.0,2.8,17.4587,54,hitl
216,2026-04-19 12:00,supplier_1,supplier,1,51.55,,,,,,,,,,,,,54,hitl
216,2026-04-19 12:00,farm_1,farm,1,,222.6,0.223,,,,,,,,,,,54,hitl
216,2026-04-19 12:00,slaughterhouse_1,slaughterhouse,1,,,,102.0,191.22,,,,,,,,,54,hitl
216,2026-04-19 12:00,wholesaler_1,wholesaler,1,,,,,,26.99,3.7,,,,,,,54,hitl
216,2026-04-19 12:00,retail_1,retail,0,,,,,,,,102.0,30.0,0.0,0.0,2.8,17.4587,54,hitl
217,2026-04-19 12:15,supplier_1,supplier,1,50.18,,,,,,,,,,,,,54,hitl
217,2026-04-19 12:15,farm_1,farm,1,,222.6,0.223,,,,,,,,,,,54,hitl
217,2026-04-19 12:15,slaughterhouse_1,slaughterhouse,1,,,,102.0,194.16,,,,,,,,,54,hitl
217,2026-04-19 12:15,wholesaler_1,wholesaler,1,,,,,,29.13,3.7,,,,,,,54,hitl
217,2026-04-19 12:15,retail_1,retail,0,,,,,,,,101.25,30.0,0.0,0.0,2.8,17.4587,54,hitl
218,2026-04-19 12:30,supplier_1,supplier,1,48.99,,,,,,,,,,,,,54,hitl
218,2026-04-19 12:30,farm_1,farm,1,,222.6,0.223,,,,,,,,,,,54,hitl
218,2026-04-19 12:30,slaughterhouse_1,slaughterhouse,1,,,,102.0,197.22,,,,,,,,,54,hitl
218,2026-04-19 12:30,wholesaler_1,wholesaler,1,,,,,,27.37,3.7,,,,,,,54,hitl
218,2026-04-19 12:30,retail_1,retail,0,,,,,,,,100.54,30.0,0.0,0.0,2.8,17.4587,54,hitl
219,2026-04-19 12:45,supplier_1,supplier,1,47.89,,,,,,,,,,,,,54,hitl
219,2026-04-19 12:45,farm_1,farm,1,,222.6,0.223,,,,,,,,,,,54,hitl
219,2026-04-19 12:45,slaughterhouse_1,slaughterhouse,1,,,,102.0,199.86,,,,,,,,,54,hitl
219,2026-04-19 12:45,wholesaler_1,wholesaler,1,,,,,,24.7,3.7,,,,,,,54,hitl
219,2026-04-19 12:45,retail_1,retail,0,,,,,,,,99.92,30.0,0.0,0.0,2.8,17.4587,54,hitl
220,2026-04-19 13:00,supplier_1,supplier,1,47.3,,,,,,,,,,,,,54,hitl
220,2026-04-19 13:00,farm_1,farm,1,,222.6,0.223,,,,,,,,,,,54,hitl
220,2026-04-19 13:00,slaughterhouse_1,slaughterhouse,1,,,,102.0,202.6,,,,,,,,,54,hitl
220,2026-04-19 13:00,wholesaler_1,wholesaler,1,,,,,,22.27,3.7,,,,,,,54,hitl
220,2026-04-19 13:00,retail_1,retail,0,,,,,,,,99.19,30.0,0.0,0.0,2.8,17.4587,54,hitl
221,2026-04-19 13:15,supplier_1,supplier,1,46.23,,,,,,,,,,,,,54,hitl
221,2026-04-19 13:15,farm_1,farm,1,,222.6,0.223,,,,,,,,,,,54,hitl
221,2026-04-19 13:15,slaughterhouse_1,slaughterhouse,1,,,,102.0,205.48,,,,,,,,,54,hitl
221,2026-04-19 13:15,wholesaler_1,wholesaler,1,,,,,,19.8,3.7,,,,,,,54,hitl
221,2026-04-19 13:15,retail_1,retail,0,,,,,,,,98.55,30.0,0.0,0.0,2.8,17.4587,54,hitl
222,2026-04-19 13:30,supplier_1,supplier,1,45.48,,,,,,,,,,,,,54,hitl
222,2026-04-19 13:30,farm_1,farm,1,,222.6,0.223,,,,,,,,,,,54,hitl
222,2026-04-19 13:30,slaughterhouse_1,slaughterhouse,1,,,,102.0,208.27,,,,,,,,,54,hitl
222,2026-04-19 13:30,wholesaler_1,wholesaler,1,,,,,,17.24,3.7,,,,,,,54,hitl
222,2026-04-19 13:30,retail_1,retail,0,,,,,,,,97.92,30.0,0.0,0.0,2.8,17.4587,54,hitl
223,2026-04-19 13:45,supplier_1,supplier,1,44.15,,,,,,,,,,,,,54,hitl
223,2026-04-19 13:45,farm_1,farm,1,,222.6,0.223,,,,,,,,,,,54,hitl
223,2026-04-19 13:45,slaughterhouse_1,slaughterhouse,1,,,,102.0,211.02,,,,,,,,,54,hitl
223,2026-04-19 13:45,wholesaler_1,wholesaler,1,,,,,,15.05,3.7,,,,,,,54,hitl
223,2026-04-19 13:45,retail_1,retail,0,,,,,,,,97.24,30.0,0.0,0.0,2.8,17.4587,54,hitl
224,2026-04-19 14:00,supplier_1,supplier,1,42.9,,,,,,,,,,,,,54,hitl
224,2026-04-19 14:00,farm_1,farm,1,,222.6,0.223,,,,,,,,,,,54,hitl
224,2026-04-19 14:00,slaughterhouse_1,slaughterhouse,1,,,,102.0,209.71,,,,,,,,,54,hitl
224,2026-04-19 14:00,wholesaler_1,wholesaler,1,,,,,,12.99,3.7,,,,,,,54,hitl
224,2026-04-19 14:00,retail_1,retail,0,,,,,,,,96.46,30.0,0.0,0.0,2.8,17.4587,54,hitl
225,2026-04-19 14:15,supplier_1,supplier,1,41.73,,,,,,,,,,,,,54,hitl
225,2026-04-19 14:15,farm_1,farm,1,,222.6,0.223,,,,,,,,,,,54,hitl
225,2026-04-19 14:15,slaughterhouse_1,slaughterhouse,1,,,,102.0,212.59,,,,,,,,,54,hitl
225,2026-04-19 14:15,wholesaler_1,wholesaler,1,,,,,,14.62,3.7,,,,,,,54,hitl
225,2026-04-19 14:15,retail_1,retail,0,,,,,,,,95.81,30.0,0.0,0.0,2.8,17.4587,54,hitl
226,2026-04-19 14:30,supplier_1,supplier,1,40.98,,,,,,,,,,,,,54,hitl
226,2026-04-19 14:30,farm_1,farm,1,,222.6,0.223,,,,,,,,,,,54,hitl
226,2026-04-19 14:30,slaughterhouse_1,slaughterhouse,1,,,,102.0,215.49,,,,,,,,,54,hitl
226,2026-04-19 14:30,wholesaler_1,wholesaler,1,,,,,,11.8,3.7,,,,,,,54,hitl
226,2026-04-19 14:30,retail_1,retail,0,,,,,,,,95.19,30.0,0.0,0.0,2.8,17.4587,54,hitl
227,2026-04-19 14:45,supplier_1,supplier,1,40.31,,,,,,,,,,,,,54,hitl
227,2026-04-19 14:45,farm_1,farm,1,,222.6,0.223,,,,,,,,,,,54,hitl
227,2026-04-19 14:45,slaughterhouse_1,slaughterhouse,1,,,,102.0,218.26,,,,,,,,,54,hitl
227,2026-04-19 14:45,wholesaler_1,wholesaler,1,,,,,,8.98,3.7,,,,,,,54,hitl
227,2026-04-19 14:45,retail_1,retail,0,,,,,,,,94.48,30.0,0.0,0.0,2.8,17.4587,54,hitl
228,2026-04-19 15:00,supplier_1,supplier,1,39.55,,,,,,,,,,,,,54,hitl
228,2026-04-19 15:00,farm_1,farm,1,,222.6,0.223,,,,,,,,,,,54,hitl
228,2026-04-19 15:00,slaughterhouse_1,slaughterhouse,1,,,,102.0,220.92,,,,,,,,,54,hitl
228,2026-04-19 15:00,wholesaler_1,wholesaler,1,,,,,,6.77,3.7,,,,,,,54,hitl
228,2026-04-19 15:00,retail_1,retail,0,,,,,,,,93.76,30.0,0.0,0.0,2.8,17.4587,54,hitl
229,2026-04-19 15:15,supplier_1,supplier,1,38.15,,,,,,,,,,,,,54,hitl
229,2026-04-19 15:15,farm_1,farm,1,,222.6,0.223,,,,,,,,,,,54,hitl
229,2026-04-19 15:15,slaughterhouse_1,slaughterhouse,1,,,,102.0,223.65,,,,,,,,,54,hitl
229,2026-04-19 15:15,wholesaler_1,wholesaler,1,,,,,,4.32,3.7,,,,,,,54,hitl
229,2026-04-19 15:15,retail_1,retail,0,,,,,,,,92.98,30.0,0.0,0.0,2.8,17.4587,54,hitl
230,2026-04-19 15:30,supplier_1,supplier,1,37.46,,,,,,,,,,,,,54,hitl
230,2026-04-19 15:30,farm_1,farm,1,,222.6,0.223,,,,,,,,,,,54,hitl
230,2026-04-19 15:30,slaughterhouse_1,slaughterhouse,1,,,,102.0,226.39,,,,,,,,,54,hitl
230,2026-04-19 15:30,wholesaler_1,wholesaler,1,,,,,,2.55,3.7,,,,,,,54,hitl
230,2026-04-19 15:30,retail_1,retail,0,,,,,,,,92.35,30.0,0.0,0.0,2.8,17.4587,54,hitl
231,2026-04-19 15:45,supplier_1,supplier,1,36.81,,,,,,,,,,,,,54,hitl
231,2026-04-19 15:45,farm_1,farm,1,,222.6,0.223,,,,,,,,,,,54,hitl
231,2026-04-19 15:45,slaughterhouse_1,slaughterhouse,1,,,,102.0,229.32,,,,,,,,,54,hitl
231,2026-04-19 15:45,wholesaler_1,wholesaler,1,,,,,,0.74,3.7,,,,,,,54,hitl
231,2026-04-19 15:45,retail_1,retail,0,,,,,,,,91.72,30.0,0.0,0.0,2.8,17.4587,54,hitl
232,2026-04-19 16:00,supplier_1,supplier,1,35.43,,,,,,,,,,,,,54,hitl
232,2026-04-19 16:00,farm_1,farm,1,,222.6,0.223,,,,,,,,,,,54,hitl
232,2026-04-19 16:00,slaughterhouse_1,slaughterhouse,1,,,,102.0,227.67,,,,,,,,,54,hitl
232,2026-04-19 16:00,wholesaler_1,wholesaler,1,,,,,,0.0,3.7,,,,,,,54,hitl
232,2026-04-19 16:00,retail_1,retail,0,,,,,,,,91.05,30.0,0.0,0.0,2.8,17.4587,54,hitl
233,2026-04-19 16:15,supplier_1,supplier,1,34.68,,,,,,,,,,,,,54,hitl
233,2026-04-19 16:15,farm_1,farm,1,,222.6,0.223,,,,,,,,,,,54,hitl
233,2026-04-19 16:15,slaughterhouse_1,slaughterhouse,1,,,,102.0,230.27,,,,,,,,,54,hitl
233,2026-04-19 16:15,wholesaler_1,wholesaler,1,,,,,,4.32,3.7,,,,,,,54,hitl
233,2026-04-19 16:15,retail_1,retail,0,,,,,,,,90.39,30.0,0.0,0.0,2.8,17.4587,54,hitl
234,2026-04-19 16:30,supplier_1,supplier,1,33.56,,,,,,,,,,,,,54,hitl
234,2026-04-19 16:30,farm_1,farm,1,,222.6,0.223,,,,,,,,,,,54,hitl
234,2026-04-19 16:30,slaughterhouse_1,slaughterhouse,1,,,,102.0,233.28,,,,,,,,,54,hitl
234,2026-04-19 16:30,wholesaler_1,wholesaler,1,,,,,,2.66,3.7,,,,,,,54,hitl
234,2026-04-19 16:30,retail_1,retail,0,,,,,,,,89.65,30.0,0.0,0.0,2.8,17.4587,54,hitl
235,2026-04-19 16:45,supplier_1,supplier,1,32.45,,,,,,,,,,,,,54,hitl
235,2026-04-19 16:45,farm_1,farm,1,,222.6,0.223,,,,,,,,,,,54,hitl
235,2026-04-19 16:45,slaughterhouse_1,slaughterhouse,1,,,,102.0,236.09,,,,,,,,,54,hitl
235,2026-04-19 16:45,wholesaler_1,wholesaler,1,,,,,,0.0,3.7,,,,,,,54,hitl
235,2026-04-19 16:45,retail_1,retail,0,,,,,,,,88.9,30.0,0.0,0.0,2.8,17.4587,54,hitl
236,2026-04-19 17:00,supplier_1,supplier,1,31.12,,,,,,,,,,,,,54,hitl
236,2026-04-19 17:00,farm_1,farm,1,,222.6,0.223,,,,,,,,,,,54,hitl
236,2026-04-19 17:00,slaughterhouse_1,slaughterhouse,1,,,,102.0,238.99,,,,,,,,,54,hitl
236,2026-04-19 17:00,wholesaler_1,wholesaler,1,,,,,,0.0,3.7,,,,,,,54,hitl
236,2026-04-19 17:00,retail_1,retail,0,,,,,,,,88.16,30.0,0.0,0.0,2.8,17.4587,54,hitl
237,2026-04-19 17:15,supplier_1,supplier,1,30.49,,,,,,,,,,,,,54,hitl
237,2026-04-19 17:15,farm_1,farm,1,,222.6,0.223,,,,,,,,,,,54,hitl
237,2026-04-19 17:15,slaughterhouse_1,slaughterhouse,1,,,,102.0,241.72,,,,,,,,,54,hitl
237,2026-04-19 17:15,wholesaler_1,wholesaler,1,,,,,,0.0,3.7,,,,,,,54,hitl
237,2026-04-19 17:15,retail_1,retail,0,,,,,,,,87.39,30.0,0.0,0.0,2.8,17.4587,54,hitl
238,2026-04-19 17:30,supplier_1,supplier,1,29.32,,,,,,,,,,,,,54,hitl
238,2026-04-19 17:30,farm_1,farm,1,,222.6,0.223,,,,,,,,,,,54,hitl
238,2026-04-19 17:30,slaughterhouse_1,slaughterhouse,1,,,,102.0,244.51,,,,,,,,,54,hitl
238,2026-04-19 17:30,wholesaler_1,wholesaler,1,,,,,,0.0,3.7,,,,,,,54,hitl
238,2026-04-19 17:30,retail_1,retail,0,,,,,,,,86.73,30.0,0.0,0.0,2.8,17.4587,54,hitl
239,2026-04-19 17:45,supplier_1,supplier,1,28.45,,,,,,,,,,,,,54,hitl
239,2026-04-19 17:45,farm_1,farm,1,,222.6,0.223,,,,,,,,,,,54,hitl
239,2026-04-19 17:45,slaughterhouse_1,slaughterhouse,1,,,,102.0,247.26,,,,,,,,,54,hitl
239,2026-04-19 17:45,wholesaler_1,wholesaler,1,,,,,,0.0,3.7,,,,,,,54,hitl
239,2026-04-19 17:45,retail_1,retail,0,,,,,,,,85.99,30.0,0.0,0.0,2.8,17.4587,54,hitl
240,2026-04-19 18:00,supplier_1,supplier,1,27.69,,,,,,,,,,,,,54,hitl
240,2026-04-19 18:00,farm_1,farm,1,,222.6,0.223,,,,,,,,,,,54,hitl
240,2026-04-19 18:00,slaughterhouse_1,slaughterhouse,1,,,,102.0,245.69,,,,,,,,,54,hitl
240,2026-04-19 18:00,wholesaler_1,wholesaler,1,,,,,,0.0,3.7,,,,,,,54,hitl
240,2026-04-19 18:00,retail_1,retail,0,,,,,,,,85.29,30.0,0.0,0.0,2.8,17.4587,54,hitl
241,2026-04-19 18:15,supplier_1,supplier,1,26.21,,,,,,,,,,,,,54,hitl
241,2026-04-19 18:15,farm_1,farm,1,,222.6,0.223,,,,,,,,,,,54,hitl
241,2026-04-19 18:15,slaughterhouse_1,slaughterhouse,1,,,,102.0,248.59,,,,,,,,,54,hitl
241,2026-04-19 18:15,wholesaler_1,wholesaler,1,,,,,,4.32,3.7,,,,,,,54,hitl
241,2026-04-19 18:15,retail_1,retail,0,,,,,,,,84.65,30.0,0.0,0.0,2.8,17.4587,54,hitl
242,2026-04-19 18:30,supplier_1,supplier,1,24.85,,,,,,,,,,,,,54,hitl
242,2026-04-19 18:30,farm_1,farm,1,,222.6,0.223,,,,,,,,,,,54,hitl
242,2026-04-19 18:30,slaughterhouse_1,slaughterhouse,1,,,,102.0,251.42,,,,,,,,,54,hitl
242,2026-04-19 18:30,wholesaler_1,wholesaler,1,,,,,,1.55,3.7,,,,,,,54,hitl
242,2026-04-19 18:30,retail_1,retail,0,,,,,,,,83.97,30.0,0.0,0.0,2.8,17.4587,54,hitl
243,2026-04-19 18:45,supplier_1,supplier,1,24.24,,,,,,,,,,,,,54,hitl
243,2026-04-19 18:45,farm_1,farm,1,,222.6,0.223,,,,,,,,,,,54,hitl
243,2026-04-19 18:45,slaughterhouse_1,slaughterhouse,1,,,,102.0,254.25,,,,,,,,,54,hitl
243,2026-04-19 18:45,wholesaler_1,wholesaler,1,,,,,,0.0,3.7,,,,,,,54,hitl
243,2026-04-19 18:45,retail_1,retail,0,,,,,,,,83.35,30.0,0.0,0.0,2.8,17.4587,54,hitl
244,2026-04-19 19:00,supplier_1,supplier,1,23.59,,,,,,,,,,,,,54,hitl
244,2026-04-19 19:00,farm_1,farm,1,,222.6,0.223,,,,,,,,,,,54,hitl
244,2026-04-19 19:00,slaughterhouse_1,slaughterhouse,1,,,,102.0,257.21,,,,,,,,,54,hitl
244,2026-04-19 19:00,wholesaler_1,wholesaler,1,,,,,,0.0,3.7,,,,,,,54,hitl
244,2026-04-19 19:00,retail_1,retail,0,,,,,,,,82.67,30.0,0.0,0.0,2.8,17.4587,54,hitl
245,2026-04-19 19:15,supplier_1,supplier,1,22.9,,,,,,,,,,,,,54,hitl
245,2026-04-19 19:15,farm_1,farm,1,,222.6,0.223,,,,,,,,,,,54,hitl
245,2026-04-19 19:15,slaughterhouse_1,slaughterhouse,1,,,,102.0,259.97,,,,,,,,,54,hitl
245,2026-04-19 19:15,wholesaler_1,wholesaler,1,,,,,,0.0,3.7,,,,,,,54,hitl
245,2026-04-19 19:15,retail_1,retail,0,,,,,,,,81.99,30.0,0.0,0.0,2.8,17.4587,54,hitl
246,2026-04-19 19:30,supplier_1,supplier,1,21.51,,,,,,,,,,,,,54,hitl
246,2026-04-19 19:30,farm_1,farm,1,,222.6,0.223,,,,,,,,,,,54,hitl
246,2026-04-19 19:30,slaughterhouse_1,slaughterhouse,1,,,,102.0,262.91,,,,,,,,,54,hitl
246,2026-04-19 19:30,wholesaler_1,wholesaler,1,,,,,,0.0,3.7,,,,,,,54,hitl
246,2026-04-19 19:30,retail_1,retail,0,,,,,,,,81.26,30.0,0.0,0.0,2.8,17.4587,54,hitl
247,2026-04-19 19:45,supplier_1,supplier,1,20.69,,,,,,,,,,,,,54,hitl
247,2026-04-19 19:45,farm_1,farm,1,,222.6,0.223,,,,,,,,,,,54,hitl
247,2026-04-19 19:45,slaughterhouse_1,slaughterhouse,1,,,,102.0,265.81,,,,,,,,,54,hitl
247,2026-04-19 19:45,wholesaler_1,wholesaler,1,,,,,,0.0,3.7,,,,,,,54,hitl
247,2026-04-19 19:45,retail_1,retail,0,,,,,,,,80.61,30.0,0.0,0.0,2.8,17.4587,54,hitl
248,2026-04-19 20:00,supplier_1,supplier,1,20.13,,,,,,,,,,,,,54,hitl
248,2026-04-19 20:00,farm_1,farm,1,,222.6,0.223,,,,,,,,,,,54,hitl
248,2026-04-19 20:00,slaughterhouse_1,slaughterhouse,1,,,,102.0,264.54,,,,,,,,,54,hitl
248,2026-04-19 20:00,wholesaler_1,wholesaler,1,,,,,,0.0,3.7,,,,,,,54,hitl
248,2026-04-19 20:00,retail_1,retail,0,,,,,,,,79.92,30.0,0.0,0.0,2.8,17.4587,54,hitl
249,2026-04-19 20:15,supplier_1,supplier,1,18.74,,,,,,,,,,,,,54,hitl
249,2026-04-19 20:15,farm_1,farm,1,,222.6,0.223,,,,,,,,,,,54,hitl
249,2026-04-19 20:15,slaughterhouse_1,slaughterhouse,1,,,,102.0,267.18,,,,,,,,,54,hitl
249,2026-04-19 20:15,wholesaler_1,wholesaler,1,,,,,,4.32,3.7,,,,,,,54,hitl
249,2026-04-19 20:15,retail_1,retail,0,,,,,,,,79.3,30.0,0.0,0.0,2.8,17.4587,54,hitl
250,2026-04-19 20:30,supplier_1,supplier,1,17.3,,,,,,,,,,,,,54,hitl
250,2026-04-19 20:30,farm_1,farm,1,,222.6,0.223,,,,,,,,,,,54,hitl
250,2026-04-19 20:30,slaughterhouse_1,slaughterhouse,1,,,,102.0,270.18,,,,,,,,,54,hitl
250,2026-04-19 20:30,wholesaler_1,wholesaler,1,,,,,,2.1,3.7,,,,,,,54,hitl
250,2026-04-19 20:30,retail_1,retail,0,,,,,,,,78.55,30.0,0.0,0.0,2.8,17.4587,54,hitl
251,2026-04-19 20:45,supplier_1,supplier,1,15.89,,,,,,,,,,,,,54,hitl
251,2026-04-19 20:45,farm_1,farm,1,,222.6,0.223,,,,,,,,,,,54,hitl
251,2026-04-19 20:45,slaughterhouse_1,slaughterhouse,1,,,,102.0,272.92,,,,,,,,,54,hitl
251,2026-04-19 20:45,wholesaler_1,wholesaler,1,,,,,,0.0,3.7,,,,,,,54,hitl
251,2026-04-19 20:45,retail_1,retail,0,,,,,,,,77.92,30.0,0.0,0.0,2.8,17.4587,54,hitl
252,2026-04-19 21:00,supplier_1,supplier,1,15.18,,,,,,,,,,,,,54,hitl
252,2026-04-19 21:00,farm_1,farm,1,,222.6,0.223,,,,,,,,,,,54,hitl
252,2026-04-19 21:00,slaughterhouse_1,slaughterhouse,1,,,,102.0,275.7,,,,,,,,,54,hitl
252,2026-04-19 21:00,wholesaler_1,wholesaler,1,,,,,,0.0,3.7,,,,,,,54,hitl
252,2026-04-19 21:00,retail_1,retail,0,,,,,,,,77.26,30.0,0.0,0.0,2.8,17.4587,54,hitl
253,2026-04-19 21:15,supplier_1,supplier,1,14.36,,,,,,,,,,,,,54,hitl
253,2026-04-19 21:15,farm_1,farm,1,,222.6,0.223,,,,,,,,,,,54,hitl
253,2026-04-19 21:15,slaughterhouse_1,slaughterhouse,1,,,,102.0,278.38,,,,,,,,,54,hitl
253,2026-04-19 21:15,wholesaler_1,wholesaler,1,,,,,,0.0,3.7,,,,,,,54,hitl
253,2026-04-19 21:15,retail_1,retail,0,,,,,,,,76.62,30.0,0.0,0.0,2.8,17.4587,54,hitl
254,2026-04-19 21:30,supplier_1,supplier,1,13.73,,,,,,,,,,,,,54,hitl
254,2026-04-19 21:30,farm_1,farm,1,,222.6,0.223,,,,,,,,,,,54,hitl
254,2026-04-19 21:30,slaughterhouse_1,slaughterhouse,1,,,,102.0,281.16,,,,,,,,,54,hitl
254,2026-04-19 21:30,wholesaler_1,wholesaler,1,,,,,,0.0,3.7,,,,,,,54,hitl
254,2026-04-19 21:30,retail_1,retail,0,,,,,,,,75.98,30.0,0.0,0.0,2.8,17.4587,54,hitl
255,2026-04-19 21:45,supplier_1,supplier,1,12.75,,,,,,,,,,,,,54,hitl
255,2026-04-19 21:45,farm_1,farm,1,,222.6,0.223,,,,,,,,,,,54,hitl
255,2026-04-19 21:45,slaughterhouse_1,slaughterhouse,1,,,,102.0,283.97,,,,,,,,,54,hitl
255,2026-04-19 21:45,wholesaler_1,wholesaler,1,,,,,,0.0,3.7,,,,,,,54,hitl
255,2026-04-19 21:45,retail_1,retail,0,,,,,,,,75.34,30.0,0.0,0.0,2.8,17.4587,54,hitl
256,2026-04-19 22:00,supplier_1,supplier,1,11.71,,,,,,,,,,,,,54,hitl
256,2026-04-19 22:00,farm_1,farm,1,,222.6,0.223,,,,,,,,,,,54,hitl
256,2026-04-19 22:00,slaughterhouse_1,slaughterhouse,1,,,,102.0,282.58,,,,,,,,,54,hitl
256,2026-04-19 22:00,wholesaler_1,wholesaler,1,,,,,,0.0,3.7,,,,,,,54,hitl
256,2026-04-19 22:00,retail_1,retail,0,,,,,,,,74.56,30.0,0.0,0.0,2.8,17.4587,54,hitl
257,2026-04-19 22:15,supplier_1,supplier,1,10.71,,,,,,,,,,,,,54,hitl
257,2026-04-19 22:15,farm_1,farm,1,,222.6,0.223,,,,,,,,,,,54,hitl
257,2026-04-19 22:15,slaughterhouse_1,slaughterhouse,1,,,,102.0,285.57,,,,,,,,,54,hitl
257,2026-04-19 22:15,wholesaler_1,wholesaler,1,,,,,,4.32,3.7,,,,,,,54,hitl
257,2026-04-19 22:15,retail_1,retail,0,,,,,,,,73.92,30.0,0.0,0.0,2.8,17.4587,54,hitl
258,2026-04-19 22:30,supplier_1,supplier,1,9.58,,,,,,,,,,,,,54,hitl
258,2026-04-19 22:30,farm_1,farm,1,,222.6,0.223,,,,,,,,,,,54,hitl
258,2026-04-19 22:30,slaughterhouse_1,slaughterhouse,1,,,,102.0,288.38,,,,,,,,,54,hitl
258,2026-04-19 22:30,wholesaler_1,wholesaler,1,,,,,,2.15,3.7,,,,,,,54,hitl
258,2026-04-19 22:30,retail_1,retail,0,,,,,,,,73.25,30.0,0.0,0.0,2.8,17.4587,54,hitl
259,2026-04-19 22:45,supplier_1,supplier,1,8.15,,,,,,,,,,,,,54,hitl
259,2026-04-19 22:45,farm_1,farm,1,,222.6,0.223,,,,,,,,,,,54,hitl
259,2026-04-19 22:45,slaughterhouse_1,slaughterhouse,1,,,,102.0,291.34,,,,,,,,,54,hitl
259,2026-04-19 22:45,wholesaler_1,wholesaler,1,,,,,,0.0,3.7,,,,,,,54,hitl
259,2026-04-19 22:45,retail_1,retail,0,,,,,,,,72.5,30.0,0.0,0.0,2.8,17.4587,54,hitl
260,2026-04-19 23:00,supplier_1,supplier,1,7.34,,,,,,,,,,,,,54,hitl
260,2026-04-19 23:00,farm_1,farm,1,,222.6,0.223,,,,,,,,,,,54,hitl
260,2026-04-19 23:00,slaughterhouse_1,slaughterhouse,1,,,,102.0,294.34,,,,,,,,,54,hitl
260,2026-04-19 23:00,wholesaler_1,wholesaler,1,,,,,,0.0,3.7,,,,,,,54,hitl
260,2026-04-19 23:00,retail_1,retail,0,,,,,,,,71.73,30.0,0.0,0.0,2.8,17.4587,54,hitl
261,2026-04-19 23:15,supplier_1,supplier,1,6.79,,,,,,,,,,,,,54,hitl
261,2026-04-19 23:15,farm_1,farm,1,,222.6,0.223,,,,,,,,,,,54,hitl
261,2026-04-19 23:15,slaughterhouse_1,slaughterhouse,1,,,,102.0,297.06,,,,,,,,,54,hitl
261,2026-04-19 23:15,wholesaler_1,wholesaler,1,,,,,,0.0,3.7,,,,,,,54,hitl
261,2026-04-19 23:15,retail_1,retail,0,,,,,,,,71.04,30.0,0.0,0.0,2.8,17.4587,54,hitl
262,2026-04-19 23:30,supplier_1,supplier,1,5.35,,,,,,,,,,,,,54,hitl
262,2026-04-19 23:30,farm_1,farm,1,,222.6,0.223,,,,,,,,,,,54,hitl
262,2026-04-19 23:30,slaughterhouse_1,slaughterhouse,1,,,,102.0,299.97,,,,,,,,,54,hitl
262,2026-04-19 23:30,wholesaler_1,wholesaler,1,,,,,,0.0,3.7,,,,,,,54,hitl
262,2026-04-19 23:30,retail_1,retail,0,,,,,,,,70.33,30.0,0.0,0.0,2.8,17.4587,54,hitl
263,2026-04-19 23:45,supplier_1,supplier,1,4.37,,,,,,,,,,,,,54,hitl
263,2026-04-19 23:45,farm_1,farm,1,,222.6,0.223,,,,,,,,,,,54,hitl
263,2026-04-19 23:45,slaughterhouse_1,slaughterhouse,1,,,,102.0,302.6,,,,,,,,,54,hitl
263,2026-04-19 23:45,wholesaler_1,wholesaler,1,,,,,,0.0,3.7,,,,,,,54,hitl
263,2026-04-19 23:45,retail_1,retail,0,,,,,,,,69.59,30.0,0.0,0.0,2.8,17.4587,54,hitl
264,2026-04-20 00:00,supplier_1,supplier,1,3.8,,,,,,,,,,,,,54,hitl
264,2026-04-20 00:00,farm_1,farm,1,,222.6,0.223,,,,,,,,,,,54,hitl
264,2026-04-20 00:00,slaughterhouse_1,slaughterhouse,1,,,,102.0,301.18,,,,,,,,,54,hitl
264,2026-04-20 00:00,wholesaler_1,wholesaler,1,,,,,,0.0,3.7,,,,,,,54,hitl
264,2026-04-20 00:00,retail_1,retail,0,,,,,,,,68.86,30.0,0.0,0.0,2.8,17.4587,54,hitl
265,2026-04-20 00:15,supplier_1,supplier,1,2.86,,,,,,,,,,,,,54,hitl
265,2026-04-20 00:15,farm_1,farm,1,,222.6,0.223,,,,,,,,,,,54,hitl
265,2026-04-20 00:15,slaughterhouse_1,slaughterhouse,1,,,,102.0,304.06,,,,,,,,,54,hitl
265,2026-04-20 00:15,wholesaler_1,wholesaler,1,,,,,,4.32,3.7,,,,,,,54,hitl
265,2026-04-20 00:15,retail_1,retail,0,,,,,,,,68.13,30.0,0.0,0.0,2.8,17.4587,54,hitl
266,2026-04-20 00:30,supplier_1,supplier,1,1.57,,,,,,,,,,,,,54,hitl
266,2026-04-20 00:30,farm_1,farm,1,,222.6,0.223,,,,,,,,,,,54,hitl
266,2026-04-20 00:30,slaughterhouse_1,slaughterhouse,1,,,,102.0,306.77,,,,,,,,,54,hitl
266,2026-04-20 00:30,wholesaler_1,wholesaler,1,,,,,,2.28,3.7,,,,,,,54,hitl
266,2026-04-20 00:30,retail_1,retail,0,,,,,,,,67.44,30.0,0.0,0.0,2.8,17.4587,54,hitl
267,2026-04-20 00:45,supplier_1,supplier,1,0.74,,,,,,,,,,,,,54,hitl
267,2026-04-20 00:45,farm_1,farm,1,,222.6,0.223,,,,,,,,,,,54,hitl
267,2026-04-20 00:45,slaughterhouse_1,slaughterhouse,1,,,,102.0,309.6,,,,,,,,,54,hitl
267,2026-04-20 00:45,wholesaler_1,wholesaler,1,,,,,,0.0,3.7,,,,,,,54,hitl
267,2026-04-20 00:45,retail_1,retail,0,,,,,,,,66.72,30.0,0.0,0.0,2.8,17.4587,54,hitl
268,2026-04-20 01:00,supplier_1,supplier,1,0.0,,,,,,,,,,,,,54,hitl
268,2026-04-20 01:00,farm_1,farm,1,,222.6,0.223,,,,,,,,,,,54,hitl
268,2026-04-20 01:00,slaughterhouse_1,slaughterhouse,1,,,,102.0,312.35,,,,,,,,,54,hitl
268,2026-04-20 01:00,wholesaler_1,wholesaler,1,,,,,,0.0,3.7,,,,,,,54,hitl
268,2026-04-20 01:00,retail_1,retail,0,,,,,,,,66.1,30.0,0.0,0.0,2.8,17.4587,54,hitl
269,2026-04-20 01:15,supplier_1,supplier,1,0.0,,,,,,,,,,,,,54,hitl
269,2026-04-20 01:15,farm_1,farm,1,,222.6,0.223,,,,,,,,,,,54,hitl
269,2026-04-20 01:15,slaughterhouse_1,slaughterhouse,1,,,,102.0,314.98,,,,,,,,,54,hitl
269,2026-04-20 01:15,wholesaler_1,wholesaler,1,,,,,,0.0,3.7,,,,,,,54,hitl
269,2026-04-20 01:15,retail_1,retail,0,,,,,,,,65.41,30.0,0.0,0.0,2.8,17.4587,54,hitl
270,2026-04-20 01:30,supplier_1,supplier,1,0.0,,,,,,,,,,,,,54,hitl
270,2026-04-20 01:30,farm_1,farm,1,,222.6,0.223,,,,,,,,,,,54,hitl
270,2026-04-20 01:30,slaughterhouse_1,slaughterhouse,1,,,,102.0,317.74,,,,,,,,,54,hitl
270,2026-04-20 01:30,wholesaler_1,wholesaler,1,,,,,,0.0,3.7,,,,,,,54,hitl
270,2026-04-20 01:30,retail_1,retail,0,,,,,,,,64.66,30.0,0.0,0.0,2.8,17.4587,54,hitl
271,2026-04-20 01:45,supplier_1,supplier,1,0.0,,,,,,,,,,,,,54,hitl
271,2026-04-20 01:45,farm_1,farm,1,,222.6,0.223,,,,,,,,,,,54,hitl
271,2026-04-20 01:45,slaughterhouse_1,slaughterhouse,1,,,,102.0,320.59,,,,,,,,,54,hitl
271,2026-04-20 01:45,wholesaler_1,wholesaler,1,,,,,,0.0,3.7,,,,,,,54,hitl
271,2026-04-20 01:45,retail_1,retail,0,,,,,,,,64.0,30.0,0.0,0.0,2.8,17.4587,54,hitl
272,2026-04-20 02:00,supplier_1,supplier,1,0.0,,,,,,,,,,,,,54,hitl
272,2026-04-20 02:00,farm_1,farm,1,,222.6,0.223,,,,,,,,,,,54,hitl
272,2026-04-20 02:00,slaughterhouse_1,slaughterhouse,1,,,,102.0,319.21,,,,,,,,,54,hitl
272,2026-04-20 02:00,wholesaler_1,wholesaler,1,,,,,,0.0,3.7,,,,,,,54,hitl
272,2026-04-20 02:00,retail_1,retail,0,,,,,,,,63.28,30.0,0.0,0.0,2.8,17.4587,54,hitl
273,2026-04-20 02:15,supplier_1,supplier,1,0.0,,,,,,,,,,,,,54,hitl
273,2026-04-20 02:15,farm_1,farm,1,,222.6,0.223,,,,,,,,,,,54,hitl
273,2026-04-20 02:15,slaughterhouse_1,slaughterhouse,1,,,,102.0,321.95,,,,,,,,,54,hitl
273,2026-04-20 02:15,wholesaler_1,wholesaler,1,,,,,,4.32,3.7,,,,,,,54,hitl
273,2026-04-20 02:15,retail_1,retail,0,,,,,,,,62.62,30.0,0.0,0.0,2.8,17.4587,54,hitl
274,2026-04-20 02:30,supplier_1,supplier,1,0.0,,,,,,,,,,,,,54,hitl
274,2026-04-20 02:30,farm_1,farm,1,,222.6,0.223,,,,,,,,,,,54,hitl
274,2026-04-20 02:30,slaughterhouse_1,slaughterhouse,1,,,,102.0,324.7,,,,,,,,,54,hitl
274,2026-04-20 02:30,wholesaler_1,wholesaler,1,,,,,,1.62,3.7,,,,,,,54,hitl
274,2026-04-20 02:30,retail_1,retail,0,,,,,,,,62.0,30.0,0.0,0.0,2.8,17.4587,54,hitl
275,2026-04-20 02:45,supplier_1,supplier,1,0.0,,,,,,,,,,,,,54,hitl
275,2026-04-20 02:45,farm_1,farm,1,,222.6,0.223,,,,,,,,,,,54,hitl
275,2026-04-20 02:45,slaughterhouse_1,slaughterhouse,1,,,,102.0,327.67,,,,,,,,,54,hitl
275,2026-04-20 02:45,wholesaler_1,wholesaler,1,,,,,,0.0,3.7,,,,,,,54,hitl
275,2026-04-20 02:45,retail_1,retail,0,,,,,,,,61.32,30.0,0.0,0.0,2.8,17.4587,54,hitl
276,2026-04-20 03:00,supplier_1,supplier,1,0.0,,,,,,,,,,,,,54,hitl
276,2026-04-20 03:00,farm_1,farm,1,,222.6,0.223,,,,,,,,,,,54,hitl
276,2026-04-20 03:00,slaughterhouse_1,slaughterhouse,1,,,,102.0,330.54,,,,,,,,,54,hitl
276,2026-04-20 03:00,wholesaler_1,wholesaler,1,,,,,,0.0,3.7,,,,,,,54,hitl
276,2026-04-20 03:00,retail_1,retail,0,,,,,,,,60.67,30.0,0.0,0.0,2.8,17.4587,54,hitl
277,2026-04-20 03:15,supplier_1,supplier,1,0.0,,,,,,,,,,,,,54,hitl
277,2026-04-20 03:15,farm_1,farm,1,,222.6,0.223,,,,,,,,,,,54,hitl
277,2026-04-20 03:15,slaughterhouse_1,slaughterhouse,1,,,,102.0,333.49,,,,,,,,,54,hitl
277,2026-04-20 03:15,wholesaler_1,wholesaler,1,,,,,,0.0,3.7,,,,,,,54,hitl
277,2026-04-20 03:15,retail_1,retail,0,,,,,,,,60.03,30.0,0.0,0.0,2.8,17.4587,54,hitl
278,2026-04-20 03:30,supplier_1,supplier,1,0.0,,,,,,,,,,,,,54,hitl
278,2026-04-20 03:30,farm_1,farm,0,,620.0,0.036,,,,,,,,,,,54,hitl
278,2026-04-20 03:30,slaughterhouse_1,slaughterhouse,1,,,,102.0,336.16,,,,,,,,,54,hitl
278,2026-04-20 03:30,wholesaler_1,wholesaler,1,,,,,,0.0,3.7,,,,,,,54,hitl
278,2026-04-20 03:30,retail_1,retail,0,,,,,,,,59.26,30.0,0.0,0.0,2.8,17.4587,54,hitl
279,2026-04-20 03:45,supplier_1,supplier,1,0.0,,,,,,,,,,,,,54,hitl
279,2026-04-20 03:45,farm_1,farm,0,,620.0,0.036,,,,,,,,,,,54,hitl
279,2026-04-20 03:45,slaughterhouse_1,slaughterhouse,1,,,,102.0,339.02,,,,,,,,,54,hitl
279,2026-04-20 03:45,wholesaler_1,wholesaler,1,,,,,,0.0,3.7,,,,,,,54,hitl
279,2026-04-20 03:45,retail_1,retail,0,,,,,,,,58.55,30.0,0.0,0.0,2.8,17.4587,54,hitl
280,2026-04-20 04:00,supplier_1,supplier,1,0.0,,,,,,,,,,,,,54,hitl
280,2026-04-20 04:00,farm_1,farm,0,,620.0,0.036,,,,,,,,,,,54,hitl
280,2026-04-20 04:00,slaughterhouse_1,slaughterhouse,1,,,,102.0,337.58,,,,,,,,,54,hitl
280,2026-04-20 04:00,wholesaler_1,wholesaler,1,,,,,,0.0,3.7,,,,,,,54,hitl
280,2026-04-20 04:00,retail_1,retail,0,,,,,,,,57.88,30.0,0.0,0.0,2.8,17.4587,54,hitl
281,2026-04-20 04:15,supplier_1,supplier,1,0.0,,,,,,,,,,,,,54,hitl
281,2026-04-20 04:15,farm_1,farm,0,,620.0,0.036,,,,,,,,,,,54,hitl
281,2026-04-20 04:15,slaughterhouse_1,slaughterhouse,1,,,,102.0,340.28,,,,,,,,,54,hitl
281,2026-04-20 04:15,wholesaler_1,wholesaler,1,,,,,,4.32,3.7,,,,,,,54,hitl
281,2026-04-20 04:15,retail_1,retail,0,,,,,,,,57.17,30.0,0.0,0.0,2.8,17.4587,54,hitl
282,2026-04-20 04:30,supplier_1,supplier,1,0.0,,,,,,,,,,,,,54,hitl
282,2026-04-20 04:30,farm_1,farm,0,,620.0,0.036,,,,,,,,,,,54,hitl
282,2026-04-20 04:30,slaughterhouse_1,slaughterhouse,1,,,,102.0,343.07,,,,,,,,,54,hitl
282,2026-04-20 04:30,wholesaler_1,wholesaler,1,,,,,,2.71,3.7,,,,,,,54,hitl
282,2026-04-20 04:30,retail_1,retail,0,,,,,,,,56.49,30.0,0.0,0.0,2.8,17.4587,54,hitl
283,2026-04-20 04:45,supplier_1,supplier,1,0.0,,,,,,,,,,,,,54,hitl
283,2026-04-20 04:45,farm_1,farm,0,,620.0,0.036,,,,,,,,,,,54,hitl
283,2026-04-20 04:45,slaughterhouse_1,slaughterhouse,1,,,,102.0,345.99,,,,,,,,,54,hitl
283,2026-04-20 04:45,wholesaler_1,wholesaler,1,,,,,,0.49,3.7,,,,,,,54,hitl
283,2026-04-20 04:45,retail_1,retail,0,,,,,,,,55.82,30.0,0.0,0.0,2.8,17.4587,54,hitl
284,2026-04-20 05:00,supplier_1,supplier,1,0.0,,,,,,,,,,,,,54,hitl
284,2026-04-20 05:00,farm_1,farm,0,,620.0,0.036,,,,,,,,,,,54,hitl
284,2026-04-20 05:00,slaughterhouse_1,slaughterhouse,1,,,,102.0,348.69,,,,,,,,,54,hitl
284,2026-04-20 05:00,wholesaler_1,wholesaler,1,,,,,,0.0,3.7,,,,,,,54,hitl
284,2026-04-20 05:00,retail_1,retail,0,,,,,,,,55.08,30.0,0.0,0.0,2.8,17.4587,54,hitl
285,2026-04-20 05:15,supplier_1,supplier,1,0.0,,,,,,,,,,,,,54,hitl
285,2026-04-20 05:15,farm_1,farm,0,,620.0,0.036,,,,,,,,,,,54,hitl
285,2026-04-20 05:15,slaughterhouse_1,slaughterhouse,1,,,,102.0,351.69,,,,,,,,,54,hitl
285,2026-04-20 05:15,wholesaler_1,wholesaler,1,,,,,,0.0,3.7,,,,,,,54,hitl
285,2026-04-20 05:15,retail_1,retail,0,,,,,,,,54.31,30.0,0.0,0.0,2.8,17.4587,54,hitl
286,2026-04-20 05:30,supplier_1,supplier,1,0.0,,,,,,,,,,,,,54,hitl
286,2026-04-20 05:30,farm_1,farm,0,,620.0,0.036,,,,,,,,,,,54,hitl
286,2026-04-20 05:30,slaughterhouse_1,slaughterhouse,1,,,,102.0,354.55,,,,,,,,,54,hitl
286,2026-04-20 05:30,wholesaler_1,wholesaler,1,,,,,,0.0,3.7,,,,,,,54,hitl
286,2026-04-20 05:30,retail_1,retail,0,,,,,,,,53.59,30.0,0.0,0.0,2.8,17.4587,54,hitl
287,2026-04-20 05:45,supplier_1,supplier,1,0.0,,,,,,,,,,,,,54,hitl
287,2026-04-20 05:45,farm_1,farm,0,,620.0,0.036,,,,,,,,,,,54,hitl
287,2026-04-20 05:45,slaughterhouse_1,slaughterhouse,1,,,,102.0,357.38,,,,,,,,,54,hitl
287,2026-04-20 05:45,wholesaler_1,wholesaler,1,,,,,,0.0,3.7,,,,,,,54,hitl
287,2026-04-20 05:45,retail_1,retail,0,,,,,,,,52.83,30.0,0.0,0.0,2.8,17.4587,54,hitl
288,2026-04-20 06:00,supplier_1,supplier,1,0.0,,,,,,,,,,,,,54,hitl
288,2026-04-20 06:00,farm_1,farm,1,,651.0,0.036,,,,,,,,,,,54,hitl
288,2026-04-20 06:00,slaughterhouse_1,slaughterhouse,1,,,,102.0,355.76,,,,,,,,,54,hitl
288,2026-04-20 06:00,wholesaler_1,wholesaler,1,,,,,,0.0,3.7,,,,,,,54,hitl
288,2026-04-20 06:00,retail_1,retail,0,,,,,,,,52.07,30.0,0.0,0.0,2.8,17.4587,54,hitl
289,2026-04-20 06:15,supplier_1,supplier,1,0.0,,,,,,,,,,,,,54,hitl
289,2026-04-20 06:15,farm_1,farm,1,,651.0,0.036,,,,,,,,,,,54,hitl
289,2026-04-20 06:15,slaughterhouse_1,slaughterhouse,1,,,,102.0,358.43,,,,,,,,,54,hitl
289,2026-04-20 06:15,wholesaler_1,wholesaler,1,,,,,,4.32,3.7,,,,,,,54,hitl
289,2026-04-20 06:15,retail_1,retail,0,,,,,,,,51.38,30.0,0.0,0.0,2.8,17.4587,54,hitl
290,2026-04-20 06:30,supplier_1,supplier,1,0.0,,,,,,,,,,,,,54,hitl
290,2026-04-20 06:30,farm_1,farm,1,,651.0,0.036,,,,,,,,,,,54,hitl
290,2026-04-20 06:30,slaughterhouse_1,slaughterhouse,1,,,,102.0,361.03,,,,,,,,,54,hitl
290,2026-04-20 06:30,wholesaler_1,wholesaler,1,,,,,,2.3,3.7,,,,,,,54,hitl
290,2026-04-20 06:30,retail_1,retail,0,,,,,,,,50.76,30.0,0.0,0.0,2.8,17.4587,54,hitl
291,2026-04-20 06:45,supplier_1,supplier,1,0.0,,,,,,,,,,,,,54,hitl
291,2026-04-20 06:45,farm_1,farm,1,,651.0,0.036,,,,,,,,,,,54,hitl
291,2026-04-20 06:45,slaughterhouse_1,slaughterhouse,1,,,,102.0,363.86,,,,,,,,,54,hitl
291,2026-04-20 06:45,wholesaler_1,wholesaler,1,,,,,,0.0,3.7,,,,,,,54,hitl
291,2026-04-20 06:45,retail_1,retail,0,,,,,,,,50.11,30.0,0.0,0.0,2.8,17.4587,54,hitl
292,2026-04-20 07:00,supplier_1,supplier,1,0.0,,,,,,,,,,,,,54,hitl
292,2026-04-20 07:00,farm_1,farm,1,,651.0,0.036,,,,,,,,,,,54,hitl
292,2026-04-20 07:00,slaughterhouse_1,slaughterhouse,1,,,,102.0,366.82,,,,,,,,,54,hitl
292,2026-04-20 07:00,wholesaler_1,wholesaler,1,,,,,,0.0,3.7,,,,,,,54,hitl
292,2026-04-20 07:00,retail_1,retail,0,,,,,,,,49.46,30.0,0.0,0.0,2.8,17.4587,54,hitl
293,2026-04-20 07:15,supplier_1,supplier,1,0.0,,,,,,,,,,,,,54,hitl
293,2026-04-20 07:15,farm_1,farm,1,,651.0,0.036,,,,,,,,,,,54,hitl
293,2026-04-20 07:15,slaughterhouse_1,slaughterhouse,1,,,,102.0,369.47,,,,,,,,,54,hitl
293,2026-04-20 07:15,wholesaler_1,wholesaler,1,,,,,,0.0,3.7,,,,,,,54,hitl
293,2026-04-20 07:15,retail_1,retail,0,,,,,,,,48.8,30.0,0.0,0.0,2.8,17.4587,54,hitl
294,2026-04-20 07:30,supplier_1,supplier,1,0.0,,,,,,,,,,,,,54,hitl
294,2026-04-20 07:30,farm_1,farm,1,,651.0,0.036,,,,,,,,,,,54,hitl
294,2026-04-20 07:30,slaughterhouse_1,slaughterhouse,1,,,,102.0,372.19,,,,,,,,,54,hitl
294,2026-04-20 07:30,wholesaler_1,wholesaler,1,,,,,,0.0,3.7,,,,,,,54,hitl
294,2026-04-20 07:30,retail_1,retail,0,,,,,,,,48.18,30.0,0.0,0.0,2.8,17.4587,54,hitl
295,2026-04-20 07:45,supplier_1,supplier,1,0.0,,,,,,,,,,,,,54,hitl
295,2026-04-20 07:45,farm_1,farm,1,,651.0,0.036,,,,,,,,,,,54,hitl
295,2026-04-20 07:45,slaughterhouse_1,slaughterhouse,1,,,,102.0,375.24,,,,,,,,,54,hitl
295,2026-04-20 07:45,wholesaler_1,wholesaler,1,,,,,,0.0,3.7,,,,,,,54,hitl
295,2026-04-20 07:45,retail_1,retail,0,,,,,,,,47.5,30.0,0.0,0.0,2.8,17.4587,54,hitl
296,2026-04-20 08:00,supplier_1,supplier,1,0.0,,,,,,,,,,,,,54,hitl
296,2026-04-20 08:00,farm_1,farm,1,,651.0,0.036,,,,,,,,,,,54,hitl
296,2026-04-20 08:00,slaughterhouse_1,slaughterhouse,1,,,,102.0,373.88,,,,,,,,,54,hitl
296,2026-04-20 08:00,wholesaler_1,wholesaler,1,,,,,,0.0,3.7,,,,,,,54,hitl
296,2026-04-20 08:00,retail_1,retail,0,,,,,,,,46.77,30.0,0.0,0.0,2.8,17.4587,54,hitl
297,2026-04-20 08:15,supplier_1,supplier,1,0.0,,,,,,,,,,,,,54,hitl
297,2026-04-20 08:15,farm_1,farm,1,,651.0,0.036,,,,,,,,,,,54,hitl
297,2026-04-20 08:15,slaughterhouse_1,slaughterhouse,1,,,,102.0,376.59,,,,,,,,,54,hitl
297,2026-04-20 08:15,wholesaler_1,wholesaler,1,,,,,,4.32,3.7,,,,,,,54,hitl
297,2026-04-20 08:15,retail_1,retail,0,,,,,,,,46.07,30.0,0.0,0.0,2.8,17.4587,54,hitl
298,2026-04-20 08:30,supplier_1,supplier,1,0.0,,,,,,,,,,,,,54,hitl
298,2026-04-20 08:30,farm_1,farm,1,,651.0,0.036,,,,,,,,,,,54,hitl
298,2026-04-20 08:30,slaughterhouse_1,slaughterhouse,1,,,,102.0,379.19,,,,,,,,,54,hitl
298,2026-04-20 08:30,wholesaler_1,wholesaler,1,,,,,,2.78,3.7,,,,,,,54,hitl
298,2026-04-20 08:30,retail_1,retail,0,,,,,,,,45.41,30.0,0.0,0.0,2.8,17.4587,54,hitl
299,2026-04-20 08:45,supplier_1,supplier,1,0.0,,,,,,,,,,,,,54,hitl
299,2026-04-20 08:45,farm_1,farm,1,,651.0,0.036,,,,,,,,,,,54,hitl
299,2026-04-20 08:45,slaughterhouse_1,slaughterhouse,1,,,,102.0,382.17,,,,,,,,,54,hitl
299,2026-04-20 08:45,wholesaler_1,wholesaler,1,,,,,,0.56,3.7,,,,,,,54,hitl
299,2026-04-20 08:45,retail_1,retail,0,,,,,,,,44.66,30.0,0.0,0.0,2.8,17.4587,54,hitl
300,2026-04-20 09:00,supplier_1,supplier,1,0.0,,,,,,,,,,,,,54,hitl
300,2026-04-20 09:00,farm_1,farm,1,,651.0,0.036,,,,,,,,,,,54,hitl
300,2026-04-20 09:00,slaughterhouse_1,slaughterhouse,1,,,,102.0,384.98,,,,,,,,,54,hitl
300,2026-04-20 09:00,wholesaler_1,wholesaler,1,,,,,,0.0,3.7,,,,,,,54,hitl
300,2026-04-20 09:00,retail_1,retail,0,,,,,,,,43.91,30.0,0.0,0.0,2.8,17.4587,54,hitl
301,2026-04-20 09:15,supplier_1,supplier,1,0.0,,,,,,,,,,,,,54,hitl
301,2026-04-20 09:15,farm_1,farm,1,,651.0,0.036,,,,,,,,,,,54,hitl
301,2026-04-20 09:15,slaughterhouse_1,slaughterhouse,1,,,,102.0,387.85,,,,,,,,,54,hitl
301,2026-04-20 09:15,wholesaler_1,wholesaler,1,,,,,,0.0,3.7,,,,,,,54,hitl
301,2026-04-20 09:15,retail_1,retail,0,,,,,,,,43.16,30.0,0.0,0.0,2.8,17.4587,54,hitl
302,2026-04-20 09:30,supplier_1,supplier,1,0.0,,,,,,,,,,,,,54,hitl
302,2026-04-20 09:30,farm_1,farm,1,,651.0,0.036,,,,,,,,,,,54,hitl
302,2026-04-20 09:30,slaughterhouse_1,slaughterhouse,1,,,,102.0,390.83,,,,,,,,,54,hitl
302,2026-04-20 09:30,wholesaler_1,wholesaler,1,,,,,,0.0,3.7,,,,,,,54,hitl
302,2026-04-20 09:30,retail_1,retail,0,,,,,,,,42.48,30.0,0.0,0.0,2.8,17.4587,54,hitl
303,2026-04-20 09:45,supplier_1,supplier,1,0.0,,,,,,,,,,,,,54,hitl
303,2026-04-20 09:45,farm_1,farm,1,,651.0,0.036,,,,,,,,,,,54,hitl
303,2026-04-20 09:45,slaughterhouse_1,slaughterhouse,1,,,,102.0,393.86,,,,,,,,,54,hitl
303,2026-04-20 09:45,wholesaler_1,wholesaler,1,,,,,,0.0,3.7,,,,,,,54,hitl
303,2026-04-20 09:45,retail_1,retail,0,,,,,,,,41.81,30.0,0.0,0.0,2.8,17.4587,54,hitl
304,2026-04-20 10:00,supplier_1,supplier,1,0.0,,,,,,,,,,,,,54,hitl
304,2026-04-20 10:00,farm_1,farm,1,,651.0,0.036,,,,,,,,,,,54,hitl
304,2026-04-20 10:00,slaughterhouse_1,slaughterhouse,1,,,,102.0,392.47,,,,,,,,,54,hitl
304,2026-04-20 10:00,wholesaler_1,wholesaler,1,,,,,,0.0,3.7,,,,,,,54,hitl
304,2026-04-20 10:00,retail_1,retail,0,,,,,,,,41.08,30.0,0.0,0.0,2.8,17.4587,54,hitl
305,2026-04-20 10:15,supplier_1,supplier,1,0.0,,,,,,,,,,,,,54,hitl
305,2026-04-20 10:15,farm_1,farm,1,,651.0,0.036,,,,,,,,,,,54,hitl
305,2026-04-20 10:15,slaughterhouse_1,slaughterhouse,1,,,,102.0,395.47,,,,,,,,,54,hitl
305,2026-04-20 10:15,wholesaler_1,wholesaler,1,,,,,,4.32,3.7,,,,,,,54,hitl
305,2026-04-20 10:15,retail_1,retail,0,,,,,,,,40.4,30.0,0.0,0.0,2.8,17.4587,54,hitl
306,2026-04-20 10:30,supplier_1,supplier,1,0.0,,,,,,,,,,,,,54,hitl
306,2026-04-20 10:30,farm_1,farm,1,,651.0,0.036,,,,,,,,,,,54,hitl
306,2026-04-20 10:30,slaughterhouse_1,slaughterhouse,1,,,,102.0,398.09,,,,,,,,,54,hitl
306,2026-04-20 10:30,wholesaler_1,wholesaler,1,,,,,,2.64,3.7,,,,,,,54,hitl
306,2026-04-20 10:30,retail_1,retail,0,,,,,,,,39.66,30.0,0.0,0.0,2.8,17.4587,54,hitl
307,2026-04-20 10:45,supplier_1,supplier,1,0.0,,,,,,,,,,,,,54,hitl
307,2026-04-20 10:45,farm_1,farm,1,,651.0,0.036,,,,,,,,,,,54,hitl
307,2026-04-20 10:45,slaughterhouse_1,slaughterhouse,1,,,,102.0,400.0,,,,,,,,,54,hitl
307,2026-04-20 10:45,wholesaler_1,wholesaler,1,,,,,,0.93,3.7,,,,,,,54,hitl
307,2026-04-20 10:45,retail_1,retail,0,,,,,,,,38.9,30.0,0.0,0.0,2.8,17.4587,54,hitl
308,2026-04-20 11:00,supplier_1,supplier,1,0.0,,,,,,,,,,,,,54,hitl
308,2026-04-20 11:00,farm_1,farm,1,,651.0,0.036,,,,,,,,,,,54,hitl
308,2026-04-20 11:00,slaughterhouse_1,slaughterhouse,1,,,,102.0,400.0,,,,,,,,,54,hitl
308,2026-04-20 11:00,wholesaler_1,wholesaler,1,,,,,,0.0,3.7,,,,,,,54,hitl
308,2026-04-20 11:00,retail_1,retail,0,,,,,,,,38.17,30.0,0.0,0.0,2.8,17.4587,54,hitl
309,2026-04-20 11:15,supplier_1,supplier,1,0.0,,,,,,,,,,,,,54,hitl
309,2026-04-20 11:15,farm_1,farm,1,,651.0,0.036,,,,,,,,,,,54,hitl
309,2026-04-20 11:15,slaughterhouse_1,slaughterhouse,1,,,,102.0,400.0,,,,,,,,,54,hitl
309,2026-04-20 11:15,wholesaler_1,wholesaler,1,,,,,,0.0,3.7,,,,,,,54,hitl
309,2026-04-20 11:15,retail_1,retail,0,,,,,,,,37.46,30.0,0.0,0.0,2.8,17.4587,54,hitl
310,2026-04-20 11:30,supplier_1,supplier,1,0.0,,,,,,,,,,,,,54,hitl
310,2026-04-20 11:30,farm_1,farm,1,,651.0,0.036,,,,,,,,,,,54,hitl
310,2026-04-20 11:30,slaughterhouse_1,slaughterhouse,1,,,,102.0,400.0,,,,,,,,,54,hitl
310,2026-04-20 11:30,wholesaler_1,wholesaler,1,,,,,,0.0,3.7,,,,,,,54,hitl
310,2026-04-20 11:30,retail_1,retail,0,,,,,,,,36.79,30.0,0.0,0.0,2.8,17.4587,54,hitl
311,2026-04-20 11:45,supplier_1,supplier,1,0.0,,,,,,,,,,,,,54,hitl
311,2026-04-20 11:45,farm_1,farm,1,,651.0,0.036,,,,,,,,,,,54,hitl
311,2026-04-20 11:45,slaughterhouse_1,slaughterhouse,1,,,,102.0,400.0,,,,,,,,,54,hitl
311,2026-04-20 11:45,wholesaler_1,wholesaler,1,,,,,,0.0,3.7,,,,,,,54,hitl
311,2026-04-20 11:45,retail_1,retail,0,,,,,,,,36.03,30.0,0.0,0.0,2.8,17.4587,54,hitl
312,2026-04-20 12:00,supplier_1,supplier,1,0.0,,,,,,,,,,,,,54,hitl
312,2026-04-20 12:00,farm_1,farm,1,,651.0,0.036,,,,,,,,,,,54,hitl
312,2026-04-20 12:00,slaughterhouse_1,slaughterhouse,1,,,,102.0,395.68,,,,,,,,,54,hitl
312,2026-04-20 12:00,wholesaler_1,wholesaler,1,,,,,,0.0,3.7,,,,,,,54,hitl
312,2026-04-20 12:00,retail_1,retail,0,,,,,,,,35.26,30.0,0.0,0.0,2.8,17.4587,54,hitl
313,2026-04-20 12:15,supplier_1,supplier,1,0.0,,,,,,,,,,,,,54,hitl
313,2026-04-20 12:15,farm_1,farm,1,,651.0,0.036,,,,,,,,,,,54,hitl
313,2026-04-20 12:15,slaughterhouse_1,slaughterhouse,1,,,,102.0,398.35,,,,,,,,,54,hitl
313,2026-04-20 12:15,wholesaler_1,wholesaler,1,,,,,,4.32,3.7,,,,,,,54,hitl
313,2026-04-20 12:15,retail_1,retail,0,,,,,,,,34.6,30.0,0.0,0.0,2.8,17.4587,54,hitl
314,2026-04-20 12:30,supplier_1,supplier,1,0.0,,,,,,,,,,,,,54,hitl
314,2026-04-20 12:30,farm_1,farm,1,,651.0,0.036,,,,,,,,,,,54,hitl
314,2026-04-20 12:30,slaughterhouse_1,slaughterhouse,1,,,,102.0,400.0,,,,,,,,,54,hitl
314,2026-04-20 12:30,wholesaler_1,wholesaler,1,,,,,,2.16,3.7,,,,,,,54,hitl
314,2026-04-20 12:30,retail_1,retail,0,,,,,,,,33.92,30.0,0.0,0.0,2.8,17.4587,54,hitl
315,2026-04-20 12:45,supplier_1,supplier,1,0.0,,,,,,,,,,,,,54,hitl
315,2026-04-20 12:45,farm_1,farm,1,,651.0,0.036,,,,,,,,,,,54,hitl
315,2026-04-20 12:45,slaughterhouse_1,slaughterhouse,1,,,,102.0,400.0,,,,,,,,,54,hitl
315,2026-04-20 12:45,wholesaler_1,wholesaler,1,,,,,,0.41,3.7,,,,,,,54,hitl
315,2026-04-20 12:45,retail_1,retail,0,,,,,,,,33.2,30.0,0.0,0.0,2.8,17.4587,54,hitl
316,2026-04-20 13:00,supplier_1,supplier,1,0.0,,,,,,,,,,,,,54,hitl
316,2026-04-20 13:00,farm_1,farm,1,,651.0,0.036,,,,,,,,,,,54,hitl
316,2026-04-20 13:00,slaughterhouse_1,slaughterhouse,1,,,,102.0,400.0,,,,,,,,,54,hitl
316,2026-04-20 13:00,wholesaler_1,wholesaler,1,,,,,,0.0,3.7,,,,,,,54,hitl
316,2026-04-20 13:00,retail_1,retail,0,,,,,,,,32.57,30.0,0.0,0.0,2.8,17.4587,54,hitl
317,2026-04-20 13:15,supplier_1,supplier,1,0.0,,,,,,,,,,,,,54,hitl
317,2026-04-20 13:15,farm_1,farm,1,,651.0,0.036,,,,,,,,,,,54,hitl
317,2026-04-20 13:15,slaughterhouse_1,slaughterhouse,1,,,,102.0,400.0,,,,,,,,,54,hitl
317,2026-04-20 13:15,wholesaler_1,wholesaler,1,,,,,,0.0,3.7,,,,,,,54,hitl
317,2026-04-20 13:15,retail_1,retail,0,,,,,,,,31.9,30.0,0.0,0.0,2.8,17.4587,54,hitl
318,2026-04-20 13:30,supplier_1,supplier,1,0.0,,,,,,,,,,,,,54,hitl
318,2026-04-20 13:30,farm_1,farm,1,,651.0,0.036,,,,,,,,,,,54,hitl
318,2026-04-20 13:30,slaughterhouse_1,slaughterhouse,1,,,,102.0,400.0,,,,,,,,,54,hitl
318,2026-04-20 13:30,wholesaler_1,wholesaler,1,,,,,,0.0,3.7,,,,,,,54,hitl
318,2026-04-20 13:30,retail_1,retail,0,,,,,,,,31.27,30.0,0.0,0.0,2.8,17.4587,54,hitl
319,2026-04-20 13:45,supplier_1,supplier,1,0.0,,,,,,,,,,,,,54,hitl
319,2026-04-20 13:45,farm_1,farm,1,,651.0,0.036,,,,,,,,,,,54,hitl
319,2026-04-20 13:45,slaughterhouse_1,slaughterhouse,1,,,,102.0,400.0,,,,,,,,,54,hitl
319,2026-04-20 13:45,wholesaler_1,wholesaler,1,,,,,,0.0,3.7,,,,,,,54,hitl
319,2026-04-20 13:45,retail_1,retail,0,,,,,,,,30.53,30.0,0.0,0.0,2.8,17.4587,54,hitl
320,2026-04-20 14:00,supplier_1,supplier,1,0.0,,,,,,,,,,,,,54,hitl
320,2026-04-20 14:00,farm_1,farm,1,,651.0,0.036,,,,,,,,,,,54,hitl
320,2026-04-20 14:00,slaughterhouse_1,slaughterhouse,1,,,,102.0,395.68,,,,,,,,,54,hitl
320,2026-04-20 14:00,wholesaler_1,wholesaler,1,,,,,,0.0,3.7,,,,,,,54,hitl
320,2026-04-20 14:00,retail_1,retail,0,,,,,,,,29.83,30.0,0.0,0.25,2.8,17.4587,54,hitl
321,2026-04-20 14:15,supplier_1,supplier,1,0.0,,,,,,,,,,,,,54,hitl
321,2026-04-20 14:15,farm_1,farm,1,,651.0,0.036,,,,,,,,,,,54,hitl
321,2026-04-20 14:15,slaughterhouse_1,slaughterhouse,1,,,,102.0,398.71,,,,,,,,,54,hitl
321,2026-04-20 14:15,wholesaler_1,wholesaler,1,,,,,,4.32,3.7,,,,,,,54,hitl
321,2026-04-20 14:15,retail_1,retail,0,,,,,,,,29.17,30.0,0.0,0.5,2.8,17.4587,54,hitl
322,2026-04-20 14:30,supplier_1,supplier,1,0.0,,,,,,,,,,,,,54,hitl
322,2026-04-20 14:30,farm_1,farm,1,,651.0,0.036,,,,,,,,,,,54,hitl
322,2026-04-20 14:30,slaughterhouse_1,slaughterhouse,1,,,,102.0,400.0,,,,,,,,,54,hitl
322,2026-04-20 14:30,wholesaler_1,wholesaler,1,,,,,,1.62,3.7,,,,,,,54,hitl
322,2026-04-20 14:30,retail_1,retail,0,,,,,,,,28.44,30.0,0.0,0.75,2.8,17.4587,54,hitl
323,2026-04-20 14:45,supplier_1,supplier,1,0.0,,,,,,,,,,,,,54,hitl
323,2026-04-20 14:45,farm_1,farm,1,,651.0,0.036,,,,,,,,,,,54,hitl
323,2026-04-20 14:45,slaughterhouse_1,slaughterhouse,1,,,,102.0,400.0,,,,,,,,,54,hitl
323,2026-04-20 14:45,wholesaler_1,wholesaler,1,,,,,,0.0,3.7,,,,,,,54,hitl
323,2026-04-20 14:45,retail_1,retail,0,,,,,,,,27.71,30.0,0.0,1.0,2.8,17.4587,54,hitl
324,2026-04-20 15:00,supplier_1,supplier,1,0.0,,,,,,,,,,,,,54,hitl
324,2026-04-20 15:00,farm_1,farm,0,,651.0,0.036,,,,,,,,,,,54,hitl
324,2026-04-20 15:00,slaughterhouse_1,slaughterhouse,1,,,,102.0,400.0,,,,,,,,,54,hitl
324,2026-04-20 15:00,wholesaler_1,wholesaler,1,,,,,,0.0,3.2271,,,,,,,54,hitl
324,2026-04-20 15:00,retail_1,retail,0,,,,,,,,27.01,30.0,0.0,1.25,2.8,17.4587,54,hitl
325,2026-04-20 15:15,supplier_1,supplier,1,0.0,,,,,,,,,,,,,54,hitl
325,2026-04-20 15:15,farm_1,farm,0,,651.0,0.036,,,,,,,,,,,54,hitl
325,2026-04-20 15:15,slaughterhouse_1,slaughterhouse,1,,,,102.0,400.0,,,,,,,,,54,hitl
325,2026-04-20 15:15,wholesaler_1,wholesaler,1,,,,,,0.0,3.2271,,,,,,,54,hitl
325,2026-04-20 15:15,retail_1,retail,0,,,,,,,,26.38,30.0,0.0,1.5,2.8,17.4587,54,hitl
326,2026-04-20 15:30,supplier_1,supplier,1,0.0,,,,,,,,,,,,,54,hitl
326,2026-04-20 15:30,farm_1,farm,0,,651.0,0.036,,,,,,,,,,,54,hitl
326,2026-04-20 15:30,slaughterhouse_1,slaughterhouse,1,,,,102.0,400.0,,,,,,,,,54,hitl
326,2026-04-20 15:30,wholesaler_1,wholesaler,1,,,,,,0.0,3.2271,,,,,,,54,hitl
326,2026-04-20 15:30,retail_1,retail,0,,,,,,,,25.62,30.0,0.0,1.75,2.8,17.4587,54,hitl
327,2026-04-20 15:45,supplier_1,supplier,1,0.0,,,,,,,,,,,,,54,hitl
327,2026-04-20 15:45,farm_1,farm,0,,651.0,0.036,,,,,,,,,,,54,hitl
327,2026-04-20 15:45,slaughterhouse_1,slaughterhouse,1,,,,102.0,400.0,,,,,,,,,54,hitl
327,2026-04-20 15:45,wholesaler_1,wholesaler,1,,,,,,0.0,3.2271,,,,,,,54,hitl
327,2026-04-20 15:45,retail_1,retail,0,,,,,,,,24.96,30.0,0.0,2.0,2.8,17.4587,54,hitl
328,2026-04-20 16:00,supplier_1,supplier,1,0.0,,,,,,,,,,,,,54,hitl
328,2026-04-20 16:00,farm_1,farm,0,,651.0,0.036,,,,,,,,,,,54,hitl
328,2026-04-20 16:00,slaughterhouse_1,slaughterhouse,1,,,,102.0,395.68,,,,,,,,,54,hitl
328,2026-04-20 16:00,wholesaler_1,wholesaler,1,,,,,,0.0,3.2271,,,,,,,54,hitl
328,2026-04-20 16:00,retail_1,retail,0,,,,,,,,24.31,30.0,0.0,2.25,2.8,17.4587,54,hitl
329,2026-04-20 16:15,supplier_1,supplier,1,0.0,,,,,,,,,,,,,54,hitl
329,2026-04-20 16:15,farm_1,farm,0,,651.0,0.036,,,,,,,,,,,54,hitl
329,2026-04-20 16:15,slaughterhouse_1,slaughterhouse,1,,,,102.0,398.37,,,,,,,,,54,hitl
329,2026-04-20 16:15,wholesaler_1,wholesaler,1,,,,,,4.32,3.2271,,,,,,,54,hitl
329,2026-04-20 16:15,retail_1,retail,0,,,,,,,,23.59,30.0,0.0,2.5,2.8,17.4587,54,hitl
330,2026-04-20 16:30,supplier_1,supplier,1,0.0,,,,,,,,,,,,,54,hitl
330,2026-04-20 16:30,farm_1,farm,0,,651.0,0.036,,,,,,,,,,,54,hitl
330,2026-04-20 16:30,slaughterhouse_1,slaughterhouse,1,,,,102.0,400.0,,,,,,,,,54,hitl
330,2026-04-20 16:30,wholesaler_1,wholesaler,1,,,,,,2.08,1.7546,,,,,,,54,hitl
330,2026-04-20 16:30,retail_1,retail,1,,,,,,,,22.86,32.274,0.0,2.75,2.8,40.1994,54,hitl
331,2026-04-20 16:45,supplier_1,supplier,1,0.0,,,,,,,,,,,,,54,hitl
331,2026-04-20 16:45,farm_1,farm,0,,651.0,0.036,,,,,,,,,,,54,hitl
331,2026-04-20 16:45,slaughterhouse_1,slaughterhouse,1,,,,102.0,400.0,,,,,,,,,54,hitl
331,2026-04-20 16:45,wholesaler_1,wholesaler,1,,,,,,0.0,1.7546,,,,,,,54,hitl
331,2026-04-20 16:45,retail_1,retail,1,,,,,,,,22.18,32.274,0.0,3.0,2.8,40.1994,54,hitl
332,2026-04-20 17:00,supplier_1,supplier,1,0.0,,,,,,,,,,,,,54,hitl
332,2026-04-20 17:00,farm_1,farm,0,,651.0,0.036,,,,,,,,,,,54,hitl
332,2026-04-20 17:00,slaughterhouse_1,slaughterhouse,1,,,,102.0,400.0,,,,,,,,,54,hitl
332,2026-04-20 17:00,wholesaler_1,wholesaler,1,,,,,,0.0,1.7546,,,,,,,54,hitl
332,2026-04-20 17:00,retail_1,retail,1,,,,,,,,21.44,32.274,0.0,3.25,2.8,40.1994,54,hitl
333,2026-04-20 17:15,supplier_1,supplier,1,0.0,,,,,,,,,,,,,54,hitl
333,2026-04-20 17:15,farm_1,farm,0,,651.0,0.036,,,,,,,,,,,54,hitl
333,2026-04-20 17:15,slaughterhouse_1,slaughterhouse,1,,,,102.0,400.0,,,,,,,,,54,hitl
333,2026-04-20 17:15,wholesaler_1,wholesaler,1,,,,,,0.0,1.7546,,,,,,,54,hitl
333,2026-04-20 17:15,retail_1,retail,1,,,,,,,,20.77,32.274,0.0,3.5,2.8,40.1994,54,hitl
334,2026-04-20 17:30,supplier_1,supplier,1,0.0,,,,,,,,,,,,,54,hitl
334,2026-04-20 17:30,farm_1,farm,0,,651.0,0.036,,,,,,,,,,,54,hitl
334,2026-04-20 17:30,slaughterhouse_1,slaughterhouse,1,,,,102.0,400.0,,,,,,,,,54,hitl
334,2026-04-20 17:30,wholesaler_1,wholesaler,1,,,,,,0.0,1.7546,,,,,,,54,hitl
334,2026-04-20 17:30,retail_1,retail,1,,,,,,,,20.03,32.274,0.0,3.75,2.8,40.1994,54,hitl
335,2026-04-20 17:45,supplier_1,supplier,1,0.0,,,,,,,,,,,,,54,hitl
335,2026-04-20 17:45,farm_1,farm,0,,651.0,0.036,,,,,,,,,,,54,hitl
335,2026-04-20 17:45,slaughterhouse_1,slaughterhouse,1,,,,102.0,400.0,,,,,,,,,54,hitl
335,2026-04-20 17:45,wholesaler_1,wholesaler,1,,,,,,0.0,1.7546,,,,,,,54,hitl
335,2026-04-20 17:45,retail_1,retail,1,,,,,,,,19.38,32.274,0.0,4.0,2.8,40.1994,54,hitl
336,2026-04-20 18:00,supplier_1,supplier,1,0.0,,,,,,,,,,,,,54,hitl
336,2026-04-20 18:00,farm_1,farm,0,,651.0,0.036,,,,,,,,,,,54,hitl
336,2026-04-20 18:00,slaughterhouse_1,slaughterhouse,1,,,,102.0,395.68,,,,,,,,,54,hitl
336,2026-04-20 18:00,wholesaler_1,wholesaler,1,,,,,,0.0,1.7546,,,,,,,54,hitl
336,2026-04-20 18:00,retail_1,retail,1,,,,,,,,18.74,32.274,0.0,4.25,2.8,40.1994,54,hitl
337,2026-04-20 18:15,supplier_1,supplier,1,0.0,,,,,,,,,,,,,54,hitl
337,2026-04-20 18:15,farm_1,farm,0,,651.0,0.036,,,,,,,,,,,54,hitl
337,2026-04-20 18:15,slaughterhouse_1,slaughterhouse,1,,,,102.0,398.53,,,,,,,,,54,hitl
337,2026-04-20 18:15,wholesaler_1,wholesaler,1,,,,,,4.32,1.7546,,,,,,,54,hitl
337,2026-04-20 18:15,retail_1,retail,1,,,,,,,,18.09,32.274,0.0,4.5,2.8,40.1994,54,hitl
338,2026-04-20 18:30,supplier_1,supplier,1,0.0,,,,,,,,,,,,,54,hitl
338,2026-04-20 18:30,farm_1,farm,0,,651.0,0.036,,,,,,,,,,,54,hitl
338,2026-04-20 18:30,slaughterhouse_1,slaughterhouse,1,,,,102.0,400.0,,,,,,,,,54,hitl
338,2026-04-20 18:30,wholesaler_1,wholesaler,1,,,,,,1.96,1.7546,,,,,,,54,hitl
338,2026-04-20 18:30,retail_1,retail,1,,,,,,,,17.37,32.274,0.0,4.75,2.8,40.1994,54,hitl
339,2026-04-20 18:45,supplier_1,supplier,1,0.0,,,,,,,,,,,,,54,hitl
339,2026-04-20 18:45,farm_1,farm,0,,651.0,0.036,,,,,,,,,,,54,hitl
339,2026-04-20 18:45,slaughterhouse_1,slaughterhouse,1,,,,102.0,400.0,,,,,,,,,54,hitl
339,2026-04-20 18:45,wholesaler_1,wholesaler,1,,,,,,0.0,1.7546,,,,,,,54,hitl
339,2026-04-20 18:45,retail_1,retail,1,,,,,,,,16.7,32.274,0.0,5.0,2.8,40.1994,54,hitl
340,2026-04-20 19:00,supplier_1,supplier,1,0.0,,,,,,,,,,,,,54,hitl
340,2026-04-20 19:00,farm_1,farm,0,,651.0,0.036,,,,,,,,,,,54,hitl
340,2026-04-20 19:00,slaughterhouse_1,slaughterhouse,1,,,,102.0,400.0,,,,,,,,,54,hitl
340,2026-04-20 19:00,wholesaler_1,wholesaler,1,,,,,,0.0,1.7546,,,,,,,54,hitl
340,2026-04-20 19:00,retail_1,retail,1,,,,,,,,16.02,32.274,0.0,5.25,2.8,40.1994,54,hitl
341,2026-04-20 19:15,supplier_1,supplier,1,0.0,,,,,,,,,,,,,54,hitl
341,2026-04-20 19:15,farm_1,farm,0,,651.0,0.036,,,,,,,,,,,54,hitl
341,2026-04-20 19:15,slaughterhouse_1,slaughterhouse,1,,,,102.0,400.0,,,,,,,,,54,hitl
341,2026-04-20 19:15,wholesaler_1,wholesaler,1,,,,,,0.0,1.7546,,,,,,,54,hitl
341,2026-04-20 19:15,retail_1,retail,1,,,,,,,,15.24,32.274,0.0,5.5,2.8,40.1994,54,hitl
342,2026-04-20 19:30,supplier_1,supplier,1,0.0,,,,,,,,,,,,,54,hitl
342,2026-04-20 19:30,farm_1,farm,0,,651.0,0.036,,,,,,,,,,,54,hitl
342,2026-04-20 19:30,slaughterhouse_1,slaughterhouse,1,,,,102.0,400.0,,,,,,,,,54,hitl
342,2026-04-20 19:30,wholesaler_1,wholesaler,1,,,,,,0.0,1.7546,,,,,,,54,hitl
342,2026-04-20 19:30,retail_1,retail,1,,,,,,,,14.53,32.274,0.0,5.75,2.8,40.1994,54,hitl
343,2026-04-20 19:45,supplier_1,supplier,1,0.0,,,,,,,,,,,,,54,hitl
343,2026-04-20 19:45,farm_1,farm,0,,651.0,0.036,,,,,,,,,,,54,hitl
343,2026-04-20 19:45,slaughterhouse_1,slaughterhouse,1,,,,102.0,400.0,,,,,,,,,54,hitl
343,2026-04-20 19:45,wholesaler_1,wholesaler,1,,,,,,0.0,1.7546,,,,,,,54,hitl
343,2026-04-20 19:45,retail_1,retail,1,,,,,,,,13.79,32.274,0.0,6.0,2.8,40.1994,54,hitl
344,2026-04-20 20:00,supplier_1,supplier,1,0.0,,,,,,,,,,,,,54,hitl
344,2026-04-20 20:00,farm_1,farm,0,,651.0,0.036,,,,,,,,,,,54,hitl
344,2026-04-20 20:00,slaughterhouse_1,slaughterhouse,1,,,,102.0,395.68,,,,,,,,,54,hitl
344,2026-04-20 20:00,wholesaler_1,wholesaler,1,,,,,,0.0,1.7546,,,,,,,54,hitl
344,2026-04-20 20:00,retail_1,retail,1,,,,,,,,13.14,32.274,0.0,6.25,2.8,40.1994,54,hitl
345,2026-04-20 20:15,supplier_1,supplier,1,0.0,,,,,,,,,,,,,54,hitl
345,2026-04-20 20:15,farm_1,farm,0,,651.0,0.036,,,,,,,,,,,54,hitl
345,2026-04-20 20:15,slaughterhouse_1,slaughterhouse,1,,,,102.0,398.4,,,,,,,,,54,hitl
345,2026-04-20 20:15,wholesaler_1,wholesaler,1,,,,,,4.32,1.7546,,,,,,,54,hitl
345,2026-04-20 20:15,retail_1,retail,1,,,,,,,,12.49,32.274,0.0,6.5,2.8,40.1994,54,hitl
346,2026-04-20 20:30,supplier_1,supplier,1,0.0,,,,,,,,,,,,,54,hitl
346,2026-04-20 20:30,farm_1,farm,0,,651.0,0.036,,,,,,,,,,,54,hitl
346,2026-04-20 20:30,slaughterhouse_1,slaughterhouse,1,,,,102.0,400.0,,,,,,,,,54,hitl
346,2026-04-20 20:30,wholesaler_1,wholesaler,1,,,,,,1.63,1.7546,,,,,,,54,hitl
346,2026-04-20 20:30,retail_1,retail,1,,,,,,,,11.77,32.274,0.0,6.75,2.8,40.1994,54,hitl
347,2026-04-20 20:45,supplier_1,supplier,1,0.0,,,,,,,,,,,,,54,hitl
347,2026-04-20 20:45,farm_1,farm,0,,651.0,0.036,,,,,,,,,,,54,hitl
347,2026-04-20 20:45,slaughterhouse_1,slaughterhouse,1,,,,102.0,400.0,,,,,,,,,54,hitl
347,2026-04-20 20:45,wholesaler_1,wholesaler,1,,,,,,0.0,1.7546,,,,,,,54,hitl
347,2026-04-20 20:45,retail_1,retail,1,,,,,,,,11.02,32.274,0.0,7.0,2.8,40.1994,54,hitl
348,2026-04-20 21:00,supplier_1,supplier,1,0.0,,,,,,,,,,,,,54,hitl
348,2026-04-20 21:00,farm_1,farm,0,,651.0,0.036,,,,,,,,,,,54,hitl
348,2026-04-20 21:00,slaughterhouse_1,slaughterhouse,1,,,,102.0,400.0,,,,,,,,,54,hitl
348,2026-04-20 21:00,wholesaler_1,wholesaler,1,,,,,,0.0,1.7546,,,,,,,54,hitl
348,2026-04-20 21:00,retail_1,retail,1,,,,,,,,10.3,32.274,0.0,7.25,2.8,40.1994,54,hitl
349,2026-04-20 21:15,supplier_1,supplier,1,0.0,,,,,,,,,,,,,54,hitl
349,2026-04-20 21:15,farm_1,farm,0,,651.0,0.036,,,,,,,,,,,54,hitl
349,2026-04-20 21:15,slaughterhouse_1,slaughterhouse,1,,,,102.0,400.0,,,,,,,,,54,hitl
349,2026-04-20 21:15,wholesaler_1,wholesaler,1,,,,,,0.0,1.7546,,,,,,,54,hitl
349,2026-04-20 21:15,retail_1,retail,1,,,,,,,,9.65,32.274,0.0,7.5,2.8,40.1994,54,hitl
350,2026-04-20 21:30,supplier_1,supplier,1,0.0,,,,,,,,,,,,,54,hitl
350,2026-04-20 21:30,farm_1,farm,0,,651.0,0.036,,,,,,,,,,,54,hitl
350,2026-04-20 21:30,slaughterhouse_1,slaughterhouse,1,,,,102.0,400.0,,,,,,,,,54,hitl
350,2026-04-20 21:30,wholesaler_1,wholesaler,1,,,,,,0.0,1.7546,,,,,,,54,hitl
350,2026-04-20 21:30,retail_1,retail,1,,,,,,,,9.03,32.274,0.0,7.75,2.8,40.1994,54,hitl
351,2026-04-20 21:45,supplier_1,supplier,1,0.0,,,,,,,,,,,,,54,hitl
351,2026-04-20 21:45,farm_1,farm,0,,651.0,0.036,,,,,,,,,,,54,hitl
351,2026-04-20 21:45,slaughterhouse_1,slaughterhouse,1,,,,102.0,400.0,,,,,,,,,54,hitl
351,2026-04-20 21:45,wholesaler_1,wholesaler,1,,,,,,0.0,1.7546,,,,,,,54,hitl
351,2026-04-20 21:45,retail_1,retail,1,,,,,,,,8.33,32.274,0.0,8.0,2.8,40.1994,54,hitl
352,2026-04-20 22:00,supplier_1,supplier,1,0.0,,,,,,,,,,,,,54,hitl
352,2026-04-20 22:00,farm_1,farm,0,,651.0,0.036,,,,,,,,,,,54,hitl
352,2026-04-20 22:00,slaughterhouse_1,slaughterhouse,1,,,,102.0,395.68,,,,,,,,,54,hitl
352,2026-04-20 22:00,wholesaler_1,wholesaler,1,,,,,,0.0,1.7546,,,,,,,54,hitl
352,2026-04-20 22:00,retail_1,retail,1,,,,,,,,7.57,32.274,0.0,8.25,2.8,40.1994,54,hitl
353,2026-04-20 22:15,supplier_1,supplier,1,0.0,,,,,,,,,,,,,54,hitl
353,2026-04-20 22:15,farm_1,farm,0,,651.0,0.036,,,,,,,,,,,54,hitl
353,2026-04-20 22:15,slaughterhouse_1,slaughterhouse,1,,,,102.0,398.28,,,,,,,,,54,hitl
353,2026-04-20 22:15,wholesaler_1,wholesaler,1,,,,,,4.32,1.7546,,,,,,,54,hitl
353,2026-04-20 22:15,retail_1,retail,1,,,,,,,,6.86,32.274,0.0,8.5,2.8,40.1994,54,hitl
354,2026-04-20 22:30,supplier_1,supplier,1,0.0,,,,,,,,,,,,,54,hitl
354,2026-04-20 22:30,farm_1,farm,0,,651.0,0.036,,,,,,,,,,,54,hitl
354,2026-04-20 22:30,slaughterhouse_1,slaughterhouse,1,,,,102.0,400.0,,,,,,,,,54,hitl
354,2026-04-20 22:30,wholesaler_1,wholesaler,1,,,,,,2.62,1.7546,,,,,,,54,hitl
354,2026-04-20 22:30,retail_1,retail,1,,,,,,,,6.18,32.274,0.0,8.75,2.8,40.1994,54,hitl
355,2026-04-20 22:45,supplier_1,supplier,1,0.0,,,,,,,,,,,,,54,hitl
355,2026-04-20 22:45,farm_1,farm,0,,651.0,0.036,,,,,,,,,,,54,hitl
355,2026-04-20 22:45,slaughterhouse_1,slaughterhouse,1,,,,102.0,400.0,,,,,,,,,54,hitl
355,2026-04-20 22:45,wholesaler_1,wholesaler,1,,,,,,0.0,1.7546,,,,,,,54,hitl
355,2026-04-20 22:45,retail_1,retail,1,,,,,,,,5.49,32.274,0.0,9.0,2.8,40.1994,54,hitl
356,2026-04-20 23:00,supplier_1,supplier,1,0.0,,,,,,,,,,,,,54,hitl
356,2026-04-20 23:00,farm_1,farm,0,,651.0,0.036,,,,,,,,,,,54,hitl
356,2026-04-20 23:00,slaughterhouse_1,slaughterhouse,1,,,,102.0,400.0,,,,,,,,,54,hitl
356,2026-04-20 23:00,wholesaler_1,wholesaler,1,,,,,,0.0,1.7546,,,,,,,54,hitl
356,2026-04-20 23:00,retail_1,retail,1,,,,,,,,4.79,32.274,0.0,9.25,2.8,40.1994,54,hitl
357,2026-04-20 23:15,supplier_1,supplier,1,0.0,,,,,,,,,,,,,54,hitl
357,2026-04-20 23:15,farm_1,farm,0,,651.0,0.036,,,,,,,,,,,54,hitl
357,2026-04-20 23:15,slaughterhouse_1,slaughterhouse,1,,,,102.0,400.0,,,,,,,,,54,hitl
357,2026-04-20 23:15,wholesaler_1,wholesaler,1,,,,,,0.0,1.7546,,,,,,,54,hitl
357,2026-04-20 23:15,retail_1,retail,1,,,,,,,,4.04,32.274,0.0,9.5,2.8,40.1994,54,hitl
358,2026-04-20 23:30,supplier_1,supplier,1,0.0,,,,,,,,,,,,,54,hitl
358,2026-04-20 23:30,farm_1,farm,0,,651.0,0.036,,,,,,,,,,,54,hitl
358,2026-04-20 23:30,slaughterhouse_1,slaughterhouse,1,,,,102.0,400.0,,,,,,,,,54,hitl
358,2026-04-20 23:30,wholesaler_1,wholesaler,1,,,,,,0.0,1.7546,,,,,,,54,hitl
358,2026-04-20 23:30,retail_1,retail,1,,,,,,,,3.4,32.274,0.0,9.75,2.8,40.1994,54,hitl
359,2026-04-20 23:45,supplier_1,supplier,1,0.0,,,,,,,,,,,,,54,hitl
359,2026-04-20 23:45,farm_1,farm,0,,651.0,0.036,,,,,,,,,,,54,hitl
359,2026-04-20 23:45,slaughterhouse_1,slaughterhouse,1,,,,102.0,400.0,,,,,,,,,54,hitl
359,2026-04-20 23:45,wholesaler_1,wholesaler,1,,,,,,0.0,1.7546,,,,,,,54,hitl
359,2026-04-20 23:45,retail_1,retail,1,,,,,,,,2.73,32.274,0.0,10.0,2.8,40.1994,54,hitl
360,2026-04-21 00:00,supplier_1,supplier,1,0.0,,,,,,,,,,,,,54,hitl
360,2026-04-21 00:00,farm_1,farm,1,,651.0,0.036,,,,,,,,,,,54,hitl
360,2026-04-21 00:00,slaughterhouse_1,slaughterhouse,1,,,,102.0,395.68,,,,,,,,,54,hitl
360,2026-04-21 00:00,wholesaler_1,wholesaler,1,,,,,,0.0,1.7546,,,,,,,54,hitl
360,2026-04-21 00:00,retail_1,retail,1,,,,,,,,2.07,32.274,0.0,10.25,2.8,40.1994,54,hitl
361,2026-04-21 00:15,supplier_1,supplier,1,0.0,,,,,,,,,,,,,54,hitl
361,2026-04-21 00:15,farm_1,farm,1,,651.0,0.036,,,,,,,,,,,54,hitl
361,2026-04-21 00:15,slaughterhouse_1,slaughterhouse,1,,,,102.0,398.52,,,,,,,,,54,hitl
361,2026-04-21 00:15,wholesaler_1,wholesaler,1,,,,,,4.32,1.7546,,,,,,,54,hitl
361,2026-04-21 00:15,retail_1,retail,1,,,,,,,,1.36,32.274,0.0,10.5,2.8,40.1994,54,hitl
362,2026-04-21 00:30,supplier_1,supplier,1,0.0,,,,,,,,,,,,,54,hitl
362,2026-04-21 00:30,farm_1,farm,1,,651.0,0.036,,,,,,,,,,,54,hitl
362,2026-04-21 00:30,slaughterhouse_1,slaughterhouse,1,,,,102.0,400.0,,,,,,,,,54,hitl
362,2026-04-21 00:30,wholesaler_1,wholesaler,1,,,,,,1.36,1.7546,,,,,,,54,hitl
362,2026-04-21 00:30,retail_1,retail,1,,,,,,,,0.68,32.274,0.0,10.75,2.8,40.1994,54,hitl
363,2026-04-21 00:45,supplier_1,supplier,1,0.0,,,,,,,,,,,,,54,hitl
363,2026-04-21 00:45,farm_1,farm,1,,651.0,0.036,,,,,,,,,,,54,hitl
363,2026-04-21 00:45,slaughterhouse_1,slaughterhouse,1,,,,102.0,400.0,,,,,,,,,54,hitl
363,2026-04-21 00:45,wholesaler_1,wholesaler,1,,,,,,0.0,1.7546,,,,,,,54,hitl
363,2026-04-21 00:45,retail_1,retail,1,,,,,,,,0.06,32.274,0.0,11.0,2.8,40.1994,54,hitl
364,2026-04-21 01:00,supplier_1,supplier,1,0.0,,,,,,,,,,,,,54,hitl
364,2026-04-21 01:00,farm_1,farm,1,,651.0,0.036,,,,,,,,,,,54,hitl
364,2026-04-21 01:00,slaughterhouse_1,slaughterhouse,0,,,,372.0,222.96,,,,,,,,,54,hitl
364,2026-04-21 01:00,wholesaler_1,wholesaler,1,,,,,,0.0,1.7546,,,,,,,54,hitl
364,2026-04-21 01:00,retail_1,retail,1,,,,,,,,0.0,32.274,1.0,11.25,2.8,40.1994,54,hitl
365,2026-04-21 01:15,supplier_1,supplier,1,0.0,,,,,,,,,,,,,54,hitl
365,2026-04-21 01:15,farm_1,farm,1,,651.0,0.036,,,,,,,,,,,54,hitl
365,2026-04-21 01:15,slaughterhouse_1,slaughterhouse,0,,,,372.0,233.55,,,,,,,,,54,hitl
365,2026-04-21 01:15,wholesaler_1,wholesaler,1,,,,,,0.0,1.7546,,,,,,,54,hitl
365,2026-04-21 01:15,retail_1,retail,1,,,,,,,,0.0,32.274,1.0,11.5,2.8,40.1994,54,hitl
366,2026-04-21 01:30,supplier_1,supplier,1,0.0,,,,,,,,,,,,,54,hitl
366,2026-04-21 01:30,farm_1,farm,1,,651.0,0.036,,,,,,,,,,,54,hitl
366,2026-04-21 01:30,slaughterhouse_1,slaughterhouse,0,,,,372.0,244.64,,,,,,,,,54,hitl
366,2026-04-21 01:30,wholesaler_1,wholesaler,1,,,,,,0.0,1.7546,,,,,,,54,hitl
366,2026-04-21 01:30,retail_1,retail,1,,,,,,,,0.0,32.274,1.0,11.75,2.8,40.1994,54,hitl
367,2026-04-21 01:45,supplier_1,supplier,1,0.0,,,,,,,,,,,,,54,hitl
367,2026-04-21 01:45,farm_1,farm,1,,651.0,0.036,,,,,,,,,,,54,hitl
367,2026-04-21 01:45,slaughterhouse_1,slaughterhouse,0,,,,372.0,254.78,,,,,,,,,54,hitl
367,2026-04-21 01:45,wholesaler_1,wholesaler,1,,,,,,0.0,1.7546,,,,,,,54,hitl
367,2026-04-21 01:45,retail_1,retail,1,,,,,,,,0.0,32.274,1.0,12.0,2.8,40.1994,54,hitl
368,2026-04-21 02:00,supplier_1,supplier,1,0.0,,,,,,,,,,,,,54,hitl
368,2026-04-21 02:00,farm_1,farm,1,,651.0,0.036,,,,,,,,,,,54,hitl
368,2026-04-21 02:00,slaughterhouse_1,slaughterhouse,0,,,,372.0,241.61,,,,,,,,,54,hitl
368,2026-04-21 02:00,wholesaler_1,wholesaler,1,,,,,,0.0,1.7546,,,,,,,54,hitl
368,2026-04-21 02:00,retail_1,retail,1,,,,,,,,0.0,32.274,1.0,12.25,2.8,40.1994,54,hitl
369,2026-04-21 02:15,supplier_1,supplier,1,0.0,,,,,,,,,,,,,54,hitl
369,2026-04-21 02:15,farm_1,farm,1,,651.0,0.036,,,,,,,,,,,54,hitl
369,2026-04-21 02:15,slaughterhouse_1,slaughterhouse,0,,,,372.0,252.22,,,,,,,,,54,hitl
369,2026-04-21 02:15,wholesaler_1,wholesaler,1,,,,,,24.0,1.7546,,,,,,,54,hitl
369,2026-04-21 02:15,retail_1,retail,1,,,,,,,,0.0,32.274,1.0,12.5,2.8,40.1994,54,hitl
370,2026-04-21 02:30,supplier_1,supplier,1,0.0,,,,,,,,,,,,,54,hitl
370,2026-04-21 02:30,farm_1,farm,1,,651.0,0.036,,,,,,,,,,,54,hitl
370,2026-04-21 02:30,slaughterhouse_1,slaughterhouse,0,,,,372.0,262.78,,,,,,,,,54,hitl
370,2026-04-21 02:30,wholesaler_1,wholesaler,1,,,,,,21.03,1.7546,,,,,,,54,hitl
370,2026-04-21 02:30,retail_1,retail,1,,,,,,,,0.0,32.274,1.0,12.75,2.8,40.1994,54,hitl
371,2026-04-21 02:45,supplier_1,supplier,1,0.0,,,,,,,,,,,,,54,hitl
371,2026-04-21 02:45,farm_1,farm,1,,651.0,0.036,,,,,,,,,,,54,hitl
371,2026-04-21 02:45,slaughterhouse_1,slaughterhouse,0,,,,372.0,272.48,,,,,,,,,54,hitl
371,2026-04-21 02:45,wholesaler_1,wholesaler,1,,,,,,19.23,1.7546,,,,,,,54,hitl
371,2026-04-21 02:45,retail_1,retail,1,,,,,,,,0.0,32.274,1.0,13.0,2.8,40.1994,54,hitl
372,2026-04-21 03:00,supplier_1,supplier,1,0.0,,,,,,,,,,,,,54,hitl
372,2026-04-21 03:00,farm_1,farm,1,,651.0,0.036,,,,,,,,,,,54,hitl
372,2026-04-21 03:00,slaughterhouse_1,slaughterhouse,0,,,,372.0,282.29,,,,,,,,,54,hitl
372,2026-04-21 03:00,wholesaler_1,wholesaler,1,,,,,,17.25,1.7546,,,,,,,54,hitl
372,2026-04-21 03:00,retail_1,retail,1,,,,,,,,0.0,32.274,1.0,13.25,2.8,40.1994,54,hitl
373,2026-04-21 03:15,supplier_1,supplier,1,0.0,,,,,,,,,,,,,54,hitl
373,2026-04-21 03:15,farm_1,farm,1,,651.0,0.036,,,,,,,,,,,54,hitl
373,2026-04-21 03:15,slaughterhouse_1,slaughterhouse,0,,,,372.0,292.42,,,,,,,,,54,hitl
373,2026-04-21 03:15,wholesaler_1,wholesaler,1,,,,,,15.7,1.7546,,,,,,,54,hitl
373,2026-04-21 03:15,retail_1,retail,1,,,,,,,,0.0,32.274,1.0,13.5,2.8,40.1994,54,hitl
374,2026-04-21 03:30,supplier_1,supplier,1,0.0,,,,,,,,,,,,,54,hitl
374,2026-04-21 03:30,farm_1,farm,1,,651.0,0.036,,,,,,,,,,,54,hitl
374,2026-04-21 03:30,slaughterhouse_1,slaughterhouse,0,,,,372.0,302.17,,,,,,,,,54,hitl
374,2026-04-21 03:30,wholesaler_1,wholesaler,1,,,,,,13.61,1.7546,,,,,,,54,hitl
374,2026-04-21 03:30,retail_1,retail,1,,,,,,,,0.0,32.274,1.0,13.75,2.8,40.1994,54,hitl
375,2026-04-21 03:45,supplier_1,supplier,1,0.0,,,,,,,,,,,,,54,hitl
375,2026-04-21 03:45,farm_1,farm,1,,651.0,0.036,,,,,,,,,,,54,hitl
375,2026-04-21 03:45,slaughterhouse_1,slaughterhouse,0,,,,372.0,313.27,,,,,,,,,54,hitl
375,2026-04-21 03:45,wholesaler_1,wholesaler,1,,,,,,10.65,1.7546,,,,,,,54,hitl
375,2026-04-21 03:45,retail_1,retail,1,,,,,,,,0.0,32.274,1.0,14.0,2.8,40.1994,54,hitl
376,2026-04-21 04:00,supplier_1,supplier,1,0.0,,,,,,,,,,,,,54,hitl
376,2026-04-21 04:00,farm_1,farm,1,,651.0,0.036,,,,,,,,,,,54,hitl
376,2026-04-21 04:00,slaughterhouse_1,slaughterhouse,0,,,,372.0,300.31,,,,,,,,,54,hitl
376,2026-04-21 04:00,wholesaler_1,wholesaler,1,,,,,,9.04,1.7546,,,,,,,54,hitl
376,2026-04-21 04:00,retail_1,retail,1,,,,,,,,0.0,32.274,1.0,14.25,2.8,40.1994,54,hitl
377,2026-04-21 04:15,supplier_1,supplier,1,0.0,,,,,,,,,,,,,54,hitl
377,2026-04-21 04:15,farm_1,farm,1,,651.0,0.036,,,,,,,,,,,54,hitl
377,2026-04-21 04:15,slaughterhouse_1,slaughterhouse,0,,,,372.0,309.83,,,,,,,,,54,hitl
377,2026-04-21 04:15,wholesaler_1,wholesaler,1,,,,,,30.92,1.7546,,,,,,,54,hitl
377,2026-04-21 04:15,retail_1,retail,1,,,,,,,,0.0,32.274,1.0,14.5,2.8,40.1994,54,hitl
378,2026-04-21 04:30,supplier_1,supplier,1,0.0,,,,,,,,,,,,,54,hitl
378,2026-04-21 04:30,farm_1,farm,1,,651.0,0.036,,,,,,,,,,,54,hitl
378,2026-04-21 04:30,slaughterhouse_1,slaughterhouse,0,,,,372.0,320.67,,,,,,,,,54,hitl
378,2026-04-21 04:30,wholesaler_1,wholesaler,1,,,,,,28.66,1.7546,,,,,,,54,hitl
378,2026-04-21 04:30,retail_1,retail,1,,,,,,,,0.0,32.274,1.0,14.75,2.8,40.1994,54,hitl
379,2026-04-21 04:45,supplier_1,supplier,1,0.0,,,,,,,,,,,,,54,hitl
379,2026-04-21 04:45,farm_1,farm,1,,651.0,0.036,,,,,,,,,,,54,hitl
379,2026-04-21 04:45,slaughterhouse_1,slaughterhouse,0,,,,372.0,330.43,,,,,,,,,54,hitl
379,2026-04-21 04:45,wholesaler_1,wholesaler,1,,,,,,26.34,1.7546,,,,,,,54,hitl
379,2026-04-21 04:45,retail_1,retail,1,,,,,,,,0.0,32.274,1.0,15.0,2.8,40.1994,54,hitl
380,2026-04-21 05:00,supplier_1,supplier,1,0.0,,,,,,,,,,,,,54,hitl
380,2026-04-21 05:00,farm_1,farm,1,,651.0,0.036,,,,,,,,,,,54,hitl
380,2026-04-21 05:00,slaughterhouse_1,slaughterhouse,0,,,,372.0,341.08,,,,,,,,,54,hitl
380,2026-04-21 05:00,wholesaler_1,wholesaler,1,,,,,,24.55,1.7546,,,,,,,54,hitl
380,2026-04-21 05:00,retail_1,retail,1,,,,,,,,0.0,32.274,1.0,15.25,2.8,40.1994,54,hitl
381,2026-04-21 05:15,supplier_1,supplier,1,0.0,,,,,,,,,,,,,54,hitl
381,2026-04-21 05:15,farm_1,farm,1,,651.0,0.036,,,,,,,,,,,54,hitl
381,2026-04-21 05:15,slaughterhouse_1,slaughterhouse,0,,,,372.0,351.32,,,,,,,,,54,hitl
381,2026-04-21 05:15,wholesaler_1,wholesaler,1,,,,,,22.53,1.7546,,,,,,,54,hitl
381,2026-04-21 05:15,retail_1,retail,1,,,,,,,,0.0,32.274,1.0,15.5,2.8,40.1994,54,hitl
382,2026-04-21 05:30,supplier_1,supplier,1,0.0,,,,,,,,,,,,,54,hitl
382,2026-04-21 05:30,farm_1,farm,1,,651.0,0.036,,,,,,,,,,,54,hitl
382,2026-04-21 05:30,slaughterhouse_1,slaughterhouse,0,,,,372.0,361.24,,,,,,,,,54,hitl
382,2026-04-21 05:30,wholesaler_1,wholesaler,1,,,,,,20.41,1.7546,,,,,,,54,hitl
382,2026-04-21 05:30,retail_1,retail,1,,,,,,,,0.0,32.274,1.0,15.75,2.8,40.1994,54,hitl
383,2026-04-21 05:45,supplier_1,supplier,1,0.0,,,,,,,,,,,,,54,hitl
383,2026-04-21 05:45,farm_1,farm,1,,651.0,0.036,,,,,,,,,,,54,hitl
383,2026-04-21 05:45,slaughterhouse_1,slaughterhouse,0,,,,372.0,371.96,,,,,,,,,54,hitl
383,2026-04-21 05:45,wholesaler_1,wholesaler,1,,,,,,18.9,1.7546,,,,,,,54,hitl
383,2026-04-21 05:45,retail_1,retail,1,,,,,,,,0.0,32.274,1.0,16.0,2.8,40.1994,54,hitl
