tick,timestamp,node_id,node_type,disrupted,available_supply,production_capacity,mortality_rate,processing_capacity,output_stock,inventory_level,pending_shipments,retail_inventory,safety_stock,stockout_flag,shortage_duration,sales_rate,reorder_request,scenario_id,mode
0,2026-05-13 06:00,supplier_1,supplier,0,906.14,,,,,,,,,,,,,67,hitl
0,2026-05-13 06:00,farm_1,farm,0,,761.0,0.018,,,,,,,,,,,67,hitl
0,2026-05-13 06:00,slaughterhouse_1,slaughterhouse,0,,,,358.0,226.67,,,,,,,,,67,hitl
0,2026-05-13 06:00,wholesaler_1,wholesaler,0,,,,,,160.42,11.4,,,,,,,67,hitl
0,2026-05-13 06:00,retail_1,retail,0,,,,,,,,88.35,30.0,0.0,0.0,14.48,0.0,67,hitl
1,2026-05-13 06:15,supplier_1,supplier,0,904.78,,,,,,,,,,,,,67,hitl
1,2026-05-13 06:15,farm_1,farm,0,,761.0,0.018,,,,,,,,,,,67,hitl
1,2026-05-13 06:15,slaughterhouse_1,slaughterhouse,0,,,,358.0,236.79,,,,,,,,,67,hitl
1,2026-05-13 06:15,wholesaler_1,wholesaler,0,,,,,,182.38,11.4,,,,,,,67,hitl
1,2026-05-13 06:15,retail_1,retail,0,,,,,,,,92.99,30.0,0.0,0.0,14.48,0.0,67,hitl
2,2026-05-13 06:30,supplier_1,supplier,0,904.06,,,,,,,,,,,,,67,hitl
2,2026-05-13 06:30,farm_1,farm,0,,761.0,0.018,,,,,,,,,,,67,hitl
2,2026-05-13 06:30,slaughterhouse_1,slaughterhouse,0,,,,358.0,246.48,,,,,,,,,67,hitl
2,2026-05-13 06:30,wholesaler_1,wholesaler,0,,,,,,180.43,11.4,,,,,,,67,hitl
2,2026-05-13 06:30,retail_1,retail,0,,,,,,,,89.52,30.0,0.0,0.0,14.48,0.0,67,hitl
3,2026-05-13 06:45,supplier_1,supplier,0,903.4,,,,,,,,,,,,,67,hitl
3,2026-05-13 06:45,farm_1,farm,0,,761.0,0.018,,,,,,,,,,,67,hitl
3,2026-05-13 06:45,slaughterhouse_1,slaughterhouse,0,,,,358.0,256.05,,,,,,,,,67,hitl
3,2026-05-13 06:45,wholesaler_1,wholesaler,0,,,,,,177.54,11.4,,,,,,,67,hitl
3,2026-05-13 06:45,retail_1,retail,0,,,,,,,,85.52,30.0,0.0,0.0,14.48,0.0,67,hitl
4,2026-05-13 07:00,supplier_1,supplier,0,902.6,,,,,,,,,,,,,67,hitl
4,2026-05-13 07:00,farm_1,farm,0,,761.0,0.018,,,,,,,,,,,67,hitl
4,2026-05-13 07:00,slaughterhouse_1,slaughterhouse,0,,,,358.0,265.43,,,,,,,,,67,hitl
4,2026-05-13 07:00,wholesaler_1,wholesaler,0,,,,,,167.23,11.4,,,,,,,67,hitl
4,2026-05-13 07:00,retail_1,retail,0,,,,,,,,82.04,30.0,0.0,0.0,14.48,0.0,67,hitl
5,2026-05-13 07:15,supplier_1,supplier,0,901.28,,,,,,,,,,,,,67,hitl
5,2026-05-13 07:15,farm_1,farm,0,,761.0,0.018,,,,,,,,,,,67,hitl
5,2026-05-13 07:15,slaughterhouse_1,slaughterhouse,0,,,,358.0,275.68,,,,,,,,,67,hitl
5,2026-05-13 07:15,wholesaler_1,wholesaler,0,,,,,,165.57,11.4,,,,,,,67,hitl
5,2026-05-13 07:15,retail_1,retail,0,,,,,,,,86.1,30.0,0.0,0.0,14.48,0.0,67,hitl
6,2026-05-13 07:30,supplier_1,supplier,0,899.81,,,,,,,,,,,,,67,hitl
6,2026-05-13 07:30,farm_1,farm,0,,761.0,0.018,,,,,,,,,,,67,hitl
6,2026-05-13 07:30,slaughterhouse_1,slaughterhouse,0,,,,358.0,285.75,,,,,,,,,67,hitl
6,2026-05-13 07:30,wholesaler_1,wholesaler,0,,,,,,163.06,11.4,,,,,,,67,hitl
6,2026-05-13 07:30,retail_1,retail,0,,,,,,,,82.59,30.0,0.0,0.0,14.48,0.0,67,hitl
7,2026-05-13 07:45,supplier_1,supplier,0,898.95,,,,,,,,,,,,,67,hitl
7,2026-05-13 07:45,farm_1,farm,0,,761.0,0.018,,,,,,,,,,,67,hitl
7,2026-05-13 07:45,slaughterhouse_1,slaughterhouse,0,,,,358.0,296.27,,,,,,,,,67,hitl
7,2026-05-13 07:45,wholesaler_1,wholesaler,0,,,,,,160.63,11.4,,,,,,,67,hitl
7,2026-05-13 07:45,retail_1,retail,0,,,,,,,,78.81,30.0,0.0,0.0,14.48,0.0,67,hitl
8,2026-05-13 08:00,supplier_1,supplier,0,898.15,,,,,,,,,,,,,67,hitl
8,2026-05-13 08:00,farm_1,farm,0,,761.0,0.018,,,,,,,,,,,67,hitl
8,2026-05-13 08:00,slaughterhouse_1,slaughterhouse,0,,,,358.0,281.58,,,,,,,,,67,hitl
8,2026-05-13 08:00,wholesaler_1,wholesaler,0,,,,,,150.4,11.4,,,,,,,67,hitl
8,2026-05-13 08:00,retail_1,retail,0,,,,,,,,75.16,30.0,0.0,0.0,14.48,0.0,67,hitl
9,2026-05-13 08:15,supplier_1,supplier,0,897.11,,,,,,,,,,,,,67,hitl
9,2026-05-13 08:15,farm_1,farm,0,,761.0,0.018,,,,,,,,,,,67,hitl
9,2026-05-13 08:15,slaughterhouse_1,slaughterhouse,0,,,,358.0,291.71,,,,,,,,,67,hitl
9,2026-05-13 08:15,wholesaler_1,wholesaler,0,,,,,,171.83,11.4,,,,,,,67,hitl
9,2026-05-13 08:15,retail_1,retail,0,,,,,,,,79.57,30.0,0.0,0.0,14.48,0.0,67,hitl
10,2026-05-13 08:30,supplier_1,supplier,0,896.22,,,,,,,,,,,,,67,hitl
10,2026-05-13 08:30,farm_1,farm,0,,761.0,0.018,,,,,,,,,,,67,hitl
10,2026-05-13 08:30,slaughterhouse_1,slaughterhouse,0,,,,358.0,301.38,,,,,,,,,67,hitl
10,2026-05-13 08:30,wholesaler_1,wholesaler,0,,,,,,169.38,11.4,,,,,,,67,hitl
10,2026-05-13 08:30,retail_1,retail,0,,,,,,,,75.66,30.0,0.0,0.0,14.48,0.0,67,hitl
11,2026-05-13 08:45,supplier_1,supplier,0,894.96,,,,,,,,,,,,,67,hitl
11,2026-05-13 08:45,farm_1,farm,0,,761.0,0.018,,,,,,,,,,,67,hitl
11,2026-05-13 08:45,slaughterhouse_1,slaughterhouse,0,,,,358.0,311.11,,,,,,,,,67,hitl
11,2026-05-13 08:45,wholesaler_1,wholesaler,0,,,,,,167.87,11.4,,,,,,,67,hitl
11,2026-05-13 08:45,retail_1,retail,0,,,,,,,,71.76,30.0,0.0,0.0,14.48,0.0,67,hitl
12,2026-05-13 09:00,supplier_1,supplier,0,893.49,,,,,,,,,,,,,67,hitl
12,2026-05-13 09:00,farm_1,farm,0,,761.0,0.018,,,,,,,,,,,67,hitl
12,2026-05-13 09:00,slaughterhouse_1,slaughterhouse,0,,,,358.0,321.76,,,,,,,,,67,hitl
12,2026-05-13 09:00,wholesaler_1,wholesaler,0,,,,,,157.88,11.4,,,,,,,67,hitl
12,2026-05-13 09:00,retail_1,retail,0,,,,,,,,68.42,30.0,0.0,0.0,14.48,0.0,67,hitl
13,2026-05-13 09:15,supplier_1,supplier,0,892.97,,,,,,,,,,,,,67,hitl
13,2026-05-13 09:15,farm_1,farm,0,,761.0,0.018,,,,,,,,,,,67,hitl
13,2026-05-13 09:15,slaughterhouse_1,slaughterhouse,0,,,,358.0,332.38,,,,,,,,,67,hitl
13,2026-05-13 09:15,wholesaler_1,wholesaler,0,,,,,,155.99,11.4,,,,,,,67,hitl
13,2026-05-13 09:15,retail_1,retail,0,,,,,,,,72.99,30.0,0.0,0.0,14.48,0.0,67,hitl
14,2026-05-13 09:30,supplier_1,supplier,0,891.84,,,,,,,,,,,,,67,hitl
14,2026-05-13 09:30,farm_1,farm,0,,761.0,0.018,,,,,,,,,,,67,hitl
14,2026-05-13 09:30,slaughterhouse_1,slaughterhouse,0,,,,358.0,342.26,,,,,,,,,67,hitl
14,2026-05-13 09:30,wholesaler_1,wholesaler,0,,,,,,154.21,11.4,,,,,,,67,hitl
14,2026-05-13 09:30,retail_1,retail,0,,,,,,,,69.16,30.0,0.0,0.0,14.48,0.0,67,hitl
15,2026-05-13 09:45,supplier_1,supplier,0,890.81,,,,,,,,,,,,,67,hitl
15,2026-05-13 09:45,farm_1,farm,0,,761.0,0.018,,,,,,,,,,,67,hitl
15,2026-05-13 09:45,slaughterhouse_1,slaughterhouse,0,,,,358.0,352.89,,,,,,,,,67,hitl
15,2026-05-13 09:45,wholesaler_1,wholesaler,0,,,,,,152.03,11.4,,,,,,,67,hitl
15,2026-05-13 09:45,retail_1,retail,0,,,,,,,,65.35,30.0,0.0,0.0,14.48,0.0,67,hitl
16,2026-05-13 10:00,supplier_1,supplier,0,890.11,,,,,,,,,,,,,67,hitl
16,2026-05-13 10:00,farm_1,farm,0,,761.0,0.018,,,,,,,,,,,67,hitl
16,2026-05-13 10:00,slaughterhouse_1,slaughterhouse,0,,,,358.0,338.33,,,,,,,,,67,hitl
16,2026-05-13 10:00,wholesaler_1,wholesaler,0,,,,,,141.12,11.4,,,,,,,67,hitl
16,2026-05-13 10:00,retail_1,retail,0,,,,,,,,61.67,30.0,0.0,0.0,14.48,0.0,67,hitl
17,2026-05-13 10:15,supplier_1,supplier,0,889.13,,,,,,,,,,,,,67,hitl
17,2026-05-13 10:15,farm_1,farm,0,,761.0,0.018,,,,,,,,,,,67,hitl
17,2026-05-13 10:15,slaughterhouse_1,slaughterhouse,0,,,,358.0,348.58,,,,,,,,,67,hitl
17,2026-05-13 10:15,wholesaler_1,wholesaler,0,,,,,,163.3,11.4,,,,,,,67,hitl
17,2026-05-13 10:15,retail_1,retail,0,,,,,,,,65.71,30.0,0.0,0.0,14.48,0.0,67,hitl
18,2026-05-13 10:30,supplier_1,supplier,0,888.12,,,,,,,,,,,,,67,hitl
18,2026-05-13 10:30,farm_1,farm,0,,761.0,0.018,,,,,,,,,,,67,hitl
18,2026-05-13 10:30,slaughterhouse_1,slaughterhouse,0,,,,358.0,358.68,,,,,,,,,67,hitl
18,2026-05-13 10:30,wholesaler_1,wholesaler,0,,,,,,161.79,11.4,,,,,,,67,hitl
18,2026-05-13 10:30,retail_1,retail,0,,,,,,,,61.67,30.0,0.0,0.0,14.48,0.0,67,hitl
19,2026-05-13 10:45,supplier_1,supplier,0,886.63,,,,,,,,,,,,,67,hitl
19,2026-05-13 10:45,farm_1,farm,0,,761.0,0.018,,,,,,,,,,,67,hitl
19,2026-05-13 10:45,slaughterhouse_1,slaughterhouse,0,,,,358.0,367.93,,,,,,,,,67,hitl
19,2026-05-13 10:45,wholesaler_1,wholesaler,0,,,,,,159.28,11.4,,,,,,,67,hitl
19,2026-05-13 10:45,retail_1,retail,0,,,,,,,,58.09,30.0,0.0,0.0,14.48,0.0,67,hitl
20,2026-05-13 11:00,supplier_1,supplier,0,885.84,,,,,,,,,,,,,67,hitl
20,2026-05-13 11:00,farm_1,farm,0,,761.0,0.018,,,,,,,,,,,67,hitl
20,2026-05-13 11:00,slaughterhouse_1,slaughterhouse,0,,,,358.0,377.14,,,,,,,,,67,hitl
20,2026-05-13 11:00,wholesaler_1,wholesaler,0,,,,,,148.41,11.4,,,,,,,67,hitl
20,2026-05-13 11:00,retail_1,retail,0,,,,,,,,54.33,30.0,0.0,0.0,14.48,0.0,67,hitl
21,2026-05-13 11:15,supplier_1,supplier,0,885.26,,,,,,,,,,,,,67,hitl
21,2026-05-13 11:15,farm_1,farm,0,,761.0,0.018,,,,,,,,,,,67,hitl
21,2026-05-13 11:15,slaughterhouse_1,slaughterhouse,0,,,,358.0,387.68,,,,,,,,,67,hitl
21,2026-05-13 11:15,wholesaler_1,wholesaler,0,,,,,,145.87,11.4,,,,,,,67,hitl
21,2026-05-13 11:15,retail_1,retail,0,,,,,,,,58.77,30.0,0.0,0.0,14.48,0.0,67,hitl
22,2026-05-13 11:30,supplier_1,supplier,0,883.85,,,,,,,,,,,,,67,hitl
22,2026-05-13 11:30,farm_1,farm,0,,761.0,0.018,,,,,,,,,,,67,hitl
22,2026-05-13 11:30,slaughterhouse_1,slaughterhouse,0,,,,358.0,397.22,,,,,,,,,67,hitl
22,2026-05-13 11:30,wholesaler_1,wholesaler,0,,,,,,143.22,11.4,,,,,,,67,hitl
22,2026-05-13 11:30,retail_1,retail,0,,,,,,,,54.82,30.0,0.0,0.0,14.48,0.0,67,hitl
23,2026-05-13 11:45,supplier_1,supplier,0,882.76,,,,,,,,,,,,,67,hitl
23,2026-05-13 11:45,farm_1,farm,0,,761.0,0.018,,,,,,,,,,,67,hitl
23,2026-05-13 11:45,slaughterhouse_1,slaughterhouse,0,,,,358.0,400.0,,,,,,,,,67,hitl
23,2026-05-13 11:45,wholesaler_1,wholesaler,0,,,,,,140.79,11.4,,,,,,,67,hitl
23,2026-05-13 11:45,retail_1,retail,0,,,,,,,,51.39,30.0,0.0,0.0,14.48,0.0,67,hitl
24,2026-05-13 12:00,supplier_1,supplier,0,882.1,,,,,,,,,,,,,67,hitl
24,2026-05-13 12:00,farm_1,farm,0,,761.0,0.018,,,,,,,,,,,67,hitl
24,2026-05-13 12:00,slaughterhouse_1,slaughterhouse,0,,,,358.0,376.0,,,,,,,,,67,hitl
24,2026-05-13 12:00,wholesaler_1,wholesaler,0,,,,,,130.34,11.4,,,,,,,67,hitl
24,2026-05-13 12:00,retail_1,retail,0,,,,,,,,47.39,30.0,0.0,0.0,14.48,0.0,67,hitl
25,2026-05-13 12:15,supplier_1,supplier,0,881.47,,,,,,,,,,,,,67,hitl
25,2026-05-13 12:15,farm_1,farm,0,,761.0,0.018,,,,,,,,,,,67,hitl
25,2026-05-13 12:15,slaughterhouse_1,slaughterhouse,0,,,,358.0,386.66,,,,,,,,,67,hitl
25,2026-05-13 12:15,wholesaler_1,wholesaler,0,,,,,,152.11,11.4,,,,,,,67,hitl
25,2026-05-13 12:15,retail_1,retail,0,,,,,,,,51.79,30.0,0.0,0.0,14.48,0.0,67,hitl
26,2026-05-13 12:30,supplier_1,supplier,0,880.83,,,,,,,,,,,,,67,hitl
26,2026-05-13 12:30,farm_1,farm,0,,761.0,0.018,,,,,,,,,,,67,hitl
26,2026-05-13 12:30,slaughterhouse_1,slaughterhouse,0,,,,358.0,397.04,,,,,,,,,67,hitl
26,2026-05-13 12:30,wholesaler_1,wholesaler,0,,,,,,149.85,11.4,,,,,,,67,hitl
26,2026-05-13 12:30,retail_1,retail,0,,,,,,,,48.51,30.0,0.0,0.0,14.48,0.0,67,hitl
27,2026-05-13 12:45,supplier_1,supplier,0,879.43,,,,,,,,,,,,,67,hitl
27,2026-05-13 12:45,farm_1,farm,0,,761.0,0.018,,,,,,,,,,,67,hitl
27,2026-05-13 12:45,slaughterhouse_1,slaughterhouse,0,,,,358.0,400.0,,,,,,,,,67,hitl
27,2026-05-13 12:45,wholesaler_1,wholesaler,0,,,,,,148.35,11.4,,,,,,,67,hitl
27,2026-05-13 12:45,retail_1,retail,0,,,,,,,,44.8,30.0,0.0,0.0,14.48,0.0,67,hitl
28,2026-05-13 13:00,supplier_1,supplier,0,878.02,,,,,,,,,,,,,67,hitl
28,2026-05-13 13:00,farm_1,farm,0,,761.0,0.018,,,,,,,,,,,67,hitl
28,2026-05-13 13:00,slaughterhouse_1,slaughterhouse,0,,,,358.0,400.0,,,,,,,,,67,hitl
28,2026-05-13 13:00,wholesaler_1,wholesaler,0,,,,,,137.61,11.4,,,,,,,67,hitl
28,2026-05-13 13:00,retail_1,retail,0,,,,,,,,41.36,30.0,0.0,0.0,14.48,0.0,67,hitl
29,2026-05-13 13:15,supplier_1,supplier,0,877.4,,,,,,,,,,,,,67,hitl
29,2026-05-13 13:15,farm_1,farm,0,,761.0,0.018,,,,,,,,,,,67,hitl
29,2026-05-13 13:15,slaughterhouse_1,slaughterhouse,0,,,,358.0,400.0,,,,,,,,,67,hitl
29,2026-05-13 13:15,wholesaler_1,wholesaler,0,,,,,,134.94,11.4,,,,,,,67,hitl
29,2026-05-13 13:15,retail_1,retail,0,,,,,,,,46.14,30.0,0.0,0.0,14.48,0.0,67,hitl
30,2026-05-13 13:30,supplier_1,supplier,0,876.27,,,,,,,,,,,,,67,hitl
30,2026-05-13 13:30,farm_1,farm,0,,761.0,0.018,,,,,,,,,,,67,hitl
30,2026-05-13 13:30,slaughterhouse_1,slaughterhouse,0,,,,358.0,400.0,,,,,,,,,67,hitl
30,2026-05-13 13:30,wholesaler_1,wholesaler,0,,,,,,133.42,11.4,,,,,,,67,hitl
30,2026-05-13 13:30,retail_1,retail,0,,,,,,,,42.8,30.0,0.0,0.0,14.48,0.0,67,hitl
31,2026-05-13 13:45,supplier_1,supplier,0,875.24,,,,,,,,,,,,,67,hitl
31,2026-05-13 13:45,farm_1,farm,0,,761.0,0.018,,,,,,,,,,,67,hitl
31,2026-05-13 13:45,slaughterhouse_1,slaughterhouse,0,,,,358.0,400.0,,,,,,,,,67,hitl
31,2026-05-13 13:45,wholesaler_1,wholesaler,0,,,,,,131.57,11.4,,,,,,,67,hitl
31,2026-05-13 13:45,retail_1,retail,0,,,,,,,,38.85,30.0,0.0,0.0,14.48,0.0,67,hitl
32,2026-05-13 14:00,supplier_1,supplier,0,874.23,,,,,,,,,,,,,67,hitl
32,2026-05-13 14:00,farm_1,farm,0,,761.0,0.018,,,,,,,,,,,67,hitl
32,2026-05-13 14:00,slaughterhouse_1,slaughterhouse,0,,,,358.0,376.0,,,,,,,,,67,hitl
32,2026-05-13 14:00,wholesaler_1,wholesaler,0,,,,,,120.98,11.4,,,,,,,67,hitl
32,2026-05-13 14:00,retail_1,retail,0,,,,,,,,34.89,30.0,0.0,0.0,14.48,0.0,67,hitl
33,2026-05-13 14:15,supplier_1,supplier,0,873.35,,,,,,,,,,,,,67,hitl
33,2026-05-13 14:15,farm_1,farm,0,,761.0,0.018,,,,,,,,,,,67,hitl
33,2026-05-13 14:15,slaughterhouse_1,slaughterhouse,0,,,,358.0,386.47,,,,,,,,,67,hitl
33,2026-05-13 14:15,wholesaler_1,wholesaler,0,,,,,,142.9,11.4,,,,,,,67,hitl
33,2026-05-13 14:15,retail_1,retail,0,,,,,,,,39.57,30.0,0.0,0.0,14.48,0.0,67,hitl
34,2026-05-13 14:30,supplier_1,supplier,0,872.52,,,,,,,,,,,,,67,hitl
34,2026-05-13 14:30,farm_1,farm,0,,761.0,0.018,,,,,,,,,,,67,hitl
34,2026-05-13 14:30,slaughterhouse_1,slaughterhouse,0,,,,358.0,396.07,,,,,,,,,67,hitl
34,2026-05-13 14:30,wholesaler_1,wholesaler,0,,,,,,140.76,11.4,,,,,,,67,hitl
34,2026-05-13 14:30,retail_1,retail,0,,,,,,,,35.83,30.0,0.0,0.0,14.48,0.0,67,hitl
35,2026-05-13 14:45,supplier_1,supplier,0,871.05,,,,,,,,,,,,,67,hitl
35,2026-05-13 14:45,farm_1,farm,0,,761.0,0.018,,,,,,,,,,,67,hitl
35,2026-05-13 14:45,slaughterhouse_1,slaughterhouse,0,,,,358.0,400.0,,,,,,,,,67,hitl
35,2026-05-13 14:45,wholesaler_1,wholesaler,0,,,,,,139.25,11.4,,,,,,,67,hitl
35,2026-05-13 14:45,retail_1,retail,0,,,,,,,,32.44,30.0,0.0,0.0,14.48,0.0,67,hitl
36,2026-05-13 15:00,supplier_1,supplier,0,870.1,,,,,,,,,,,,,67,hitl
36,2026-05-13 15:00,farm_1,farm,1,,761.0,0.018,,,,,,,,,,,67,hitl
36,2026-05-13 15:00,slaughterhouse_1,slaughterhouse,0,,,,293.8106,400.0,,,,,,,,,67,hitl
36,2026-05-13 15:00,wholesaler_1,wholesaler,0,,,,,,129.11,11.4,,,,,,,67,hitl
36,2026-05-13 15:00,retail_1,retail,0,,,,,,,,29.24,30.0,0.0,0.25,14.48,15.7039,67,hitl
37,2026-05-13 15:15,supplier_1,supplier,0,868.85,,,,,,,,,,,,,67,hitl
37,2026-05-13 15:15,farm_1,farm,1,,761.0,0.018,,,,,,,,,,,67,hitl
37,2026-05-13 15:15,slaughterhouse_1,slaughterhouse,0,,,,293.8106,400.0,,,,,,,,,67,hitl
37,2026-05-13 15:15,wholesaler_1,wholesaler,0,,,,,,126.14,11.4,,,,,,,67,hitl
37,2026-05-13 15:15,retail_1,retail,0,,,,,,,,33.93,30.0,0.0,0.5,14.48,15.7039,67,hitl
38,2026-05-13 15:30,supplier_1,supplier,0,867.79,,,,,,,,,,,,,67,hitl
38,2026-05-13 15:30,farm_1,farm,1,,761.0,0.018,,,,,,,,,,,67,hitl
38,2026-05-13 15:30,slaughterhouse_1,slaughterhouse,0,,,,293.8106,400.0,,,,,,,,,67,hitl
38,2026-05-13 15:30,wholesaler_1,wholesaler,0,,,,,,124.29,11.4,,,,,,,67,hitl
38,2026-05-13 15:30,retail_1,retail,0,,,,,,,,30.63,30.0,0.0,0.0,14.48,15.7039,67,hitl
39,2026-05-13 15:45,supplier_1,supplier,0,866.38,,,,,,,,,,,,,67,hitl
39,2026-05-13 15:45,farm_1,farm,1,,761.0,0.018,,,,,,,,,,,67,hitl
39,2026-05-13 15:45,slaughterhouse_1,slaughterhouse,0,,,,293.8106,400.0,,,,,,,,,67,hitl
39,2026-05-13 15:45,wholesaler_1,wholesaler,0,,,,,,122.21,11.4,,,,,,,67,hitl
39,2026-05-13 15:45,retail_1,retail,0,,,,,,,,27.43,30.0,0.0,0.25,14.48,15.7039,67,hitl
40,2026-05-13 16:00,supplier_1,supplier,0,865.88,,,,,,,,,,,,,67,hitl
40,2026-05-13 16:00,farm_1,farm,1,,761.0,0.018,,,,,,,,,,,67,hitl
40,2026-05-13 16:00,slaughterhouse_1,slaughterhouse,0,,,,293.8106,376.0,,,,,,,,,67,hitl
40,2026-05-13 16:00,wholesaler_1,wholesaler,0,,,,,,113.53,11.4,,,,,,,67,hitl
40,2026-05-13 16:00,retail_1,retail,0,,,,,,,,23.7,30.0,0.0,0.5,14.48,15.7039,67,hitl
41,2026-05-13 16:15,supplier_1,supplier,0,864.71,,,,,,,,,,,,,67,hitl
41,2026-05-13 16:15,farm_1,farm,1,,761.0,0.018,,,,,,,,,,,67,hitl
41,2026-05-13 16:15,slaughterhouse_1,slaughterhouse,0,,,,293.8106,384.62,,,,,,,,,67,hitl
41,2026-05-13 16:15,wholesaler_1,wholesaler,0,,,,,,134.74,11.4,,,,,,,67,hitl
41,2026-05-13 16:15,retail_1,retail,0,,,,,,,,27.34,30.0,0.0,0.75,14.48,15.7039,67,hitl
42,2026-05-13 16:30,supplier_1,supplier,0,863.24,,,,,,,,,,,,,67,hitl
42,2026-05-13 16:30,farm_1,farm,1,,761.0,0.018,,,,,,,,,,,67,hitl
42,2026-05-13 16:30,slaughterhouse_1,slaughterhouse,0,,,,293.8106,393.41,,,,,,,,,67,hitl
42,2026-05-13 16:30,wholesaler_1,wholesaler,0,,,,,,133.2,11.4,,,,,,,67,hitl
42,2026-05-13 16:30,retail_1,retail,0,,,,,,,,24.08,30.0,0.0,1.0,14.48,15.7039,67,hitl
43,2026-05-13 16:45,supplier_1,supplier,0,861.96,,,,,,,,,,,,,67,hitl
43,2026-05-13 16:45,farm_1,farm,1,,761.0,0.018,,,,,,,,,,,67,hitl
43,2026-05-13 16:45,slaughterhouse_1,slaughterhouse,0,,,,293.8106,400.0,,,,,,,,,67,hitl
43,2026-05-13 16:45,wholesaler_1,wholesaler,0,,,,,,130.67,11.4,,,,,,,67,hitl
43,2026-05-13 16:45,retail_1,retail,0,,,,,,,,20.63,30.0,0.0,1.25,14.48,15.7039,67,hitl
44,2026-05-13 17:00,supplier_1,supplier,0,860.78,,,,,,,,,,,,,67,hitl
44,2026-05-13 17:00,farm_1,farm,1,,761.0,0.018,,,,,,,,,,,67,hitl
44,2026-05-13 17:00,slaughterhouse_1,slaughterhouse,0,,,,293.8106,400.0,,,,,,,,,67,hitl
44,2026-05-13 17:00,wholesaler_1,wholesaler,0,,,,,,121.7,11.4,,,,,,,67,hitl
44,2026-05-13 17:00,retail_1,retail,0,,,,,,,,17.44,30.0,0.0,1.5,14.48,15.7039,67,hitl
45,2026-05-13 17:15,supplier_1,supplier,0,859.92,,,,,,,,,,,,,67,hitl
45,2026-05-13 17:15,farm_1,farm,1,,761.0,0.018,,,,,,,,,,,67,hitl
45,2026-05-13 17:15,slaughterhouse_1,slaughterhouse,0,,,,293.8106,400.0,,,,,,,,,67,hitl
45,2026-05-13 17:15,wholesaler_1,wholesaler,0,,,,,,118.81,11.4,,,,,,,67,hitl
45,2026-05-13 17:15,retail_1,retail,0,,,,,,,,20.89,30.0,0.0,1.75,14.48,15.7039,67,hitl
46,2026-05-13 17:30,supplier_1,supplier,0,858.76,,,,,,,,,,,,,67,hitl
46,2026-05-13 17:30,farm_1,farm,1,,761.0,0.018,,,,,,,,,,,67,hitl
46,2026-05-13 17:30,slaughterhouse_1,slaughterhouse,0,,,,293.8106,400.0,,,,,,,,,67,hitl
46,2026-05-13 17:30,wholesaler_1,wholesaler,0,,,,,,116.31,11.4,,,,,,,67,hitl
46,2026-05-13 17:30,retail_1,retail,0,,,,,,,,17.37,30.0,0.0,2.0,14.48,15.7039,67,hitl
47,2026-05-13 17:45,supplier_1,supplier,0,857.92,,,,,,,,,,,,,67,hitl
47,2026-05-13 17:45,farm_1,farm,1,,761.0,0.018,,,,,,,,,,,67,hitl
47,2026-05-13 17:45,slaughterhouse_1,slaughterhouse,0,,,,293.8106,400.0,,,,,,,,,67,hitl
47,2026-05-13 17:45,wholesaler_1,wholesaler,0,,,,,,114.15,11.4,,,,,,,67,hitl
47,2026-05-13 17:45,retail_1,retail,0,,,,,,,,14.09,30.0,0.0,2.25,14.48,15.7039,67,hitl
48,2026-05-13 18:00,supplier_1,supplier,0,857.4,,,,,,,,,,,,,67,hitl
48,2026-05-13 18:00,farm_1,farm,1,,761.0,0.018,,,,,,,,,,,67,hitl
48,2026-05-13 18:00,slaughterhouse_1,slaughterhouse,0,,,,293.8106,376.0,,,,,,,,,67,hitl
48,2026-05-13 18:00,wholesaler_1,wholesaler,0,,,,,,104.48,11.4,,,,,,,67,hitl
48,2026-05-13 18:00,retail_1,retail,1,,,,,,,,10.58,30.0,0.0,2.5,14.48,15.7039,67,hitl
49,2026-05-13 18:15,supplier_1,supplier,0,856.86,,,,,,,,,,,,,67,hitl
49,2026-05-13 18:15,farm_1,farm,1,,761.0,0.018,,,,,,,,,,,67,hitl
49,2026-05-13 18:15,slaughterhouse_1,slaughterhouse,0,,,,293.8106,384.47,,,,,,,,,67,hitl
49,2026-05-13 18:15,wholesaler_1,wholesaler,0,,,,,,125.89,11.4,,,,,,,67,hitl
49,2026-05-13 18:15,retail_1,retail,1,,,,,,,,13.8,30.0,0.0,2.75,14.48,15.7039,67,hitl
50,2026-05-13 18:30,supplier_1,supplier,0,855.92,,,,,,,,,,,,,67,hitl
50,2026-05-13 18:30,farm_1,farm,1,,761.0,0.018,,,,,,,,,,,67,hitl
50,2026-05-13 18:30,slaughterhouse_1,slaughterhouse,0,,,,293.8106,392.73,,,,,,,,,67,hitl
50,2026-05-13 18:30,wholesaler_1,wholesaler,0,,,,,,123.42,11.4,,,,,,,67,hitl
50,2026-05-13 18:30,retail_1,retail,1,,,,,,,,10.59,30.0,0.0,3.0,14.48,15.7039,67,hitl
51,2026-05-13 18:45,supplier_1,supplier,0,854.69,,,,,,,,,,,,,67,hitl
51,2026-05-13 18:45,farm_1,farm,1,,761.0,0.018,,,,,,,,,,,67,hitl
51,2026-05-13 18:45,slaughterhouse_1,slaughterhouse,0,,,,293.8106,400.0,,,,,,,,,67,hitl
51,2026-05-13 18:45,wholesaler_1,wholesaler,0,,,,,,120.43,11.4,,,,,,,67,hitl
51,2026-05-13 18:45,retail_1,retail,1,,,,,,,,7.26,30.0,0.0,3.25,14.48,15.7039,67,hitl
52,2026-05-13 19:00,supplier_1,supplier,0,853.48,,,,,,,,,,,,,67,hitl
52,2026-05-13 19:00,farm_1,farm,1,,761.0,0.018,,,,,,,,,,,67,hitl
52,2026-05-13 19:00,slaughterhouse_1,slaughterhouse,0,,,,293.8106,400.0,,,,,,,,,67,hitl
52,2026-05-13 19:00,wholesaler_1,wholesaler,0,,,,,,111.02,11.4,,,,,,,67,hitl
52,2026-05-13 19:00,retail_1,retail,1,,,,,,,,3.91,30.0,0.0,3.5,14.48,15.7039,67,hitl
53,2026-05-13 19:15,supplier_1,supplier,0,852.56,,,,,,,,,,,,,67,hitl
53,2026-05-13 19:15,farm_1,farm,1,,761.0,0.018,,,,,,,,,,,67,hitl
53,2026-05-13 19:15,slaughterhouse_1,slaughterhouse,0,,,,293.8106,400.0,,,,,,,,,67,hitl
53,2026-05-13 19:15,wholesaler_1,wholesaler,0,,,,,,108.63,11.4,,,,,,,67,hitl
53,2026-05-13 19:15,retail_1,retail,1,,,,,,,,7.14,30.0,0.0,3.75,14.48,15.7039,67,hitl
54,2026-05-13 19:30,supplier_1,supplier,0,851.22,,,,,,,,,,,,,67,hitl
54,2026-05-13 19:30,farm_1,farm,1,,761.0,0.018,,,,,,,,,,,67,hitl
54,2026-05-13 19:30,slaughterhouse_1,slaughterhouse,0,,,,293.8106,400.0,,,,,,,,,67,hitl
54,2026-05-13 19:30,wholesaler_1,wholesaler,0,,,,,,106.98,11.4,,,,,,,67,hitl
54,2026-05-13 19:30,retail_1,retail,1,,,,,,,,3.71,30.0,0.0,4.0,14.48,15.7039,67,hitl
55,2026-05-13 19:45,supplier_1,supplier,0,849.87,,,,,,,,,,,,,67,hitl
55,2026-05-13 19:45,farm_1,farm,1,,761.0,0.018,,,,,,,,,,,67,hitl
55,2026-05-13 19:45,slaughterhouse_1,slaughterhouse,0,,,,293.8106,400.0,,,,,,,,,67,hitl
55,2026-05-13 19:45,wholesaler_1,wholesaler,0,,,,,,104.54,11.4,,,,,,,67,hitl
55,2026-05-13 19:45,retail_1,retail,1,,,,,,,,0.24,30.0,0.0,4.25,14.48,15.7039,67,hitl
56,2026-05-13 20:00,supplier_1,supplier,0,849.14,,,,,,,,,,,,,67,hitl
56,2026-05-13 20:00,farm_1,farm,1,,761.0,0.018,,,,,,,,,,,67,hitl
56,2026-05-13 20:00,slaughterhouse_1,slaughterhouse,0,,,,293.8106,376.0,,,,,,,,,67,hitl
56,2026-05-13 20:00,wholesaler_1,wholesaler,0,,,,,,95.2,11.4,,,,,,,67,hitl
56,2026-05-13 20:00,retail_1,retail,1,,,,,,,,0.0,30.0,1.0,4.5,14.48,15.7039,67,hitl
57,2026-05-13 20:15,supplier_1,supplier,0,848.51,,,,,,,,,,,,,67,hitl
57,2026-05-13 20:15,farm_1,farm,1,,761.0,0.018,,,,,,,,,,,67,hitl
57,2026-05-13 20:15,slaughterhouse_1,slaughterhouse,0,,,,293.8106,383.7,,,,,,,,,67,hitl
57,2026-05-13 20:15,wholesaler_1,wholesaler,1,,,,,,55.42,89.0,,,,,,,67,hitl
57,2026-05-13 20:15,retail_1,retail,1,,,,,,,,7.07,30.0,1.0,4.75,14.48,15.7039,67,hitl
58,2026-05-13 20:30,supplier_1,supplier,0,847.31,,,,,,,,,,,,,67,hitl
58,2026-05-13 20:30,farm_1,farm,1,,761.0,0.018,,,,,,,,,,,67,hitl
58,2026-05-13 20:30,slaughterhouse_1,slaughterhouse,0,,,,293.8106,392.28,,,,,,,,,67,hitl
58,2026-05-13 20:30,wholesaler_1,wholesaler,1,,,,,,52.81,89.0,,,,,,,67,hitl
58,2026-05-13 20:30,retail_1,retail,1,,,,,,,,3.81,30.0,0.0,5.0,14.48,15.7039,67,hitl
59,2026-05-13 20:45,supplier_1,supplier,0,846.72,,,,,,,,,,,,,67,hitl
59,2026-05-13 20:45,farm_1,farm,1,,761.0,0.018,,,,,,,,,,,67,hitl
59,2026-05-13 20:45,slaughterhouse_1,slaughterhouse,0,,,,293.8106,400.0,,,,,,,,,67,hitl
59,2026-05-13 20:45,wholesaler_1,wholesaler,1,,,,,,50.68,89.0,,,,,,,67,hitl
59,2026-05-13 20:45,retail_1,retail,1,,,,,,,,0.02,30.0,0.0,5.25,14.48,15.7039,67,hitl
60,2026-05-13 21:00,supplier_1,supplier,0,845.85,,,,,,,,,,,,,67,hitl
60,2026-05-13 21:00,farm_1,farm,1,,761.0,0.018,,,,,,,,,,,67,hitl
60,2026-05-13 21:00,slaughterhouse_1,slaughterhouse,0,,,,293.8106,400.0,,,,,,,,,67,hitl
60,2026-05-13 21:00,wholesaler_1,wholesaler,1,,,,,,41.52,89.0,,,,,,,67,hitl
60,2026-05-13 21:00,retail_1,retail,1,,,,,,,,0.0,30.0,1.0,5.5,14.48,15.7039,67,hitl
61,2026-05-13 21:15,supplier_1,supplier,0,844.67,,,,,,,,,,,,,67,hitl
61,2026-05-13 21:15,farm_1,farm,1,,761.0,0.018,,,,,,,,,,,67,hitl
61,2026-05-13 21:15,slaughterhouse_1,slaughterhouse,0,,,,293.8106,400.0,,,,,,,,,67,hitl
61,2026-05-13 21:15,wholesaler_1,wholesaler,1,,,,,,39.5,89.0,,,,,,,67,hitl
61,2026-05-13 21:15,retail_1,retail,1,,,,,,,,7.07,30.0,1.0,5.75,14.48,15.7039,67,hitl
62,2026-05-13 21:30,supplier_1,supplier,0,843.46,,,,,,,,,,,,,67,hitl
62,2026-05-13 21:30,farm_1,farm,1,,761.0,0.018,,,,,,,,,,,67,hitl
62,2026-05-13 21:30,slaughterhouse_1,slaughterhouse,0,,,,293.8106,400.0,,,,,,,,,67,hitl
62,2026-05-13 21:30,wholesaler_1,wholesaler,1,,,,,,36.85,89.0,,,,,,,67,hitl
62,2026-05-13 21:30,retail_1,retail,1,,,,,,,,3.31,30.0,0.0,6.0,14.48,15.7039,67,hitl
63,2026-05-13 21:45,supplier_1,supplier,0,842.26,,,,,,,,,,,,,67,hitl
63,2026-05-13 21:45,farm_1,farm,1,,761.0,0.018,,,,,,,,,,,67,hitl
63,2026-05-13 21:45,slaughterhouse_1,slaughterhouse,0,,,,293.8106,400.0,,,,,,,,,67,hitl
63,2026-05-13 21:45,wholesaler_1,wholesaler,1,,,,,,34.81,89.0,,,,,,,67,hitl
63,2026-05-13 21:45,retail_1,retail,1,,,,,,,,0.0,30.0,1.0,6.25,14.48,15.7039,67,hitl
64,2026-05-13 22:00,supplier_1,supplier,0,841.69,,,,,,,,,,,,,67,hitl
64,2026-05-13 22:00,farm_1,farm,1,,761.0,0.018,,,,,,,,,,,67,hitl
64,2026-05-13 22:00,slaughterhouse_1,slaughterhouse,0,,,,293.8106,376.0,,,,,,,,,67,hitl
64,2026-05-13 22:00,wholesaler_1,wholesaler,1,,,,,,24.94,89.0,,,,,,,67,hitl
64,2026-05-13 22:00,retail_1,retail,1,,,,,,,,0.0,30.0,1.0,6.5,14.48,15.7039,67,hitl
65,2026-05-13 22:15,supplier_1,supplier,0,840.51,,,,,,,,,,,,,67,hitl
65,2026-05-13 22:15,farm_1,farm,1,,761.0,0.018,,,,,,,,,,,67,hitl
65,2026-05-13 22:15,slaughterhouse_1,slaughterhouse,0,,,,293.8106,384.72,,,,,,,,,67,hitl
65,2026-05-13 22:15,wholesaler_1,wholesaler,1,,,,,,46.56,89.0,,,,,,,67,hitl
65,2026-05-13 22:15,retail_1,retail,1,,,,,,,,7.07,30.0,1.0,6.75,14.48,15.7039,67,hitl
66,2026-05-13 22:30,supplier_1,supplier,0,839.24,,,,,,,,,,,,,67,hitl
66,2026-05-13 22:30,farm_1,farm,1,,761.0,0.018,,,,,,,,,,,67,hitl
66,2026-05-13 22:30,slaughterhouse_1,slaughterhouse,0,,,,293.8106,392.5,,,,,,,,,67,hitl
66,2026-05-13 22:30,wholesaler_1,wholesaler,1,,,,,,44.9,89.0,,,,,,,67,hitl
66,2026-05-13 22:30,retail_1,retail,1,,,,,,,,3.59,30.0,0.0,7.0,14.48,15.7039,67,hitl
67,2026-05-13 22:45,supplier_1,supplier,0,838.26,,,,,,,,,,,,,67,hitl
67,2026-05-13 22:45,farm_1,farm,1,,761.0,0.018,,,,,,,,,,,67,hitl
67,2026-05-13 22:45,slaughterhouse_1,slaughterhouse,0,,,,293.8106,400.0,,,,,,,,,67,hitl
67,2026-05-13 22:45,wholesaler_1,wholesaler,1,,,,,,43.37,89.0,,,,,,,67,hitl
67,2026-05-13 22:45,retail_1,retail,1,,,,,,,,0.0,30.0,1.0,7.25,14.48,15.7039,67,hitl
68,2026-05-13 23:00,supplier_1,supplier,0,836.86,,,,,,,,,,,,,67,hitl
68,2026-05-13 23:00,farm_1,farm,1,,761.0,0.018,,,,,,,,,,,67,hitl
68,2026-05-13 23:00,slaughterhouse_1,slaughterhouse,0,,,,293.8106,400.0,,,,,,,,,67,hitl
68,2026-05-13 23:00,wholesaler_1,wholesaler,1,,,,,,33.73,89.0,,,,,,,67,hitl
68,2026-05-13 23:00,retail_1,retail,1,,,,,,,,0.0,30.0,1.0,7.5,14.48,15.7039,67,hitl
69,2026-05-13 23:15,supplier_1,supplier,0,835.63,,,,,,,,,,,,,67,hitl
69,2026-05-13 23:15,farm_1,farm,1,,761.0,0.018,,,,,,,,,,,67,hitl
69,2026-05-13 23:15,slaughterhouse_1,slaughterhouse,0,,,,293.8106,400.0,,,,,,,,,67,hitl
69,2026-05-13 23:15,wholesaler_1,wholesaler,1,,,,,,32.04,89.0,,,,,,,67,hitl
69,2026-05-13 23:15,retail_1,retail,1,,,,,,,,7.07,30.0,1.0,7.75,14.48,15.7039,67,hitl
70,2026-05-13 23:30,supplier_1,supplier,0,834.15,,,,,,,,,,,,,67,hitl
70,2026-05-13 23:30,farm_1,farm,1,,761.0,0.018,,,,,,,,,,,67,hitl
70,2026-05-13 23:30,slaughterhouse_1,slaughterhouse,0,,,,293.8106,400.0,,,,,,,,,67,hitl
70,2026-05-13 23:30,wholesaler_1,wholesaler,1,,,,,,29.93,89.0,,,,,,,67,hitl
70,2026-05-13 23:30,retail_1,retail,1,,,,,,,,3.55,30.0,0.0,8.0,14.48,15.7039,67,hitl
71,2026-05-13 23:45,supplier_1,supplier,0,833.38,,,,,,,,,,,,,67,hitl
71,2026-05-13 23:45,farm_1,farm,1,,761.0,0.018,,,,,,,,,,,67,hitl
71,2026-05-13 23:45,slaughterhouse_1,slaughterhouse,0,,,,293.8106,400.0,,,,,,,,,67,hitl
71,2026-05-13 23:45,wholesaler_1,wholesaler,1,,,,,,27.63,89.0,,,,,,,67,hitl
71,2026-05-13 23:45,retail_1,retail,1,,,,,,,,0.0,30.0,1.0,8.25,14.48,15.7039,67,hitl
72,2026-05-14 00:00,supplier_1,supplier,0,832.61,,,,,,,,,,,,,67,hitl
72,2026-05-14 00:00,farm_1,farm,0,,761.0,0.018,,,,,,,,,,,67,hitl
72,2026-05-14 00:00,slaughterhouse_1,slaughterhouse,0,,,,293.8106,376.0,,,,,,,,,67,hitl
72,2026-05-14 00:00,wholesaler_1,wholesaler,1,,,,,,25.14,89.0,,,,,,,67,hitl
72,2026-05-14 00:00,retail_1,retail,1,,,,,,,,0.0,30.0,1.0,8.5,14.48,40.7039,67,hitl
73,2026-05-14 00:15,supplier_1,supplier,0,831.61,,,,,,,,,,,,,67,hitl
73,2026-05-14 00:15,farm_1,farm,0,,761.0,0.018,,,,,,,,,,,67,hitl
73,2026-05-14 00:15,slaughterhouse_1,slaughterhouse,0,,,,293.8106,384.56,,,,,,,,,67,hitl
73,2026-05-14 00:15,wholesaler_1,wholesaler,1,,,,,,47.23,89.0,,,,,,,67,hitl
73,2026-05-14 00:15,retail_1,retail,1,,,,,,,,0.0,30.0,1.0,8.75,14.48,40.7039,67,hitl
74,2026-05-14 00:30,supplier_1,supplier,0,830.84,,,,,,,,,,,,,67,hitl
74,2026-05-14 00:30,farm_1,farm,0,,761.0,0.018,,,,,,,,,,,67,hitl
74,2026-05-14 00:30,slaughterhouse_1,slaughterhouse,0,,,,293.8106,393.14,,,,,,,,,67,hitl
74,2026-05-14 00:30,wholesaler_1,wholesaler,1,,,,,,45.47,89.0,,,,,,,67,hitl
74,2026-05-14 00:30,retail_1,retail,1,,,,,,,,0.0,30.0,1.0,9.0,14.48,40.7039,67,hitl
75,2026-05-14 00:45,supplier_1,supplier,0,829.98,,,,,,,,,,,,,67,hitl
75,2026-05-14 00:45,farm_1,farm,0,,761.0,0.018,,,,,,,,,,,67,hitl
75,2026-05-14 00:45,slaughterhouse_1,slaughterhouse,0,,,,293.8106,400.0,,,,,,,,,67,hitl
75,2026-05-14 00:45,wholesaler_1,wholesaler,1,,,,,,43.68,89.0,,,,,,,67,hitl
75,2026-05-14 00:45,retail_1,retail,1,,,,,,,,0.0,30.0,1.0,9.25,14.48,40.7039,67,hitl
76,2026-05-14 01:00,supplier_1,supplier,0,829.19,,,,,,,,,,,,,67,hitl
76,2026-05-14 01:00,farm_1,farm,0,,761.0,0.018,,,,,,,,,,,67,hitl
76,2026-05-14 01:00,slaughterhouse_1,slaughterhouse,0,,,,293.8106,400.0,,,,,,,,,67,hitl
76,2026-05-14 01:00,wholesaler_1,wholesaler,1,,,,,,31.94,89.0,,,,,,,67,hitl
76,2026-05-14 01:00,retail_1,retail,1,,,,,,,,0.0,30.0,1.0,9.5,14.48,40.7039,67,hitl
77,2026-05-14 01:15,supplier_1,supplier,0,828.5,,,,,,,,,,,,,67,hitl
77,2026-05-14 01:15,farm_1,farm,0,,761.0,0.018,,,,,,,,,,,67,hitl
77,2026-05-14 01:15,slaughterhouse_1,slaughterhouse,0,,,,293.8106,400.0,,,,,,,,,67,hitl
77,2026-05-14 01:15,wholesaler_1,wholesaler,1,,,,,,28.95,89.0,,,,,,,67,hitl
77,2026-05-14 01:15,retail_1,retail,1,,,,,,,,10.17,30.0,1.0,9.75,14.48,40.7039,67,hitl
78,2026-05-14 01:30,supplier_1,supplier,0,827.42,,,,,,,,,,,,,67,hitl
78,2026-05-14 01:30,farm_1,farm,0,,761.0,0.018,,,,,,,,,,,67,hitl
78,2026-05-14 01:30,slaughterhouse_1,slaughterhouse,0,,,,293.8106,400.0,,,,,,,,,67,hitl
78,2026-05-14 01:30,wholesaler_1,wholesaler,1,,,,,,26.31,89.0,,,,,,,67,hitl
78,2026-05-14 01:30,retail_1,retail,1,,,,,,,,6.94,30.0,0.0,10.0,14.48,40.7039,67,hitl
79,2026-05-14 01:45,supplier_1,supplier,0,826.03,,,,,,,,,,,,,67,hitl
79,2026-05-14 01:45,farm_1,farm,0,,761.0,0.018,,,,,,,,,,,67,hitl
79,2026-05-14 01:45,slaughterhouse_1,slaughterhouse,0,,,,293.8106,400.0,,,,,,,,,67,hitl
79,2026-05-14 01:45,wholesaler_1,wholesaler,1,,,,,,23.49,89.0,,,,,,,67,hitl
79,2026-05-14 01:45,retail_1,retail,1,,,,,,,,3.18,30.0,0.0,10.25,14.48,40.7039,67,hitl
80,2026-05-14 02:00,supplier_1,supplier,0,825.35,,,,,,,,,,,,,67,hitl
80,2026-05-14 02:00,farm_1,farm,0,,761.0,0.018,,,,,,,,,,,67,hitl
80,2026-05-14 02:00,slaughterhouse_1,slaughterhouse,0,,,,293.8106,376.0,,,,,,,,,67,hitl
80,2026-05-14 02:00,wholesaler_1,wholesaler,1,,,,,,20.64,89.0,,,,,,,67,hitl
80,2026-05-14 02:00,retail_1,retail,1,,,,,,,,0.0,30.0,1.0,10.5,14.48,40.7039,67,hitl
81,2026-05-14 02:15,supplier_1,supplier,0,824.0,,,,,,,,,,,,,67,hitl
81,2026-05-14 02:15,farm_1,farm,0,,761.0,0.018,,,,,,,,,,,67,hitl
81,2026-05-14 02:15,slaughterhouse_1,slaughterhouse,0,,,,293.8106,383.59,,,,,,,,,67,hitl
81,2026-05-14 02:15,wholesaler_1,wholesaler,1,,,,,,41.74,89.0,,,,,,,67,hitl
81,2026-05-14 02:15,retail_1,retail,1,,,,,,,,0.0,30.0,1.0,10.75,14.48,40.7039,67,hitl
82,2026-05-14 02:30,supplier_1,supplier,0,822.62,,,,,,,,,,,,,67,hitl
82,2026-05-14 02:30,farm_1,farm,0,,761.0,0.018,,,,,,,,,,,67,hitl
82,2026-05-14 02:30,slaughterhouse_1,slaughterhouse,0,,,,293.8106,392.23,,,,,,,,,67,hitl
82,2026-05-14 02:30,wholesaler_1,wholesaler,1,,,,,,40.22,89.0,,,,,,,67,hitl
82,2026-05-14 02:30,retail_1,retail,1,,,,,,,,0.0,30.0,1.0,11.0,14.48,40.7039,67,hitl
83,2026-05-14 02:45,supplier_1,supplier,0,821.72,,,,,,,,,,,,,67,hitl
83,2026-05-14 02:45,farm_1,farm,0,,761.0,0.018,,,,,,,,,,,67,hitl
83,2026-05-14 02:45,slaughterhouse_1,slaughterhouse,0,,,,293.8106,400.0,,,,,,,,,67,hitl
83,2026-05-14 02:45,wholesaler_1,wholesaler,1,,,,,,38.13,89.0,,,,,,,67,hitl
83,2026-05-14 02:45,retail_1,retail,1,,,,,,,,0.0,30.0,1.0,11.25,14.48,40.7039,67,hitl
84,2026-05-14 03:00,supplier_1,supplier,0,820.61,,,,,,,,,,,,,67,hitl
84,2026-05-14 03:00,farm_1,farm,0,,761.0,0.018,,,,,,,,,,,67,hitl
84,2026-05-14 03:00,slaughterhouse_1,slaughterhouse,0,,,,293.8106,400.0,,,,,,,,,67,hitl
84,2026-05-14 03:00,wholesaler_1,wholesaler,1,,,,,,25.71,89.0,,,,,,,67,hitl
84,2026-05-14 03:00,retail_1,retail,1,,,,,,,,0.0,30.0,1.0,11.5,14.48,40.7039,67,hitl
85,2026-05-14 03:15,supplier_1,supplier,0,819.92,,,,,,,,,,,,,67,hitl
85,2026-05-14 03:15,farm_1,farm,0,,761.0,0.018,,,,,,,,,,,67,hitl
85,2026-05-14 03:15,slaughterhouse_1,slaughterhouse,0,,,,293.8106,400.0,,,,,,,,,67,hitl
85,2026-05-14 03:15,wholesaler_1,wholesaler,1,,,,,,23.08,89.0,,,,,,,67,hitl
85,2026-05-14 03:15,retail_1,retail,1,,,,,,,,10.17,30.0,1.0,11.75,14.48,40.7039,67,hitl
86,2026-05-14 03:30,supplier_1,supplier,0,818.54,,,,,,,,,,,,,67,hitl
86,2026-05-14 03:30,farm_1,farm,0,,761.0,0.018,,,,,,,,,,,67,hitl
86,2026-05-14 03:30,slaughterhouse_1,slaughterhouse,0,,,,293.8106,400.0,,,,,,,,,67,hitl
86,2026-05-14 03:30,wholesaler_1,wholesaler,1,,,,,,20.27,89.0,,,,,,,67,hitl
86,2026-05-14 03:30,retail_1,retail,1,,,,,,,,6.18,30.0,0.0,12.0,14.48,40.7039,67,hitl
87,2026-05-14 03:45,supplier_1,supplier,0,817.62,,,,,,,,,,,,,67,hitl
87,2026-05-14 03:45,farm_1,farm,0,,761.0,0.018,,,,,,,,,,,67,hitl
87,2026-05-14 03:45,slaughterhouse_1,slaughterhouse,0,,,,293.8106,400.0,,,,,,,,,67,hitl
87,2026-05-14 03:45,wholesaler_1,wholesaler,1,,,,,,18.24,89.0,,,,,,,67,hitl
87,2026-05-14 03:45,retail_1,retail,1,,,,,,,,2.48,30.0,0.0,12.25,14.48,40.7039,67,hitl
88,2026-05-14 04:00,supplier_1,supplier,0,816.69,,,,,,,,,,,,,67,hitl
88,2026-05-14 04:00,farm_1,farm,0,,761.0,0.018,,,,,,,,,,,67,hitl
88,2026-05-14 04:00,slaughterhouse_1,slaughterhouse,0,,,,293.8106,376.0,,,,,,,,,67,hitl
88,2026-05-14 04:00,wholesaler_1,wholesaler,1,,,,,,15.9,89.0,,,,,,,67,hitl
88,2026-05-14 04:00,retail_1,retail,1,,,,,,,,0.0,30.0,1.0,12.5,14.48,40.7039,67,hitl
89,2026-05-14 04:15,supplier_1,supplier,0,816.11,,,,,,,,,,,,,67,hitl
89,2026-05-14 04:15,farm_1,farm,0,,761.0,0.018,,,,,,,,,,,67,hitl
89,2026-05-14 04:15,slaughterhouse_1,slaughterhouse,0,,,,293.8106,384.76,,,,,,,,,67,hitl
89,2026-05-14 04:15,wholesaler_1,wholesaler,1,,,,,,37.62,89.0,,,,,,,67,hitl
89,2026-05-14 04:15,retail_1,retail,1,,,,,,,,0.0,30.0,1.0,12.75,14.48,40.7039,67,hitl
90,2026-05-14 04:30,supplier_1,supplier,0,814.89,,,,,,,,,,,,,67,hitl
90,2026-05-14 04:30,farm_1,farm,0,,761.0,0.018,,,,,,,,,,,67,hitl
90,2026-05-14 04:30,slaughterhouse_1,slaughterhouse,0,,,,293.8106,392.86,,,,,,,,,67,hitl
90,2026-05-14 04:30,wholesaler_1,wholesaler,1,,,,,,36.07,89.0,,,,,,,67,hitl
90,2026-05-14 04:30,retail_1,retail,1,,,,,,,,0.0,30.0,1.0,13.0,14.48,40.7039,67,hitl
91,2026-05-14 04:45,supplier_1,supplier,0,813.68,,,,,,,,,,,,,67,hitl
91,2026-05-14 04:45,farm_1,farm,0,,761.0,0.018,,,,,,,,,,,67,hitl
91,2026-05-14 04:45,slaughterhouse_1,slaughterhouse,0,,,,293.8106,400.0,,,,,,,,,67,hitl
91,2026-05-14 04:45,wholesaler_1,wholesaler,1,,,,,,34.25,89.0,,,,,,,67,hitl
91,2026-05-14 04:45,retail_1,retail,1,,,,,,,,0.0,30.0,1.0,13.25,14.48,40.7039,67,hitl
92,2026-05-14 05:00,supplier_1,supplier,0,813.09,,,,,,,,,,,,,67,hitl
92,2026-05-14 05:00,farm_1,farm,0,,761.0,0.018,,,,,,,,,,,67,hitl
92,2026-05-14 05:00,slaughterhouse_1,slaughterhouse,0,,,,293.8106,400.0,,,,,,,,,67,hitl
92,2026-05-14 05:00,wholesaler_1,wholesaler,1,,,,,,22.51,89.0,,,,,,,67,hitl
92,2026-05-14 05:00,retail_1,retail,1,,,,,,,,0.0,30.0,1.0,13.5,14.48,40.7039,67,hitl
93,2026-05-14 05:15,supplier_1,supplier,0,812.4,,,,,,,,,,,,,67,hitl
93,2026-05-14 05:15,farm_1,farm,0,,761.0,0.018,,,,,,,,,,,67,hitl
93,2026-05-14 05:15,slaughterhouse_1,slaughterhouse,0,,,,293.8106,400.0,,,,,,,,,67,hitl
93,2026-05-14 05:15,wholesaler_1,wholesaler,1,,,,,,20.28,89.0,,,,,,,67,hitl
93,2026-05-14 05:15,retail_1,retail,1,,,,,,,,10.17,30.0,1.0,13.75,14.48,40.7039,67,hitl
94,2026-05-14 05:30,supplier_1,supplier,0,811.15,,,,,,,,,,,,,67,hitl
94,2026-05-14 05:30,farm_1,farm,0,,761.0,0.018,,,,,,,,,,,67,hitl
94,2026-05-14 05:30,slaughterhouse_1,slaughterhouse,0,,,,293.8106,400.0,,,,,,,,,67,hitl
94,2026-05-14 05:30,wholesaler_1,wholesaler,1,,,,,,17.88,89.0,,,,,,,67,hitl
94,2026-05-14 05:30,retail_1,retail,1,,,,,,,,6.38,30.0,0.0,14.0,14.48,40.7039,67,hitl
95,2026-05-14 05:45,supplier_1,supplier,0,810.29,,,,,,,,,,,,,67,hitl
95,2026-05-14 05:45,farm_1,farm,0,,761.0,0.018,,,,,,,,,,,67,hitl
95,2026-05-14 05:45,slaughterhouse_1,slaughterhouse,0,,,,293.8106,400.0,,,,,,,,,67,hitl
95,2026-05-14 05:45,wholesaler_1,wholesaler,1,,,,,,15.75,89.0,,,,,,,67,hitl
95,2026-05-14 05:45,retail_1,retail,1,,,,,,,,2.83,30.0,0.0,14.25,14.48,40.7039,67,hitl
96,2026-05-14 06:00,supplier_1,supplier,0,809.28,,,,,,,,,,,,,67,hitl
96,2026-05-14 06:00,farm_1,farm,0,,761.0,0.018,,,,,,,,,,,67,hitl
96,2026-05-14 06:00,slaughterhouse_1,slaughterhouse,0,,,,293.8106,376.0,,,,,,,,,67,hitl
96,2026-05-14 06:00,wholesaler_1,wholesaler,1,,,,,,13.63,89.0,,,,,,,67,hitl
96,2026-05-14 06:00,retail_1,retail,1,,,,,,,,0.0,30.0,1.0,14.5,14.48,40.7039,67,hitl
97,2026-05-14 06:15,supplier_1,supplier,0,808.43,,,,,,,,,,,,,67,hitl
97,2026-05-14 06:15,farm_1,farm,0,,761.0,0.018,,,,,,,,,,,67,hitl
97,2026-05-14 06:15,slaughterhouse_1,slaughterhouse,0,,,,293.8106,384.4,,,,,,,,,67,hitl
97,2026-05-14 06:15,wholesaler_1,wholesaler,1,,,,,,35.02,89.0,,,,,,,67,hitl
97,2026-05-14 06:15,retail_1,retail,1,,,,,,,,0.0,30.0,1.0,14.75,14.48,40.7039,67,hitl
98,2026-05-14 06:30,supplier_1,supplier,0,807.91,,,,,,,,,,,,,67,hitl
98,2026-05-14 06:30,farm_1,farm,0,,761.0,0.018,,,,,,,,,,,67,hitl
98,2026-05-14 06:30,slaughterhouse_1,slaughterhouse,0,,,,293.8106,391.91,,,,,,,,,67,hitl
98,2026-05-14 06:30,wholesaler_1,wholesaler,1,,,,,,32.89,89.0,,,,,,,67,hitl
98,2026-05-14 06:30,retail_1,retail,1,,,,,,,,0.0,30.0,1.0,15.0,14.48,40.7039,67,hitl
99,2026-05-14 06:45,supplier_1,supplier,0,807.21,,,,,,,,,,,,,67,hitl
99,2026-05-14 06:45,farm_1,farm,0,,761.0,0.018,,,,,,,,,,,67,hitl
99,2026-05-14 06:45,slaughterhouse_1,slaughterhouse,0,,,,293.8106,400.0,,,,,,,,,67,hitl
99,2026-05-14 06:45,wholesaler_1,wholesaler,1,,,,,,30.43,89.0,,,,,,,67,hitl
99,2026-05-14 06:45,retail_1,retail,1,,,,,,,,0.0,30.0,1.0,15.25,14.48,40.7039,67,hitl
100,2026-05-14 07:00,supplier_1,supplier,0,806.18,,,,,,,,,,,,,67,hitl
100,2026-05-14 07:00,farm_1,farm,0,,761.0,0.018,,,,,,,,,,,67,hitl
100,2026-05-14 07:00,slaughterhouse_1,slaughterhouse,0,,,,293.8106,400.0,,,,,,,,,67,hitl
100,2026-05-14 07:00,wholesaler_1,wholesaler,1,,,,,,28.6,89.0,,,,,,,67,hitl
100,2026-05-14 07:00,retail_1,retail,1,,,,,,,,0.0,30.0,1.0,15.5,14.48,40.7039,67,hitl
101,2026-05-14 07:15,supplier_1,supplier,0,805.45,,,,,,,,,,,,,67,hitl
101,2026-05-14 07:15,farm_1,farm,0,,761.0,0.018,,,,,,,,,,,67,hitl
101,2026-05-14 07:15,slaughterhouse_1,slaughterhouse,0,,,,293.8106,400.0,,,,,,,,,67,hitl
101,2026-05-14 07:15,wholesaler_1,wholesaler,1,,,,,,26.63,89.0,,,,,,,67,hitl
101,2026-05-14 07:15,retail_1,retail,1,,,,,,,,0.0,30.0,1.0,15.75,14.48,40.7039,67,hitl
102,2026-05-14 07:30,supplier_1,supplier,0,804.36,,,,,,,,,,,,,67,hitl
102,2026-05-14 07:30,farm_1,farm,0,,761.0,0.018,,,,,,,,,,,67,hitl
102,2026-05-14 07:30,slaughterhouse_1,slaughterhouse,0,,,,293.8106,400.0,,,,,,,,,67,hitl
102,2026-05-14 07:30,wholesaler_1,wholesaler,1,,,,,,23.95,89.0,,,,,,,67,hitl
102,2026-05-14 07:30,retail_1,retail,1,,,,,,,,0.0,30.0,1.0,16.0,14.48,40.7039,67,hitl
103,2026-05-14 07:45,supplier_1,supplier,0,803.2,,,,,,,,,,,,,67,hitl
103,2026-05-14 07:45,farm_1,farm,0,,761.0,0.018,,,,,,,,,,,67,hitl
103,2026-05-14 07:45,slaughterhouse_1,slaughterhouse,0,,,,293.8106,400.0,,,,,,,,,67,hitl
103,2026-05-14 07:45,wholesaler_1,wholesaler,1,,,,,,21.6,89.0,,,,,,,67,hitl
103,2026-05-14 07:45,retail_1,retail,1,,,,,,,,0.0,30.0,1.0,16.25,14.48,40.7039,67,hitl
104,2026-05-14 08:00,supplier_1,supplier,0,802.55,,,,,,,,,,,,,67,hitl
104,2026-05-14 08:00,farm_1,farm,0,,761.0,0.018,,,,,,,,,,,67,hitl
104,2026-05-14 08:00,slaughterhouse_1,slaughterhouse,0,,,,293.8106,376.0,,,,,,,,,67,hitl
104,2026-05-14 08:00,wholesaler_1,wholesaler,1,,,,,,20.07,89.0,,,,,,,67,hitl
104,2026-05-14 08:00,retail_1,retail,1,,,,,,,,0.0,30.0,1.0,16.5,14.48,40.7039,67,hitl
105,2026-05-14 08:15,supplier_1,supplier,0,801.9,,,,,,,,,,,,,67,hitl
105,2026-05-14 08:15,farm_1,farm,0,,761.0,0.018,,,,,,,,,,,67,hitl
105,2026-05-14 08:15,slaughterhouse_1,slaughterhouse,0,,,,293.8106,384.22,,,,,,,,,67,hitl
105,2026-05-14 08:15,wholesaler_1,wholesaler,1,,,,,,41.8,89.0,,,,,,,67,hitl
105,2026-05-14 08:15,retail_1,retail,1,,,,,,,,0.0,30.0,1.0,16.75,14.48,40.7039,67,hitl
106,2026-05-14 08:30,supplier_1,supplier,0,801.16,,,,,,,,,,,,,67,hitl
106,2026-05-14 08:30,farm_1,farm,0,,761.0,0.018,,,,,,,,,,,67,hitl
106,2026-05-14 08:30,slaughterhouse_1,slaughterhouse,0,,,,293.8106,392.87,,,,,,,,,67,hitl
106,2026-05-14 08:30,wholesaler_1,wholesaler,1,,,,,,39.7,89.0,,,,,,,67,hitl
106,2026-05-14 08:30,retail_1,retail,1,,,,,,,,0.0,30.0,1.0,17.0,14.48,40.7039,67,hitl
107,2026-05-14 08:45,supplier_1,supplier,0,799.91,,,,,,,,,,,,,67,hitl
107,2026-05-14 08:45,farm_1,farm,0,,761.0,0.018,,,,,,,,,,,67,hitl
107,2026-05-14 08:45,slaughterhouse_1,slaughterhouse,0,,,,293.8106,400.0,,,,,,,,,67,hitl
107,2026-05-14 08:45,wholesaler_1,wholesaler,1,,,,,,37.79,89.0,,,,,,,67,hitl
107,2026-05-14 08:45,retail_1,retail,1,,,,,,,,0.0,30.0,1.0,17.25,14.48,40.7039,67,hitl
108,2026-05-14 09:00,supplier_1,supplier,0,799.18,,,,,,,,,,,,,67,hitl
108,2026-05-14 09:00,farm_1,farm,1,,761.0,0.018,,,,,,,,,,,67,hitl
108,2026-05-14 09:00,slaughterhouse_1,slaughterhouse,0,,,,293.8106,400.0,,,,,,,,,67,hitl
108,2026-05-14 09:00,wholesaler_1,wholesaler,1,,,,,,24.87,89.0,,,,,,,67,hitl
108,2026-05-14 09:00,retail_1,retail,1,,,,,,,,0.0,30.0,1.0,17.5,14.48,40.7039,67,hitl
109,2026-05-14 09:15,supplier_1,supplier,0,798.47,,,,,,,,,,,,,67,hitl
109,2026-05-14 09:15,farm_1,farm,1,,761.0,0.018,,,,,,,,,,,67,hitl
109,2026-05-14 09:15,slaughterhouse_1,slaughterhouse,0,,,,293.8106,400.0,,,,,,,,,67,hitl
109,2026-05-14 09:15,wholesaler_1,wholesaler,1,,,,,,22.88,89.0,,,,,,,67,hitl
109,2026-05-14 09:15,retail_1,retail,1,,,,,,,,10.17,30.0,1.0,17.75,14.48,40.7039,67,hitl
110,2026-05-14 09:30,supplier_1,supplier,0,797.79,,,,,,,,,,,,,67,hitl
110,2026-05-14 09:30,farm_1,farm,1,,761.0,0.018,,,,,,,,,,,67,hitl
110,2026-05-14 09:30,slaughterhouse_1,slaughterhouse,0,,,,293.8106,400.0,,,,,,,,,67,hitl
110,2026-05-14 09:30,wholesaler_1,wholesaler,1,,,,,,20.04,89.0,,,,,,,67,hitl
110,2026-05-14 09:30,retail_1,retail,1,,,,,,,,6.95,30.0,0.0,18.0,14.48,40.7039,67,hitl
111,2026-05-14 09:45,supplier_1,supplier,0,796.75,,,,,,,,,,,,,67,hitl
111,2026-05-14 09:45,farm_1,farm,1,,761.0,0.018,,,,,,,,,,,67,hitl
111,2026-05-14 09:45,slaughterhouse_1,slaughterhouse,0,,,,293.8106,400.0,,,,,,,,,67,hitl
111,2026-05-14 09:45,wholesaler_1,wholesaler,1,,,,,,17.79,89.0,,,,,,,67,hitl
111,2026-05-14 09:45,retail_1,retail,1,,,,,,,,3.24,30.0,0.0,18.25,14.48,40.7039,67,hitl
112,2026-05-14 10:00,supplier_1,supplier,0,795.91,,,,,,,,,,,,,67,hitl
112,2026-05-14 10:00,farm_1,farm,1,,761.0,0.018,,,,,,,,,,,67,hitl
112,2026-05-14 10:00,slaughterhouse_1,slaughterhouse,0,,,,293.8106,376.0,,,,,,,,,67,hitl
112,2026-05-14 10:00,wholesaler_1,wholesaler,1,,,,,,16.25,89.0,,,,,,,67,hitl
112,2026-05-14 10:00,retail_1,retail,1,,,,,,,,0.0,30.0,1.0,18.5,14.48,40.7039,67,hitl
113,2026-05-14 10:15,supplier_1,supplier,0,794.56,,,,,,,,,,,,,67,hitl
113,2026-05-14 10:15,farm_1,farm,1,,761.0,0.018,,,,,,,,,,,67,hitl
113,2026-05-14 10:15,slaughterhouse_1,slaughterhouse,0,,,,293.8106,384.33,,,,,,,,,67,hitl
113,2026-05-14 10:15,wholesaler_1,wholesaler,1,,,,,,37.45,89.0,,,,,,,67,hitl
113,2026-05-14 10:15,retail_1,retail,1,,,,,,,,0.0,30.0,1.0,18.75,14.48,40.7039,67,hitl
114,2026-05-14 10:30,supplier_1,supplier,0,793.94,,,,,,,,,,,,,67,hitl
114,2026-05-14 10:30,farm_1,farm,1,,761.0,0.018,,,,,,,,,,,67,hitl
114,2026-05-14 10:30,slaughterhouse_1,slaughterhouse,0,,,,293.8106,393.12,,,,,,,,,67,hitl
114,2026-05-14 10:30,wholesaler_1,wholesaler,1,,,,,,35.12,89.0,,,,,,,67,hitl
114,2026-05-14 10:30,retail_1,retail,1,,,,,,,,0.0,30.0,1.0,19.0,14.48,40.7039,67,hitl
115,2026-05-14 10:45,supplier_1,supplier,0,792.58,,,,,,,,,,,,,67,hitl
115,2026-05-14 10:45,farm_1,farm,1,,761.0,0.018,,,,,,,,,,,67,hitl
115,2026-05-14 10:45,slaughterhouse_1,slaughterhouse,0,,,,293.8106,400.0,,,,,,,,,67,hitl
115,2026-05-14 10:45,wholesaler_1,wholesaler,1,,,,,,32.95,89.0,,,,,,,67,hitl
115,2026-05-14 10:45,retail_1,retail,1,,,,,,,,0.0,29.0,1.0,5.81,19.09,112.0,67,hitl
116,2026-05-14 11:00,supplier_1,supplier,0,791.51,,,,,,,,,,,,,67,hitl
116,2026-05-14 11:00,farm_1,farm,1,,761.0,0.018,,,,,,,,,,,67,hitl
116,2026-05-14 11:00,slaughterhouse_1,slaughterhouse,0,,,,293.8106,400.0,,,,,,,,,67,hitl
116,2026-05-14 11:00,wholesaler_1,wholesaler,1,,,,,,19.15,89.0,,,,,,,67,hitl
116,2026-05-14 11:00,retail_1,retail,1,,,,,,,,0.0,29.0,1.0,6.06,19.09,112.0,67,hitl
117,2026-05-14 11:15,supplier_1,supplier,0,790.28,,,,,,,,,,,,,67,hitl
117,2026-05-14 11:15,farm_1,farm,1,,761.0,0.018,,,,,,,,,,,67,hitl
117,2026-05-14 11:15,slaughterhouse_1,slaughterhouse,0,,,,293.8106,400.0,,,,,,,,,67,hitl
117,2026-05-14 11:15,wholesaler_1,wholesaler,1,,,,,,16.88,89.0,,,,,,,67,hitl
117,2026-05-14 11:15,retail_1,retail,1,,,,,,,,11.18,29.0,1.0,6.31,19.09,112.0,67,hitl
118,2026-05-14 11:30,supplier_1,supplier,0,789.33,,,,,,,,,,,,,67,hitl
118,2026-05-14 11:30,farm_1,farm,1,,761.0,0.018,,,,,,,,,,,67,hitl
118,2026-05-14 11:30,slaughterhouse_1,slaughterhouse,0,,,,293.8106,400.0,,,,,,,,,67,hitl
118,2026-05-14 11:30,wholesaler_1,wholesaler,1,,,,,,15.38,89.0,,,,,,,67,hitl
118,2026-05-14 11:30,retail_1,retail,1,,,,,,,,6.5,29.0,0.0,6.56,19.09,112.0,67,hitl
119,2026-05-14 11:45,supplier_1,supplier,0,788.46,,,,,,,,,,,,,67,hitl
119,2026-05-14 11:45,farm_1,farm,1,,761.0,0.018,,,,,,,,,,,67,hitl
119,2026-05-14 11:45,slaughterhouse_1,slaughterhouse,0,,,,293.8106,400.0,,,,,,,,,67,hitl
119,2026-05-14 11:45,wholesaler_1,wholesaler,1,,,,,,13.28,89.0,,,,,,,67,hitl
119,2026-05-14 11:45,retail_1,retail,1,,,,,,,,2.24,29.0,0.0,6.81,19.09,112.0,67,hitl
120,2026-05-14 12:00,supplier_1,supplier,0,787.7,,,,,,,,,,,,,67,hitl
120,2026-05-14 12:00,farm_1,farm,1,,761.0,0.018,,,,,,,,,,,67,hitl
120,2026-05-14 12:00,slaughterhouse_1,slaughterhouse,0,,,,293.8106,376.0,,,,,,,,,67,hitl
120,2026-05-14 12:00,wholesaler_1,wholesaler,1,,,,,,10.59,89.0,,,,,,,67,hitl
120,2026-05-14 12:00,retail_1,retail,1,,,,,,,,0.0,29.0,1.0,7.06,19.09,112.0,67,hitl
121,2026-05-14 12:15,supplier_1,supplier,0,786.4,,,,,,,,,,,,,67,hitl
121,2026-05-14 12:15,farm_1,farm,1,,761.0,0.018,,,,,,,,,,,67,hitl
121,2026-05-14 12:15,slaughterhouse_1,slaughterhouse,0,,,,293.8106,384.42,,,,,,,,,67,hitl
121,2026-05-14 12:15,wholesaler_1,wholesaler,1,,,,,,32.26,89.0,,,,,,,67,hitl
121,2026-05-14 12:15,retail_1,retail,1,,,,,,,,0.0,29.0,1.0,7.31,19.09,112.0,67,hitl
122,2026-05-14 12:30,supplier_1,supplier,0,785.03,,,,,,,,,,,,,67,hitl
122,2026-05-14 12:30,farm_1,farm,1,,761.0,0.018,,,,,,,,,,,67,hitl
122,2026-05-14 12:30,slaughterhouse_1,slaughterhouse,0,,,,293.8106,392.1,,,,,,,,,67,hitl
122,2026-05-14 12:30,wholesaler_1,wholesaler,1,,,,,,29.92,89.0,,,,,,,67,hitl
122,2026-05-14 12:30,retail_1,retail,1,,,,,,,,0.0,29.0,1.0,7.56,19.09,112.0,67,hitl
123,2026-05-14 12:45,supplier_1,supplier,0,783.69,,,,,,,,,,,,,67,hitl
123,2026-05-14 12:45,farm_1,farm,1,,761.0,0.018,,,,,,,,,,,67,hitl
123,2026-05-14 12:45,slaughterhouse_1,slaughterhouse,0,,,,293.8106,399.6,,,,,,,,,67,hitl
123,2026-05-14 12:45,wholesaler_1,wholesaler,1,,,,,,27.01,89.0,,,,,,,67,hitl
123,2026-05-14 12:45,retail_1,retail,1,,,,,,,,0.0,29.0,1.0,7.81,19.09,112.0,67,hitl
124,2026-05-14 13:00,supplier_1,supplier,0,782.38,,,,,,,,,,,,,67,hitl
124,2026-05-14 13:00,farm_1,farm,1,,761.0,0.018,,,,,,,,,,,67,hitl
124,2026-05-14 13:00,slaughterhouse_1,slaughterhouse,0,,,,293.8106,400.0,,,,,,,,,67,hitl
124,2026-05-14 13:00,wholesaler_1,wholesaler,1,,,,,,24.13,89.0,,,,,,,67,hitl
124,2026-05-14 13:00,retail_1,retail,1,,,,,,,,0.0,29.0,1.0,8.06,19.09,112.0,67,hitl
125,2026-05-14 13:15,supplier_1,supplier,0,781.31,,,,,,,,,,,,,67,hitl
125,2026-05-14 13:15,farm_1,farm,1,,761.0,0.018,,,,,,,,,,,67,hitl
125,2026-05-14 13:15,slaughterhouse_1,slaughterhouse,0,,,,293.8106,400.0,,,,,,,,,67,hitl
125,2026-05-14 13:15,wholesaler_1,wholesaler,1,,,,,,22.2,89.0,,,,,,,67,hitl
125,2026-05-14 13:15,retail_1,retail,1,,,,,,,,0.0,29.0,1.0,8.31,19.09,112.0,67,hitl
126,2026-05-14 13:30,supplier_1,supplier,0,779.98,,,,,,,,,,,,,67,hitl
126,2026-05-14 13:30,farm_1,farm,1,,761.0,0.018,,,,,,,,,,,67,hitl
126,2026-05-14 13:30,slaughterhouse_1,slaughterhouse,0,,,,293.8106,400.0,,,,,,,,,67,hitl
126,2026-05-14 13:30,wholesaler_1,wholesaler,1,,,,,,19.69,89.0,,,,,,,67,hitl
126,2026-05-14 13:30,retail_1,retail,1,,,,,,,,0.0,29.0,1.0,8.56,19.09,112.0,67,hitl
127,2026-05-14 13:45,supplier_1,supplier,0,778.72,,,,,,,,,,,,,67,hitl
127,2026-05-14 13:45,farm_1,farm,1,,761.0,0.018,,,,,,,,,,,67,hitl
127,2026-05-14 13:45,slaughterhouse_1,slaughterhouse,0,,,,293.8106,400.0,,,,,,,,,67,hitl
127,2026-05-14 13:45,wholesaler_1,wholesaler,1,,,,,,16.73,89.0,,,,,,,67,hitl
127,2026-05-14 13:45,retail_1,retail,1,,,,,,,,0.0,29.0,1.0,8.81,19.09,112.0,67,hitl
128,2026-05-14 14:00,supplier_1,supplier,0,777.77,,,,,,,,,,,,,67,hitl
128,2026-05-14 14:00,farm_1,farm,1,,761.0,0.018,,,,,,,,,,,67,hitl
128,2026-05-14 14:00,slaughterhouse_1,slaughterhouse,0,,,,293.8106,376.0,,,,,,,,,67,hitl
128,2026-05-14 14:00,wholesaler_1,wholesaler,1,,,,,,15.01,89.0,,,,,,,67,hitl
128,2026-05-14 14:00,retail_1,retail,1,,,,,,,,0.0,29.0,1.0,9.06,19.09,112.0,67,hitl
129,2026-05-14 14:15,supplier_1,supplier,0,776.76,,,,,,,,,,,,,67,hitl
129,2026-05-14 14:15,farm_1,farm,1,,761.0,0.018,,,,,,,,,,,67,hitl
129,2026-05-14 14:15,slaughterhouse_1,slaughterhouse,0,,,,293.8106,384.62,,,,,,,,,67,hitl
129,2026-05-14 14:15,wholesaler_1,wholesaler,1,,,,,,37.14,89.0,,,,,,,67,hitl
129,2026-05-14 14:15,retail_1,retail,1,,,,,,,,0.0,29.0,1.0,9.31,19.09,112.0,67,hitl
130,2026-05-14 14:30,supplier_1,supplier,0,775.56,,,,,,,,,,,,,67,hitl
130,2026-05-14 14:30,farm_1,farm,1,,761.0,0.018,,,,,,,,,,,67,hitl
130,2026-05-14 14:30,slaughterhouse_1,slaughterhouse,0,,,,293.8106,392.54,,,,,,,,,67,hitl
130,2026-05-14 14:30,wholesaler_1,wholesaler,1,,,,,,35.15,89.0,,,,,,,67,hitl
130,2026-05-14 14:30,retail_1,retail,1,,,,,,,,0.0,29.0,1.0,9.56,19.09,112.0,67,hitl
131,2026-05-14 14:45,supplier_1,supplier,0,774.62,,,,,,,,,,,,,67,hitl
131,2026-05-14 14:45,farm_1,farm,1,,761.0,0.018,,,,,,,,,,,67,hitl
131,2026-05-14 14:45,slaughterhouse_1,slaughterhouse,0,,,,293.8106,400.0,,,,,,,,,67,hitl
131,2026-05-14 14:45,wholesaler_1,wholesaler,1,,,,,,33.58,89.0,,,,,,,67,hitl
131,2026-05-14 14:45,retail_1,retail,1,,,,,,,,0.0,29.0,1.0,9.81,19.09,112.0,67,hitl
132,2026-05-14 15:00,supplier_1,supplier,0,773.2,,,,,,,,,,,,,67,hitl
132,2026-05-14 15:00,farm_1,farm,1,,761.0,0.018,,,,,,,,,,,67,hitl
132,2026-05-14 15:00,slaughterhouse_1,slaughterhouse,0,,,,293.8106,400.0,,,,,,,,,67,hitl
132,2026-05-14 15:00,wholesaler_1,wholesaler,1,,,,,,20.61,89.0,,,,,,,67,hitl
132,2026-05-14 15:00,retail_1,retail,1,,,,,,,,0.0,29.0,1.0,10.06,19.09,112.0,67,hitl
133,2026-05-14 15:15,supplier_1,supplier,0,772.67,,,,,,,,,,,,,67,hitl
133,2026-05-14 15:15,farm_1,farm,1,,761.0,0.018,,,,,,,,,,,67,hitl
133,2026-05-14 15:15,slaughterhouse_1,slaughterhouse,0,,,,293.8106,400.0,,,,,,,,,67,hitl
133,2026-05-14 15:15,wholesaler_1,wholesaler,1,,,,,,17.76,89.0,,,,,,,67,hitl
133,2026-05-14 15:15,retail_1,retail,1,,,,,,,,11.18,29.0,1.0,10.31,19.09,112.0,67,hitl
134,2026-05-14 15:30,supplier_1,supplier,0,771.35,,,,,,,,,,,,,67,hitl
134,2026-05-14 15:30,farm_1,farm,1,,761.0,0.018,,,,,,,,,,,67,hitl
134,2026-05-14 15:30,slaughterhouse_1,slaughterhouse,0,,,,293.8106,400.0,,,,,,,,,67,hitl
134,2026-05-14 15:30,wholesaler_1,wholesaler,1,,,,,,15.81,89.0,,,,,,,67,hitl
134,2026-05-14 15:30,retail_1,retail,1,,,,,,,,6.47,29.0,0.0,10.56,19.09,112.0,67,hitl
135,2026-05-14 15:45,supplier_1,supplier,0,770.2,,,,,,,,,,,,,67,hitl
135,2026-05-14 15:45,farm_1,farm,1,,761.0,0.018,,,,,,,,,,,67,hitl
135,2026-05-14 15:45,slaughterhouse_1,slaughterhouse,0,,,,293.8106,400.0,,,,,,,,,67,hitl
135,2026-05-14 15:45,wholesaler_1,wholesaler,1,,,,,,13.68,89.0,,,,,,,67,hitl
135,2026-05-14 15:45,retail_1,retail,1,,,,,,,,2.02,29.0,0.0,10.81,19.09,112.0,67,hitl
136,2026-05-14 16:00,supplier_1,supplier,0,769.62,,,,,,,,,,,,,67,hitl
136,2026-05-14 16:00,farm_1,farm,1,,761.0,0.018,,,,,,,,,,,67,hitl
136,2026-05-14 16:00,slaughterhouse_1,slaughterhouse,0,,,,293.8106,376.0,,,,,,,,,67,hitl
136,2026-05-14 16:00,wholesaler_1,wholesaler,1,,,,,,11.4,89.0,,,,,,,67,hitl
136,2026-05-14 16:00,retail_1,retail,1,,,,,,,,0.0,29.0,1.0,11.06,19.09,112.0,67,hitl
137,2026-05-14 16:15,supplier_1,supplier,0,768.88,,,,,,,,,,,,,67,hitl
137,2026-05-14 16:15,farm_1,farm,1,,761.0,0.018,,,,,,,,,,,67,hitl
137,2026-05-14 16:15,slaughterhouse_1,slaughterhouse,0,,,,293.8106,384.08,,,,,,,,,67,hitl
137,2026-05-14 16:15,wholesaler_1,wholesaler,1,,,,,,32.59,89.0,,,,,,,67,hitl
137,2026-05-14 16:15,retail_1,retail,1,,,,,,,,0.0,29.0,1.0,11.31,19.09,112.0,67,hitl
138,2026-05-14 16:30,supplier_1,supplier,0,767.82,,,,,,,,,,,,,67,hitl
138,2026-05-14 16:30,farm_1,farm,1,,761.0,0.018,,,,,,,,,,,67,hitl
138,2026-05-14 16:30,slaughterhouse_1,slaughterhouse,0,,,,293.8106,392.02,,,,,,,,,67,hitl
138,2026-05-14 16:30,wholesaler_1,wholesaler,1,,,,,,29.8,89.0,,,,,,,67,hitl
138,2026-05-14 16:30,retail_1,retail,1,,,,,,,,0.0,29.0,1.0,11.56,19.09,112.0,67,hitl
139,2026-05-14 16:45,supplier_1,supplier,0,767.25,,,,,,,,,,,,,67,hitl
139,2026-05-14 16:45,farm_1,farm,1,,761.0,0.018,,,,,,,,,,,67,hitl
139,2026-05-14 16:45,slaughterhouse_1,slaughterhouse,0,,,,293.8106,399.52,,,,,,,,,67,hitl
139,2026-05-14 16:45,wholesaler_1,wholesaler,1,,,,,,28.13,89.0,,,,,,,67,hitl
139,2026-05-14 16:45,retail_1,retail,1,,,,,,,,0.0,29.0,1.0,11.81,19.09,112.0,67,hitl
140,2026-05-14 17:00,supplier_1,supplier,0,766.72,,,,,,,,,,,,,67,hitl
140,2026-05-14 17:00,farm_1,farm,1,,761.0,0.018,,,,,,,,,,,67,hitl
140,2026-05-14 17:00,slaughterhouse_1,slaughterhouse,0,,,,293.8106,400.0,,,,,,,,,67,hitl
140,2026-05-14 17:00,wholesaler_1,wholesaler,1,,,,,,25.54,89.0,,,,,,,67,hitl
140,2026-05-14 17:00,retail_1,retail,1,,,,,,,,0.0,29.0,1.0,12.06,19.09,112.0,67,hitl
141,2026-05-14 17:15,supplier_1,supplier,0,765.59,,,,,,,,,,,,,67,hitl
141,2026-05-14 17:15,farm_1,farm,1,,761.0,0.018,,,,,,,,,,,67,hitl
141,2026-05-14 17:15,slaughterhouse_1,slaughterhouse,0,,,,293.8106,400.0,,,,,,,,,67,hitl
141,2026-05-14 17:15,wholesaler_1,wholesaler,1,,,,,,23.41,89.0,,,,,,,67,hitl
141,2026-05-14 17:15,retail_1,retail,1,,,,,,,,0.0,29.0,1.0,12.31,19.09,112.0,67,hitl
142,2026-05-14 17:30,supplier_1,supplier,0,764.65,,,,,,,,,,,,,67,hitl
142,2026-05-14 17:30,farm_1,farm,1,,761.0,0.018,,,,,,,,,,,67,hitl
142,2026-05-14 17:30,slaughterhouse_1,slaughterhouse,0,,,,293.8106,400.0,,,,,,,,,67,hitl
142,2026-05-14 17:30,wholesaler_1,wholesaler,1,,,,,,21.77,89.0,,,,,,,67,hitl
142,2026-05-14 17:30,retail_1,retail,1,,,,,,,,0.0,29.0,1.0,12.56,19.09,112.0,67,hitl
143,2026-05-14 17:45,supplier_1,supplier,0,763.39,,,,,,,,,,,,,67,hitl
143,2026-05-14 17:45,farm_1,farm,1,,761.0,0.018,,,,,,,,,,,67,hitl
143,2026-05-14 17:45,slaughterhouse_1,slaughterhouse,0,,,,293.8106,400.0,,,,,,,,,67,hitl
143,2026-05-14 17:45,wholesaler_1,wholesaler,1,,,,,,19.33,89.0,,,,,,,67,hitl
143,2026-05-14 17:45,retail_1,retail,1,,,,,,,,0.0,29.0,1.0,12.81,19.09,112.0,67,hitl
144,2026-05-14 18:00,supplier_1,supplier,0,762.44,,,,,,,,,,,,,67,hitl
144,2026-05-14 18:00,farm_1,farm,0,,761.0,0.018,,,,,,,,,,,67,hitl
144,2026-05-14 18:00,slaughterhouse_1,slaughterhouse,0,,,,293.8106,376.0,,,,,,,,,67,hitl
144,2026-05-14 18:00,wholesaler_1,wholesaler,1,,,,,,16.98,89.0,,,,,,,67,hitl
144,2026-05-14 18:00,retail_1,retail,1,,,,,,,,0.0,29.0,1.0,13.06,19.09,130.7896,67,hitl
145,2026-05-14 18:15,supplier_1,supplier,0,761.41,,,,,,,,,,,,,67,hitl
145,2026-05-14 18:15,farm_1,farm,0,,761.0,0.018,,,,,,,,,,,67,hitl
145,2026-05-14 18:15,slaughterhouse_1,slaughterhouse,0,,,,293.8106,383.72,,,,,,,,,67,hitl
145,2026-05-14 18:15,wholesaler_1,wholesaler,1,,,,,,38.04,89.0,,,,,,,67,hitl
145,2026-05-14 18:15,retail_1,retail,1,,,,,,,,0.0,29.0,1.0,13.31,19.09,130.7896,67,hitl
146,2026-05-14 18:30,supplier_1,supplier,0,760.36,,,,,,,,,,,,,67,hitl
146,2026-05-14 18:30,farm_1,farm,0,,761.0,0.018,,,,,,,,,,,67,hitl
146,2026-05-14 18:30,slaughterhouse_1,slaughterhouse,0,,,,293.8106,391.42,,,,,,,,,67,hitl
146,2026-05-14 18:30,wholesaler_1,wholesaler,1,,,,,,35.32,89.0,,,,,,,67,hitl
146,2026-05-14 18:30,retail_1,retail,1,,,,,,,,0.0,29.0,1.0,13.56,19.09,130.7896,67,hitl
147,2026-05-14 18:45,supplier_1,supplier,0,759.7,,,,,,,,,,,,,67,hitl
147,2026-05-14 18:45,farm_1,farm,0,,761.0,0.018,,,,,,,,,,,67,hitl
147,2026-05-14 18:45,slaughterhouse_1,slaughterhouse,0,,,,293.8106,399.35,,,,,,,,,67,hitl
147,2026-05-14 18:45,wholesaler_1,wholesaler,1,,,,,,32.67,89.0,,,,,,,67,hitl
147,2026-05-14 18:45,retail_1,retail,1,,,,,,,,0.0,29.0,1.0,13.81,19.09,130.7896,67,hitl
148,2026-05-14 19:00,supplier_1,supplier,0,758.42,,,,,,,,,,,,,67,hitl
148,2026-05-14 19:00,farm_1,farm,0,,761.0,0.018,,,,,,,,,,,67,hitl
148,2026-05-14 19:00,slaughterhouse_1,slaughterhouse,0,,,,293.8106,400.0,,,,,,,,,67,hitl
148,2026-05-14 19:00,wholesaler_1,wholesaler,1,,,,,,15.6,89.0,,,,,,,67,hitl
148,2026-05-14 19:00,retail_1,retail,1,,,,,,,,0.0,29.0,1.0,14.06,19.09,130.7896,67,hitl
149,2026-05-14 19:15,supplier_1,supplier,0,757.59,,,,,,,,,,,,,67,hitl
149,2026-05-14 19:15,farm_1,farm,0,,761.0,0.018,,,,,,,,,,,67,hitl
149,2026-05-14 19:15,slaughterhouse_1,slaughterhouse,0,,,,293.8106,400.0,,,,,,,,,67,hitl
149,2026-05-14 19:15,wholesaler_1,wholesaler,1,,,,,,12.73,89.0,,,,,,,67,hitl
149,2026-05-14 19:15,retail_1,retail,1,,,,,,,,14.98,29.0,1.0,14.31,19.09,130.7896,67,hitl
150,2026-05-14 19:30,supplier_1,supplier,0,756.37,,,,,,,,,,,,,67,hitl
150,2026-05-14 19:30,farm_1,farm,0,,761.0,0.018,,,,,,,,,,,67,hitl
150,2026-05-14 19:30,slaughterhouse_1,slaughterhouse,0,,,,293.8106,400.0,,,,,,,,,67,hitl
150,2026-05-14 19:30,wholesaler_1,wholesaler,1,,,,,,10.0,89.0,,,,,,,67,hitl
150,2026-05-14 19:30,retail_1,retail,1,,,,,,,,9.9,29.0,0.0,14.56,19.09,130.7896,67,hitl
151,2026-05-14 19:45,supplier_1,supplier,0,755.74,,,,,,,,,,,,,67,hitl
151,2026-05-14 19:45,farm_1,farm,0,,761.0,0.018,,,,,,,,,,,67,hitl
151,2026-05-14 19:45,slaughterhouse_1,slaughterhouse,0,,,,293.8106,400.0,,,,,,,,,67,hitl
151,2026-05-14 19:45,wholesaler_1,wholesaler,1,,,,,,8.19,89.0,,,,,,,67,hitl
151,2026-05-14 19:45,retail_1,retail,1,,,,,,,,5.58,29.0,0.0,14.81,19.09,130.7896,67,hitl
152,2026-05-14 20:00,supplier_1,supplier,0,754.78,,,,,,,,,,,,,67,hitl
152,2026-05-14 20:00,farm_1,farm,0,,761.0,0.018,,,,,,,,,,,67,hitl
152,2026-05-14 20:00,slaughterhouse_1,slaughterhouse,0,,,,293.8106,376.0,,,,,,,,,67,hitl
152,2026-05-14 20:00,wholesaler_1,wholesaler,1,,,,,,5.69,89.0,,,,,,,67,hitl
152,2026-05-14 20:00,retail_1,retail,1,,,,,,,,0.5,29.0,0.0,15.06,19.09,130.7896,67,hitl
153,2026-05-14 20:15,supplier_1,supplier,0,753.5,,,,,,,,,,,,,67,hitl
153,2026-05-14 20:15,farm_1,farm,0,,761.0,0.018,,,,,,,,,,,67,hitl
153,2026-05-14 20:15,slaughterhouse_1,slaughterhouse,0,,,,293.8106,384.58,,,,,,,,,67,hitl
153,2026-05-14 20:15,wholesaler_1,wholesaler,1,,,,,,28.13,89.0,,,,,,,67,hitl
153,2026-05-14 20:15,retail_1,retail,1,,,,,,,,0.0,29.0,1.0,15.31,19.09,130.7896,67,hitl
154,2026-05-14 20:30,supplier_1,supplier,0,752.91,,,,,,,,,,,,,67,hitl
154,2026-05-14 20:30,farm_1,farm,0,,761.0,0.018,,,,,,,,,,,67,hitl
154,2026-05-14 20:30,slaughterhouse_1,slaughterhouse,0,,,,293.8106,392.33,,,,,,,,,67,hitl
154,2026-05-14 20:30,wholesaler_1,wholesaler,1,,,,,,25.85,89.0,,,,,,,67,hitl
154,2026-05-14 20:30,retail_1,retail,1,,,,,,,,0.0,29.0,1.0,15.56,19.09,130.7896,67,hitl
155,2026-05-14 20:45,supplier_1,supplier,0,751.43,,,,,,,,,,,,,67,hitl
155,2026-05-14 20:45,farm_1,farm,0,,761.0,0.018,,,,,,,,,,,67,hitl
155,2026-05-14 20:45,slaughterhouse_1,slaughterhouse,0,,,,293.8106,400.0,,,,,,,,,67,hitl
155,2026-05-14 20:45,wholesaler_1,wholesaler,1,,,,,,23.91,89.0,,,,,,,67,hitl
155,2026-05-14 20:45,retail_1,retail,1,,,,,,,,0.0,29.0,1.0,15.81,19.09,130.7896,67,hitl
156,2026-05-14 21:00,supplier_1,supplier,0,750.52,,,,,,,,,,,,,67,hitl
156,2026-05-14 21:00,farm_1,farm,0,,761.0,0.018,,,,,,,,,,,67,hitl
156,2026-05-14 21:00,slaughterhouse_1,slaughterhouse,0,,,,293.8106,400.0,,,,,,,,,67,hitl
156,2026-05-14 21:00,wholesaler_1,wholesaler,1,,,,,,21.52,89.0,,,,,,,67,hitl
156,2026-05-14 21:00,retail_1,retail,1,,,,,,,,0.0,29.0,1.0,16.06,19.09,130.7896,67,hitl
157,2026-05-14 21:15,supplier_1,supplier,0,749.91,,,,,,,,,,,,,67,hitl
157,2026-05-14 21:15,farm_1,farm,0,,761.0,0.018,,,,,,,,,,,67,hitl
157,2026-05-14 21:15,slaughterhouse_1,slaughterhouse,0,,,,293.8106,400.0,,,,,,,,,67,hitl
157,2026-05-14 21:15,wholesaler_1,wholesaler,1,,,,,,18.56,89.0,,,,,,,67,hitl
157,2026-05-14 21:15,retail_1,retail,1,,,,,,,,0.0,29.0,1.0,16.31,19.09,130.7896,67,hitl
158,2026-05-14 21:30,supplier_1,supplier,0,748.58,,,,,,,,,,,,,67,hitl
158,2026-05-14 21:30,farm_1,farm,0,,761.0,0.018,,,,,,,,,,,67,hitl
158,2026-05-14 21:30,slaughterhouse_1,slaughterhouse,0,,,,293.8106,400.0,,,,,,,,,67,hitl
158,2026-05-14 21:30,wholesaler_1,wholesaler,1,,,,,,16.99,89.0,,,,,,,67,hitl
158,2026-05-14 21:30,retail_1,retail,1,,,,,,,,0.0,29.0,1.0,16.56,19.09,130.7896,67,hitl
159,2026-05-14 21:45,supplier_1,supplier,0,747.81,,,,,,,,,,,,,67,hitl
159,2026-05-14 21:45,farm_1,farm,0,,761.0,0.018,,,,,,,,,,,67,hitl
159,2026-05-14 21:45,slaughterhouse_1,slaughterhouse,0,,,,293.8106,400.0,,,,,,,,,67,hitl
159,2026-05-14 21:45,wholesaler_1,wholesaler,1,,,,,,14.76,89.0,,,,,,,67,hitl
159,2026-05-14 21:45,retail_1,retail,1,,,,,,,,0.0,29.0,1.0,16.81,19.09,130.7896,67,hitl
160,2026-05-14 22:00,supplier_1,supplier,0,747.07,,,,,,,,,,,,,67,hitl
160,2026-05-14 22:00,farm_1,farm,0,,761.0,0.018,,,,,,,,,,,67,hitl
160,2026-05-14 22:00,slaughterhouse_1,slaughterhouse,0,,,,293.8106,376.0,,,,,,,,,67,hitl
160,2026-05-14 22:00,wholesaler_1,wholesaler,1,,,,,,12.89,89.0,,,,,,,67,hitl
160,2026-05-14 22:00,retail_1,retail,1,,,,,,,,0.0,29.0,1.0,17.06,19.09,130.7896,67,hitl
161,2026-05-14 22:15,supplier_1,supplier,0,745.9,,,,,,,,,,,,,67,hitl
161,2026-05-14 22:15,farm_1,farm,0,,761.0,0.018,,,,,,,,,,,67,hitl
161,2026-05-14 22:15,slaughterhouse_1,slaughterhouse,0,,,,293.8106,384.49,,,,,,,,,67,hitl
161,2026-05-14 22:15,wholesaler_1,wholesaler,1,,,,,,34.49,89.0,,,,,,,67,hitl
161,2026-05-14 22:15,retail_1,retail,1,,,,,,,,0.0,29.0,1.0,17.31,19.09,130.7896,67,hitl
162,2026-05-14 22:30,supplier_1,supplier,0,745.22,,,,,,,,,,,,,67,hitl
162,2026-05-14 22:30,farm_1,farm,0,,761.0,0.018,,,,,,,,,,,67,hitl
162,2026-05-14 22:30,slaughterhouse_1,slaughterhouse,0,,,,293.8106,392.84,,,,,,,,,67,hitl
162,2026-05-14 22:30,wholesaler_1,wholesaler,1,,,,,,32.89,89.0,,,,,,,67,hitl
162,2026-05-14 22:30,retail_1,retail,1,,,,,,,,0.0,29.0,1.0,17.56,19.09,130.7896,67,hitl
163,2026-05-14 22:45,supplier_1,supplier,0,744.39,,,,,,,,,,,,,67,hitl
163,2026-05-14 22:45,farm_1,farm,0,,761.0,0.018,,,,,,,,,,,67,hitl
163,2026-05-14 22:45,slaughterhouse_1,slaughterhouse,0,,,,293.8106,400.0,,,,,,,,,67,hitl
163,2026-05-14 22:45,wholesaler_1,wholesaler,1,,,,,,30.27,89.0,,,,,,,67,hitl
163,2026-05-14 22:45,retail_1,retail,1,,,,,,,,0.0,29.0,1.0,17.81,19.09,130.7896,67,hitl
164,2026-05-14 23:00,supplier_1,supplier,0,743.38,,,,,,,,,,,,,67,hitl
164,2026-05-14 23:00,farm_1,farm,0,,761.0,0.018,,,,,,,,,,,67,hitl
164,2026-05-14 23:00,slaughterhouse_1,slaughterhouse,0,,,,293.8106,400.0,,,,,,,,,67,hitl
164,2026-05-14 23:00,wholesaler_1,wholesaler,1,,,,,,28.43,89.0,,,,,,,67,hitl
164,2026-05-14 23:00,retail_1,retail,1,,,,,,,,0.0,29.0,1.0,18.06,19.09,130.7896,67,hitl
165,2026-05-14 23:15,supplier_1,supplier,0,742.64,,,,,,,,,,,,,67,hitl
165,2026-05-14 23:15,farm_1,farm,0,,761.0,0.018,,,,,,,,,,,67,hitl
165,2026-05-14 23:15,slaughterhouse_1,slaughterhouse,0,,,,293.8106,400.0,,,,,,,,,67,hitl
165,2026-05-14 23:15,wholesaler_1,wholesaler,1,,,,,,26.39,89.0,,,,,,,67,hitl
165,2026-05-14 23:15,retail_1,retail,1,,,,,,,,0.0,29.0,1.0,18.31,19.09,130.7896,67,hitl
166,2026-05-14 23:30,supplier_1,supplier,0,741.95,,,,,,,,,,,,,67,hitl
166,2026-05-14 23:30,farm_1,farm,0,,761.0,0.018,,,,,,,,,,,67,hitl
166,2026-05-14 23:30,slaughterhouse_1,slaughterhouse,0,,,,293.8106,400.0,,,,,,,,,67,hitl
166,2026-05-14 23:30,wholesaler_1,wholesaler,1,,,,,,24.69,89.0,,,,,,,67,hitl
166,2026-05-14 23:30,retail_1,retail,1,,,,,,,,0.0,29.0,1.0,18.56,19.09,130.7896,67,hitl
167,2026-05-14 23:45,supplier_1,supplier,0,740.54,,,,,,,,,,,,,67,hitl
167,2026-05-14 23:45,farm_1,farm,0,,761.0,0.018,,,,,,,,,,,67,hitl
167,2026-05-14 23:45,slaughterhouse_1,slaughterhouse,0,,,,293.8106,400.0,,,,,,,,,67,hitl
167,2026-05-14 23:45,wholesaler_1,wholesaler,1,,,,,,22.27,89.0,,,,,,,67,hitl
167,2026-05-14 23:45,retail_1,retail,1,,,,,,,,0.0,29.0,1.0,18.81,19.09,130.7896,67,hitl
168,2026-05-15 00:00,supplier_1,supplier,0,739.23,,,,,,,,,,,,,67,hitl
168,2026-05-15 00:00,farm_1,farm,0,,761.0,0.018,,,,,,,,,,,67,hitl
168,2026-05-15 00:00,slaughterhouse_1,slaughterhouse,0,,,,293.8106,376.0,,,,,,,,,67,hitl
168,2026-05-15 00:00,wholesaler_1,wholesaler,1,,,,,,20.4,89.0,,,,,,,67,hitl
168,2026-05-15 00:00,retail_1,retail,1,,,,,,,,0.0,29.0,1.0,19.06,19.09,130.7896,67,hitl
169,2026-05-15 00:15,supplier_1,supplier,0,737.88,,,,,,,,,,,,,67,hitl
169,2026-05-15 00:15,farm_1,farm,0,,761.0,0.018,,,,,,,,,,,67,hitl
169,2026-05-15 00:15,slaughterhouse_1,slaughterhouse,0,,,,293.8106,384.81,,,,,,,,,67,hitl
169,2026-05-15 00:15,wholesaler_1,wholesaler,1,,,,,,42.32,89.0,,,,,,,67,hitl
169,2026-05-15 00:15,retail_1,retail,1,,,,,,,,0.0,29.0,1.0,19.31,19.09,130.7896,67,hitl
170,2026-05-15 00:30,supplier_1,supplier,0,736.66,,,,,,,,,,,,,67,hitl
170,2026-05-15 00:30,farm_1,farm,0,,761.0,0.018,,,,,,,,,,,67,hitl
170,2026-05-15 00:30,slaughterhouse_1,slaughterhouse,0,,,,293.8106,392.38,,,,,,,,,67,hitl
170,2026-05-15 00:30,wholesaler_1,wholesaler,1,,,,,,40.73,89.0,,,,,,,67,hitl
170,2026-05-15 00:30,retail_1,retail,1,,,,,,,,0.0,29.0,1.0,19.56,19.09,130.7896,67,hitl
171,2026-05-15 00:45,supplier_1,supplier,0,736.11,,,,,,,,,,,,,67,hitl
171,2026-05-15 00:45,farm_1,farm,0,,761.0,0.018,,,,,,,,,,,67,hitl
171,2026-05-15 00:45,slaughterhouse_1,slaughterhouse,0,,,,293.8106,400.0,,,,,,,,,67,hitl
171,2026-05-15 00:45,wholesaler_1,wholesaler,1,,,,,,38.52,89.0,,,,,,,67,hitl
171,2026-05-15 00:45,retail_1,retail,1,,,,,,,,0.0,29.0,1.0,19.81,19.09,130.7896,67,hitl
172,2026-05-15 01:00,supplier_1,supplier,0,734.81,,,,,,,,,,,,,67,hitl
172,2026-05-15 01:00,farm_1,farm,0,,761.0,0.018,,,,,,,,,,,67,hitl
172,2026-05-15 01:00,slaughterhouse_1,slaughterhouse,0,,,,293.8106,400.0,,,,,,,,,67,hitl
172,2026-05-15 01:00,wholesaler_1,wholesaler,1,,,,,,22.03,89.0,,,,,,,67,hitl
172,2026-05-15 01:00,retail_1,retail,1,,,,,,,,0.0,29.0,1.0,20.06,19.09,130.7896,67,hitl
173,2026-05-15 01:15,supplier_1,supplier,0,733.75,,,,,,,,,,,,,67,hitl
173,2026-05-15 01:15,farm_1,farm,0,,761.0,0.018,,,,,,,,,,,67,hitl
173,2026-05-15 01:15,slaughterhouse_1,slaughterhouse,0,,,,293.8106,400.0,,,,,,,,,67,hitl
173,2026-05-15 01:15,wholesaler_1,wholesaler,1,,,,,,19.31,89.0,,,,,,,67,hitl
173,2026-05-15 01:15,retail_1,retail,1,,,,,,,,14.98,29.0,1.0,20.31,19.09,130.7896,67,hitl
174,2026-05-15 01:30,supplier_1,supplier,0,732.79,,,,,,,,,,,,,67,hitl
174,2026-05-15 01:30,farm_1,farm,0,,761.0,0.018,,,,,,,,,,,67,hitl
174,2026-05-15 01:30,slaughterhouse_1,slaughterhouse,0,,,,293.8106,400.0,,,,,,,,,67,hitl
174,2026-05-15 01:30,wholesaler_1,wholesaler,1,,,,,,17.14,89.0,,,,,,,67,hitl
174,2026-05-15 01:30,retail_1,retail,1,,,,,,,,9.68,29.0,0.0,20.56,19.09,130.7896,67,hitl
175,2026-05-15 01:45,supplier_1,supplier,0,731.6,,,,,,,,,,,,,67,hitl
175,2026-05-15 01:45,farm_1,farm,0,,761.0,0.018,,,,,,,,,,,67,hitl
175,2026-05-15 01:45,slaughterhouse_1,slaughterhouse,0,,,,293.8106,400.0,,,,,,,,,67,hitl
175,2026-05-15 01:45,wholesaler_1,wholesaler,1,,,,,,15.58,89.0,,,,,,,67,hitl
175,2026-05-15 01:45,retail_1,retail,1,,,,,,,,4.44,29.0,0.0,20.81,19.09,130.7896,67,hitl
176,2026-05-15 02:00,supplier_1,supplier,0,730.9,,,,,,,,,,,,,67,hitl
176,2026-05-15 02:00,farm_1,farm,0,,761.0,0.018,,,,,,,,,,,67,hitl
176,2026-05-15 02:00,slaughterhouse_1,slaughterhouse,0,,,,293.8106,376.0,,,,,,,,,67,hitl
176,2026-05-15 02:00,wholesaler_1,wholesaler,1,,,,,,12.89,89.0,,,,,,,67,hitl
176,2026-05-15 02:00,retail_1,retail,1,,,,,,,,0.0,29.0,1.0,21.06,19.09,130.7896,67,hitl
177,2026-05-15 02:15,supplier_1,supplier,0,730.0,,,,,,,,,,,,,67,hitl
177,2026-05-15 02:15,farm_1,farm,0,,761.0,0.018,,,,,,,,,,,67,hitl
177,2026-05-15 02:15,slaughterhouse_1,slaughterhouse,0,,,,293.8106,384.47,,,,,,,,,67,hitl
177,2026-05-15 02:15,wholesaler_1,wholesaler,1,,,,,,34.18,89.0,,,,,,,67,hitl
177,2026-05-15 02:15,retail_1,retail,1,,,,,,,,0.0,29.0,1.0,21.31,19.09,130.7896,67,hitl
178,2026-05-15 02:30,supplier_1,supplier,0,729.47,,,,,,,,,,,,,67,hitl
178,2026-05-15 02:30,farm_1,farm,0,,761.0,0.018,,,,,,,,,,,67,hitl
178,2026-05-15 02:30,slaughterhouse_1,slaughterhouse,0,,,,293.8106,392.44,,,,,,,,,67,hitl
178,2026-05-15 02:30,wholesaler_1,wholesaler,1,,,,,,31.74,89.0,,,,,,,67,hitl
178,2026-05-15 02:30,retail_1,retail,1,,,,,,,,0.0,29.0,1.0,21.56,19.09,130.7896,67,hitl
179,2026-05-15 02:45,supplier_1,supplier,0,728.92,,,,,,,,,,,,,67,hitl
179,2026-05-15 02:45,farm_1,farm,0,,761.0,0.018,,,,,,,,,,,67,hitl
179,2026-05-15 02:45,slaughterhouse_1,slaughterhouse,0,,,,293.8106,400.0,,,,,,,,,67,hitl
179,2026-05-15 02:45,wholesaler_1,wholesaler,1,,,,,,28.88,89.0,,,,,,,67,hitl
179,2026-05-15 02:45,retail_1,retail,1,,,,,,,,0.0,29.0,1.0,21.81,19.09,130.7896,67,hitl
180,2026-05-15 03:00,supplier_1,supplier,0,727.55,,,,,,,,,,,,,67,hitl
180,2026-05-15 03:00,farm_1,farm,1,,761.0,0.018,,,,,,,,,,,67,hitl
180,2026-05-15 03:00,slaughterhouse_1,slaughterhouse,0,,,,293.8106,400.0,,,,,,,,,67,hitl
180,2026-05-15 03:00,wholesaler_1,wholesaler,1,,,,,,26.65,89.0,,,,,,,67,hitl
180,2026-05-15 03:00,retail_1,retail,1,,,,,,,,0.0,29.0,1.0,22.06,19.09,130.7896,67,hitl
181,2026-05-15 03:15,supplier_1,supplier,0,726.09,,,,,,,,,,,,,67,hitl
181,2026-05-15 03:15,farm_1,farm,1,,761.0,0.018,,,,,,,,,,,67,hitl
181,2026-05-15 03:15,slaughterhouse_1,slaughterhouse,0,,,,293.8106,400.0,,,,,,,,,67,hitl
181,2026-05-15 03:15,wholesaler_1,wholesaler,1,,,,,,24.37,89.0,,,,,,,67,hitl
181,2026-05-15 03:15,retail_1,retail,1,,,,,,,,0.0,29.0,1.0,22.31,19.09,130.7896,67,hitl
182,2026-05-15 03:30,supplier_1,supplier,0,724.8,,,,,,,,,,,,,67,hitl
182,2026-05-15 03:30,farm_1,farm,1,,761.0,0.018,,,,,,,,,,,67,hitl
182,2026-05-15 03:30,slaughterhouse_1,slaughterhouse,0,,,,293.8106,400.0,,,,,,,,,67,hitl
182,2026-05-15 03:30,wholesaler_1,wholesaler,1,,,,,,22.67,89.0,,,,,,,67,hitl
182,2026-05-15 03:30,retail_1,retail,1,,,,,,,,0.0,29.0,1.0,22.56,19.09,130.7896,67,hitl
183,2026-05-15 03:45,supplier_1,supplier,0,723.32,,,,,,,,,,,,,67,hitl
183,2026-05-15 03:45,farm_1,farm,1,,761.0,0.018,,,,,,,,,,,67,hitl
183,2026-05-15 03:45,slaughterhouse_1,slaughterhouse,0,,,,293.8106,400.0,,,,,,,,,67,hitl
183,2026-05-15 03:45,wholesaler_1,wholesaler,1,,,,,,21.1,89.0,,,,,,,67,hitl
183,2026-05-15 03:45,retail_1,retail,1,,,,,,,,0.0,29.0,1.0,22.81,19.09,130.7896,67,hitl
184,2026-05-15 04:00,supplier_1,supplier,0,722.41,,,,,,,,,,,,,67,hitl
184,2026-05-15 04:00,farm_1,farm,1,,761.0,0.018,,,,,,,,,,,67,hitl
184,2026-05-15 04:00,slaughterhouse_1,slaughterhouse,0,,,,293.8106,376.0,,,,,,,,,67,hitl
184,2026-05-15 04:00,wholesaler_1,wholesaler,1,,,,,,18.8,89.0,,,,,,,67,hitl
184,2026-05-15 04:00,retail_1,retail,1,,,,,,,,0.0,29.0,1.0,23.06,19.09,130.7896,67,hitl
185,2026-05-15 04:15,supplier_1,supplier,0,721.64,,,,,,,,,,,,,67,hitl
185,2026-05-15 04:15,farm_1,farm,1,,761.0,0.018,,,,,,,,,,,67,hitl
185,2026-05-15 04:15,slaughterhouse_1,slaughterhouse,0,,,,293.8106,383.89,,,,,,,,,67,hitl
185,2026-05-15 04:15,wholesaler_1,wholesaler,1,,,,,,40.19,89.0,,,,,,,67,hitl
185,2026-05-15 04:15,retail_1,retail,1,,,,,,,,0.0,29.0,1.0,23.31,19.09,130.7896,67,hitl
186,2026-05-15 04:30,supplier_1,supplier,0,720.51,,,,,,,,,,,,,67,hitl
186,2026-05-15 04:30,farm_1,farm,1,,761.0,0.018,,,,,,,,,,,67,hitl
186,2026-05-15 04:30,slaughterhouse_1,slaughterhouse,0,,,,293.8106,392.49,,,,,,,,,67,hitl
186,2026-05-15 04:30,wholesaler_1,wholesaler,1,,,,,,37.24,89.0,,,,,,,67,hitl
186,2026-05-15 04:30,retail_1,retail,1,,,,,,,,0.0,29.0,1.0,23.56,19.09,130.7896,67,hitl
187,2026-05-15 04:45,supplier_1,supplier,0,719.86,,,,,,,,,,,,,67,hitl
187,2026-05-15 04:45,farm_1,farm,1,,761.0,0.018,,,,,,,,,,,67,hitl
187,2026-05-15 04:45,slaughterhouse_1,slaughterhouse,0,,,,293.8106,400.0,,,,,,,,,67,hitl
187,2026-05-15 04:45,wholesaler_1,wholesaler,1,,,,,,34.89,89.0,,,,,,,67,hitl
187,2026-05-15 04:45,retail_1,retail,1,,,,,,,,0.0,29.0,1.0,23.81,19.09,130.7896,67,hitl
188,2026-05-15 05:00,supplier_1,supplier,0,718.98,,,,,,,,,,,,,67,hitl
188,2026-05-15 05:00,farm_1,farm,1,,761.0,0.018,,,,,,,,,,,67,hitl
188,2026-05-15 05:00,slaughterhouse_1,slaughterhouse,0,,,,293.8106,400.0,,,,,,,,,67,hitl
188,2026-05-15 05:00,wholesaler_1,wholesaler,1,,,,,,20.22,89.0,,,,,,,67,hitl
188,2026-05-15 05:00,retail_1,retail,1,,,,,,,,0.0,29.0,1.0,24.06,19.09,130.7896,67,hitl
189,2026-05-15 05:15,supplier_1,supplier,0,718.18,,,,,,,,,,,,,67,hitl
189,2026-05-15 05:15,farm_1,farm,1,,761.0,0.018,,,,,,,,,,,67,hitl
189,2026-05-15 05:15,slaughterhouse_1,slaughterhouse,0,,,,293.8106,400.0,,,,,,,,,67,hitl
189,2026-05-15 05:15,wholesaler_1,wholesaler,1,,,,,,18.16,89.0,,,,,,,67,hitl
189,2026-05-15 05:15,retail_1,retail,1,,,,,,,,11.98,29.0,1.0,24.31,19.09,130.7896,67,hitl
190,2026-05-15 05:30,supplier_1,supplier,0,717.05,,,,,,,,,,,,,67,hitl
190,2026-05-15 05:30,farm_1,farm,1,,761.0,0.018,,,,,,,,,,,67,hitl
190,2026-05-15 05:30,slaughterhouse_1,slaughterhouse,0,,,,293.8106,400.0,,,,,,,,,67,hitl
190,2026-05-15 05:30,wholesaler_1,wholesaler,1,,,,,,16.13,89.0,,,,,,,67,hitl
190,2026-05-15 05:30,retail_1,retail,1,,,,,,,,7.5,29.0,0.0,24.56,19.09,130.7896,67,hitl
191,2026-05-15 05:45,supplier_1,supplier,0,715.58,,,,,,,,,,,,,67,hitl
191,2026-05-15 05:45,farm_1,farm,1,,761.0,0.018,,,,,,,,,,,67,hitl
191,2026-05-15 05:45,slaughterhouse_1,slaughterhouse,0,,,,293.8106,400.0,,,,,,,,,67,hitl
191,2026-05-15 05:45,wholesaler_1,wholesaler,1,,,,,,13.21,89.0,,,,,,,67,hitl
191,2026-05-15 05:45,retail_1,retail,1,,,,,,,,2.31,29.0,0.0,24.81,19.09,130.7896,67,hitl
192,2026-05-15 06:00,supplier_1,supplier,0,714.16,,,,,,,,,,,,,67,hitl
192,2026-05-15 06:00,farm_1,farm,1,,761.0,0.018,,,,,,,,,,,67,hitl
192,2026-05-15 06:00,slaughterhouse_1,slaughterhouse,0,,,,293.8106,376.0,,,,,,,,,67,hitl
192,2026-05-15 06:00,wholesaler_1,wholesaler,1,,,,,,10.81,89.0,,,,,,,67,hitl
192,2026-05-15 06:00,retail_1,retail,1,,,,,,,,0.0,29.0,1.0,25.06,19.09,130.7896,67,hitl
193,2026-05-15 06:15,supplier_1,supplier,0,712.98,,,,,,,,,,,,,67,hitl
193,2026-05-15 06:15,farm_1,farm,1,,761.0,0.018,,,,,,,,,,,67,hitl
193,2026-05-15 06:15,slaughterhouse_1,slaughterhouse,0,,,,293.8106,384.48,,,,,,,,,67,hitl
193,2026-05-15 06:15,wholesaler_1,wholesaler,1,,,,,,32.41,89.0,,,,,,,67,hitl
193,2026-05-15 06:15,retail_1,retail,1,,,,,,,,0.0,29.0,1.0,25.31,19.09,130.7896,67,hitl
194,2026-05-15 06:30,supplier_1,supplier,0,712.07,,,,,,,,,,,,,67,hitl
194,2026-05-15 06:30,farm_1,farm,1,,761.0,0.018,,,,,,,,,,,67,hitl
194,2026-05-15 06:30,slaughterhouse_1,slaughterhouse,0,,,,293.8106,393.17,,,,,,,,,67,hitl
194,2026-05-15 06:30,wholesaler_1,wholesaler,1,,,,,,30.8,89.0,,,,,,,67,hitl
194,2026-05-15 06:30,retail_1,retail,1,,,,,,,,0.0,29.0,1.0,25.56,19.09,130.7896,67,hitl
195,2026-05-15 06:45,supplier_1,supplier,0,710.78,,,,,,,,,,,,,67,hitl
195,2026-05-15 06:45,farm_1,farm,1,,761.0,0.018,,,,,,,,,,,67,hitl
195,2026-05-15 06:45,slaughterhouse_1,slaughterhouse,0,,,,293.8106,400.0,,,,,,,,,67,hitl
195,2026-05-15 06:45,wholesaler_1,wholesaler,1,,,,,,29.22,89.0,,,,,,,67,hitl
195,2026-05-15 06:45,retail_1,retail,1,,,,,,,,0.0,29.0,1.0,25.81,19.09,130.7896,67,hitl
196,2026-05-15 07:00,supplier_1,supplier,0,709.68,,,,,,,,,,,,,67,hitl
196,2026-05-15 07:00,farm_1,farm,1,,761.0,0.018,,,,,,,,,,,67,hitl
196,2026-05-15 07:00,slaughterhouse_1,slaughterhouse,0,,,,293.8106,400.0,,,,,,,,,67,hitl
196,2026-05-15 07:00,wholesaler_1,wholesaler,1,,,,,,27.14,89.0,,,,,,,67,hitl
196,2026-05-15 07:00,retail_1,retail,1,,,,,,,,0.0,29.0,1.0,26.06,19.09,130.7896,67,hitl
197,2026-05-15 07:15,supplier_1,supplier,0,708.54,,,,,,,,,,,,,67,hitl
197,2026-05-15 07:15,farm_1,farm,1,,761.0,0.018,,,,,,,,,,,67,hitl
197,2026-05-15 07:15,slaughterhouse_1,slaughterhouse,0,,,,293.8106,400.0,,,,,,,,,67,hitl
197,2026-05-15 07:15,wholesaler_1,wholesaler,1,,,,,,24.89,89.0,,,,,,,67,hitl
197,2026-05-15 07:15,retail_1,retail,1,,,,,,,,0.0,29.0,1.0,26.31,19.09,130.7896,67,hitl
198,2026-05-15 07:30,supplier_1,supplier,0,707.67,,,,,,,,,,,,,67,hitl
198,2026-05-15 07:30,farm_1,farm,1,,761.0,0.018,,,,,,,,,,,67,hitl
198,2026-05-15 07:30,slaughterhouse_1,slaughterhouse,0,,,,293.8106,400.0,,,,,,,,,67,hitl
198,2026-05-15 07:30,wholesaler_1,wholesaler,1,,,,,,21.94,89.0,,,,,,,67,hitl
198,2026-05-15 07:30,retail_1,retail,1,,,,,,,,0.0,29.0,1.0,26.56,19.09,130.7896,67,hitl
199,2026-05-15 07:45,supplier_1,supplier,0,706.23,,,,,,,,,,,,,67,hitl
199,2026-05-15 07:45,farm_1,farm,1,,761.0,0.018,,,,,,,,,,,67,hitl
199,2026-05-15 07:45,slaughterhouse_1,slaughterhouse,0,,,,293.8106,400.0,,,,,,,,,67,hitl
199,2026-05-15 07:45,wholesaler_1,wholesaler,1,,,,,,19.23,89.0,,,,,,,67,hitl
199,2026-05-15 07:45,retail_1,retail,1,,,,,,,,0.0,29.0,1.0,26.81,19.09,130.7896,67,hitl
200,2026-05-15 08:00,supplier_1,supplier,0,705.48,,,,,,,,,,,,,67,hitl
200,2026-05-15 08:00,farm_1,farm,1,,761.0,0.018,,,,,,,,,,,67,hitl
200,2026-05-15 08:00,slaughterhouse_1,slaughterhouse,0,,,,293.8106,376.0,,,,,,,,,67,hitl
200,2026-05-15 08:00,wholesaler_1,wholesaler,1,,,,,,16.94,89.0,,,,,,,67,hitl
200,2026-05-15 08:00,retail_1,retail,1,,,,,,,,0.0,29.0,1.0,27.06,19.09,130.7896,67,hitl
201,2026-05-15 08:15,supplier_1,supplier,0,704.22,,,,,,,,,,,,,67,hitl
201,2026-05-15 08:15,farm_1,farm,1,,761.0,0.018,,,,,,,,,,,67,hitl
201,2026-05-15 08:15,slaughterhouse_1,slaughterhouse,0,,,,293.8106,384.32,,,,,,,,,67,hitl
201,2026-05-15 08:15,wholesaler_1,wholesaler,1,,,,,,38.89,89.0,,,,,,,67,hitl
201,2026-05-15 08:15,retail_1,retail,1,,,,,,,,0.0,29.0,1.0,27.31,19.09,130.7896,67,hitl
202,2026-05-15 08:30,supplier_1,supplier,0,703.15,,,,,,,,,,,,,67,hitl
202,2026-05-15 08:30,farm_1,farm,1,,761.0,0.018,,,,,,,,,,,67,hitl
202,2026-05-15 08:30,slaughterhouse_1,slaughterhouse,0,,,,293.8106,392.23,,,,,,,,,67,hitl
202,2026-05-15 08:30,wholesaler_1,wholesaler,1,,,,,,36.74,89.0,,,,,,,67,hitl
202,2026-05-15 08:30,retail_1,retail,1,,,,,,,,0.0,29.0,1.0,27.56,19.09,130.7896,67,hitl
203,2026-05-15 08:45,supplier_1,supplier,0,702.0,,,,,,,,,,,,,67,hitl
203,2026-05-15 08:45,farm_1,farm,1,,761.0,0.018,,,,,,,,,,,67,hitl
203,2026-05-15 08:45,slaughterhouse_1,slaughterhouse,0,,,,293.8106,400.0,,,,,,,,,67,hitl
203,2026-05-15 08:45,wholesaler_1,wholesaler,1,,,,,,33.93,89.0,,,,,,,67,hitl
203,2026-05-15 08:45,retail_1,retail,1,,,,,,,,0.0,29.0,1.0,27.81,19.09,130.7896,67,hitl
204,2026-05-15 09:00,supplier_1,supplier,0,700.7,,,,,,,,,,,,,67,hitl
204,2026-05-15 09:00,farm_1,farm,1,,761.0,0.018,,,,,,,,,,,67,hitl
204,2026-05-15 09:00,slaughterhouse_1,slaughterhouse,0,,,,293.8106,400.0,,,,,,,,,67,hitl
204,2026-05-15 09:00,wholesaler_1,wholesaler,1,,,,,,19.97,89.0,,,,,,,67,hitl
204,2026-05-15 09:00,retail_1,retail,1,,,,,,,,0.0,29.0,1.0,28.06,19.09,130.7896,67,hitl
205,2026-05-15 09:15,supplier_1,supplier,0,699.28,,,,,,,,,,,,,67,hitl
205,2026-05-15 09:15,farm_1,farm,1,,761.0,0.018,,,,,,,,,,,67,hitl
205,2026-05-15 09:15,slaughterhouse_1,slaughterhouse,0,,,,293.8106,400.0,,,,,,,,,67,hitl
205,2026-05-15 09:15,wholesaler_1,wholesaler,1,,,,,,18.08,89.0,,,,,,,67,hitl
205,2026-05-15 09:15,retail_1,retail,1,,,,,,,,11.98,29.0,1.0,28.31,19.09,130.7896,67,hitl
206,2026-05-15 09:30,supplier_1,supplier,0,698.07,,,,,,,,,,,,,67,hitl
206,2026-05-15 09:30,farm_1,farm,1,,761.0,0.018,,,,,,,,,,,67,hitl
206,2026-05-15 09:30,slaughterhouse_1,slaughterhouse,0,,,,293.8106,400.0,,,,,,,,,67,hitl
206,2026-05-15 09:30,wholesaler_1,wholesaler,1,,,,,,15.83,89.0,,,,,,,67,hitl
206,2026-05-15 09:30,retail_1,retail,1,,,,,,,,7.54,29.0,0.0,28.56,19.09,130.7896,67,hitl
207,2026-05-15 09:45,supplier_1,supplier,0,696.98,,,,,,,,,,,,,67,hitl
207,2026-05-15 09:45,farm_1,farm,1,,761.0,0.018,,,,,,,,,,,67,hitl
207,2026-05-15 09:45,slaughterhouse_1,slaughterhouse,0,,,,293.8106,400.0,,,,,,,,,67,hitl
207,2026-05-15 09:45,wholesaler_1,wholesaler,1,,,,,,12.86,89.0,,,,,,,67,hitl
207,2026-05-15 09:45,retail_1,retail,1,,,,,,,,2.37,29.0,0.0,28.81,19.09,130.7896,67,hitl
208,2026-05-15 10:00,supplier_1,supplier,0,696.16,,,,,,,,,,,,,67,hitl
208,2026-05-15 10:00,farm_1,farm,1,,761.0,0.018,,,,,,,,,,,67,hitl
208,2026-05-15 10:00,slaughterhouse_1,slaughterhouse,0,,,,293.8106,376.0,,,,,,,,,67,hitl
208,2026-05-15 10:00,wholesaler_1,wholesaler,1,,,,,,10.6,89.0,,,,,,,67,hitl
208,2026-05-15 10:00,retail_1,retail,1,,,,,,,,0.0,29.0,1.0,29.06,19.09,130.7896,67,hitl
209,2026-05-15 10:15,supplier_1,supplier,0,695.38,,,,,,,,,,,,,67,hitl
209,2026-05-15 10:15,farm_1,farm,1,,761.0,0.018,,,,,,,,,,,67,hitl
209,2026-05-15 10:15,slaughterhouse_1,slaughterhouse,0,,,,293.8106,384.6,,,,,,,,,67,hitl
209,2026-05-15 10:15,wholesaler_1,wholesaler,1,,,,,,32.64,89.0,,,,,,,67,hitl
209,2026-05-15 10:15,retail_1,retail,1,,,,,,,,0.0,29.0,1.0,29.31,19.09,130.7896,67,hitl
210,2026-05-15 10:30,supplier_1,supplier,0,694.84,,,,,,,,,,,,,67,hitl
210,2026-05-15 10:30,farm_1,farm,1,,761.0,0.018,,,,,,,,,,,67,hitl
210,2026-05-15 10:30,slaughterhouse_1,slaughterhouse,0,,,,293.8106,392.16,,,,,,,,,67,hitl
210,2026-05-15 10:30,wholesaler_1,wholesaler,1,,,,,,29.69,89.0,,,,,,,67,hitl
210,2026-05-15 10:30,retail_1,retail,1,,,,,,,,0.0,29.0,1.0,29.56,19.09,130.7896,67,hitl
211,2026-05-15 10:45,supplier_1,supplier,0,694.29,,,,,,,,,,,,,67,hitl
211,2026-05-15 10:45,farm_1,farm,1,,761.0,0.018,,,,,,,,,,,67,hitl
211,2026-05-15 10:45,slaughterhouse_1,slaughterhouse,0,,,,293.8106,400.0,,,,,,,,,67,hitl
211,2026-05-15 10:45,wholesaler_1,wholesaler,1,,,,,,27.07,89.0,,,,,,,67,hitl
211,2026-05-15 10:45,retail_1,retail,1,,,,,,,,0.0,29.0,1.0,29.81,19.09,130.7896,67,hitl
212,2026-05-15 11:00,supplier_1,supplier,0,692.85,,,,,,,,,,,,,67,hitl
212,2026-05-15 11:00,farm_1,farm,1,,761.0,0.018,,,,,,,,,,,67,hitl
212,2026-05-15 11:00,slaughterhouse_1,slaughterhouse,0,,,,293.8106,400.0,,,,,,,,,67,hitl
212,2026-05-15 11:00,wholesaler_1,wholesaler,1,,,,,,24.23,89.0,,,,,,,67,hitl
212,2026-05-15 11:00,retail_1,retail,1,,,,,,,,0.0,29.0,1.0,30.06,19.09,130.7896,67,hitl
213,2026-05-15 11:15,supplier_1,supplier,0,691.96,,,,,,,,,,,,,67,hitl
213,2026-05-15 11:15,farm_1,farm,1,,761.0,0.018,,,,,,,,,,,67,hitl
213,2026-05-15 11:15,slaughterhouse_1,slaughterhouse,0,,,,293.8106,400.0,,,,,,,,,67,hitl
213,2026-05-15 11:15,wholesaler_1,wholesaler,1,,,,,,22.26,89.0,,,,,,,67,hitl
213,2026-05-15 11:15,retail_1,retail,1,,,,,,,,0.0,29.0,1.0,30.31,19.09,130.7896,67,hitl
214,2026-05-15 11:30,supplier_1,supplier,0,690.96,,,,,,,,,,,,,67,hitl
214,2026-05-15 11:30,farm_1,farm,1,,761.0,0.018,,,,,,,,,,,67,hitl
214,2026-05-15 11:30,slaughterhouse_1,slaughterhouse,0,,,,293.8106,400.0,,,,,,,,,67,hitl
214,2026-05-15 11:30,wholesaler_1,wholesaler,1,,,,,,19.54,89.0,,,,,,,67,hitl
214,2026-05-15 11:30,retail_1,retail,1,,,,,,,,0.0,29.0,1.0,30.56,19.09,130.7896,67,hitl
215,2026-05-15 11:45,supplier_1,supplier,0,689.81,,,,,,,,,,,,,67,hitl
215,2026-05-15 11:45,farm_1,farm,1,,761.0,0.018,,,,,,,,,,,67,hitl
215,2026-05-15 11:45,slaughterhouse_1,slaughterhouse,0,,,,293.8106,400.0,,,,,,,,,67,hitl
215,2026-05-15 11:45,wholesaler_1,wholesaler,1,,,,,,17.51,89.0,,,,,,,67,hitl
215,2026-05-15 11:45,retail_1,retail,1,,,,,,,,0.0,29.0,1.0,30.81,19.09,130.7896,67,hitl
216,2026-05-15 12:00,supplier_1,supplier,0,689.21,,,,,,,,,,,,,67,hitl
216,2026-05-15 12:00,farm_1,farm,0,,761.0,0.018,,,,,,,,,,,67,hitl
216,2026-05-15 12:00,slaughterhouse_1,slaughterhouse,0,,,,293.8106,376.0,,,,,,,,,67,hitl
216,2026-05-15 12:00,wholesaler_1,wholesaler,1,,,,,,16.0,89.0,,,,,,,67,hitl
216,2026-05-15 12:00,retail_1,retail,1,,,,,,,,0.0,29.0,1.0,31.06,19.09,155.7896,67,hitl
217,2026-05-15 12:15,supplier_1,supplier,0,688.4,,,,,,,,,,,,,67,hitl
217,2026-05-15 12:15,farm_1,farm,0,,761.0,0.018,,,,,,,,,,,67,hitl
217,2026-05-15 12:15,slaughterhouse_1,slaughterhouse,0,,,,293.8106,383.89,,,,,,,,,67,hitl
217,2026-05-15 12:15,wholesaler_1,wholesaler,1,,,,,,37.74,89.0,,,,,,,67,hitl
217,2026-05-15 12:15,retail_1,retail,1,,,,,,,,0.0,29.0,1.0,31.31,19.09,155.7896,67,hitl
218,2026-05-15 12:30,supplier_1,supplier,0,687.9,,,,,,,,,,,,,67,hitl
218,2026-05-15 12:30,farm_1,farm,0,,761.0,0.018,,,,,,,,,,,67,hitl
218,2026-05-15 12:30,slaughterhouse_1,slaughterhouse,0,,,,293.8106,391.47,,,,,,,,,67,hitl
218,2026-05-15 12:30,wholesaler_1,wholesaler,1,,,,,,36.04,89.0,,,,,,,67,hitl
218,2026-05-15 12:30,retail_1,retail,1,,,,,,,,0.0,29.0,1.0,31.56,19.09,155.7896,67,hitl
219,2026-05-15 12:45,supplier_1,supplier,0,687.03,,,,,,,,,,,,,67,hitl
219,2026-05-15 12:45,farm_1,farm,0,,761.0,0.018,,,,,,,,,,,67,hitl
219,2026-05-15 12:45,slaughterhouse_1,slaughterhouse,0,,,,293.8106,400.0,,,,,,,,,67,hitl
219,2026-05-15 12:45,wholesaler_1,wholesaler,1,,,,,,34.02,89.0,,,,,,,67,hitl
219,2026-05-15 12:45,retail_1,retail,1,,,,,,,,0.0,29.0,1.0,31.81,19.09,155.7896,67,hitl
220,2026-05-15 13:00,supplier_1,supplier,0,686.22,,,,,,,,,,,,,67,hitl
220,2026-05-15 13:00,farm_1,farm,0,,761.0,0.018,,,,,,,,,,,67,hitl
220,2026-05-15 13:00,slaughterhouse_1,slaughterhouse,0,,,,293.8106,400.0,,,,,,,,,67,hitl
220,2026-05-15 13:00,wholesaler_1,wholesaler,1,,,,,,14.77,89.0,,,,,,,67,hitl
220,2026-05-15 13:00,retail_1,retail,1,,,,,,,,0.0,29.0,1.0,32.06,19.09,155.7896,67,hitl
221,2026-05-15 13:15,supplier_1,supplier,0,684.87,,,,,,,,,,,,,67,hitl
221,2026-05-15 13:15,farm_1,farm,0,,761.0,0.018,,,,,,,,,,,67,hitl
221,2026-05-15 13:15,slaughterhouse_1,slaughterhouse,0,,,,293.8106,400.0,,,,,,,,,67,hitl
221,2026-05-15 13:15,wholesaler_1,wholesaler,1,,,,,,13.26,89.0,,,,,,,67,hitl
221,2026-05-15 13:15,retail_1,retail,1,,,,,,,,16.31,29.0,1.0,32.31,19.09,155.7896,67,hitl
222,2026-05-15 13:30,supplier_1,supplier,0,684.24,,,,,,,,,,,,,67,hitl
222,2026-05-15 13:30,farm_1,farm,0,,761.0,0.018,,,,,,,,,,,67,hitl
222,2026-05-15 13:30,slaughterhouse_1,slaughterhouse,0,,,,293.8106,400.0,,,,,,,,,67,hitl
222,2026-05-15 13:30,wholesaler_1,wholesaler,1,,,,,,11.12,89.0,,,,,,,67,hitl
222,2026-05-15 13:30,retail_1,retail,1,,,,,,,,12.03,29.0,0.0,32.56,19.09,155.7896,67,hitl
223,2026-05-15 13:45,supplier_1,supplier,0,683.45,,,,,,,,,,,,,67,hitl
223,2026-05-15 13:45,farm_1,farm,0,,761.0,0.018,,,,,,,,,,,67,hitl
223,2026-05-15 13:45,slaughterhouse_1,slaughterhouse,0,,,,293.8106,400.0,,,,,,,,,67,hitl
223,2026-05-15 13:45,wholesaler_1,wholesaler,1,,,,,,8.65,89.0,,,,,,,67,hitl
223,2026-05-15 13:45,retail_1,retail,1,,,,,,,,6.89,29.0,0.0,32.81,19.09,155.7896,67,hitl
224,2026-05-15 14:00,supplier_1,supplier,0,682.1,,,,,,,,,,,,,67,hitl
224,2026-05-15 14:00,farm_1,farm,0,,761.0,0.018,,,,,,,,,,,67,hitl
224,2026-05-15 14:00,slaughterhouse_1,slaughterhouse,0,,,,293.8106,376.0,,,,,,,,,67,hitl
224,2026-05-15 14:00,wholesaler_1,wholesaler,1,,,,,,6.82,89.0,,,,,,,67,hitl
224,2026-05-15 14:00,retail_1,retail,1,,,,,,,,2.55,29.0,0.0,33.06,19.09,155.7896,67,hitl
225,2026-05-15 14:15,supplier_1,supplier,0,681.16,,,,,,,,,,,,,67,hitl
225,2026-05-15 14:15,farm_1,farm,0,,761.0,0.018,,,,,,,,,,,67,hitl
225,2026-05-15 14:15,slaughterhouse_1,slaughterhouse,0,,,,293.8106,383.55,,,,,,,,,67,hitl
225,2026-05-15 14:15,wholesaler_1,wholesaler,1,,,,,,27.85,89.0,,,,,,,67,hitl
225,2026-05-15 14:15,retail_1,retail,1,,,,,,,,0.0,29.0,1.0,33.31,19.09,155.7896,67,hitl
226,2026-05-15 14:30,supplier_1,supplier,0,680.46,,,,,,,,,,,,,67,hitl
226,2026-05-15 14:30,farm_1,farm,0,,761.0,0.018,,,,,,,,,,,67,hitl
226,2026-05-15 14:30,slaughterhouse_1,slaughterhouse,0,,,,293.8106,391.79,,,,,,,,,67,hitl
226,2026-05-15 14:30,wholesaler_1,wholesaler,1,,,,,,25.5,89.0,,,,,,,67,hitl
226,2026-05-15 14:30,retail_1,retail,1,,,,,,,,0.0,29.0,1.0,33.56,19.09,155.7896,67,hitl
227,2026-05-15 14:45,supplier_1,supplier,0,679.08,,,,,,,,,,,,,67,hitl
227,2026-05-15 14:45,farm_1,farm,0,,761.0,0.018,,,,,,,,,,,67,hitl
227,2026-05-15 14:45,slaughterhouse_1,slaughterhouse,0,,,,293.8106,399.35,,,,,,,,,67,hitl
227,2026-05-15 14:45,wholesaler_1,wholesaler,1,,,,,,23.54,89.0,,,,,,,67,hitl
227,2026-05-15 14:45,retail_1,retail,1,,,,,,,,0.0,29.0,1.0,33.81,19.09,155.7896,67,hitl
228,2026-05-15 15:00,supplier_1,supplier,0,677.96,,,,,,,,,,,,,67,hitl
228,2026-05-15 15:00,farm_1,farm,0,,761.0,0.018,,,,,,,,,,,67,hitl
228,2026-05-15 15:00,slaughterhouse_1,slaughterhouse,0,,,,293.8106,400.0,,,,,,,,,67,hitl
228,2026-05-15 15:00,wholesaler_1,wholesaler,1,,,,,,20.93,89.0,,,,,,,67,hitl
228,2026-05-15 15:00,retail_1,retail,1,,,,,,,,0.0,29.0,1.0,34.06,19.09,155.7896,67,hitl
229,2026-05-15 15:15,supplier_1,supplier,0,677.1,,,,,,,,,,,,,67,hitl
229,2026-05-15 15:15,farm_1,farm,0,,761.0,0.018,,,,,,,,,,,67,hitl
229,2026-05-15 15:15,slaughterhouse_1,slaughterhouse,0,,,,293.8106,400.0,,,,,,,,,67,hitl
229,2026-05-15 15:15,wholesaler_1,wholesaler,1,,,,,,19.09,89.0,,,,,,,67,hitl
229,2026-05-15 15:15,retail_1,retail,1,,,,,,,,0.0,29.0,1.0,34.31,19.09,155.7896,67,hitl
230,2026-05-15 15:30,supplier_1,supplier,0,675.68,,,,,,,,,,,,,67,hitl
230,2026-05-15 15:30,farm_1,farm,0,,761.0,0.018,,,,,,,,,,,67,hitl
230,2026-05-15 15:30,slaughterhouse_1,slaughterhouse,0,,,,293.8106,400.0,,,,,,,,,67,hitl
230,2026-05-15 15:30,wholesaler_1,wholesaler,1,,,,,,16.56,89.0,,,,,,,67,hitl
230,2026-05-15 15:30,retail_1,retail,1,,,,,,,,0.0,29.0,1.0,34.56,19.09,155.7896,67,hitl
231,2026-05-15 15:45,supplier_1,supplier,0,674.71,,,,,,,,,,,,,67,hitl
231,2026-05-15 15:45,farm_1,farm,0,,761.0,0.018,,,,,,,,,,,67,hitl
231,2026-05-15 15:45,slaughterhouse_1,slaughterhouse,0,,,,293.8106,400.0,,,,,,,,,67,hitl
231,2026-05-15 15:45,wholesaler_1,wholesaler,1,,,,,,13.87,89.0,,,,,,,67,hitl
231,2026-05-15 15:45,retail_1,retail,1,,,,,,,,0.0,29.0,1.0,34.81,19.09,155.7896,67,hitl
232,2026-05-15 16:00,supplier_1,supplier,0,673.96,,,,,,,,,,,,,67,hitl
232,2026-05-15 16:00,farm_1,farm,0,,761.0,0.018,,,,,,,,,,,67,hitl
232,2026-05-15 16:00,slaughterhouse_1,slaughterhouse,0,,,,293.8106,376.0,,,,,,,,,67,hitl
232,2026-05-15 16:00,wholesaler_1,wholesaler,1,,,,,,11.65,89.0,,,,,,,67,hitl
232,2026-05-15 16:00,retail_1,retail,1,,,,,,,,0.0,29.0,1.0,35.06,19.09,155.7896,67,hitl
233,2026-05-15 16:15,supplier_1,supplier,0,673.04,,,,,,,,,,,,,67,hitl
233,2026-05-15 16:15,farm_1,farm,0,,761.0,0.018,,,,,,,,,,,67,hitl
233,2026-05-15 16:15,slaughterhouse_1,slaughterhouse,0,,,,293.8106,384.72,,,,,,,,,67,hitl
233,2026-05-15 16:15,wholesaler_1,wholesaler,1,,,,,,33.49,89.0,,,,,,,67,hitl
233,2026-05-15 16:15,retail_1,retail,1,,,,,,,,0.0,29.0,1.0,35.31,19.09,155.7896,67,hitl
234,2026-05-15 16:30,supplier_1,supplier,0,672.38,,,,,,,,,,,,,67,hitl
234,2026-05-15 16:30,farm_1,farm,0,,761.0,0.018,,,,,,,,,,,67,hitl
234,2026-05-15 16:30,slaughterhouse_1,slaughterhouse,0,,,,293.8106,392.62,,,,,,,,,67,hitl
234,2026-05-15 16:30,wholesaler_1,wholesaler,1,,,,,,31.89,89.0,,,,,,,67,hitl
234,2026-05-15 16:30,retail_1,retail,1,,,,,,,,0.0,29.0,1.0,35.56,19.09,155.7896,67,hitl
235,2026-05-15 16:45,supplier_1,supplier,0,671.63,,,,,,,,,,,,,67,hitl
235,2026-05-15 16:45,farm_1,farm,0,,761.0,0.018,,,,,,,,,,,67,hitl
235,2026-05-15 16:45,slaughterhouse_1,slaughterhouse,0,,,,293.8106,400.0,,,,,,,,,67,hitl
235,2026-05-15 16:45,wholesaler_1,wholesaler,1,,,,,,28.97,89.0,,,,,,,67,hitl
235,2026-05-15 16:45,retail_1,retail,1,,,,,,,,0.0,29.0,1.0,35.81,19.09,155.7896,67,hitl
236,2026-05-15 17:00,supplier_1,supplier,0,670.15,,,,,,,,,,,,,67,hitl
236,2026-05-15 17:00,farm_1,farm,0,,761.0,0.018,,,,,,,,,,,67,hitl
236,2026-05-15 17:00,slaughterhouse_1,slaughterhouse,0,,,,293.8106,400.0,,,,,,,,,67,hitl
236,2026-05-15 17:00,wholesaler_1,wholesaler,1,,,,,,26.29,89.0,,,,,,,67,hitl
236,2026-05-15 17:00,retail_1,retail,1,,,,,,,,0.0,29.0,1.0,36.06,19.09,155.7896,67,hitl
237,2026-05-15 17:15,supplier_1,supplier,0,668.79,,,,,,,,,,,,,67,hitl
237,2026-05-15 17:15,farm_1,farm,0,,761.0,0.018,,,,,,,,,,,67,hitl
237,2026-05-15 17:15,slaughterhouse_1,slaughterhouse,0,,,,293.8106,400.0,,,,,,,,,67,hitl
237,2026-05-15 17:15,wholesaler_1,wholesaler,1,,,,,,23.63,89.0,,,,,,,67,hitl
237,2026-05-15 17:15,retail_1,retail,1,,,,,,,,0.0,29.0,1.0,36.31,19.09,155.7896,67,hitl
238,2026-05-15 17:30,supplier_1,supplier,0,667.91,,,,,,,,,,,,,67,hitl
238,2026-05-15 17:30,farm_1,farm,0,,761.0,0.018,,,,,,,,,,,67,hitl
238,2026-05-15 17:30,slaughterhouse_1,slaughterhouse,0,,,,293.8106,400.0,,,,,,,,,67,hitl
238,2026-05-15 17:30,wholesaler_1,wholesaler,1,,,,,,20.99,89.0,,,,,,,67,hitl
238,2026-05-15 17:30,retail_1,retail,1,,,,,,,,0.0,29.0,1.0,36.56,19.09,155.7896,67,hitl
239,2026-05-15 17:45,supplier_1,supplier,0,667.17,,,,,,,,,,,,,67,hitl
239,2026-05-15 17:45,farm_1,farm,0,,761.0,0.018,,,,,,,,,,,67,hitl
239,2026-05-15 17:45,slaughterhouse_1,slaughterhouse,0,,,,293.8106,400.0,,,,,,,,,67,hitl
239,2026-05-15 17:45,wholesaler_1,wholesaler,1,,,,,,18.75,89.0,,,,,,,67,hitl
239,2026-05-15 17:45,retail_1,retail,1,,,,,,,,0.0,29.0,1.0,36.81,19.09,155.7896,67,hitl
240,2026-05-15 18:00,supplier_1,supplier,0,666.53,,,,,,,,,,,,,67,hitl
240,2026-05-15 18:00,farm_1,farm,0,,761.0,0.018,,,,,,,,,,,67,hitl
240,2026-05-15 18:00,slaughterhouse_1,slaughterhouse,0,,,,293.8106,376.0,,,,,,,,,67,hitl
240,2026-05-15 18:00,wholesaler_1,wholesaler,1,,,,,,15.78,89.0,,,,,,,67,hitl
240,2026-05-15 18:00,retail_1,retail,1,,,,,,,,0.0,29.0,1.0,37.06,19.09,155.7896,67,hitl
241,2026-05-15 18:15,supplier_1,supplier,0,665.82,,,,,,,,,,,,,67,hitl
241,2026-05-15 18:15,farm_1,farm,0,,761.0,0.018,,,,,,,,,,,67,hitl
241,2026-05-15 18:15,slaughterhouse_1,slaughterhouse,0,,,,293.8106,383.51,,,,,,,,,67,hitl
241,2026-05-15 18:15,wholesaler_1,wholesaler,1,,,,,,36.86,89.0,,,,,,,67,hitl
241,2026-05-15 18:15,retail_1,retail,1,,,,,,,,0.0,29.0,1.0,37.31,19.09,155.7896,67,hitl
242,2026-05-15 18:30,supplier_1,supplier,0,664.8,,,,,,,,,,,,,67,hitl
242,2026-05-15 18:30,farm_1,farm,0,,761.0,0.018,,,,,,,,,,,67,hitl
242,2026-05-15 18:30,slaughterhouse_1,slaughterhouse,0,,,,293.8106,392.25,,,,,,,,,67,hitl
242,2026-05-15 18:30,wholesaler_1,wholesaler,1,,,,,,35.1,89.0,,,,,,,67,hitl
242,2026-05-15 18:30,retail_1,retail,1,,,,,,,,0.0,29.0,1.0,37.56,19.09,155.7896,67,hitl
243,2026-05-15 18:45,supplier_1,supplier,0,663.39,,,,,,,,,,,,,67,hitl
243,2026-05-15 18:45,farm_1,farm,0,,761.0,0.018,,,,,,,,,,,67,hitl
243,2026-05-15 18:45,slaughterhouse_1,slaughterhouse,0,,,,293.8106,400.0,,,,,,,,,67,hitl
243,2026-05-15 18:45,wholesaler_1,wholesaler,1,,,,,,33.17,89.0,,,,,,,67,hitl
243,2026-05-15 18:45,retail_1,retail,1,,,,,,,,0.0,29.0,1.0,37.81,19.09,155.7896,67,hitl
244,2026-05-15 19:00,supplier_1,supplier,0,662.76,,,,,,,,,,,,,67,hitl
244,2026-05-15 19:00,farm_1,farm,0,,761.0,0.018,,,,,,,,,,,67,hitl
244,2026-05-15 19:00,slaughterhouse_1,slaughterhouse,0,,,,293.8106,400.0,,,,,,,,,67,hitl
244,2026-05-15 19:00,wholesaler_1,wholesaler,1,,,,,,13.9,89.0,,,,,,,67,hitl
244,2026-05-15 19:00,retail_1,retail,1,,,,,,,,0.0,29.0,1.0,38.06,19.09,155.7896,67,hitl
245,2026-05-15 19:15,supplier_1,supplier,0,661.89,,,,,,,,,,,,,67,hitl
245,2026-05-15 19:15,farm_1,farm,0,,761.0,0.018,,,,,,,,,,,67,hitl
245,2026-05-15 19:15,slaughterhouse_1,slaughterhouse,0,,,,293.8106,400.0,,,,,,,,,67,hitl
245,2026-05-15 19:15,wholesaler_1,wholesaler,1,,,,,,11.52,89.0,,,,,,,67,hitl
245,2026-05-15 19:15,retail_1,retail,1,,,,,,,,16.31,29.0,1.0,38.31,19.09,155.7896,67,hitl
246,2026-05-15 19:30,supplier_1,supplier,0,660.54,,,,,,,,,,,,,67,hitl
246,2026-05-15 19:30,farm_1,farm,0,,761.0,0.018,,,,,,,,,,,67,hitl
246,2026-05-15 19:30,slaughterhouse_1,slaughterhouse,0,,,,293.8106,400.0,,,,,,,,,67,hitl
246,2026-05-15 19:30,wholesaler_1,wholesaler,1,,,,,,9.96,89.0,,,,,,,67,hitl
246,2026-05-15 19:30,retail_1,retail,1,,,,,,,,11.46,29.0,0.0,38.56,19.09,155.7896,67,hitl
247,2026-05-15 19:45,supplier_1,supplier,0,659.05,,,,,,,,,,,,,67,hitl
247,2026-05-15 19:45,farm_1,farm,0,,761.0,0.018,,,,,,,,,,,67,hitl
247,2026-05-15 19:45,slaughterhouse_1,slaughterhouse,0,,,,293.8106,400.0,,,,,,,,,67,hitl
247,2026-05-15 19:45,wholesaler_1,wholesaler,1,,,,,,8.24,89.0,,,,,,,67,hitl
247,2026-05-15 19:45,retail_1,retail,1,,,,,,,,7.01,29.0,0.0,38.81,19.09,155.7896,67,hitl
248,2026-05-15 20:00,supplier_1,supplier,0,658.3,,,,,,,,,,,,,67,hitl
248,2026-05-15 20:00,farm_1,farm,0,,761.0,0.018,,,,,,,,,,,67,hitl
248,2026-05-15 20:00,slaughterhouse_1,slaughterhouse,0,,,,293.8106,376.0,,,,,,,,,67,hitl
248,2026-05-15 20:00,wholesaler_1,wholesaler,1,,,,,,5.33,89.0,,,,,,,67,hitl
248,2026-05-15 20:00,retail_1,retail,1,,,,,,,,2.56,29.0,0.0,39.06,19.09,155.7896,67,hitl
249,2026-05-15 20:15,supplier_1,supplier,0,657.67,,,,,,,,,,,,,67,hitl
249,2026-05-15 20:15,farm_1,farm,0,,761.0,0.018,,,,,,,,,,,67,hitl
249,2026-05-15 20:15,slaughterhouse_1,slaughterhouse,0,,,,293.8106,384.65,,,,,,,,,67,hitl
249,2026-05-15 20:15,wholesaler_1,wholesaler,1,,,,,,27.1,89.0,,,,,,,67,hitl
249,2026-05-15 20:15,retail_1,retail,1,,,,,,,,0.0,29.0,1.0,39.31,19.09,155.7896,67,hitl
250,2026-05-15 20:30,supplier_1,supplier,0,657.06,,,,,,,,,,,,,67,hitl
250,2026-05-15 20:30,farm_1,farm,0,,761.0,0.018,,,,,,,,,,,67,hitl
250,2026-05-15 20:30,slaughterhouse_1,slaughterhouse,0,,,,293.8106,393.16,,,,,,,,,67,hitl
250,2026-05-15 20:30,wholesaler_1,wholesaler,1,,,,,,24.25,89.0,,,,,,,67,hitl
250,2026-05-15 20:30,retail_1,retail,1,,,,,,,,0.0,29.0,1.0,39.56,19.09,155.7896,67,hitl
251,2026-05-15 20:45,supplier_1,supplier,0,656.03,,,,,,,,,,,,,67,hitl
251,2026-05-15 20:45,farm_1,farm,0,,761.0,0.018,,,,,,,,,,,67,hitl
251,2026-05-15 20:45,slaughterhouse_1,slaughterhouse,0,,,,293.8106,400.0,,,,,,,,,67,hitl
251,2026-05-15 20:45,wholesaler_1,wholesaler,1,,,,,,22.05,89.0,,,,,,,67,hitl
251,2026-05-15 20:45,retail_1,retail,1,,,,,,,,0.0,29.0,1.0,39.81,19.09,155.7896,67,hitl
252,2026-05-15 21:00,supplier_1,supplier,0,655.46,,,,,,,,,,,,,67,hitl
252,2026-05-15 21:00,farm_1,farm,1,,761.0,0.018,,,,,,,,,,,67,hitl
252,2026-05-15 21:00,slaughterhouse_1,slaughterhouse,0,,,,293.8106,400.0,,,,,,,,,67,hitl
252,2026-05-15 21:00,wholesaler_1,wholesaler,1,,,,,,19.78,89.0,,,,,,,67,hitl
252,2026-05-15 21:00,retail_1,retail,1,,,,,,,,0.0,29.0,1.0,40.06,19.09,155.7896,67,hitl
253,2026-05-15 21:15,supplier_1,supplier,0,654.0,,,,,,,,,,,,,67,hitl
253,2026-05-15 21:15,farm_1,farm,1,,761.0,0.018,,,,,,,,,,,67,hitl
253,2026-05-15 21:15,slaughterhouse_1,slaughterhouse,0,,,,293.8106,400.0,,,,,,,,,67,hitl
253,2026-05-15 21:15,wholesaler_1,wholesaler,1,,,,,,17.46,89.0,,,,,,,67,hitl
253,2026-05-15 21:15,retail_1,retail,1,,,,,,,,0.0,29.0,1.0,40.31,19.09,155.7896,67,hitl
254,2026-05-15 21:30,supplier_1,supplier,0,653.29,,,,,,,,,,,,,67,hitl
254,2026-05-15 21:30,farm_1,farm,1,,761.0,0.018,,,,,,,,,,,67,hitl
254,2026-05-15 21:30,slaughterhouse_1,slaughterhouse,0,,,,293.8106,400.0,,,,,,,,,67,hitl
254,2026-05-15 21:30,wholesaler_1,wholesaler,1,,,,,,15.96,89.0,,,,,,,67,hitl
254,2026-05-15 21:30,retail_1,retail,1,,,,,,,,0.0,29.0,1.0,40.56,19.09,155.7896,67,hitl
255,2026-05-15 21:45,supplier_1,supplier,0,652.48,,,,,,,,,,,,,67,hitl
255,2026-05-15 21:45,farm_1,farm,1,,761.0,0.018,,,,,,,,,,,67,hitl
255,2026-05-15 21:45,slaughterhouse_1,slaughterhouse,0,,,,293.8106,400.0,,,,,,,,,67,hitl
255,2026-05-15 21:45,wholesaler_1,wholesaler,1,,,,,,14.39,89.0,,,,,,,67,hitl
255,2026-05-15 21:45,retail_1,retail,1,,,,,,,,0.0,29.0,1.0,40.81,19.09,155.7896,67,hitl
256,2026-05-15 22:00,supplier_1,supplier,0,651.92,,,,,,,,,,,,,67,hitl
256,2026-05-15 22:00,farm_1,farm,1,,761.0,0.018,,,,,,,,,,,67,hitl
256,2026-05-15 22:00,slaughterhouse_1,slaughterhouse,0,,,,293.8106,376.0,,,,,,,,,67,hitl
256,2026-05-15 22:00,wholesaler_1,wholesaler,1,,,,,,12.73,89.0,,,,,,,67,hitl
256,2026-05-15 22:00,retail_1,retail,1,,,,,,,,0.0,29.0,1.0,41.06,19.09,155.7896,67,hitl
257,2026-05-15 22:15,supplier_1,supplier,0,650.62,,,,,,,,,,,,,67,hitl
257,2026-05-15 22:15,farm_1,farm,1,,761.0,0.018,,,,,,,,,,,67,hitl
257,2026-05-15 22:15,slaughterhouse_1,slaughterhouse,0,,,,293.8106,384.24,,,,,,,,,67,hitl
257,2026-05-15 22:15,wholesaler_1,wholesaler,1,,,,,,34.11,89.0,,,,,,,67,hitl
257,2026-05-15 22:15,retail_1,retail,1,,,,,,,,0.0,29.0,1.0,41.31,19.09,155.7896,67,hitl
258,2026-05-15 22:30,supplier_1,supplier,0,649.65,,,,,,,,,,,,,67,hitl
258,2026-05-15 22:30,farm_1,farm,1,,761.0,0.018,,,,,,,,,,,67,hitl
258,2026-05-15 22:30,slaughterhouse_1,slaughterhouse,0,,,,293.8106,392.94,,,,,,,,,67,hitl
258,2026-05-15 22:30,wholesaler_1,wholesaler,1,,,,,,32.3,89.0,,,,,,,67,hitl
258,2026-05-15 22:30,retail_1,retail,1,,,,,,,,0.0,29.0,1.0,41.56,19.09,155.7896,67,hitl
259,2026-05-15 22:45,supplier_1,supplier,0,648.17,,,,,,,,,,,,,67,hitl
259,2026-05-15 22:45,farm_1,farm,1,,761.0,0.018,,,,,,,,,,,67,hitl
259,2026-05-15 22:45,slaughterhouse_1,slaughterhouse,0,,,,293.8106,400.0,,,,,,,,,67,hitl
259,2026-05-15 22:45,wholesaler_1,wholesaler,1,,,,,,30.66,89.0,,,,,,,67,hitl
259,2026-05-15 22:45,retail_1,retail,1,,,,,,,,0.0,29.0,1.0,41.81,19.09,155.7896,67,hitl
260,2026-05-15 23:00,supplier_1,supplier,0,646.87,,,,,,,,,,,,,67,hitl
260,2026-05-15 23:00,farm_1,farm,1,,761.0,0.018,,,,,,,,,,,67,hitl
260,2026-05-15 23:00,slaughterhouse_1,slaughterhouse,0,,,,293.8106,400.0,,,,,,,,,67,hitl
260,2026-05-15 23:00,wholesaler_1,wholesaler,1,,,,,,27.69,89.0,,,,,,,67,hitl
260,2026-05-15 23:00,retail_1,retail,1,,,,,,,,0.0,29.0,1.0,42.06,19.09,155.7896,67,hitl
261,2026-05-15 23:15,supplier_1,supplier,0,645.78,,,,,,,,,,,,,67,hitl
261,2026-05-15 23:15,farm_1,farm,1,,761.0,0.018,,,,,,,,,,,67,hitl
261,2026-05-15 23:15,slaughterhouse_1,slaughterhouse,0,,,,293.8106,400.0,,,,,,,,,67,hitl
261,2026-05-15 23:15,wholesaler_1,wholesaler,1,,,,,,25.04,89.0,,,,,,,67,hitl
261,2026-05-15 23:15,retail_1,retail,1,,,,,,,,0.0,29.0,1.0,42.31,19.09,155.7896,67,hitl
262,2026-05-15 23:30,supplier_1,supplier,0,644.55,,,,,,,,,,,,,67,hitl
262,2026-05-15 23:30,farm_1,farm,1,,761.0,0.018,,,,,,,,,,,67,hitl
262,2026-05-15 23:30,slaughterhouse_1,slaughterhouse,0,,,,293.8106,400.0,,,,,,,,,67,hitl
262,2026-05-15 23:30,wholesaler_1,wholesaler,1,,,,,,22.95,89.0,,,,,,,67,hitl
262,2026-05-15 23:30,retail_1,retail,1,,,,,,,,0.0,29.0,1.0,42.56,19.09,155.7896,67,hitl
263,2026-05-15 23:45,supplier_1,supplier,0,643.21,,,,,,,,,,,,,67,hitl
263,2026-05-15 23:45,farm_1,farm,1,,761.0,0.018,,,,,,,,,,,67,hitl
263,2026-05-15 23:45,slaughterhouse_1,slaughterhouse,0,,,,293.8106,400.0,,,,,,,,,67,hitl
263,2026-05-15 23:45,wholesaler_1,wholesaler,1,,,,,,20.51,89.0,,,,,,,67,hitl
263,2026-05-15 23:45,retail_1,retail,1,,,,,,,,0.0,29.0,1.0,42.81,19.09,155.7896,67,hitl
264,2026-05-16 00:00,supplier_1,supplier,0,642.16,,,,,,,,,,,,,67,hitl
264,2026-05-16 00:00,farm_1,farm,1,,761.0,0.018,,,,,,,,,,,67,hitl
264,2026-05-16 00:00,slaughterhouse_1,slaughterhouse,0,,,,293.8106,376.0,,,,,,,,,67,hitl
264,2026-05-16 00:00,wholesaler_1,wholesaler,1,,,,,,17.6,89.0,,,,,,,67,hitl
264,2026-05-16 00:00,retail_1,retail,1,,,,,,,,0.0,29.0,1.0,43.06,19.09,155.7896,67,hitl
265,2026-05-16 00:15,supplier_1,supplier,0,641.46,,,,,,,,,,,,,67,hitl
265,2026-05-16 00:15,farm_1,farm,1,,761.0,0.018,,,,,,,,,,,67,hitl
265,2026-05-16 00:15,slaughterhouse_1,slaughterhouse,0,,,,293.8106,384.14,,,,,,,,,67,hitl
265,2026-05-16 00:15,wholesaler_1,wholesaler,1,,,,,,40.0,89.0,,,,,,,67,hitl
265,2026-05-16 00:15,retail_1,retail,1,,,,,,,,0.0,29.0,1.0,43.31,19.09,155.7896,67,hitl
266,2026-05-16 00:30,supplier_1,supplier,0,639.99,,,,,,,,,,,,,67,hitl
266,2026-05-16 00:30,farm_1,farm,1,,761.0,0.018,,,,,,,,,,,67,hitl
266,2026-05-16 00:30,slaughterhouse_1,slaughterhouse,0,,,,293.8106,392.81,,,,,,,,,67,hitl
266,2026-05-16 00:30,wholesaler_1,wholesaler,1,,,,,,37.61,89.0,,,,,,,67,hitl
266,2026-05-16 00:30,retail_1,retail,1,,,,,,,,0.0,29.0,1.0,43.56,19.09,155.7896,67,hitl
267,2026-05-16 00:45,supplier_1,supplier,0,638.66,,,,,,,,,,,,,67,hitl
267,2026-05-16 00:45,farm_1,farm,1,,761.0,0.018,,,,,,,,,,,67,hitl
267,2026-05-16 00:45,slaughterhouse_1,slaughterhouse,0,,,,293.8106,400.0,,,,,,,,,67,hitl
267,2026-05-16 00:45,wholesaler_1,wholesaler,1,,,,,,35.62,89.0,,,,,,,67,hitl
267,2026-05-16 00:45,retail_1,retail,1,,,,,,,,0.0,29.0,1.0,43.81,19.09,155.7896,67,hitl
268,2026-05-16 01:00,supplier_1,supplier,0,638.03,,,,,,,,,,,,,67,hitl
268,2026-05-16 01:00,farm_1,farm,1,,761.0,0.018,,,,,,,,,,,67,hitl
268,2026-05-16 01:00,slaughterhouse_1,slaughterhouse,0,,,,293.8106,400.0,,,,,,,,,67,hitl
268,2026-05-16 01:00,wholesaler_1,wholesaler,1,,,,,,19.76,89.0,,,,,,,67,hitl
268,2026-05-16 01:00,retail_1,retail,1,,,,,,,,0.0,29.0,1.0,44.06,19.09,155.7896,67,hitl
269,2026-05-16 01:15,supplier_1,supplier,0,636.63,,,,,,,,,,,,,67,hitl
269,2026-05-16 01:15,farm_1,farm,1,,761.0,0.018,,,,,,,,,,,67,hitl
269,2026-05-16 01:15,slaughterhouse_1,slaughterhouse,0,,,,293.8106,400.0,,,,,,,,,67,hitl
269,2026-05-16 01:15,wholesaler_1,wholesaler,1,,,,,,17.9,89.0,,,,,,,67,hitl
269,2026-05-16 01:15,retail_1,retail,1,,,,,,,,13.05,29.0,1.0,44.31,19.09,155.7896,67,hitl
270,2026-05-16 01:30,supplier_1,supplier,0,636.13,,,,,,,,,,,,,67,hitl
270,2026-05-16 01:30,farm_1,farm,1,,761.0,0.018,,,,,,,,,,,67,hitl
270,2026-05-16 01:30,slaughterhouse_1,slaughterhouse,0,,,,293.8106,400.0,,,,,,,,,67,hitl
270,2026-05-16 01:30,wholesaler_1,wholesaler,1,,,,,,15.59,89.0,,,,,,,67,hitl
270,2026-05-16 01:30,retail_1,retail,1,,,,,,,,8.37,29.0,0.0,44.56,19.09,155.7896,67,hitl
271,2026-05-16 01:45,supplier_1,supplier,0,634.7,,,,,,,,,,,,,67,hitl
271,2026-05-16 01:45,farm_1,farm,1,,761.0,0.018,,,,,,,,,,,67,hitl
271,2026-05-16 01:45,slaughterhouse_1,slaughterhouse,0,,,,293.8106,400.0,,,,,,,,,67,hitl
271,2026-05-16 01:45,wholesaler_1,wholesaler,1,,,,,,12.66,89.0,,,,,,,67,hitl
271,2026-05-16 01:45,retail_1,retail,1,,,,,,,,3.13,29.0,0.0,44.81,19.09,155.7896,67,hitl
272,2026-05-16 02:00,supplier_1,supplier,0,633.82,,,,,,,,,,,,,67,hitl
272,2026-05-16 02:00,farm_1,farm,1,,761.0,0.018,,,,,,,,,,,67,hitl
272,2026-05-16 02:00,slaughterhouse_1,slaughterhouse,0,,,,293.8106,376.0,,,,,,,,,67,hitl
272,2026-05-16 02:00,wholesaler_1,wholesaler,1,,,,,,9.73,89.0,,,,,,,67,hitl
272,2026-05-16 02:00,retail_1,retail,1,,,,,,,,0.0,29.0,1.0,45.06,19.09,155.7896,67,hitl
273,2026-05-16 02:15,supplier_1,supplier,0,632.66,,,,,,,,,,,,,67,hitl
273,2026-05-16 02:15,farm_1,farm,1,,761.0,0.018,,,,,,,,,,,67,hitl
273,2026-05-16 02:15,slaughterhouse_1,slaughterhouse,0,,,,293.8106,384.03,,,,,,,,,67,hitl
273,2026-05-16 02:15,wholesaler_1,wholesaler,1,,,,,,32.08,89.0,,,,,,,67,hitl
273,2026-05-16 02:15,retail_1,retail,0,,,,,,,,65.27,30.0,0.0,0.0,10.098,0.0,67,hitl
274,2026-05-16 02:30,supplier_1,supplier,0,631.48,,,,,,,,,,,,,67,hitl
274,2026-05-16 02:30,farm_1,farm,1,,761.0,0.018,,,,,,,,,,,67,hitl
274,2026-05-16 02:30,slaughterhouse_1,slaughterhouse,0,,,,293.8106,392.39,,,,,,,,,67,hitl
274,2026-05-16 02:30,wholesaler_1,wholesaler,1,,,,,,30.3,89.0,,,,,,,67,hitl
274,2026-05-16 02:30,retail_1,retail,0,,,,,,,,62.61,30.0,0.0,0.0,10.098,0.0,67,hitl
275,2026-05-16 02:45,supplier_1,supplier,0,630.75,,,,,,,,,,,,,67,hitl
275,2026-05-16 02:45,farm_1,farm,1,,761.0,0.018,,,,,,,,,,,67,hitl
275,2026-05-16 02:45,slaughterhouse_1,slaughterhouse,0,,,,293.8106,400.0,,,,,,,,,67,hitl
275,2026-05-16 02:45,wholesaler_1,wholesaler,1,,,,,,27.77,89.0,,,,,,,67,hitl
275,2026-05-16 02:45,retail_1,retail,0,,,,,,,,59.8,30.0,0.0,0.0,10.098,0.0,67,hitl
276,2026-05-16 03:00,supplier_1,supplier,0,629.69,,,,,,,,,,,,,67,hitl
276,2026-05-16 03:00,farm_1,farm,1,,761.0,0.018,,,,,,,,,,,67,hitl
276,2026-05-16 03:00,slaughterhouse_1,slaughterhouse,0,,,,293.8106,400.0,,,,,,,,,67,hitl
276,2026-05-16 03:00,wholesaler_1,wholesaler,1,,,,,,26.14,89.0,,,,,,,67,hitl
276,2026-05-16 03:00,retail_1,retail,0,,,,,,,,57.31,30.0,0.0,0.0,10.098,0.0,67,hitl
277,2026-05-16 03:15,supplier_1,supplier,0,628.73,,,,,,,,,,,,,67,hitl
277,2026-05-16 03:15,farm_1,farm,1,,761.0,0.018,,,,,,,,,,,67,hitl
277,2026-05-16 03:15,slaughterhouse_1,slaughterhouse,0,,,,293.8106,400.0,,,,,,,,,67,hitl
277,2026-05-16 03:15,wholesaler_1,wholesaler,1,,,,,,24.51,89.0,,,,,,,67,hitl
277,2026-05-16 03:15,retail_1,retail,0,,,,,,,,54.72,30.0,0.0,0.0,10.098,0.0,67,hitl
278,2026-05-16 03:30,supplier_1,supplier,0,627.43,,,,,,,,,,,,,67,hitl
278,2026-05-16 03:30,farm_1,farm,1,,761.0,0.018,,,,,,,,,,,67,hitl
278,2026-05-16 03:30,slaughterhouse_1,slaughterhouse,0,,,,293.8106,400.0,,,,,,,,,67,hitl
278,2026-05-16 03:30,wholesaler_1,wholesaler,1,,,,,,22.45,89.0,,,,,,,67,hitl
278,2026-05-16 03:30,retail_1,retail,0,,,,,,,,52.42,30.0,0.0,0.0,10.098,0.0,67,hitl
279,2026-05-16 03:45,supplier_1,supplier,0,626.55,,,,,,,,,,,,,67,hitl
279,2026-05-16 03:45,farm_1,farm,1,,761.0,0.018,,,,,,,,,,,67,hitl
279,2026-05-16 03:45,slaughterhouse_1,slaughterhouse,0,,,,293.8106,400.0,,,,,,,,,67,hitl
279,2026-05-16 03:45,wholesaler_1,wholesaler,1,,,,,,20.17,89.0,,,,,,,67,hitl
279,2026-05-16 03:45,retail_1,retail,0,,,,,,,,49.63,30.0,0.0,0.0,10.098,0.0,67,hitl
280,2026-05-16 04:00,supplier_1,supplier,0,625.98,,,,,,,,,,,,,67,hitl
280,2026-05-16 04:00,farm_1,farm,1,,761.0,0.018,,,,,,,,,,,67,hitl
280,2026-05-16 04:00,slaughterhouse_1,slaughterhouse,0,,,,293.8106,376.0,,,,,,,,,67,hitl
280,2026-05-16 04:00,wholesaler_1,wholesaler,1,,,,,,18.54,89.0,,,,,,,67,hitl
280,2026-05-16 04:00,retail_1,retail,0,,,,,,,,47.18,30.0,0.0,0.0,10.098,0.0,67,hitl
281,2026-05-16 04:15,supplier_1,supplier,0,625.06,,,,,,,,,,,,,67,hitl
281,2026-05-16 04:15,farm_1,farm,1,,761.0,0.018,,,,,,,,,,,67,hitl
281,2026-05-16 04:15,slaughterhouse_1,slaughterhouse,0,,,,293.8106,384.5,,,,,,,,,67,hitl
281,2026-05-16 04:15,wholesaler_1,wholesaler,1,,,,,,40.64,89.0,,,,,,,67,hitl
281,2026-05-16 04:15,retail_1,retail,0,,,,,,,,44.55,30.0,0.0,0.0,10.098,0.0,67,hitl
282,2026-05-16 04:30,supplier_1,supplier,0,623.88,,,,,,,,,,,,,67,hitl
282,2026-05-16 04:30,farm_1,farm,1,,761.0,0.018,,,,,,,,,,,67,hitl
282,2026-05-16 04:30,slaughterhouse_1,slaughterhouse,0,,,,293.8106,392.15,,,,,,,,,67,hitl
282,2026-05-16 04:30,wholesaler_1,wholesaler,1,,,,,,38.43,89.0,,,,,,,67,hitl
282,2026-05-16 04:30,retail_1,retail,0,,,,,,,,42.2,30.0,0.0,0.0,10.098,0.0,67,hitl
283,2026-05-16 04:45,supplier_1,supplier,0,622.78,,,,,,,,,,,,,67,hitl
283,2026-05-16 04:45,farm_1,farm,1,,761.0,0.018,,,,,,,,,,,67,hitl
283,2026-05-16 04:45,slaughterhouse_1,slaughterhouse,0,,,,293.8106,400.0,,,,,,,,,67,hitl
283,2026-05-16 04:45,wholesaler_1,wholesaler,1,,,,,,35.93,89.0,,,,,,,67,hitl
283,2026-05-16 04:45,retail_1,retail,0,,,,,,,,39.92,30.0,0.0,0.0,10.098,0.0,67,hitl
284,2026-05-16 05:00,supplier_1,supplier,0,621.68,,,,,,,,,,,,,67,hitl
284,2026-05-16 05:00,farm_1,farm,1,,761.0,0.018,,,,,,,,,,,67,hitl
284,2026-05-16 05:00,slaughterhouse_1,slaughterhouse,0,,,,293.8106,400.0,,,,,,,,,67,hitl
284,2026-05-16 05:00,wholesaler_1,wholesaler,1,,,,,,32.24,89.0,,,,,,,67,hitl
284,2026-05-16 05:00,retail_1,retail,0,,,,,,,,37.15,30.0,0.0,0.0,10.098,0.0,67,hitl
285,2026-05-16 05:15,supplier_1,supplier,0,621.02,,,,,,,,,,,,,67,hitl
285,2026-05-16 05:15,farm_1,farm,1,,761.0,0.018,,,,,,,,,,,67,hitl
285,2026-05-16 05:15,slaughterhouse_1,slaughterhouse,0,,,,293.8106,400.0,,,,,,,,,67,hitl
285,2026-05-16 05:15,wholesaler_1,wholesaler,1,,,,,,30.46,89.0,,,,,,,67,hitl
285,2026-05-16 05:15,retail_1,retail,0,,,,,,,,35.78,30.0,0.0,0.0,10.098,0.0,67,hitl
286,2026-05-16 05:30,supplier_1,supplier,0,619.94,,,,,,,,,,,,,67,hitl
286,2026-05-16 05:30,farm_1,farm,1,,761.0,0.018,,,,,,,,,,,67,hitl
286,2026-05-16 05:30,slaughterhouse_1,slaughterhouse,0,,,,293.8106,400.0,,,,,,,,,67,hitl
286,2026-05-16 05:30,wholesaler_1,wholesaler,1,,,,,,28.45,89.0,,,,,,,67,hitl
286,2026-05-16 05:30,retail_1,retail,0,,,,,,,,33.02,30.0,0.0,0.0,10.098,0.0,67,hitl
287,2026-05-16 05:45,supplier_1,supplier,0,618.46,,,,,,,,,,,,,67,hitl
287,2026-05-16 05:45,farm_1,farm,1,,761.0,0.018,,,,,,,,,,,67,hitl
287,2026-05-16 05:45,slaughterhouse_1,slaughterhouse,0,,,,293.8106,400.0,,,,,,,,,67,hitl
287,2026-05-16 05:45,wholesaler_1,wholesaler,1,,,,,,26.82,89.0,,,,,,,67,hitl
287,2026-05-16 05:45,retail_1,retail,0,,,,,,,,30.44,30.0,0.0,0.0,10.098,0.0,67,hitl
