tick,timestamp,node_id,node_type,disrupted,available_supply,production_capacity,mortality_rate,processing_capacity,output_stock,inventory_level,pending_shipments,retail_inventory,safety_stock,stockout_flag,shortage_duration,sales_rate,reorder_request,scenario_id,mode
0,2026-02-14 06:00,supplier_1,supplier,0,959.85,,,,,,,,,,,,,23,hitl
0,2026-02-14 06:00,farm_1,farm,0,,760.0,0.0195,,,,,,,,,,,23,hitl
0,2026-02-14 06:00,slaughterhouse_1,slaughterhouse,0,,,,500.0,309.94,,,,,,,,,23,hitl
0,2026-02-14 06:00,wholesaler_1,wholesaler,0,,,,,,170.46,6.7,,,,,,,23,hitl
0,2026-02-14 06:00,retail_1,retail,0,,,,,,,,88.51,30.0,0.0,0.0,14.48,0.0,23,hitl
1,2026-02-14 06:15,supplier_1,supplier,0,958.64,,,,,,,,,,,,,23,hitl
1,2026-02-14 06:15,farm_1,farm,0,,760.0,0.0195,,,,,,,,,,,23,hitl
1,2026-02-14 06:15,slaughterhouse_1,slaughterhouse,0,,,,500.0,323.19,,,,,,,,,23,hitl
1,2026-02-14 06:15,wholesaler_1,wholesaler,0,,,,,,192.7,6.7,,,,,,,23,hitl
1,2026-02-14 06:15,retail_1,retail,0,,,,,,,,92.93,30.0,0.0,0.0,14.48,0.0,23,hitl
2,2026-02-14 06:30,supplier_1,supplier,0,957.21,,,,,,,,,,,,,23,hitl
2,2026-02-14 06:30,farm_1,farm,0,,760.0,0.0195,,,,,,,,,,,23,hitl
2,2026-02-14 06:30,slaughterhouse_1,slaughterhouse,0,,,,500.0,336.14,,,,,,,,,23,hitl
2,2026-02-14 06:30,wholesaler_1,wholesaler,0,,,,,,189.92,6.7,,,,,,,23,hitl
2,2026-02-14 06:30,retail_1,retail,0,,,,,,,,89.32,30.0,0.0,0.0,14.48,0.0,23,hitl
3,2026-02-14 06:45,supplier_1,supplier,0,955.83,,,,,,,,,,,,,23,hitl
3,2026-02-14 06:45,farm_1,farm,0,,760.0,0.0195,,,,,,,,,,,23,hitl
3,2026-02-14 06:45,slaughterhouse_1,slaughterhouse,0,,,,500.0,349.76,,,,,,,,,23,hitl
3,2026-02-14 06:45,wholesaler_1,wholesaler,0,,,,,,187.55,6.7,,,,,,,23,hitl
3,2026-02-14 06:45,retail_1,retail,0,,,,,,,,86.04,30.0,0.0,0.0,14.48,0.0,23,hitl
4,2026-02-14 07:00,supplier_1,supplier,0,954.56,,,,,,,,,,,,,23,hitl
4,2026-02-14 07:00,farm_1,farm,0,,760.0,0.0195,,,,,,,,,,,23,hitl
4,2026-02-14 07:00,slaughterhouse_1,slaughterhouse,0,,,,500.0,363.96,,,,,,,,,23,hitl
4,2026-02-14 07:00,wholesaler_1,wholesaler,0,,,,,,178.0,6.7,,,,,,,23,hitl
4,2026-02-14 07:00,retail_1,retail,0,,,,,,,,82.71,30.0,0.0,0.0,14.48,0.0,23,hitl
5,2026-02-14 07:15,supplier_1,supplier,0,953.63,,,,,,,,,,,,,23,hitl
5,2026-02-14 07:15,farm_1,farm,0,,760.0,0.0195,,,,,,,,,,,23,hitl
5,2026-02-14 07:15,slaughterhouse_1,slaughterhouse,0,,,,500.0,378.88,,,,,,,,,23,hitl
5,2026-02-14 07:15,wholesaler_1,wholesaler,0,,,,,,175.14,6.7,,,,,,,23,hitl
5,2026-02-14 07:15,retail_1,retail,0,,,,,,,,86.77,30.0,0.0,0.0,14.48,0.0,23,hitl
6,2026-02-14 07:30,supplier_1,supplier,0,953.1,,,,,,,,,,,,,23,hitl
6,2026-02-14 07:30,farm_1,farm,0,,760.0,0.0195,,,,,,,,,,,23,hitl
6,2026-02-14 07:30,slaughterhouse_1,slaughterhouse,0,,,,500.0,393.67,,,,,,,,,23,hitl
6,2026-02-14 07:30,wholesaler_1,wholesaler,0,,,,,,172.58,6.7,,,,,,,23,hitl
6,2026-02-14 07:30,retail_1,retail,0,,,,,,,,83.38,30.0,0.0,0.0,14.48,0.0,23,hitl
7,2026-02-14 07:45,supplier_1,supplier,0,952.19,,,,,,,,,,,,,23,hitl
7,2026-02-14 07:45,farm_1,farm,0,,760.0,0.0195,,,,,,,,,,,23,hitl
7,2026-02-14 07:45,slaughterhouse_1,slaughterhouse,0,,,,500.0,400.0,,,,,,,,,23,hitl
7,2026-02-14 07:45,wholesaler_1,wholesaler,0,,,,,,170.19,6.7,,,,,,,23,hitl
7,2026-02-14 07:45,retail_1,retail,0,,,,,,,,79.73,30.0,0.0,0.0,14.48,0.0,23,hitl
8,2026-02-14 08:00,supplier_1,supplier,0,951.23,,,,,,,,,,,,,23,hitl
8,2026-02-14 08:00,farm_1,farm,0,,760.0,0.0195,,,,,,,,,,,23,hitl
8,2026-02-14 08:00,slaughterhouse_1,slaughterhouse,0,,,,500.0,376.0,,,,,,,,,23,hitl
8,2026-02-14 08:00,wholesaler_1,wholesaler,0,,,,,,159.77,6.7,,,,,,,23,hitl
8,2026-02-14 08:00,retail_1,retail,0,,,,,,,,76.35,30.0,0.0,0.0,14.48,0.0,23,hitl
9,2026-02-14 08:15,supplier_1,supplier,0,950.69,,,,,,,,,,,,,23,hitl
9,2026-02-14 08:15,farm_1,farm,0,,760.0,0.0195,,,,,,,,,,,23,hitl
9,2026-02-14 08:15,slaughterhouse_1,slaughterhouse,0,,,,500.0,388.95,,,,,,,,,23,hitl
9,2026-02-14 08:15,wholesaler_1,wholesaler,0,,,,,,181.04,6.7,,,,,,,23,hitl
9,2026-02-14 08:15,retail_1,retail,0,,,,,,,,80.57,30.0,0.0,0.0,14.48,0.0,23,hitl
10,2026-02-14 08:30,supplier_1,supplier,0,949.25,,,,,,,,,,,,,23,hitl
10,2026-02-14 08:30,farm_1,farm,0,,760.0,0.0195,,,,,,,,,,,23,hitl
10,2026-02-14 08:30,slaughterhouse_1,slaughterhouse,0,,,,500.0,400.0,,,,,,,,,23,hitl
10,2026-02-14 08:30,wholesaler_1,wholesaler,0,,,,,,179.22,6.7,,,,,,,23,hitl
10,2026-02-14 08:30,retail_1,retail,0,,,,,,,,77.05,30.0,0.0,0.0,14.48,0.0,23,hitl
11,2026-02-14 08:45,supplier_1,supplier,0,948.01,,,,,,,,,,,,,23,hitl
11,2026-02-14 08:45,farm_1,farm,0,,760.0,0.0195,,,,,,,,,,,23,hitl
11,2026-02-14 08:45,slaughterhouse_1,slaughterhouse,0,,,,500.0,400.0,,,,,,,,,23,hitl
11,2026-02-14 08:45,wholesaler_1,wholesaler,0,,,,,,177.36,6.7,,,,,,,23,hitl
11,2026-02-14 08:45,retail_1,retail,0,,,,,,,,73.77,30.0,0.0,0.0,14.48,0.0,23,hitl
12,2026-02-14 09:00,supplier_1,supplier,0,947.33,,,,,,,,,,,,,23,hitl
12,2026-02-14 09:00,farm_1,farm,0,,760.0,0.0195,,,,,,,,,,,23,hitl
12,2026-02-14 09:00,slaughterhouse_1,slaughterhouse,0,,,,500.0,400.0,,,,,,,,,23,hitl
12,2026-02-14 09:00,wholesaler_1,wholesaler,0,,,,,,167.61,6.7,,,,,,,23,hitl
12,2026-02-14 09:00,retail_1,retail,0,,,,,,,,70.55,30.0,0.0,0.0,14.48,0.0,23,hitl
13,2026-02-14 09:15,supplier_1,supplier,0,946.13,,,,,,,,,,,,,23,hitl
13,2026-02-14 09:15,farm_1,farm,0,,760.0,0.0195,,,,,,,,,,,23,hitl
13,2026-02-14 09:15,slaughterhouse_1,slaughterhouse,0,,,,500.0,400.0,,,,,,,,,23,hitl
13,2026-02-14 09:15,wholesaler_1,wholesaler,0,,,,,,165.02,6.7,,,,,,,23,hitl
13,2026-02-14 09:15,retail_1,retail,0,,,,,,,,75.07,30.0,0.0,0.0,14.48,0.0,23,hitl
14,2026-02-14 09:30,supplier_1,supplier,0,945.45,,,,,,,,,,,,,23,hitl
14,2026-02-14 09:30,farm_1,farm,0,,760.0,0.0195,,,,,,,,,,,23,hitl
14,2026-02-14 09:30,slaughterhouse_1,slaughterhouse,0,,,,500.0,400.0,,,,,,,,,23,hitl
14,2026-02-14 09:30,wholesaler_1,wholesaler,0,,,,,,162.37,6.7,,,,,,,23,hitl
14,2026-02-14 09:30,retail_1,retail,0,,,,,,,,71.53,30.0,0.0,0.0,14.48,0.0,23,hitl
15,2026-02-14 09:45,supplier_1,supplier,0,944.53,,,,,,,,,,,,,23,hitl
15,2026-02-14 09:45,farm_1,farm,0,,760.0,0.0195,,,,,,,,,,,23,hitl
15,2026-02-14 09:45,slaughterhouse_1,slaughterhouse,0,,,,500.0,400.0,,,,,,,,,23,hitl
15,2026-02-14 09:45,wholesaler_1,wholesaler,0,,,,,,160.67,6.7,,,,,,,23,hitl
15,2026-02-14 09:45,retail_1,retail,0,,,,,,,,67.79,30.0,0.0,0.0,14.48,0.0,23,hitl
16,2026-02-14 10:00,supplier_1,supplier,0,943.1,,,,,,,,,,,,,23,hitl
16,2026-02-14 10:00,farm_1,farm,0,,760.0,0.0195,,,,,,,,,,,23,hitl
16,2026-02-14 10:00,slaughterhouse_1,slaughterhouse,0,,,,500.0,376.0,,,,,,,,,23,hitl
16,2026-02-14 10:00,wholesaler_1,wholesaler,0,,,,,,150.85,6.7,,,,,,,23,hitl
16,2026-02-14 10:00,retail_1,retail,0,,,,,,,,64.13,30.0,0.0,0.0,14.48,0.0,23,hitl
17,2026-02-14 10:15,supplier_1,supplier,0,942.43,,,,,,,,,,,,,23,hitl
17,2026-02-14 10:15,farm_1,farm,0,,760.0,0.0195,,,,,,,,,,,23,hitl
17,2026-02-14 10:15,slaughterhouse_1,slaughterhouse,0,,,,500.0,390.38,,,,,,,,,23,hitl
17,2026-02-14 10:15,wholesaler_1,wholesaler,0,,,,,,173.04,6.7,,,,,,,23,hitl
17,2026-02-14 10:15,retail_1,retail,0,,,,,,,,68.93,30.0,0.0,0.0,14.48,0.0,23,hitl
18,2026-02-14 10:30,supplier_1,supplier,0,941.3,,,,,,,,,,,,,23,hitl
18,2026-02-14 10:30,farm_1,farm,0,,760.0,0.0195,,,,,,,,,,,23,hitl
18,2026-02-14 10:30,slaughterhouse_1,slaughterhouse,0,,,,500.0,400.0,,,,,,,,,23,hitl
18,2026-02-14 10:30,wholesaler_1,wholesaler,0,,,,,,170.99,6.7,,,,,,,23,hitl
18,2026-02-14 10:30,retail_1,retail,0,,,,,,,,64.94,30.0,0.0,0.0,14.48,0.0,23,hitl
19,2026-02-14 10:45,supplier_1,supplier,0,940.29,,,,,,,,,,,,,23,hitl
19,2026-02-14 10:45,farm_1,farm,0,,760.0,0.0195,,,,,,,,,,,23,hitl
19,2026-02-14 10:45,slaughterhouse_1,slaughterhouse,0,,,,500.0,400.0,,,,,,,,,23,hitl
19,2026-02-14 10:45,wholesaler_1,wholesaler,0,,,,,,169.47,6.7,,,,,,,23,hitl
19,2026-02-14 10:45,retail_1,retail,0,,,,,,,,61.46,30.0,0.0,0.0,14.48,0.0,23,hitl
20,2026-02-14 11:00,supplier_1,supplier,0,939.67,,,,,,,,,,,,,23,hitl
20,2026-02-14 11:00,farm_1,farm,0,,760.0,0.0195,,,,,,,,,,,23,hitl
20,2026-02-14 11:00,slaughterhouse_1,slaughterhouse,0,,,,500.0,400.0,,,,,,,,,23,hitl
20,2026-02-14 11:00,wholesaler_1,wholesaler,0,,,,,,158.99,6.7,,,,,,,23,hitl
20,2026-02-14 11:00,retail_1,retail,0,,,,,,,,57.46,30.0,0.0,0.0,14.48,0.0,23,hitl
21,2026-02-14 11:15,supplier_1,supplier,0,938.97,,,,,,,,,,,,,23,hitl
21,2026-02-14 11:15,farm_1,farm,0,,760.0,0.0195,,,,,,,,,,,23,hitl
21,2026-02-14 11:15,slaughterhouse_1,slaughterhouse,0,,,,500.0,400.0,,,,,,,,,23,hitl
21,2026-02-14 11:15,wholesaler_1,wholesaler,0,,,,,,157.37,6.7,,,,,,,23,hitl
21,2026-02-14 11:15,retail_1,retail,0,,,,,,,,61.67,30.0,0.0,0.0,14.48,0.0,23,hitl
22,2026-02-14 11:30,supplier_1,supplier,0,938.2,,,,,,,,,,,,,23,hitl
22,2026-02-14 11:30,farm_1,farm,0,,760.0,0.0195,,,,,,,,,,,23,hitl
22,2026-02-14 11:30,slaughterhouse_1,slaughterhouse,0,,,,500.0,400.0,,,,,,,,,23,hitl
22,2026-02-14 11:30,wholesaler_1,wholesaler,0,,,,,,155.11,6.7,,,,,,,23,hitl
22,2026-02-14 11:30,retail_1,retail,0,,,,,,,,57.67,30.0,0.0,0.0,14.48,0.0,23,hitl
23,2026-02-14 11:45,supplier_1,supplier,0,937.34,,,,,,,,,,,,,23,hitl
23,2026-02-14 11:45,farm_1,farm,0,,760.0,0.0195,,,,,,,,,,,23,hitl
23,2026-02-14 11:45,slaughterhouse_1,slaughterhouse,0,,,,500.0,400.0,,,,,,,,,23,hitl
23,2026-02-14 11:45,wholesaler_1,wholesaler,0,,,,,,152.93,6.7,,,,,,,23,hitl
23,2026-02-14 11:45,retail_1,retail,0,,,,,,,,53.63,30.0,0.0,0.0,14.48,0.0,23,hitl
24,2026-02-14 12:00,supplier_1,supplier,0,936.37,,,,,,,,,,,,,23,hitl
24,2026-02-14 12:00,farm_1,farm,0,,760.0,0.0195,,,,,,,,,,,23,hitl
24,2026-02-14 12:00,slaughterhouse_1,slaughterhouse,0,,,,500.0,376.0,,,,,,,,,23,hitl
24,2026-02-14 12:00,wholesaler_1,wholesaler,0,,,,,,143.39,6.7,,,,,,,23,hitl
24,2026-02-14 12:00,retail_1,retail,0,,,,,,,,50.18,30.0,0.0,0.0,14.48,0.0,23,hitl
25,2026-02-14 12:15,supplier_1,supplier,0,934.89,,,,,,,,,,,,,23,hitl
25,2026-02-14 12:15,farm_1,farm,0,,760.0,0.0195,,,,,,,,,,,23,hitl
25,2026-02-14 12:15,slaughterhouse_1,slaughterhouse,0,,,,500.0,389.52,,,,,,,,,23,hitl
25,2026-02-14 12:15,wholesaler_1,wholesaler,0,,,,,,165.89,6.7,,,,,,,23,hitl
25,2026-02-14 12:15,retail_1,retail,0,,,,,,,,54.4,30.0,0.0,0.0,14.48,0.0,23,hitl
26,2026-02-14 12:30,supplier_1,supplier,0,934.36,,,,,,,,,,,,,23,hitl
26,2026-02-14 12:30,farm_1,farm,0,,760.0,0.0195,,,,,,,,,,,23,hitl
26,2026-02-14 12:30,slaughterhouse_1,slaughterhouse,0,,,,500.0,400.0,,,,,,,,,23,hitl
26,2026-02-14 12:30,wholesaler_1,wholesaler,0,,,,,,164.25,6.7,,,,,,,23,hitl
26,2026-02-14 12:30,retail_1,retail,0,,,,,,,,50.38,30.0,0.0,0.0,14.48,0.0,23,hitl
27,2026-02-14 12:45,supplier_1,supplier,0,932.97,,,,,,,,,,,,,23,hitl
27,2026-02-14 12:45,farm_1,farm,0,,760.0,0.0195,,,,,,,,,,,23,hitl
27,2026-02-14 12:45,slaughterhouse_1,slaughterhouse,0,,,,500.0,400.0,,,,,,,,,23,hitl
27,2026-02-14 12:45,wholesaler_1,wholesaler,0,,,,,,162.06,6.7,,,,,,,23,hitl
27,2026-02-14 12:45,retail_1,retail,0,,,,,,,,47.13,30.0,0.0,0.0,14.48,0.0,23,hitl
28,2026-02-14 13:00,supplier_1,supplier,0,931.67,,,,,,,,,,,,,23,hitl
28,2026-02-14 13:00,farm_1,farm,0,,760.0,0.0195,,,,,,,,,,,23,hitl
28,2026-02-14 13:00,slaughterhouse_1,slaughterhouse,0,,,,500.0,400.0,,,,,,,,,23,hitl
28,2026-02-14 13:00,wholesaler_1,wholesaler,0,,,,,,151.1,6.7,,,,,,,23,hitl
28,2026-02-14 13:00,retail_1,retail,0,,,,,,,,43.38,30.0,0.0,0.0,14.48,0.0,23,hitl
29,2026-02-14 13:15,supplier_1,supplier,0,930.49,,,,,,,,,,,,,23,hitl
29,2026-02-14 13:15,farm_1,farm,0,,760.0,0.0195,,,,,,,,,,,23,hitl
29,2026-02-14 13:15,slaughterhouse_1,slaughterhouse,0,,,,500.0,400.0,,,,,,,,,23,hitl
29,2026-02-14 13:15,wholesaler_1,wholesaler,0,,,,,,149.14,6.7,,,,,,,23,hitl
29,2026-02-14 13:15,retail_1,retail,0,,,,,,,,48.19,30.0,0.0,0.0,14.48,0.0,23,hitl
30,2026-02-14 13:30,supplier_1,supplier,0,929.02,,,,,,,,,,,,,23,hitl
30,2026-02-14 13:30,farm_1,farm,0,,760.0,0.0195,,,,,,,,,,,23,hitl
30,2026-02-14 13:30,slaughterhouse_1,slaughterhouse,0,,,,500.0,400.0,,,,,,,,,23,hitl
30,2026-02-14 13:30,wholesaler_1,wholesaler,0,,,,,,146.91,6.7,,,,,,,23,hitl
30,2026-02-14 13:30,retail_1,retail,0,,,,,,,,44.21,30.0,0.0,0.0,14.48,0.0,23,hitl
31,2026-02-14 13:45,supplier_1,supplier,0,927.91,,,,,,,,,,,,,23,hitl
31,2026-02-14 13:45,farm_1,farm,0,,760.0,0.0195,,,,,,,,,,,23,hitl
31,2026-02-14 13:45,slaughterhouse_1,slaughterhouse,0,,,,500.0,400.0,,,,,,,,,23,hitl
31,2026-02-14 13:45,wholesaler_1,wholesaler,0,,,,,,143.94,6.7,,,,,,,23,hitl
31,2026-02-14 13:45,retail_1,retail,0,,,,,,,,40.3,30.0,0.0,0.0,14.48,0.0,23,hitl
32,2026-02-14 14:00,supplier_1,supplier,0,926.47,,,,,,,,,,,,,23,hitl
32,2026-02-14 14:00,farm_1,farm,0,,760.0,0.0195,,,,,,,,,,,23,hitl
32,2026-02-14 14:00,slaughterhouse_1,slaughterhouse,0,,,,500.0,376.0,,,,,,,,,23,hitl
32,2026-02-14 14:00,wholesaler_1,wholesaler,0,,,,,,133.89,6.7,,,,,,,23,hitl
32,2026-02-14 14:00,retail_1,retail,0,,,,,,,,36.83,30.0,0.0,0.0,14.48,0.0,23,hitl
33,2026-02-14 14:15,supplier_1,supplier,0,925.8,,,,,,,,,,,,,23,hitl
33,2026-02-14 14:15,farm_1,farm,0,,760.0,0.0195,,,,,,,,,,,23,hitl
33,2026-02-14 14:15,slaughterhouse_1,slaughterhouse,0,,,,500.0,388.75,,,,,,,,,23,hitl
33,2026-02-14 14:15,wholesaler_1,wholesaler,0,,,,,,156.24,6.7,,,,,,,23,hitl
33,2026-02-14 14:15,retail_1,retail,0,,,,,,,,41.2,30.0,0.0,0.0,14.48,0.0,23,hitl
34,2026-02-14 14:30,supplier_1,supplier,0,924.33,,,,,,,,,,,,,23,hitl
34,2026-02-14 14:30,farm_1,farm,0,,760.0,0.0195,,,,,,,,,,,23,hitl
34,2026-02-14 14:30,slaughterhouse_1,slaughterhouse,0,,,,500.0,400.0,,,,,,,,,23,hitl
34,2026-02-14 14:30,wholesaler_1,wholesaler,0,,,,,,153.91,6.7,,,,,,,23,hitl
34,2026-02-14 14:30,retail_1,retail,0,,,,,,,,37.62,30.0,0.0,0.0,14.48,0.0,23,hitl
35,2026-02-14 14:45,supplier_1,supplier,0,923.23,,,,,,,,,,,,,23,hitl
35,2026-02-14 14:45,farm_1,farm,0,,760.0,0.0195,,,,,,,,,,,23,hitl
35,2026-02-14 14:45,slaughterhouse_1,slaughterhouse,0,,,,500.0,400.0,,,,,,,,,23,hitl
35,2026-02-14 14:45,wholesaler_1,wholesaler,0,,,,,,152.08,6.7,,,,,,,23,hitl
35,2026-02-14 14:45,retail_1,retail,0,,,,,,,,33.8,30.0,0.0,0.0,14.48,0.0,23,hitl
36,2026-02-14 15:00,supplier_1,supplier,0,922.7,,,,,,,,,,,,,23,hitl
36,2026-02-14 15:00,farm_1,farm,1,,760.0,0.0195,,,,,,,,,,,23,hitl
36,2026-02-14 15:00,slaughterhouse_1,slaughterhouse,0,,,,400.0,400.0,,,,,,,,,23,hitl
36,2026-02-14 15:00,wholesaler_1,wholesaler,0,,,,,,141.65,6.7,,,,,,,23,hitl
36,2026-02-14 15:00,retail_1,retail,0,,,,,,,,30.28,30.0,0.0,0.0,14.48,20.0,23,hitl
37,2026-02-14 15:15,supplier_1,supplier,0,921.7,,,,,,,,,,,,,23,hitl
37,2026-02-14 15:15,farm_1,farm,1,,760.0,0.0195,,,,,,,,,,,23,hitl
37,2026-02-14 15:15,slaughterhouse_1,slaughterhouse,0,,,,400.0,400.0,,,,,,,,,23,hitl
37,2026-02-14 15:15,wholesaler_1,wholesaler,0,,,,,,139.75,6.7,,,,,,,23,hitl
37,2026-02-14 15:15,retail_1,retail,0,,,,,,,,34.43,30.0,0.0,0.25,14.48,20.0,23,hitl
38,2026-02-14 15:30,supplier_1,supplier,0,920.79,,,,,,,,,,,,,23,hitl
38,2026-02-14 15:30,farm_1,farm,1,,760.0,0.0195,,,,,,,,,,,23,hitl
38,2026-02-14 15:30,slaughterhouse_1,slaughterhouse,0,,,,400.0,400.0,,,,,,,,,23,hitl
38,2026-02-14 15:30,wholesaler_1,wholesaler,0,,,,,,137.55,6.7,,,,,,,23,hitl
38,2026-02-14 15:30,retail_1,retail,0,,,,,,,,30.6,30.0,0.0,0.0,14.48,20.0,23,hitl
39,2026-02-14 15:45,supplier_1,supplier,0,919.76,,,,,,,,,,,,,23,hitl
39,2026-02-14 15:45,farm_1,farm,1,,760.0,0.0195,,,,,,,,,,,23,hitl
39,2026-02-14 15:45,slaughterhouse_1,slaughterhouse,0,,,,400.0,400.0,,,,,,,,,23,hitl
39,2026-02-14 15:45,wholesaler_1,wholesaler,0,,,,,,135.31,6.7,,,,,,,23,hitl
39,2026-02-14 15:45,retail_1,retail,0,,,,,,,,26.86,30.0,0.0,0.25,14.48,20.0,23,hitl
40,2026-02-14 16:00,supplier_1,supplier,0,919.0,,,,,,,,,,,,,23,hitl
40,2026-02-14 16:00,farm_1,farm,1,,760.0,0.0195,,,,,,,,,,,23,hitl
40,2026-02-14 16:00,slaughterhouse_1,slaughterhouse,0,,,,400.0,376.0,,,,,,,,,23,hitl
40,2026-02-14 16:00,wholesaler_1,wholesaler,0,,,,,,125.44,6.7,,,,,,,23,hitl
40,2026-02-14 16:00,retail_1,retail,0,,,,,,,,23.63,30.0,0.0,0.5,14.48,20.0,23,hitl
41,2026-02-14 16:15,supplier_1,supplier,0,918.01,,,,,,,,,,,,,23,hitl
41,2026-02-14 16:15,farm_1,farm,1,,760.0,0.0195,,,,,,,,,,,23,hitl
41,2026-02-14 16:15,slaughterhouse_1,slaughterhouse,0,,,,400.0,386.97,,,,,,,,,23,hitl
41,2026-02-14 16:15,wholesaler_1,wholesaler,0,,,,,,147.77,6.7,,,,,,,23,hitl
41,2026-02-14 16:15,retail_1,retail,0,,,,,,,,27.33,30.0,0.0,0.75,14.48,20.0,23,hitl
42,2026-02-14 16:30,supplier_1,supplier,0,916.86,,,,,,,,,,,,,23,hitl
42,2026-02-14 16:30,farm_1,farm,1,,760.0,0.0195,,,,,,,,,,,23,hitl
42,2026-02-14 16:30,slaughterhouse_1,slaughterhouse,0,,,,400.0,398.46,,,,,,,,,23,hitl
42,2026-02-14 16:30,wholesaler_1,wholesaler,0,,,,,,145.76,6.7,,,,,,,23,hitl
42,2026-02-14 16:30,retail_1,retail,0,,,,,,,,23.72,30.0,0.0,1.0,14.48,20.0,23,hitl
43,2026-02-14 16:45,supplier_1,supplier,0,915.95,,,,,,,,,,,,,23,hitl
43,2026-02-14 16:45,farm_1,farm,1,,760.0,0.0195,,,,,,,,,,,23,hitl
43,2026-02-14 16:45,slaughterhouse_1,slaughterhouse,0,,,,400.0,400.0,,,,,,,,,23,hitl
43,2026-02-14 16:45,wholesaler_1,wholesaler,0,,,,,,143.41,6.7,,,,,,,23,hitl
43,2026-02-14 16:45,retail_1,retail,0,,,,,,,,20.46,30.0,0.0,1.25,14.48,20.0,23,hitl
44,2026-02-14 17:00,supplier_1,supplier,0,914.63,,,,,,,,,,,,,23,hitl
44,2026-02-14 17:00,farm_1,farm,1,,760.0,0.0195,,,,,,,,,,,23,hitl
44,2026-02-14 17:00,slaughterhouse_1,slaughterhouse,0,,,,400.0,400.0,,,,,,,,,23,hitl
44,2026-02-14 17:00,wholesaler_1,wholesaler,0,,,,,,134.6,6.7,,,,,,,23,hitl
44,2026-02-14 17:00,retail_1,retail,0,,,,,,,,17.13,30.0,0.0,1.5,14.48,20.0,23,hitl
45,2026-02-14 17:15,supplier_1,supplier,0,913.24,,,,,,,,,,,,,23,hitl
45,2026-02-14 17:15,farm_1,farm,1,,760.0,0.0195,,,,,,,,,,,23,hitl
45,2026-02-14 17:15,slaughterhouse_1,slaughterhouse,0,,,,400.0,400.0,,,,,,,,,23,hitl
45,2026-02-14 17:15,wholesaler_1,wholesaler,0,,,,,,132.4,6.7,,,,,,,23,hitl
45,2026-02-14 17:15,retail_1,retail,0,,,,,,,,20.74,30.0,0.0,1.75,14.48,20.0,23,hitl
46,2026-02-14 17:30,supplier_1,supplier,0,912.2,,,,,,,,,,,,,23,hitl
46,2026-02-14 17:30,farm_1,farm,1,,760.0,0.0195,,,,,,,,,,,23,hitl
46,2026-02-14 17:30,slaughterhouse_1,slaughterhouse,0,,,,400.0,400.0,,,,,,,,,23,hitl
46,2026-02-14 17:30,wholesaler_1,wholesaler,0,,,,,,130.63,6.7,,,,,,,23,hitl
46,2026-02-14 17:30,retail_1,retail,0,,,,,,,,16.91,30.0,0.0,2.0,14.48,20.0,23,hitl
47,2026-02-14 17:45,supplier_1,supplier,0,911.0,,,,,,,,,,,,,23,hitl
47,2026-02-14 17:45,farm_1,farm,1,,760.0,0.0195,,,,,,,,,,,23,hitl
47,2026-02-14 17:45,slaughterhouse_1,slaughterhouse,0,,,,400.0,400.0,,,,,,,,,23,hitl
47,2026-02-14 17:45,wholesaler_1,wholesaler,0,,,,,,127.98,6.7,,,,,,,23,hitl
47,2026-02-14 17:45,retail_1,retail,0,,,,,,,,12.93,30.0,0.0,2.25,14.48,20.0,23,hitl
48,2026-02-14 18:00,supplier_1,supplier,0,910.34,,,,,,,,,,,,,23,hitl
48,2026-02-14 18:00,farm_1,farm,1,,760.0,0.0195,,,,,,,,,,,23,hitl
48,2026-02-14 18:00,slaughterhouse_1,slaughterhouse,0,,,,400.0,376.0,,,,,,,,,23,hitl
48,2026-02-14 18:00,wholesaler_1,wholesaler,0,,,,,,117.88,6.7,,,,,,,23,hitl
48,2026-02-14 18:00,retail_1,retail,1,,,,,,,,9.7,30.0,0.0,2.5,14.48,20.0,23,hitl
49,2026-02-14 18:15,supplier_1,supplier,0,909.03,,,,,,,,,,,,,23,hitl
49,2026-02-14 18:15,farm_1,farm,1,,760.0,0.0195,,,,,,,,,,,23,hitl
49,2026-02-14 18:15,slaughterhouse_1,slaughterhouse,0,,,,400.0,386.84,,,,,,,,,23,hitl
49,2026-02-14 18:15,wholesaler_1,wholesaler,0,,,,,,140.01,6.7,,,,,,,23,hitl
49,2026-02-14 18:15,retail_1,retail,1,,,,,,,,13.74,30.0,0.0,2.75,14.48,20.0,23,hitl
50,2026-02-14 18:30,supplier_1,supplier,0,907.61,,,,,,,,,,,,,23,hitl
50,2026-02-14 18:30,farm_1,farm,1,,760.0,0.0195,,,,,,,,,,,23,hitl
50,2026-02-14 18:30,slaughterhouse_1,slaughterhouse,0,,,,400.0,398.74,,,,,,,,,23,hitl
50,2026-02-14 18:30,wholesaler_1,wholesaler,0,,,,,,137.2,6.7,,,,,,,23,hitl
50,2026-02-14 18:30,retail_1,retail,1,,,,,,,,9.96,30.0,0.0,3.0,14.48,20.0,23,hitl
51,2026-02-14 18:45,supplier_1,supplier,0,906.19,,,,,,,,,,,,,23,hitl
51,2026-02-14 18:45,farm_1,farm,1,,760.0,0.0195,,,,,,,,,,,23,hitl
51,2026-02-14 18:45,slaughterhouse_1,slaughterhouse,0,,,,400.0,400.0,,,,,,,,,23,hitl
51,2026-02-14 18:45,wholesaler_1,wholesaler,0,,,,,,135.65,6.7,,,,,,,23,hitl
51,2026-02-14 18:45,retail_1,retail,1,,,,,,,,6.54,30.0,0.0,3.25,14.48,20.0,23,hitl
52,2026-02-14 19:00,supplier_1,supplier,0,905.66,,,,,,,,,,,,,23,hitl
52,2026-02-14 19:00,farm_1,farm,1,,760.0,0.0195,,,,,,,,,,,23,hitl
52,2026-02-14 19:00,slaughterhouse_1,slaughterhouse,0,,,,400.0,400.0,,,,,,,,,23,hitl
52,2026-02-14 19:00,wholesaler_1,wholesaler,0,,,,,,126.78,6.7,,,,,,,23,hitl
52,2026-02-14 19:00,retail_1,retail,1,,,,,,,,3.06,30.0,0.0,3.5,14.48,20.0,23,hitl
53,2026-02-14 19:15,supplier_1,supplier,0,904.32,,,,,,,,,,,,,23,hitl
53,2026-02-14 19:15,farm_1,farm,1,,760.0,0.0195,,,,,,,,,,,23,hitl
53,2026-02-14 19:15,slaughterhouse_1,slaughterhouse,0,,,,400.0,400.0,,,,,,,,,23,hitl
53,2026-02-14 19:15,wholesaler_1,wholesaler,0,,,,,,123.9,6.7,,,,,,,23,hitl
53,2026-02-14 19:15,retail_1,retail,1,,,,,,,,7.25,30.0,1.0,3.75,14.48,20.0,23,hitl
54,2026-02-14 19:30,supplier_1,supplier,0,903.63,,,,,,,,,,,,,23,hitl
54,2026-02-14 19:30,farm_1,farm,1,,760.0,0.0195,,,,,,,,,,,23,hitl
54,2026-02-14 19:30,slaughterhouse_1,slaughterhouse,0,,,,400.0,400.0,,,,,,,,,23,hitl
54,2026-02-14 19:30,wholesaler_1,wholesaler,0,,,,,,121.38,6.7,,,,,,,23,hitl
54,2026-02-14 19:30,retail_1,retail,1,,,,,,,,4.03,30.0,0.0,4.0,14.48,20.0,23,hitl
55,2026-02-14 19:45,supplier_1,supplier,0,902.73,,,,,,,,,,,,,23,hitl
55,2026-02-14 19:45,farm_1,farm,1,,760.0,0.0195,,,,,,,,,,,23,hitl
55,2026-02-14 19:45,slaughterhouse_1,slaughterhouse,0,,,,400.0,400.0,,,,,,,,,23,hitl
55,2026-02-14 19:45,wholesaler_1,wholesaler,0,,,,,,119.12,6.7,,,,,,,23,hitl
55,2026-02-14 19:45,retail_1,retail,1,,,,,,,,0.09,30.0,0.0,4.25,14.48,20.0,23,hitl
56,2026-02-14 20:00,supplier_1,supplier,0,901.58,,,,,,,,,,,,,23,hitl
56,2026-02-14 20:00,farm_1,farm,1,,760.0,0.0195,,,,,,,,,,,23,hitl
56,2026-02-14 20:00,slaughterhouse_1,slaughterhouse,0,,,,400.0,376.0,,,,,,,,,23,hitl
56,2026-02-14 20:00,wholesaler_1,wholesaler,0,,,,,,109.71,6.7,,,,,,,23,hitl
56,2026-02-14 20:00,retail_1,retail,1,,,,,,,,0.0,30.0,1.0,4.5,14.48,20.0,23,hitl
57,2026-02-14 20:15,supplier_1,supplier,1,288.97,,,,,,,,,,,,,23,hitl
57,2026-02-14 20:15,farm_1,farm,1,,760.0,0.0195,,,,,,,,,,,23,hitl
57,2026-02-14 20:15,slaughterhouse_1,slaughterhouse,0,,,,400.0,387.73,,,,,,,,,23,hitl
57,2026-02-14 20:15,wholesaler_1,wholesaler,0,,,,,,130.97,6.7,,,,,,,23,hitl
57,2026-02-14 20:15,retail_1,retail,1,,,,,,,,7.25,30.0,1.0,4.75,14.48,20.0,23,hitl
58,2026-02-14 20:30,supplier_1,supplier,1,288.39,,,,,,,,,,,,,23,hitl
58,2026-02-14 20:30,farm_1,farm,1,,760.0,0.0195,,,,,,,,,,,23,hitl
58,2026-02-14 20:30,slaughterhouse_1,slaughterhouse,0,,,,400.0,399.73,,,,,,,,,23,hitl
58,2026-02-14 20:30,wholesaler_1,wholesaler,0,,,,,,128.15,6.7,,,,,,,23,hitl
58,2026-02-14 20:30,retail_1,retail,1,,,,,,,,3.61,30.0,0.0,5.0,14.48,20.0,23,hitl
59,2026-02-14 20:45,supplier_1,supplier,1,287.87,,,,,,,,,,,,,23,hitl
59,2026-02-14 20:45,farm_1,farm,1,,760.0,0.0195,,,,,,,,,,,23,hitl
59,2026-02-14 20:45,slaughterhouse_1,slaughterhouse,0,,,,400.0,400.0,,,,,,,,,23,hitl
59,2026-02-14 20:45,wholesaler_1,wholesaler,0,,,,,,126.28,6.7,,,,,,,23,hitl
59,2026-02-14 20:45,retail_1,retail,1,,,,,,,,0.0,30.0,1.0,5.25,14.48,20.0,23,hitl
60,2026-02-14 21:00,supplier_1,supplier,1,286.46,,,,,,,,,,,,,23,hitl
60,2026-02-14 21:00,farm_1,farm,1,,760.0,0.0195,,,,,,,,,,,23,hitl
60,2026-02-14 21:00,slaughterhouse_1,slaughterhouse,0,,,,400.0,400.0,,,,,,,,,23,hitl
60,2026-02-14 21:00,wholesaler_1,wholesaler,0,,,,,,116.67,6.7,,,,,,,23,hitl
60,2026-02-14 21:00,retail_1,retail,1,,,,,,,,0.0,30.0,1.0,5.5,14.48,20.0,23,hitl
61,2026-02-14 21:15,supplier_1,supplier,1,285.14,,,,,,,,,,,,,23,hitl
61,2026-02-14 21:15,farm_1,farm,1,,760.0,0.0195,,,,,,,,,,,23,hitl
61,2026-02-14 21:15,slaughterhouse_1,slaughterhouse,0,,,,400.0,400.0,,,,,,,,,23,hitl
61,2026-02-14 21:15,wholesaler_1,wholesaler,0,,,,,,113.69,6.7,,,,,,,23,hitl
61,2026-02-14 21:15,retail_1,retail,1,,,,,,,,7.25,30.0,1.0,5.75,14.48,20.0,23,hitl
62,2026-02-14 21:30,supplier_1,supplier,1,283.65,,,,,,,,,,,,,23,hitl
62,2026-02-14 21:30,farm_1,farm,1,,760.0,0.0195,,,,,,,,,,,23,hitl
62,2026-02-14 21:30,slaughterhouse_1,slaughterhouse,0,,,,400.0,400.0,,,,,,,,,23,hitl
62,2026-02-14 21:30,wholesaler_1,wholesaler,0,,,,,,111.97,6.7,,,,,,,23,hitl
62,2026-02-14 21:30,retail_1,retail,1,,,,,,,,3.71,30.0,0.0,6.0,14.48,20.0,23,hitl
63,2026-02-14 21:45,supplier_1,supplier,1,282.54,,,,,,,,,,,,,23,hitl
63,2026-02-14 21:45,farm_1,farm,1,,760.0,0.0195,,,,,,,,,,,23,hitl
63,2026-02-14 21:45,slaughterhouse_1,slaughterhouse,0,,,,400.0,400.0,,,,,,,,,23,hitl
63,2026-02-14 21:45,wholesaler_1,wholesaler,0,,,,,,109.02,6.7,,,,,,,23,hitl
63,2026-02-14 21:45,retail_1,retail,1,,,,,,,,0.0,30.0,1.0,6.25,14.48,20.0,23,hitl
64,2026-02-14 22:00,supplier_1,supplier,1,281.76,,,,,,,,,,,,,23,hitl
64,2026-02-14 22:00,farm_1,farm,1,,760.0,0.0195,,,,,,,,,,,23,hitl
64,2026-02-14 22:00,slaughterhouse_1,slaughterhouse,0,,,,400.0,376.0,,,,,,,,,23,hitl
64,2026-02-14 22:00,wholesaler_1,wholesaler,0,,,,,,100.17,6.7,,,,,,,23,hitl
64,2026-02-14 22:00,retail_1,retail,1,,,,,,,,0.0,30.0,1.0,6.5,14.48,20.0,23,hitl
65,2026-02-14 22:15,supplier_1,supplier,1,280.28,,,,,,,,,,,,,23,hitl
65,2026-02-14 22:15,farm_1,farm,1,,760.0,0.0195,,,,,,,,,,,23,hitl
65,2026-02-14 22:15,slaughterhouse_1,slaughterhouse,0,,,,400.0,387.0,,,,,,,,,23,hitl
65,2026-02-14 22:15,wholesaler_1,wholesaler,0,,,,,,121.78,6.7,,,,,,,23,hitl
65,2026-02-14 22:15,retail_1,retail,1,,,,,,,,7.25,30.0,1.0,6.75,14.48,20.0,23,hitl
66,2026-02-14 22:30,supplier_1,supplier,1,278.95,,,,,,,,,,,,,23,hitl
66,2026-02-14 22:30,farm_1,farm,1,,760.0,0.0195,,,,,,,,,,,23,hitl
66,2026-02-14 22:30,slaughterhouse_1,slaughterhouse,0,,,,400.0,397.4,,,,,,,,,23,hitl
66,2026-02-14 22:30,wholesaler_1,wholesaler,0,,,,,,119.26,6.7,,,,,,,23,hitl
66,2026-02-14 22:30,retail_1,retail,1,,,,,,,,3.66,30.0,0.0,7.0,14.48,20.0,23,hitl
67,2026-02-14 22:45,supplier_1,supplier,1,278.31,,,,,,,,,,,,,23,hitl
67,2026-02-14 22:45,farm_1,farm,1,,760.0,0.0195,,,,,,,,,,,23,hitl
67,2026-02-14 22:45,slaughterhouse_1,slaughterhouse,0,,,,400.0,400.0,,,,,,,,,23,hitl
67,2026-02-14 22:45,wholesaler_1,wholesaler,0,,,,,,116.59,6.7,,,,,,,23,hitl
67,2026-02-14 22:45,retail_1,retail,1,,,,,,,,0.06,30.0,0.0,7.25,14.48,20.0,23,hitl
68,2026-02-14 23:00,supplier_1,supplier,1,277.73,,,,,,,,,,,,,23,hitl
68,2026-02-14 23:00,farm_1,farm,1,,760.0,0.0195,,,,,,,,,,,23,hitl
68,2026-02-14 23:00,slaughterhouse_1,slaughterhouse,0,,,,400.0,400.0,,,,,,,,,23,hitl
68,2026-02-14 23:00,wholesaler_1,wholesaler,0,,,,,,106.51,6.7,,,,,,,23,hitl
68,2026-02-14 23:00,retail_1,retail,1,,,,,,,,0.0,30.0,1.0,7.5,14.48,20.0,23,hitl
69,2026-02-14 23:15,supplier_1,supplier,1,276.78,,,,,,,,,,,,,23,hitl
69,2026-02-14 23:15,farm_1,farm,1,,760.0,0.0195,,,,,,,,,,,23,hitl
69,2026-02-14 23:15,slaughterhouse_1,slaughterhouse,0,,,,400.0,400.0,,,,,,,,,23,hitl
69,2026-02-14 23:15,wholesaler_1,wholesaler,0,,,,,,103.53,6.7,,,,,,,23,hitl
69,2026-02-14 23:15,retail_1,retail,1,,,,,,,,7.25,30.0,1.0,7.75,14.48,20.0,23,hitl
70,2026-02-14 23:30,supplier_1,supplier,1,275.31,,,,,,,,,,,,,23,hitl
70,2026-02-14 23:30,farm_1,farm,1,,760.0,0.0195,,,,,,,,,,,23,hitl
70,2026-02-14 23:30,slaughterhouse_1,slaughterhouse,0,,,,400.0,400.0,,,,,,,,,23,hitl
70,2026-02-14 23:30,wholesaler_1,wholesaler,0,,,,,,101.44,6.7,,,,,,,23,hitl
70,2026-02-14 23:30,retail_1,retail,1,,,,,,,,3.66,30.0,0.0,8.0,14.48,20.0,23,hitl
71,2026-02-14 23:45,supplier_1,supplier,1,273.86,,,,,,,,,,,,,23,hitl
71,2026-02-14 23:45,farm_1,farm,1,,760.0,0.0195,,,,,,,,,,,23,hitl
71,2026-02-14 23:45,slaughterhouse_1,slaughterhouse,0,,,,400.0,400.0,,,,,,,,,23,hitl
71,2026-02-14 23:45,wholesaler_1,wholesaler,0,,,,,,99.94,6.7,,,,,,,23,hitl
71,2026-02-14 23:45,retail_1,retail,1,,,,,,,,0.0,30.0,1.0,8.25,14.48,20.0,23,hitl
72,2026-02-15 00:00,supplier_1,supplier,1,273.19,,,,,,,,,,,,,23,hitl
72,2026-02-15 00:00,farm_1,farm,0,,760.0,0.0195,,,,,,,,,,,23,hitl
72,2026-02-15 00:00,slaughterhouse_1,slaughterhouse,0,,,,400.0,376.0,,,,,,,,,23,hitl
72,2026-02-15 00:00,wholesaler_1,wholesaler,1,,,,,,89.75,3.8438,,,,,,,23,hitl
72,2026-02-15 00:00,retail_1,retail,1,,,,,,,,0.0,33.0,1.0,8.5,14.48,75.0,23,hitl
73,2026-02-15 00:15,supplier_1,supplier,1,272.12,,,,,,,,,,,,,23,hitl
73,2026-02-15 00:15,farm_1,farm,0,,760.0,0.0195,,,,,,,,,,,23,hitl
73,2026-02-15 00:15,slaughterhouse_1,slaughterhouse,0,,,,400.0,387.54,,,,,,,,,23,hitl
73,2026-02-15 00:15,wholesaler_1,wholesaler,1,,,,,,111.3,3.8438,,,,,,,23,hitl
73,2026-02-15 00:15,retail_1,retail,1,,,,,,,,7.25,33.0,1.0,8.75,14.48,75.0,23,hitl
74,2026-02-15 00:30,supplier_1,supplier,1,270.68,,,,,,,,,,,,,23,hitl
74,2026-02-15 00:30,farm_1,farm,0,,760.0,0.0195,,,,,,,,,,,23,hitl
74,2026-02-15 00:30,slaughterhouse_1,slaughterhouse,0,,,,400.0,398.83,,,,,,,,,23,hitl
74,2026-02-15 00:30,wholesaler_1,wholesaler,1,,,,,,109.09,3.8438,,,,,,,23,hitl
74,2026-02-15 00:30,retail_1,retail,1,,,,,,,,4.06,33.0,0.0,9.0,14.48,75.0,23,hitl
75,2026-02-15 00:45,supplier_1,supplier,1,269.61,,,,,,,,,,,,,23,hitl
75,2026-02-15 00:45,farm_1,farm,0,,760.0,0.0195,,,,,,,,,,,23,hitl
75,2026-02-15 00:45,slaughterhouse_1,slaughterhouse,0,,,,400.0,400.0,,,,,,,,,23,hitl
75,2026-02-15 00:45,wholesaler_1,wholesaler,1,,,,,,106.76,3.8438,,,,,,,23,hitl
75,2026-02-15 00:45,retail_1,retail,1,,,,,,,,0.41,33.0,0.0,9.25,14.48,75.0,23,hitl
76,2026-02-15 01:00,supplier_1,supplier,1,268.42,,,,,,,,,,,,,23,hitl
76,2026-02-15 01:00,farm_1,farm,0,,760.0,0.0195,,,,,,,,,,,23,hitl
76,2026-02-15 01:00,slaughterhouse_1,slaughterhouse,0,,,,400.0,400.0,,,,,,,,,23,hitl
76,2026-02-15 01:00,wholesaler_1,wholesaler,1,,,,,,92.71,3.8438,,,,,,,23,hitl
76,2026-02-15 01:00,retail_1,retail,1,,,,,,,,0.0,33.0,1.0,9.5,14.48,75.0,23,hitl
77,2026-02-15 01:15,supplier_1,supplier,1,267.11,,,,,,,,,,,,,23,hitl
77,2026-02-15 01:15,farm_1,farm,0,,760.0,0.0195,,,,,,,,,,,23,hitl
77,2026-02-15 01:15,slaughterhouse_1,slaughterhouse,0,,,,400.0,400.0,,,,,,,,,23,hitl
77,2026-02-15 01:15,wholesaler_1,wholesaler,1,,,,,,90.11,3.8438,,,,,,,23,hitl
77,2026-02-15 01:15,retail_1,retail,1,,,,,,,,12.0,33.0,1.0,9.75,14.48,75.0,23,hitl
78,2026-02-15 01:30,supplier_1,supplier,1,265.99,,,,,,,,,,,,,23,hitl
78,2026-02-15 01:30,farm_1,farm,0,,760.0,0.0195,,,,,,,,,,,23,hitl
78,2026-02-15 01:30,slaughterhouse_1,slaughterhouse,0,,,,400.0,400.0,,,,,,,,,23,hitl
78,2026-02-15 01:30,wholesaler_1,wholesaler,1,,,,,,87.39,3.8438,,,,,,,23,hitl
78,2026-02-15 01:30,retail_1,retail,1,,,,,,,,8.17,33.0,0.0,10.0,14.48,75.0,23,hitl
79,2026-02-15 01:45,supplier_1,supplier,1,265.02,,,,,,,,,,,,,23,hitl
79,2026-02-15 01:45,farm_1,farm,0,,760.0,0.0195,,,,,,,,,,,23,hitl
79,2026-02-15 01:45,slaughterhouse_1,slaughterhouse,0,,,,400.0,400.0,,,,,,,,,23,hitl
79,2026-02-15 01:45,wholesaler_1,wholesaler,1,,,,,,84.56,3.8438,,,,,,,23,hitl
79,2026-02-15 01:45,retail_1,retail,1,,,,,,,,4.89,33.0,0.0,10.25,14.48,75.0,23,hitl
80,2026-02-15 02:00,supplier_1,supplier,1,263.58,,,,,,,,,,,,,23,hitl
80,2026-02-15 02:00,farm_1,farm,0,,760.0,0.0195,,,,,,,,,,,23,hitl
80,2026-02-15 02:00,slaughterhouse_1,slaughterhouse,0,,,,400.0,376.0,,,,,,,,,23,hitl
80,2026-02-15 02:00,wholesaler_1,wholesaler,1,,,,,,69.9,3.8438,,,,,,,23,hitl
80,2026-02-15 02:00,retail_1,retail,1,,,,,,,,1.37,33.0,0.0,10.5,14.48,75.0,23,hitl
81,2026-02-15 02:15,supplier_1,supplier,1,262.62,,,,,,,,,,,,,23,hitl
81,2026-02-15 02:15,farm_1,farm,0,,760.0,0.0195,,,,,,,,,,,23,hitl
81,2026-02-15 02:15,slaughterhouse_1,slaughterhouse,0,,,,400.0,387.04,,,,,,,,,23,hitl
81,2026-02-15 02:15,wholesaler_1,wholesaler,1,,,,,,92.17,3.8438,,,,,,,23,hitl
81,2026-02-15 02:15,retail_1,retail,1,,,,,,,,12.0,33.0,1.0,10.75,14.48,75.0,23,hitl
82,2026-02-15 02:30,supplier_1,supplier,1,261.24,,,,,,,,,,,,,23,hitl
82,2026-02-15 02:30,farm_1,farm,0,,760.0,0.0195,,,,,,,,,,,23,hitl
82,2026-02-15 02:30,slaughterhouse_1,slaughterhouse,0,,,,400.0,398.72,,,,,,,,,23,hitl
82,2026-02-15 02:30,wholesaler_1,wholesaler,1,,,,,,89.27,3.8438,,,,,,,23,hitl
82,2026-02-15 02:30,retail_1,retail,1,,,,,,,,8.34,33.0,0.0,11.0,14.48,75.0,23,hitl
83,2026-02-15 02:45,supplier_1,supplier,1,260.05,,,,,,,,,,,,,23,hitl
83,2026-02-15 02:45,farm_1,farm,0,,760.0,0.0195,,,,,,,,,,,23,hitl
83,2026-02-15 02:45,slaughterhouse_1,slaughterhouse,0,,,,400.0,400.0,,,,,,,,,23,hitl
83,2026-02-15 02:45,wholesaler_1,wholesaler,1,,,,,,87.4,3.8438,,,,,,,23,hitl
83,2026-02-15 02:45,retail_1,retail,1,,,,,,,,4.86,33.0,0.0,11.25,14.48,75.0,23,hitl
84,2026-02-15 03:00,supplier_1,supplier,1,258.89,,,,,,,,,,,,,23,hitl
84,2026-02-15 03:00,farm_1,farm,0,,760.0,0.0195,,,,,,,,,,,23,hitl
84,2026-02-15 03:00,slaughterhouse_1,slaughterhouse,0,,,,400.0,400.0,,,,,,,,,23,hitl
84,2026-02-15 03:00,wholesaler_1,wholesaler,1,,,,,,72.98,3.8438,,,,,,,23,hitl
84,2026-02-15 03:00,retail_1,retail,1,,,,,,,,1.23,33.0,0.0,11.5,14.48,75.0,23,hitl
85,2026-02-15 03:15,supplier_1,supplier,1,257.52,,,,,,,,,,,,,23,hitl
85,2026-02-15 03:15,farm_1,farm,0,,760.0,0.0195,,,,,,,,,,,23,hitl
85,2026-02-15 03:15,slaughterhouse_1,slaughterhouse,0,,,,400.0,400.0,,,,,,,,,23,hitl
85,2026-02-15 03:15,wholesaler_1,wholesaler,1,,,,,,70.92,3.8438,,,,,,,23,hitl
85,2026-02-15 03:15,retail_1,retail,1,,,,,,,,12.0,33.0,1.0,11.75,14.48,75.0,23,hitl
86,2026-02-15 03:30,supplier_1,supplier,1,256.83,,,,,,,,,,,,,23,hitl
86,2026-02-15 03:30,farm_1,farm,0,,760.0,0.0195,,,,,,,,,,,23,hitl
86,2026-02-15 03:30,slaughterhouse_1,slaughterhouse,0,,,,400.0,400.0,,,,,,,,,23,hitl
86,2026-02-15 03:30,wholesaler_1,wholesaler,1,,,,,,68.25,3.8438,,,,,,,23,hitl
86,2026-02-15 03:30,retail_1,retail,1,,,,,,,,8.56,33.0,0.0,12.0,14.48,75.0,23,hitl
87,2026-02-15 03:45,supplier_1,supplier,1,256.3,,,,,,,,,,,,,23,hitl
87,2026-02-15 03:45,farm_1,farm,0,,760.0,0.0195,,,,,,,,,,,23,hitl
87,2026-02-15 03:45,slaughterhouse_1,slaughterhouse,0,,,,400.0,400.0,,,,,,,,,23,hitl
87,2026-02-15 03:45,wholesaler_1,wholesaler,1,,,,,,66.63,3.8438,,,,,,,23,hitl
87,2026-02-15 03:45,retail_1,retail,1,,,,,,,,5.24,33.0,0.0,12.25,14.48,75.0,23,hitl
88,2026-02-15 04:00,supplier_1,supplier,1,255.41,,,,,,,,,,,,,23,hitl
88,2026-02-15 04:00,farm_1,farm,0,,760.0,0.0195,,,,,,,,,,,23,hitl
88,2026-02-15 04:00,slaughterhouse_1,slaughterhouse,0,,,,400.0,376.0,,,,,,,,,23,hitl
88,2026-02-15 04:00,wholesaler_1,wholesaler,1,,,,,,52.6,3.8438,,,,,,,23,hitl
88,2026-02-15 04:00,retail_1,retail,1,,,,,,,,1.76,33.0,0.0,12.5,14.48,75.0,23,hitl
89,2026-02-15 04:15,supplier_1,supplier,1,254.67,,,,,,,,,,,,,23,hitl
89,2026-02-15 04:15,farm_1,farm,0,,760.0,0.0195,,,,,,,,,,,23,hitl
89,2026-02-15 04:15,slaughterhouse_1,slaughterhouse,0,,,,400.0,387.38,,,,,,,,,23,hitl
89,2026-02-15 04:15,wholesaler_1,wholesaler,1,,,,,,74.46,3.8438,,,,,,,23,hitl
89,2026-02-15 04:15,retail_1,retail,1,,,,,,,,12.0,33.0,1.0,12.75,14.48,75.0,23,hitl
90,2026-02-15 04:30,supplier_1,supplier,1,254.1,,,,,,,,,,,,,23,hitl
90,2026-02-15 04:30,farm_1,farm,0,,760.0,0.0195,,,,,,,,,,,23,hitl
90,2026-02-15 04:30,slaughterhouse_1,slaughterhouse,0,,,,400.0,398.42,,,,,,,,,23,hitl
90,2026-02-15 04:30,wholesaler_1,wholesaler,1,,,,,,72.49,3.8438,,,,,,,23,hitl
90,2026-02-15 04:30,retail_1,retail,1,,,,,,,,8.8,33.0,0.0,13.0,14.48,75.0,23,hitl
91,2026-02-15 04:45,supplier_1,supplier,1,252.77,,,,,,,,,,,,,23,hitl
91,2026-02-15 04:45,farm_1,farm,0,,760.0,0.0195,,,,,,,,,,,23,hitl
91,2026-02-15 04:45,slaughterhouse_1,slaughterhouse,0,,,,400.0,400.0,,,,,,,,,23,hitl
91,2026-02-15 04:45,wholesaler_1,wholesaler,1,,,,,,70.42,3.8438,,,,,,,23,hitl
91,2026-02-15 04:45,retail_1,retail,1,,,,,,,,5.09,33.0,0.0,13.25,14.48,75.0,23,hitl
92,2026-02-15 05:00,supplier_1,supplier,1,251.83,,,,,,,,,,,,,23,hitl
92,2026-02-15 05:00,farm_1,farm,0,,760.0,0.0195,,,,,,,,,,,23,hitl
92,2026-02-15 05:00,slaughterhouse_1,slaughterhouse,0,,,,400.0,400.0,,,,,,,,,23,hitl
92,2026-02-15 05:00,wholesaler_1,wholesaler,1,,,,,,56.58,3.8438,,,,,,,23,hitl
92,2026-02-15 05:00,retail_1,retail,1,,,,,,,,1.53,33.0,0.0,13.5,14.48,75.0,23,hitl
93,2026-02-15 05:15,supplier_1,supplier,1,250.49,,,,,,,,,,,,,23,hitl
93,2026-02-15 05:15,farm_1,farm,0,,760.0,0.0195,,,,,,,,,,,23,hitl
93,2026-02-15 05:15,slaughterhouse_1,slaughterhouse,0,,,,400.0,400.0,,,,,,,,,23,hitl
93,2026-02-15 05:15,wholesaler_1,wholesaler,1,,,,,,53.67,3.8438,,,,,,,23,hitl
93,2026-02-15 05:15,retail_1,retail,1,,,,,,,,12.0,33.0,1.0,13.75,14.48,75.0,23,hitl
94,2026-02-15 05:30,supplier_1,supplier,1,249.09,,,,,,,,,,,,,23,hitl
94,2026-02-15 05:30,farm_1,farm,0,,760.0,0.0195,,,,,,,,,,,23,hitl
94,2026-02-15 05:30,slaughterhouse_1,slaughterhouse,0,,,,400.0,400.0,,,,,,,,,23,hitl
94,2026-02-15 05:30,wholesaler_1,wholesaler,1,,,,,,51.15,3.8438,,,,,,,23,hitl
94,2026-02-15 05:30,retail_1,retail,1,,,,,,,,8.35,33.0,0.0,14.0,14.48,75.0,23,hitl
95,2026-02-15 05:45,supplier_1,supplier,1,248.41,,,,,,,,,,,,,23,hitl
95,2026-02-15 05:45,farm_1,farm,0,,760.0,0.0195,,,,,,,,,,,23,hitl
95,2026-02-15 05:45,slaughterhouse_1,slaughterhouse,0,,,,400.0,400.0,,,,,,,,,23,hitl
95,2026-02-15 05:45,wholesaler_1,wholesaler,1,,,,,,49.23,3.8438,,,,,,,23,hitl
95,2026-02-15 05:45,retail_1,retail,1,,,,,,,,4.36,33.0,0.0,14.25,14.48,75.0,23,hitl
96,2026-02-15 06:00,supplier_1,supplier,1,247.74,,,,,,,,,,,,,23,hitl
96,2026-02-15 06:00,farm_1,farm,0,,760.0,0.0195,,,,,,,,,,,23,hitl
96,2026-02-15 06:00,slaughterhouse_1,slaughterhouse,0,,,,400.0,376.0,,,,,,,,,23,hitl
96,2026-02-15 06:00,wholesaler_1,wholesaler,1,,,,,,34.28,3.8438,,,,,,,23,hitl
96,2026-02-15 06:00,retail_1,retail,1,,,,,,,,1.03,33.0,0.0,14.5,14.48,75.0,23,hitl
97,2026-02-15 06:15,supplier_1,supplier,1,247.17,,,,,,,,,,,,,23,hitl
97,2026-02-15 06:15,farm_1,farm,0,,760.0,0.0195,,,,,,,,,,,23,hitl
97,2026-02-15 06:15,slaughterhouse_1,slaughterhouse,0,,,,400.0,387.35,,,,,,,,,23,hitl
97,2026-02-15 06:15,wholesaler_1,wholesaler,1,,,,,,55.92,3.8438,,,,,,,23,hitl
97,2026-02-15 06:15,retail_1,retail,1,,,,,,,,12.0,33.0,1.0,14.75,14.48,75.0,23,hitl
98,2026-02-15 06:30,supplier_1,supplier,1,246.26,,,,,,,,,,,,,23,hitl
98,2026-02-15 06:30,farm_1,farm,0,,760.0,0.0195,,,,,,,,,,,23,hitl
98,2026-02-15 06:30,slaughterhouse_1,slaughterhouse,0,,,,400.0,399.02,,,,,,,,,23,hitl
98,2026-02-15 06:30,wholesaler_1,wholesaler,1,,,,,,53.67,3.8438,,,,,,,23,hitl
98,2026-02-15 06:30,retail_1,retail,1,,,,,,,,8.74,33.0,0.0,15.0,14.48,75.0,23,hitl
99,2026-02-15 06:45,supplier_1,supplier,1,245.7,,,,,,,,,,,,,23,hitl
99,2026-02-15 06:45,farm_1,farm,0,,760.0,0.0195,,,,,,,,,,,23,hitl
99,2026-02-15 06:45,slaughterhouse_1,slaughterhouse,0,,,,400.0,400.0,,,,,,,,,23,hitl
99,2026-02-15 06:45,wholesaler_1,wholesaler,1,,,,,,51.1,3.8438,,,,,,,23,hitl
99,2026-02-15 06:45,retail_1,retail,1,,,,,,,,5.0,33.0,0.0,15.25,14.48,75.0,23,hitl
100,2026-02-15 07:00,supplier_1,supplier,1,244.68,,,,,,,,,,,,,23,hitl
100,2026-02-15 07:00,farm_1,farm,0,,760.0,0.0195,,,,,,,,,,,23,hitl
100,2026-02-15 07:00,slaughterhouse_1,slaughterhouse,0,,,,400.0,400.0,,,,,,,,,23,hitl
100,2026-02-15 07:00,wholesaler_1,wholesaler,1,,,,,,37.21,3.8438,,,,,,,23,hitl
100,2026-02-15 07:00,retail_1,retail,1,,,,,,,,1.36,33.0,0.0,15.5,14.48,75.0,23,hitl
101,2026-02-15 07:15,supplier_1,supplier,1,243.49,,,,,,,,,,,,,23,hitl
101,2026-02-15 07:15,farm_1,farm,0,,760.0,0.0195,,,,,,,,,,,23,hitl
101,2026-02-15 07:15,slaughterhouse_1,slaughterhouse,0,,,,400.0,400.0,,,,,,,,,23,hitl
101,2026-02-15 07:15,wholesaler_1,wholesaler,1,,,,,,34.52,3.8438,,,,,,,23,hitl
101,2026-02-15 07:15,retail_1,retail,1,,,,,,,,12.0,33.0,1.0,15.75,14.48,75.0,23,hitl
102,2026-02-15 07:30,supplier_1,supplier,1,242.72,,,,,,,,,,,,,23,hitl
102,2026-02-15 07:30,farm_1,farm,0,,760.0,0.0195,,,,,,,,,,,23,hitl
102,2026-02-15 07:30,slaughterhouse_1,slaughterhouse,0,,,,400.0,400.0,,,,,,,,,23,hitl
102,2026-02-15 07:30,wholesaler_1,wholesaler,1,,,,,,32.2,3.8438,,,,,,,23,hitl
102,2026-02-15 07:30,retail_1,retail,1,,,,,,,,8.73,33.0,0.0,16.0,14.48,75.0,23,hitl
103,2026-02-15 07:45,supplier_1,supplier,1,241.73,,,,,,,,,,,,,23,hitl
103,2026-02-15 07:45,farm_1,farm,0,,760.0,0.0195,,,,,,,,,,,23,hitl
103,2026-02-15 07:45,slaughterhouse_1,slaughterhouse,0,,,,400.0,400.0,,,,,,,,,23,hitl
103,2026-02-15 07:45,wholesaler_1,wholesaler,1,,,,,,30.0,3.8438,,,,,,,23,hitl
103,2026-02-15 07:45,retail_1,retail,1,,,,,,,,5.42,33.0,0.0,16.25,14.48,75.0,23,hitl
104,2026-02-15 08:00,supplier_1,supplier,1,240.7,,,,,,,,,,,,,23,hitl
104,2026-02-15 08:00,farm_1,farm,0,,760.0,0.0195,,,,,,,,,,,23,hitl
104,2026-02-15 08:00,slaughterhouse_1,slaughterhouse,0,,,,400.0,376.0,,,,,,,,,23,hitl
104,2026-02-15 08:00,wholesaler_1,wholesaler,1,,,,,,27.88,3.8438,,,,,,,23,hitl
104,2026-02-15 08:00,retail_1,retail,1,,,,,,,,1.46,33.0,0.0,16.5,14.48,75.0,23,hitl
105,2026-02-15 08:15,supplier_1,supplier,1,239.31,,,,,,,,,,,,,23,hitl
105,2026-02-15 08:15,farm_1,farm,0,,760.0,0.0195,,,,,,,,,,,23,hitl
105,2026-02-15 08:15,slaughterhouse_1,slaughterhouse,0,,,,400.0,386.2,,,,,,,,,23,hitl
105,2026-02-15 08:15,wholesaler_1,wholesaler,1,,,,,,50.05,3.8438,,,,,,,23,hitl
105,2026-02-15 08:15,retail_1,retail,1,,,,,,,,0.0,33.0,1.0,16.75,14.48,75.0,23,hitl
106,2026-02-15 08:30,supplier_1,supplier,1,237.85,,,,,,,,,,,,,23,hitl
106,2026-02-15 08:30,farm_1,farm,0,,760.0,0.0195,,,,,,,,,,,23,hitl
106,2026-02-15 08:30,slaughterhouse_1,slaughterhouse,0,,,,400.0,397.61,,,,,,,,,23,hitl
106,2026-02-15 08:30,wholesaler_1,wholesaler,1,,,,,,47.24,3.8438,,,,,,,23,hitl
106,2026-02-15 08:30,retail_1,retail,1,,,,,,,,0.0,33.0,1.0,17.0,14.48,75.0,23,hitl
107,2026-02-15 08:45,supplier_1,supplier,1,237.08,,,,,,,,,,,,,23,hitl
107,2026-02-15 08:45,farm_1,farm,0,,760.0,0.0195,,,,,,,,,,,23,hitl
107,2026-02-15 08:45,slaughterhouse_1,slaughterhouse,0,,,,400.0,400.0,,,,,,,,,23,hitl
107,2026-02-15 08:45,wholesaler_1,wholesaler,1,,,,,,45.11,3.8438,,,,,,,23,hitl
107,2026-02-15 08:45,retail_1,retail,1,,,,,,,,0.0,33.0,1.0,17.25,14.48,75.0,23,hitl
108,2026-02-15 09:00,supplier_1,supplier,1,235.68,,,,,,,,,,,,,23,hitl
108,2026-02-15 09:00,farm_1,farm,1,,760.0,0.0195,,,,,,,,,,,23,hitl
108,2026-02-15 09:00,slaughterhouse_1,slaughterhouse,0,,,,400.0,400.0,,,,,,,,,23,hitl
108,2026-02-15 09:00,wholesaler_1,wholesaler,1,,,,,,30.32,3.8438,,,,,,,23,hitl
108,2026-02-15 09:00,retail_1,retail,1,,,,,,,,0.0,33.0,1.0,17.5,14.48,75.0,23,hitl
109,2026-02-15 09:15,supplier_1,supplier,1,234.19,,,,,,,,,,,,,23,hitl
109,2026-02-15 09:15,farm_1,farm,1,,760.0,0.0195,,,,,,,,,,,23,hitl
109,2026-02-15 09:15,slaughterhouse_1,slaughterhouse,0,,,,400.0,400.0,,,,,,,,,23,hitl
109,2026-02-15 09:15,wholesaler_1,wholesaler,1,,,,,,28.62,3.8438,,,,,,,23,hitl
109,2026-02-15 09:15,retail_1,retail,1,,,,,,,,12.0,33.0,1.0,17.75,14.48,75.0,23,hitl
110,2026-02-15 09:30,supplier_1,supplier,1,233.16,,,,,,,,,,,,,23,hitl
110,2026-02-15 09:30,farm_1,farm,1,,760.0,0.0195,,,,,,,,,,,23,hitl
110,2026-02-15 09:30,slaughterhouse_1,slaughterhouse,0,,,,400.0,400.0,,,,,,,,,23,hitl
110,2026-02-15 09:30,wholesaler_1,wholesaler,1,,,,,,27.07,3.8438,,,,,,,23,hitl
110,2026-02-15 09:30,retail_1,retail,1,,,,,,,,8.62,33.0,0.0,18.0,14.48,75.0,23,hitl
111,2026-02-15 09:45,supplier_1,supplier,1,231.94,,,,,,,,,,,,,23,hitl
111,2026-02-15 09:45,farm_1,farm,1,,760.0,0.0195,,,,,,,,,,,23,hitl
111,2026-02-15 09:45,slaughterhouse_1,slaughterhouse,0,,,,400.0,400.0,,,,,,,,,23,hitl
111,2026-02-15 09:45,wholesaler_1,wholesaler,1,,,,,,24.12,3.8438,,,,,,,23,hitl
111,2026-02-15 09:45,retail_1,retail,1,,,,,,,,4.91,33.0,0.0,18.25,14.48,75.0,23,hitl
112,2026-02-15 10:00,supplier_1,supplier,1,230.77,,,,,,,,,,,,,23,hitl
112,2026-02-15 10:00,farm_1,farm,1,,760.0,0.0195,,,,,,,,,,,23,hitl
112,2026-02-15 10:00,slaughterhouse_1,slaughterhouse,0,,,,400.0,376.0,,,,,,,,,23,hitl
112,2026-02-15 10:00,wholesaler_1,wholesaler,1,,,,,,21.44,3.8438,,,,,,,23,hitl
112,2026-02-15 10:00,retail_1,retail,1,,,,,,,,1.45,33.0,0.0,18.5,14.48,75.0,23,hitl
113,2026-02-15 10:15,supplier_1,supplier,1,229.44,,,,,,,,,,,,,23,hitl
113,2026-02-15 10:15,farm_1,farm,1,,760.0,0.0195,,,,,,,,,,,23,hitl
113,2026-02-15 10:15,slaughterhouse_1,slaughterhouse,0,,,,400.0,387.02,,,,,,,,,23,hitl
113,2026-02-15 10:15,wholesaler_1,wholesaler,1,,,,,,43.62,3.8438,,,,,,,23,hitl
113,2026-02-15 10:15,retail_1,retail,1,,,,,,,,0.0,33.0,1.0,18.75,14.48,75.0,23,hitl
114,2026-02-15 10:30,supplier_1,supplier,1,228.53,,,,,,,,,,,,,23,hitl
114,2026-02-15 10:30,farm_1,farm,1,,760.0,0.0195,,,,,,,,,,,23,hitl
114,2026-02-15 10:30,slaughterhouse_1,slaughterhouse,0,,,,400.0,397.22,,,,,,,,,23,hitl
114,2026-02-15 10:30,wholesaler_1,wholesaler,1,,,,,,40.86,3.8438,,,,,,,23,hitl
114,2026-02-15 10:30,retail_1,retail,1,,,,,,,,0.0,33.0,1.0,19.0,14.48,75.0,23,hitl
115,2026-02-15 10:45,supplier_1,supplier,1,227.46,,,,,,,,,,,,,23,hitl
115,2026-02-15 10:45,farm_1,farm,1,,396.0,0.143,,,,,,,,,,,23,hitl
115,2026-02-15 10:45,slaughterhouse_1,slaughterhouse,0,,,,400.0,400.0,,,,,,,,,23,hitl
115,2026-02-15 10:45,wholesaler_1,wholesaler,1,,,,,,38.75,3.8438,,,,,,,23,hitl
115,2026-02-15 10:45,retail_1,retail,1,,,,,,,,0.0,33.0,1.0,19.25,14.48,75.0,23,hitl
116,2026-02-15 11:00,supplier_1,supplier,1,226.86,,,,,,,,,,,,,23,hitl
116,2026-02-15 11:00,farm_1,farm,1,,396.0,0.143,,,,,,,,,,,23,hitl
116,2026-02-15 11:00,slaughterhouse_1,slaughterhouse,0,,,,400.0,400.0,,,,,,,,,23,hitl
116,2026-02-15 11:00,wholesaler_1,wholesaler,1,,,,,,26.83,3.8438,,,,,,,23,hitl
116,2026-02-15 11:00,retail_1,retail,1,,,,,,,,0.0,33.0,1.0,19.5,14.48,75.0,23,hitl
117,2026-02-15 11:15,supplier_1,supplier,1,225.88,,,,,,,,,,,,,23,hitl
117,2026-02-15 11:15,farm_1,farm,1,,396.0,0.143,,,,,,,,,,,23,hitl
117,2026-02-15 11:15,slaughterhouse_1,slaughterhouse,0,,,,400.0,400.0,,,,,,,,,23,hitl
117,2026-02-15 11:15,wholesaler_1,wholesaler,1,,,,,,24.13,3.8438,,,,,,,23,hitl
117,2026-02-15 11:15,retail_1,retail,1,,,,,,,,9.6,33.0,1.0,19.75,14.48,75.0,23,hitl
118,2026-02-15 11:30,supplier_1,supplier,1,224.6,,,,,,,,,,,,,23,hitl
118,2026-02-15 11:30,farm_1,farm,1,,396.0,0.143,,,,,,,,,,,23,hitl
118,2026-02-15 11:30,slaughterhouse_1,slaughterhouse,0,,,,400.0,400.0,,,,,,,,,23,hitl
118,2026-02-15 11:30,wholesaler_1,wholesaler,1,,,,,,21.7,3.8438,,,,,,,23,hitl
118,2026-02-15 11:30,retail_1,retail,1,,,,,,,,5.77,33.0,0.0,20.0,14.48,75.0,23,hitl
119,2026-02-15 11:45,supplier_1,supplier,1,223.65,,,,,,,,,,,,,23,hitl
119,2026-02-15 11:45,farm_1,farm,1,,396.0,0.143,,,,,,,,,,,23,hitl
119,2026-02-15 11:45,slaughterhouse_1,slaughterhouse,0,,,,400.0,400.0,,,,,,,,,23,hitl
119,2026-02-15 11:45,wholesaler_1,wholesaler,1,,,,,,19.85,3.8438,,,,,,,23,hitl
119,2026-02-15 11:45,retail_1,retail,1,,,,,,,,2.08,33.0,0.0,20.25,14.48,75.0,23,hitl
120,2026-02-15 12:00,supplier_1,supplier,1,222.35,,,,,,,,,,,,,23,hitl
120,2026-02-15 12:00,farm_1,farm,1,,396.0,0.143,,,,,,,,,,,23,hitl
120,2026-02-15 12:00,slaughterhouse_1,slaughterhouse,0,,,,400.0,376.0,,,,,,,,,23,hitl
120,2026-02-15 12:00,wholesaler_1,wholesaler,1,,,,,,17.71,3.8438,,,,,,,23,hitl
120,2026-02-15 12:00,retail_1,retail,1,,,,,,,,0.0,33.0,1.0,20.5,14.48,75.0,23,hitl
121,2026-02-15 12:15,supplier_1,supplier,1,221.46,,,,,,,,,,,,,23,hitl
121,2026-02-15 12:15,farm_1,farm,1,,396.0,0.143,,,,,,,,,,,23,hitl
121,2026-02-15 12:15,slaughterhouse_1,slaughterhouse,0,,,,400.0,386.24,,,,,,,,,23,hitl
121,2026-02-15 12:15,wholesaler_1,wholesaler,1,,,,,,39.54,3.8438,,,,,,,23,hitl
121,2026-02-15 12:15,retail_1,retail,1,,,,,,,,0.0,33.0,1.0,20.75,14.48,75.0,23,hitl
122,2026-02-15 12:30,supplier_1,supplier,1,220.73,,,,,,,,,,,,,23,hitl
122,2026-02-15 12:30,farm_1,farm,1,,396.0,0.143,,,,,,,,,,,23,hitl
122,2026-02-15 12:30,slaughterhouse_1,slaughterhouse,0,,,,400.0,396.71,,,,,,,,,23,hitl
122,2026-02-15 12:30,wholesaler_1,wholesaler,1,,,,,,36.88,3.8438,,,,,,,23,hitl
122,2026-02-15 12:30,retail_1,retail,1,,,,,,,,0.0,33.0,1.0,21.0,14.48,75.0,23,hitl
123,2026-02-15 12:45,supplier_1,supplier,1,219.7,,,,,,,,,,,,,23,hitl
123,2026-02-15 12:45,farm_1,farm,1,,396.0,0.143,,,,,,,,,,,23,hitl
123,2026-02-15 12:45,slaughterhouse_1,slaughterhouse,0,,,,400.0,400.0,,,,,,,,,23,hitl
123,2026-02-15 12:45,wholesaler_1,wholesaler,1,,,,,,35.14,3.8438,,,,,,,23,hitl
123,2026-02-15 12:45,retail_1,retail,1,,,,,,,,0.0,33.0,1.0,21.25,14.48,75.0,23,hitl
124,2026-02-15 13:00,supplier_1,supplier,1,218.92,,,,,,,,,,,,,23,hitl
124,2026-02-15 13:00,farm_1,farm,1,,396.0,0.143,,,,,,,,,,,23,hitl
124,2026-02-15 13:00,slaughterhouse_1,slaughterhouse,0,,,,400.0,400.0,,,,,,,,,23,hitl
124,2026-02-15 13:00,wholesaler_1,wholesaler,1,,,,,,32.61,3.8438,,,,,,,23,hitl
124,2026-02-15 13:00,retail_1,retail,1,,,,,,,,0.0,33.0,1.0,21.5,14.48,75.0,23,hitl
125,2026-02-15 13:15,supplier_1,supplier,1,218.27,,,,,,,,,,,,,23,hitl
125,2026-02-15 13:15,farm_1,farm,1,,396.0,0.143,,,,,,,,,,,23,hitl
125,2026-02-15 13:15,slaughterhouse_1,slaughterhouse,0,,,,400.0,400.0,,,,,,,,,23,hitl
125,2026-02-15 13:15,wholesaler_1,wholesaler,1,,,,,,30.74,3.8438,,,,,,,23,hitl
125,2026-02-15 13:15,retail_1,retail,1,,,,,,,,0.0,33.0,1.0,21.75,14.48,75.0,23,hitl
126,2026-02-15 13:30,supplier_1,supplier,1,217.38,,,,,,,,,,,,,23,hitl
126,2026-02-15 13:30,farm_1,farm,1,,396.0,0.143,,,,,,,,,,,23,hitl
126,2026-02-15 13:30,slaughterhouse_1,slaughterhouse,0,,,,400.0,400.0,,,,,,,,,23,hitl
126,2026-02-15 13:30,wholesaler_1,wholesaler,1,,,,,,28.78,3.8438,,,,,,,23,hitl
126,2026-02-15 13:30,retail_1,retail,1,,,,,,,,0.0,33.0,1.0,22.0,14.48,75.0,23,hitl
127,2026-02-15 13:45,supplier_1,supplier,1,215.9,,,,,,,,,,,,,23,hitl
127,2026-02-15 13:45,farm_1,farm,1,,396.0,0.143,,,,,,,,,,,23,hitl
127,2026-02-15 13:45,slaughterhouse_1,slaughterhouse,0,,,,400.0,400.0,,,,,,,,,23,hitl
127,2026-02-15 13:45,wholesaler_1,wholesaler,1,,,,,,27.13,3.8438,,,,,,,23,hitl
127,2026-02-15 13:45,retail_1,retail,1,,,,,,,,0.0,33.0,1.0,22.25,14.48,75.0,23,hitl
128,2026-02-15 14:00,supplier_1,supplier,1,215.16,,,,,,,,,,,,,23,hitl
128,2026-02-15 14:00,farm_1,farm,1,,396.0,0.143,,,,,,,,,,,23,hitl
128,2026-02-15 14:00,slaughterhouse_1,slaughterhouse,0,,,,400.0,376.0,,,,,,,,,23,hitl
128,2026-02-15 14:00,wholesaler_1,wholesaler,1,,,,,,24.56,3.8438,,,,,,,23,hitl
128,2026-02-15 14:00,retail_1,retail,1,,,,,,,,0.0,33.0,1.0,22.5,14.48,75.0,23,hitl
129,2026-02-15 14:15,supplier_1,supplier,1,213.97,,,,,,,,,,,,,23,hitl
129,2026-02-15 14:15,farm_1,farm,1,,396.0,0.143,,,,,,,,,,,23,hitl
129,2026-02-15 14:15,slaughterhouse_1,slaughterhouse,0,,,,400.0,387.54,,,,,,,,,23,hitl
129,2026-02-15 14:15,wholesaler_1,wholesaler,1,,,,,,46.5,3.8438,,,,,,,23,hitl
129,2026-02-15 14:15,retail_1,retail,1,,,,,,,,0.0,33.0,1.0,22.75,14.48,75.0,23,hitl
130,2026-02-15 14:30,supplier_1,supplier,1,213.3,,,,,,,,,,,,,23,hitl
130,2026-02-15 14:30,farm_1,farm,1,,396.0,0.143,,,,,,,,,,,23,hitl
130,2026-02-15 14:30,slaughterhouse_1,slaughterhouse,0,,,,400.0,399.41,,,,,,,,,23,hitl
130,2026-02-15 14:30,wholesaler_1,wholesaler,1,,,,,,44.81,3.8438,,,,,,,23,hitl
130,2026-02-15 14:30,retail_1,retail,1,,,,,,,,0.0,33.0,1.0,23.0,14.48,75.0,23,hitl
131,2026-02-15 14:45,supplier_1,supplier,1,212.64,,,,,,,,,,,,,23,hitl
131,2026-02-15 14:45,farm_1,farm,1,,396.0,0.143,,,,,,,,,,,23,hitl
131,2026-02-15 14:45,slaughterhouse_1,slaughterhouse,0,,,,400.0,400.0,,,,,,,,,23,hitl
131,2026-02-15 14:45,wholesaler_1,wholesaler,1,,,,,,42.34,3.8438,,,,,,,23,hitl
131,2026-02-15 14:45,retail_1,retail,1,,,,,,,,0.0,33.0,1.0,23.25,14.48,75.0,23,hitl
132,2026-02-15 15:00,supplier_1,supplier,1,211.33,,,,,,,,,,,,,23,hitl
132,2026-02-15 15:00,farm_1,farm,1,,396.0,0.143,,,,,,,,,,,23,hitl
132,2026-02-15 15:00,slaughterhouse_1,slaughterhouse,0,,,,400.0,400.0,,,,,,,,,23,hitl
132,2026-02-15 15:00,wholesaler_1,wholesaler,1,,,,,,30.97,3.8438,,,,,,,23,hitl
132,2026-02-15 15:00,retail_1,retail,1,,,,,,,,0.0,33.0,1.0,23.5,14.48,75.0,23,hitl
133,2026-02-15 15:15,supplier_1,supplier,1,210.53,,,,,,,,,,,,,23,hitl
133,2026-02-15 15:15,farm_1,farm,1,,396.0,0.143,,,,,,,,,,,23,hitl
133,2026-02-15 15:15,slaughterhouse_1,slaughterhouse,0,,,,400.0,400.0,,,,,,,,,23,hitl
133,2026-02-15 15:15,wholesaler_1,wholesaler,1,,,,,,28.94,3.8438,,,,,,,23,hitl
133,2026-02-15 15:15,retail_1,retail,1,,,,,,,,9.6,33.0,1.0,23.75,14.48,75.0,23,hitl
134,2026-02-15 15:30,supplier_1,supplier,1,209.18,,,,,,,,,,,,,23,hitl
134,2026-02-15 15:30,farm_1,farm,1,,396.0,0.143,,,,,,,,,,,23,hitl
134,2026-02-15 15:30,slaughterhouse_1,slaughterhouse,0,,,,400.0,400.0,,,,,,,,,23,hitl
134,2026-02-15 15:30,wholesaler_1,wholesaler,1,,,,,,27.0,3.8438,,,,,,,23,hitl
134,2026-02-15 15:30,retail_1,retail,1,,,,,,,,6.05,33.0,0.0,24.0,14.48,75.0,23,hitl
135,2026-02-15 15:45,supplier_1,supplier,1,208.11,,,,,,,,,,,,,23,hitl
135,2026-02-15 15:45,farm_1,farm,1,,396.0,0.143,,,,,,,,,,,23,hitl
135,2026-02-15 15:45,slaughterhouse_1,slaughterhouse,0,,,,400.0,400.0,,,,,,,,,23,hitl
135,2026-02-15 15:45,wholesaler_1,wholesaler,1,,,,,,25.36,3.8438,,,,,,,23,hitl
135,2026-02-15 15:45,retail_1,retail,1,,,,,,,,2.33,33.0,0.0,24.25,14.48,75.0,23,hitl
136,2026-02-15 16:00,supplier_1,supplier,1,207.6,,,,,,,,,,,,,23,hitl
136,2026-02-15 16:00,farm_1,farm,1,,396.0,0.143,,,,,,,,,,,23,hitl
136,2026-02-15 16:00,slaughterhouse_1,slaughterhouse,0,,,,400.0,376.0,,,,,,,,,23,hitl
136,2026-02-15 16:00,wholesaler_1,wholesaler,1,,,,,,22.76,3.8438,,,,,,,23,hitl
136,2026-02-15 16:00,retail_1,retail,1,,,,,,,,0.0,33.0,1.0,24.5,14.48,75.0,23,hitl
137,2026-02-15 16:15,supplier_1,supplier,1,206.64,,,,,,,,,,,,,23,hitl
137,2026-02-15 16:15,farm_1,farm,1,,396.0,0.143,,,,,,,,,,,23,hitl
137,2026-02-15 16:15,slaughterhouse_1,slaughterhouse,0,,,,400.0,386.68,,,,,,,,,23,hitl
137,2026-02-15 16:15,wholesaler_1,wholesaler,1,,,,,,45.05,3.8438,,,,,,,23,hitl
137,2026-02-15 16:15,retail_1,retail,1,,,,,,,,0.0,33.0,1.0,24.75,14.48,75.0,23,hitl
138,2026-02-15 16:30,supplier_1,supplier,1,205.47,,,,,,,,,,,,,23,hitl
138,2026-02-15 16:30,farm_1,farm,1,,396.0,0.143,,,,,,,,,,,23,hitl
138,2026-02-15 16:30,slaughterhouse_1,slaughterhouse,0,,,,400.0,398.32,,,,,,,,,23,hitl
138,2026-02-15 16:30,wholesaler_1,wholesaler,1,,,,,,42.85,3.8438,,,,,,,23,hitl
138,2026-02-15 16:30,retail_1,retail,1,,,,,,,,0.0,33.0,1.0,25.0,14.48,75.0,23,hitl
139,2026-02-15 16:45,supplier_1,supplier,1,204.25,,,,,,,,,,,,,23,hitl
139,2026-02-15 16:45,farm_1,farm,1,,396.0,0.143,,,,,,,,,,,23,hitl
139,2026-02-15 16:45,slaughterhouse_1,slaughterhouse,0,,,,400.0,400.0,,,,,,,,,23,hitl
139,2026-02-15 16:45,wholesaler_1,wholesaler,1,,,,,,40.31,3.8438,,,,,,,23,hitl
139,2026-02-15 16:45,retail_1,retail,1,,,,,,,,0.0,33.0,1.0,25.25,14.48,75.0,23,hitl
140,2026-02-15 17:00,supplier_1,supplier,1,202.98,,,,,,,,,,,,,23,hitl
140,2026-02-15 17:00,farm_1,farm,1,,396.0,0.143,,,,,,,,,,,23,hitl
140,2026-02-15 17:00,slaughterhouse_1,slaughterhouse,0,,,,400.0,400.0,,,,,,,,,23,hitl
140,2026-02-15 17:00,wholesaler_1,wholesaler,1,,,,,,27.97,3.8438,,,,,,,23,hitl
140,2026-02-15 17:00,retail_1,retail,1,,,,,,,,0.0,33.0,1.0,25.5,14.48,75.0,23,hitl
141,2026-02-15 17:15,supplier_1,supplier,1,202.43,,,,,,,,,,,,,23,hitl
141,2026-02-15 17:15,farm_1,farm,1,,396.0,0.143,,,,,,,,,,,23,hitl
141,2026-02-15 17:15,slaughterhouse_1,slaughterhouse,0,,,,400.0,400.0,,,,,,,,,23,hitl
141,2026-02-15 17:15,wholesaler_1,wholesaler,1,,,,,,25.17,3.8438,,,,,,,23,hitl
141,2026-02-15 17:15,retail_1,retail,1,,,,,,,,9.6,33.0,1.0,25.75,14.48,75.0,23,hitl
142,2026-02-15 17:30,supplier_1,supplier,1,201.35,,,,,,,,,,,,,23,hitl
142,2026-02-15 17:30,farm_1,farm,1,,396.0,0.143,,,,,,,,,,,23,hitl
142,2026-02-15 17:30,slaughterhouse_1,slaughterhouse,0,,,,400.0,400.0,,,,,,,,,23,hitl
142,2026-02-15 17:30,wholesaler_1,wholesaler,1,,,,,,22.39,3.8438,,,,,,,23,hitl
142,2026-02-15 17:30,retail_1,retail,1,,,,,,,,5.74,33.0,0.0,26.0,14.48,75.0,23,hitl
143,2026-02-15 17:45,supplier_1,supplier,1,200.36,,,,,,,,,,,,,23,hitl
143,2026-02-15 17:45,farm_1,farm,1,,396.0,0.143,,,,,,,,,,,23,hitl
143,2026-02-15 17:45,slaughterhouse_1,slaughterhouse,0,,,,400.0,400.0,,,,,,,,,23,hitl
143,2026-02-15 17:45,wholesaler_1,wholesaler,1,,,,,,19.86,3.8438,,,,,,,23,hitl
143,2026-02-15 17:45,retail_1,retail,1,,,,,,,,1.76,33.0,0.0,26.25,14.48,75.0,23,hitl
144,2026-02-15 18:00,supplier_1,supplier,1,199.57,,,,,,,,,,,,,23,hitl
144,2026-02-15 18:00,farm_1,farm,1,,396.0,0.143,,,,,,,,,,,23,hitl
144,2026-02-15 18:00,slaughterhouse_1,slaughterhouse,0,,,,400.0,376.0,,,,,,,,,23,hitl
144,2026-02-15 18:00,wholesaler_1,wholesaler,1,,,,,,17.41,3.8438,,,,,,,23,hitl
144,2026-02-15 18:00,retail_1,retail,1,,,,,,,,0.0,33.0,1.0,26.5,14.48,75.0,23,hitl
145,2026-02-15 18:15,supplier_1,supplier,1,198.4,,,,,,,,,,,,,23,hitl
145,2026-02-15 18:15,farm_1,farm,1,,396.0,0.143,,,,,,,,,,,23,hitl
145,2026-02-15 18:15,slaughterhouse_1,slaughterhouse,0,,,,400.0,387.85,,,,,,,,,23,hitl
145,2026-02-15 18:15,wholesaler_1,wholesaler,1,,,,,,38.77,3.8438,,,,,,,23,hitl
145,2026-02-15 18:15,retail_1,retail,1,,,,,,,,0.0,33.0,1.0,26.75,14.48,75.0,23,hitl
146,2026-02-15 18:30,supplier_1,supplier,1,197.69,,,,,,,,,,,,,23,hitl
146,2026-02-15 18:30,farm_1,farm,1,,396.0,0.143,,,,,,,,,,,23,hitl
146,2026-02-15 18:30,slaughterhouse_1,slaughterhouse,0,,,,400.0,398.54,,,,,,,,,23,hitl
146,2026-02-15 18:30,wholesaler_1,wholesaler,1,,,,,,35.95,3.8438,,,,,,,23,hitl
146,2026-02-15 18:30,retail_1,retail,1,,,,,,,,0.0,33.0,1.0,27.0,14.48,75.0,23,hitl
147,2026-02-15 18:45,supplier_1,supplier,1,196.39,,,,,,,,,,,,,23,hitl
147,2026-02-15 18:45,farm_1,farm,1,,396.0,0.143,,,,,,,,,,,23,hitl
147,2026-02-15 18:45,slaughterhouse_1,slaughterhouse,0,,,,400.0,400.0,,,,,,,,,23,hitl
147,2026-02-15 18:45,wholesaler_1,wholesaler,1,,,,,,33.29,3.8438,,,,,,,23,hitl
147,2026-02-15 18:45,retail_1,retail,1,,,,,,,,0.0,33.0,1.0,27.25,14.48,75.0,23,hitl
148,2026-02-15 19:00,supplier_1,supplier,1,195.27,,,,,,,,,,,,,23,hitl
148,2026-02-15 19:00,farm_1,farm,1,,396.0,0.143,,,,,,,,,,,23,hitl
148,2026-02-15 19:00,slaughterhouse_1,slaughterhouse,0,,,,400.0,400.0,,,,,,,,,23,hitl
148,2026-02-15 19:00,wholesaler_1,wholesaler,1,,,,,,31.64,3.8438,,,,,,,23,hitl
148,2026-02-15 19:00,retail_1,retail,1,,,,,,,,0.0,33.0,1.0,27.5,14.48,75.0,23,hitl
149,2026-02-15 19:15,supplier_1,supplier,1,194.77,,,,,,,,,,,,,23,hitl
149,2026-02-15 19:15,farm_1,farm,1,,396.0,0.143,,,,,,,,,,,23,hitl
149,2026-02-15 19:15,slaughterhouse_1,slaughterhouse,0,,,,400.0,400.0,,,,,,,,,23,hitl
149,2026-02-15 19:15,wholesaler_1,wholesaler,1,,,,,,28.72,3.8438,,,,,,,23,hitl
149,2026-02-15 19:15,retail_1,retail,1,,,,,,,,0.0,33.0,1.0,27.75,14.48,75.0,23,hitl
150,2026-02-15 19:30,supplier_1,supplier,1,193.7,,,,,,,,,,,,,23,hitl
150,2026-02-15 19:30,farm_1,farm,1,,396.0,0.143,,,,,,,,,,,23,hitl
150,2026-02-15 19:30,slaughterhouse_1,slaughterhouse,0,,,,400.0,400.0,,,,,,,,,23,hitl
150,2026-02-15 19:30,wholesaler_1,wholesaler,1,,,,,,25.96,3.8438,,,,,,,23,hitl
150,2026-02-15 19:30,retail_1,retail,1,,,,,,,,0.0,33.0,1.0,28.0,14.48,75.0,23,hitl
151,2026-02-15 19:45,supplier_1,supplier,1,192.29,,,,,,,,,,,,,23,hitl
151,2026-02-15 19:45,farm_1,farm,1,,396.0,0.143,,,,,,,,,,,23,hitl
151,2026-02-15 19:45,slaughterhouse_1,slaughterhouse,0,,,,400.0,400.0,,,,,,,,,23,hitl
151,2026-02-15 19:45,wholesaler_1,wholesaler,1,,,,,,23.46,3.8438,,,,,,,23,hitl
151,2026-02-15 19:45,retail_1,retail,1,,,,,,,,0.0,33.0,1.0,28.25,14.48,75.0,23,hitl
152,2026-02-15 20:00,supplier_1,supplier,1,191.73,,,,,,,,,,,,,23,hitl
152,2026-02-15 20:00,farm_1,farm,1,,396.0,0.143,,,,,,,,,,,23,hitl
152,2026-02-15 20:00,slaughterhouse_1,slaughterhouse,0,,,,400.0,376.0,,,,,,,,,23,hitl
152,2026-02-15 20:00,wholesaler_1,wholesaler,1,,,,,,21.77,3.8438,,,,,,,23,hitl
152,2026-02-15 20:00,retail_1,retail,1,,,,,,,,0.0,33.0,1.0,28.5,14.48,75.0,23,hitl
153,2026-02-15 20:15,supplier_1,supplier,1,190.83,,,,,,,,,,,,,23,hitl
153,2026-02-15 20:15,farm_1,farm,1,,396.0,0.143,,,,,,,,,,,23,hitl
153,2026-02-15 20:15,slaughterhouse_1,slaughterhouse,0,,,,400.0,387.08,,,,,,,,,23,hitl
153,2026-02-15 20:15,wholesaler_1,wholesaler,1,,,,,,43.34,3.8438,,,,,,,23,hitl
153,2026-02-15 20:15,retail_1,retail,1,,,,,,,,0.0,33.0,1.0,28.75,14.48,75.0,23,hitl
154,2026-02-15 20:30,supplier_1,supplier,1,189.9,,,,,,,,,,,,,23,hitl
154,2026-02-15 20:30,farm_1,farm,1,,396.0,0.143,,,,,,,,,,,23,hitl
154,2026-02-15 20:30,slaughterhouse_1,slaughterhouse,0,,,,400.0,397.79,,,,,,,,,23,hitl
154,2026-02-15 20:30,wholesaler_1,wholesaler,1,,,,,,41.55,3.8438,,,,,,,23,hitl
154,2026-02-15 20:30,retail_1,retail,1,,,,,,,,0.0,33.0,1.0,29.0,14.48,75.0,23,hitl
155,2026-02-15 20:45,supplier_1,supplier,1,189.18,,,,,,,,,,,,,23,hitl
155,2026-02-15 20:45,farm_1,farm,1,,396.0,0.143,,,,,,,,,,,23,hitl
155,2026-02-15 20:45,slaughterhouse_1,slaughterhouse,0,,,,400.0,400.0,,,,,,,,,23,hitl
155,2026-02-15 20:45,wholesaler_1,wholesaler,1,,,,,,39.46,3.8438,,,,,,,23,hitl
155,2026-02-15 20:45,retail_1,retail,1,,,,,,,,0.0,33.0,1.0,29.25,14.48,75.0,23,hitl
156,2026-02-15 21:00,supplier_1,supplier,1,188.49,,,,,,,,,,,,,23,hitl
156,2026-02-15 21:00,farm_1,farm,1,,396.0,0.143,,,,,,,,,,,23,hitl
156,2026-02-15 21:00,slaughterhouse_1,slaughterhouse,0,,,,400.0,400.0,,,,,,,,,23,hitl
156,2026-02-15 21:00,wholesaler_1,wholesaler,1,,,,,,27.3,3.8438,,,,,,,23,hitl
156,2026-02-15 21:00,retail_1,retail,1,,,,,,,,0.0,33.0,1.0,29.5,14.48,75.0,23,hitl
157,2026-02-15 21:15,supplier_1,supplier,1,187.87,,,,,,,,,,,,,23,hitl
157,2026-02-15 21:15,farm_1,farm,1,,396.0,0.143,,,,,,,,,,,23,hitl
157,2026-02-15 21:15,slaughterhouse_1,slaughterhouse,0,,,,400.0,400.0,,,,,,,,,23,hitl
157,2026-02-15 21:15,wholesaler_1,wholesaler,1,,,,,,25.14,3.8438,,,,,,,23,hitl
157,2026-02-15 21:15,retail_1,retail,1,,,,,,,,9.6,33.0,1.0,29.75,14.48,75.0,23,hitl
158,2026-02-15 21:30,supplier_1,supplier,1,186.55,,,,,,,,,,,,,23,hitl
158,2026-02-15 21:30,farm_1,farm,1,,396.0,0.143,,,,,,,,,,,23,hitl
158,2026-02-15 21:30,slaughterhouse_1,slaughterhouse,0,,,,400.0,400.0,,,,,,,,,23,hitl
158,2026-02-15 21:30,wholesaler_1,wholesaler,1,,,,,,22.57,3.8438,,,,,,,23,hitl
158,2026-02-15 21:30,retail_1,retail,1,,,,,,,,6.1,33.0,0.0,30.0,14.48,75.0,23,hitl
159,2026-02-15 21:45,supplier_1,supplier,1,185.58,,,,,,,,,,,,,23,hitl
159,2026-02-15 21:45,farm_1,farm,1,,396.0,0.143,,,,,,,,,,,23,hitl
159,2026-02-15 21:45,slaughterhouse_1,slaughterhouse,0,,,,400.0,400.0,,,,,,,,,23,hitl
159,2026-02-15 21:45,wholesaler_1,wholesaler,1,,,,,,20.7,3.8438,,,,,,,23,hitl
159,2026-02-15 21:45,retail_1,retail,1,,,,,,,,2.45,33.0,0.0,30.25,14.48,75.0,23,hitl
160,2026-02-15 22:00,supplier_1,supplier,1,184.79,,,,,,,,,,,,,23,hitl
160,2026-02-15 22:00,farm_1,farm,1,,396.0,0.143,,,,,,,,,,,23,hitl
160,2026-02-15 22:00,slaughterhouse_1,slaughterhouse,0,,,,400.0,376.0,,,,,,,,,23,hitl
160,2026-02-15 22:00,wholesaler_1,wholesaler,1,,,,,,18.29,3.8438,,,,,,,23,hitl
160,2026-02-15 22:00,retail_1,retail,1,,,,,,,,0.0,33.0,1.0,30.5,14.48,75.0,23,hitl
161,2026-02-15 22:15,supplier_1,supplier,1,183.36,,,,,,,,,,,,,23,hitl
161,2026-02-15 22:15,farm_1,farm,1,,396.0,0.143,,,,,,,,,,,23,hitl
161,2026-02-15 22:15,slaughterhouse_1,slaughterhouse,0,,,,400.0,387.47,,,,,,,,,23,hitl
161,2026-02-15 22:15,wholesaler_1,wholesaler,1,,,,,,39.93,3.8438,,,,,,,23,hitl
161,2026-02-15 22:15,retail_1,retail,1,,,,,,,,0.0,33.0,1.0,30.75,14.48,75.0,23,hitl
162,2026-02-15 22:30,supplier_1,supplier,1,182.54,,,,,,,,,,,,,23,hitl
162,2026-02-15 22:30,farm_1,farm,1,,396.0,0.143,,,,,,,,,,,23,hitl
162,2026-02-15 22:30,slaughterhouse_1,slaughterhouse,0,,,,400.0,397.68,,,,,,,,,23,hitl
162,2026-02-15 22:30,wholesaler_1,wholesaler,1,,,,,,38.21,3.8438,,,,,,,23,hitl
162,2026-02-15 22:30,retail_1,retail,1,,,,,,,,0.0,33.0,1.0,31.0,14.48,75.0,23,hitl
163,2026-02-15 22:45,supplier_1,supplier,1,181.74,,,,,,,,,,,,,23,hitl
163,2026-02-15 22:45,farm_1,farm,1,,396.0,0.143,,,,,,,,,,,23,hitl
163,2026-02-15 22:45,slaughterhouse_1,slaughterhouse,0,,,,400.0,400.0,,,,,,,,,23,hitl
163,2026-02-15 22:45,wholesaler_1,wholesaler,1,,,,,,36.48,3.8438,,,,,,,23,hitl
163,2026-02-15 22:45,retail_1,retail,1,,,,,,,,0.0,33.0,1.0,31.25,14.48,75.0,23,hitl
164,2026-02-15 23:00,supplier_1,supplier,1,180.56,,,,,,,,,,,,,23,hitl
164,2026-02-15 23:00,farm_1,farm,1,,396.0,0.143,,,,,,,,,,,23,hitl
164,2026-02-15 23:00,slaughterhouse_1,slaughterhouse,0,,,,400.0,400.0,,,,,,,,,23,hitl
164,2026-02-15 23:00,wholesaler_1,wholesaler,1,,,,,,25.38,3.8438,,,,,,,23,hitl
164,2026-02-15 23:00,retail_1,retail,1,,,,,,,,0.0,33.0,1.0,31.5,14.48,75.0,23,hitl
165,2026-02-15 23:15,supplier_1,supplier,1,179.55,,,,,,,,,,,,,23,hitl
165,2026-02-15 23:15,farm_1,farm,1,,396.0,0.143,,,,,,,,,,,23,hitl
165,2026-02-15 23:15,slaughterhouse_1,slaughterhouse,0,,,,400.0,400.0,,,,,,,,,23,hitl
165,2026-02-15 23:15,wholesaler_1,wholesaler,1,,,,,,23.31,3.8438,,,,,,,23,hitl
165,2026-02-15 23:15,retail_1,retail,1,,,,,,,,9.6,33.0,1.0,31.75,14.48,75.0,23,hitl
166,2026-02-15 23:30,supplier_1,supplier,1,178.59,,,,,,,,,,,,,23,hitl
166,2026-02-15 23:30,farm_1,farm,1,,396.0,0.143,,,,,,,,,,,23,hitl
166,2026-02-15 23:30,slaughterhouse_1,slaughterhouse,0,,,,400.0,400.0,,,,,,,,,23,hitl
166,2026-02-15 23:30,wholesaler_1,wholesaler,1,,,,,,20.57,3.8438,,,,,,,23,hitl
166,2026-02-15 23:30,retail_1,retail,1,,,,,,,,6.27,33.0,0.0,32.0,14.48,75.0,23,hitl
167,2026-02-15 23:45,supplier_1,supplier,1,177.84,,,,,,,,,,,,,23,hitl
167,2026-02-15 23:45,farm_1,farm,1,,396.0,0.143,,,,,,,,,,,23,hitl
167,2026-02-15 23:45,slaughterhouse_1,slaughterhouse,0,,,,400.0,400.0,,,,,,,,,23,hitl
167,2026-02-15 23:45,wholesaler_1,wholesaler,1,,,,,,18.23,3.8438,,,,,,,23,hitl
167,2026-02-15 23:45,retail_1,retail,1,,,,,,,,2.5,33.0,0.0,32.25,14.48,75.0,23,hitl
168,2026-02-16 00:00,supplier_1,supplier,1,176.59,,,,,,,,,,,,,23,hitl
168,2026-02-16 00:00,farm_1,farm,1,,396.0,0.143,,,,,,,,,,,23,hitl
168,2026-02-16 00:00,slaughterhouse_1,slaughterhouse,0,,,,400.0,376.0,,,,,,,,,23,hitl
168,2026-02-16 00:00,wholesaler_1,wholesaler,1,,,,,,15.86,3.8438,,,,,,,23,hitl
168,2026-02-16 00:00,retail_1,retail,1,,,,,,,,0.0,33.0,1.0,32.5,14.48,75.0,23,hitl
169,2026-02-16 00:15,supplier_1,supplier,1,176.02,,,,,,,,,,,,,23,hitl
169,2026-02-16 00:15,farm_1,farm,1,,396.0,0.143,,,,,,,,,,,23,hitl
169,2026-02-16 00:15,slaughterhouse_1,slaughterhouse,0,,,,400.0,386.49,,,,,,,,,23,hitl
169,2026-02-16 00:15,wholesaler_1,wholesaler,1,,,,,,37.44,3.8438,,,,,,,23,hitl
169,2026-02-16 00:15,retail_1,retail,1,,,,,,,,0.0,33.0,1.0,32.75,14.48,75.0,23,hitl
170,2026-02-16 00:30,supplier_1,supplier,1,174.72,,,,,,,,,,,,,23,hitl
170,2026-02-16 00:30,farm_1,farm,1,,396.0,0.143,,,,,,,,,,,23,hitl
170,2026-02-16 00:30,slaughterhouse_1,slaughterhouse,0,,,,400.0,397.54,,,,,,,,,23,hitl
170,2026-02-16 00:30,wholesaler_1,wholesaler,1,,,,,,34.76,3.8438,,,,,,,23,hitl
170,2026-02-16 00:30,retail_1,retail,1,,,,,,,,0.0,33.0,1.0,33.0,14.48,75.0,23,hitl
171,2026-02-16 00:45,supplier_1,supplier,1,174.02,,,,,,,,,,,,,23,hitl
171,2026-02-16 00:45,farm_1,farm,1,,396.0,0.143,,,,,,,,,,,23,hitl
171,2026-02-16 00:45,slaughterhouse_1,slaughterhouse,0,,,,400.0,400.0,,,,,,,,,23,hitl
171,2026-02-16 00:45,wholesaler_1,wholesaler,1,,,,,,32.23,3.8438,,,,,,,23,hitl
171,2026-02-16 00:45,retail_1,retail,1,,,,,,,,0.0,33.0,1.0,33.25,14.48,75.0,23,hitl
172,2026-02-16 01:00,supplier_1,supplier,1,173.07,,,,,,,,,,,,,23,hitl
172,2026-02-16 01:00,farm_1,farm,1,,396.0,0.143,,,,,,,,,,,23,hitl
172,2026-02-16 01:00,slaughterhouse_1,slaughterhouse,0,,,,400.0,400.0,,,,,,,,,23,hitl
172,2026-02-16 01:00,wholesaler_1,wholesaler,1,,,,,,29.38,3.8438,,,,,,,23,hitl
172,2026-02-16 01:00,retail_1,retail,1,,,,,,,,0.0,33.0,1.0,33.5,14.48,75.0,23,hitl
173,2026-02-16 01:15,supplier_1,supplier,1,171.94,,,,,,,,,,,,,23,hitl
173,2026-02-16 01:15,farm_1,farm,1,,396.0,0.143,,,,,,,,,,,23,hitl
173,2026-02-16 01:15,slaughterhouse_1,slaughterhouse,0,,,,400.0,400.0,,,,,,,,,23,hitl
173,2026-02-16 01:15,wholesaler_1,wholesaler,1,,,,,,26.99,3.8438,,,,,,,23,hitl
173,2026-02-16 01:15,retail_1,retail,1,,,,,,,,0.0,33.0,1.0,33.75,14.48,75.0,23,hitl
174,2026-02-16 01:30,supplier_1,supplier,1,170.86,,,,,,,,,,,,,23,hitl
174,2026-02-16 01:30,farm_1,farm,1,,396.0,0.143,,,,,,,,,,,23,hitl
174,2026-02-16 01:30,slaughterhouse_1,slaughterhouse,0,,,,400.0,400.0,,,,,,,,,23,hitl
174,2026-02-16 01:30,wholesaler_1,wholesaler,1,,,,,,25.38,3.8438,,,,,,,23,hitl
174,2026-02-16 01:30,retail_1,retail,1,,,,,,,,0.0,33.0,1.0,34.0,14.48,75.0,23,hitl
175,2026-02-16 01:45,supplier_1,supplier,1,169.4,,,,,,,,,,,,,23,hitl
175,2026-02-16 01:45,farm_1,farm,1,,396.0,0.143,,,,,,,,,,,23,hitl
175,2026-02-16 01:45,slaughterhouse_1,slaughterhouse,0,,,,400.0,400.0,,,,,,,,,23,hitl
175,2026-02-16 01:45,wholesaler_1,wholesaler,1,,,,,,23.12,3.8438,,,,,,,23,hitl
175,2026-02-16 01:45,retail_1,retail,1,,,,,,,,0.0,33.0,1.0,34.25,14.48,75.0,23,hitl
176,2026-02-16 02:00,supplier_1,supplier,1,168.72,,,,,,,,,,,,,23,hitl
176,2026-02-16 02:00,farm_1,farm,1,,396.0,0.143,,,,,,,,,,,23,hitl
176,2026-02-16 02:00,slaughterhouse_1,slaughterhouse,0,,,,400.0,376.0,,,,,,,,,23,hitl
176,2026-02-16 02:00,wholesaler_1,wholesaler,1,,,,,,20.46,3.8438,,,,,,,23,hitl
176,2026-02-16 02:00,retail_1,retail,1,,,,,,,,0.0,33.0,1.0,34.5,14.48,75.0,23,hitl
177,2026-02-16 02:15,supplier_1,supplier,1,168.15,,,,,,,,,,,,,23,hitl
177,2026-02-16 02:15,farm_1,farm,1,,396.0,0.143,,,,,,,,,,,23,hitl
177,2026-02-16 02:15,slaughterhouse_1,slaughterhouse,0,,,,400.0,386.21,,,,,,,,,23,hitl
177,2026-02-16 02:15,wholesaler_1,wholesaler,1,,,,,,41.59,3.8438,,,,,,,23,hitl
177,2026-02-16 02:15,retail_1,retail,1,,,,,,,,0.0,33.0,1.0,34.75,14.48,75.0,23,hitl
178,2026-02-16 02:30,supplier_1,supplier,1,167.33,,,,,,,,,,,,,23,hitl
178,2026-02-16 02:30,farm_1,farm,1,,396.0,0.143,,,,,,,,,,,23,hitl
178,2026-02-16 02:30,slaughterhouse_1,slaughterhouse,0,,,,400.0,397.43,,,,,,,,,23,hitl
178,2026-02-16 02:30,wholesaler_1,wholesaler,1,,,,,,39.01,3.8438,,,,,,,23,hitl
178,2026-02-16 02:30,retail_1,retail,1,,,,,,,,0.0,33.0,1.0,35.0,14.48,75.0,23,hitl
179,2026-02-16 02:45,supplier_1,supplier,1,166.5,,,,,,,,,,,,,23,hitl
179,2026-02-16 02:45,farm_1,farm,1,,396.0,0.143,,,,,,,,,,,23,hitl
179,2026-02-16 02:45,slaughterhouse_1,slaughterhouse,0,,,,400.0,400.0,,,,,,,,,23,hitl
179,2026-02-16 02:45,wholesaler_1,wholesaler,1,,,,,,36.08,3.8438,,,,,,,23,hitl
179,2026-02-16 02:45,retail_1,retail,1,,,,,,,,0.0,33.0,1.0,35.25,14.48,75.0,23,hitl
180,2026-02-16 03:00,supplier_1,supplier,1,165.35,,,,,,,,,,,,,23,hitl
180,2026-02-16 03:00,farm_1,farm,1,,396.0,0.143,,,,,,,,,,,23,hitl
180,2026-02-16 03:00,slaughterhouse_1,slaughterhouse,0,,,,400.0,400.0,,,,,,,,,23,hitl
180,2026-02-16 03:00,wholesaler_1,wholesaler,1,,,,,,23.93,3.8438,,,,,,,23,hitl
180,2026-02-16 03:00,retail_1,retail,1,,,,,,,,0.0,33.0,1.0,35.5,14.48,75.0,23,hitl
181,2026-02-16 03:15,supplier_1,supplier,1,164.57,,,,,,,,,,,,,23,hitl
181,2026-02-16 03:15,farm_1,farm,1,,396.0,0.143,,,,,,,,,,,23,hitl
181,2026-02-16 03:15,slaughterhouse_1,slaughterhouse,0,,,,400.0,400.0,,,,,,,,,23,hitl
181,2026-02-16 03:15,wholesaler_1,wholesaler,1,,,,,,21.44,3.8438,,,,,,,23,hitl
181,2026-02-16 03:15,retail_1,retail,1,,,,,,,,9.6,33.0,1.0,35.75,14.48,75.0,23,hitl
182,2026-02-16 03:30,supplier_1,supplier,1,163.33,,,,,,,,,,,,,23,hitl
182,2026-02-16 03:30,farm_1,farm,1,,396.0,0.143,,,,,,,,,,,23,hitl
182,2026-02-16 03:30,slaughterhouse_1,slaughterhouse,0,,,,400.0,400.0,,,,,,,,,23,hitl
182,2026-02-16 03:30,wholesaler_1,wholesaler,1,,,,,,19.93,3.8438,,,,,,,23,hitl
182,2026-02-16 03:30,retail_1,retail,1,,,,,,,,5.97,33.0,0.0,36.0,14.48,75.0,23,hitl
183,2026-02-16 03:45,supplier_1,supplier,1,162.16,,,,,,,,,,,,,23,hitl
183,2026-02-16 03:45,farm_1,farm,1,,396.0,0.143,,,,,,,,,,,23,hitl
183,2026-02-16 03:45,slaughterhouse_1,slaughterhouse,0,,,,400.0,400.0,,,,,,,,,23,hitl
183,2026-02-16 03:45,wholesaler_1,wholesaler,1,,,,,,17.8,3.8438,,,,,,,23,hitl
183,2026-02-16 03:45,retail_1,retail,1,,,,,,,,2.38,33.0,0.0,36.25,14.48,75.0,23,hitl
184,2026-02-16 04:00,supplier_1,supplier,1,160.78,,,,,,,,,,,,,23,hitl
184,2026-02-16 04:00,farm_1,farm,1,,396.0,0.143,,,,,,,,,,,23,hitl
184,2026-02-16 04:00,slaughterhouse_1,slaughterhouse,0,,,,400.0,376.0,,,,,,,,,23,hitl
184,2026-02-16 04:00,wholesaler_1,wholesaler,1,,,,,,16.27,3.8438,,,,,,,23,hitl
184,2026-02-16 04:00,retail_1,retail,1,,,,,,,,0.0,33.0,1.0,36.5,14.48,75.0,23,hitl
185,2026-02-16 04:15,supplier_1,supplier,1,159.55,,,,,,,,,,,,,23,hitl
185,2026-02-16 04:15,farm_1,farm,1,,396.0,0.143,,,,,,,,,,,23,hitl
185,2026-02-16 04:15,slaughterhouse_1,slaughterhouse,0,,,,400.0,387.39,,,,,,,,,23,hitl
185,2026-02-16 04:15,wholesaler_1,wholesaler,1,,,,,,38.63,3.8438,,,,,,,23,hitl
185,2026-02-16 04:15,retail_1,retail,1,,,,,,,,0.0,33.0,1.0,36.75,14.48,75.0,23,hitl
186,2026-02-16 04:30,supplier_1,supplier,1,158.74,,,,,,,,,,,,,23,hitl
186,2026-02-16 04:30,farm_1,farm,1,,396.0,0.143,,,,,,,,,,,23,hitl
186,2026-02-16 04:30,slaughterhouse_1,slaughterhouse,0,,,,400.0,397.68,,,,,,,,,23,hitl
186,2026-02-16 04:30,wholesaler_1,wholesaler,1,,,,,,36.24,3.8438,,,,,,,23,hitl
186,2026-02-16 04:30,retail_1,retail,1,,,,,,,,0.0,33.0,1.0,37.0,14.48,75.0,23,hitl
187,2026-02-16 04:45,supplier_1,supplier,1,157.65,,,,,,,,,,,,,23,hitl
187,2026-02-16 04:45,farm_1,farm,1,,396.0,0.143,,,,,,,,,,,23,hitl
187,2026-02-16 04:45,slaughterhouse_1,slaughterhouse,0,,,,400.0,400.0,,,,,,,,,23,hitl
187,2026-02-16 04:45,wholesaler_1,wholesaler,1,,,,,,33.85,3.8438,,,,,,,23,hitl
187,2026-02-16 04:45,retail_1,retail,1,,,,,,,,0.0,33.0,1.0,37.25,14.48,75.0,23,hitl
188,2026-02-16 05:00,supplier_1,supplier,1,156.27,,,,,,,,,,,,,23,hitl
188,2026-02-16 05:00,farm_1,farm,1,,396.0,0.143,,,,,,,,,,,23,hitl
188,2026-02-16 05:00,slaughterhouse_1,slaughterhouse,0,,,,400.0,400.0,,,,,,,,,23,hitl
188,2026-02-16 05:00,wholesaler_1,wholesaler,1,,,,,,31.2,3.8438,,,,,,,23,hitl
188,2026-02-16 05:00,retail_1,retail,1,,,,,,,,0.0,33.0,1.0,37.5,14.48,75.0,23,hitl
189,2026-02-16 05:15,supplier_1,supplier,1,154.99,,,,,,,,,,,,,23,hitl
189,2026-02-16 05:15,farm_1,farm,1,,396.0,0.143,,,,,,,,,,,23,hitl
189,2026-02-16 05:15,slaughterhouse_1,slaughterhouse,0,,,,400.0,400.0,,,,,,,,,23,hitl
189,2026-02-16 05:15,wholesaler_1,wholesaler,1,,,,,,29.58,3.8438,,,,,,,23,hitl
189,2026-02-16 05:15,retail_1,retail,1,,,,,,,,0.0,33.0,1.0,37.75,14.48,75.0,23,hitl
190,2026-02-16 05:30,supplier_1,supplier,1,153.61,,,,,,,,,,,,,23,hitl
190,2026-02-16 05:30,farm_1,farm,1,,396.0,0.143,,,,,,,,,,,23,hitl
190,2026-02-16 05:30,slaughterhouse_1,slaughterhouse,0,,,,400.0,400.0,,,,,,,,,23,hitl
190,2026-02-16 05:30,wholesaler_1,wholesaler,1,,,,,,27.11,3.8438,,,,,,,23,hitl
190,2026-02-16 05:30,retail_1,retail,1,,,,,,,,0.0,33.0,1.0,38.0,14.48,75.0,23,hitl
191,2026-02-16 05:45,supplier_1,supplier,1,152.27,,,,,,,,,,,,,23,hitl
191,2026-02-16 05:45,farm_1,farm,1,,396.0,0.143,,,,,,,,,,,23,hitl
191,2026-02-16 05:45,slaughterhouse_1,slaughterhouse,0,,,,400.0,400.0,,,,,,,,,23,hitl
191,2026-02-16 05:45,wholesaler_1,wholesaler,1,,,,,,24.87,3.8438,,,,,,,23,hitl
191,2026-02-16 05:45,retail_1,retail,1,,,,,,,,0.0,33.0,1.0,38.25,14.48,75.0,23,hitl
192,2026-02-16 06:00,supplier_1,supplier,1,151.18,,,,,,,,,,,,,23,hitl
192,2026-02-16 06:00,farm_1,farm,1,,396.0,0.143,,,,,,,,,,,23,hitl
192,2026-02-16 06:00,slaughterhouse_1,slaughterhouse,0,,,,400.0,376.0,,,,,,,,,23,hitl
192,2026-02-16 06:00,wholesaler_1,wholesaler,1,,,,,,22.76,3.8438,,,,,,,23,hitl
192,2026-02-16 06:00,retail_1,retail,1,,,,,,,,0.0,33.0,1.0,38.5,14.48,75.0,23,hitl
193,2026-02-16 06:15,supplier_1,supplier,1,150.2,,,,,,,,,,,,,23,hitl
193,2026-02-16 06:15,farm_1,farm,1,,396.0,0.143,,,,,,,,,,,23,hitl
193,2026-02-16 06:15,slaughterhouse_1,slaughterhouse,0,,,,400.0,386.84,,,,,,,,,23,hitl
193,2026-02-16 06:15,wholesaler_1,wholesaler,1,,,,,,44.54,3.8438,,,,,,,23,hitl
193,2026-02-16 06:15,retail_1,retail,1,,,,,,,,0.0,33.0,1.0,38.75,14.48,75.0,23,hitl
194,2026-02-16 06:30,supplier_1,supplier,1,149.26,,,,,,,,,,,,,23,hitl
194,2026-02-16 06:30,farm_1,farm,1,,396.0,0.143,,,,,,,,,,,23,hitl
194,2026-02-16 06:30,slaughterhouse_1,slaughterhouse,0,,,,400.0,398.76,,,,,,,,,23,hitl
194,2026-02-16 06:30,wholesaler_1,wholesaler,1,,,,,,41.75,3.8438,,,,,,,23,hitl
194,2026-02-16 06:30,retail_1,retail,1,,,,,,,,0.0,33.0,1.0,39.0,14.48,75.0,23,hitl
195,2026-02-16 06:45,supplier_1,supplier,1,148.47,,,,,,,,,,,,,23,hitl
195,2026-02-16 06:45,farm_1,farm,1,,396.0,0.143,,,,,,,,,,,23,hitl
195,2026-02-16 06:45,slaughterhouse_1,slaughterhouse,0,,,,400.0,400.0,,,,,,,,,23,hitl
195,2026-02-16 06:45,wholesaler_1,wholesaler,1,,,,,,39.99,3.8438,,,,,,,23,hitl
195,2026-02-16 06:45,retail_1,retail,1,,,,,,,,0.0,33.0,1.0,39.25,14.48,75.0,23,hitl
196,2026-02-16 07:00,supplier_1,supplier,1,147.18,,,,,,,,,,,,,23,hitl
196,2026-02-16 07:00,farm_1,farm,1,,396.0,0.143,,,,,,,,,,,23,hitl
196,2026-02-16 07:00,slaughterhouse_1,slaughterhouse,0,,,,400.0,400.0,,,,,,,,,23,hitl
196,2026-02-16 07:00,wholesaler_1,wholesaler,1,,,,,,28.2,3.8438,,,,,,,23,hitl
196,2026-02-16 07:00,retail_1,retail,1,,,,,,,,0.0,33.0,1.0,39.5,14.48,75.0,23,hitl
197,2026-02-16 07:15,supplier_1,supplier,1,146.28,,,,,,,,,,,,,23,hitl
197,2026-02-16 07:15,farm_1,farm,1,,396.0,0.143,,,,,,,,,,,23,hitl
197,2026-02-16 07:15,slaughterhouse_1,slaughterhouse,0,,,,400.0,400.0,,,,,,,,,23,hitl
197,2026-02-16 07:15,wholesaler_1,wholesaler,1,,,,,,26.18,3.8438,,,,,,,23,hitl
197,2026-02-16 07:15,retail_1,retail,1,,,,,,,,9.6,33.0,1.0,39.75,14.48,75.0,23,hitl
198,2026-02-16 07:30,supplier_1,supplier,1,145.76,,,,,,,,,,,,,23,hitl
198,2026-02-16 07:30,farm_1,farm,1,,396.0,0.143,,,,,,,,,,,23,hitl
198,2026-02-16 07:30,slaughterhouse_1,slaughterhouse,0,,,,400.0,400.0,,,,,,,,,23,hitl
198,2026-02-16 07:30,wholesaler_1,wholesaler,1,,,,,,23.64,3.8438,,,,,,,23,hitl
198,2026-02-16 07:30,retail_1,retail,1,,,,,,,,5.89,33.0,0.0,40.0,14.48,75.0,23,hitl
199,2026-02-16 07:45,supplier_1,supplier,1,144.32,,,,,,,,,,,,,23,hitl
199,2026-02-16 07:45,farm_1,farm,1,,396.0,0.143,,,,,,,,,,,23,hitl
199,2026-02-16 07:45,slaughterhouse_1,slaughterhouse,0,,,,400.0,400.0,,,,,,,,,23,hitl
199,2026-02-16 07:45,wholesaler_1,wholesaler,1,,,,,,21.98,3.8438,,,,,,,23,hitl
199,2026-02-16 07:45,retail_1,retail,1,,,,,,,,2.64,33.0,0.0,40.25,14.48,75.0,23,hitl
200,2026-02-16 08:00,supplier_1,supplier,1,142.94,,,,,,,,,,,,,23,hitl
200,2026-02-16 08:00,farm_1,farm,1,,396.0,0.143,,,,,,,,,,,23,hitl
200,2026-02-16 08:00,slaughterhouse_1,slaughterhouse,0,,,,400.0,376.0,,,,,,,,,23,hitl
200,2026-02-16 08:00,wholesaler_1,wholesaler,1,,,,,,19.57,3.8438,,,,,,,23,hitl
200,2026-02-16 08:00,retail_1,retail,1,,,,,,,,0.0,33.0,1.0,40.5,14.48,75.0,23,hitl
201,2026-02-16 08:15,supplier_1,supplier,1,141.76,,,,,,,,,,,,,23,hitl
201,2026-02-16 08:15,farm_1,farm,1,,396.0,0.143,,,,,,,,,,,23,hitl
201,2026-02-16 08:15,slaughterhouse_1,slaughterhouse,0,,,,400.0,387.8,,,,,,,,,23,hitl
201,2026-02-16 08:15,wholesaler_1,wholesaler,1,,,,,,40.88,3.8438,,,,,,,23,hitl
201,2026-02-16 08:15,retail_1,retail,1,,,,,,,,0.0,33.0,1.0,40.75,14.48,75.0,23,hitl
202,2026-02-16 08:30,supplier_1,supplier,1,141.18,,,,,,,,,,,,,23,hitl
202,2026-02-16 08:30,farm_1,farm,1,,396.0,0.143,,,,,,,,,,,23,hitl
202,2026-02-16 08:30,slaughterhouse_1,slaughterhouse,0,,,,400.0,399.55,,,,,,,,,23,hitl
202,2026-02-16 08:30,wholesaler_1,wholesaler,1,,,,,,38.85,3.8438,,,,,,,23,hitl
202,2026-02-16 08:30,retail_1,retail,1,,,,,,,,0.0,33.0,1.0,41.0,14.48,75.0,23,hitl
203,2026-02-16 08:45,supplier_1,supplier,1,140.46,,,,,,,,,,,,,23,hitl
203,2026-02-16 08:45,farm_1,farm,1,,396.0,0.143,,,,,,,,,,,23,hitl
203,2026-02-16 08:45,slaughterhouse_1,slaughterhouse,0,,,,400.0,400.0,,,,,,,,,23,hitl
203,2026-02-16 08:45,wholesaler_1,wholesaler,1,,,,,,37.29,3.8438,,,,,,,23,hitl
203,2026-02-16 08:45,retail_1,retail,1,,,,,,,,0.0,33.0,1.0,41.25,14.48,75.0,23,hitl
204,2026-02-16 09:00,supplier_1,supplier,1,139.1,,,,,,,,,,,,,23,hitl
204,2026-02-16 09:00,farm_1,farm,1,,396.0,0.143,,,,,,,,,,,23,hitl
204,2026-02-16 09:00,slaughterhouse_1,slaughterhouse,0,,,,400.0,400.0,,,,,,,,,23,hitl
204,2026-02-16 09:00,wholesaler_1,wholesaler,1,,,,,,25.14,3.8438,,,,,,,23,hitl
204,2026-02-16 09:00,retail_1,retail,1,,,,,,,,0.0,33.0,1.0,41.5,14.48,75.0,23,hitl
205,2026-02-16 09:15,supplier_1,supplier,1,137.95,,,,,,,,,,,,,23,hitl
205,2026-02-16 09:15,farm_1,farm,1,,396.0,0.143,,,,,,,,,,,23,hitl
205,2026-02-16 09:15,slaughterhouse_1,slaughterhouse,0,,,,400.0,400.0,,,,,,,,,23,hitl
205,2026-02-16 09:15,wholesaler_1,wholesaler,1,,,,,,23.42,3.8438,,,,,,,23,hitl
205,2026-02-16 09:15,retail_1,retail,1,,,,,,,,9.6,33.0,1.0,41.75,14.48,75.0,23,hitl
206,2026-02-16 09:30,supplier_1,supplier,1,136.47,,,,,,,,,,,,,23,hitl
206,2026-02-16 09:30,farm_1,farm,1,,396.0,0.143,,,,,,,,,,,23,hitl
206,2026-02-16 09:30,slaughterhouse_1,slaughterhouse,0,,,,400.0,400.0,,,,,,,,,23,hitl
206,2026-02-16 09:30,wholesaler_1,wholesaler,1,,,,,,20.89,3.8438,,,,,,,23,hitl
206,2026-02-16 09:30,retail_1,retail,1,,,,,,,,5.76,33.0,0.0,42.0,14.48,75.0,23,hitl
207,2026-02-16 09:45,supplier_1,supplier,1,135.19,,,,,,,,,,,,,23,hitl
207,2026-02-16 09:45,farm_1,farm,1,,396.0,0.143,,,,,,,,,,,23,hitl
207,2026-02-16 09:45,slaughterhouse_1,slaughterhouse,0,,,,400.0,400.0,,,,,,,,,23,hitl
207,2026-02-16 09:45,wholesaler_1,wholesaler,1,,,,,,18.58,3.8438,,,,,,,23,hitl
207,2026-02-16 09:45,retail_1,retail,1,,,,,,,,2.12,33.0,0.0,42.25,14.48,75.0,23,hitl
208,2026-02-16 10:00,supplier_1,supplier,0,679.19,,,,,,,,,,,,,23,hitl
208,2026-02-16 10:00,farm_1,farm,1,,396.0,0.143,,,,,,,,,,,23,hitl
208,2026-02-16 10:00,slaughterhouse_1,slaughterhouse,0,,,,400.0,376.0,,,,,,,,,23,hitl
208,2026-02-16 10:00,wholesaler_1,wholesaler,1,,,,,,16.34,3.8438,,,,,,,23,hitl
208,2026-02-16 10:00,retail_1,retail,1,,,,,,,,0.0,33.0,1.0,42.5,14.48,75.0,23,hitl
209,2026-02-16 10:15,supplier_1,supplier,0,678.61,,,,,,,,,,,,,23,hitl
209,2026-02-16 10:15,farm_1,farm,1,,396.0,0.143,,,,,,,,,,,23,hitl
209,2026-02-16 10:15,slaughterhouse_1,slaughterhouse,0,,,,400.0,386.36,,,,,,,,,23,hitl
209,2026-02-16 10:15,wholesaler_1,wholesaler,1,,,,,,37.39,3.8438,,,,,,,23,hitl
209,2026-02-16 10:15,retail_1,retail,1,,,,,,,,0.0,33.0,1.0,42.75,14.48,75.0,23,hitl
210,2026-02-16 10:30,supplier_1,supplier,0,677.62,,,,,,,,,,,,,23,hitl
210,2026-02-16 10:30,farm_1,farm,1,,396.0,0.143,,,,,,,,,,,23,hitl
210,2026-02-16 10:30,slaughterhouse_1,slaughterhouse,0,,,,400.0,397.1,,,,,,,,,23,hitl
210,2026-02-16 10:30,wholesaler_1,wholesaler,1,,,,,,34.79,3.8438,,,,,,,23,hitl
210,2026-02-16 10:30,retail_1,retail,1,,,,,,,,0.0,33.0,1.0,43.0,14.48,75.0,23,hitl
211,2026-02-16 10:45,supplier_1,supplier,0,676.9,,,,,,,,,,,,,23,hitl
211,2026-02-16 10:45,farm_1,farm,1,,396.0,0.143,,,,,,,,,,,23,hitl
211,2026-02-16 10:45,slaughterhouse_1,slaughterhouse,0,,,,400.0,400.0,,,,,,,,,23,hitl
211,2026-02-16 10:45,wholesaler_1,wholesaler,1,,,,,,33.27,3.8438,,,,,,,23,hitl
211,2026-02-16 10:45,retail_1,retail,1,,,,,,,,0.0,33.0,1.0,43.25,14.48,75.0,23,hitl
212,2026-02-16 11:00,supplier_1,supplier,0,675.53,,,,,,,,,,,,,23,hitl
212,2026-02-16 11:00,farm_1,farm,1,,396.0,0.143,,,,,,,,,,,23,hitl
212,2026-02-16 11:00,slaughterhouse_1,slaughterhouse,0,,,,400.0,400.0,,,,,,,,,23,hitl
212,2026-02-16 11:00,wholesaler_1,wholesaler,1,,,,,,30.42,3.8438,,,,,,,23,hitl
212,2026-02-16 11:00,retail_1,retail,1,,,,,,,,0.0,33.0,1.0,43.5,14.48,75.0,23,hitl
213,2026-02-16 11:15,supplier_1,supplier,0,674.75,,,,,,,,,,,,,23,hitl
213,2026-02-16 11:15,farm_1,farm,1,,396.0,0.143,,,,,,,,,,,23,hitl
213,2026-02-16 11:15,slaughterhouse_1,slaughterhouse,0,,,,400.0,400.0,,,,,,,,,23,hitl
213,2026-02-16 11:15,wholesaler_1,wholesaler,1,,,,,,28.06,3.8438,,,,,,,23,hitl
213,2026-02-16 11:15,retail_1,retail,1,,,,,,,,0.0,33.0,1.0,43.75,14.48,75.0,23,hitl
214,2026-02-16 11:30,supplier_1,supplier,0,674.16,,,,,,,,,,,,,23,hitl
214,2026-02-16 11:30,farm_1,farm,1,,396.0,0.143,,,,,,,,,,,23,hitl
214,2026-02-16 11:30,slaughterhouse_1,slaughterhouse,0,,,,400.0,400.0,,,,,,,,,23,hitl
214,2026-02-16 11:30,wholesaler_1,wholesaler,1,,,,,,26.45,3.8438,,,,,,,23,hitl
214,2026-02-16 11:30,retail_1,retail,1,,,,,,,,0.0,33.0,1.0,44.0,14.48,75.0,23,hitl
215,2026-02-16 11:45,supplier_1,supplier,0,672.76,,,,,,,,,,,,,23,hitl
215,2026-02-16 11:45,farm_1,farm,1,,396.0,0.143,,,,,,,,,,,23,hitl
215,2026-02-16 11:45,slaughterhouse_1,slaughterhouse,0,,,,400.0,400.0,,,,,,,,,23,hitl
215,2026-02-16 11:45,wholesaler_1,wholesaler,1,,,,,,23.56,3.8438,,,,,,,23,hitl
215,2026-02-16 11:45,retail_1,retail,1,,,,,,,,0.0,33.0,1.0,44.25,14.48,75.0,23,hitl
216,2026-02-16 12:00,supplier_1,supplier,0,671.38,,,,,,,,,,,,,23,hitl
216,2026-02-16 12:00,farm_1,farm,1,,396.0,0.143,,,,,,,,,,,23,hitl
216,2026-02-16 12:00,slaughterhouse_1,slaughterhouse,0,,,,400.0,376.0,,,,,,,,,23,hitl
216,2026-02-16 12:00,wholesaler_1,wholesaler,1,,,,,,21.16,3.8438,,,,,,,23,hitl
216,2026-02-16 12:00,retail_1,retail,1,,,,,,,,0.0,33.0,1.0,44.5,14.48,75.0,23,hitl
217,2026-02-16 12:15,supplier_1,supplier,0,670.74,,,,,,,,,,,,,23,hitl
217,2026-02-16 12:15,farm_1,farm,1,,396.0,0.143,,,,,,,,,,,23,hitl
217,2026-02-16 12:15,slaughterhouse_1,slaughterhouse,0,,,,400.0,387.43,,,,,,,,,23,hitl
217,2026-02-16 12:15,wholesaler_1,wholesaler,1,,,,,,43.11,3.8438,,,,,,,23,hitl
217,2026-02-16 12:15,retail_1,retail,1,,,,,,,,0.0,33.0,1.0,44.75,14.48,75.0,23,hitl
218,2026-02-16 12:30,supplier_1,supplier,0,669.26,,,,,,,,,,,,,23,hitl
218,2026-02-16 12:30,farm_1,farm,1,,396.0,0.143,,,,,,,,,,,23,hitl
218,2026-02-16 12:30,slaughterhouse_1,slaughterhouse,0,,,,400.0,397.72,,,,,,,,,23,hitl
218,2026-02-16 12:30,wholesaler_1,wholesaler,1,,,,,,41.44,3.8438,,,,,,,23,hitl
218,2026-02-16 12:30,retail_1,retail,1,,,,,,,,0.0,33.0,1.0,45.0,14.48,75.0,23,hitl
219,2026-02-16 12:45,supplier_1,supplier,0,668.68,,,,,,,,,,,,,23,hitl
219,2026-02-16 12:45,farm_1,farm,1,,396.0,0.143,,,,,,,,,,,23,hitl
219,2026-02-16 12:45,slaughterhouse_1,slaughterhouse,0,,,,400.0,400.0,,,,,,,,,23,hitl
219,2026-02-16 12:45,wholesaler_1,wholesaler,1,,,,,,38.82,3.8438,,,,,,,23,hitl
219,2026-02-16 12:45,retail_1,retail,1,,,,,,,,0.0,33.0,1.0,45.25,14.48,75.0,23,hitl
220,2026-02-16 13:00,supplier_1,supplier,0,667.72,,,,,,,,,,,,,23,hitl
220,2026-02-16 13:00,farm_1,farm,1,,396.0,0.143,,,,,,,,,,,23,hitl
220,2026-02-16 13:00,slaughterhouse_1,slaughterhouse,0,,,,400.0,400.0,,,,,,,,,23,hitl
220,2026-02-16 13:00,wholesaler_1,wholesaler,1,,,,,,26.51,3.8438,,,,,,,23,hitl
220,2026-02-16 13:00,retail_1,retail,1,,,,,,,,0.0,33.0,1.0,45.5,14.48,75.0,23,hitl
221,2026-02-16 13:15,supplier_1,supplier,0,667.13,,,,,,,,,,,,,23,hitl
221,2026-02-16 13:15,farm_1,farm,1,,396.0,0.143,,,,,,,,,,,23,hitl
221,2026-02-16 13:15,slaughterhouse_1,slaughterhouse,0,,,,400.0,400.0,,,,,,,,,23,hitl
221,2026-02-16 13:15,wholesaler_1,wholesaler,1,,,,,,24.04,3.8438,,,,,,,23,hitl
221,2026-02-16 13:15,retail_1,retail,1,,,,,,,,9.6,33.0,1.0,45.75,14.48,75.0,23,hitl
222,2026-02-16 13:30,supplier_1,supplier,0,666.07,,,,,,,,,,,,,23,hitl
222,2026-02-16 13:30,farm_1,farm,1,,396.0,0.143,,,,,,,,,,,23,hitl
222,2026-02-16 13:30,slaughterhouse_1,slaughterhouse,0,,,,400.0,400.0,,,,,,,,,23,hitl
222,2026-02-16 13:30,wholesaler_1,wholesaler,1,,,,,,21.61,3.8438,,,,,,,23,hitl
222,2026-02-16 13:30,retail_1,retail,1,,,,,,,,5.91,33.0,0.0,46.0,14.48,75.0,23,hitl
223,2026-02-16 13:45,supplier_1,supplier,0,664.87,,,,,,,,,,,,,23,hitl
223,2026-02-16 13:45,farm_1,farm,1,,396.0,0.143,,,,,,,,,,,23,hitl
223,2026-02-16 13:45,slaughterhouse_1,slaughterhouse,0,,,,400.0,400.0,,,,,,,,,23,hitl
223,2026-02-16 13:45,wholesaler_1,wholesaler,1,,,,,,20.06,3.8438,,,,,,,23,hitl
223,2026-02-16 13:45,retail_1,retail,1,,,,,,,,2.62,33.0,0.0,46.25,14.48,75.0,23,hitl
224,2026-02-16 14:00,supplier_1,supplier,0,663.42,,,,,,,,,,,,,23,hitl
224,2026-02-16 14:00,farm_1,farm,1,,396.0,0.143,,,,,,,,,,,23,hitl
224,2026-02-16 14:00,slaughterhouse_1,slaughterhouse,0,,,,400.0,376.0,,,,,,,,,23,hitl
224,2026-02-16 14:00,wholesaler_1,wholesaler,1,,,,,,17.4,3.8438,,,,,,,23,hitl
224,2026-02-16 14:00,retail_1,retail,1,,,,,,,,0.0,33.0,1.0,46.5,14.48,75.0,23,hitl
225,2026-02-16 14:15,supplier_1,supplier,0,662.15,,,,,,,,,,,,,23,hitl
225,2026-02-16 14:15,farm_1,farm,1,,396.0,0.143,,,,,,,,,,,23,hitl
225,2026-02-16 14:15,slaughterhouse_1,slaughterhouse,0,,,,400.0,387.58,,,,,,,,,23,hitl
225,2026-02-16 14:15,wholesaler_1,wholesaler,1,,,,,,38.7,3.8438,,,,,,,23,hitl
225,2026-02-16 14:15,retail_1,retail,1,,,,,,,,0.0,33.0,1.0,46.75,14.48,75.0,23,hitl
226,2026-02-16 14:30,supplier_1,supplier,0,661.45,,,,,,,,,,,,,23,hitl
226,2026-02-16 14:30,farm_1,farm,1,,396.0,0.143,,,,,,,,,,,23,hitl
226,2026-02-16 14:30,slaughterhouse_1,slaughterhouse,0,,,,400.0,398.87,,,,,,,,,23,hitl
226,2026-02-16 14:30,wholesaler_1,wholesaler,1,,,,,,35.75,3.8438,,,,,,,23,hitl
226,2026-02-16 14:30,retail_1,retail,1,,,,,,,,0.0,33.0,1.0,47.0,14.48,75.0,23,hitl
227,2026-02-16 14:45,supplier_1,supplier,0,660.0,,,,,,,,,,,,,23,hitl
227,2026-02-16 14:45,farm_1,farm,1,,396.0,0.143,,,,,,,,,,,23,hitl
227,2026-02-16 14:45,slaughterhouse_1,slaughterhouse,0,,,,400.0,400.0,,,,,,,,,23,hitl
227,2026-02-16 14:45,wholesaler_1,wholesaler,1,,,,,,33.92,3.8438,,,,,,,23,hitl
227,2026-02-16 14:45,retail_1,retail,1,,,,,,,,0.0,33.0,1.0,47.25,14.48,75.0,23,hitl
228,2026-02-16 15:00,supplier_1,supplier,0,658.99,,,,,,,,,,,,,23,hitl
228,2026-02-16 15:00,farm_1,farm,1,,396.0,0.143,,,,,,,,,,,23,hitl
228,2026-02-16 15:00,slaughterhouse_1,slaughterhouse,0,,,,400.0,400.0,,,,,,,,,23,hitl
228,2026-02-16 15:00,wholesaler_1,wholesaler,1,,,,,,31.25,3.8438,,,,,,,23,hitl
228,2026-02-16 15:00,retail_1,retail,1,,,,,,,,0.0,33.0,1.0,47.5,14.48,75.0,23,hitl
229,2026-02-16 15:15,supplier_1,supplier,0,658.03,,,,,,,,,,,,,23,hitl
229,2026-02-16 15:15,farm_1,farm,1,,396.0,0.143,,,,,,,,,,,23,hitl
229,2026-02-16 15:15,slaughterhouse_1,slaughterhouse,0,,,,400.0,400.0,,,,,,,,,23,hitl
229,2026-02-16 15:15,wholesaler_1,wholesaler,1,,,,,,28.31,3.8438,,,,,,,23,hitl
229,2026-02-16 15:15,retail_1,retail,1,,,,,,,,0.0,33.0,1.0,47.75,14.48,75.0,23,hitl
230,2026-02-16 15:30,supplier_1,supplier,0,657.49,,,,,,,,,,,,,23,hitl
230,2026-02-16 15:30,farm_1,farm,1,,396.0,0.143,,,,,,,,,,,23,hitl
230,2026-02-16 15:30,slaughterhouse_1,slaughterhouse,0,,,,400.0,400.0,,,,,,,,,23,hitl
230,2026-02-16 15:30,wholesaler_1,wholesaler,1,,,,,,25.45,3.8438,,,,,,,23,hitl
230,2026-02-16 15:30,retail_1,retail,1,,,,,,,,0.0,33.0,1.0,48.0,14.48,75.0,23,hitl
231,2026-02-16 15:45,supplier_1,supplier,0,656.76,,,,,,,,,,,,,23,hitl
231,2026-02-16 15:45,farm_1,farm,1,,396.0,0.143,,,,,,,,,,,23,hitl
231,2026-02-16 15:45,slaughterhouse_1,slaughterhouse,0,,,,400.0,400.0,,,,,,,,,23,hitl
231,2026-02-16 15:45,wholesaler_1,wholesaler,1,,,,,,22.57,3.8438,,,,,,,23,hitl
231,2026-02-16 15:45,retail_1,retail,1,,,,,,,,0.0,33.0,1.0,48.25,14.48,75.0,23,hitl
232,2026-02-16 16:00,supplier_1,supplier,0,655.49,,,,,,,,,,,,,23,hitl
232,2026-02-16 16:00,farm_1,farm,1,,396.0,0.143,,,,,,,,,,,23,hitl
232,2026-02-16 16:00,slaughterhouse_1,slaughterhouse,0,,,,400.0,376.0,,,,,,,,,23,hitl
232,2026-02-16 16:00,wholesaler_1,wholesaler,1,,,,,,20.95,3.8438,,,,,,,23,hitl
232,2026-02-16 16:00,retail_1,retail,1,,,,,,,,0.0,33.0,1.0,48.5,14.48,75.0,23,hitl
233,2026-02-16 16:15,supplier_1,supplier,0,654.19,,,,,,,,,,,,,23,hitl
233,2026-02-16 16:15,farm_1,farm,1,,396.0,0.143,,,,,,,,,,,23,hitl
233,2026-02-16 16:15,slaughterhouse_1,slaughterhouse,0,,,,400.0,387.14,,,,,,,,,23,hitl
233,2026-02-16 16:15,wholesaler_1,wholesaler,1,,,,,,42.82,3.8438,,,,,,,23,hitl
233,2026-02-16 16:15,retail_1,retail,1,,,,,,,,0.0,33.0,1.0,48.75,14.48,75.0,23,hitl
234,2026-02-16 16:30,supplier_1,supplier,0,653.51,,,,,,,,,,,,,23,hitl
234,2026-02-16 16:30,farm_1,farm,1,,396.0,0.143,,,,,,,,,,,23,hitl
234,2026-02-16 16:30,slaughterhouse_1,slaughterhouse,0,,,,400.0,397.77,,,,,,,,,23,hitl
234,2026-02-16 16:30,wholesaler_1,wholesaler,1,,,,,,41.02,3.8438,,,,,,,23,hitl
234,2026-02-16 16:30,retail_1,retail,1,,,,,,,,0.0,33.0,1.0,49.0,14.48,75.0,23,hitl
235,2026-02-16 16:45,supplier_1,supplier,0,652.53,,,,,,,,,,,,,23,hitl
235,2026-02-16 16:45,farm_1,farm,1,,396.0,0.143,,,,,,,,,,,23,hitl
235,2026-02-16 16:45,slaughterhouse_1,slaughterhouse,0,,,,400.0,400.0,,,,,,,,,23,hitl
235,2026-02-16 16:45,wholesaler_1,wholesaler,1,,,,,,38.19,3.8438,,,,,,,23,hitl
235,2026-02-16 16:45,retail_1,retail,1,,,,,,,,0.0,33.0,1.0,49.25,14.48,75.0,23,hitl
236,2026-02-16 17:00,supplier_1,supplier,0,651.1,,,,,,,,,,,,,23,hitl
236,2026-02-16 17:00,farm_1,farm,1,,396.0,0.143,,,,,,,,,,,23,hitl
236,2026-02-16 17:00,slaughterhouse_1,slaughterhouse,0,,,,400.0,400.0,,,,,,,,,23,hitl
236,2026-02-16 17:00,wholesaler_1,wholesaler,1,,,,,,26.29,3.8438,,,,,,,23,hitl
236,2026-02-16 17:00,retail_1,retail,1,,,,,,,,0.0,33.0,1.0,49.5,14.48,75.0,23,hitl
237,2026-02-16 17:15,supplier_1,supplier,0,650.31,,,,,,,,,,,,,23,hitl
237,2026-02-16 17:15,farm_1,farm,1,,396.0,0.143,,,,,,,,,,,23,hitl
237,2026-02-16 17:15,slaughterhouse_1,slaughterhouse,0,,,,400.0,400.0,,,,,,,,,23,hitl
237,2026-02-16 17:15,wholesaler_1,wholesaler,1,,,,,,24.56,3.8438,,,,,,,23,hitl
237,2026-02-16 17:15,retail_1,retail,1,,,,,,,,9.6,33.0,1.0,49.75,14.48,75.0,23,hitl
238,2026-02-16 17:30,supplier_1,supplier,0,649.67,,,,,,,,,,,,,23,hitl
238,2026-02-16 17:30,farm_1,farm,1,,396.0,0.143,,,,,,,,,,,23,hitl
238,2026-02-16 17:30,slaughterhouse_1,slaughterhouse,0,,,,400.0,400.0,,,,,,,,,23,hitl
238,2026-02-16 17:30,wholesaler_1,wholesaler,1,,,,,,22.65,3.8438,,,,,,,23,hitl
238,2026-02-16 17:30,retail_1,retail,1,,,,,,,,6.21,33.0,0.0,50.0,14.48,75.0,23,hitl
239,2026-02-16 17:45,supplier_1,supplier,0,648.4,,,,,,,,,,,,,23,hitl
239,2026-02-16 17:45,farm_1,farm,1,,396.0,0.143,,,,,,,,,,,23,hitl
239,2026-02-16 17:45,slaughterhouse_1,slaughterhouse,0,,,,400.0,400.0,,,,,,,,,23,hitl
239,2026-02-16 17:45,wholesaler_1,wholesaler,1,,,,,,19.84,3.8438,,,,,,,23,hitl
239,2026-02-16 17:45,retail_1,retail,1,,,,,,,,2.92,33.0,0.0,50.25,14.48,75.0,23,hitl
240,2026-02-16 18:00,supplier_1,supplier,0,647.1,,,,,,,,,,,,,23,hitl
240,2026-02-16 18:00,farm_1,farm,1,,396.0,0.143,,,,,,,,,,,23,hitl
240,2026-02-16 18:00,slaughterhouse_1,slaughterhouse,0,,,,400.0,376.0,,,,,,,,,23,hitl
240,2026-02-16 18:00,wholesaler_1,wholesaler,1,,,,,,17.59,3.8438,,,,,,,23,hitl
240,2026-02-16 18:00,retail_1,retail,1,,,,,,,,0.0,33.0,1.0,50.5,14.48,75.0,23,hitl
241,2026-02-16 18:15,supplier_1,supplier,0,645.67,,,,,,,,,,,,,23,hitl
241,2026-02-16 18:15,farm_1,farm,1,,396.0,0.143,,,,,,,,,,,23,hitl
241,2026-02-16 18:15,slaughterhouse_1,slaughterhouse,0,,,,400.0,386.46,,,,,,,,,23,hitl
241,2026-02-16 18:15,wholesaler_1,wholesaler,1,,,,,,39.79,3.8438,,,,,,,23,hitl
241,2026-02-16 18:15,retail_1,retail,1,,,,,,,,0.0,33.0,1.0,50.75,14.48,75.0,23,hitl
242,2026-02-16 18:30,supplier_1,supplier,0,644.49,,,,,,,,,,,,,23,hitl
242,2026-02-16 18:30,farm_1,farm,1,,396.0,0.143,,,,,,,,,,,23,hitl
242,2026-02-16 18:30,slaughterhouse_1,slaughterhouse,0,,,,400.0,397.1,,,,,,,,,23,hitl
242,2026-02-16 18:30,wholesaler_1,wholesaler,1,,,,,,37.48,3.8438,,,,,,,23,hitl
242,2026-02-16 18:30,retail_1,retail,1,,,,,,,,0.0,33.0,1.0,51.0,14.48,75.0,23,hitl
243,2026-02-16 18:45,supplier_1,supplier,0,643.74,,,,,,,,,,,,,23,hitl
243,2026-02-16 18:45,farm_1,farm,1,,396.0,0.143,,,,,,,,,,,23,hitl
243,2026-02-16 18:45,slaughterhouse_1,slaughterhouse,0,,,,400.0,400.0,,,,,,,,,23,hitl
243,2026-02-16 18:45,wholesaler_1,wholesaler,1,,,,,,35.98,3.8438,,,,,,,23,hitl
243,2026-02-16 18:45,retail_1,retail,1,,,,,,,,0.0,33.0,1.0,51.25,14.48,75.0,23,hitl
244,2026-02-16 19:00,supplier_1,supplier,0,643.08,,,,,,,,,,,,,23,hitl
244,2026-02-16 19:00,farm_1,farm,1,,396.0,0.143,,,,,,,,,,,23,hitl
244,2026-02-16 19:00,slaughterhouse_1,slaughterhouse,0,,,,400.0,400.0,,,,,,,,,23,hitl
244,2026-02-16 19:00,wholesaler_1,wholesaler,1,,,,,,24.51,3.8438,,,,,,,23,hitl
244,2026-02-16 19:00,retail_1,retail,1,,,,,,,,0.0,33.0,1.0,51.5,14.48,75.0,23,hitl
245,2026-02-16 19:15,supplier_1,supplier,0,642.46,,,,,,,,,,,,,23,hitl
245,2026-02-16 19:15,farm_1,farm,1,,396.0,0.143,,,,,,,,,,,23,hitl
245,2026-02-16 19:15,slaughterhouse_1,slaughterhouse,0,,,,400.0,400.0,,,,,,,,,23,hitl
245,2026-02-16 19:15,wholesaler_1,wholesaler,1,,,,,,22.36,3.8438,,,,,,,23,hitl
245,2026-02-16 19:15,retail_1,retail,1,,,,,,,,9.6,33.0,1.0,51.75,14.48,75.0,23,hitl
246,2026-02-16 19:30,supplier_1,supplier,0,641.17,,,,,,,,,,,,,23,hitl
246,2026-02-16 19:30,farm_1,farm,1,,396.0,0.143,,,,,,,,,,,23,hitl
246,2026-02-16 19:30,slaughterhouse_1,slaughterhouse,0,,,,400.0,400.0,,,,,,,,,23,hitl
246,2026-02-16 19:30,wholesaler_1,wholesaler,1,,,,,,19.65,3.8438,,,,,,,23,hitl
246,2026-02-16 19:30,retail_1,retail,1,,,,,,,,6.28,33.0,0.0,52.0,14.48,75.0,23,hitl
247,2026-02-16 19:45,supplier_1,supplier,0,640.04,,,,,,,,,,,,,23,hitl
247,2026-02-16 19:45,farm_1,farm,1,,396.0,0.143,,,,,,,,,,,23,hitl
247,2026-02-16 19:45,slaughterhouse_1,slaughterhouse,0,,,,400.0,400.0,,,,,,,,,23,hitl
247,2026-02-16 19:45,wholesaler_1,wholesaler,1,,,,,,17.28,3.8438,,,,,,,23,hitl
247,2026-02-16 19:45,retail_1,retail,1,,,,,,,,2.45,33.0,0.0,52.25,14.48,75.0,23,hitl
248,2026-02-16 20:00,supplier_1,supplier,0,638.65,,,,,,,,,,,,,23,hitl
248,2026-02-16 20:00,farm_1,farm,1,,396.0,0.143,,,,,,,,,,,23,hitl
248,2026-02-16 20:00,slaughterhouse_1,slaughterhouse,0,,,,400.0,376.0,,,,,,,,,23,hitl
248,2026-02-16 20:00,wholesaler_1,wholesaler,1,,,,,,15.67,3.8438,,,,,,,23,hitl
248,2026-02-16 20:00,retail_1,retail,1,,,,,,,,0.0,33.0,1.0,52.5,14.48,75.0,23,hitl
249,2026-02-16 20:15,supplier_1,supplier,0,637.22,,,,,,,,,,,,,23,hitl
249,2026-02-16 20:15,farm_1,farm,1,,396.0,0.143,,,,,,,,,,,23,hitl
249,2026-02-16 20:15,slaughterhouse_1,slaughterhouse,0,,,,400.0,386.84,,,,,,,,,23,hitl
249,2026-02-16 20:15,wholesaler_1,wholesaler,1,,,,,,37.52,3.8438,,,,,,,23,hitl
249,2026-02-16 20:15,retail_1,retail,1,,,,,,,,0.0,33.0,1.0,52.75,14.48,75.0,23,hitl
250,2026-02-16 20:30,supplier_1,supplier,0,636.4,,,,,,,,,,,,,23,hitl
250,2026-02-16 20:30,farm_1,farm,1,,396.0,0.143,,,,,,,,,,,23,hitl
250,2026-02-16 20:30,slaughterhouse_1,slaughterhouse,0,,,,400.0,398.64,,,,,,,,,23,hitl
250,2026-02-16 20:30,wholesaler_1,wholesaler,1,,,,,,34.57,3.8438,,,,,,,23,hitl
250,2026-02-16 20:30,retail_1,retail,1,,,,,,,,0.0,33.0,1.0,53.0,14.48,75.0,23,hitl
251,2026-02-16 20:45,supplier_1,supplier,0,635.88,,,,,,,,,,,,,23,hitl
251,2026-02-16 20:45,farm_1,farm,1,,396.0,0.143,,,,,,,,,,,23,hitl
251,2026-02-16 20:45,slaughterhouse_1,slaughterhouse,0,,,,400.0,400.0,,,,,,,,,23,hitl
251,2026-02-16 20:45,wholesaler_1,wholesaler,1,,,,,,32.77,3.8438,,,,,,,23,hitl
251,2026-02-16 20:45,retail_1,retail,1,,,,,,,,0.0,33.0,1.0,53.25,14.48,75.0,23,hitl
252,2026-02-16 21:00,supplier_1,supplier,0,634.52,,,,,,,,,,,,,23,hitl
252,2026-02-16 21:00,farm_1,farm,1,,396.0,0.143,,,,,,,,,,,23,hitl
252,2026-02-16 21:00,slaughterhouse_1,slaughterhouse,0,,,,400.0,400.0,,,,,,,,,23,hitl
252,2026-02-16 21:00,wholesaler_1,wholesaler,1,,,,,,30.09,3.8438,,,,,,,23,hitl
252,2026-02-16 21:00,retail_1,retail,1,,,,,,,,0.0,33.0,1.0,53.5,14.48,75.0,23,hitl
253,2026-02-16 21:15,supplier_1,supplier,0,633.63,,,,,,,,,,,,,23,hitl
253,2026-02-16 21:15,farm_1,farm,1,,396.0,0.143,,,,,,,,,,,23,hitl
253,2026-02-16 21:15,slaughterhouse_1,slaughterhouse,0,,,,400.0,400.0,,,,,,,,,23,hitl
253,2026-02-16 21:15,wholesaler_1,wholesaler,1,,,,,,28.07,3.8438,,,,,,,23,hitl
253,2026-02-16 21:15,retail_1,retail,1,,,,,,,,0.0,33.0,1.0,53.75,14.48,75.0,23,hitl
254,2026-02-16 21:30,supplier_1,supplier,0,632.34,,,,,,,,,,,,,23,hitl
254,2026-02-16 21:30,farm_1,farm,1,,396.0,0.143,,,,,,,,,,,23,hitl
254,2026-02-16 21:30,slaughterhouse_1,slaughterhouse,0,,,,400.0,400.0,,,,,,,,,23,hitl
254,2026-02-16 21:30,wholesaler_1,wholesaler,1,,,,,,25.19,3.8438,,,,,,,23,hitl
254,2026-02-16 21:30,retail_1,retail,1,,,,,,,,0.0,33.0,1.0,54.0,14.48,75.0,23,hitl
255,2026-02-16 21:45,supplier_1,supplier,0,631.69,,,,,,,,,,,,,23,hitl
255,2026-02-16 21:45,farm_1,farm,1,,396.0,0.143,,,,,,,,,,,23,hitl
255,2026-02-16 21:45,slaughterhouse_1,slaughterhouse,0,,,,400.0,400.0,,,,,,,,,23,hitl
255,2026-02-16 21:45,wholesaler_1,wholesaler,1,,,,,,22.22,3.8438,,,,,,,23,hitl
255,2026-02-16 21:45,retail_1,retail,1,,,,,,,,0.0,33.0,1.0,54.25,14.48,75.0,23,hitl
256,2026-02-16 22:00,supplier_1,supplier,0,630.7,,,,,,,,,,,,,23,hitl
256,2026-02-16 22:00,farm_1,farm,1,,396.0,0.143,,,,,,,,,,,23,hitl
256,2026-02-16 22:00,slaughterhouse_1,slaughterhouse,0,,,,400.0,376.0,,,,,,,,,23,hitl
256,2026-02-16 22:00,wholesaler_1,wholesaler,1,,,,,,20.7,3.8438,,,,,,,23,hitl
256,2026-02-16 22:00,retail_1,retail,1,,,,,,,,0.0,33.0,1.0,54.5,14.48,75.0,23,hitl
257,2026-02-16 22:15,supplier_1,supplier,0,629.3,,,,,,,,,,,,,23,hitl
257,2026-02-16 22:15,farm_1,farm,1,,396.0,0.143,,,,,,,,,,,23,hitl
257,2026-02-16 22:15,slaughterhouse_1,slaughterhouse,0,,,,400.0,386.61,,,,,,,,,23,hitl
257,2026-02-16 22:15,wholesaler_1,wholesaler,1,,,,,,42.24,3.8438,,,,,,,23,hitl
257,2026-02-16 22:15,retail_1,retail,1,,,,,,,,0.0,33.0,1.0,54.75,14.48,75.0,23,hitl
258,2026-02-16 22:30,supplier_1,supplier,0,627.86,,,,,,,,,,,,,23,hitl
258,2026-02-16 22:30,farm_1,farm,1,,396.0,0.143,,,,,,,,,,,23,hitl
258,2026-02-16 22:30,slaughterhouse_1,slaughterhouse,0,,,,400.0,398.36,,,,,,,,,23,hitl
258,2026-02-16 22:30,wholesaler_1,wholesaler,1,,,,,,40.36,3.8438,,,,,,,23,hitl
258,2026-02-16 22:30,retail_1,retail,1,,,,,,,,0.0,33.0,1.0,55.0,14.48,75.0,23,hitl
259,2026-02-16 22:45,supplier_1,supplier,0,626.49,,,,,,,,,,,,,23,hitl
259,2026-02-16 22:45,farm_1,farm,1,,396.0,0.143,,,,,,,,,,,23,hitl
259,2026-02-16 22:45,slaughterhouse_1,slaughterhouse,0,,,,400.0,400.0,,,,,,,,,23,hitl
259,2026-02-16 22:45,wholesaler_1,wholesaler,1,,,,,,37.47,3.8438,,,,,,,23,hitl
259,2026-02-16 22:45,retail_1,retail,1,,,,,,,,0.0,33.0,1.0,55.25,14.48,75.0,23,hitl
260,2026-02-16 23:00,supplier_1,supplier,0,625.1,,,,,,,,,,,,,23,hitl
260,2026-02-16 23:00,farm_1,farm,1,,396.0,0.143,,,,,,,,,,,23,hitl
260,2026-02-16 23:00,slaughterhouse_1,slaughterhouse,0,,,,400.0,400.0,,,,,,,,,23,hitl
260,2026-02-16 23:00,wholesaler_1,wholesaler,1,,,,,,26.03,3.8438,,,,,,,23,hitl
260,2026-02-16 23:00,retail_1,retail,1,,,,,,,,0.0,33.0,1.0,55.5,14.48,75.0,23,hitl
261,2026-02-16 23:15,supplier_1,supplier,0,624.42,,,,,,,,,,,,,23,hitl
261,2026-02-16 23:15,farm_1,farm,1,,396.0,0.143,,,,,,,,,,,23,hitl
261,2026-02-16 23:15,slaughterhouse_1,slaughterhouse,0,,,,400.0,400.0,,,,,,,,,23,hitl
261,2026-02-16 23:15,wholesaler_1,wholesaler,1,,,,,,24.5,3.8438,,,,,,,23,hitl
261,2026-02-16 23:15,retail_1,retail,1,,,,,,,,9.6,33.0,1.0,55.75,14.48,75.0,23,hitl
262,2026-02-16 23:30,supplier_1,supplier,0,623.82,,,,,,,,,,,,,23,hitl
262,2026-02-16 23:30,farm_1,farm,1,,396.0,0.143,,,,,,,,,,,23,hitl
262,2026-02-16 23:30,slaughterhouse_1,slaughterhouse,0,,,,400.0,400.0,,,,,,,,,23,hitl
262,2026-02-16 23:30,wholesaler_1,wholesaler,1,,,,,,21.98,3.8438,,,,,,,23,hitl
262,2026-02-16 23:30,retail_1,retail,1,,,,,,,,6.38,33.0,0.0,56.0,14.48,75.0,23,hitl
263,2026-02-16 23:45,supplier_1,supplier,0,622.44,,,,,,,,,,,,,23,hitl
263,2026-02-16 23:45,farm_1,farm,1,,396.0,0.143,,,,,,,,,,,23,hitl
263,2026-02-16 23:45,slaughterhouse_1,slaughterhouse,0,,,,400.0,400.0,,,,,,,,,23,hitl
263,2026-02-16 23:45,wholesaler_1,wholesaler,1,,,,,,18.98,3.8438,,,,,,,23,hitl
263,2026-02-16 23:45,retail_1,retail,1,,,,,,,,2.43,33.0,0.0,56.25,14.48,75.0,23,hitl
264,2026-02-17 00:00,supplier_1,supplier,0,621.7,,,,,,,,,,,,,23,hitl
264,2026-02-17 00:00,farm_1,farm,1,,396.0,0.143,,,,,,,,,,,23,hitl
264,2026-02-17 00:00,slaughterhouse_1,slaughterhouse,0,,,,400.0,376.0,,,,,,,,,23,hitl
264,2026-02-17 00:00,wholesaler_1,wholesaler,1,,,,,,17.27,3.8438,,,,,,,23,hitl
264,2026-02-17 00:00,retail_1,retail,1,,,,,,,,0.0,33.0,1.0,56.5,14.48,75.0,23,hitl
265,2026-02-17 00:15,supplier_1,supplier,0,620.92,,,,,,,,,,,,,23,hitl
265,2026-02-17 00:15,farm_1,farm,1,,396.0,0.143,,,,,,,,,,,23,hitl
265,2026-02-17 00:15,slaughterhouse_1,slaughterhouse,0,,,,400.0,386.52,,,,,,,,,23,hitl
265,2026-02-17 00:15,wholesaler_1,wholesaler,1,,,,,,38.99,3.8438,,,,,,,23,hitl
265,2026-02-17 00:15,retail_1,retail,1,,,,,,,,0.0,33.0,1.0,56.75,14.48,75.0,23,hitl
266,2026-02-17 00:30,supplier_1,supplier,0,620.17,,,,,,,,,,,,,23,hitl
266,2026-02-17 00:30,farm_1,farm,1,,396.0,0.143,,,,,,,,,,,23,hitl
266,2026-02-17 00:30,slaughterhouse_1,slaughterhouse,0,,,,400.0,396.76,,,,,,,,,23,hitl
266,2026-02-17 00:30,wholesaler_1,wholesaler,1,,,,,,36.84,3.8438,,,,,,,23,hitl
266,2026-02-17 00:30,retail_1,retail,1,,,,,,,,0.0,33.0,1.0,57.0,14.48,75.0,23,hitl
267,2026-02-17 00:45,supplier_1,supplier,0,619.02,,,,,,,,,,,,,23,hitl
267,2026-02-17 00:45,farm_1,farm,1,,396.0,0.143,,,,,,,,,,,23,hitl
267,2026-02-17 00:45,slaughterhouse_1,slaughterhouse,0,,,,400.0,400.0,,,,,,,,,23,hitl
267,2026-02-17 00:45,wholesaler_1,wholesaler,1,,,,,,34.04,3.8438,,,,,,,23,hitl
267,2026-02-17 00:45,retail_1,retail,1,,,,,,,,0.0,33.0,1.0,57.25,14.48,75.0,23,hitl
268,2026-02-17 01:00,supplier_1,supplier,0,617.98,,,,,,,,,,,,,23,hitl
268,2026-02-17 01:00,farm_1,farm,1,,396.0,0.143,,,,,,,,,,,23,hitl
268,2026-02-17 01:00,slaughterhouse_1,slaughterhouse,0,,,,400.0,400.0,,,,,,,,,23,hitl
268,2026-02-17 01:00,wholesaler_1,wholesaler,1,,,,,,31.16,3.8438,,,,,,,23,hitl
268,2026-02-17 01:00,retail_1,retail,1,,,,,,,,0.0,33.0,1.0,57.5,14.48,75.0,23,hitl
269,2026-02-17 01:15,supplier_1,supplier,0,617.31,,,,,,,,,,,,,23,hitl
269,2026-02-17 01:15,farm_1,farm,1,,396.0,0.143,,,,,,,,,,,23,hitl
269,2026-02-17 01:15,slaughterhouse_1,slaughterhouse,0,,,,400.0,400.0,,,,,,,,,23,hitl
269,2026-02-17 01:15,wholesaler_1,wholesaler,1,,,,,,28.74,3.8438,,,,,,,23,hitl
269,2026-02-17 01:15,retail_1,retail,1,,,,,,,,0.0,33.0,1.0,57.75,14.48,75.0,23,hitl
270,2026-02-17 01:30,supplier_1,supplier,0,616.08,,,,,,,,,,,,,23,hitl
270,2026-02-17 01:30,farm_1,farm,1,,396.0,0.143,,,,,,,,,,,23,hitl
270,2026-02-17 01:30,slaughterhouse_1,slaughterhouse,0,,,,400.0,400.0,,,,,,,,,23,hitl
270,2026-02-17 01:30,wholesaler_1,wholesaler,1,,,,,,25.76,3.8438,,,,,,,23,hitl
270,2026-02-17 01:30,retail_1,retail,1,,,,,,,,0.0,33.0,1.0,58.0,14.48,75.0,23,hitl
271,2026-02-17 01:45,supplier_1,supplier,0,615.21,,,,,,,,,,,,,23,hitl
271,2026-02-17 01:45,farm_1,farm,1,,396.0,0.143,,,,,,,,,,,23,hitl
271,2026-02-17 01:45,slaughterhouse_1,slaughterhouse,0,,,,400.0,400.0,,,,,,,,,23,hitl
271,2026-02-17 01:45,wholesaler_1,wholesaler,1,,,,,,23.32,3.8438,,,,,,,23,hitl
271,2026-02-17 01:45,retail_1,retail,1,,,,,,,,0.0,33.0,1.0,58.25,14.48,75.0,23,hitl
272,2026-02-17 02:00,supplier_1,supplier,0,614.12,,,,,,,,,,,,,23,hitl
272,2026-02-17 02:00,farm_1,farm,1,,396.0,0.143,,,,,,,,,,,23,hitl
272,2026-02-17 02:00,slaughterhouse_1,slaughterhouse,0,,,,400.0,376.0,,,,,,,,,23,hitl
272,2026-02-17 02:00,wholesaler_1,wholesaler,1,,,,,,20.38,3.8438,,,,,,,23,hitl
272,2026-02-17 02:00,retail_1,retail,1,,,,,,,,0.0,33.0,1.0,58.5,14.48,75.0,23,hitl
273,2026-02-17 02:15,supplier_1,supplier,0,613.1,,,,,,,,,,,,,23,hitl
273,2026-02-17 02:15,farm_1,farm,0,,620.0,0.035,,,,,,,,,,,23,hitl
273,2026-02-17 02:15,slaughterhouse_1,slaughterhouse,0,,,,400.0,387.83,,,,,,,,,23,hitl
273,2026-02-17 02:15,wholesaler_1,wholesaler,1,,,,,,41.89,3.8438,,,,,,,23,hitl
273,2026-02-17 02:15,retail_1,retail,1,,,,,,,,0.0,33.0,1.0,58.75,14.48,75.0,23,hitl
274,2026-02-17 02:30,supplier_1,supplier,0,611.9,,,,,,,,,,,,,23,hitl
274,2026-02-17 02:30,farm_1,farm,0,,620.0,0.035,,,,,,,,,,,23,hitl
274,2026-02-17 02:30,slaughterhouse_1,slaughterhouse,0,,,,400.0,398.89,,,,,,,,,23,hitl
274,2026-02-17 02:30,wholesaler_1,wholesaler,1,,,,,,40.24,3.8438,,,,,,,23,hitl
274,2026-02-17 02:30,retail_1,retail,1,,,,,,,,0.0,33.0,1.0,59.0,14.48,75.0,23,hitl
275,2026-02-17 02:45,supplier_1,supplier,0,610.5,,,,,,,,,,,,,23,hitl
275,2026-02-17 02:45,farm_1,farm,0,,620.0,0.035,,,,,,,,,,,23,hitl
275,2026-02-17 02:45,slaughterhouse_1,slaughterhouse,0,,,,400.0,400.0,,,,,,,,,23,hitl
275,2026-02-17 02:45,wholesaler_1,wholesaler,1,,,,,,37.87,3.8438,,,,,,,23,hitl
275,2026-02-17 02:45,retail_1,retail,1,,,,,,,,0.0,33.0,1.0,59.25,14.48,75.0,23,hitl
276,2026-02-17 03:00,supplier_1,supplier,0,609.22,,,,,,,,,,,,,23,hitl
276,2026-02-17 03:00,farm_1,farm,0,,620.0,0.035,,,,,,,,,,,23,hitl
276,2026-02-17 03:00,slaughterhouse_1,slaughterhouse,0,,,,400.0,400.0,,,,,,,,,23,hitl
276,2026-02-17 03:00,wholesaler_1,wholesaler,1,,,,,,23.38,3.8438,,,,,,,23,hitl
276,2026-02-17 03:00,retail_1,retail,1,,,,,,,,0.0,33.0,1.0,59.5,14.48,75.0,23,hitl
277,2026-02-17 03:15,supplier_1,supplier,0,608.53,,,,,,,,,,,,,23,hitl
277,2026-02-17 03:15,farm_1,farm,0,,620.0,0.035,,,,,,,,,,,23,hitl
277,2026-02-17 03:15,slaughterhouse_1,slaughterhouse,0,,,,400.0,400.0,,,,,,,,,23,hitl
277,2026-02-17 03:15,wholesaler_1,wholesaler,1,,,,,,20.88,3.8438,,,,,,,23,hitl
277,2026-02-17 03:15,retail_1,retail,1,,,,,,,,12.0,33.0,1.0,59.75,14.48,75.0,23,hitl
278,2026-02-17 03:30,supplier_1,supplier,0,607.55,,,,,,,,,,,,,23,hitl
278,2026-02-17 03:30,farm_1,farm,0,,620.0,0.035,,,,,,,,,,,23,hitl
278,2026-02-17 03:30,slaughterhouse_1,slaughterhouse,0,,,,400.0,400.0,,,,,,,,,23,hitl
278,2026-02-17 03:30,wholesaler_1,wholesaler,1,,,,,,18.64,3.8438,,,,,,,23,hitl
278,2026-02-17 03:30,retail_1,retail,1,,,,,,,,8.35,33.0,0.0,60.0,14.48,75.0,23,hitl
279,2026-02-17 03:45,supplier_1,supplier,0,606.13,,,,,,,,,,,,,23,hitl
279,2026-02-17 03:45,farm_1,farm,0,,620.0,0.035,,,,,,,,,,,23,hitl
279,2026-02-17 03:45,slaughterhouse_1,slaughterhouse,0,,,,400.0,400.0,,,,,,,,,23,hitl
279,2026-02-17 03:45,wholesaler_1,wholesaler,1,,,,,,16.2,3.8438,,,,,,,23,hitl
279,2026-02-17 03:45,retail_1,retail,1,,,,,,,,4.85,33.0,0.0,60.25,14.48,75.0,23,hitl
280,2026-02-17 04:00,supplier_1,supplier,0,604.81,,,,,,,,,,,,,23,hitl
280,2026-02-17 04:00,farm_1,farm,0,,620.0,0.035,,,,,,,,,,,23,hitl
280,2026-02-17 04:00,slaughterhouse_1,slaughterhouse,0,,,,400.0,376.0,,,,,,,,,23,hitl
280,2026-02-17 04:00,wholesaler_1,wholesaler,1,,,,,,14.55,3.8438,,,,,,,23,hitl
280,2026-02-17 04:00,retail_1,retail,1,,,,,,,,1.07,33.0,0.0,60.5,14.48,75.0,23,hitl
281,2026-02-17 04:15,supplier_1,supplier,0,603.42,,,,,,,,,,,,,23,hitl
281,2026-02-17 04:15,farm_1,farm,0,,620.0,0.035,,,,,,,,,,,23,hitl
281,2026-02-17 04:15,slaughterhouse_1,slaughterhouse,0,,,,400.0,387.92,,,,,,,,,23,hitl
281,2026-02-17 04:15,wholesaler_1,wholesaler,1,,,,,,35.83,3.8438,,,,,,,23,hitl
281,2026-02-17 04:15,retail_1,retail,1,,,,,,,,0.0,33.0,1.0,60.75,14.48,75.0,23,hitl
282,2026-02-17 04:30,supplier_1,supplier,0,602.4,,,,,,,,,,,,,23,hitl
282,2026-02-17 04:30,farm_1,farm,0,,620.0,0.035,,,,,,,,,,,23,hitl
282,2026-02-17 04:30,slaughterhouse_1,slaughterhouse,0,,,,400.0,399.03,,,,,,,,,23,hitl
282,2026-02-17 04:30,wholesaler_1,wholesaler,1,,,,,,32.87,3.8438,,,,,,,23,hitl
282,2026-02-17 04:30,retail_1,retail,1,,,,,,,,0.0,33.0,1.0,61.0,14.48,75.0,23,hitl
283,2026-02-17 04:45,supplier_1,supplier,0,601.78,,,,,,,,,,,,,23,hitl
283,2026-02-17 04:45,farm_1,farm,0,,620.0,0.035,,,,,,,,,,,23,hitl
283,2026-02-17 04:45,slaughterhouse_1,slaughterhouse,0,,,,400.0,400.0,,,,,,,,,23,hitl
283,2026-02-17 04:45,wholesaler_1,wholesaler,1,,,,,,30.88,3.8438,,,,,,,23,hitl
283,2026-02-17 04:45,retail_1,retail,1,,,,,,,,0.0,33.0,1.0,61.25,14.48,75.0,23,hitl
284,2026-02-17 05:00,supplier_1,supplier,0,601.02,,,,,,,,,,,,,23,hitl
284,2026-02-17 05:00,farm_1,farm,0,,620.0,0.035,,,,,,,,,,,23,hitl
284,2026-02-17 05:00,slaughterhouse_1,slaughterhouse,0,,,,400.0,400.0,,,,,,,,,23,hitl
284,2026-02-17 05:00,wholesaler_1,wholesaler,1,,,,,,29.32,3.8438,,,,,,,23,hitl
284,2026-02-17 05:00,retail_1,retail,1,,,,,,,,0.0,33.0,1.0,61.5,14.48,75.0,23,hitl
285,2026-02-17 05:15,supplier_1,supplier,0,599.85,,,,,,,,,,,,,23,hitl
285,2026-02-17 05:15,farm_1,farm,0,,620.0,0.035,,,,,,,,,,,23,hitl
285,2026-02-17 05:15,slaughterhouse_1,slaughterhouse,0,,,,400.0,400.0,,,,,,,,,23,hitl
285,2026-02-17 05:15,wholesaler_1,wholesaler,1,,,,,,27.46,3.8438,,,,,,,23,hitl
285,2026-02-17 05:15,retail_1,retail,1,,,,,,,,0.0,33.0,1.0,61.75,14.48,75.0,23,hitl
286,2026-02-17 05:30,supplier_1,supplier,0,599.0,,,,,,,,,,,,,23,hitl
286,2026-02-17 05:30,farm_1,farm,0,,620.0,0.035,,,,,,,,,,,23,hitl
286,2026-02-17 05:30,slaughterhouse_1,slaughterhouse,0,,,,400.0,400.0,,,,,,,,,23,hitl
286,2026-02-17 05:30,wholesaler_1,wholesaler,1,,,,,,25.3,3.8438,,,,,,,23,hitl
286,2026-02-17 05:30,retail_1,retail,1,,,,,,,,0.0,33.0,1.0,62.0,14.48,75.0,23,hitl
287,2026-02-17 05:45,supplier_1,supplier,0,598.31,,,,,,,,,,,,,23,hitl
287,2026-02-17 05:45,farm_1,farm,0,,620.0,0.035,,,,,,,,,,,23,hitl
287,2026-02-17 05:45,slaughterhouse_1,slaughterhouse,0,,,,400.0,400.0,,,,,,,,,23,hitl
287,2026-02-17 05:45,wholesaler_1,wholesaler,1,,,,,,22.42,3.8438,,,,,,,23,hitl
287,2026-02-17 05:45,retail_1,retail,1,,,,,,,,0.0,33.0,1.0,62.25,14.48,75.0,23,hitl
